#START
 1996 01 01 12 00 00  3.55563136e-03 2.15991404e-03 1.18379683e-03 8.35651185e-04 5.90046911e-04 3.38628066e-04 2.38106039e-04 1.95760139e-04 3.94531371e-04 1.16189679e-04 2.72118796e-03 4.01574448e-03 2.06662805e-04 6.01019928e-05 3.98440127e-05 1.08418731e-04 2.96041340e-05 4.94524487e-05 1.07042479e-04 6.63382933e-05 1.19724319e-04 1.45730456e-04 8.92753164e-05 6.56932691e-05 4.62687312e-06 8.64577305e-06 5.87458671e-06 2.26408261e-05 4.78549227e-06 1.53964869e-05 3.92803909e-05 3.53350246e-05 1.19117307e-05 4.18647265e-05 3.38869984e-05 1.34031667e-05 3.89014857e-05 4.53777976e-05 9.11982643e-06 3.57040319e-05 7.94768975e-05 2.29316094e-05 1.92542859e-04 3.54039120e-04 1.41615648e-05 1.16079259e-04 1.12984504e-05 2.66347488e-05 2.28108972e-04 4.07011514e-04 6.91261903e-05 1.56668338e-04 2.25141854e-05 5.98890167e-06 1.18615891e-05 5.33049281e-06 1.67756237e-07 3.84796328e-09 2.64760280e-10
 1996 01 02 12 00 00  3.55930474e-03 2.16204846e-03 1.18517330e-03 8.36733576e-04 5.91036699e-04 3.39106684e-04 2.38565994e-04 1.96259523e-04 3.95841679e-04 1.16480586e-04 2.73171502e-03 4.03698795e-03 2.07142409e-04 6.01767157e-05 3.99094675e-05 1.08792406e-04 2.97169114e-05 4.97552333e-05 1.07229738e-04 6.63806393e-05 1.20368542e-04 1.46553147e-04 8.96108837e-05 6.58169969e-05 4.63503638e-06 8.64120957e-06 5.87806135e-06 2.26760895e-05 4.78648908e-06 1.54197895e-05 3.94227441e-05 3.53823241e-05 1.20042503e-05 4.20065197e-05 3.39450286e-05 1.34199727e-05 3.91826920e-05 4.57861874e-05 9.11603347e-06 3.58720001e-05 8.03343694e-05 2.29678859e-05 1.94093005e-04 3.54571563e-04 1.41828625e-05 1.17535952e-04 1.19419412e-05 2.67053634e-05 2.30601811e-04 4.09484239e-04 6.94983200e-05 1.58321220e-04 2.23019827e-05 5.91180878e-06 1.16838735e-05 5.21381954e-06 1.62632671e-07 3.59190686e-09 2.41829534e-10
 1996 01 03 12 00 00  3.56536741e-03 2.16637641e-03 1.18788469e-03 8.38707425e-04 5.92762334e-04 3.39832548e-04 2.39307598e-04 1.97084361e-04 3.98004208e-04 1.17128374e-04 2.74903457e-03 4.06885520e-03 2.08067073e-04 6.04396429e-05 4.00541478e-05 1.09449486e-04 2.98906962e-05 5.02150506e-05 1.07813420e-04 6.66958338e-05 1.21343291e-04 1.47794501e-04 9.01404125e-05 6.61187499e-05 4.64757104e-06 8.72957826e-06 5.88329676e-06 2.27464461e-05 4.79360642e-06 1.54666892e-05 3.96789939e-05 3.54548858e-05 1.21470970e-05 4.23181170e-05 3.43611580e-05 1.34452333e-05 3.96903475e-05 4.64689927e-05 9.18956430e-06 3.63638314e-05 8.18076563e-05 2.32354141e-05 1.97130500e-04 3.58399008e-04 1.43359603e-05 1.20719584e-04 1.29225882e-05 2.72245205e-05 2.35552605e-04 4.14857588e-04 7.06005444e-05 1.63926299e-04 2.60165559e-05 7.26217245e-06 1.48009512e-05 7.30975439e-06 2.58312814e-07 8.65814478e-09 7.03133018e-10
 1996 01 04 12 00 00  3.56853060e-03 2.16744758e-03 1.18865094e-03 8.39467736e-04 5.93536996e-04 3.40307676e-04 2.39721834e-04 1.97515598e-04 3.99134046e-04 1.17219916e-04 2.75816774e-03 4.09009904e-03 2.08353976e-04 6.03720335e-05 4.00757070e-05 1.09736982e-04 3.00034735e-05 5.05178235e-05 1.07717700e-04 6.65000174e-05 1.21989664e-04 1.48617180e-04 9.04539917e-05 6.62642589e-05 4.65573357e-06 8.81691813e-06 5.88677140e-06 2.27783831e-05 4.78927541e-06 1.54795354e-05 3.97910235e-05 3.55021795e-05 1.22396130e-05 4.24782663e-05 3.41073814e-05 1.34620423e-05 3.99143196e-05 4.68268880e-05 9.26224166e-06 3.65449211e-05 8.25220803e-05 2.30699588e-05 1.98960037e-04 3.56061971e-04 1.42424788e-05 1.21381806e-04 1.35660666e-05 2.69039185e-05 2.36961191e-04 4.16380331e-04 7.04658743e-05 1.68366554e-04 2.96790197e-05 8.59361453e-06 1.78744561e-05 9.37762920e-06 3.52800885e-07 1.36679425e-08 1.15946603e-09
 1996 01 05 12 00 00  3.56842476e-03 2.16728239e-03 1.18855500e-03 8.39396688e-04 5.93473635e-04 3.40298167e-04 2.39707435e-04 1.97496712e-04 3.99091990e-04 1.17188129e-04 2.75783482e-03 4.09009494e-03 2.08320921e-04 6.03483724e-05 4.00684822e-05 1.09711583e-04 2.99937645e-05 5.05059317e-05 1.07665465e-04 6.64623047e-05 1.21977375e-04 1.48601759e-04 9.04444159e-05 6.62508287e-05 4.65512276e-06 8.81326341e-06 5.88672119e-06 2.27737169e-05 4.78850015e-06 1.54760257e-05 3.97761823e-05 3.54987831e-05 1.22310477e-05 4.24655417e-05 3.40615981e-05 1.34619375e-05 3.98928849e-05 4.68031234e-05 9.25920540e-06 3.65187319e-05 8.24600617e-05 2.30385820e-05 1.98853852e-04 3.55638420e-04 1.42255368e-05 1.21181466e-04 1.35336086e-05 2.68434320e-05 2.36653112e-04 4.16039750e-04 7.03675782e-05 1.68090148e-04 2.94839666e-05 8.52280668e-06 1.77114958e-05 9.27378076e-06 3.48471153e-07 1.34695874e-08 1.14218448e-09
 1996 01 06 12 00 00  3.56094213e-03 2.16290916e-03 1.18573885e-03 8.37133286e-04 5.91377410e-04 3.39311448e-04 2.38759645e-04 1.96464813e-04 3.96409187e-04 1.16584318e-04 2.73626979e-03 4.04759347e-03 2.07333202e-04 6.01810074e-05 3.99322582e-05 1.08917400e-04 2.97366525e-05 4.98616952e-05 1.07240319e-04 6.63534738e-05 1.20648226e-04 1.46906232e-04 8.97511383e-05 6.59548249e-05 4.63681063e-06 8.77819912e-06 5.87960822e-06 2.26897620e-05 4.78614929e-06 1.54223077e-05 3.94553439e-05 3.53931420e-05 1.20181641e-05 4.21365650e-05 3.39234917e-05 1.34279791e-05 3.92846165e-05 4.59300687e-05 9.23003536e-06 3.60997456e-05 8.06027857e-05 2.29470868e-05 1.95320416e-04 3.54364770e-04 1.41745908e-05 1.17945313e-04 1.21411125e-05 2.66664429e-05 2.31112378e-04 4.10396998e-04 6.95134057e-05 1.62952432e-04 2.79677796e-05 7.97172752e-06 1.64399231e-05 8.42462014e-06 3.10126472e-07 1.14708126e-08 9.60983471e-10
 1996 01 07 12 00 00  3.55547584e-03 2.15994280e-03 1.18380655e-03 8.35527038e-04 5.89863429e-04 3.38570756e-04 2.38060977e-04 1.95709528e-04 3.94447900e-04 1.16190144e-04 2.72048614e-03 4.01571654e-03 2.06648753e-04 6.00973797e-05 3.98430231e-05 1.08345059e-04 2.95419915e-05 4.93762782e-05 1.07004544e-04 6.63422514e-05 1.19649652e-04 1.45631689e-04 8.92365130e-05 6.57593449e-05 4.62296157e-06 8.77184211e-06 5.87426475e-06 2.26302972e-05 4.78596594e-06 1.53847567e-05 3.92232063e-05 3.53132753e-05 1.18568933e-05 4.19120376e-05 3.39123566e-05 1.34024900e-05 3.88482211e-05 4.52897619e-05 9.22474646e-06 3.58425054e-05 7.92493325e-05 2.29381461e-05 1.92816459e-04 3.54260108e-04 1.41704043e-05 1.15771758e-04 1.10906454e-05 2.66494637e-05 2.27251390e-04 4.06566908e-04 6.90192281e-05 1.59735367e-04 2.76884499e-05 7.87021163e-06 1.62057337e-05 8.26882092e-06 3.03134101e-07 1.11095854e-08 9.28319555e-10
 1996 01 08 12 00 00  3.54725675e-03 2.15403334e-03 1.18010902e-03 8.32799493e-04 5.87457995e-04 3.37579005e-04 2.37047430e-04 1.94579672e-04 3.91505382e-04 1.15298474e-04 2.69691090e-03 3.97321433e-03 2.05383083e-04 5.97252897e-05 3.96436422e-05 1.07426957e-04 2.92848737e-05 4.87320416e-05 1.06172728e-04 6.58906356e-05 1.18319921e-04 1.43936146e-04 8.85115046e-05 6.53918915e-05 4.60464944e-06 8.72523597e-06 5.86715178e-06 2.25321707e-05 4.77591238e-06 1.53159658e-05 3.88538642e-05 3.52076342e-05 1.16440075e-05 4.15226467e-05 3.33236530e-05 1.33685317e-05 3.81421490e-05 4.43366160e-05 9.18597216e-06 3.52540567e-05 7.71725183e-05 2.25560201e-05 1.88951780e-04 3.48840818e-04 1.39536327e-05 1.11293865e-04 9.69813700e-06 2.59086810e-05 2.20148673e-04 3.99109637e-04 6.74357585e-05 1.54122577e-04 2.56858771e-05 7.14231865e-06 1.45260325e-05 7.14539954e-06 2.52281284e-07 8.44940722e-09 6.86917412e-10
 1996 01 09 12 00 00  3.54139254e-03 2.15023914e-03 1.17770184e-03 8.30942529e-04 5.85776492e-04 3.36835176e-04 2.36313080e-04 1.93771372e-04 3.89403836e-04 1.14749212e-04 2.68003981e-03 3.94133702e-03 2.04548876e-04 5.95315983e-05 3.95204496e-05 1.06787460e-04 2.90897355e-05 4.82460397e-05 1.05718302e-04 6.56951568e-05 1.17319307e-04 1.42660843e-04 8.79794924e-05 6.51263404e-05 4.59077019e-06 8.66905830e-06 5.86180540e-06 2.24620890e-05 4.77157919e-06 1.52702119e-05 3.85936647e-05 3.51275958e-05 1.14823102e-05 4.12389229e-05 3.30698036e-05 1.33430382e-05 3.76479404e-05 4.36502439e-05 9.13923577e-06 3.48478884e-05 7.56949754e-05 2.23907715e-05 1.86044669e-04 3.46503422e-04 1.38601369e-05 1.08419548e-04 8.64605900e-06 2.55884283e-05 2.15440731e-04 3.94160116e-04 6.65486926e-05 1.49247754e-04 2.32583258e-05 6.25998703e-06 1.24901017e-05 5.78557058e-06 1.90860445e-07 5.24650456e-09 3.96522948e-10
 1996 01 10 12 00 00  3.53531744e-03 2.14601101e-03 1.17504551e-03 8.28952033e-04 5.84004235e-04 3.36089010e-04 2.35559341e-04 1.92934445e-04 3.87227233e-04 1.14118510e-04 2.66258819e-03 3.90945971e-03 2.03635732e-04 5.92796956e-05 3.93793071e-05 1.06111607e-04 2.88936193e-05 4.77588415e-05 1.05147566e-04 6.54024538e-05 1.16317877e-04 1.41383978e-04 8.74378892e-05 6.48562040e-05 4.57682982e-06 8.63201349e-06 5.85645357e-06 2.23891551e-05 4.76507666e-06 1.52200032e-05 3.83195594e-05 3.50472168e-05 1.13197537e-05 4.09511488e-05 3.26889625e-05 1.33175330e-05 3.71273813e-05 4.29408362e-05 9.10841918e-06 3.44226461e-05 7.41535483e-05 2.21432230e-05 1.83152134e-04 3.42997149e-04 1.37198860e-05 1.05202404e-04 7.59071772e-06 2.51086080e-05 2.10276463e-04 3.88752610e-04 6.54529505e-05 1.44926263e-04 2.16387796e-05 5.67138195e-06 1.11321447e-05 4.88110471e-06 1.50190617e-07 3.13961825e-09 2.05856376e-10
 1996 01 11 12 00 00  3.52920259e-03 2.14170422e-03 1.17234367e-03 8.26935496e-04 5.82212954e-04 3.35342131e-04 2.34801574e-04 1.92091576e-04 3.85035594e-04 1.13472825e-04 2.64502373e-03 3.87758203e-03 2.02707699e-04 5.90162434e-05 3.92346284e-05 1.05428178e-04 2.86970229e-05 4.72710613e-05 1.04551894e-04 6.50907285e-05 1.15315804e-04 1.40106366e-04 8.68943219e-05 6.45814946e-05 4.56285889e-06 8.59332285e-06 5.85109992e-06 2.23152336e-05 4.75818779e-06 1.51688910e-05 3.80428329e-05 3.49666690e-05 1.11567722e-05 4.06592567e-05 3.22852575e-05 1.32920250e-05 3.66011883e-05 4.22263863e-05 9.07623325e-06 3.39869852e-05 7.25983921e-05 2.18798741e-05 1.80234274e-04 3.39279224e-04 1.35711690e-05 1.01916190e-04 6.53377647e-06 2.45983509e-05 2.05020370e-04 3.83237092e-04 6.43157085e-05 1.40545155e-04 1.99554385e-05 5.05957221e-06 9.72055926e-06 3.93982796e-06 1.07786419e-07 9.36843447e-10 6.35643760e-12
 1996 01 12 12 00 00  3.52280553e-03 2.13680720e-03 1.16930308e-03 8.24740864e-04 5.80303268e-04 3.34593746e-04 2.34018692e-04 1.91211149e-04 3.82744149e-04 1.12716460e-04 2.62669001e-03 3.84570360e-03 2.01672721e-04 5.86735883e-05 3.90655227e-05 1.04697335e-04 2.85009039e-05 4.67838545e-05 1.03798184e-04 6.46464410e-05 1.14314338e-04 1.38829486e-04 8.63388385e-05 6.42864906e-05 4.54891815e-06 8.55994658e-06 5.84574809e-06 2.22366213e-05 4.74834051e-06 1.51120579e-05 3.77484677e-05 3.48862930e-05 1.09942142e-05 4.03501664e-05 3.17083730e-05 1.32665213e-05 3.60389705e-05 4.14822993e-05 9.04846820e-06 3.34990916e-05 7.09613511e-05 2.15043110e-05 1.77241597e-04 3.33967305e-04 1.33586922e-05 9.81616001e-05 5.47842428e-06 2.38705194e-05 1.99168027e-04 3.77058240e-04 6.28972792e-05 1.36294280e-04 1.85003891e-05 4.53074215e-06 8.50046094e-06 3.12663327e-06 7.11808283e-08 1.00000000e-10 1.00000000e-10
 1996 01 13 12 00 00  3.51929615e-03 2.13512990e-03 1.16818638e-03 8.23752669e-04 5.79342958e-04 3.34098215e-04 2.33563138e-04 1.90723538e-04 3.81481645e-04 1.12509412e-04 2.61651991e-03 3.82445157e-03 2.01269102e-04 5.86559876e-05 3.90178497e-05 1.04335490e-04 2.83682195e-05 4.64566780e-05 1.03712773e-04 6.47037174e-05 1.13644838e-04 1.37975168e-04 8.60000539e-05 6.41620443e-05 4.53950270e-06 8.54851969e-06 5.84217014e-06 2.21981696e-05 4.74974731e-06 1.50893509e-05 3.76005407e-05 3.48320260e-05 1.08841312e-05 4.02048383e-05 3.17899423e-05 1.32494970e-05 3.57629730e-05 4.10658796e-05 9.03896580e-06 3.33464375e-05 7.00888978e-05 2.15538632e-05 1.75571457e-04 3.34713953e-04 1.33885581e-05 9.69272277e-05 4.76837886e-06 2.39672780e-05 1.96850518e-04 3.74780851e-04 6.27000328e-05 1.33885514e-04 1.79767801e-05 4.34049812e-06 8.06182454e-06 2.83767990e-06 5.84196727e-08 1.00000000e-10 1.00000000e-10
 1996 01 14 12 00 00  3.52092777e-03 2.13578351e-03 1.16863620e-03 8.24161632e-04 5.79744465e-04 3.34334551e-04 2.33773244e-04 1.90943917e-04 3.82061331e-04 1.12576643e-04 2.62121021e-03 3.83507237e-03 2.01432092e-04 5.86351210e-05 3.90326834e-05 1.04485050e-04 2.84229114e-05 4.66059893e-05 1.03685146e-04 6.46283792e-05 1.13965046e-04 1.38383810e-04 8.61581074e-05 6.42146174e-05 4.54347719e-06 8.55814142e-06 5.84389891e-06 2.22123094e-05 4.74819681e-06 1.50965056e-05 3.76584695e-05 3.48550820e-05 1.09288907e-05 4.02671754e-05 3.16983496e-05 1.32578818e-05 3.58769695e-05 4.12462051e-05 9.04697517e-06 3.34029628e-05 7.04517662e-05 2.14911619e-05 1.76323361e-04 3.33866718e-04 1.33546687e-05 9.73152771e-05 5.08444064e-06 2.38463937e-05 1.97637980e-04 3.75535993e-04 6.26772965e-05 1.35021419e-04 1.83614652e-05 4.48039114e-06 8.38497597e-06 3.05770164e-06 6.86599272e-08 1.00000000e-10 1.00000000e-10
 1996 01 15 12 00 00  3.52476292e-03 2.13823742e-03 1.17019559e-03 8.25345582e-04 5.80805942e-04 3.34817757e-04 2.34248955e-04 1.91465598e-04 3.83428382e-04 1.12927199e-04 2.63219104e-03 3.85631770e-03 2.01969402e-04 5.87503723e-05 3.91106634e-05 1.04887599e-04 2.85395741e-05 4.69135295e-05 1.03950458e-04 6.47384441e-05 1.14614551e-04 1.39212680e-04 8.65026335e-05 6.43628676e-05 4.55188419e-06 8.56753759e-06 5.84739355e-06 2.22523382e-05 4.75078850e-06 1.51235950e-05 3.78160686e-05 3.49037407e-05 1.10248388e-05 4.04298442e-05 3.18492501e-05 1.32747329e-05 3.61840073e-05 4.16774265e-05 9.05479828e-06 3.36223880e-05 7.13698219e-05 2.15854627e-05 1.78024477e-04 3.35251232e-04 1.34100493e-05 9.90595710e-05 5.74092337e-06 2.40299516e-05 2.00498378e-04 3.78461862e-04 6.32004303e-05 1.37172149e-04 1.87273798e-05 4.61348284e-06 8.69253579e-06 3.26852451e-06 7.85724389e-08 1.00000000e-10 1.00000000e-10
 1996 01 16 12 00 00  3.52494877e-03 2.13866586e-03 1.17044022e-03 8.25458914e-04 5.80869301e-04 3.34812852e-04 2.34261834e-04 1.91486520e-04 3.83489768e-04 1.13006682e-04 2.63266574e-03 3.85631472e-03 2.02044177e-04 5.88052900e-05 3.91276757e-05 1.04913044e-04 2.85327784e-05 4.69051971e-05 1.04054085e-04 6.48319605e-05 1.14606022e-04 1.39201875e-04 8.65071233e-05 6.43754319e-05 4.55145637e-06 8.56437182e-06 5.84735863e-06 2.22537365e-05 4.75297929e-06 1.51264367e-05 3.78230887e-05 3.49013630e-05 1.10188405e-05 4.04393264e-05 3.19768675e-05 1.32746587e-05 3.62031530e-05 4.16887552e-05 9.05216730e-06 3.36577680e-05 7.14031788e-05 2.16654924e-05 1.78043416e-04 3.36422549e-04 1.34569020e-05 9.93543634e-05 5.71819255e-06 2.41856716e-05 2.00830794e-04 3.78846206e-04 6.33866358e-05 1.37002683e-04 1.85691292e-05 4.55601439e-06 8.56017733e-06 3.18301438e-06 7.49192058e-08 1.00000000e-10 1.00000000e-10
 1996 01 17 12 00 00  3.52409695e-03 2.13692865e-03 1.16944213e-03 8.24917576e-04 5.80496366e-04 3.34801301e-04 2.34182045e-04 1.91369195e-04 3.83184566e-04 1.12680184e-04 2.63030803e-03 3.85631248e-03 2.01726728e-04 5.85705774e-05 3.90553590e-05 1.04763695e-04 2.85264687e-05 4.68974584e-05 1.03581008e-04 6.44406886e-05 1.14598010e-04 1.39191843e-04 8.64671563e-05 6.43074356e-05 4.55105946e-06 8.57281048e-06 5.84732588e-06 2.22370736e-05 4.74431545e-06 1.51080829e-05 3.77634655e-05 3.48991511e-05 1.10132707e-05 4.03805564e-05 3.14692326e-05 1.32745903e-05 3.60878941e-05 4.15891832e-05 9.05919005e-06 3.34908517e-05 7.11310048e-05 2.13348059e-05 1.77740139e-04 3.31748026e-04 1.32699210e-05 9.79186359e-05 5.69708609e-06 2.35448504e-05 1.98962852e-04 3.76760517e-04 6.25422087e-05 1.37051241e-04 1.89174725e-05 4.68266378e-06 8.85259955e-06 3.38051967e-06 8.39985141e-08 1.17593935e-10 1.00000000e-10
 1996 01 18 12 00 00  3.52808961e-03 2.13969897e-03 1.17118343e-03 8.26202111e-04 5.81628567e-04 3.35287342e-04 2.34672951e-04 1.91913029e-04 3.84608564e-04 1.13090315e-04 2.64172846e-03 3.87755856e-03 2.02322217e-04 5.87289156e-05 3.91466061e-05 1.05194562e-04 2.86450726e-05 4.72073822e-05 1.03933938e-04 6.46223780e-05 1.15249995e-04 1.40023790e-04 8.68194713e-05 6.44692802e-05 4.55958907e-06 8.58155399e-06 5.85082998e-06 2.22804527e-05 4.74847984e-06 1.51386769e-05 3.79326618e-05 3.49484879e-05 1.11109293e-05 4.05550268e-05 3.17123573e-05 1.32914603e-05 3.64168983e-05 4.20398560e-05 9.06646310e-06 3.37426831e-05 7.21019664e-05 2.14895321e-05 1.79505545e-04 3.33982238e-04 1.33592895e-05 9.99307719e-05 6.36005425e-06 2.38454377e-05 2.02175887e-04 3.80082752e-04 6.32214117e-05 1.39263660e-04 1.93016772e-05 4.82229370e-06 9.17471464e-06 3.59480763e-06 9.36154770e-08 4.49690685e-10 1.00000000e-10
 1996 01 19 12 00 00  3.52763995e-03 2.13878929e-03 1.17066089e-03 8.25916290e-04 5.81429867e-04 3.35279875e-04 2.34630248e-04 1.91850684e-04 3.84447363e-04 1.12919375e-04 2.64047854e-03 3.87755632e-03 2.02155888e-04 5.86065453e-05 3.91088978e-05 1.05114944e-04 2.86402181e-05 4.72014304e-05 1.03687776e-04 6.44185173e-05 1.15243703e-04 1.40016080e-04 8.67975932e-05 6.44286025e-05 4.55928348e-06 8.57961786e-06 5.85080525e-06 2.22708758e-05 4.74394692e-06 1.51287952e-05 3.78994331e-05 3.49467882e-05 1.11066460e-05 4.05198504e-05 3.14468867e-05 1.32914080e-05 3.63541754e-05 4.19851255e-05 9.06485220e-06 3.36465223e-05 7.19531934e-05 2.13170788e-05 1.79305064e-04 3.31538322e-04 1.32615329e-05 9.91656704e-05 6.34382595e-06 2.35111511e-05 2.01179348e-04 3.78953676e-04 6.27786113e-05 1.39078962e-04 1.92251689e-05 4.79446896e-06 9.11042846e-06 3.55090402e-06 9.15626785e-08 3.74956066e-10 1.00000000e-10
 1996 01 20 12 00 00  3.52519820e-03 2.13651438e-03 1.16927814e-03 8.24988408e-04 5.80660965e-04 3.35028277e-04 2.34341242e-04 1.91515320e-04 3.83573028e-04 1.12546497e-04 2.63351947e-03 3.86692993e-03 2.01693759e-04 5.84049616e-05 3.90256121e-05 1.04818384e-04 2.85748480e-05 4.70390311e-05 1.03260224e-04 6.41245279e-05 1.14910272e-04 1.39590456e-04 8.65990943e-05 6.43179665e-05 4.55463669e-06 8.58822459e-06 5.84902118e-06 2.22402660e-05 4.73745204e-06 1.51034803e-05 3.77824061e-05 3.49199952e-05 1.10524605e-05 4.04061110e-05 3.10662668e-05 1.32829067e-05 3.61284511e-05 4.17045790e-05 9.07201320e-06 3.34449019e-05 7.13170788e-05 2.10687402e-05 1.78293818e-04 3.28032877e-04 1.31213151e-05 9.74082647e-05 5.99204141e-06 2.30299862e-05 1.98566660e-04 3.76202458e-04 6.19952189e-05 1.38239307e-04 1.95866808e-05 4.92589058e-06 9.41379562e-06 3.75492781e-06 1.00879232e-07 7.04151848e-10 1.00000000e-10
 1996 01 21 12 00 00  3.52449983e-03 2.13786320e-03 1.16997545e-03 8.25162071e-04 5.80630793e-04 3.34789936e-04 2.34209316e-04 1.91413741e-04 3.83316486e-04 1.12853327e-04 2.63133096e-03 3.85630503e-03 2.01889145e-04 5.86893347e-05 3.90921763e-05 1.04817731e-04 2.85109330e-05 4.68784216e-05 1.03803281e-04 6.46432862e-05 1.14579300e-04 1.39167150e-04 8.64764627e-05 6.43561827e-05 4.55008158e-06 8.59555003e-06 5.84724476e-06 2.22418046e-05 4.74910375e-06 1.51141083e-05 3.77793387e-05 3.48937145e-05 1.09995613e-05 4.04188968e-05 3.17479105e-05 1.32744201e-05 3.61320227e-05 4.16141894e-05 9.07810827e-06 3.36070649e-05 7.12033382e-05 2.15085354e-05 1.77927671e-04 3.34304417e-04 1.33721767e-05 9.85753287e-05 5.64513466e-06 2.38831097e-05 1.99673240e-04 3.77678692e-04 6.29440188e-05 1.37656361e-04 1.99015396e-05 5.04033485e-06 9.67788851e-06 3.93154495e-06 1.08872956e-07 1.10450675e-09 2.44012477e-11
 1996 01 22 12 00 00  3.52479543e-03 2.13845846e-03 1.17031680e-03 8.25348717e-04 5.80760416e-04 3.34795878e-04 2.34237413e-04 1.91454327e-04 3.83421125e-04 1.12964804e-04 2.63215346e-03 3.85630652e-03 2.01997179e-04 5.87672505e-05 3.91162213e-05 1.04869797e-04 2.85153015e-05 4.68837738e-05 1.03956722e-04 6.47733745e-05 1.14585093e-04 1.39174086e-04 8.64914455e-05 6.43883767e-05 4.55035624e-06 8.60403452e-06 5.84726768e-06 2.22487965e-05 4.75207635e-06 1.51207163e-05 3.78033366e-05 3.48952424e-05 1.10034154e-05 4.04464080e-05 3.19214916e-05 1.32744681e-05 3.61751469e-05 4.16518474e-05 9.08516959e-06 3.36794665e-05 7.13048140e-05 2.16192391e-05 1.78102599e-04 3.35899867e-04 1.34359947e-05 9.90849843e-05 5.65973678e-06 2.40981230e-05 2.00330874e-04 3.78444088e-04 6.32286815e-05 1.38014361e-04 2.02542494e-05 5.16856542e-06 9.97393324e-06 4.13115663e-06 1.18024784e-07 1.59206270e-09 6.88702873e-11
 1996 01 23 12 00 00  3.53020473e-03 2.14134241e-03 1.17220052e-03 8.26914884e-04 5.82236358e-04 3.35530876e-04 2.34927538e-04 1.92198309e-04 3.85357863e-04 1.13342638e-04 2.64775130e-03 3.88818122e-03 2.02663825e-04 5.88369502e-05 3.92012454e-05 1.05426995e-04 2.87041330e-05 4.73620399e-05 1.04158427e-04 6.47628563e-05 1.15576602e-04 1.40439372e-04 8.70005926e-05 6.45851247e-05 4.56383823e-06 8.62021916e-06 5.85258131e-06 2.23063004e-05 4.75188899e-06 1.51562500e-05 3.80281771e-05 3.49730690e-05 1.11595444e-05 4.06708339e-05 3.19102342e-05 1.32998932e-05 3.66010086e-05 4.22790688e-05 9.09863520e-06 3.39381367e-05 7.26235369e-05 2.16107277e-05 1.80606766e-04 3.35794712e-04 1.34317885e-05 1.01156627e-04 6.69072106e-06 2.40818699e-05 2.04014308e-04 3.82116539e-04 6.36655701e-05 1.41451793e-04 2.09383551e-05 5.41725037e-06 1.05479339e-05 4.51659288e-06 1.35582449e-07 2.51890704e-09 1.53192226e-10
 1996 01 24 12 00 00  3.53348972e-03 2.14539030e-03 1.17459922e-03 8.28370984e-04 5.83351727e-04 3.35786866e-04 2.35290269e-04 1.92643694e-04 3.86526134e-04 1.14046921e-04 2.65699883e-03 3.89880687e-03 2.03444546e-04 5.92711811e-05 3.93563798e-05 1.05862585e-04 2.87680508e-05 4.75226581e-05 1.05041436e-04 6.54474250e-05 1.15908695e-04 1.40862692e-04 8.72346521e-05 6.47726370e-05 4.56839371e-06 8.61810040e-06 5.85435737e-06 2.23522127e-05 4.76729983e-06 1.51985471e-05 3.82007837e-05 3.49993556e-05 1.12124471e-05 4.08488142e-05 3.28115915e-05 1.33083799e-05 3.69373155e-05 4.26489253e-05 9.09687442e-06 3.43248884e-05 7.35048885e-05 2.21913768e-05 1.81956503e-04 3.44086595e-04 1.37634638e-05 1.04327430e-04 7.03764235e-06 2.52084166e-05 2.08391934e-04 3.86901743e-04 6.52768735e-05 1.42593586e-04 2.08328310e-05 5.37892872e-06 1.04596687e-05 4.45951950e-06 1.33140406e-07 2.40188620e-09 1.42846845e-10
 1996 01 25 12 00 00  3.54068148e-03 2.14924140e-03 1.17711338e-03 8.30442918e-04 5.85295049e-04 3.36758818e-04 2.36204329e-04 1.93628918e-04 3.89097554e-04 1.14551203e-04 2.67770150e-03 3.94130163e-03 2.04332007e-04 5.93642142e-05 3.94698252e-05 1.06595613e-04 2.90110853e-05 4.81496361e-05 1.05307176e-04 6.54350908e-05 1.17219560e-04 1.42535834e-04 8.79081086e-05 6.50266845e-05 4.58581926e-06 8.63254900e-06 5.86139722e-06 2.24258234e-05 4.76712303e-06 1.52443126e-05 3.84916496e-05 3.51000665e-05 1.14129049e-05 4.11398886e-05 3.28006223e-05 1.33421840e-05 3.74951464e-05 4.34717527e-05 9.10889794e-06 3.46571692e-05 7.52293950e-05 2.21817492e-05 1.85207536e-04 3.43982515e-04 1.37593006e-05 1.07032208e-04 8.38304986e-06 2.51902675e-05 2.13186843e-04 3.91663984e-04 6.58468051e-05 1.46841931e-04 2.14366546e-05 5.59844596e-06 1.09664273e-05 4.80075503e-06 1.48753032e-07 3.23120961e-09 2.18426988e-10
 1996 01 26 12 00 00  3.54303205e-03 2.14858582e-03 1.17688878e-03 8.30691577e-04 5.85736670e-04 3.37234080e-04 2.36548504e-04 1.93953953e-04 3.89941467e-04 1.14319126e-04 2.68463930e-03 3.96254808e-03 2.04307063e-04 5.90645956e-05 3.94198189e-05 1.06749797e-04 2.91301752e-05 4.84601536e-05 1.04748331e-04 6.48502493e-05 1.17871287e-04 1.43368558e-04 8.81899291e-05 6.50408555e-05 4.59437979e-06 8.63194800e-06 5.86490423e-06 2.24387444e-05 4.75411507e-06 1.52413325e-05 3.85541893e-05 3.51495750e-05 1.15109950e-05 4.11893809e-05 3.20388586e-05 1.33590598e-05 3.76082977e-05 4.37451711e-05 9.10840026e-06 3.45520980e-05 7.57134357e-05 2.16869943e-05 1.86320787e-04 3.36969724e-04 1.34787889e-05 1.06286826e-04 9.04764747e-06 2.42312075e-05 2.12916330e-04 3.90988365e-04 6.48959063e-05 1.48486715e-04 2.13940061e-05 5.58298398e-06 1.09309402e-05 4.77929883e-06 1.47946189e-07 3.20146851e-09 2.16046425e-10
 1996 01 27 12 00 00  3.55130715e-03 2.15748935e-03 1.18222580e-03 8.34062238e-04 5.88403801e-04 3.37981627e-04 2.37491083e-04 1.95076197e-04 3.92886873e-04 1.15824683e-04 2.70802871e-03 3.99441905e-03 2.06061364e-04 5.99373459e-05 3.97525959e-05 1.07784259e-04 2.93112389e-05 4.89288999e-05 1.06544167e-04 6.61853468e-05 1.18853762e-04 1.44621489e-04 8.88185335e-05 6.54715242e-05 4.60737283e-06 8.63307505e-06 5.87017785e-06 2.25455623e-05 4.78414186e-06 1.53344965e-05 3.89588316e-05 3.52246803e-05 1.16602678e-05 4.16107976e-05 3.37952049e-05 1.33844005e-05 3.84025266e-05 4.46714624e-05 9.10933886e-06 3.53928372e-05 7.78573382e-05 2.28191813e-05 1.89769192e-04 3.53127924e-04 1.41251170e-05 1.13135574e-04 1.00526486e-05 2.64276547e-05 2.22618640e-04 4.01485939e-04 6.81814502e-05 1.51804120e-04 2.14340226e-05 5.59754890e-06 1.09646471e-05 4.80298019e-06 1.49100185e-07 3.26805676e-09 2.22247953e-10
 1996 01 28 12 00 00  3.55354670e-03 2.15659718e-03 1.18186593e-03 8.34242194e-04 5.88801697e-04 3.38456587e-04 2.37825937e-04 1.95387297e-04 3.93693016e-04 1.15548587e-04 2.71466850e-03 4.01566625e-03 2.05994472e-04 5.96076666e-05 3.96932869e-05 1.07920848e-04 2.94308178e-05 4.92400141e-05 1.05928247e-04 6.55497599e-05 1.19506001e-04 1.45454987e-04 8.90958282e-05 6.54746978e-05 4.61596355e-06 8.63013120e-06 5.87368777e-06 2.25564815e-05 4.76993700e-06 1.53293423e-05 3.90138593e-05 3.52743606e-05 1.17587857e-05 4.16512381e-05 3.29637725e-05 1.34012822e-05 3.85010872e-05 4.49334933e-05 9.10688686e-06 3.52617666e-05 7.83101733e-05 2.22809336e-05 1.90831409e-04 3.45475967e-04 1.38190387e-05 1.12204108e-04 1.07188716e-05 2.53839273e-05 2.22121399e-04 4.00544437e-04 6.71236362e-05 1.53390156e-04 2.13264664e-05 5.55840963e-06 1.08741108e-05 4.73986197e-06 1.46057993e-07 3.09488097e-09 2.06174455e-10
 1996 01 29 12 00 00  3.55583224e-03 2.15859149e-03 1.18308620e-03 8.35066880e-04 5.89488045e-04 3.38700486e-04 2.38096797e-04 1.95697432e-04 3.94507100e-04 1.15867862e-04 2.72116455e-03 4.02628854e-03 2.06402447e-04 5.97686285e-05 3.97641356e-05 1.08184422e-04 2.94889061e-05 4.93934785e-05 1.06267889e-04 6.57776021e-05 1.19830603e-04 1.45869023e-04 8.92838209e-05 6.55810369e-05 4.62015159e-06 8.63566311e-06 5.87543364e-06 2.25832323e-05 4.77507601e-06 1.53504108e-05 3.91160935e-05 3.52986041e-05 1.18065422e-05 4.17599231e-05 3.32642870e-05 1.34097048e-05 3.87026715e-05 4.51886549e-05 9.11148818e-06 3.54500015e-05 7.88780266e-05 2.24742733e-05 1.91820802e-04 3.48240204e-04 1.39296082e-05 1.13693453e-04 1.10462868e-05 2.57590844e-05 2.24333760e-04 4.02901603e-04 6.77525372e-05 1.54561761e-04 2.15648129e-05 5.64504203e-06 1.10740176e-05 4.87347349e-06 1.52099516e-07 3.41042483e-09 2.34796316e-10
 1996 01 30 12 00 00  3.55435910e-03 2.15274829e-03 1.17980915e-03 8.33520717e-04 5.88592931e-04 3.38918720e-04 2.38031484e-04 1.95506627e-04 3.93993718e-04 1.14718059e-04 2.71739612e-03 4.03691120e-03 2.05391240e-04 5.88828052e-05 3.95121002e-05 1.07814339e-04 2.95469945e-05 4.95469489e-05 1.04524917e-04 6.42533123e-05 1.20153946e-04 1.46283068e-04 8.93098797e-05 6.53690156e-05 4.62434036e-06 8.64714675e-06 5.87717986e-06 2.25418026e-05 4.74092885e-06 1.52944960e-05 3.89736736e-05 3.53228446e-05 1.18543016e-05 4.15990775e-05 3.12660879e-05 1.34181260e-05 3.84120954e-05 4.50381578e-05 9.12104661e-06 3.48578463e-05 7.83307142e-05 2.11827515e-05 1.91450468e-04 3.29852695e-04 1.31941078e-05 1.08886846e-04 1.13737129e-05 2.32542312e-05 2.18566010e-04 3.96189811e-04 6.46533882e-05 1.55324191e-04 2.20456379e-05 5.81984170e-06 1.14775342e-05 5.14506755e-06 1.64517100e-07 4.06937684e-09 2.94833291e-10
 1996 01 31 12 00 00  3.55956386e-03 2.15803975e-03 1.18299742e-03 8.35570658e-04 5.90237748e-04 3.39413932e-04 2.38631422e-04 1.96212708e-04 3.95846701e-04 1.15600937e-04 2.73213231e-03 4.05815803e-03 2.06443814e-04 5.93785373e-05 3.97074008e-05 1.08450572e-04 2.96665705e-05 4.98580630e-05 1.05550701e-04 6.49994356e-05 1.20808191e-04 1.47116566e-04 8.97149262e-05 6.56512914e-05 4.63293109e-06 8.67878771e-06 5.88068942e-06 2.26090532e-05 4.75772285e-06 1.53500622e-05 3.92230856e-05 3.53725249e-05 1.19528195e-05 4.18757490e-05 3.22483305e-05 1.34350092e-05 3.89030721e-05 4.56221527e-05 9.14737175e-06 3.53935829e-05 7.96667722e-05 2.18155925e-05 1.93785575e-04 3.38888785e-04 1.35555514e-05 1.12947907e-04 1.20399367e-05 2.44820170e-05 2.24362585e-04 4.02522166e-04 6.65354107e-05 1.58447904e-04 2.33887823e-05 6.30808506e-06 1.26044051e-05 5.90096558e-06 1.98893895e-07 5.87982978e-09 4.59436134e-10
 1996 02 01 12 00 00  3.55843407e-03 2.15851868e-03 1.18319468e-03 8.35469363e-04 5.90015297e-04 3.39168229e-04 2.38458212e-04 1.96050838e-04 3.95434685e-04 1.15744099e-04 2.72874184e-03 4.04753052e-03 2.06479611e-04 5.95449492e-05 3.97376359e-05 1.08372927e-04 2.95978010e-05 4.96914960e-05 1.05854583e-04 6.53219060e-05 1.20470278e-04 1.46685537e-04 8.95711985e-05 6.56325593e-05 4.62807038e-06 8.65920956e-06 5.87888826e-06 2.25996896e-05 4.76504611e-06 1.53511643e-05 3.91876071e-05 3.53445415e-05 1.18956348e-05 4.18394612e-05 3.26762558e-05 1.34264701e-05 3.88438064e-05 4.54776801e-05 9.13108233e-06 3.54306231e-05 7.94071118e-05 2.20896400e-05 1.93098825e-04 3.42823399e-04 1.37129360e-05 1.13363846e-04 1.16767871e-05 2.50140467e-05 2.24508581e-04 4.02832749e-04 6.70574248e-05 1.56892431e-04 2.25594787e-05 6.00662258e-06 1.19086061e-05 5.43398279e-06 1.77638803e-07 4.75910165e-09 3.57508001e-10
 1996 02 02 12 00 00  3.54542222e-03 2.15099051e-03 1.17833905e-03 8.31564031e-04 5.86397455e-04 3.37449606e-04 2.36811144e-04 1.94260015e-04 3.90772749e-04 1.14711512e-04 2.69126603e-03 3.97315621e-03 2.04776275e-04 5.92697965e-05 3.95046603e-05 1.07003389e-04 2.91562232e-05 4.85743425e-05 1.05150325e-04 6.51595823e-05 1.18156773e-04 1.43731660e-04 8.83658451e-05 6.51785209e-05 4.59655093e-06 8.67518029e-06 5.86648421e-06 2.24614659e-05 4.76151508e-06 1.52599999e-05 3.86407682e-05 3.51625989e-05 1.15304741e-05 4.13189379e-05 3.24689870e-05 1.33671347e-05 3.78045089e-05 4.39731321e-05 9.14437042e-06 3.48154401e-05 7.62146009e-05 2.19529771e-05 1.87381367e-04 3.40912733e-04 1.36365093e-05 1.07907923e-04 9.26790890e-06 2.47495482e-05 2.15058583e-04 3.93460539e-04 6.56380200e-05 1.50477604e-04 2.32351633e-05 6.25224461e-06 1.24755297e-05 5.81458547e-06 1.94970431e-07 5.67357308e-09 4.40693082e-10
 1996 02 03 12 00 00  3.53403932e-03 2.14272862e-03 1.17301286e-03 8.26950061e-04 5.81913925e-04 3.35606982e-04 2.35099281e-04 1.92208337e-04 3.84871638e-04 1.13609062e-04 2.64878679e-03 3.88415344e-03 2.03010040e-04 5.91313154e-05 3.93962585e-05 1.06634171e-04 2.90600496e-05 4.82320640e-05 1.04863777e-04 6.50702801e-05 1.17287527e-04 1.42647411e-04 8.79204561e-05 6.50023423e-05 4.58305694e-06 8.64349713e-06 5.86250135e-06 2.24478823e-05 4.75954803e-06 1.52521168e-05 3.85740942e-05 3.50875373e-05 1.14911942e-05 4.11139061e-05 3.23536748e-05 1.33385969e-05 3.75147238e-05 4.35329688e-05 9.11800817e-06 3.45546419e-05 7.53515038e-05 2.18775909e-05 1.85653069e-04 3.39850577e-04 1.35940231e-05 1.06816841e-04 8.85499103e-06 2.46035168e-05 2.13444760e-04 3.91728425e-04 6.52846139e-05 1.48317508e-04 2.18929526e-05 5.76433420e-06 1.13493968e-05 5.05880572e-06 1.60571942e-07 3.85993495e-09 2.75748846e-10
 1996 02 04 12 00 00  3.52765438e-03 2.13838637e-03 1.17025883e-03 8.24867973e-04 5.80036941e-04 3.34793272e-04 2.34283302e-04 1.91304692e-04 3.82549878e-04 1.12960668e-04 2.63025976e-03 3.85112502e-03 2.02056768e-04 5.88888634e-05 3.92536258e-05 1.05956966e-04 2.88626499e-05 4.77342604e-05 1.04320690e-04 6.48038927e-05 1.16263099e-04 1.41341408e-04 8.73722929e-05 6.47528894e-05 4.56897542e-06 8.63086971e-06 5.85730340e-06 2.23787409e-05 4.75363813e-06 1.52033903e-05 3.82976416e-05 3.50064336e-05 1.13210677e-05 4.08378402e-05 3.20074934e-05 1.33126698e-05 3.69941649e-05 4.28095875e-05 9.10750314e-06 3.41600857e-05 7.37724412e-05 2.16523593e-05 1.82808998e-04 3.36663126e-04 1.34665250e-05 1.03635614e-04 7.74863001e-06 2.41669943e-05 2.08296935e-04 3.86403901e-04 6.42263877e-05 1.44693970e-04 2.13508670e-05 5.56729633e-06 1.08947018e-05 4.75462666e-06 1.46797971e-07 3.13902175e-09 2.10318785e-10
 1996 02 05 12 00 00  3.52848109e-03 2.13895366e-03 1.17061811e-03 8.25129061e-04 5.80266988e-04 3.34895453e-04 2.34386322e-04 1.91418223e-04 3.82845302e-04 1.13045029e-04 2.63261477e-03 3.85539383e-03 2.02179718e-04 5.89187838e-05 3.92719778e-05 1.06040226e-04 2.88842391e-05 4.77947178e-05 1.04383322e-04 6.48365647e-05 1.16392323e-04 1.41507266e-04 8.74418854e-05 6.47605355e-05 4.57054666e-06 8.59967404e-06 5.85796188e-06 2.23842664e-05 4.75444249e-06 1.52088949e-05 3.83294030e-05 3.50155431e-05 1.13398150e-05 4.08521712e-05 3.20541207e-05 1.33160458e-05 3.70547232e-05 4.28967923e-05 9.08154689e-06 3.41670596e-05 7.39609579e-05 2.16806424e-05 1.82992516e-04 3.37089855e-04 1.34835942e-05 1.04003370e-04 7.88136676e-06 2.42222333e-05 2.08908205e-04 3.86938217e-04 6.43529312e-05 1.44087050e-04 2.00270375e-05 5.08607291e-06 9.78403060e-06 4.00954044e-06 1.12908958e-07 1.35396476e-09 4.80174400e-11
 1996 02 06 12 00 00  3.52125255e-03 2.13403619e-03 1.16749940e-03 8.22774483e-04 5.78145993e-04 3.33975208e-04 2.33463345e-04 1.90396257e-04 3.80218389e-04 1.12310845e-04 2.61165326e-03 3.81800346e-03 2.01100657e-04 5.86447526e-05 3.91105385e-05 1.05274903e-04 2.86619732e-05 4.72323736e-05 1.03770825e-04 6.45355438e-05 1.15233514e-04 1.40029712e-04 8.68217226e-05 6.44833897e-05 4.55468216e-06 8.59219726e-06 5.85208145e-06 2.23068296e-05 4.74774024e-06 1.51539774e-05 3.80175645e-05 3.49241483e-05 1.11482172e-05 4.05442481e-05 3.16616439e-05 1.32866859e-05 3.64671483e-05 4.20796575e-05 9.07532594e-06 3.37296905e-05 7.21778637e-05 2.14259257e-05 1.79812787e-04 3.33476973e-04 1.33390789e-05 1.00413247e-04 6.63206010e-06 2.37284330e-05 2.03097216e-04 3.80947855e-04 6.31581069e-05 1.40215898e-04 1.97071860e-05 4.96981027e-06 9.51572333e-06 3.82989763e-06 1.04763272e-07 9.26794419e-10 9.22615317e-12
 1996 02 07 12 00 00  3.52081032e-03 2.13373886e-03 1.16731048e-03 8.22624522e-04 5.78007202e-04 3.33916707e-04 2.33405048e-04 1.90331320e-04 3.80054060e-04 1.12266212e-04 2.61034058e-03 3.81571092e-03 2.01034306e-04 5.86269607e-05 3.91005803e-05 1.05225008e-04 2.86456139e-05 4.71951877e-05 1.03728063e-04 6.45158580e-05 1.15160442e-04 1.39937060e-04 8.67828203e-05 6.44548663e-05 4.55353584e-06 8.57660925e-06 5.85171183e-06 2.23002117e-05 4.74735716e-06 1.51500573e-05 3.79959154e-05 3.49175883e-05 1.11342124e-05 4.05152104e-05 3.16388905e-05 1.32849018e-05 3.64272499e-05 4.20255653e-05 9.06235291e-06 3.36824576e-05 7.20584109e-05 2.14097294e-05 1.79528912e-04 3.33265701e-04 1.33306281e-05 1.00168019e-04 6.54831092e-06 2.36973283e-05 2.02703237e-04 3.80497808e-04 6.30777179e-05 1.39481356e-04 1.90568017e-05 4.73336324e-06 8.96986973e-06 3.46218458e-06 8.79283355e-08 2.65652123e-10 1.00000000e-10
 1996 02 08 12 00 00  3.51952917e-03 2.13286851e-03 1.16675839e-03 8.22205147e-04 5.77628144e-04 3.33752835e-04 2.33240827e-04 1.90149351e-04 3.79587212e-04 1.12136187e-04 2.60661485e-03 3.80908214e-03 2.00842940e-04 5.85780363e-05 3.90719380e-05 1.05088291e-04 2.86052586e-05 4.70945553e-05 1.03617392e-04 6.44620683e-05 1.14953447e-04 1.39674402e-04 8.66725700e-05 6.43779211e-05 4.55066329e-06 8.53659076e-06 5.85066591e-06 2.22836552e-05 4.74617846e-06 1.51401294e-05 3.79387450e-05 3.49010545e-05 1.10994617e-05 4.04369349e-05 3.15697631e-05 1.32797024e-05 3.63182414e-05 4.18776307e-05 9.02905449e-06 3.35542018e-05 7.17356976e-05 2.13643711e-05 1.78764003e-04 3.32628753e-04 1.33051501e-05 9.95007651e-05 6.32434603e-06 2.36095002e-05 2.01659955e-04 3.79303777e-04 6.28634185e-05 1.37584136e-04 1.73780608e-05 4.12308004e-06 7.56109777e-06 2.51444724e-06 4.51799934e-08 1.00000000e-10 1.00000000e-10
 1996 02 09 12 00 00  3.52186806e-03 2.13445953e-03 1.16776744e-03 8.22967207e-04 5.78314732e-04 3.34050669e-04 2.33539532e-04 1.90480106e-04 3.80437313e-04 1.12373737e-04 2.61339833e-03 3.82118002e-03 2.01192101e-04 5.86667369e-05 3.91241776e-05 1.05336028e-04 2.86772673e-05 4.72766027e-05 1.03815977e-04 6.45595137e-05 1.15329177e-04 1.40152564e-04 8.68732660e-05 6.44876546e-05 4.55580266e-06 8.56679981e-06 5.85256894e-06 2.23105559e-05 4.74834669e-06 1.51579173e-05 3.80405609e-05 3.49306589e-05 1.11615307e-05 4.05534924e-05 3.16967140e-05 1.32892019e-05 3.65113601e-05 4.21435535e-05 9.05418565e-06 3.37324123e-05 7.23155452e-05 2.14468106e-05 1.79934607e-04 3.33797451e-04 1.33518980e-05 1.00681385e-04 6.72882015e-06 2.37693079e-05 2.03541462e-04 3.81330532e-04 6.32502631e-05 1.39730738e-04 1.86880248e-05 4.59919622e-06 8.65965626e-06 3.24757267e-06 7.76990174e-08 1.00000000e-10 1.00000000e-10
 1996 02 10 12 00 00  3.52102546e-03 2.13388467e-03 1.16740301e-03 8.22695415e-04 5.78071592e-04 3.33944401e-04 2.33432774e-04 1.90362077e-04 3.80132742e-04 1.12288024e-04 2.61096859e-03 3.81682441e-03 2.01066468e-04 5.86352607e-05 3.91053967e-05 1.05248217e-04 2.86526163e-05 4.72123182e-05 1.03746970e-04 6.45249966e-05 1.15195031e-04 1.39981351e-04 8.68014115e-05 6.44591121e-05 4.55403278e-06 8.57046180e-06 5.85188827e-06 2.23022356e-05 4.74755288e-06 1.51517707e-05 3.80053181e-05 3.49204434e-05 1.11402376e-05 4.05209182e-05 3.16503923e-05 1.32857735e-05 3.64444294e-05 4.20500607e-05 9.05722918e-06 3.36879657e-05 7.21122266e-05 2.14173968e-05 1.79592479e-04 3.33371863e-04 1.33348745e-05 1.00273071e-04 6.58652280e-06 2.37121523e-05 2.02881604e-04 3.80664031e-04 6.31143048e-05 1.39454287e-04 1.88677678e-05 4.66447575e-06 8.81003944e-06 3.34512254e-06 8.18960711e-08 2.10238937e-11 1.00000000e-10
 1996 02 11 12 00 00  3.52081819e-03 2.13374258e-03 1.16731303e-03 8.22629697e-04 5.78013493e-04 3.33918683e-04 2.33406861e-04 1.90333498e-04 3.80058509e-04 1.12266881e-04 2.61037682e-03 3.81575376e-03 2.01035622e-04 5.86277111e-05 3.91007906e-05 1.05227201e-04 2.86470779e-05 4.71970299e-05 1.03730989e-04 6.45167485e-05 1.15162420e-04 1.39939663e-04 8.67839189e-05 6.44535399e-05 4.55363115e-06 8.57299165e-06 5.85172238e-06 2.23004688e-05 4.74735243e-06 1.51503655e-05 3.79971057e-05 3.49181180e-05 1.11354340e-05 4.05141691e-05 3.16387566e-05 1.32849280e-05 3.64285949e-05 4.20277878e-05 9.05932975e-06 3.36795257e-05 7.20640877e-05 2.14102780e-05 1.79518829e-04 3.33265276e-04 1.33306110e-05 1.00176741e-04 6.55291151e-06 2.36982596e-05 2.02726605e-04 3.80512905e-04 6.30822483e-05 1.39459106e-04 1.90023122e-05 4.71331891e-06 8.92245362e-06 3.41680688e-06 8.48883747e-08 1.13869625e-10 1.00000000e-10
 1996 02 12 12 00 00  3.52188338e-03 2.13446683e-03 1.16777238e-03 8.22977417e-04 5.78327206e-04 3.34054569e-04 2.33543106e-04 1.90484409e-04 3.80446079e-04 1.12375038e-04 2.61346957e-03 3.82126421e-03 2.01194679e-04 5.86682293e-05 3.91245927e-05 1.05340371e-04 2.86801835e-05 4.72802552e-05 1.03821786e-04 6.45612658e-05 1.15333048e-04 1.40157686e-04 8.68754296e-05 6.44843329e-05 4.55599111e-06 8.55976250e-06 5.85259040e-06 2.23110602e-05 4.74833687e-06 1.51585292e-05 3.80428970e-05 3.49317095e-05 1.11639572e-05 4.05510728e-05 3.16964346e-05 1.32892528e-05 3.65139854e-05 4.21479087e-05 9.04832123e-06 3.37254639e-05 7.23266771e-05 2.14478918e-05 1.79915913e-04 3.33796466e-04 1.33518586e-05 1.00698346e-04 6.73794129e-06 2.37711443e-05 2.03587805e-04 3.81356369e-04 6.32592450e-05 1.39594827e-04 1.84566401e-05 4.51492485e-06 8.46437290e-06 3.10734958e-06 7.06580334e-08 1.00000000e-10 1.00000000e-10
 1996 02 13 12 00 00  3.51296805e-03 2.13366174e-03 1.16701874e-03 8.22160322e-04 5.77539182e-04 3.33047779e-04 2.32671529e-04 1.89794510e-04 3.79145040e-04 1.12437537e-04 2.59769580e-03 3.78191434e-03 2.00767224e-04 5.88346122e-05 3.89895108e-05 1.03659961e-04 2.80324573e-05 4.57160408e-05 1.03885068e-04 6.51959155e-05 1.12218674e-04 1.36154631e-04 8.53157268e-05 6.39832801e-05 4.51623964e-06 8.55313119e-06 5.83465007e-06 2.21167319e-05 4.76254681e-06 1.50477665e-05 3.73048738e-05 3.46988585e-05 1.06018430e-05 3.99585028e-05 3.25280125e-05 1.32146844e-05 3.52554572e-05 4.02192595e-05 9.04280241e-06 3.32305172e-05 6.83249367e-05 2.19855589e-05 1.72278700e-04 3.41448893e-04 1.36579557e-05 9.54796943e-05 3.11287477e-06 2.48138909e-05 1.92990836e-04 3.71372980e-04 6.29752994e-05 1.29256438e-04 1.81857823e-05 4.41644056e-06 8.23694656e-06 2.95333788e-06 6.35491698e-08 1.00000000e-10 1.00000000e-10
 1996 02 14 12 00 00  3.51273326e-03 2.13041485e-03 1.16523168e-03 8.21395213e-04 5.77161705e-04 3.33271846e-04 2.32715882e-04 1.89767981e-04 3.79068900e-04 1.11774467e-04 2.59729906e-03 3.79253514e-03 2.00226006e-04 5.82966765e-05 3.88447721e-05 1.03497192e-04 2.80876324e-05 4.58659371e-05 1.02835362e-04 6.42541272e-05 1.12538590e-04 1.36564036e-04 8.53936366e-05 6.38704814e-05 4.52024469e-06 8.55539402e-06 5.83638066e-06 2.20965974e-05 4.74142107e-06 1.50168485e-05 3.72398266e-05 3.47220834e-05 1.06470296e-05 3.98814933e-05 3.12919641e-05 1.32230751e-05 3.51239497e-05 4.01985175e-05 9.04468397e-06 3.28864891e-05 6.81357578e-05 2.11873616e-05 1.72304405e-04 3.30075653e-04 1.32030261e-05 9.27369834e-05 3.43055035e-06 2.32656719e-05 1.89832532e-04 3.67610792e-04 6.11103101e-05 1.29899165e-04 1.82884323e-05 4.45373873e-06 8.32295441e-06 3.01012463e-06 6.60665094e-08 1.00000000e-10 1.00000000e-10
 1996 02 15 12 00 00  3.51115321e-03 2.12994780e-03 1.16488704e-03 8.21012218e-04 5.76754504e-04 3.33023550e-04 2.32503305e-04 1.89547472e-04 3.78500277e-04 1.11740895e-04 2.59268682e-03 3.78190801e-03 2.00092012e-04 5.83394835e-05 3.88368248e-05 1.03345376e-04 2.80193461e-05 4.56999696e-05 1.02898332e-04 6.43690058e-05 1.12201726e-04 1.36133794e-04 8.52307789e-05 6.38296832e-05 4.51541455e-06 8.55908875e-06 5.83458204e-06 2.20807506e-05 4.74398512e-06 1.50088553e-05 3.71750016e-05 3.46942717e-05 1.05902749e-05 3.98270279e-05 3.14420642e-05 1.32145418e-05 3.50081575e-05 4.00073878e-05 9.04775661e-06 3.28596605e-05 6.77468879e-05 2.12846164e-05 1.71571523e-04 3.31457167e-04 1.32582867e-05 9.24154000e-05 3.06903676e-06 2.34542444e-05 1.89035491e-04 3.66917815e-04 6.11918170e-05 1.29012692e-04 1.84486573e-05 4.51197377e-06 8.45732147e-06 3.09979179e-06 7.01109112e-08 1.00000000e-10 1.00000000e-10
 1996 02 16 12 00 00  3.51147794e-03 2.13065291e-03 1.16529102e-03 8.21214695e-04 5.76881377e-04 3.33021373e-04 2.32529822e-04 1.89588259e-04 3.78612419e-04 1.11872610e-04 2.59355111e-03 3.78190614e-03 2.00218016e-04 5.84326435e-05 3.88656016e-05 1.03396221e-04 2.80144945e-05 4.56940237e-05 1.03080902e-04 6.45259279e-05 1.12196286e-04 1.36126084e-04 8.52422602e-05 6.38710337e-05 4.51510932e-06 8.57902560e-06 5.83455658e-06 2.20867202e-05 4.74754743e-06 1.50148294e-05 3.71929323e-05 3.46925721e-05 1.05859915e-05 3.98612790e-05 3.16502264e-05 1.32144880e-05 3.50492550e-05 4.00373790e-05 9.06434652e-06 3.29543833e-05 6.78299364e-05 2.14179643e-05 1.71768866e-04 3.33371192e-04 1.33348477e-05 9.29625016e-05 3.05280882e-06 2.37131157e-05 1.89682416e-04 3.67727787e-04 6.15166573e-05 1.29628193e-04 1.92897006e-05 4.81771208e-06 9.16302989e-06 3.57390297e-06 9.17248283e-08 3.39975603e-10 1.00000000e-10
 1996 02 17 12 00 00  3.51664100e-03 2.13305752e-03 1.16689980e-03 8.22624860e-04 5.78244684e-04 3.33748574e-04 2.33195192e-04 1.90297324e-04 3.80461326e-04 1.12160618e-04 2.60845151e-03 3.81377749e-03 2.00797156e-04 5.84401731e-05 3.89314393e-05 1.03908127e-04 2.81965302e-05 4.61639604e-05 1.03160342e-04 6.44119980e-05 1.13178970e-04 1.37380565e-04 8.57373004e-05 6.40393307e-05 4.52816312e-06 8.58670974e-06 5.83983492e-06 2.21375292e-05 4.74497792e-06 1.50444469e-05 3.73947531e-05 3.47680209e-05 1.07361222e-05 4.00611363e-05 3.14999837e-05 1.32398418e-05 3.54365988e-05 4.06292800e-05 9.07074136e-06 3.31511853e-05 6.90544612e-05 2.13212916e-05 1.74104055e-04 3.31989185e-04 1.32795674e-05 9.46023638e-05 4.06106046e-06 2.35255313e-05 1.92794460e-04 3.70738076e-04 6.17211821e-05 1.32676515e-04 1.96072308e-05 4.93315749e-06 9.42957923e-06 3.75388926e-06 9.99956008e-08 6.34596820e-10 1.00000000e-10
 1996 02 18 12 00 00  3.51885764e-03 2.13489545e-03 1.16803084e-03 8.23407609e-04 5.78907086e-04 3.33993780e-04 2.33461104e-04 1.90599616e-04 3.81252751e-04 1.12450925e-04 2.61476977e-03 3.82440090e-03 2.01177902e-04 5.85814841e-05 3.89961954e-05 1.04162059e-04 2.82565597e-05 4.63198143e-05 1.03463384e-04 6.46063592e-05 1.13505680e-04 1.37797695e-04 8.59233349e-05 6.41315770e-05 4.53247412e-06 8.58054409e-06 5.84159097e-06 2.21627872e-05 4.74931730e-06 1.50643920e-05 3.74933216e-05 3.47929454e-05 1.07855943e-05 4.01583622e-05 3.17540020e-05 1.32482848e-05 3.56292458e-05 4.08788919e-05 9.06561108e-06 3.33093406e-05 6.96070672e-05 2.14858548e-05 1.75017995e-04 3.34327163e-04 1.33730865e-05 9.59726892e-05 4.39498035e-06 2.38446155e-05 1.94880118e-04 3.72909388e-04 6.22825664e-05 1.33486361e-04 1.93395744e-05 4.83587642e-06 9.20512233e-06 3.60413337e-06 9.32431593e-08 3.99946032e-10 1.00000000e-10
 1996 02 19 12 00 00  3.52081172e-03 2.13618372e-03 1.16884594e-03 8.24023587e-04 5.79457975e-04 3.34238049e-04 2.33703515e-04 1.90866522e-04 3.81950225e-04 1.12637869e-04 2.62037142e-03 3.83502468e-03 2.01458387e-04 5.86474611e-05 3.90377474e-05 1.04371427e-04 2.83175643e-05 4.64768556e-05 1.03613706e-04 6.46749162e-05 1.13834169e-04 1.38216369e-04 8.60985491e-05 6.42198470e-05 4.53684552e-06 8.60005166e-06 5.84335212e-06 2.21851098e-05 4.75090783e-06 1.50790472e-05 3.75772154e-05 3.48182046e-05 1.08359243e-05 4.02520043e-05 3.18467326e-05 1.32567366e-05 3.57911045e-05 4.11025132e-05 9.08184593e-06 3.34457632e-05 7.00865357e-05 2.15443913e-05 1.75970896e-04 3.35178719e-04 1.34071487e-05 9.69213702e-05 4.73214677e-06 2.39584333e-05 1.96409857e-04 3.74525433e-04 6.25778394e-05 1.35063760e-04 2.01505047e-05 5.13069704e-06 9.88577198e-06 4.06306629e-06 1.14284183e-07 1.34645708e-09 4.53074633e-11
 1996 02 20 12 00 00  3.52877021e-03 2.14161250e-03 1.17226609e-03 8.26581397e-04 5.81731848e-04 3.35218328e-04 2.34688114e-04 1.91956029e-04 3.84794850e-04 1.13438344e-04 2.64318527e-03 3.87752168e-03 2.02633103e-04 5.89527249e-05 3.92166115e-05 1.05236848e-04 2.85639981e-05 4.71080042e-05 1.04305170e-04 6.50169561e-05 1.15149565e-04 1.39894926e-04 8.68068041e-05 6.45394456e-05 4.55448571e-06 8.61358858e-06 5.85041016e-06 2.22735506e-05 4.75861452e-06 1.51410068e-05 3.79203261e-05 3.49201087e-05 1.10393834e-05 4.05992649e-05 3.22974462e-05 1.32905785e-05 3.64517534e-05 4.20124167e-05 9.09311202e-06 3.39371215e-05 7.20493974e-05 2.18345638e-05 1.79517731e-04 3.39324761e-04 1.35729904e-05 1.00917923e-04 6.08893170e-06 2.45214498e-05 2.02864891e-04 3.81166531e-04 6.39081932e-05 1.39437457e-04 2.07062657e-05 5.33276584e-06 1.03523676e-05 4.37864439e-06 1.28822249e-07 2.12615685e-09 1.16552668e-10
 1996 02 21 12 00 00  3.53285039e-03 2.14454345e-03 1.17409996e-03 8.27922632e-04 5.82908051e-04 3.35708488e-04 2.35188755e-04 1.92513333e-04 3.86251439e-04 1.13878865e-04 2.65486182e-03 3.89876999e-03 2.03258813e-04 5.91329019e-05 3.93145711e-05 1.05685359e-04 2.86864903e-05 4.74226894e-05 1.04703065e-04 6.52344956e-05 1.15806184e-04 1.40733054e-04 8.71648984e-05 6.47020355e-05 4.56325979e-06 8.61242588e-06 5.85393464e-06 2.23188632e-05 4.76356472e-06 1.51739241e-05 3.80981527e-05 3.49708076e-05 1.11404719e-05 4.07749886e-05 3.25866451e-05 1.33074936e-05 3.67940700e-05 4.24768600e-05 9.09214941e-06 3.41933483e-05 7.30573902e-05 2.20195201e-05 1.81284831e-04 3.41983508e-04 1.36793403e-05 1.03078106e-04 6.76489362e-06 2.48805678e-05 2.06296206e-04 3.84695753e-04 6.46708719e-05 1.41362431e-04 2.06216462e-05 5.30209011e-06 1.02819785e-05 4.33625646e-06 1.27241874e-07 2.06914343e-09 1.12034071e-10
 1996 02 22 12 00 00  3.53644033e-03 2.14645128e-03 1.17534650e-03 8.28954206e-04 5.83877633e-04 3.36195715e-04 2.35645579e-04 1.93005151e-04 3.87534359e-04 1.14127451e-04 2.66520024e-03 3.92001830e-03 2.03698927e-04 5.91755494e-05 3.93701221e-05 1.06051134e-04 2.88094627e-05 4.77379595e-05 1.04825942e-04 6.52219635e-05 1.16463128e-04 1.41571940e-04 8.75021180e-05 6.48202207e-05 4.57206406e-06 8.60783330e-06 5.85746202e-06 2.23551036e-05 4.76338901e-06 1.51968493e-05 3.82447396e-05 3.50216724e-05 1.12419861e-05 4.09130335e-05 3.25757108e-05 1.33244117e-05 3.70722336e-05 4.28887322e-05 9.08833317e-06 3.43421928e-05 7.39208097e-05 2.20097747e-05 1.82855846e-04 3.41879540e-04 1.36751816e-05 1.04415323e-04 7.44246790e-06 2.48622149e-05 2.08688021e-04 3.87029692e-04 6.49448268e-05 1.43105405e-04 2.03877520e-05 5.21716129e-06 1.00864160e-05 4.21041325e-06 1.21902870e-07 1.81695585e-09 8.98409791e-11
 1996 02 23 12 00 00  3.53683537e-03 2.14727974e-03 1.17582095e-03 8.29201085e-04 5.84039697e-04 3.36198374e-04 2.35680188e-04 1.93056554e-04 3.87671469e-04 1.14282141e-04 2.66627325e-03 3.92001830e-03 2.03847454e-04 5.92832465e-05 3.94033995e-05 1.06116227e-04 2.88094627e-05 4.77379595e-05 1.05035436e-04 6.54029078e-05 1.16464108e-04 1.41571940e-04 8.75191226e-05 6.48773701e-05 4.57206406e-06 8.64033864e-06 5.85746202e-06 2.23643305e-05 4.76755777e-06 1.52048740e-05 3.82726794e-05 3.50216724e-05 1.12419861e-05 4.09609358e-05 3.28189519e-05 1.33244117e-05 3.71277446e-05 4.29328282e-05 9.11538300e-06 3.44672241e-05 7.40402115e-05 2.21640381e-05 1.83168154e-04 3.44114154e-04 1.37645662e-05 1.05098002e-04 7.44246790e-06 2.51620164e-05 2.09517009e-04 3.88074763e-04 6.53295016e-05 1.44168262e-04 2.17424782e-05 5.70967456e-06 1.12234333e-05 4.97655786e-06 1.56993140e-07 3.68366155e-09 2.60031974e-10
 1996 02 24 12 00 00  3.54065144e-03 2.14966072e-03 1.17733862e-03 8.30374374e-04 5.85102823e-04 3.36687142e-04 2.36156957e-04 1.93578034e-04 3.89033329e-04 1.14619181e-04 2.67722697e-03 3.94126661e-03 2.04372671e-04 5.93879668e-05 3.94781226e-05 1.06519545e-04 2.89324409e-05 4.80532384e-05 1.05280221e-04 6.54945266e-05 1.17122098e-04 1.42410840e-04 8.78660800e-05 6.50414393e-05 4.58086906e-06 8.67251438e-06 5.86098940e-06 2.24070600e-05 4.76975947e-06 1.52324038e-05 3.84355740e-05 3.50725400e-05 1.13435031e-05 4.11375686e-05 3.29468690e-05 1.33413298e-05 3.74395277e-05 4.33709104e-05 9.14215634e-06 3.47118001e-05 7.49738538e-05 2.22429022e-05 1.85010078e-04 3.45286479e-04 1.38114592e-05 1.06838141e-04 8.12005601e-06 2.53157545e-05 2.12385076e-04 3.91066370e-04 6.58249434e-05 1.47118138e-04 2.30920911e-05 6.20030817e-06 1.23560088e-05 5.73850310e-06 1.91804705e-07 5.52906769e-09 4.28118430e-10
 1996 02 25 12 00 00  3.53864934e-03 2.14829547e-03 1.17647683e-03 8.29721615e-04 5.84517695e-04 3.36440689e-04 2.35907479e-04 1.93300688e-04 3.88312023e-04 1.14416164e-04 2.67147120e-03 3.93064134e-03 2.04073920e-04 5.93040653e-05 3.94311996e-05 1.06296851e-04 2.88694951e-05 4.78938106e-05 1.05080539e-04 6.53980125e-05 1.16790833e-04 1.41989070e-04 8.76877541e-05 6.49402748e-05 4.57637470e-06 8.64080648e-06 5.85921807e-06 2.23823254e-05 4.76783425e-06 1.52163346e-05 3.83496821e-05 3.50465940e-05 1.12914589e-05 4.10315336e-05 3.28327529e-05 1.33328547e-05 3.72694720e-05 4.31385511e-05 9.11577590e-06 3.45490292e-05 7.44708449e-05 2.21630835e-05 1.83969232e-04 3.44228779e-04 1.37691511e-05 1.05794846e-04 7.77638706e-06 2.51622027e-05 2.10712825e-04 3.89256240e-04 6.54657705e-05 1.45102336e-04 2.17353822e-05 5.70715958e-06 1.12179426e-05 4.97656554e-06 1.57258994e-07 3.71770206e-09 2.63635136e-10
 1996 02 26 12 00 00  3.53666565e-03 2.14696863e-03 1.17563753e-03 8.29081499e-04 5.83941662e-04 3.36193949e-04 2.35659795e-04 1.93026251e-04 3.87598291e-04 1.14220632e-04 2.66576667e-03 3.92001644e-03 2.03782795e-04 5.92268472e-05 3.93863100e-05 1.06077709e-04 2.88060604e-05 4.77337919e-05 1.04896846e-04 6.53124007e-05 1.16459350e-04 1.41566537e-04 8.75099813e-05 6.48509357e-05 4.57185015e-06 8.62358575e-06 5.85744419e-06 2.23588006e-05 4.76609493e-06 1.52006107e-05 3.82643492e-05 3.50204820e-05 1.12389876e-05 4.09356896e-05 3.27298738e-05 1.33243739e-05 3.71028074e-05 4.29084188e-05 9.10144736e-06 3.44092972e-05 7.39735989e-05 2.20920236e-05 1.83006118e-04 3.43276367e-04 1.37310547e-05 1.04791350e-04 7.43110213e-06 2.50253244e-05 2.09080743e-04 3.87537793e-04 6.51290835e-05 1.43546775e-04 2.10032330e-05 5.44102038e-06 1.06037046e-05 4.56469273e-06 1.38538906e-07 2.73264864e-09 1.74097259e-10
 1996 02 27 12 00 00  3.53840697e-03 2.14782440e-03 1.17620326e-03 8.29560192e-04 5.84396338e-04 3.36435831e-04 2.35881841e-04 1.93262878e-04 3.88217374e-04 1.14325726e-04 2.67077638e-03 3.93063948e-03 2.03982914e-04 5.92314684e-05 3.94090118e-05 1.06248710e-04 2.88660929e-05 4.78896458e-05 1.04918532e-04 6.52792340e-05 1.16785912e-04 1.41983667e-04 8.76755113e-05 6.49034985e-05 4.57616079e-06 8.61867811e-06 5.85920025e-06 2.23752877e-05 4.76554087e-06 1.52106980e-05 3.83342922e-05 3.50454065e-05 1.12884598e-05 4.09984083e-05 3.26963112e-05 1.33328183e-05 3.72338739e-05 4.31063765e-05 9.09736773e-06 3.44690648e-05 7.43836445e-05 2.20654852e-05 1.83751883e-04 3.42961463e-04 1.37184585e-05 1.05364280e-04 7.76502056e-06 2.49748584e-05 2.10139216e-04 3.88544606e-04 6.52057490e-05 1.44306389e-04 2.07721862e-05 5.35708764e-06 1.04102517e-05 4.43804043e-06 1.33003088e-07 2.45801854e-09 1.49557422e-10
 1996 02 28 12 00 00  3.53440290e-03 2.14508912e-03 1.17447931e-03 8.28260381e-04 5.83234728e-04 3.35941723e-04 2.35384144e-04 1.92710918e-04 3.86780691e-04 1.13920316e-04 2.65927436e-03 3.90938967e-03 2.03388186e-04 5.90709318e-05 3.93172611e-05 1.05806346e-04 2.87387491e-05 4.75690147e-05 1.04547367e-04 6.50967821e-05 1.16123239e-04 1.41137830e-04 8.73181595e-05 6.47467476e-05 4.56708112e-06 8.62036468e-06 5.85565067e-06 2.23299525e-05 4.76162968e-06 1.51785412e-05 3.81598868e-05 3.49930109e-05 1.11830886e-05 4.08261324e-05 3.24663415e-05 1.33158523e-05 3.68986009e-05 4.26436807e-05 9.09877999e-06 3.42287989e-05 7.33814393e-05 2.19123540e-05 1.81992969e-04 3.40839637e-04 1.36335855e-05 1.03319880e-04 7.07282961e-06 2.46787909e-05 2.06809055e-04 3.85141928e-04 6.45081082e-05 1.42271102e-04 2.07741078e-05 5.35795280e-06 1.04130600e-05 4.44947084e-06 1.34209668e-07 2.57339643e-09 1.61362035e-10
 1996 02 29 12 00 00  3.53214865e-03 2.14320928e-03 1.17332243e-03 8.27448726e-04 5.82541064e-04 3.35691381e-04 2.35111273e-04 1.92399455e-04 3.85970480e-04 1.13620953e-04 2.65282215e-03 3.89876403e-03 2.02996281e-04 5.89195132e-05 3.92495003e-05 1.05540073e-04 2.86733790e-05 4.74066183e-05 1.04215182e-04 6.48873625e-05 1.15789807e-04 1.40712218e-04 8.71277272e-05 6.46499258e-05 4.56243433e-06 8.62622401e-06 5.85386661e-06 2.23024896e-05 4.75712914e-06 1.51570072e-05 3.80560518e-05 3.49662179e-05 1.11289039e-05 4.07237836e-05 3.22017906e-05 1.33073510e-05 3.66974232e-05 4.23830377e-05 9.10366725e-06 3.40620272e-05 7.27999004e-05 2.17364854e-05 1.81037973e-04 3.38399125e-04 1.35359650e-05 1.01873852e-04 6.72105671e-06 2.43387083e-05 2.04585827e-04 3.82823939e-04 6.39043648e-05 1.41317789e-04 2.09445725e-05 5.42010507e-06 1.05574193e-05 4.55702874e-06 1.39872549e-07 2.92985116e-09 1.95246819e-10
 1996 03 01 12 00 00  3.52685080e-03 2.14056490e-03 1.17157431e-03 8.25948270e-04 5.81104308e-04 3.34957499e-04 2.34429854e-04 1.91667965e-04 3.84068306e-04 1.13286817e-04 2.63751884e-03 3.86688970e-03 2.02370063e-04 5.88757192e-05 3.91725835e-05 1.04998903e-04 2.84850365e-05 4.69289429e-05 1.04054801e-04 6.49425492e-05 1.14799179e-04 1.39447706e-04 8.66236005e-05 6.44695420e-05 4.54898291e-06 8.61968874e-06 5.84855552e-06 2.22475610e-05 4.75854831e-06 1.51236851e-05 3.78417151e-05 3.48885573e-05 1.09732027e-05 4.05123800e-05 3.22837266e-05 1.32819303e-05 3.62881929e-05 4.17684923e-05 9.09824157e-06 3.38382093e-05 7.15148120e-05 2.17847613e-05 1.78628275e-04 3.39147250e-04 1.35658900e-05 9.99944076e-05 5.69169861e-06 2.44333030e-05 2.01122911e-04 3.79430524e-04 6.35627702e-05 1.38140413e-04 2.05852351e-05 5.28967910e-06 1.02573503e-05 4.36697251e-06 1.32036919e-07 2.57815582e-09 1.64817726e-10
 1996 03 02 12 00 00  3.52286993e-03 2.13787025e-03 1.16987373e-03 8.24663413e-04 5.79954711e-04 3.34464863e-04 2.33934863e-04 1.91119637e-04 3.82640179e-04 1.12889065e-04 2.62608584e-03 3.84563990e-03 2.01782959e-04 5.87204442e-05 3.90824509e-05 1.04561374e-04 2.83591449e-05 4.66100930e-05 1.03694077e-04 6.47687295e-05 1.14137972e-04 1.38604178e-04 8.62679954e-05 6.43049641e-05 4.53999492e-06 8.60742948e-06 5.84501286e-06 2.22020975e-05 4.75483466e-06 1.50921954e-05 3.76697339e-05 3.48366739e-05 1.08691172e-05 4.03336619e-05 3.20653140e-05 1.32649802e-05 3.59556091e-05 4.13093792e-05 9.08805305e-06 3.35841903e-05 7.05225955e-05 2.16389788e-05 1.76814376e-04 3.37131608e-04 1.34852643e-05 9.79825243e-05 5.00437418e-06 2.41515139e-05 1.97853136e-04 3.76049460e-04 6.28861504e-05 1.35676588e-04 1.99802190e-05 5.06995364e-06 9.75120649e-06 4.03904231e-06 1.17956855e-07 1.89954719e-09 1.04715758e-10
 1996 03 03 12 00 00  3.51901883e-03 2.13545009e-03 1.16833089e-03 8.23460887e-04 5.78859411e-04 3.33972241e-04 2.33451264e-04 1.90588612e-04 3.81258357e-04 1.12542912e-04 2.61500531e-03 3.82438973e-03 2.01245815e-04 5.86027830e-05 3.90039051e-05 1.04145545e-04 2.82322842e-05 4.62900527e-05 1.03409597e-04 6.46578148e-05 1.13475575e-04 1.37759100e-04 8.59174875e-05 6.41507469e-05 4.53094581e-06 8.59417851e-06 5.84146510e-06 2.21587279e-05 4.75249617e-06 1.50632552e-05 3.75049356e-05 3.47844441e-05 1.07641725e-05 4.01637234e-05 3.19275743e-05 1.32480200e-05 3.56391115e-05 4.08631073e-05 9.07703652e-06 3.33564915e-05 6.95661346e-05 2.15462074e-05 1.75038224e-04 3.35859435e-04 1.34343774e-05 9.61859440e-05 4.31379376e-06 2.39723624e-05 1.94854331e-04 3.72976607e-04 6.23416755e-05 1.33207984e-04 1.93559878e-05 4.84318841e-06 9.22855014e-06 3.69691030e-06 1.03006158e-07 1.15812013e-09 3.84721477e-11
 1996 03 04 12 00 00  3.51704151e-03 2.13415824e-03 1.16751177e-03 8.22824377e-04 5.78280362e-04 3.33721625e-04 2.33202420e-04 1.90313699e-04 3.80546381e-04 1.12353969e-04 2.60930239e-03 3.81376296e-03 2.00960611e-04 5.85315130e-05 3.89608466e-05 1.03925087e-04 2.81644869e-05 4.61246877e-05 1.03238828e-04 6.45825581e-05 1.13138632e-04 1.37329631e-04 8.57377435e-05 6.40611790e-05 4.52614622e-06 8.57726554e-06 5.83966903e-06 2.21342787e-05 4.75094566e-06 1.50471020e-05 3.74156632e-05 3.47568071e-05 1.07078456e-05 4.00674426e-05 3.18359787e-05 1.32394925e-05 3.54698548e-05 4.06283409e-05 9.06296918e-06 3.32187537e-05 6.90577430e-05 2.14835571e-05 1.74056931e-04 3.35012267e-04 1.34004907e-05 9.51845644e-05 3.95390671e-06 2.38515655e-05 1.93204761e-04 3.71247645e-04 6.20190996e-05 1.31586185e-04 1.86019213e-05 4.56916564e-06 8.59652357e-06 3.27789700e-06 8.43060352e-08 3.57375818e-10 1.00000000e-10
 1996 03 05 12 00 00  3.51361239e-03 2.13263945e-03 1.16648631e-03 8.21887769e-04 5.77357213e-04 3.33227962e-04 2.32754875e-04 1.89837671e-04 3.79313255e-04 1.12176837e-04 2.59935868e-03 3.79251093e-03 2.00586363e-04 5.85356983e-05 3.89198743e-05 1.03578106e-04 2.80332606e-05 4.57992894e-05 1.03198284e-04 6.46759348e-05 1.12471279e-04 1.36477620e-04 8.54031715e-05 6.39521410e-05 4.51682208e-06 8.57734194e-06 5.83609872e-06 2.20984303e-05 4.75313718e-06 1.50262495e-05 3.72743338e-05 3.47030495e-05 1.05990483e-05 3.99354052e-05 3.19636165e-05 1.32224828e-05 3.52066294e-05 4.02230266e-05 9.06303540e-06 3.30979918e-05 6.82148490e-05 2.15635024e-05 1.72482188e-04 3.36183584e-04 1.34473434e-05 9.40956291e-05 3.24872744e-06 2.40071415e-05 1.91071515e-04 3.69212754e-04 6.19014206e-05 1.29580070e-04 1.85816594e-05 4.56185678e-06 8.57992881e-06 3.26998597e-06 8.41779368e-08 3.63538089e-10 1.00000000e-10
 1996 03 06 12 00 00  3.50955944e-03 2.12981987e-03 1.16471488e-03 8.20558592e-04 5.76172763e-04 3.32729621e-04 2.32251660e-04 1.89278903e-04 3.77860782e-04 1.11756159e-04 2.58771208e-03 3.77125815e-03 1.99977198e-04 5.83676279e-05 3.88257445e-05 1.03126349e-04 2.79015425e-05 4.54733032e-05 1.02817462e-04 6.44807296e-05 1.11803198e-04 1.35624833e-04 8.50414734e-05 6.37926311e-05 4.50746702e-06 8.58173880e-06 5.83252622e-06 2.20514104e-05 4.74880217e-06 1.49925850e-05 3.70914547e-05 3.46491230e-05 1.04898187e-05 3.97607777e-05 3.17097350e-05 1.32054702e-05 3.48615304e-05 3.97500463e-05 9.06669520e-06 3.28524206e-05 6.71860975e-05 2.13984240e-05 1.70695804e-04 3.33846121e-04 1.33538449e-05 9.19632406e-05 2.54191909e-06 2.36871827e-05 1.87614474e-04 3.65685297e-04 6.11689753e-05 1.27624414e-04 1.87682118e-05 4.62967034e-06 8.73644422e-06 3.37499108e-06 8.89545110e-08 5.31472644e-10 1.00000000e-10
 1996 03 07 12 00 00  3.50563760e-03 2.12727513e-03 1.16310138e-03 8.19312713e-04 5.75043942e-04 3.32231758e-04 2.31760172e-04 1.88737797e-04 3.76455224e-04 1.11387145e-04 2.57642337e-03 3.75000611e-03 1.99418132e-04 5.82371405e-05 3.87431915e-05 1.02696833e-04 2.77693471e-05 4.51467233e-05 1.02512647e-04 6.43483130e-05 1.11133993e-04 1.34771288e-04 8.46851862e-05 6.36283324e-05 4.49808249e-06 8.56373299e-06 5.82895045e-06 2.20052323e-05 4.74584267e-06 1.49615627e-05 3.69156547e-05 3.45950306e-05 1.03801649e-05 3.95821825e-05 3.15364974e-05 1.31884532e-05 3.45308298e-05 3.92895773e-05 9.05171037e-06 3.26052784e-05 6.61930094e-05 2.12862855e-05 1.68841205e-04 3.32251791e-04 1.32900716e-05 9.00373181e-05 1.83349985e-06 2.34697291e-05 1.84435050e-04 3.62405768e-04 6.05693406e-05 1.24992294e-04 1.80199463e-05 4.35763141e-06 8.10838831e-06 2.95148837e-06 6.95356434e-08 1.00000000e-10 1.00000000e-10
 1996 03 08 12 00 00  3.50572268e-03 2.12750375e-03 1.16323177e-03 8.19362990e-04 5.75063127e-04 3.32223994e-04 2.31763315e-04 1.88744967e-04 3.76481551e-04 1.11429405e-04 2.57661580e-03 3.75000201e-03 1.99457010e-04 5.82670820e-05 3.87524778e-05 1.02704456e-04 2.77601241e-05 4.51354164e-05 1.02569072e-04 6.44000072e-05 1.11123009e-04 1.34756627e-04 8.46840883e-05 6.36490458e-05 4.49750187e-06 8.58440471e-06 5.82890316e-06 2.20057959e-05 4.74703411e-06 1.49620504e-05 3.69140043e-05 3.45918001e-05 1.03720253e-05 3.95984686e-05 3.16060148e-05 1.31883528e-05 3.45372469e-05 3.92883473e-05 9.06890855e-06 3.26515280e-05 6.61917363e-05 2.13303603e-05 1.68931419e-04 3.32890419e-04 1.33156167e-05 9.01752141e-05 1.80265379e-06 2.35553889e-05 1.84539438e-04 3.62610972e-04 6.06622740e-05 1.25558515e-04 1.89143441e-05 4.68271176e-06 8.85847978e-06 3.45233313e-06 9.21467990e-08 6.28709707e-10 1.00000000e-10
 1996 03 09 12 00 00  3.50746064e-03 2.12838950e-03 1.16381574e-03 8.19840871e-04 5.75509343e-04 3.32458472e-04 2.31982433e-04 1.88979769e-04 3.77100656e-04 1.11540707e-04 2.58159157e-03 3.76062170e-03 1.99663102e-04 5.82807289e-05 3.87779011e-05 1.02871720e-04 2.78118998e-05 4.52811539e-05 1.02615070e-04 6.43820968e-05 1.11438643e-04 1.35160644e-04 8.48452404e-05 6.36831536e-05 4.50129264e-06 8.55603284e-06 5.83061628e-06 2.20187855e-05 4.74664084e-06 1.49710720e-05 3.69737136e-05 3.46138346e-05 1.04142142e-05 3.96453836e-05 3.15829559e-05 1.31967055e-05 3.46586415e-05 3.94748942e-05 9.04529807e-06 3.26815066e-05 6.65747874e-05 2.13152496e-05 1.69513659e-04 3.32677961e-04 1.33071184e-05 9.07088613e-05 2.10897451e-06 2.35261250e-05 1.85540924e-04 3.63498713e-04 6.07567300e-05 1.25513742e-04 1.77249542e-05 4.25032322e-06 7.86034863e-06 2.78073311e-06 6.14555262e-08 1.00000000e-10 1.00000000e-10
 1996 03 10 12 00 00  3.50923812e-03 2.12935420e-03 1.16444519e-03 8.20344201e-04 5.75973694e-04 3.32693664e-04 2.32205421e-04 1.89220241e-04 3.77734269e-04 1.11666937e-04 2.58667783e-03 3.77124138e-03 1.99883850e-04 5.83054026e-05 3.88067118e-05 1.03046219e-04 2.78641615e-05 4.54274821e-05 1.02684329e-04 6.43824518e-05 1.11756103e-04 1.35565417e-04 8.50083461e-05 6.37544146e-05 4.50511434e-06 8.57483392e-06 5.83233232e-06 2.20357107e-05 4.74663902e-06 1.49809782e-05 3.70376466e-05 3.46360379e-05 1.04568309e-05 3.97238588e-05 3.15829006e-05 1.32050642e-05 3.47904704e-05 3.96687244e-05 9.06094137e-06 3.27814866e-05 6.69755573e-05 2.13154723e-05 1.70353037e-04 3.32677782e-04 1.33071113e-05 9.13438380e-05 2.41691014e-06 2.35265034e-05 1.86631779e-04 3.64633384e-04 6.08910107e-05 1.26961066e-04 1.85352916e-05 4.54485767e-06 8.53999437e-06 3.23496226e-06 8.19926765e-08 2.59462585e-10 1.00000000e-10
 1996 03 11 12 00 00  3.51262120e-03 2.13086180e-03 1.16546226e-03 8.21244784e-04 5.76848182e-04 3.33173803e-04 2.32641259e-04 1.89682633e-04 3.78943507e-04 1.11840578e-04 2.59642873e-03 3.79248708e-03 2.00250959e-04 5.82965599e-05 3.88463697e-05 1.03373727e-04 2.79808242e-05 4.57350194e-05 1.02706849e-04 6.42842962e-05 1.12405933e-04 1.36394271e-04 8.53334045e-05 6.38779329e-05 4.51352171e-06 8.60360815e-06 5.83582696e-06 2.20688382e-05 4.74447515e-06 1.49988601e-05 3.71654339e-05 3.46846966e-05 1.05527753e-05 3.98658619e-05 3.14560573e-05 1.32219138e-05 3.50400354e-05 4.00522736e-05 9.08487855e-06 3.29321563e-05 6.77619229e-05 2.12325889e-05 1.71984860e-04 3.31509464e-04 1.32603786e-05 9.23440896e-05 3.07337868e-06 2.33659404e-05 1.88539944e-04 3.66536277e-04 6.09713345e-05 1.29691990e-04 1.97789604e-05 4.99688815e-06 9.58302539e-06 3.93157837e-06 1.13454522e-07 1.69148560e-09 8.65360950e-11
 1996 03 12 12 00 00  3.51639107e-03 2.13315965e-03 1.16693302e-03 8.22390319e-04 5.77890535e-04 3.33659228e-04 2.33113090e-04 1.90197861e-04 3.80290462e-04 1.12162516e-04 2.60724812e-03 3.81373391e-03 2.00761929e-04 5.83933802e-05 3.89186058e-05 1.03768516e-04 2.81004031e-05 4.60461364e-05 1.02940628e-04 6.43624924e-05 1.13059948e-04 1.37227784e-04 8.56766370e-05 6.40454283e-05 4.52211243e-06 8.64674876e-06 5.83933652e-06 2.21106949e-05 4.74625813e-06 1.50250567e-05 3.73213489e-05 3.47343739e-05 1.06512955e-05 4.00454412e-05 3.15601996e-05 1.32387970e-05 3.53439995e-05 4.04819457e-05 9.12076939e-06 3.31824382e-05 6.86734026e-05 2.12991043e-05 1.73847488e-04 3.32466756e-04 1.32986703e-05 9.40080115e-05 3.73961229e-06 2.34951076e-05 1.91292960e-04 3.69439384e-04 6.14323029e-05 1.32976068e-04 2.16415668e-05 5.67388504e-06 1.11451754e-05 4.97517199e-06 1.60606758e-07 4.15147667e-09 3.09603232e-10
 1996 03 13 12 00 00  3.51881857e-03 2.13543130e-03 1.16831314e-03 8.23306718e-04 5.78643912e-04 3.33906757e-04 2.33398410e-04 1.90528849e-04 3.81157035e-04 1.12534261e-04 2.61414719e-03 3.82435769e-03 2.01221661e-04 5.85930463e-05 3.90013484e-05 1.04058888e-04 2.81614077e-05 4.62031749e-05 1.03360570e-04 6.46542874e-05 1.13387450e-04 1.37646445e-04 8.58722544e-05 6.41420764e-05 4.52648419e-06 8.62073284e-06 5.84109766e-06 2.21387695e-05 4.75276502e-06 1.50494609e-05 3.74337397e-05 3.47596360e-05 1.07016233e-05 4.01464890e-05 3.19411542e-05 1.32472502e-05 3.55629215e-05 4.07545815e-05 9.09911541e-06 3.33593034e-05 6.92899141e-05 2.15460925e-05 1.74742846e-04 3.35973276e-04 1.34389310e-05 9.57209556e-05 4.07676816e-06 2.39739762e-05 1.93835530e-04 3.72069033e-04 6.22028178e-05 1.33251359e-04 2.05909258e-05 5.29184008e-06 1.02627863e-05 4.37590388e-06 1.32823239e-07 2.64825988e-09 1.71919212e-10
 1996 03 14 12 00 00  3.51683039e-03 2.13406470e-03 1.16745353e-03 8.22670499e-04 5.78082043e-04 3.33663160e-04 2.33153709e-04 1.90258324e-04 3.80448865e-04 1.12332930e-04 2.60845896e-03 3.81373465e-03 2.00927842e-04 5.85178072e-05 3.89569121e-05 1.03845064e-04 2.81013781e-05 4.60473326e-05 1.03194208e-04 6.45698048e-05 1.13060455e-04 1.37229331e-04 8.56960859e-05 6.40586287e-05 4.52217355e-06 8.61156732e-06 5.83934161e-06 2.21167888e-05 4.75077104e-06 1.50342652e-05 3.73482955e-05 3.47347144e-05 1.06521533e-05 4.00571630e-05 3.18250852e-05 1.32388057e-05 3.53982982e-05 4.05291111e-05 9.09148002e-06 3.32296317e-05 6.88046661e-05 2.14736719e-05 1.73834464e-04 3.34908434e-04 1.33963373e-05 9.47244528e-05 3.74286392e-06 2.38329798e-05 1.92245210e-04 3.70414961e-04 6.18755764e-05 1.32037313e-04 2.02615541e-05 5.17196800e-06 9.98542588e-06 4.18167587e-06 1.23401949e-07 2.10769393e-09 1.21646004e-10
 1996 03 15 12 00 00  3.51576033e-03 2.13459024e-03 1.16768058e-03 8.22616122e-04 5.77915339e-04 3.33428922e-04 2.32993235e-04 1.90112523e-04 3.80067866e-04 1.12486896e-04 2.60529641e-03 3.80311236e-03 2.00978580e-04 5.86975091e-05 3.89910548e-05 1.03789495e-04 2.80447421e-05 4.58956376e-05 1.03539688e-04 6.49110123e-05 1.12738026e-04 1.36817591e-04 8.55612248e-05 6.40539711e-05 4.51807682e-06 8.60175496e-06 5.83760266e-06 2.21124400e-05 4.75823363e-06 1.50383786e-05 3.73246788e-05 3.47109803e-05 1.06056781e-05 4.00353155e-05 3.22629145e-05 1.32304005e-05 3.53562884e-05 4.04071158e-05 9.08330840e-06 3.32913180e-05 6.86029052e-05 2.17612818e-05 1.73278935e-04 3.38943165e-04 1.35577266e-05 9.52738592e-05 3.42029962e-06 2.43898336e-05 1.92638597e-04 3.71009437e-04 6.24605720e-05 1.30993210e-04 1.99119025e-05 5.04470736e-06 9.69092820e-06 3.97496881e-06 1.13342363e-07 1.52817208e-09 6.76955936e-11
 1996 03 16 12 00 00  3.51661054e-03 2.13352059e-03 1.16714489e-03 8.22542606e-04 5.78024044e-04 3.33673605e-04 2.33142285e-04 1.90238208e-04 3.80382783e-04 1.12233375e-04 2.60793020e-03 3.81374024e-03 2.00836843e-04 5.84537803e-05 3.89369359e-05 1.03821494e-04 2.81144807e-05 4.60633892e-05 1.03084847e-04 6.44586224e-05 1.13076775e-04 1.37250154e-04 8.56934141e-05 6.40413829e-05 4.52299864e-06 8.61042863e-06 5.83941001e-06 2.21162947e-05 4.74793633e-06 1.50317166e-05 3.73418183e-05 3.47393041e-05 1.06637184e-05 4.00453620e-05 3.16613412e-05 1.32389483e-05 3.53783425e-05 4.05221762e-05 9.09051523e-06 3.31819766e-05 6.87820644e-05 2.13766252e-05 1.73811004e-04 3.33412676e-04 1.33365070e-05 9.43848094e-05 3.78668665e-06 2.36429478e-05 1.91912104e-04 3.70003452e-04 6.16640725e-05 1.32223018e-04 2.03434083e-05 5.20141120e-06 1.00518642e-05 4.20840275e-06 1.23334084e-07 2.00725636e-09 1.10057641e-10
 1996 03 17 12 00 00  3.52061731e-03 2.13622331e-03 1.16885033e-03 8.23845687e-04 5.79197904e-04 3.34174301e-04 2.33643406e-04 1.90793217e-04 3.81822195e-04 1.12632864e-04 2.61946835e-03 3.83499376e-03 2.01426951e-04 5.86090260e-05 3.90270451e-05 1.04268892e-04 2.82491092e-05 4.63929493e-05 1.03445661e-04 6.46312663e-05 1.13748594e-04 1.38107569e-04 8.60546370e-05 6.42002728e-05 4.53253670e-06 8.60968212e-06 5.84299742e-06 2.21635401e-05 4.75165689e-06 1.50648878e-05 3.75231974e-05 3.47942463e-05 1.07755171e-05 4.02201546e-05 3.18799430e-05 1.32559944e-05 3.57196781e-05 4.09941694e-05 9.08988295e-06 3.34230553e-05 6.98072193e-05 2.15216874e-05 1.75612638e-04 3.35429012e-04 1.34171605e-05 9.64490367e-05 4.50323496e-06 2.39235131e-05 1.95303479e-04 3.73462218e-04 6.23541819e-05 1.34373275e-04 2.03808376e-05 5.21485206e-06 1.00820801e-05 4.21920284e-06 1.23144093e-07 1.94583882e-09 1.03169684e-10
 1996 03 18 12 00 00  3.52408065e-03 2.13778511e-03 1.16990119e-03 8.24806359e-04 5.80145471e-04 3.34672593e-04 2.34096581e-04 1.91276374e-04 3.83070096e-04 1.12818558e-04 2.62952824e-03 3.85624804e-03 2.01810769e-04 5.86117910e-05 3.90701140e-05 1.04625629e-04 2.83851899e-05 4.67242906e-05 1.03503240e-04 6.45484775e-05 1.14421952e-04 1.38967292e-04 8.63931942e-05 6.43106640e-05 4.54216643e-06 8.60609798e-06 5.84659283e-06 2.22010481e-05 4.74965236e-06 1.50871216e-05 3.76704071e-05 3.48497008e-05 1.08885994e-05 4.03540672e-05 3.17635684e-05 1.32730551e-05 3.59905791e-05 4.14091163e-05 9.08689326e-06 3.35461547e-05 7.06752214e-05 2.14503030e-05 1.77206264e-04 3.34362893e-04 1.33745157e-05 9.76035086e-05 5.22464652e-06 2.37842760e-05 1.97552486e-04 3.75607540e-04 6.25034677e-05 1.36356642e-04 2.02847296e-05 5.17978190e-06 1.00004855e-05 4.15678880e-06 1.19753101e-07 1.72554864e-09 8.20836066e-11
 1996 03 19 12 00 00  3.52181931e-03 2.13579679e-03 1.16868535e-03 8.24000499e-04 5.79484532e-04 3.34435882e-04 2.33831857e-04 1.90973336e-04 3.82268401e-04 1.12501099e-04 2.62313375e-03 3.84562872e-03 2.01406453e-04 5.84530110e-05 3.89998770e-05 1.04372238e-04 2.83348694e-05 4.65803372e-05 1.03172209e-04 6.43227599e-05 1.14107068e-04 1.38565583e-04 8.62102552e-05 6.42075874e-05 4.53846696e-06 8.60021173e-06 5.84488698e-06 2.21767190e-05 4.74450026e-06 1.50676260e-05 3.75759738e-05 3.48281785e-05 1.08476939e-05 4.02492302e-05 3.14626930e-05 1.32647154e-05 3.57978717e-05 4.11662845e-05 9.08199072e-06 3.33619996e-05 7.01387783e-05 2.12582672e-05 1.76262709e-04 3.31597291e-04 1.32638916e-05 9.61710841e-05 4.92318795e-06 2.34113279e-05 1.95458658e-04 3.73367236e-04 6.18935341e-05 1.35299865e-04 2.00714886e-05 5.10217926e-06 9.82095202e-06 4.03134046e-06 1.13686964e-07 1.37883003e-09 4.98695751e-11
 1996 03 20 12 00 00  3.52190782e-03 2.13592311e-03 1.16875899e-03 8.24060745e-04 5.79541425e-04 3.34445718e-04 2.33844936e-04 1.90990120e-04 3.82304500e-04 1.12525623e-04 2.62342122e-03 3.84563357e-03 2.01432591e-04 5.84714654e-05 3.90054953e-05 1.04395047e-04 2.83450645e-05 4.65928344e-05 1.03214029e-04 6.43516832e-05 1.14119517e-04 1.38581793e-04 8.62193370e-05 6.42069041e-05 4.53910870e-06 8.58627318e-06 5.84493973e-06 2.21800404e-05 4.74507870e-06 1.50708451e-05 3.75895800e-05 3.48317466e-05 1.08566906e-05 4.02501124e-05 3.14969482e-05 1.32648274e-05 3.58155512e-05 4.11878837e-05 9.07039066e-06 3.33612297e-05 7.01954875e-05 2.12821949e-05 1.76275479e-04 3.31914724e-04 1.32765890e-05 9.63316028e-05 4.95728527e-06 2.34573672e-05 1.95733748e-04 3.73613746e-04 6.19740331e-05 1.35011073e-04 1.94988480e-05 4.89397460e-06 9.34019209e-06 3.70624305e-06 9.87146358e-08 6.30350705e-10 1.00000000e-10
 1996 03 21 12 00 00  3.52182557e-03 2.13569393e-03 1.16862903e-03 8.24014137e-04 5.79527437e-04 3.34453967e-04 2.33842825e-04 1.90984483e-04 3.82281177e-04 1.12483744e-04 2.62324298e-03 3.84563804e-03 2.01394879e-04 5.84437297e-05 3.89968427e-05 1.04389382e-04 2.83547735e-05 4.66047379e-05 1.03166349e-04 6.43030740e-05 1.14132214e-04 1.38597227e-04 8.62208196e-05 6.42170804e-05 4.53971988e-06 8.60828950e-06 5.84499030e-06 2.21825123e-05 4.74386943e-06 1.50705302e-05 3.75921812e-05 3.48351459e-05 1.08652595e-05 4.02603352e-05 3.14269419e-05 1.32649322e-05 3.58140970e-05 4.11923404e-05 9.08870788e-06 3.33717923e-05 7.02037161e-05 2.12400206e-05 1.76405470e-04 3.31274395e-04 1.32509758e-05 9.62290317e-05 4.98975678e-06 2.33749364e-05 1.95646621e-04 3.73559951e-04 6.18888117e-05 1.35815201e-04 2.04459717e-05 5.23823128e-06 1.01345936e-05 4.23740402e-06 1.22747193e-07 1.83250108e-09 9.05208131e-11
 1996 03 22 12 00 00  3.52490332e-03 2.13927430e-03 1.17076005e-03 8.25341918e-04 5.80567171e-04 3.34714241e-04 2.34190110e-04 1.91405148e-04 3.83378897e-04 1.13100846e-04 2.63195215e-03 3.85626592e-03 2.02092753e-04 5.88160822e-05 3.91328529e-05 1.04794703e-04 2.84250011e-05 4.67730861e-05 1.03929186e-04 6.48829504e-05 1.14473438e-04 1.39030562e-04 8.64492046e-05 6.44244270e-05 4.54467227e-06 8.65720867e-06 5.84679874e-06 2.22295796e-05 4.75690613e-06 1.51094438e-05 3.77581225e-05 3.48636357e-05 1.09237291e-05 4.04558720e-05 3.21895088e-05 1.32734873e-05 3.61332940e-05 4.15502527e-05 9.12940886e-06 3.37813668e-05 7.10478038e-05 2.17317225e-05 1.77969984e-04 3.38290075e-04 1.35316030e-05 9.90994070e-05 5.35776890e-06 2.43288145e-05 1.99636817e-04 3.78048540e-04 6.32890470e-05 1.38619308e-04 2.25293619e-05 5.99554369e-06 1.18823970e-05 5.40888640e-06 1.75956808e-07 4.62971297e-09 3.44709239e-10
 1996 03 23 12 00 00  3.52507380e-03 2.13959471e-03 1.17094444e-03 8.25451776e-04 5.80650285e-04 3.34721111e-04 2.34208414e-04 1.91430720e-04 3.83441656e-04 1.13161313e-04 2.63244504e-03 3.85626890e-03 2.02152499e-04 5.88592914e-05 3.91461439e-05 1.04828042e-04 2.84313137e-05 4.67808219e-05 1.04017247e-04 6.49541907e-05 1.14480854e-04 1.39040596e-04 8.64598062e-05 6.44247359e-05 4.54506953e-06 8.63569221e-06 5.84683185e-06 2.22328872e-05 4.75848101e-06 1.51137943e-05 3.77739267e-05 3.48658446e-05 1.09292989e-05 4.04569581e-05 3.22817941e-05 1.32735542e-05 3.61581196e-05 4.15754293e-05 9.11150491e-06 3.37882260e-05 7.11158958e-05 2.17919092e-05 1.77955197e-04 3.39139974e-04 1.35655990e-05 9.93840304e-05 5.37887499e-06 2.44454335e-05 2.00050940e-04 3.78438866e-04 6.34522960e-05 1.38051630e-04 2.16253125e-05 5.66689246e-06 1.11237589e-05 4.89872201e-06 1.52663814e-07 3.39606885e-09 2.32373232e-10
 1996 03 24 12 00 00  3.52913461e-03 2.14245152e-03 1.17273655e-03 8.26783578e-04 5.81829997e-04 3.35216418e-04 2.34710358e-04 1.91988425e-04 3.84894420e-04 1.13588475e-04 2.64409575e-03 3.87751982e-03 2.02766800e-04 5.90307675e-05 3.92413727e-05 1.05277951e-04 2.85596296e-05 4.71026520e-05 1.04401234e-04 6.51559851e-05 1.15144416e-04 1.39887992e-04 8.68200802e-05 6.45767454e-05 4.55421068e-06 8.62044908e-06 5.85038724e-06 2.22784375e-05 4.76302594e-06 1.51471253e-05 3.79546671e-05 3.49185808e-05 1.10355293e-05 4.06245562e-05 3.25476081e-05 1.32905334e-05 3.65007082e-05 4.20443893e-05 9.09882147e-06 3.40216841e-05 7.21350911e-05 2.19630907e-05 1.79672375e-04 3.41585233e-04 1.36634093e-05 1.01514840e-04 6.07432885e-06 2.47775606e-05 2.03491963e-04 3.81923062e-04 6.41923353e-05 1.39633397e-04 2.09870840e-05 5.43487022e-06 1.05881472e-05 4.53822744e-06 1.36182205e-07 2.52149803e-09 1.52692381e-10
 1996 03 25 12 00 00  3.53000739e-03 2.14145677e-03 1.17224323e-03 8.26722150e-04 5.81938770e-04 3.35456864e-04 2.34858953e-04 1.92114727e-04 3.85214951e-04 1.13348582e-04 2.64676943e-03 3.88814546e-03 2.02637040e-04 5.87962472e-05 3.91901320e-05 1.05309972e-04 2.86245166e-05 4.72644548e-05 1.03962202e-04 6.47199398e-05 1.15477322e-04 1.40312830e-04 8.69507347e-05 6.45717883e-05 4.55882691e-06 8.63868554e-06 5.85216840e-06 2.22820740e-05 4.75313063e-06 1.51402552e-05 3.79696424e-05 3.49452021e-05 1.10892848e-05 4.06404575e-05 3.19693441e-05 1.32990288e-05 3.65231210e-05 4.21562752e-05 9.11399402e-06 3.39295376e-05 7.23066579e-05 2.15925786e-05 1.80237492e-04 3.36268075e-04 1.34507230e-05 1.00659598e-04 6.42447558e-06 2.40583031e-05 2.02771732e-04 3.80963113e-04 6.34215850e-05 1.41060378e-04 2.17585543e-05 5.71531202e-06 1.12354399e-05 4.97278911e-06 1.55971270e-07 3.56565231e-09 2.47674659e-10
 1996 03 26 12 00 00  3.53155388e-03 2.14188012e-03 1.17256256e-03 8.27082677e-04 5.82323899e-04 3.35700553e-04 2.35066324e-04 1.92328814e-04 3.85770230e-04 1.13373755e-04 2.65127046e-03 3.89877036e-03 2.02762068e-04 5.87478262e-05 3.91963630e-05 1.05452887e-04 2.86879455e-05 4.74244676e-05 1.03887294e-04 6.45963766e-05 1.15808216e-04 1.40735361e-04 8.71096442e-05 6.46121114e-05 4.56335147e-06 8.63964015e-06 5.85394228e-06 2.22963968e-05 4.75036832e-06 1.51469146e-05 3.80280786e-05 3.49713169e-05 1.11417554e-05 4.06940136e-05 3.18076665e-05 1.33075082e-05 3.66313078e-05 4.23380188e-05 9.11479146e-06 3.39558706e-05 7.26711804e-05 2.14879343e-05 1.80957236e-04 3.34780108e-04 1.33912043e-05 1.00918155e-04 6.76975760e-06 2.38553781e-05 2.03459358e-04 3.81556397e-04 6.33126849e-05 1.42015796e-04 2.17758964e-05 5.72167137e-06 1.12503873e-05 4.98599472e-06 1.56800529e-07 3.62658605e-09 2.53652432e-10
 1996 03 27 12 00 00  3.52884473e-03 2.14182430e-03 1.17237719e-03 8.26602611e-04 5.81715907e-04 3.35217964e-04 2.34686467e-04 1.91951812e-04 3.84794103e-04 1.13471295e-04 2.64332192e-03 3.87752168e-03 2.02654617e-04 5.89478988e-05 3.92157771e-05 1.05232232e-04 2.85635178e-05 4.71074134e-05 1.04238930e-04 6.50164613e-05 1.15149381e-04 1.39894169e-04 8.68095999e-05 6.45581706e-05 4.55445479e-06 8.62888774e-06 5.85040725e-06 2.22746978e-05 4.75985944e-06 1.51417295e-05 3.79390472e-05 3.49199399e-05 1.10389570e-05 4.06095299e-05 3.23625572e-05 1.32905741e-05 3.64663990e-05 4.20183558e-05 9.10584931e-06 3.39709618e-05 7.20619323e-05 2.18445319e-05 1.79627776e-04 3.39883689e-04 1.35953475e-05 1.01042540e-04 6.08732116e-06 2.45474046e-05 2.02910610e-04 3.81276209e-04 6.39027164e-05 1.39861394e-04 2.12942649e-05 5.54665487e-06 1.08467407e-05 4.71868057e-06 1.44891695e-07 3.01813596e-09 1.98808325e-10
 1996 03 28 12 00 00  3.52681726e-03 2.14041531e-03 1.17149138e-03 8.25936141e-04 5.81120954e-04 3.34968762e-04 2.34434362e-04 1.91671599e-04 3.84066188e-04 1.13260761e-04 2.63749286e-03 3.86689529e-03 2.02349333e-04 5.88622979e-05 3.91682620e-05 1.05005343e-04 2.84976559e-05 4.69444174e-05 1.04042566e-04 6.49166177e-05 1.14815392e-04 1.39467769e-04 8.66286994e-05 6.44800805e-05 4.54977744e-06 8.63375681e-06 5.84862100e-06 2.22512859e-05 4.75770539e-06 1.51248411e-05 3.78483148e-05 3.48929752e-05 1.09843430e-05 4.05234154e-05 3.22359963e-05 1.32820685e-05 3.62941761e-05 4.17817674e-05 9.10990639e-06 3.38509884e-05 7.15470013e-05 2.17606168e-05 1.78748387e-04 3.38716423e-04 1.35486569e-05 9.99759638e-05 5.73391044e-06 2.43850925e-05 2.01174631e-04 3.79511368e-04 6.35315430e-05 1.38934818e-04 2.14584125e-05 5.60642559e-06 1.09851883e-05 4.81738196e-06 1.49799988e-07 3.30829604e-09 2.25992247e-10
 1996 03 29 12 00 00  3.52085087e-03 2.13638862e-03 1.16895072e-03 8.24015134e-04 5.79401621e-04 3.34227718e-04 2.33692429e-04 1.90850880e-04 3.81929037e-04 1.12667908e-04 2.62035681e-03 3.83502021e-03 2.01473433e-04 5.86365029e-05 3.90351686e-05 1.04350785e-04 2.83063971e-05 4.64631710e-05 1.03523706e-04 6.46670291e-05 1.13820471e-04 1.38198626e-04 8.60942825e-05 6.42306946e-05 4.53614266e-06 8.61138469e-06 5.84329464e-06 2.21824885e-05 4.75219458e-06 1.50774940e-05 3.75863236e-05 3.48142989e-05 1.08260712e-05 4.02536124e-05 3.19130399e-05 1.32566172e-05 3.57931702e-05 4.10908105e-05 9.09129667e-06 3.34672570e-05 7.00538819e-05 2.15498134e-05 1.75995332e-04 3.35742012e-04 1.34296805e-05 9.69604979e-05 4.69481238e-06 2.39766727e-05 1.96277576e-04 3.74443325e-04 6.25363912e-05 1.35160262e-04 2.04779350e-05 5.25008809e-06 1.01631167e-05 4.27016081e-06 1.25216942e-07 2.03654098e-09 1.10947840e-10
 1996 03 30 12 00 00  3.52031405e-03 2.13531951e-03 1.16833573e-03 8.23671574e-04 5.79157307e-04 3.34216549e-04 2.33639793e-04 1.90774536e-04 3.81734050e-04 1.12466461e-04 2.61885025e-03 3.83501612e-03 2.01276284e-04 5.84906044e-05 3.89902628e-05 1.04252980e-04 2.82981433e-05 4.64530516e-05 1.03226039e-04 6.44248212e-05 1.13809843e-04 1.38185500e-04 8.60668812e-05 6.41811398e-05 4.53562316e-06 8.60829969e-06 5.84325171e-06 2.21703169e-05 4.74689041e-06 1.50653214e-05 3.75453436e-05 3.48114118e-05 1.08187865e-05 4.02101800e-05 3.16019112e-05 1.32565270e-05 3.57165762e-05 4.10222364e-05 9.08873335e-06 3.33514324e-05 6.98680497e-05 2.13456035e-05 1.75740219e-04 3.32875083e-04 1.33150033e-05 9.60409963e-05 4.66720376e-06 2.35812578e-05 1.95061422e-04 3.73068328e-04 6.20055083e-05 1.34865623e-04 2.03272303e-05 5.19535295e-06 1.00370177e-05 4.18827891e-06 1.21687670e-07 1.86535711e-09 9.57566026e-11
 1996 03 31 12 00 00  3.51878025e-03 2.13496929e-03 1.16805706e-03 8.23314655e-04 5.78760674e-04 3.33965891e-04 2.33429303e-04 1.90557780e-04 3.81178466e-04 1.12454076e-04 2.61434644e-03 3.82438712e-03 2.01161338e-04 5.85462358e-05 3.89863365e-05 1.04105517e-04 2.82269466e-05 4.62835102e-05 1.03309000e-04 6.45622611e-05 1.13469192e-04 1.37750617e-04 8.59044935e-05 6.41399703e-05 4.53060966e-06 8.60644141e-06 5.84143781e-06 2.21541272e-05 4.75006891e-06 1.50578214e-05 3.74819744e-05 3.47825757e-05 1.07594598e-05 4.01545965e-05 3.17872880e-05 1.32479618e-05 3.56043655e-05 4.08320146e-05 9.08718648e-06 3.33272121e-05 6.94826494e-05 2.14628744e-05 1.74982064e-04 3.34577724e-04 1.33831090e-05 9.57864804e-05 4.29594002e-06 2.38092267e-05 1.94329999e-04 3.72440202e-04 6.21293480e-05 1.33769761e-04 2.02431763e-05 5.16481100e-06 9.96658625e-06 4.14173803e-06 1.19621726e-07 1.76037713e-09 8.63089822e-11
 1996 04 01 12 00 00  3.52053535e-03 2.13589437e-03 1.16866334e-03 8.23802634e-04 5.79212299e-04 3.34200051e-04 2.33649560e-04 1.90794369e-04 3.81802890e-04 1.12572585e-04 2.61936542e-03 3.83500718e-03 2.01374097e-04 5.85644526e-05 3.90131829e-05 1.04274977e-04 2.82782392e-05 4.64286597e-05 1.03362949e-04 6.45522261e-05 1.13784689e-04 1.38153873e-04 8.60661329e-05 6.41881873e-05 4.53437060e-06 8.59597276e-06 5.84314839e-06 2.21684506e-05 4.74987864e-06 1.50671117e-05 3.75431947e-05 3.48044414e-05 1.08012231e-05 4.02133045e-05 3.17759404e-05 1.32563102e-05 3.57295770e-05 4.10206595e-05 9.07847789e-06 3.33840665e-05 6.98707346e-05 2.14546555e-05 1.75659581e-04 3.34472190e-04 1.33788876e-05 9.63620977e-05 4.60065021e-06 2.37934699e-05 1.95361591e-04 3.73418528e-04 6.22396032e-05 1.34270092e-04 1.97949862e-05 5.00189972e-06 9.59063026e-06 3.89007571e-06 1.08214475e-07 1.16247405e-09 3.20213245e-11
 1996 04 02 12 00 00  3.52260862e-03 2.13748803e-03 1.16965324e-03 8.24491148e-04 5.79796373e-04 3.34435482e-04 2.33897850e-04 1.91073017e-04 3.82539468e-04 1.12816406e-04 2.62524962e-03 3.84562612e-03 2.01707765e-04 5.86721483e-05 3.90676294e-05 1.04497489e-04 2.83285568e-05 4.65726014e-05 1.03595221e-04 6.46920817e-05 1.14099803e-04 1.38555554e-04 8.62409711e-05 6.42840553e-05 4.53806970e-06 8.61412555e-06 5.84485424e-06 2.21902074e-05 4.75304332e-06 1.50827925e-05 3.76250823e-05 3.48259666e-05 1.08421242e-05 4.03122298e-05 3.19609448e-05 1.32646484e-05 3.58987511e-05 4.12439216e-05 9.09357987e-06 3.35453425e-05 7.03529886e-05 2.15734166e-05 1.76595472e-04 3.36173599e-04 1.34469440e-05 9.74881018e-05 4.90208295e-06 2.40239693e-05 1.97061549e-04 3.75249321e-04 6.26669944e-05 1.35713842e-04 2.05696221e-05 5.28347609e-06 1.02404642e-05 4.32542357e-06 1.27973241e-07 2.20004690e-09 1.26278787e-10
 1996 04 03 12 00 00  3.52462235e-03 2.13896262e-03 1.17057482e-03 8.25141851e-04 5.80353850e-04 3.34669643e-04 2.34140386e-04 1.91343353e-04 3.83254757e-04 1.13037874e-04 2.63096702e-03 3.85624468e-03 2.02019678e-04 5.87640061e-05 3.91171958e-05 1.04709325e-04 2.83779111e-05 4.67153644e-05 1.03795845e-04 6.48055575e-05 1.14413642e-04 1.38955714e-04 8.64127498e-05 6.43731826e-05 4.54170804e-06 8.63008681e-06 5.84655500e-06 2.22104953e-05 4.75561537e-06 1.50971247e-05 3.77021514e-05 3.48471513e-05 1.08821725e-05 4.04053160e-05 3.21112690e-05 1.32729750e-05 3.60591551e-05 4.14594553e-05 9.10685776e-06 3.36915489e-05 7.08144360e-05 2.16698158e-05 1.77493219e-04 3.37555919e-04 1.35022368e-05 9.85108845e-05 5.20028952e-06 2.42110851e-05 1.98627464e-04 3.76923445e-04 6.30365038e-05 1.37080142e-04 2.12674633e-05 5.53709826e-06 1.08255889e-05 4.71513849e-06 1.45496494e-07 3.10779464e-09 2.08426099e-10
 1996 04 04 12 00 00  3.52637164e-03 2.13988586e-03 1.17117999e-03 8.25625754e-04 5.80800078e-04 3.34902004e-04 2.34359273e-04 1.91578451e-04 3.83876665e-04 1.13155992e-04 2.63596269e-03 3.86686362e-03 2.02231760e-04 5.87822233e-05 3.91440460e-05 1.04876587e-04 2.84272595e-05 4.68581275e-05 1.03849672e-04 6.47957786e-05 1.14726500e-04 1.39355873e-04 8.65731352e-05 6.44150986e-05 4.54534638e-06 8.61190492e-06 5.84825575e-06 2.22237301e-05 4.75542365e-06 1.51060408e-05 3.77609605e-05 3.48683359e-05 1.09222194e-05 4.04584916e-05 3.20998777e-05 1.32813031e-05 3.61813079e-05 4.16446977e-05 9.09172959e-06 3.37374142e-05 7.11942072e-05 2.16617525e-05 1.78119435e-04 3.37450205e-04 1.34980082e-05 9.90678292e-05 5.49849647e-06 2.41955917e-05 1.99631974e-04 3.77851600e-04 6.31437456e-05 1.37319096e-04 2.04981045e-05 5.25742453e-06 1.01800712e-05 4.28179359e-06 1.25764678e-07 2.06679860e-09 1.13734600e-10
 1996 04 05 12 00 00  3.52271980e-03 2.13792826e-03 1.16990303e-03 8.24548635e-04 5.79777075e-04 3.34402021e-04 2.33889830e-04 1.91071375e-04 3.82564726e-04 1.12896765e-04 2.62539249e-03 3.84560861e-03 2.01777842e-04 5.87299557e-05 3.90856429e-05 1.04489434e-04 2.82906898e-05 4.65261837e-05 1.03699125e-04 6.47950103e-05 1.14052232e-04 1.38495362e-04 8.62262181e-05 6.42821486e-05 4.53568609e-06 8.60643995e-06 5.84465779e-06 2.21821880e-05 4.75542874e-06 1.50799558e-05 3.75993849e-05 3.48127127e-05 1.08087064e-05 4.03058947e-05 3.21000145e-05 1.32642352e-05 3.58840301e-05 4.12085819e-05 9.08718284e-06 3.35637204e-05 7.02689368e-05 2.16612854e-05 1.76406587e-04 3.37450810e-04 1.34980324e-05 9.75915973e-05 4.77544854e-06 2.41948044e-05 1.96989891e-04 3.75232591e-04 6.28161461e-05 1.35060952e-04 2.02679511e-05 5.17375761e-06 9.98694582e-06 4.15199472e-06 1.19843578e-07 1.75359831e-09 8.52244053e-11
 1996 04 06 12 00 00  3.52048254e-03 2.13611813e-03 1.16878722e-03 8.23749071e-04 5.79084206e-04 3.34144844e-04 2.33616047e-04 1.90760961e-04 3.81761808e-04 1.12611083e-04 2.61896370e-03 3.83497961e-03 2.01399190e-04 5.85927918e-05 3.90222151e-05 1.04223144e-04 2.82175519e-05 4.63542703e-05 1.03401617e-04 6.46095432e-05 1.13708475e-04 1.38057412e-04 8.60325390e-05 6.41683470e-05 4.53055036e-06 8.58798376e-06 5.84283371e-06 2.21516669e-05 4.75128581e-06 1.50578350e-05 3.74870831e-05 3.47832014e-05 1.07476691e-05 4.01889604e-05 3.18575214e-05 1.32556495e-05 3.56761452e-05 4.09392923e-05 9.07182548e-06 3.33706649e-05 6.96678621e-05 2.15042368e-05 1.75293502e-04 3.35218949e-04 1.34087580e-05 9.61436231e-05 4.39770738e-06 2.38902823e-05 1.94756415e-04 3.72846484e-04 6.22495907e-05 1.33317025e-04 1.94864353e-05 4.88966559e-06 9.33123680e-06 3.71188061e-06 9.98086961e-08 7.07361458e-10 1.00000000e-10
 1996 04 07 12 00 00  3.52093400e-03 2.13709684e-03 1.16934834e-03 8.24031700e-04 5.79262515e-04 3.34141793e-04 2.33653241e-04 1.90818246e-04 3.81918873e-04 1.12794170e-04 2.62016814e-03 3.83497663e-03 2.01574749e-04 5.87234615e-05 3.90625496e-05 1.04294521e-04 2.82107561e-05 4.63459379e-05 1.03659810e-04 6.48293470e-05 1.13699985e-04 1.38046606e-04 8.60484847e-05 6.42018679e-05 4.53012217e-06 8.58206404e-06 5.84279842e-06 2.21578101e-05 4.75622292e-06 1.50661677e-05 3.75103909e-05 3.47808207e-05 1.07416701e-05 4.02164970e-05 3.21463449e-05 1.32555768e-05 3.57295984e-05 4.09793468e-05 9.06689893e-06 3.34586454e-05 6.97805130e-05 2.16905857e-05 1.75396002e-04 3.37876308e-04 1.35150523e-05 9.68826268e-05 4.37497583e-06 2.42517650e-05 1.95660284e-04 3.73873697e-04 6.27047507e-05 1.33134748e-04 1.92528556e-05 4.80471549e-06 9.13496577e-06 3.57780109e-06 9.35368060e-08 4.78903406e-10 1.00000000e-10
 1996 04 08 12 00 00  3.52094302e-03 2.13709939e-03 1.16935002e-03 8.24038323e-04 5.79271369e-04 3.34144484e-04 2.33655424e-04 1.90820708e-04 3.81923111e-04 1.12794815e-04 2.62020488e-03 3.83497775e-03 2.01575960e-04 5.87238969e-05 3.90626702e-05 1.04298092e-04 2.82136694e-05 4.63495089e-05 1.03661538e-04 6.48295914e-05 1.13703620e-04 1.38051235e-04 8.60503706e-05 6.42027562e-05 4.53030589e-06 8.58134372e-06 5.84281333e-06 2.21586644e-05 4.75622219e-06 1.50667443e-05 3.75134654e-05 3.47818423e-05 1.07442414e-05 4.02175631e-05 3.21463216e-05 1.32556088e-05 3.57328925e-05 4.09838967e-05 9.06629502e-06 3.34594793e-05 6.97920757e-05 2.16907385e-05 1.75410155e-04 3.37876308e-04 1.35150523e-05 9.69031715e-05 4.38471579e-06 2.42520240e-05 1.95702936e-04 3.73914244e-04 6.27106434e-05 1.33168785e-04 1.92503123e-05 4.80372394e-06 9.13235034e-06 3.57220551e-06 9.30059823e-08 4.47527704e-10 1.00000000e-10
 1996 04 09 12 00 00  3.52063472e-03 2.13643236e-03 1.16896813e-03 8.23846484e-04 5.79150845e-04 3.34145908e-04 2.33630112e-04 1.90782026e-04 3.81817062e-04 1.12670361e-04 2.61938284e-03 3.83497961e-03 2.01457033e-04 5.86366226e-05 3.90356981e-05 1.04249744e-04 2.82175519e-05 4.63542703e-05 1.03492057e-04 6.46824890e-05 1.13708640e-04 1.38057412e-04 8.60391034e-05 6.41843129e-05 4.53055036e-06 8.59158026e-06 5.84283371e-06 2.21547467e-05 4.75285051e-06 1.50609927e-05 3.74963385e-05 3.47832014e-05 1.07476691e-05 4.02026625e-05 3.19495215e-05 1.32556495e-05 3.56962894e-05 4.09560629e-05 9.07480789e-06 3.34080825e-05 6.97139667e-05 2.15654756e-05 1.75367334e-04 3.36067773e-04 1.34427109e-05 9.64017589e-05 4.39770738e-06 2.40086796e-05 1.95085570e-04 3.73234385e-04 6.24050052e-05 1.33508975e-04 1.97118830e-05 4.97144360e-06 9.51913324e-06 3.82795013e-06 1.04370080e-07 8.83093687e-10 4.66978678e-12
 1996 04 10 12 00 00  3.52247822e-03 2.13744827e-03 1.16962879e-03 8.24398295e-04 5.79672460e-04 3.34395177e-04 2.33866712e-04 1.91038814e-04 3.82481432e-04 1.12807510e-04 2.62471809e-03 3.84560600e-03 2.01692039e-04 5.86708264e-05 3.90673314e-05 1.04447196e-04 2.82848632e-05 4.65190446e-05 1.03588434e-04 6.46958244e-05 1.14044442e-04 1.38486105e-04 8.62128316e-05 6.42490133e-05 4.53531939e-06 8.58991771e-06 5.84462759e-06 2.21754145e-05 4.75302186e-06 1.50743359e-05 3.75759989e-05 3.48106725e-05 1.08035660e-05 4.02778211e-05 3.19603248e-05 1.32641740e-05 3.58457139e-05 4.11748225e-05 9.07341964e-06 3.34934307e-05 7.01793690e-05 2.15757187e-05 1.76202210e-04 3.36171271e-04 1.34468508e-05 9.71655498e-05 4.75596826e-06 2.40278765e-05 1.96446503e-04 3.74577938e-04 6.25949074e-05 1.34515498e-04 1.96708364e-05 4.95645254e-06 9.48418972e-06 3.80046680e-06 1.02829310e-07 7.79994780e-10 1.00000000e-10
 1996 04 11 12 00 00  3.52645303e-03 2.14010760e-03 1.17130915e-03 8.25680051e-04 5.80825853e-04 3.34891711e-04 2.34363004e-04 1.91587837e-04 3.83908279e-04 1.13198702e-04 2.63615100e-03 3.86685804e-03 2.02273399e-04 5.88205900e-05 3.91557616e-05 1.04886326e-04 2.84151232e-05 4.68432496e-05 1.03937737e-04 6.48599118e-05 1.14710642e-04 1.39336583e-04 8.65704260e-05 6.44003953e-05 4.54458241e-06 8.58394778e-06 5.84819281e-06 2.22206418e-05 4.75654269e-06 1.51062702e-05 3.77511708e-05 3.48640897e-05 1.09115092e-05 4.04458830e-05 3.21673113e-05 1.32811707e-05 3.61789550e-05 4.16376876e-05 9.06844944e-06 3.37210381e-05 7.11811883e-05 2.17134642e-05 1.77943573e-04 3.38080953e-04 1.35232381e-05 9.91636684e-05 5.45791081e-06 2.42942100e-05 1.99735829e-04 3.77912541e-04 6.32587792e-05 1.36408541e-04 1.94371895e-05 4.87147245e-06 9.28782445e-06 3.66603039e-06 9.65200446e-08 5.36380007e-10 1.00000000e-10
 1996 04 12 12 00 00  3.53017990e-03 2.14225691e-03 1.17269553e-03 8.26802237e-04 5.81869047e-04 3.35386493e-04 2.34836103e-04 1.92102064e-04 3.85244165e-04 1.13493449e-04 2.64689898e-03 3.88810970e-03 2.02760288e-04 5.88980444e-05 3.92219691e-05 1.05281534e-04 2.85453803e-05 4.71674517e-05 1.04136143e-04 6.49039226e-05 1.15377108e-04 1.40187049e-04 8.69173133e-05 6.45410715e-05 4.55384543e-06 8.59234933e-06 5.85175803e-06 2.22621484e-05 4.75753041e-06 1.51330350e-05 3.79123845e-05 3.49175039e-05 1.10194509e-05 4.06041393e-05 3.22250853e-05 1.32981673e-05 3.64816697e-05 4.20742223e-05 9.07543726e-06 3.39154368e-05 7.21095717e-05 2.17507666e-05 1.79667228e-04 3.38612500e-04 1.35445000e-05 1.00754733e-04 6.15984172e-06 2.43665665e-05 2.02485187e-04 3.80678645e-04 6.36667229e-05 1.38719043e-04 1.98229292e-05 5.01162233e-06 9.61095325e-06 3.87880139e-06 1.05910026e-07 9.05875863e-10 5.26191313e-12
 1996 04 13 12 00 00  3.53014019e-03 2.14214263e-03 1.17263079e-03 8.26779984e-04 5.81863486e-04 3.35391059e-04 2.34835402e-04 1.92099640e-04 3.85233171e-04 1.13472600e-04 2.64681579e-03 3.88811193e-03 2.02741612e-04 5.88842234e-05 3.92176548e-05 1.05279282e-04 2.85507209e-05 4.71739942e-05 1.04112416e-04 6.48796209e-05 1.15383777e-04 1.40195533e-04 8.69183636e-05 6.45385095e-05 4.55418158e-06 8.59209031e-06 5.85178532e-06 2.22628012e-05 4.75692541e-06 1.51329721e-05 3.79138703e-05 3.49193724e-05 1.10241635e-05 4.06027807e-05 3.21900618e-05 1.32982255e-05 3.64803277e-05 4.20766487e-05 9.07521608e-06 3.39065381e-05 7.21145836e-05 2.17296765e-05 1.79677650e-04 3.38292179e-04 1.35316872e-05 1.00699497e-04 6.17769547e-06 2.43253438e-05 2.02448565e-04 3.80624694e-04 6.36250083e-05 1.38797971e-04 1.98516576e-05 5.02197036e-06 9.63437362e-06 3.88907063e-06 1.05985622e-07 8.80312445e-10 2.18839391e-12
 1996 04 14 12 00 00  3.52658014e-03 2.14027666e-03 1.17140887e-03 8.25769325e-04 5.80914070e-04 3.34907123e-04 2.34383160e-04 1.91613779e-04 3.83963027e-04 1.13232284e-04 2.63657569e-03 3.86686549e-03 2.02310525e-04 5.88484167e-05 3.91641732e-05 1.04921555e-04 2.84311449e-05 4.68628859e-05 1.04006076e-04 6.49027817e-05 1.14730887e-04 1.39362050e-04 8.65841945e-05 6.44173789e-05 4.54559122e-06 8.58823987e-06 5.84827612e-06 2.22274518e-05 4.75728812e-06 1.51111456e-05 3.77714278e-05 3.48696951e-05 1.09256478e-05 4.04628550e-05 3.22122651e-05 1.32813453e-05 3.62076367e-05 4.16718818e-05 9.07200520e-06 3.37525830e-05 7.12700531e-05 2.17480134e-05 1.78091584e-04 3.38501503e-04 1.35400601e-05 9.94142033e-05 5.51148769e-06 2.43600836e-05 2.00151760e-04 3.78364674e-04 6.33800769e-05 1.36839976e-04 1.97336091e-05 4.97895010e-06 9.53455317e-06 3.81588777e-06 1.02209666e-07 6.84543799e-10 1.00000000e-10
 1996 04 15 12 00 00  3.52458805e-03 2.13890820e-03 1.17054844e-03 8.25130906e-04 5.80349421e-04 3.34662185e-04 2.34137652e-04 1.91342523e-04 3.83253726e-04 1.13030735e-04 2.63087241e-03 3.85624133e-03 2.02016516e-04 5.87739234e-05 3.91199540e-05 1.04706552e-04 2.83696572e-05 4.67052480e-05 1.03842494e-04 6.48195506e-05 1.14402037e-04 1.38942600e-04 8.64071008e-05 6.43329224e-05 4.54118854e-06 8.57886771e-06 5.84651207e-06 2.22050468e-05 4.75528650e-06 1.50956950e-05 3.76840276e-05 3.48442612e-05 1.08748900e-05 4.03727364e-05 3.20959691e-05 1.32728848e-05 3.60412504e-05 4.14442169e-05 9.06420537e-06 3.36216611e-05 7.07793789e-05 2.16763554e-05 1.77173318e-04 3.37435698e-04 1.34974279e-05 9.84081521e-05 5.17269509e-06 2.42203794e-05 1.98544576e-04 3.76692489e-04 6.30529015e-05 1.35573767e-04 1.93574074e-05 4.84214615e-06 9.21855742e-06 3.60095960e-06 9.22222352e-08 3.23714744e-10 1.00000000e-10
 1996 04 16 12 00 00  3.52633253e-03 2.13976145e-03 1.17111446e-03 8.25615828e-04 5.80813155e-04 3.34904173e-04 2.34361336e-04 1.91581890e-04 3.83878410e-04 1.13136479e-04 2.63590134e-03 3.86686474e-03 2.02218972e-04 5.87837196e-05 3.91441435e-05 1.04880883e-04 2.84296897e-05 4.68611077e-05 1.03883992e-04 6.47937937e-05 1.14728822e-04 1.39359743e-04 8.65727954e-05 6.43914195e-05 4.54549918e-06 8.58199201e-06 5.84826812e-06 2.22222992e-05 4.75469024e-06 1.51059687e-05 3.77521224e-05 3.48691887e-05 1.09243643e-05 4.04413402e-05 3.20611871e-05 1.32813293e-05 3.61729708e-05 4.16433114e-05 9.06680143e-06 3.36931935e-05 7.11927096e-05 2.16543689e-05 1.77959819e-04 3.37116250e-04 1.34846500e-05 9.89932293e-05 5.50662589e-06 2.41776390e-05 1.99627714e-04 3.77751814e-04 6.31459323e-05 1.36617584e-04 1.95056415e-05 4.89599297e-06 9.34265415e-06 3.68205975e-06 9.57563181e-08 4.40830572e-10 1.00000000e-10
 1996 04 17 12 00 00  3.52812599e-03 2.14073107e-03 1.17174689e-03 8.26130496e-04 5.81292607e-04 3.35144290e-04 2.34588130e-04 1.91826532e-04 3.84519091e-04 1.13263791e-04 2.64105269e-03 3.87748703e-03 2.02441629e-04 5.88085327e-05 3.91729846e-05 1.05061519e-04 2.84872920e-05 4.70139843e-05 1.03953954e-04 6.47936540e-05 1.15052935e-04 1.39773016e-04 8.67393434e-05 6.44636968e-05 4.54965702e-06 8.59905922e-06 5.85001180e-06 2.22407270e-05 4.75469096e-06 1.51169078e-05 3.78219236e-05 3.48932605e-05 1.09716944e-05 4.05212294e-05 3.20611987e-05 1.32897461e-05 3.63107978e-05 4.18453535e-05 9.08100046e-06 3.37935112e-05 7.16142747e-05 2.16542860e-05 1.78823300e-04 3.37116295e-04 1.34846518e-05 9.96645272e-05 5.83242618e-06 2.41774949e-05 2.00793624e-04 3.78954336e-04 6.32889416e-05 1.38074814e-04 2.02412207e-05 5.16335501e-06 9.95959825e-06 4.09438256e-06 1.14398624e-07 1.25362785e-09 3.43602646e-11
 1996 04 18 12 00 00  3.52782442e-03 2.14013569e-03 1.17140457e-03 8.25937742e-04 5.81154463e-04 3.35136956e-04 2.34558203e-04 1.91783477e-04 3.84409812e-04 1.13151702e-04 2.64020317e-03 3.87748480e-03 2.02331946e-04 5.87280712e-05 3.91482079e-05 1.05006161e-04 2.84814683e-05 4.70068451e-05 1.03790948e-04 6.46601024e-05 1.15045941e-04 1.39763758e-04 8.67233425e-05 6.44483802e-05 4.54929068e-06 8.61516528e-06 5.84998161e-06 2.22347810e-05 4.75173802e-06 1.51099279e-05 3.77980695e-05 3.48912232e-05 1.09665540e-05 4.05074119e-05 3.18881852e-05 1.32896821e-05 3.62686541e-05 4.18063185e-05 9.09440350e-06 3.37520069e-05 7.15081275e-05 2.15414504e-05 1.78764665e-04 3.35522905e-04 1.34209162e-05 9.91575897e-05 5.81294662e-06 2.39588670e-05 2.00103527e-04 3.78231975e-04 6.29939456e-05 1.38456840e-04 2.09147629e-05 5.40821757e-06 1.05248619e-05 4.47495436e-06 1.31806773e-07 2.17801017e-09 1.18595633e-10
 1996 04 19 12 00 00  3.52798223e-03 2.13771587e-03 1.17009143e-03 8.25418557e-04 5.80937917e-04 3.35362809e-04 2.34636761e-04 1.91808089e-04 3.84470483e-04 1.12643233e-04 2.64087085e-03 3.88810523e-03 2.01939309e-04 5.82987315e-05 3.90370090e-05 1.04907966e-04 2.85356713e-05 4.71555511e-05 1.02953931e-04 6.39006670e-05 1.15364936e-04 1.40171614e-04 8.68176588e-05 6.43733474e-05 4.55323425e-06 8.62351808e-06 5.85170746e-06 2.22218972e-05 4.73477303e-06 1.50868798e-05 3.77587024e-05 3.49141046e-05 1.10108827e-05 4.04620055e-05 3.08951305e-05 1.32980625e-05 3.61887207e-05 4.18269462e-05 9.10135714e-06 3.34979537e-05 7.14325165e-05 2.08983824e-05 1.78962252e-04 3.26383250e-04 1.30553300e-05 9.70743869e-05 6.12737058e-06 2.27119104e-05 1.97764928e-04 3.75423670e-04 6.15149622e-05 1.39311770e-04 2.12380582e-05 5.52581250e-06 1.07966360e-05 4.66153887e-06 1.40600205e-07 2.66435674e-09 1.63402780e-10
 1996 04 20 12 00 00  3.53106671e-03 2.14140021e-03 1.17228106e-03 8.26745434e-04 5.81952369e-04 3.35608223e-04 2.34976938e-04 1.92222680e-04 3.85564870e-04 1.13278981e-04 2.64952938e-03 3.89872566e-03 2.02652060e-04 5.86850420e-05 3.91773938e-05 1.05302989e-04 2.85893911e-05 4.73036693e-05 1.03740310e-04 6.45064749e-05 1.15684690e-04 1.40578727e-04 8.70378184e-05 6.45560143e-05 4.55714799e-06 8.64104222e-06 5.85343078e-06 2.22628904e-05 4.74840490e-06 1.51237128e-05 3.79096592e-05 3.49368202e-05 1.10547873e-05 4.06347548e-05 3.16924736e-05 1.33064372e-05 3.64930209e-05 4.21635499e-05 9.11593961e-06 3.38697565e-05 7.22250866e-05 2.14121814e-05 1.80286289e-04 3.33718512e-04 1.33487405e-05 9.99013486e-05 6.44019528e-06 2.37087253e-05 2.01636856e-04 3.79717493e-04 6.29399830e-05 1.40920967e-04 2.19685655e-05 5.79138959e-06 1.14097465e-05 5.07464738e-06 1.59519782e-07 3.67073199e-09 2.55153498e-10
 1996 04 21 12 00 00  3.52789975e-03 2.14043151e-03 1.17157148e-03 8.25974577e-04 5.81139200e-04 3.35115496e-04 2.34552622e-04 1.91781590e-04 3.84424765e-04 1.13205106e-04 2.64029921e-03 3.87747362e-03 2.02377685e-04 5.87636800e-05 3.91593728e-05 1.05000011e-04 2.84571928e-05 4.69770923e-05 1.03849683e-04 6.47244044e-05 1.15017259e-04 1.39725179e-04 8.67140421e-05 6.44979286e-05 4.54776236e-06 8.68109419e-06 5.84985610e-06 2.22342205e-05 4.75335291e-06 1.51081183e-05 3.77853494e-05 3.48827249e-05 1.09451328e-05 4.05458459e-05 3.19816085e-05 1.32894187e-05 3.62675017e-05 4.17874319e-05 9.14926641e-06 3.38566185e-05 7.14610089e-05 2.15973792e-05 1.79006818e-04 3.36377035e-04 1.34550814e-05 9.92763741e-05 5.73177531e-06 2.40682537e-05 2.00055372e-04 3.78437562e-04 6.30856359e-05 1.40212891e-04 2.36614300e-05 6.40677642e-06 1.28301499e-05 6.02845012e-06 2.02969206e-07 5.96444885e-09 4.63832084e-10
 1996 04 22 12 00 00  3.52408711e-03 2.13812316e-03 1.17009297e-03 8.24795762e-04 5.80051865e-04 3.34617457e-04 2.34069952e-04 1.91253776e-04 3.83055787e-04 1.12879955e-04 2.62930080e-03 3.85622047e-03 2.01860178e-04 5.86627788e-05 3.90859885e-05 1.04587211e-04 2.83240195e-05 4.66493104e-05 1.03600045e-04 6.46421162e-05 1.14346847e-04 1.38870057e-04 8.63619416e-05 6.43427121e-05 4.53831599e-06 8.66294649e-06 5.84627560e-06 2.21897133e-05 4.75159395e-06 1.50791588e-05 3.76166418e-05 3.48282891e-05 1.08346161e-05 4.03745243e-05 3.18781589e-05 1.32723901e-05 3.59505853e-05 4.13373953e-05 9.13416879e-06 3.36320078e-05 7.04967446e-05 2.15283522e-05 1.77187493e-04 3.35422385e-04 1.34168954e-05 9.75288404e-05 5.02007861e-06 2.39348272e-05 1.97093532e-04 3.75407438e-04 6.25906278e-05 1.37562586e-04 2.28825937e-05 6.12368403e-06 1.21768689e-05 5.59139913e-06 1.83176823e-07 4.92841430e-09 3.69798414e-10
 1996 04 23 12 00 00  3.52185630e-03 2.13631583e-03 1.16897844e-03 8.23999888e-04 5.79363755e-04 3.34362487e-04 2.33797514e-04 1.90944618e-04 3.82254759e-04 1.12594614e-04 2.62289697e-03 3.84559184e-03 2.01481849e-04 5.85244715e-05 3.90222249e-05 1.04322930e-04 2.82533059e-05 4.64803627e-05 1.03298250e-04 6.44547050e-05 1.14005997e-04 1.38435949e-04 8.61697815e-05 6.42265833e-05 4.53333305e-06 8.63989771e-06 5.84446389e-06 2.21595702e-05 4.74746266e-06 1.50574639e-05 3.75073732e-05 3.47996247e-05 1.07757187e-05 4.02556779e-05 3.16359918e-05 1.32638292e-05 3.57450673e-05 4.10714685e-05 9.11499155e-06 3.34337976e-05 6.99041626e-05 2.13701176e-05 1.76066029e-04 3.33191778e-04 1.33276711e-05 9.60932666e-05 4.65043995e-06 2.36282911e-05 1.94888446e-04 3.73033831e-04 6.20242602e-05 1.35693356e-04 2.18928791e-05 5.76394193e-06 1.13467130e-05 5.03608048e-06 1.58033144e-07 3.61261421e-09 2.50381271e-10
 1996 04 24 12 00 00  3.52002395e-03 2.13533581e-03 1.16833883e-03 8.23455779e-04 5.78844691e-04 3.34110693e-04 2.33561041e-04 1.90688942e-04 3.81594966e-04 1.12464451e-04 2.61758394e-03 3.83496433e-03 2.01253665e-04 5.84970927e-05 3.89926697e-05 1.04126364e-04 2.81830842e-05 4.63120203e-05 1.03217817e-04 6.44527841e-05 1.13665382e-04 1.38002625e-04 8.59950417e-05 6.41297338e-05 4.52838030e-06 8.59590655e-06 5.84265508e-06 2.21354643e-05 4.74747358e-06 1.50440027e-05 3.74236689e-05 3.47711379e-05 1.07172520e-05 4.01533015e-05 3.16362974e-05 1.32552756e-05 3.55899053e-05 4.08481461e-05 9.07839058e-06 3.32916511e-05 6.94295094e-05 2.13689331e-05 1.74987656e-04 3.33192852e-04 1.33277141e-05 9.53126380e-05 4.28243875e-06 2.36262786e-05 1.93534439e-04 3.71563089e-04 6.18534956e-05 1.33235671e-04 2.00156688e-05 5.08158485e-06 9.77194153e-06 3.98107761e-06 1.10150339e-07 1.09816864e-09 2.19579410e-11
 1996 04 25 12 00 00  3.51998355e-03 2.13529128e-03 1.16831232e-03 8.23427081e-04 5.78814041e-04 3.34104263e-04 2.33553895e-04 1.90680064e-04 3.81577157e-04 1.12455450e-04 2.61744249e-03 3.83496098e-03 2.01243210e-04 5.84896700e-05 3.89904387e-05 1.04114100e-04 2.81762856e-05 4.63036849e-05 1.03198743e-04 6.44417596e-05 1.13656531e-04 1.37991819e-04 8.59897894e-05 6.41162686e-05 4.52795284e-06 8.58339190e-06 5.84261979e-06 2.21321557e-05 4.74728949e-06 1.50422302e-05 3.74153334e-05 3.47687543e-05 1.07112530e-05 4.01408596e-05 3.16251302e-05 1.32552013e-05 3.55783337e-05 4.08346367e-05 9.06797795e-06 3.32675751e-05 6.93951154e-05 2.13601132e-05 1.74875076e-04 3.33088101e-04 1.33235240e-05 9.52224390e-05 4.25970720e-06 2.36095017e-05 1.93389360e-04 3.71375024e-04 6.18173611e-05 1.32750945e-04 1.94786229e-05 4.88637827e-06 9.32146979e-06 3.67969160e-06 9.65005015e-08 5.06197484e-10 1.00000000e-10
 1996 04 26 12 00 00  3.52152815e-03 2.13574829e-03 1.16865039e-03 8.23783987e-04 5.79186274e-04 3.34341788e-04 2.33757827e-04 1.90890871e-04 3.82129120e-04 1.12486512e-04 2.62190925e-03 3.84558290e-03 2.01372512e-04 5.84454003e-05 3.89979875e-05 1.04251792e-04 2.82329158e-05 4.64553712e-05 1.03129866e-04 6.43262989e-05 1.13979002e-04 1.38403545e-04 8.61451100e-05 6.41579126e-05 4.53204957e-06 8.58770218e-06 5.84435802e-06 2.21449467e-05 4.74472836e-06 1.50479287e-05 3.74679509e-05 3.47924884e-05 1.07577260e-05 4.01946122e-05 3.14751262e-05 1.32636094e-05 3.56815334e-05 4.10079111e-05 9.07156282e-06 3.32990558e-05 6.97384758e-05 2.12624960e-05 1.75576839e-04 3.31706923e-04 1.32682769e-05 9.54660633e-05 4.58226059e-06 2.34203151e-05 1.94017136e-04 3.71927386e-04 6.17131305e-05 1.33752277e-04 1.96667944e-05 4.95476759e-06 9.47925206e-06 3.78481727e-06 1.01230060e-07 6.70063560e-10 1.00000000e-10
 1996 04 27 12 00 00  3.51953960e-03 2.13441714e-03 1.16780987e-03 8.23143541e-04 5.78610404e-04 3.34092890e-04 2.33509680e-04 1.90616662e-04 3.81416506e-04 1.12290967e-04 2.61619005e-03 3.83495688e-03 2.01082309e-04 5.83721464e-05 3.89542438e-05 1.04032452e-04 2.81670626e-05 4.62923810e-05 1.02961367e-04 6.42466708e-05 1.13644948e-04 1.37977158e-04 8.59658976e-05 6.40804687e-05 4.52737222e-06 8.58843268e-06 5.84257177e-06 2.21220449e-05 4.74295375e-06 1.50318797e-05 3.73788258e-05 3.47655296e-05 1.07031134e-05 4.01092703e-05 3.13712168e-05 1.32551024e-05 3.55137797e-05 4.07754726e-05 9.07216890e-06 3.31825154e-05 6.92353250e-05 2.11951046e-05 1.74690054e-04 3.30750481e-04 1.32300192e-05 9.44626018e-05 4.22886151e-06 2.32896593e-05 1.92370053e-04 3.70252448e-04 6.13851921e-05 1.32749562e-04 1.97180853e-05 4.97336368e-06 9.52193641e-06 3.81067345e-06 1.02206252e-07 6.95182045e-10 1.00000000e-10
 1996 04 28 12 00 00  3.51968056e-03 2.13472921e-03 1.16798878e-03 8.23231498e-04 5.78664140e-04 3.34090777e-04 2.33520735e-04 1.90634080e-04 3.81465239e-04 1.12349327e-04 2.61656075e-03 3.83495539e-03 2.01138096e-04 5.84140090e-05 3.89671676e-05 1.04053941e-04 2.81636632e-05 4.62882163e-05 1.03044054e-04 6.43172360e-05 1.13640522e-04 1.37971757e-04 8.59702162e-05 6.40858688e-05 4.52715831e-06 8.57957639e-06 5.84255431e-06 2.21231930e-05 4.74453300e-06 1.50343128e-05 3.73846968e-05 3.47643392e-05 1.07001142e-05 4.01134142e-05 3.14636214e-05 1.32550660e-05 3.55287501e-05 4.07860602e-05 9.06479545e-06 3.32012437e-05 6.92659971e-05 2.12548795e-05 1.74679731e-04 3.31600850e-04 1.32640340e-05 9.46861118e-05 4.21749573e-06 2.34055784e-05 1.92642491e-04 3.70544126e-04 6.15290924e-05 1.32478070e-04 1.93752754e-05 4.84867046e-06 9.23375707e-06 3.61282356e-06 9.28817439e-08 3.52416318e-10 1.00000000e-10
 1996 04 29 12 00 00  3.52201189e-03 2.13680386e-03 1.16925564e-03 8.24086693e-04 5.79375494e-04 3.34337209e-04 2.33797109e-04 1.90951825e-04 3.82297262e-04 1.12684010e-04 2.62319432e-03 3.84557880e-03 2.01561773e-04 5.85868335e-05 3.90416419e-05 1.04327498e-04 2.82241817e-05 4.64446639e-05 1.03409917e-04 6.45643042e-05 1.13968399e-04 1.38389657e-04 8.61614443e-05 6.42022079e-05 4.53149914e-06 8.59288048e-06 5.84431255e-06 2.21519379e-05 4.75005727e-06 1.50566702e-05 3.74918022e-05 3.47894325e-05 1.07500156e-05 4.02309899e-05 3.17869533e-05 1.32635134e-05 3.57388698e-05 4.10496580e-05 9.07586000e-06 3.34092910e-05 6.98559629e-05 2.14641288e-05 1.75737484e-04 3.34576493e-04 1.33830597e-05 9.62626859e-05 4.55304034e-06 2.38113556e-05 1.94975291e-04 3.73057654e-04 6.22034869e-05 1.33953100e-04 1.99742243e-05 5.06631120e-06 9.73567502e-06 3.94481884e-06 1.07642995e-07 9.01333808e-10 2.41892062e-12
 1996 04 30 12 00 00  3.52355789e-03 2.13722609e-03 1.16957481e-03 8.24448051e-04 5.79761920e-04 3.34580473e-04 2.34004609e-04 1.91166345e-04 3.82853570e-04 1.12709286e-04 2.62769529e-03 3.85620371e-03 2.01687313e-04 5.85399404e-05 3.90483156e-05 1.04470845e-04 2.82871246e-05 4.66040801e-05 1.03340803e-04 6.44429936e-05 1.14298707e-04 1.38811416e-04 8.63200921e-05 6.42430690e-05 4.53599350e-06 8.59441425e-06 5.84608388e-06 2.21662290e-05 4.74728222e-06 1.50632912e-05 3.75491095e-05 3.48153728e-05 1.08020569e-05 4.02851282e-05 3.16249265e-05 1.32719884e-05 3.58465187e-05 4.12309093e-05 9.07713256e-06 3.34369671e-05 7.02194338e-05 2.13608684e-05 1.76456916e-04 3.33087340e-04 1.33234936e-05 9.65204135e-05 4.89669583e-06 2.36107851e-05 1.95663425e-04 3.73655818e-04 6.20986572e-05 1.34963354e-04 2.00720288e-05 5.10178556e-06 9.81717056e-06 3.99501306e-06 1.09603990e-07 9.80325332e-10 8.98473518e-12
 1996 05 01 12 00 00  3.52499979e-03 2.13741424e-03 1.16976002e-03 8.24745087e-04 5.80110375e-04 3.34825675e-04 2.34204319e-04 1.91368475e-04 3.83374613e-04 1.12690958e-04 2.63192509e-03 3.86683010e-03 2.01771479e-04 5.84623871e-05 3.90455086e-05 1.04598960e-04 2.83529807e-05 4.67670819e-05 1.03212352e-04 6.42697618e-05 1.14632366e-04 1.39237815e-04 8.64757615e-05 6.42679778e-05 4.54067085e-06 8.58532876e-06 5.84787049e-06 2.21786824e-05 4.74331719e-06 1.50681842e-05 3.76016138e-05 3.48423375e-05 1.08566725e-05 4.03261784e-05 3.13934201e-05 1.32804955e-05 3.59415435e-05 4.14040373e-05 9.06956338e-06 3.34287664e-05 7.05601382e-05 2.12133949e-05 1.77098223e-04 3.30959715e-04 1.32383886e-05 9.66027449e-05 5.25010546e-06 2.33243205e-05 1.96155843e-04 3.73991976e-04 6.18887965e-05 1.35675272e-04 1.97417334e-05 4.98158820e-06 9.53910793e-06 3.80089477e-06 1.00229459e-07 5.55184521e-10 1.00000000e-10
 1996 05 02 12 00 00  3.52537619e-03 2.13816604e-03 1.17019253e-03 8.24986053e-04 5.80281250e-04 3.34833103e-04 2.34241070e-04 1.91421922e-04 3.83511364e-04 1.12832644e-04 2.63298002e-03 3.86683233e-03 2.01910121e-04 5.85652074e-05 3.90771522e-05 1.04667353e-04 2.83583184e-05 4.67736245e-05 1.03422405e-04 6.44404849e-05 1.14639279e-04 1.39246300e-04 8.64947457e-05 6.43033885e-05 4.54100700e-06 8.58824351e-06 5.84789814e-06 2.21871657e-05 4.74704830e-06 1.50766654e-05 3.76298945e-05 3.48442089e-05 1.08613836e-05 4.03571178e-05 3.16123245e-05 1.32805522e-05 3.59949830e-05 4.14516348e-05 9.07198264e-06 3.35113873e-05 7.06892448e-05 2.13572741e-05 1.77278468e-04 3.32977103e-04 1.33190841e-05 9.72473255e-05 5.26795957e-06 2.36028747e-05 1.97005849e-04 3.74957469e-04 6.22621418e-05 1.35925589e-04 1.99132726e-05 5.04382970e-06 9.68220509e-06 3.89033260e-06 1.03825675e-07 6.59890276e-10 1.00000000e-10
 1996 05 03 12 00 00  3.52782390e-03 2.14044264e-03 1.17157640e-03 8.25918335e-04 5.81056040e-04 3.35086496e-04 2.34531536e-04 1.91758916e-04 3.84388520e-04 1.13205952e-04 2.63996362e-03 3.87745947e-03 2.02373053e-04 5.87670708e-05 3.91605161e-05 1.04966285e-04 2.84256384e-05 4.69384104e-05 1.03851158e-04 6.47346023e-05 1.14975484e-04 1.39675021e-04 8.66945054e-05 6.44242307e-05 4.54577603e-06 8.59229112e-06 5.84969202e-06 2.22192063e-05 4.75354245e-06 1.51023646e-05 3.77493849e-05 3.48716800e-05 1.09172855e-05 4.04796304e-05 3.19929299e-05 1.32890767e-05 3.62242947e-05 4.17358971e-05 9.07534195e-06 3.37311356e-05 7.13343273e-05 2.16057000e-05 1.78365855e-04 3.36482481e-04 1.34592992e-05 9.90272158e-05 5.62624700e-06 2.40841851e-05 1.99646916e-04 3.77777731e-04 6.30494111e-05 1.37227939e-04 2.01443534e-05 5.12768747e-06 9.87505919e-06 4.01158057e-06 1.08755860e-07 8.14773315e-10 1.00000000e-10
 1996 05 04 12 00 00  3.52889352e-03 2.13984497e-03 1.17131067e-03 8.25980860e-04 5.81250570e-04 3.35330894e-04 2.34698741e-04 1.91912069e-04 3.84778412e-04 1.13040336e-04 2.64318438e-03 3.88808623e-03 2.02315157e-04 5.85840985e-05 3.91251916e-05 1.05032771e-04 2.84934358e-05 4.71037813e-05 1.03512889e-04 6.43847336e-05 1.15312139e-04 1.40104487e-04 8.68351346e-05 6.44375804e-05 4.55057561e-06 8.61130684e-06 5.85148846e-06 2.22271750e-05 4.74563240e-06 1.50998860e-05 3.77803875e-05 3.48993228e-05 1.09736109e-05 4.05110382e-05 3.15304962e-05 1.32976027e-05 3.62749862e-05 4.18726159e-05 9.09115697e-06 3.36813557e-05 7.15729694e-05 2.13086532e-05 1.79022501e-04 3.32229448e-04 1.32891779e-05 9.85082210e-05 5.98613369e-06 2.35076979e-05 1.99363304e-04 3.77312868e-04 6.24672143e-05 1.38780412e-04 2.09980404e-05 5.43789811e-06 1.05904871e-05 4.48511596e-06 1.29833134e-07 1.89022333e-09 8.77676765e-11
 1996 05 05 12 00 00  3.53363226e-03 2.14131142e-03 1.17238233e-03 8.27127736e-04 5.82453741e-04 3.36063555e-04 2.35330940e-04 1.92569279e-04 3.86482197e-04 1.13153354e-04 2.65696832e-03 3.91996168e-03 2.02727590e-04 5.84681999e-05 3.91528825e-05 1.05480500e-04 2.86846916e-05 4.75850218e-05 1.03352411e-04 6.40623271e-05 1.16306770e-04 1.41373630e-04 8.73166617e-05 6.45863592e-05 4.56421039e-06 8.64030371e-06 5.85681482e-06 2.22740184e-05 4.73830805e-06 1.51220954e-05 3.79625106e-05 3.49779992e-05 1.11318826e-05 4.06956940e-05 3.11025302e-05 1.33230555e-05 3.66157124e-05 4.24313365e-05 9.11527895e-06 3.38164139e-05 7.27023784e-05 2.10346436e-05 1.81355192e-04 3.28294566e-04 1.31317826e-05 9.94705645e-05 7.02523175e-06 2.29757308e-05 2.01654813e-04 3.79434544e-04 6.22453673e-05 1.42573539e-04 2.22631848e-05 5.89770614e-06 1.16513286e-05 5.19203725e-06 1.61645566e-07 3.54018548e-09 2.37133824e-10
 1996 05 06 12 00 00  3.54078909e-03 2.14781882e-03 1.17634678e-03 8.29800389e-04 5.84675308e-04 3.36812739e-04 2.36179578e-04 1.93549053e-04 3.89040555e-04 1.14211396e-04 2.67735722e-03 3.95183712e-03 2.04053178e-04 5.90262954e-05 3.93884551e-05 1.06336245e-04 2.88759504e-05 4.80662653e-05 1.04534347e-04 6.48679095e-05 1.17303006e-04 1.42642756e-04 8.79023708e-05 6.49621358e-05 4.57784481e-06 8.69681317e-06 5.86214082e-06 2.23667885e-05 4.75624838e-06 1.51938463e-05 3.83026685e-05 3.50566785e-05 1.12901515e-05 4.10726797e-05 3.21530009e-05 1.33485068e-05 3.72762529e-05 4.32526485e-05 9.16229619e-06 3.44943002e-05 7.45522835e-05 2.17163280e-05 1.84722203e-04 3.37964403e-04 1.35185761e-05 1.04504122e-04 8.06431781e-06 2.42972645e-05 2.09082510e-04 3.87489323e-04 6.44236149e-05 1.47592928e-04 2.46732543e-05 6.77375822e-06 1.36731332e-05 6.54671059e-06 2.23142689e-07 6.77056207e-09 5.30621147e-10
 1996 05 07 12 00 00  3.54717277e-03 2.15271220e-03 1.17938491e-03 8.31984949e-04 5.86571484e-04 3.37557083e-04 2.36959139e-04 1.94425721e-04 3.91325506e-04 1.14966796e-04 2.69563522e-03 3.98371294e-03 2.05086302e-04 5.93681729e-05 3.95573451e-05 1.07061648e-04 2.90676981e-05 4.85481112e-05 1.05284762e-04 6.53116498e-05 1.18298434e-04 1.43912686e-04 8.84550201e-05 6.52398055e-05 4.59151088e-06 8.70866133e-06 5.86747010e-06 2.24426420e-05 4.76609930e-06 1.52498111e-05 3.85918048e-05 3.51355295e-05 1.14488539e-05 4.13665697e-05 3.27299902e-05 1.33739624e-05 3.78311819e-05 4.39887594e-05 9.17215002e-06 3.49515797e-05 7.61698501e-05 2.20915594e-05 1.87578420e-04 3.43276770e-04 1.37310708e-05 1.08212921e-04 9.10505696e-06 2.50245386e-05 2.14870305e-04 3.93537434e-04 6.58328063e-05 1.51101712e-04 2.51983664e-05 6.96458737e-06 1.41133100e-05 6.83893620e-06 2.36213704e-07 7.44242747e-09 5.91286842e-10
 1996 05 08 12 00 00  3.55555505e-03 2.15897331e-03 1.18328448e-03 8.34815814e-04 5.89043402e-04 3.38547763e-04 2.37986483e-04 1.95576894e-04 3.94325944e-04 1.15924528e-04 2.71964867e-03 4.02621329e-03 2.06415747e-04 5.97886093e-05 3.97716213e-05 1.08006293e-04 2.93223828e-05 4.91893676e-05 1.06214326e-04 6.58442557e-05 1.19624601e-04 1.45604344e-04 8.91858108e-05 6.56049527e-05 4.60966985e-06 8.73310055e-06 5.87456998e-06 2.25417365e-05 4.77791873e-06 1.53216510e-05 3.89684122e-05 3.52403149e-05 1.16595933e-05 4.17539726e-05 3.34223383e-05 1.34078946e-05 3.85543544e-05 4.49555016e-05 9.19248268e-06 3.55456078e-05 7.82860225e-05 2.25419091e-05 1.91378100e-04 3.49651382e-04 1.39860553e-05 1.12945319e-04 1.04894250e-05 2.58973829e-05 2.22304768e-04 4.01308766e-04 6.75842652e-05 1.56015394e-04 2.62595704e-05 7.35028643e-06 1.50032311e-05 7.43264070e-06 2.62980527e-07 8.83445921e-09 7.17400184e-10
 1996 05 09 12 00 00  3.55971920e-03 2.16202766e-03 1.18519101e-03 8.36215865e-04 5.90274890e-04 3.39046000e-04 2.38499524e-04 1.96150646e-04 3.95818461e-04 1.16389451e-04 2.73159766e-03 4.04746495e-03 2.07067889e-04 5.99894292e-05 3.98758291e-05 1.08476818e-04 2.94531259e-05 4.95141663e-05 1.06662465e-04 6.60941063e-05 1.20291622e-04 1.46455583e-04 8.95518010e-05 6.57770551e-05 4.61896343e-06 8.73311292e-06 5.87813738e-06 2.25908748e-05 4.78342736e-06 1.53574921e-05 3.91572405e-05 3.52939038e-05 1.17679636e-05 4.19393345e-05 3.37452220e-05 1.34248970e-05 3.89136062e-05 4.54396071e-05 9.19248851e-06 3.58206616e-05 7.93456117e-05 2.27528741e-05 1.93222727e-04 3.52625390e-04 1.41050156e-05 1.15265364e-04 1.11929810e-05 2.63060763e-05 2.25994502e-04 4.05117448e-04 6.84313481e-05 1.58132927e-04 2.62826314e-05 7.35861554e-06 1.50221908e-05 7.44226400e-06 2.63195521e-07 8.82897631e-09 7.16475457e-10
 1996 05 10 12 00 00  3.56529261e-03 2.16522745e-03 1.18725768e-03 8.37890289e-04 5.91832348e-04 3.39785255e-04 2.39207079e-04 1.96919940e-04 3.97818195e-04 1.16827625e-04 2.74766707e-03 4.07934114e-03 2.07794950e-04 6.01060664e-05 3.99752227e-05 1.09066451e-04 2.96453567e-05 4.99965972e-05 1.06966583e-04 6.61605503e-05 1.21287574e-04 1.47726273e-04 9.00697967e-05 6.59916082e-05 4.63265933e-06 8.75399783e-06 5.88346920e-06 2.26526894e-05 4.78478141e-06 1.53969493e-05 3.93938965e-05 3.53729207e-05 1.19270924e-05 4.21800215e-05 3.38252867e-05 1.34503585e-05 3.93635163e-05 4.60893267e-05 9.20986495e-06 3.61197548e-05 8.07252631e-05 2.28080593e-05 1.95827613e-04 3.53366486e-04 1.41346594e-05 1.17623430e-04 1.22353318e-05 2.64123926e-05 2.30069195e-04 4.09241030e-04 6.90387429e-05 1.61795626e-04 2.71788724e-05 7.68438281e-06 1.57739517e-05 7.94521729e-06 2.85973692e-07 1.00214027e-08 8.24706259e-10
 1996 05 11 12 00 00  3.56707792e-03 2.16612500e-03 1.18785031e-03 8.38405007e-04 5.92328289e-04 3.40033687e-04 2.39438189e-04 1.97168654e-04 3.98461628e-04 1.16942507e-04 2.75284083e-03 4.08996753e-03 2.08008280e-04 6.01242042e-05 4.00019071e-05 1.09253629e-04 2.97121878e-05 5.01607778e-05 1.07030338e-04 6.61471277e-05 1.21622452e-04 1.48154206e-04 9.02407672e-05 6.60427691e-05 4.63739780e-06 8.74063990e-06 5.88526018e-06 2.26713993e-05 4.78436268e-06 1.54090289e-05 3.94690885e-05 3.54002230e-05 1.19825636e-05 4.22436592e-05 3.38015147e-05 1.34588772e-05 3.95037378e-05 4.63005829e-05 9.19874947e-06 3.61774320e-05 8.11707234e-05 2.27957091e-05 1.96579132e-04 3.53151476e-04 1.41260590e-05 1.18280755e-04 1.25919818e-05 2.63878203e-05 2.31301768e-04 4.10402601e-04 6.91707931e-05 1.62405415e-04 2.66220571e-05 7.48195203e-06 1.53066208e-05 7.63033290e-06 2.71552520e-07 9.25430346e-09 7.54770202e-10
 1996 05 12 12 00 00  3.56739220e-03 2.16675656e-03 1.18821393e-03 8.38606710e-04 5.92470711e-04 3.40038951e-04 2.39468649e-04 1.97213294e-04 3.98576343e-04 1.17061702e-04 2.75371929e-03 4.08996902e-03 2.08125046e-04 6.02116930e-05 4.00288167e-05 1.09310557e-04 2.97155872e-05 5.01649454e-05 1.07210205e-04 6.62923208e-05 1.21625647e-04 1.48159610e-04 9.02560772e-05 6.60372384e-05 4.63761207e-06 8.69458599e-06 5.88527801e-06 2.26750851e-05 4.78749644e-06 1.54159919e-05 3.94898300e-05 3.54014133e-05 1.19855627e-05 4.22399378e-05 3.39855964e-05 1.34589121e-05 3.95423350e-05 4.63366202e-05 9.16042918e-06 3.61827602e-05 8.12710509e-05 2.29177444e-05 1.96477343e-04 3.54849236e-04 1.41939695e-05 1.18784834e-04 1.26033468e-05 2.66238669e-05 2.32006517e-04 4.11053432e-04 6.94863164e-05 1.61055652e-04 2.46754032e-05 6.77430776e-06 1.36732752e-05 6.53355121e-06 2.21590702e-07 6.61685746e-09 5.14821252e-10
 1996 05 13 12 00 00  3.56512548e-03 2.16479998e-03 1.18701613e-03 8.37795842e-04 5.91795213e-04 3.39794765e-04 2.39199896e-04 1.96906580e-04 3.97770912e-04 1.16750021e-04 2.74727807e-03 4.07934636e-03 2.07725133e-04 6.00584384e-05 3.99602945e-05 1.09051181e-04 2.96570099e-05 5.00108756e-05 1.06890169e-04 6.60768477e-05 1.21299918e-04 1.47744788e-04 9.00686544e-05 6.59180347e-05 4.63339275e-06 8.66901973e-06 5.88352923e-06 2.26473379e-05 4.78253387e-06 1.53953039e-05 3.93866820e-05 3.53770010e-05 1.19373733e-05 4.21207516e-05 3.36960569e-05 1.34504851e-05 3.93404692e-05 4.60820663e-05 9.13915574e-06 3.59725198e-05 8.07062169e-05 2.27340584e-05 1.95389873e-04 3.52189236e-04 1.40875694e-05 1.17313690e-04 1.22742902e-05 2.62669055e-05 2.29839084e-04 4.08685804e-04 6.88831258e-05 1.59261067e-04 2.35971956e-05 6.38235424e-06 1.27685613e-05 5.92571020e-06 1.93877896e-07 5.15212903e-09 3.81518284e-10
 1996 05 14 12 00 00  3.56310431e-03 2.16335534e-03 1.18611211e-03 8.37139938e-04 5.91223138e-04 3.39552261e-04 2.38953124e-04 1.96632631e-04 3.97052267e-04 1.16534313e-04 2.74150737e-03 4.06872332e-03 2.07417957e-04 5.99736310e-05 3.99128840e-05 1.08833240e-04 2.95984326e-05 4.98568057e-05 1.06706516e-04 6.59759215e-05 1.20974583e-04 1.47329968e-04 8.98918131e-05 6.58281860e-05 4.62917378e-06 8.65477996e-06 5.88178082e-06 2.26248148e-05 4.78013753e-06 1.53796476e-05 3.92998531e-05 3.53525858e-05 1.18891861e-05 4.20263665e-05 3.35566612e-05 1.34420581e-05 3.91719884e-05 4.58546242e-05 9.12730247e-06 3.58289157e-05 8.02153820e-05 2.26474265e-05 1.94450716e-04 3.50910817e-04 1.40364327e-05 1.16261750e-04 1.19452379e-05 2.60981673e-05 2.28193259e-04 4.06948358e-04 6.85236642e-05 1.57883744e-04 2.30305803e-05 6.17629457e-06 1.22925328e-05 5.60120546e-06 1.78746825e-07 4.32708447e-09 3.05792325e-10
 1996 05 15 12 00 00  3.55730177e-03 2.15960954e-03 1.18373523e-03 8.35329957e-04 5.89597254e-04 3.38820754e-04 2.38231690e-04 1.95840292e-04 3.94981267e-04 1.15995858e-04 2.72486962e-03 4.03685234e-03 2.06598312e-04 5.97916112e-05 3.97931320e-05 1.08215881e-04 2.94164027e-05 4.93868778e-05 1.06287845e-04 6.57967408e-05 1.19991581e-04 1.46075500e-04 8.93692451e-05 6.56024175e-05 4.61611962e-06 8.64295653e-06 5.87650211e-06 2.25622333e-05 4.77595859e-06 1.53370339e-05 3.90543307e-05 3.52771371e-05 1.17390569e-05 4.17784561e-05 3.33131378e-05 1.34167072e-05 3.86998868e-05 4.51937998e-05 9.11744864e-06 3.54938176e-05 7.88020711e-05 2.24942429e-05 1.91856449e-04 3.48675217e-04 1.39470087e-05 1.13548786e-04 1.09369968e-05 2.58002052e-05 2.23738570e-04 4.02398380e-04 6.76959780e-05 1.54685022e-04 2.26413014e-05 6.03451949e-06 1.19640013e-05 5.36538960e-06 1.66911732e-07 3.61996069e-09 2.39375852e-10
 1996 05 16 12 00 00  3.55358516e-03 2.15742796e-03 1.18233156e-03 8.34218845e-04 5.88577148e-04 3.38334410e-04 2.37764355e-04 1.95332248e-04 3.93653988e-04 1.15695971e-04 2.71419283e-03 4.01560515e-03 2.06108880e-04 5.97119742e-05 3.97261686e-05 1.07829904e-04 2.92953686e-05 4.90739825e-05 1.06091087e-04 6.57471479e-05 1.19336892e-04 1.45239696e-04 8.90275723e-05 6.54701853e-05 4.60743722e-06 8.64211106e-06 5.87298491e-06 2.25238107e-05 4.77475587e-06 1.53117691e-05 3.89012250e-05 3.52269504e-05 1.16392548e-05 4.16285742e-05 3.32433148e-05 1.33998095e-05 3.84060984e-05 4.47703828e-05 9.11673051e-06 3.53116492e-05 7.79064700e-05 2.24514632e-05 1.90220529e-04 3.48035627e-04 1.39214251e-05 1.11999926e-04 1.02659113e-05 2.57167529e-05 2.21092316e-04 3.99755549e-04 6.72933808e-05 1.52818153e-04 2.27035854e-05 6.05692512e-06 1.20145710e-05 5.38586559e-06 1.66875648e-07 3.54505225e-09 2.30713582e-10
 1996 05 17 12 00 00  3.54594966e-03 2.15266880e-03 1.17929591e-03 8.31865457e-04 5.86440977e-04 3.37356781e-04 2.36809037e-04 1.94286291e-04 3.90924150e-04 1.15021170e-04 2.69226437e-03 3.97310816e-03 2.05055880e-04 5.94968447e-05 3.95750928e-05 1.07019620e-04 2.90494179e-05 4.84434306e-05 1.05580440e-04 6.55557553e-05 1.18022688e-04 1.43561908e-04 8.83334843e-05 6.51912292e-05 4.58982795e-06 8.64603062e-06 5.86593014e-06 2.24425531e-05 4.77039903e-06 1.52565050e-05 3.85798236e-05 3.51252180e-05 1.14362250e-05 4.13157691e-05 3.29887931e-05 1.33659734e-05 3.77899296e-05 4.38969177e-05 9.11998068e-06 3.49115111e-05 7.60428484e-05 2.22887218e-05 1.86883970e-04 3.45695724e-04 1.38278289e-05 1.08557587e-04 8.91075324e-06 2.54007609e-05 2.15329148e-04 3.93957520e-04 6.62845136e-05 1.49099899e-04 2.29564907e-05 6.14865137e-06 1.22252685e-05 5.51534782e-06 1.71911648e-07 3.74591922e-09 2.47343768e-10
 1996 05 18 12 00 00  3.53841686e-03 2.14814331e-03 1.17639389e-03 8.29575252e-04 5.84341291e-04 3.36376770e-04 2.35861153e-04 1.93252303e-04 3.88228865e-04 1.14389864e-04 2.67060102e-03 3.93061042e-03 2.04044043e-04 5.93122830e-05 3.94334712e-05 1.06223960e-04 2.88000680e-05 4.78087139e-05 1.05128532e-04 6.54162024e-05 1.16703810e-04 1.41878723e-04 8.76420630e-05 6.49078899e-05 4.57200476e-06 8.63223540e-06 5.85885791e-06 2.23611372e-05 4.76723253e-06 1.52028726e-05 3.82618662e-05 3.50222923e-05 1.12301939e-05 4.09987560e-05 3.28037509e-05 1.33320995e-05 3.71828670e-05 4.30293897e-05 9.10848976e-06 3.45100936e-05 7.41974535e-05 2.21701499e-05 1.83478179e-04 3.43994246e-04 1.37597699e-05 1.05268447e-04 7.54422435e-06 2.51705816e-05 2.09754508e-04 3.88327146e-04 6.53796289e-05 1.44799386e-04 2.24555610e-05 5.96635680e-06 1.18035440e-05 5.22084827e-06 1.57683204e-07 2.93354376e-09 1.71885417e-10
 1996 05 19 12 00 00  3.53011976e-03 2.14203981e-03 1.17258628e-03 8.26802304e-04 5.81915477e-04 3.35388917e-04 2.34843629e-04 1.92115351e-04 3.85262895e-04 1.13462673e-04 2.64683885e-03 3.88811082e-03 2.02745908e-04 5.89172359e-05 3.92269298e-05 1.05297583e-04 2.85478076e-05 4.71704261e-05 1.04257595e-04 6.49247260e-05 1.15380947e-04 1.40190904e-04 8.69162141e-05 6.45569296e-05 4.55399822e-06 8.61660083e-06 5.85177077e-06 2.22649326e-05 4.75616798e-06 1.51332024e-05 3.78914014e-05 3.49183509e-05 1.10215929e-05 4.06242603e-05 3.21566098e-05 1.32981950e-05 3.64731740e-05 4.20756269e-05 9.09547307e-06 3.39460301e-05 7.21161533e-05 2.17532739e-05 1.79765836e-04 3.38040968e-04 1.35216387e-05 1.00691215e-04 6.16795587e-06 2.43617818e-05 2.02534864e-04 3.80823134e-04 6.37206152e-05 1.40258049e-04 2.18373973e-05 5.74154046e-06 1.12841356e-05 4.86619158e-06 1.41105146e-07 2.02657606e-09 8.85662543e-11
 1996 05 20 12 00 00  3.52217399e-03 2.13668268e-03 1.16920668e-03 8.24249865e-04 5.79632763e-04 3.34401264e-04 2.33856285e-04 1.91024019e-04 3.82419826e-04 1.12675185e-04 2.62402511e-03 3.84561010e-03 2.01582130e-04 5.86214727e-05 3.90510319e-05 1.04428536e-04 2.82931171e-05 4.65291640e-05 1.03582806e-04 6.45999156e-05 1.14054938e-04 1.38499231e-04 8.62042516e-05 6.42291673e-05 4.53583889e-06 8.59207794e-06 5.84467016e-06 2.21739298e-05 4.74885819e-06 1.50703918e-05 3.75415908e-05 3.48135625e-05 1.08108514e-05 4.02691213e-05 3.17290600e-05 1.32642643e-05 3.58068075e-05 4.11563110e-05 9.07506910e-06 3.34439148e-05 7.01307173e-05 2.14777858e-05 1.76126223e-04 3.34107720e-04 1.33643088e-05 9.66917163e-05 4.78357688e-06 2.38273060e-05 1.96040228e-04 3.74121573e-04 6.24116942e-05 1.35436467e-04 2.08053827e-05 5.36637388e-06 1.04181437e-05 4.28406370e-06 1.14542920e-07 7.05676051e-10 1.00000000e-10
 1996 05 21 12 00 00  3.51439693e-03 2.13168106e-03 1.16603034e-03 8.21802082e-04 5.77417824e-04 3.33414740e-04 2.32883476e-04 1.89954218e-04 3.79634481e-04 1.11953861e-04 2.60166752e-03 3.80310938e-03 2.00481579e-04 5.83709087e-05 3.88891223e-05 1.03586776e-04 2.80384294e-05 4.58879018e-05 1.02994082e-04 6.43512758e-05 1.12729044e-04 1.36807559e-04 8.54995432e-05 6.39173948e-05 4.51767955e-06 8.56963597e-06 5.83757028e-06 2.20860632e-05 4.74334192e-06 1.50109854e-05 3.72037789e-05 3.47087713e-05 1.06001091e-05 3.99271625e-05 3.14059580e-05 1.32303321e-05 3.51630197e-05 4.02551573e-05 9.05639754e-06 3.29796418e-05 6.81948812e-05 2.12675644e-05 1.72560132e-04 3.31132771e-04 1.32453108e-05 9.29756545e-05 3.39919497e-06 2.34198771e-05 1.89896287e-04 3.67825997e-04 6.12646063e-05 1.30693198e-04 1.98451719e-05 5.01734771e-06 9.61267647e-06 3.74479708e-06 9.00925805e-08 1.00000000e-10 1.00000000e-10
 1996 05 22 12 00 00  3.51057647e-03 2.12933591e-03 1.16453120e-03 8.20620038e-04 5.76334314e-04 3.32919742e-04 2.32401927e-04 1.89427192e-04 3.78264682e-04 1.11622179e-04 2.59066370e-03 3.78185809e-03 1.99958714e-04 5.82660502e-05 3.88144836e-05 1.03175485e-04 2.79086584e-05 4.55642963e-05 1.02739145e-04 6.42615953e-05 1.12063216e-04 1.35957868e-04 8.51488653e-05 6.37705448e-05 4.50844709e-06 8.56351835e-06 5.83400761e-06 2.20430801e-05 4.74137778e-06 1.49823408e-05 3.70374865e-05 3.46555258e-05 1.04925966e-05 3.97634995e-05 3.12907272e-05 1.32133384e-05 3.48487799e-05 3.98091485e-05 9.05130946e-06 3.27686241e-05 6.72400667e-05 2.11919498e-05 1.70816126e-04 3.30070996e-04 1.32028399e-05 9.12298745e-05 2.69888933e-06 2.32734601e-05 1.86947971e-04 3.64840180e-04 6.07602598e-05 1.28454469e-04 1.95692591e-05 4.91708997e-06 9.38146968e-06 3.59192430e-06 8.32998918e-08 1.00000000e-10 1.00000000e-10
 1996 05 23 12 00 00  3.50553454e-03 2.12443195e-03 1.16156425e-03 8.18668976e-04 5.74741583e-04 3.32418167e-04 2.31812286e-04 1.88738622e-04 3.76465004e-04 1.10811167e-04 2.57633452e-03 3.76060754e-03 1.98973461e-04 5.78203874e-05 3.86346971e-05 1.02560131e-04 2.77808285e-05 4.52430686e-05 1.01808441e-04 6.36009616e-05 1.11399841e-04 1.35111258e-04 8.47465726e-05 6.35328376e-05 4.49933686e-06 8.57647974e-06 5.83045512e-06 2.19795813e-05 4.72657266e-06 1.49289644e-05 3.67935179e-05 3.46029614e-05 1.03867962e-05 3.95232720e-05 3.04244313e-05 1.31963679e-05 3.43777835e-05 3.92346672e-05 9.06209534e-06 3.23263844e-05 6.59307200e-05 2.06321551e-05 1.68727127e-04 3.22099480e-04 1.28839792e-05 8.74539740e-05 2.00507238e-06 2.21877344e-05 1.81425416e-04 3.58977735e-04 5.90447553e-05 1.26652829e-04 2.01107372e-05 5.11394244e-06 9.83590905e-06 3.89796199e-06 9.73043907e-08 1.14551213e-10 1.00000000e-10
 1996 05 24 12 00 00  3.50616547e-03 2.12576725e-03 1.16233047e-03 8.19066418e-04 5.75001672e-04 3.32418979e-04 2.31867117e-04 1.88821442e-04 3.76687210e-04 1.11061439e-04 2.57804287e-03 3.76060605e-03 1.99214775e-04 5.79996386e-05 3.86899862e-05 1.02664260e-04 2.77769461e-05 4.52383072e-05 1.02165681e-04 6.39014004e-05 1.11395259e-04 1.35105081e-04 8.47717552e-05 6.35874807e-05 4.49909203e-06 8.57820924e-06 5.83043511e-06 2.19902558e-05 4.73327891e-06 1.49413839e-05 3.68308876e-05 3.46015993e-05 1.03833670e-05 3.95692432e-05 3.08170012e-05 1.31963257e-05 3.44576418e-05 3.92981432e-05 9.06353598e-06 3.24613857e-05 6.61064997e-05 2.08865138e-05 1.68949533e-04 3.25712698e-04 1.30285079e-05 8.85048361e-05 1.99208116e-06 2.26809207e-05 1.82736648e-04 3.60484616e-04 5.96769431e-05 1.26754279e-04 2.01756513e-05 5.13755956e-06 9.89051686e-06 3.93575532e-06 9.91068426e-08 1.81753812e-10 1.00000000e-10
 1996 05 25 12 00 00  3.50681329e-03 2.12714195e-03 1.16311900e-03 8.19473547e-04 5.75266586e-04 3.32419459e-04 2.31922981e-04 1.88905878e-04 3.76914368e-04 1.11318870e-04 2.57979336e-03 3.76060419e-03 1.99462596e-04 5.81831325e-05 3.87466072e-05 1.02770372e-04 2.77725776e-05 4.52329550e-05 1.02529439e-04 6.42092491e-05 1.11389913e-04 1.35098146e-04 8.47974123e-05 6.36388467e-05 4.49881700e-06 8.57342602e-06 5.83041256e-06 2.20006571e-05 4.74019071e-06 1.49540611e-05 3.68691590e-05 3.46000714e-05 1.03795137e-05 3.96122267e-05 3.12213466e-05 1.31962792e-05 3.45387723e-05 3.93624398e-05 9.05955894e-06 3.25913364e-05 6.62848979e-05 2.11474748e-05 1.69142835e-04 3.29433018e-04 1.31773207e-05 8.95783317e-05 1.97747831e-06 2.31871250e-05 1.84076418e-04 3.62004947e-04 6.03238962e-05 1.26641908e-04 1.99565227e-05 5.05794296e-06 9.70694852e-06 3.81482500e-06 9.37658683e-08 1.33866251e-12 1.00000000e-10
 1996 05 26 12 00 00  3.50685535e-03 2.12725568e-03 1.16318404e-03 8.19498868e-04 5.75276541e-04 3.32415360e-04 2.31924564e-04 1.88909591e-04 3.76927844e-04 1.11340008e-04 2.57988881e-03 3.76060233e-03 1.99482198e-04 5.81986963e-05 3.87514202e-05 1.02774290e-04 2.77677202e-05 4.52270004e-05 1.02559875e-04 6.42359781e-05 1.11383931e-04 1.35090422e-04 8.47967207e-05 6.36440730e-05 4.49851141e-06 8.57689083e-06 5.83038709e-06 2.20004419e-05 4.74078079e-06 1.49542789e-05 3.68675993e-05 3.45983717e-05 1.03752282e-05 3.96161484e-05 3.12559307e-05 1.31962253e-05 3.45409406e-05 3.93611696e-05 9.06244240e-06 3.26052581e-05 6.62829265e-05 2.11700491e-05 1.69151519e-04 3.29751548e-04 1.31900619e-05 8.96413299e-05 1.96123510e-06 2.32308652e-05 1.84128002e-04 3.62085247e-04 6.03718642e-05 1.26693590e-04 2.00946391e-05 5.10817058e-06 9.82297895e-06 3.89388176e-06 9.74492931e-08 1.34854439e-10 1.00000000e-10
 1996 05 27 12 00 00  3.50494789e-03 2.12611781e-03 1.16245409e-03 8.18908087e-04 5.74727110e-04 3.32163061e-04 2.31681588e-04 1.88644267e-04 3.76242234e-04 1.11180435e-04 2.57437243e-03 3.74997333e-03 1.99225862e-04 5.81510933e-05 3.87156101e-05 1.02565508e-04 2.76974955e-05 4.50586551e-05 1.02441043e-04 6.42000232e-05 1.11044322e-04 1.34657085e-04 8.46187463e-05 6.35698256e-05 4.49355975e-06 8.57369378e-06 5.82857792e-06 2.19776557e-05 4.73999571e-06 1.49393003e-05 3.67798745e-05 3.45698791e-05 1.03167586e-05 3.95330440e-05 3.12098651e-05 1.31876717e-05 3.43801125e-05 3.91318535e-05 9.05978450e-06 3.25007191e-05 6.57900107e-05 2.11397535e-05 1.68252942e-04 3.29326990e-04 1.31730796e-05 8.87697901e-05 1.59322299e-06 2.31722122e-05 1.82617517e-04 3.60562332e-04 6.01287741e-05 1.25497170e-04 1.99370258e-05 5.05092958e-06 9.69112050e-06 3.80843117e-06 9.37788890e-08 1.57807989e-11 1.00000000e-10
 1996 05 28 12 00 00  3.50695433e-03 2.12755661e-03 1.16335522e-03 8.19555072e-04 5.75287549e-04 3.32400678e-04 2.31925185e-04 1.88915097e-04 3.76955944e-04 1.11395305e-04 2.58008558e-03 3.76059413e-03 1.99532019e-04 5.82377527e-05 3.87635633e-05 1.02778598e-04 2.77507294e-05 4.52061766e-05 1.02631328e-04 6.43042789e-05 1.11362328e-04 1.35063422e-04 8.47922142e-05 6.36395998e-05 4.49744221e-06 8.56299303e-06 5.83029905e-06 2.19970268e-05 4.74237277e-06 1.49539951e-05 3.68592225e-05 3.45924229e-05 1.03602346e-05 3.96102530e-05 3.13487079e-05 1.31960405e-05 3.45397253e-05 3.93500115e-05 9.05088600e-06 3.26094202e-05 6.62585456e-05 2.12284329e-05 1.69032188e-04 3.30603328e-04 1.32241331e-05 8.97626718e-05 1.90442115e-06 2.33444211e-05 1.84197726e-04 3.62159243e-04 6.04857661e-05 1.26031338e-04 1.94507369e-05 4.87423661e-06 9.28368462e-06 3.53951739e-06 8.18651596e-08 1.00000000e-10 1.00000000e-10
 1996 05 29 12 00 00  3.51061220e-03 2.12958471e-03 1.16467152e-03 8.20631818e-04 5.76293849e-04 3.32891464e-04 2.32390076e-04 1.89418116e-04 3.78265397e-04 1.11666954e-04 2.59062680e-03 3.78184430e-03 1.99995574e-04 5.82981354e-05 3.88245386e-05 1.03159025e-04 2.78771011e-05 4.55256173e-05 1.02793246e-04 6.43205247e-05 1.12023759e-04 1.35907710e-04 8.51341199e-05 6.37697488e-05 4.50646075e-06 8.56614133e-06 5.83384390e-06 2.20359220e-05 4.74277513e-06 1.49788047e-05 3.70127459e-05 3.46444809e-05 1.04647479e-05 3.97590668e-05 3.13720258e-05 1.32129979e-05 3.48299919e-05 3.97739400e-05 9.05350753e-06 3.27824998e-05 6.71537560e-05 2.12425148e-05 1.70684394e-04 3.30816614e-04 1.32326646e-05 9.12262939e-05 2.59336084e-06 2.33719387e-05 1.86766474e-04 3.64711107e-04 6.08273768e-05 1.28086842e-04 1.95693111e-05 4.91737514e-06 9.38342440e-06 3.60848794e-06 8.51503763e-08 1.00000000e-10 1.00000000e-10
 1996 05 30 12 00 00  3.51436762e-03 2.13181063e-03 1.16610145e-03 8.21770493e-04 5.77343012e-04 3.33383798e-04 2.32864177e-04 1.89934586e-04 3.79609731e-04 1.11975757e-04 2.60143895e-03 3.80309448e-03 2.00495254e-04 5.83850660e-05 3.88936970e-05 1.03556631e-04 2.80044478e-05 4.58462455e-05 1.03008438e-04 6.43810199e-05 1.12686431e-04 1.36753547e-04 8.54807328e-05 6.39080864e-05 4.51554006e-06 8.56877523e-06 5.83739384e-06 2.20768119e-05 4.74416411e-06 1.50057452e-05 3.71734040e-05 3.46968765e-05 1.05701190e-05 3.99149402e-05 3.14530917e-05 1.32299610e-05 3.51337116e-05 4.02095898e-05 9.05570050e-06 3.29752881e-05 6.80808839e-05 2.12940533e-05 1.72374895e-04 3.31561538e-04 1.32624615e-05 9.28550533e-05 3.28555179e-06 2.34720719e-05 1.89550481e-04 3.67504410e-04 6.12649561e-05 1.30157389e-04 1.96719581e-05 4.95471015e-06 9.46970089e-06 3.66761806e-06 8.79299098e-08 1.00000000e-10 1.00000000e-10
 1996 05 31 12 00 00  3.51818426e-03 2.13415576e-03 1.16759995e-03 8.22948511e-04 5.78420913e-04 3.33877870e-04 2.33344521e-04 1.90459987e-04 3.80976472e-04 1.12307048e-04 2.61242492e-03 3.82434502e-03 2.01017035e-04 5.84882632e-05 3.89678579e-05 1.03965756e-04 2.81332468e-05 4.61686577e-05 1.03257130e-04 6.44684478e-05 1.13351463e-04 1.37601691e-04 8.58307321e-05 6.40663023e-05 4.52471177e-06 8.59152424e-06 5.84095178e-06 2.21205092e-05 4.74614208e-06 1.50341439e-05 3.73397864e-05 3.47497815e-05 1.06767751e-05 4.00878526e-05 3.15687124e-05 1.32469431e-05 3.54486289e-05 4.06546979e-05 9.07462963e-06 3.32071313e-05 6.90326232e-05 2.13682884e-05 1.74197681e-04 3.32624857e-04 1.33049943e-05 9.46028654e-05 3.98260599e-06 2.36161475e-05 1.92477371e-04 3.70519568e-04 6.17625406e-05 1.32889993e-04 2.06327678e-05 5.30398354e-06 1.02758830e-05 4.20906540e-06 1.12601779e-07 7.05095182e-10 1.00000000e-10
 1996 06 01 12 00 00  3.52351361e-03 2.13965189e-03 1.17090671e-03 8.25080993e-04 5.80136446e-04 3.34382712e-04 2.33960442e-04 1.91187291e-04 3.82877823e-04 1.13229044e-04 2.62754437e-03 3.84559594e-03 2.02109637e-04 5.90125729e-05 3.91719067e-05 1.04630351e-04 2.82625319e-05 4.64916695e-05 1.04344144e-04 6.52605959e-05 1.14017527e-04 1.38450606e-04 8.62461547e-05 6.43502528e-05 4.53391367e-06 8.60835062e-06 5.84451154e-06 2.21915462e-05 4.76391106e-06 1.50935936e-05 3.76048405e-05 3.48028552e-05 1.07838583e-05 4.03672981e-05 3.26083595e-05 1.32639310e-05 3.59615834e-05 4.12635030e-05 9.08862930e-06 3.37484785e-05 7.04343926e-05 2.20396614e-05 1.76552078e-04 3.42190973e-04 1.36876389e-05 9.88831466e-05 4.68128565e-06 2.49183737e-05 1.98620468e-04 3.77178032e-04 6.37604976e-05 1.35691279e-04 2.13582922e-05 5.56769044e-06 1.08843903e-05 4.61571308e-06 1.30984875e-07 1.58952531e-09 5.12636267e-11
 1996 06 02 12 00 00  3.52832652e-03 2.14127721e-03 1.17206868e-03 8.26272627e-04 5.81367167e-04 3.35115858e-04 2.34598642e-04 1.91853297e-04 3.84605698e-04 1.13371304e-04 2.64152610e-03 3.87747213e-03 2.02549522e-04 5.89152720e-05 3.92053868e-05 1.05089259e-04 2.84537964e-05 4.69729275e-05 1.04215956e-04 6.49699068e-05 1.15011471e-04 1.39719778e-04 8.67308736e-05 6.44849962e-05 4.54754882e-06 8.60866785e-06 5.84983791e-06 2.22377858e-05 4.75739689e-06 1.51172637e-05 3.77920230e-05 3.48815374e-05 1.09421337e-05 4.05396623e-05 3.22271924e-05 1.32893823e-05 3.63093188e-05 4.18286124e-05 9.08888906e-06 3.38613479e-05 7.15824205e-05 2.17933499e-05 1.78766791e-04 3.38683514e-04 1.35473406e-05 9.99500498e-05 5.72040917e-06 2.44406518e-05 2.01060851e-04 3.79380774e-04 6.36058636e-05 1.38588491e-04 2.13989456e-05 5.58240311e-06 1.09180308e-05 4.63455397e-06 1.31573763e-07 1.60031477e-09 5.17316301e-11
 1996 06 03 12 00 00  3.53331506e-03 2.14606343e-03 1.17496844e-03 8.28190981e-04 5.82940230e-04 3.35617953e-04 2.35184161e-04 1.92535505e-04 3.86387540e-04 1.14160461e-04 2.65571506e-03 3.89872305e-03 2.03514082e-04 5.93460035e-05 3.93805473e-05 1.05696699e-04 2.85825954e-05 4.72953368e-05 1.05118735e-04 6.56052260e-05 1.15676584e-04 1.40567920e-04 8.71313717e-05 6.47336941e-05 4.55671980e-06 8.61700173e-06 5.85339585e-06 2.23019755e-05 4.77160283e-06 1.51696968e-05 3.80336886e-05 3.49344395e-05 1.10487883e-05 4.07893596e-05 3.30586510e-05 1.33063644e-05 3.67762177e-05 4.23996816e-05 9.09581649e-06 3.43205840e-05 7.28811536e-05 2.23314302e-05 1.80949038e-04 3.46335493e-04 1.38534197e-05 1.03653035e-04 6.41746301e-06 2.54840968e-05 2.06480651e-04 3.85191129e-04 6.52693690e-05 1.41090216e-04 2.17984941e-05 5.72753265e-06 1.12524574e-05 4.85261353e-06 1.41039492e-07 2.06477129e-09 9.30953314e-11
 1996 06 04 12 00 00  3.53788443e-03 2.14998145e-03 1.17737027e-03 8.29845391e-04 5.84336153e-04 3.36115886e-04 2.35731807e-04 1.93161748e-04 3.88021816e-04 1.14787058e-04 2.66875584e-03 3.91997322e-03 2.04321713e-04 5.96620067e-05 3.95203032e-05 1.06233086e-04 2.87099392e-05 4.76159679e-05 1.05794905e-04 6.60484540e-05 1.16339446e-04 1.41413757e-04 8.75130644e-05 6.49383758e-05 4.56579946e-06 8.61435692e-06 5.85694579e-06 2.23574772e-05 4.78145666e-06 1.52133752e-05 3.82459313e-05 3.49868351e-05 1.11541594e-05 4.10018007e-05 3.36357363e-05 1.33233305e-05 3.71857738e-05 4.29232076e-05 9.09360606e-06 3.46779653e-05 7.40503362e-05 2.27063530e-05 1.82912658e-04 3.51648240e-04 1.40659296e-05 1.06643520e-04 7.10965396e-06 2.62108457e-05 2.11002719e-04 3.89948736e-04 6.65216168e-05 1.43178788e-04 2.17507193e-05 5.71001174e-06 1.12112681e-05 4.81614063e-06 1.38744648e-07 1.89589975e-09 7.65240760e-11
 1996 06 05 12 00 00  3.53979546e-03 2.14557588e-03 1.17507214e-03 8.29207249e-04 5.84342040e-04 3.36825278e-04 2.36109032e-04 1.93440213e-04 3.88725359e-04 1.13799168e-04 2.67479955e-03 3.95184644e-03 2.03669764e-04 5.87617515e-05 3.93060761e-05 1.06201038e-04 2.88968295e-05 4.80918563e-05 1.04072649e-04 6.44138781e-05 1.17327518e-04 1.42675949e-04 8.78705097e-05 6.48434835e-05 4.57915921e-06 8.64248141e-06 5.86224924e-06 2.23515858e-05 4.74471890e-06 1.51770817e-05 3.82400725e-05 3.50639835e-05 1.13085756e-05 4.09795206e-05 3.14866717e-05 1.33487338e-05 3.71524213e-05 4.31710874e-05 9.11699462e-06 3.42200984e-05 7.43269584e-05 2.13203937e-05 1.84172865e-04 3.31876352e-04 1.32750541e-05 1.02857175e-04 8.13413862e-06 2.35221960e-05 2.07255467e-04 3.85203178e-04 6.34997625e-05 1.46488298e-04 2.30301179e-05 6.17487835e-06 1.22831877e-05 5.52346158e-06 1.70069422e-07 3.48200118e-09 2.19115792e-10
 1996 06 06 12 00 00  3.53966453e-03 2.14810396e-03 1.17644741e-03 8.29741848e-04 5.84555485e-04 3.36590439e-04 2.36028629e-04 1.93415769e-04 3.88672360e-04 1.14327845e-04 2.67416668e-03 3.94122154e-03 2.04080628e-04 5.92076930e-05 3.94224011e-05 1.06297776e-04 2.88324285e-05 4.79306531e-05 1.04944048e-04 6.52022194e-05 1.16996414e-04 1.42251882e-04 8.77721020e-05 6.49371888e-05 4.57457390e-06 8.65891998e-06 5.86047026e-06 2.23640935e-05 4.76226160e-06 1.51993575e-05 3.82721423e-05 3.50375340e-05 1.12552487e-05 4.10397396e-05 3.25139612e-05 1.33402427e-05 3.72305633e-05 4.31421637e-05 9.13065815e-06 3.45143589e-05 7.43822804e-05 2.19873764e-05 1.84059238e-04 3.41333283e-04 1.36533313e-05 1.04981778e-04 7.78561662e-06 2.48151686e-05 2.09576213e-04 3.88093418e-04 6.50216980e-05 1.46348190e-04 2.38276005e-05 6.46453136e-06 1.29505477e-05 5.95746807e-06 1.88824910e-07 4.39561685e-09 3.00299474e-10
 1996 06 07 12 00 00  3.53997956e-03 2.15157498e-03 1.17836366e-03 8.30557250e-04 5.84952828e-04 3.36356432e-04 2.35987041e-04 1.93449855e-04 3.88776245e-04 1.15033198e-04 2.67474180e-03 3.93059440e-03 2.04661787e-04 5.97798435e-05 3.95776568e-05 1.06468163e-04 2.87656003e-05 4.77664609e-05 1.06066552e-04 6.62021397e-05 1.16662795e-04 1.41823934e-04 8.76916531e-05 6.50792443e-05 4.56983507e-06 8.68999923e-06 5.85867929e-06 2.23850915e-05 4.78454094e-06 1.52304487e-05 3.83314720e-05 3.50102317e-05 1.11997761e-05 4.11406350e-05 3.38184356e-05 1.33317255e-05 3.73668514e-05 4.31591606e-05 9.15650307e-06 3.49216750e-05 7.45639843e-05 2.28336066e-05 1.84172760e-04 3.53340942e-04 1.41336377e-05 1.07858812e-04 7.42895572e-06 2.64557544e-05 2.12825351e-04 3.92091947e-04 6.69893761e-05 1.46711490e-04 2.52494638e-05 6.98114425e-06 1.41417007e-05 6.74243472e-06 2.23512890e-07 6.14616305e-09 4.57520644e-10
 1996 06 08 12 00 00  3.53306140e-03 2.14834493e-03 1.17620567e-03 8.28655858e-04 5.83109947e-04 3.35377595e-04 2.35093240e-04 1.92497553e-04 3.86299175e-04 1.14645109e-04 2.65474834e-03 3.88809517e-03 2.03885142e-04 5.97711621e-05 3.94902440e-05 1.05775212e-04 2.85128539e-05 4.71275853e-05 1.05968398e-04 6.63568673e-05 1.15339203e-04 1.40135359e-04 8.70249768e-05 6.48283709e-05 4.55179797e-06 8.64861504e-06 5.85158923e-06 2.23123306e-05 4.78786751e-06 1.51890107e-05 3.80485523e-05 3.49061185e-05 1.09907487e-05 4.08511675e-05 3.40139581e-05 1.32978152e-05 3.68346015e-05 4.23526189e-05 9.12205287e-06 3.46138010e-05 7.28888996e-05 2.29635480e-05 1.80835978e-04 3.55144618e-04 1.42057847e-05 1.05575432e-04 6.05107671e-06 2.67070369e-05 2.08537625e-04 3.87849116e-04 6.67046678e-05 1.41621663e-04 2.36039485e-05 6.38272031e-06 1.27592371e-05 5.79984120e-06 1.79548776e-07 3.74801701e-09 2.37386333e-10
 1996 06 09 12 00 00  3.52568332e-03 2.14136197e-03 1.17197063e-03 8.25849446e-04 5.80806313e-04 3.34627429e-04 2.34226810e-04 1.91491541e-04 3.83668747e-04 1.13499428e-04 2.63377137e-03 3.85621972e-03 2.02477220e-04 5.91568048e-05 3.92371724e-05 1.04886198e-04 2.83220812e-05 4.66469297e-05 1.04687371e-04 6.54553820e-05 1.14344553e-04 1.38866976e-04 8.64300211e-05 6.44634169e-05 4.53819375e-06 8.63329988e-06 5.84626541e-06 2.22185842e-05 4.76750247e-06 1.51129565e-05 3.76926536e-05 3.48276109e-05 1.08329034e-05 4.04843982e-05 3.28232796e-05 1.32723682e-05 3.61489831e-05 4.15106330e-05 9.10929593e-06 3.39448360e-05 7.09808194e-05 2.21983224e-05 1.77597267e-04 3.44193406e-04 1.37677362e-05 1.00201805e-04 5.01358954e-06 2.52220139e-05 2.00668029e-04 3.79419444e-04 6.43240365e-05 1.37953956e-04 2.30537429e-05 6.18247739e-06 1.22959101e-05 5.47535153e-06 1.63806578e-07 2.84460722e-09 1.53364366e-10
 1996 06 10 12 00 00  3.51976152e-03 2.13741192e-03 1.16947612e-03 8.23962066e-04 5.79116845e-04 3.33887664e-04 2.33490963e-04 1.90680018e-04 3.81553161e-04 1.12922355e-04 2.61677415e-03 3.82434465e-03 2.01618837e-04 5.89479897e-05 3.91091800e-05 1.04243257e-04 2.81317916e-05 4.61668795e-05 1.04214145e-04 6.52325398e-05 1.13351069e-04 1.37599382e-04 8.58980589e-05 6.42232985e-05 4.52462009e-06 8.61774533e-06 5.84094414e-06 2.21515245e-05 4.76233436e-06 1.50668030e-05 3.74318266e-05 3.47492722e-05 1.06754909e-05 4.02234654e-05 3.25219560e-05 1.32469271e-05 3.56545665e-05 4.08265477e-05 9.09634109e-06 3.35808131e-05 6.95065945e-05 2.20080532e-05 1.74898276e-04 3.41426236e-04 1.36570495e-05 9.72697644e-05 3.97774311e-06 2.48520664e-05 1.95895483e-04 3.74514376e-04 6.33882827e-05 1.34512110e-04 2.24924755e-05 5.97821527e-06 1.18233194e-05 5.14477763e-06 1.47797032e-07 1.92782379e-09 6.81444401e-11
 1996 06 11 12 00 00  3.51395251e-03 2.13369842e-03 1.16711711e-03 8.22145306e-04 5.77473830e-04 3.33148642e-04 2.32765031e-04 1.89883221e-04 3.79476810e-04 1.12389479e-04 2.60008396e-03 3.79246920e-03 2.00802917e-04 5.87700351e-05 3.89907223e-05 1.03618965e-04 2.79415020e-05 4.56868176e-05 1.03801052e-04 6.50615140e-05 1.12357592e-04 1.36331776e-04 8.53709511e-05 6.39922626e-05 4.51104643e-06 8.60144864e-06 5.83562251e-06 2.20864484e-05 4.75835659e-06 1.50229443e-05 3.71786334e-05 3.46709334e-05 1.05180756e-05 3.99701303e-05 3.22900916e-05 1.32214860e-05 3.51749427e-05 4.01545535e-05 9.08276852e-06 3.32392663e-05 6.80655632e-05 2.18619345e-05 1.72237465e-04 3.39297314e-04 1.35718925e-05 9.45261661e-05 2.94188249e-06 2.45679053e-05 1.91360155e-04 3.69876717e-04 6.25627189e-05 1.31050101e-04 2.18807540e-05 5.75565816e-06 1.13087222e-05 4.78861381e-06 1.30809828e-07 9.73601377e-10 1.00000000e-10
 1996 06 12 12 00 00  3.51019611e-03 2.13147021e-03 1.16568689e-03 8.21008368e-04 5.76427397e-04 3.32655472e-04 2.32291220e-04 1.89367641e-04 3.78134560e-04 1.12080887e-04 2.58927181e-03 3.77121866e-03 2.00304321e-04 5.86862252e-05 3.89224630e-05 1.03222256e-04 2.78131862e-05 4.53649991e-05 1.03597565e-04 6.50056056e-05 1.11693364e-04 1.35484389e-04 8.50238126e-05 6.38441729e-05 4.50190528e-06 8.58545391e-06 5.83206784e-06 2.20445409e-05 4.75694214e-06 1.49959292e-05 3.70152350e-05 3.46181972e-05 1.04118451e-05 3.98064075e-05 3.22083040e-05 1.32045097e-05 3.48685947e-05 3.97171652e-05 9.06945425e-06 3.30294165e-05 6.71349373e-05 2.18132234e-05 1.70472786e-04 3.38549905e-04 1.35419962e-05 9.28859936e-05 2.24643936e-06 2.44725728e-05 1.88577466e-04 3.67045851e-04 6.21334876e-05 1.28578493e-04 2.12493032e-05 5.52600750e-06 1.07781336e-05 4.42618881e-06 1.13859191e-07 3.52665630e-10 1.00000000e-10
 1996 06 13 12 00 00  3.50647365e-03 2.12931884e-03 1.16430103e-03 8.19893176e-04 5.75394247e-04 3.32161235e-04 2.31820033e-04 1.88856422e-04 3.76804686e-04 1.11786856e-04 2.57854829e-03 3.74996699e-03 1.99819841e-04 5.86137538e-05 3.88576862e-05 1.02830801e-04 2.76834151e-05 4.50413907e-05 1.03418334e-04 6.49686728e-05 1.11027952e-04 1.34634699e-04 8.46773909e-05 6.37159648e-05 4.49267282e-06 8.59374995e-06 5.82850480e-06 2.20045041e-05 4.75591332e-06 1.49694371e-05 3.68530531e-05 3.45649518e-05 1.03043334e-05 3.96595367e-05 3.21493542e-05 1.31875189e-05 3.45680138e-05 3.92829351e-05 9.07635258e-06 3.28585540e-05 6.62124616e-05 2.17802677e-05 1.68836846e-04 3.38013902e-04 1.35205561e-05 9.13247554e-05 1.54613372e-06 2.44075985e-05 1.85858605e-04 3.64365553e-04 6.17420662e-05 1.26846559e-04 2.16326516e-05 5.66528265e-06 1.10992182e-05 4.63729386e-06 1.23152198e-07 6.65127331e-10 1.00000000e-10
 1996 06 14 12 00 00  3.50426847e-03 2.12755037e-03 1.16321016e-03 8.19117070e-04 5.74725104e-04 3.31907820e-04 2.31551566e-04 1.88553009e-04 3.76016523e-04 1.11509692e-04 2.57222860e-03 3.73933986e-03 1.99450947e-04 5.84846929e-05 3.87966921e-05 1.02573917e-04 2.76141625e-05 4.48742387e-05 1.03142398e-04 6.47955807e-05 1.10689477e-04 1.34202925e-04 8.44871131e-05 6.36166613e-05 4.48778155e-06 8.59093416e-06 5.82670109e-06 2.19766497e-05 4.75194829e-06 1.49485530e-05 3.67456513e-05 3.45368026e-05 1.02467238e-05 3.95557382e-05 3.19178362e-05 1.31789755e-05 3.43686365e-05 3.90228959e-05 9.07400754e-06 3.26924260e-05 6.56350232e-05 2.16328786e-05 1.67834288e-04 3.35886255e-04 1.34354502e-05 8.99727729e-05 1.18138450e-06 2.41212794e-05 1.83732902e-04 3.62141317e-04 6.12092793e-05 1.25654668e-04 2.15265066e-05 5.62666637e-06 1.10099355e-05 4.57557051e-06 1.20213276e-07 5.55762902e-10 1.00000000e-10
 1996 06 15 12 00 00  3.50191430e-03 2.12546832e-03 1.16193895e-03 8.18246063e-04 5.73992758e-04 3.31654234e-04 2.31269839e-04 1.88229493e-04 3.75174803e-04 1.11173495e-04 2.56550285e-03 3.72871235e-03 1.99024738e-04 5.83122235e-05 3.87223328e-05 1.02291792e-04 2.75458762e-05 4.47082683e-05 1.02777656e-04 6.45500317e-05 1.10351955e-04 1.33772670e-04 8.42908981e-05 6.34995731e-05 4.48295214e-06 8.58104613e-06 5.82490211e-06 2.19458057e-05 4.74641492e-06 1.49247129e-05 3.66298078e-05 3.45089880e-05 1.01899663e-05 3.94367987e-05 3.15942481e-05 1.31704423e-05 3.41498690e-05 3.87474805e-05 9.06578280e-06 3.24853041e-05 6.50151796e-05 2.14245592e-05 1.66745943e-04 3.32909605e-04 1.33163842e-05 8.83677311e-05 8.19859997e-07 2.37170796e-05 1.81293557e-04 3.59535214e-04 6.05239391e-05 1.24205704e-04 2.10903801e-05 5.46817023e-06 1.06443164e-05 4.33256364e-06 1.09323518e-07 1.80463644e-10 1.00000000e-10
 1996 06 16 12 00 00  3.50005094e-03 2.12441042e-03 1.16125531e-03 8.17684389e-04 5.73466421e-04 3.31404004e-04 2.31031930e-04 1.87971242e-04 3.74506174e-04 1.11029191e-04 2.56011685e-03 3.71808521e-03 1.98783791e-04 5.82761696e-05 3.86900586e-05 1.02092242e-04 2.74775957e-05 4.45423007e-05 1.02683724e-04 6.45329012e-05 1.10014749e-04 1.33342429e-04 8.41158350e-05 6.34279646e-05 4.47812163e-06 8.57576815e-06 5.82310349e-06 2.19242051e-05 4.74601729e-06 1.49109183e-05 3.65462359e-05 3.44811793e-05 1.01332116e-05 3.93562835e-05 3.15710611e-05 1.31619090e-05 3.39959847e-05 3.85252972e-05 9.06139176e-06 3.23871894e-05 6.45413849e-05 2.14099273e-05 1.65862658e-04 3.32696722e-04 1.33078689e-05 8.75883989e-05 4.58347495e-07 2.36886277e-05 1.79895199e-04 3.58129139e-04 6.03245729e-05 1.22982820e-04 2.08560444e-05 5.38301183e-06 1.04478896e-05 4.20220503e-06 1.03496010e-07 1.00000000e-10 1.00000000e-10
 1996 06 17 12 00 00  3.49991602e-03 2.12416736e-03 1.16111564e-03 8.17597751e-04 5.73398564e-04 3.31396515e-04 2.31016693e-04 1.87950581e-04 3.74456751e-04 1.10983442e-04 2.55971976e-03 3.71808186e-03 1.98738498e-04 5.82446679e-05 3.86803531e-05 1.02064929e-04 2.74703110e-05 4.45333746e-05 1.02620954e-04 6.44810905e-05 1.10005770e-04 1.33330849e-04 8.41062684e-05 6.34205797e-05 4.47766324e-06 8.58327621e-06 5.82306529e-06 2.19204363e-05 4.74482658e-06 1.49071972e-05 3.65309058e-05 3.44786269e-05 1.01267848e-05 3.93493018e-05 3.15015757e-05 1.31618304e-05 3.39734777e-05 3.85021536e-05 9.06763962e-06 3.23698225e-05 6.44799928e-05 2.13657797e-05 1.65814019e-04 3.32058273e-04 1.32823309e-05 8.73531895e-05 4.33990499e-07 2.36028514e-05 1.79553360e-04 3.57780074e-04 6.02010160e-05 1.23119715e-04 2.11849128e-05 5.50253374e-06 1.07236292e-05 4.38578834e-06 1.11745658e-07 2.65667666e-10 1.00000000e-10
 1996 06 18 12 00 00  3.49983517e-03 2.12404143e-03 1.16104328e-03 8.17545190e-04 5.73352350e-04 3.31388529e-04 2.31005930e-04 1.87936879e-04 3.74426433e-04 1.10959698e-04 2.55946683e-03 3.71807851e-03 1.98714411e-04 5.82292260e-05 3.86755981e-05 1.02046261e-04 2.74620601e-05 4.45232610e-05 1.02590584e-04 6.44562300e-05 1.09995487e-04 1.33317737e-04 8.40985344e-05 6.34143924e-05 4.47714337e-06 8.58598869e-06 5.82302273e-06 2.19171129e-05 4.74422559e-06 1.49044608e-05 3.65179309e-05 3.44757398e-05 1.01195023e-05 3.93432425e-05 3.14666802e-05 1.31617402e-05 3.39567805e-05 3.84834414e-05 9.06989007e-06 3.23579264e-05 6.44313630e-05 2.13443564e-05 1.65755811e-04 3.31738556e-04 1.32695423e-05 8.72036041e-05 4.06395702e-07 2.35610627e-05 1.79319739e-04 3.57542446e-04 6.01330770e-05 1.23124619e-04 2.13389873e-05 5.55844806e-06 1.08522261e-05 4.46671262e-06 1.15041954e-07 3.63849040e-10 1.00000000e-10
 1996 06 19 12 00 00  3.50199517e-03 2.12579470e-03 1.16212555e-03 8.18290884e-04 5.73981211e-04 3.31627650e-04 2.31264003e-04 1.88229272e-04 3.75196269e-04 1.11233965e-04 2.56560570e-03 3.72869894e-03 1.99078677e-04 5.83599789e-05 3.87371080e-05 1.02286652e-04 2.75157741e-05 4.46713675e-05 1.02872493e-04 6.46337518e-05 1.10314735e-04 1.33724819e-04 8.42788747e-05 6.35138808e-05 4.48105711e-06 8.59795473e-06 5.82474604e-06 2.19409636e-05 4.74816552e-06 1.49224158e-05 3.66075372e-05 3.44984495e-05 1.01634032e-05 3.94458972e-05 3.16974591e-05 1.31701148e-05 3.41390706e-05 3.87201031e-05 9.07984140e-06 3.25291538e-05 6.49497474e-05 2.14944623e-05 1.66708978e-04 3.33863382e-04 1.33545353e-05 8.84566194e-05 7.19194577e-07 2.38519919e-05 1.81237019e-04 3.59593844e-04 6.06470571e-05 1.24445569e-04 2.18738267e-05 5.75280187e-06 1.13004833e-05 4.76371349e-06 1.28283713e-07 8.17048473e-10 1.00000000e-10
 1996 06 20 12 00 00  3.50391159e-03 2.12703625e-03 1.16291439e-03 8.18883380e-04 5.74509065e-04 3.31865568e-04 2.31500638e-04 1.88489610e-04 3.75880628e-04 1.11412438e-04 2.57108213e-03 3.73931974e-03 1.99350663e-04 5.84228817e-05 3.87776802e-05 1.02486556e-04 2.75699829e-05 4.48200881e-05 1.03020458e-04 6.46975066e-05 1.10634716e-04 1.34132704e-04 8.44489781e-05 6.35979430e-05 4.48500068e-06 8.61759909e-06 5.82647226e-06 2.19610066e-05 4.74953522e-06 1.49354549e-05 3.66817152e-05 3.45213368e-05 1.02077363e-05 3.95356465e-05 3.17779719e-05 1.31784938e-05 3.42905243e-05 3.89314725e-05 9.09618393e-06 3.26592056e-05 6.53981469e-05 2.15479973e-05 1.67613534e-04 3.34606134e-04 1.33842454e-05 8.93072618e-05 1.03364437e-06 2.39555171e-05 1.82642400e-04 3.61084591e-04 6.09199497e-05 1.25969463e-04 2.27263144e-05 6.06264325e-06 1.20153833e-05 5.24071818e-06 1.49793841e-07 1.85437772e-09 5.69367664e-11
 1996 06 21 12 00 00  3.50400667e-03 2.12726634e-03 1.16304651e-03 8.18942628e-04 5.74540567e-04 3.31860540e-04 2.31506585e-04 1.88500297e-04 3.75913342e-04 1.11455571e-04 2.57131846e-03 3.73931713e-03 1.99391623e-04 5.84552376e-05 3.87876565e-05 1.02499031e-04 2.75636732e-05 4.48123523e-05 1.03086149e-04 6.47522975e-05 1.10627140e-04 1.34122673e-04 8.44498267e-05 6.36130705e-05 4.48460414e-06 8.62879970e-06 5.82643952e-06 2.19619401e-05 4.75070847e-06 1.49365901e-05 3.66820496e-05 3.45191278e-05 1.02021666e-05 3.95479467e-05 3.18469567e-05 1.31784254e-05 3.42992204e-05 3.89346074e-05 9.10550152e-06 3.26948218e-05 6.54085387e-05 2.15939668e-05 1.67673503e-04 3.35242680e-04 1.34097072e-05 8.94620883e-05 1.01253936e-06 2.40443871e-05 1.82798857e-04 3.61312040e-04 6.10250555e-05 1.26272134e-04 2.32145439e-05 6.24008792e-06 1.24247785e-05 5.51358909e-06 1.62077695e-07 2.49181049e-09 1.14650045e-10
 1996 06 22 12 00 00  3.50804171e-03 2.13011475e-03 1.16483368e-03 8.20256666e-04 5.75696707e-04 3.32347783e-04 2.32002509e-04 1.89051520e-04 3.77355211e-04 1.11881030e-04 2.58286508e-03 3.76056358e-03 2.00003078e-04 5.86271606e-05 3.88830254e-05 1.02939325e-04 2.76832463e-05 4.51234548e-05 1.03471689e-04 6.49558555e-05 1.11280201e-04 1.34956156e-04 8.48044848e-05 6.37744406e-05 4.49319450e-06 8.63186287e-06 5.82994871e-06 2.20060686e-05 4.75524321e-06 1.49682544e-05 3.68533683e-05 3.45688051e-05 1.03006823e-05 3.97226811e-05 3.21124680e-05 1.31953086e-05 3.46335760e-05 3.93909893e-05 9.10804956e-06 3.29480444e-05 6.63954408e-05 2.17662324e-05 1.69429965e-04 3.37686730e-04 1.35074692e-05 9.15086437e-05 1.67874732e-06 2.43783521e-05 1.86120155e-04 3.64736395e-04 6.17529146e-05 1.28321156e-04 2.33513860e-05 6.28981472e-06 1.25394690e-05 5.58958932e-06 1.65466881e-07 2.66523332e-09 1.30288746e-10
 1996 06 23 12 00 00  3.51390753e-03 2.13397822e-03 1.16727937e-03 8.22109888e-04 5.77356973e-04 3.33081091e-04 2.32731204e-04 1.89854492e-04 3.79452103e-04 1.12442385e-04 2.59968897e-03 3.79243530e-03 2.00846291e-04 5.88286656e-05 3.90087087e-05 1.03570270e-04 2.78667372e-05 4.55951784e-05 1.03935857e-04 6.51665672e-05 1.12264784e-04 1.36212944e-04 8.53305458e-05 6.39981825e-05 4.50633997e-06 8.63227833e-06 5.83523542e-06 2.20695620e-05 4.75998459e-06 1.50124419e-05 3.71023879e-05 3.46447632e-05 1.04520979e-05 3.99694979e-05 3.23897955e-05 1.32206740e-05 3.51134927e-05 4.00601702e-05 9.10839590e-06 3.32825331e-05 6.78321167e-05 2.19449445e-05 1.71995532e-04 3.40238061e-04 1.36095225e-05 9.43243532e-05 2.69186548e-06 2.47250689e-05 1.90733094e-04 3.69430406e-04 6.26507876e-05 1.31273793e-04 2.33682855e-05 6.29595963e-06 1.25536598e-05 5.59920863e-06 1.65911556e-07 2.68919522e-09 1.32481093e-10
 1996 06 24 12 00 00  3.52139906e-03 2.13842298e-03 1.17013546e-03 8.24374720e-04 5.79438883e-04 3.34059526e-04 2.33675075e-04 1.90882987e-04 3.82133512e-04 1.13058789e-04 2.62123646e-03 3.83493304e-03 2.01843918e-04 5.90039497e-05 3.91474453e-05 1.04358717e-04 2.81146291e-05 4.62281139e-05 1.04371692e-04 6.52904739e-05 1.13582334e-04 1.37893825e-04 8.60194439e-05 6.42918342e-05 4.52407185e-06 8.66519767e-06 5.84230002e-06 2.21511643e-05 4.76274436e-06 1.50650651e-05 3.74163437e-05 3.47471738e-05 1.06568434e-05 4.02951589e-05 3.25514033e-05 1.32545320e-05 3.57159010e-05 4.09225320e-05 9.13578551e-06 3.37014196e-05 6.96630664e-05 2.20498012e-05 1.75475320e-04 3.41725692e-04 1.36690277e-05 9.75545072e-05 4.05352766e-06 2.49283505e-05 1.96213159e-04 3.75018278e-04 6.35198699e-05 1.36214829e-04 2.47650950e-05 6.80371227e-06 1.37255633e-05 6.38539489e-06 2.01671580e-07 4.57293101e-09 3.03757730e-10
 1996 06 25 12 00 00  3.52722069e-03 2.14217108e-03 1.17251563e-03 8.26202292e-04 5.81089000e-04 3.34796052e-04 2.34401951e-04 1.91682264e-04 3.84217211e-04 1.13598983e-04 2.63795870e-03 3.86680663e-03 2.02667826e-04 5.91913298e-05 3.92687271e-05 1.04985571e-04 2.83020054e-05 4.67045931e-05 1.04810950e-04 6.54766511e-05 1.14571862e-04 1.39156789e-04 8.65456172e-05 6.45150338e-05 4.53746215e-06 8.66939517e-06 5.84760601e-06 2.22151163e-05 4.76688256e-06 1.51088993e-05 3.76654600e-05 3.48244968e-05 1.08116867e-05 4.05422011e-05 3.27937742e-05 1.32799425e-05 3.61932170e-05 4.15920335e-05 9.13927797e-06 3.40311185e-05 7.10992559e-05 2.22072791e-05 1.78063155e-04 3.43956994e-04 1.37582797e-05 1.00307016e-04 5.07963377e-06 2.52336031e-05 2.00767795e-04 3.79648137e-04 6.43728166e-05 1.39323645e-04 2.49395990e-05 6.86715484e-06 1.38720333e-05 6.48415545e-06 2.06199690e-07 4.81417182e-09 3.25761063e-10
 1996 06 26 12 00 00  3.52905681e-03 2.14318667e-03 1.17317510e-03 8.26746549e-04 5.81600131e-04 3.35043483e-04 2.34636275e-04 1.91936022e-04 3.84875941e-04 1.13735385e-04 2.64325995e-03 3.87743264e-03 2.02900855e-04 5.92226073e-05 3.92995256e-05 1.05178957e-04 2.83673784e-05 4.68669954e-05 1.04896068e-04 6.54860458e-05 1.14905219e-04 1.39582415e-04 8.67180125e-05 6.45781620e-05 4.54210895e-06 8.66689661e-06 5.84939007e-06 2.22350078e-05 4.76707683e-06 1.51217640e-05 3.77441098e-05 3.48512869e-05 1.08658729e-05 4.06153602e-05 3.28052294e-05 1.32884437e-05 3.63404186e-05 4.18073357e-05 9.13719923e-06 3.41136449e-05 7.15555677e-05 2.22151022e-05 1.78881975e-04 3.44062954e-04 1.37625182e-05 1.01052848e-04 5.43141759e-06 2.52486876e-05 2.02087794e-04 3.80946884e-04 6.45504453e-05 1.40256320e-04 2.48334041e-05 6.82855252e-06 1.37829394e-05 6.42440515e-06 2.03483334e-07 4.67118735e-09 3.12763015e-10
 1996 06 27 12 00 00  3.53203792e-03 2.14379758e-03 1.17367841e-03 8.27397052e-04 5.82323924e-04 3.35530532e-04 2.35041197e-04 1.92349426e-04 3.85947043e-04 1.13741530e-04 2.65195807e-03 3.89868319e-03 2.03108244e-04 5.90941282e-05 3.93022345e-05 1.05446181e-04 2.84947222e-05 4.71876265e-05 1.04683093e-04 6.51859271e-05 1.15567299e-04 1.40428252e-04 8.70312672e-05 6.46416578e-05 4.55118861e-06 8.65768452e-06 5.85294001e-06 2.22610113e-05 4.76036912e-06 1.51328524e-05 3.78538549e-05 3.49036825e-05 1.09712440e-05 4.07079004e-05 3.24125984e-05 1.33054084e-05 3.65413564e-05 4.21587850e-05 9.12953401e-06 3.41287353e-05 7.22518618e-05 2.19609356e-05 1.80225668e-04 3.40449445e-04 1.36179778e-05 1.01376130e-04 6.12360964e-06 2.47558230e-05 2.03228855e-04 3.81832961e-04 6.42207483e-05 1.41844714e-04 2.44481227e-05 6.68848581e-06 1.34595976e-05 6.20672029e-06 1.93526661e-07 4.14253467e-09 2.64590283e-10
 1996 06 28 12 00 00  3.53426865e-03 2.14564020e-03 1.17481209e-03 8.28189418e-04 5.82999046e-04 3.35780200e-04 2.35310375e-04 1.92655204e-04 3.86744275e-04 1.14032751e-04 2.65833305e-03 3.90930846e-03 2.03490468e-04 5.92349977e-05 3.93668527e-05 1.05705320e-04 2.85596063e-05 4.73494263e-05 1.04984690e-04 6.53790252e-05 1.15900293e-04 1.40853089e-04 8.72204062e-05 6.47416725e-05 4.55580484e-06 8.65941402e-06 5.85472080e-06 2.22882280e-05 4.76471578e-06 1.51537158e-05 3.79582789e-05 3.49303067e-05 1.10249995e-05 4.08120751e-05 3.26668291e-05 1.33139052e-05 3.67404714e-05 4.24162636e-05 9.13097101e-06 3.42996278e-05 7.28239761e-05 2.21247246e-05 1.81209666e-04 3.42788228e-04 1.37115291e-05 1.02785041e-04 6.47375709e-06 2.50735931e-05 2.05380029e-04 3.84092898e-04 6.47882763e-05 1.42969209e-04 2.45259651e-05 6.71677124e-06 1.35248290e-05 6.24987018e-06 1.95445372e-07 4.24028768e-09 2.73394196e-10
 1996 06 29 12 00 00  3.53845212e-03 2.14876908e-03 1.17676053e-03 8.29598596e-04 5.84226531e-04 3.36273290e-04 2.35822034e-04 1.93228402e-04 3.88240306e-04 1.14511019e-04 2.67030711e-03 3.93055789e-03 2.04153911e-04 5.94442135e-05 3.94737069e-05 1.06174256e-04 2.86845228e-05 4.76670830e-05 1.05445401e-04 6.56442135e-05 1.16559843e-04 1.41695072e-04 8.75842135e-05 6.49093861e-05 4.56473172e-06 8.65225302e-06 5.85825837e-06 2.23357347e-05 4.77063259e-06 1.51891336e-05 3.81436925e-05 3.49818496e-05 1.11282301e-05 4.09927856e-05 3.30132083e-05 1.33308451e-05 3.70972649e-05 4.28947625e-05 9.12501200e-06 3.45699369e-05 7.38703094e-05 2.23492156e-05 1.82995886e-04 3.45976374e-04 1.38390550e-05 1.05120238e-04 7.15783390e-06 2.55088613e-05 2.09058747e-04 3.87880449e-04 6.56570799e-05 1.44788471e-04 2.42358823e-05 6.61129072e-06 1.32812168e-05 6.08455465e-06 1.87790300e-07 3.82680510e-09 2.35539233e-10
 1996 06 30 12 00 00  3.54225278e-03 2.15110939e-03 1.17825605e-03 8.30765218e-04 5.85289214e-04 3.36762434e-04 2.36298560e-04 1.93749599e-04 3.89599910e-04 1.14841219e-04 2.68122811e-03 3.95180620e-03 2.04673757e-04 5.95472073e-05 3.95478208e-05 1.06577204e-04 2.88079842e-05 4.79829527e-05 1.05692890e-04 6.57320255e-05 1.17217536e-04 1.42534733e-04 8.79307762e-05 6.50472128e-05 4.57356691e-06 8.64960020e-06 5.86178830e-06 2.23761564e-05 4.77260837e-06 1.52164967e-05 3.83034176e-05 3.50328890e-05 1.12301728e-05 4.11478846e-05 3.31287680e-05 1.33477690e-05 3.74033503e-05 4.33302827e-05 9.12280593e-06 3.47659307e-05 7.47987177e-05 2.24236908e-05 1.84656418e-04 3.47039492e-04 1.38815797e-05 1.06813703e-04 7.83703363e-06 2.56533473e-05 2.11910256e-04 3.90743244e-04 6.61457065e-05 1.46661839e-04 2.41238349e-05 6.57055932e-06 1.31872023e-05 6.02141549e-06 1.84913464e-07 3.67489124e-09 2.21717200e-10
 1996 07 01 12 00 00  3.54433423e-03 2.15267080e-03 1.17922832e-03 8.31462281e-04 5.85892877e-04 3.37005840e-04 2.36551888e-04 1.94033406e-04 3.90343130e-04 1.15079625e-04 2.68717283e-03 3.96242961e-03 2.05004142e-04 5.96514566e-05 3.96011515e-05 1.06807602e-04 2.88670446e-05 4.81376192e-05 1.05921756e-04 6.58645469e-05 1.17543027e-04 1.42950327e-04 8.81104856e-05 6.51287711e-05 4.57781643e-06 8.64488393e-06 5.86353963e-06 2.23987946e-05 4.77556641e-06 1.52335382e-05 3.83924267e-05 3.50574701e-05 1.12787893e-05 4.12359119e-05 3.33019561e-05 1.33562018e-05 3.75777024e-05 4.35641549e-05 9.11888055e-06 3.48978013e-05 7.53083138e-05 2.25358890e-05 1.85522838e-04 3.48633487e-04 1.39453395e-05 1.07956309e-04 8.16771208e-06 2.58708984e-05 2.13700562e-04 3.92585208e-04 6.65736949e-05 1.47488341e-04 2.39228074e-05 6.49748631e-06 1.30185589e-05 5.90839791e-06 1.79781419e-07 3.40519870e-09 1.97212180e-10
 1996 07 02 12 00 00  3.54268032e-03 2.15204641e-03 1.17879355e-03 8.31033121e-04 5.85455957e-04 3.36757480e-04 2.36333014e-04 1.93803412e-04 3.89748887e-04 1.15016665e-04 2.68236145e-03 3.95180248e-03 2.04841973e-04 5.96736441e-05 3.95868341e-05 1.06643862e-04 2.87992472e-05 4.79722454e-05 1.05944332e-04 6.59447396e-05 1.17206310e-04 1.42520845e-04 8.79446938e-05 6.50699727e-05 4.57301685e-06 8.63230598e-06 5.86174319e-06 2.23806714e-05 4.77733774e-06 1.52241058e-05 3.83225557e-05 3.50298302e-05 1.12224618e-05 4.11663669e-05 3.34057549e-05 1.33476729e-05 3.74508359e-05 4.33648401e-05 9.10841773e-06 3.48339821e-05 7.48975771e-05 2.26036267e-05 1.84682209e-04 3.49589480e-04 1.39835792e-05 1.07501193e-04 7.80781411e-06 2.60021363e-05 2.12751824e-04 3.91667205e-04 6.65823340e-05 1.46074610e-04 2.33783511e-05 6.29959738e-06 1.25619527e-05 5.60355600e-06 1.66021847e-07 2.68840594e-09 1.32241995e-10
 1996 07 03 12 00 00  3.54255983e-03 2.15184146e-03 1.17867566e-03 8.30955031e-04 5.85391535e-04 3.36748772e-04 2.36318361e-04 1.93784014e-04 3.89703982e-04 1.14977974e-04 2.68199741e-03 3.95179838e-03 2.04803191e-04 5.96471251e-05 3.95786737e-05 1.06617916e-04 2.87905073e-05 4.79615323e-05 1.05890733e-04 6.59015321e-05 1.17194835e-04 1.42506957e-04 8.79349982e-05 6.50446120e-05 4.57246642e-06 8.61346707e-06 5.86169772e-06 2.23750746e-05 4.77634603e-06 1.52204820e-05 3.83061322e-05 3.50267685e-05 1.12147507e-05 4.11440392e-05 3.33478471e-05 1.33475784e-05 3.74263631e-05 4.33401049e-05 9.09274459e-06 3.47850726e-05 7.48335067e-05 2.25668220e-05 1.84497572e-04 3.49057395e-04 1.39622958e-05 1.07269065e-04 7.77859386e-06 2.59306253e-05 2.12428550e-04 3.91260003e-04 6.64744083e-05 1.45351002e-04 2.25648581e-05 6.00391922e-06 1.18796849e-05 5.14778383e-06 1.45430035e-07 1.61419256e-09 3.48366891e-11
 1996 07 04 12 00 00  3.54071842e-03 2.15085739e-03 1.17803423e-03 8.30406090e-04 5.84866303e-04 3.36493872e-04 2.36080088e-04 1.93526724e-04 3.89041795e-04 1.14847372e-04 2.67665045e-03 3.94116864e-03 2.04574675e-04 5.96216360e-05 3.95496670e-05 1.06418713e-04 2.87168834e-05 4.77890164e-05 1.05817759e-04 6.59027661e-05 1.16851079e-04 1.42068219e-04 8.77581266e-05 6.49777193e-05 4.56730013e-06 8.61353765e-06 5.85987145e-06 2.23529031e-05 4.77633876e-06 1.52064348e-05 3.82191814e-05 3.49970884e-05 1.11532812e-05 4.10670219e-05 3.33476462e-05 1.33389869e-05 3.72717980e-05 4.31139874e-05 9.09280716e-06 3.46991511e-05 7.43505337e-05 2.25675773e-05 1.83622626e-04 3.49056656e-04 1.39622663e-05 1.06496245e-04 7.39921088e-06 2.59319087e-05 2.11036163e-04 3.89888983e-04 6.63043448e-05 1.44226763e-04 2.25439027e-05 5.99635944e-06 1.18625157e-05 5.13954960e-06 1.45291732e-07 1.62473444e-09 3.62472385e-11
 1996 07 05 12 00 00  3.53875954e-03 2.14963565e-03 1.17725645e-03 8.29782758e-04 5.84289554e-04 3.36236867e-04 2.35830696e-04 1.93253276e-04 3.88337842e-04 1.14672211e-04 2.67097683e-03 3.93053852e-03 2.04302926e-04 5.95646989e-05 3.95109596e-05 1.06198834e-04 2.86418013e-05 4.76147165e-05 1.05682293e-04 6.58515259e-05 1.16505242e-04 1.41627172e-04 8.75754445e-05 6.48944766e-05 4.56204289e-06 8.60522050e-06 5.85803682e-06 2.23276835e-05 4.77514513e-06 1.51897907e-05 3.81229241e-05 3.49668990e-05 1.10905297e-05 4.09760499e-05 3.32780939e-05 1.33303794e-05 3.70998122e-05 4.28729709e-05 9.08589063e-06 3.45777729e-05 7.38275154e-05 2.25237847e-05 1.82654137e-04 3.48418073e-04 1.39367229e-05 1.05517955e-04 7.01497120e-06 2.58467364e-05 2.09383494e-04 3.88198695e-04 6.60199868e-05 1.42801876e-04 2.21645608e-05 5.85852861e-06 1.15447076e-05 4.92996782e-06 1.36019496e-07 1.15597123e-09 1.00000000e-10
 1996 07 06 12 00 00  3.53664945e-03 2.14809889e-03 1.17629782e-03 8.29063977e-04 5.83648989e-04 3.35978821e-04 2.35567743e-04 1.92959623e-04 3.87580375e-04 1.14437972e-04 2.66488998e-03 3.91990840e-03 2.03974062e-04 5.94655578e-05 3.94592381e-05 1.05953401e-04 2.85667251e-05 4.74404194e-05 1.05462621e-04 6.57296623e-05 1.16159369e-04 1.41186126e-04 8.73862453e-05 6.47988725e-05 4.55678455e-06 8.59755964e-06 5.85620292e-06 2.22997468e-05 4.77237372e-06 1.51700469e-05 3.80168969e-05 3.49367067e-05 1.10277761e-05 4.08745475e-05 3.31161515e-05 1.33217734e-05 3.69080942e-05 4.26156550e-05 9.07951617e-06 3.44257730e-05 7.32596599e-05 2.24201824e-05 1.81632963e-04 3.46929189e-04 1.38771675e-05 1.04286710e-04 6.63072642e-06 2.56455824e-05 2.07409368e-04 3.86145246e-04 6.55853456e-05 1.41390503e-04 2.18354507e-05 5.73890347e-06 1.12686569e-05 4.74532568e-06 1.27660487e-07 8.04947842e-10 1.00000000e-10
 1996 07 07 12 00 00  3.53670539e-03 2.14828331e-03 1.17640352e-03 8.29096995e-04 5.83653444e-04 3.35967392e-04 2.35567192e-04 1.92962524e-04 3.87597490e-04 1.14472346e-04 2.66499250e-03 3.91990207e-03 2.04005492e-04 5.94925562e-05 3.94675747e-05 1.05954937e-04 2.85536138e-05 4.74243512e-05 1.05517624e-04 6.57763740e-05 1.16144412e-04 1.41165288e-04 8.73819057e-05 6.48413811e-05 4.55595909e-06 8.65342736e-06 5.85613489e-06 2.23011953e-05 4.77334470e-06 1.51694833e-05 3.80097775e-05 3.49321170e-05 1.10162080e-05 4.09093235e-05 3.31734540e-05 1.33216308e-05 3.69111194e-05 4.26084516e-05 9.12600008e-06 3.45125197e-05 7.32419506e-05 2.24591407e-05 1.81871485e-04 3.47458923e-04 1.38983569e-05 1.04391275e-04 6.58688950e-06 2.57207459e-05 2.07430541e-04 3.86372569e-04 6.56608443e-05 1.43004499e-04 2.42116728e-05 6.60266758e-06 1.32621781e-05 6.08193154e-06 1.88401052e-07 3.91407280e-09 2.44871012e-10
 1996 07 08 12 00 00  3.53894731e-03 2.15022923e-03 1.17759640e-03 8.29893805e-04 5.84310872e-04 3.36203147e-04 2.35830818e-04 1.93264456e-04 3.88395623e-04 1.14782719e-04 2.67133884e-03 3.93052101e-03 2.04404159e-04 5.96501719e-05 3.95373693e-05 1.06206671e-04 2.86029652e-05 4.75671113e-05 1.05855357e-04 6.59992802e-05 1.16462801e-04 1.41565435e-04 8.75635254e-05 6.50743938e-05 4.55959780e-06 8.84348410e-06 5.85783564e-06 2.23370940e-05 4.77826397e-06 1.51885518e-05 3.81057958e-05 3.49533046e-05 1.10562542e-05 4.11245696e-05 3.34617653e-05 1.33299574e-05 3.71193651e-05 4.28576213e-05 9.28413356e-06 3.49346865e-05 7.37880761e-05 2.26473960e-05 1.83739406e-04 3.50114357e-04 1.40045743e-05 1.05912466e-04 6.88508444e-06 2.60854664e-05 2.09490166e-04 3.89148723e-04 6.62634877e-05 1.49876403e-04 3.22984471e-05 9.54222792e-06 2.00464869e-05 1.06302202e-05 3.95062648e-07 1.47838591e-08 1.23277477e-09
 1996 07 09 12 00 00  3.53687863e-03 2.14877148e-03 1.17668359e-03 8.29202398e-04 5.83691122e-04 3.35946281e-04 2.35572330e-04 1.92977248e-04 3.87654141e-04 1.14563594e-04 2.66537165e-03 3.91989127e-03 2.04090466e-04 5.95628083e-05 3.94892531e-05 1.05969517e-04 2.85288523e-05 4.73940047e-05 1.05661682e-04 6.58967067e-05 1.16118792e-04 1.41125936e-04 8.73766200e-05 6.49999020e-05 4.55440095e-06 8.86006965e-06 5.85600610e-06 2.23117815e-05 4.77587673e-06 1.51698140e-05 3.80035423e-05 3.49234499e-05 1.09943590e-05 4.10412081e-05 3.33226402e-05 1.33213616e-05 3.69362235e-05 4.26073005e-05 9.29793023e-06 3.48232740e-05 7.32381147e-05 2.25597498e-05 1.82861534e-04 3.48836990e-04 1.39534796e-05 1.04769056e-04 6.50409202e-06 2.59150082e-05 2.07615787e-04 3.87282291e-04 6.58718143e-05 1.49262221e-04 3.30212599e-05 9.80493087e-06 2.06525892e-05 1.10342192e-05 4.13250825e-07 1.57277803e-08 1.31824009e-09
 1996 07 10 12 00 00  3.53287061e-03 2.14606502e-03 1.17497767e-03 8.27902444e-04 5.82522160e-04 3.35444342e-04 2.35071796e-04 1.92423834e-04 3.86218362e-04 1.14164470e-04 2.65383531e-03 3.89863737e-03 2.03502175e-04 5.94126937e-05 3.94006236e-05 1.05523767e-04 2.83927715e-05 4.70626605e-05 1.05319937e-04 6.57316006e-05 1.15443931e-04 1.40266213e-04 8.70146242e-05 6.48063758e-05 4.54477085e-06 8.81261367e-06 5.85241105e-06 2.22611965e-05 4.77211361e-06 1.51365479e-05 3.78170201e-05 3.48679983e-05 1.08812776e-05 4.08377699e-05 3.31028248e-05 1.33043010e-05 3.65879849e-05 4.21313535e-05 9.25844288e-06 3.45200058e-05 7.22053556e-05 2.24193180e-05 1.80805165e-04 3.46816333e-04 1.38726533e-05 1.02669718e-04 5.78268155e-06 2.56423082e-05 2.04228568e-04 3.83682762e-04 6.51956555e-05 1.45641896e-04 3.10165663e-05 9.07618592e-06 1.89705256e-05 9.90455171e-06 3.61778589e-07 1.30096705e-08 1.07092912e-09
 1996 07 11 12 00 00  3.52365398e-03 2.14087326e-03 1.17161627e-03 8.25162319e-04 5.79965622e-04 3.34212673e-04 2.33900503e-04 1.91153962e-04 3.82916187e-04 1.13461961e-04 2.62726214e-03 3.84550989e-03 2.02319208e-04 5.92436117e-05 3.92426488e-05 1.04556404e-04 2.80722219e-05 4.62583994e-05 1.04874586e-04 6.56618155e-05 1.13784216e-04 1.38148126e-04 8.61543610e-05 6.44654028e-05 4.52193417e-06 8.79278377e-06 5.84352456e-06 2.21606406e-05 4.77053072e-06 1.50723892e-05 3.74249197e-05 3.47362424e-05 1.06159168e-05 4.04517323e-05 3.30102979e-05 1.32618617e-05 3.58483536e-05 4.10572990e-05 9.24194464e-06 3.40567149e-05 6.99301495e-05 2.23600262e-05 1.76564478e-04 3.45965494e-04 1.38386197e-05 9.88722767e-05 4.04487801e-06 2.55272054e-05 1.97610851e-04 3.77052873e-04 6.42708408e-05 1.40031225e-04 3.01728627e-05 8.76949798e-06 1.82627097e-05 9.43002196e-06 3.40217255e-07 1.18756066e-08 9.67859304e-10
 1996 07 12 12 00 00  3.51385744e-03 2.13446264e-03 1.16755544e-03 8.22056453e-04 5.77167438e-04 3.32978805e-04 2.32678094e-04 1.89807342e-04 3.79409335e-04 1.12530946e-04 2.59911247e-03 3.79238427e-03 2.00915667e-04 5.89110622e-05 3.90342586e-05 1.03492277e-04 2.77536223e-05 4.54565219e-05 1.04102885e-04 6.53182506e-05 1.12125441e-04 1.36033147e-04 8.52701173e-05 6.40392673e-05 4.49921972e-06 8.72295059e-06 5.83464825e-06 2.20467089e-05 4.76283240e-06 1.49965987e-05 3.69955148e-05 3.46051675e-05 1.03522761e-05 3.99937495e-05 3.25598259e-05 1.32194444e-05 3.50289952e-05 3.99204438e-05 9.18383957e-06 3.34060563e-05 6.74839288e-05 2.20689122e-05 1.71864689e-04 3.41820302e-04 1.36728121e-05 9.40734772e-05 2.31358863e-06 2.49625940e-05 1.89775202e-04 3.68876523e-04 6.27670194e-05 1.32781870e-04 2.72071464e-05 7.69143994e-06 1.57745577e-05 7.76116028e-06 2.64333219e-07 7.88012997e-09 6.04622574e-10
 1996 07 13 12 00 00  3.50594919e-03 2.12918452e-03 1.16422101e-03 8.19527343e-04 5.74899872e-04 3.31991398e-04 2.31693997e-04 1.88720817e-04 3.76579136e-04 1.11758167e-04 2.57640032e-03 3.74988392e-03 1.99765965e-04 5.86253926e-05 3.88614832e-05 1.02629325e-04 2.74989317e-05 4.48152598e-05 1.03446927e-04 6.50104368e-05 1.10797974e-04 1.34341475e-04 8.45597669e-05 6.36737451e-05 4.48106002e-06 8.64112517e-06 5.82754801e-06 2.19526368e-05 4.75592060e-06 1.49345463e-05 3.66466041e-05 3.45003791e-05 1.01415331e-05 3.96066224e-05 3.21554748e-05 1.31855137e-05 3.43615903e-05 3.90022476e-05 9.11575844e-06 3.28366758e-05 6.55041767e-05 2.18079687e-05 1.67947329e-04 3.38099915e-04 1.35239966e-05 9.01219810e-05 9.29205817e-07 2.44564231e-05 1.83358712e-04 3.62085879e-04 6.14942101e-05 1.26161058e-04 2.37364635e-05 6.42981292e-06 1.28626803e-05 5.80751032e-06 1.75457571e-07 3.19743472e-09 1.78828707e-10
 1996 07 14 12 00 00  3.50143358e-03 2.12538224e-03 1.16188629e-03 8.17908360e-04 5.73527705e-04 3.31492559e-04 2.31151107e-04 1.88102215e-04 3.74965441e-04 1.11153712e-04 2.56350544e-03 3.72863337e-03 1.98980252e-04 5.83274386e-05 3.87272515e-05 1.02102306e-04 2.73701327e-05 4.44928475e-05 1.02810312e-04 6.45970518e-05 1.10132028e-04 1.33493334e-04 8.41796519e-05 6.34374949e-05 4.47188904e-06 8.59307984e-06 5.82399043e-06 2.18945359e-05 4.74663902e-06 1.48918297e-05 3.64339878e-05 3.44474742e-05 1.00348778e-05 3.93676329e-05 3.16124817e-05 1.31685316e-05 3.39524049e-05 3.84803640e-05 9.07578142e-06 3.24251916e-05 6.43425873e-05 2.14575426e-05 1.65737248e-04 3.33103951e-04 1.33241581e-05 8.72314136e-05 2.32151797e-07 2.37766741e-05 1.78947471e-04 3.57302075e-04 6.03030694e-05 1.22527240e-04 2.17059058e-05 5.69166812e-06 1.11589311e-05 4.66341584e-06 1.23337858e-07 6.25516883e-10 1.00000000e-10
 1996 07 15 12 00 00  3.50327172e-03 2.12643142e-03 1.16256515e-03 8.18453275e-04 5.74031898e-04 3.31734766e-04 2.31383271e-04 1.88354427e-04 3.75624128e-04 1.11296430e-04 2.56879075e-03 3.73925678e-03 1.99218739e-04 5.83647319e-05 3.87598973e-05 1.02292777e-04 2.74296792e-05 4.46481077e-05 1.02908518e-04 6.46170985e-05 1.10457789e-04 1.33909701e-04 8.43491400e-05 6.34913165e-05 4.47616912e-06 8.57861305e-06 5.82574430e-06 2.19122721e-05 4.74701992e-06 1.49039878e-05 3.65066765e-05 3.44722241e-05 1.00839228e-05 3.94324570e-05 3.16351827e-05 1.31769688e-05 3.40940584e-05 3.86881821e-05 9.06374189e-06 3.24934671e-05 6.47810004e-05 2.14739601e-05 1.66466139e-04 3.33315044e-04 1.33326017e-05 8.79389821e-05 5.64456241e-07 2.38081571e-05 1.80230050e-04 3.58534593e-04 6.04927936e-05 1.23029171e-04 2.11089339e-05 5.47462282e-06 1.06577897e-05 4.32490860e-06 1.07774498e-07 7.07458980e-11 1.00000000e-10
 1996 07 16 12 00 00  3.50541480e-03 2.12811177e-03 1.16360606e-03 8.19190510e-04 5.74665489e-04 3.31979913e-04 2.31643051e-04 1.88647515e-04 3.76390483e-04 1.11557419e-04 2.57491191e-03 3.74987982e-03 1.99571547e-04 5.84859455e-05 3.88184338e-05 1.02535122e-04 2.74901919e-05 4.48045525e-05 1.03173307e-04 6.47775305e-05 1.10785095e-04 1.34327591e-04 8.45322564e-05 6.35779820e-05 4.48051032e-06 8.57329433e-06 5.82750290e-06 2.19363977e-05 4.75056222e-06 1.49225119e-05 3.66005106e-05 3.44973203e-05 1.01338213e-05 3.95251421e-05 3.18427861e-05 1.31854176e-05 3.42774151e-05 3.89305582e-05 9.05931302e-06 3.26374464e-05 6.53136108e-05 2.16094661e-05 1.67359324e-04 3.35227098e-04 1.34090839e-05 8.91654399e-05 8.99985935e-07 2.40706911e-05 1.82166502e-04 3.60537776e-04 6.09829662e-05 1.23872518e-04 2.08936705e-05 5.39634777e-06 1.04770074e-05 4.20219158e-06 1.02089328e-07 1.00000000e-10 1.00000000e-10
 1996 07 17 12 00 00  3.50556941e-03 2.12842568e-03 1.16378735e-03 8.19290971e-04 5.74736411e-04 3.31981458e-04 2.31657983e-04 1.88669842e-04 3.76448181e-04 1.11617011e-04 2.57534319e-03 3.74988019e-03 1.99630317e-04 5.85314600e-05 3.88324004e-05 1.02563348e-04 2.74906808e-05 4.48051462e-05 1.03270105e-04 6.48528221e-05 1.10785684e-04 1.34328363e-04 8.45391863e-05 6.35889198e-05 4.48054088e-06 8.57020495e-06 5.82750545e-06 2.19392553e-05 4.75211382e-06 1.49258243e-05 3.66094132e-05 3.44974891e-05 1.01342506e-05 3.95350746e-05 3.19344137e-05 1.31854234e-05 3.42973315e-05 3.89479481e-05 9.05674315e-06 3.26658912e-05 6.53617338e-05 2.16721426e-05 1.67402509e-04 3.36074557e-04 1.34429823e-05 8.94244895e-05 9.01611747e-07 2.41915390e-05 1.82510431e-04 3.60917495e-04 6.11444459e-05 1.23807243e-04 2.07625303e-05 5.34867747e-06 1.03669839e-05 4.12839189e-06 9.87332868e-08 1.00000000e-10 1.00000000e-10
 1996 07 18 12 00 00  3.50145033e-03 2.12541522e-03 1.16190800e-03 8.17925390e-04 5.73543717e-04 3.31490609e-04 2.31153756e-04 1.88107351e-04 3.74978118e-04 1.11161672e-04 2.56355917e-03 3.72863188e-03 1.98990365e-04 5.83411885e-05 3.87313189e-05 1.02108200e-04 2.73677055e-05 4.44898731e-05 1.02852700e-04 6.46183267e-05 1.10127921e-04 1.33489478e-04 8.41791703e-05 6.34080747e-05 4.47173625e-06 8.55096514e-06 5.82397806e-06 2.18917921e-05 4.74676453e-06 1.48920549e-05 3.64277839e-05 3.44466214e-05 1.00327357e-05 3.93440073e-05 3.16219812e-05 1.31685054e-05 3.39473334e-05 3.84776889e-05 9.04073459e-06 3.23744921e-05 6.43389140e-05 2.14726664e-05 1.65514772e-04 3.33202636e-04 1.33281054e-05 8.72295385e-05 2.24037831e-07 2.38041539e-05 1.78994162e-04 3.57227845e-04 6.03448677e-05 1.21203200e-04 1.99453827e-05 5.05163898e-06 9.68142194e-06 3.66858211e-06 7.78264031e-08 1.00000000e-10 1.00000000e-10
 1996 07 19 12 00 00  3.50185200e-03 2.12624299e-03 1.16238346e-03 8.18180065e-04 5.73716778e-04 3.31494681e-04 2.31190636e-04 1.88161974e-04 3.75121386e-04 1.11317138e-04 2.56466438e-03 3.72863226e-03 1.99141177e-04 5.84528736e-05 3.87657396e-05 1.02177497e-04 2.73691607e-05 4.44916543e-05 1.03077241e-04 6.48047891e-05 1.10130043e-04 1.33491784e-04 8.41972309e-05 6.34469527e-05 4.47182792e-06 8.55689796e-06 5.82398534e-06 2.18999090e-05 4.75090128e-06 1.49005027e-05 3.64549294e-05 3.44471337e-05 1.00340199e-05 3.93772857e-05 3.18642997e-05 1.31685214e-05 3.40015909e-05 3.85232488e-05 9.04567278e-06 3.24663236e-05 6.44634729e-05 2.16303175e-05 1.65700639e-04 3.35433735e-04 1.34173494e-05 8.79098816e-05 2.28900535e-07 2.41096976e-05 1.79862352e-04 3.58231108e-04 6.07444003e-05 1.21469292e-04 2.01959784e-05 5.14273561e-06 9.89168875e-06 3.80979958e-06 8.42610817e-08 1.00000000e-10 1.00000000e-10
 1996 07 20 12 00 00  3.49069731e-03 2.11973431e-03 1.15819099e-03 8.14836912e-04 5.70634528e-04 3.30029383e-04 2.29783571e-04 1.86631835e-04 3.71130620e-04 1.10422701e-04 2.53258023e-03 3.66488695e-03 1.97674823e-04 5.82129443e-05 3.85646834e-05 1.01011025e-04 2.69992626e-05 4.35446389e-05 1.02473202e-04 6.46566972e-05 1.08157173e-04 1.30973564e-04 8.31684544e-05 6.30410816e-05 4.44535290e-06 8.54575046e-06 5.81339846e-06 2.17820528e-05 4.74753615e-06 1.48235595e-05 3.59914535e-05 3.42941930e-05 9.72861599e-06 3.89186142e-05 3.16676771e-05 1.31177556e-05 3.31140641e-05 3.72430844e-05 9.03639666e-06 3.19051485e-05 6.17966745e-05 2.15044493e-05 1.61096432e-04 3.33625940e-04 1.33450376e-05 8.33678152e-05 2.00000002e-08 2.38653331e-05 1.71839078e-04 3.50186957e-04 5.95249283e-05 1.15293293e-04 1.97205350e-05 4.96991340e-06 9.49283891e-06 3.54255582e-06 7.21290860e-08 1.00000000e-10 1.00000000e-10
 1996 07 21 12 00 00  3.49055853e-03 2.11942215e-03 1.15801242e-03 8.14751352e-04 5.70584173e-04 3.30031955e-04 2.29773220e-04 1.86615402e-04 3.71083772e-04 1.10364585e-04 2.53221954e-03 3.66488919e-03 1.97619732e-04 5.81722383e-05 3.85520902e-05 1.00990830e-04 2.70031480e-05 4.35494003e-05 1.02394800e-04 6.45877270e-05 1.08161806e-04 1.30979741e-04 8.31644849e-05 6.30247646e-05 4.44559701e-06 8.53881211e-06 5.81341847e-06 2.17800762e-05 4.74594817e-06 1.48212614e-05 3.59851876e-05 3.42955551e-05 9.73204442e-06 3.89054431e-05 3.15750163e-05 1.31177978e-05 3.30979680e-05 3.72326230e-05 9.03062464e-06 3.18664562e-05 6.17663524e-05 2.14456537e-05 1.61023666e-04 3.32774630e-04 1.33109852e-05 8.31385439e-05 2.00000002e-08 2.37510743e-05 1.71578915e-04 3.49859698e-04 5.93854332e-05 1.15096935e-04 1.94220126e-05 4.86140755e-06 9.24245354e-06 3.37514613e-06 6.48037030e-08 1.00000000e-10 1.00000000e-10
 1996 07 22 12 00 00  3.52110881e-03 2.13374883e-03 1.16733613e-03 8.23045207e-04 5.78588915e-04 3.34075633e-04 2.33543272e-04 1.90505691e-04 3.80360588e-04 1.12280910e-04 2.61287153e-03 3.81755270e-03 2.01097001e-04 5.86943232e-05 3.91117160e-05 1.05425085e-04 2.88059149e-05 4.73706197e-05 1.04035685e-04 6.45975349e-05 1.15306291e-04 1.40121446e-04 8.68610592e-05 6.45105790e-05 4.56378802e-06 8.55934341e-06 5.85251037e-06 2.23514749e-05 4.74613989e-06 1.51829790e-05 3.81245702e-05 3.49744078e-05 1.12670765e-05 4.05836096e-05 3.15864017e-05 1.32854635e-05 3.65800301e-05 4.22419370e-05 9.04770641e-06 3.37396167e-05 7.26234072e-05 2.14537344e-05 1.80230379e-04 3.32880300e-04 1.33152120e-05 1.01164944e-04 7.00032761e-06 2.37665969e-05 2.05048084e-04 3.82782102e-04 6.35260187e-05 1.42245525e-04 2.02927067e-05 5.17791395e-06 9.97296254e-06 3.86528459e-06 8.68539843e-08 1.00000000e-10 1.00000000e-10
 1996 07 23 12 00 00  3.52239206e-03 2.13462017e-03 1.16788893e-03 8.23465858e-04 5.78969495e-04 3.34239983e-04 2.33707943e-04 1.90688193e-04 3.80828542e-04 1.12411114e-04 2.61660615e-03 3.82419229e-03 2.01288704e-04 5.87434319e-05 3.91404127e-05 1.05562328e-04 2.88466108e-05 4.74716973e-05 1.04146789e-04 6.46515400e-05 1.15512976e-04 1.40384754e-04 8.69715838e-05 6.45647648e-05 4.56668313e-06 8.56720289e-06 5.85355883e-06 2.23660476e-05 4.74731751e-06 1.51929793e-05 3.81810720e-05 3.49910668e-05 1.13021131e-05 4.06426819e-05 3.16555117e-05 1.32906687e-05 3.66860809e-05 4.23888203e-05 9.05424749e-06 3.38260757e-05 7.29445643e-05 2.14992266e-05 1.80833645e-04 3.33517315e-04 1.33406926e-05 1.01813563e-04 7.22538825e-06 2.38546563e-05 2.06096911e-04 3.83882086e-04 6.37413939e-05 1.43145489e-04 2.06182828e-05 5.29628248e-06 1.02462524e-05 4.04971264e-06 9.53210403e-08 1.00000000e-10 1.00000000e-10
 1996 07 24 12 00 00  3.52134104e-03 2.13390273e-03 1.16743415e-03 8.23127684e-04 5.78667463e-04 3.34107740e-04 2.33575036e-04 1.90541308e-04 3.80449160e-04 1.12304167e-04 2.61358008e-03 3.81876007e-03 2.01132047e-04 5.87043116e-05 3.91169958e-05 1.05453225e-04 2.88162439e-05 4.73918946e-05 1.04061312e-04 6.46086643e-05 1.15345575e-04 1.40171514e-04 8.68820918e-05 6.45201291e-05 4.56450034e-06 8.55922699e-06 5.85271082e-06 2.23549709e-05 4.74632361e-06 1.51853895e-05 3.81370187e-05 3.49784619e-05 1.12758658e-05 4.05945202e-05 3.15975602e-05 1.32863934e-05 3.66015998e-05 4.22720193e-05 9.04761182e-06 3.37540184e-05 7.26910016e-05 2.14626227e-05 1.80344875e-04 3.32985096e-04 1.33194038e-05 1.01298030e-04 7.04890408e-06 2.37834902e-05 2.05279143e-04 3.83015818e-04 6.35728134e-05 1.42388935e-04 2.02805926e-05 5.17352748e-06 9.96292197e-06 3.85953203e-06 8.66630572e-08 1.00000000e-10 1.00000000e-10
 1996 07 25 12 00 00  3.52792644e-03 2.13838383e-03 1.17027598e-03 8.25270965e-04 5.80597009e-04 3.34945441e-04 2.34415339e-04 1.91471614e-04 3.82841244e-04 1.12973121e-04 2.63266727e-03 3.85282189e-03 2.02115016e-04 5.89536542e-05 3.92640515e-05 1.06149513e-04 2.90178898e-05 4.79033566e-05 1.04617941e-04 6.48825197e-05 1.16401338e-04 1.41516928e-04 8.74467878e-05 6.47889948e-05 4.57889946e-06 8.58933126e-06 5.85806483e-06 2.24267624e-05 4.75243869e-06 1.52352494e-05 3.84211678e-05 3.50614253e-05 1.14497183e-05 4.08887804e-05 3.19555053e-05 1.33131442e-05 3.71386129e-05 4.30166094e-05 9.07266076e-06 3.41827019e-05 7.43148680e-05 2.16944914e-05 1.83356581e-04 3.36279560e-04 1.34511824e-05 1.04579365e-04 8.18482367e-06 2.42330847e-05 2.10561370e-04 3.88534113e-04 6.46591051e-05 1.46634681e-04 2.15563060e-05 5.63726444e-06 1.10332563e-05 4.57780952e-06 1.19350759e-07 4.81061591e-10 1.00000000e-10
 1996 07 26 12 00 00  3.53045572e-03 2.14010901e-03 1.17136967e-03 8.26087180e-04 5.81327439e-04 3.35264566e-04 2.34735919e-04 1.91826066e-04 3.83755707e-04 1.13230384e-04 2.63996202e-03 3.86589766e-03 2.02492146e-04 5.90482086e-05 3.93204306e-05 1.06413308e-04 2.90920812e-05 4.80965187e-05 1.04825832e-04 6.49862108e-05 1.16805309e-04 1.42031001e-04 8.76625360e-05 6.49079063e-05 4.58422328e-06 8.62420493e-06 5.86010938e-06 2.24548005e-05 4.75481938e-06 1.52537390e-05 3.85285084e-05 3.50921502e-05 1.15137984e-05 4.10145739e-05 3.20944586e-05 1.33234309e-05 3.73445096e-05 4.32998242e-05 9.10167728e-06 3.43768870e-05 7.49301236e-05 2.17828245e-05 1.84617588e-04 3.37556367e-04 1.35022547e-05 1.05836621e-04 8.61247245e-06 2.44047056e-05 2.12544784e-04 3.90682101e-04 6.50677249e-05 1.48955305e-04 2.30277783e-05 6.17217754e-06 1.22679438e-05 5.40725231e-06 1.57160169e-07 2.22667613e-09 9.03884800e-11
 1996 07 27 12 00 00  3.53533033e-03 2.14342824e-03 1.17347443e-03 8.27669850e-04 5.82749876e-04 3.35883211e-04 2.35356740e-04 1.92513132e-04 3.85524017e-04 1.13725738e-04 2.65407122e-03 3.89110707e-03 2.03219539e-04 5.92321157e-05 3.94292278e-05 1.06926724e-04 2.92395591e-05 4.84733144e-05 1.05234771e-04 6.51880982e-05 1.17586417e-04 1.43025434e-04 8.80799092e-05 6.51280372e-05 4.59476905e-06 8.67682029e-06 5.86406568e-06 2.25093409e-05 4.75936322e-06 1.52902842e-05 3.87383879e-05 3.51529336e-05 1.16410112e-05 4.12499962e-05 3.23602231e-05 1.33432404e-05 3.77436577e-05 4.38503527e-05 9.14545672e-06 3.47333657e-05 7.61291427e-05 2.19540627e-05 1.86993434e-04 3.40001246e-04 1.36000498e-05 1.08275462e-04 9.44856729e-06 2.47369258e-05 2.16429911e-04 3.94836922e-04 6.58671026e-05 1.53026182e-04 2.52531445e-05 6.98113488e-06 1.41351192e-05 6.66085946e-06 2.14252198e-07 5.23949097e-09 3.64461528e-10
 1996 07 28 12 00 00  3.54635124e-03 2.15093281e-03 1.17823317e-03 8.31247761e-04 5.85965328e-04 3.37281765e-04 2.36760241e-04 1.94066364e-04 3.89521769e-04 1.14845683e-04 2.68596824e-03 3.94810215e-03 2.04864054e-04 5.96478408e-05 3.96751991e-05 1.08087319e-04 2.95728387e-05 4.93250496e-05 1.06158392e-04 6.56444870e-05 1.19350291e-04 1.45273604e-04 8.90234835e-05 6.55695806e-05 4.61860145e-06 8.71724988e-06 5.87301038e-06 2.26274801e-05 4.76963760e-06 1.53728774e-05 3.92104088e-05 3.52903124e-05 1.19284981e-05 4.17347484e-05 3.29611503e-05 1.33880254e-05 3.86377289e-05 4.50908809e-05 9.17909856e-06 3.54364910e-05 7.88322050e-05 2.23411727e-05 1.91964456e-04 3.45529406e-04 1.38211763e-05 1.13736609e-04 1.13384747e-05 2.54879793e-05 2.25211598e-04 4.03984743e-04 6.76739980e-05 1.59765749e-04 2.69570926e-05 7.60056237e-06 1.55649067e-05 7.62163720e-06 2.58067791e-07 7.55618661e-09 5.75323034e-10
 1996 07 29 12 00 00  3.55418199e-03 2.15626728e-03 1.18161559e-03 8.33786381e-04 5.88244502e-04 3.38274138e-04 2.37756362e-04 1.95168521e-04 3.92360109e-04 1.15641625e-04 2.70861337e-03 3.98859605e-03 2.06032341e-04 5.99426053e-05 3.98499210e-05 1.08910079e-04 2.98079569e-05 4.99285350e-05 1.06811616e-04 6.59679936e-05 1.20602853e-04 1.46869636e-04 8.96933438e-05 6.58927237e-05 4.63542783e-06 8.75983169e-06 5.87935974e-06 2.27117782e-05 4.77695503e-06 1.54312201e-05 3.95449198e-05 3.53873300e-05 1.21313700e-05 4.20868964e-05 3.33889038e-05 1.34198548e-05 3.92730032e-05 4.59709793e-05 9.21452956e-06 3.59537744e-05 8.07486262e-05 2.26158561e-05 1.95559597e-04 3.49463349e-04 1.39785339e-05 1.17616575e-04 1.26768471e-05 2.60210858e-05 2.31427768e-04 4.10505061e-04 6.89534021e-05 1.64971722e-04 2.87571634e-05 8.25492034e-06 1.70752573e-05 8.63580226e-06 3.04264270e-07 9.99471865e-09 7.97171662e-10
 1996 07 30 12 00 00  3.53759933e-03 2.15042761e-03 1.17763739e-03 8.29660461e-04 5.83962525e-04 3.35921182e-04 2.35625533e-04 1.93066729e-04 3.87911684e-04 1.14875977e-04 2.66723462e-03 3.91987637e-03 2.04391426e-04 5.98021194e-05 3.95628570e-05 1.06076961e-04 2.84953567e-05 4.73529479e-05 1.06160001e-04 6.62984210e-05 1.16075570e-04 1.41072695e-04 8.73904799e-05 6.50121762e-05 4.55229238e-06 8.80003499e-06 5.85583293e-06 2.23131801e-05 4.78423281e-06 1.51804730e-05 3.80117892e-05 3.49117268e-05 1.09647990e-05 4.10507921e-05 3.38155456e-05 1.33209978e-05 3.69970921e-05 4.26418368e-05 9.24798442e-06 3.49004651e-05 7.33489155e-05 2.28947974e-05 1.82649994e-04 3.53393328e-04 1.41357331e-05 1.05873523e-04 6.39207574e-06 2.65614217e-05 2.08935858e-04 3.88669241e-04 6.66667755e-05 1.47079483e-04 3.04409762e-05 8.86705388e-06 1.84883318e-05 9.58680789e-06 3.47738893e-07 1.23012668e-08 1.00730864e-09
 1996 07 31 12 00 00  3.53769020e-03 2.15058875e-03 1.17773055e-03 8.29720248e-04 5.84010733e-04 3.35926205e-04 2.35636225e-04 1.93081404e-04 3.87946463e-04 1.14906674e-04 2.66750561e-03 3.91987823e-03 2.04422382e-04 5.98248382e-05 3.95698170e-05 1.06096266e-04 2.85002083e-05 4.73588938e-05 1.06208504e-04 6.63354120e-05 1.16081863e-04 1.41080406e-04 8.73969046e-05 6.50258449e-05 4.55259760e-06 8.80745501e-06 5.85585767e-06 2.23165783e-05 4.78501170e-06 1.51830142e-05 3.80216764e-05 3.49134265e-05 1.09690824e-05 4.10631875e-05 3.38614394e-05 1.33210502e-05 3.70133142e-05 4.26581131e-05 9.25416098e-06 3.49283936e-05 7.33917831e-05 2.29257290e-05 1.82745755e-04 3.53817215e-04 1.41526886e-05 1.06041011e-04 6.40830403e-06 2.66211515e-05 2.09171830e-04 3.88948448e-04 6.67545510e-05 1.47364895e-04 3.07293675e-05 8.97195036e-06 1.87307436e-05 9.75306014e-06 3.55561875e-07 1.27330516e-08 1.04706741e-09
 1996 08 01 12 00 00  3.54150485e-03 2.15293392e-03 1.17922875e-03 8.30896052e-04 5.85085527e-04 3.36419819e-04 2.36115913e-04 1.93605903e-04 3.89311490e-04 1.15237741e-04 2.67848209e-03 3.94112915e-03 2.04943537e-04 5.99270188e-05 3.96436893e-05 1.06504190e-04 2.86285271e-05 4.76807181e-05 1.06453217e-04 6.64214429e-05 1.16746056e-04 1.41927790e-04 8.77465670e-05 6.51771794e-05 4.56173875e-06 8.82115492e-06 5.85941307e-06 2.23594887e-05 4.78699731e-06 1.52112832e-05 3.81876495e-05 3.49661597e-05 1.10753106e-05 4.12301157e-05 3.39772843e-05 1.33380265e-05 3.73267539e-05 4.31018636e-05 9.26556531e-06 3.51476222e-05 7.43402720e-05 2.29991056e-05 1.84519690e-04 3.54881363e-04 1.41952545e-05 1.07778036e-04 7.10374588e-06 2.67637690e-05 2.12087148e-04 3.91922527e-04 6.72481668e-05 1.49780150e-04 3.12704150e-05 9.16872209e-06 1.91853662e-05 1.00635697e-05 3.70082626e-07 1.35279269e-08 1.12010046e-09
 1996 08 02 12 00 00  3.54349118e-03 2.15426534e-03 1.18006894e-03 8.31533791e-04 5.85657578e-04 3.36668244e-04 2.36363273e-04 1.93878987e-04 3.90021944e-04 1.15433020e-04 2.68419026e-03 3.95175479e-03 2.05232941e-04 5.99988587e-05 3.96870297e-05 1.06722069e-04 2.86938972e-05 4.78431146e-05 1.06616018e-04 6.64991036e-05 1.17078660e-04 1.42353402e-04 8.79254210e-05 6.52310620e-05 4.56638554e-06 8.78770879e-06 5.86119677e-06 2.23800465e-05 4.78878392e-06 1.52271880e-05 3.82758216e-05 3.49929527e-05 1.11294954e-05 4.12952251e-05 3.40815284e-05 1.33465277e-05 3.74905765e-05 4.33317026e-05 9.23773987e-06 3.52208844e-05 7.48378104e-05 2.30652906e-05 1.85236899e-04 3.55839125e-04 1.42335650e-05 1.08754667e-04 7.45551952e-06 2.68923817e-05 2.13720739e-04 3.93482217e-04 6.75708775e-05 1.49751099e-04 2.98342175e-05 8.64669232e-06 1.79807083e-05 9.25773800e-06 3.33596466e-07 1.16185785e-08 9.46815426e-10
 1996 08 03 12 00 00  3.54372437e-03 2.15473912e-03 1.18034127e-03 8.31682420e-04 5.85760685e-04 3.36671603e-04 2.36385328e-04 1.93911391e-04 3.90105945e-04 1.15522162e-04 2.68483744e-03 3.95175554e-03 2.05319796e-04 6.00633281e-05 3.97068821e-05 1.06763340e-04 2.86958384e-05 4.78454895e-05 1.06746809e-04 6.66064385e-05 1.17081204e-04 1.42356483e-04 8.79364745e-05 6.52521318e-05 4.56650741e-06 8.78897481e-06 5.86120659e-06 2.23849080e-05 4.79114315e-06 1.52322520e-05 3.82922451e-05 3.49936308e-05 1.11312082e-05 4.13135264e-05 3.42198648e-05 1.33465495e-05 3.75226122e-05 4.33594324e-05 9.23879488e-06 3.52710712e-05 7.49134262e-05 2.31558603e-05 1.85339216e-04 3.57113559e-04 1.42845424e-05 1.09150635e-04 7.46200749e-06 2.70677992e-05 2.14235380e-04 3.94066747e-04 6.78029502e-05 1.49839074e-04 2.98720845e-05 8.66049504e-06 1.80127506e-05 9.28140535e-06 3.34829198e-07 1.16953046e-08 9.54090673e-10
 1996 08 04 12 00 00  3.54133447e-03 2.15254447e-03 1.17900613e-03 8.30791518e-04 5.85025822e-04 3.36423934e-04 2.36103753e-04 1.93586264e-04 3.89254520e-04 1.15165340e-04 2.67804405e-03 3.94113176e-03 2.04875155e-04 5.98764422e-05 3.96280362e-05 1.06480242e-04 2.86343507e-05 4.76878573e-05 1.06356011e-04 6.63355517e-05 1.16751802e-04 1.41937048e-04 8.77422382e-05 6.51221643e-05 4.56210546e-06 8.76381164e-06 5.85944326e-06 2.23541456e-05 4.78501097e-06 1.52086088e-05 3.81793013e-05 3.49682028e-05 1.10804511e-05 4.11846004e-05 3.38614220e-05 1.33380905e-05 3.73026345e-05 4.30878575e-05 9.21785904e-06 3.50356528e-05 7.43026033e-05 2.29258148e-05 1.84194031e-04 3.53817215e-04 1.41526886e-05 1.07466733e-04 7.12322581e-06 2.66212970e-05 2.11776958e-04 3.91375715e-04 6.70762969e-05 1.47989159e-04 2.87929193e-05 8.26823652e-06 1.71075430e-05 8.67570227e-06 3.07391245e-07 1.02584583e-08 8.23662738e-10
 1996 08 05 12 00 00  3.53779331e-03 2.15075310e-03 1.17782599e-03 8.29789347e-04 5.84071482e-04 3.35934829e-04 2.35649960e-04 1.93099575e-04 3.87987315e-04 1.14938287e-04 2.66782709e-03 3.91988233e-03 2.04455126e-04 5.98485302e-05 3.95770558e-05 1.06120596e-04 2.85089511e-05 4.73696040e-05 1.06259927e-04 6.63733052e-05 1.16090233e-04 1.41094293e-04 8.74058612e-05 6.49634209e-05 4.55314766e-06 8.70660078e-06 5.85590278e-06 2.23141234e-05 4.78578622e-06 1.51863391e-05 3.80322394e-05 3.49164824e-05 1.09767920e-05 4.10119010e-05 3.39072169e-05 1.33211448e-05 3.70226419e-05 4.26750550e-05 9.17025754e-06 3.48160315e-05 7.34402221e-05 2.29572193e-05 1.82314519e-04 3.54240854e-04 1.41696342e-05 1.06165189e-04 6.43752355e-06 2.66818359e-05 2.09466618e-04 3.88947238e-04 6.68514574e-05 1.44256774e-04 2.63679122e-05 7.38671881e-06 1.50729509e-05 7.31042176e-06 2.45265721e-07 6.98396612e-09 5.25884980e-10
 1996 08 06 12 00 00  3.53155163e-03 2.14613559e-03 1.17494763e-03 8.27698302e-04 5.82245045e-04 3.35193703e-04 2.34885253e-04 1.92244615e-04 3.85756757e-04 1.14235572e-04 2.64995501e-03 3.88800763e-03 2.03474656e-04 5.95476804e-05 3.94207261e-05 1.05422937e-04 2.83196307e-05 4.68907383e-05 1.05598759e-04 6.59968995e-05 1.15097507e-04 1.39828232e-04 8.68606050e-05 6.46869800e-05 4.53963512e-06 8.67897834e-06 5.85058660e-06 2.22405796e-05 4.77728463e-06 1.51337010e-05 3.77522532e-05 3.48384870e-05 1.08202345e-05 4.07200153e-05 3.34101438e-05 1.32957153e-05 3.64860509e-05 4.19567829e-05 9.14727352e-06 3.43679651e-05 7.18719941e-05 2.26377204e-05 1.79441751e-04 3.49668978e-04 1.39867591e-05 1.02690048e-04 5.40491383e-06 2.60618137e-05 2.04013382e-04 3.83225023e-04 6.55904669e-05 1.40325727e-04 2.52004294e-05 6.96231768e-06 1.40933701e-05 6.65262705e-06 2.15300236e-07 5.40204521e-09 3.81963705e-10
 1996 08 07 12 00 00  3.52142324e-03 2.13901757e-03 1.17048144e-03 8.24385000e-04 5.79313399e-04 3.33959781e-04 2.33634650e-04 1.90855401e-04 3.82134713e-04 1.13172369e-04 2.62091181e-03 3.83488275e-03 2.01944318e-04 5.91220659e-05 3.91835935e-05 1.04305277e-04 2.80034554e-05 4.60918352e-05 1.04645335e-04 6.54968724e-05 1.13442845e-04 1.37717110e-04 8.59633225e-05 6.42661250e-05 4.51707347e-06 8.65593538e-06 5.84172340e-06 2.21243039e-05 4.76602108e-06 1.50514725e-05 3.73041783e-05 3.47082590e-05 1.05587329e-05 4.02669998e-05 3.27514281e-05 1.32533241e-05 3.56297676e-05 4.07895580e-05 9.12810210e-06 3.37087364e-05 6.93394632e-05 2.22135350e-05 1.74869425e-04 3.43609427e-04 1.37443771e-05 9.73714260e-05 3.68173896e-06 2.52388010e-05 1.95497447e-04 3.74413200e-04 6.37583336e-05 1.34521988e-04 2.42185825e-05 6.60541787e-06 1.32696854e-05 6.10061505e-06 1.90232505e-07 4.08462677e-09 2.62256905e-10
 1996 08 08 12 00 00  3.51167231e-03 2.13268742e-03 1.16646721e-03 8.21309428e-04 5.76539875e-04 3.32728421e-04 2.32417685e-04 1.89516282e-04 3.78645575e-04 1.12256750e-04 2.59289906e-03 3.78175825e-03 2.00556401e-04 5.88011822e-05 3.89787717e-05 1.03251003e-04 2.76872772e-05 4.52929351e-05 1.03899400e-04 6.51722541e-05 1.11788227e-04 1.35605988e-04 8.50823028e-05 6.38747508e-05 4.49451181e-06 8.62878223e-06 5.83285910e-06 2.20146290e-05 4.75870984e-06 1.49769640e-05 3.68807749e-05 3.45780369e-05 1.02972328e-05 3.98388615e-05 3.23238462e-05 1.32109330e-05 3.48225963e-05 3.96628604e-05 9.10550880e-06 3.31232466e-05 6.69184541e-05 2.19381676e-05 1.70415872e-04 3.39676089e-04 1.35870435e-05 9.26826140e-05 1.95856373e-06 2.47045275e-05 1.87781289e-04 3.66499501e-04 6.22993878e-05 1.28647895e-04 2.30621464e-05 6.18505330e-06 1.22995237e-05 5.45034873e-06 1.60696469e-07 2.53189421e-09 1.21156019e-10
 1996 08 09 12 00 00  3.50754802e-03 2.12971001e-03 1.16460602e-03 8.19937431e-04 5.75330429e-04 3.32230514e-04 2.31909134e-04 1.88949431e-04 3.77170214e-04 1.11807019e-04 2.58106636e-03 3.76050659e-03 1.99920095e-04 5.86144018e-05 3.88788206e-05 1.02789111e-04 2.75565370e-05 4.49681451e-05 1.03485581e-04 6.49450347e-05 1.11121125e-04 1.34754763e-04 8.47180531e-05 6.37030007e-05 4.48521860e-06 8.62456291e-06 5.82929169e-06 2.19660688e-05 4.75356683e-06 1.49420231e-05 3.66928511e-05 3.45244538e-05 1.01888654e-05 3.96543955e-05 3.20232037e-05 1.31939305e-05 3.44677238e-05 3.91831186e-05 9.10199742e-06 3.28514239e-05 6.58714127e-05 2.17452063e-05 1.68563689e-04 3.36911247e-04 1.34764499e-05 9.04286538e-05 1.25502174e-06 2.43300121e-05 1.84188492e-04 3.62787709e-04 6.15008797e-05 1.26424487e-04 2.28847999e-05 6.12058211e-06 1.21507041e-05 5.35028136e-06 1.56128342e-07 2.29001245e-09 9.91315807e-11
 1996 08 10 12 00 00  3.50565013e-03 2.12857393e-03 1.16387776e-03 8.19354678e-04 5.74791955e-04 3.31980916e-04 2.31668710e-04 1.88687195e-04 3.76490113e-04 1.11648221e-04 2.57559091e-03 3.74987908e-03 1.99665490e-04 5.85684335e-05 3.88434717e-05 1.02584673e-04 2.74892227e-05 4.48033592e-05 1.03373307e-04 6.49110414e-05 1.10785834e-04 1.34326042e-04 8.45419974e-05 6.36488300e-05 4.48044921e-06 8.64754184e-06 5.82749781e-06 2.19459434e-05 4.75277011e-06 1.49276632e-05 3.66085132e-05 3.44969798e-05 1.01329642e-05 3.95888071e-05 3.19768063e-05 1.31854074e-05 3.43129457e-05 3.89598669e-05 9.12111718e-06 3.27830943e-05 6.53931062e-05 2.17161156e-05 1.67816190e-04 3.36485413e-04 1.34594165e-05 8.96122063e-05 8.96734309e-07 2.42734022e-05 1.82726294e-04 3.61394738e-04 6.12674750e-05 1.26104847e-04 2.38623968e-05 6.47594097e-06 1.29708501e-05 5.90013448e-06 1.81113336e-07 3.60423869e-09 2.18577711e-10
 1996 08 11 12 00 00  3.50955175e-03 2.13114599e-03 1.16550646e-03 8.20584828e-04 5.75891877e-04 3.32466829e-04 2.32152608e-04 1.89220671e-04 3.77885156e-04 1.12021955e-04 2.58677255e-03 3.77112590e-03 2.00227048e-04 5.87039764e-05 3.89276145e-05 1.03002411e-04 2.76083156e-05 4.51138767e-05 1.03687396e-04 6.50536502e-05 1.11438694e-04 1.35158766e-04 8.48906642e-05 6.38111219e-05 4.48900937e-06 8.66813498e-06 5.83100482e-06 2.19886775e-05 4.75591878e-06 1.49565420e-05 3.67710253e-05 3.45464854e-05 1.02310529e-05 3.97643570e-05 3.21613246e-05 1.32022833e-05 3.46312231e-05 3.94021632e-05 9.13825279e-06 3.30312958e-05 6.63406978e-05 2.18365676e-05 1.69610079e-04 3.38184876e-04 1.35273950e-05 9.14577777e-05 1.56133156e-06 2.45067669e-05 1.85762214e-04 3.64549204e-04 6.18648205e-05 1.28671342e-04 2.47340457e-05 6.79279833e-06 1.37021888e-05 6.39106216e-06 2.03464963e-07 4.78328541e-09 3.25822480e-10
 1996 08 12 12 00 00  3.51123243e-03 2.13187890e-03 1.16600340e-03 8.21029079e-04 5.76325204e-04 3.32706190e-04 2.32369541e-04 1.89450672e-04 3.78486772e-04 1.12105097e-04 2.59161768e-03 3.78174856e-03 2.00407329e-04 5.86981078e-05 3.89469731e-05 1.03164514e-04 2.76659150e-05 4.52667504e-05 1.03697454e-04 6.50019618e-05 1.11761314e-04 1.35572039e-04 8.50523563e-05 6.38333310e-05 4.49316722e-06 8.62895031e-06 5.83274850e-06 2.20014070e-05 4.75472807e-06 1.49651920e-05 3.68313879e-05 3.45705601e-05 1.02783837e-05 3.98020956e-05 3.20918480e-05 1.32107016e-05 3.47482615e-05 3.95892386e-05 9.10564995e-06 3.30341273e-05 6.67238173e-05 2.17924986e-05 1.70145381e-04 3.37546584e-04 1.35018634e-05 9.19030661e-05 1.88713275e-06 2.44211231e-05 1.86691766e-04 3.65306821e-04 6.18982333e-05 1.28329139e-04 2.30615893e-05 6.18486904e-06 1.22991890e-05 5.45117987e-06 1.60810260e-07 2.54362087e-09 1.22367638e-10
 1996 08 13 12 00 00  3.51139226e-03 2.13223028e-03 1.16620489e-03 8.21129050e-04 5.76387031e-04 3.32704212e-04 2.32382317e-04 1.89470651e-04 3.78542257e-04 1.12170842e-04 2.59204040e-03 3.78174707e-03 2.00470277e-04 5.87453172e-05 3.89615442e-05 1.03189240e-04 2.76625186e-05 4.52625856e-05 1.03790889e-04 6.50814502e-05 1.11756759e-04 1.35566634e-04 8.50574900e-05 6.38364550e-05 4.49295330e-06 8.61504814e-06 5.83273104e-06 2.20025687e-05 4.75650304e-06 1.49680148e-05 3.68382872e-05 3.45693697e-05 1.02753846e-05 3.98044194e-05 3.21957748e-05 1.32106652e-05 3.47651563e-05 3.96016019e-05 9.09408409e-06 3.30497430e-05 6.67596186e-05 2.18598056e-05 1.70116585e-04 3.38503070e-04 1.35401228e-05 9.21548328e-05 1.87576697e-06 2.45516334e-05 1.87004686e-04 3.65627246e-04 6.20611317e-05 1.27867116e-04 2.24575452e-05 5.96532734e-06 1.17926471e-05 5.11329482e-06 1.45580582e-07 1.75186816e-09 5.06447217e-11
 1996 08 14 12 00 00  3.50750664e-03 2.12973039e-03 1.16461727e-03 8.19907204e-04 5.75282287e-04 3.32211847e-04 2.31896600e-04 1.88936503e-04 3.77150872e-04 1.11810378e-04 2.58087354e-03 3.76049727e-03 1.99920339e-04 5.86200478e-05 3.88805913e-05 1.02769465e-04 2.75361468e-05 4.49431478e-05 1.03496592e-04 6.49570255e-05 1.11095000e-04 1.34722347e-04 8.47057625e-05 6.36801106e-05 4.48393475e-06 8.60280052e-06 5.82918583e-06 2.19588593e-05 4.75374618e-06 1.49384992e-05 3.66704292e-05 3.45173117e-05 1.01708705e-05 3.96331903e-05 3.20342398e-05 1.31937079e-05 3.44442733e-05 3.91524732e-05 9.08389775e-06 3.28165103e-05 6.57953905e-05 2.17546258e-05 1.68334426e-04 3.37015663e-04 1.34806265e-05 9.03054224e-05 1.18682710e-06 2.43478062e-05 1.83946312e-04 3.62488753e-04 6.14891331e-05 1.25458257e-04 2.19112464e-05 5.76680682e-06 1.13347670e-05 4.80977099e-06 1.32037234e-07 1.05826059e-09 1.00000000e-10
 1996 08 15 12 00 00  3.50349050e-03 2.12695501e-03 1.16287177e-03 8.18603582e-04 5.74124161e-04 3.31719036e-04 2.31399562e-04 1.88385373e-04 3.75713954e-04 1.11398400e-04 2.56935323e-03 3.73924747e-03 1.99320885e-04 5.84584591e-05 3.87884236e-05 1.02328275e-04 2.74102611e-05 4.46243037e-05 1.03130896e-04 6.47716224e-05 1.10433556e-04 1.33878834e-04 8.43486672e-05 6.35056735e-05 4.47494676e-06 8.58090716e-06 5.82564353e-06 2.19122770e-05 4.74960325e-06 1.49063875e-05 3.64940042e-05 3.44654283e-05 1.00667850e-05 3.94468053e-05 3.17917496e-05 1.31767592e-05 3.41055864e-05 3.86893985e-05 9.06568748e-06 3.25431551e-05 6.47931584e-05 2.15976252e-05 1.66457314e-04 3.34783892e-04 1.33913557e-05 8.82747486e-05 4.99513044e-07 2.40433656e-05 1.80616419e-04 3.59009518e-04 6.07883522e-05 1.22725333e-04 2.09466577e-05 5.41625568e-06 1.05261028e-05 4.27215284e-06 1.07934781e-07 1.94189198e-10 1.00000000e-10
 1996 08 16 12 00 00  3.50305002e-03 2.12604769e-03 1.16235087e-03 8.18324777e-04 5.73934899e-04 3.31714264e-04 2.31359146e-04 1.88325661e-04 3.75557345e-04 1.11228151e-04 2.56814129e-03 3.73924673e-03 1.99155914e-04 5.83368666e-05 3.87509340e-05 1.02252450e-04 2.74083141e-05 4.46219201e-05 1.02887767e-04 6.45684951e-05 1.10430863e-04 1.33875737e-04 8.43286814e-05 6.34651587e-05 4.47482453e-06 8.57784107e-06 5.82563334e-06 2.19035343e-05 4.74506669e-06 1.48970943e-05 3.64636807e-05 3.44647502e-05 1.00650708e-05 3.94122691e-05 3.15261859e-05 1.31767389e-05 3.40460722e-05 3.86392114e-05 9.06314162e-06 3.24466320e-05 6.46559904e-05 2.14256317e-05 1.66269246e-04 3.32339752e-04 1.32935901e-05 8.75302979e-05 4.93010339e-07 2.37098633e-05 1.79664134e-04 3.57918944e-04 6.03525364e-05 1.22508985e-04 2.07790369e-05 5.35541405e-06 1.03861161e-05 4.18338385e-06 1.04267008e-07 8.22756974e-11 1.00000000e-10
 1996 08 17 12 00 00  3.49990067e-03 2.12508402e-03 1.16164459e-03 8.17566939e-04 5.73139157e-04 3.31226920e-04 2.30939142e-04 1.87889404e-04 3.74425545e-04 1.11155524e-04 2.55898381e-03 3.71799693e-03 1.98883869e-04 5.84162116e-05 3.87331060e-05 1.01956517e-04 2.72819452e-05 4.43024823e-05 1.02999720e-04 6.47866866e-05 1.09769793e-04 1.33031448e-04 8.40086730e-05 6.33834180e-05 4.46580598e-06 8.58163548e-06 5.82208813e-06 2.18742831e-05 4.75001289e-06 1.48826464e-05 3.63445017e-05 3.44126951e-05 9.96055678e-06 3.93041197e-05 3.18152772e-05 1.31597830e-05 3.38234603e-05 3.82703747e-05 9.06630376e-06 3.23886331e-05 6.39116352e-05 2.16109853e-05 1.64841253e-04 3.34998073e-04 1.33999229e-05 8.69681154e-05 2.00000002e-08 2.40696550e-05 1.78167149e-04 3.56607984e-04 6.05094659e-05 1.20709161e-04 2.09003330e-05 5.39960124e-06 1.04885635e-05 4.25755509e-06 1.08032211e-07 2.32656028e-10 1.00000000e-10
 1996 08 18 12 00 00  3.49445157e-03 2.12212295e-03 1.15971550e-03 8.15972796e-04 5.71641327e-04 3.30491599e-04 2.30244563e-04 1.87138570e-04 3.72471752e-04 1.10762498e-04 2.54327022e-03 3.68612222e-03 1.98201413e-04 5.83325489e-05 3.86438488e-05 1.01390746e-04 2.70931108e-05 4.38242132e-05 1.02763970e-04 6.47746609e-05 1.08778256e-04 1.31766162e-04 8.34977904e-05 6.31830839e-05 4.45232399e-06 8.56547413e-06 5.81677450e-06 2.18159272e-05 4.74983390e-06 1.48462155e-05 3.61185854e-05 3.43348656e-05 9.80442710e-06 3.90761513e-05 3.18042468e-05 1.31343579e-05 3.33927626e-05 3.76385777e-05 9.05286579e-06 3.21208578e-05 6.25799807e-05 2.16015469e-05 1.62323543e-04 3.34893703e-04 1.33957481e-05 8.48963980e-05 2.00000002e-08 2.40518304e-05 1.74387158e-04 3.52824647e-04 6.00242406e-05 1.17216696e-04 2.01532008e-05 5.12815870e-06 9.86278371e-06 3.84615198e-06 8.99242636e-08 1.00000000e-10 1.00000000e-10
 1996 08 19 12 00 00  3.48900089e-03 2.11916158e-03 1.15778612e-03 8.14377450e-04 5.70141843e-04 3.29755821e-04 2.29549585e-04 1.86387274e-04 3.70517165e-04 1.10369362e-04 2.52754997e-03 3.65424752e-03 1.97518718e-04 5.82487204e-05 3.85545443e-05 1.00824315e-04 2.69037933e-05 4.33453475e-05 1.02527780e-04 6.47624722e-05 1.07786827e-04 1.30500103e-04 8.29865910e-05 6.30025388e-05 4.43881145e-06 8.57725317e-06 5.81145869e-06 2.17592396e-05 4.74965636e-06 1.48096852e-05 3.58930434e-05 3.42568645e-05 9.64786886e-06 3.88648297e-05 3.17932660e-05 1.31089269e-05 3.29644399e-05 3.70074198e-05 9.06267451e-06 3.18894467e-05 6.13532696e-05 2.15920067e-05 1.60696612e-04 3.34789600e-04 1.33915840e-05 8.28396318e-05 2.00000002e-08 2.40338268e-05 1.70599616e-04 3.49120771e-04 5.95377311e-05 1.14598051e-04 2.05949049e-05 5.28886142e-06 1.02343657e-05 4.10339808e-06 1.02198214e-07 8.17717449e-11 1.00000000e-10
 1996 08 20 12 00 00  3.48887569e-03 2.11892362e-03 1.15764846e-03 8.14295171e-04 5.70079342e-04 3.29751859e-04 2.29536092e-04 1.86367940e-04 3.70469420e-04 1.10324003e-04 2.52718816e-03 3.65424603e-03 1.97473367e-04 5.82140848e-05 3.85439296e-05 1.00799389e-04 2.69003940e-05 4.33411798e-05 1.02453299e-04 6.47056790e-05 1.07782976e-04 1.30494698e-04 8.29794268e-05 6.30039260e-05 4.43859753e-06 8.59525753e-06 5.81144086e-06 2.17571753e-05 4.74849439e-06 1.48065992e-05 3.58836371e-05 3.42556770e-05 9.64486971e-06 3.88651995e-05 3.17246042e-05 1.31088906e-05 3.29476333e-05 3.69903762e-05 9.07766298e-06 3.18865308e-05 6.13070594e-05 2.15447988e-05 1.60730533e-04 3.34154241e-04 1.33661697e-05 8.26339555e-05 2.00000002e-08 2.39428555e-05 1.70297020e-04 3.48838971e-04 5.94103250e-05 1.15060418e-04 2.13026215e-05 5.54625694e-06 1.08290962e-05 4.51009370e-06 1.21251724e-07 7.77120768e-10 1.00000000e-10
 1996 08 21 12 00 00  3.49174264e-03 2.11933267e-03 1.15803519e-03 8.14870917e-04 5.70742910e-04 3.30232417e-04 2.29927603e-04 1.86763034e-04 3.71497200e-04 1.10291777e-04 2.53554623e-03 3.67549323e-03 1.97642168e-04 5.80576298e-05 3.85380561e-05 1.01042471e-04 2.70214281e-05 4.36540722e-05 1.02181597e-04 6.43599546e-05 1.08437780e-04 1.31330505e-04 8.32845021e-05 6.30753211e-05 4.44727957e-06 8.61259250e-06 5.81495842e-06 2.17812030e-05 4.74080916e-06 1.48144786e-05 3.59816405e-05 3.43058637e-05 9.74467184e-06 3.89635756e-05 3.12745018e-05 1.31257868e-05 3.31317152e-05 3.73229345e-05 9.09209339e-06 3.19127168e-05 6.18473355e-05 2.12523606e-05 1.61494088e-04 3.30010460e-04 1.32004184e-05 8.27252763e-05 2.00000002e-08 2.33759944e-05 1.71141707e-04 3.49483135e-04 5.89718653e-05 1.17351169e-04 2.19920942e-05 5.79699672e-06 1.14083463e-05 4.90500868e-06 1.39669081e-07 1.70931203e-09 5.35925804e-11
 1996 08 22 12 00 00  3.49559468e-03 2.12179062e-03 1.15959762e-03 8.16068205e-04 5.71822409e-04 3.30720573e-04 2.30407638e-04 1.87289765e-04 3.72873092e-04 1.10643618e-04 2.54659832e-03 3.69674154e-03 1.98182135e-04 5.81746933e-05 3.86165488e-05 1.01452227e-04 2.71434314e-05 4.39681608e-05 1.02454358e-04 6.44719170e-05 1.09095031e-04 1.32167858e-04 8.36325159e-05 6.32552105e-05 4.45602309e-06 8.66319460e-06 5.81848071e-06 2.18256106e-05 4.74338995e-06 1.48426611e-05 3.61457207e-05 3.43563908e-05 9.84533108e-06 3.91538713e-05 3.14250792e-05 1.31426947e-05 3.34491752e-05 3.77647605e-05 9.13420226e-06 3.21888965e-05 6.27909461e-05 2.13478299e-05 1.63323322e-04 3.31393810e-04 1.32557524e-05 8.44914808e-05 2.00000002e-08 2.35615356e-05 1.74085113e-04 3.52618360e-04 5.95090251e-05 1.20854339e-04 2.40959305e-05 6.56186344e-06 1.31741797e-05 6.09557205e-06 1.94249092e-07 4.61663214e-09 3.18754045e-10
 1996 08 23 12 00 00  3.50381976e-03 2.12777224e-03 1.16333464e-03 8.18793353e-04 5.74208116e-04 3.31703537e-04 2.31416191e-04 1.88414608e-04 3.75811068e-04 1.11547491e-04 2.57014100e-03 3.73923890e-03 1.99456491e-04 5.85523815e-05 3.88177755e-05 1.02362545e-04 2.73908401e-05 4.46004997e-05 1.03287824e-04 6.49353431e-05 1.10412095e-04 1.33847964e-04 8.43527528e-05 6.36075686e-05 4.47372440e-06 8.69043070e-06 5.82554276e-06 2.19200028e-05 4.75387169e-06 1.49101795e-05 3.65080484e-05 3.44586326e-05 1.00496487e-05 3.95287745e-05 3.20378225e-05 1.31765482e-05 3.41470930e-05 3.87052472e-05 9.15687051e-06 3.27536641e-05 6.48367608e-05 2.17413108e-05 1.67043814e-04 3.37029051e-04 1.34811620e-05 8.88552886e-05 4.34570393e-07 2.43252056e-05 1.81109285e-04 3.59947474e-04 6.10992957e-05 1.25692546e-04 2.52085585e-05 6.96641659e-06 1.41083986e-05 6.72821045e-06 2.23449698e-07 6.18689260e-09 4.62341099e-10
 1996 08 24 12 00 00  3.51419318e-03 2.13543642e-03 1.16811363e-03 8.22258918e-04 5.77231499e-04 3.32933424e-04 2.32685655e-04 1.89833635e-04 3.79517118e-04 1.12712647e-04 2.59982593e-03 3.79236042e-03 2.01083978e-04 5.90505269e-05 3.90773167e-05 1.03516923e-04 2.77007028e-05 4.53916582e-05 1.04383183e-04 6.55578740e-05 1.12058571e-04 1.35949040e-04 8.52573279e-05 6.40383988e-05 4.49588842e-06 8.69982832e-06 5.83437359e-06 2.20382535e-05 4.76790337e-06 1.49965690e-05 3.69663104e-05 3.45866487e-05 1.03055776e-05 3.99895138e-05 3.28583934e-05 1.32188696e-05 3.50293313e-05 3.98903802e-05 9.16469653e-06 3.34467189e-05 6.74212442e-05 2.22694856e-05 1.71605792e-04 3.44577241e-04 1.37830896e-05 9.45131061e-05 2.13662843e-06 2.53500330e-05 1.90093407e-04 3.69263083e-04 6.31803873e-05 1.30995159e-04 2.55626265e-05 7.09523026e-06 1.44062247e-05 6.93413856e-06 2.33257248e-07 6.73679210e-09 5.13183718e-10
 1996 08 25 12 00 00  3.52646808e-03 2.14427061e-03 1.17364056e-03 8.26309000e-04 5.80787939e-04 3.34408132e-04 2.34193742e-04 1.91513763e-04 3.83903935e-04 1.14043022e-04 2.63497659e-03 3.85610685e-03 2.02971748e-04 5.96007572e-05 3.93740854e-05 1.04873429e-04 2.80725420e-05 4.63410572e-05 1.05604484e-04 6.62251085e-05 1.14034080e-04 1.38470355e-04 8.63353681e-05 6.45344906e-05 4.52248605e-06 8.70256699e-06 5.84497102e-06 2.21764693e-05 4.78291768e-06 1.50967084e-05 3.75043104e-05 3.47402674e-05 1.06126958e-05 4.05248269e-05 3.37365957e-05 1.32696558e-05 3.60643187e-05 4.12934725e-05 9.16698118e-06 3.42311011e-05 7.04706930e-05 2.28353892e-05 1.76972366e-04 3.52656330e-04 1.41062532e-05 1.01065932e-04 4.17911615e-06 2.64479313e-05 2.00509473e-04 3.80000153e-04 6.55080145e-05 1.37077794e-04 2.56443557e-05 7.12502203e-06 1.44753865e-05 6.98526380e-06 2.35922710e-07 6.90285962e-09 5.28933786e-10
 1996 08 26 12 00 00  3.53416611e-03 2.14914972e-03 1.17674516e-03 8.28702307e-04 5.82953492e-04 3.35387946e-04 2.35155520e-04 1.92568801e-04 3.86656374e-04 1.14740376e-04 2.65708341e-03 3.89860421e-03 2.04046856e-04 5.98317371e-05 3.95300473e-05 1.05695512e-04 2.83204368e-05 4.69739927e-05 1.06146824e-04 6.64427702e-05 1.15350676e-04 1.40151235e-04 8.70331513e-05 6.48172798e-05 4.54021756e-06 8.69547657e-06 5.85203597e-06 2.22591508e-05 4.78786824e-06 1.51535098e-05 3.78314741e-05 3.48426780e-05 1.08174419e-05 4.08409636e-05 3.40258062e-05 1.33035152e-05 3.66898597e-05 4.21759496e-05 9.16108256e-06 3.46406174e-05 7.23585512e-05 2.30204227e-05 1.80325386e-04 3.55315278e-04 1.42126111e-05 1.04615049e-04 5.54077851e-06 2.68071890e-05 2.06420379e-04 3.85954517e-04 6.65763293e-05 1.40779827e-04 2.53250480e-05 7.00899527e-06 1.42078084e-05 6.80827950e-06 2.28054066e-07 6.50206253e-09 4.92839236e-10
 1996 08 27 12 00 00  3.54174984e-03 2.15379141e-03 1.17971381e-03 8.31024319e-04 5.85071809e-04 3.36366547e-04 2.36107133e-04 1.93608906e-04 3.89369267e-04 1.15393439e-04 2.67887864e-03 3.94110158e-03 2.05079449e-04 6.00321923e-05 3.96765735e-05 1.06498596e-04 2.85678398e-05 4.76063287e-05 1.06630391e-04 6.66091451e-05 1.16666768e-04 1.41831329e-04 8.77257647e-05 6.50944875e-05 4.55791887e-06 8.69439318e-06 5.85909838e-06 2.23400582e-05 4.79162409e-06 1.52079327e-05 3.81504627e-05 3.49449227e-05 1.10217567e-05 4.11524897e-05 3.42454092e-05 1.33373673e-05 3.73005594e-05 4.30458726e-05 9.16018325e-06 3.50342749e-05 7.42119071e-05 2.31616286e-05 1.83663980e-04 3.57335151e-04 1.42934061e-05 1.07976069e-04 6.90080342e-06 2.70812016e-05 2.12088739e-04 3.91652469e-04 6.75347440e-05 1.44655863e-04 2.52719199e-05 6.98969966e-06 1.41633585e-05 6.77944670e-06 2.26813574e-07 6.44207354e-09 4.87520602e-10
 1996 08 28 12 00 00  3.54372180e-03 2.15511838e-03 1.18055131e-03 8.31651910e-04 5.85630333e-04 3.36610501e-04 2.36351082e-04 1.93878275e-04 3.90073423e-04 1.15587749e-04 2.68452800e-03 3.95172536e-03 2.05367168e-04 6.01040223e-05 3.97199205e-05 1.06710983e-04 2.86283554e-05 4.77627793e-05 1.06793107e-04 6.66874228e-05 1.16993673e-04 1.42249232e-04 8.79015002e-05 6.51568888e-05 4.56225971e-06 8.67576236e-06 5.86085662e-06 2.23601189e-05 4.79340670e-06 1.52229030e-05 3.82336501e-05 3.49700131e-05 1.10716588e-05 4.12243270e-05 3.43495514e-05 1.33458147e-05 3.74603141e-05 4.32689363e-05 9.14468328e-06 3.51245527e-05 7.46918386e-05 2.32281935e-05 1.84426718e-04 3.58292533e-04 1.43317013e-05 1.08928580e-04 7.23634876e-06 2.72104546e-05 2.13654674e-04 3.93192071e-04 6.78498848e-05 1.45031276e-04 2.44622280e-05 6.69541541e-06 1.34843664e-05 6.32655913e-06 2.06402456e-07 5.38111227e-09 3.91414900e-10
 1996 08 29 12 00 00  3.54392161e-03 2.15554987e-03 1.18079846e-03 8.31776511e-04 5.85708996e-04 3.36609653e-04 2.36367593e-04 1.93903496e-04 3.90142419e-04 1.15668316e-04 2.68506208e-03 3.95172387e-03 2.05444252e-04 6.01607495e-05 3.97374460e-05 1.06742527e-04 2.86259252e-05 4.77597961e-05 1.06903857e-04 6.67829590e-05 1.16990812e-04 1.42245362e-04 8.79088502e-05 6.51768275e-05 4.56210691e-06 8.68026182e-06 5.86084425e-06 2.23634165e-05 4.79558585e-06 1.52266499e-05 3.82450552e-05 3.49691603e-05 1.10695139e-05 4.12407846e-05 3.44768167e-05 1.33457885e-05 3.74852467e-05 4.32876708e-05 9.14842822e-06 3.51724920e-05 7.47438574e-05 2.33094630e-05 1.84511536e-04 3.59462440e-04 1.43784976e-05 1.09261278e-04 7.22821933e-06 2.73682759e-05 2.14056510e-04 3.93669058e-04 6.80485900e-05 1.45164371e-04 2.46392128e-05 6.75978440e-06 1.36330937e-05 6.42823966e-06 2.11164442e-07 5.64230138e-09 4.15425427e-10
 1996 08 30 12 00 00  3.54237172e-03 2.15512606e-03 1.18047856e-03 8.31412857e-04 5.85319568e-04 3.36365062e-04 2.36159259e-04 1.93688184e-04 3.89584885e-04 1.15642836e-04 2.68054600e-03 3.94109897e-03 2.05318488e-04 6.02082439e-05 3.97309479e-05 1.06597927e-04 2.85615301e-05 4.75985929e-05 1.06975187e-04 6.69053232e-05 1.16658630e-04 1.41821298e-04 8.77492879e-05 6.51338677e-05 4.55752124e-06 8.67639828e-06 5.85906564e-06 2.23485660e-05 4.79835471e-06 1.52197705e-05 3.81858142e-05 3.49427108e-05 1.10161876e-05 4.11847825e-05 3.46386922e-05 1.33372974e-05 3.73756609e-05 4.31041445e-05 9.14521515e-06 3.51414696e-05 7.43748070e-05 2.34133724e-05 1.83771142e-04 3.60951101e-04 1.44380440e-05 1.08992753e-04 6.87969805e-06 2.75699538e-05 2.13350989e-04 3.93048028e-04 6.81530669e-05 1.44086420e-04 2.44732244e-05 6.69945098e-06 1.34938664e-05 6.33512029e-06 2.06949207e-07 5.42178871e-09 3.95414501e-10
 1996 08 31 12 00 00  3.54217092e-03 2.15472892e-03 1.18025035e-03 8.31284856e-04 5.85228208e-04 3.36360178e-04 2.36139439e-04 1.93659702e-04 3.89512470e-04 1.15568156e-04 2.67998088e-03 3.94109711e-03 2.05245547e-04 6.01550259e-05 3.97145526e-05 1.06561290e-04 2.85576447e-05 4.75938316e-05 1.06868239e-04 6.68168883e-05 1.16654288e-04 1.41815122e-04 8.77386308e-05 6.51326813e-05 4.55727677e-06 8.70000586e-06 5.85904527e-06 2.23454565e-05 4.79638256e-06 1.52151322e-05 3.81701166e-05 3.49413487e-05 1.10127592e-05 4.11833288e-05 3.45232344e-05 1.33372552e-05 3.73488825e-05 4.30788147e-05 9.16486169e-06 3.51304369e-05 7.43054044e-05 2.33385188e-05 1.83797702e-04 3.59888363e-04 1.43955345e-05 1.08663734e-04 6.86670683e-06 2.74248247e-05 2.12892904e-04 3.92607547e-04 6.79577354e-05 1.44724718e-04 2.54404044e-05 7.05111206e-06 1.43059104e-05 6.88462092e-06 2.32283796e-07 6.78202383e-09 5.19743582e-10
 1996 09 01 12 00 00  3.53835198e-03 2.15238414e-03 1.17875152e-03 8.30104081e-04 5.84146388e-04 3.35865632e-04 2.35658295e-04 1.93133161e-04 3.88143530e-04 1.15236595e-04 2.66898375e-03 3.91984582e-03 2.04722941e-04 6.00503644e-05 3.96399699e-05 1.06150683e-04 2.84283597e-05 4.72708198e-05 1.06613996e-04 6.67274406e-05 1.15988775e-04 1.40966203e-04 8.73882754e-05 6.49778685e-05 4.54807487e-06 8.68334828e-06 5.85548514e-06 2.23019290e-05 4.79441696e-06 1.51865884e-05 3.80039445e-05 3.48882750e-05 1.09056753e-05 4.10132024e-05 3.44079686e-05 1.33202688e-05 3.70340562e-05 4.26330132e-05 9.15101991e-06 3.49048330e-05 7.33515036e-05 2.32630424e-05 1.82003563e-04 3.58826454e-04 1.43530582e-05 1.06914318e-04 6.16802718e-06 2.72786419e-05 2.09952317e-04 3.89592962e-04 6.74547797e-05 1.42083270e-04 2.46127727e-05 6.75054987e-06 1.36136142e-05 6.43674837e-06 2.13103479e-07 5.86156652e-09 4.38331771e-10
 1996 09 02 12 00 00  3.53407653e-03 2.14909338e-03 1.17670969e-03 8.28634730e-04 5.82870288e-04 3.35367089e-04 2.35135772e-04 1.92545195e-04 3.86612698e-04 1.14727598e-04 2.65673496e-03 3.89859453e-03 2.04028623e-04 5.98189716e-05 3.95263094e-05 1.05662234e-04 2.82981026e-05 4.69466206e-05 1.06106658e-04 6.64261053e-05 1.15321752e-04 1.40115737e-04 8.70177440e-05 6.47804077e-05 4.53881185e-06 8.66201808e-06 5.85191956e-06 2.22495124e-05 4.78771617e-06 1.51485550e-05 3.78072105e-05 3.48348607e-05 1.07977336e-05 4.08067884e-05 3.40155559e-05 1.33032707e-05 3.66582026e-05 4.21364415e-05 9.13328913e-06 3.45775152e-05 7.22585749e-05 2.30081336e-05 1.80011982e-04 3.55213863e-04 1.42085545e-05 1.04394595e-04 5.46609590e-06 2.67845200e-05 2.06033431e-04 3.85452271e-04 6.64991620e-05 1.39212418e-04 2.35875271e-05 6.37815176e-06 1.27555119e-05 5.87755108e-06 1.88852963e-07 4.67353143e-09 3.32578320e-10
 1996 09 03 12 00 00  3.52552539e-03 2.14247658e-03 1.17260676e-03 8.25699280e-04 5.80330698e-04 3.34375275e-04 2.34093904e-04 1.91372533e-04 3.83554553e-04 1.13703677e-04 2.63226513e-03 3.85609344e-03 2.02635961e-04 5.93534198e-05 3.92980684e-05 1.04690350e-04 2.80434120e-05 4.63053526e-05 1.05091457e-04 6.58174453e-05 1.13995602e-04 1.38424053e-04 8.62796840e-05 6.44034934e-05 4.52065251e-06 8.64218891e-06 5.84481968e-06 2.21477090e-05 4.77409994e-06 1.50733117e-05 3.74187306e-05 3.47300695e-05 1.05869898e-05 4.04099566e-05 3.32186784e-05 1.32693400e-05 3.59130942e-05 4.11518286e-05 9.11680399e-06 3.39534938e-05 7.00933280e-05 2.24925810e-05 1.76173222e-04 3.47880369e-04 1.39152148e-05 9.93828600e-05 4.08170235e-06 2.57847307e-05 1.98248518e-04 3.77292824e-04 6.45861260e-05 1.34363322e-04 2.26481750e-05 6.03692351e-06 1.19690912e-05 5.36340171e-06 1.66432709e-07 3.56540113e-09 2.33671438e-10
 1996 09 04 12 00 00  3.51932404e-03 2.13797448e-03 1.16979337e-03 8.23629805e-04 5.78508732e-04 3.33630003e-04 2.33329805e-04 1.90519628e-04 3.81334107e-04 1.13021732e-04 2.61447669e-03 3.82421650e-03 2.01673708e-04 5.90649892e-05 3.91456537e-05 1.03994595e-04 2.78492400e-05 4.58205410e-05 1.04448806e-04 6.54632750e-05 1.12997183e-04 1.37150282e-04 8.57336472e-05 6.41400795e-05 4.50683438e-06 8.62977395e-06 5.83947840e-06 2.20745616e-05 4.76621535e-06 1.50207797e-05 3.71388111e-05 3.46503715e-05 1.04261482e-05 4.01282023e-05 3.27569694e-05 1.32438567e-05 3.53800044e-05 4.04324196e-05 9.10648887e-06 3.35331796e-05 6.85226264e-05 2.21929004e-05 1.73369492e-04 3.43630113e-04 1.37452045e-05 9.59742046e-05 3.03286433e-06 2.52037746e-05 1.92832011e-04 3.71667983e-04 6.33631730e-05 1.30773994e-04 2.20139638e-05 5.80663911e-06 1.14388416e-05 5.02240023e-06 1.51981153e-07 2.88405508e-09 1.73747383e-10
 1996 09 05 12 00 00  3.51492540e-03 2.13444399e-03 1.16761405e-03 8.22082455e-04 5.77176312e-04 3.33127561e-04 2.32794902e-04 1.89914202e-04 3.79759340e-04 1.12467812e-04 2.60187929e-03 3.80296372e-03 2.00935625e-04 5.88025007e-05 3.90223981e-05 1.03483494e-04 2.77155836e-05 4.54921712e-05 1.03880470e-04 6.51102164e-05 1.12326263e-04 1.36294415e-04 8.53560612e-05 6.39427526e-05 4.49735744e-06 8.62383094e-06 5.83589572e-06 2.20200836e-05 4.75832348e-06 1.49797883e-05 3.69311723e-05 3.45957669e-05 1.03152073e-05 3.99215507e-05 3.22950509e-05 1.32268222e-05 3.49869636e-05 3.99191977e-05 9.10155504e-06 3.32011772e-05 6.73844617e-05 2.18938992e-05 1.71393121e-04 3.39378939e-04 1.35751575e-05 9.32516941e-05 2.31956747e-06 2.46239622e-05 1.88627364e-04 3.67258981e-04 6.22913399e-05 1.28365050e-04 2.16921321e-05 5.68981725e-06 1.11700260e-05 4.85161207e-06 1.44899702e-07 2.56286525e-09 1.45858081e-10
 1996 09 06 12 00 00  3.51426949e-03 2.13313518e-03 1.16686222e-03 8.21665188e-04 5.76881743e-04 3.33113428e-04 2.32731174e-04 1.89822155e-04 3.79523763e-04 1.12221879e-04 2.60004284e-03 3.80295888e-03 2.00695917e-04 5.86274253e-05 3.89684453e-05 1.03365376e-04 2.77049054e-05 4.54790774e-05 1.03528994e-04 6.48189103e-05 1.12312400e-04 1.36277432e-04 8.53222889e-05 6.38782025e-05 4.49668478e-06 8.61492226e-06 5.83584006e-06 2.20048412e-05 4.75181259e-06 1.49649126e-05 3.68789417e-05 3.45920271e-05 1.03057813e-05 3.98656386e-05 3.19139828e-05 1.32267058e-05 3.48919910e-05 3.98346489e-05 9.09414666e-06 3.30530796e-05 6.71560992e-05 2.16472094e-05 1.71051538e-04 3.35871882e-04 1.34348753e-05 9.21244791e-05 2.28384433e-06 2.41455986e-05 1.87148139e-04 3.65570648e-04 6.16518274e-05 1.27834631e-04 2.12848076e-05 5.54182136e-06 1.08287897e-05 4.62671113e-06 1.34959252e-07 2.06105968e-09 1.00785502e-10
 1996 09 07 12 00 00  3.51299448e-03 2.13333456e-03 1.16689892e-03 8.21471175e-04 5.76591183e-04 3.32862791e-04 2.32543007e-04 1.89639218e-04 3.79059199e-04 1.12312482e-04 2.59623824e-03 3.79232951e-03 2.00680209e-04 5.87568269e-05 3.89872742e-05 1.03260380e-04 2.76317645e-05 4.53071581e-05 1.03758852e-04 6.50800474e-05 1.11969396e-04 1.35839468e-04 8.51700543e-05 6.38581694e-05 4.49154904e-06 8.61210792e-06 5.83401634e-06 2.19928333e-05 4.75775269e-06 1.49624598e-05 3.68305477e-05 3.45625158e-05 1.02447411e-05 3.98277984e-05 3.22610198e-05 1.32181201e-05 3.48120975e-05 3.96699464e-05 9.09180599e-06 3.30820482e-05 6.68415689e-05 2.18692105e-05 1.70374409e-04 3.39062446e-04 1.35624978e-05 9.22991516e-05 1.90609207e-06 2.45766394e-05 1.86951710e-04 3.65552850e-04 6.20353215e-05 1.26720530e-04 2.11520772e-05 5.49360445e-06 1.07176592e-05 4.55397886e-06 1.31781988e-07 1.90357641e-09 8.67171779e-11
 1996 09 08 12 00 00  3.51246757e-03 2.13230082e-03 1.16630472e-03 8.21134581e-04 5.76348505e-04 3.32848662e-04 2.32490242e-04 1.89563734e-04 3.78868424e-04 1.12117958e-04 2.59474901e-03 3.79232392e-03 2.00489821e-04 5.86179792e-05 3.89445120e-05 1.03163067e-04 2.76201114e-05 4.52928798e-05 1.03478218e-04 6.48496498e-05 1.11954081e-04 1.35820952e-04 8.51413412e-05 6.37963910e-05 4.49081563e-06 8.59158899e-06 5.83395558e-06 2.19789285e-05 4.75262859e-06 1.49500848e-05 3.67857424e-05 3.45584383e-05 1.02344609e-05 3.97740018e-05 3.19609360e-05 1.32179950e-05 3.47321532e-05 3.95975186e-05 9.07473586e-06 3.29461161e-05 6.66473261e-05 2.16743007e-05 1.70016534e-04 3.36299865e-04 1.34519946e-05 9.13783899e-05 1.86713241e-06 2.41988164e-05 1.85736858e-04 3.64132682e-04 6.15235506e-05 1.25850153e-04 2.02737729e-05 5.17435144e-06 9.98090558e-06 4.06076691e-06 1.09423432e-07 7.57523555e-10 1.00000000e-10
 1996 09 09 12 00 00  3.50910149e-03 2.13093520e-03 1.16536725e-03 8.20237230e-04 5.75446052e-04 3.32351495e-04 2.32046576e-04 1.89094752e-04 3.77656968e-04 1.11969556e-04 2.58496138e-03 3.77106965e-03 2.00142857e-04 5.86438313e-05 3.89102198e-05 1.02824273e-04 2.74845137e-05 4.49621264e-05 1.03481679e-04 6.49797090e-05 1.11281001e-04 1.34961990e-04 8.48072305e-05 6.36843267e-05 4.48121646e-06 8.58084240e-06 5.83036272e-06 2.19424654e-05 4.75560155e-06 1.49299606e-05 3.66438597e-05 3.45031556e-05 1.01218036e-05 3.96390683e-05 3.21345316e-05 1.32009387e-05 3.44726149e-05 3.91931277e-05 9.06579444e-06 3.28251352e-05 6.58090697e-05 2.17849869e-05 1.68387607e-04 3.37895382e-04 1.35158153e-05 9.03792231e-05 1.14733230e-06 2.44138006e-05 1.83706065e-04 3.62191034e-04 6.14759868e-05 1.23473565e-04 1.98083691e-05 5.00519579e-06 9.59060033e-06 3.80021594e-06 9.76649400e-08 3.48429641e-10 1.00000000e-10
 1996 09 10 12 00 00  3.50520817e-03 2.12846723e-03 1.16379731e-03 8.19007619e-04 5.74322826e-04 3.31851188e-04 2.31556026e-04 1.88555781e-04 3.76259636e-04 1.11614586e-04 2.57373623e-03 3.74981649e-03 1.99596495e-04 5.85226130e-05 3.88305570e-05 1.02397024e-04 2.73494021e-05 4.46319784e-05 1.03193017e-04 6.48634799e-05 1.10608621e-04 1.34103813e-04 8.44506611e-05 6.35348796e-05 4.47164784e-06 8.58096391e-06 5.82677276e-06 2.18972216e-05 4.75304550e-06 1.48991068e-05 3.64683231e-05 3.44480388e-05 1.00095800e-05 3.94725525e-05 3.19846673e-05 1.31838882e-05 3.41454435e-05 3.87329621e-05 9.06589703e-06 3.26078183e-05 6.48168698e-05 2.16869055e-05 1.66621433e-04 3.36514808e-04 1.34605923e-05 8.85394358e-05 4.29172724e-07 2.42238268e-05 1.80560323e-04 3.59012466e-04 6.09053242e-05 1.21364288e-04 1.98077829e-05 5.00499666e-06 9.59020712e-06 3.80073909e-06 9.77453393e-08 3.53860585e-10 1.00000000e-10
 1996 09 11 12 00 00  3.50299113e-03 2.12669703e-03 1.16270437e-03 8.18220786e-04 5.73638972e-04 3.31594578e-04 2.31284221e-04 1.88248167e-04 3.75463814e-04 1.11336360e-04 2.56736421e-03 3.73918712e-03 1.99225070e-04 5.83905489e-05 3.87687033e-05 1.02134356e-04 2.72767502e-05 4.44606529e-05 1.02905503e-04 6.46865286e-05 1.10265796e-04 1.33666622e-04 8.42580976e-05 6.34319671e-05 4.46654267e-06 8.57518608e-06 5.82495086e-06 2.18680104e-05 4.74910194e-06 1.48774601e-05 3.63582384e-05 3.44186963e-05 9.94896764e-06 3.93648458e-05 3.17537779e-05 1.31753070e-05 3.39419284e-05 3.84670791e-05 9.06108835e-06 3.24355344e-05 6.42243882e-05 2.15371459e-05 1.65582862e-04 3.34389490e-04 1.33755796e-05 8.71580611e-05 5.30426405e-08 2.39334811e-05 1.78372943e-04 3.56717183e-04 6.03577639e-05 1.20027174e-04 1.95641390e-05 4.91642584e-06 9.38576655e-06 3.66337588e-06 9.14821381e-08 1.32981981e-10 1.00000000e-10
 1996 09 12 12 00 00  3.50307869e-03 2.12692677e-03 1.16283525e-03 8.18272492e-04 5.73659997e-04 3.31587704e-04 2.31287894e-04 1.88255832e-04 3.75490883e-04 1.11378743e-04 2.56756654e-03 3.73918377e-03 1.99264055e-04 5.84199984e-05 3.87778485e-05 1.02142768e-04 2.72684993e-05 4.44505422e-05 1.02959945e-04 6.47373905e-05 1.10255514e-04 1.33653507e-04 8.42576101e-05 6.34386274e-05 4.46602317e-06 8.57579944e-06 5.82490829e-06 2.18675334e-05 4.75029810e-06 1.48781168e-05 3.63572607e-05 3.44158063e-05 9.94168586e-06 3.93692968e-05 3.18234088e-05 1.31752182e-05 3.39473779e-05 3.84662652e-05 9.06159985e-06 3.24556928e-05 6.42247954e-05 2.15807100e-05 1.65577035e-04 3.35028431e-04 1.34011372e-05 8.72886723e-05 2.54485713e-08 2.40182708e-05 1.78488516e-04 3.56870070e-04 6.04506564e-05 1.19959449e-04 1.95864789e-05 4.92455565e-06 9.40457294e-06 3.67649708e-06 9.21152338e-08 1.56907731e-10 1.00000000e-10
 1996 09 13 12 00 00  3.50290958e-03 2.12660689e-03 1.16265115e-03 8.18163604e-04 5.73578166e-04 3.31581280e-04 2.31269918e-04 1.88230605e-04 3.75428718e-04 1.11318377e-04 2.56707943e-03 3.73918116e-03 1.99204462e-04 5.83767478e-05 3.87645425e-05 1.02109952e-04 2.72626727e-05 4.44433972e-05 1.02871497e-04 6.46660395e-05 1.10247969e-04 1.33644251e-04 8.42473175e-05 6.34180087e-05 4.46565682e-06 8.56852494e-06 5.82487810e-06 2.18624937e-05 4.74872395e-06 1.48738591e-05 3.63411502e-05 3.44137690e-05 9.93654467e-06 3.93510578e-05 3.17311526e-05 1.31751556e-05 3.39201070e-05 3.84403867e-05 9.05554625e-06 3.24114669e-05 6.41559262e-05 2.15204534e-05 1.65448196e-04 3.34178689e-04 1.33671475e-05 8.69888620e-05 2.00000002e-08 2.39015309e-05 1.78080994e-04 3.56397104e-04 6.02880406e-05 1.19636521e-04 1.92791087e-05 4.81282070e-06 9.14667150e-06 3.50330000e-06 8.42243143e-08 1.00000000e-10 1.00000000e-10
 1996 09 14 12 00 00  3.50284155e-03 2.12648502e-03 1.16258120e-03 8.18120006e-04 5.73543887e-04 3.31577316e-04 2.31262183e-04 1.88220188e-04 3.75403888e-04 1.11295484e-04 2.56687855e-03 3.73917893e-03 1.99181819e-04 5.83611824e-05 3.87597440e-05 1.02096138e-04 2.72587873e-05 4.44386358e-05 1.02840744e-04 6.46404282e-05 1.10243003e-04 1.33638074e-04 8.42423822e-05 6.34094515e-05 4.46541198e-06 8.56565384e-06 5.82485773e-06 2.18601119e-05 4.74812732e-06 1.48719585e-05 3.63329396e-05 3.44124099e-05 9.93311696e-06 3.93434714e-05 3.16963706e-05 1.31751134e-05 3.39078714e-05 3.84281281e-05 9.05315828e-06 3.23939805e-05 6.41237536e-05 2.14985645e-05 1.65388678e-04 3.33859397e-04 1.33543759e-05 8.68654449e-05 2.00000002e-08 2.38589579e-05 1.77907586e-04 3.56199506e-04 6.02264761e-05 1.19490976e-04 1.91582663e-05 4.76889090e-06 9.04526889e-06 3.43513884e-06 8.11143408e-08 1.00000000e-10 1.00000000e-10
 1996 09 15 12 00 00  3.50477346e-03 2.12773164e-03 1.16337294e-03 8.18723131e-04 5.74085882e-04 3.31820134e-04 2.31502437e-04 1.88484394e-04 3.76094710e-04 1.11474961e-04 2.57241760e-03 3.74980234e-03 1.99455456e-04 5.84236737e-05 3.88001853e-05 1.02301811e-04 2.73183337e-05 4.45938931e-05 1.02987064e-04 6.47029083e-05 1.10568804e-04 1.34054430e-04 8.44158992e-05 6.34718068e-05 4.46969207e-06 8.55196777e-06 5.82661123e-06 2.18795682e-05 4.74950393e-06 1.48860103e-05 3.64122430e-05 3.44371627e-05 9.98216055e-06 3.94153606e-05 3.17770755e-05 1.31835506e-05 3.40620171e-05 3.86460168e-05 9.04177214e-06 3.24826701e-05 6.45896995e-05 2.15513137e-05 1.66156533e-04 3.34602776e-04 1.33841110e-05 8.77302690e-05 3.25269866e-07 2.39611458e-05 1.79385349e-04 3.57656353e-04 6.05063630e-05 1.20015201e-04 1.85725593e-05 4.55599347e-06 8.55395498e-06 3.10622273e-06 6.62028938e-08 1.00000000e-10 1.00000000e-10
 1996 09 16 12 00 00  3.50490013e-03 2.12800541e-03 1.16353008e-03 8.18802867e-04 5.74136648e-04 3.31819254e-04 2.31512996e-04 1.88500693e-04 3.76139232e-04 1.11526291e-04 2.57275651e-03 3.74980159e-03 1.99504845e-04 5.84608022e-05 3.88116361e-05 1.02322107e-04 2.73163954e-05 4.45915153e-05 1.03061623e-04 6.47652429e-05 1.10566995e-04 1.34051347e-04 8.44203588e-05 6.34981536e-05 4.46956983e-06 8.57411142e-06 5.82660177e-06 2.18828536e-05 4.75088164e-06 1.48883560e-05 3.64192272e-05 3.44364846e-05 9.98044707e-06 3.94375156e-05 3.18578241e-05 1.31835302e-05 3.40794114e-05 3.86584506e-05 9.06019559e-06 3.25384885e-05 6.46235587e-05 2.16039727e-05 1.66306217e-04 3.35346424e-04 1.34138570e-05 8.79535140e-05 3.18781531e-07 2.40631736e-05 1.79640497e-04 3.58019936e-04 6.06354635e-05 1.20707300e-04 1.95114574e-05 4.89729298e-06 9.34168897e-06 3.63477467e-06 9.02508532e-08 9.29027522e-11 1.00000000e-10
 1996 09 17 12 00 00  3.50850964e-03 2.12995046e-03 1.16479913e-03 8.19849542e-04 5.75118953e-04 3.32306235e-04 2.31972263e-04 1.88996509e-04 3.77431976e-04 1.11782600e-04 2.58315375e-03 3.77104953e-03 1.99953497e-04 5.85122228e-05 3.88698203e-05 1.02692770e-04 2.74388789e-05 4.49061918e-05 1.03208505e-04 6.47666049e-05 1.11223901e-04 1.34889459e-04 8.47581892e-05 6.36335082e-05 4.47834391e-06 8.59119536e-06 5.83012625e-06 2.19208718e-05 4.75087400e-06 1.49117005e-05 3.65657386e-05 3.44871776e-05 1.00815334e-05 3.95905823e-05 3.18576087e-05 1.32004425e-05 3.43616368e-05 3.90732041e-05 9.07440844e-06 3.27205040e-05 6.54944318e-05 2.16048124e-05 1.67991348e-04 3.35345618e-04 1.34138247e-05 8.93005907e-05 9.94729635e-07 2.40646041e-05 1.82082338e-04 3.60479660e-04 6.09384909e-05 1.23165752e-04 2.02450200e-05 5.16392827e-06 9.95698875e-06 4.04636667e-06 1.08886739e-07 7.44100515e-10 1.00000000e-10
 1996 09 18 12 00 00  3.51035603e-03 2.13100269e-03 1.16547957e-03 8.20399690e-04 5.75630010e-04 3.32551114e-04 2.32206247e-04 1.89250577e-04 3.78093657e-04 1.11925806e-04 2.58847170e-03 3.78167406e-03 2.00192672e-04 5.85488080e-05 3.89022591e-05 1.02886082e-04 2.75013415e-05 4.50650201e-05 1.03304231e-04 6.47852488e-05 1.11553733e-04 1.35310458e-04 8.49295278e-05 6.37002880e-05 4.48280771e-06 8.59327629e-06 5.83189503e-06 2.19405309e-05 4.75126290e-06 1.49243932e-05 3.66424726e-05 3.45129520e-05 1.01331490e-05 3.96665561e-05 3.18805309e-05 1.32089132e-05 3.45084170e-05 3.92862689e-05 9.07614012e-06 3.28115663e-05 6.59454089e-05 2.16203727e-05 1.68822520e-04 3.35557539e-04 1.34223015e-05 9.00608186e-05 1.33677368e-06 2.40946290e-05 1.83402103e-04 3.61798923e-04 6.11304904e-05 1.24208855e-04 2.03319961e-05 5.19554824e-06 1.00299841e-05 4.09551948e-06 1.11135653e-07 8.31599900e-10 1.00000000e-10
 1996 09 19 12 00 00  3.51234492e-03 2.13233354e-03 1.16632007e-03 8.21040772e-04 5.76206813e-04 3.32800026e-04 2.32454563e-04 1.89525069e-04 3.78806835e-04 1.12121413e-04 2.59419263e-03 3.79230008e-03 2.00483103e-04 5.86226011e-05 3.89461591e-05 1.03105763e-04 2.75671948e-05 4.52280161e-05 1.03474809e-04 6.48656394e-05 1.11887888e-04 1.35736844e-04 8.51087547e-05 6.37805181e-05 4.48748506e-06 8.59638239e-06 5.83368128e-06 2.19637087e-05 4.75303277e-06 1.49404614e-05 3.67314960e-05 3.45399167e-05 1.01877624e-05 3.97543375e-05 3.19843006e-05 1.32174187e-05 3.46765517e-05 3.95189757e-05 9.07872673e-06 3.29333024e-05 6.64491775e-05 2.16882312e-05 1.69728798e-04 3.36513375e-04 1.34605350e-05 9.10675033e-05 1.69017239e-06 2.42260692e-05 1.85051705e-04 3.63488762e-04 6.14601134e-05 1.25338764e-04 2.04520559e-05 5.23921922e-06 1.01309139e-05 4.16484022e-06 1.14404569e-07 1.01253828e-09 6.31812380e-12
 1996 09 20 12 00 00  3.51498195e-03 2.13500524e-03 1.16793011e-03 8.22091257e-04 5.77059612e-04 3.33055122e-04 2.32761746e-04 1.89886758e-04 3.79749588e-04 1.12568442e-04 2.60169185e-03 3.80292758e-03 2.01016799e-04 5.88754519e-05 3.90452837e-05 1.03436048e-04 2.76349951e-05 4.53933899e-05 1.04002059e-04 6.52454444e-05 1.12224623e-04 1.36166324e-04 8.53169107e-05 6.39138081e-05 4.49228428e-06 8.59561405e-06 5.83547771e-06 2.19989424e-05 4.76151508e-06 1.49700644e-05 3.68643203e-05 3.45675566e-05 1.02440899e-05 3.98873085e-05 3.24808236e-05 1.32259476e-05 3.49307148e-05 3.98238871e-05 9.07809153e-06 3.31854259e-05 6.71509039e-05 2.20098227e-05 1.70864934e-04 3.41083259e-04 1.36433304e-05 9.31618321e-05 2.05007054e-06 2.48496479e-05 1.88092877e-04 3.66746064e-04 6.24303974e-05 1.26458484e-04 2.03903604e-05 5.21686179e-06 1.00796519e-05 4.13443865e-06 1.13308641e-07 9.76459358e-10 3.58665320e-12
 1996 09 21 12 00 00  3.52094593e-03 2.13899840e-03 1.17045130e-03 8.24011063e-04 5.78785094e-04 3.33801384e-04 2.33505707e-04 1.90708785e-04 3.81886301e-04 1.13154908e-04 2.61884195e-03 3.83480527e-03 2.01887024e-04 5.90947734e-05 3.91763922e-05 1.04093239e-04 2.78320804e-05 4.58817754e-05 1.04505944e-04 6.54837349e-05 1.13226486e-04 1.37444723e-04 8.58542197e-05 6.41541516e-05 4.50628577e-06 8.60476721e-06 5.84083427e-06 2.20682241e-05 4.76684181e-06 1.50181020e-05 3.71316729e-05 3.46482761e-05 1.04075021e-05 4.01499539e-05 3.27925984e-05 1.32514630e-05 3.54346196e-05 4.05209688e-05 9.08571383e-06 3.35497755e-05 6.86593047e-05 2.22116272e-05 1.73579966e-04 3.43952583e-04 1.37581033e-05 9.61757250e-05 3.10864853e-06 2.52409809e-05 1.93025176e-04 3.71797829e-04 6.34120280e-05 1.29830609e-04 2.07365551e-05 5.34280780e-06 1.03708299e-05 4.33556633e-06 1.22873282e-07 1.51171062e-09 5.30503697e-11
 1996 09 22 12 00 00  3.52691425e-03 2.14299304e-03 1.17297338e-03 8.25933797e-04 5.80514458e-04 3.34548990e-04 2.34250659e-04 1.91531874e-04 3.84024804e-04 1.13741670e-04 2.63600939e-03 3.86668444e-03 2.02757724e-04 5.93139916e-05 3.93074699e-05 1.04752012e-04 2.80306209e-05 4.63719451e-05 1.05009356e-04 6.57216879e-05 1.14229811e-04 1.38725444e-04 8.63924670e-05 6.43849570e-05 4.52037930e-06 8.59985303e-06 5.84619811e-06 2.21370214e-05 4.77217145e-06 1.50664164e-05 3.74002766e-05 3.47295019e-05 1.05722000e-05 4.04046884e-05 3.31044605e-05 1.32769914e-05 3.59387455e-05 4.12195824e-05 9.08163347e-06 3.38962252e-05 7.01720464e-05 2.24132353e-05 1.76232473e-04 3.46822400e-04 1.38728960e-05 9.91903826e-05 4.17210395e-06 2.56319850e-05 1.97977351e-04 3.76824645e-04 6.43956110e-05 1.32765559e-04 2.04682033e-05 5.24540251e-06 1.01467135e-05 4.19341420e-06 1.16997212e-07 1.24668302e-09 3.00816261e-11
 1996 09 23 12 00 00  3.53059155e-03 2.14506015e-03 1.17431233e-03 8.27023470e-04 5.81530172e-04 3.35039921e-04 2.34717505e-04 1.92037849e-04 3.85341830e-04 1.14020803e-04 2.64660541e-03 3.88793424e-03 2.03228789e-04 5.93804715e-05 3.93703086e-05 1.05136167e-04 2.81569955e-05 4.66913858e-05 1.05184973e-04 6.57479453e-05 1.14891365e-04 1.39569733e-04 8.67352153e-05 6.45200088e-05 4.52939785e-06 8.60811779e-06 5.84974332e-06 2.21766261e-05 4.77276408e-06 1.50916435e-05 3.75548304e-05 3.47815570e-05 1.06767133e-05 4.05579099e-05 3.31391348e-05 1.32939473e-05 3.62319689e-05 4.16459017e-05 9.08852089e-06 3.40794885e-05 7.10736796e-05 2.24355186e-05 1.77918024e-04 3.47141311e-04 1.38856524e-05 1.00689948e-04 4.86104327e-06 2.56752275e-05 2.00590193e-04 3.79440181e-04 6.47586091e-05 1.34939748e-04 2.07427800e-05 5.34539588e-06 1.03783873e-05 4.35926894e-06 1.25291666e-07 1.74024684e-09 7.63945351e-11
 1996 09 24 12 00 00  3.53231277e-03 2.14583905e-03 1.17483588e-03 8.27494950e-04 5.81991890e-04 3.35286128e-04 2.34941288e-04 1.92276015e-04 3.85959675e-04 1.14112786e-04 2.65159054e-03 3.89855988e-03 2.03418760e-04 5.93799744e-05 3.93913095e-05 1.05309762e-04 2.82218796e-05 4.68531885e-05 1.05206517e-04 6.57042605e-05 1.15224162e-04 1.39994585e-04 8.69024085e-05 6.45757710e-05 4.53401408e-06 8.60991640e-06 5.85152447e-06 2.21945640e-05 4.77177528e-06 1.51020855e-05 3.76257490e-05 3.48081812e-05 1.07304702e-05 4.06248933e-05 3.30813142e-05 1.33024441e-05 3.63641771e-05 4.18483646e-05 9.09002920e-06 3.41427661e-05 7.14946599e-05 2.23984214e-05 1.78714249e-04 3.46609584e-04 1.38643834e-05 1.01244738e-04 5.21120164e-06 2.56032217e-05 2.01661791e-04 3.80467689e-04 6.48224034e-05 1.35921466e-04 2.07355162e-05 5.34295559e-06 1.03737286e-05 4.36760572e-06 1.26495335e-07 1.86587075e-09 8.93944085e-11
 1996 09 25 12 00 00  3.53288527e-03 2.14702241e-03 1.17551499e-03 8.27856534e-04 5.82235826e-04 3.35291795e-04 2.34993357e-04 1.92353064e-04 3.86162397e-04 1.14334655e-04 2.65316151e-03 3.89856100e-03 2.03633417e-04 5.95378457e-05 3.94400019e-05 1.05407531e-04 2.82238238e-05 4.68555751e-05 1.05520902e-04 6.59682497e-05 1.15227129e-04 1.39997683e-04 8.69280763e-05 6.46338422e-05 4.53413631e-06 8.62270172e-06 5.85153466e-06 2.22063138e-05 4.77769863e-06 1.51140677e-05 3.76651776e-05 3.48088593e-05 1.07321859e-05 4.06744064e-05 3.34278855e-05 1.33024645e-05 3.64420263e-05 4.19132036e-05 9.10068047e-06 3.42784117e-05 7.16715948e-05 2.26221746e-05 1.79001337e-04 3.49798446e-04 1.39919378e-05 1.02216346e-04 5.21770489e-06 2.60372326e-05 2.02892240e-04 3.81901094e-04 6.53876511e-05 1.36371629e-04 2.11922812e-05 5.50919899e-06 1.07584214e-05 4.63743322e-06 1.39613849e-07 2.62070712e-09 1.59644675e-10
 1996 09 26 12 00 00  3.53104478e-03 2.14597174e-03 1.17483564e-03 8.27310880e-04 5.81730816e-04 3.35048712e-04 2.34760856e-04 1.92100679e-04 3.85503621e-04 1.14191879e-04 2.64786851e-03 3.88793685e-03 2.03395075e-04 5.95016299e-05 3.94076658e-05 1.05216659e-04 2.81633023e-05 4.66991216e-05 1.05426595e-04 6.59498852e-05 1.14899476e-04 1.39579766e-04 8.67579947e-05 6.45609215e-05 4.52979475e-06 8.61146618e-06 5.84977643e-06 2.21866509e-05 4.77730791e-06 1.51017616e-05 3.75901698e-05 3.47837689e-05 1.06822830e-05 4.05936215e-05 3.34049051e-05 1.32940157e-05 3.62964930e-05 4.17027070e-05 9.09134105e-06 3.41756755e-05 7.12274660e-05 2.26067888e-05 1.78135868e-04 3.49586301e-04 1.39834520e-05 1.01463878e-04 4.88214937e-06 2.60075030e-05 2.01601277e-04 3.80579261e-04 6.51998473e-05 1.35013873e-04 2.06482450e-05 5.31159817e-06 1.03031389e-05 4.34122614e-06 1.26804296e-07 1.99601153e-09 1.04114695e-10
 1996 09 27 12 00 00  3.53083796e-03 2.14553941e-03 1.17458728e-03 8.27179776e-04 5.81643201e-04 3.35047727e-04 2.34742329e-04 1.92072889e-04 3.85429920e-04 1.14110665e-04 2.64730371e-03 3.88793722e-03 2.03316401e-04 5.94428706e-05 3.93895580e-05 1.05181607e-04 2.81637913e-05 4.66997182e-05 1.05308036e-04 6.58516889e-05 1.14899890e-04 1.39580539e-04 8.67493300e-05 6.45399868e-05 4.52982567e-06 8.60740402e-06 5.84977861e-06 2.21826937e-05 4.77514404e-06 1.50975679e-05 3.75774080e-05 3.47839377e-05 1.06827116e-05 4.05759084e-05 3.32780706e-05 1.32940215e-05 3.62694039e-05 4.16806677e-05 9.08796937e-06 3.41261944e-05 7.11668224e-05 2.25238866e-05 1.78041681e-04 3.48418006e-04 1.39367203e-05 1.01115004e-04 4.88377482e-06 2.58469110e-05 2.01162690e-04 3.80064046e-04 6.49917037e-05 1.34808250e-04 2.04075356e-05 5.22426151e-06 1.01023599e-05 4.21589320e-06 1.21776901e-07 1.78200383e-09 8.59449678e-11
 1996 09 28 12 00 00  3.52707611e-03 2.14327868e-03 1.17313717e-03 8.26037189e-04 5.80596569e-04 3.34559277e-04 2.34269317e-04 1.91556743e-04 3.84083555e-04 1.13795241e-04 2.63648932e-03 3.86668891e-03 2.02810681e-04 5.93497247e-05 3.93184966e-05 1.04785143e-04 2.80408189e-05 4.63844481e-05 1.05079029e-04 6.57804485e-05 1.14243165e-04 1.38741653e-04 8.64046877e-05 6.44150989e-05 4.52102104e-06 8.62381130e-06 5.84625122e-06 2.21439669e-05 4.77356953e-06 1.50710476e-05 3.74213671e-05 3.47330701e-05 1.05811974e-05 4.04317800e-05 3.31857795e-05 1.32771034e-05 3.59702808e-05 4.12505617e-05 9.10163071e-06 3.39556806e-05 7.02524191e-05 2.24636984e-05 1.76468441e-04 3.47568107e-04 1.39027243e-05 9.94962900e-05 4.20620127e-06 2.57302891e-05 1.98394933e-04 3.77336477e-04 6.45391583e-05 1.33335600e-04 2.10459506e-05 5.45646919e-06 1.06389741e-05 4.58381087e-06 1.39081740e-07 2.73658354e-09 1.73829728e-10
 1996 09 29 12 00 00  3.52320363e-03 2.14078255e-03 1.17155201e-03 8.24825026e-04 5.79504811e-04 3.34070935e-04 2.33786815e-04 1.91026188e-04 3.82698305e-04 1.13435706e-04 2.62537659e-03 3.84544060e-03 2.02262473e-04 5.92249393e-05 3.92376723e-05 1.04370617e-04 2.79188098e-05 4.60703508e-05 1.04786739e-04 6.56561519e-05 1.13586906e-04 1.37904288e-04 8.60557760e-05 6.42616750e-05 4.51227752e-06 8.61271474e-06 5.84272857e-06 2.21016755e-05 4.77081157e-06 1.50423896e-05 3.72582428e-05 3.46825429e-05 1.04805360e-05 4.02634636e-05 3.30242357e-05 1.32601956e-05 3.56545669e-05 4.08083375e-05 9.09239534e-06 3.37265791e-05 6.93056336e-05 2.23586030e-05 1.74718825e-04 3.46080678e-04 1.38432271e-05 9.76763268e-05 3.53185278e-06 2.55266001e-05 1.95399675e-04 3.74264794e-04 6.39754766e-05 1.31047347e-04 2.05900334e-05 5.29070358e-06 1.02562097e-05 4.32498197e-06 1.27161568e-07 2.09755289e-09 1.15444831e-10
 1996 09 30 12 00 00  3.51749214e-03 2.13723486e-03 1.16928768e-03 8.23069771e-04 5.77911736e-04 3.33339574e-04 2.33072480e-04 1.90244373e-04 3.80656595e-04 1.12933675e-04 2.60897881e-03 3.81356925e-03 2.01476880e-04 5.90660280e-05 3.91251174e-05 1.03766575e-04 2.77362909e-05 4.55998234e-05 1.04408181e-04 6.55164768e-05 1.12603322e-04 1.36649046e-04 8.55368661e-05 6.40436427e-05 4.49919244e-06 8.60077780e-06 5.83744804e-06 2.20405148e-05 4.76764653e-06 1.50015026e-05 3.70196225e-05 3.46069253e-05 1.03299782e-05 4.00215085e-05 3.28392256e-05 1.32348388e-05 3.51943942e-05 4.01565101e-05 9.08244983e-06 3.34101895e-05 6.79168878e-05 2.22399569e-05 1.72156002e-04 3.44379380e-04 1.37751752e-05 9.51140129e-05 2.52198588e-06 2.52962986e-05 1.91123527e-04 3.69919391e-04 6.32306014e-05 1.27838410e-04 2.01778436e-05 5.14064322e-06 9.90876794e-06 4.07896646e-06 1.15041413e-07 1.38891192e-09 4.92326901e-11
 1996 10 01 12 00 00  3.51490919e-03 2.13461109e-03 1.16770665e-03 8.22058771e-04 5.77104142e-04 3.33094957e-04 2.32775943e-04 1.89895635e-04 3.79738799e-04 1.12496698e-04 2.60167886e-03 3.80294770e-03 2.00955778e-04 5.88219800e-05 3.90286134e-05 1.03454376e-04 2.76796578e-05 4.54481342e-05 1.03905260e-04 6.51491049e-05 1.12280480e-04 1.36237305e-04 8.53368120e-05 6.39137749e-05 4.49509571e-06 8.59601496e-06 5.83570945e-06 2.20088123e-05 4.75934030e-06 1.49745623e-05 3.68989619e-05 3.45831912e-05 1.02835023e-05 3.98928696e-05 3.23536631e-05 1.32264322e-05 3.49549784e-05 3.98712223e-05 9.07845751e-06 3.31625602e-05 6.72657956e-05 2.19280584e-05 1.71066627e-04 3.39913621e-04 1.35965448e-05 9.31307942e-05 2.19942176e-06 2.46909854e-05 1.88294868e-04 3.66866347e-04 6.23076062e-05 1.26815626e-04 2.01784680e-05 5.14038477e-06 9.90580894e-06 4.04918936e-06 1.11687899e-07 1.06139642e-09 1.56282209e-11
 1996 10 02 12 00 00  3.51110881e-03 2.13223523e-03 1.16619193e-03 8.20896292e-04 5.76055385e-04 3.32611113e-04 2.32302837e-04 1.89378097e-04 3.78383540e-04 1.12160687e-04 2.59078860e-03 3.78170162e-03 2.00432275e-04 5.87169625e-05 3.89537984e-05 1.03056923e-04 2.75620230e-05 4.51394037e-05 1.03659853e-04 6.50563743e-05 1.11630092e-04 1.35406905e-04 8.49932831e-05 6.37770338e-05 4.48662722e-06 8.59716311e-06 5.83220972e-06 2.19698781e-05 4.75714514e-06 1.49480502e-05 3.67432179e-05 3.45341949e-05 1.01867001e-05 3.97394549e-05 3.22259148e-05 1.32095709e-05 3.46529568e-05 3.94431483e-05 9.07938229e-06 3.29662348e-05 6.63562034e-05 2.18485089e-05 1.69426247e-04 3.38741878e-04 1.35496751e-05 9.14502370e-05 1.53970195e-06 2.45360774e-05 1.85499831e-04 3.64056497e-04 6.18195371e-05 1.25129336e-04 2.04472102e-05 5.23754868e-06 1.01275011e-05 4.16776126e-06 1.14912204e-07 1.06756253e-09 1.20382926e-11
 1996 10 03 12 00 00  3.50896257e-03 2.13051725e-03 1.16513106e-03 8.20161796e-04 5.75434059e-04 3.32369946e-04 2.32045883e-04 1.89088277e-04 3.77621132e-04 1.11893756e-04 2.58468548e-03 3.77107970e-03 2.00075917e-04 5.85951127e-05 3.88949610e-05 1.02819298e-04 2.75058788e-05 4.49883140e-05 1.03402257e-04 6.48931833e-05 1.11308018e-04 1.34995953e-04 8.48123034e-05 6.36842622e-05 4.48256178e-06 8.59167558e-06 5.83047367e-06 2.19462588e-05 4.75337001e-06 1.49301450e-05 3.66508923e-05 3.45106324e-05 1.01406571e-05 3.96424515e-05 3.20057559e-05 1.32011715e-05 3.44709485e-05 3.92056815e-05 9.07478388e-06 3.28094035e-05 6.58365240e-05 2.17092544e-05 1.68496777e-04 3.36719789e-04 1.34687916e-05 9.01997263e-05 1.21877829e-06 2.42653710e-05 1.83606085e-04 3.62065017e-04 6.13320072e-05 1.24174969e-04 2.04391139e-05 5.23406750e-06 1.01168474e-05 4.12980252e-06 1.10969397e-07 7.38505612e-10 1.00000000e-10
 1996 10 04 12 00 00  3.50553530e-03 2.12892800e-03 1.16406752e-03 8.19233821e-04 5.74539133e-04 3.31887326e-04 2.31605358e-04 1.88619650e-04 3.76396765e-04 1.11705029e-04 2.57480689e-03 3.74983326e-03 1.99694277e-04 5.85947073e-05 3.88524282e-05 1.02483494e-04 2.73867860e-05 4.46777995e-05 1.03363797e-04 6.49758847e-05 1.10655781e-04 1.34163229e-04 8.44840937e-05 6.35748589e-05 4.47400125e-06 8.58679632e-06 5.82696630e-06 2.19133524e-05 4.75512679e-06 1.49110682e-05 3.65181794e-05 3.44611210e-05 1.00425677e-05 3.95119813e-05 3.21091560e-05 1.31842942e-05 3.42161483e-05 3.88157506e-05 9.07069625e-06 3.26833196e-05 6.50324909e-05 2.17785346e-05 1.66956560e-04 3.37674372e-04 1.35069749e-05 8.91692569e-05 5.54180951e-07 2.43992312e-05 1.81589951e-04 3.60126018e-04 6.12144813e-05 1.22320994e-04 2.04260435e-05 5.22885202e-06 1.01025490e-05 4.09361672e-06 1.07410557e-07 5.25362687e-10 1.00000000e-10
 1996 10 05 12 00 00  3.50153667e-03 2.12615621e-03 1.16232514e-03 8.17944707e-04 5.73400694e-04 3.31399487e-04 2.31112938e-04 1.88074080e-04 3.74969738e-04 1.11294465e-04 2.56336120e-03 3.72858606e-03 1.99097915e-04 5.84358907e-05 3.87610472e-05 1.02050125e-04 2.72662379e-05 4.43655008e-05 1.03008907e-04 6.47937588e-05 1.10001232e-04 1.33328199e-04 8.41305166e-05 6.34085021e-05 4.46534905e-06 8.57139894e-06 5.82345165e-06 2.18689535e-05 4.75096531e-06 1.48800835e-05 3.63468492e-05 3.44111060e-05 9.94319489e-06 3.93331050e-05 3.18661274e-05 1.31674038e-05 3.38842855e-05 3.83617374e-05 9.05786219e-06 3.24235194e-05 6.40532711e-05 2.16235465e-05 1.65144435e-04 3.35440631e-04 1.34176252e-05 8.71839434e-05 2.00000002e-08 2.40982074e-05 1.78347622e-04 3.56760432e-04 6.05307549e-05 1.20005672e-04 1.99341871e-05 5.04967136e-06 9.68711539e-06 3.79278666e-06 9.21352605e-08 1.00000000e-10 1.00000000e-10
 1996 10 06 12 00 00  3.49959150e-03 2.12487038e-03 1.16151169e-03 8.17335373e-04 5.72858729e-04 3.31157923e-04 2.30872730e-04 1.87809661e-04 3.74276561e-04 1.11108160e-04 2.55779646e-03 3.71796377e-03 1.98818648e-04 5.83703824e-05 3.87196249e-05 1.01844355e-04 2.72081525e-05 4.42120305e-05 1.02860631e-04 6.47254870e-05 1.09676961e-04 1.32914165e-04 8.39571939e-05 6.33369649e-05 4.46116101e-06 8.57260020e-06 5.82170615e-06 2.18488951e-05 4.74937297e-06 1.48660057e-05 3.62666798e-05 3.43868654e-05 9.89543769e-06 3.92537760e-05 3.17733415e-05 1.31589797e-05 3.37279949e-05 3.81437930e-05 9.05884372e-06 3.23168734e-05 6.35874618e-05 2.15651802e-05 1.64314363e-04 3.34588784e-04 1.33835514e-05 8.62924978e-05 2.00000002e-08 2.39846806e-05 1.76860690e-04 3.55254682e-04 6.02414698e-05 1.19199972e-04 2.01168591e-05 5.11575934e-06 9.83811271e-06 3.87603666e-06 9.46236781e-08 1.00000000e-10 1.00000000e-10
 1996 10 07 12 00 00  3.49894304e-03 2.12349458e-03 1.16072298e-03 8.16928803e-04 5.72594746e-04 3.31157017e-04 2.30816931e-04 1.87725543e-04 3.74050180e-04 1.10850801e-04 2.55604510e-03 3.71796563e-03 1.98571260e-04 5.81882035e-05 3.86633840e-05 1.01738537e-04 2.72120320e-05 4.42167860e-05 1.02501761e-04 6.44195941e-05 1.09681355e-04 1.32920327e-04 8.39312670e-05 6.32758685e-05 4.46140548e-06 8.56329425e-06 5.82172579e-06 2.18374999e-05 4.74245062e-06 1.48532828e-05 3.62269248e-05 3.43882217e-05 9.89886321e-06 3.92025922e-05 3.13686847e-05 1.31590219e-05 3.36448076e-05 3.80782473e-05 9.05108536e-06 3.21693814e-05 6.34065869e-05 2.13054213e-05 1.64045873e-04 3.30867389e-04 1.32346956e-05 8.52079939e-05 2.00000002e-08 2.34805178e-05 1.75520434e-04 3.53693889e-04 5.95979307e-05 1.18933210e-04 1.98300411e-05 5.01123950e-06 9.59561966e-06 3.69854204e-06 8.54846199e-08 1.00000000e-10 1.00000000e-10
 1996 10 08 12 00 00  3.49766228e-03 2.12358781e-03 1.16070111e-03 8.16739303e-04 5.72334792e-04 3.30920869e-04 2.30636733e-04 1.87550325e-04 3.73592436e-04 1.10923163e-04 2.55229977e-03 3.70734297e-03 1.98542236e-04 5.83074665e-05 3.86789392e-05 1.01645744e-04 2.71549128e-05 4.40645090e-05 1.02722261e-04 6.46603236e-05 1.09358255e-04 1.32507827e-04 8.37870681e-05 6.32534240e-05 4.45727819e-06 8.55366525e-06 5.81998502e-06 2.18291114e-05 4.74776352e-06 1.48529556e-05 3.61902977e-05 3.43643216e-05 9.85196166e-06 3.91651418e-05 3.16800841e-05 1.31506109e-05 3.35751354e-05 3.79327313e-05 9.04306071e-06 3.21872400e-05 6.31400692e-05 2.15087319e-05 1.63411393e-04 3.33735392e-04 1.33494157e-05 8.54248586e-05 2.00000002e-08 2.38744105e-05 1.75453770e-04 3.53767591e-04 5.99679649e-05 1.17865775e-04 1.95029148e-05 4.89213114e-06 9.31976542e-06 3.50231443e-06 7.57558297e-08 1.00000000e-10 1.00000000e-10
 1996 10 09 12 00 00  3.49622851e-03 2.12336579e-03 1.16049810e-03 8.16452673e-04 5.72008772e-04 3.30683228e-04 2.30442475e-04 1.87354245e-04 3.73079988e-04 1.10936277e-04 2.54813352e-03 3.69672105e-03 1.98455695e-04 5.83839963e-05 3.86813269e-05 1.01526506e-04 2.70973134e-05 4.39116266e-05 1.02856615e-04 6.48297544e-05 1.09034686e-04 1.32094555e-04 8.36360248e-05 6.32233453e-05 4.45311998e-06 8.55202379e-06 5.81824133e-06 2.18183080e-05 4.75150191e-06 1.48494163e-05 3.61437791e-05 3.43402440e-05 9.80463228e-06 3.91211079e-05 3.18991893e-05 1.31421941e-05 3.34859360e-05 3.77704422e-05 9.04168701e-06 3.21832401e-05 6.28271926e-05 2.16518078e-05 1.62758821e-04 3.35753452e-04 1.34301381e-05 8.53894127e-05 2.00000002e-08 2.41515998e-05 1.75056391e-04 3.53489847e-04 6.01853068e-05 1.16997937e-04 1.94861949e-05 4.88592682e-06 9.30482872e-06 3.48503614e-06 7.44478790e-08 1.00000000e-10 1.00000000e-10
 1996 10 10 12 00 00  3.49226649e-03 2.12067218e-03 1.15880068e-03 8.15186752e-04 5.70885477e-04 3.30195201e-04 2.29953202e-04 1.86813510e-04 3.71666054e-04 1.10540423e-04 2.53678622e-03 3.67547348e-03 1.97873579e-04 5.82360424e-05 3.85932897e-05 1.01099173e-04 2.69762822e-05 4.35987342e-05 1.02524027e-04 6.46657893e-05 1.08379789e-04 1.31258749e-04 8.32837750e-05 6.30668313e-05 4.44443795e-06 8.54749596e-06 5.81472414e-06 2.17751573e-05 4.74773187e-06 1.48191242e-05 3.59745180e-05 3.42900574e-05 9.70483015e-06 3.89508551e-05 3.16791702e-05 1.31252964e-05 3.31595322e-05 3.73202902e-05 9.03792024e-06 3.19438196e-05 6.18646959e-05 2.15120832e-05 1.61192783e-04 3.33731945e-04 1.33492778e-05 8.34712130e-05 2.00000002e-08 2.38800974e-05 1.71889122e-04 3.50238964e-04 5.95393728e-05 1.14906509e-04 1.92975099e-05 4.81733002e-06 9.14646616e-06 3.37832949e-06 6.95606509e-08 1.00000000e-10 1.00000000e-10
 1996 10 11 12 00 00  3.48820941e-03 2.11778205e-03 1.15699020e-03 8.13860241e-04 5.69720932e-04 3.29706519e-04 2.29455209e-04 1.86259738e-04 3.70217834e-04 1.10107557e-04 2.52517834e-03 3.65422592e-03 1.97255425e-04 5.80609329e-05 3.84968970e-05 1.00655372e-04 2.68552452e-05 4.32858418e-05 1.02135738e-04 6.44565735e-05 1.07724566e-04 1.30422947e-04 8.29274285e-05 6.28942429e-05 4.43575555e-06 8.53196252e-06 5.81120657e-06 2.17295240e-05 4.74298213e-06 1.47868674e-05 3.57991203e-05 3.42398736e-05 9.60502803e-06 3.87668765e-05 3.14016099e-05 1.31084002e-05 3.28196227e-05 3.68592587e-05 9.02499814e-06 3.16698584e-05 6.09726566e-05 2.13342966e-05 1.59998637e-04 3.31179852e-04 1.32471941e-05 8.13862912e-05 2.00000002e-08 2.35349507e-05 1.68517267e-04 3.46720591e-04 5.87970533e-05 1.12440288e-04 1.86232386e-05 4.57226276e-06 8.58102269e-06 3.00107321e-06 5.34742043e-08 1.00000000e-10 1.00000000e-10
 1996 10 12 12 00 00  3.48669929e-03 2.11740318e-03 1.15669674e-03 8.13524261e-04 5.69360660e-04 3.29468336e-04 2.29253752e-04 1.86052848e-04 3.69677193e-04 1.10090965e-04 2.52080034e-03 3.64360362e-03 1.97139727e-04 5.81150137e-05 3.84923899e-05 1.00522490e-04 2.67976429e-05 4.31329594e-05 1.02222968e-04 6.45887572e-05 1.07401297e-04 1.30009672e-04 8.27730879e-05 6.28667059e-05 4.43159770e-06 8.54354512e-06 5.80946289e-06 2.17181318e-05 4.74594235e-06 1.47817300e-05 3.57486350e-05 3.42158019e-05 9.55769719e-06 3.87248586e-05 3.15748446e-05 1.30999833e-05 3.27219338e-05 3.66892553e-05 9.03463806e-06 3.16692752e-05 6.06904881e-05 2.14462882e-05 1.59702538e-04 3.32774003e-04 1.33109601e-05 8.12309193e-05 2.00000002e-08 2.37521512e-05 1.67952775e-04 3.46291609e-04 5.89350087e-05 1.11921105e-04 1.90952639e-05 4.74389444e-06 8.97737848e-06 3.26963779e-06 6.49579412e-08 1.00000000e-10 1.00000000e-10
 1996 10 13 12 00 00  3.48641336e-03 2.11677761e-03 1.15633815e-03 8.13345661e-04 5.69249618e-04 3.29471218e-04 2.29230701e-04 1.86017044e-04 3.69578139e-04 1.09974003e-04 2.52004240e-03 3.64360586e-03 1.97027787e-04 5.80315541e-05 3.84666219e-05 1.00478044e-04 2.68029864e-05 4.31395136e-05 1.02058418e-04 6.44482032e-05 1.07407925e-04 1.30018168e-04 8.27635258e-05 6.28442290e-05 4.43193385e-06 8.54546088e-06 5.80949054e-06 2.17143826e-05 4.74278168e-06 1.47765938e-05 3.57346950e-05 3.42176703e-05 9.56241201e-06 3.87065309e-05 3.13899654e-05 1.31000415e-05 3.26886625e-05 3.66650830e-05 9.03623659e-06 3.16100041e-05 6.06212408e-05 2.13270978e-05 1.59625999e-04 3.31073108e-04 1.32429243e-05 8.07633845e-05 2.00000002e-08 2.35209256e-05 1.67388945e-04 3.45642130e-04 5.86457989e-05 1.11978295e-04 1.91479991e-05 4.76313246e-06 9.02211340e-06 3.30356721e-06 6.67830705e-08 1.00000000e-10 1.00000000e-10
 1996 10 14 12 00 00  3.49038294e-03 2.11943795e-03 1.15801780e-03 8.14620816e-04 5.70393624e-04 3.29966778e-04 2.29725109e-04 1.86563304e-04 3.70999598e-04 1.10364533e-04 2.53144921e-03 3.66485715e-03 1.97607093e-04 5.81774989e-05 3.85539556e-05 1.00913618e-04 2.69322685e-05 4.34625254e-05 1.02393313e-04 6.46069529e-05 1.08073395e-04 1.30867088e-04 8.31203718e-05 6.30091886e-05 4.44113575e-06 8.55953986e-06 5.81305103e-06 2.17604432e-05 4.74633380e-06 1.48082045e-05 3.59109222e-05 3.42707412e-05 9.66949519e-06 3.88853962e-05 3.15978483e-05 1.31170280e-05 3.30230062e-05 3.71269029e-05 9.04795597e-06 3.18600910e-05 6.15114453e-05 2.14615735e-05 1.60810249e-04 3.32986215e-04 1.33194486e-05 8.27173585e-05 2.00000002e-08 2.37817090e-05 1.70646582e-04 3.49004338e-04 5.92961143e-05 1.14440920e-04 1.97036742e-05 4.96522496e-06 9.48903339e-06 3.62252101e-06 8.17019000e-08 1.00000000e-10 1.00000000e-10
 1996 10 15 12 00 00  3.49608145e-03 2.12291259e-03 1.16024140e-03 8.16372054e-04 5.71997656e-04 3.30705093e-04 2.30442462e-04 1.87347628e-04 3.73041257e-04 1.10853728e-04 2.54784829e-03 3.69673222e-03 1.98382458e-04 5.83288953e-05 3.86641160e-05 1.01522006e-04 2.71225552e-05 4.39425668e-05 1.02762636e-04 6.47323206e-05 1.09066613e-04 1.32134668e-04 8.36427387e-05 6.32250808e-05 4.45470905e-06 8.56807310e-06 5.81837194e-06 2.18231754e-05 4.74908556e-06 1.48499208e-05 3.61544638e-05 3.43490829e-05 9.82690690e-06 3.91267684e-05 3.17592174e-05 1.31424677e-05 3.34867588e-05 3.77869468e-05 9.05506313e-06 3.21688241e-05 6.28638172e-05 2.15673223e-05 1.62913121e-04 3.34472928e-04 1.33789171e-05 8.52043988e-05 2.00000002e-08 2.39865083e-05 1.74965014e-04 3.53370145e-04 6.00250864e-05 1.17666255e-04 2.00151942e-05 5.07858638e-06 9.75126278e-06 3.80537003e-06 9.05172929e-08 1.00000000e-10 1.00000000e-10
 1996 10 16 12 00 00  3.50161048e-03 2.12603257e-03 1.16226174e-03 8.18016814e-04 5.73531213e-04 3.31442273e-04 2.31144811e-04 1.88109614e-04 3.75023550e-04 1.11276570e-04 2.56378569e-03 3.72860730e-03 1.99093918e-04 5.84335305e-05 3.87598417e-05 1.02102124e-04 2.73128448e-05 4.44226258e-05 1.03039849e-04 6.47792709e-05 1.10059414e-04 1.33402275e-04 8.41578141e-05 6.34159175e-05 4.46828271e-06 8.56187544e-06 5.82369357e-06 2.18818756e-05 4.75005581e-06 1.48881775e-05 3.63862615e-05 3.44274187e-05 9.98432297e-06 3.93470275e-05 3.18164966e-05 1.31679088e-05 3.39266753e-05 3.84279873e-05 9.04991248e-06 3.24228323e-05 6.42213900e-05 2.16064305e-05 1.65354450e-04 3.35002640e-04 1.34001056e-05 8.73976374e-05 4.05756509e-08 2.40619280e-05 1.78925407e-04 3.57282627e-04 6.05873001e-05 1.20410427e-04 1.97118749e-05 4.96842383e-06 9.49747498e-06 3.64064241e-06 8.34223023e-08 1.00000000e-10 1.00000000e-10
 1996 10 17 12 00 00  3.50757073e-03 2.13005768e-03 1.16480125e-03 8.19933051e-04 5.75244128e-04 3.32181521e-04 2.31885198e-04 1.88928529e-04 3.77157549e-04 1.11868952e-04 2.58089619e-03 3.76048200e-03 1.99968871e-04 5.86587300e-05 3.88927663e-05 1.02754112e-04 2.75021652e-05 4.49014915e-05 1.03556158e-04 6.50282600e-05 1.11051165e-04 1.34668336e-04 8.46909653e-05 6.36438395e-05 4.48179562e-06 8.55610560e-06 5.82900975e-06 2.19482151e-05 4.75556917e-06 1.49351293e-05 3.66454476e-05 3.45054199e-05 1.01408805e-05 3.95985410e-05 3.21395259e-05 1.31933397e-05 3.44224742e-05 3.91143960e-05 9.04512053e-06 3.27677873e-05 6.57039352e-05 2.18168629e-05 1.67952690e-04 3.37977231e-04 1.35190892e-05 9.03119612e-05 1.07318519e-06 2.44697119e-05 1.83792583e-04 3.62230831e-04 6.15775610e-05 1.23212545e-04 1.94113988e-05 4.85933133e-06 9.24633615e-06 3.47979663e-06 7.66552269e-08 1.00000000e-10 1.00000000e-10
 1996 10 18 12 00 00  3.51367853e-03 2.13439741e-03 1.16752093e-03 8.21941306e-04 5.77016094e-04 3.32920874e-04 2.32638081e-04 1.89766289e-04 3.79342534e-04 1.12520063e-04 2.59840371e-03 3.79235558e-03 2.00900074e-04 5.89249851e-05 3.90383767e-05 1.03429804e-04 2.76905077e-05 4.53791610e-05 1.04152446e-04 6.53463358e-05 1.12042371e-04 1.35932834e-04 8.52299633e-05 6.39018393e-05 4.49524705e-06 8.57464911e-06 5.83432084e-06 2.20185581e-05 4.76266978e-06 1.49849519e-05 3.69145404e-05 3.45830776e-05 1.02965801e-05 3.98751774e-05 3.25551868e-05 1.32187590e-05 3.49395487e-05 3.98167069e-05 9.06055429e-06 3.31758491e-05 6.72292995e-05 2.20861635e-05 1.70724473e-04 3.41802952e-04 1.36721181e-05 9.35502387e-05 2.10253202e-06 2.49918725e-05 1.88962096e-04 3.67602203e-04 6.27129314e-05 1.26806501e-04 2.01656891e-05 5.13360023e-06 9.87973433e-06 3.90918138e-06 9.65069546e-08 2.63325362e-11 1.00000000e-10
 1996 10 19 12 00 00  3.52081918e-03 2.13809704e-03 1.16994918e-03 8.23984668e-04 5.78953399e-04 3.33899522e-04 2.33551593e-04 1.90748666e-04 3.81899907e-04 1.12996665e-04 2.61900247e-03 3.83485481e-03 2.01762764e-04 5.89993398e-05 3.91459991e-05 1.04160412e-04 2.79413129e-05 4.60156676e-05 1.04385694e-04 6.53011608e-05 1.13363195e-04 1.37618343e-04 8.59052420e-05 6.41591594e-05 4.51316155e-06 8.59812426e-06 5.84140071e-06 2.20938304e-05 4.76168934e-06 1.50307502e-05 3.72084968e-05 3.46865098e-05 1.05038962e-05 4.01701996e-05 3.24976165e-05 1.32526489e-05 3.54973294e-05 4.06442102e-05 9.08008660e-06 3.35083329e-05 6.89637586e-05 2.20481495e-05 1.74041418e-04 3.41272188e-04 1.36508875e-05 9.61917141e-05 3.47393398e-06 2.49183155e-05 1.93716128e-04 3.72327577e-04 6.32274764e-05 1.31426097e-04 2.11569920e-05 5.49395932e-06 1.07115066e-05 4.46784385e-06 1.21965254e-07 9.41300771e-10 1.00000000e-10
 1996 10 20 12 00 00  3.52527557e-03 2.14178007e-03 1.17221557e-03 8.25566464e-04 5.80299856e-04 3.34397098e-04 2.34088881e-04 1.91359224e-04 3.83492840e-04 1.13578831e-04 2.63173280e-03 3.85610536e-03 2.02526951e-04 5.92819779e-05 3.92754990e-05 1.04677082e-04 2.80691427e-05 4.63368924e-05 1.04992294e-04 6.56889228e-05 1.14026833e-04 1.38464953e-04 8.62823072e-05 6.43602707e-05 4.52227214e-06 8.60421133e-06 5.84495356e-06 2.21478929e-05 4.77037356e-06 1.50721362e-05 3.74148830e-05 3.47390771e-05 1.06096966e-05 4.03794245e-05 3.30058130e-05 1.32696194e-05 3.58935566e-05 4.11564241e-05 9.08514921e-06 3.38528130e-05 7.01010931e-05 2.23766765e-05 1.76010837e-04 3.45948703e-04 1.38379481e-05 9.89989074e-05 4.16775110e-06 2.55554653e-05 1.97995768e-04 3.76834022e-04 6.43623777e-05 1.33738168e-04 2.14290326e-05 5.59281555e-06 1.09395088e-05 4.61891726e-06 1.28701331e-07 1.28590916e-09 1.90089722e-11
 1996 10 21 12 00 00  3.52344450e-03 2.14073159e-03 1.17153796e-03 8.25028334e-04 5.79805017e-04 3.34156731e-04 2.33858802e-04 1.91109702e-04 3.82839115e-04 1.13436796e-04 2.62647933e-03 3.84548269e-03 2.02290162e-04 5.92469386e-05 3.92434967e-05 1.04490266e-04 2.80115433e-05 4.61840187e-05 1.04902438e-04 6.56718737e-05 1.13702454e-04 1.38051680e-04 8.61141431e-05 6.42777508e-05 4.51811466e-06 8.57715349e-06 5.84320987e-06 2.21281403e-05 4.76997593e-06 1.50604338e-05 3.73422073e-05 3.47150024e-05 1.05623665e-05 4.02908831e-05 3.29826289e-05 1.32612025e-05 3.57497288e-05 4.09498461e-05 9.06263376e-06 3.37317802e-05 6.96675540e-05 2.23620940e-05 1.75082390e-04 3.45735887e-04 1.38294355e-05 9.82581399e-05 3.84195009e-06 2.55271007e-05 1.96751051e-04 3.75511448e-04 6.41828223e-05 1.31979361e-04 2.02935605e-05 5.18003085e-06 9.98664505e-06 3.97793602e-06 9.94208200e-08 1.18944676e-10 1.00000000e-10
 1996 10 22 12 00 00  3.52315531e-03 2.14010536e-03 1.17117881e-03 8.24847032e-04 5.79690299e-04 3.34158694e-04 2.33834891e-04 1.91072858e-04 3.82738223e-04 1.13319565e-04 2.62570728e-03 3.84548455e-03 2.02177636e-04 5.91629443e-05 3.92175758e-05 1.04444366e-04 2.80159060e-05 4.61893709e-05 1.04735801e-04 6.55306678e-05 1.13707891e-04 1.38058615e-04 8.61039342e-05 6.42559146e-05 4.51838932e-06 8.57998166e-06 5.84323243e-06 2.21241404e-05 4.76681889e-06 1.50550908e-05 3.73274362e-05 3.47165333e-05 1.05662206e-05 4.02727843e-05 3.27978603e-05 1.32612506e-05 3.57154665e-05 4.09241551e-05 9.06498171e-06 3.36746521e-05 6.95953049e-05 2.22425093e-05 1.75011746e-04 3.44035417e-04 1.37614167e-05 9.77843167e-05 3.85655258e-06 2.52952043e-05 1.96171063e-04 3.74851126e-04 6.38903952e-05 1.32102058e-04 2.04509653e-05 5.23715967e-06 1.01180630e-05 4.06097425e-06 1.02829179e-07 2.21796981e-10 1.00000000e-10
 1996 10 23 12 00 00  3.52494051e-03 2.14100453e-03 1.17177153e-03 8.25359592e-04 5.80183000e-04 3.34407526e-04 2.34065514e-04 1.91320550e-04 3.83379458e-04 1.13434202e-04 2.63087693e-03 3.85611132e-03 2.02389939e-04 5.91784416e-05 3.92435015e-05 1.04630397e-04 2.80832173e-05 4.63541481e-05 1.04789798e-04 6.55133976e-05 1.14044204e-04 1.38487325e-04 8.62751333e-05 6.43302631e-05 4.52315835e-06 8.59845459e-06 5.84502668e-06 2.21449562e-05 4.76642199e-06 1.50671682e-05 3.74052070e-05 3.47440044e-05 1.06221189e-05 4.03555395e-05 3.27746879e-05 1.32697722e-05 3.58596960e-05 4.11374230e-05 9.08034635e-06 3.37741551e-05 7.00443723e-05 2.22277929e-05 1.75928114e-04 3.43822534e-04 1.37529014e-05 9.84627196e-05 4.21482509e-06 2.52666097e-05 1.97397801e-04 3.76105967e-04 6.40148499e-05 1.33741386e-04 2.12793448e-05 5.53817613e-06 1.08122974e-05 4.52060801e-06 1.23296924e-07 9.30828081e-10 1.00000000e-10
 1996 10 24 12 00 00  3.52359234e-03 2.14094330e-03 1.17166085e-03 8.25127645e-04 5.79898073e-04 3.34173532e-04 2.33880377e-04 1.91137110e-04 3.82898012e-04 1.13477530e-04 2.62695770e-03 3.84549052e-03 2.02333074e-04 5.92759334e-05 3.92523522e-05 1.04527692e-04 2.80290173e-05 4.62054362e-05 1.04965680e-04 6.57174911e-05 1.13724515e-04 1.38079453e-04 8.61295320e-05 6.42967879e-05 4.51921405e-06 8.58097119e-06 5.84330046e-06 2.21355184e-05 4.77095346e-06 1.50658281e-05 3.73669742e-05 3.47211171e-05 1.05777886e-05 4.03089594e-05 3.30401206e-05 1.32613932e-05 3.57826876e-05 4.09877543e-05 9.06579007e-06 3.37668968e-05 6.97657121e-05 2.24003816e-05 1.75243795e-04 3.46266293e-04 1.38506517e-05 9.85449140e-05 3.90039022e-06 2.56011263e-05 1.97207834e-04 3.76007513e-04 6.43121605e-05 1.32429176e-04 2.05902669e-05 5.28756402e-06 1.02332637e-05 4.12491617e-06 1.04777929e-07 2.46138399e-10 1.00000000e-10
 1996 10 25 12 00 00  3.52168574e-03 2.13970210e-03 1.17087366e-03 8.24545190e-04 5.79384200e-04 3.33937943e-04 2.33646750e-04 1.90880819e-04 3.82221255e-04 1.13300069e-04 2.62152610e-03 3.83487120e-03 2.02063803e-04 5.92171521e-05 3.92129623e-05 1.04333191e-04 2.79772416e-05 4.60597046e-05 1.04833627e-04 6.56593125e-05 1.13408012e-04 1.37675452e-04 8.59611294e-05 6.42253000e-05 4.51542328e-06 8.57687046e-06 5.84158734e-06 2.21174187e-05 4.76955174e-06 1.50534052e-05 3.72943358e-05 3.46990855e-05 1.05356012e-05 4.02306935e-05 3.29587056e-05 1.32530389e-05 3.56355489e-05 4.07815435e-05 9.06237183e-06 3.36598432e-05 6.93303388e-05 2.23502779e-05 1.74433039e-04 3.45520295e-04 1.38208118e-05 9.77052083e-05 3.59408004e-06 2.55034334e-05 1.95855967e-04 3.74621651e-04 6.40560686e-05 1.31482431e-04 2.04735292e-05 5.24499176e-06 1.01343389e-05 4.05070883e-06 1.00838453e-07 8.16870127e-11 1.00000000e-10
 1996 10 26 12 00 00  3.51938549e-03 2.13763431e-03 1.16961232e-03 8.23715061e-04 5.78706869e-04 3.33700534e-04 2.33378464e-04 1.90572634e-04 3.81406113e-04 1.12967801e-04 2.61502438e-03 3.82425152e-03 2.01645269e-04 5.90483422e-05 3.91396219e-05 1.04073194e-04 2.79264321e-05 4.59151546e-05 1.04483728e-04 6.54167554e-05 1.13093116e-04 1.37272971e-04 8.57762623e-05 6.41357752e-05 4.51169326e-06 8.59458669e-06 5.83987894e-06 2.20938186e-05 4.76400091e-06 1.50330592e-05 3.71974124e-05 3.46773886e-05 1.04942672e-05 4.01373132e-05 3.26345908e-05 1.32446949e-05 3.54397844e-05 4.05351457e-05 9.07710419e-06 3.34987392e-05 6.87832280e-05 2.21437862e-05 1.73592560e-04 3.42541562e-04 1.37016625e-05 9.62223630e-05 3.29099566e-06 2.51023332e-05 1.93677490e-04 3.72359957e-04 6.34094643e-05 1.31171717e-04 2.12838110e-05 5.53939612e-06 1.08131486e-05 4.49806865e-06 1.20609354e-07 7.50148654e-10 1.00000000e-10
 1996 10 27 12 00 00  3.51599664e-03 2.13608971e-03 1.16857500e-03 8.22813770e-04 5.77839730e-04 3.33223896e-04 2.32944475e-04 1.90112065e-04 3.80198014e-04 1.12787883e-04 2.60527836e-03 3.80300805e-03 2.01273533e-04 5.90544960e-05 3.90990751e-05 1.03748551e-04 2.78136518e-05 4.56123817e-05 1.04460935e-04 6.55092939e-05 1.12448955e-04 1.36450292e-04 8.54529717e-05 6.40347002e-05 4.50353073e-06 8.59665161e-06 5.83640467e-06 2.20636541e-05 4.76594942e-06 1.50156312e-05 3.70726473e-05 3.46300949e-05 1.04017498e-05 4.00150170e-05 3.27493733e-05 1.32278888e-05 3.51953966e-05 4.01575167e-05 9.07881549e-06 3.33874653e-05 6.80106139e-05 2.22211675e-05 1.72134406e-04 3.43601748e-04 1.37440699e-05 9.52415357e-05 2.64751907e-06 2.52517493e-05 1.91795598e-04 3.70575255e-04 6.33245755e-05 1.29503201e-04 2.14130496e-05 5.58627592e-06 1.09208626e-05 4.56462468e-06 1.23226311e-07 8.23260304e-10 1.00000000e-10
 1996 10 28 12 00 00  3.50990919e-03 2.13171895e-03 1.16583975e-03 8.20825776e-04 5.76103554e-04 3.32495690e-04 2.32200214e-04 1.89284098e-04 3.78028207e-04 1.12132517e-04 2.58788667e-03 3.77113894e-03 2.00341963e-04 5.87887032e-05 3.89534617e-05 1.03087074e-04 2.76374427e-05 4.51495784e-05 1.03876250e-04 6.51890412e-05 1.11472343e-04 1.35205056e-04 8.49211309e-05 6.37638666e-05 4.49084291e-06 8.55516337e-06 5.83115616e-06 2.19953889e-05 4.75861270e-06 1.49679623e-05 3.68128875e-05 3.45566805e-05 1.02567567e-05 3.97297327e-05 3.23210668e-05 1.32026005e-05 3.46872638e-05 3.94715983e-05 9.04428962e-06 3.29524090e-05 6.65277143e-05 2.19484791e-05 1.69313539e-04 3.39665656e-04 1.35866262e-05 9.20433869e-05 1.65873225e-06 2.47220218e-05 1.86782208e-04 3.65281360e-04 6.22074179e-05 1.25349137e-04 1.97010141e-05 4.96382020e-06 9.48365800e-06 3.59382738e-06 7.85921863e-08 1.00000000e-10 1.00000000e-10
 1996 10 29 12 00 00  3.50263413e-03 2.12767312e-03 1.16321456e-03 8.18703457e-04 5.74132987e-04 3.31526260e-04 2.31280647e-04 1.88289811e-04 3.75429730e-04 1.11592215e-04 2.56697338e-03 3.72864567e-03 1.99420804e-04 5.86711111e-05 3.88323976e-05 1.02343091e-04 2.73978047e-05 4.45267651e-05 1.03565181e-04 6.51594019e-05 1.10166455e-04 1.33537313e-04 8.42458444e-05 6.35240443e-05 4.47363091e-06 8.56968400e-06 5.82413413e-06 2.19230525e-05 4.75779052e-06 1.49209793e-05 3.65198463e-05 3.44571570e-05 1.00592981e-05 3.94512698e-05 3.22739244e-05 1.31688328e-05 3.41239617e-05 3.86455546e-05 9.05636407e-06 3.26405298e-05 6.47920189e-05 2.19220557e-05 1.66195849e-04 3.39236912e-04 1.35694765e-05 8.92920274e-05 3.24689609e-07 2.46699463e-05 1.81842409e-04 3.60436906e-04 6.15545973e-05 1.22062394e-04 2.03587863e-05 5.20282633e-06 1.00348037e-05 3.95785742e-06 9.47393179e-08 1.00000000e-10 1.00000000e-10
 1996 10 30 12 00 00  3.49662951e-03 2.12349590e-03 1.16059012e-03 8.16766422e-04 5.72425006e-04 3.30795120e-04 2.30541970e-04 1.87471235e-04 3.73287797e-04 1.10972937e-04 2.54979135e-03 3.69677506e-03 1.98523358e-04 5.84311937e-05 3.86947840e-05 1.01692865e-04 2.72177102e-05 4.40592063e-05 1.03031464e-04 6.48830552e-05 1.09186302e-04 1.32285917e-04 8.37155656e-05 6.32952918e-05 4.46069898e-06 8.57812702e-06 5.81886561e-06 2.18585756e-05 4.75144225e-06 1.48744824e-05 3.62635745e-05 3.43823893e-05 9.91087945e-06 3.92011367e-05 3.19033978e-05 1.31435023e-05 3.36289621e-05 3.79662811e-05 9.06338464e-06 3.22885775e-05 6.33263889e-05 2.16866058e-05 1.63640262e-04 3.35832368e-04 1.34332947e-05 8.63246798e-05 2.00000002e-08 2.42124690e-05 1.76973422e-04 3.55471051e-04 6.05237236e-05 1.19434273e-04 2.07530125e-05 5.34604519e-06 1.03649367e-05 4.17440347e-06 1.04234583e-07 9.84417881e-11 1.00000000e-10
 1996 10 31 12 00 00  3.49074262e-03 2.11678517e-03 1.15658786e-03 8.14287157e-04 5.70493699e-04 3.30294397e-04 2.29880949e-04 1.86674483e-04 3.71194832e-04 1.09824279e-04 2.53319140e-03 3.67552787e-03 1.97214311e-04 5.77474038e-05 3.84414527e-05 1.00941750e-04 2.70971650e-05 4.37469076e-05 1.01634042e-04 6.38219761e-05 1.08531090e-04 1.31450884e-04 8.32806453e-05 6.29683210e-05 4.45204714e-06 8.56591796e-06 5.81535096e-06 2.17799609e-05 4.72753018e-06 1.48048509e-05 3.59688525e-05 3.43323714e-05 9.81150661e-06 3.88866964e-05 3.05049965e-05 1.31266119e-05 3.30497166e-05 3.73085232e-05 9.05322231e-06 3.16357777e-05 6.17871774e-05 2.07863850e-05 1.61153243e-04 3.22968789e-04 1.29187515e-05 8.11766940e-05 2.00000002e-08 2.24657808e-05 1.69725987e-04 3.47549713e-04 5.79699320e-05 1.16825850e-04 2.02646498e-05 5.16845007e-06 9.95469769e-06 3.89512372e-06 9.12389631e-08 1.00000000e-10 1.00000000e-10
 1996 11 01 12 00 00  3.48994390e-03 2.11789998e-03 1.15715188e-03 8.14400520e-04 5.70431102e-04 3.30058906e-04 2.29742421e-04 1.86562128e-04 3.70906037e-04 1.10087904e-04 2.53074993e-03 3.66490446e-03 1.97369396e-04 5.80027721e-05 3.84990096e-05 1.00928020e-04 2.70371325e-05 4.35910537e-05 1.02124090e-04 6.42910483e-05 1.08204713e-04 1.31033756e-04 8.31557091e-05 6.29920068e-05 4.44773650e-06 8.56412880e-06 5.81359491e-06 2.17801264e-05 4.73797882e-06 1.48139969e-05 3.59614368e-05 3.43074469e-05 9.76203373e-06 3.88880050e-05 3.11167969e-05 1.31181674e-05 3.30418736e-05 3.72118083e-05 9.05173001e-06 3.17646945e-05 6.16939239e-05 2.11833380e-05 1.61042818e-04 3.28600492e-04 1.31440197e-05 8.22006163e-05 2.00000002e-08 2.32353414e-05 1.70658169e-04 3.48789815e-04 5.88204158e-05 1.15998449e-04 2.02069017e-05 5.14741437e-06 9.90593464e-06 3.85991343e-06 8.94577823e-08 1.00000000e-10 1.00000000e-10
 1996 11 02 12 00 00  3.49173398e-03 2.11883367e-03 1.15776452e-03 8.14915675e-04 5.70919439e-04 3.30303400e-04 2.29971532e-04 1.86808977e-04 3.71548380e-04 1.10209036e-04 2.53591504e-03 3.67552899e-03 1.97587456e-04 5.80242252e-05 3.85267649e-05 1.01112187e-04 2.70995894e-05 4.37498849e-05 1.02190797e-04 6.42842089e-05 1.08534224e-04 1.31454738e-04 8.33246220e-05 6.30458499e-05 4.45219994e-06 8.55474354e-06 5.81536369e-06 2.17980350e-05 4.73776963e-06 1.48255517e-05 3.60338725e-05 3.43332213e-05 9.81364719e-06 3.89531129e-05 3.11049138e-05 1.31266381e-05 3.31800000e-05 3.74182624e-05 9.04391927e-06 3.18291830e-05 6.20887882e-05 2.11770792e-05 1.61470896e-04 3.28492919e-04 1.31397168e-05 8.28365723e-05 2.00000002e-08 2.32229111e-05 1.71860662e-04 3.49940450e-04 5.89582525e-05 1.16689128e-04 1.98290360e-05 5.01000814e-06 9.58856112e-06 3.64421311e-06 7.94461393e-08 1.00000000e-10 1.00000000e-10
 1996 11 03 12 00 00  3.49205713e-03 2.11950325e-03 1.15814906e-03 8.15120454e-04 5.71057638e-04 3.30306066e-04 2.30000907e-04 1.86852676e-04 3.71663514e-04 1.10334769e-04 2.53680164e-03 3.67552899e-03 1.97709326e-04 5.81146553e-05 3.85546366e-05 1.01167517e-04 2.71000754e-05 4.37504787e-05 1.02372593e-04 6.44352636e-05 1.08535088e-04 1.31455512e-04 8.33388016e-05 6.30772824e-05 4.45223013e-06 8.55975159e-06 5.81536624e-06 2.18044137e-05 4.74111839e-06 1.48322585e-05 3.60550829e-05 3.43333901e-05 9.81407647e-06 3.89799218e-05 3.13010794e-05 1.31266410e-05 3.32231560e-05 3.74540965e-05 9.04808330e-06 3.19036338e-05 6.21869739e-05 2.13047795e-05 1.61617383e-04 3.30299170e-04 1.32119668e-05 8.33828102e-05 2.00000002e-08 2.34703883e-05 1.72553962e-04 3.50744585e-04 5.92806687e-05 1.16915248e-04 2.00576526e-05 5.09307351e-06 9.78009026e-06 3.77048775e-06 8.50304424e-08 1.00000000e-10 1.00000000e-10
 1996 11 04 12 00 00  3.49029019e-03 2.11860868e-03 1.15755967e-03 8.14621891e-04 5.70583850e-04 3.30062637e-04 2.29774867e-04 1.86610264e-04 3.71031492e-04 1.10221480e-04 2.53170773e-03 3.66490483e-03 1.97499730e-04 5.81006869e-05 3.85291409e-05 1.00989063e-04 2.70385906e-05 4.35928436e-05 1.02324786e-04 6.44539716e-05 1.08206493e-04 1.31036077e-04 8.31713974e-05 6.30167804e-05 4.44782818e-06 8.55673206e-06 5.81360218e-06 2.17864386e-05 4.74150656e-06 1.48213569e-05 3.59836892e-05 3.43079591e-05 9.76332085e-06 3.89096276e-05 3.13239871e-05 1.31181820e-05 3.30872503e-05 3.72508781e-05 9.04556873e-06 3.18280273e-05 6.18012114e-05 2.13203748e-05 1.61137568e-04 3.30510979e-04 1.32204392e-05 8.27799610e-05 2.00000002e-08 2.35004729e-05 1.71415681e-04 3.49626663e-04 5.91701058e-05 1.15875443e-04 1.99416555e-05 5.05087851e-06 9.68256163e-06 3.70339452e-06 8.18589463e-08 1.00000000e-10 1.00000000e-10
 1996 11 05 12 00 00  3.49000519e-03 2.11801764e-03 1.15722039e-03 8.14441774e-04 5.70462698e-04 3.30060249e-04 2.29749078e-04 1.86571954e-04 3.70930434e-04 1.10110609e-04 2.53092705e-03 3.66490483e-03 1.97392433e-04 5.80214484e-05 3.85047068e-05 1.00940537e-04 2.70381046e-05 4.35922499e-05 1.02166451e-04 6.43214851e-05 1.08205626e-04 1.31035302e-04 8.31588686e-05 6.29881094e-05 4.44779762e-06 8.55079925e-06 5.81360000e-06 2.17807234e-05 4.73854780e-06 1.48154486e-05 3.59646522e-05 3.43077874e-05 9.76289157e-06 3.88852238e-05 3.11507931e-05 1.31181776e-05 3.30489412e-05 3.72191843e-05 9.04062981e-06 3.17607067e-05 6.17145977e-05 2.12081926e-05 1.61000212e-04 3.28916918e-04 1.31566767e-05 8.22974335e-05 2.00000002e-08 2.32829494e-05 1.70805795e-04 3.48915468e-04 5.88872807e-05 1.15649199e-04 1.97041223e-05 4.96449927e-06 9.48303020e-06 3.56758885e-06 7.55416480e-08 1.00000000e-10 1.00000000e-10
 1996 11 06 12 00 00  3.49030282e-03 2.11864662e-03 1.15758112e-03 8.14628854e-04 5.70585082e-04 3.30060957e-04 2.29774955e-04 1.86610894e-04 3.71034844e-04 1.10228379e-04 2.53173306e-03 3.66490409e-03 1.97505848e-04 5.81052082e-05 3.85305530e-05 1.00989572e-04 2.70366465e-05 4.35904600e-05 1.02332309e-04 6.44619693e-05 1.08203913e-04 1.31032982e-04 8.31709370e-05 6.30134725e-05 4.44770594e-06 8.55080434e-06 5.81359236e-06 2.17857791e-05 4.74170884e-06 1.48213431e-05 3.59828681e-05 3.43072781e-05 9.76160445e-06 3.89064694e-05 3.13356722e-05 1.31181630e-05 3.30868895e-05 3.72495090e-05 9.04063345e-06 3.18233647e-05 6.17986637e-05 2.13273379e-05 1.61105051e-04 3.30617745e-04 1.32247098e-05 8.27933676e-05 2.00000002e-08 2.35140978e-05 1.71425165e-04 3.49624458e-04 5.91834769e-05 1.15683652e-04 1.97110646e-05 4.96700688e-06 9.48874015e-06 3.57049814e-06 7.56077341e-08 1.00000000e-10 1.00000000e-10
 1996 11 07 12 00 00  3.49114871e-03 2.12041745e-03 1.15859733e-03 8.15162311e-04 5.70939188e-04 3.30065428e-04 2.29850048e-04 1.86723223e-04 3.71333472e-04 1.10560335e-04 2.53403785e-03 3.66490372e-03 1.97826407e-04 5.83422167e-05 3.86036571e-05 1.01131412e-04 2.70351942e-05 4.35886759e-05 1.02804291e-04 6.48588059e-05 1.08202214e-04 1.31030674e-04 8.32066323e-05 6.30802483e-05 4.44761426e-06 8.54294485e-06 5.81358508e-06 2.18003490e-05 4.75058914e-06 1.48384822e-05 3.60362502e-05 3.43067688e-05 9.76032170e-06 3.89629037e-05 3.18553852e-05 1.31181470e-05 3.31958104e-05 3.73387054e-05 9.03409309e-06 3.19907491e-05 6.20449582e-05 2.16634959e-05 1.61372439e-04 3.35400490e-04 1.34160196e-05 8.42031650e-05 2.00000002e-08 2.41660106e-05 1.73210910e-04 3.51637126e-04 6.00252029e-05 1.15561285e-04 1.93895110e-05 4.85009057e-06 9.21875609e-06 3.38774466e-06 6.71777805e-08 1.00000000e-10 1.00000000e-10
 1996 11 08 12 00 00  3.49298900e-03 2.12146804e-03 1.15927661e-03 8.15707861e-04 5.71444076e-04 3.30308494e-04 2.30082521e-04 1.86975561e-04 3.71992156e-04 1.10703092e-04 2.53933044e-03 3.67552713e-03 1.98064702e-04 5.83783826e-05 3.86359776e-05 1.01322237e-04 2.70957040e-05 4.37451177e-05 1.02898367e-04 6.48770889e-05 1.08529722e-04 1.31448565e-04 8.33766987e-05 6.31497629e-05 4.45195546e-06 8.54986574e-06 5.81534332e-06 2.18197192e-05 4.75097950e-06 1.48507851e-05 3.61111268e-05 3.43318621e-05 9.81021949e-06 3.90408904e-05 3.18783714e-05 1.31265944e-05 3.33408628e-05 3.75489388e-05 9.03984910e-06 3.20872918e-05 6.24496951e-05 2.16788292e-05 1.61895290e-04 3.35612567e-04 1.34245027e-05 8.49300405e-05 2.00000002e-08 2.41956557e-05 1.74501508e-04 3.52943341e-04 6.02128247e-05 1.16744634e-04 1.96983455e-05 4.96231828e-06 9.47760270e-06 3.55931431e-06 7.48320225e-08 1.00000000e-10 1.00000000e-10
 1996 11 09 12 00 00  3.49662036e-03 2.12345338e-03 1.16056881e-03 8.16768475e-04 5.72437005e-04 3.30796501e-04 2.30544162e-04 1.87474639e-04 3.73292810e-04 1.10966975e-04 2.54979103e-03 3.69677581e-03 1.98520821e-04 5.84350330e-05 3.86957741e-05 1.01697178e-04 2.72191683e-05 4.40609932e-05 1.03055660e-04 6.48871006e-05 1.09187877e-04 1.32288236e-04 8.37159751e-05 6.32874182e-05 4.46079066e-06 8.56722836e-06 5.81887325e-06 2.18583948e-05 4.75117049e-06 1.48747030e-05 3.62599826e-05 3.43828986e-05 9.91216584e-06 3.91959762e-05 3.18897219e-05 1.31435183e-05 3.36267293e-05 3.79672620e-05 9.05429333e-06 3.22742137e-05 6.33300176e-05 2.16870307e-05 1.63585979e-04 3.35718147e-04 1.34287259e-05 8.63081452e-05 2.00000002e-08 2.42113820e-05 1.76996916e-04 3.55463112e-04 6.05360164e-05 1.19234764e-04 2.04545916e-05 5.23717376e-06 1.01117482e-05 3.98206602e-06 9.38688039e-08 1.00000000e-10 1.00000000e-10
 1996 11 10 12 00 00  3.50054108e-03 2.12603108e-03 1.16220114e-03 8.18012491e-04 5.73555465e-04 3.31288242e-04 2.31032676e-04 1.88013245e-04 3.74696622e-04 1.11342054e-04 2.56105057e-03 3.71802524e-03 1.99084823e-04 5.85711250e-05 3.87800630e-05 1.02122419e-04 2.73445708e-05 4.43792494e-05 1.03372012e-04 6.50296861e-05 1.09848455e-04 1.33130990e-04 8.40687174e-05 6.34469705e-05 4.46974809e-06 8.58009153e-06 5.82241337e-06 2.19025534e-05 4.75431916e-06 1.49048165e-05 3.64291102e-05 3.44346161e-05 1.00158235e-05 3.93698995e-05 3.20742693e-05 1.31604640e-05 3.39514930e-05 3.84190386e-05 9.06499336e-06 3.25156528e-05 6.43018625e-05 2.18074769e-05 1.65379329e-04 3.37417788e-04 1.34967115e-05 8.81722285e-05 2.00000002e-08 2.44447379e-05 1.80123427e-04 3.58682856e-04 6.11449313e-05 1.21649829e-04 2.10170568e-05 5.44159520e-06 1.05833627e-05 4.29616869e-06 1.07991493e-07 1.48522084e-10 1.00000000e-10
 1996 11 11 12 00 00  3.50817132e-03 2.13075271e-03 1.16521653e-03 8.20366320e-04 5.75700670e-04 3.32269380e-04 2.31990138e-04 1.89061522e-04 3.77428615e-04 1.12010683e-04 2.58298719e-03 3.76052335e-03 2.00133622e-04 5.87845335e-05 3.89305273e-05 1.02936177e-04 2.75944010e-05 4.50145541e-05 1.03885899e-04 6.52168470e-05 1.11167824e-04 1.34814941e-04 8.47645955e-05 6.37346750e-05 4.48760184e-06 8.58756248e-06 5.82948815e-06 2.19855528e-05 4.75845227e-06 1.49605681e-05 3.67525587e-05 3.45377048e-05 1.02222795e-05 3.96909439e-05 3.23164801e-05 1.31943423e-05 3.45707680e-05 3.92975798e-05 9.07120775e-06 3.29302396e-05 6.61779157e-05 2.19655529e-05 1.68790324e-04 3.39648574e-04 1.35859430e-05 9.15340930e-05 1.38164178e-06 2.47510121e-05 1.85917391e-04 3.64544771e-04 6.21522699e-05 1.25847444e-04 2.13482448e-05 5.56195068e-06 1.08609806e-05 4.48047074e-06 1.16234904e-07 4.31887592e-10 1.00000000e-10
 1996 11 12 12 00 00  3.51749356e-03 2.13621084e-03 1.16873098e-03 8.23172207e-04 5.78289522e-04 3.33493470e-04 2.33167187e-04 1.90342652e-04 3.80766976e-04 1.12763185e-04 2.60981520e-03 3.81364599e-03 2.01363917e-04 5.89917861e-05 3.91002647e-05 1.03916265e-04 2.79057247e-05 4.58075083e-05 1.04409316e-04 6.53513998e-05 1.12815801e-04 1.36918350e-04 8.56246585e-05 6.40770249e-05 4.50985790e-06 8.59881184e-06 5.83832698e-06 2.20852449e-05 4.76139903e-06 1.50257074e-05 3.71421269e-05 3.46662302e-05 1.04794977e-05 4.00774687e-05 3.24893364e-05 1.32366797e-05 3.53160961e-05 4.03713641e-05 9.08056463e-06 3.34058899e-05 6.84561524e-05 2.20790083e-05 1.72979245e-04 3.41241338e-04 1.36496535e-05 9.54847827e-05 3.08858871e-06 2.49706907e-05 1.92693733e-04 3.71349616e-04 6.31981881e-05 1.31108791e-04 2.18427493e-05 5.74166659e-06 1.12755684e-05 4.75624498e-06 1.28609110e-07 8.59095284e-10 1.00000000e-10
 1996 11 13 12 00 00  3.52513965e-03 2.14097101e-03 1.17176844e-03 8.25535579e-04 5.80439506e-04 3.34473845e-04 2.34125575e-04 1.91392564e-04 3.83504094e-04 1.13438964e-04 2.63179052e-03 3.85614410e-03 2.02419380e-04 5.92101828e-05 3.92522765e-05 1.04731935e-04 2.81545887e-05 4.64416313e-05 1.04932648e-04 6.55470940e-05 1.14134124e-04 1.38600765e-04 8.63207193e-05 6.43702296e-05 4.52765053e-06 8.61233711e-06 5.84539666e-06 2.21686780e-05 4.76573077e-06 1.50816491e-05 3.74660098e-05 3.47689842e-05 1.06850996e-05 4.04030338e-05 3.27431335e-05 1.32705478e-05 3.59373652e-05 4.12507100e-05 9.09181690e-06 3.38317798e-05 7.03344420e-05 2.22443778e-05 1.76422111e-04 3.43578442e-04 1.37431377e-05 9.89634830e-05 4.45349069e-06 2.52911472e-05 1.98512980e-04 3.77261183e-04 6.42218813e-05 1.35482677e-04 2.24243538e-05 5.95306633e-06 1.17633942e-05 5.08245412e-06 1.43370964e-07 1.57458859e-09 3.29818728e-11
 1996 11 14 12 00 00  3.53481753e-03 2.14717688e-03 1.17571168e-03 8.28565063e-04 5.83175607e-04 3.35699466e-04 2.35333848e-04 1.92720458e-04 3.86967276e-04 1.14331461e-04 2.65958441e-03 3.90926600e-03 2.03784566e-04 5.95167861e-05 3.94526709e-05 1.05771033e-04 2.84649403e-05 4.72333893e-05 1.05652576e-04 6.58482022e-05 1.15781001e-04 1.40702630e-04 8.71955976e-05 6.47425595e-05 4.54984583e-06 8.62308443e-06 5.85423004e-06 2.22745623e-05 4.77243266e-06 1.51539298e-05 3.78780946e-05 3.48971691e-05 1.09414592e-05 4.08147513e-05 3.31355812e-05 1.33128749e-05 3.67285856e-05 4.23616348e-05 9.10075905e-06 3.43813618e-05 7.27150596e-05 2.24991498e-05 1.80735254e-04 3.47191190e-04 1.38876476e-05 1.03507744e-04 6.15718600e-06 2.57850334e-05 2.06034836e-04 3.84915537e-04 6.56203303e-05 1.40766020e-04 2.28892281e-05 6.12203105e-06 1.21532650e-05 5.34279358e-06 1.55125580e-07 2.18721858e-09 8.85180040e-11
 1996 11 15 12 00 00  3.54073034e-03 2.15112133e-03 1.17820426e-03 8.30449382e-04 5.84861616e-04 3.36435727e-04 2.36068283e-04 1.93531230e-04 3.89082370e-04 1.14908286e-04 2.67655031e-03 3.94113921e-03 2.04643503e-04 5.97298198e-05 3.95818814e-05 1.06412287e-04 2.86513445e-05 4.77086811e-05 1.06141644e-04 6.60775928e-05 1.16769314e-04 1.41964048e-04 8.77251916e-05 6.49726248e-05 4.56317466e-06 8.62602392e-06 5.85953130e-06 2.23398338e-05 4.77756257e-06 1.51994876e-05 3.81325010e-05 3.49741487e-05 1.10954446e-05 4.10673749e-05 3.34358338e-05 1.33382739e-05 3.72170531e-05 4.30396784e-05 9.10320305e-06 3.47287466e-05 7.41750594e-05 2.26934382e-05 1.83345549e-04 3.49954375e-04 1.39981750e-05 1.06410093e-04 7.18004085e-06 2.61618057e-05 2.10773331e-04 3.89753687e-04 6.65633805e-05 1.43846419e-04 2.30218654e-05 6.17022711e-06 1.22644108e-05 5.41627462e-06 1.58390034e-07 2.35330369e-09 1.03470099e-10
 1996 11 16 12 00 00  3.54666184e-03 2.15510534e-03 1.18071948e-03 8.32345231e-04 5.86554961e-04 3.37172118e-04 2.36804300e-04 1.94344336e-04 3.91203764e-04 1.15492462e-04 2.69356646e-03 3.97301242e-03 2.05509424e-04 5.99477644e-05 3.97126162e-05 1.07056508e-04 2.88377458e-05 4.81839728e-05 1.06639838e-04 6.63153012e-05 1.17757646e-04 1.43225464e-04 8.82555916e-05 6.52045762e-05 4.57650385e-06 8.62930319e-06 5.86483220e-06 2.24054572e-05 4.78289367e-06 1.52454206e-05 3.83882988e-05 3.50511255e-05 1.12494308e-05 4.13215251e-05 3.37477424e-05 1.33636728e-05 3.77080542e-05 4.37197374e-05 9.10592862e-06 3.50805126e-05 7.56405436e-05 2.28948906e-05 1.85964560e-04 3.52824416e-04 1.41129766e-05 1.09343946e-04 8.20290006e-06 2.65525479e-05 2.15550325e-04 3.94636950e-04 6.75240740e-05 1.46942317e-04 2.31717122e-05 6.22467187e-06 1.23899451e-05 5.49901818e-06 1.62047706e-07 2.53798373e-09 1.20059185e-10
 1996 11 17 12 00 00  3.54884789e-03 2.15686677e-03 1.18180666e-03 8.33109130e-04 5.87208084e-04 3.37419308e-04 2.37068513e-04 1.94643420e-04 3.91984913e-04 1.15768475e-04 2.69981087e-03 3.98363732e-03 2.05876705e-04 6.00784703e-05 3.97740985e-05 1.07306768e-04 2.89002055e-05 4.83428041e-05 1.06921709e-04 6.64916181e-05 1.18087301e-04 1.43646463e-04 8.84415597e-05 6.52921279e-05 4.58096729e-06 8.61949738e-06 5.86660099e-06 2.24305192e-05 4.78684015e-06 1.52650561e-05 3.84870484e-05 3.50768998e-05 1.13010457e-05 4.14149668e-05 3.39787162e-05 1.33721420e-05 3.78981886e-05 4.39688482e-05 9.09776936e-06 3.52273477e-05 7.61910800e-05 2.30442631e-05 1.86860879e-04 3.54949936e-04 1.41979974e-05 1.10665445e-04 8.54494283e-06 2.68422242e-05 2.17589213e-04 3.96738912e-04 6.80514983e-05 1.47676110e-04 2.27692153e-05 6.07832851e-06 1.20520239e-05 5.27046438e-06 1.51518430e-07 1.97326422e-09 6.84573898e-11
 1996 11 18 12 00 00  3.54869704e-03 2.15655153e-03 1.18162591e-03 8.33014332e-04 5.87145251e-04 3.37418284e-04 2.37055132e-04 1.94623506e-04 3.91931998e-04 1.15709475e-04 2.69939965e-03 3.98363732e-03 2.05819850e-04 6.00368100e-05 3.97612395e-05 1.07281566e-04 2.89002055e-05 4.83428041e-05 1.06839659e-04 6.64217921e-05 1.18087464e-04 1.43646463e-04 8.84350623e-05 6.52852865e-05 4.58096729e-06 8.62798261e-06 5.86660099e-06 2.24283370e-05 4.78525762e-06 1.52619767e-05 3.84772959e-05 3.50768998e-05 1.13010457e-05 4.14092244e-05 3.38862184e-05 1.33721420e-05 3.78792564e-05 4.39530207e-05 9.10482850e-06 3.52069514e-05 7.61472301e-05 2.29849436e-05 1.86848153e-04 3.54099343e-04 1.41639737e-05 1.10418400e-04 8.54494283e-06 2.67270836e-05 2.17270433e-04 3.96402457e-04 6.79029674e-05 1.47926633e-04 2.31392704e-05 6.21282277e-06 1.23623224e-05 5.47725815e-06 1.60825706e-07 2.45608542e-09 1.12168252e-10
 1996 11 19 12 00 00  3.54856571e-03 2.15627674e-03 1.18146792e-03 8.32930772e-04 5.87089253e-04 3.37417810e-04 2.37043338e-04 1.94605739e-04 3.91884888e-04 1.15657774e-04 2.69904089e-03 3.98363732e-03 2.05769659e-04 5.99990065e-05 3.97495975e-05 1.07259197e-04 2.89006915e-05 4.83434007e-05 1.06762727e-04 6.63586834e-05 1.18088226e-04 1.43647237e-04 8.84296507e-05 6.52797325e-05 4.58099821e-06 8.63572568e-06 5.86660353e-06 2.24265320e-05 4.78388392e-06 1.52593272e-05 3.84698632e-05 3.50770686e-05 1.13014758e-05 4.14043727e-05 3.38055979e-05 1.33721478e-05 3.78633370e-05 4.39397526e-05 9.11126917e-06 3.51895150e-05 7.61101348e-05 2.29318059e-05 1.86841628e-04 3.53356188e-04 1.41342475e-05 1.10204049e-04 8.54656973e-06 2.66242394e-05 2.16991802e-04 3.96108722e-04 6.77694686e-05 1.48159756e-04 2.34750403e-05 6.33486075e-06 1.26439044e-05 5.66516946e-06 1.69301594e-07 2.89718876e-09 1.52138580e-10
 1996 11 20 12 00 00  3.54484282e-03 2.15409535e-03 1.18006325e-03 8.31812657e-04 5.86059344e-04 3.36930056e-04 2.36573946e-04 1.94094842e-04 3.90552156e-04 1.15357172e-04 2.68833419e-03 3.96238938e-03 2.05278231e-04 5.99160867e-05 3.96816948e-05 1.06869457e-04 2.87781993e-05 4.80287155e-05 1.06553405e-04 6.63045677e-05 1.17431677e-04 1.42809110e-04 8.80869326e-05 6.51460924e-05 4.57222377e-06 8.63446476e-06 5.86307870e-06 2.23874824e-05 4.78270704e-06 1.52336627e-05 3.83164249e-05 3.50263726e-05 1.12003872e-05 4.12527153e-05 3.37364938e-05 1.33552341e-05 3.75679117e-05 4.35135682e-05 9.11021853e-06 3.50046857e-05 7.52071202e-05 2.28862467e-05 1.85195005e-04 3.52719172e-04 1.41087669e-05 1.08640176e-04 7.87060635e-06 2.65360635e-05 2.14309571e-04 3.93425150e-04 6.73542134e-05 1.46196599e-04 2.34345809e-05 6.32012216e-06 1.26097358e-05 5.64046190e-06 1.68049379e-07 2.82153585e-09 1.45014234e-10
 1996 11 21 12 00 00  3.54458269e-03 2.15354532e-03 1.17974766e-03 8.31648827e-04 5.85952039e-04 3.36929589e-04 2.36551300e-04 1.94060681e-04 3.90460575e-04 1.15254097e-04 2.68762937e-03 3.96239012e-03 2.05178856e-04 5.98423677e-05 3.96589560e-05 1.06826482e-04 2.87796574e-05 4.80305025e-05 1.06406651e-04 6.61810103e-05 1.17433364e-04 1.42811433e-04 8.80764756e-05 6.51227853e-05 4.57231581e-06 8.63259484e-06 5.86308670e-06 2.23829749e-05 4.77994472e-06 1.52285246e-05 3.83008090e-05 3.50268849e-05 1.12016736e-05 4.12330840e-05 3.35748162e-05 1.33552501e-05 3.75347434e-05 4.34871707e-05 9.10866002e-06 3.49476625e-05 7.51341380e-05 2.27816010e-05 1.85096583e-04 3.51231205e-04 1.40492482e-05 1.08205855e-04 7.87548342e-06 2.63331400e-05 2.13768111e-04 3.92800087e-04 6.70939725e-05 1.46126946e-04 2.33723520e-05 6.29746055e-06 1.25572331e-05 5.60289360e-06 1.66171775e-07 2.70989315e-09 1.34540290e-10
 1996 11 22 12 00 00  3.54453475e-03 2.15342984e-03 1.17968152e-03 8.31619382e-04 5.85936601e-04 3.36931897e-04 2.36548337e-04 1.94055454e-04 3.90444528e-04 1.15232565e-04 2.68751053e-03 3.96239124e-03 2.05158557e-04 5.98267626e-05 3.96541317e-05 1.06820338e-04 2.87825707e-05 4.80340736e-05 1.06376916e-04 6.61544735e-05 1.17439720e-04 1.42816060e-04 8.80759146e-05 6.51950727e-05 4.57249880e-06 8.73865429e-06 5.86310125e-06 2.23897467e-05 4.77935355e-06 1.52279312e-05 3.83035190e-05 3.50279035e-05 1.12042435e-05 4.12944892e-05 3.35402001e-05 1.33552821e-05 3.75418001e-05 4.34909606e-05 9.19690428e-06 3.50762899e-05 7.51386511e-05 2.27591459e-05 1.85633488e-04 3.50912563e-04 1.40365025e-05 1.08201684e-04 7.88522302e-06 2.62896036e-05 2.13689249e-04 3.93033584e-04 6.70428609e-05 1.49496535e-04 2.78890625e-05 7.93928498e-06 1.63464085e-05 8.14265900e-06 2.81532357e-07 8.77454696e-09 6.85652690e-10
 1996 11 23 12 00 00  3.54503938e-03 2.15445741e-03 1.18027159e-03 8.31939365e-04 5.86156966e-04 3.36939299e-04 2.36595616e-04 1.94124732e-04 3.90624611e-04 1.15425483e-04 2.68890749e-03 3.96239348e-03 2.05345897e-04 5.99644294e-05 3.96965687e-05 1.06908654e-04 2.87869421e-05 4.80394316e-05 1.06653894e-04 6.63841201e-05 1.17449261e-04 1.42823011e-04 8.80999122e-05 6.53468048e-05 4.57277420e-06 8.88924478e-06 5.86312417e-06 2.24098887e-05 4.78448164e-06 1.52388625e-05 3.83445863e-05 3.50294344e-05 1.12081012e-05 4.14234007e-05 3.38404032e-05 1.33553302e-05 3.76269887e-05 4.35585194e-05 9.32219991e-06 3.53789026e-05 7.53159313e-05 2.29535930e-05 1.86608674e-04 3.53675568e-04 1.41470227e-05 1.09156102e-04 7.89984042e-06 2.66666349e-05 2.14797056e-04 3.94753076e-04 6.75395843e-05 1.54368466e-04 3.42951666e-05 1.02679212e-05 2.17207618e-05 1.17458883e-05 4.45266960e-07 1.73875492e-08 1.46847450e-09
 1996 11 24 12 00 00  3.54292816e-03 2.15281873e-03 1.17925553e-03 8.31225249e-04 5.85546665e-04 3.36697893e-04 2.36341061e-04 1.93838506e-04 3.89872709e-04 1.15172973e-04 2.68289404e-03 3.95177118e-03 2.05002731e-04 5.98510934e-05 3.96404015e-05 1.06675556e-04 2.87303090e-05 4.78877453e-05 1.06411457e-04 6.62357314e-05 1.17132339e-04 1.42411272e-04 8.79201792e-05 6.54172138e-05 4.56867710e-06 9.10954041e-06 5.86138558e-06 2.24014219e-05 4.78111833e-06 1.52215658e-05 3.82617681e-05 3.50057002e-05 1.11616260e-05 4.14643384e-05 3.36438156e-05 1.33469235e-05 3.74730228e-05 4.33354283e-05 9.50549438e-06 3.55229889e-05 7.48253075e-05 2.28275370e-05 1.86840743e-04 3.51867862e-04 1.40747145e-05 1.08111588e-04 7.57727685e-06 2.64219503e-05 2.12967158e-04 3.93530060e-04 6.70824256e-05 1.60347399e-04 4.36583337e-05 1.36714775e-05 2.95760610e-05 1.70135779e-05 6.84716571e-07 2.99894786e-08 2.61399720e-09
 1996 11 25 12 00 00  3.53776775e-03 2.15041370e-03 1.17764714e-03 8.29818366e-04 5.84187964e-04 3.35971183e-04 2.35676622e-04 1.93130804e-04 3.88026474e-04 1.14885303e-04 2.66800666e-03 3.91990021e-03 2.04424602e-04 5.98454180e-05 3.95750938e-05 1.06165402e-04 2.85487622e-05 4.74184024e-05 1.06339279e-04 6.63522573e-05 1.16150767e-04 1.41157579e-04 8.74255153e-05 6.52627573e-05 4.55565387e-06 9.12083415e-06 5.85610978e-06 2.23520839e-05 4.78367256e-06 1.51921087e-05 3.80603168e-05 3.49304173e-05 1.10119261e-05 4.12765442e-05 3.37936450e-05 1.33215784e-05 3.70881668e-05 4.27455082e-05 9.51488764e-06 3.53517226e-05 7.36053667e-05 2.29258061e-05 1.84605134e-04 3.53248347e-04 1.41299339e-05 1.06490155e-04 6.57066121e-06 2.66122428e-05 2.09870774e-04 3.90595233e-04 6.68845309e-05 1.57912135e-04 4.41594289e-05 1.38535776e-05 2.99960976e-05 1.72923651e-05 6.97181559e-07 3.06298126e-08 2.67180624e-09
 1996 11 26 12 00 00  3.53187076e-03 2.14647253e-03 1.17515738e-03 8.27947068e-04 5.82519671e-04 3.35239427e-04 2.34946354e-04 1.92325027e-04 3.85920256e-04 1.14309748e-04 2.65110789e-03 3.88802886e-03 2.03568431e-04 5.96348151e-05 3.94465726e-05 1.05531189e-04 2.83672096e-05 4.69490566e-05 1.05859716e-04 6.61257189e-05 1.15168768e-04 1.39903856e-04 8.68991126e-05 6.50415564e-05 4.54262990e-06 9.12718315e-06 5.85083362e-06 2.22889949e-05 4.77852627e-06 1.51475719e-05 3.78106421e-05 3.48551403e-05 1.08622204e-05 4.10322783e-05 3.34929267e-05 1.32962319e-05 3.66062014e-05 4.20757943e-05 9.52016635e-06 3.50195819e-05 7.21663876e-05 2.27332683e-05 1.82071864e-04 3.50483438e-04 1.40193375e-05 1.03631063e-04 5.56401974e-06 2.62384478e-05 2.05211394e-04 3.85865242e-04 6.59566944e-05 1.55207497e-04 4.44523235e-05 1.39599915e-05 3.02414297e-05 1.74537294e-05 7.04289698e-07 3.09867744e-08 2.70381939e-09
 1996 11 27 12 00 00  3.52597375e-03 2.14253131e-03 1.17266760e-03 8.26075844e-04 5.80851499e-04 3.34507681e-04 2.34216107e-04 1.91519285e-04 3.83814108e-04 1.13734188e-04 2.63420967e-03 3.85615788e-03 2.02712281e-04 5.94242607e-05 3.93180635e-05 1.04897016e-04 2.81856570e-05 4.64797165e-05 1.05379948e-04 6.58992562e-05 1.14185425e-04 1.38650152e-04 8.63727127e-05 6.47827108e-05 4.52960667e-06 9.08077636e-06 5.84555783e-06 2.22224695e-05 4.77337890e-06 1.51030368e-05 3.75593490e-05 3.47798603e-05 1.07125183e-05 4.07561749e-05 3.31921736e-05 1.32708868e-05 3.61187125e-05 4.14034313e-05 9.48154920e-06 3.46184725e-05 7.07225647e-05 2.25407726e-05 1.79269945e-04 3.47718193e-04 1.39087277e-05 1.00737159e-04 4.55739319e-06 2.58647167e-05 2.00552295e-04 3.80972083e-04 6.50290316e-05 1.50854569e-04 4.25178871e-05 1.32567234e-05 2.86178673e-05 1.63597860e-05 6.54189017e-07 2.83217915e-08 2.46085374e-09
 1996 11 28 12 00 00  3.52412291e-03 2.14144258e-03 1.17196714e-03 8.25525801e-04 5.80348868e-04 3.34266749e-04 2.33984265e-04 1.91267322e-04 3.83154018e-04 1.13584773e-04 2.62890191e-03 3.84553522e-03 2.02468570e-04 5.93848207e-05 3.92846879e-05 1.04707016e-04 2.81275716e-05 4.63262404e-05 1.05282639e-04 6.58746809e-05 1.13859771e-04 1.38236103e-04 8.62034472e-05 6.46800423e-05 4.52541826e-06 9.02802494e-06 5.84381160e-06 2.22005897e-05 4.77277608e-06 1.50908853e-05 3.74837729e-05 3.47556168e-05 1.06647596e-05 4.06506876e-05 3.31572170e-05 1.32624642e-05 3.59691211e-05 4.11928800e-05 9.43765481e-06 3.44598197e-05 7.02795534e-05 2.25195196e-05 1.78200671e-04 3.47398298e-04 1.38959319e-05 9.99454715e-05 4.22996636e-06 2.58232263e-05 1.99264770e-04 3.79522057e-04 6.48326944e-05 1.48286655e-04 4.03003740e-05 1.24505881e-05 2.67570477e-05 1.51085760e-05 5.97071829e-07 2.52975234e-08 2.18548255e-09
 1996 11 29 12 00 00  3.52727644e-03 2.14240768e-03 1.17267421e-03 8.26286461e-04 5.81148321e-04 3.34755437e-04 2.34405227e-04 1.91704595e-04 3.84287512e-04 1.13657660e-04 2.63807611e-03 3.86678614e-03 2.02741032e-04 5.93052831e-05 3.93024582e-05 1.05004476e-04 2.82553985e-05 4.66474681e-05 1.05169143e-04 6.56560238e-05 1.14520030e-04 1.39082712e-04 8.65243874e-05 6.46889603e-05 4.53452813e-06 8.92168609e-06 5.84736408e-06 2.22235797e-05 4.76783207e-06 1.51056061e-05 3.76015535e-05 3.48081841e-05 1.07705586e-05 4.06974111e-05 3.28681926e-05 1.32794346e-05 3.61826764e-05 4.15587569e-05 9.34917334e-06 3.43839784e-05 7.10199796e-05 2.23338764e-05 1.79115672e-04 3.44740110e-04 1.37896044e-05 1.00494947e-04 4.92377985e-06 2.54629384e-05 2.00781114e-04 3.80532546e-04 6.46774138e-05 1.46867044e-04 3.58052927e-05 1.08165456e-05 2.29854421e-05 1.25760061e-05 4.81708230e-07 1.92077849e-08 1.63145728e-09
 1996 11 30 12 00 00  3.52753413e-03 2.14292274e-03 1.17297027e-03 8.26450811e-04 5.81264410e-04 3.34760715e-04 2.34430276e-04 1.91740898e-04 3.84380495e-04 1.13754556e-04 2.63879771e-03 3.86678763e-03 2.02835602e-04 5.93747893e-05 3.93238658e-05 1.05050986e-04 2.82592839e-05 4.66522295e-05 1.05309040e-04 6.57715951e-05 1.14523270e-04 1.39088891e-04 8.65375000e-05 6.46637605e-05 4.53477296e-06 8.85451518e-06 5.84738445e-06 2.22249022e-05 4.77039248e-06 1.51114232e-05 3.76194159e-05 3.48095404e-05 1.07739863e-05 4.06766835e-05 3.30181880e-05 1.32794783e-05 3.62122944e-05 4.15880666e-05 9.29328162e-06 3.43497543e-05 7.11023899e-05 2.24315605e-05 1.78888370e-04 3.46121311e-04 1.38448524e-05 1.00890739e-04 4.93677144e-06 2.56522413e-05 2.01361914e-04 3.80976687e-04 6.49305453e-05 1.44857237e-04 3.29726083e-05 9.78679805e-06 2.06085578e-05 1.09790346e-05 4.08896037e-07 1.53591724e-08 1.28119488e-09
 1996 12 01 12 00 00  3.52763844e-03 2.14312128e-03 1.17308497e-03 8.26518940e-04 5.81315858e-04 3.34764082e-04 2.34441421e-04 1.91756807e-04 3.84419825e-04 1.13792296e-04 2.63909825e-03 3.86678912e-03 2.02873188e-04 5.94031596e-05 3.93325687e-05 1.05071533e-04 2.82621972e-05 4.66558005e-05 1.05368769e-04 6.58182020e-05 1.14525100e-04 1.39093518e-04 8.65435043e-05 6.46214230e-05 4.53495595e-06 8.78207502e-06 5.84739973e-06 2.22228745e-05 4.77136382e-06 1.51139922e-05 3.76257994e-05 3.48105619e-05 1.07765569e-05 4.06415196e-05 3.30754992e-05 1.32795074e-05 3.62203820e-05 4.15994100e-05 9.23300468e-06 3.42766539e-05 7.11361058e-05 2.24704534e-05 1.78572332e-04 3.46650978e-04 1.38660391e-05 1.01024167e-04 4.94651140e-06 2.57272914e-05 2.01612818e-04 3.81030769e-04 6.50352768e-05 1.42649228e-04 2.99192756e-05 8.67683575e-06 1.80465033e-05 9.25744580e-06 3.30387232e-07 1.12083431e-08 9.03399577e-10
 1996 12 02 12 00 00  3.52134141e-03 2.13835262e-03 1.17012003e-03 8.24394404e-04 5.79476495e-04 3.34028713e-04 2.33674726e-04 1.90896974e-04 3.82171360e-04 1.13061412e-04 2.62110177e-03 3.83491740e-03 2.01866538e-04 5.90812267e-05 3.91697266e-05 1.04368803e-04 2.80796754e-05 4.61852673e-05 1.04665315e-04 6.54056552e-05 1.13539357e-04 1.37838263e-04 8.59993645e-05 6.42993927e-05 4.52187160e-06 8.69554424e-06 5.84211848e-06 2.21461596e-05 4.76207861e-06 1.50611139e-05 3.73467475e-05 3.47349414e-05 1.06259969e-05 4.03117061e-05 3.25323927e-05 1.32541536e-05 3.56755994e-05 4.08805431e-05 9.16100398e-06 3.37391100e-05 6.95665734e-05 2.21205395e-05 1.75413513e-04 3.41654701e-04 1.36661881e-05 9.74309633e-05 3.93663322e-06 2.50484154e-05 1.96093719e-04 3.75035859e-04 6.37097939e-05 1.36953814e-04 2.62716861e-05 7.35084734e-06 1.49858127e-05 7.20084365e-06 2.36604330e-07 6.25021261e-09 4.52132598e-10
 1996 12 03 12 00 00  3.51623265e-03 2.13606488e-03 1.16857859e-03 8.23019016e-04 5.78135831e-04 3.33301015e-04 2.33014009e-04 1.90195174e-04 3.80342137e-04 1.12795477e-04 2.60634752e-03 3.80304530e-03 2.01308854e-04 5.90903538e-05 3.91090084e-05 1.03865914e-04 2.78966676e-05 4.57141374e-05 1.04619666e-04 6.55473792e-05 1.12552722e-04 1.36582237e-04 8.55061677e-05 6.40589921e-05 4.50875632e-06 8.58058193e-06 5.83683468e-06 2.20891373e-05 4.76523237e-06 1.50325016e-05 3.71439404e-05 3.46591522e-05 1.04750085e-05 4.00509086e-05 3.27170826e-05 1.32287896e-05 3.52832990e-05 4.02879622e-05 9.06534624e-06 3.34136060e-05 6.83455681e-05 2.22404502e-05 1.72547007e-04 3.43354925e-04 1.37341970e-05 9.58095784e-05 2.92512923e-06 2.52808677e-05 1.93092631e-04 3.71821429e-04 6.35627323e-05 1.30551082e-04 2.14248397e-05 5.58890135e-06 1.09188394e-05 4.46818019e-06 1.11999843e-07 1.13831433e-10 1.00000000e-10
 1996 12 04 12 00 00  3.51238755e-03 2.13360955e-03 1.16701750e-03 8.21826030e-04 5.77061958e-04 3.32815087e-04 2.32535481e-04 1.89669962e-04 3.78968699e-04 1.12444042e-04 2.59532266e-03 3.78179885e-03 2.00769435e-04 5.89726343e-05 3.90303234e-05 1.03458485e-04 2.77770945e-05 4.54030291e-05 1.04344565e-04 6.54341478e-05 1.11898827e-04 1.35748753e-04 8.51596970e-05 6.38886552e-05 4.50016560e-06 8.54200334e-06 5.83332512e-06 2.20462149e-05 4.76265923e-06 1.50047635e-05 3.69832123e-05 3.46094748e-05 1.03764934e-05 3.98688342e-05 3.25667148e-05 1.32119094e-05 3.49699355e-05 3.98504189e-05 9.03324253e-06 3.31541159e-05 6.74122462e-05 2.21442082e-05 1.70679390e-04 3.41972403e-04 1.36788961e-05 9.40224764e-05 2.25892090e-06 2.50940095e-05 1.90179948e-04 3.68752796e-04 6.30272628e-05 1.27445011e-04 1.98181558e-05 5.00478511e-06 9.57033292e-06 3.55936401e-06 7.03631365e-08 1.00000000e-10 1.00000000e-10
 1996 12 05 12 00 00  3.51119713e-03 2.13109326e-03 1.16557446e-03 8.21078144e-04 5.76573095e-04 3.32812238e-04 2.32432098e-04 1.89514397e-04 3.78551497e-04 1.11972987e-04 2.59209904e-03 3.78180146e-03 2.00315941e-04 5.86380122e-05 3.89270549e-05 1.03262591e-04 2.77829182e-05 4.54101682e-05 1.03682500e-04 6.48728106e-05 1.11904992e-04 1.35758010e-04 8.51114235e-05 6.37685252e-05 4.50053194e-06 8.51535442e-06 5.83335532e-06 2.20242768e-05 4.75001143e-06 1.49811989e-05 3.69093680e-05 3.46115121e-05 1.03816339e-05 3.97680246e-05 3.18270642e-05 1.32119720e-05 3.48153359e-05 3.97278340e-05 9.01106469e-06 3.28692721e-05 6.70747401e-05 2.16679866e-05 1.70132385e-04 3.35168420e-04 1.34067368e-05 9.20221696e-05 2.27840119e-06 2.41700182e-05 1.87704279e-04 3.65838158e-04 6.18437643e-05 1.26516027e-04 1.87207661e-05 4.60579424e-06 8.64906547e-06 2.93675104e-06 4.41808822e-08 1.00000000e-10 1.00000000e-10
 1996 12 06 12 00 00  3.50954409e-03 2.13040076e-03 1.16510167e-03 8.20654052e-04 5.76159075e-04 3.32575293e-04 2.32219384e-04 1.89290151e-04 3.77962510e-04 1.11898053e-04 2.58734454e-03 3.77117991e-03 2.00144818e-04 5.86517574e-05 3.89100654e-05 1.03108109e-04 2.77277431e-05 4.52602661e-05 1.03692589e-04 6.49367517e-05 1.11584171e-04 1.35348593e-04 8.49521872e-05 6.37141987e-05 4.49652689e-06 8.50570650e-06 5.83162400e-06 2.20095617e-05 4.75138004e-06 1.49734971e-05 3.68504191e-05 3.45882901e-05 1.03364458e-05 3.97037980e-05 3.19075451e-05 1.32035813e-05 3.46983780e-05 3.95444646e-05 9.00303203e-06 3.28083410e-05 6.67034851e-05 2.17216410e-05 1.69370281e-04 3.35911061e-04 1.34364424e-05 9.15967198e-05 1.96071433e-06 2.42737427e-05 1.86861164e-04 3.65021762e-04 6.18411654e-05 1.25378723e-04 1.83477154e-05 4.47010023e-06 8.33545625e-06 2.72137723e-06 3.76970206e-08 1.00000000e-10 1.00000000e-10
 1996 12 07 12 00 00  3.50937863e-03 2.13001206e-03 1.16487986e-03 8.20553873e-04 5.76105354e-04 3.32580768e-04 2.32208586e-04 1.89272218e-04 3.77908618e-04 1.11826067e-04 2.58692783e-03 3.77118327e-03 2.00077434e-04 5.86023022e-05 3.88947317e-05 1.03086522e-04 2.77350220e-05 4.52691864e-05 1.03600086e-04 6.48522633e-05 1.11592911e-04 1.35360157e-04 8.49488251e-05 6.36924876e-05 4.49698528e-06 8.49344578e-06 5.83166220e-06 2.20076575e-05 4.74938497e-06 1.49711427e-05 3.68446224e-05 3.45908367e-05 1.03428698e-05 3.96866500e-05 3.17914353e-05 1.32036614e-05 3.46806444e-05 3.95351732e-05 8.99282604e-06 3.27570809e-05 6.66762911e-05 2.16492117e-05 1.69282719e-04 3.34845883e-04 1.33938353e-05 9.13270330e-05 1.98505677e-06 2.41327289e-05 1.86576521e-04 3.64643066e-04 6.16750777e-05 1.25079630e-04 1.78606783e-05 4.29297861e-06 7.92626914e-06 2.44231975e-06 3.02862333e-08 1.00000000e-10 1.00000000e-10
 1996 12 08 12 00 00  3.50974046e-03 2.13072588e-03 1.16529061e-03 8.20785931e-04 5.76272263e-04 3.32589406e-04 2.32244665e-04 1.89324238e-04 3.78040552e-04 1.11960661e-04 2.58794870e-03 3.77118625e-03 2.00209428e-04 5.86998224e-05 3.89247398e-05 1.03153353e-04 2.77418207e-05 4.52775188e-05 1.03799486e-04 6.50139351e-05 1.11601483e-04 1.35370962e-04 8.49679344e-05 6.37223677e-05 4.49741310e-06 8.49028147e-06 5.83169749e-06 2.20158339e-05 4.75292036e-06 1.49795162e-05 3.68731344e-05 3.45932174e-05 1.03488688e-05 3.97130998e-05 3.19988409e-05 1.32037356e-05 3.47326522e-05 3.95826678e-05 8.99019069e-06 3.28281806e-05 6.68048813e-05 2.17854758e-05 1.69434177e-04 3.36757198e-04 1.34702879e-05 9.19459871e-05 2.00778813e-06 2.43965507e-05 1.87406542e-04 3.65562564e-04 6.20318193e-05 1.25131313e-04 1.77440090e-05 4.25052599e-06 7.82808281e-06 2.37403996e-06 2.84421077e-08 1.00000000e-10 1.00000000e-10
 1996 12 09 12 00 00  3.51411059e-03 2.13421341e-03 1.16744546e-03 8.22315178e-04 5.77588595e-04 3.33088607e-04 2.32775723e-04 1.89924941e-04 3.79605041e-04 1.12506611e-04 2.60045662e-03 3.79243791e-03 2.00939536e-04 5.89578012e-05 3.90465952e-05 1.03657903e-04 2.78720778e-05 4.56017209e-05 1.04360666e-04 6.53597061e-05 1.12269847e-04 1.36221428e-04 8.53425426e-05 6.39642497e-05 4.50667612e-06 8.56338665e-06 5.83526271e-06 2.20733504e-05 4.76060595e-06 1.50194938e-05 3.70774458e-05 3.46466317e-05 1.04568098e-05 3.99573384e-05 3.24489549e-05 1.32207308e-05 3.51262631e-05 4.00920542e-05 9.05101697e-06 3.32420020e-05 6.79306715e-05 2.20779431e-05 1.71724877e-04 3.40901091e-04 1.36360437e-05 9.46582820e-05 2.70971959e-06 2.49634642e-05 1.91527300e-04 3.70089855e-04 6.30820063e-05 1.29558137e-04 2.08521169e-05 5.38033598e-06 1.04356378e-05 4.12251504e-06 9.47303192e-08 1.00000000e-10 1.00000000e-10
 1996 12 10 12 00 00  3.51844490e-03 2.13762226e-03 1.16955540e-03 8.23822575e-04 5.78891748e-04 3.33588013e-04 2.33303998e-04 1.90521396e-04 3.81157691e-04 1.13037985e-04 2.61287007e-03 3.81368995e-03 2.01655906e-04 5.92060353e-05 3.91654280e-05 1.04157138e-04 2.80028209e-05 4.59265255e-05 1.04903226e-04 6.56889111e-05 1.12936742e-04 1.37072680e-04 8.57158639e-05 6.41452998e-05 4.51597007e-06 8.55528779e-06 5.83883011e-06 2.21250686e-05 4.76789028e-06 1.50588200e-05 3.72770770e-05 3.47002147e-05 1.05651823e-05 4.01502526e-05 3.28757713e-05 1.32377361e-05 3.55069626e-05 4.05941363e-05 9.04427143e-06 3.35423522e-05 6.90400446e-05 2.23561306e-05 1.73590976e-04 3.44831564e-04 1.37932625e-05 9.72580766e-05 3.41328778e-06 2.55025196e-05 1.95578347e-04 3.74285651e-04 6.40979440e-05 1.31467024e-04 2.05570222e-05 5.27295022e-06 1.01872223e-05 3.94920468e-06 8.63682864e-08 1.00000000e-10 1.00000000e-10
 1996 12 11 12 00 00  3.52443275e-03 2.14168928e-03 1.17211919e-03 8.25757198e-04 5.80621289e-04 3.34330072e-04 2.34048217e-04 1.91345230e-04 3.83302475e-04 1.13638372e-04 2.63006828e-03 3.84556577e-03 2.02539147e-04 5.94368334e-05 3.93000674e-05 1.04815813e-04 2.81950517e-05 4.64089535e-05 1.05431928e-04 6.59468060e-05 1.13933863e-04 1.38343356e-04 8.62517089e-05 6.44240347e-05 4.52966597e-06 8.61553126e-06 5.84416193e-06 2.21969657e-05 4.77360045e-06 1.51067309e-05 3.75426417e-05 3.47792346e-05 1.07243090e-05 4.04448521e-05 3.32103460e-05 1.32631962e-05 3.60155551e-05 4.12905279e-05 9.09438604e-06 3.39804762e-05 7.05459873e-05 2.25740907e-05 1.76549578e-04 3.47912473e-04 1.39164989e-05 1.00336779e-04 4.45562619e-06 2.59248918e-05 2.00527761e-04 3.79530259e-04 6.51125182e-05 1.36475923e-04 2.31853469e-05 6.22819714e-06 1.23911131e-05 5.41783069e-06 1.52458669e-07 1.58790274e-09 2.23910779e-11
 1996 12 12 12 00 00  3.53726496e-03 2.14886120e-03 1.17676971e-03 8.29546951e-04 5.84156181e-04 3.36044815e-04 2.35677439e-04 1.93110164e-04 3.87898553e-04 1.14603702e-04 2.66703784e-03 3.91993895e-03 2.04176440e-04 5.96627441e-05 3.95178999e-05 1.06152176e-04 2.86337163e-05 4.75225388e-05 1.06035311e-04 6.60275458e-05 1.16245728e-04 1.41292602e-04 8.74478057e-05 6.49199257e-05 4.56100170e-06 8.67964991e-06 5.85655034e-06 2.23363562e-05 4.77536887e-06 1.51937846e-05 3.80783540e-05 3.49601585e-05 1.10868976e-05 4.09999938e-05 3.33140400e-05 1.33225010e-05 3.70376816e-05 4.27760135e-05 9.14772536e-06 3.46638470e-05 7.36832249e-05 2.26421616e-05 1.82593620e-04 3.48868041e-04 1.39547216e-05 1.05538144e-04 6.85476043e-06 2.60566914e-05 2.09567213e-04 3.88693375e-04 6.63527770e-05 1.45392675e-04 2.59754781e-05 7.24226763e-06 1.47308012e-05 6.97791933e-06 2.22735224e-07 5.23819468e-09 3.52979534e-10
 1996 12 13 12 00 00  3.54939781e-03 2.15738110e-03 1.18211738e-03 8.33510621e-04 5.87661342e-04 3.37520781e-04 2.37174717e-04 1.94773688e-04 3.92238567e-04 1.15875911e-04 2.70181677e-03 3.98368612e-03 2.06009427e-04 6.01740660e-05 3.98025955e-05 1.07487995e-04 2.90079828e-05 4.84749151e-05 1.07185346e-04 6.66285865e-05 1.18225039e-04 1.43817772e-04 8.85209930e-05 6.54268831e-05 4.58775176e-06 8.71378361e-06 5.86716014e-06 2.24747474e-05 4.78877955e-06 1.52914108e-05 3.86089063e-05 3.51146271e-05 1.13961571e-05 4.15451810e-05 3.40991537e-05 1.33733134e-05 3.80588591e-05 4.41685985e-05 9.17612269e-06 3.54600149e-05 7.67018239e-05 2.31509781e-05 1.88078811e-04 3.56094365e-04 1.42437746e-05 1.11879773e-04 8.90536539e-06 2.70432385e-05 2.19711435e-04 3.99213959e-04 6.85443550e-05 1.52516476e-04 2.74528809e-05 7.77924720e-06 1.59698223e-05 7.80515647e-06 2.60076470e-07 7.18363928e-09 5.29319655e-10
 1996 12 14 12 00 00  3.55896468e-03 2.16335198e-03 1.18592555e-03 8.36469578e-04 5.90350939e-04 3.38746509e-04 2.38373259e-04 1.96086758e-04 3.95662045e-04 1.16724197e-04 2.72930959e-03 4.03680839e-03 2.07331764e-04 6.04482379e-05 3.99930021e-05 1.08508522e-04 2.93193036e-05 4.92678606e-05 1.07839071e-04 6.68754976e-05 1.19872714e-04 1.45921170e-04 8.93915841e-05 6.57796802e-05 4.61000782e-06 8.71019074e-06 5.87599861e-06 2.25778816e-05 4.79430528e-06 1.53615257e-05 3.90146149e-05 3.52431496e-05 1.16533723e-05 4.19403018e-05 3.44225264e-05 1.34156522e-05 3.88348761e-05 4.52679414e-05 9.17313082e-06 3.59674251e-05 7.90508418e-05 2.33601357e-05 1.92282973e-04 3.59070254e-04 1.43628102e-05 1.16230259e-04 1.06122978e-05 2.74488615e-05 2.27002037e-04 4.06558695e-04 6.98291510e-05 1.57346069e-04 2.73134021e-05 7.72851422e-06 1.58525793e-05 7.72472356e-06 2.56289994e-07 6.97452407e-09 5.10061193e-10
 1996 12 15 12 00 00  3.56045927e-03 2.16365819e-03 1.18617792e-03 8.36798221e-04 5.90717438e-04 3.38991157e-04 2.38576788e-04 1.96294764e-04 3.96199915e-04 1.16727599e-04 2.73367576e-03 4.04743366e-03 2.07436194e-04 6.03847152e-05 3.99945605e-05 1.08643964e-04 2.93841877e-05 4.94296604e-05 1.07735682e-04 6.67262997e-05 1.20206327e-04 1.46346010e-04 8.95490125e-05 6.58413692e-05 4.61462405e-06 8.74647885e-06 5.87778013e-06 2.25939527e-05 4.79094633e-06 1.53673289e-05 3.90717995e-05 3.52697709e-05 1.17071286e-05 4.20120776e-05 3.42260755e-05 1.34241476e-05 3.89410167e-05 4.54477212e-05 9.20331877e-06 3.60295639e-05 7.94078950e-05 2.32335849e-05 1.93170318e-04 3.57262996e-04 1.42905198e-05 1.16428443e-04 1.09624438e-05 2.72033358e-05 2.27592852e-04 4.07149984e-04 6.96684437e-05 1.59464254e-04 2.88889426e-05 8.30115141e-06 1.71738208e-05 8.60618695e-06 2.96030720e-07 9.04130939e-09 6.97305902e-10
 1996 12 16 12 00 00  3.56467021e-03 2.16682915e-03 1.18815054e-03 8.38225386e-04 5.91960942e-04 3.39487059e-04 2.39092182e-04 1.96872710e-04 3.97706374e-04 1.17213829e-04 2.74573618e-03 4.06868458e-03 2.08107774e-04 6.05991830e-05 4.01030288e-05 1.09119375e-04 2.95120175e-05 4.97508910e-05 1.08207161e-04 6.69998990e-05 1.20870240e-04 1.47192619e-04 8.99155071e-05 6.60315000e-05 4.62373428e-06 8.76653430e-06 5.88133262e-06 2.26444591e-05 4.79706250e-06 1.54036937e-05 3.92625346e-05 3.53223382e-05 1.18129283e-05 4.22120007e-05 3.45840672e-05 1.34411195e-05 3.93065153e-05 4.59341582e-05 9.22000181e-06 3.63410708e-05 8.04737610e-05 2.34652995e-05 1.95119956e-04 3.60557684e-04 1.44223074e-05 1.18833677e-04 1.16562624e-05 2.76526669e-05 2.31352203e-04 4.11107886e-04 7.05604790e-05 1.62189922e-04 2.97714984e-05 8.62189281e-06 1.79137309e-05 9.09824314e-06 3.18101229e-07 1.01804599e-08 8.00286948e-10
 1996 12 17 12 00 00  3.57285184e-03 2.17269486e-03 1.19182210e-03 8.40926390e-04 5.94338654e-04 3.40473274e-04 2.40099304e-04 1.97994501e-04 4.00632470e-04 1.18096696e-04 2.76918239e-03 4.11118343e-03 2.09363378e-04 6.09639745e-05 4.03002128e-05 1.10026387e-04 2.97633087e-05 5.03879914e-05 1.09020233e-04 6.74405368e-05 1.22191841e-04 1.48878904e-04 9.06358891e-05 6.63719906e-05 4.64167970e-06 8.78126011e-06 5.88841467e-06 2.27383102e-05 4.80693125e-06 1.54709026e-05 3.96239882e-05 3.54259420e-05 1.20206729e-05 4.25776752e-05 3.51615658e-05 1.34750138e-05 4.00000988e-05 4.68743322e-05 9.23225307e-06 3.68804668e-05 8.25182296e-05 2.38386230e-05 1.98779507e-04 3.65871932e-04 1.46348773e-05 1.23215429e-04 1.30292901e-05 2.83767004e-05 2.38323915e-04 4.18330353e-04 7.21096923e-05 1.66714033e-04 3.04049112e-05 8.85212348e-06 1.84450083e-05 9.45347820e-06 3.34174439e-07 1.10207520e-08 8.76527384e-10
 1996 12 18 12 00 00  3.58284040e-03 2.17953374e-03 1.19612857e-03 8.44152132e-04 5.97209371e-04 3.41703644e-04 2.41336541e-04 1.99364714e-04 4.04205780e-04 1.19107845e-04 2.79783492e-03 4.16430682e-03 2.10843512e-04 6.13543712e-05 4.05264551e-05 1.11119493e-04 3.00765736e-05 5.11833176e-05 1.09906513e-04 6.78816228e-05 1.23843060e-04 1.50985396e-04 9.15256517e-05 6.67874468e-05 4.66405800e-06 8.81431843e-06 5.89726369e-06 2.28520242e-05 4.81679745e-06 1.55499208e-05 4.00598410e-05 3.55551427e-05 1.22796031e-05 4.30261075e-05 3.57389916e-05 1.35173730e-05 4.08366656e-05 4.80234914e-05 9.25975837e-06 3.75239970e-05 8.50018347e-05 2.42122289e-05 2.03335957e-04 3.71185910e-04 1.48474364e-05 1.28300847e-04 1.47427258e-05 2.91012111e-05 2.46526235e-04 4.26822390e-04 7.38112543e-05 1.72781153e-04 3.18171929e-05 9.36547749e-06 1.96297295e-05 1.02469613e-05 3.70172765e-07 1.29099739e-08 1.04812372e-09
 1996 12 19 12 00 00  3.58300119e-03 2.17985060e-03 1.19631106e-03 8.44255691e-04 5.97284203e-04 3.41707396e-04 2.41352669e-04 1.99388046e-04 4.04264870e-04 1.19167706e-04 2.79828932e-03 4.16430831e-03 2.10902383e-04 6.13982606e-05 4.05399491e-05 1.11149425e-04 3.00794869e-05 5.11868857e-05 1.09997100e-04 6.79542660e-05 1.23846387e-04 1.50990025e-04 9.15340918e-05 6.67910852e-05 4.66424171e-06 8.79955915e-06 5.89727897e-06 2.28547780e-05 4.81836396e-06 1.55536412e-05 4.00717639e-05 3.55561642e-05 1.22821744e-05 4.30298117e-05 3.58310324e-05 1.35174050e-05 4.08582295e-05 4.80438288e-05 9.24747728e-06 3.75380709e-05 8.50575769e-05 2.42732756e-05 2.03334654e-04 3.72034780e-04 1.48813912e-05 1.28567015e-04 1.47524639e-05 2.92192883e-05 2.46896207e-04 4.27190605e-04 7.39713589e-05 1.72378375e-04 3.11914287e-05 9.13800527e-06 1.91047134e-05 9.89467660e-06 3.54143805e-07 1.20652288e-08 9.71306235e-10
 1996 12 20 12 00 00  3.57899855e-03 2.17707892e-03 1.19456805e-03 8.42962080e-04 5.96139513e-04 3.41218619e-04 2.40858930e-04 1.98840649e-04 4.02834401e-04 1.18756700e-04 2.78682444e-03 4.14306074e-03 2.10304772e-04 6.12374191e-05 4.04479898e-05 1.10713653e-04 2.99579668e-05 5.08733967e-05 1.09634065e-04 6.77693693e-05 1.23189426e-04 1.50153447e-04 9.11798283e-05 6.65911124e-05 4.65552839e-06 8.73912722e-06 5.89375886e-06 2.28070364e-05 4.81421812e-06 1.55223967e-05 3.98987709e-05 3.55058059e-05 1.21819437e-05 4.28223524e-05 3.55884637e-05 1.35005030e-05 4.05205444e-05 4.75856879e-05 9.19719751e-06 3.72167773e-05 8.40692341e-05 2.41165850e-05 2.01288110e-04 3.69802829e-04 1.47921132e-05 1.26497183e-04 1.40797521e-05 2.89153773e-05 2.43630703e-04 4.23655785e-04 7.32797201e-05 1.68509387e-04 2.86190314e-05 8.20293594e-06 1.69466472e-05 8.44803053e-06 2.88422964e-07 8.60931699e-09 6.57235288e-10
 1996 12 21 12 00 00  3.56571710e-03 2.16892783e-03 1.18935668e-03 8.38892553e-04 5.92430386e-04 3.39507408e-04 2.39193342e-04 1.97019631e-04 3.98083556e-04 1.17608553e-04 2.74866211e-03 4.06869091e-03 2.08492776e-04 6.08823936e-05 4.01902680e-05 1.09307458e-04 2.95265840e-05 4.97687375e-05 1.08778938e-04 6.74710027e-05 1.20888025e-04 1.47215763e-04 8.99681369e-05 6.61000691e-05 4.62465105e-06 8.73367244e-06 5.88140792e-06 2.26651689e-05 4.80750023e-06 1.54271587e-05 3.93412564e-05 3.53274343e-05 1.18257791e-05 4.22723081e-05 3.51955561e-05 1.34412781e-05 3.94510075e-05 4.60638022e-05 9.19265876e-06 3.65157808e-05 8.08269460e-05 2.38635024e-05 1.95412660e-04 3.66188335e-04 1.46475334e-05 1.20597262e-04 1.17049611e-05 2.84243491e-05 2.33701510e-04 4.13646454e-04 7.15899910e-05 1.61497032e-04 2.83796366e-05 8.11593259e-06 1.67459341e-05 8.31446303e-06 2.82425525e-07 8.29927149e-09 6.29193897e-10
 1996 12 22 12 00 00  3.55413074e-03 2.16151415e-03 1.18464490e-03 8.35277202e-04 5.89167826e-04 3.38040037e-04 2.37748063e-04 1.95432259e-04 3.93940461e-04 1.16544486e-04 2.71540271e-03 4.00494598e-03 2.06862661e-04 6.05213434e-05 3.99518515e-05 1.08068761e-04 2.91576580e-05 4.88229125e-05 1.07933559e-04 6.71200687e-05 1.18915764e-04 1.44699092e-04 8.89212648e-05 6.56449314e-05 4.59823677e-06 8.70506046e-06 5.87082577e-06 2.25385365e-05 4.79959563e-06 1.53414996e-05 3.88500961e-05 3.51748371e-05 1.15212330e-05 4.17719840e-05 3.47332738e-05 1.33905211e-05 3.85058263e-05 4.47373263e-05 9.16885037e-06 3.58412387e-05 7.79882141e-05 2.35658037e-05 1.90183907e-04 3.61935795e-04 1.44774318e-05 1.15186983e-04 9.67222441e-06 2.78467545e-05 2.24768733e-04 4.04510744e-04 6.99406909e-05 1.54727075e-04 2.71775796e-05 7.67894599e-06 1.57372200e-05 7.63610658e-06 2.51451677e-07 6.65871482e-09 4.79801265e-10
 1996 12 23 12 00 00  3.54066403e-03 2.15296964e-03 1.17920816e-03 8.31091867e-04 5.85383803e-04 3.36328452e-04 2.36066612e-04 1.93587385e-04 3.89125328e-04 1.15322847e-04 2.67674011e-03 3.93057689e-03 2.04980177e-04 6.01147876e-05 3.96782096e-05 1.06632515e-04 2.87272473e-05 4.77194466e-05 1.06977761e-04 6.67350541e-05 1.16615167e-04 1.41762972e-04 8.77021027e-05 6.51281233e-05 4.56742091e-06 8.68551870e-06 5.85847993e-06 2.23926491e-05 4.79089540e-06 1.52426189e-05 3.82805151e-05 3.49968061e-05 1.11659290e-05 4.12003954e-05 3.42246174e-05 1.33313093e-05 3.74111442e-05 4.31959967e-05 9.15259079e-06 3.50830218e-05 7.46929032e-05 2.32389648e-05 1.84172825e-04 3.57257534e-04 1.42903013e-05 1.08969418e-04 7.30069514e-06 2.72124627e-05 2.14457188e-04 3.94020300e-04 6.80685119e-05 1.47268354e-04 2.63579370e-05 7.38097588e-06 1.50493878e-05 7.17336056e-06 2.30309581e-07 5.53792567e-09 3.77715104e-10
 1996 12 24 12 00 00  3.53047053e-03 2.14566333e-03 1.17463449e-03 8.27740310e-04 5.82440921e-04 3.35102854e-04 2.34814651e-04 1.92193479e-04 3.85483450e-04 1.14224788e-04 2.64755963e-03 3.87745686e-03 2.03417931e-04 5.96637010e-05 3.94331837e-05 1.05510465e-04 2.84207810e-05 4.69324528e-05 1.05975516e-04 6.61909406e-05 1.14972647e-04 1.39667297e-04 8.68070308e-05 6.47031156e-05 4.54547044e-06 8.66214905e-06 5.84966692e-06 2.22775955e-05 4.77864560e-06 1.51603554e-05 3.78368193e-05 3.48699803e-05 1.09130000e-05 4.07449453e-05 3.35081742e-05 1.32890229e-05 3.65536688e-05 4.20337362e-05 9.13314434e-06 3.44085554e-05 7.21707085e-05 2.27774348e-05 1.79623738e-04 3.50666703e-04 1.40266681e-05 1.03561278e-04 5.61000270e-06 2.63170281e-05 2.05880040e-04 3.85115810e-04 6.61604318e-05 1.41567182e-04 2.53738248e-05 7.02322427e-06 1.42236016e-05 6.61834267e-06 2.04990312e-07 4.19859001e-09 2.55795785e-10
 1996 12 25 12 00 00  3.52254021e-03 2.14027608e-03 1.17123858e-03 8.25201733e-04 5.80184913e-04 3.34125403e-04 2.33834117e-04 1.91109274e-04 3.82650367e-04 1.13432388e-04 2.62483625e-03 3.83496135e-03 2.02251803e-04 5.93647334e-05 3.92562357e-05 1.04652188e-04 2.81772576e-05 4.63048811e-05 1.05298478e-04 6.58588193e-05 1.13660514e-04 1.37993365e-04 8.61014915e-05 6.43754448e-05 4.52801396e-06 8.63333844e-06 5.84262489e-06 2.21894285e-05 4.77112953e-06 1.50993804e-05 3.74973086e-05 3.47690977e-05 1.07121101e-05 4.03913378e-05 3.30687966e-05 1.32552130e-05 3.58972221e-05 4.11297574e-05 9.10917006e-06 3.39027447e-05 7.02239204e-05 2.24954012e-05 1.76024068e-04 3.46625994e-04 1.38650398e-05 9.96079210e-05 4.26295774e-06 2.57696345e-05 1.99510604e-04 3.78517777e-04 6.48566256e-05 1.36753408e-04 2.41705380e-05 6.58577305e-06 1.32137313e-05 5.93822853e-06 1.73865825e-07 2.54476586e-09 1.05061648e-10
 1996 12 26 12 00 00  3.51643977e-03 2.13590297e-03 1.16850101e-03 8.23202504e-04 5.78433381e-04 3.33393575e-04 2.33086312e-04 1.90276962e-04 3.80472730e-04 1.12775923e-04 2.60738804e-03 3.80309112e-03 2.01317716e-04 5.90963319e-05 3.91098797e-05 1.03984643e-04 2.79971660e-05 4.58373193e-05 1.04703911e-04 6.55353244e-05 1.12679692e-04 1.36741966e-04 8.55670766e-05 6.41210090e-05 4.51508167e-06 8.61728404e-06 5.83735637e-06 2.21215296e-05 4.76381138e-06 1.50508705e-05 3.72350275e-05 3.46943270e-05 1.05636929e-05 4.01191099e-05 3.26410227e-05 1.32298825e-05 3.53873535e-05 4.04387396e-05 9.09580776e-06 3.34984058e-05 6.87269209e-05 2.22207222e-05 1.73308887e-04 3.42691850e-04 1.37076740e-05 9.63960132e-05 3.26119407e-06 2.52365280e-05 1.94430708e-04 3.73235967e-04 6.37251748e-05 1.33329509e-04 2.35114610e-05 6.34613971e-06 1.26603936e-05 5.56397582e-06 1.56624159e-07 1.62002527e-09 2.05622408e-11
 1996 12 27 12 00 00  3.51274886e-03 2.13376338e-03 1.16712129e-03 8.22107470e-04 5.77426652e-04 3.32909579e-04 2.32622134e-04 1.89772894e-04 3.79154443e-04 1.12483806e-04 2.59678922e-03 3.78184468e-03 2.00835918e-04 5.90211990e-05 3.90443188e-05 1.03604110e-04 2.78785563e-05 4.55273956e-05 1.04514670e-04 6.54931413e-05 1.12027530e-04 1.35910016e-04 8.52277524e-05 6.39769755e-05 4.50655243e-06 8.59688880e-06 5.83385154e-06 2.20828636e-05 4.76281421e-06 1.50264322e-05 3.70855669e-05 3.46449902e-05 1.04660314e-05 3.99594966e-05 3.25829693e-05 1.32130110e-05 3.50968047e-05 4.00200019e-05 9.07883586e-06 3.32948536e-05 6.78441593e-05 2.21845447e-05 1.71595767e-04 3.42159317e-04 1.36863727e-05 9.48816004e-05 2.59822264e-06 2.51660909e-05 1.91854762e-04 3.70604481e-04 6.33426959e-05 1.30821861e-04 2.26650604e-05 6.03842004e-06 1.19499490e-05 5.08476097e-06 1.34639530e-07 6.60940813e-10 1.00000000e-10
 1996 12 28 12 00 00  3.50877449e-03 2.13103305e-03 1.16540256e-03 8.20833483e-04 5.76300388e-04 3.32423651e-04 2.32132560e-04 1.89230971e-04 3.77735902e-04 1.12080927e-04 2.58541617e-03 3.76059860e-03 2.00247049e-04 5.88669563e-05 3.89543603e-05 1.03175688e-04 2.77599553e-05 4.52174834e-05 1.04167757e-04 6.53185882e-05 1.11375562e-04 1.35078081e-04 8.48762208e-05 6.38166964e-05 4.49802283e-06 8.58774365e-06 5.83034707e-06 2.20397550e-05 4.75885681e-06 1.49961841e-05 3.69180769e-05 3.45956534e-05 1.03683742e-05 3.97860776e-05 3.23516899e-05 1.31961409e-05 3.47703019e-05 3.95712125e-05 9.07122376e-06 3.30466332e-05 6.68782641e-05 2.20362621e-05 1.69835145e-04 3.40032633e-04 1.36013053e-05 9.28995257e-05 1.93526612e-06 2.48782540e-05 1.88676373e-04 3.67322102e-04 6.26785649e-05 1.28625700e-04 2.22995792e-05 5.90551037e-06 1.16429272e-05 4.87569582e-06 1.24907437e-07 3.08564907e-10 1.00000000e-10
 1996 12 29 12 00 00  3.50212720e-03 2.12551872e-03 1.16200984e-03 8.18488717e-04 5.74318201e-04 3.31688515e-04 2.31335833e-04 1.88325562e-04 3.75364492e-04 1.11210359e-04 2.56647496e-03 3.72872800e-03 1.99105916e-04 5.84451245e-05 3.87606976e-05 1.02415780e-04 2.75803468e-05 4.47505212e-05 1.03266457e-04 6.47384324e-05 1.10395519e-04 1.33827456e-04 8.43184916e-05 6.35259919e-05 4.48512183e-06 8.58639396e-06 5.82508110e-06 2.19629298e-05 4.74582121e-06 1.49365173e-05 3.66214627e-05 3.45210545e-05 1.02203849e-05 3.94830131e-05 3.15891375e-05 1.31708162e-05 3.41907592e-05 3.88224114e-05 9.07009744e-06 3.25468160e-05 6.52215110e-05 2.15443783e-05 1.66995230e-04 3.33016819e-04 1.33206728e-05 8.88337486e-05 9.35128264e-07 2.39240631e-05 1.82436107e-04 3.60763916e-04 6.10017940e-05 1.25584636e-04 2.22664335e-05 5.89340407e-06 1.16147043e-05 4.85345706e-06 1.23658144e-07 2.53706212e-10 1.00000000e-10
 1996 12 30 12 00 00  3.49863115e-03 2.12377453e-03 1.16085722e-03 8.17517391e-04 5.73397114e-04 3.31207602e-04 2.30890048e-04 1.87848387e-04 3.74115896e-04 1.10992511e-04 2.55641691e-03 3.70748267e-03 1.98696303e-04 5.84230375e-05 3.87114851e-05 1.02069571e-04 2.74636812e-05 4.44429752e-05 1.03183658e-04 6.47846842e-05 1.09745960e-04 1.32998589e-04 8.39885650e-05 6.34018240e-05 4.47671409e-06 8.56986662e-06 5.82158609e-06 2.19285686e-05 4.74679618e-06 1.49163367e-05 3.64864189e-05 3.44723929e-05 1.01244375e-05 3.93404656e-05 3.16465448e-05 1.31539666e-05 3.39276131e-05 3.84273426e-05 9.05634151e-06 3.23890709e-05 6.44029899e-05 2.15830572e-05 1.65383564e-04 3.33547046e-04 1.33418818e-05 8.76971699e-05 2.78645530e-07 2.39987508e-05 1.80290324e-04 3.58630130e-04 6.08110723e-05 1.23260872e-04 2.15960966e-05 5.64965662e-06 1.10517698e-05 4.47156140e-06 1.05982204e-07 1.00000000e-10 1.00000000e-10
 1996 12 31 12 00 00  3.49905343e-03 2.12460830e-03 1.16133650e-03 8.17787113e-04 5.73590301e-04 3.31217964e-04 2.30931929e-04 1.87908594e-04 3.74268732e-04 1.11149419e-04 2.55760656e-03 3.70748676e-03 1.98849777e-04 5.85354054e-05 3.87460914e-05 1.02147004e-04 2.74719350e-05 4.44530975e-05 1.03411016e-04 6.49712340e-05 1.09756573e-04 1.33011716e-04 8.40110244e-05 6.34424417e-05 4.47723323e-06 8.57386694e-06 5.82162902e-06 2.19386445e-05 4.75093220e-06 1.49261178e-05 3.65208513e-05 3.44752858e-05 1.01317222e-05 3.93759393e-05 3.18888342e-05 1.31540568e-05 3.39895314e-05 3.84834607e-05 9.05966444e-06 3.24822026e-05 6.45543362e-05 2.17407636e-05 1.65601328e-04 3.35777966e-04 1.34311187e-05 8.84242013e-05 3.06254151e-07 2.43043934e-05 1.81256496e-04 3.59724689e-04 6.12233212e-05 1.23579592e-04 2.18049037e-05 5.72546635e-06 1.12262849e-05 4.58328361e-06 1.10678848e-07 1.00000000e-10 1.00000000e-10
 1997 01 01 12 00 00  3.49911792e-03 2.12469449e-03 1.16138666e-03 8.17830775e-04 5.73632796e-04 3.31226303e-04 2.30941863e-04 1.87921018e-04 3.74294800e-04 1.11166096e-04 2.55781990e-03 3.70749012e-03 1.98867654e-04 5.85472365e-05 3.87496963e-05 1.02164103e-04 2.74806749e-05 4.44638077e-05 1.03437297e-04 6.49895985e-05 1.09767650e-04 1.33025603e-04 8.40183125e-05 6.34525700e-05 4.47778366e-06 8.57793711e-06 5.82167449e-06 2.19422980e-05 4.75132256e-06 1.49286203e-05 3.65326963e-05 3.44783446e-05 1.01394340e-05 3.93855223e-05 3.19118175e-05 1.31541514e-05 3.40049947e-05 3.85014918e-05 9.06304413e-06 3.25003966e-05 6.46007768e-05 2.17561494e-05 1.65689645e-04 3.35990133e-04 1.34396053e-05 8.85524100e-05 3.35474397e-07 2.43341186e-05 1.81464681e-04 3.59955711e-04 6.12785127e-05 1.23855362e-04 2.20241325e-05 5.80504668e-06 1.14094157e-05 4.69975934e-06 1.15517891e-07 1.00000000e-10 1.00000000e-10
