#START
 1997 01 01 12 00 00  3.49911792e-03 2.12469449e-03 1.16138666e-03 8.17830775e-04 5.73632796e-04 3.31226303e-04 2.30941863e-04 1.87921018e-04 3.74294800e-04 1.11166096e-04 2.55781990e-03 3.70749012e-03 1.98867654e-04 5.85472365e-05 3.87496963e-05 1.02164103e-04 2.74806749e-05 4.44638077e-05 1.03437297e-04 6.49895985e-05 1.09767650e-04 1.33025603e-04 8.40183125e-05 6.34525700e-05 4.47778366e-06 8.57793711e-06 5.82167449e-06 2.19422980e-05 4.75132256e-06 1.49286203e-05 3.65326963e-05 3.44783446e-05 1.01394340e-05 3.93855223e-05 3.19118175e-05 1.31541514e-05 3.40049947e-05 3.85014918e-05 9.06304413e-06 3.25003966e-05 6.46007768e-05 2.17561494e-05 1.65689645e-04 3.35990133e-04 1.34396053e-05 8.85524100e-05 3.35474397e-07 2.43341186e-05 1.81464681e-04 3.59955711e-04 6.12785127e-05 1.23855362e-04 2.20241325e-05 5.80504668e-06 1.14094157e-05 4.69975934e-06 1.15517891e-07 1.00000000e-10 1.00000000e-10
 1997 01 02 12 00 00  3.50500130e-03 2.12852789e-03 1.16381647e-03 8.19700167e-04 5.75322982e-04 3.31970279e-04 2.31678038e-04 1.88732058e-04 3.76403489e-04 1.11722794e-04 2.57474434e-03 3.73936780e-03 1.99709179e-04 5.87465944e-05 3.88746299e-05 1.02807051e-04 2.76758190e-05 4.49498126e-05 1.03903230e-04 6.51944662e-05 1.10766723e-04 1.34300918e-04 8.45511551e-05 6.36764094e-05 4.49166291e-06 8.57354680e-06 5.82702087e-06 2.20087925e-05 4.75584966e-06 1.49747760e-05 3.67921319e-05 3.45583830e-05 1.03011320e-05 3.96340646e-05 3.21771280e-05 1.31796449e-05 3.44953206e-05 3.91869028e-05 9.05938577e-06 3.28312192e-05 6.60785138e-05 2.19292197e-05 1.68295429e-04 3.38433489e-04 1.35373396e-05 9.13505073e-05 1.38756332e-06 2.46694544e-05 1.86214712e-04 3.64764686e-04 6.21856120e-05 1.26827172e-04 2.18759902e-05 5.75110421e-06 1.12844700e-05 4.61070699e-06 1.11091020e-07 1.00000000e-10 1.00000000e-10
 1997 01 03 12 00 00  3.51267108e-03 2.13329465e-03 1.16685829e-03 8.22081160e-04 5.77496573e-04 3.32957829e-04 2.32642243e-04 1.89788530e-04 3.79151891e-04 1.12400266e-04 2.59681757e-03 3.78186889e-03 2.00767851e-04 5.89661354e-05 3.90269569e-05 1.03632249e-04 2.79324478e-05 4.55934525e-05 1.04431246e-04 6.53907948e-05 1.12094829e-04 1.35995674e-04 8.52522429e-05 6.39744528e-05 4.50994448e-06 8.58907079e-06 5.83413130e-06 2.20947523e-05 4.76017776e-06 1.50322536e-05 3.71243056e-05 3.46638495e-05 1.05135870e-05 3.99646587e-05 3.24308116e-05 1.32135974e-05 3.51257537e-05 4.00785550e-05 9.07229769e-06 3.32639137e-05 6.79879335e-05 2.20949849e-05 1.71796231e-04 3.40770146e-04 1.36308059e-05 9.48592575e-05 2.77843428e-06 2.49905832e-05 1.92147624e-04 3.70794611e-04 6.32250121e-05 1.31375122e-04 2.25636950e-05 6.00102164e-06 1.18609472e-05 4.99347020e-06 1.28215357e-07 3.30553007e-10 1.00000000e-10
 1997 01 04 12 00 00  3.51841922e-03 2.13685143e-03 1.16912933e-03 8.23864974e-04 5.79128227e-04 3.33700010e-04 2.33365877e-04 1.90581145e-04 3.81212507e-04 1.12905069e-04 2.61336892e-03 3.81374583e-03 2.01559052e-04 5.91285590e-05 3.91404996e-05 1.04251736e-04 2.81266170e-05 4.60782670e-05 1.04823608e-04 6.55339973e-05 1.13093030e-04 1.37269443e-04 8.57787588e-05 6.41976594e-05 4.52376262e-06 8.60038126e-06 5.83947258e-06 2.21595587e-05 4.76332316e-06 1.50755097e-05 3.73745514e-05 3.47435503e-05 1.06744286e-05 4.02125652e-05 3.26152396e-05 1.32390807e-05 3.55992584e-05 4.07489484e-05 9.08170696e-06 3.35869187e-05 6.94240039e-05 2.22157978e-05 1.74427125e-04 3.42469273e-04 1.36987709e-05 9.75074607e-05 3.82727230e-06 2.52245576e-05 1.96602839e-04 3.75318323e-04 6.39991032e-05 1.34795644e-04 2.30660296e-05 6.18357089e-06 1.22820142e-05 5.27288111e-06 1.40703868e-07 7.59426655e-10 1.00000000e-10
 1997 01 05 12 00 00  3.51862477e-03 2.13724961e-03 1.16935839e-03 8.23996773e-04 5.79224744e-04 3.33706241e-04 2.33386919e-04 1.90611074e-04 3.81287482e-04 1.12980114e-04 2.61395376e-03 3.81374806e-03 2.01632785e-04 5.91824055e-05 3.91570744e-05 1.04290425e-04 2.81319604e-05 4.60848183e-05 1.04933271e-04 6.56231306e-05 1.13100031e-04 1.37277942e-04 8.57903732e-05 6.42224578e-05 4.52409913e-06 8.60913351e-06 5.83950023e-06 2.21652437e-05 4.76529058e-06 1.50804509e-05 3.73925997e-05 3.47454188e-05 1.06791435e-05 4.02342830e-05 3.27305694e-05 1.32391389e-05 3.56310816e-05 4.07782515e-05 9.08898583e-06 3.36409213e-05 6.95023887e-05 2.22910792e-05 1.74574417e-04 3.43531518e-04 1.37412607e-05 9.78687913e-05 3.84514133e-06 2.53704173e-05 1.97084198e-04 3.75881518e-04 6.41986700e-05 1.35175599e-04 2.34502659e-05 6.32321351e-06 1.26041619e-05 5.48723281e-06 1.50326768e-07 1.09187139e-09 1.00000000e-10
 1997 01 06 12 00 00  3.51849908e-03 2.13697507e-03 1.16920134e-03 8.23919086e-04 5.79176934e-04 3.33707151e-04 2.33376892e-04 1.90595668e-04 3.81244786e-04 1.12928999e-04 2.61362102e-03 3.81374918e-03 2.01584149e-04 5.91469713e-05 3.91461116e-05 1.04271222e-04 2.81339017e-05 4.60871932e-05 1.04865216e-04 6.55632291e-05 1.13101940e-04 1.37281023e-04 8.57859662e-05 6.41988302e-05 4.52422100e-06 8.59098072e-06 5.83951005e-06 2.21622937e-05 4.76389869e-06 1.50781665e-05 3.73850418e-05 3.47460969e-05 1.06808555e-05 4.02147681e-05 3.26494250e-05 1.32391608e-05 3.56140316e-05 4.07662442e-05 9.07388458e-06 3.35904094e-05 6.94696944e-05 2.22399176e-05 1.74445153e-04 3.42786415e-04 1.37114566e-05 9.76504793e-05 3.85163003e-06 2.52709200e-05 1.96837131e-04 3.75538223e-04 6.40749364e-05 1.34595178e-04 2.26609161e-05 6.03632332e-06 1.19422359e-05 5.04578338e-06 1.30435154e-07 4.01238687e-10 1.00000000e-10
 1997 01 07 12 00 00  3.51915756e-03 2.13835232e-03 1.16999177e-03 8.24334606e-04 5.79453192e-04 3.33710785e-04 2.33435483e-04 1.90683279e-04 3.81477511e-04 1.13187234e-04 2.61541637e-03 3.81374881e-03 2.01833630e-04 5.93315538e-05 3.92030376e-05 1.04381874e-04 2.81329325e-05 4.60860028e-05 1.05233305e-04 6.58722071e-05 1.13101008e-04 1.37279474e-04 8.58138366e-05 6.42562235e-05 4.52415989e-06 8.59253341e-06 5.83950496e-06 2.21741826e-05 4.77080357e-06 1.50915363e-05 3.74268634e-05 3.47457593e-05 1.06799984e-05 4.02633589e-05 3.30535753e-05 1.32391491e-05 3.56997150e-05 4.08362760e-05 9.07517751e-06 3.37306027e-05 6.96624891e-05 2.25015669e-05 1.74691581e-04 3.46505974e-04 1.38602390e-05 9.87533057e-05 3.84837767e-06 2.57782900e-05 1.98229376e-04 3.77130291e-04 6.47306160e-05 1.34732222e-04 2.27218437e-05 6.05848322e-06 1.19934394e-05 5.08081785e-06 1.32077918e-07 4.61254146e-10 1.00000000e-10
 1997 01 08 12 00 00  3.52434494e-03 2.14079835e-03 1.17162422e-03 8.25760185e-04 5.80829071e-04 3.34439893e-04 2.34103765e-04 1.91396108e-04 3.83335113e-04 1.13482958e-04 2.63039006e-03 3.84562053e-03 2.02420374e-04 5.93438932e-05 3.92703647e-05 1.04898871e-04 2.83169065e-05 4.65583202e-05 1.05321546e-04 6.57661818e-05 1.14086107e-04 1.38537036e-04 8.63109242e-05 6.44263044e-05 4.53733592e-06 8.59919455e-06 5.84479385e-06 2.22258353e-05 4.76843707e-06 1.51218983e-05 3.76322466e-05 3.48218891e-05 1.08318425e-05 4.04648161e-05 3.29150382e-05 1.32645218e-05 3.60916985e-05 4.14331181e-05 9.08071961e-06 3.39310075e-05 7.08999111e-05 2.24118019e-05 1.77040466e-04 3.45230823e-04 1.38092329e-05 1.00437169e-04 4.86312201e-06 2.56042433e-05 2.01406427e-04 3.80207557e-04 6.49554646e-05 1.37782911e-04 2.30069057e-05 6.16210000e-06 1.22325611e-05 5.24090486e-06 1.39335721e-07 7.15302839e-10 1.00000000e-10
 1997 01 09 12 00 00  3.52996346e-03 2.14414971e-03 1.17377586e-03 8.27456687e-04 5.82383462e-04 3.35171073e-04 2.34809948e-04 1.92165631e-04 3.85343932e-04 1.13948162e-04 2.64653521e-03 3.87749299e-03 2.03170404e-04 5.94763139e-05 3.93747551e-05 1.05487429e-04 2.84999143e-05 4.70294559e-05 1.05646979e-04 6.58614852e-05 1.15070021e-04 1.39793078e-04 8.68260827e-05 6.46291382e-05 4.55045192e-06 8.60007131e-06 5.85007729e-06 2.22847024e-05 4.77061694e-06 1.51609387e-05 3.78650298e-05 3.48976813e-05 1.09828332e-05 4.06937502e-05 3.30423471e-05 1.32898829e-05 3.65389464e-05 4.20749670e-05 9.08144939e-06 3.42143209e-05 7.22615376e-05 2.24929347e-05 1.79514593e-04 3.46400909e-04 1.38560364e-05 1.02837375e-04 5.87463692e-06 2.57618318e-05 2.05488011e-04 3.84299470e-04 6.56068306e-05 1.40709204e-04 2.30486635e-05 6.17726844e-06 1.22675174e-05 5.26373349e-06 1.40329367e-07 7.48175033e-10 1.00000000e-10
 1997 01 10 12 00 00  3.53378964e-03 2.14656582e-03 1.17531435e-03 8.28637534e-04 5.83449083e-04 3.35656872e-04 2.35286731e-04 1.92688230e-04 3.86710526e-04 1.14292198e-04 2.65750814e-03 3.89873944e-03 2.03702614e-04 5.95885974e-05 3.94517674e-05 1.05891557e-04 2.86194903e-05 4.73405613e-05 1.05910711e-04 6.59656595e-05 1.15723275e-04 1.40626561e-04 8.71717354e-05 6.47803397e-05 4.55904228e-06 8.61382941e-06 5.85358684e-06 2.23256576e-05 4.77299509e-06 1.51882836e-05 3.80238620e-05 3.49473528e-05 1.10813489e-05 4.08595446e-05 3.31812131e-05 1.33067646e-05 3.68472540e-05 4.25092068e-05 9.09289447e-06 3.44376956e-05 7.31869059e-05 2.25815616e-05 1.81248653e-04 3.47677336e-04 1.39070934e-05 1.04576302e-04 6.54084506e-06 2.59339489e-05 2.08359753e-04 3.87245760e-04 6.61230031e-05 1.43060598e-04 2.36395651e-05 6.39204927e-06 1.27631525e-05 5.59525446e-06 1.55338077e-07 1.34785876e-09 1.00000000e-10
 1997 01 11 12 00 00  3.53392640e-03 2.14687808e-03 1.17549261e-03 8.28720826e-04 5.83496259e-04 3.35653836e-04 2.35296415e-04 1.92703734e-04 3.86755622e-04 1.14350089e-04 2.65785910e-03 3.89873795e-03 2.03757067e-04 5.96282450e-05 3.94640571e-05 1.05910528e-04 2.86151248e-05 4.73352091e-05 1.05984939e-04 6.60331745e-05 1.15717686e-04 1.40619625e-04 8.71753648e-05 6.47865487e-05 4.55876761e-06 8.60678483e-06 5.85356465e-06 2.23265293e-05 4.77459143e-06 1.51904507e-05 3.80295989e-05 3.49458278e-05 1.10774941e-05 4.08639050e-05 3.32741125e-05 1.33067166e-05 3.68613752e-05 4.25180760e-05 9.08703078e-06 3.44578015e-05 7.32128772e-05 2.26394623e-05 1.81241665e-04 3.48529541e-04 1.39411816e-05 1.04791328e-04 6.52624294e-06 2.60466943e-05 2.08608156e-04 3.87518144e-04 6.62583984e-05 1.42821210e-04 2.33580934e-05 6.28968980e-06 1.25267018e-05 5.43424118e-06 1.47842600e-07 1.00114494e-09 1.00000000e-10
 1997 01 12 12 00 00  3.53507806e-03 2.14650982e-03 1.17535683e-03 8.28829478e-04 5.83704052e-04 3.35889972e-04 2.35465601e-04 1.92862308e-04 3.87168382e-04 1.14226296e-04 2.66125658e-03 3.90935987e-03 2.03736694e-04 5.94725987e-05 3.94372678e-05 1.05982412e-04 2.86732102e-05 4.74886794e-05 1.05692853e-04 6.57313096e-05 1.16041863e-04 1.41033658e-04 8.73144993e-05 6.47957610e-05 4.56295566e-06 8.61245426e-06 5.85531052e-06 2.23325702e-05 4.76789355e-06 1.51882724e-05 3.80584223e-05 3.49700684e-05 1.11252513e-05 4.08901704e-05 3.28817812e-05 1.33151392e-05 3.69144365e-05 4.26507071e-05 9.09174778e-06 3.44084730e-05 7.34438705e-05 2.23842304e-05 1.81812601e-04 3.44917218e-04 1.37966887e-05 1.04380016e-04 6.85365812e-06 2.55520194e-05 2.08409704e-04 3.87130976e-04 6.57601172e-05 1.43821616e-04 2.36057548e-05 6.37969999e-06 1.27343651e-05 5.57258397e-06 1.54065397e-07 1.26259114e-09 1.00000000e-10
 1997 01 13 12 00 00  3.53694818e-03 2.14763760e-03 1.17607991e-03 8.29392149e-04 5.84215713e-04 3.36131046e-04 2.35699325e-04 1.93117108e-04 3.87835810e-04 1.14383164e-04 2.66661810e-03 3.91998291e-03 2.03987802e-04 5.95179079e-05 3.94724429e-05 1.06175986e-04 2.87312985e-05 4.76421497e-05 1.05802509e-04 6.57655648e-05 1.16366204e-04 1.41447708e-04 8.74845965e-05 6.48632803e-05 4.56714442e-06 8.61354929e-06 5.85705675e-06 2.23514556e-05 4.76868845e-06 1.52008328e-05 3.81334253e-05 3.49943119e-05 1.11730100e-05 4.09660048e-05 3.29281320e-05 1.33235619e-05 3.70610761e-05 4.28607802e-05 9.09265800e-06 3.45038074e-05 7.38880123e-05 2.24134768e-05 1.82625739e-04 3.45342851e-04 1.38137140e-05 1.05170054e-04 7.18108495e-06 2.56088912e-05 2.09740216e-04 3.88470234e-04 6.59771106e-05 1.44790537e-04 2.36580395e-05 6.39869231e-06 1.27781316e-05 5.60114910e-06 1.55307387e-07 1.32369173e-09 1.00000000e-10
 1997 01 14 12 00 00  3.53731848e-03 2.14842332e-03 1.17653053e-03 8.29624788e-04 5.84367054e-04 3.36131382e-04 2.35731259e-04 1.93165342e-04 3.87965570e-04 1.14530269e-04 2.66761871e-03 3.91998179e-03 2.04129382e-04 5.96226341e-05 3.95047598e-05 1.06236615e-04 2.87288713e-05 4.76391753e-05 1.06009936e-04 6.59412763e-05 1.16363421e-04 1.41443850e-04 8.74992982e-05 6.48978795e-05 4.56699127e-06 8.61791850e-06 5.85704402e-06 2.23578803e-05 4.77263929e-06 1.52080854e-05 3.81556464e-05 3.49934649e-05 1.11708687e-05 4.09949457e-05 3.31592280e-05 1.33235342e-05 3.71082746e-05 4.28979796e-05 9.09629089e-06 3.45876092e-05 7.39908446e-05 2.25624797e-05 1.82772657e-04 3.47468953e-04 1.38987581e-05 1.05788576e-04 7.17297080e-06 2.58979504e-05 2.10506155e-04 3.89362151e-04 6.63464994e-05 1.44967162e-04 2.38570825e-05 6.47101351e-06 1.29448910e-05 5.71114442e-06 1.60175523e-07 1.56994058e-09 9.99452743e-12
 1997 01 15 12 00 00  3.53904232e-03 2.14923701e-03 1.17707368e-03 8.30096329e-04 5.84820826e-04 3.36372777e-04 2.35952783e-04 1.93401614e-04 3.88582511e-04 1.14628496e-04 2.67258880e-03 3.93060483e-03 2.04324374e-04 5.96268061e-05 3.95272235e-05 1.06406970e-04 2.87884177e-05 4.77944326e-05 1.06039603e-04 6.59062469e-05 1.16689860e-04 1.41860205e-04 8.76638505e-05 6.49623547e-05 4.57127135e-06 8.63200112e-06 5.85879716e-06 2.23753392e-05 4.77184876e-06 1.52178659e-05 3.82224520e-05 3.50182148e-05 1.12199130e-05 4.10684934e-05 3.31129995e-05 1.33319743e-05 3.72381180e-05 4.30947764e-05 9.10800736e-06 3.46691809e-05 7.43974935e-05 2.25327516e-05 1.83604995e-04 3.47043723e-04 1.38817489e-05 1.06345377e-04 7.50526378e-06 2.58402608e-05 2.11540641e-04 3.90401165e-04 6.64188657e-05 1.46341721e-04 2.44646145e-05 6.69183264e-06 1.34544305e-05 6.05161223e-06 1.75563817e-07 2.37315279e-09 8.28381086e-11
 1997 01 16 12 00 00  3.54104961e-03 2.15064145e-03 1.17795586e-03 8.30746586e-04 5.85393795e-04 3.36616118e-04 2.36199656e-04 1.93675654e-04 3.89299544e-04 1.14837459e-04 2.67833259e-03 3.94122824e-03 2.04626339e-04 5.97098798e-05 3.95740232e-05 1.06625090e-04 2.88479670e-05 4.79496928e-05 1.06226035e-04 6.60032965e-05 1.17015761e-04 1.42276574e-04 8.78406155e-05 6.50328759e-05 4.57555179e-06 8.62096349e-06 5.86055139e-06 2.23963219e-05 4.77401918e-06 1.52334491e-05 3.83069419e-05 3.50429706e-05 1.12689573e-05 4.11472767e-05 3.32400319e-05 1.33404101e-05 3.74024600e-05 4.33208899e-05 9.09882947e-06 3.47767488e-05 7.48858721e-05 2.26149466e-05 1.84414492e-04 3.48212847e-04 1.39285139e-05 1.07360292e-04 7.83756768e-06 2.59996596e-05 2.13176681e-04 3.92045371e-04 6.67722419e-05 1.46934021e-04 2.39554658e-05 6.50685038e-06 1.30279628e-05 5.77110083e-06 1.63206735e-07 1.75256059e-09 2.71808798e-11
 1997 01 17 12 00 00  3.53931251e-03 2.14982385e-03 1.17741019e-03 8.30265497e-04 5.84927287e-04 3.36370676e-04 2.35974943e-04 1.93435846e-04 3.88676547e-04 1.14738306e-04 2.67330838e-03 3.93060297e-03 2.04429676e-04 5.97053736e-05 3.95514725e-05 1.06449573e-04 2.87840463e-05 4.77890775e-05 1.06194971e-04 6.60384132e-05 1.16683875e-04 1.41853254e-04 8.76732338e-05 6.49677626e-05 4.57099632e-06 8.60941291e-06 5.85877497e-06 2.23776834e-05 4.77480935e-06 1.52228151e-05 3.82354285e-05 3.50166898e-05 1.12160553e-05 4.10728697e-05 3.32862430e-05 1.33319249e-05 3.72677911e-05 4.31173514e-05 9.08923466e-06 3.46953117e-05 7.44620888e-05 2.26447271e-05 1.83568583e-04 3.48637919e-04 1.39455168e-05 1.06773862e-04 7.49064711e-06 2.60574365e-05 2.12079663e-04 3.90949634e-04 6.66920263e-05 1.45512196e-04 2.33570026e-05 6.28956300e-06 1.25277218e-05 5.45036053e-06 1.49686091e-07 1.12095671e-09 1.00000000e-10
 1997 01 18 12 00 00  3.53351032e-03 2.14611474e-03 1.17505269e-03 8.28450948e-04 5.83286710e-04 3.35634304e-04 2.35250049e-04 1.92639576e-04 3.86600518e-04 1.14205621e-04 2.65664147e-03 3.89872938e-03 2.03613319e-04 5.95241643e-05 3.94320735e-05 1.05826496e-04 2.85966758e-05 4.73125954e-05 1.05769799e-04 6.58623467e-05 1.15694773e-04 1.40590303e-04 8.71479108e-05 6.47574745e-05 4.55760601e-06 8.62280431e-06 5.85346861e-06 2.23152403e-05 4.77086105e-06 1.51794012e-05 3.79876599e-05 3.49393697e-05 1.10612149e-05 4.08372890e-05 3.30552168e-05 1.33065172e-05 3.67946899e-05 4.24508306e-05 9.10040544e-06 3.43906366e-05 7.30333795e-05 2.24955147e-05 1.81078396e-04 3.46512153e-04 1.38604861e-05 1.04065226e-04 6.46455082e-06 2.57680222e-05 2.07569527e-04 3.86417386e-04 6.58607076e-05 1.42802338e-04 2.37179789e-05 6.42127684e-06 1.28341350e-05 5.68433093e-06 1.62371804e-07 1.94341561e-09 5.04890241e-11
 1997 01 19 12 00 00  3.52991546e-03 2.14420757e-03 1.17380544e-03 8.27413485e-04 5.82308811e-04 3.35146111e-04 2.34791535e-04 1.92145313e-04 3.85312877e-04 1.13956434e-04 2.64627925e-03 3.87748070e-03 2.03171422e-04 5.94783092e-05 3.93755998e-05 1.05457558e-04 2.84727314e-05 4.69961320e-05 1.05634675e-04 6.58704084e-05 1.15036664e-04 1.39749870e-04 8.68099645e-05 6.46403762e-05 4.54874025e-06 8.63150926e-06 5.84993613e-06 2.22787993e-05 4.77106223e-06 1.51561736e-05 3.78413582e-05 3.48881615e-05 1.09588429e-05 4.06999165e-05 3.30668816e-05 1.32895890e-05 3.65158714e-05 4.20371239e-05 9.10767776e-06 3.42437328e-05 7.21647476e-05 2.25025156e-05 1.79523556e-04 3.46618852e-04 1.38647541e-05 1.02719036e-04 5.78372565e-06 2.57817097e-05 2.05148889e-04 3.84058321e-04 6.55750922e-05 1.40994540e-04 2.38844882e-05 6.48229018e-06 1.29773195e-05 5.80819717e-06 1.70006250e-07 2.49653236e-09 1.04608444e-10
 1997 01 20 12 00 00  3.52780944e-03 2.14260490e-03 1.17280949e-03 8.26700542e-04 5.81691926e-04 3.34900788e-04 2.34535169e-04 1.91857536e-04 3.84560525e-04 1.13710271e-04 2.64025981e-03 3.86685655e-03 2.02833269e-04 5.93688742e-05 3.93206717e-05 1.05221822e-04 2.84117239e-05 4.68390848e-05 1.05395706e-04 6.57294353e-05 1.14709171e-04 1.39331178e-04 8.66281915e-05 6.45687162e-05 4.54436849e-06 8.65522015e-06 5.84817499e-06 2.22564493e-05 4.76790447e-06 1.51383735e-05 3.77494406e-05 3.48628993e-05 1.09085100e-05 4.06204413e-05 3.28820926e-05 1.32811329e-05 3.63387057e-05 4.17990866e-05 9.12743490e-06 3.41297904e-05 7.16435347e-05 2.23830764e-05 1.78735908e-04 3.44918360e-04 1.37967344e-05 1.01543246e-04 5.44654431e-06 2.55500607e-05 2.03291756e-04 3.82196550e-04 6.51255894e-05 1.40586490e-04 2.46880829e-05 6.77488888e-06 1.36550030e-05 6.29059106e-06 1.93945030e-07 3.90825310e-09 2.36788855e-10
 1997 01 21 12 00 00  3.52216737e-03 2.13921320e-03 1.17063442e-03 8.24988156e-04 5.80124174e-04 3.34168128e-04 2.33826042e-04 1.91083977e-04 3.82542321e-04 1.13237296e-04 2.62404261e-03 3.83498445e-03 2.02075257e-04 5.92304000e-05 3.92144364e-05 1.04627930e-04 2.82272638e-05 4.63661709e-05 1.05056464e-04 6.56243705e-05 1.13722592e-04 1.38072846e-04 8.61112648e-05 6.43399346e-05 4.53116154e-06 8.62266752e-06 5.84288427e-06 2.21946756e-05 4.76553178e-06 1.50986383e-05 3.75131236e-05 3.47865978e-05 1.07562380e-05 4.03695974e-05 3.27433809e-05 1.32557558e-05 3.58839519e-05 4.11511710e-05 9.10037561e-06 3.37984095e-05 7.02671291e-05 2.22939023e-05 1.76085492e-04 3.43642538e-04 1.37457015e-05 9.90787173e-05 4.43017743e-06 2.53770093e-05 1.99146069e-04 3.77930659e-04 6.44507257e-05 1.36512384e-04 2.31250584e-05 6.20715043e-06 1.23467687e-05 5.43785450e-06 1.56949643e-07 2.09465421e-09 7.53179852e-11
 1997 01 22 12 00 00  3.51797118e-03 2.13604652e-03 1.16866454e-03 8.23571807e-04 5.78895141e-04 3.33676720e-04 2.33314237e-04 1.90510045e-04 3.81042776e-04 1.12752110e-04 2.61204261e-03 3.81373577e-03 2.01405615e-04 5.90164819e-05 3.91061156e-05 1.04158369e-04 2.81042914e-05 4.60508978e-05 1.04587259e-04 6.53509342e-05 1.13064726e-04 1.37233959e-04 8.57479142e-05 6.41505893e-05 4.52235727e-06 8.60193686e-06 5.83935689e-06 2.21455995e-05 4.75941488e-06 1.50632284e-05 3.73275522e-05 3.47357331e-05 1.06547232e-05 4.01711506e-05 3.23853659e-05 1.32388377e-05 3.55239401e-05 4.06722576e-05 9.08314978e-06 3.34871713e-05 6.92203302e-05 2.20622926e-05 1.74163042e-04 3.40347805e-04 1.36139122e-05 9.67072978e-05 3.75260352e-06 2.49278557e-05 1.95457025e-04 3.74034966e-04 6.35679904e-05 1.33728560e-04 2.20841650e-05 5.82916250e-06 1.14762443e-05 4.87595947e-06 1.32981815e-07 9.63454827e-10 1.00000000e-10
 1997 01 23 12 00 00  3.51574434e-03 2.13420545e-03 1.16753157e-03 8.22781793e-04 5.78223095e-04 3.33428370e-04 2.33045897e-04 1.90205081e-04 3.80246796e-04 1.12461103e-04 2.60568285e-03 3.80311012e-03 2.01023637e-04 5.88750591e-05 3.90413338e-05 1.03900519e-04 2.80408596e-05 4.58908762e-05 1.04283666e-04 6.51568524e-05 1.12733678e-04 1.36811414e-04 8.55596854e-05 6.40550015e-05 4.51783235e-06 8.60652799e-06 5.83758301e-06 2.21191932e-05 4.75507331e-06 1.50426244e-05 3.72251408e-05 3.47096182e-05 1.06022497e-05 4.00709733e-05 3.21312924e-05 1.32303569e-05 3.53271450e-05 4.04172241e-05 9.08698639e-06 3.33239927e-05 6.86540913e-05 2.18978996e-05 1.73220744e-04 3.38009626e-04 1.35203850e-05 9.53116221e-05 3.40730803e-06 2.46090640e-05 1.93323448e-04 3.71807521e-04 6.30009774e-05 1.32733153e-04 2.21579814e-05 5.85628500e-06 1.15402528e-05 4.93548225e-06 1.36881961e-07 1.24756148e-09 3.62248009e-12
 1997 01 24 12 00 00  3.51234921e-03 2.13273005e-03 1.16653150e-03 8.21868479e-04 5.77323174e-04 3.32939337e-04 2.32603783e-04 1.89735841e-04 3.79027733e-04 1.12292449e-04 2.59585320e-03 3.78186069e-03 2.00658660e-04 5.88855350e-05 3.90022732e-05 1.03562877e-04 2.79144850e-05 4.55714355e-05 1.04257657e-04 6.52598799e-05 1.12072382e-04 1.35967126e-04 8.52290835e-05 6.39484631e-05 4.50881380e-06 8.60557120e-06 5.83403817e-06 2.20851238e-05 4.75745765e-06 1.50231302e-05 3.70900142e-05 3.46575660e-05 1.04977371e-05 3.99418399e-05 3.22703389e-05 1.32134024e-05 3.50718446e-05 4.00215396e-05 9.08620423e-06 3.32076472e-05 6.78361202e-05 2.19858237e-05 1.71678036e-04 3.39286657e-04 1.35714663e-05 9.42886826e-05 2.71836852e-06 2.47799879e-05 1.91302830e-04 3.69883767e-04 6.29128217e-05 1.30703837e-04 2.20218930e-05 5.80704420e-06 1.14277164e-05 4.87307361e-06 1.34984650e-07 1.21865864e-09 2.79596346e-12
 1997 01 25 12 00 00  3.51212854e-03 2.13229435e-03 1.16628060e-03 8.21726571e-04 5.77220964e-04 3.32934289e-04 2.32581751e-04 1.89703962e-04 3.78946874e-04 1.12210185e-04 2.59523050e-03 3.78185920e-03 2.00577842e-04 5.88253873e-05 3.89837752e-05 1.03521985e-04 2.79105996e-05 4.55666741e-05 1.04133691e-04 6.51602633e-05 1.12067417e-04 1.35960948e-04 8.52175624e-05 6.39285564e-05 4.50856933e-06 8.60561995e-06 5.83401779e-06 2.20800531e-05 4.75530214e-06 1.50180451e-05 3.70730447e-05 3.46562039e-05 1.04943079e-05 3.99243351e-05 3.21437343e-05 1.32133588e-05 3.50401745e-05 3.99927351e-05 9.08625661e-06 3.31610761e-05 6.77580827e-05 2.19020440e-05 1.71577895e-04 3.38119258e-04 1.35247703e-05 9.39101591e-05 2.70537676e-06 2.46179057e-05 1.90796732e-04 3.69314477e-04 6.26934916e-05 1.30564704e-04 2.19443139e-05 5.77903434e-06 1.13639970e-05 4.84124478e-06 1.34322242e-07 1.24303110e-09 6.51486642e-12
 1997 01 26 12 00 00  3.50854344e-03 2.13042446e-03 1.16505433e-03 8.20693855e-04 5.76241297e-04 3.32443535e-04 2.32122591e-04 1.89209498e-04 3.77661123e-04 1.11967703e-04 2.58488140e-03 3.76060903e-03 2.00141662e-04 5.87838616e-05 3.89286638e-05 1.03152342e-04 2.77837418e-05 4.52466396e-05 1.04005444e-04 6.51761831e-05 1.11405870e-04 1.35115887e-04 8.48785302e-05 6.38176034e-05 4.49952022e-06 8.62105298e-06 5.83047004e-06 2.20434939e-05 4.75570705e-06 1.49946112e-05 3.69253342e-05 3.46039800e-05 1.03893661e-05 3.97914265e-05 3.21671425e-05 1.31963985e-05 3.47612636e-05 3.95768295e-05 9.09910377e-06 3.30269386e-05 6.68840095e-05 2.19159323e-05 1.70045564e-04 3.38333059e-04 1.35333224e-05 9.25790669e-05 2.01481162e-06 2.46450945e-05 1.88371256e-04 3.66983147e-04 6.24191679e-05 1.29050146e-04 2.25509384e-05 5.99966340e-06 1.18737760e-05 5.18985011e-06 1.50654465e-07 2.13926739e-09 8.89145424e-11
 1997 01 27 12 00 00  3.51024750e-03 2.13119936e-03 1.16557476e-03 8.21151637e-04 5.76684451e-04 3.32684772e-04 2.32341946e-04 1.89442445e-04 3.78269759e-04 1.12058342e-04 2.58979420e-03 3.77123207e-03 2.00328822e-04 5.87812457e-05 3.89490628e-05 1.03318528e-04 2.78432883e-05 4.54018940e-05 1.04018657e-04 6.51301525e-05 1.11731766e-04 1.35532242e-04 8.50422190e-05 6.38655527e-05 4.50380030e-06 8.61433582e-06 5.83222391e-06 2.20591800e-05 4.75473098e-06 1.50039492e-05 3.69908943e-05 3.46287328e-05 1.04384104e-05 3.98507401e-05 3.21096973e-05 1.32048386e-05 3.48865039e-05 3.97703199e-05 9.09351438e-06 3.30769784e-05 6.72823718e-05 2.18773916e-05 1.70765028e-04 3.37802698e-04 1.35121079e-05 9.30884084e-05 2.34710460e-06 2.45706382e-05 1.89358346e-04 3.67903871e-04 6.24679660e-05 1.29762189e-04 2.22686403e-05 5.89703868e-06 1.16368843e-05 5.03055247e-06 1.43381706e-07 1.75411867e-09 5.38435629e-11
 1997 01 28 12 00 00  3.51219868e-03 2.13248677e-03 1.16638929e-03 8.21765537e-04 5.77232587e-04 3.32928139e-04 2.32583665e-04 1.89708590e-04 3.78965954e-04 1.12245085e-04 2.59538400e-03 3.78185585e-03 2.00608957e-04 5.88471975e-05 3.89906118e-05 1.03526779e-04 2.79033178e-05 4.55577479e-05 1.04168626e-04 6.51987910e-05 1.12058308e-04 1.35949369e-04 8.52168073e-05 6.39332111e-05 4.50811058e-06 8.60527289e-06 5.83397996e-06 2.20793499e-05 4.75632078e-06 1.50184165e-05 3.70728539e-05 3.46536573e-05 1.04878811e-05 3.99267908e-05 3.22024047e-05 1.32132816e-05 3.50442562e-05 3.99909995e-05 9.08597140e-06 3.31758811e-05 6.77554121e-05 2.19359834e-05 1.71566271e-04 3.38654097e-04 1.35461639e-05 9.40114654e-05 2.68101994e-06 2.46845477e-05 1.90874404e-04 3.69419125e-04 6.27616454e-05 1.30458325e-04 2.19046393e-05 5.76467205e-06 1.13311390e-05 4.82262290e-06 1.33721294e-07 1.22994486e-09 5.79587489e-12
 1997 01 29 12 00 00  3.51428167e-03 2.13404846e-03 1.16736184e-03 8.22463971e-04 5.77838135e-04 3.33171993e-04 2.32837430e-04 1.89992934e-04 3.79710134e-04 1.12483623e-04 2.60133548e-03 3.79247889e-03 2.00939646e-04 5.89517659e-05 3.90440305e-05 1.03757922e-04 2.79628613e-05 4.57130023e-05 1.04398899e-04 6.53316965e-05 1.12384984e-04 1.36365723e-04 8.53968334e-05 6.40313410e-05 4.51239066e-06 8.62315064e-06 5.83573346e-06 2.21036255e-05 4.75927773e-06 1.50355629e-05 3.71629674e-05 3.46784072e-05 1.05369239e-05 4.00288702e-05 3.23755288e-05 1.32217188e-05 3.52215346e-05 4.02268193e-05 9.10084127e-06 3.33379908e-05 6.82691800e-05 2.20484202e-05 1.72550518e-04 3.40247912e-04 1.36099165e-05 9.51729075e-05 3.01331293e-06 2.49025063e-05 1.92672954e-04 3.71340680e-04 6.31913855e-05 1.32027193e-04 2.26982455e-05 6.05307091e-06 1.19963619e-05 5.26409696e-06 1.53456734e-07 2.24350067e-09 9.72917635e-11
 1997 01 30 12 00 00  3.51653610e-03 2.13596524e-03 1.16853809e-03 8.23270423e-04 5.78516205e-04 3.33417461e-04 2.33106680e-04 1.90300200e-04 3.80514774e-04 1.12788681e-04 2.60775672e-03 3.80310230e-03 2.01334598e-04 5.91034563e-05 3.91119908e-05 1.04018144e-04 2.80228967e-05 4.58688563e-05 1.04722382e-04 6.55434851e-05 1.12711737e-04 1.36782867e-04 8.55844956e-05 6.41273238e-05 4.51670130e-06 8.61731314e-06 5.83748988e-06 2.21295941e-05 4.76401256e-06 1.50562773e-05 3.72640726e-05 3.47033318e-05 1.05863997e-05 4.01291586e-05 3.26526788e-05 1.32301633e-05 3.54191922e-05 4.04805312e-05 9.09597948e-06 3.35049051e-05 6.88330214e-05 2.22277871e-05 1.73479908e-04 3.42798527e-04 1.37119411e-05 9.66067341e-05 3.34724282e-06 2.52503320e-05 1.94838211e-04 3.73605175e-04 6.37898151e-05 1.32884857e-04 2.24870281e-05 5.97620428e-06 1.18185271e-05 5.13979629e-06 1.47443384e-07 1.89960492e-09 6.53355037e-11
 1997 01 31 12 00 00  3.51841424e-03 2.13709473e-03 1.16926263e-03 8.23839760e-04 5.79036907e-04 3.33660797e-04 2.33342527e-04 1.90557555e-04 3.81186759e-04 1.12946213e-04 2.61315255e-03 3.81372645e-03 2.01587152e-04 5.91500911e-05 3.91475421e-05 1.04215312e-04 2.80834123e-05 4.60253068e-05 1.04836923e-04 6.55793061e-05 1.13038540e-04 1.37200769e-04 8.57561947e-05 6.41797528e-05 4.52104287e-06 8.59560314e-06 5.83924812e-06 2.21477870e-05 4.76479909e-06 1.50693523e-05 3.73405803e-05 3.47284251e-05 1.06362997e-05 4.01926520e-05 3.26988025e-05 1.32386107e-05 3.55662175e-05 4.06934091e-05 9.07791036e-06 3.35720958e-05 6.92852104e-05 2.22580056e-05 1.74191744e-04 3.43223487e-04 1.37289395e-05 9.74004927e-05 3.68278379e-06 2.53088539e-05 1.96208831e-04 3.74914394e-04 6.40147477e-05 1.33191265e-04 2.16028279e-05 5.65470152e-06 1.10760607e-05 4.63663184e-06 1.24191921e-07 7.50912843e-10 1.00000000e-10
 1997 02 01 12 00 00  3.52179973e-03 2.13856829e-03 1.17026099e-03 8.24744962e-04 5.79925762e-04 3.34147109e-04 2.33782063e-04 1.91023670e-04 3.82400221e-04 1.13114072e-04 2.62294083e-03 3.83497477e-03 2.01950359e-04 5.91379300e-05 3.91861255e-05 1.04548572e-04 2.82068708e-05 4.63411765e-05 1.04856234e-04 6.54742471e-05 1.13695682e-04 1.38040427e-04 8.60848722e-05 6.42710469e-05 4.52987806e-06 8.57729683e-06 5.84277841e-06 2.21796401e-05 4.76242712e-06 1.50882256e-05 3.74725411e-05 3.47794616e-05 1.07382424e-05 4.03083756e-05 3.25600908e-05 1.32555346e-05 3.58161789e-05 4.10833559e-05 9.06266941e-06 3.36610938e-05 7.00891503e-05 2.21688315e-05 1.75618617e-04 3.41947620e-04 1.36779048e-05 9.83880317e-05 4.36198316e-06 2.51358026e-05 1.98180837e-04 3.76728712e-04 6.40930419e-05 1.34547923e-04 2.08797190e-05 5.39171622e-06 1.04684598e-05 4.22165199e-06 1.04786761e-07 4.43607817e-11 1.00000000e-10
 1997 02 02 12 00 00  3.52974457e-03 2.14395826e-03 1.17365943e-03 8.27295753e-04 5.82198435e-04 3.35128640e-04 2.34766487e-04 1.92112588e-04 3.85241730e-04 1.13907651e-04 2.64572633e-03 3.87747250e-03 2.03119148e-04 5.94394744e-05 3.93638071e-05 1.05413449e-04 2.84547627e-05 4.69741120e-05 1.05543770e-04 6.58094825e-05 1.15014841e-04 1.39721308e-04 8.67933003e-05 6.46435985e-05 4.54760957e-06 8.66589908e-06 5.84984300e-06 2.22731485e-05 4.76992500e-06 1.51501338e-05 3.78177103e-05 3.48818750e-05 1.09429886e-05 4.07007400e-05 3.29989241e-05 1.32893925e-05 3.64838625e-05 4.19975079e-05 9.13638723e-06 3.42482726e-05 7.20598609e-05 2.24527786e-05 1.79549390e-04 3.45986247e-04 1.38394499e-05 1.02414912e-04 5.72364552e-06 2.56864412e-05 2.04623398e-04 3.83586653e-04 6.54117813e-05 1.41332461e-04 2.46713357e-05 6.76992574e-06 1.36490233e-05 6.35098385e-06 2.01324696e-07 4.64659742e-09 3.12787130e-10
 1997 02 03 12 00 00  3.53337529e-03 2.14594404e-03 1.17495160e-03 8.28355218e-04 5.83189685e-04 3.35616634e-04 2.35227825e-04 1.92611159e-04 3.86541367e-04 1.14171413e-04 2.65618331e-03 3.89872119e-03 2.03574834e-04 5.94951746e-05 3.94233333e-05 1.05787775e-04 2.85782269e-05 4.72899846e-05 1.05697670e-04 6.58181147e-05 1.15673739e-04 1.40560984e-04 8.71325444e-05 6.48019241e-05 4.55644476e-06 8.71191005e-06 5.85337330e-06 2.23136519e-05 4.77012327e-06 1.51740172e-05 3.79678242e-05 3.49329115e-05 1.10449342e-05 4.08730763e-05 3.30104987e-05 1.33063164e-05 3.67727771e-05 4.24171594e-05 9.17466314e-06 3.44728560e-05 7.29424109e-05 2.24601361e-05 1.81394593e-04 3.46092543e-04 1.38437017e-05 1.03855858e-04 6.40286016e-06 2.57007399e-05 2.07114259e-04 3.86191615e-04 6.57319565e-05 1.44744134e-04 2.66734105e-05 7.49757851e-06 1.53278823e-05 7.47044928e-06 2.51753644e-07 7.26604004e-09 5.50018564e-10
 1997 02 04 12 00 00  3.53346492e-03 2.14613996e-03 1.17506369e-03 8.28410790e-04 5.83224007e-04 3.35615914e-04 2.35234999e-04 1.92622213e-04 3.86571979e-04 1.14207925e-04 2.65642063e-03 3.89872044e-03 2.03609619e-04 5.95206845e-05 3.94312201e-05 1.05801539e-04 2.85767688e-05 4.72881977e-05 1.05747062e-04 6.58612000e-05 1.15672260e-04 1.40558660e-04 8.71356480e-05 6.48182031e-05 4.55635309e-06 8.72407181e-06 5.85336529e-06 2.23156944e-05 4.77111535e-06 1.51756426e-05 3.79730298e-05 3.49324022e-05 1.10436486e-05 4.08865375e-05 3.30683921e-05 1.33063004e-05 3.67847766e-05 4.24256089e-05 9.18478036e-06 3.45078982e-05 7.29655013e-05 2.24968637e-05 1.81482351e-04 3.46624449e-04 1.38649780e-05 1.04010998e-04 6.39798236e-06 2.57721142e-05 2.07290678e-04 3.86434424e-04 6.58208670e-05 1.45134358e-04 2.72053109e-05 7.69089088e-06 1.57738678e-05 7.76747245e-06 2.65107664e-07 7.95770330e-09 6.12608364e-10
 1997 02 05 12 00 00  3.53194377e-03 2.14579251e-03 1.17478733e-03 8.28064109e-04 5.82841251e-04 3.35368875e-04 2.35027794e-04 1.92409363e-04 3.86023339e-04 1.14196550e-04 2.65197019e-03 3.88809368e-03 2.03496828e-04 5.95780823e-05 3.94277958e-05 1.05659606e-04 2.85094546e-05 4.71234176e-05 1.05836306e-04 6.60006655e-05 1.15334800e-04 1.40129954e-04 8.69758175e-05 6.47318821e-05 4.55158406e-06 8.65679467e-06 5.85157140e-06 2.22964892e-05 4.77428257e-06 1.51689538e-05 3.79113234e-05 3.49049282e-05 1.09877488e-05 4.07934850e-05 3.32534604e-05 1.32977773e-05 3.66701462e-05 4.22383464e-05 9.12880423e-06 3.44001604e-05 7.25900756e-05 2.26153832e-05 1.80415122e-04 3.48326061e-04 1.39330424e-05 1.03742669e-04 6.03971021e-06 2.60022061e-05 2.06621796e-04 3.85664760e-04 6.59563203e-05 1.42029761e-04 2.43415585e-05 6.64991353e-06 1.33713734e-05 6.15696638e-06 1.91942054e-07 4.11026271e-09 2.62954303e-10
 1997 02 06 12 00 00  3.53167493e-03 2.14527524e-03 1.17448934e-03 8.27890656e-04 5.82712757e-04 3.35360431e-04 2.34999827e-04 1.92369564e-04 3.85924148e-04 1.14098785e-04 2.65120157e-03 3.88808995e-03 2.03400334e-04 5.95068862e-05 3.94059065e-05 1.05608162e-04 2.85021728e-05 4.71144886e-05 1.05689008e-04 6.58831152e-05 1.15324811e-04 1.40118374e-04 8.69604673e-05 6.46864743e-05 4.55112568e-06 8.62714369e-06 5.85153357e-06 2.22877507e-05 4.77173417e-06 1.51624224e-05 3.78874246e-05 3.49023816e-05 1.09813227e-05 4.07538612e-05 3.31038231e-05 1.32976988e-05 3.66265252e-05 4.21986457e-05 9.10413437e-06 3.43057108e-05 7.24845936e-05 2.25164928e-05 1.80128517e-04 3.46946360e-04 1.38778544e-05 1.03256999e-04 6.01535285e-06 2.58108572e-05 2.05985651e-04 3.84865382e-04 6.56925748e-05 1.40960009e-04 2.30705969e-05 6.18793847e-06 1.23052748e-05 5.44351919e-06 1.59617083e-07 2.41702169e-09 1.09240283e-10
 1997 02 07 12 00 00  3.53533892e-03 2.14737387e-03 1.17584503e-03 8.28967019e-04 5.83702337e-04 3.35842038e-04 2.35460166e-04 1.92868511e-04 3.87231113e-04 1.14382855e-04 2.66171430e-03 3.90933566e-03 2.03873529e-04 5.95753506e-05 3.94694465e-05 1.05981864e-04 2.86183495e-05 4.74214350e-05 1.05862393e-04 6.59147976e-05 1.15974029e-04 1.40946468e-04 8.72973739e-05 6.48307571e-05 4.55950249e-06 8.65126058e-06 5.85502603e-06 2.23255237e-05 4.77254362e-06 1.51859564e-05 3.80336267e-05 3.49508657e-05 1.10768407e-05 4.09131227e-05 3.31505900e-05 1.33145426e-05 3.69122449e-05 4.26115906e-05 9.12419928e-06 3.45091374e-05 7.33519646e-05 2.25441589e-05 1.81838444e-04 3.47373492e-04 1.38949397e-05 1.04723532e-04 6.67021013e-06 2.58650456e-05 2.08480989e-04 3.87423954e-04 6.60481064e-05 1.43578954e-04 2.41123596e-05 6.56658406e-06 1.31789827e-05 6.02713498e-06 1.85981683e-07 3.79214145e-09 2.33924369e-10
 1997 02 08 12 00 00  3.53866876e-03 2.14876374e-03 1.17679491e-03 8.29835079e-04 5.84557413e-04 3.36322705e-04 2.35891927e-04 1.93324623e-04 3.88422664e-04 1.14534668e-04 2.67132568e-03 3.93058136e-03 2.04220030e-04 5.95517134e-05 3.95045177e-05 1.06301551e-04 2.87359871e-05 4.77301655e-05 1.05857012e-04 6.57915080e-05 1.16624151e-04 1.41776872e-04 8.76206472e-05 6.49245404e-05 4.56797097e-06 8.64490648e-06 5.85852540e-06 2.23556607e-05 4.76978021e-06 1.52029003e-05 3.81573415e-05 3.49998649e-05 1.11736437e-05 4.10303007e-05 3.29888804e-05 1.33314039e-05 3.71517776e-05 4.29888779e-05 9.11891257e-06 3.46022878e-05 7.41225018e-05 2.24396819e-05 1.83276588e-04 3.45885481e-04 1.38354192e-05 1.05613562e-04 7.32992994e-06 2.56624044e-05 2.10287084e-04 3.89098020e-04 6.60768563e-05 1.45190205e-04 2.38384137e-05 6.46701278e-06 1.29492195e-05 5.87358434e-06 1.79039726e-07 3.42965629e-09 2.01046868e-10
 1997 02 09 12 00 00  3.53844273e-03 2.14832592e-03 1.17654298e-03 8.29689862e-04 5.84450900e-04 3.36315880e-04 2.35868730e-04 1.93291591e-04 3.88339958e-04 1.14452097e-04 2.67068182e-03 3.93057838e-03 2.04138826e-04 5.94922145e-05 3.94862100e-05 1.06258871e-04 2.87301576e-05 4.77230205e-05 1.05735136e-04 6.56930613e-05 1.16615925e-04 1.41767599e-04 8.76078921e-05 6.48809456e-05 4.56760426e-06 8.61242006e-06 5.85849521e-06 2.23479179e-05 4.76761852e-06 1.51974644e-05 3.81369689e-05 3.49978247e-05 1.11684996e-05 4.09925733e-05 3.28620896e-05 1.33313399e-05 3.71144466e-05 4.29555260e-05 9.09188529e-06 3.45129303e-05 7.40342161e-05 2.23566254e-05 1.82998484e-04 3.44717387e-04 1.37886955e-05 1.05200983e-04 7.31043474e-06 2.55015504e-05 2.09756962e-04 3.88406790e-04 6.58565370e-05 1.44054763e-04 2.24457316e-05 5.96079485e-06 1.17810232e-05 5.09183793e-06 1.43622089e-07 1.57455551e-09 3.26426330e-11
 1997 02 10 12 00 00  3.53731215e-03 2.14880403e-03 1.17674009e-03 8.29588694e-04 5.84228717e-04 3.36069755e-04 2.35695477e-04 1.93129846e-04 3.87928305e-04 1.14595288e-04 2.66728954e-03 3.91995087e-03 2.04174882e-04 5.96595355e-05 3.95167078e-05 1.06181272e-04 2.86609080e-05 4.75558656e-05 1.06042505e-04 6.60168997e-05 1.16277541e-04 1.41335822e-04 8.74638933e-05 6.48652730e-05 4.56271300e-06 8.59752399e-06 5.85669113e-06 2.23387562e-05 4.77493377e-06 1.51985064e-05 3.81007231e-05 3.49696726e-05 1.11108900e-05 4.09590119e-05 3.32897995e-05 1.33227950e-05 3.70550792e-05 4.28106723e-05 9.07949070e-06 3.45558918e-05 7.37735492e-05 2.26315125e-05 1.82332693e-04 3.48651218e-04 1.39460487e-05 1.05617824e-04 6.94568516e-06 2.60350062e-05 2.09900620e-04 3.88729580e-04 6.63806838e-05 1.42631518e-04 2.18022890e-05 5.72692470e-06 1.12413784e-05 4.73136109e-06 1.27337185e-07 8.07935674e-10 1.00000000e-10
 1997 02 11 12 00 00  3.53438719e-03 2.14834709e-03 1.17632375e-03 8.28969320e-04 5.83514118e-04 3.35577787e-04 2.35292070e-04 1.92720112e-04 3.86872413e-04 1.14617057e-04 2.65871412e-03 3.89869809e-03 2.03992363e-04 5.98053948e-05 3.95194463e-05 1.05917843e-04 2.85277347e-05 4.72280954e-05 1.06282913e-04 6.63477520e-05 1.15607346e-04 1.40480730e-04 8.71500354e-05 6.47823691e-05 4.55326663e-06 8.57422492e-06 5.85311136e-06 2.23100830e-05 4.78245711e-06 1.51877130e-05 3.79898770e-05 3.49152397e-05 1.10003784e-05 4.08488933e-05 3.37293808e-05 1.33057678e-05 3.68540303e-05 4.24561951e-05 9.06011046e-06 3.45102725e-05 7.30720932e-05 2.29127720e-05 1.80815694e-04 3.52692710e-04 1.41077084e-05 1.05354164e-04 6.23401356e-06 2.65810901e-05 2.08821420e-04 3.87826275e-04 6.67647024e-05 1.39934409e-04 2.07728543e-05 5.35281386e-06 1.03783982e-05 4.15801630e-06 1.01660845e-07 1.00000000e-10 1.00000000e-10
 1997 02 12 12 00 00  3.52895097e-03 2.14265275e-03 1.17290187e-03 8.26765403e-04 5.81742513e-04 3.35069096e-04 2.34664076e-04 1.91975529e-04 3.84929061e-04 1.13656964e-04 2.64328107e-03 3.87744568e-03 2.02861149e-04 5.92508493e-05 3.93061629e-05 1.05230948e-04 2.83950532e-05 4.69009188e-05 1.05128563e-04 6.55063719e-05 1.14937390e-04 1.39626410e-04 8.67282335e-05 6.45001567e-05 4.54385117e-06 8.57336199e-06 5.84953341e-06 2.22371568e-05 4.76373098e-06 1.51255327e-05 3.77169394e-05 3.48609756e-05 1.08902947e-05 4.05699058e-05 3.26328096e-05 1.32887435e-05 3.63265720e-05 4.18321730e-05 9.05939814e-06 3.39674564e-05 7.16285490e-05 2.22008865e-05 1.78486799e-04 3.42598069e-04 1.37039227e-05 1.00897176e-04 5.52396850e-06 2.52010592e-05 2.02411668e-04 3.80921969e-04 6.46553210e-05 1.37556511e-04 2.06989501e-05 5.32603840e-06 1.03170345e-05 4.12196038e-06 1.00388502e-07 1.00000000e-10 1.00000000e-10
 1997 02 13 12 00 00  3.52610682e-03 2.14235537e-03 1.17257695e-03 8.26196935e-04 5.81063960e-04 3.34579410e-04 2.34268585e-04 1.91577010e-04 3.83901637e-04 1.13708562e-04 2.63493250e-03 3.85619327e-03 2.02707527e-04 5.94171075e-05 3.93152014e-05 1.04982035e-04 2.82638212e-05 4.65755205e-05 1.05408700e-04 6.58712874e-05 1.14270329e-04 1.38774384e-04 8.64188529e-05 6.44436167e-05 4.53452703e-06 8.57654668e-06 5.84596310e-06 2.22121475e-05 4.77205103e-06 1.51166368e-05 3.76142450e-05 3.48072179e-05 1.07814943e-05 4.04821238e-05 3.31187795e-05 1.32717352e-05 3.61404737e-05 4.14901145e-05 9.06205096e-06 3.39734007e-05 7.09592607e-05 2.25112744e-05 1.77144390e-04 3.47065350e-04 1.38826140e-05 1.00790401e-04 4.81877505e-06 2.58038082e-05 2.01516809e-04 3.80307381e-04 6.51152614e-05 1.35741483e-04 2.08138874e-05 5.36786747e-06 1.04138120e-05 4.18965438e-06 1.03666752e-07 2.04234851e-11 1.00000000e-10
 1997 02 14 12 00 00  3.52195076e-03 2.13930400e-03 1.17067194e-03 8.24801924e-04 5.79839077e-04 3.34083838e-04 2.33757324e-04 1.91005037e-04 3.82411989e-04 1.13244102e-04 2.62301560e-03 3.83494273e-03 2.02055998e-04 5.92154333e-05 3.92107414e-05 1.04514260e-04 2.81359942e-05 4.62542957e-05 1.04957450e-04 6.56198128e-05 1.13607056e-04 1.37927772e-04 8.60547065e-05 6.42755678e-05 4.52541644e-06 8.58033309e-06 5.84241025e-06 2.21640972e-05 4.76655150e-06 1.50813251e-05 3.74291388e-05 3.47546535e-05 1.06756939e-05 4.03002946e-05 3.27961374e-05 1.32547633e-05 3.57850279e-05 4.10106034e-05 9.06520218e-06 3.37047555e-05 6.99110111e-05 2.22993185e-05 1.75336947e-04 3.44092125e-04 1.37636850e-05 9.84921048e-05 4.12495792e-06 2.53934326e-05 1.97863555e-04 3.76546286e-04 6.42699951e-05 1.33790328e-04 2.09682784e-05 5.42400487e-06 1.05434513e-05 4.27748309e-06 1.07723443e-07 1.65876735e-10 1.00000000e-10
 1997 02 15 12 00 00  3.51711197e-03 2.13760489e-03 1.16946713e-03 8.23593506e-04 5.78601543e-04 3.33354442e-04 2.33118270e-04 1.90336426e-04 3.80674549e-04 1.13087739e-04 2.60897712e-03 3.80306914e-03 2.01602578e-04 5.93004359e-05 3.91734976e-05 1.04052796e-04 2.79491011e-05 4.57784045e-05 1.05058174e-04 6.58897916e-05 1.12618846e-04 1.36665569e-04 8.55711228e-05 6.41464786e-05 4.51205633e-06 8.58955755e-06 5.83710680e-06 2.21190314e-05 4.77268841e-06 1.50576590e-05 3.72454111e-05 3.46775021e-05 1.05212777e-05 4.01327584e-05 3.31547199e-05 1.32293600e-05 3.54384898e-05 4.04484506e-05 9.07287686e-06 3.35986411e-05 6.87689437e-05 2.25287993e-05 1.73183643e-04 3.47388940e-04 1.38955576e-05 9.73965700e-05 3.10046271e-06 2.58389744e-05 1.95395459e-04 3.74333527e-04 6.43883455e-05 1.31264113e-04 2.13661780e-05 5.56862922e-06 1.08771723e-05 4.50047640e-06 1.17802572e-07 5.17266052e-10 1.00000000e-10
 1997 02 16 12 00 00  3.51073361e-03 2.13267861e-03 1.16641086e-03 8.21415254e-04 5.76721955e-04 3.32617169e-04 2.32343013e-04 1.89464081e-04 3.78394809e-04 1.12326726e-04 2.59074723e-03 3.77119705e-03 2.00565770e-04 5.89549501e-05 3.90034475e-05 1.03334070e-04 2.77651241e-05 4.53060900e-05 1.04303995e-04 6.54386065e-05 1.11633579e-04 1.35408006e-04 8.50227150e-05 6.38821256e-05 4.49887993e-06 8.59372740e-06 5.83181827e-06 2.20462999e-05 4.76263303e-06 1.50028629e-05 3.69635704e-05 3.46013723e-05 1.03694336e-05 3.98511311e-05 3.25659668e-05 1.32039873e-05 3.48917135e-05 3.97234050e-05 9.07634458e-06 3.31627755e-05 6.71784904e-05 2.21469425e-05 1.70449758e-04 3.41969515e-04 1.36787806e-05 9.37232653e-05 2.08572146e-06 2.50986515e-05 1.89683731e-04 3.68404702e-04 6.29777205e-05 1.28375959e-04 2.15539362e-05 5.63685535e-06 1.10345134e-05 4.60454697e-06 1.22429559e-07 6.75014711e-10 1.00000000e-10
 1997 02 17 12 00 00  3.50885310e-03 2.12874305e-03 1.16415250e-03 8.20229379e-04 5.75934537e-04 3.32606942e-04 2.32175976e-04 1.89214332e-04 3.77730993e-04 1.11589019e-04 2.58562267e-03 3.77119854e-03 1.99853405e-04 5.84284599e-05 3.88410524e-05 1.03018636e-04 2.77680374e-05 4.53096553e-05 1.03255859e-04 6.45570806e-05 1.11636882e-04 1.35412635e-04 8.49431959e-05 6.37314769e-05 4.49906365e-06 8.60785003e-06 5.83183355e-06 2.20136233e-05 4.74289700e-06 1.49647216e-05 3.68444215e-05 3.46023910e-05 1.03720042e-05 3.97237387e-05 3.14110104e-05 1.32040193e-05 3.46489608e-05 3.95245771e-05 9.08809307e-06 3.27867614e-05 6.66303175e-05 2.14001309e-05 1.69840980e-04 3.31341199e-04 1.32536480e-05 9.05866265e-05 2.09546179e-06 2.36503096e-05 1.85711939e-04 3.63919972e-04 6.11073590e-05 1.28571737e-04 2.21704501e-05 5.86092222e-06 1.15514631e-05 4.94898466e-06 1.37926366e-07 1.33504554e-09 1.24002031e-11
 1997 02 18 12 00 00  3.51336471e-03 2.13254375e-03 1.16648647e-03 8.21846017e-04 5.77303655e-04 3.33104461e-04 2.32718022e-04 1.89832122e-04 3.79343427e-04 1.12193256e-04 2.59850233e-03 3.79244834e-03 2.00638873e-04 5.87269869e-05 3.89754535e-05 1.03544378e-04 2.78953812e-05 4.56302863e-05 1.03894221e-04 6.49714610e-05 1.12299905e-04 1.36258473e-04 8.53223958e-05 6.39364181e-05 4.50814332e-06 8.61251174e-06 5.83538349e-06 2.20684885e-05 4.75217275e-06 1.50071785e-05 3.70538805e-05 3.46547895e-05 1.04773746e-05 3.99361212e-05 3.19538376e-05 1.32209854e-05 3.50519150e-05 4.00421120e-05 9.09196533e-06 3.31413597e-05 6.77825245e-05 2.17511784e-05 1.71820932e-04 3.36336559e-04 1.34534623e-05 9.34847190e-05 2.78765292e-06 2.43311064e-05 1.90105629e-04 3.68554030e-04 6.22980444e-05 1.30865677e-04 2.24137315e-05 5.94924811e-06 1.17547921e-05 5.07915439e-06 1.43398617e-07 1.58945777e-09 3.46739526e-11
 1997 02 19 12 00 00  3.51305266e-03 2.13187653e-03 1.16610390e-03 8.21650394e-04 5.77177862e-04 3.33104963e-04 2.32691568e-04 1.89791926e-04 3.79234543e-04 1.12068418e-04 2.59766307e-03 3.79244983e-03 2.00518948e-04 5.86382433e-05 3.89480611e-05 1.03493980e-04 2.78982974e-05 4.56338574e-05 1.03718896e-04 6.48223911e-05 1.12303012e-04 1.36263100e-04 8.53104525e-05 6.38984008e-05 4.50832631e-06 8.59577121e-06 5.83539841e-06 2.20624538e-05 4.74881272e-06 1.50011869e-05 3.70354498e-05 3.46558110e-05 1.04799459e-05 3.99042756e-05 3.17573576e-05 1.32210174e-05 3.50114239e-05 4.00112120e-05 9.07802969e-06 3.30541030e-05 6.76974232e-05 2.16246990e-05 1.71634671e-04 3.34529166e-04 1.33811666e-05 9.29568146e-05 2.79739306e-06 2.40856971e-05 1.89467731e-04 3.67770378e-04 6.19862552e-05 1.30359641e-04 2.17490697e-05 5.70752848e-06 1.11963650e-05 4.69826832e-06 1.25623663e-07 7.38112771e-10 1.00000000e-10
 1997 02 20 12 00 00  3.51323180e-03 2.13223324e-03 1.16630895e-03 8.21764670e-04 5.77258902e-04 3.33108821e-04 2.32709071e-04 1.89817243e-04 3.79299228e-04 1.12135536e-04 2.59816537e-03 3.79245132e-03 2.00584505e-04 5.86863984e-05 3.89628915e-05 1.03526454e-04 2.79012049e-05 4.56374284e-05 1.03816395e-04 6.49024150e-05 1.12307063e-04 1.36267729e-04 8.53196756e-05 6.39236180e-05 4.50851003e-06 8.60838918e-06 5.83541369e-06 2.20673001e-05 4.75058514e-06 1.50052582e-05 3.70498460e-05 3.46568297e-05 1.04825158e-05 3.99259381e-05 3.18611797e-05 1.32210494e-05 3.50383934e-05 4.00348606e-05 9.08851944e-06 3.31084568e-05 6.77608941e-05 2.16923319e-05 1.71779414e-04 3.35485182e-04 1.34194073e-05 9.32716423e-05 2.80713284e-06 2.42167647e-05 1.89873066e-04 3.68266432e-04 6.21619495e-05 1.30865567e-04 2.23476334e-05 5.92496037e-06 1.16974676e-05 5.02578192e-06 1.39898105e-07 1.32409741e-09 8.49336157e-12
 1997 02 21 12 00 00  3.51480048e-03 2.13269668e-03 1.16665147e-03 8.22139897e-04 5.77655772e-04 3.33353551e-04 2.32919010e-04 1.90034921e-04 3.79863107e-04 1.12168376e-04 2.60273195e-03 3.80307660e-03 2.00717278e-04 5.86438594e-05 3.89709244e-05 1.03674054e-04 2.79656088e-05 4.57986374e-05 1.03754341e-04 6.47884328e-05 1.12639178e-04 1.36691809e-04 8.54800483e-05 6.39657686e-05 4.51309570e-06 8.60849832e-06 5.83719266e-06 2.20822422e-05 4.74801600e-06 1.50125143e-05 3.71103442e-05 3.46832821e-05 1.05358442e-05 3.99811299e-05 3.17109487e-05 1.32295405e-05 3.51500980e-05 4.02202220e-05 9.08860384e-06 3.31388893e-05 6.81351182e-05 2.15956228e-05 1.72507507e-04 3.34103242e-04 1.33641297e-05 9.35691401e-05 3.15566504e-06 2.40291207e-05 1.90617322e-04 3.68921446e-04 6.20752605e-05 1.31858737e-04 2.23950497e-05 5.94209407e-06 1.17365134e-05 5.04611210e-06 1.40400969e-07 1.31875142e-09 7.19998505e-12
 1997 02 22 12 00 00  3.51878339e-03 2.13539614e-03 1.16835279e-03 8.23421309e-04 5.78799857e-04 3.33847864e-04 2.33413400e-04 1.90581436e-04 3.81287021e-04 1.12565730e-04 2.61416510e-03 3.82432714e-03 2.01302238e-04 5.87928855e-05 3.90592572e-05 1.04109765e-04 2.80934357e-05 4.61198651e-05 1.04091282e-04 6.49530441e-05 1.13302726e-04 1.37538419e-04 8.58367051e-05 6.41287877e-05 4.52220556e-06 8.61792287e-06 5.84074514e-06 2.21278127e-05 4.75178240e-06 1.50441531e-05 3.72869363e-05 3.47358466e-05 1.06416446e-05 4.01577087e-05 3.19308718e-05 1.32465109e-05 3.54848554e-05 4.06813176e-05 9.09644368e-06 3.33884314e-05 6.91315882e-05 2.17357578e-05 1.74319247e-04 3.36124504e-04 1.34449801e-05 9.55844110e-05 3.84948216e-06 2.43013157e-05 1.93884410e-04 3.72286140e-04 6.27351463e-05 1.34203481e-04 2.28129459e-05 6.09396025e-06 1.20868136e-05 5.27864769e-06 1.50800422e-07 1.85316815e-09 5.54515323e-11
 1997 02 23 12 00 00  3.52237221e-03 2.13726800e-03 1.16957987e-03 8.24455859e-04 5.79781782e-04 3.34339943e-04 2.33873263e-04 1.91076478e-04 3.82573547e-04 1.12808390e-04 2.62452800e-03 3.84557769e-03 2.01738464e-04 5.88333767e-05 3.91140709e-05 1.04480395e-04 2.82217574e-05 4.64416866e-05 1.04215894e-04 6.49354595e-05 1.13966959e-04 1.38385804e-04 8.61766447e-05 6.42641424e-05 4.53134671e-06 8.63604218e-06 5.84430054e-06 2.21669478e-05 4.75138768e-06 1.50678312e-05 3.74377116e-05 3.47885798e-05 1.07478736e-05 4.03112659e-05 3.19077662e-05 1.32634872e-05 3.57690043e-05 4.11010275e-05 9.11151801e-06 3.35666977e-05 7.00139503e-05 2.17208493e-05 1.76031589e-04 3.35911911e-04 1.34364764e-05 9.69464806e-05 4.54492510e-06 2.42724011e-05 1.96325312e-04 3.74735079e-04 6.30084715e-05 1.36762559e-04 2.35947411e-05 6.37811859e-06 1.27425061e-05 5.71675050e-06 1.70599963e-07 2.88650859e-09 1.49162371e-10
 1997 02 24 12 00 00  3.52453073e-03 2.13895354e-03 1.17062374e-03 8.25203478e-04 5.80429100e-04 3.34590012e-04 2.34136600e-04 1.91373317e-04 3.83346144e-04 1.13070355e-04 2.63071110e-03 3.85620371e-03 2.02092816e-04 5.89539256e-05 3.91724049e-05 1.04728365e-04 2.82876106e-05 4.66046797e-05 1.04478516e-04 6.50942617e-05 1.14301333e-04 1.38812188e-04 8.63631783e-05 6.43632886e-05 4.53602406e-06 8.64502945e-06 5.84608642e-06 2.21935856e-05 4.75493907e-06 1.50873598e-05 3.75382186e-05 3.48155445e-05 1.08024862e-05 4.04149186e-05 3.21156142e-05 1.32719942e-05 3.59600675e-05 4.13523178e-05 9.11899333e-06 3.37318806e-05 7.05684546e-05 2.18553498e-05 1.77030561e-04 3.37824749e-04 1.35129900e-05 9.82412505e-05 4.89832019e-06 2.45332223e-05 1.98333035e-04 3.76851875e-04 6.35048637e-05 1.38118364e-04 2.39844606e-05 6.51976491e-06 1.30693316e-05 5.93485771e-06 1.80438092e-07 3.39852253e-09 1.95558680e-10
 1997 02 25 12 00 00  3.52910030e-03 2.14287308e-03 1.17302573e-03 8.26856412e-04 5.81822751e-04 3.35088362e-04 2.34683942e-04 1.91998841e-04 3.84978819e-04 1.13696793e-04 2.64375004e-03 3.87745462e-03 2.02899680e-04 5.92678494e-05 3.93115623e-05 1.05263967e-04 2.84154405e-05 4.69259103e-05 1.05146689e-04 6.55344455e-05 1.14964567e-04 1.39658812e-04 8.67451251e-05 6.45612916e-05 4.54513429e-06 8.63324312e-06 5.84963927e-06 2.22485366e-05 4.76481036e-06 1.51310569e-05 3.77515639e-05 3.48681118e-05 1.09082874e-05 4.06214945e-05 3.26932000e-05 1.32889661e-05 3.63692953e-05 4.18758330e-05 9.10918607e-06 3.40765736e-05 7.17376440e-05 2.22283983e-05 1.78950964e-04 3.43139355e-04 1.37255742e-05 1.01226217e-04 5.59214859e-06 2.52567930e-05 2.02852000e-04 3.81575075e-04 6.47512867e-05 1.39879290e-04 2.34880737e-05 6.33931509e-06 1.26528063e-05 5.65491257e-06 1.67667750e-07 2.72303029e-09 1.34069644e-10
 1997 02 26 12 00 00  3.53110124e-03 2.14424229e-03 1.17388768e-03 8.27503289e-04 5.82399101e-04 3.35335579e-04 2.34932040e-04 1.92273452e-04 3.85694306e-04 1.13899170e-04 2.64949296e-03 3.88807990e-03 2.03195803e-04 5.93451860e-05 3.93565936e-05 1.05483534e-04 2.84793554e-05 4.70865169e-05 1.05321089e-04 6.56214368e-05 1.15296131e-04 1.40082105e-04 8.69238585e-05 6.46379774e-05 4.54968940e-06 8.63008463e-06 5.85141534e-06 2.22709886e-05 4.76679015e-06 1.51470763e-05 3.78401508e-05 3.48943926e-05 1.09611850e-05 4.07057417e-05 3.28088703e-05 1.32974514e-05 3.65370696e-05 4.21070199e-05 9.10655654e-06 3.41930358e-05 7.22380270e-05 2.23023628e-05 1.79820227e-04 3.44202764e-04 1.37681106e-05 1.02244666e-04 5.93904406e-06 2.54004146e-05 2.04506465e-04 3.83256707e-04 6.50912109e-05 1.40805619e-04 2.33624604e-05 6.29363349e-06 1.25472733e-05 5.58296171e-06 1.64312069e-07 2.54000230e-09 1.17269261e-10
 1997 02 27 12 00 00  3.53303877e-03 2.14549101e-03 1.17468054e-03 8.28110024e-04 5.82945810e-04 3.35580202e-04 2.35173539e-04 1.92538949e-04 3.86387239e-04 1.14079003e-04 2.65505419e-03 3.89870405e-03 2.03469950e-04 5.94072748e-05 3.93969169e-05 1.05691153e-04 2.85408430e-05 4.72441636e-05 1.05466029e-04 6.56830904e-05 1.15624690e-04 1.40501568e-04 8.70986228e-05 6.47096732e-05 4.55409208e-06 8.62821471e-06 5.85317903e-06 2.22917853e-05 4.76817186e-06 1.51614884e-05 3.79221604e-05 3.49198264e-05 1.10119458e-05 4.07856299e-05 3.28897324e-05 1.33059104e-05 3.66947346e-05 4.23284793e-05 9.10500166e-06 3.42981889e-05 7.27125099e-05 2.23546071e-05 1.80660231e-04 3.44946837e-04 1.37978735e-05 1.03152816e-04 6.27785121e-06 2.55017425e-05 2.06009460e-04 3.84775052e-04 6.53728530e-05 1.41731762e-04 2.32880292e-05 6.26656522e-06 1.24847433e-05 5.54034656e-06 1.62325814e-07 2.43175875e-09 1.07335696e-10
 1997 02 28 12 00 00  3.52909762e-03 2.14287367e-03 1.17302538e-03 8.26852916e-04 5.81817778e-04 3.35087875e-04 2.34682947e-04 1.91997372e-04 3.84975957e-04 1.13696435e-04 2.64373665e-03 3.87745425e-03 2.02898579e-04 5.92657703e-05 3.93109653e-05 1.05262083e-04 2.84149544e-05 4.69253166e-05 1.05138595e-04 6.55315351e-05 1.14963477e-04 1.39658039e-04 8.67447463e-05 6.45477765e-05 4.54510373e-06 8.61456865e-06 5.84963673e-06 2.22470779e-05 4.76482746e-06 1.51308891e-05 3.77513017e-05 3.48679430e-05 1.09078595e-05 4.06096342e-05 3.26936832e-05 1.32889603e-05 3.63668598e-05 4.18738523e-05 9.09364753e-06 3.40515743e-05 7.17330166e-05 2.22266113e-05 1.78852873e-04 3.43141168e-04 1.37256467e-05 1.01207802e-04 5.59052278e-06 2.52537575e-05 2.02835353e-04 3.81500086e-04 6.47439693e-05 1.39288273e-04 2.26992784e-05 6.05257237e-06 1.19909557e-05 5.21040840e-06 1.47413758e-07 1.65342824e-09 3.67492814e-11
 1997 03 01 12 00 00  3.52615928e-03 2.14234386e-03 1.17256827e-03 8.26228793e-04 5.81113100e-04 3.34602853e-04 2.34282379e-04 1.91589829e-04 3.83919355e-04 1.13705285e-04 2.63516036e-03 3.85620520e-03 2.02705565e-04 5.94035204e-05 3.93111387e-05 1.05002621e-04 2.82895518e-05 4.66070633e-05 1.05367234e-04 6.58472360e-05 1.14302060e-04 1.38815283e-04 8.64343296e-05 6.44387089e-05 4.53614666e-06 8.55438047e-06 5.84609661e-06 2.22177643e-05 4.77194153e-06 1.51209031e-05 3.76445985e-05 3.48162226e-05 1.08042004e-05 4.04785414e-05 3.31097457e-05 1.32720161e-05 3.61658987e-05 4.15258103e-05 9.04357003e-06 3.39541997e-05 7.10484848e-05 2.24944481e-05 1.77181804e-04 3.46968434e-04 1.38787374e-05 1.00913857e-04 4.90482344e-06 2.57734413e-05 2.01795605e-04 3.80509674e-04 6.51102042e-05 1.35544888e-04 2.01338723e-05 5.12005222e-06 9.83881323e-06 3.76819274e-06 8.19272969e-08 1.00000000e-10 1.00000000e-10
 1997 03 02 12 00 00  3.52237593e-03 2.14004252e-03 1.17109503e-03 8.25072924e-04 5.80056805e-04 3.34113386e-04 2.33807165e-04 1.91070719e-04 3.82565657e-04 1.13382348e-04 2.62428452e-03 3.83495614e-03 2.02192626e-04 5.93056732e-05 3.92386155e-05 1.04602235e-04 2.81656074e-05 4.62905999e-05 1.05130114e-04 6.57681085e-05 1.13644859e-04 1.37974850e-04 8.60882631e-05 6.43327063e-05 4.52728091e-06 8.59963548e-06 5.84256413e-06 2.21803129e-05 4.77016401e-06 1.50938288e-05 3.74868912e-05 3.47650173e-05 1.07018284e-05 4.03502976e-05 3.30057432e-05 1.32550864e-05 3.58661892e-05 4.10937102e-05 9.08122674e-06 3.38176249e-05 7.01276633e-05 2.24273652e-05 1.75742194e-04 3.46011612e-04 1.38404645e-05 9.92766320e-05 4.22399789e-06 2.56433152e-05 1.98976858e-04 3.77817381e-04 6.46391845e-05 1.35000907e-04 2.20463374e-05 5.81526883e-06 1.14434797e-05 4.84577771e-06 1.31019037e-07 8.67305427e-10 1.00000000e-10
 1997 03 03 12 00 00  3.52779970e-03 2.14296465e-03 1.17300054e-03 8.26647739e-04 5.81536279e-04 3.34847166e-04 2.34497894e-04 1.91815995e-04 3.84506957e-04 1.13767253e-04 2.63991575e-03 3.86683010e-03 2.02865812e-04 5.93804441e-05 3.93252101e-05 1.05160837e-04 2.83529807e-05 4.67670819e-05 1.05341590e-04 6.57663157e-05 1.14634832e-04 1.39237815e-04 8.65972800e-05 6.45385207e-05 4.54067085e-06 8.62703018e-06 5.84787049e-06 2.22384456e-05 4.77017493e-06 1.51294621e-05 3.77117518e-05 3.48423375e-05 1.08566725e-05 4.05821959e-05 3.30060575e-05 1.32804955e-05 3.62940240e-05 4.17212542e-05 9.10401941e-06 3.40942717e-05 7.14472460e-05 2.24262651e-05 1.78301393e-04 3.46012843e-04 1.38405137e-05 1.01376946e-04 5.25010473e-06 2.56414438e-05 2.02679164e-04 3.81549780e-04 6.50919324e-05 1.38781111e-04 2.32137518e-05 6.23962237e-06 1.24228383e-05 5.50210900e-06 1.60823372e-07 2.37048434e-09 1.02217546e-10
 1997 03 04 12 00 00  3.52940275e-03 2.14350632e-03 1.17338763e-03 8.27043671e-04 5.81944762e-04 3.35091244e-04 2.34710242e-04 1.92037487e-04 3.85081977e-04 1.13814538e-04 2.64457038e-03 3.87745537e-03 2.03012098e-04 5.93475070e-05 3.93362250e-05 1.05313124e-04 2.84164125e-05 4.69271035e-05 1.05297022e-04 6.56687422e-05 1.14965938e-04 1.39660360e-04 8.67586296e-05 6.45887390e-05 4.54519541e-06 8.63465684e-06 5.84964437e-06 2.22542302e-05 4.76800669e-06 1.51372718e-05 3.77742123e-05 3.48684523e-05 1.09091452e-05 4.06439960e-05 3.28790949e-05 1.32889763e-05 3.64103706e-05 4.19094388e-05 9.11036113e-06 3.41416052e-05 7.18291239e-05 2.23437470e-05 1.79075860e-04 3.44843966e-04 1.37937587e-05 1.01734657e-04 5.59540022e-06 2.54814979e-05 2.03485742e-04 3.82300818e-04 6.50383095e-05 1.39986587e-04 2.35569195e-05 6.36431969e-06 1.27104138e-05 5.69234466e-06 1.69282965e-07 2.80152044e-09 1.41039025e-10
 1997 03 05 12 00 00  3.52993153e-03 2.14460914e-03 1.17402040e-03 8.27377089e-04 5.82167030e-04 3.35094854e-04 2.34757498e-04 1.92107898e-04 3.85268605e-04 1.14021223e-04 2.64601408e-03 3.87745537e-03 2.03211719e-04 5.94946591e-05 3.93816174e-05 1.05402192e-04 2.84164125e-05 4.69271035e-05 1.05589612e-04 6.59150770e-05 1.14966376e-04 1.39660360e-04 8.67814107e-05 6.46407294e-05 4.54519541e-06 8.64375252e-06 5.84964437e-06 2.22644670e-05 4.77353533e-06 1.51480983e-05 3.78089955e-05 3.48684523e-05 1.09091452e-05 4.06879510e-05 3.32025607e-05 1.32889763e-05 3.64806707e-05 4.19670060e-05 9.11792740e-06 3.42645503e-05 7.19869030e-05 2.25525466e-05 1.79317677e-04 3.47820169e-04 1.39128068e-05 1.02626948e-04 5.59540022e-06 2.58865126e-05 2.04607903e-04 3.83607537e-04 6.55624156e-05 1.40367544e-04 2.39597817e-05 6.51072335e-06 1.30481197e-05 5.91658539e-06 1.79316235e-07 3.31748549e-09 1.87634130e-10
 1997 03 06 12 00 00  3.53128348e-03 2.14463682e-03 1.17411266e-03 8.27614673e-04 5.82467638e-04 3.35335462e-04 2.34946671e-04 1.92295426e-04 3.85754895e-04 1.13972219e-04 2.64997678e-03 3.88807915e-03 2.03264849e-04 5.93938352e-05 3.93716852e-05 1.05511193e-04 2.84779002e-05 4.70847386e-05 1.05410850e-04 6.57040218e-05 1.15295081e-04 1.40079798e-04 8.69309407e-05 6.46730301e-05 4.54959772e-06 8.65704787e-06 5.85140806e-06 2.22755774e-05 4.76879613e-06 1.51505233e-05 3.78532542e-05 3.48938833e-05 1.09599016e-05 4.07344954e-05 3.29253002e-05 1.32974354e-05 3.65631436e-05 4.21260000e-05 9.12898831e-06 3.42668449e-05 7.22890381e-05 2.23736264e-05 1.80018268e-04 3.45269173e-04 1.38107669e-05 1.02563918e-04 5.93418154e-06 2.55394436e-05 2.04868445e-04 3.83758236e-04 6.52638080e-05 1.41680342e-04 2.45316419e-05 6.71858118e-06 1.35277703e-05 6.23730629e-06 1.93828231e-07 4.07618934e-09 2.56472754e-10
 1997 03 07 12 00 00  3.53324112e-03 2.14592544e-03 1.17492835e-03 8.28233927e-04 5.83023068e-04 3.35580644e-04 2.35190098e-04 1.92563632e-04 3.86454753e-04 1.14159485e-04 2.65559412e-03 3.89870405e-03 2.03546131e-04 5.94608635e-05 3.94135386e-05 1.05722337e-04 2.85398739e-05 4.72429732e-05 1.05564945e-04 6.57739409e-05 1.15623916e-04 1.40500021e-04 8.71068148e-05 6.47373800e-05 4.55403060e-06 8.64224639e-06 5.85317430e-06 2.22960071e-05 4.77037865e-06 1.51654033e-05 3.79367778e-05 3.49194859e-05 1.10110886e-05 4.08081414e-05 3.30177892e-05 1.33059002e-05 3.67225017e-05 4.23495503e-05 9.11667012e-06 3.43593203e-05 7.27696631e-05 2.24330070e-05 1.80802306e-04 3.46119789e-04 1.38447915e-05 1.03498134e-04 6.27459958e-06 2.56546919e-05 2.06416709e-04 3.85287409e-04 6.55639116e-05 1.42217932e-04 2.39204657e-05 6.49637275e-06 1.30147121e-05 5.89080353e-06 1.77901124e-07 3.22464850e-09 1.78729154e-10
 1997 03 08 12 00 00  3.53396072e-03 2.14742215e-03 1.17578743e-03 8.28688529e-04 5.83327641e-04 3.35586006e-04 2.35254857e-04 1.92660037e-04 3.86709639e-04 1.14440189e-04 2.65756231e-03 3.89870368e-03 2.03817618e-04 5.96614585e-05 3.94753972e-05 1.05844342e-04 2.85403599e-05 4.72435670e-05 1.05965386e-04 6.61094731e-05 1.15624924e-04 1.40500794e-04 8.71380721e-05 6.48027150e-05 4.55406116e-06 8.64710892e-06 5.85317684e-06 2.23095976e-05 4.77787471e-06 1.51802221e-05 3.79839332e-05 3.49196576e-05 1.10115172e-05 4.08636099e-05 3.34565731e-05 1.33059046e-05 3.68176469e-05 4.24281706e-05 9.12071409e-06 3.45166374e-05 7.29854137e-05 2.27171258e-05 1.81095443e-04 3.50158124e-04 1.40063250e-05 1.04708656e-04 6.27622576e-06 2.62056245e-05 2.07950668e-04 3.87048270e-04 6.62787822e-05 1.42497552e-04 2.41377291e-05 6.57532366e-06 1.31968046e-05 6.01145847e-06 1.83281022e-07 3.49988314e-09 2.03547579e-10
 1997 03 09 12 00 00  3.53597859e-03 2.14882914e-03 1.17667150e-03 8.29347130e-04 5.83911925e-04 3.35832480e-04 2.35504441e-04 1.92937235e-04 3.87432177e-04 1.14649954e-04 2.66335074e-03 3.90932858e-03 2.04121229e-04 5.97456025e-05 3.95224982e-05 1.06066986e-04 2.86032999e-05 4.74029832e-05 1.06156261e-04 6.62076112e-05 1.15955781e-04 1.40922538e-04 8.73170439e-05 6.48946367e-05 4.55855516e-06 8.66359405e-06 5.85494745e-06 2.23334529e-05 4.78003894e-06 1.51964968e-05 3.80726285e-05 3.49455979e-05 1.10635570e-05 4.09609278e-05 3.35834222e-05 1.33143796e-05 3.69887706e-05 4.26610950e-05 9.13443073e-06 3.46625680e-05 7.34901679e-05 2.27999917e-05 1.82065720e-04 3.51326464e-04 1.40530586e-05 1.05766982e-04 6.61986996e-06 2.63661612e-05 2.09639049e-04 3.88831191e-04 6.66408136e-05 1.44032729e-04 2.48454789e-05 6.83257708e-06 1.37904556e-05 6.40858855e-06 2.01263516e-07 4.44102568e-09 2.88964697e-10
 1997 03 10 12 00 00  3.53607770e-03 2.14902718e-03 1.17678537e-03 8.29410448e-04 5.83956719e-04 3.35834483e-04 2.35514094e-04 1.92951247e-04 3.87468045e-04 1.14687235e-04 2.66362874e-03 3.90932932e-03 2.04157659e-04 5.97724759e-05 3.95307724e-05 1.06084926e-04 2.86047551e-05 4.74047731e-05 1.06210733e-04 6.62522623e-05 1.15957386e-04 1.40924859e-04 8.73220698e-05 6.48961041e-05 4.55864683e-06 8.65344482e-06 5.85495545e-06 2.23349792e-05 4.78102265e-06 1.51987325e-05 3.80798762e-05 3.49461072e-05 1.10648441e-05 4.09624238e-05 3.36410856e-05 1.33143956e-05 3.70017586e-05 4.26731237e-05 9.12598625e-06 3.46698913e-05 7.35232428e-05 2.28376899e-05 1.82057975e-04 3.51857654e-04 1.40743061e-05 1.05929511e-04 6.62474704e-06 2.64391827e-05 2.09862612e-04 3.89050754e-04 6.67385621e-05 1.43747297e-04 2.44152967e-05 6.67620102e-06 1.34295305e-05 6.16639323e-06 1.90242527e-07 3.86012227e-09 2.36137798e-10
 1997 03 11 12 00 00  3.53600541e-03 2.14887025e-03 1.17669556e-03 8.29365513e-04 5.83928650e-04 3.35834876e-04 2.35508203e-04 1.92942233e-04 3.87443263e-04 1.14657974e-04 2.66343613e-03 3.90932970e-03 2.04129726e-04 5.97520160e-05 3.95244484e-05 1.06073661e-04 2.86057300e-05 4.74059634e-05 1.06171049e-04 6.62177510e-05 1.15958382e-04 1.40926406e-04 8.73194587e-05 6.48845256e-05 4.55870795e-06 8.64581889e-06 5.85496055e-06 2.23334224e-05 4.78022885e-06 1.51973927e-05 3.80755743e-05 3.49464506e-05 1.10657020e-05 4.09528433e-05 3.35947610e-05 1.33144058e-05 3.69921542e-05 4.26661614e-05 9.11964235e-06 3.46445499e-05 7.35041849e-05 2.28082761e-05 1.81997246e-04 3.51432021e-04 1.40572809e-05 1.05805349e-04 6.62799939e-06 2.63820286e-05 2.09718508e-04 3.88860261e-04 6.66669712e-05 1.43502034e-04 2.40834144e-05 6.55557901e-06 1.31512291e-05 5.98082934e-06 1.81883918e-07 3.42599300e-09 1.96821714e-10
 1997 03 12 12 00 00  3.53815385e-03 2.15055268e-03 1.17773754e-03 8.30106045e-04 5.84566527e-04 3.36081809e-04 2.35769154e-04 1.93236472e-04 3.88211462e-04 1.14919268e-04 2.66957851e-03 3.91995423e-03 2.04482920e-04 5.98725861e-05 3.95827947e-05 1.06317794e-04 2.86681839e-05 4.75647888e-05 1.06433517e-04 6.63770072e-05 1.16288237e-04 1.41347391e-04 8.75038048e-05 6.49750230e-05 4.56317139e-06 8.64469330e-06 5.85672897e-06 2.23583773e-05 4.78377769e-06 1.52162681e-05 3.81719700e-05 3.49722221e-05 1.11173140e-05 4.10488432e-05 3.38025537e-05 1.33228750e-05 3.71782254e-05 4.29116761e-05 9.11870302e-06 3.47948689e-05 7.40444747e-05 2.29430647e-05 1.82923764e-04 3.53344770e-04 1.41337908e-05 1.07069749e-04 6.97002833e-06 2.66433461e-05 2.11678970e-04 3.90899655e-04 6.71581314e-05 1.44500957e-04 2.40468905e-05 6.54227504e-06 1.31203922e-05 5.95859622e-06 1.80761480e-07 3.35847670e-09 1.90470151e-10
 1997 03 13 12 00 00  3.53793021e-03 2.15008095e-03 1.17746691e-03 8.29965340e-04 5.84474202e-04 3.36081161e-04 2.35749624e-04 1.93207115e-04 3.88132884e-04 1.14830902e-04 2.66897200e-03 3.91995497e-03 2.04397767e-04 5.98096456e-05 3.95633758e-05 1.06280805e-04 2.86691589e-05 4.75659821e-05 1.06308653e-04 6.62714941e-05 1.16289327e-04 1.41348937e-04 8.74946741e-05 6.49547517e-05 4.56323251e-06 8.64286048e-06 5.85673406e-06 2.23544264e-05 4.78140792e-06 1.52118199e-05 3.81581683e-05 3.49725626e-05 1.11181733e-05 4.10317871e-05 3.36639205e-05 1.33228852e-05 3.71494425e-05 4.28886431e-05 9.11717652e-06 3.47455819e-05 7.39809281e-05 2.28536112e-05 1.82836542e-04 3.52069216e-04 1.40827686e-05 1.06695726e-04 6.97327996e-06 2.64698232e-05 2.11212194e-04 3.90360614e-04 6.69354233e-05 1.44429498e-04 2.39820437e-05 6.51867183e-06 1.30657646e-05 5.92017888e-06 1.78886728e-07 3.25011200e-09 1.80373572e-10
 1997 03 14 12 00 00  3.53771127e-03 2.14961011e-03 1.17719711e-03 8.29828549e-04 5.84387195e-04 3.36081865e-04 2.35731348e-04 1.93179252e-04 3.88056972e-04 1.14742914e-04 2.66838573e-03 3.91995572e-03 2.04313437e-04 5.97474493e-05 3.95441663e-05 1.06245931e-04 2.86715862e-05 4.75689536e-05 1.06186855e-04 6.61668542e-05 1.16292828e-04 1.41352793e-04 8.74864969e-05 6.49515585e-05 4.56338530e-06 8.66412011e-06 5.85674679e-06 2.23524527e-05 4.77903341e-06 1.52076776e-05 3.81463888e-05 3.49734095e-05 1.11203139e-05 4.10294615e-05 3.35251418e-05 1.33229114e-05 3.71247294e-05 4.28691284e-05 9.13486510e-06 3.47273002e-05 7.39255643e-05 2.27646931e-05 1.82875879e-04 3.50793147e-04 1.40317259e-05 1.06348064e-04 6.98139411e-06 2.62972084e-05 2.10769184e-04 3.89916568e-04 6.67173106e-05 1.45096658e-04 2.48906408e-05 6.84893937e-06 1.38279536e-05 6.43061157e-06 2.02039848e-07 4.46491333e-09 2.90705326e-10
 1997 03 15 12 00 00  3.53581795e-03 2.14844152e-03 1.17645060e-03 8.29250824e-04 5.83863419e-04 3.35839322e-04 2.35494886e-04 1.92920778e-04 3.87380911e-04 1.14578352e-04 2.66295460e-03 3.90933268e-03 2.04054651e-04 5.96968023e-05 3.95073508e-05 1.06047478e-04 2.86120427e-05 4.74137021e-05 1.06066483e-04 6.61238737e-05 1.15966879e-04 1.40936439e-04 8.73146488e-05 6.48878736e-05 4.55910522e-06 8.67143608e-06 5.85499292e-06 2.23333300e-05 4.77803987e-06 1.51944474e-05 3.80688093e-05 3.49486596e-05 1.10712717e-05 4.09566941e-05 3.34671960e-05 1.33144757e-05 3.69748117e-05 4.26551785e-05 9.14095217e-06 3.46383966e-05 7.34708756e-05 2.27280252e-05 1.82089566e-04 3.50260906e-04 1.40104362e-05 1.05521651e-04 6.64910476e-06 2.62259273e-05 2.09377907e-04 3.88537923e-04 6.64790744e-05 1.44378626e-04 2.52053258e-05 6.96331999e-06 1.40918973e-05 6.60710264e-06 2.10026033e-07 4.88246243e-09 3.28590910e-10
 1997 03 16 12 00 00  3.53211339e-03 2.14629838e-03 1.17506838e-03 8.28145420e-04 5.82842746e-04 3.35351275e-04 2.35027319e-04 1.92412820e-04 3.86055854e-04 1.14285237e-04 2.65229928e-03 3.88808399e-03 2.03570878e-04 5.96206479e-05 3.94415025e-05 1.05661341e-04 2.84890644e-05 4.70984203e-05 1.05873351e-04 6.60807942e-05 1.15309773e-04 1.40097537e-04 8.69724813e-05 6.47569573e-05 4.55030058e-06 8.67219933e-06 5.85146554e-06 2.22946775e-05 4.77704780e-06 1.51691308e-05 3.79155066e-05 3.48977919e-05 1.09697547e-05 4.08076030e-05 3.34093027e-05 1.32975576e-05 3.66814489e-05 4.22305814e-05 9.14158663e-06 3.44599831e-05 7.25724616e-05 2.26912976e-05 1.80457350e-04 3.49729022e-04 1.39891609e-05 1.03989310e-04 5.97151593e-06 2.61545589e-05 2.06736215e-04 3.85906625e-04 6.60865706e-05 1.42461485e-04 2.52298785e-05 6.97226380e-06 1.41126297e-05 6.62207849e-06 2.10783941e-07 4.92817573e-09 3.32894201e-10
 1997 03 17 12 00 00  3.52784076e-03 2.14297329e-03 1.17300791e-03 8.26681494e-04 5.81582165e-04 3.34858918e-04 2.34508701e-04 1.91828930e-04 3.84529939e-04 1.13770544e-04 2.64009055e-03 3.86683568e-03 2.02872952e-04 5.93865974e-05 3.93269560e-05 1.05179078e-04 2.83656060e-05 4.67825535e-05 1.05365837e-04 6.57734985e-05 1.14651665e-04 1.39257879e-04 8.66055887e-05 6.45719434e-05 4.54146539e-06 8.66537739e-06 5.84793597e-06 2.22450463e-05 4.77013309e-06 1.51321130e-05 3.77245662e-05 3.48467554e-05 1.08678112e-05 4.06126074e-05 3.30048730e-05 1.32806337e-05 3.63124568e-05 4.17436540e-05 9.13590848e-06 3.41528359e-05 7.15032470e-05 2.24306801e-05 1.78573861e-04 3.46008433e-04 1.38403373e-05 1.01498806e-04 5.29231656e-06 2.56489380e-05 2.02884323e-04 3.81875720e-04 6.51310129e-05 1.40230240e-04 2.49577966e-05 6.87331801e-06 1.38840594e-05 6.46635837e-06 2.03529726e-07 4.53312445e-09 2.96646885e-10
 1997 03 18 12 00 00  3.52200432e-03 2.13918564e-03 1.17060575e-03 8.24846444e-04 5.79930323e-04 3.34123186e-04 2.33781446e-04 1.91028945e-04 3.82442998e-04 1.13223405e-04 2.62333574e-03 3.83496210e-03 2.02043148e-04 5.91959823e-05 3.92046287e-05 1.04551435e-04 2.81791989e-05 4.63072531e-05 1.04923775e-04 6.55812968e-05 1.13663045e-04 1.37996447e-04 8.60792859e-05 6.43392861e-05 4.52813620e-06 8.64949907e-06 5.84263435e-06 2.21803743e-05 4.76578134e-06 1.50881508e-05 3.74741295e-05 3.47697758e-05 1.07138236e-05 4.03579942e-05 3.27504851e-05 1.32552348e-05 3.58324859e-05 4.10733056e-05 9.12269461e-06 3.38048834e-05 7.00651416e-05 2.22674411e-05 1.75925445e-04 3.43669067e-04 1.37467627e-05 9.87163374e-05 4.26944680e-06 2.53321021e-05 1.98312695e-04 3.77188002e-04 6.42672339e-05 1.36779423e-04 2.43073559e-05 6.63682149e-06 1.33379490e-05 6.09680296e-06 1.86490859e-07 3.61824792e-09 2.13023643e-10
 1997 03 19 12 00 00  3.51727412e-03 2.13491389e-03 1.16800209e-03 8.23093783e-04 5.78475295e-04 3.33626390e-04 2.33221324e-04 1.90383621e-04 3.80755335e-04 1.12531269e-04 2.60987235e-03 3.81371342e-03 2.01173641e-04 5.88358726e-05 3.90511980e-05 1.03991226e-04 2.80542852e-05 4.59896051e-05 1.04165739e-04 6.50631497e-05 1.13002864e-04 1.37154481e-04 8.56919372e-05 6.41125404e-05 4.51920932e-06 8.63954701e-06 5.83909714e-06 2.21218399e-05 4.75412562e-06 1.50415753e-05 3.72518588e-05 3.47182300e-05 1.06105959e-05 4.01275527e-05 3.20687395e-05 1.32382949e-05 3.54020425e-05 4.05350331e-05 9.11441020e-06 3.33979573e-05 6.88554873e-05 2.18280256e-05 1.73849379e-04 3.37397147e-04 1.34958859e-05 9.54540667e-05 3.58538491e-06 2.44796189e-05 1.93479008e-04 3.72032772e-04 6.28604022e-05 1.34364639e-04 2.39069730e-05 6.49122617e-06 1.30016562e-05 5.86818988e-06 1.75875957e-07 3.04276102e-09 1.60284186e-10
 1997 03 20 12 00 00  3.51188938e-03 2.13207116e-03 1.16614203e-03 8.21543413e-04 5.77012507e-04 3.32893310e-04 2.32534217e-04 1.89643584e-04 3.78827649e-04 1.12161188e-04 2.59434909e-03 3.78183946e-03 2.00514744e-04 5.87713178e-05 3.89677594e-05 1.03439334e-04 2.78673950e-05 4.55137138e-05 1.03973944e-04 6.50820555e-05 1.12013262e-04 1.35892274e-04 8.51848462e-05 6.39035379e-05 4.50584957e-06 8.60254513e-06 5.83379369e-06 2.20639063e-05 4.75451270e-06 1.50067973e-05 3.70298481e-05 3.46410816e-05 1.04561790e-05 3.98928853e-05 3.20916239e-05 1.32128916e-05 3.49787400e-05 3.99118025e-05 9.08361908e-06 3.31172180e-05 6.75480009e-05 2.18437388e-05 1.71258013e-04 3.37608844e-04 1.35043537e-05 9.34138077e-05 2.56088897e-06 2.45099072e-05 1.89862152e-04 3.68368177e-04 6.24448925e-05 1.30322589e-04 2.23698611e-05 5.93239333e-06 1.17114744e-05 4.99813981e-06 1.35976542e-07 9.50796331e-10 1.00000000e-10
 1997 03 21 12 00 00  3.50979842e-03 2.13050617e-03 1.16516790e-03 8.20840236e-04 5.76400821e-04 3.32646782e-04 2.32278755e-04 1.89357602e-04 3.78080897e-04 1.11922206e-04 2.58836648e-03 3.77121493e-03 2.00183560e-04 5.86678872e-05 3.89146710e-05 1.03205621e-04 2.78049352e-05 4.53548826e-05 1.03747925e-04 6.49511465e-05 1.11682985e-04 1.35471278e-04 8.50029764e-05 6.38058424e-05 4.50138577e-06 8.58643762e-06 5.83202527e-06 2.20389271e-05 4.75154520e-06 1.49891312e-05 3.69360763e-05 3.46153101e-05 1.04045641e-05 3.97909693e-05 3.19181680e-05 1.32044195e-05 3.47982488e-05 3.96717329e-05 9.07021167e-06 3.29568819e-05 6.70236143e-05 2.17325403e-05 1.70264461e-04 3.36013864e-04 1.34405546e-05 9.22348586e-05 2.21884493e-06 2.42940470e-05 1.88028420e-04 3.66420640e-04 6.20142294e-05 1.28825201e-04 2.17194955e-05 5.69590090e-06 1.11652587e-05 4.62716745e-06 1.18776375e-07 3.31114514e-10 1.00000000e-10
 1997 03 22 12 00 00  3.50633825e-03 2.12887430e-03 1.16407921e-03 8.19889257e-04 5.75482890e-04 3.32159978e-04 2.31832940e-04 1.88882237e-04 3.76842422e-04 1.11725006e-04 2.57837756e-03 3.74996662e-03 1.99792518e-04 5.86605600e-05 3.88700455e-05 1.02860617e-04 2.76814739e-05 4.50390158e-05 1.03692517e-04 6.50232250e-05 1.11025351e-04 1.34631618e-04 8.46710929e-05 6.36951863e-05 4.49255094e-06 8.58611093e-06 5.82849498e-06 2.20045602e-05 4.75311463e-06 1.49687661e-05 3.67980145e-05 3.45642737e-05 1.03026206e-05 3.96590146e-05 3.20102990e-05 1.31874986e-05 3.45363937e-05 3.92729252e-05 9.06993664e-06 3.28286562e-05 6.61963396e-05 2.17932291e-05 1.68714379e-04 3.36863092e-04 1.34745237e-05 9.11194979e-05 1.53964502e-06 2.44115188e-05 1.85903371e-04 3.64376250e-04 6.18658983e-05 1.26928747e-04 2.17274391e-05 5.69873596e-06 1.11715473e-05 4.62839287e-06 1.18616769e-07 3.15593418e-10 1.00000000e-10
 1997 03 23 12 00 00  3.50438108e-03 2.12758533e-03 1.16326356e-03 8.19270850e-04 5.74928695e-04 3.31914816e-04 2.31589743e-04 1.88614406e-04 3.76143317e-04 1.11537836e-04 2.57276295e-03 3.73934209e-03 1.99511546e-04 5.85942278e-05 3.88283939e-05 1.02649930e-04 2.76195031e-05 4.48807841e-05 1.03540983e-04 6.49542955e-05 1.10696194e-04 1.34211408e-04 8.44952469e-05 6.36215691e-05 4.48811807e-06 8.58762796e-06 5.82672874e-06 2.19833010e-05 4.75152665e-06 1.49539118e-05 3.67138188e-05 3.45386710e-05 1.02514350e-05 3.95775904e-05 3.19176499e-05 1.31790337e-05 3.43756353e-05 3.90488207e-05 9.07119611e-06 3.27192845e-05 6.57148687e-05 2.17344641e-05 1.67862546e-04 3.36011916e-04 1.34404767e-05 9.02000888e-05 1.19923789e-06 2.42973154e-05 1.84358475e-04 3.62810717e-04 6.15680071e-05 1.26002640e-04 2.18127866e-05 5.72971041e-06 1.12427926e-05 4.67331583e-06 1.20453454e-07 3.70651776e-10 1.00000000e-10
 1997 03 24 12 00 00  3.50289608e-03 2.12728096e-03 1.16301288e-03 8.18950212e-04 5.74573095e-04 3.31672873e-04 2.31388759e-04 1.88409481e-04 3.75610928e-04 1.11535209e-04 2.56843764e-03 3.72871757e-03 1.99408844e-04 5.86593706e-05 3.88272946e-05 1.02518818e-04 2.75575294e-05 4.47225495e-05 1.03650992e-04 6.51054259e-05 1.10367318e-04 1.33791185e-04 8.43397373e-05 6.35916085e-05 4.48368519e-06 8.59349020e-06 5.82496250e-06 2.19709378e-05 4.75487432e-06 1.49487265e-05 3.66605215e-05 3.45130684e-05 1.02002479e-05 3.95331103e-05 3.21137719e-05 1.31705689e-05 3.42772352e-05 3.88759252e-05 9.07606882e-06 3.27146556e-05 6.53739374e-05 2.18622037e-05 1.67207398e-04 3.37817876e-04 1.35127151e-05 9.00749133e-05 8.58819476e-07 2.45448580e-05 1.83815880e-04 3.62400252e-04 6.17383479e-05 1.25291285e-04 2.20884271e-05 5.82984378e-06 1.14735892e-05 4.82445781e-06 1.27062765e-07 5.90781468e-10 1.00000000e-10
 1997 03 25 12 00 00  3.50280070e-03 2.12708324e-03 1.16289967e-03 8.18890565e-04 5.74533337e-04 3.31671796e-04 2.31380214e-04 1.88396925e-04 3.75577768e-04 1.11498302e-04 2.56817673e-03 3.72871757e-03 1.99373367e-04 5.86338377e-05 3.88194052e-05 1.02502841e-04 2.75570434e-05 4.47219529e-05 1.03601519e-04 6.50625618e-05 1.10366516e-04 1.33790411e-04 8.43353808e-05 6.35789640e-05 4.48365427e-06 8.58719141e-06 5.82496032e-06 2.19686969e-05 4.75388078e-06 1.49467269e-05 3.66533327e-05 3.45128967e-05 1.01998201e-05 3.95224507e-05 3.20558349e-05 1.31705630e-05 3.42636129e-05 3.88647704e-05 9.07082576e-06 3.26867887e-05 6.53438231e-05 2.18256144e-05 1.67137280e-04 3.37285836e-04 1.34914334e-05 8.99102145e-05 8.57193663e-07 2.44737195e-05 1.83612283e-04 3.62150673e-04 6.16463592e-05 1.25094462e-04 2.18496443e-05 5.74297615e-06 1.12727661e-05 4.68583686e-06 1.20477283e-07 3.46375195e-10 1.00000000e-10
 1997 03 26 12 00 00  3.50451354e-03 2.12785927e-03 1.16342164e-03 8.19356494e-04 5.74987721e-04 3.31915320e-04 2.31602085e-04 1.88633094e-04 3.76192316e-04 1.11589757e-04 2.57312836e-03 3.73934209e-03 1.99562534e-04 5.86337775e-05 3.88405377e-05 1.02673422e-04 2.76190171e-05 4.48801875e-05 1.03624528e-04 6.50198897e-05 1.10695359e-04 1.34210634e-04 8.45007157e-05 6.36250196e-05 4.48808751e-06 8.57614868e-06 5.82672656e-06 2.19849526e-05 4.75288543e-06 1.49566243e-05 3.67204530e-05 3.45384993e-05 1.02510065e-05 3.95808086e-05 3.19978571e-05 1.31790264e-05 3.43911271e-05 3.90621757e-05 9.06163186e-06 3.27330848e-05 6.57525546e-05 2.17891342e-05 1.67849559e-04 3.36753527e-04 1.34701411e-05 9.04145477e-05 1.19761207e-06 2.44027615e-05 1.84645393e-04 3.63105022e-04 6.17070153e-05 1.25724894e-04 2.14146566e-05 5.58477368e-06 1.09072389e-05 4.43600778e-06 1.08782051e-07 1.00000000e-10 1.00000000e-10
 1997 03 27 12 00 00  3.50848791e-03 2.13055419e-03 1.16512118e-03 8.20634053e-04 5.76127091e-04 3.32406548e-04 2.32094935e-04 1.89178428e-04 3.77614740e-04 1.11986759e-04 2.58453035e-03 3.76059115e-03 2.00147521e-04 5.87855155e-05 3.89296550e-05 1.03107026e-04 2.77434476e-05 4.51972504e-05 1.03971908e-04 6.51888258e-05 1.11355285e-04 1.35051843e-04 8.48552697e-05 6.38043661e-05 4.49698382e-06 8.60996224e-06 5.83026122e-06 2.20312206e-05 4.75662710e-06 1.49877062e-05 3.68928817e-05 3.45898763e-05 1.03538070e-05 3.97712450e-05 3.22170468e-05 1.31959619e-05 3.47244131e-05 3.95196262e-05 9.08975489e-06 3.30139525e-05 6.67393519e-05 2.19319147e-05 1.69764216e-04 3.38771922e-04 1.35508769e-05 9.23943571e-05 1.88006343e-06 2.46794516e-05 1.87878001e-04 3.66515014e-04 6.23701830e-05 1.28840027e-04 2.29268187e-05 6.13427287e-06 1.21745925e-05 5.27561863e-06 1.46208983e-07 1.27520665e-09 1.00000000e-10
 1997 03 28 12 00 00  3.51463143e-03 2.13497110e-03 1.16788559e-03 8.22665715e-04 5.77914587e-04 3.33145278e-04 2.32850932e-04 1.90021185e-04 3.79813235e-04 1.12652606e-04 2.60213403e-03 3.79246436e-03 2.01093245e-04 5.90636285e-05 3.90788959e-05 1.03788846e-04 2.79308209e-05 4.56737238e-05 1.04594232e-04 6.55265583e-05 1.12345442e-04 1.36314794e-04 8.53953104e-05 6.40694611e-05 4.51037376e-06 8.63311216e-06 5.83556721e-06 2.21023413e-05 4.76411042e-06 1.50381635e-05 3.71629803e-05 3.46671935e-05 1.05086481e-05 4.00537421e-05 3.26554728e-05 1.32213710e-05 3.52458001e-05 4.02249887e-05 9.10899980e-06 3.34373488e-05 6.82733641e-05 2.22173927e-05 1.72566596e-04 3.42808937e-04 1.37123575e-05 9.56996377e-05 2.90615899e-06 2.52326892e-05 1.93120540e-04 3.71991240e-04 6.35457418e-05 1.32694159e-04 2.40385787e-05 6.53809743e-06 1.31051210e-05 5.88213497e-06 1.72520573e-07 2.56492734e-09 1.09202958e-10
 1997 03 29 12 00 00  3.51670494e-03 2.13649568e-03 1.16883727e-03 8.23359728e-04 5.78522308e-04 3.33391725e-04 2.33105426e-04 1.90305853e-04 3.80555764e-04 1.12884502e-04 2.60807378e-03 3.80308889e-03 2.01418344e-04 5.91640875e-05 3.91310199e-05 1.04020846e-04 2.79932807e-05 4.58325550e-05 1.04818650e-04 6.56519318e-05 1.12676130e-04 1.36735790e-04 8.55764379e-05 6.41771703e-05 4.51483756e-06 8.66465271e-06 5.83733599e-06 2.21280989e-05 4.76686255e-06 1.50555254e-05 3.72550843e-05 3.46929679e-05 1.05602645e-05 4.01643552e-05 3.28168593e-05 1.32298417e-05 3.54253814e-05 4.04641539e-05 9.13523254e-06 3.36153443e-05 6.87947867e-05 2.23231546e-05 1.73631243e-04 3.44295852e-04 1.37718341e-05 9.68604539e-05 3.24820285e-06 2.54375074e-05 1.94925100e-04 3.73956214e-04 6.39649162e-05 1.34750354e-04 2.54454261e-05 7.04933473e-06 1.42842693e-05 6.66379169e-06 2.07399231e-07 4.35126832e-09 2.70331690e-10
 1997 03 30 12 00 00  3.51860399e-03 2.13766448e-03 1.16958474e-03 8.23943230e-04 5.79054100e-04 3.33635658e-04 2.33343620e-04 1.90566644e-04 3.81236164e-04 1.13049635e-04 2.61353081e-03 3.81371342e-03 2.01678646e-04 5.92169877e-05 3.91684832e-05 1.04222406e-04 2.80542852e-05 4.59896051e-05 1.04947598e-04 6.56979450e-05 1.13003719e-04 1.37154481e-04 8.57493023e-05 6.42358456e-05 4.51920932e-06 8.64932372e-06 5.83909714e-06 2.21472441e-05 4.76783825e-06 1.50691181e-05 3.73331441e-05 3.47182300e-05 1.06105959e-05 4.02334036e-05 3.28742870e-05 1.32382949e-05 3.55760681e-05 4.06802851e-05 9.12247560e-06 3.36950320e-05 6.92555556e-05 2.23616807e-05 1.74385688e-04 3.44826056e-04 1.37930423e-05 9.76947256e-05 3.58538491e-06 2.55119376e-05 1.96347439e-04 3.75341897e-04 6.42125394e-05 1.35250426e-04 2.48100863e-05 6.81834695e-06 1.37509675e-05 6.30394452e-06 1.90882130e-07 3.46992861e-09 1.89911153e-10
 1997 03 31 12 00 00  3.51666292e-03 2.13641379e-03 1.16879109e-03 8.23334928e-04 5.78505515e-04 3.33389727e-04 2.33101486e-04 1.90300694e-04 3.80542686e-04 1.12869660e-04 2.60795670e-03 3.80308814e-03 2.01404554e-04 5.91561375e-05 3.91285190e-05 1.04013935e-04 2.79913394e-05 4.58301802e-05 1.04807402e-04 6.56382588e-05 1.12673524e-04 1.36732709e-04 8.55736431e-05 6.41686447e-05 4.51471533e-06 8.65826441e-06 5.83732617e-06 2.21265285e-05 4.76644454e-06 1.50544704e-05 3.72492121e-05 3.46922898e-05 1.05585517e-05 4.01573795e-05 3.27930873e-05 1.32298199e-05 3.54174146e-05 4.04571036e-05 9.12991309e-06 3.35987483e-05 6.87766462e-05 2.23106399e-05 1.73572671e-04 3.44080662e-04 1.37632265e-05 9.67827121e-05 3.24171451e-06 2.54126528e-05 1.94830069e-04 3.73832393e-04 6.39325556e-05 1.34537753e-04 2.51957864e-05 6.95853735e-06 1.40744562e-05 6.52009194e-06 2.00651183e-07 3.97981834e-09 2.36152742e-10
 1997 04 01 12 00 00  3.52062013e-03 2.13906967e-03 1.17046837e-03 8.24602046e-04 5.79638924e-04 3.33881280e-04 2.33593107e-04 1.90844081e-04 3.81959449e-04 1.13259433e-04 2.61931446e-03 3.82433757e-03 2.01982757e-04 5.93029816e-05 3.92161183e-05 1.04445143e-04 2.81162589e-05 4.61478368e-05 1.05145657e-04 6.57988538e-05 1.13333834e-04 1.37574692e-04 8.59277092e-05 6.43403598e-05 4.52364220e-06 8.68362113e-06 5.84086301e-06 2.21720597e-05 4.76998612e-06 1.50852725e-05 3.74205489e-05 3.47438327e-05 1.06617816e-05 4.03415258e-05 3.30006704e-05 1.32467598e-05 3.57478793e-05 4.09128827e-05 9.15100536e-06 3.38645989e-05 6.97591114e-05 2.24462492e-05 1.75440444e-04 3.45992672e-04 1.38397069e-05 9.87605874e-05 3.92579204e-06 2.56753614e-05 1.98031121e-04 3.77177974e-04 6.45789130e-05 1.37369504e-04 2.63208825e-05 7.36740196e-06 1.50175522e-05 7.14604530e-06 2.28638544e-07 5.41755520e-09 3.65950426e-10
 1997 04 02 12 00 00  3.52812146e-03 2.14351624e-03 1.17332617e-03 8.26875246e-04 5.81732264e-04 3.34862436e-04 2.34539628e-04 1.91875808e-04 3.84646678e-04 1.13876662e-04 2.64090421e-03 3.86683643e-03 2.02982243e-04 5.94801648e-05 3.93553964e-05 1.05238108e-04 2.83670612e-05 4.67843405e-05 1.05589099e-04 6.59251004e-05 1.14655900e-04 1.39260201e-04 8.66185402e-05 6.46592766e-05 4.54155706e-06 8.74956459e-06 5.84794361e-06 2.22567893e-05 4.77273279e-06 1.51385246e-05 3.77380137e-05 3.48472648e-05 1.08690976e-05 4.06890519e-05 3.31619056e-05 1.32806483e-05 3.63570729e-05 4.17817190e-05 9.20586317e-06 3.43291963e-05 7.16055011e-05 2.25525480e-05 1.79105964e-04 3.47478960e-04 1.38991584e-05 1.02035628e-04 5.29719400e-06 2.58810906e-05 2.03560809e-04 3.82920142e-04 6.54585224e-05 1.43437993e-04 2.91910418e-05 8.41055780e-06 1.74243396e-05 8.75079531e-06 3.00921189e-07 9.17160712e-09 7.05924563e-10
 1997 04 03 12 00 00  3.53709735e-03 2.15103516e-03 1.17794694e-03 8.30078612e-04 5.84446661e-04 3.35854092e-04 2.35618217e-04 1.93104209e-04 3.87854732e-04 1.15069780e-04 2.66652246e-03 3.90933566e-03 2.04538116e-04 6.00675558e-05 3.96212054e-05 1.06279930e-04 2.86183495e-05 4.74214350e-05 1.06847899e-04 6.67379412e-05 1.15977041e-04 1.40946469e-04 8.73731495e-05 6.50469756e-05 4.55950249e-06 8.73471872e-06 5.85502603e-06 2.23632649e-05 4.79087867e-06 1.52220416e-05 3.81495654e-05 3.49508657e-05 1.10768407e-05 4.10949413e-05 3.42241430e-05 1.33145426e-05 3.71515055e-05 4.28063187e-05 9.19350205e-06 3.49969490e-05 7.38835439e-05 2.32407314e-05 1.82908070e-04 3.57255743e-04 1.42902297e-05 1.07729700e-04 6.67021086e-06 2.72154692e-05 2.12224701e-04 3.91978766e-04 6.77998645e-05 1.47194398e-04 2.86175839e-05 8.20196524e-06 1.69422448e-05 8.41962994e-06 2.85300780e-07 8.30671940e-09 6.26219299e-10
 1997 04 04 12 00 00  3.54219041e-03 2.15324890e-03 1.17944722e-03 8.31448274e-04 5.85795979e-04 3.36587849e-04 2.36281345e-04 1.93807894e-04 3.89682896e-04 1.15322730e-04 2.68126715e-03 3.94120999e-03 2.05085360e-04 6.00511635e-05 3.96796006e-05 1.06786225e-04 2.88081530e-05 4.79008915e-05 1.06884233e-04 6.65823871e-05 1.16969171e-04 1.42213289e-04 8.78691852e-05 6.52035706e-05 4.57304559e-06 8.73230820e-06 5.86034439e-06 2.24141480e-05 4.78730908e-06 1.52513050e-05 3.83526748e-05 3.50290356e-05 1.12338246e-05 4.12859888e-05 3.40157625e-05 1.33399779e-05 3.75343323e-05 4.33998980e-05 9.19149024e-06 3.51654779e-05 7.51106659e-05 2.31082260e-05 1.85204540e-04 3.55340934e-04 1.42136374e-05 1.09262115e-04 7.70443148e-06 2.69580254e-05 2.15255744e-04 3.94848953e-04 6.79302951e-05 1.50049109e-04 2.85631431e-05 8.18206136e-06 1.68957486e-05 8.38188014e-06 2.83112007e-07 8.15582482e-09 6.11596773e-10
 1997 04 05 12 00 00  3.54471402e-03 2.15568256e-03 1.18092145e-03 8.32429120e-04 5.86603914e-04 3.36841771e-04 2.36578803e-04 1.94155364e-04 3.90587557e-04 1.15725651e-04 2.68845998e-03 3.95183712e-03 2.05577158e-04 6.02748455e-05 3.97696767e-05 1.07098391e-04 2.88754673e-05 4.80656716e-05 1.07358015e-04 6.69128553e-05 1.17305829e-04 1.42641997e-04 8.80722188e-05 6.53428663e-05 4.57781462e-06 8.75320038e-06 5.86213864e-06 2.24486995e-05 4.79458577e-06 1.52785792e-05 3.84772666e-05 3.50565067e-05 1.12897251e-05 4.14242719e-05 3.44423694e-05 1.33485009e-05 3.77752713e-05 4.36932668e-05 9.20886596e-06 3.54231501e-05 7.57800887e-05 2.33871877e-05 1.86405644e-04 3.59270646e-04 1.43708258e-05 1.11180708e-04 8.06270691e-06 2.74983933e-05 2.18060905e-04 3.97907761e-04 6.87949851e-05 1.51885399e-04 2.94991149e-05 8.52217663e-06 1.76801649e-05 8.90133122e-06 3.06251496e-07 9.33791924e-09 7.18143589e-10
 1997 04 06 12 00 00  3.54642820e-03 2.15642377e-03 1.18142449e-03 8.32899442e-04 5.87072434e-04 3.37091033e-04 2.36804236e-04 1.94395220e-04 3.91206389e-04 1.15811309e-04 2.69344556e-03 3.96246426e-03 2.05762531e-04 6.02721113e-05 3.97899193e-05 1.07274588e-04 2.89437536e-05 4.82316449e-05 1.07380420e-04 6.68642519e-05 1.17641998e-04 1.43072253e-04 8.82408785e-05 6.53739548e-05 4.58264512e-06 8.71964876e-06 5.86393762e-06 2.24651651e-05 4.79337723e-06 1.52893971e-05 3.85484951e-05 3.50843242e-05 1.13464812e-05 4.14710372e-05 3.43723688e-05 1.33570342e-05 3.79051634e-05 4.38976386e-05 9.18094302e-06 3.54396604e-05 7.62070633e-05 2.33450162e-05 1.87035182e-04 3.58630339e-04 1.43452136e-05 1.11708521e-04 8.42423178e-06 2.74159684e-05 2.19154123e-04 3.98845921e-04 6.88548715e-05 1.51895537e-04 2.81236729e-05 8.02207624e-06 1.65253606e-05 8.12000862e-06 2.70237373e-07 7.40493160e-09 5.41479217e-10
 1997 04 07 12 00 00  3.54787867e-03 2.15661449e-03 1.18161129e-03 8.33202621e-04 5.87429091e-04 3.37338909e-04 2.37006000e-04 1.94599609e-04 3.91731240e-04 1.15793564e-04 2.69771055e-03 3.97309139e-03 2.05847734e-04 6.01946325e-05 3.97871261e-05 1.07406042e-04 2.90125172e-05 4.83982032e-05 1.07252399e-04 6.66907639e-05 1.17979332e-04 1.43503253e-04 8.83984133e-05 6.54013150e-05 4.58750546e-06 8.71219090e-06 5.86573879e-06 2.24786063e-05 4.78941365e-06 1.52948528e-05 3.86042742e-05 3.51123017e-05 1.14036622e-05 4.15144453e-05 3.41409090e-05 1.33655732e-05 3.80037232e-05 4.40753651e-05 9.17472789e-06 3.54351177e-05 7.65593261e-05 2.31973841e-05 1.87702634e-04 3.56502916e-04 1.42601166e-05 1.11812363e-04 8.78735591e-06 2.71292345e-05 2.19687421e-04 3.99227378e-04 6.86497852e-05 1.52701227e-04 2.78720604e-05 7.93045765e-06 1.63131479e-05 7.96875765e-06 2.62718538e-07 6.96062870e-09 4.99858466e-10
 1997 04 08 12 00 00  3.54916202e-03 2.15645020e-03 1.18159512e-03 8.33402271e-04 5.87719466e-04 3.37586123e-04 2.37193605e-04 1.94782898e-04 3.92199111e-04 1.15709759e-04 2.70152558e-03 3.98371927e-03 2.05869920e-04 6.00720217e-05 3.97703651e-05 1.07510815e-04 2.90817756e-05 4.85653640e-05 1.07038466e-04 6.64411229e-05 1.18316838e-04 1.43935058e-04 8.85490164e-05 6.54033663e-05 4.59239673e-06 8.68934731e-06 5.86754286e-06 2.24881927e-05 4.78365509e-06 1.52970002e-05 3.86481708e-05 3.51404538e-05 1.14612762e-05 4.15368587e-05 3.38049751e-05 1.33741167e-05 3.80788745e-05 4.42350303e-05 9.15570927e-06 3.53755287e-05 7.68627068e-05 2.29844925e-05 1.88231866e-04 3.53416925e-04 1.41366770e-05 1.11627439e-04 9.15213168e-06 2.67154683e-05 2.19877138e-04 3.99168411e-04 6.82838163e-05 1.53014824e-04 2.69814146e-05 7.60651178e-06 1.55645556e-05 7.45577063e-06 2.38609303e-07 5.63207756e-09 3.77576814e-10
 1997 04 09 12 00 00  3.54861905e-03 2.15527369e-03 1.18092141e-03 8.33064222e-04 5.87507362e-04 3.37589029e-04 2.37149138e-04 1.94714790e-04 3.92012158e-04 1.15490175e-04 2.70007892e-03 3.98372225e-03 2.05660048e-04 5.99176722e-05 3.97226696e-05 1.07425751e-04 2.90890603e-05 4.85742901e-05 1.06738164e-04 6.61809929e-05 1.18326414e-04 1.43946637e-04 8.85293956e-05 6.53761737e-05 4.59285511e-06 8.71440498e-06 5.86758069e-06 2.24818519e-05 4.77770918e-06 1.52869210e-05 3.86187826e-05 3.51430033e-05 1.14677037e-05 4.15150225e-05 3.34577693e-05 1.33741953e-05 3.80155337e-05 4.41868939e-05 9.17654761e-06 3.52944241e-05 7.67270594e-05 2.27631099e-05 1.88194408e-04 3.50225735e-04 1.40090294e-05 1.10749863e-04 9.17648867e-06 2.62854795e-05 2.18792032e-04 3.97995480e-04 6.77440547e-05 1.53860705e-04 2.81208086e-05 8.02050904e-06 1.65191841e-05 8.08575819e-06 2.66513904e-07 7.04536198e-09 5.04641662e-10
 1997 04 10 12 00 00  3.54894637e-03 2.15590938e-03 1.18128754e-03 8.33275316e-04 5.87662305e-04 3.37598316e-04 2.37182730e-04 1.94762889e-04 3.92132749e-04 1.15610294e-04 2.70101069e-03 3.98372561e-03 2.05778435e-04 6.00053729e-05 3.97496348e-05 1.07487759e-04 2.90968252e-05 4.85838100e-05 1.06919357e-04 6.63259358e-05 1.18336262e-04 1.43958975e-04 8.85475195e-05 6.54054106e-05 4.59334406e-06 8.71395387e-06 5.86762108e-06 2.24898455e-05 4.78084512e-06 1.52947325e-05 3.86457290e-05 3.51457216e-05 1.14745570e-05 4.15410714e-05 3.36419413e-05 1.33742797e-05 3.80639843e-05 4.42320606e-05 9.17616417e-06 3.53621695e-05 7.68488555e-05 2.28849967e-05 1.88351466e-04 3.51924055e-04 1.40769622e-05 1.11315128e-04 9.20245657e-06 2.65212875e-05 2.19558704e-04 3.98850286e-04 6.80670523e-05 1.54035099e-04 2.81611284e-05 8.03502385e-06 1.65519914e-05 8.09961637e-06 2.66557878e-07 7.00343001e-09 4.99706987e-10
 1997 04 11 12 00 00  3.54691568e-03 2.15442914e-03 1.18036276e-03 8.32613030e-04 5.87089480e-04 3.37358796e-04 2.36936255e-04 1.94488345e-04 3.91410444e-04 1.15387721e-04 2.69522480e-03 3.97310443e-03 2.05464727e-04 5.99140088e-05 3.97002204e-05 1.07269644e-04 2.90416501e-05 4.84339078e-05 1.06720449e-04 6.62139093e-05 1.18015284e-04 1.43549556e-04 8.83720102e-05 6.53183972e-05 4.58933937e-06 8.70382937e-06 5.86589013e-06 2.24682126e-05 4.77826434e-06 1.52792971e-05 3.85621302e-05 3.51224968e-05 1.14293689e-05 4.14491635e-05 3.34913784e-05 1.33658890e-05 3.78974516e-05 4.40078837e-05 9.16773351e-06 3.52215387e-05 7.63654749e-05 2.27894910e-05 1.87447174e-04 3.50540840e-04 1.40216336e-05 1.10256353e-04 8.88477007e-06 2.63356837e-05 2.17913958e-04 3.97119959e-04 6.76900403e-05 1.52832217e-04 2.77792636e-05 7.89609808e-06 1.62307919e-05 7.87759220e-06 2.55988371e-07 6.41114077e-09 4.44953141e-10
 1997 04 12 12 00 00  3.54104083e-03 2.15052792e-03 1.17789615e-03 8.30756469e-04 5.85432975e-04 3.36628082e-04 2.36208567e-04 1.93686175e-04 3.89312866e-04 1.14819819e-04 2.67839198e-03 3.94123420e-03 2.04616312e-04 5.97093033e-05 3.95735024e-05 1.06640137e-04 2.88610696e-05 4.79657552e-05 1.06253727e-04 6.59969694e-05 1.17034126e-04 1.42297397e-04 8.78470702e-05 6.50881742e-05 4.57637652e-06 8.69451324e-06 5.86061906e-06 2.24047719e-05 4.77331087e-06 1.52353570e-05 3.83140411e-05 3.50475573e-05 1.12805224e-05 4.11974424e-05 3.32020631e-05 1.33405541e-05 3.74174310e-05 4.33410280e-05 9.15997516e-06 3.48736667e-05 7.49347962e-05 2.26049000e-05 1.84847020e-04 3.47881556e-04 1.39152622e-05 1.07426241e-04 7.88139150e-06 2.59771798e-05 2.13311303e-04 3.92404299e-04 6.67844819e-05 1.49669024e-04 2.74318086e-05 7.76968050e-06 1.59384594e-05 7.67491358e-06 2.46297338e-07 5.86501780e-09 3.94394073e-10
 1997 04 13 12 00 00  3.53566984e-03 2.14768701e-03 1.17603848e-03 8.29218559e-04 5.83987292e-04 3.35898647e-04 2.35525325e-04 1.92951023e-04 3.87394107e-04 1.14450968e-04 2.66292875e-03 3.90936211e-03 2.03960387e-04 5.96483575e-05 3.94910951e-05 1.06094958e-04 2.86780647e-05 4.74946253e-05 1.06076418e-04 6.60205318e-05 1.16051232e-04 1.41041369e-04 8.73425899e-05 6.49319033e-05 4.56326125e-06 8.72894670e-06 5.85533562e-06 2.23528340e-05 4.77367139e-06 1.52014569e-05 3.80970744e-05 3.49717680e-05 1.11295347e-05 4.10083826e-05 3.32241820e-05 1.33151916e-05 3.70059703e-05 4.27279301e-05 9.18861915e-06 3.46890471e-05 7.36508731e-05 2.26234813e-05 1.82643276e-04 3.48090476e-04 1.39236190e-05 1.05465071e-04 6.86988715e-06 2.60123343e-05 2.09765749e-04 3.89032925e-04 6.63864181e-05 1.47925887e-04 2.89337927e-05 8.31556695e-06 1.71979001e-05 8.51422064e-06 2.84070401e-07 7.82436800e-09 5.71774317e-10
 1997 04 14 12 00 00  3.52786178e-03 2.14257218e-03 1.17279892e-03 8.26756659e-04 5.81777994e-04 3.34918978e-04 2.34554318e-04 1.91882000e-04 3.84603656e-04 1.13709610e-04 2.64052707e-03 3.86686549e-03 2.02843144e-04 5.93865057e-05 3.93255957e-05 1.05255323e-04 2.84311449e-05 4.68628859e-05 1.05473762e-04 6.57509081e-05 1.14735240e-04 1.39362050e-04 8.66405773e-05 6.46235391e-05 4.54559122e-06 8.71309530e-06 5.84827612e-06 2.22669161e-05 4.76753121e-06 1.51425470e-05 3.77626522e-05 3.48696951e-05 1.09256478e-05 4.06707909e-05 3.28655326e-05 1.32813453e-05 3.63642809e-05 4.18336726e-05 9.17542420e-06 3.42265536e-05 7.17314249e-05 2.23942072e-05 1.79137448e-04 3.44793326e-04 1.37917330e-05 1.01718623e-04 5.51148769e-06 2.55671475e-05 2.03631111e-04 3.82750911e-04 6.52093997e-05 1.43515417e-04 2.83030522e-05 8.08618715e-06 1.66679992e-05 8.15299290e-06 2.67227144e-07 6.90597410e-09 4.87480634e-10
 1997 04 15 12 00 00  3.52423089e-03 2.14058483e-03 1.17150662e-03 8.25698866e-04 5.80789292e-04 3.34430579e-04 2.34093335e-04 1.91384232e-04 3.83305800e-04 1.13446029e-04 2.63007255e-03 3.84561643e-03 2.02388297e-04 5.93330456e-05 3.92667154e-05 1.04881887e-04 2.83071975e-05 4.65464167e-05 1.05328928e-04 6.57455414e-05 1.14077413e-04 1.38521603e-04 8.63010906e-05 6.45117733e-05 4.53672510e-06 8.73177123e-06 5.84474365e-06 2.22305986e-05 4.76731475e-06 1.51186506e-05 3.76130603e-05 3.48184898e-05 1.08232736e-05 4.05380199e-05 3.28534166e-05 1.32644156e-05 3.60815238e-05 4.14168801e-05 9.19095764e-06 3.40877170e-05 7.08541447e-05 2.23888594e-05 1.77618147e-04 3.44684970e-04 1.37873988e-05 1.00320242e-04 4.83065087e-06 2.55562598e-05 2.01144155e-04 3.80354724e-04 6.48955528e-05 1.42197223e-04 2.91352079e-05 8.38858800e-06 1.73654841e-05 8.61546343e-06 2.87871126e-07 7.96387951e-09 5.82919979e-10
 1997 04 16 12 00 00  3.51826252e-03 2.13652134e-03 1.16894632e-03 8.23780998e-04 5.79082662e-04 3.33693964e-04 2.33354412e-04 1.90566886e-04 3.81172672e-04 1.12847283e-04 2.61295863e-03 3.81374322e-03 2.01508791e-04 5.91060787e-05 3.91331666e-05 1.04232264e-04 2.81207933e-05 4.60711279e-05 1.04815060e-04 6.54923671e-05 1.13087748e-04 1.37260185e-04 8.57691129e-05 6.42398872e-05 4.52339591e-06 8.67681665e-06 5.83944238e-06 2.21609889e-05 4.76157657e-06 1.50719980e-05 3.73526465e-05 3.47415102e-05 1.06692874e-05 4.02502936e-05 3.25180677e-05 1.32390167e-05 3.55801164e-05 4.07303515e-05 9.14522825e-06 3.36610375e-05 6.93734195e-05 2.21738024e-05 1.74721860e-04 3.41601195e-04 1.36640478e-05 9.72909970e-05 3.80779238e-06 2.51388206e-05 1.96294098e-04 3.75228714e-04 6.39021273e-05 1.37505169e-04 2.68350977e-05 7.55240187e-06 1.54351786e-05 7.31615009e-06 2.28458784e-07 4.81062585e-09 2.95615865e-10
 1997 04 17 12 00 00  3.51514238e-03 2.13002097e-03 1.16521669e-03 8.21813634e-04 5.77769451e-04 3.33671361e-04 2.33075033e-04 1.90151052e-04 3.80071432e-04 1.11629074e-04 2.60443485e-03 3.81374285e-03 2.00332136e-04 5.82393529e-05 3.88657996e-05 1.03705995e-04 2.81193410e-05 4.60693438e-05 1.03092318e-04 6.40415237e-05 1.13083294e-04 1.37257876e-04 8.56339438e-05 6.39311980e-05 4.52330460e-06 8.61976514e-06 5.83943474e-06 2.21000350e-05 4.72899192e-06 1.50079312e-05 3.71458077e-05 3.47410038e-05 1.06680047e-05 3.99890108e-05 3.06118018e-05 1.32390007e-05 3.51638303e-05 4.03887918e-05 9.09775554e-06 3.29326505e-05 6.84379625e-05 2.09438207e-05 1.73269708e-04 3.24062264e-04 1.29624906e-05 9.20212714e-05 3.80292986e-06 2.27528799e-05 1.89662910e-04 3.67504268e-04 6.08125992e-05 1.35228238e-04 2.44407443e-05 6.68197004e-06 1.34258951e-05 5.96457140e-06 1.66720820e-07 1.53876449e-09 1.00000000e-10
 1997 04 18 12 00 00  3.51503094e-03 2.13258947e-03 1.16661470e-03 8.22359544e-04 5.77989883e-04 3.33437049e-04 2.32996232e-04 1.90128795e-04 3.80024281e-04 1.12165053e-04 2.60385417e-03 3.80311720e-03 2.00749689e-04 5.86892340e-05 3.89833631e-05 1.03805611e-04 2.80554203e-05 4.59087256e-05 1.03968801e-04 6.48367102e-05 1.12751631e-04 1.36834559e-04 8.55366104e-05 6.39946663e-05 4.51874912e-06 8.59211359e-06 5.83765832e-06 2.21100843e-05 4.74674307e-06 1.50306385e-05 3.71788265e-05 3.47147172e-05 1.06151012e-05 4.00236360e-05 3.16509482e-05 1.32305155e-05 3.52404011e-05 4.03602005e-05 9.07474605e-06 3.31722274e-05 6.84959418e-05 2.16170665e-05 1.72941977e-04 3.33626589e-04 1.33450636e-05 9.41497134e-05 3.45600856e-06 2.40582827e-05 1.92024149e-04 3.70299901e-04 6.23498441e-05 1.33644043e-04 2.32767542e-05 6.25882717e-06 1.24491623e-05 5.30803615e-06 1.36765747e-07 3.66159369e-10 1.00000000e-10
 1997 04 19 12 00 00  3.51376513e-03 2.13275564e-03 1.16663385e-03 8.22176418e-04 5.77722303e-04 3.33194411e-04 2.32813705e-04 1.89952038e-04 3.79568421e-04 1.12250483e-04 2.60011736e-03 3.79249156e-03 2.00731566e-04 5.88171627e-05 3.90016433e-05 1.03709747e-04 2.79910222e-05 4.57475195e-05 1.04202932e-04 6.50933362e-05 1.12419491e-04 1.36410480e-04 8.53892969e-05 6.39745321e-05 4.51416308e-06 8.58623316e-06 5.83587935e-06 2.21003396e-05 4.75246088e-06 1.50296165e-05 3.71373516e-05 3.46882647e-05 1.05617735e-05 3.99872446e-05 3.19857150e-05 1.32220244e-05 3.51676773e-05 4.02073702e-05 9.06985442e-06 3.31981643e-05 6.82115164e-05 2.18342393e-05 1.72296089e-04 3.36708102e-04 1.34683241e-05 9.43566243e-05 3.10747600e-06 2.44793191e-05 1.91927357e-04 3.70365049e-04 6.27401505e-05 1.32544380e-04 2.30202303e-05 6.16559516e-06 1.22340635e-05 5.16469536e-06 1.30315026e-07 1.42570755e-10 1.00000000e-10
 1997 04 20 12 00 00  3.51353217e-03 2.13228005e-03 1.16636137e-03 8.22030186e-04 5.77622809e-04 3.33190656e-04 2.32792200e-04 1.89920764e-04 3.79486859e-04 1.12161598e-04 2.59947458e-03 3.79249081e-03 2.00645824e-04 5.87555443e-05 3.89826106e-05 1.03669756e-04 2.79885950e-05 4.57445421e-05 1.04082937e-04 6.49901398e-05 1.12416217e-04 1.36406625e-04 8.53780175e-05 6.39498537e-05 4.51401029e-06 8.58045241e-06 5.83586734e-06 2.20951636e-05 4.75007764e-06 1.50245613e-05 3.71190819e-05 3.46874178e-05 1.05596315e-05 3.99664073e-05 3.18466919e-05 1.32219982e-05 3.51344840e-05 4.01790388e-05 9.06504647e-06 3.31420491e-05 6.81349269e-05 2.17462162e-05 1.72167926e-04 3.35431116e-04 1.34172446e-05 9.39578773e-05 3.09936186e-06 2.43082191e-05 1.91419482e-04 3.69773437e-04 6.25163230e-05 1.32292158e-04 2.27661317e-05 6.07324928e-06 1.20210306e-05 5.02298722e-06 1.23956264e-07 1.00000000e-10 1.00000000e-10
 1997 04 21 12 00 00  3.51162131e-03 2.13110638e-03 1.16561164e-03 8.21439761e-04 5.77082051e-04 3.32942736e-04 2.32551508e-04 1.89657586e-04 3.78802789e-04 1.11995832e-04 2.59397193e-03 3.78186479e-03 2.00384834e-04 5.87044495e-05 3.89456772e-05 1.03464425e-04 2.79232219e-05 4.55821457e-05 1.03960640e-04 6.49472873e-05 1.12082941e-04 1.35981011e-04 8.52024115e-05 6.38830543e-05 4.50936386e-06 8.58688436e-06 5.83408328e-06 2.20742071e-05 4.74908411e-06 1.50101938e-05 3.70351395e-05 3.46606248e-05 1.05054474e-05 3.98903548e-05 3.17887607e-05 1.32134970e-05 3.49777496e-05 3.99559515e-05 9.07039866e-06 3.30490496e-05 6.76571587e-05 2.17096269e-05 1.71341226e-04 3.34899076e-04 1.33959630e-05 9.30896559e-05 2.74758913e-06 2.42370821e-05 1.89944955e-04 3.68310519e-04 6.22676329e-05 1.31472585e-04 2.30400312e-05 6.17281207e-06 1.22508123e-05 5.17701000e-06 1.30952770e-07 1.68561698e-10 1.00000000e-10
 1997 04 22 12 00 00  3.51084244e-03 2.13229513e-03 1.16621757e-03 8.21563583e-04 5.77017351e-04 3.32702111e-04 2.32411938e-04 1.89545259e-04 3.78518672e-04 1.12272939e-04 2.59155910e-03 3.77123877e-03 2.00551713e-04 5.89693313e-05 3.90061999e-05 1.03449820e-04 2.78573658e-05 4.54191497e-05 1.04467631e-04 6.54332864e-05 1.11749512e-04 1.35554613e-04 8.50753232e-05 6.39142698e-05 4.50468615e-06 8.59465217e-06 5.83229703e-06 2.20738813e-05 4.75993183e-06 1.50189563e-05 3.70243626e-05 3.46336601e-05 1.04508326e-05 3.98972989e-05 3.24238004e-05 1.32049900e-05 3.49691493e-05 3.98546199e-05 9.07686044e-06 3.31952650e-05 6.75141730e-05 2.21210837e-05 1.70937413e-04 3.40744020e-04 1.36297608e-05 9.41188062e-05 2.39417932e-06 2.50348792e-05 1.90871376e-04 3.69586861e-04 6.31433446e-05 1.30869286e-04 2.33740863e-05 6.29423303e-06 1.25310024e-05 5.36436895e-06 1.39430999e-07 4.64590499e-10 1.00000000e-10
 1997 04 23 12 00 00  3.51005162e-03 2.13067755e-03 1.16528810e-03 8.21060885e-04 5.76672093e-04 3.32692287e-04 2.32338203e-04 1.89436541e-04 3.78235229e-04 1.11968872e-04 2.58937343e-03 3.77123617e-03 2.00256117e-04 5.87502701e-05 3.89387091e-05 1.03311599e-04 2.78525113e-05 4.54132009e-05 1.04025254e-04 6.50680624e-05 1.11742596e-04 1.35546903e-04 8.50387340e-05 6.38306906e-05 4.50438092e-06 8.57341001e-06 5.83227193e-06 2.20567523e-05 4.75186243e-06 1.50020392e-05 3.69692263e-05 3.46319604e-05 1.04465500e-05 3.98254332e-05 3.19508836e-05 1.32049390e-05 3.48599157e-05 3.97619230e-05 9.05918350e-06 3.30023041e-05 6.72617364e-05 2.18125570e-05 1.70512839e-04 3.36388654e-04 1.34555462e-05 9.27685438e-05 2.37795102e-06 2.44370924e-05 1.89143462e-04 3.67566045e-04 6.23569844e-05 1.30030858e-04 2.24878822e-05 5.97205374e-06 1.17872284e-05 4.86331726e-06 1.16490654e-07 1.00000000e-10 1.00000000e-10
 1997 04 24 12 00 00  3.51231978e-03 2.13263294e-03 1.16648603e-03 8.21874650e-04 5.77351818e-04 3.32936513e-04 2.32607713e-04 1.89744524e-04 3.79043273e-04 1.12280860e-04 2.59582383e-03 3.78185958e-03 2.00657114e-04 5.89059399e-05 3.90079255e-05 1.03572528e-04 2.79110885e-05 4.55672707e-05 1.04354350e-04 6.52870047e-05 1.12067790e-04 1.35961724e-04 8.52262307e-05 6.39350650e-05 4.50860025e-06 8.57816485e-06 5.83402034e-06 2.20832543e-05 4.75680390e-06 1.50228137e-05 3.70707628e-05 3.46563786e-05 1.04947379e-05 3.99325002e-05 3.22398613e-05 1.32133660e-05 3.50595097e-05 4.00157612e-05 9.06313944e-06 3.31858048e-05 6.78258105e-05 2.19983718e-05 1.71494313e-04 3.39046573e-04 1.35618629e-05 9.42290873e-05 2.70700384e-06 2.47976714e-05 1.91322399e-04 3.69881667e-04 6.29678248e-05 1.31181787e-04 2.26942516e-05 6.04705981e-06 1.19602907e-05 4.97878732e-06 1.21697476e-07 1.00000000e-10 1.00000000e-10
 1997 04 25 12 00 00  3.51848952e-03 2.13712683e-03 1.16929365e-03 8.23920003e-04 5.79141282e-04 3.33672339e-04 2.33363904e-04 1.90588364e-04 3.81247968e-04 1.12960481e-04 2.61348033e-03 3.81373167e-03 2.01614785e-04 5.91920123e-05 3.91596835e-05 1.04255231e-04 2.80950597e-05 4.60395851e-05 1.04987435e-04 6.56391145e-05 1.13052823e-04 1.37219284e-04 8.57656381e-05 6.41773373e-05 4.52177628e-06 8.56759361e-06 5.83930887e-06 2.21517136e-05 4.76470159e-06 1.50732988e-05 3.73395227e-05 3.47325054e-05 1.06465806e-05 4.01950647e-05 3.27019283e-05 1.32387373e-05 3.55784583e-05 4.07178518e-05 9.05433844e-06 3.35699875e-05 6.93533110e-05 2.22967894e-05 1.74118495e-04 3.43298284e-04 1.37319314e-05 9.75481011e-05 3.72174472e-06 2.53764912e-05 1.96585656e-04 3.75282273e-04 6.41674821e-05 1.33873343e-04 2.22858504e-05 5.89850624e-06 1.16169584e-05 4.74295812e-06 1.10575063e-07 1.00000000e-10 1.00000000e-10
 1997 04 26 12 00 00  3.52341538e-03 2.13902227e-03 1.17061022e-03 8.25180927e-04 5.80408776e-04 3.34400541e-04 2.34009249e-04 1.91266748e-04 3.83013545e-04 1.13153049e-04 2.62774401e-03 3.84560376e-03 2.02102070e-04 5.91308124e-05 3.92043237e-05 1.04728812e-04 2.82800116e-05 4.65130928e-05 1.04929793e-04 6.54098403e-05 1.14039649e-04 1.38478396e-04 8.62519625e-05 6.43420393e-05 4.53501343e-06 8.59781430e-06 5.84460249e-06 2.22003774e-05 4.75957095e-06 1.50984354e-05 3.75294367e-05 3.48089758e-05 1.07992833e-05 4.03920447e-05 3.24016466e-05 1.32641188e-05 3.59393630e-05 4.12888475e-05 9.07948051e-06 3.37463916e-05 7.05182823e-05 2.21025752e-05 1.76495463e-04 3.40534920e-04 1.36213968e-05 9.88112565e-05 4.73974033e-06 2.49998440e-05 1.99215299e-04 3.77807485e-04 6.41318869e-05 1.37642123e-04 2.35809754e-05 6.36926507e-06 1.27033302e-05 5.47000643e-06 1.43518752e-07 5.75286307e-10 1.00000000e-10
 1997 04 27 12 00 00  3.52926534e-03 2.14284720e-03 1.17303391e-03 8.27024435e-04 5.82064032e-04 3.35134617e-04 2.34736988e-04 1.92068027e-04 3.85105186e-04 1.13707237e-04 2.64452869e-03 3.87747660e-03 2.02938546e-04 5.93271870e-05 3.93284202e-05 1.05357763e-04 2.84644746e-05 4.69860126e-05 1.05384348e-04 6.56118093e-05 1.15026460e-04 1.39736746e-04 8.67778464e-05 6.45925308e-05 4.54822075e-06 8.63732566e-06 5.84989320e-06 2.22663759e-05 4.76411442e-06 1.51424280e-05 3.77794437e-05 3.48852715e-05 1.09515575e-05 4.06615958e-05 3.26674111e-05 1.32894987e-05 3.64220241e-05 4.19594968e-05 9.11235475e-06 3.41286327e-05 7.19568542e-05 2.22738614e-05 1.79259096e-04 3.42979888e-04 1.37191955e-05 1.01628137e-04 5.75611812e-06 2.53321457e-05 2.03802315e-04 3.82591202e-04 6.50129448e-05 1.41832930e-04 2.52587080e-05 6.97913292e-06 1.41109042e-05 6.41412886e-06 1.86450622e-07 2.52384975e-09 8.58191684e-11
 1997 04 28 12 00 00  3.52971698e-03 2.14379217e-03 1.17357602e-03 8.27308909e-04 5.82252765e-04 3.35137263e-04 2.34777074e-04 1.92127875e-04 3.85264278e-04 1.13884270e-04 2.64575944e-03 3.87747660e-03 2.03109374e-04 5.94530609e-05 3.93672554e-05 1.05433397e-04 2.84639857e-05 4.69854189e-05 1.05634041e-04 6.58226607e-05 1.15025886e-04 1.39735970e-04 8.67970523e-05 6.46275153e-05 4.54819019e-06 8.63217938e-06 5.84989102e-06 2.22741450e-05 4.76885507e-06 1.51516058e-05 3.78084206e-05 3.48851027e-05 1.09511282e-05 4.06911153e-05 3.29447270e-05 1.32894929e-05 3.64803666e-05 4.20073904e-05 9.10807430e-06 3.42165809e-05 7.20888527e-05 2.24526579e-05 1.79397577e-04 3.45531197e-04 1.38212479e-05 1.02380636e-04 5.75449230e-06 2.56790081e-05 2.04756226e-04 3.83662479e-04 6.54606398e-05 1.41731663e-04 2.50343226e-05 6.89758099e-06 1.39227502e-05 6.28872774e-06 1.80805964e-07 2.23097776e-09 5.93035065e-11
 1997 04 29 12 00 00  3.53207537e-03 2.14590942e-03 1.17486709e-03 8.28181065e-04 5.82978640e-04 3.35386491e-04 2.35056906e-04 1.92449914e-04 3.86105802e-04 1.14226818e-04 2.65247642e-03 3.88810150e-03 2.03540802e-04 5.96302707e-05 3.94430973e-05 1.05712873e-04 2.85274175e-05 4.71454347e-05 1.06006951e-04 6.60768943e-05 1.15356894e-04 1.40158504e-04 8.69909411e-05 6.47321845e-05 4.55271511e-06 8.62553934e-06 5.85166454e-06 2.23027659e-05 4.77458707e-06 1.51748800e-05 3.79197675e-05 3.49112175e-05 1.10036010e-05 4.07990334e-05 3.32798983e-05 1.32979723e-05 3.66942689e-05 4.22763993e-05 9.10255112e-06 3.44032868e-05 7.26935010e-05 2.26683667e-05 1.80378981e-04 3.48614256e-04 1.39445702e-05 1.03994784e-04 6.09977687e-06 2.60975619e-05 2.07165552e-04 3.86193311e-04 6.61555232e-05 1.42584115e-04 2.47410769e-05 6.79101129e-06 1.36769199e-05 6.12538742e-06 1.73489889e-07 1.85415541e-09 2.52586174e-11
 1997 04 30 12 00 00  3.53356514e-03 2.14621479e-03 1.17511863e-03 8.28505553e-04 5.83339503e-04 3.35629787e-04 2.35259132e-04 1.92656316e-04 3.86640820e-04 1.14229824e-04 2.65682180e-03 3.89872678e-03 2.03644325e-04 5.95658249e-05 3.94443918e-05 1.05846077e-04 2.85908463e-05 4.73054504e-05 1.05899806e-04 6.59265730e-05 1.15688098e-04 1.40581032e-04 8.71474041e-05 6.47768851e-05 4.55723930e-06 8.63930763e-06 5.85343878e-06 2.23168824e-05 4.77123431e-06 1.51803698e-05 3.79750073e-05 3.49373295e-05 1.10560708e-05 4.08562190e-05 3.30836425e-05 1.33064532e-05 3.67963873e-05 4.24526425e-05 9.11401003e-06 3.44346095e-05 7.30422900e-05 2.25411277e-05 1.81142952e-04 3.46807848e-04 1.38723139e-05 1.04166596e-04 6.44505781e-06 2.58508633e-05 2.07731728e-04 3.86688614e-04 6.59896462e-05 1.43942133e-04 2.53145416e-05 6.99949630e-06 1.41582341e-05 6.44976076e-06 1.88350488e-07 2.64499329e-09 9.73681802e-11
 1997 05 01 12 00 00  3.53734954e-03 2.14851672e-03 1.17659205e-03 8.29661867e-04 5.84396334e-04 3.36119689e-04 2.35734539e-04 1.93175553e-04 3.87994629e-04 1.14552785e-04 2.66770146e-03 3.91997546e-03 2.04157209e-04 5.96632095e-05 3.95167818e-05 1.06246711e-04 2.87152769e-05 4.76225163e-05 1.06135498e-04 6.60049496e-05 1.16346878e-04 1.41422242e-04 8.74937667e-05 6.49100342e-05 4.56613598e-06 8.63186942e-06 5.85697344e-06 2.23569232e-05 4.77301619e-06 1.52075205e-05 3.81345793e-05 3.49887036e-05 1.11588721e-05 4.10074092e-05 3.31877323e-05 1.33233872e-05 3.71006282e-05 4.28873363e-05 9.10782182e-06 3.46207051e-05 7.39682698e-05 2.26077507e-05 1.82778162e-04 3.47764849e-04 1.39105940e-05 1.05831519e-04 7.12750916e-06 2.59802124e-05 2.10554987e-04 3.89502012e-04 6.64599387e-05 1.45667840e-04 2.49913008e-05 6.88201371e-06 1.38871701e-05 6.26895611e-06 1.80201414e-07 2.22137744e-09 5.89947313e-11
 1997 05 02 12 00 00  3.54126747e-03 2.15109510e-03 1.17822395e-03 8.30902085e-04 5.85509384e-04 3.36610940e-04 2.36221979e-04 1.93712556e-04 3.89395317e-04 1.14927472e-04 2.67894655e-03 3.94122452e-03 2.04719999e-04 5.97969689e-05 3.96003978e-05 1.06669906e-04 2.88401934e-05 4.79401700e-05 1.06442807e-04 6.61442813e-05 1.17006381e-04 1.42264221e-04 8.78461248e-05 6.50565150e-05 4.57506248e-06 8.62680608e-06 5.86051101e-06 2.23996589e-05 4.77618378e-06 1.52374569e-05 3.83035676e-05 3.50402523e-05 1.12621012e-05 4.11698295e-05 3.33728152e-05 1.33403257e-05 3.74230401e-05 4.33371292e-05 9.10360759e-06 3.48379266e-05 7.49354252e-05 2.27261859e-05 1.84477289e-04 3.49466505e-04 1.39786602e-05 1.07722514e-04 7.81158597e-06 2.62101559e-05 2.13663662e-04 3.92647289e-04 6.70607413e-05 1.47503851e-04 2.47814162e-05 6.80570695e-06 1.37109938e-05 6.15008227e-06 1.74745203e-07 1.93024734e-09 3.24299032e-11
 1997 05 03 12 00 00  3.54307639e-03 2.15206987e-03 1.17885936e-03 8.31427225e-04 5.86002733e-04 3.36855965e-04 2.36452352e-04 1.93960999e-04 3.90042320e-04 1.15055782e-04 2.68416027e-03 3.95184904e-03 2.04944256e-04 5.98212264e-05 3.96290703e-05 1.06856226e-04 2.89031392e-05 4.80995892e-05 1.06510582e-04 6.61426573e-05 1.17336412e-04 1.42685980e-04 8.80160882e-05 6.51095621e-05 4.57955648e-06 8.61391309e-06 5.86228198e-06 2.24177148e-05 4.77619324e-06 1.52494042e-05 3.83786672e-05 3.50661925e-05 1.13141454e-05 4.12339085e-05 3.33730801e-05 1.33488022e-05 3.75639301e-05 4.35458555e-05 9.09287919e-06 3.49013838e-05 7.53748112e-05 2.27251890e-05 1.85221232e-04 3.49467468e-04 1.39786987e-05 1.08410550e-04 8.15524472e-06 2.62084621e-05 2.14901339e-04 3.93826100e-04 6.72102949e-05 1.48074844e-04 2.42320810e-05 6.60602414e-06 1.32501479e-05 5.84122652e-06 1.60718940e-07 1.19445200e-09 1.00000000e-10
 1997 05 04 12 00 00  3.54306148e-03 2.15203204e-03 1.17883752e-03 8.31417688e-04 5.85997860e-04 3.36857166e-04 2.36451509e-04 1.93959303e-04 3.90036936e-04 1.15048618e-04 2.68412426e-03 3.95184979e-03 2.04937375e-04 5.98154182e-05 3.96272886e-05 1.06854336e-04 2.89045944e-05 4.81013762e-05 1.06498027e-04 6.61328784e-05 1.17338081e-04 1.42688287e-04 8.80161901e-05 6.51046086e-05 4.57964816e-06 8.60836444e-06 5.86228962e-06 2.24174222e-05 4.77600115e-06 1.52492775e-05 3.83791225e-05 3.50667047e-05 1.13154281e-05 4.12297597e-05 3.33616859e-05 1.33488182e-05 3.75625778e-05 4.35457136e-05 9.08826405e-06 3.48907970e-05 7.53741134e-05 2.27171258e-05 1.85194943e-04 3.49361732e-04 1.39744693e-05 1.08384670e-04 8.16010725e-06 2.61929701e-05 2.14878875e-04 3.93780256e-04 6.71920779e-05 1.47916739e-04 2.39989407e-05 6.52127017e-06 1.30545078e-05 5.70966754e-06 1.54712562e-07 9.82270620e-10 1.00000000e-10
 1997 05 05 12 00 00  3.54329368e-03 2.15250670e-03 1.17910979e-03 8.31564199e-04 5.86097878e-04 3.36860502e-04 2.36473014e-04 1.93990778e-04 3.90119042e-04 1.15137545e-04 2.68476514e-03 3.95185091e-03 2.05023438e-04 5.98781017e-05 3.96466276e-05 1.06894468e-04 2.89065414e-05 4.81037569e-05 1.06622299e-04 6.62376580e-05 1.17341444e-04 1.42691382e-04 8.80271947e-05 6.51481522e-05 4.57977039e-06 8.64090471e-06 5.86229944e-06 2.24242456e-05 4.77837530e-06 1.52542780e-05 3.83972238e-05 3.50673829e-05 1.13171445e-05 4.12667099e-05 3.35004530e-05 1.33488400e-05 3.75979737e-05 4.35747959e-05 9.11533862e-06 3.49818146e-05 7.54518090e-05 2.28061297e-05 1.85456440e-04 3.50637845e-04 1.40255138e-05 1.08799114e-04 8.16661050e-06 2.63657304e-05 2.15385115e-04 3.94453544e-04 6.74185322e-05 1.48997835e-04 2.53800843e-05 7.02332695e-06 1.42132611e-05 6.48698065e-06 1.90065342e-07 2.73697851e-09 1.05773701e-10
 1997 05 06 12 00 00  3.54303014e-03 2.15195623e-03 1.17879363e-03 8.31397347e-04 5.85986431e-04 3.36859122e-04 2.36449424e-04 1.93955439e-04 3.90025329e-04 1.15034183e-04 2.68404540e-03 3.95185053e-03 2.04923369e-04 5.98035793e-05 3.96236577e-05 1.06849870e-04 2.89070216e-05 4.81043477e-05 1.06472365e-04 6.61130762e-05 1.17341716e-04 1.42692143e-04 8.80160821e-05 6.51193270e-05 4.57980095e-06 8.63207315e-06 5.86230235e-06 2.24189507e-05 4.77561916e-06 1.52489238e-05 3.83806298e-05 3.50675517e-05 1.13175694e-05 4.12422098e-05 3.33389617e-05 1.33488429e-05 3.75629725e-05 4.35464134e-05 9.10799135e-06 3.49148439e-05 7.53739536e-05 2.27008597e-05 1.85316666e-04 3.49150662e-04 1.39660265e-05 1.08352304e-04 8.16822139e-06 2.61617533e-05 2.14826257e-04 3.93788762e-04 6.71542387e-05 1.48680418e-04 2.49999884e-05 6.88517143e-06 1.38944577e-05 6.27384061e-06 1.80423281e-07 2.23304086e-09 6.00545946e-11
 1997 05 07 12 00 00  3.54316166e-03 2.15223242e-03 1.17895173e-03 8.31479419e-04 5.86040132e-04 3.36860005e-04 2.36460903e-04 1.93972477e-04 3.90070829e-04 1.15085713e-04 2.68440230e-03 3.95185053e-03 2.04972783e-04 5.98392966e-05 3.96346980e-05 1.06871449e-04 2.89070216e-05 4.81043477e-05 1.06541401e-04 6.61731290e-05 1.17341690e-04 1.42692143e-04 8.80217428e-05 6.51285842e-05 4.57980095e-06 8.62922025e-06 5.86230235e-06 2.24211245e-05 4.77701033e-06 1.52515918e-05 3.83895978e-05 3.50675517e-05 1.13175694e-05 4.12498673e-05 3.34200624e-05 1.33488429e-05 3.75800448e-05 4.35603919e-05 9.10561866e-06 3.49385504e-05 7.54123916e-05 2.27521145e-05 1.85351072e-04 3.49895518e-04 1.39958207e-05 1.08570530e-04 8.16822139e-06 2.62613990e-05 2.15101687e-04 3.94093614e-04 6.72818787e-05 1.48603978e-04 2.48697326e-05 6.83784467e-06 1.37853335e-05 6.20189489e-06 1.77241546e-07 2.07228386e-09 4.56116034e-11
 1997 05 08 12 00 00  3.53958471e-03 2.15036395e-03 1.17772688e-03 8.30453595e-04 5.85069883e-04 3.36371514e-04 2.36003931e-04 1.93480679e-04 3.88789883e-04 1.14843897e-04 2.67408826e-03 3.93060222e-03 2.04538133e-04 5.97992936e-05 3.95800188e-05 1.06505534e-04 2.87825940e-05 4.77872905e-05 1.06418950e-04 6.61909056e-05 1.16682853e-04 1.41850949e-04 8.76843232e-05 6.50091313e-05 4.57090464e-06 8.63107925e-06 5.85876733e-06 2.23844860e-05 4.77740359e-06 1.52286797e-05 3.82435835e-05 3.50161776e-05 1.12147725e-05 4.11102345e-05 3.34431388e-05 1.33319103e-05 3.73024728e-05 4.31477886e-05 9.10716772e-06 3.47883799e-05 7.45473256e-05 2.27671422e-05 1.83764455e-04 3.50107999e-04 1.40043199e-05 1.07249459e-04 7.48578532e-06 2.62905174e-05 2.12717285e-04 3.91761917e-04 6.70161377e-05 1.46716849e-04 2.49313951e-05 6.86030062e-06 1.38373633e-05 6.23915817e-06 1.79106129e-07 2.18330829e-09 5.60310243e-11
 1997 05 09 12 00 00  3.53197842e-03 2.14568259e-03 1.17473498e-03 8.28116037e-04 5.82938581e-04 3.35391863e-04 2.35049525e-04 1.92436607e-04 3.86067626e-04 1.14183087e-04 2.65222489e-03 3.88810448e-03 2.03497465e-04 5.95922457e-05 3.94314912e-05 1.05697307e-04 2.85342161e-05 4.71537671e-05 1.05919742e-04 6.60139311e-05 1.15365374e-04 1.40169309e-04 8.69902299e-05 6.47254297e-05 4.55314294e-06 8.62613379e-06 5.85170019e-06 2.23024833e-05 4.77346111e-06 1.51736348e-05 3.79226316e-05 3.49135953e-05 1.10095993e-05 4.07929254e-05 3.32122727e-05 1.32980480e-05 3.66875818e-05 4.22738195e-05 9.10305462e-06 3.43818989e-05 7.26833285e-05 2.26173754e-05 1.80382308e-04 3.47982904e-04 1.39193162e-05 1.03844185e-04 6.12250806e-06 2.60001660e-05 2.06988914e-04 3.85978653e-04 6.60332542e-05 1.42615756e-04 2.47017546e-05 6.77687162e-06 1.36450372e-05 6.11284657e-06 1.73555902e-07 1.90566225e-09 3.11596970e-11
 1997 05 10 12 00 00  3.52452433e-03 2.14131685e-03 1.17192406e-03 8.25874372e-04 5.80871608e-04 3.34413679e-04 2.34108859e-04 1.91412861e-04 3.83398970e-04 1.13581374e-04 2.63077853e-03 3.84560674e-03 2.02513860e-04 5.94269356e-05 3.92958409e-05 1.04914879e-04 2.82863213e-05 4.65208315e-05 1.05503241e-04 6.59068523e-05 1.14049254e-04 1.38488428e-04 8.63029431e-05 6.44744740e-05 4.53541106e-06 8.64862886e-06 5.84463523e-06 2.22251570e-05 4.77110007e-06 1.51217654e-05 3.76130229e-05 3.48111818e-05 1.08048531e-05 4.05033187e-05 3.30738869e-05 1.32641901e-05 3.60959421e-05 4.14182532e-05 9.12177711e-06 3.40431403e-05 7.08684416e-05 2.25269643e-05 1.77198756e-04 3.46708268e-04 1.38683307e-05 1.00713195e-04 4.76084606e-06 2.58250162e-05 2.01586460e-04 3.80650514e-04 6.51999209e-05 1.39400626e-04 2.56296077e-05 7.11421849e-06 1.44239516e-05 6.63904694e-06 1.97753318e-07 3.20015650e-09 1.49363388e-10
 1997 05 11 12 00 00  3.51707218e-03 2.13695125e-03 1.16911349e-03 8.23634666e-04 5.78807353e-04 3.33435965e-04 2.33168784e-04 1.90389901e-04 3.80731828e-04 1.12979861e-04 2.60934109e-03 3.80310975e-03 2.01530766e-04 5.92624002e-05 3.91604129e-05 1.04133502e-04 2.80389184e-05 4.58884955e-05 1.05089417e-04 6.58008154e-05 1.12732956e-04 1.36808334e-04 8.56159970e-05 6.42014040e-05 4.51770975e-06 8.63985770e-06 5.83757283e-06 2.21459743e-05 4.76873356e-06 1.50700176e-05 3.73027054e-05 3.47089401e-05 1.06005376e-05 4.01951919e-05 3.29353323e-05 1.32303379e-05 3.55015649e-05 4.05619740e-05 9.11448078e-06 3.36638615e-05 6.90529456e-05 2.24371877e-05 1.73859016e-04 3.45432961e-04 1.38173184e-05 9.75659534e-05 3.40082079e-06 2.56509433e-05 1.96194465e-04 3.75235999e-04 6.43697717e-05 1.35214473e-04 2.52366726e-05 6.97143250e-06 1.40946405e-05 6.42096740e-06 1.88038410e-07 2.70383778e-09 1.04627529e-10
 1997 05 12 12 00 00  3.51299096e-03 2.13402105e-03 1.16727947e-03 8.22291224e-04 5.77627988e-04 3.32945770e-04 2.32667571e-04 1.89831636e-04 3.79273286e-04 1.12539099e-04 2.59765756e-03 3.78186181e-03 2.00904233e-04 5.90804043e-05 3.90619329e-05 1.03683823e-04 2.79164262e-05 4.55738162e-05 1.04684603e-04 6.55806682e-05 1.12076313e-04 1.35970208e-04 8.52578450e-05 6.40381340e-05 4.50893604e-06 8.64043104e-06 5.83404799e-06 2.21005344e-05 4.76379719e-06 1.50370343e-05 3.71255833e-05 3.46582470e-05 1.04994491e-05 4.00186464e-05 3.26465350e-05 1.32134228e-05 3.51592371e-05 4.00972314e-05 9.11495954e-06 3.34061049e-05 6.80439709e-05 2.22506220e-05 1.72089115e-04 3.42775580e-04 1.37110232e-05 9.54028376e-05 2.72485831e-06 2.52890866e-05 1.92754451e-04 3.71694126e-04 6.36013327e-05 1.33236621e-04 2.52516744e-05 6.97690809e-06 1.41073873e-05 6.43079778e-06 1.88577528e-07 2.73917893e-09 1.08016929e-10
 1997 05 13 12 00 00  3.50951772e-03 2.13235157e-03 1.16616928e-03 8.21332444e-04 5.76707620e-04 3.32460628e-04 2.32221456e-04 1.89355273e-04 3.78030718e-04 1.12334922e-04 2.58764076e-03 3.76061387e-03 2.00506765e-04 5.90678761e-05 3.90156971e-05 1.03337875e-04 2.77949090e-05 4.52603243e-05 1.04619233e-04 6.56437711e-05 1.11421694e-04 1.35133628e-04 8.49263984e-05 6.39431413e-05 4.50022308e-06 8.66338814e-06 5.83052824e-06 2.20679267e-05 4.76517125e-06 1.50166591e-05 3.69891378e-05 3.46078887e-05 1.03992184e-05 3.99001899e-05 3.27271584e-05 1.31965207e-05 3.48995811e-05 3.97005669e-05 9.13406257e-06 3.33050618e-05 6.72208402e-05 2.23037598e-05 1.70662728e-04 3.43518735e-04 1.37407494e-05 9.42758810e-05 2.05214674e-06 2.53919367e-05 1.90616674e-04 3.69702056e-04 6.34374974e-05 1.32069358e-04 2.62170375e-05 7.32784722e-06 1.49174635e-05 6.97545047e-06 2.13437775e-07 4.05527123e-09 2.27846675e-10
 1997 05 14 12 00 00  3.51107226e-03 2.13277656e-03 1.16649002e-03 8.21699710e-04 5.77101905e-04 3.32706578e-04 2.32430960e-04 1.89571946e-04 3.78590638e-04 1.12360760e-04 2.59217620e-03 3.77124026e-03 2.00633253e-04 5.90208393e-05 3.90223247e-05 1.03484418e-04 2.78607622e-05 4.54233174e-05 1.04549652e-04 6.55218784e-05 1.11755598e-04 1.35560016e-04 8.50869146e-05 6.39836795e-05 4.50490043e-06 8.66291593e-06 5.83231413e-06 2.20829560e-05 4.76239948e-06 1.50238350e-05 3.70497008e-05 3.46348475e-05 1.04538318e-05 3.99543526e-05 3.25652218e-05 1.32050278e-05 3.50103911e-05 3.98862054e-05 9.13366748e-06 3.33312968e-05 6.75954259e-05 2.22001399e-05 1.71389994e-04 3.42029917e-04 1.36811967e-05 9.45523783e-05 2.40554509e-06 2.51907535e-05 1.91344707e-04 3.70332144e-04 6.33367335e-05 1.33036699e-04 2.62090875e-05 7.32492817e-06 1.49105858e-05 6.96917543e-06 2.13032909e-07 4.02493141e-09 2.24859509e-10
 1997 05 15 12 00 00  3.51137000e-03 2.13337026e-03 1.16683160e-03 8.21890384e-04 5.77237400e-04 3.32712588e-04 2.32460116e-04 1.89614309e-04 3.78698917e-04 1.12472664e-04 2.59301132e-03 3.77124250e-03 2.00742806e-04 5.91021028e-05 3.90473323e-05 1.03538649e-04 2.78651365e-05 4.54286754e-05 1.04715713e-04 6.56567630e-05 1.11760921e-04 1.35566965e-04 8.51020059e-05 6.40024393e-05 4.50517546e-06 8.65240436e-06 5.83233741e-06 2.20888661e-05 4.76534442e-06 1.50305644e-05 3.70717766e-05 3.46363784e-05 1.04576888e-05 3.99710637e-05 3.27380345e-05 1.32050744e-05 3.50514110e-05 3.99233844e-05 9.12491814e-06 3.33796646e-05 6.76968033e-05 2.23137977e-05 1.71468120e-04 3.43622568e-04 1.37449027e-05 9.50539494e-05 2.42016249e-06 2.54107814e-05 1.92018366e-04 3.71056558e-04 6.36320059e-05 1.32821205e-04 2.57837769e-05 7.17027449e-06 1.45534008e-05 6.72671523e-06 2.01800372e-07 3.41782807e-09 1.69268655e-10
 1997 05 16 12 00 00  3.51123447e-03 2.13305863e-03 1.16665360e-03 8.21807658e-04 5.77190911e-04 3.32716065e-04 2.32450652e-04 1.89598969e-04 3.78654039e-04 1.12414823e-04 2.59266476e-03 3.77124399e-03 2.00688344e-04 5.90620683e-05 3.90349298e-05 1.03519980e-04 2.78699881e-05 4.54346213e-05 1.04639899e-04 6.55886310e-05 1.11766721e-04 1.35574676e-04 8.50986783e-05 6.39853127e-05 4.50548105e-06 8.64358663e-06 5.83236215e-06 2.20870926e-05 4.76375208e-06 1.50284771e-05 3.70662686e-05 3.46380810e-05 1.04619714e-05 3.99573882e-05 3.26452311e-05 1.32051282e-05 3.50362190e-05 3.99144276e-05 9.11757961e-06 3.33393119e-05 6.76711087e-05 2.22555173e-05 1.71397168e-04 3.42770721e-04 1.37108289e-05 9.48314345e-05 2.43639079e-06 2.52973987e-05 1.91774896e-04 3.70740781e-04 6.34961466e-05 1.32594089e-04 2.54270292e-05 7.04055215e-06 1.42537963e-05 6.52333891e-06 1.92378309e-07 2.90856654e-09 1.22636634e-10
 1997 05 17 12 00 00  3.51314826e-03 2.13423164e-03 1.16740380e-03 8.22401922e-04 5.77737120e-04 3.32964481e-04 2.32692429e-04 1.89863759e-04 3.79341276e-04 1.12580992e-04 2.59818227e-03 3.78187075e-03 2.00950573e-04 5.91154991e-05 3.90725377e-05 1.03727371e-04 2.79358443e-05 4.55976202e-05 1.04771205e-04 6.56347780e-05 1.12100895e-04 1.36001077e-04 8.52746761e-05 6.40601224e-05 4.51015840e-06 8.64799440e-06 5.83414876e-06 2.21090113e-05 4.76472669e-06 1.50430226e-05 3.71501443e-05 3.46650399e-05 1.05165869e-05 4.00406626e-05 3.27026442e-05 1.32136338e-05 3.51945720e-05 4.01391506e-05 9.12124669e-06 3.34472501e-05 6.81529373e-05 2.22941278e-05 1.72282048e-04 3.43300926e-04 1.37320370e-05 9.57133413e-05 2.78980060e-06 2.53719714e-05 1.93267374e-04 3.72256272e-04 6.37529850e-05 1.33769863e-04 2.56242907e-05 7.11223381e-06 1.44191199e-05 6.63284555e-06 1.97258357e-07 3.15801860e-09 1.45124668e-10
 1997 05 18 12 00 00  3.51328967e-03 2.13450953e-03 1.16756365e-03 8.22492571e-04 5.77802553e-04 3.32968092e-04 2.32706607e-04 1.89884125e-04 3.79392783e-04 1.12633367e-04 2.59858204e-03 3.78187187e-03 2.01001939e-04 5.91532912e-05 3.90841683e-05 1.03753578e-04 2.79387576e-05 4.56011912e-05 1.04848455e-04 6.56974153e-05 1.12105151e-04 1.36005705e-04 8.52822755e-05 6.40881278e-05 4.51034175e-06 8.66955670e-06 5.83416404e-06 2.21137525e-05 4.76610257e-06 1.50463256e-05 3.71622729e-05 3.46660614e-05 1.05191568e-05 4.00648137e-05 3.27833259e-05 1.32136658e-05 3.52174977e-05 4.01591700e-05 9.13918702e-06 3.35048182e-05 6.82060394e-05 2.23469789e-05 1.72458663e-04 3.44044260e-04 1.37617704e-05 9.59707970e-05 2.79954056e-06 2.54743296e-05 1.93593269e-04 3.72687475e-04 6.38917149e-05 1.34506184e-04 2.65423761e-05 7.44595823e-06 1.51893266e-05 7.14911644e-06 2.20710125e-07 4.39104593e-09 2.57176902e-10
 1997 05 19 12 00 00  3.51747597e-03 2.13763923e-03 1.16951257e-03 8.23903776e-04 5.79032741e-04 3.33462071e-04 2.33218946e-04 1.90458075e-04 3.80890073e-04 1.13111824e-04 2.61056753e-03 3.80312130e-03 2.01665711e-04 5.93625229e-05 3.91910244e-05 1.04223618e-04 2.80646433e-05 4.59200324e-05 1.05309367e-04 6.59624988e-05 1.12766251e-04 1.36849220e-04 8.56467052e-05 6.42657260e-05 4.51932974e-06 8.67577910e-06 5.83770634e-06 2.21624231e-05 4.77201975e-06 1.50819302e-05 3.73491657e-05 3.47179477e-05 1.06232423e-05 4.02540092e-05 3.31297109e-05 1.32306159e-05 3.55768054e-05 4.06398408e-05 9.14436241e-06 3.37929775e-05 6.92573879e-05 2.25714044e-05 1.74319055e-04 3.47232451e-04 1.38892980e-05 9.83215595e-05 3.48685462e-06 2.59094813e-05 1.97285530e-04 3.76529289e-04 6.47620640e-05 1.36746731e-04 2.68056461e-05 7.54166090e-06 1.54102187e-05 7.29740625e-06 2.27462436e-07 4.74728905e-09 2.89581892e-10
 1997 05 20 12 00 00  3.52131898e-03 2.14005949e-03 1.17105416e-03 8.25097765e-04 5.80116083e-04 3.33952821e-04 2.33700005e-04 1.90985633e-04 3.82265350e-04 1.13457133e-04 2.62161074e-03 3.82437035e-03 2.02200509e-04 5.94764449e-05 3.92684977e-05 1.04634846e-04 2.81895627e-05 4.62376891e-05 1.05580057e-04 6.60683203e-05 1.13427832e-04 1.37691201e-04 8.59958462e-05 6.44642636e-05 4.52825661e-06 8.75268088e-06 5.84124391e-06 2.22091802e-05 4.77438771e-06 1.51103623e-05 3.75152205e-05 3.47694906e-05 1.07264714e-05 4.04606649e-05 3.32683092e-05 1.32475558e-05 3.58978484e-05 4.10857786e-05 9.20834864e-06 3.41018232e-05 7.02102851e-05 2.26610427e-05 1.76407595e-04 3.48507848e-04 1.39403139e-05 1.00141656e-04 4.17093179e-06 2.60833185e-05 2.00239487e-04 3.79752282e-04 6.52917067e-05 1.41140385e-04 3.00666316e-05 8.72706291e-06 1.81461775e-05 9.13314491e-06 3.10982483e-07 9.14844449e-09 6.89791602e-10
 1997 05 21 12 00 00  3.52916909e-03 2.14525274e-03 1.17433957e-03 8.27588394e-04 5.82348178e-04 3.34933696e-04 2.34675825e-04 1.92061711e-04 3.85072994e-04 1.14213738e-04 2.64413655e-03 3.86686809e-03 2.03333421e-04 5.97511998e-05 3.94379274e-05 1.05483490e-04 2.84374546e-05 4.68706246e-05 1.06213497e-04 6.63588347e-05 1.14747218e-04 1.39372082e-04 8.67001912e-05 6.48360013e-05 4.54598812e-06 8.85183545e-06 5.84830887e-06 2.23016267e-05 4.78090296e-06 1.51703189e-05 3.78547422e-05 3.48719041e-05 1.09312175e-05 4.08523212e-05 3.36494995e-05 1.32814137e-05 3.65542591e-05 4.19901799e-05 9.29085145e-06 3.46825150e-05 7.21536647e-05 2.29072539e-05 1.80357373e-04 3.52015352e-04 1.40806141e-05 1.04016459e-04 5.53259379e-06 2.65608716e-05 2.06479218e-04 3.86410748e-04 6.65152370e-05 1.48209999e-04 3.42640902e-05 1.02528997e-05 2.16679563e-05 1.14971281e-05 4.18606754e-07 1.48251335e-08 1.20612480e-09
 1997 05 22 12 00 00  3.53291163e-03 2.14747452e-03 1.17576705e-03 8.28718133e-04 5.83385467e-04 3.35422006e-04 2.35146904e-04 1.92574919e-04 3.86411826e-04 1.14521688e-04 2.65489658e-03 3.88811640e-03 2.03831657e-04 5.98382994e-05 3.95071419e-05 1.05876263e-04 2.85604299e-05 4.71858977e-05 1.06428765e-04 6.64201449e-05 1.15403111e-04 1.40210968e-04 8.70439952e-05 6.49363772e-05 4.55479276e-06 8.80398075e-06 5.85183589e-06 2.23379140e-05 4.78228758e-06 1.51964242e-05 3.80089118e-05 3.49227717e-05 1.10327324e-05 4.09757001e-05 3.37304315e-05 1.32983318e-05 3.68476204e-05 4.24165218e-05 9.25103523e-06 3.48070598e-05 7.30590989e-05 2.29592886e-05 1.81763887e-04 3.52759783e-04 1.41103913e-05 1.05581512e-04 6.21016807e-06 2.66618474e-05 2.09203152e-04 3.88988603e-04 6.69465656e-05 1.48640011e-04 3.22219492e-05 9.51059096e-06 1.99548270e-05 1.03494382e-05 3.66517480e-07 1.20898196e-08 9.57637436e-10
 1997 05 23 12 00 00  3.53106532e-03 2.14642224e-03 1.17508663e-03 8.28168003e-04 5.82874449e-04 3.35177130e-04 2.34912928e-04 1.92320866e-04 3.85750173e-04 1.14378475e-04 2.64957884e-03 3.87749188e-03 2.03592489e-04 5.98017255e-05 3.94747073e-05 1.05682966e-04 2.84979731e-05 4.70270723e-05 1.06332504e-04 6.64015068e-05 1.15071460e-04 1.39789984e-04 8.68726607e-05 6.48186724e-05 4.55032932e-06 8.73085737e-06 5.85006710e-06 2.23136193e-05 4.78189795e-06 1.51837322e-05 3.79300155e-05 3.48970003e-05 1.09811182e-05 4.08567142e-05 3.37074802e-05 1.32898625e-05 3.66933892e-05 4.21998637e-05 9.19019731e-06 3.46227294e-05 7.26015257e-05 2.29437355e-05 1.80571149e-04 3.52547661e-04 1.41019064e-05 1.04774229e-04 5.86813512e-06 2.66318326e-05 2.07883460e-04 3.87447960e-04 6.67546077e-05 1.45348627e-04 2.90971902e-05 8.37476650e-06 1.73335747e-05 8.59395509e-06 2.86885508e-07 7.91140735e-09 5.78135051e-10
 1997 05 24 12 00 00  3.53116131e-03 2.14661951e-03 1.17519990e-03 8.28228916e-04 5.82915986e-04 3.35178236e-04 2.34921799e-04 1.92333960e-04 3.85784437e-04 1.14415519e-04 2.64984361e-03 3.87749188e-03 2.03628431e-04 5.98282839e-05 3.94828934e-05 1.05699602e-04 2.84984562e-05 4.70276689e-05 1.06385753e-04 6.64458377e-05 1.15071914e-04 1.39790759e-04 8.68770519e-05 6.48216472e-05 4.55035988e-06 8.72351156e-06 5.85007001e-06 2.23150189e-05 4.78288312e-06 1.51857687e-05 3.79363839e-05 3.48971691e-05 1.09815468e-05 4.08593554e-05 3.37651873e-05 1.32898669e-05 3.67055492e-05 4.22104758e-05 9.18408768e-06 3.46330516e-05 7.26308896e-05 2.29812285e-05 1.80571754e-04 3.53078962e-04 1.41231585e-05 1.04931344e-04 5.86976057e-06 2.67045107e-05 2.08091953e-04 3.87660883e-04 6.68498364e-05 1.45128526e-04 2.87716617e-05 8.25646680e-06 1.70606981e-05 8.41278838e-06 2.78781435e-07 7.49479963e-09 5.40516387e-10
 1997 05 25 12 00 00  3.53694651e-03 2.15028950e-03 1.17753516e-03 8.30033294e-04 5.84551014e-04 3.35914947e-04 2.35645543e-04 1.93128411e-04 3.87855097e-04 1.14941013e-04 2.66646720e-03 3.90936621e-03 2.04438110e-04 6.00048286e-05 3.96008409e-05 1.06320436e-04 2.86863215e-05 4.75047476e-05 1.06803096e-04 6.66138949e-05 1.16062670e-04 1.41054498e-04 8.74019001e-05 6.50593969e-05 4.56378111e-06 8.75241822e-06 5.85537855e-06 2.23800250e-05 4.78663023e-06 1.52289122e-05 3.81844585e-05 3.49746551e-05 1.11368194e-05 4.11187103e-05 3.39845545e-05 1.33152818e-05 3.71810760e-05 4.28778548e-05 9.20814055e-06 3.49872404e-05 7.40599021e-05 2.31234735e-05 1.83274496e-04 3.55098141e-04 1.42039257e-05 1.07639868e-04 6.89749722e-06 2.69802928e-05 2.12571700e-04 3.92280739e-04 6.76650853e-05 1.49003168e-04 2.99812593e-05 8.69620676e-06 1.80758256e-05 9.09612488e-06 3.10030566e-07 9.15353873e-09 6.91655488e-10
 1997 05 26 12 00 00  3.54444099e-03 2.15473500e-03 1.18039174e-03 8.32300395e-04 5.86635999e-04 3.36894265e-04 2.36590154e-04 1.94157752e-04 3.90537957e-04 1.15557630e-04 2.68802707e-03 3.95186357e-03 2.05436164e-04 6.01803345e-05 3.97396386e-05 1.07110115e-04 2.89351796e-05 4.81388619e-05 1.07239721e-04 6.67379994e-05 1.17381130e-04 1.42736897e-04 8.80914204e-05 6.53453744e-05 4.58157338e-06 8.77421626e-06 5.86244860e-06 2.24612010e-05 4.78938891e-06 1.52817295e-05 3.84990652e-05 3.50774062e-05 1.13424190e-05 4.14380578e-05 3.41461273e-05 1.33491500e-05 3.77834188e-05 4.37411699e-05 9.22628169e-06 3.53918528e-05 7.58936757e-05 2.32284496e-05 1.86703709e-04 3.56585660e-04 1.42634264e-05 1.10869629e-04 8.26238465e-06 2.71837751e-05 2.18066278e-04 3.97847577e-04 6.85363734e-05 1.53590889e-04 3.08846882e-05 9.02466277e-06 1.88341596e-05 9.60781008e-06 3.33516857e-07 1.04067304e-08 8.06006462e-10
 1997 05 27 12 00 00  3.54974221e-03 2.15741679e-03 1.18215980e-03 8.33798532e-04 5.88061137e-04 3.37624173e-04 2.37268862e-04 1.94886163e-04 3.92436563e-04 1.15897745e-04 2.70331355e-03 3.98373604e-03 2.06066090e-04 6.02251348e-05 3.98169605e-05 1.07646795e-04 2.91191594e-05 4.86111850e-05 1.07394038e-04 6.66860782e-05 1.18365842e-04 1.43994473e-04 8.85934217e-05 6.55129281e-05 4.59474977e-06 8.76418853e-06 5.86773676e-06 2.25138666e-05 4.78819893e-06 1.53144448e-05 3.87109436e-05 3.51535389e-05 1.14942646e-05 4.16376451e-05 3.40766535e-05 1.33745227e-05 3.81884561e-05 4.43495133e-05 9.21794490e-06 3.55937870e-05 7.71635766e-05 2.31842365e-05 1.89009805e-04 3.55947145e-04 1.42378858e-05 1.12733356e-04 9.27713991e-06 2.70978839e-05 2.21488190e-04 4.01149715e-04 6.88764509e-05 1.56097508e-04 3.04101182e-05 8.85226987e-06 1.84368442e-05 9.34799352e-06 3.22182838e-07 9.84620119e-09 7.55966756e-10
 1997 05 28 12 00 00  3.55507412e-03 2.16017674e-03 1.18397189e-03 8.35313725e-04 5.89492789e-04 3.38352509e-04 2.37948866e-04 1.95616923e-04 3.94343542e-04 1.16251968e-04 2.71867145e-03 4.01560739e-03 2.06708597e-04 6.02781835e-05 3.98968794e-05 1.08186187e-04 2.93011923e-05 4.90811188e-05 1.07560448e-04 6.66487904e-05 1.19347729e-04 1.45248952e-04 8.90957292e-05 6.56719198e-05 4.60780393e-06 8.73871249e-06 5.87301511e-06 2.25655268e-05 4.78742113e-06 1.53474786e-05 3.89235677e-05 3.52289877e-05 1.16443960e-05 4.18293823e-05 3.40307946e-05 1.33998736e-05 3.85946727e-05 4.49578350e-05 9.19675367e-06 3.57821638e-05 7.84345772e-05 2.31531158e-05 1.91239213e-04 3.55523348e-04 1.42209339e-05 1.14633747e-04 1.02853926e-05 2.70378339e-05 2.24952486e-04 4.04457598e-04 6.92438320e-05 1.58104735e-04 2.92867247e-05 8.44400829e-06 1.74950620e-05 8.72200308e-06 2.94127722e-07 8.39991010e-09 6.25264907e-10
 1997 05 29 12 00 00  3.56125350e-03 2.16470787e-03 1.18680044e-03 8.37363641e-04 5.91280278e-04 3.39085754e-04 2.38704371e-04 1.96460491e-04 3.96550013e-04 1.16938264e-04 2.73634073e-03 4.04747836e-03 2.07671922e-04 6.05684758e-05 4.00499669e-05 1.08868106e-04 2.94822559e-05 4.95498709e-05 1.08199738e-04 6.70085836e-05 1.20328641e-04 1.46501888e-04 8.96340459e-05 6.59012368e-05 4.62079734e-06 8.71010125e-06 5.87828872e-06 2.26322193e-05 4.79552255e-06 1.53977529e-05 3.91901627e-05 3.53040959e-05 1.17936695e-05 4.20806498e-05 3.45046108e-05 1.34252143e-05 3.91108520e-05 4.56563671e-05 9.17295183e-06 3.61443346e-05 7.99540428e-05 2.34583102e-05 1.93760972e-04 3.59882095e-04 1.43952838e-05 1.17950582e-04 1.12903967e-05 2.76299601e-05 2.30210313e-04 4.09800352e-04 7.04543877e-05 1.60140737e-04 2.80378691e-05 7.99012137e-06 1.64478871e-05 8.02425884e-06 2.62733373e-07 6.77201779e-09 4.77906692e-10
 1997 05 30 12 00 00  3.56351674e-03 2.16666242e-03 1.18799751e-03 8.38173156e-04 5.91954163e-04 3.39328614e-04 2.38972535e-04 1.96766823e-04 3.97355062e-04 1.17249834e-04 2.74276972e-03 4.05810066e-03 2.08071968e-04 6.07231371e-05 4.01188949e-05 1.09126739e-04 2.95393751e-05 4.97021480e-05 1.08524733e-04 6.72262686e-05 1.20651424e-04 1.46914387e-04 8.98205727e-05 6.59888341e-05 4.62492462e-06 8.69244104e-06 5.88002986e-06 2.26567706e-05 4.80047238e-06 1.54182105e-05 3.92897974e-05 3.53280018e-05 1.18405718e-05 4.21732438e-05 3.47937923e-05 1.34336253e-05 3.93064412e-05 4.59066624e-05 9.15826095e-06 3.62973629e-05 8.05098256e-05 2.36433509e-05 1.94619437e-04 3.62540819e-04 1.45016328e-05 1.19384736e-04 1.16145718e-05 2.79892265e-05 2.32364121e-04 4.12020586e-04 7.10597657e-05 1.60551503e-04 2.72691764e-05 7.71074124e-06 1.58032962e-05 7.59447935e-06 2.43375398e-07 5.76668935e-09 3.86863297e-10
 1997 05 31 12 00 00  3.56149009e-03 2.16525276e-03 1.18711177e-03 8.37508305e-04 5.91361576e-04 3.39079450e-04 2.38720865e-04 1.96487327e-04 3.96628598e-04 1.17039466e-04 2.73694569e-03 4.04747427e-03 2.07767291e-04 6.06388836e-05 4.00717674e-05 1.08900725e-04 2.94735190e-05 4.95391549e-05 1.08333603e-04 6.71283517e-05 1.20317680e-04 1.46488001e-04 8.96397209e-05 6.59172228e-05 4.62024727e-06 8.70586227e-06 5.87824325e-06 2.26339859e-05 4.79830669e-06 1.54013709e-05 3.91987912e-05 3.53010400e-05 1.17859592e-05 4.20927450e-05 3.46669054e-05 1.34251182e-05 3.91350864e-05 4.56707232e-05 9.16942518e-06 3.61894390e-05 7.99964164e-05 2.35606218e-05 1.93783311e-04 3.61372278e-04 1.44548911e-05 1.18325764e-04 1.12611764e-05 2.78289255e-05 2.30634612e-04 4.10291365e-04 7.06928668e-05 1.59940732e-04 2.78584475e-05 7.92489914e-06 1.62973472e-05 7.92320984e-06 2.58132971e-07 6.52936798e-09 4.55836124e-10
 1997 06 01 12 00 00  3.55969091e-03 2.16431509e-03 1.18649731e-03 8.36988007e-04 5.90866624e-04 3.38831850e-04 2.38489874e-04 1.96238734e-04 3.95983588e-04 1.16917854e-04 2.73174530e-03 4.03684825e-03 2.07548783e-04 6.06190650e-05 4.00444872e-05 1.08713763e-04 2.94076628e-05 4.93761676e-05 1.08273178e-04 6.71379617e-05 1.19984442e-04 1.46061615e-04 8.94686737e-05 6.58767225e-05 4.61556956e-06 8.73541503e-06 5.87645700e-06 2.26164500e-05 4.79849950e-06 1.53892201e-05 3.91225084e-05 3.52740783e-05 1.17313459e-05 4.20387664e-05 3.46783228e-05 1.34166112e-05 3.89950912e-05 4.54602644e-05 9.19400845e-06 3.61506093e-05 7.95524328e-05 2.35685831e-05 1.93113010e-04 3.61478059e-04 1.44591224e-05 1.17659103e-04 1.09077781e-05 2.78442400e-05 2.29392516e-04 4.09167585e-04 7.05549030e-05 1.59889840e-04 2.91550195e-05 8.39611216e-06 1.73844208e-05 8.64664673e-06 2.90618726e-07 8.20892456e-09 6.07744033e-10
 1997 06 02 12 00 00  3.55587580e-03 2.16197032e-03 1.18499906e-03 8.35811169e-04 5.89790333e-04 3.38338232e-04 2.38009917e-04 1.95713783e-04 3.94617639e-04 1.16586676e-04 2.72076581e-03 4.01559770e-03 2.07027230e-04 6.05160198e-05 3.99703679e-05 1.08305286e-04 2.92793469e-05 4.90543433e-05 1.08025269e-04 6.70507026e-05 1.19320520e-04 1.45214229e-04 8.91189857e-05 6.57329534e-05 4.60642877e-06 8.73242025e-06 5.87290197e-06 2.25741971e-05 4.79652044e-06 1.53609208e-05 3.89572041e-05 3.52213421e-05 1.16251169e-05 4.18781086e-05 3.45626788e-05 1.33996349e-05 3.86828015e-05 4.50169322e-05 9.19151425e-06 3.59451028e-05 7.86045064e-05 2.34944513e-05 1.91393651e-04 3.60414672e-04 1.44165869e-05 1.15927999e-04 1.02123355e-05 2.77003390e-05 2.26473108e-04 4.06221861e-04 7.00585716e-05 1.57798696e-04 2.90527427e-05 8.35887486e-06 1.72981875e-05 8.58540284e-06 2.87588915e-07 8.03090092e-09 5.91090332e-10
 1997 06 03 12 00 00  3.55348539e-03 2.15980967e-03 1.18368291e-03 8.34917785e-04 5.89044088e-04 3.38084836e-04 2.37725272e-04 1.95385800e-04 3.93763605e-04 1.16235847e-04 2.71394382e-03 4.00497019e-03 2.06587088e-04 6.03334046e-05 3.98928705e-05 1.08017584e-04 2.92115466e-05 4.88889695e-05 1.07640841e-04 6.67880115e-05 1.18982985e-04 1.44784750e-04 8.89214666e-05 6.55959164e-05 4.60162919e-06 8.69880096e-06 5.87110553e-06 2.25412796e-05 4.79058945e-06 1.53364134e-05 3.88385737e-05 3.51936993e-05 1.15687893e-05 4.17423952e-05 3.42158863e-05 1.33911075e-05 3.84571419e-05 4.47370427e-05 9.16354184e-06 3.56993686e-05 7.79733323e-05 2.32714869e-05 1.90173435e-04 3.57224960e-04 1.42889984e-05 1.14224766e-04 9.85243678e-06 2.72676669e-05 2.23962067e-04 4.03459487e-04 6.93376830e-05 1.55611635e-04 2.76189153e-05 7.83768328e-06 1.60953506e-05 7.77945904e-06 2.51001761e-07 6.10899455e-09 4.16480006e-10
 1997 06 04 12 00 00  3.54411029e-03 2.15426721e-03 1.18012038e-03 8.32078399e-04 5.86426589e-04 3.36855596e-04 2.36541471e-04 1.94096183e-04 3.90406298e-04 1.15467670e-04 2.68695308e-03 3.95184532e-03 2.05341228e-04 6.01168307e-05 3.97202446e-05 1.07025871e-04 2.88948853e-05 4.80894727e-05 1.07100871e-04 6.66382723e-05 1.17328159e-04 1.42672850e-04 8.80563807e-05 6.52440059e-05 4.57903698e-06 8.68184434e-06 5.86223905e-06 2.24389735e-05 4.78723377e-06 1.52695162e-05 3.84399037e-05 3.50633054e-05 1.13068600e-05 4.13474666e-05 3.40195402e-05 1.33487119e-05 3.77000361e-05 4.36507814e-05 9.14943448e-06 3.52059800e-05 7.56630651e-05 2.31446043e-05 1.85908548e-04 3.55418172e-04 1.42167269e-05 1.10171290e-04 8.12763610e-06 2.70215794e-05 2.17036921e-04 3.96479358e-04 6.82498395e-05 1.50104975e-04 2.68878467e-05 7.57196076e-06 1.54821918e-05 7.36969725e-06 2.32477454e-07 5.14178167e-09 3.28755179e-10
 1997 06 05 12 00 00  3.53273827e-03 2.14735708e-03 1.17569663e-03 8.28594576e-04 5.83235949e-04 3.35380479e-04 2.35110449e-04 1.92532814e-04 3.86334880e-04 1.14497329e-04 2.65423533e-03 3.88809629e-03 2.03799528e-04 5.98224375e-05 3.95024443e-05 1.05815924e-04 2.85157672e-05 4.71311563e-05 1.06384874e-04 6.64006453e-05 1.15344075e-04 1.40139988e-04 8.70134823e-05 6.48293145e-05 4.55198169e-06 8.68660936e-06 5.85160415e-06 2.23158432e-05 4.78190268e-06 1.51868623e-05 3.79550333e-05 3.49071401e-05 1.09933186e-05 4.08800986e-05 3.37076286e-05 1.32978472e-05 3.67788024e-05 4.23364644e-05 9.15340279e-06 3.46210856e-05 7.28596003e-05 2.29432029e-05 1.80877873e-04 3.52548198e-04 1.41019279e-05 1.05121141e-04 6.06081703e-06 2.66309275e-05 2.08475248e-04 3.87892620e-04 6.68227787e-05 1.44274235e-04 2.70725225e-05 7.63913404e-06 1.56374343e-05 7.47624879e-06 2.37496990e-07 5.41925038e-09 3.54314755e-10
 1997 06 06 12 00 00  3.52338364e-03 2.14185429e-03 1.17215697e-03 8.25768559e-04 5.80628383e-04 3.34151820e-04 2.33928791e-04 1.91246279e-04 3.82985251e-04 1.13736672e-04 2.62730332e-03 3.83497141e-03 2.02561134e-04 5.96114798e-05 3.93315425e-05 1.04828173e-04 2.81995890e-05 4.63322533e-05 1.05856896e-04 6.62601669e-05 1.13690265e-04 1.38028866e-04 8.61495332e-05 6.44903928e-05 4.52941968e-06 8.68541683e-06 5.84274057e-06 2.22150706e-05 4.77874200e-06 1.51204584e-05 3.75584624e-05 3.47769121e-05 1.07318185e-05 4.04962964e-05 3.35227494e-05 1.32554560e-05 3.60263660e-05 4.12538363e-05 9.15241326e-06 3.41524217e-05 7.05584583e-05 2.28240577e-05 1.76703315e-04 3.50847393e-04 1.40338957e-05 1.01113543e-04 4.33764217e-06 2.63997790e-05 2.01598678e-04 3.81014932e-04 6.57555579e-05 1.39258868e-04 2.69930653e-05 7.61031974e-06 1.55712664e-05 7.43581511e-06 2.35942414e-07 5.35883471e-09 3.49366092e-10
 1997 06 07 12 00 00  3.51914958e-03 2.13864251e-03 1.17016093e-03 8.24326649e-04 5.79373181e-04 3.33654447e-04 2.33410738e-04 1.90664790e-04 3.81470424e-04 1.13242788e-04 2.61517417e-03 3.81372049e-03 2.01881997e-04 5.93919372e-05 3.92215068e-05 1.04348042e-04 2.80703040e-05 4.60092386e-05 1.05375828e-04 6.59782090e-05 1.13025228e-04 1.37179934e-04 8.57812920e-05 6.43177866e-05 4.52021741e-06 8.69316282e-06 5.83918045e-06 2.21656001e-05 4.77242538e-06 1.50834327e-05 3.73656274e-05 3.47238383e-05 1.06247317e-05 4.03111110e-05 3.31531308e-05 1.32384681e-05 3.56596000e-05 4.07645212e-05 9.15886631e-06 3.38725032e-05 6.94839282e-05 2.25851574e-05 1.74879331e-04 3.47446185e-04 1.38978474e-05 9.86850305e-05 3.63894796e-06 2.59364431e-05 1.97779773e-04 3.77078178e-04 6.48430971e-05 1.37372486e-04 2.72725170e-05 7.71202076e-06 1.58065689e-05 7.60041773e-06 2.43914798e-07 5.81542583e-09 3.91809873e-10
 1997 06 08 12 00 00  3.51522380e-03 2.13606249e-03 1.16852762e-03 8.23080048e-04 5.78251450e-04 3.33160935e-04 2.32921244e-04 1.90125343e-04 3.80065411e-04 1.12867488e-04 2.60389586e-03 3.79246995e-03 2.01317880e-04 5.92570830e-05 3.91375772e-05 1.03921395e-04 2.79429572e-05 4.56886046e-05 1.05064040e-04 6.58376317e-05 1.12362002e-04 1.36334083e-04 8.54273358e-05 6.41516265e-05 4.51113810e-06 8.67240597e-06 5.83563051e-06 2.21203944e-05 4.76926543e-06 1.50529901e-05 3.71935825e-05 3.46714398e-05 1.05193591e-05 4.01316709e-05 3.29682778e-05 1.32215020e-05 3.53317047e-05 4.03094940e-05 9.14160119e-06 3.36197701e-05 6.85043211e-05 2.24659627e-05 1.73033939e-04 3.45745469e-04 1.38298187e-05 9.67585142e-05 2.94674501e-06 2.57052074e-05 1.94632082e-04 3.73813023e-04 6.42350740e-05 1.34670463e-04 2.63534164e-05 7.37801124e-06 1.50361138e-05 7.08880264e-06 2.21021645e-07 4.63799719e-09 2.85476665e-10
 1997 06 09 12 00 00  3.51288097e-03 2.13398421e-03 1.16725856e-03 8.22216739e-04 5.77529307e-04 3.32910931e-04 2.32642146e-04 1.89804624e-04 3.79228353e-04 1.12532016e-04 2.59721542e-03 3.78184468e-03 2.00892857e-04 5.90842526e-05 3.90631082e-05 1.03643445e-04 2.78785563e-05 4.55273956e-05 1.04698132e-04 6.55910640e-05 1.12029498e-04 1.35910018e-04 8.52336120e-05 6.40399704e-05 4.50655243e-06 8.66807532e-06 5.83385154e-06 2.20910635e-05 4.76373752e-06 1.50298848e-05 3.70823926e-05 3.46449902e-05 1.04660314e-05 4.00176977e-05 3.26448353e-05 1.32130110e-05 3.51180208e-05 4.00403267e-05 9.13800468e-06 3.34214398e-05 6.78999924e-05 2.22570117e-05 1.71998000e-04 3.42769289e-04 1.37107715e-05 9.51606668e-05 2.59822373e-06 2.52999336e-05 1.92245168e-04 3.71274080e-04 6.35546371e-05 1.33419749e-04 2.61216002e-05 7.29385924e-06 1.48424497e-05 6.96547081e-06 2.15885893e-07 4.40323547e-09 2.65038302e-10
 1997 06 10 12 00 00  3.51084496e-03 2.13253692e-03 1.16635191e-03 8.21548026e-04 5.76939761e-04 3.32664341e-04 2.32391343e-04 1.89525711e-04 3.78500770e-04 1.12315049e-04 2.59138093e-03 3.77121940e-03 2.00582789e-04 5.89963951e-05 3.90148282e-05 1.03418601e-04 2.78156105e-05 4.53679735e-05 1.04502744e-04 6.54863426e-05 1.11698749e-04 1.35488248e-04 8.50538644e-05 6.39501970e-05 4.50205807e-06 8.65695256e-06 5.83208021e-06 2.20672816e-05 4.76136302e-06 1.50132774e-05 3.69919861e-05 3.46190471e-05 1.04139872e-05 3.99224898e-05 3.25060508e-05 1.32045359e-05 3.49449047e-05 3.98058251e-05 9.12875257e-06 3.32787435e-05 6.73908300e-05 2.21680428e-05 1.71048019e-04 3.41493108e-04 1.36597243e-05 9.40761303e-05 2.25455406e-06 2.51272344e-05 1.90523941e-04 3.69469610e-04 6.31787543e-05 1.32045390e-04 2.56339552e-05 7.11663365e-06 1.44335913e-05 6.69333106e-06 2.03661995e-07 3.77097464e-09 2.07846362e-10
 1997 06 11 12 00 00  3.51320078e-03 2.13464991e-03 1.16764222e-03 8.22422348e-04 5.77669263e-04 3.32911881e-04 2.32671441e-04 1.89848996e-04 3.79345371e-04 1.12657865e-04 2.59809371e-03 3.78184430e-03 2.01015880e-04 5.91787681e-05 3.90921588e-05 1.03699205e-04 2.78771040e-05 4.55256173e-05 1.04895072e-04 6.57482247e-05 1.12026772e-04 1.35907711e-04 8.52466728e-05 6.40382098e-05 4.50646075e-06 8.62797096e-06 5.83384390e-06 2.20940992e-05 4.76705063e-06 1.50363641e-05 3.70983966e-05 3.46444809e-05 1.04647479e-05 4.00170173e-05 3.28399794e-05 1.32129979e-05 3.51540327e-05 4.00714250e-05 9.10463568e-06 3.34363986e-05 6.79883560e-05 2.23884577e-05 1.71903626e-04 3.44571689e-04 1.37828676e-05 9.56687743e-05 2.59336157e-06 2.55537714e-05 1.92930872e-04 3.71931883e-04 6.38869589e-05 1.32197385e-04 2.44215685e-05 6.67587867e-06 1.34161175e-05 6.00837151e-06 1.72335494e-07 2.10789373e-09 5.63056823e-11
 1997 06 12 12 00 00  3.51418388e-03 2.13389065e-03 1.16728399e-03 8.22430136e-04 5.77822648e-04 3.33152196e-04 2.32829426e-04 1.89989541e-04 3.79704428e-04 1.12462048e-04 2.60106445e-03 3.79246883e-03 2.00928493e-04 5.89756001e-05 3.90505924e-05 1.03749094e-04 2.79410131e-05 4.56862239e-05 1.04517693e-04 6.53648342e-05 1.12357551e-04 1.36331003e-04 8.53815732e-05 6.40162516e-05 4.51101587e-06 8.60901200e-06 5.83562032e-06 2.20970802e-05 4.75834131e-06 1.50316209e-05 3.71186392e-05 3.46707617e-05 1.05176463e-05 4.00183386e-05 3.23310611e-05 1.32214816e-05 3.51863072e-05 4.01921530e-05 9.08885413e-06 3.33192489e-05 6.81862541e-05 2.20626127e-05 1.72315061e-04 3.39892465e-04 1.35956986e-05 9.49719708e-05 2.94025758e-06 2.49211735e-05 1.92436729e-04 3.71117709e-04 6.32264454e-05 1.32495437e-04 2.36595980e-05 6.39879383e-06 1.27761041e-05 5.57317641e-06 1.52120814e-07 1.05759952e-09 1.00000000e-10
 1997 06 13 12 00 00  3.51708084e-03 2.13711092e-03 1.16920943e-03 8.23645842e-04 5.78784919e-04 3.33407354e-04 2.33159550e-04 1.90386078e-04 3.80740303e-04 1.13012295e-04 2.60927006e-03 3.80309522e-03 2.01562283e-04 5.93041696e-05 3.91730325e-05 1.04123100e-04 2.80068751e-05 4.58492228e-05 1.05199355e-04 6.58711302e-05 1.12692110e-04 1.36757404e-04 8.55999404e-05 6.41756856e-05 4.51569322e-06 8.61348526e-06 5.83740657e-06 2.21370000e-05 4.76956811e-06 1.50663406e-05 3.72658470e-05 3.46977264e-05 1.05722618e-05 4.01734640e-05 3.29887494e-05 1.32299887e-05 3.54733872e-05 4.05231990e-05 9.09256778e-06 3.36339827e-05 6.89604592e-05 2.24906442e-05 1.73563268e-04 3.45948233e-04 1.38379293e-05 9.75023462e-05 3.29366740e-06 2.57507170e-05 1.96022134e-04 3.75017837e-04 6.44625441e-05 1.33865867e-04 2.39103633e-05 6.48980358e-06 1.29854459e-05 5.70526174e-06 1.57527832e-07 1.25085124e-09 1.00000000e-10
 1997 06 14 12 00 00  3.51727037e-03 2.13746887e-03 1.16941628e-03 8.23769886e-04 5.78879393e-04 3.33413951e-04 2.33180061e-04 1.90415239e-04 3.80812035e-04 1.13080381e-04 2.60981896e-03 3.80309783e-03 2.01630220e-04 5.93553742e-05 3.91887354e-05 1.04160831e-04 2.80126987e-05 4.58563591e-05 1.05308562e-04 6.59551588e-05 1.12699733e-04 1.36766661e-04 8.56111289e-05 6.41999172e-05 4.51605993e-06 8.62294619e-06 5.83743677e-06 2.21426588e-05 4.77131725e-06 1.50710823e-05 3.72821741e-05 3.46997636e-05 1.05774023e-05 4.01951135e-05 3.30919313e-05 1.32300513e-05 3.55032831e-05 4.05516269e-05 9.10042872e-06 3.36862277e-05 6.90365060e-05 2.25607349e-05 1.73709852e-04 3.46901943e-04 1.38760777e-05 9.78394319e-05 3.31314695e-06 2.58859509e-05 1.96482578e-04 3.75559481e-04 6.46524101e-05 1.34317477e-04 2.43848494e-05 6.66210874e-06 1.33822790e-05 5.96146837e-06 1.68461243e-07 1.77243664e-09 2.24732899e-11
 1997 06 15 12 00 00  3.51774663e-03 2.13841803e-03 1.16996268e-03 8.24075600e-04 5.79097174e-04 3.33423408e-04 2.33226845e-04 1.90483329e-04 3.80985957e-04 1.13259484e-04 2.61115600e-03 3.80310118e-03 2.01805817e-04 5.94862833e-05 3.92290038e-05 1.04247940e-04 2.80194974e-05 4.58646915e-05 1.05577792e-04 6.61722559e-05 1.12708546e-04 1.36777465e-04 8.56351766e-05 6.42450517e-05 4.51648775e-06 8.62708621e-06 5.83747169e-06 2.21534684e-05 4.77602189e-06 1.50818419e-05 3.73175536e-05 3.47021443e-05 1.05834006e-05 4.02347087e-05 3.33681848e-05 1.32301255e-05 3.55708565e-05 4.06119997e-05 9.10386370e-06 3.37914923e-05 6.92003415e-05 2.27433673e-05 1.73940134e-04 3.49449177e-04 1.39779671e-05 9.86556399e-05 3.33587850e-06 2.62393209e-05 1.97561855e-04 3.76786712e-04 6.51273149e-05 1.34657466e-04 2.46318685e-05 6.75173164e-06 1.35882992e-05 6.08990556e-06 1.73600167e-07 1.99008170e-09 4.09170364e-11
 1997 06 16 12 00 00  3.51273331e-03 2.13071516e-03 1.16546748e-03 8.21532675e-04 5.77271148e-04 3.33163949e-04 2.32713988e-04 1.89811746e-04 3.79210961e-04 1.11870685e-04 2.59722821e-03 3.79247963e-03 2.00365768e-04 5.85644221e-05 3.89234080e-05 1.03527661e-04 2.79648026e-05 4.57153801e-05 1.03727982e-04 6.46699336e-05 1.12387864e-04 1.36368807e-04 8.53314163e-05 6.39250016e-05 4.51251290e-06 8.64875910e-06 5.83574329e-06 2.20796453e-05 4.74224435e-06 1.50053998e-05 3.70408160e-05 3.46790883e-05 1.05386374e-05 3.99455927e-05 3.13923840e-05 1.32217407e-05 3.50169404e-05 4.00679513e-05 9.12188625e-06 3.30673459e-05 6.78362711e-05 2.14694432e-05 1.72096886e-04 3.31271664e-04 1.32508665e-05 9.26202497e-05 3.01980253e-06 2.37679502e-05 1.89590829e-04 3.67950737e-04 6.17930735e-05 1.34008374e-04 2.56211405e-05 7.11117377e-06 1.44170881e-05 6.63635865e-06 1.97768904e-07 3.21138169e-09 1.50647850e-10
 1997 06 17 12 00 00  3.51594284e-03 2.13456842e-03 1.16775643e-03 8.22946722e-04 5.78370916e-04 3.33424312e-04 2.33073689e-04 1.90251436e-04 3.80358503e-04 1.12539785e-04 2.60630210e-03 3.80310714e-03 2.01115059e-04 5.89776650e-05 3.90719474e-05 1.03956787e-04 2.80340610e-05 4.58825438e-05 1.04578797e-04 6.53173774e-05 1.12725702e-04 1.36800611e-04 8.55650030e-05 6.40813577e-05 4.51740416e-06 8.61047956e-06 5.83754772e-06 2.21233396e-05 4.75662891e-06 1.50469811e-05 3.72100176e-05 3.47072404e-05 1.05962521e-05 4.00985379e-05 3.22348380e-05 1.32302826e-05 3.53430829e-05 4.04348212e-05 9.09002483e-06 3.33913804e-05 6.87097668e-05 2.20170303e-05 1.73260039e-04 3.39027857e-04 1.35611143e-05 9.56532992e-05 3.38457830e-06 2.48293421e-05 1.93867596e-04 3.72498095e-04 6.33357922e-05 1.34139150e-04 2.40763945e-05 6.54945463e-06 1.31197016e-05 5.75509061e-06 1.56899965e-07 1.06475113e-09 1.00000000e-10
 1997 06 18 12 00 00  3.51907850e-03 2.13826443e-03 1.16995529e-03 8.24314645e-04 5.79440992e-04 3.33684613e-04 2.33427114e-04 1.90681657e-04 3.81480462e-04 1.13179512e-04 2.61517697e-03 3.81373540e-03 2.01836193e-04 5.93702951e-05 3.92141207e-05 1.04374000e-04 2.81038025e-05 4.60503041e-05 1.05389881e-04 6.59301644e-05 1.13065589e-04 1.37233188e-04 8.57956606e-05 6.42722095e-05 4.52232634e-06 8.62919333e-06 5.83935434e-06 2.21695393e-05 4.77021968e-06 1.50871243e-05 3.73763951e-05 3.47355643e-05 1.06542953e-05 4.02807588e-05 3.30310140e-05 1.32388319e-05 3.56658415e-05 4.07972285e-05 9.10558374e-06 3.37745788e-05 6.95682363e-05 2.25351148e-05 1.74688403e-04 3.46358642e-04 1.38543457e-05 9.86014044e-05 3.75097952e-06 2.58334272e-05 1.97992781e-04 3.77048799e-04 6.48056888e-05 1.36058442e-04 2.49558543e-05 6.86894143e-06 1.38560885e-05 6.23739815e-06 1.77995864e-07 2.04707713e-09 4.16729429e-11
 1997 06 19 12 00 00  3.51885833e-03 2.13775766e-03 1.16966601e-03 8.24180644e-04 5.79366087e-04 3.33690162e-04 2.33411829e-04 1.90656937e-04 3.81407973e-04 1.13085576e-04 2.61461443e-03 3.81373912e-03 2.01747915e-04 5.93058012e-05 3.91941306e-05 1.04343888e-04 2.81115674e-05 4.60598210e-05 1.05268786e-04 6.58202742e-05 1.13074809e-04 1.37245527e-04 8.57901948e-05 6.42427721e-05 4.52281529e-06 8.61207664e-06 5.83939473e-06 2.21664735e-05 4.76762689e-06 1.50837295e-05 3.73670193e-05 3.47382826e-05 1.06611478e-05 4.02571375e-05 3.28800874e-05 1.32389163e-05 3.56407303e-05 4.07824542e-05 9.09132796e-06 3.37061198e-05 6.95261017e-05 2.24409174e-05 1.74557819e-04 3.44974016e-04 1.37989606e-05 9.82381107e-05 3.77694741e-06 2.56500440e-05 1.97598155e-04 3.76530754e-04 6.45865066e-05 1.35654489e-04 2.43300741e-05 6.64122470e-06 1.33293419e-05 5.87024664e-06 1.60304842e-07 1.10008891e-09 1.00000000e-10
 1997 06 20 12 00 00  3.52232197e-03 2.13935290e-03 1.17073594e-03 8.25140315e-04 5.80304401e-04 3.34182769e-04 2.33862320e-04 1.91137880e-04 3.82654599e-04 1.13277414e-04 2.62465052e-03 3.83499041e-03 2.02136772e-04 5.93140369e-05 3.92388951e-05 1.04696809e-04 2.82413414e-05 4.63834265e-05 1.05337472e-04 6.57474156e-05 1.13740374e-04 1.38095217e-04 8.61255155e-05 6.43552368e-05 4.53204775e-06 8.61253066e-06 5.84295703e-06 2.22027016e-05 4.76581372e-06 1.51051436e-05 3.75084348e-05 3.47915280e-05 1.07686603e-05 4.03921478e-05 3.27750691e-05 1.32559086e-05 3.59072241e-05 4.11899038e-05 9.09169103e-06 3.38358334e-05 7.03755461e-05 2.23776835e-05 1.76139867e-04 3.44013433e-04 1.37605373e-05 9.93832014e-05 4.47725324e-06 2.55264458e-05 1.99800347e-04 3.78650967e-04 6.47454012e-05 1.37720893e-04 2.44457444e-05 6.68304083e-06 1.34247306e-05 5.92101997e-06 1.61663370e-07 1.10408571e-09 1.00000000e-10
 1997 06 21 12 00 00  3.52758331e-03 2.14191916e-03 1.17243916e-03 8.26617645e-04 5.81726168e-04 3.34916836e-04 2.34540624e-04 1.91864569e-04 3.84543773e-04 1.13596865e-04 2.63985567e-03 3.86686474e-03 2.02748791e-04 5.93470498e-05 3.93124896e-05 1.05231990e-04 2.84301728e-05 4.68616956e-05 1.05475787e-04 6.56741788e-05 1.14731194e-04 1.39360503e-04 8.66283193e-05 6.45214108e-05 4.54552974e-06 8.60358850e-06 5.84827103e-06 2.22560640e-05 4.76400201e-06 1.51377765e-05 3.77204979e-05 3.48693575e-05 1.09247907e-05 4.05915655e-05 3.26701265e-05 1.32813337e-05 3.63104527e-05 4.18002992e-05 9.08424190e-06 3.40314685e-05 7.16497463e-05 2.23142211e-05 1.78459909e-04 3.43053252e-04 1.37221301e-05 1.01192141e-04 5.50823715e-06 2.54024606e-05 2.03188611e-04 3.81909621e-04 6.50494536e-05 1.40397705e-04 2.41290470e-05 6.56776817e-06 1.31579481e-05 5.73344781e-06 1.52513147e-07 7.53953522e-10 1.00000000e-10
 1997 06 22 12 00 00  3.53496605e-03 2.14612706e-03 1.17516029e-03 8.28816348e-04 5.83767964e-04 3.35895437e-04 2.35475910e-04 1.92880172e-04 3.87189399e-04 1.14169509e-04 2.66111574e-03 3.90936285e-03 2.03705210e-04 5.94935595e-05 3.94422911e-05 1.06004221e-04 2.86790368e-05 4.74958157e-05 1.05859198e-04 6.57491270e-05 1.16048985e-04 1.41042918e-04 8.73130413e-05 6.47799268e-05 4.56332273e-06 8.60000146e-06 5.85534071e-06 2.23336432e-05 4.76555542e-06 1.51883654e-05 3.80259307e-05 3.49721086e-05 1.11303918e-05 4.08880207e-05 3.27617832e-05 1.33152018e-05 3.68952068e-05 4.26504790e-05 9.08125076e-06 3.43802172e-05 7.34488485e-05 2.23766809e-05 1.81717642e-04 3.43900666e-04 1.37560267e-05 1.04218722e-04 6.87313950e-06 2.55229359e-05 2.08454833e-04 3.87139142e-04 6.58164533e-05 1.44224994e-04 2.40262766e-05 6.53029228e-06 1.30708769e-05 5.66826097e-06 1.49060831e-07 6.10164008e-10 1.00000000e-10
 1997 06 23 12 00 00  3.53664187e-03 2.14682381e-03 1.17563717e-03 8.29259994e-04 5.84208680e-04 3.36138731e-04 2.35694804e-04 1.93111977e-04 3.87791971e-04 1.14246371e-04 2.66596880e-03 3.91998738e-03 2.03880691e-04 5.94842541e-05 3.94605450e-05 1.06169251e-04 2.87410105e-05 4.76540532e-05 1.05866335e-04 6.56906690e-05 1.16378472e-04 1.41463142e-04 8.74767899e-05 6.48411196e-05 4.56775560e-06 8.61452572e-06 5.85710695e-06 2.23509385e-05 4.76415553e-06 1.51975355e-05 3.80908549e-05 3.49977112e-05 1.11815789e-05 4.09593708e-05 3.26804235e-05 1.33236666e-05 3.70204077e-05 4.28452802e-05 9.09332812e-06 3.44524742e-05 7.38493733e-05 2.23264084e-05 1.82546051e-04 3.43154914e-04 1.37261966e-05 1.04700951e-04 7.21355755e-06 2.54249491e-05 2.09413836e-04 3.88088689e-04 6.58436730e-05 1.45666642e-04 2.46941897e-05 6.77296084e-06 1.36303596e-05 6.03651868e-06 1.65302097e-07 1.15768835e-09 1.00000000e-10
 1997 06 24 12 00 00  3.53483496e-03 2.14584886e-03 1.17500205e-03 8.28737119e-04 5.83718513e-04 3.35894162e-04 2.35465095e-04 1.92864453e-04 3.87146689e-04 1.14118274e-04 2.66076475e-03 3.90936285e-03 2.03657058e-04 5.94610506e-05 3.94321737e-05 1.05984147e-04 2.86785478e-05 4.74952220e-05 1.05802407e-04 6.56937249e-05 1.16048516e-04 1.41042143e-04 8.73071657e-05 6.47736739e-05 4.56329180e-06 8.60677465e-06 5.85533817e-06 2.23317322e-05 4.76413734e-06 1.51857189e-05 3.80152471e-05 3.49719397e-05 1.11299632e-05 4.08833063e-05 3.26798996e-05 1.33151974e-05 3.68778774e-05 4.26364099e-05 9.08687362e-06 3.43626583e-05 7.34104836e-05 2.23282826e-05 1.81699831e-04 3.43152855e-04 1.37261142e-05 1.04004031e-04 6.87151332e-06 2.54281331e-05 2.08187858e-04 3.86858558e-04 6.56981825e-05 1.44474131e-04 2.43947044e-05 6.66402482e-06 1.33785899e-05 5.86358159e-06 1.57145767e-07 8.57600746e-10 1.00000000e-10
 1997 06 25 12 00 00  3.53693914e-03 2.14744976e-03 1.17599758e-03 8.29450101e-04 5.84335694e-04 3.36138631e-04 2.35721318e-04 1.93152398e-04 3.87899639e-04 1.14364463e-04 2.66677891e-03 3.91998626e-03 2.03995656e-04 5.95722096e-05 3.94876000e-05 1.06219888e-04 2.87385832e-05 4.76510817e-05 1.06048391e-04 6.58372941e-05 1.16376209e-04 1.41459286e-04 8.74883667e-05 6.48843629e-05 4.56760281e-06 8.63969981e-06 5.85709422e-06 2.23575426e-05 4.76728019e-06 1.52033938e-05 3.81070488e-05 3.49968614e-05 1.11794368e-05 4.09963020e-05 3.28642753e-05 1.33236405e-05 3.70597222e-05 4.28759727e-05 9.11426541e-06 3.45488707e-05 7.39338062e-05 2.24493153e-05 1.82770714e-04 3.44851802e-04 1.37940721e-05 1.05212219e-04 7.20544340e-06 2.56624888e-05 2.10039663e-04 3.88885821e-04 6.61516306e-05 1.46523558e-04 2.58244509e-05 7.18367198e-06 1.45775666e-05 6.66345454e-06 1.93206436e-07 2.53372634e-09 7.79435183e-11
 1997 06 26 12 00 00  3.53892541e-03 2.14881328e-03 1.17685666e-03 8.30088006e-04 5.84900350e-04 3.36380957e-04 2.35966225e-04 1.93423872e-04 3.88610157e-04 1.14566013e-04 2.67246434e-03 3.93060856e-03 2.04290746e-04 5.96513581e-05 3.95331629e-05 1.06434577e-04 2.87971576e-05 4.78051457e-05 1.06229511e-04 6.59275625e-05 1.16701170e-04 1.41874093e-04 8.76637272e-05 6.49611900e-05 4.57182141e-06 8.63980385e-06 5.85884263e-06 2.23786824e-05 4.76924179e-06 1.52184510e-05 3.81890274e-05 3.50212766e-05 1.12276233e-05 4.10804459e-05 3.29794304e-05 1.33320675e-05 3.72215944e-05 4.30993032e-05 9.11434909e-06 3.46674556e-05 7.44145055e-05 2.25253025e-05 1.83623618e-04 3.45913398e-04 1.38365359e-05 1.06197958e-04 7.53448476e-06 2.58095388e-05 2.11628377e-04 3.90514702e-04 6.64889826e-05 1.47499034e-04 2.58515794e-05 7.19347947e-06 1.45999381e-05 6.67535606e-06 1.93524271e-07 2.53360435e-09 7.75047360e-11
 1997 06 27 12 00 00  3.54119171e-03 2.15076693e-03 1.17805413e-03 8.30901870e-04 5.85580443e-04 3.36624324e-04 2.36235606e-04 1.93732041e-04 3.89418827e-04 1.14878025e-04 2.67890948e-03 3.94123122e-03 2.04692202e-04 5.98088005e-05 3.96028905e-05 1.06695543e-04 2.88547599e-05 4.79580194e-05 1.06565254e-04 6.61491591e-05 1.17025022e-04 1.42287368e-04 8.78506531e-05 6.50616937e-05 4.57597926e-06 8.63952882e-06 5.86058632e-06 2.24046467e-05 4.77416870e-06 1.52391017e-05 3.82886122e-05 3.50453483e-05 1.12749534e-05 4.11844174e-05 3.32679658e-05 1.33404843e-05 3.74194738e-05 4.33516314e-05 9.11411553e-06 3.48444396e-05 7.49751867e-05 2.27127472e-05 1.84573363e-04 3.48569704e-04 1.39427882e-05 1.07650747e-04 7.86028613e-06 2.61728856e-05 2.13802177e-04 3.92811306e-04 6.71038966e-05 1.48499903e-04 2.58695418e-05 7.19993743e-06 1.46144978e-05 6.68105706e-06 1.93491094e-07 2.50978225e-09 7.47789941e-11
 1997 06 28 12 00 00  3.54294792e-03 2.15165726e-03 1.17864143e-03 8.31393890e-04 5.86045734e-04 3.36864195e-04 2.36459334e-04 1.93972175e-04 3.90047233e-04 1.14990697e-04 2.68396122e-03 3.95185351e-03 2.04901053e-04 5.98240820e-05 3.96287714e-05 1.06870449e-04 2.89123622e-05 4.81108960e-05 1.06617816e-04 6.61328319e-05 1.17348372e-04 1.42700640e-04 8.80156030e-05 6.51098552e-05 4.58013710e-06 8.62722736e-06 5.86232964e-06 2.24205178e-05 4.77376634e-06 1.52493034e-05 3.83546708e-05 3.50694230e-05 1.13222850e-05 4.12440541e-05 3.32446478e-05 1.33489026e-05 3.75492414e-05 4.35482551e-05 9.10387535e-06 3.48987547e-05 7.53833192e-05 2.26986172e-05 1.85273254e-04 3.48356351e-04 1.39342540e-05 1.08240675e-04 8.18609042e-06 2.61452835e-05 2.14892633e-04 3.93837080e-04 6.72125828e-05 1.49045141e-04 2.53798408e-05 7.02184966e-06 1.42030910e-05 6.40063215e-06 1.80417386e-07 1.79706388e-09 9.36647426e-12
 1997 06 29 12 00 00  3.53943319e-03 2.14994253e-03 1.17750449e-03 8.30405935e-04 5.85094158e-04 3.36372177e-04 2.36005868e-04 1.93486799e-04 3.88786714e-04 1.14777471e-04 2.67379870e-03 3.93060260e-03 2.04493164e-04 5.98045831e-05 3.95804360e-05 1.06511972e-04 2.87835632e-05 4.77884809e-05 1.06534868e-04 6.61856262e-05 1.16683669e-04 1.41852481e-04 8.76786047e-05 6.49839239e-05 4.57096576e-06 8.61319277e-06 5.85877242e-06 2.23828828e-05 4.77495123e-06 1.52270776e-05 3.82084310e-05 3.50165181e-05 1.12156267e-05 4.10983477e-05 3.33139760e-05 1.33319190e-05 3.72748812e-05 4.31361660e-05 9.09219452e-06 3.47418071e-05 7.45218774e-05 2.27433629e-05 1.83606466e-04 3.48994217e-04 1.39597687e-05 1.07004617e-04 7.48902239e-06 2.62320827e-05 2.12605124e-04 3.91577922e-04 6.70132720e-05 1.46647577e-04 2.48081407e-05 6.81397480e-06 1.37230337e-05 6.07531589e-06 1.65385423e-07 1.08323999e-09 1.00000000e-10
 1997 06 30 12 00 00  3.53721673e-03 2.14813822e-03 1.17639255e-03 8.29621755e-04 5.84421944e-04 3.36121288e-04 2.35737185e-04 1.93182129e-04 3.87993665e-04 1.14493274e-04 2.66745544e-03 3.91997658e-03 2.04117317e-04 5.96684120e-05 3.95172802e-05 1.06254010e-04 2.87172210e-05 4.76248941e-05 1.06241477e-04 6.60007063e-05 1.16348638e-04 1.41425337e-04 8.74893271e-05 6.48787278e-05 4.56625785e-06 8.60246655e-06 5.85698363e-06 2.23549644e-05 4.77080575e-06 1.52063011e-05 3.81035735e-05 3.49893846e-05 1.11605877e-05 4.09894795e-05 3.30713985e-05 1.33234091e-05 3.70756520e-05 4.28779576e-05 9.08326474e-06 3.45626937e-05 7.39486195e-05 2.25866577e-05 1.82574488e-04 3.46762110e-04 1.38704844e-05 1.05610647e-04 7.13401241e-06 2.59281427e-05 2.10471121e-04 3.89314474e-04 6.64604461e-05 1.45255046e-04 2.43883546e-05 6.66129426e-06 1.33702310e-05 5.83378636e-06 1.54050658e-07 6.68725342e-10 1.00000000e-10
 1997 07 01 12 00 00  3.53619211e-03 2.14881506e-03 1.17670465e-03 8.29590300e-04 5.84253391e-04 3.35878978e-04 2.35575550e-04 1.93036908e-04 3.87622500e-04 1.14674364e-04 2.66437113e-03 3.90935019e-03 2.04191342e-04 5.98645926e-05 3.95566187e-05 1.06197809e-04 2.86513619e-05 4.74619010e-05 1.06611171e-04 6.63717859e-05 1.16014999e-04 1.40998937e-04 8.73516477e-05 6.48856579e-05 4.56158086e-06 8.60538639e-06 5.85519701e-06 2.23498332e-05 4.77908980e-06 1.52100223e-05 3.80767898e-05 3.49624228e-05 1.11059730e-05 4.09757355e-05 3.35563323e-05 1.33149006e-05 3.70343767e-05 4.27498324e-05 9.08568763e-06 3.46514378e-05 7.37321812e-05 2.29008307e-05 1.82054956e-04 3.51225407e-04 1.40490163e-05 1.06224728e-04 6.78060242e-06 2.65373150e-05 2.10874689e-04 3.89981928e-04 6.70916048e-05 1.44491599e-04 2.45580030e-05 6.72285339e-06 1.35117790e-05 5.92248049e-06 1.57634327e-07 7.73968267e-10 1.00000000e-10
 1997 07 02 12 00 00  3.53370200e-03 2.14642179e-03 1.17525544e-03 8.28635800e-04 5.83473418e-04 3.35628864e-04 2.35284168e-04 1.92697715e-04 3.86735232e-04 1.14280255e-04 2.65729651e-03 3.89872529e-03 2.03710389e-04 5.96514351e-05 3.94696704e-05 1.05896606e-04 2.85879330e-05 4.73018852e-05 1.06168307e-04 6.60571794e-05 1.15683806e-04 1.40576405e-04 8.71520923e-05 6.47658841e-05 4.55705595e-06 8.60624205e-06 5.85342350e-06 2.23184710e-05 4.77196882e-06 1.51840722e-05 3.79563175e-05 3.49363079e-05 1.10535009e-05 4.08550787e-05 3.31401010e-05 1.33064226e-05 3.68025245e-05 4.24663977e-05 9.08638976e-06 3.44302226e-05 7.30882373e-05 2.26336619e-05 1.80994887e-04 3.47397536e-04 1.38959015e-05 1.04386496e-04 6.43531821e-06 2.60187691e-05 2.08188839e-04 3.87120153e-04 6.62683595e-05 1.43484517e-04 2.46691602e-05 6.76308105e-06 1.36037523e-05 5.97391989e-06 1.59235931e-07 7.96300803e-10 1.00000000e-10
 1997 07 03 12 00 00  3.53148595e-03 2.14458171e-03 1.17412430e-03 8.27856165e-04 5.82815707e-04 3.35383277e-04 2.35019001e-04 1.92396877e-04 3.85946887e-04 1.13990277e-04 2.65098508e-03 3.88810150e-03 2.03331026e-04 5.95135851e-05 3.94059128e-05 1.05644343e-04 2.85274175e-05 4.71454347e-05 1.05878236e-04 6.58678182e-05 1.15355943e-04 1.40158504e-04 8.69658528e-05 6.46583368e-05 4.55271511e-06 8.59057473e-06 5.85166454e-06 2.22918118e-05 4.76760069e-06 1.51641579e-05 3.78551608e-05 3.49112175e-05 1.10036010e-05 4.07453356e-05 3.28852504e-05 1.32979723e-05 3.66069218e-05 4.22154365e-05 9.07334106e-06 3.42447090e-05 7.25334611e-05 2.24721778e-05 1.79966355e-04 3.45056469e-04 1.38022588e-05 1.03003071e-04 6.09977687e-06 2.57049076e-05 2.06112853e-04 3.84895017e-04 6.57171437e-05 1.42051783e-04 2.40996624e-05 6.55583549e-06 1.31243153e-05 5.63922554e-06 1.43072883e-07 1.84869720e-10 1.00000000e-10
 1997 07 04 12 00 00  3.52964120e-03 2.14349284e-03 1.17342483e-03 8.27312695e-04 5.82322233e-04 3.35143747e-04 2.34789100e-04 1.92147579e-04 3.85291834e-04 1.13841517e-04 2.64570575e-03 3.87747958e-03 2.03089139e-04 5.94770693e-05 3.93733742e-05 1.05457871e-04 2.84707872e-05 4.69937513e-05 1.05792656e-04 6.58472476e-05 1.15033637e-04 1.39746776e-04 8.67976164e-05 6.45985855e-05 4.54861802e-06 8.59659922e-06 5.84992595e-06 2.22743450e-05 4.76697460e-06 1.51523913e-05 3.77818112e-05 3.48874833e-05 1.09571272e-05 4.06767200e-05 3.28496302e-05 1.32895671e-05 3.64650758e-05 4.20105383e-05 9.07834183e-06 3.41647334e-05 7.21030598e-05 2.24533811e-05 1.79205045e-04 3.44733954e-04 1.37893582e-05 1.02264361e-04 5.77722385e-06 2.56675849e-05 2.04859549e-04 3.83663937e-04 6.55323265e-05 1.41387261e-04 2.44271668e-05 6.67471402e-06 1.33978508e-05 5.81287034e-06 1.50261985e-07 4.04960154e-10 1.00000000e-10
 1997 07 05 12 00 00  3.52767357e-03 2.14213036e-03 1.17256882e-03 8.26693383e-04 5.81783408e-04 3.34906017e-04 2.34549815e-04 1.91883549e-04 3.84595193e-04 1.13641813e-04 2.64010512e-03 3.86685915e-03 2.02798893e-04 5.94049775e-05 3.93298290e-05 1.05253211e-04 2.84170645e-05 4.68456332e-05 1.05638698e-04 6.57664612e-05 1.14715016e-04 1.39339679e-04 8.66255953e-05 6.45309964e-05 4.54470501e-06 8.60524888e-06 5.84820264e-06 2.22555808e-05 4.76495843e-06 1.51385222e-05 3.77026971e-05 3.48647707e-05 1.09132256e-05 4.06018560e-05 3.27329122e-05 1.32811925e-05 3.63095181e-05 4.17962053e-05 9.08551883e-06 3.40627756e-05 7.16457161e-05 2.23832190e-05 1.78425830e-04 3.43666493e-04 1.37466597e-05 1.01327939e-04 5.46441406e-06 2.55304156e-05 2.03372048e-04 3.82169598e-04 6.52248347e-05 1.40870719e-04 2.49331110e-05 6.85829671e-06 1.38199453e-05 6.07699621e-06 1.60906222e-07 7.16120852e-10 1.00000000e-10
 1997 07 06 12 00 00  3.52742876e-03 2.14154714e-03 1.17223673e-03 8.26547059e-04 5.81708303e-04 3.34914944e-04 2.34534762e-04 1.91858254e-04 3.84517426e-04 1.13534250e-04 2.63949656e-03 3.86686400e-03 2.02698964e-04 5.93327652e-05 3.93073936e-05 1.05222923e-04 2.84287176e-05 4.68599144e-05 1.05507551e-04 6.56424614e-05 1.14729288e-04 1.39358195e-04 8.66210887e-05 6.45054120e-05 4.54543842e-06 8.59537759e-06 5.84826303e-06 2.22536033e-05 4.76195019e-06 1.51352025e-05 3.76943054e-05 3.48688453e-05 1.09235058e-05 4.05822913e-05 3.25583300e-05 1.32813177e-05 3.62846217e-05 4.17841467e-05 9.07728536e-06 3.39987247e-05 7.16096351e-05 2.22762610e-05 1.78341891e-04 3.42067371e-04 1.36826949e-05 1.00937074e-04 5.50337390e-06 2.53217586e-05 2.02964701e-04 3.81651408e-04 6.49830823e-05 1.40772971e-04 2.46623560e-05 6.75952037e-06 1.35902420e-05 5.90259601e-06 1.51513328e-07 3.18716609e-10 1.00000000e-10
 1997 07 07 12 00 00  3.52747807e-03 2.14155721e-03 1.17224553e-03 8.26587925e-04 5.81763912e-04 3.34928962e-04 2.34547811e-04 1.91873946e-04 3.84545391e-04 1.13538234e-04 2.63970702e-03 3.86687107e-03 2.02707709e-04 5.93406275e-05 3.93096254e-05 1.05245007e-04 2.84437672e-05 4.68783604e-05 1.05538142e-04 6.56517805e-05 1.14748408e-04 1.39382114e-04 8.66310099e-05 6.45189472e-05 4.54638539e-06 8.60427099e-06 5.84834124e-06 2.22590947e-05 4.76189634e-06 1.51383815e-05 3.77082567e-05 3.48741130e-05 1.09367866e-05 4.05963936e-05 3.25567875e-05 1.32814821e-05 3.63027181e-05 4.18090616e-05 9.08466463e-06 3.40204376e-05 7.16732374e-05 2.22819843e-05 1.78479237e-04 3.42061595e-04 1.36824638e-05 1.01058676e-04 5.55369988e-06 2.53314705e-05 2.03211775e-04 3.81928363e-04 6.50313284e-05 1.41346841e-04 2.51821470e-05 6.94812804e-06 1.40238912e-05 6.17399097e-06 1.62453369e-07 6.38673114e-10 1.00000000e-10
 1997 07 08 12 00 00  3.52806295e-03 2.14267100e-03 1.17288828e-03 8.26968280e-04 5.82050115e-04 3.34948416e-04 2.34610007e-04 1.91962420e-04 3.84764297e-04 1.13749495e-04 2.64139092e-03 3.86687890e-03 2.02917490e-04 5.94973032e-05 3.93577243e-05 1.05359424e-04 2.84607580e-05 4.68991930e-05 1.05867604e-04 6.59095589e-05 1.14769997e-04 1.39409127e-04 8.66650161e-05 6.45738697e-05 4.54745496e-06 8.60619839e-06 5.84842965e-06 2.22744382e-05 4.76735913e-06 1.51528211e-05 3.77580076e-05 3.48800619e-05 1.09517830e-05 4.06459560e-05 3.28783528e-05 1.32816669e-05 3.63916204e-05 4.18939789e-05 9.08624279e-06 3.41453942e-05 7.19015425e-05 2.24978125e-05 1.78788555e-04 3.45030701e-04 1.38012280e-05 1.02077697e-04 5.61052839e-06 2.57484149e-05 2.04616007e-04 3.83497372e-04 6.56119571e-05 1.41830276e-04 2.54343226e-05 7.03938863e-06 1.42325382e-05 6.29060562e-06 1.66077540e-07 6.88758917e-10 1.00000000e-10
 1997 07 09 12 00 00  3.52620002e-03 2.14147317e-03 1.17212801e-03 8.26419537e-04 5.81574048e-04 3.34719757e-04 2.34384916e-04 1.91717136e-04 3.84109555e-04 1.13581554e-04 2.63611876e-03 3.85626182e-03 2.02660336e-04 5.94492981e-05 3.93215294e-05 1.05179885e-04 2.84162641e-05 4.67623759e-05 1.05767273e-04 6.58671488e-05 1.14462501e-04 1.39016676e-04 8.65022721e-05 6.45041019e-05 4.54412220e-06 8.59710344e-06 5.84675363e-06 2.22588162e-05 4.76611458e-06 1.51423839e-05 3.76923763e-05 3.48605769e-05 1.09160181e-05 4.05706785e-05 3.28073482e-05 1.32733927e-05 3.62546781e-05 4.17016307e-05 9.07865178e-06 3.40412675e-05 7.15025256e-05 2.24594478e-05 1.78003684e-04 3.44386700e-04 1.37754680e-05 1.01324634e-04 5.32854938e-06 2.56724568e-05 2.03431877e-04 3.82272150e-04 6.54033568e-05 1.40899563e-04 2.52099574e-05 6.95744275e-06 1.40415222e-05 6.14031426e-06 1.57648487e-07 3.19128546e-10 1.00000000e-10
 1997 07 10 12 00 00  3.52055379e-03 2.13797380e-03 1.16989449e-03 8.24715111e-04 5.80041957e-04 3.34001631e-04 2.33684649e-04 1.90952817e-04 3.82101274e-04 1.13090683e-04 2.61997144e-03 3.82439643e-03 2.01890305e-04 5.93035868e-05 3.92128523e-05 1.04600054e-04 2.82478170e-05 4.63090953e-05 1.05429961e-04 6.57458499e-05 1.13496472e-04 1.37783792e-04 8.59934653e-05 6.42912005e-05 4.53192370e-06 8.58125350e-06 5.84154586e-06 2.22023576e-05 4.76309106e-06 1.51048776e-05 3.74674034e-05 3.47898836e-05 1.07778818e-05 4.03357728e-05 3.26322770e-05 1.32481888e-05 3.58125703e-05 4.10745759e-05 9.06544083e-06 3.37325596e-05 7.01779432e-05 2.23541298e-05 1.75514341e-04 3.42785520e-04 1.37114208e-05 9.89001242e-05 4.36574555e-06 2.54665822e-05 1.99429685e-04 3.78194112e-04 6.47242033e-05 1.37797933e-04 2.46995743e-05 6.77152591e-06 1.36105332e-05 5.82895357e-06 1.41887312e-07 1.00000000e-10 1.00000000e-10
 1997 07 11 12 00 00  3.51486978e-03 2.13439589e-03 1.16761583e-03 8.22986658e-04 5.78493643e-04 3.33283261e-04 2.32980955e-04 1.90183371e-04 3.80079474e-04 1.12585042e-04 2.60372068e-03 3.79253142e-03 2.01105941e-04 5.91471729e-05 3.91008769e-05 1.04013736e-04 2.80793785e-05 4.58558236e-05 1.05071014e-04 6.56066521e-05 1.12530555e-04 1.36550924e-04 8.54830353e-05 6.40782965e-05 4.51972519e-06 8.56997285e-06 5.83633810e-06 2.21454996e-05 4.75967390e-06 1.50665918e-05 3.72401945e-05 3.47191934e-05 1.06397471e-05 4.01008352e-05 3.24341847e-05 1.32229849e-05 3.53660065e-05 4.04436534e-05 9.05603447e-06 3.34218346e-05 6.88424956e-05 2.22337243e-05 1.73034371e-04 3.40972217e-04 1.36388887e-05 9.64151427e-05 3.40295665e-06 2.52314901e-05 1.95346468e-04 3.74037862e-04 6.40069871e-05 1.34829470e-04 2.43772575e-05 6.65398684e-06 1.33374282e-05 5.62430891e-06 1.31037589e-07 1.00000000e-10 1.00000000e-10
 1997 07 12 12 00 00  3.51114037e-03 2.13210576e-03 1.16615226e-03 8.21875250e-04 5.77497781e-04 3.32809164e-04 2.32519955e-04 1.89681299e-04 3.78756107e-04 1.12266447e-04 2.59307472e-03 3.77129018e-03 2.00602450e-04 5.90576234e-05 3.90307088e-05 1.03637360e-04 2.79719417e-05 4.55595931e-05 1.04865599e-04 6.55372976e-05 1.11892502e-04 1.35736730e-04 8.51478445e-05 6.39362935e-05 4.51189844e-06 8.55386461e-06 5.83289111e-06 2.21094182e-05 4.75784036e-06 1.50429930e-05 3.70957772e-05 3.46737652e-05 1.05519423e-05 3.99450063e-05 3.23285873e-05 1.32062356e-05 3.50787138e-05 4.00352446e-05 9.04260960e-06 3.32158681e-05 6.79846939e-05 2.21726397e-05 1.71383349e-04 3.40009507e-04 1.36003803e-05 9.48638767e-05 2.77733379e-06 2.51115358e-05 1.92797210e-04 3.71426786e-04 6.35878620e-05 1.32679550e-04 2.38397010e-05 6.45823109e-06 1.28839182e-05 5.30005626e-06 1.14849481e-07 1.00000000e-10 1.00000000e-10
 1997 07 13 12 00 00  3.50885060e-03 2.13003930e-03 1.16489277e-03 8.21054830e-04 5.76833809e-04 3.32574504e-04 2.32254660e-04 1.89376943e-04 3.77947984e-04 1.11935149e-04 2.58661934e-03 3.76067236e-03 2.00186293e-04 5.88918270e-05 3.89582320e-05 1.03382598e-04 2.79240456e-05 4.54186171e-05 1.04526982e-04 6.52986579e-05 1.11580439e-04 1.35338890e-04 8.49649504e-05 6.38249734e-05 4.50835178e-06 8.53850288e-06 5.83119800e-06 2.20846883e-05 4.75226698e-06 1.50233166e-05 3.69999230e-05 3.46530898e-05 1.05131803e-05 3.98338437e-05 3.20038467e-05 1.31979250e-05 3.48827827e-05 3.97921516e-05 9.02980537e-06 3.30144275e-05 6.74474745e-05 2.19685651e-05 1.70391937e-04 3.37028513e-04 1.34811405e-05 9.33837681e-05 2.48400065e-06 2.47145392e-05 1.90673672e-04 3.69120887e-04 6.29552920e-05 1.31445553e-04 2.33512106e-05 6.28026969e-06 1.24712758e-05 5.00083988e-06 9.97247923e-08 1.00000000e-10 1.00000000e-10
 1997 07 14 12 00 00  3.50911501e-03 2.13052015e-03 1.16517078e-03 8.21228488e-04 5.76970823e-04 3.32586890e-04 2.32284780e-04 1.89418872e-04 3.78048809e-04 1.12026731e-04 2.58739840e-03 3.76067758e-03 2.00278286e-04 5.89602259e-05 3.89791968e-05 1.03437384e-04 2.79356958e-05 4.54328954e-05 1.04673245e-04 6.54103758e-05 1.11595560e-04 1.35357406e-04 8.49823736e-05 6.38614151e-05 4.50908519e-06 8.55421458e-06 5.83125839e-06 2.20936182e-05 4.75460074e-06 1.50303913e-05 3.70260941e-05 3.46571673e-05 1.05234612e-05 3.98665291e-05 3.21414787e-05 1.31980501e-05 3.49274791e-05 3.98362698e-05 9.04285844e-06 3.30905120e-05 6.75644600e-05 2.20618283e-05 1.70626875e-04 3.38300418e-04 1.35320167e-05 9.38627230e-05 2.52296049e-06 2.48945318e-05 1.91342346e-04 3.69907740e-04 6.32149014e-05 1.32225777e-04 2.41601024e-05 6.57396827e-06 1.31474825e-05 5.43498877e-06 1.17974356e-07 1.00000000e-10 1.00000000e-10
 1997 07 15 12 00 00  3.51151823e-03 2.13268133e-03 1.16648899e-03 8.22134815e-04 5.77735069e-04 3.32843493e-04 2.32573347e-04 1.89752043e-04 3.78912498e-04 1.12378824e-04 2.59427899e-03 3.77130583e-03 2.00721786e-04 5.91477419e-05 3.90580965e-05 1.03732073e-04 2.80068925e-05 4.56024340e-05 1.05076381e-04 6.56796328e-05 1.11937006e-04 1.35792276e-04 8.51822236e-05 6.39904995e-05 4.51409869e-06 8.57372070e-06 5.83307228e-06 2.21268760e-05 4.76049354e-06 1.50557277e-05 3.71461265e-05 3.46859975e-05 1.05827858e-05 3.99965251e-05 3.24871449e-05 1.32066154e-05 3.51554336e-05 4.01214246e-05 9.05906927e-06 3.33214518e-05 6.82100735e-05 2.22888208e-05 1.71795526e-04 3.41485698e-04 1.36594279e-05 9.55869716e-05 2.89421369e-06 2.53340375e-05 1.93923954e-04 3.72701436e-04 6.39565412e-05 1.34105285e-04 2.51174572e-05 6.92166468e-06 1.39484619e-05 5.95456366e-06 1.40329071e-07 1.00000000e-10 1.00000000e-10
 1997 07 16 12 00 00  3.51504858e-03 2.13439801e-03 1.16762866e-03 8.23137167e-04 5.78706450e-04 3.33339610e-04 2.33031251e-04 1.90243077e-04 3.80183394e-04 1.12593480e-04 2.60451043e-03 3.79255861e-03 2.01133165e-04 5.91716306e-05 3.91076851e-05 1.04098306e-04 2.81400629e-05 4.59302071e-05 1.05176122e-04 6.56325661e-05 1.12607040e-04 1.36647370e-04 8.55221649e-05 6.41144830e-05 4.52354507e-06 8.58047206e-06 5.83665242e-06 2.21655814e-05 4.75927627e-06 1.50789519e-05 3.72953147e-05 3.47404333e-05 1.06932981e-05 4.01413848e-05 3.24168999e-05 1.32236441e-05 3.54340036e-05 4.05406115e-05 9.06465575e-06 3.34741144e-05 6.90902699e-05 2.22475865e-05 1.73450956e-04 3.40844496e-04 1.36337798e-05 9.68551593e-05 3.60588383e-06 2.52532074e-05 1.96293188e-04 3.75027859e-04 6.41765001e-05 1.36506993e-04 2.56176192e-05 7.10296686e-06 1.43644203e-05 6.20431879e-06 1.49581987e-07 1.00000000e-10 1.00000000e-10
 1997 07 17 12 00 00  3.52135508e-03 2.13909808e-03 1.17055688e-03 8.25276433e-04 5.80582282e-04 3.34088285e-04 2.33806935e-04 1.91112624e-04 3.82444695e-04 1.13313355e-04 2.62260450e-03 3.82443741e-03 2.02133641e-04 5.94898022e-05 3.92691991e-05 1.04815496e-04 2.83371483e-05 4.64185927e-05 1.05884218e-04 6.60353166e-05 1.13608886e-04 1.37925783e-04 8.60742596e-05 6.43797469e-05 4.53754656e-06 8.58093117e-06 5.84200934e-06 2.22407289e-05 4.76812165e-06 1.51341030e-05 3.75829357e-05 3.48211499e-05 1.08567125e-05 4.04253033e-05 3.29356262e-05 1.32491594e-05 3.59815300e-05 4.12746824e-05 9.06499772e-06 3.39023641e-05 7.07011443e-05 2.25873722e-05 1.76245840e-04 3.45623501e-04 1.38249401e-05 1.00439584e-04 4.66447709e-06 2.59112741e-05 2.01967209e-04 3.80907182e-04 6.55085276e-05 1.39906178e-04 2.59228544e-05 7.21323852e-06 1.46155997e-05 6.33365712e-06 1.52647635e-07 1.00000000e-10 1.00000000e-10
 1997 07 18 12 00 00  3.52512015e-03 2.14128882e-03 1.17196911e-03 8.26428587e-04 5.81658354e-04 3.34588215e-04 2.34287281e-04 1.91636502e-04 3.83800379e-04 1.13617260e-04 2.63348965e-03 3.84569094e-03 2.02632092e-04 5.95782833e-05 3.93386778e-05 1.05223636e-04 2.84727459e-05 4.67493403e-05 1.06115210e-04 6.60956895e-05 1.14281867e-04 1.38784733e-04 8.64255720e-05 6.45192689e-05 4.54714573e-06 8.58014173e-06 5.84560221e-06 2.22838845e-05 4.76926252e-06 1.51624896e-05 3.77487898e-05 3.48764384e-05 1.09693661e-05 4.05836927e-05 3.30036855e-05 1.32662157e-05 3.62918009e-05 4.17219601e-05 9.06429923e-06 3.40948663e-05 7.16581917e-05 2.26367803e-05 1.77961260e-04 3.46256599e-04 1.38502640e-05 1.02101743e-04 5.38426320e-06 2.60059838e-05 2.04858465e-04 3.83801251e-04 6.59617281e-05 1.42193889e-04 2.61793174e-05 7.30577094e-06 1.48257875e-05 6.43491494e-06 1.54394154e-07 1.00000000e-10 1.00000000e-10
 1997 07 19 12 00 00  3.52554906e-03 2.14212205e-03 1.17244945e-03 8.26705993e-04 5.81862332e-04 3.34599983e-04 2.34331394e-04 1.91699858e-04 3.83959255e-04 1.13774951e-04 2.63471115e-03 3.84569541e-03 2.02787811e-04 5.96945208e-05 3.93743931e-05 1.05305197e-04 2.84824579e-05 4.67612437e-05 1.06357453e-04 6.62876002e-05 1.14294585e-04 1.38800166e-04 8.64490858e-05 6.45684227e-05 4.54775727e-06 8.59362335e-06 5.84565278e-06 2.22952174e-05 4.77336835e-06 1.51726896e-05 3.77836135e-05 3.48798319e-05 1.09779343e-05 4.06268821e-05 3.32451164e-05 1.32663205e-05 3.63563153e-05 4.17814195e-05 9.07548310e-06 3.42037160e-05 7.18181674e-05 2.27977798e-05 1.78235296e-04 3.48484430e-04 1.39393772e-05 1.02851480e-04 5.41673435e-06 2.63172144e-05 2.05863330e-04 3.84971378e-04 6.63884711e-05 1.42974420e-04 2.69836811e-05 7.59760860e-06 1.54966469e-05 6.85312750e-06 1.71126325e-07 1.00000000e-10 1.00000000e-10
 1997 07 20 12 00 00  3.52230194e-03 2.14088864e-03 1.17159102e-03 8.25894470e-04 5.81051606e-04 3.34121261e-04 2.33908941e-04 1.91257509e-04 3.82801522e-04 1.13653558e-04 2.62534171e-03 3.82445008e-03 2.02472531e-04 5.97440755e-05 3.93472095e-05 1.05003026e-04 2.83662783e-05 4.64542973e-05 1.06423319e-04 6.64529100e-05 1.13646261e-04 1.37972072e-04 8.61301520e-05 6.44803725e-05 4.53938010e-06 8.59630600e-06 5.84216032e-06 2.22669058e-05 4.77688191e-06 1.51577483e-05 3.76643997e-05 3.48313479e-05 1.08824162e-05 4.05152013e-05 3.34518991e-05 1.32494752e-05 3.61278669e-05 4.14151123e-05 9.07768408e-06 3.41252707e-05 7.10779630e-05 2.29362791e-05 1.76814273e-04 3.50393328e-04 1.40157331e-05 1.02102756e-04 4.76187633e-06 2.65848241e-05 2.04261097e-04 3.83520468e-04 6.64523325e-05 1.41439941e-04 2.73159480e-05 7.71786708e-06 1.57716619e-05 7.00768107e-06 1.76002452e-07 1.00000000e-10 1.00000000e-10
 1997 07 21 12 00 00  3.52230482e-03 2.14085261e-03 1.17157222e-03 8.25901911e-04 5.81070193e-04 3.34127039e-04 2.33913297e-04 1.91262542e-04 3.82808547e-04 1.13648081e-04 2.62538518e-03 3.82445343e-03 2.02469894e-04 5.97439459e-05 3.93470497e-05 1.05010281e-04 2.83725880e-05 4.64620302e-05 1.06432657e-04 6.64506457e-05 1.13654173e-04 1.37982104e-04 8.61335585e-05 6.44817000e-05 4.53977773e-06 8.59492939e-06 5.84219306e-06 2.22686337e-05 4.77664726e-06 1.51587607e-05 3.76681552e-05 3.48335569e-05 1.08879853e-05 4.05174920e-05 3.34392797e-05 1.32495450e-05 3.61324288e-05 4.14235763e-05 9.07650901e-06 3.41255915e-05 7.10996016e-05 2.29328361e-05 1.76838121e-04 3.50283114e-04 1.40113246e-05 1.02121586e-04 4.78298280e-06 2.65771785e-05 2.04333374e-04 3.83589797e-04 6.64596460e-05 1.41633246e-04 2.74714467e-05 7.77388050e-06 1.58984494e-05 7.06341542e-06 1.76428325e-07 1.00000000e-10 1.00000000e-10
 1997 07 22 12 00 00  3.52424193e-03 2.14206455e-03 1.17234567e-03 8.26513326e-04 5.81631750e-04 3.34376537e-04 2.34158288e-04 1.91532009e-04 3.83506613e-04 1.13822150e-04 2.63097582e-03 3.83508019e-03 2.02740790e-04 5.98053195e-05 3.93870488e-05 1.05223679e-04 2.84394162e-05 4.66262223e-05 1.06584776e-04 6.65093015e-05 1.13989849e-04 1.38410051e-04 8.63110802e-05 6.45660866e-05 4.54451620e-06 8.60839500e-06 5.84398440e-06 2.22919242e-05 4.77779759e-06 1.51739764e-05 3.77535673e-05 3.48608621e-05 1.09434579e-05 4.06091287e-05 3.35076125e-05 1.32580622e-05 3.62952877e-05 4.16527417e-05 9.08768561e-06 3.42520848e-05 7.15931451e-05 2.29811805e-05 1.77781169e-04 3.50917130e-04 1.40366852e-05 1.03051903e-04 5.13964405e-06 2.66700779e-05 2.05892219e-04 3.85212111e-04 6.67451938e-05 1.43244389e-04 2.82335925e-05 8.05047039e-06 1.65346016e-05 7.46403714e-06 1.92769863e-07 3.99194633e-10 1.00000000e-10
 1997 07 23 12 00 00  3.52605753e-03 2.14303872e-03 1.17298209e-03 8.27046279e-04 5.82136060e-04 3.34622975e-04 2.34390931e-04 1.91783666e-04 3.84159768e-04 1.13951248e-04 2.63622180e-03 3.84570509e-03 2.02967337e-04 5.98335461e-05 3.94168567e-05 1.05414197e-04 2.85038172e-05 4.67874255e-05 1.06668329e-04 6.65131840e-05 1.14323465e-04 1.38834116e-04 8.64820975e-05 6.46688721e-05 4.54910187e-06 8.66281844e-06 5.84576337e-06 2.23150122e-05 4.77777503e-06 1.51863463e-05 3.78307550e-05 3.48873116e-05 1.09967848e-05 4.07158222e-05 3.35069722e-05 1.32665518e-05 3.64448160e-05 4.18677361e-05 9.13294352e-06 3.44067829e-05 7.20465487e-05 2.29835699e-05 1.78875932e-04 3.50914757e-04 1.40365903e-05 1.03800290e-04 5.48816606e-06 2.66741321e-05 2.07169079e-04 3.86645829e-04 6.69095796e-05 1.46076599e-04 3.07111930e-05 8.95069716e-06 1.86103830e-05 8.83352532e-06 2.53401859e-07 2.79839094e-09 2.83123303e-11
 1997 07 24 12 00 00  3.53221805e-03 2.14749525e-03 1.17576887e-03 8.29087682e-04 5.83928443e-04 3.35361399e-04 2.35147978e-04 1.92628052e-04 3.86363277e-04 1.14624272e-04 2.65386827e-03 3.87757905e-03 2.03919600e-04 6.01159148e-05 3.95674376e-05 1.06098024e-04 2.86907074e-05 4.72633226e-05 1.07297515e-04 6.68583380e-05 1.15313828e-04 1.40096336e-04 8.70226256e-05 6.49570950e-05 4.56246162e-06 8.71611483e-06 5.85106718e-06 2.23882567e-05 4.78546463e-06 1.52370621e-05 3.81028767e-05 3.49644630e-05 1.11512032e-05 4.10176048e-05 3.39571852e-05 1.32919566e-05 3.69713411e-05 4.25758032e-05 9.17726793e-06 3.48734719e-05 7.35866485e-05 2.32756633e-05 1.81835747e-04 3.55059030e-04 1.42023612e-05 1.07152642e-04 6.51267183e-06 2.72404082e-05 2.12440294e-04 3.92250636e-04 6.80999443e-05 1.50892068e-04 3.31265006e-05 9.82831434e-06 2.06341505e-05 1.01701154e-05 3.12680993e-07 5.80662123e-09 2.98930880e-10
 1997 07 25 12 00 00  3.53472268e-03 2.14992494e-03 1.17723972e-03 8.30052976e-04 5.84715226e-04 3.35609890e-04 2.35440451e-04 1.92969566e-04 3.87257350e-04 1.15025684e-04 2.66098004e-03 3.88820320e-03 2.04408110e-04 6.03367832e-05 3.96567140e-05 1.06401785e-04 2.87521951e-05 4.74209548e-05 1.07760513e-04 6.71855290e-05 1.15643763e-04 1.40515770e-04 8.72218197e-05 6.51103895e-05 4.56686394e-06 8.75933983e-06 5.85283051e-06 2.24223894e-05 4.79276059e-06 1.52631135e-05 3.82227873e-05 3.49898939e-05 1.12019588e-05 4.11664963e-05 3.43843567e-05 1.33004156e-05 3.72080119e-05 4.28609086e-05 9.21321334e-06 3.51578855e-05 7.42340717e-05 2.35526095e-05 1.83114201e-04 3.58990935e-04 1.43596374e-05 1.09041918e-04 6.85145351e-06 2.77773564e-05 2.15150853e-04 3.95288095e-04 6.89466660e-05 1.53415755e-04 3.50893009e-05 1.05415018e-05 2.22787020e-05 1.12557398e-05 3.60791947e-07 8.24519280e-09 5.18226617e-10
 1997 07 26 12 00 00  3.53417003e-03 2.14878186e-03 1.17658345e-03 8.29703335e-04 5.84479129e-04 3.35604784e-04 2.35390147e-04 1.92894966e-04 3.87061027e-04 1.14811192e-04 2.65946307e-03 3.88820246e-03 2.04200386e-04 6.01833357e-05 3.96094045e-05 1.06307211e-04 2.87507370e-05 4.74191707e-05 1.07453001e-04 6.69290894e-05 1.15640125e-04 1.40513452e-04 8.71972525e-05 6.50182749e-05 4.56677226e-06 8.69641590e-06 5.85282323e-06 2.24078213e-05 4.78704205e-06 1.52515819e-05 3.81839569e-05 3.49893817e-05 1.12006732e-05 4.10881078e-05 3.40495433e-05 1.33003996e-05 3.71279813e-05 4.27962125e-05 9.16084755e-06 3.49605786e-05 7.40595863e-05 2.33355458e-05 1.82581858e-04 3.55909153e-04 1.42363661e-05 1.08071108e-04 6.84657571e-06 2.73565034e-05 2.13963308e-04 3.93746798e-04 6.83982672e-05 1.51394819e-04 3.24988720e-05 9.59966742e-06 2.01040012e-05 9.78591311e-06 2.93152077e-07 4.62294203e-09 1.87376892e-10
 1997 07 27 12 00 00  3.52859516e-03 2.14554645e-03 1.17449733e-03 8.28031117e-04 5.82932881e-04 3.34870373e-04 2.34685434e-04 1.92128548e-04 3.85064186e-04 1.14367011e-04 2.64341575e-03 3.85632887e-03 2.03469152e-04 6.00638821e-05 3.95090826e-05 1.05722011e-04 2.85638525e-05 4.69432824e-05 1.07147722e-04 6.68566558e-05 1.14650220e-04 1.39251260e-04 8.66819598e-05 6.47863368e-05 4.55341251e-06 8.64960457e-06 5.84751942e-06 2.23457038e-05 4.78547372e-06 1.52128544e-05 3.79502948e-05 3.49122362e-05 1.10462592e-05 4.08335359e-05 3.39574704e-05 1.32749963e-05 3.66790019e-05 4.21517981e-05 9.12188698e-06 3.46274543e-05 7.26940872e-05 2.32746301e-05 1.79870499e-04 3.55060105e-04 1.42024042e-05 1.05705011e-04 5.82209577e-06 2.72386533e-05 2.09934605e-04 3.89585083e-04 6.77881805e-05 1.47045997e-04 3.05888779e-05 8.90518527e-06 1.85002323e-05 8.69954283e-06 2.42985566e-07 1.92352783e-09 1.00000000e-10
 1997 07 28 12 00 00  3.52437725e-03 2.14233945e-03 1.17250435e-03 8.26600967e-04 5.81693413e-04 3.34377938e-04 2.34171300e-04 1.91551421e-04 3.83556826e-04 1.13874271e-04 2.63135297e-03 3.83507982e-03 2.02792093e-04 5.98448300e-05 3.93991775e-05 1.05248244e-04 2.84399051e-05 4.66268189e-05 1.06668570e-04 6.65747211e-05 1.13991446e-04 1.38410827e-04 8.63171720e-05 6.46038763e-05 4.54454675e-06 8.63924579e-06 5.84398695e-06 2.22967015e-05 4.77915783e-06 1.51768749e-05 3.77627279e-05 3.48610309e-05 1.09438872e-05 4.06403916e-05 3.35878663e-05 1.32580666e-05 3.63165603e-05 4.16699757e-05 9.11325551e-06 3.43278871e-05 7.16391520e-05 2.30357444e-05 1.77986600e-04 3.51659009e-04 1.40663604e-05 1.03302935e-04 5.14127023e-06 2.67753465e-05 2.06192510e-04 3.85672020e-04 6.68855879e-05 1.44757750e-04 3.02360613e-05 8.77672574e-06 1.82027330e-05 8.48806940e-06 2.32511150e-07 1.48162016e-09 1.00000000e-10
 1997 07 29 12 00 00  3.52064236e-03 2.14011961e-03 1.17107828e-03 8.25477162e-04 5.80664135e-04 3.33891882e-04 2.33702151e-04 1.91040453e-04 3.82221904e-04 1.13566900e-04 2.62062490e-03 3.81383337e-03 2.02295024e-04 5.97584500e-05 3.93301665e-05 1.04858678e-04 2.83193571e-05 4.63145203e-05 1.06455532e-04 6.65141270e-05 1.13336763e-04 1.37575797e-04 8.59749510e-05 6.44536430e-05 4.53589491e-06 8.61536828e-06 5.84047229e-06 2.22565076e-05 4.77776957e-06 1.51512627e-05 3.76088330e-05 3.48110130e-05 1.08445136e-05 4.04751083e-05 3.35068209e-05 1.32411747e-05 3.60184923e-05 4.12438947e-05 9.09337759e-06 3.41113628e-05 7.07369707e-05 2.29841549e-05 1.76229522e-04 3.50914242e-04 1.40365697e-05 1.01708545e-04 4.47181046e-06 2.66751216e-05 2.03505837e-04 3.82910296e-04 6.64603160e-05 1.42153382e-04 2.92992361e-05 8.43599864e-06 1.74154404e-05 7.94944569e-06 2.07259339e-07 5.59285240e-10 1.00000000e-10
 1997 07 30 12 00 00  3.51853812e-03 2.13848169e-03 1.17006339e-03 8.24769528e-04 5.80062721e-04 3.33652302e-04 2.33449591e-04 1.90756772e-04 3.81474681e-04 1.13315028e-04 2.61464227e-03 3.80321145e-03 2.01953433e-04 5.96471136e-05 3.92745691e-05 1.04629066e-04 2.82646652e-05 4.61652060e-05 1.06218672e-04 6.63683692e-05 1.13015723e-04 1.37167136e-04 8.57965260e-05 6.43427353e-05 4.53192006e-06 8.58024723e-06 5.83874389e-06 2.22320667e-05 4.77439135e-06 1.51344111e-05 3.75196696e-05 3.47879570e-05 1.07997519e-05 4.03631540e-05 3.33098113e-05 1.32327899e-05 3.58399655e-05 4.10112047e-05 9.06414207e-06 3.39230069e-05 7.02312925e-05 2.28597142e-05 1.75172767e-04 3.49104969e-04 1.39641987e-05 1.00511505e-04 4.15573413e-06 2.64331786e-05 2.01712536e-04 3.80933205e-04 6.60125240e-05 1.40192560e-04 2.79001041e-05 7.92718406e-06 1.62400216e-05 7.14840789e-06 1.69925042e-07 1.00000000e-10 1.00000000e-10
 1997 07 31 12 00 00  3.51648559e-03 2.13692590e-03 1.16909623e-03 8.24096682e-04 5.79492059e-04 3.33417048e-04 2.33203966e-04 1.90482292e-04 3.80748135e-04 1.13078980e-04 2.60882125e-03 3.79259251e-03 2.01628302e-04 5.95478248e-05 3.92226500e-05 1.04411751e-04 2.82143417e-05 4.60212585e-05 1.06008906e-04 6.62418315e-05 1.12700790e-04 1.36765443e-04 8.56225954e-05 6.42535655e-05 4.52822096e-06 8.56819242e-06 5.83703841e-06 2.22112096e-05 4.77139729e-06 1.51192295e-05 3.74379444e-05 3.47664347e-05 1.07588487e-05 4.02702431e-05 3.31356190e-05 1.32244531e-05 3.56738211e-05 4.07907633e-05 9.05409543e-06 3.37754338e-05 6.97568296e-05 2.27511802e-05 1.74274272e-04 3.47507101e-04 1.39002840e-05 9.94256092e-05 3.85429084e-06 2.62218469e-05 2.00067599e-04 3.79187174e-04 6.56138012e-05 1.39036716e-04 2.75071017e-05 7.78404019e-06 1.59082622e-05 6.90959795e-06 1.57894186e-07 1.00000000e-10 1.00000000e-10
 1997 08 01 12 00 00  3.51620858e-03 2.13626580e-03 1.16871997e-03 8.23930177e-04 5.79405885e-04 3.33427499e-04 2.33186796e-04 1.90453270e-04 3.80659173e-04 1.12956993e-04 2.60813182e-03 3.79259847e-03 2.01514633e-04 5.94647628e-05 3.91968698e-05 1.04377082e-04 2.82279332e-05 4.60379146e-05 1.05855777e-04 6.60994963e-05 1.12717927e-04 1.36787041e-04 8.56176965e-05 6.42381224e-05 4.52907625e-06 8.57607010e-06 5.83710826e-06 2.22102680e-05 4.76799905e-06 1.51154980e-05 3.74299290e-05 3.47711932e-05 1.07708431e-05 4.02594209e-05 3.29380477e-05 1.32245987e-05 3.56480829e-05 4.07784749e-05 9.06063215e-06 3.37273820e-05 6.97185902e-05 2.26288539e-05 1.74278778e-04 3.45695791e-04 1.38278316e-05 9.89962167e-05 3.89973939e-06 2.59834895e-05 1.99605503e-04 3.78656753e-04 6.53365526e-05 1.39498191e-04 2.79683883e-05 7.95141796e-06 1.62930928e-05 7.15035449e-06 1.67592640e-07 1.00000000e-10 1.00000000e-10
 1997 08 02 12 00 00  3.51606712e-03 2.13588193e-03 1.16850250e-03 8.23849962e-04 5.79379314e-04 3.33439772e-04 2.33182368e-04 1.90443013e-04 3.80618987e-04 1.12886962e-04 2.60781774e-03 3.79260555e-03 2.01451540e-04 5.94192433e-05 3.91826543e-05 1.04366274e-04 2.82425026e-05 4.60557727e-05 1.05778612e-04 6.60197111e-05 1.12736042e-04 1.36810198e-04 8.56191498e-05 6.42259044e-05 4.52999375e-06 8.57213599e-06 5.83718429e-06 2.22112926e-05 4.76597670e-06 1.51146873e-05 3.74309594e-05 3.47762922e-05 1.07836968e-05 4.02515898e-05 3.28211667e-05 1.32247573e-05 3.56395350e-05 4.07814759e-05 9.05734196e-06 3.36920311e-05 6.97226435e-05 2.25593074e-05 1.74278145e-04 3.44627747e-04 1.37851099e-05 9.87882872e-05 3.94845374e-06 2.58473738e-05 1.99441123e-04 3.78425674e-04 6.51942378e-05 1.39611147e-04 2.79141620e-05 7.93143613e-06 1.62456618e-05 7.10308032e-06 1.64330767e-07 1.00000000e-10 1.00000000e-10
 1997 08 03 12 00 00  3.51611609e-03 2.13589218e-03 1.16851126e-03 8.23890221e-04 5.79434056e-04 3.33453779e-04 2.33195255e-04 1.90458439e-04 3.80646390e-04 1.12890879e-04 2.60802631e-03 3.79261225e-03 2.01460054e-04 5.94266010e-05 3.91847416e-05 1.04388030e-04 2.82575522e-05 4.60742187e-05 1.05807370e-04 6.60283025e-05 1.12755366e-04 1.36834117e-04 8.56290542e-05 6.42451322e-05 4.53094035e-06 8.58930507e-06 5.83726214e-06 2.22172972e-05 4.76592686e-06 1.51178477e-05 3.74453541e-05 3.47815570e-05 1.07969776e-05 4.02704807e-05 3.28197348e-05 1.32249217e-05 3.56585028e-05 4.08067259e-05 9.07161302e-06 3.37241217e-05 6.97867323e-05 2.25645854e-05 1.74457812e-04 3.44622329e-04 1.37848932e-05 9.89145773e-05 3.99877899e-06 2.58563261e-05 1.99685792e-04 3.78724479e-04 6.52408896e-05 1.40416877e-04 2.87478960e-05 8.23425457e-06 1.69433475e-05 7.55671404e-06 1.83927447e-07 1.00000000e-10 1.00000000e-10
 1997 08 04 12 00 00  3.51806769e-03 2.13707332e-03 1.16926822e-03 8.24515345e-04 5.80022173e-04 3.33713029e-04 2.33446930e-04 1.90735031e-04 3.81354579e-04 1.13060047e-04 2.61370434e-03 3.80324349e-03 2.01728750e-04 5.94854589e-05 3.92238846e-05 1.04612095e-04 2.83350586e-05 4.62514960e-05 1.05959917e-04 6.60807185e-05 1.13104469e-04 1.37279032e-04 8.58127124e-05 6.43339400e-05 4.53635148e-06 8.60561704e-06 5.83910878e-06 2.22437631e-05 4.76686546e-06 1.51348312e-05 3.75404443e-05 3.48125963e-05 1.08618740e-05 4.03675499e-05 3.28761060e-05 1.32335539e-05 3.58314118e-05 4.10508947e-05 9.08516959e-06 3.38552107e-05 7.03179354e-05 2.26070464e-05 1.75474626e-04 3.45148572e-04 1.38059429e-05 9.98930482e-05 4.39114883e-06 2.59374356e-05 2.01366429e-04 3.80466205e-04 6.55330097e-05 1.42185060e-04 2.95483633e-05 8.52497196e-06 1.76130667e-05 7.99115285e-06 2.02619838e-07 9.53665591e-11 1.00000000e-10
 1997 08 05 12 00 00  3.52566272e-03 2.14164665e-03 1.17220055e-03 8.26853740e-04 5.82179237e-04 3.34705384e-04 2.34408041e-04 1.91785499e-04 3.84081490e-04 1.13702280e-04 2.63560492e-03 3.84574756e-03 2.02755588e-04 5.96827135e-05 3.93692433e-05 1.05430537e-04 2.85975140e-05 4.69022751e-05 1.06451190e-04 6.62380189e-05 1.14440180e-04 1.38983044e-04 8.65136034e-05 6.46357727e-05 4.55499940e-06 8.63360256e-06 5.84624941e-06 2.23307626e-05 4.77017784e-06 1.51916399e-05 3.78717608e-05 3.49201087e-05 1.10794696e-05 4.07024777e-05 3.30712326e-05 1.32675705e-05 3.64573926e-05 4.19425962e-05 9.10843737e-06 3.42888393e-05 7.22252821e-05 2.27385768e-05 1.79039428e-04 3.46950949e-04 1.38780380e-05 1.03325019e-04 5.80149972e-06 2.61914189e-05 2.07199102e-04 3.86409170e-04 6.65004764e-05 1.47250313e-04 3.08550464e-05 8.99967749e-06 1.87073085e-05 8.70890162e-06 2.34091898e-07 1.14767431e-09 1.00000000e-10
 1997 08 06 12 00 00  3.53179205e-03 2.14595482e-03 1.17490485e-03 8.28884083e-04 5.83989576e-04 3.35455948e-04 2.35170035e-04 1.92633851e-04 3.86283280e-04 1.14349338e-04 2.65323370e-03 3.87762785e-03 2.03687098e-04 5.99508598e-05 3.95152671e-05 1.06121393e-04 2.87980016e-05 4.73948370e-05 1.07064847e-04 6.65559724e-05 1.15447059e-04 1.40266871e-04 8.70598314e-05 6.49093842e-05 4.56921516e-06 8.66775663e-06 5.85162343e-06 2.24057855e-05 4.77703143e-06 1.52436697e-05 3.81508221e-05 3.50020186e-05 1.12458853e-05 4.09945178e-05 3.34739132e-05 1.32931236e-05 3.69874683e-05 4.26635385e-05 9.13683616e-06 3.47221123e-05 7.37975996e-05 2.30057427e-05 1.81957795e-04 3.50665023e-04 1.40266009e-05 1.06641767e-04 6.87146967e-06 2.67081487e-05 2.12531758e-04 3.91990286e-04 6.76585926e-05 1.51604202e-04 3.24328907e-05 9.57292978e-06 2.00288885e-05 9.57786669e-06 2.72348751e-07 2.67128808e-09 1.00000000e-10
 1997 08 07 12 00 00  3.53910379e-03 2.14993725e-03 1.17749817e-03 8.31043984e-04 5.86027736e-04 3.36446368e-04 2.36105857e-04 1.93646648e-04 3.88910323e-04 1.14880850e-04 2.67436120e-03 3.92013155e-03 2.04607031e-04 6.00693777e-05 3.96363338e-05 1.06892184e-04 2.90604570e-05 4.80456190e-05 1.07399749e-04 6.65814441e-05 1.16782463e-04 1.41970885e-04 8.77485202e-05 6.51813358e-05 4.58786380e-06 8.68793722e-06 5.85876405e-06 2.24871156e-05 4.77738031e-06 1.52946820e-05 3.84633732e-05 3.51095281e-05 1.14634808e-05 4.13041808e-05 3.34957091e-05 1.33271387e-05 3.75754768e-05 4.35242667e-05 9.15361088e-06 3.50861618e-05 7.56202047e-05 2.30254955e-05 1.85378043e-04 3.50872735e-04 1.40349094e-05 1.09593898e-04 8.28181946e-06 2.67452881e-05 2.17763705e-04 3.97224976e-04 6.83455900e-05 1.56381805e-04 3.34106902e-05 9.92807777e-06 2.08471613e-05 1.01101599e-05 2.95362369e-07 3.79317058e-09 8.79375128e-11
 1997 08 08 12 00 00  3.54145013e-03 2.15194532e-03 1.17872939e-03 8.31917465e-04 5.86780212e-04 3.36707869e-04 2.36392446e-04 1.93975367e-04 3.89757219e-04 1.15204868e-04 2.68111383e-03 3.93076241e-03 2.05025023e-04 6.02380386e-05 3.97093615e-05 1.07182133e-04 2.91374774e-05 4.82222938e-05 1.07769378e-04 6.68178720e-05 1.17130715e-04 1.42415012e-04 8.79489300e-05 6.52934033e-05 4.59324365e-06 8.68942370e-06 5.86060814e-06 2.25196739e-05 4.78246984e-06 1.53196712e-05 3.85835792e-05 3.51403985e-05 1.15279472e-05 4.14207811e-05 3.37948179e-05 1.33357666e-05 3.77982974e-05 4.38096769e-05 9.15483179e-06 3.52806931e-05 7.62655431e-05 2.32241102e-05 1.86463035e-04 3.53631778e-04 1.41452711e-05 1.11223133e-04 8.67255294e-06 2.71294004e-05 2.20276510e-04 3.99869742e-04 6.90282624e-05 1.57742908e-04 3.35857941e-05 9.99146118e-06 2.09921463e-05 1.01920684e-05 2.97983357e-07 3.84787797e-09 9.07978914e-11
 1997 08 09 12 00 00  3.54128720e-03 2.15152258e-03 1.17848895e-03 8.31822032e-04 5.86741001e-04 3.36719524e-04 2.36385386e-04 1.93961203e-04 3.89707654e-04 1.15127118e-04 2.68073537e-03 3.93076912e-03 2.04953773e-04 6.01853368e-05 3.96929707e-05 1.07166355e-04 2.91515578e-05 4.82395553e-05 1.07674465e-04 6.67265907e-05 1.17148392e-04 1.42437398e-04 8.79491949e-05 6.52843847e-05 4.59413022e-06 8.69260184e-06 5.86068127e-06 2.25205826e-05 4.78026595e-06 1.53183113e-05 3.85838281e-05 3.51453258e-05 1.15403731e-05 4.14152805e-05 3.36668309e-05 1.33359194e-05 3.77875282e-05 4.38099778e-05 9.15746277e-06 3.52500213e-05 7.62618165e-05 2.31454542e-05 1.86488693e-04 3.52459140e-04 1.40983656e-05 1.10982340e-04 8.71964148e-06 2.69760116e-05 2.20056128e-04 3.99598356e-04 6.88603896e-05 1.58060133e-04 3.38213052e-05 1.00768310e-05 2.11880086e-05 1.03096734e-05 3.02340636e-07 4.00254061e-09 1.02962028e-10
 1997 08 10 12 00 00  3.54110605e-03 2.15105813e-03 1.17822575e-03 8.31717922e-04 5.86698714e-04 3.36730665e-04 2.36377406e-04 1.93946036e-04 3.89654617e-04 1.15042323e-04 2.68031263e-03 3.93077508e-03 2.04876813e-04 6.01309584e-05 3.96759882e-05 1.07149137e-04 2.91651493e-05 4.82562144e-05 1.07582720e-04 6.66317006e-05 1.17165362e-04 1.42458994e-04 8.79484378e-05 6.52713341e-05 4.59498551e-06 8.69285432e-06 5.86075184e-06 2.25209696e-05 4.77783433e-06 1.53165991e-05 3.85807467e-05 3.51500814e-05 1.15523668e-05 4.14069935e-05 3.35264107e-05 1.33360678e-05 3.77732550e-05 4.38078108e-05 9.15765850e-06 3.52117757e-05 7.62519968e-05 2.30625199e-05 1.86489490e-04 3.51176781e-04 1.40470712e-05 1.10709078e-04 8.76509002e-06 2.68135569e-05 2.19805833e-04 3.99283205e-04 6.86843410e-05 1.58269396e-04 3.39199907e-05 1.01124933e-05 2.12692925e-05 1.03521399e-05 3.03404495e-07 3.99309661e-09 1.00442776e-10
 1997 08 11 12 00 00  3.54555419e-03 2.15466743e-03 1.18045216e-03 8.33301563e-04 5.88064396e-04 3.37236146e-04 2.36919405e-04 1.94561527e-04 3.91252198e-04 1.15612247e-04 2.69306789e-03 3.95202935e-03 2.05632549e-04 6.04092716e-05 3.98040099e-05 1.07673304e-04 2.93017190e-05 4.85881523e-05 1.08192407e-04 6.70095906e-05 1.17840240e-04 1.43319491e-04 8.83296869e-05 6.54812227e-05 4.60464580e-06 8.70996373e-06 5.86434981e-06 2.25779885e-05 4.78607944e-06 1.53591157e-05 3.87922916e-05 3.52057075e-05 1.16658783e-05 4.16254750e-05 3.40102444e-05 1.33531328e-05 3.81755877e-05 4.43309295e-05 9.17188081e-06 3.55688596e-05 7.74163741e-05 2.33808794e-05 1.88554536e-04 3.55636070e-04 1.42254428e-05 1.13529561e-04 9.48812667e-06 2.74298363e-05 2.24156489e-04 4.03885480e-04 6.98149346e-05 1.61091808e-04 3.47397904e-05 1.04102732e-05 2.19554811e-05 1.07996145e-05 3.22832763e-07 4.94669594e-09 1.85377069e-10
 1997 08 12 12 00 00  3.55146600e-03 2.15854048e-03 1.18290613e-03 8.35192628e-04 5.89776096e-04 3.37982564e-04 2.37660196e-04 1.95379002e-04 3.93374904e-04 1.16177291e-04 2.71008764e-03 3.98390777e-03 2.06483795e-04 6.06177898e-05 3.99316826e-05 1.08324688e-04 2.94992875e-05 4.90771316e-05 1.08683997e-04 6.72285329e-05 1.18843071e-04 1.44598665e-04 8.88650262e-05 6.57275030e-05 4.61867821e-06 8.73291938e-06 5.86970818e-06 2.26475251e-05 4.79077353e-06 1.54062650e-05 3.90549221e-05 3.52865958e-05 1.18297190e-05 4.18938587e-05 3.42862157e-05 1.33786525e-05 3.86739241e-05 4.50240759e-05 9.19096929e-06 3.59417405e-05 7.89136622e-05 2.35646439e-05 1.91321260e-04 3.58182341e-04 1.43272937e-05 1.16467863e-04 1.05483305e-05 2.77851272e-05 2.28998953e-04 4.08879332e-04 7.07568542e-05 1.64991531e-04 3.57978183e-05 1.07946747e-05 2.28417102e-05 1.13826454e-05 3.48524495e-07 6.23759755e-09 3.01167025e-10
 1997 08 13 12 00 00  3.55026470e-03 2.15875596e-03 1.18295611e-03 8.35058457e-04 5.89566759e-04 3.37753152e-04 2.37491262e-04 1.95218925e-04 3.92950826e-04 1.16273717e-04 2.70659574e-03 3.97328883e-03 2.06480546e-04 6.07573382e-05 3.99533887e-05 1.08252032e-04 2.94489699e-05 4.89331840e-05 1.08953554e-04 6.75012416e-05 1.18529286e-04 1.44196970e-04 8.87277805e-05 6.57342564e-05 4.61497875e-06 8.75331170e-06 5.86800270e-06 2.26443837e-05 4.79664632e-06 1.54085684e-05 3.90286727e-05 3.52650677e-05 1.17888150e-05 4.18825804e-05 3.46313434e-05 1.33703157e-05 3.86225192e-05 4.48973557e-05 9.20792445e-06 3.60149046e-05 7.86955046e-05 2.37937580e-05 1.90902478e-04 3.61365763e-04 1.44546305e-05 1.16830701e-04 1.02468868e-05 2.82282417e-05 2.29168711e-04 4.09298637e-04 7.12078865e-05 1.64965514e-04 3.67499326e-05 1.11405687e-05 2.36390284e-05 1.19056340e-05 3.71456701e-07 7.38099182e-09 4.03490485e-10
 1997 08 14 12 00 00  3.54509135e-03 2.15627622e-03 1.18130682e-03 8.33649477e-04 5.88221914e-04 3.37032997e-04 2.36830265e-04 1.94514643e-04 3.91106513e-04 1.15973410e-04 2.69171280e-03 3.94142121e-03 2.05893116e-04 6.07465777e-05 3.98863855e-05 1.07747240e-04 2.92747020e-05 4.84727643e-05 1.08881047e-04 6.76070165e-05 1.17555593e-04 1.42954842e-04 8.82363378e-05 6.55454633e-05 4.60241354e-06 8.71627853e-06 5.86276474e-06 2.25936556e-05 4.79876653e-06 1.53799347e-05 3.88292525e-05 3.51923401e-05 1.16455398e-05 4.16673325e-05 3.47569294e-05 1.33450492e-05 3.82358849e-05 4.43129702e-05 9.17709840e-06 3.57775569e-05 7.74910232e-05 2.38813154e-05 1.88451408e-04 3.62529446e-04 1.45011778e-05 1.15172084e-04 9.26461362e-06 2.83967354e-05 2.26119435e-04 4.06251245e-04 7.10010431e-05 1.61149184e-04 3.52678750e-05 1.06016143e-05 2.23940690e-05 1.10581958e-05 3.32030064e-07 5.23765884e-09 2.06925344e-10
 1997 08 15 12 00 00  3.53746922e-03 2.15148384e-03 1.17825433e-03 8.31311412e-04 5.86114967e-04 3.36064288e-04 2.35881909e-04 1.93476680e-04 3.88388849e-04 1.15293899e-04 2.66987154e-03 3.89892906e-03 2.04838963e-04 6.05320029e-05 3.97353385e-05 1.06948493e-04 2.90384633e-05 4.78541187e-05 1.08382094e-04 6.74138835e-05 1.16252531e-04 1.41292491e-04 8.75478605e-05 6.52405000e-05 4.58541545e-06 8.68041679e-06 5.85576017e-06 2.25126498e-05 4.79417213e-06 1.53263613e-05 3.85139282e-05 3.50940070e-05 1.14510774e-05 4.13345482e-05 3.44897126e-05 1.33113193e-05 3.76240881e-05 4.34513042e-05 9.14724806e-06 3.53270195e-05 7.56588713e-05 2.37154571e-05 1.84965222e-04 3.60079083e-04 1.44031633e-05 1.11747133e-04 7.94192238e-06 2.80736480e-05 2.20479096e-04 4.00445278e-04 7.00069010e-05 1.56298213e-04 3.38292719e-05 1.00784701e-05 2.11856728e-05 1.02361322e-05 2.93818401e-07 3.16291731e-09 1.67130754e-11
 1997 08 16 12 00 00  3.53547231e-03 2.15004382e-03 1.17735462e-03 8.30675990e-04 5.85570819e-04 3.35828587e-04 2.35641638e-04 1.93210633e-04 3.87684354e-04 1.15080194e-04 2.66420482e-03 3.88830900e-03 2.04536283e-04 6.04515811e-05 3.96891749e-05 1.06741616e-04 2.89871707e-05 4.77089779e-05 1.08215529e-04 6.73183007e-05 1.15936633e-04 1.40889250e-04 8.73758426e-05 6.51623214e-05 4.58165450e-06 8.67781491e-06 5.85404923e-06 2.24932876e-05 4.79174414e-06 1.53122644e-05 3.84338318e-05 3.50721413e-05 1.14093164e-05 4.12514564e-05 3.43494379e-05 1.33029695e-05 3.74651053e-05 4.32363650e-05 9.14507109e-06 3.52034286e-05 7.51997635e-05 2.36321081e-05 1.84129992e-04 3.58797417e-04 1.43518967e-05 1.10759596e-04 7.63722710e-06 2.79104832e-05 2.18955620e-04 3.98866918e-04 6.96726278e-05 1.55414711e-04 3.38058059e-05 1.00697324e-05 2.11644932e-05 1.02100113e-05 2.91773456e-07 2.99053600e-09 1.00000000e-10
 1997 08 17 12 00 00  3.53512952e-03 2.14926164e-03 1.17690873e-03 8.30468565e-04 5.85454144e-04 3.35835549e-04 2.35617518e-04 1.93172311e-04 3.87572725e-04 1.14935574e-04 2.66332568e-03 3.88831384e-03 2.04400757e-04 6.03543396e-05 3.96589958e-05 1.06694581e-04 2.89973657e-05 4.77214751e-05 1.08036621e-04 6.71522925e-05 1.15948343e-04 1.40905457e-04 8.73663711e-05 6.51082566e-05 4.58229697e-06 8.64084723e-06 5.85410235e-06 2.24874318e-05 4.78773763e-06 1.53067756e-05 3.84163043e-05 3.50757095e-05 1.14183138e-05 4.12080013e-05 3.41167382e-05 1.33030800e-05 3.74232270e-05 4.32106294e-05 9.11429888e-06 3.50829629e-05 7.51279912e-05 2.34890656e-05 1.83864508e-04 3.56665360e-04 1.42666144e-05 1.10183763e-04 7.67132442e-06 2.76315433e-05 2.18333515e-04 3.98020708e-04 6.93389591e-05 1.54388128e-04 3.23232335e-05 9.53059803e-06 1.99191564e-05 9.36276465e-06 2.52387451e-07 1.26410207e-09 1.00000000e-10
 1997 08 18 12 00 00  3.53328226e-03 2.14813619e-03 1.17618956e-03 8.29927426e-04 5.84972208e-04 3.35600426e-04 2.35390411e-04 1.92926025e-04 3.86920964e-04 1.14780830e-04 2.65806599e-03 3.87769416e-03 2.04154960e-04 6.03159853e-05 3.96258091e-05 1.06512616e-04 2.89455871e-05 4.75757348e-05 1.07953734e-04 6.71271933e-05 1.15631929e-04 1.40501439e-04 8.72005471e-05 6.50438758e-05 4.57850510e-06 8.63956375e-06 5.85238922e-06 2.24707659e-05 4.78688962e-06 1.52956795e-05 3.83455528e-05 3.50536749e-05 1.13761227e-05 4.11365117e-05 3.40688712e-05 1.32947273e-05 3.72836348e-05 4.30113268e-05 9.11321695e-06 3.49926949e-05 7.47119636e-05 2.34654377e-05 1.83088791e-04 3.56233997e-04 1.42493599e-05 1.09446996e-04 7.36499933e-06 2.75842060e-05 2.17124019e-04 3.96805621e-04 6.91537713e-05 1.53575209e-04 3.23711103e-05 9.54775678e-06 1.99575673e-05 9.37450202e-06 2.51912137e-07 1.20094867e-09 1.00000000e-10
 1997 08 19 12 00 00  3.53154367e-03 2.14724595e-03 1.17560509e-03 8.29454055e-04 5.84532967e-04 3.35364720e-04 2.35172251e-04 1.92693435e-04 3.86306765e-04 1.14670011e-04 2.65309612e-03 3.86707336e-03 2.03951193e-04 6.03086602e-05 3.96022062e-05 1.06347762e-04 2.88923475e-05 4.74282075e-05 1.07931334e-04 6.71543472e-05 1.15313033e-04 1.40095103e-04 8.70386490e-05 6.49692521e-05 4.57462265e-06 8.61117514e-06 5.85066809e-06 2.24539377e-05 4.78722905e-06 1.52866048e-05 3.82799486e-05 3.50311311e-05 1.13326467e-05 4.10561253e-05 3.40903876e-05 1.32863555e-05 3.71543931e-05 4.28205597e-05 9.08958245e-06 3.48899311e-05 7.43211019e-05 2.34862222e-05 1.82207970e-04 3.56440611e-04 1.42576245e-05 1.08871360e-04 7.05380080e-06 2.76230974e-05 2.16132263e-04 3.95757948e-04 6.90770285e-05 1.51913559e-04 3.12726600e-05 9.14820653e-06 1.90341605e-05 8.74048324e-06 2.22027595e-07 1.02239639e-10 1.00000000e-10
 1997 08 20 12 00 00  3.52930900e-03 2.14533091e-03 1.17443218e-03 8.28666533e-04 5.83881049e-04 3.35124296e-04 2.34908784e-04 1.92393685e-04 3.85516010e-04 1.14366823e-04 2.64676334e-03 3.85645255e-03 2.03560993e-04 6.01634282e-05 3.95360949e-05 1.06097743e-04 2.88376614e-05 4.72789019e-05 1.07632673e-04 6.69511326e-05 1.14992908e-04 1.39686460e-04 8.68546266e-05 6.48734613e-05 4.57064816e-06 8.61295630e-06 5.84893969e-06 2.24296271e-05 4.78244401e-06 1.52671511e-05 3.81821050e-05 3.50080751e-05 1.12878872e-05 4.09574409e-05 3.38118145e-05 1.32779707e-05 3.69622912e-05 4.25758686e-05 9.09104856e-06 3.47228424e-05 7.37810368e-05 2.33121129e-05 1.81290146e-04 3.53884601e-04 1.41553840e-05 1.07480955e-04 6.73774048e-06 2.72841949e-05 2.14072183e-04 3.93591251e-04 6.85073333e-05 1.51106153e-04 3.14573092e-05 9.21506626e-06 1.91872026e-05 8.82819920e-06 2.24941765e-07 1.55183599e-10 1.00000000e-10
 1997 08 21 12 00 00  3.52923002e-03 2.14513591e-03 1.17432182e-03 8.28621208e-04 5.83860934e-04 3.35127764e-04 2.34904755e-04 1.92386704e-04 3.85492907e-04 1.14331311e-04 2.64657397e-03 3.85645479e-03 2.03528766e-04 6.01414013e-05 3.95292021e-05 1.06089511e-04 2.88420299e-05 4.72842599e-05 1.07596783e-04 6.69126573e-05 1.14998362e-04 1.39693411e-04 8.68535009e-05 6.48674206e-05 4.57092319e-06 8.61263907e-06 5.84896225e-06 2.24294052e-05 4.78142429e-06 1.52662112e-05 3.81791155e-05 3.50096059e-05 1.12917449e-05 4.09533888e-05 3.37531295e-05 1.32780187e-05 3.69547941e-05 4.25730450e-05 9.09077280e-06 3.47062460e-05 7.37721999e-05 2.32782128e-05 1.81280163e-04 3.53349650e-04 1.41339860e-05 1.07358730e-04 6.75235860e-06 2.72176141e-05 2.13952875e-04 3.93445667e-04 6.84339521e-05 1.51195533e-04 3.15218904e-05 9.23835582e-06 1.92400456e-05 8.85295078e-06 2.25298034e-07 1.32291333e-10 1.00000000e-10
 1997 08 22 12 00 00  3.52686563e-03 2.14298181e-03 1.17301047e-03 8.27747962e-04 5.83141861e-04 3.34882025e-04 2.34626661e-04 1.92066318e-04 3.84652168e-04 1.13982445e-04 2.63986053e-03 3.84583101e-03 2.03092561e-04 5.99611895e-05 3.94523801e-05 1.05812689e-04 2.87824834e-05 4.71289997e-05 1.07222192e-04 6.66523527e-05 1.14672378e-04 1.39277041e-04 8.66613644e-05 6.47675265e-05 4.56664311e-06 8.62521993e-06 5.84720874e-06 2.24021113e-05 4.77547983e-06 1.52433790e-05 3.80701712e-05 3.49848502e-05 1.12426991e-05 4.08501446e-05 3.34059761e-05 1.32695815e-05 3.67434771e-05 4.23086588e-05 9.10122762e-06 3.45264945e-05 7.31788499e-05 2.30567195e-05 1.80345527e-04 3.50158751e-04 1.40063500e-05 1.05747181e-04 6.42005471e-06 2.67874420e-05 2.11568291e-04 3.90954841e-04 6.77335041e-05 1.50639364e-04 3.21530450e-05 9.46755335e-06 1.97679041e-05 9.19373158e-06 2.39839068e-07 5.99314731e-10 1.00000000e-10
 1997 08 23 12 00 00  3.52847333e-03 2.14352304e-03 1.17339829e-03 8.28149434e-04 5.83558132e-04 3.35127041e-04 2.34840611e-04 1.92290093e-04 3.85231568e-04 1.14030301e-04 2.64453779e-03 3.85645665e-03 2.03240514e-04 5.99311826e-05 3.94642348e-05 1.05967952e-04 2.88468844e-05 4.72902087e-05 1.07188883e-04 6.65588537e-05 1.15004928e-04 1.39701120e-04 8.68234278e-05 6.48246918e-05 4.57122878e-06 8.64126268e-06 5.84898771e-06 2.24188812e-05 4.77328940e-06 1.52514808e-05 3.81328070e-05 3.50113056e-05 1.12960275e-05 4.09182825e-05 3.32783704e-05 1.32780711e-05 3.68617463e-05 4.24992068e-05 9.11455936e-06 3.45867105e-05 7.35667988e-05 2.29767058e-05 1.81168386e-04 3.48987613e-04 1.39595045e-05 1.06121331e-04 6.76858544e-06 2.66317482e-05 2.12402318e-04 3.91763153e-04 6.76906467e-05 1.52189175e-04 3.29424707e-05 9.75425633e-06 2.04283541e-05 9.62190072e-06 2.58242586e-07 1.19695152e-09 1.00000000e-10
 1997 08 24 12 00 00  3.53110273e-03 2.14619106e-03 1.17500674e-03 8.29196005e-04 5.84406000e-04 3.35379496e-04 2.35146324e-04 1.92650509e-04 3.86172500e-04 1.14476961e-04 2.65200870e-03 3.86708230e-03 2.03774001e-04 6.01858583e-05 3.95638885e-05 1.06296116e-04 2.89117714e-05 4.74520173e-05 1.07723164e-04 6.69416448e-05 1.15338556e-04 1.40125973e-04 8.70297642e-05 6.49718814e-05 4.57584465e-06 8.66042756e-06 5.85076887e-06 2.24546388e-05 4.78175389e-06 1.52805881e-05 3.82622590e-05 3.50379269e-05 1.13497859e-05 4.10627835e-05 3.37743724e-05 1.32865680e-05 3.71145990e-05 4.28009138e-05 9.13048789e-06 3.48653164e-05 7.42600034e-05 2.33001250e-05 1.82387276e-04 3.53555370e-04 1.41422148e-05 1.08211244e-04 7.11874454e-06 2.72584235e-05 2.15411533e-04 3.95057138e-04 6.86621549e-05 1.54011457e-04 3.38756214e-05 1.00931773e-05 2.12091940e-05 1.01292938e-05 2.80138860e-07 1.91227372e-09 1.00000000e-10
 1997 08 25 12 00 00  3.53729037e-03 2.15068816e-03 1.17781752e-03 8.31256675e-04 5.86216390e-04 3.36120308e-04 2.35907359e-04 1.93500278e-04 3.88387864e-04 1.15158077e-04 2.66974251e-03 3.89895737e-03 2.04735078e-04 6.04753963e-05 3.97166338e-05 1.06987087e-04 2.91010889e-05 4.79308801e-05 1.08370306e-04 6.72980153e-05 1.16332277e-04 1.41392032e-04 8.75727190e-05 6.52716710e-05 4.58935756e-06 8.72660967e-06 5.85608541e-06 2.25298799e-05 4.78962611e-06 1.53322257e-05 3.85379251e-05 3.51159251e-05 1.15063442e-05 4.13750137e-05 3.42357234e-05 1.33119989e-05 3.76476602e-05 4.35156702e-05 9.18554069e-06 3.53538736e-05 7.58172481e-05 2.36011590e-05 1.85434840e-04 3.57804305e-04 1.43121722e-05 1.11623001e-04 8.15135427e-06 2.78416817e-05 2.20765681e-04 4.00788624e-04 6.98810516e-05 1.59231674e-04 3.67924974e-05 1.11532276e-05 2.36545467e-05 1.17548998e-05 3.53009315e-07 5.53450459e-09 2.13419660e-10
 1997 08 26 12 00 00  3.54169058e-03 2.15425103e-03 1.18001606e-03 8.32805647e-04 5.87543378e-04 3.36617108e-04 2.36440264e-04 1.94104647e-04 3.89963698e-04 1.15718419e-04 2.68232439e-03 3.92020717e-03 2.05479186e-04 6.07455420e-05 3.98422124e-05 1.07495766e-04 2.92284356e-05 4.82515141e-05 1.08958301e-04 6.76641299e-05 1.16996175e-04 1.42237868e-04 8.79471328e-05 6.54923020e-05 4.59843686e-06 8.76646882e-06 5.85963535e-06 2.25851248e-05 4.79769151e-06 1.53724762e-05 3.87397841e-05 3.51683237e-05 1.16117153e-05 4.16011428e-05 3.47085006e-05 1.33289635e-05 3.80393346e-05 4.40231999e-05 9.21869141e-06 3.57317954e-05 7.69406582e-05 2.39102344e-05 1.87551868e-04 3.62159223e-04 1.44863689e-05 1.14358691e-04 8.84354595e-06 2.84403970e-05 2.24933911e-04 4.05275729e-04 7.09693872e-05 1.62649498e-04 3.85753286e-05 1.18010831e-05 2.51487449e-05 1.27447519e-05 3.97130520e-07 7.79056215e-09 4.16821910e-10
 1997 08 27 12 00 00  3.54955019e-03 2.15944459e-03 1.18330303e-03 8.35306020e-04 5.89789024e-04 3.37600281e-04 2.37419014e-04 1.95184633e-04 3.92778655e-04 1.16475997e-04 2.70489375e-03 3.96270566e-03 2.06614689e-04 6.10242021e-05 4.00127610e-05 1.08349657e-04 2.94787489e-05 4.88874153e-05 1.09605616e-04 6.79599296e-05 1.18315265e-04 1.43922591e-04 8.86531533e-05 6.57725826e-05 4.61632117e-06 8.73547979e-06 5.86671231e-06 2.26700032e-05 4.80417584e-06 1.54330399e-05 3.90765229e-05 3.52715870e-05 1.18185992e-05 4.19162417e-05 3.50888295e-05 1.33628477e-05 3.86847979e-05 4.49253499e-05 9.19289450e-06 3.61448436e-05 7.88834195e-05 2.41596907e-05 1.90853509e-04 3.65663548e-04 1.46265419e-05 1.18169710e-04 1.02133112e-05 2.89234566e-05 2.31226007e-04 4.11586041e-04 7.22090370e-05 1.65735042e-04 3.73456656e-05 1.13538855e-05 2.41156094e-05 1.20399751e-05 3.64232859e-07 5.99417493e-09 2.51878829e-10
 1997 08 28 12 00 00  3.55377478e-03 2.16265100e-03 1.18529701e-03 8.36743935e-04 5.91039404e-04 3.38094137e-04 2.37935409e-04 1.95764953e-04 3.94292135e-04 1.16969517e-04 2.71698885e-03 3.98395546e-03 2.07294012e-04 6.12471863e-05 4.01237933e-05 1.08827603e-04 2.96041544e-05 4.92056715e-05 1.10100905e-04 6.82473066e-05 1.18979254e-04 1.44765347e-04 8.90190018e-05 6.60498329e-05 4.62527896e-06 8.87618226e-06 5.87025243e-06 2.27281462e-05 4.81046009e-06 1.54694410e-05 3.92681007e-05 3.53233016e-05 1.19222583e-05 4.21900890e-05 3.54575226e-05 1.33797934e-05 3.90624847e-05 4.54166274e-05 9.30995448e-06 3.66181790e-05 7.99582062e-05 2.44019117e-05 1.93409164e-04 3.69061197e-04 1.47624479e-05 1.20673758e-04 1.08990142e-05 2.93924328e-05 2.35007095e-04 4.15949554e-04 7.31263104e-05 1.72263523e-04 4.33994398e-05 1.35542862e-05 2.91932095e-05 1.54349062e-05 5.17829940e-07 1.40231315e-08 9.80328352e-10
 1997 08 29 12 00 00  3.56281685e-03 2.16751740e-03 1.18847292e-03 8.39375576e-04 5.93515489e-04 3.39316781e-04 2.39088366e-04 1.97010228e-04 3.97534182e-04 1.17611744e-04 2.74305938e-03 4.03707772e-03 2.08418813e-04 6.13784583e-05 4.02700293e-05 1.09762338e-04 2.99159612e-05 4.99992108e-05 1.10478550e-04 6.82539074e-05 1.20627974e-04 1.46869517e-04 8.98672580e-05 6.63749914e-05 4.64756558e-06 8.89677685e-06 5.87909344e-06 2.28235623e-05 4.81042189e-06 1.55289752e-05 3.96388621e-05 3.54519958e-05 1.21799036e-05 4.25625489e-05 3.54564312e-05 1.34221365e-05 3.97721049e-05 4.64614472e-05 9.32708062e-06 3.70478173e-05 8.21565408e-05 2.44059673e-05 1.97543648e-04 3.69057144e-04 1.47622858e-05 1.24163042e-04 1.26075713e-05 2.93993129e-05 2.41202510e-04 4.22121274e-04 7.39011853e-05 1.77813856e-04 4.43336548e-05 1.38937371e-05 2.99759649e-05 1.59517513e-05 5.40743554e-07 1.51852298e-08 1.08485159e-09
 1997 08 30 12 00 00  3.57270926e-03 2.17415579e-03 1.19266580e-03 8.42544153e-04 5.96350327e-04 3.40545241e-04 2.40317551e-04 1.98369130e-04 4.01077113e-04 1.18586253e-04 2.77145364e-03 4.09020074e-03 2.09864819e-04 6.17470982e-05 4.04894699e-05 1.10840790e-04 3.02277709e-05 5.07927616e-05 1.11329548e-04 6.86576590e-05 1.22276734e-04 1.48973690e-04 9.07521538e-05 6.67652192e-05 4.66985221e-06 8.90641022e-06 5.88793482e-06 2.29337990e-05 4.81926181e-06 1.56059414e-05 4.00643912e-05 3.55806900e-05 1.24375481e-05 4.29902362e-05 3.59749974e-05 1.34644797e-05 4.05919830e-05 4.75975999e-05 9.33508854e-06 3.76413707e-05 8.46064685e-05 2.47463700e-05 2.01936697e-04 3.73835523e-04 1.49534209e-05 1.29070505e-04 1.43161335e-05 3.00584274e-05 2.49205606e-04 4.30316991e-04 7.55211544e-05 1.83149837e-04 4.47978351e-05 1.40623377e-05 3.03644541e-05 1.62047761e-05 5.51706006e-07 1.57214568e-08 1.13256178e-09
 1997 08 31 12 00 00  3.58258400e-03 2.18075550e-03 1.19683635e-03 8.45701237e-04 5.99177710e-04 3.41774023e-04 2.41545240e-04 1.99725624e-04 4.04613495e-04 1.19553419e-04 2.79980017e-03 4.14332375e-03 2.11303641e-04 6.21099762e-05 4.07071429e-05 1.11916288e-04 3.05400608e-05 5.15869062e-05 1.12168624e-04 6.90518238e-05 1.23927450e-04 1.51078650e-04 9.16365368e-05 6.71914121e-05 4.69216939e-06 8.96845158e-06 5.89677838e-06 2.30472315e-05 4.82790929e-06 1.56825965e-05 4.04910209e-05 3.57095560e-05 1.26956220e-05 4.34483163e-05 3.64821375e-05 1.35068287e-05 4.14154560e-05 4.87350483e-05 9.38670419e-06 3.82996015e-05 8.70573091e-05 2.50788289e-05 2.06592693e-04 3.78508076e-04 1.51403230e-05 1.33983683e-04 1.60263269e-05 3.07022594e-05 2.57173006e-04 4.38633377e-04 7.71215607e-05 1.90123315e-04 4.74710732e-05 1.50339859e-05 3.26065647e-05 1.77033485e-05 6.19468227e-07 1.92607146e-08 1.45359742e-09
 1997 09 01 12 00 00  3.58422880e-03 2.18137438e-03 1.19726920e-03 8.46127098e-04 5.99610833e-04 3.42018878e-04 2.41762636e-04 1.99954760e-04 4.05207038e-04 1.19616109e-04 2.80457967e-03 4.15394902e-03 2.11466275e-04 6.20918116e-05 4.07226250e-05 1.12078207e-04 3.06039758e-05 5.17475186e-05 1.12160849e-04 6.89778826e-05 1.24258194e-04 1.51501953e-04 9.17999571e-05 6.72179018e-05 4.69672450e-06 8.93779434e-06 5.89855445e-06 2.30615517e-05 4.82610267e-06 1.56914262e-05 4.05536147e-05 3.57358367e-05 1.27485211e-05 4.34908048e-05 3.63773201e-05 1.35153139e-05 4.15331526e-05 4.89267225e-05 9.36118740e-06 3.83060376e-05 8.74508211e-05 2.50149373e-05 2.07189040e-04 3.77548411e-04 1.51019364e-05 1.34388423e-04 1.63732344e-05 3.05775437e-05 2.58086731e-04 4.39386210e-04 7.71195797e-05 1.90168459e-04 4.62265925e-05 1.45814714e-05 3.15614944e-05 1.69945220e-05 5.86670984e-07 1.74910944e-08 1.29163276e-09
 1997 09 02 12 00 00  3.58431719e-03 2.18153279e-03 1.19736173e-03 8.46187404e-04 5.99660146e-04 3.42022612e-04 2.41773231e-04 1.99969881e-04 4.05243109e-04 1.19646890e-04 2.80484416e-03 4.15395051e-03 2.11498057e-04 6.21174770e-05 4.07304382e-05 1.12097765e-04 3.06073722e-05 5.17516804e-05 1.12220405e-04 6.90192857e-05 1.24262293e-04 1.51507358e-04 9.18055416e-05 6.72205045e-05 4.69693878e-06 8.92984317e-06 5.89857191e-06 2.30636548e-05 4.82685646e-06 1.56937938e-05 4.05602330e-05 3.57370271e-05 1.27515203e-05 4.34940681e-05 3.64224979e-05 1.35153517e-05 4.15459996e-05 4.89404096e-05 9.35456264e-06 3.83145521e-05 8.74880913e-05 2.50485813e-05 2.07197127e-04 3.77969655e-04 1.51187862e-05 1.34539707e-04 1.63846009e-05 3.06418806e-05 2.58316495e-04 4.39616072e-04 7.72144206e-05 1.90024125e-04 4.59551918e-05 1.44826568e-05 3.13326595e-05 1.68319611e-05 5.78626285e-07 1.70182300e-08 1.24739321e-09
 1997 09 03 12 00 00  3.58607160e-03 2.18235237e-03 1.19791030e-03 8.46684579e-04 6.00148863e-04 3.42272605e-04 2.42002910e-04 2.00216026e-04 4.05877714e-04 1.19747621e-04 2.80994495e-03 4.16457802e-03 2.11698627e-04 6.21269549e-05 4.07544087e-05 1.12281964e-04 3.06761445e-05 5.19182417e-05 1.12270438e-04 6.89906650e-05 1.24599707e-04 1.51938373e-04 9.19761885e-05 6.72725308e-05 4.70179948e-06 8.92042153e-06 5.90037343e-06 2.30826123e-05 4.82602882e-06 1.57055398e-05 4.06345157e-05 3.57650075e-05 1.28087035e-05 4.35588201e-05 3.63752100e-05 1.35238894e-05 4.16838791e-05 4.91510781e-05 9.34671116e-06 3.83715236e-05 8.79312652e-05 2.50227895e-05 2.07966252e-04 3.77540530e-04 1.51016212e-05 1.35152503e-04 1.67477381e-05 3.05908703e-05 2.59504735e-04 4.40737124e-04 7.73178943e-05 1.90836331e-04 4.56458267e-05 1.43699839e-05 3.10715539e-05 1.66444022e-05 5.69203644e-07 1.64545998e-08 1.19443992e-09
 1997 09 04 12 00 00  3.58226522e-03 2.17993940e-03 1.19637525e-03 8.45521183e-04 5.99107167e-04 3.41792262e-04 2.41531608e-04 1.99700232e-04 4.04523430e-04 1.19405289e-04 2.79905873e-03 4.14333418e-03 2.11170412e-04 6.20190941e-05 4.06786573e-05 1.11887269e-04 3.05623922e-05 5.16142813e-05 1.12023899e-04 6.88920787e-05 1.23954058e-04 1.51114148e-04 9.16344185e-05 6.71323910e-05 4.69357510e-06 8.91777599e-06 5.89689407e-06 2.30443532e-05 4.82361793e-06 1.56794745e-05 4.04807611e-05 3.57173703e-05 1.27153296e-05 4.34035554e-05 3.62353981e-05 1.35070703e-05 4.13833413e-05 4.87270805e-05 9.34449417e-06 3.81674100e-05 8.70319474e-05 2.49375880e-05 2.06324103e-04 3.76260454e-04 1.50504182e-05 1.33467643e-04 1.61010103e-05 3.04245623e-05 2.56735176e-04 4.37930857e-04 7.68247620e-05 1.88992287e-04 4.56399755e-05 1.43676020e-05 3.10648159e-05 1.66252974e-05 5.67285616e-07 1.62743937e-08 1.17604735e-09
 1997 09 05 12 00 00  3.57631982e-03 2.17584629e-03 1.19379995e-03 8.43624739e-04 5.97437713e-04 3.41067684e-04 2.40801765e-04 1.98893028e-04 4.02405946e-04 1.18802401e-04 2.78206958e-03 4.11146656e-03 2.10290544e-04 6.17918298e-05 4.05448892e-05 1.11252479e-04 3.03890964e-05 5.11550461e-05 1.11519771e-04 6.86355226e-05 1.22983373e-04 1.49873553e-04 9.11102054e-05 6.69357467e-05 4.68107137e-06 8.96190104e-06 5.89166157e-06 2.29850489e-05 4.81765164e-06 1.56351363e-05 4.02347904e-05 3.56449804e-05 1.25729101e-05 4.31814839e-05 3.58876190e-05 1.34818139e-05 4.09048484e-05 4.80645549e-05 9.38119119e-06 3.78745920e-05 8.56085344e-05 2.47183983e-05 2.04005649e-04 3.73067182e-04 1.49226873e-05 1.30570521e-04 1.51219778e-05 2.99982989e-05 2.52051241e-04 4.33273180e-04 7.58486543e-05 1.87635471e-04 4.76296572e-05 1.50905880e-05 3.27321164e-05 1.77277406e-05 6.16273633e-07 1.87676228e-08 1.40052734e-09
 1997 09 06 12 00 00  3.57004067e-03 2.17104545e-03 1.19081896e-03 8.41519075e-04 5.95632331e-04 3.40342589e-04 2.40043180e-04 1.98042519e-04 4.00171958e-04 1.18067139e-04 2.76417885e-03 4.07959968e-03 2.09283420e-04 6.14708621e-05 4.03821949e-05 1.10563190e-04 3.02177388e-05 5.06982033e-05 1.10830959e-04 6.82216370e-05 1.22014582e-04 1.48636042e-04 9.05726221e-05 6.66994042e-05 4.66868951e-06 8.99005172e-06 5.88643779e-06 2.29191318e-05 4.80812560e-06 1.55842435e-05 3.99679669e-05 3.55732715e-05 1.24322018e-05 4.29261613e-05 3.53317242e-05 1.34565795e-05 4.03823208e-05 4.73676488e-05 9.40459504e-06 3.74908176e-05 8.40907909e-05 2.43656119e-05 2.01492022e-04 3.67959975e-04 1.47183990e-05 1.27107859e-04 1.41494340e-05 2.93127378e-05 2.46677193e-04 4.27775788e-04 7.45414613e-05 1.85758547e-04 4.89556019e-05 1.55722650e-05 3.38423068e-05 1.84545044e-05 6.48034526e-07 2.03428712e-08 1.54127449e-09
 1997 09 07 12 00 00  3.56836016e-03 2.17024007e-03 1.19028351e-03 8.41084118e-04 5.95228450e-04 3.40113412e-04 2.39833279e-04 1.97820351e-04 3.99580243e-04 1.17972483e-04 2.75939527e-03 4.06898223e-03 2.09096416e-04 6.14743743e-05 4.03619139e-05 1.10412605e-04 3.01713037e-05 5.05589996e-05 1.10831788e-04 6.82659796e-05 1.21706747e-04 1.48240508e-04 9.04167335e-05 6.67011389e-05 4.66523416e-06 9.05968554e-06 5.88475232e-06 2.29114518e-05 4.80886192e-06 1.55772622e-05 3.99152701e-05 3.55531054e-05 1.23947248e-05 4.29110243e-05 3.53764131e-05 1.34482834e-05 4.02761675e-05 4.71965108e-05 9.46251457e-06 3.75279840e-05 8.37469989e-05 2.44010618e-05 2.01165995e-04 3.68379406e-04 1.47351762e-05 1.26708345e-04 1.38609670e-05 2.93801364e-05 2.45861871e-04 4.27218863e-04 7.45137655e-05 1.87284830e-04 5.20442148e-05 1.66946833e-05 3.64313100e-05 2.01730140e-05 7.24881460e-07 2.42913131e-08 1.89775555e-09
 1997 09 08 12 00 00  3.57255624e-03 2.17330089e-03 1.19219575e-03 8.42510723e-04 5.96496074e-04 3.40620702e-04 2.40354781e-04 1.98404305e-04 4.01090951e-04 1.18439995e-04 2.77148035e-03 4.09023874e-03 2.09754257e-04 6.16804062e-05 4.04676068e-05 1.10897466e-04 3.03117558e-05 5.08957077e-05 1.11301317e-04 6.85220468e-05 1.22389550e-04 1.49107181e-04 9.07891323e-05 6.69777874e-05 4.67513928e-06 9.19919694e-06 5.88837065e-06 2.29728696e-05 4.81433490e-06 1.56151588e-05 4.01170937e-05 3.56100907e-05 1.25116640e-05 4.31864639e-05 3.56982666e-05 1.34653921e-05 4.06611145e-05 4.77034867e-05 9.57857264e-06 3.79925665e-05 8.48601344e-05 2.46158394e-05 2.03780090e-04 3.71349564e-04 1.48539825e-05 1.29195595e-04 1.45969942e-05 2.97952996e-05 2.49711683e-04 4.31623517e-04 7.53924193e-05 1.93997446e-04 5.81108821e-05 1.88996181e-05 4.15186357e-05 2.35657707e-05 8.77753860e-07 3.22348704e-08 2.61724296e-09
 1997 09 09 12 00 00  3.57838942e-03 2.17698028e-03 1.19453956e-03 8.44355267e-04 5.98185785e-04 3.41370987e-04 2.41091305e-04 1.99214198e-04 4.03189194e-04 1.18969403e-04 2.78830964e-03 4.12211902e-03 2.10572626e-04 6.18650692e-05 4.05878583e-05 1.11539986e-04 3.05141788e-05 5.13906300e-05 1.11750611e-04 6.86998421e-05 1.23400086e-04 1.50394065e-04 9.13235973e-05 6.72641926e-05 4.68947619e-06 9.28597292e-06 5.89375413e-06 2.30464327e-05 4.81802490e-06 1.56613965e-05 4.03799646e-05 3.56926728e-05 1.26797866e-05 4.34895214e-05 3.59160214e-05 1.34909656e-05 4.11593117e-05 4.83975554e-05 9.65074942e-06 3.84329402e-05 8.63555564e-05 2.47640652e-05 2.06866268e-04 3.73362698e-04 1.49345079e-05 1.32055179e-04 1.56734270e-05 3.00812302e-05 2.54432904e-04 4.36668915e-04 7.62559460e-05 2.00017262e-04 6.19709124e-05 2.03023470e-05 4.47540897e-05 2.57119242e-05 9.73618052e-07 3.71523193e-08 3.06099928e-09
 1997 09 10 12 00 00  3.58098695e-03 2.17950071e-03 1.19606556e-03 8.45389270e-04 5.99049396e-04 3.41635556e-04 2.41401560e-04 1.99577903e-04 4.04127048e-04 1.19389957e-04 2.79575880e-03 4.13275100e-03 2.11084801e-04 6.21042504e-05 4.06825905e-05 1.11874366e-04 3.05926602e-05 5.15691063e-05 1.12264505e-04 6.90536050e-05 1.23750257e-04 1.50840529e-04 9.15355945e-05 6.73975173e-05 4.69494844e-06 9.28567970e-06 5.89560623e-06 2.30839088e-05 4.82566466e-06 1.56917729e-05 4.05169075e-05 3.57240526e-05 1.27455423e-05 4.36243994e-05 3.63648171e-05 1.34996095e-05 4.14157976e-05 4.87120147e-05 9.65047002e-06 3.86791116e-05 8.70805088e-05 2.50614481e-05 2.08041313e-04 3.77501755e-04 1.51000702e-05 1.34108196e-04 1.60690470e-05 3.06564849e-05 2.57497563e-04 4.39937395e-04 7.71911975e-05 2.01484954e-04 6.22113363e-05 2.03891381e-05 4.49514600e-05 2.58096699e-05 9.75570828e-07 3.70670293e-08 3.04847276e-09
 1997 09 11 12 00 00  3.57925672e-03 2.17857816e-03 1.19546349e-03 8.44924784e-04 5.98630197e-04 3.41407817e-04 2.41188514e-04 1.99350617e-04 4.03519763e-04 1.19273765e-04 2.79085047e-03 4.12213430e-03 2.10877882e-04 6.20937649e-05 4.06579550e-05 1.11717570e-04 3.05481633e-05 5.14323008e-05 1.12239313e-04 6.90738263e-05 1.23440419e-04 1.50448092e-04 9.13785733e-05 6.72723366e-05 4.69161569e-06 9.18174628e-06 5.89393094e-06 2.30645649e-05 4.82579562e-06 1.56840691e-05 4.04567759e-05 3.57045705e-05 1.27097781e-05 4.35021013e-05 3.63744766e-05 1.34913338e-05 4.12862882e-05 4.85293190e-05 9.56394433e-06 3.84803506e-05 8.67124638e-05 2.50759214e-05 2.06821626e-04 3.77600932e-04 1.51040373e-05 1.33515412e-04 1.57870847e-05 3.06828588e-05 2.56597479e-04 4.38746794e-04 7.71159355e-05 1.97724891e-04 5.81343298e-05 1.89063134e-05 4.15251851e-05 2.34654472e-05 8.65658131e-07 3.10292677e-08 2.49321062e-09
 1997 09 12 12 00 00  3.57948439e-03 2.17894386e-03 1.19567714e-03 8.45080397e-04 5.98767634e-04 3.41425269e-04 2.41219109e-04 1.99391901e-04 4.03613094e-04 1.19344924e-04 2.79156191e-03 4.12214212e-03 2.10952557e-04 6.21510059e-05 4.06753725e-05 1.11772362e-04 3.05656431e-05 5.14537096e-05 1.12371796e-04 6.91649970e-05 1.23462134e-04 1.50475864e-04 9.13974417e-05 6.72872798e-05 4.69271581e-06 9.16943391e-06 5.89402152e-06 2.30726180e-05 4.82750329e-06 1.56912698e-05 4.04830809e-05 3.57106852e-05 1.27252002e-05 4.35177315e-05 3.64764623e-05 1.34915244e-05 4.13272334e-05 4.85756254e-05 9.55365686e-06 3.85130611e-05 8.68351900e-05 2.51503952e-05 2.06928032e-04 3.78550075e-04 1.51420030e-05 1.33927964e-04 1.58455252e-05 3.08255345e-05 2.57248968e-04 4.39417717e-04 7.73430031e-05 1.97809011e-04 5.79137239e-05 1.88253985e-05 4.13349134e-05 2.32964288e-05 8.54994306e-07 3.02429427e-08 2.41602010e-09
 1997 09 13 12 00 00  3.57927659e-03 2.17840467e-03 1.19537094e-03 8.44959785e-04 5.98719130e-04 3.41439724e-04 2.41210283e-04 1.99374324e-04 4.03551033e-04 1.19246070e-04 2.79108011e-03 4.12214994e-03 2.10862394e-04 6.20854556e-05 4.06549494e-05 1.11752748e-04 3.05831170e-05 5.14751358e-05 1.12256540e-04 6.90510496e-05 1.23483399e-04 1.50503638e-04 9.13975369e-05 6.72570396e-05 4.69381594e-06 9.14665798e-06 5.89411175e-06 2.30719724e-05 4.82468567e-06 1.56895078e-05 4.04814979e-05 3.57168028e-05 1.27406238e-05 4.34949162e-05 3.63132043e-05 1.34917136e-05 4.13101760e-05 4.85742059e-05 9.53467461e-06 3.84399545e-05 8.68270445e-05 2.50516605e-05 2.06820860e-04 3.77056287e-04 1.50822515e-05 1.33602919e-04 1.59039657e-05 3.06326372e-05 2.56969482e-04 4.38994169e-04 7.71334439e-05 1.97441308e-04 5.71765349e-05 1.85568751e-05 4.07124880e-05 2.28474451e-05 8.32312037e-07 2.88775539e-08 2.28754864e-09
 1997 09 14 12 00 00  3.57883704e-03 2.17739222e-03 1.19479266e-03 8.44691571e-04 5.98568823e-04 3.41451264e-04 2.41179734e-04 1.99324713e-04 4.03405602e-04 1.19058173e-04 2.78995718e-03 4.12215739e-03 2.10685548e-04 6.19554081e-05 4.06146664e-05 1.11692407e-04 3.05991387e-05 5.14947751e-05 1.12009958e-04 6.88296859e-05 1.23501287e-04 1.50529105e-04 9.13868917e-05 6.71658629e-05 4.69482438e-06 9.06725836e-06 5.89419542e-06 2.30629898e-05 4.81950883e-06 1.56827749e-05 4.04623519e-05 3.57224111e-05 1.27547610e-05 4.34202825e-05 3.60116304e-05 1.34918882e-05 4.12558212e-05 4.85429776e-05 9.46858636e-06 3.82435645e-05 8.67399624e-05 2.48622993e-05 2.06332953e-04 3.74288155e-04 1.49715262e-05 1.32848428e-04 1.59575400e-05 3.02642351e-05 2.56182050e-04 4.37817786e-04 7.66925090e-05 1.95191460e-04 5.39697046e-05 1.73907759e-05 3.80192138e-05 2.10183848e-05 7.47516373e-07 2.42900121e-08 1.86736955e-09
 1997 09 15 12 00 00  3.57491424e-03 2.17470857e-03 1.19310239e-03 8.43455805e-04 5.97486179e-04 3.40974930e-04 2.40700325e-04 1.98795331e-04 4.02011418e-04 1.18665225e-04 2.77877373e-03 4.10091542e-03 2.10109212e-04 6.18106163e-05 4.05275159e-05 1.11281393e-04 3.04907298e-05 5.11973514e-05 1.11689260e-04 6.86686195e-05 1.22860285e-04 1.49713362e-04 9.10428568e-05 6.69611030e-05 4.68693688e-06 8.98691287e-06 5.89074371e-06 2.30188552e-05 4.81572206e-06 1.56550256e-05 4.03036637e-05 3.56766453e-05 1.26660976e-05 4.32108706e-05 3.57911136e-05 1.34751273e-05 4.09359985e-05 4.81090355e-05 9.40172031e-06 3.79125681e-05 8.58150216e-05 2.47243501e-05 2.04279221e-04 3.72264678e-04 1.48905871e-05 1.30927760e-04 1.53286674e-05 2.99957435e-05 2.53205667e-04 4.34522622e-04 7.60761877e-05 1.90952137e-04 5.06674563e-05 1.61901240e-05 3.52468340e-05 1.91438366e-05 6.61196958e-07 1.96633550e-08 1.44467744e-09
 1997 09 16 12 00 00  3.57053928e-03 2.17108052e-03 1.19087000e-03 8.41934418e-04 5.96213109e-04 3.40495942e-04 2.40180527e-04 1.98205586e-04 4.00457132e-04 1.18095128e-04 2.76635631e-03 4.07967418e-03 2.09361629e-04 6.15389791e-05 4.04012510e-05 1.10794125e-04 3.03828012e-05 5.09005273e-05 1.11115369e-04 6.82953279e-05 1.22220459e-04 1.48898395e-04 9.06795835e-05 6.67382837e-05 4.67907921e-06 8.93583856e-06 5.88729454e-06 2.29684736e-05 4.80720228e-06 1.56180641e-05 4.01171112e-05 3.56310455e-05 1.25778635e-05 4.29861701e-05 3.52935283e-05 1.34583723e-05 4.05603827e-05 4.76282680e-05 9.35921562e-06 3.75245064e-05 8.47598014e-05 2.44067589e-05 2.02210105e-04 3.67690876e-04 1.47076350e-05 1.28269151e-04 1.47014187e-05 2.93789606e-05 2.49270790e-04 4.30224303e-04 7.50091214e-05 1.87530289e-04 4.85584845e-05 1.54233546e-05 3.34764366e-05 1.79481593e-05 6.06236694e-07 1.67248679e-08 1.17639978e-09
 1997 09 17 12 00 00  3.56293969e-03 2.16633115e-03 1.18784101e-03 8.39608041e-04 5.94113243e-04 3.39529103e-04 2.39234102e-04 1.97169739e-04 3.97744792e-04 1.17422943e-04 2.74457664e-03 4.03718278e-03 2.08313674e-04 6.13260682e-05 4.02507906e-05 1.09998449e-04 3.01485037e-05 5.02842595e-05 1.10613171e-04 6.81056001e-05 1.20919652e-04 1.47239138e-04 8.99930622e-05 6.64303968e-05 4.66220408e-06 8.89270814e-06 5.88029980e-06 2.28877556e-05 4.80283597e-06 1.55651227e-05 3.98064290e-05 3.55333963e-05 1.23851176e-05 4.26505175e-05 3.50387505e-05 1.34246628e-05 3.99526851e-05 4.67707848e-05 9.32332186e-06 3.70684281e-05 8.29384277e-05 2.42450478e-05 1.98706056e-04 3.65350145e-04 1.46140058e-05 1.24879890e-04 1.33852300e-05 2.90647120e-05 2.43680537e-04 4.24448511e-04 7.40253708e-05 1.82450475e-04 4.67779260e-05 1.47759871e-05 3.19817220e-05 1.69386209e-05 5.59828990e-07 1.42433805e-08 9.49838608e-10
 1997 09 18 12 00 00  3.55619578e-03 2.16058464e-03 1.18431574e-03 8.37204748e-04 5.92100873e-04 3.38798136e-04 2.38431467e-04 1.96254117e-04 3.95341906e-04 1.16509339e-04 2.72539567e-03 4.00531515e-03 2.07132279e-04 6.08741850e-05 4.00478174e-05 1.09226448e-04 2.99742416e-05 4.98238427e-05 1.09654368e-04 6.74740877e-05 1.19944217e-04 1.45996998e-04 8.94339309e-05 6.60755094e-05 4.64963814e-06 8.81184023e-06 5.87506147e-06 2.28053570e-05 4.78860820e-06 1.55042172e-05 3.95053973e-05 3.54606600e-05 1.22418409e-05 4.22939338e-05 3.42066516e-05 1.33993963e-05 3.93560866e-05 4.60142176e-05 9.25603017e-06 3.64437883e-05 8.12622901e-05 2.37093031e-05 1.95452191e-04 3.57695770e-04 1.43078308e-05 1.20558683e-04 1.24029451e-05 2.80252338e-05 2.37281263e-04 4.17450375e-04 7.22492806e-05 1.76976860e-04 4.33924964e-05 1.35452441e-05 2.91406047e-05 1.50263208e-05 4.72394046e-07 9.60336166e-09 5.27082644e-10
 1997 09 19 12 00 00  3.55368089e-03 2.15808303e-03 1.18280474e-03 8.36237101e-04 5.91327171e-04 3.38557497e-04 2.38142597e-04 1.95915685e-04 3.94448706e-04 1.16095251e-04 2.71829586e-03 3.99469510e-03 2.06633732e-04 6.06454705e-05 3.99560485e-05 1.08927924e-04 2.99214909e-05 4.96769208e-05 1.09181208e-04 6.71319955e-05 1.19626101e-04 1.45591448e-04 8.92388108e-05 6.59471637e-05 4.64578625e-06 8.80138468e-06 5.87334289e-06 2.27754497e-05 4.78090114e-06 1.54791701e-05 3.93927584e-05 3.54382908e-05 1.21987949e-05 4.21671611e-05 3.37559584e-05 1.33910333e-05 3.91279764e-05 4.57406739e-05 9.24732376e-06 3.62008676e-05 8.06423349e-05 2.34190942e-05 1.94379566e-04 3.53549818e-04 1.41419927e-05 1.18692843e-04 1.20933844e-05 2.74621649e-05 2.34624983e-04 4.14561931e-04 7.13871271e-05 1.75717250e-04 4.29983576e-05 1.34018529e-05 2.88090775e-05 1.47971248e-05 4.61480656e-07 8.99163126e-09 4.70527395e-10
 1997 09 20 12 00 00  3.55602749e-03 2.16012779e-03 1.18405533e-03 8.37105722e-04 5.92064552e-04 3.38814110e-04 2.38425645e-04 1.96240351e-04 3.95290324e-04 1.16424995e-04 2.72501844e-03 4.00532372e-03 2.07054895e-04 6.08147072e-05 4.00293620e-05 1.09212003e-04 2.99931737e-05 4.98470443e-05 1.09543148e-04 6.73711998e-05 1.19967340e-04 1.46027094e-04 8.94364530e-05 6.60495029e-05 4.65083031e-06 8.79034997e-06 5.87516006e-06 2.28057094e-05 4.78622314e-06 1.55033498e-05 3.95097343e-05 3.54672869e-05 1.22585494e-05 4.22742129e-05 3.40675906e-05 1.33996014e-05 3.93459514e-05 4.60185591e-05 9.23813059e-06 3.63792910e-05 8.12689524e-05 2.36214662e-05 1.95375001e-04 3.56418672e-04 1.42567469e-05 1.20301976e-04 1.24662620e-05 2.78544554e-05 2.37081171e-04 4.17116143e-04 7.20654084e-05 1.76598667e-04 4.26135111e-05 1.32617579e-05 2.84847640e-05 1.45681244e-05 4.50242248e-07 8.33757490e-09 4.09484668e-10
 1997 09 21 12 00 00  3.56005366e-03 2.16287097e-03 1.18578352e-03 8.38419969e-04 5.93245206e-04 3.39315348e-04 2.38928345e-04 1.96797489e-04 3.96735461e-04 1.16831770e-04 2.73660837e-03 4.02657725e-03 2.07651642e-04 6.09737748e-05 4.01206754e-05 1.09662209e-04 3.01282824e-05 5.01772040e-05 1.09908636e-04 6.75505376e-05 1.20638726e-04 1.46885268e-04 8.97987537e-05 6.61812724e-05 4.66039855e-06 8.74871621e-06 5.87875038e-06 2.28507176e-05 4.79015252e-06 1.55369486e-05 3.96922380e-05 3.55224038e-05 1.23707723e-05 4.24257866e-05 3.42980784e-05 1.34166534e-05 3.96861079e-05 4.64910917e-05 9.20347375e-06 3.65712358e-05 8.22971548e-05 2.37726868e-05 1.96978183e-04 3.58542423e-04 1.43416969e-05 1.22372435e-04 1.31844237e-05 2.81472778e-05 2.40512531e-04 4.20494439e-04 7.27704659e-05 1.77506556e-04 4.09612918e-05 1.26608876e-05 2.70966093e-05 1.36211894e-05 4.06043014e-07 5.92420042e-09 1.87893656e-10
 1997 09 22 12 00 00  3.56487974e-03 2.16726946e-03 1.18846206e-03 8.40240213e-04 5.94767279e-04 3.39823827e-04 2.39503766e-04 1.97462526e-04 3.98464692e-04 1.17549153e-04 2.75039288e-03 4.04783189e-03 2.08549174e-04 6.13550555e-05 4.02805022e-05 1.10249172e-04 3.02653381e-05 5.05097327e-05 1.10719303e-04 6.81012520e-05 1.21314870e-04 1.47746541e-04 9.01965208e-05 6.64380669e-05 4.67008977e-06 8.78536230e-06 5.88235089e-06 2.29159521e-05 4.80236449e-06 1.55872151e-05 3.99304407e-05 3.55781958e-05 1.24847138e-05 4.26835204e-05 3.50134535e-05 1.34337242e-05 4.01406795e-05 4.70564631e-05 9.23394327e-06 3.70334716e-05 8.35763479e-05 2.42382666e-05 1.99285120e-04 3.65129381e-04 1.46051752e-05 1.25839615e-04 1.39090873e-05 2.90495926e-05 2.45661321e-04 4.26067668e-04 7.42694182e-05 1.81042982e-04 4.26595585e-05 1.32778795e-05 2.85189696e-05 1.45557497e-05 4.47138710e-07 7.98235469e-09 3.72324749e-10
 1997 09 23 12 00 00  3.57279785e-03 2.17251396e-03 1.19177901e-03 8.42781443e-04 5.97059620e-04 3.40819238e-04 2.40493828e-04 1.98555765e-04 4.01304700e-04 1.18316895e-04 2.77317660e-03 4.09033634e-03 2.09696928e-04 6.16402733e-05 4.04530224e-05 1.11121916e-04 3.05287627e-05 5.11616992e-05 1.11383258e-04 6.84060156e-05 1.22652716e-04 1.49452095e-04 9.09118266e-05 6.67899324e-05 4.68879916e-06 8.84384790e-06 5.88949588e-06 2.30110301e-05 4.80904528e-06 1.56507354e-05 4.02852793e-05 3.56860459e-05 1.27031672e-05 4.30605425e-05 3.54053074e-05 1.34677510e-05 4.08131483e-05 4.79857096e-05 9.28258305e-06 3.75750145e-05 8.55849799e-05 2.44952884e-05 2.03129729e-04 3.68739913e-04 1.47495965e-05 1.29834950e-04 1.53226880e-05 2.95473030e-05 2.52182337e-04 4.32888943e-04 7.55522798e-05 1.87158161e-04 4.53019356e-05 1.42380222e-05 3.07331277e-05 1.60191146e-05 5.12115827e-07 1.12855762e-08 6.69634126e-10
 1997 09 24 12 00 00  3.57691750e-03 2.17541800e-03 1.19360080e-03 8.44158547e-04 5.98292768e-04 3.41325992e-04 2.41008096e-04 1.99128841e-04 4.02787081e-04 1.18754689e-04 2.78505003e-03 4.11159322e-03 2.10325562e-04 6.18237212e-05 4.05517787e-05 1.11593051e-04 3.06692178e-05 5.14984131e-05 1.11804091e-04 6.86246611e-05 1.23332560e-04 1.50318783e-04 9.12809248e-05 6.69782597e-05 4.69870429e-06 8.86867856e-06 5.89311421e-06 2.30635212e-05 4.81374082e-06 1.56870300e-05 4.04793509e-05 3.57430312e-05 1.28201078e-05 4.32609837e-05 3.56813252e-05 1.34848597e-05 4.11762502e-05 4.84785309e-05 9.30321985e-06 3.78735315e-05 8.66643443e-05 2.46788666e-05 2.05131931e-04 3.71286296e-04 1.48514519e-05 1.32117814e-04 1.60587282e-05 2.99022737e-05 2.55864446e-04 4.36747720e-04 7.63511229e-05 1.90271920e-04 4.65230050e-05 1.46814910e-05 3.17547114e-05 1.66815051e-05 5.40594058e-07 1.26611404e-08 7.91546473e-10
 1997 09 25 12 00 00  3.57719718e-03 2.17590253e-03 1.19388158e-03 8.44344171e-04 5.98445935e-04 3.41342879e-04 2.41042106e-04 1.99175300e-04 4.02895844e-04 1.18847422e-04 2.78589328e-03 4.11160067e-03 2.10419916e-04 6.18936409e-05 4.05731729e-05 1.11654310e-04 3.06857255e-05 5.15186402e-05 1.11955717e-04 6.87379215e-05 1.23351966e-04 1.50345023e-04 9.13015206e-05 6.69665596e-05 4.69974329e-06 8.81425949e-06 5.89319970e-06 2.30694078e-05 4.81606621e-06 1.56950938e-05 4.05082179e-05 3.57488112e-05 1.28346743e-05 4.32537339e-05 3.58186895e-05 1.34850401e-05 4.12191592e-05 4.85268384e-05 9.25792192e-06 3.78602943e-05 8.67945383e-05 2.47730757e-05 2.05039812e-04 3.72557149e-04 1.49022859e-05 1.32586231e-04 1.61139309e-05 3.00838670e-05 2.56607988e-04 4.37390118e-04 7.66230733e-05 1.88902936e-04 4.43466186e-05 1.38900371e-05 2.99264743e-05 1.54368160e-05 4.82670168e-07 9.51111776e-09 5.02630026e-10
 1997 09 26 12 00 00  3.57691162e-03 2.17520607e-03 1.19348462e-03 8.44173235e-04 5.98361846e-04 3.41356338e-04 2.41025741e-04 1.99146543e-04 4.02804977e-04 1.18718773e-04 2.78519413e-03 4.11160812e-03 2.10300436e-04 6.18056398e-05 4.05458565e-05 1.11620512e-04 3.07027163e-05 5.15394669e-05 1.11793236e-04 6.85868203e-05 1.23372565e-04 1.50372023e-04 9.12980037e-05 6.69288723e-05 4.70081286e-06 8.79101644e-06 5.89328738e-06 2.30671347e-05 4.81247043e-06 1.56916407e-05 4.05017094e-05 3.57547571e-05 1.28496686e-05 4.32244417e-05 3.56095581e-05 1.34852220e-05 4.11916189e-05 4.85162622e-05 9.23855914e-06 3.77695469e-05 8.67612819e-05 2.46433017e-05 2.04899676e-04 3.70639475e-04 1.48255790e-05 1.32128851e-04 1.61707445e-05 2.98310653e-05 2.56154697e-04 4.36766294e-04 7.63334064e-05 1.88448645e-04 4.35180573e-05 1.35884704e-05 2.92286124e-05 1.49470245e-05 4.58836425e-07 8.13825203e-09 3.74827369e-10
 1997 09 27 12 00 00  3.57660735e-03 2.17447003e-03 1.19306510e-03 8.43990881e-04 5.98270525e-04 3.41369693e-04 2.41007817e-04 1.99115491e-04 4.02707876e-04 1.18582788e-04 2.78444509e-03 4.11161557e-03 2.10174002e-04 6.17127852e-05 4.05170342e-05 1.11583795e-04 3.07197071e-05 5.15602995e-05 1.11621975e-04 6.84274826e-05 1.23393620e-04 1.50399038e-04 9.12936919e-05 6.69021816e-05 4.70188243e-06 8.78587016e-06 5.89337615e-06 2.30657100e-05 4.80867275e-06 1.56878157e-05 4.04943454e-05 3.57607030e-05 1.28646643e-05 4.32046125e-05 3.53887677e-05 1.34854068e-05 4.11634643e-05 4.85046035e-05 9.23426269e-06 3.76980731e-05 8.67242504e-05 2.45064177e-05 2.04845009e-04 3.68615057e-04 1.47446023e-05 1.31652142e-04 1.62275726e-05 2.95643811e-05 2.55663246e-04 4.36153233e-04 7.60262744e-05 1.88520691e-04 4.34045776e-05 1.35469691e-05 2.91316033e-05 1.48675725e-05 4.54188643e-07 7.81540024e-09 3.43493989e-10
 1997 09 28 12 00 00  3.57493387e-03 2.17366716e-03 1.19253103e-03 8.43560549e-04 5.97872729e-04 3.41142742e-04 2.40799498e-04 1.98894982e-04 4.02118900e-04 1.18488581e-04 2.77968954e-03 4.10099924e-03 2.09987679e-04 6.17159199e-05 4.04966449e-05 1.11435712e-04 3.06756992e-05 5.14240761e-05 1.11620778e-04 6.84709696e-05 1.23086886e-04 1.50007360e-04 9.11393527e-05 6.68510722e-05 4.69858023e-06 8.78011560e-06 5.89170304e-06 2.30538277e-05 4.80941526e-06 1.56812879e-05 4.04422484e-05 3.57413897e-05 1.28293279e-05 4.31449572e-05 3.54336225e-05 1.34771384e-05 4.10522458e-05 4.83333673e-05 9.22945546e-06 3.76376572e-05 8.63827813e-05 2.45413423e-05 2.04150111e-04 3.69035205e-04 1.47614082e-05 1.31219282e-04 1.59472198e-05 2.96308950e-05 2.54879946e-04 4.35393331e-04 7.60011512e-05 1.87710377e-04 4.32963311e-05 1.35072950e-05 2.90384509e-05 1.47864486e-05 4.49158594e-07 7.44929896e-09 3.07642156e-10
 1997 09 29 12 00 00  3.57721216e-03 2.17551964e-03 1.19367323e-03 8.44392055e-04 5.98601067e-04 3.41405985e-04 2.41081205e-04 1.99215769e-04 4.02942840e-04 1.18783611e-04 2.78626726e-03 4.11163196e-03 2.10378204e-04 6.18640399e-05 4.05633207e-05 1.11715998e-04 3.07551498e-05 5.16037398e-05 1.11950545e-04 6.86725718e-05 1.23438176e-04 1.50455372e-04 9.13380908e-05 6.69577848e-05 4.70411287e-06 8.78135688e-06 5.89355950e-06 2.30857526e-05 4.81371280e-06 1.57052150e-05 4.05600503e-05 3.57731100e-05 1.28959393e-05 4.32572713e-05 3.56864301e-05 1.34857939e-05 4.12679459e-05 4.86144651e-05 9.23046464e-06 3.78177463e-05 8.70154676e-05 2.47103453e-05 2.05220683e-04 3.71368571e-04 1.48547428e-05 1.32739437e-04 1.63460936e-05 2.99575098e-05 2.57268561e-04 4.37891791e-04 7.66142257e-05 1.89115839e-04 4.35065647e-05 1.35833394e-05 2.92121291e-05 1.48813596e-05 4.51921808e-07 7.47759508e-09 3.07241521e-10
 1997 09 30 12 00 00  3.57907777e-03 2.17650653e-03 1.19431878e-03 8.44963464e-04 5.99157273e-04 3.41667271e-04 2.41326418e-04 1.99481912e-04 4.03621242e-04 1.18916417e-04 2.79172147e-03 4.12226431e-03 2.10612165e-04 6.18964350e-05 4.05943011e-05 1.11927324e-04 3.08355695e-05 5.17845794e-05 1.12050022e-04 6.86803542e-05 1.23790155e-04 1.50904901e-04 9.15195432e-05 6.70194459e-05 4.70970699e-06 8.76901104e-06 5.89542142e-06 2.31095013e-05 4.81366733e-06 1.57208182e-05 4.06514497e-05 3.58051708e-05 1.29634063e-05 4.33315752e-05 3.56851262e-05 1.34944581e-05 4.14288563e-05 4.88514846e-05 9.22017425e-06 3.78932469e-05 8.75273109e-05 2.47151271e-05 2.06074415e-04 3.71363623e-04 1.48545449e-05 1.33560862e-04 1.67481921e-05 2.99656211e-05 2.58788447e-04 4.39356143e-04 7.68166840e-05 1.90030781e-04 4.31261049e-05 1.34446959e-05 2.88904638e-05 1.46459150e-05 4.39798917e-07 6.73231808e-09 2.36772935e-10
 1997 10 01 12 00 00  3.58086543e-03 2.17733475e-03 1.19487351e-03 8.45486062e-04 5.99680195e-04 3.41927161e-04 2.41564416e-04 1.99737618e-04 4.04272476e-04 1.19019611e-04 2.79696060e-03 4.13289629e-03 2.10817597e-04 6.19084874e-05 4.06189920e-05 1.12125267e-04 3.09150200e-05 5.19642374e-05 1.12110224e-04 6.86540443e-05 1.24140892e-04 1.51352899e-04 9.16971440e-05 6.70741533e-05 4.71524072e-06 8.75654077e-06 5.89727824e-06 2.31316027e-05 4.81282623e-06 1.57347134e-05 4.07365667e-05 3.58368939e-05 1.30300134e-05 4.34000102e-05 3.56374745e-05 1.35031107e-05 4.15787075e-05 4.90789377e-05 9.20977618e-06 3.79524430e-05 8.80132733e-05 2.46907555e-05 2.06893589e-04 3.70933200e-04 1.48373280e-05 1.34249795e-04 1.71470499e-05 2.99170322e-05 2.60137782e-04 4.40628015e-04 7.69449102e-05 1.90922184e-04 4.27451725e-05 1.33058689e-05 2.85683194e-05 1.44094789e-05 4.27582691e-07 5.97848651e-09 1.65434288e-10
 1997 10 02 12 00 00  3.57668517e-03 2.17410063e-03 1.19286804e-03 8.44089980e-04 5.98495198e-04 3.41450852e-04 2.41063348e-04 1.99175539e-04 4.02789582e-04 1.18523952e-04 2.78508593e-03 4.11165580e-03 2.10143007e-04 6.16920660e-05 4.05097018e-05 1.11673156e-04 3.08085495e-05 5.16691944e-05 1.11651231e-04 6.83723483e-05 1.23503722e-04 1.50540239e-04 9.13430232e-05 6.68892962e-05 4.70747436e-06 8.73429599e-06 5.89383708e-06 2.30871155e-05 4.80626040e-06 1.57019935e-05 4.05637774e-05 3.57918034e-05 1.29430642e-05 4.32078823e-05 3.52548144e-05 1.34863731e-05 4.12324862e-05 4.86226744e-05 9.19124723e-06 3.76437925e-05 8.70238301e-05 2.44499592e-05 2.05049637e-04 3.67420121e-04 1.46968048e-05 1.31940644e-04 1.65246645e-05 2.94486730e-05 2.56636592e-04 4.36912025e-04 7.60756906e-05 1.88522162e-04 4.19501661e-05 1.30165211e-05 2.78987644e-05 1.39398962e-05 4.04755949e-07 4.66528993e-09 4.32248681e-11
 1997 10 03 12 00 00  3.57294359e-03 2.17177210e-03 1.19138304e-03 8.42972662e-04 5.97499658e-04 3.40978443e-04 2.40602537e-04 1.98673307e-04 4.01463815e-04 1.18198563e-04 2.77441785e-03 4.09041531e-03 2.09633786e-04 6.15988954e-05 4.04383786e-05 1.11296849e-04 3.07030510e-05 5.13753446e-05 1.11441750e-04 6.82962826e-05 1.22868315e-04 1.49729128e-04 9.10083161e-05 6.67527238e-05 4.69976985e-06 8.72658711e-06 5.89040028e-06 2.30519031e-05 4.80421659e-06 1.56784405e-05 4.04198998e-05 3.57470504e-05 1.28569722e-05 4.30570636e-05 3.51373164e-05 1.34696442e-05 4.09457934e-05 4.82159000e-05 9.18480582e-06 3.74464797e-05 8.61696196e-05 2.43827017e-05 2.03446160e-04 3.66349772e-04 1.46539909e-05 1.30379072e-04 1.59055344e-05 2.93164368e-05 2.54082085e-04 4.34317426e-04 7.56460366e-05 1.86687112e-04 4.18084162e-05 1.29645497e-05 2.77766541e-05 1.38325665e-05 3.98046222e-07 4.17390655e-09 1.00000000e-10
 1997 10 04 12 00 00  3.57093764e-03 2.17026224e-03 1.19044353e-03 8.42333605e-04 5.96966530e-04 3.40751429e-04 2.40365696e-04 1.98409641e-04 4.00758514e-04 1.17972022e-04 2.76876484e-03 4.07980010e-03 2.09320178e-04 6.15078939e-05 4.03889340e-05 1.11094550e-04 3.06614704e-05 5.12421015e-05 1.11254182e-04 6.81817532e-05 1.22563989e-04 1.49341321e-04 9.08409105e-05 6.66591632e-05 4.69662045e-06 8.70019066e-06 5.88873954e-06 2.30332376e-05 4.80140188e-06 1.56654366e-05 4.03475427e-05 3.57285870e-05 1.28237793e-05 4.29616875e-05 3.49741516e-05 1.34614020e-05 4.07906545e-05 4.80107717e-05 9.16281278e-06 3.72897748e-05 8.57351549e-05 2.42836031e-05 2.02535024e-04 3.64856297e-04 1.45942519e-05 1.29380589e-04 1.56333059e-05 2.91229226e-05 2.52613379e-04 4.32709853e-04 7.52891960e-05 1.85261067e-04 4.08991973e-05 1.26335361e-05 2.70102102e-05 1.32894880e-05 3.71265216e-07 2.69431375e-09 1.00000000e-10
 1997 10 05 12 00 00  3.57025965e-03 2.17150957e-03 1.19108695e-03 8.42534425e-04 5.96997899e-04 3.40534827e-04 2.40248870e-04 1.98324553e-04 4.00524597e-04 1.18262835e-04 2.76674907e-03 4.06918563e-03 2.09507351e-04 6.17874807e-05 4.04537491e-05 1.11118314e-04 3.06213449e-05 5.11106453e-05 1.11808467e-04 6.86867570e-05 1.22262540e-04 1.48955820e-04 9.07314787e-05 6.66951575e-05 4.69356273e-06 8.69525393e-06 5.88708681e-06 2.30406421e-05 4.81238858e-06 1.56798776e-05 4.03626335e-05 3.57106328e-05 1.27918713e-05 4.29765107e-05 3.56190663e-05 1.34531743e-05 4.08127080e-05 4.79521201e-05 9.15867131e-06 3.74397518e-05 8.57020014e-05 2.47087912e-05 2.02230984e-04 3.70801292e-04 1.48320517e-05 1.30625684e-04 1.53659450e-05 2.99458392e-05 2.53983352e-04 4.34398107e-04 7.62534951e-05 1.84754323e-04 4.09261806e-05 1.26427783e-05 2.70287851e-05 1.32695354e-05 3.68026078e-07 2.47313956e-09 1.00000000e-10
 1997 10 06 12 00 00  3.57063324e-03 2.17215443e-03 1.19146132e-03 8.42783963e-04 5.97205180e-04 3.40557236e-04 2.40294731e-04 1.98387429e-04 4.00671554e-04 1.18386691e-04 2.76787859e-03 4.06919532e-03 2.09633992e-04 6.18827148e-05 4.04828506e-05 1.11201096e-04 3.06431873e-05 5.11374208e-05 1.12018836e-04 6.88406697e-05 1.22289781e-04 1.48990545e-04 9.07588894e-05 6.67232015e-05 4.69493789e-06 8.68356365e-06 5.88720031e-06 2.30525076e-05 4.81547177e-06 1.56906697e-05 4.04019679e-05 3.57182784e-05 1.28111511e-05 4.30040329e-05 3.58017278e-05 1.34534130e-05 4.08760371e-05 4.80196405e-05 9.14891498e-06 3.75024355e-05 8.58816004e-05 2.48361845e-05 2.02416855e-04 3.72493837e-04 1.48997535e-05 1.31292035e-04 1.54390014e-05 3.01909837e-05 2.54982022e-04 4.35452903e-04 7.66221975e-05 1.84867203e-04 4.06439306e-05 1.25396669e-05 2.67883115e-05 1.30789074e-05 3.57247595e-07 1.99722763e-09 1.00000000e-10
 1997 10 07 12 00 00  3.57437769e-03 2.17423495e-03 1.19281225e-03 8.43929610e-04 5.98297076e-04 3.41067175e-04 2.40779407e-04 1.98914914e-04 4.02026980e-04 1.18671294e-04 2.77876167e-03 4.09045443e-03 2.10117125e-04 6.19603338e-05 4.05488543e-05 1.11615475e-04 3.07899551e-05 5.14818588e-05 1.12237587e-04 6.88802276e-05 1.22976876e-04 1.49867248e-04 9.11151000e-05 6.68662190e-05 4.70524028e-06 8.68869902e-06 5.89085030e-06 2.30985949e-05 4.81598800e-06 1.57202213e-05 4.05747949e-05 3.57774727e-05 1.29336593e-05 4.31675329e-05 3.58342135e-05 1.34705886e-05 4.11922057e-05 4.84790514e-05 9.15315904e-06 3.76961170e-05 8.68683245e-05 2.48666416e-05 2.04210854e-04 3.72804598e-04 1.49121839e-05 1.32947220e-04 1.61961361e-05 3.02481028e-05 2.57931934e-04 4.38401737e-04 7.70520715e-05 1.87401120e-04 4.10573359e-05 1.26894753e-05 2.71317942e-05 1.32825374e-05 3.64582074e-07 2.16635350e-09 1.00000000e-10
 1997 10 08 12 00 00  3.58001130e-03 2.17744889e-03 1.19488984e-03 8.45651756e-04 5.99919110e-04 3.41824010e-04 2.41502413e-04 1.99702329e-04 4.04058598e-04 1.19114096e-04 2.79508454e-03 4.12233919e-03 2.10853798e-04 6.20837829e-05 4.06501704e-05 1.12230912e-04 3.10011208e-05 5.19875030e-05 1.12567993e-04 6.89539767e-05 1.23995442e-04 1.51168033e-04 9.16454827e-05 6.70577444e-05 4.72012798e-06 8.66439004e-06 5.89628035e-06 2.31635057e-05 4.81729985e-06 1.57635674e-05 4.08285588e-05 3.58631136e-05 1.31094959e-05 4.33914673e-05 3.59130703e-05 1.34962567e-05 4.16591120e-05 4.91568605e-05 9.13290132e-06 3.79485495e-05 8.83213223e-05 2.49263132e-05 2.06701277e-04 3.73541127e-04 1.49416451e-05 1.35417108e-04 1.73018023e-05 3.03620385e-05 2.62302825e-04 4.42684325e-04 7.77104297e-05 1.90040412e-04 4.02515963e-05 1.23960413e-05 2.64519119e-05 1.27954846e-05 3.40202261e-07 1.20685186e-09 1.00000000e-10
 1997 10 09 12 00 00  3.58425828e-03 2.18055712e-03 1.19683055e-03 8.47115082e-04 6.01228156e-04 3.42340879e-04 2.42033691e-04 2.00298158e-04 4.05592312e-04 1.19591403e-04 2.80735514e-03 4.14359979e-03 2.11523624e-04 6.22979967e-05 4.07583040e-05 1.12732367e-04 3.11517681e-05 5.23367024e-05 1.13058316e-04 6.92217145e-05 1.24687550e-04 1.52050915e-04 9.20253411e-05 6.72433601e-05 4.73067448e-06 8.66759437e-06 5.89995143e-06 2.32195918e-05 4.82295363e-06 1.58039184e-05 4.10377439e-05 3.59236699e-05 1.32354326e-05 4.35913295e-05 3.62460240e-05 1.35134760e-05 4.20439804e-05 4.96752252e-05 9.13553376e-06 3.82448432e-05 8.94687807e-05 2.51503167e-05 2.08690857e-04 3.76616014e-04 1.50646405e-05 1.37921141e-04 1.80719246e-05 3.07946728e-05 2.66348694e-04 4.46867464e-04 7.86328929e-05 1.92660591e-04 4.06136131e-05 1.25270964e-05 2.67517551e-05 1.29656491e-05 3.45713255e-07 1.29800490e-09 1.00000000e-10
 1997 10 10 12 00 00  3.58422186e-03 2.18033751e-03 1.19670879e-03 8.47106156e-04 6.01265381e-04 3.42362238e-04 2.42043645e-04 2.00306960e-04 4.05594655e-04 1.19553185e-04 2.80737198e-03 4.14361097e-03 2.11493886e-04 6.22771427e-05 4.07516056e-05 1.12747070e-04 3.11755604e-05 5.23658644e-05 1.13037332e-04 6.91811496e-05 1.24717662e-04 1.52088733e-04 9.20360928e-05 6.72529005e-05 4.73217224e-06 8.67865747e-06 5.90007476e-06 2.32259320e-05 4.82169817e-06 1.58065611e-05 4.10530195e-05 3.59319936e-05 1.32564266e-05 4.36032757e-05 3.61746672e-05 1.35137350e-05 4.20574821e-05 4.97019864e-05 9.14470656e-06 3.82511913e-05 8.95345827e-05 2.51130812e-05 2.08850815e-04 3.75970535e-04 1.50388214e-05 1.37919203e-04 1.81514843e-05 3.07206181e-05 2.66490493e-04 4.47013274e-04 7.85913275e-05 1.93454457e-04 4.13076446e-05 1.27788456e-05 2.73301809e-05 1.33229039e-05 3.59748542e-07 1.68948944e-09 1.00000000e-10
 1997 10 11 12 00 00  3.58247832e-03 2.17937751e-03 1.19608521e-03 8.46633494e-04 6.00843182e-04 3.42136146e-04 2.41830188e-04 2.00078506e-04 4.04982929e-04 1.19429975e-04 2.80243442e-03 4.13299501e-03 2.11280393e-04 6.22611542e-05 4.07252718e-05 1.12589117e-04 3.11330019e-05 5.22314280e-05 1.13001907e-04 6.91919762e-05 1.24413583e-04 1.51699363e-04 9.18794913e-05 6.72198620e-05 4.72896136e-06 8.70581716e-06 5.89840893e-06 2.32153527e-05 4.82163523e-06 1.57988346e-05 4.09978630e-05 3.59131867e-05 1.32223737e-05 4.35592569e-05 3.61728948e-05 1.35054797e-05 4.19414383e-05 4.95267973e-05 9.16727586e-06 3.82197691e-05 8.91804154e-05 2.51197285e-05 2.08304168e-04 3.75963953e-04 1.50385581e-05 1.37394317e-04 1.78759947e-05 3.07319016e-05 2.65576153e-04 4.46204839e-04 7.84995746e-05 1.93736912e-04 4.26658974e-05 1.32720904e-05 2.84662013e-05 1.40568086e-05 3.91101372e-07 2.69830132e-09 1.00000000e-10
 1997 10 12 12 00 00  3.57888197e-03 2.17736399e-03 1.19478007e-03 8.45605417e-04 5.99902749e-04 3.41663386e-04 2.41381076e-04 1.99593955e-04 4.03705928e-04 1.19163041e-04 2.79215218e-03 4.11175415e-03 2.10826589e-04 6.22075308e-05 4.06662049e-05 1.12235007e-04 3.10260511e-05 5.19357913e-05 1.12866825e-04 6.91829016e-05 1.23777635e-04 1.50885943e-04 9.15502821e-05 6.71296792e-05 4.72116517e-06 8.74573961e-06 5.89496522e-06 2.31854481e-05 4.82119103e-06 1.57780050e-05 4.08646687e-05 3.58679332e-05 1.31349982e-05 4.34470851e-05 3.61483777e-05 1.34887363e-05 4.16779607e-05 4.91361468e-05 9.20046805e-06 3.81153356e-05 8.83685616e-05 2.51100457e-05 2.06990139e-04 3.75746122e-04 1.50298449e-05 1.36104049e-04 1.72519969e-05 3.07118549e-05 2.63310106e-04 4.44090691e-04 7.82095068e-05 1.93398180e-04 4.45401918e-05 1.39529806e-05 3.00356108e-05 1.50849515e-05 4.36089121e-07 4.74991264e-09 1.12113874e-11
 1997 10 13 12 00 00  3.57469834e-03 2.17412929e-03 1.19277403e-03 8.44206321e-04 5.98713632e-04 3.41186161e-04 2.40879069e-04 1.99030703e-04 4.02220898e-04 1.18667086e-04 2.78026269e-03 4.09051292e-03 2.10151289e-04 6.19902980e-05 4.05566822e-05 1.11781283e-04 3.09186114e-05 5.16395550e-05 1.12404945e-04 6.89001638e-05 1.23139957e-04 1.50071735e-04 9.11955109e-05 6.69643527e-05 4.71333842e-06 8.75087499e-06 5.89151823e-06 2.31424243e-05 4.81463139e-06 1.57450699e-05 4.06919607e-05 3.58224992e-05 1.30471919e-05 4.32711200e-05 3.57658893e-05 1.34719870e-05 4.13335359e-05 4.86796726e-05 9.20471066e-06 3.78425374e-05 8.73775265e-05 2.48686149e-05 2.05279266e-04 3.72233648e-04 1.48893459e-05 1.33805352e-04 1.66263650e-05 3.02424101e-05 2.59791533e-04 4.40444527e-04 7.73362163e-05 1.91890309e-04 4.49670056e-05 1.41076317e-05 3.03901131e-05 1.52941383e-05 4.43544366e-07 4.98719954e-09 2.88449709e-11
 1997 10 14 12 00 00  3.56467914e-03 2.16710799e-03 1.18836611e-03 8.40972092e-04 5.95872381e-04 3.39973652e-04 2.39649872e-04 1.97667349e-04 3.98648551e-04 1.17623987e-04 2.75162126e-03 4.03739847e-03 2.08645947e-04 6.15815061e-05 4.03245632e-05 1.10699862e-04 3.06252507e-05 5.08686295e-05 1.11496908e-04 6.84238155e-05 1.21512713e-04 1.47996883e-04 9.03147287e-05 6.65229323e-05 4.69221304e-06 8.67966519e-06 5.88277253e-06 2.30308798e-05 4.80372692e-06 1.56682328e-05 4.02679072e-05 3.57002660e-05 1.28058266e-05 4.28038170e-05 3.51292634e-05 1.34298461e-05 4.05033897e-05 4.75503988e-05 9.14543853e-06 3.71419747e-05 8.49441714e-05 2.44630850e-05 2.00615524e-04 3.66382838e-04 1.46553135e-05 1.28686212e-04 1.49794942e-05 2.94546713e-05 2.51703672e-04 4.31922273e-04 7.55969337e-05 1.84985282e-04 4.21066911e-05 1.30674959e-05 2.79875790e-05 1.36602645e-05 3.67636891e-07 1.62364096e-09 1.00000000e-10
 1997 10 15 12 00 00  3.55828709e-03 2.16207238e-03 1.18524975e-03 8.38793708e-04 5.94017377e-04 3.39248205e-04 2.38880903e-04 1.96801116e-04 3.96373152e-04 1.16844308e-04 2.73342021e-03 4.00553197e-03 2.07595361e-04 6.12270779e-05 4.01515821e-05 1.09990811e-04 3.04543821e-05 5.04123804e-05 1.10738071e-04 6.79543184e-05 1.20544545e-04 1.46760159e-04 8.97725226e-05 6.62784245e-05 4.67986174e-06 8.70956574e-06 5.87755239e-06 2.29630722e-05 4.79303271e-06 1.56150452e-05 3.99950842e-05 3.56287230e-05 1.26655505e-05 4.25412568e-05 3.45045351e-05 1.34046160e-05 3.99668418e-05 4.68418508e-05 9.17029538e-06 3.67367975e-05 8.33939752e-05 2.40638226e-05 1.98071833e-04 3.60639757e-04 1.44255903e-05 1.25035812e-04 1.40085904e-05 2.86793918e-05 2.46086835e-04 4.26153902e-04 7.41720999e-05 1.83160385e-04 4.35204023e-05 1.35810454e-05 2.91711714e-05 1.44344152e-05 4.01419737e-07 2.74545933e-09 1.00000000e-10
 1997 10 16 12 00 00  3.55452921e-03 2.15974246e-03 1.18376200e-03 8.37660631e-04 5.93000056e-04 3.38771666e-04 2.38415287e-04 1.96292622e-04 3.95035782e-04 1.16517352e-04 2.72267895e-03 3.98428962e-03 2.07082157e-04 6.11284020e-05 4.00786882e-05 1.09606015e-04 3.03445122e-05 5.01131639e-05 1.10507599e-04 6.78709301e-05 1.19904119e-04 1.45942097e-04 8.94348318e-05 6.61527812e-05 4.67188293e-06 8.72018500e-06 5.87409304e-06 2.29274783e-05 4.79103110e-06 1.55904529e-05 3.98490881e-05 3.55824450e-05 1.25756022e-05 4.23983580e-05 3.43882391e-05 1.33878391e-05 3.96771996e-05 4.64284440e-05 9.17911457e-06 3.65598363e-05 8.25216568e-05 2.39920642e-05 1.96535005e-04 3.59573840e-04 1.43829536e-05 1.23448498e-04 1.33748399e-05 2.85395101e-05 2.43445205e-04 4.23526808e-04 7.37182409e-05 1.81799231e-04 4.40961271e-05 1.37900268e-05 2.96520479e-05 1.47398667e-05 4.14079739e-07 3.13374215e-09 1.00000000e-10
 1997 10 17 12 00 00  3.55460499e-03 2.15983085e-03 1.18381417e-03 8.37713809e-04 5.93055502e-04 3.38783172e-04 2.38428242e-04 1.96308714e-04 3.95068425e-04 1.16534960e-04 2.72294050e-03 3.98429520e-03 2.07102112e-04 6.11422372e-05 4.00828617e-05 1.09628245e-04 3.03566514e-05 5.01280476e-05 1.10541731e-04 6.78917218e-05 1.19919723e-04 1.45961386e-04 8.94443688e-05 6.61716974e-05 4.67264654e-06 8.73409663e-06 5.87415598e-06 2.29328964e-05 4.79140763e-06 1.55936817e-05 3.98642322e-05 3.55866941e-05 1.25863109e-05 4.24159746e-05 3.44108208e-05 1.33879716e-05 3.96975703e-05 4.64525382e-05 9.19067461e-06 3.65934548e-05 8.25833193e-05 2.40089430e-05 1.96694127e-04 3.59784507e-04 1.43913803e-05 1.23610406e-04 1.34154237e-05 2.85717804e-05 2.43710289e-04 4.23846658e-04 7.37850602e-05 1.82467240e-04 4.47872909e-05 1.40410296e-05 3.02301916e-05 1.51138941e-05 4.30097882e-07 3.88283503e-09 1.00000000e-10
 1997 10 18 12 00 00  3.55543385e-03 2.16149336e-03 1.18476978e-03 8.38242363e-04 5.93427392e-04 3.38798962e-04 2.38508309e-04 1.96425136e-04 3.95367407e-04 1.16847748e-04 2.72525655e-03 3.98430042e-03 2.07407318e-04 6.13671933e-05 4.01521466e-05 1.09777210e-04 3.03678185e-05 5.01417322e-05 1.10996842e-04 6.82658458e-05 1.19933452e-04 1.45979143e-04 8.94858550e-05 6.62285789e-05 4.67334976e-06 8.71107477e-06 5.87421382e-06 2.29494275e-05 4.79967457e-06 1.56122234e-05 3.99260957e-05 3.55906028e-05 1.25961669e-05 4.24658149e-05 3.48952599e-05 1.33880923e-05 3.98119679e-05 4.65549595e-05 9.17150537e-06 3.67366743e-05 8.28623678e-05 2.43249844e-05 1.96938703e-04 3.64245990e-04 1.45698396e-05 1.25008293e-04 1.34527741e-05 2.91841250e-05 2.45569290e-04 4.25868456e-04 7.46019695e-05 1.82076075e-04 4.39028328e-05 1.37193005e-05 2.94865563e-05 1.46023523e-05 4.05919153e-07 2.75916356e-09 1.00000000e-10
 1997 10 19 12 00 00  3.55350367e-03 2.16021142e-03 1.18395909e-03 8.37644468e-04 5.92900840e-04 3.38561884e-04 2.38271848e-04 1.96165005e-04 3.94681663e-04 1.16662548e-04 2.71975426e-03 3.97367999e-03 2.07130220e-04 6.13027795e-05 4.01110284e-05 1.09577629e-04 3.03145847e-05 4.99942049e-05 1.10852594e-04 6.81985228e-05 1.19614248e-04 1.45572804e-04 8.93156808e-05 6.61311327e-05 4.66946658e-06 8.67392300e-06 5.87249269e-06 2.29283685e-05 4.79807713e-06 1.55991188e-05 3.98497340e-05 3.55680560e-05 1.25526916e-05 4.23654151e-05 3.48023255e-05 1.33797235e-05 3.96572026e-05 4.63427104e-05 9.14058910e-06 3.65814480e-05 8.24124057e-05 2.42672017e-05 1.95943718e-04 3.63393696e-04 1.45357478e-05 1.24104286e-04 1.31415756e-05 2.90715892e-05 2.44155168e-04 4.24311981e-04 7.43236956e-05 1.80059434e-04 4.23689339e-05 1.31616127e-05 2.81989051e-05 1.37326874e-05 3.65942822e-07 1.33452041e-09 1.00000000e-10
 1997 10 20 12 00 00  3.54778342e-03 2.15662745e-03 1.18167404e-03 8.35884493e-04 5.91309410e-04 3.37833527e-04 2.37558241e-04 1.95383320e-04 3.92637775e-04 1.16153818e-04 2.70334622e-03 3.94181013e-03 2.06338711e-04 6.11386877e-05 3.99968669e-05 1.08974299e-04 3.01354623e-05 4.95278451e-05 1.10463853e-04 6.80497149e-05 1.18634464e-04 1.44322966e-04 8.87981469e-05 6.59002373e-05 4.65659577e-06 8.64505637e-06 5.86722999e-06 2.28667755e-05 4.79471564e-06 1.55585014e-05 3.96131224e-05 3.54936259e-05 1.24051323e-05 4.21131010e-05 3.46058107e-05 1.33544032e-05 3.91966770e-05 4.56932286e-05 9.11656898e-06 3.62396289e-05 8.10297141e-05 2.41408925e-05 1.93309160e-04 3.61586236e-04 1.44634494e-05 1.21522656e-04 1.21430749e-05 2.88264739e-05 2.39886639e-04 4.19911582e-04 7.35656151e-05 1.76286174e-04 4.11427199e-05 1.27158761e-05 2.71701515e-05 1.30427162e-05 3.34572228e-07 2.32302000e-10 1.00000000e-10
 1997 10 21 12 00 00  3.54254782e-03 2.15406608e-03 1.17997542e-03 8.34428969e-04 5.89917380e-04 3.37106702e-04 2.36886857e-04 1.94665042e-04 3.90763666e-04 1.15836502e-04 2.68825183e-03 3.90993878e-03 2.05731472e-04 6.11103310e-05 3.99245970e-05 1.08450894e-04 2.99543957e-05 4.90590930e-05 1.10343508e-04 6.81286154e-05 1.17653222e-04 1.43070021e-04 8.83004794e-05 6.57330987e-05 4.64360273e-06 8.64741523e-06 5.86195601e-06 2.28155467e-05 4.79649425e-06 1.55275308e-05 3.94076824e-05 3.54185206e-05 1.22558558e-05 4.19143353e-05 3.47098277e-05 1.33290625e-05 3.88015972e-05 4.50952090e-05 9.11852985e-06 3.60407375e-05 7.97875962e-05 2.42078386e-05 1.91003076e-04 3.62543013e-04 1.45017205e-05 1.19769899e-04 1.11380585e-05 2.89563701e-05 2.36628736e-04 4.16764438e-04 7.32883570e-05 1.73560055e-04 4.12603277e-05 1.27585862e-05 2.72685229e-05 1.31063107e-05 3.37292295e-07 3.19982263e-10 1.00000000e-10
 1997 10 22 12 00 00  3.54297304e-03 2.15493598e-03 1.18047445e-03 8.34697419e-04 5.90100569e-04 3.37112659e-04 2.36926214e-04 1.94722695e-04 3.90914150e-04 1.15999513e-04 2.68942530e-03 3.90994065e-03 2.05889252e-04 6.12254215e-05 3.99601041e-05 1.08524388e-04 2.99577921e-05 4.90632607e-05 1.10571103e-04 6.83209684e-05 1.17656564e-04 1.43075422e-04 8.83205477e-05 6.57403610e-05 4.64381665e-06 8.60613873e-06 5.86197420e-06 2.28214241e-05 4.80084527e-06 1.55366727e-05 3.94375509e-05 3.54197109e-05 1.22588564e-05 4.19208370e-05 3.49641748e-05 1.33291003e-05 3.88556921e-05 4.51431641e-05 9.08419461e-06 3.60748018e-05 7.99200423e-05 2.43711664e-05 1.90967827e-04 3.64882200e-04 1.45952880e-05 1.20461812e-04 1.11494250e-05 2.92733544e-05 2.37555286e-04 4.17681905e-04 7.37037780e-05 1.72328870e-04 3.94536964e-05 1.21019923e-05 2.57537335e-05 1.20976580e-05 2.91957318e-07 1.00000000e-10 1.00000000e-10
 1997 10 23 12 00 00  3.54318008e-03 2.15536985e-03 1.18072300e-03 8.34827040e-04 5.90185897e-04 3.37114056e-04 2.36944420e-04 1.94749754e-04 3.90986237e-04 1.16080575e-04 2.68998838e-03 3.90994065e-03 2.05967166e-04 6.12820842e-05 3.99776070e-05 1.08558644e-04 2.99577921e-05 4.90632607e-05 1.10681484e-04 6.84161088e-05 1.17656141e-04 1.43075422e-04 8.83294630e-05 6.57442431e-05 4.64381665e-06 8.58741769e-06 5.86197420e-06 2.28239274e-05 4.80302660e-06 1.55408849e-05 3.94509863e-05 3.54197109e-05 1.22588564e-05 4.19240909e-05 3.50915332e-05 1.33291003e-05 3.88809861e-05 4.51644574e-05 9.06863133e-06 3.60926929e-05 7.99793079e-05 2.44521914e-05 1.90949845e-04 3.66052554e-04 1.46421022e-05 1.20795844e-04 1.11494250e-05 2.94307654e-05 2.37990711e-04 4.18116697e-04 7.39060650e-05 1.71701861e-04 3.85641140e-05 1.17788486e-05 2.50090209e-05 1.16111123e-05 2.70765455e-07 1.00000000e-10 1.00000000e-10
 1997 10 24 12 00 00  3.54451878e-03 2.15539538e-03 1.18081293e-03 8.35052813e-04 5.90470334e-04 3.37351031e-04 2.37129901e-04 1.94932686e-04 3.91464187e-04 1.16030404e-04 2.69389280e-03 3.92056294e-03 2.06017570e-04 6.11781949e-05 3.99668032e-05 1.08661279e-04 3.00154003e-05 4.92161373e-05 1.10490587e-04 6.82011421e-05 1.17979057e-04 1.43488695e-04 8.84764010e-05 6.57490104e-05 4.64797413e-06 8.56538245e-06 5.86371752e-06 2.28314095e-05 4.79830996e-06 1.55424515e-05 3.94910530e-05 3.54437798e-05 1.23061851e-05 4.19466063e-05 3.48148955e-05 1.33375172e-05 3.89553432e-05 4.53151810e-05 9.05031120e-06 3.60452234e-05 8.02613960e-05 2.42708702e-05 1.91447169e-04 3.63503753e-04 1.45401501e-05 1.20677981e-04 1.14752256e-05 2.90796190e-05 2.38182513e-04 4.18085512e-04 7.35916964e-05 1.71775227e-04 3.75285250e-05 1.14026434e-05 2.41419047e-05 1.10431838e-05 2.45924809e-07 1.00000000e-10 1.00000000e-10
 1997 10 25 12 00 00  3.54242009e-03 2.15386553e-03 1.17985676e-03 8.34338237e-04 5.89834664e-04 3.37097370e-04 2.36868817e-04 1.94640142e-04 3.90707684e-04 1.15796518e-04 2.68784611e-03 3.90993506e-03 2.05688168e-04 6.10741095e-05 3.99136492e-05 1.08418164e-04 2.99451727e-05 4.90477891e-05 1.10252662e-04 6.80715835e-05 1.17640463e-04 1.43055360e-04 8.82901692e-05 6.56888775e-05 4.64302175e-06 8.60542423e-06 5.86190836e-06 2.28078071e-05 4.79558294e-06 1.55234651e-05 3.93938864e-05 3.54152900e-05 1.22477169e-05 4.18748971e-05 3.46542307e-05 1.33289621e-05 3.87743979e-05 4.50670818e-05 9.08364455e-06 3.59560380e-05 7.97144494e-05 2.41625399e-05 1.90699376e-04 3.62019659e-04 1.44807864e-05 1.19505456e-04 1.11072135e-05 2.88704410e-05 2.36252540e-04 4.16217058e-04 7.31489975e-05 1.71828970e-04 3.91040376e-05 1.19756518e-05 2.54658597e-05 1.19483074e-05 2.88312570e-07 1.00000000e-10 1.00000000e-10
 1997 10 26 12 00 00  3.54640427e-03 2.15663456e-03 1.18159658e-03 8.35615276e-04 5.90956629e-04 3.37581132e-04 2.37357385e-04 1.95181062e-04 3.92126377e-04 1.16205906e-04 2.69922996e-03 3.93117964e-03 2.06281908e-04 6.12304588e-05 4.00043303e-05 1.08844999e-04 3.00613494e-05 4.93547297e-05 1.10597964e-04 6.82507351e-05 1.18289532e-04 1.43883439e-04 8.86408581e-05 6.58533853e-05 4.65139856e-06 8.62017187e-06 5.86540045e-06 2.28507431e-05 4.79976188e-06 1.55535201e-05 3.95613263e-05 3.54637741e-05 1.23432328e-05 4.20511977e-05 3.48977570e-05 1.33458059e-05 3.91012576e-05 4.55139741e-05 9.09592927e-06 3.62131935e-05 8.06754008e-05 2.43157076e-05 1.92480877e-04 3.64255348e-04 1.45702139e-05 1.21501683e-04 1.17620548e-05 2.91683769e-05 2.39422240e-04 4.19511294e-04 7.38181296e-05 1.74123623e-04 3.96416945e-05 1.21713055e-05 2.59184596e-05 1.22640240e-05 3.03542387e-07 1.00000000e-10 1.00000000e-10
 1997 10 27 12 00 00  3.55357373e-03 2.16044578e-03 1.18408754e-03 8.37672260e-04 5.92887815e-04 3.38552047e-04 2.38268802e-04 1.96162583e-04 3.94688950e-04 1.16702500e-04 2.71986619e-03 3.97367477e-03 2.07161516e-04 6.13173649e-05 4.01159035e-05 1.09573197e-04 3.03034147e-05 4.99805203e-05 1.10850164e-04 6.82284881e-05 1.19599856e-04 1.45555050e-04 8.93128536e-05 6.61241567e-05 4.66876336e-06 8.66142873e-06 5.87243449e-06 2.29254180e-05 4.79939408e-06 1.55986807e-05 3.98510193e-05 3.55641503e-05 1.25428356e-05 4.23562847e-05 3.48754111e-05 1.33796013e-05 3.96583076e-05 4.63344719e-05 9.13026670e-06 3.65753196e-05 8.23925188e-05 2.42979353e-05 1.95855786e-04 3.64045532e-04 1.45618213e-05 1.24184431e-04 1.31042267e-05 2.91345990e-05 2.44159459e-04 4.24291204e-04 7.43651022e-05 1.79147890e-04 4.13150338e-05 1.27797644e-05 2.73236951e-05 1.32173336e-05 3.47665797e-07 9.29656352e-10 1.00000000e-10
 1997 10 28 12 00 00  3.56076601e-03 2.16429651e-03 1.18660179e-03 8.39745191e-04 5.94832580e-04 3.39524027e-04 2.39183130e-04 1.97148257e-04 3.97261261e-04 1.17206883e-04 2.74057203e-03 4.01617028e-03 2.08049347e-04 6.14112084e-05 4.02295836e-05 1.10306756e-04 3.05464549e-05 5.06075041e-05 1.11119097e-04 6.82173180e-05 1.20911042e-04 1.47228220e-04 8.99863455e-05 6.63866018e-05 4.68618964e-06 8.68802526e-06 5.87947434e-06 2.29998537e-05 4.79920964e-06 1.56444761e-05 4.01419155e-05 3.56648612e-05 1.27432999e-05 4.26546932e-05 3.48642439e-05 1.34134069e-05 4.02173700e-05 4.71580203e-05 9.15240453e-06 3.69231791e-05 8.41185243e-05 2.42890150e-05 1.99168957e-04 3.63940646e-04 1.45576258e-05 1.26898175e-04 1.44496589e-05 2.91176460e-05 2.48958286e-04 4.29093705e-04 7.49375934e-05 1.83743946e-04 4.23881521e-05 1.31699843e-05 2.82249786e-05 1.38295710e-05 3.76060355e-07 1.95301304e-09 1.00000000e-10
 1997 10 29 12 00 00  3.56630724e-03 2.16749006e-03 1.18866273e-03 8.41392655e-04 5.96353302e-04 3.40254220e-04 2.39882109e-04 1.97907164e-04 3.99242432e-04 1.17642427e-04 2.75650374e-03 4.04804163e-03 2.08770543e-04 6.15222953e-05 4.03273974e-05 1.10881832e-04 3.07289738e-05 5.10780374e-05 1.11401614e-04 6.82770566e-05 1.21894528e-04 1.48483460e-04 9.04979179e-05 6.65891116e-05 4.69927400e-06 8.69794894e-06 5.88475596e-06 2.30577705e-05 4.80060262e-06 1.56818645e-05 4.03696223e-05 3.57404817e-05 1.28938569e-05 4.28832712e-05 3.49454291e-05 1.34387636e-05 4.06550969e-05 4.77913556e-05 9.16066347e-06 3.72020433e-05 8.54564844e-05 2.43400907e-05 2.01658248e-04 3.64685951e-04 1.45874380e-05 1.29173909e-04 1.54595269e-05 2.92169920e-05 2.52871271e-04 4.33022352e-04 7.55123549e-05 1.86923725e-04 4.27968479e-05 1.33185784e-05 2.85680811e-05 1.40614452e-05 3.86729522e-07 2.33370692e-09 1.00000000e-10
 1997 10 30 12 00 00  3.57189437e-03 2.17076390e-03 1.19077031e-03 8.43070838e-04 5.97899319e-04 3.40986943e-04 2.40586652e-04 1.98673773e-04 4.01241727e-04 1.18093411e-04 2.77257348e-03 4.07991409e-03 2.09507531e-04 6.16454175e-05 4.04288883e-05 1.11466998e-04 3.09139199e-05 5.15515392e-05 1.11710972e-04 6.83562655e-05 1.22881282e-04 1.49742571e-04 9.10127306e-05 6.68016411e-05 4.71251151e-06 8.71569500e-06 5.89004921e-06 2.31176905e-05 4.80238014e-06 1.57205488e-05 4.06021348e-05 3.58169520e-05 1.30465589e-05 4.31207891e-05 3.50494054e-05 1.34641465e-05 4.11013603e-05 4.84331519e-05 9.17542638e-06 3.75007813e-05 8.68166369e-05 2.44072246e-05 2.04216180e-04 3.65642661e-04 1.46257064e-05 1.31537141e-04 1.64775192e-05 2.93472112e-05 2.56905487e-04 4.37108239e-04 7.61331306e-05 1.90406117e-04 4.35649421e-05 1.35977523e-05 2.92122437e-05 1.44915185e-05 4.06142638e-07 3.00930907e-09 1.00000000e-10
 1997 10 31 12 00 00  3.57591453e-03 2.17353923e-03 1.19251646e-03 8.44378709e-04 5.99063411e-04 3.41480691e-04 2.41084963e-04 1.99226631e-04 4.02681897e-04 1.18505810e-04 2.78411241e-03 4.10116427e-03 2.10108158e-04 6.18088691e-05 4.05215914e-05 1.11910484e-04 3.10407835e-05 5.18715766e-05 1.12083817e-04 6.85442064e-05 1.23543955e-04 1.50587634e-04 9.13705091e-05 6.69766428e-05 4.72156062e-06 8.73786703e-06 5.89359661e-06 2.31646681e-05 4.80650779e-06 1.57529145e-05 4.07788948e-05 3.58691788e-05 1.31515000e-05 4.33080943e-05 3.52914678e-05 1.34811067e-05 4.14411249e-05 4.88980018e-05 9.19387094e-06 3.77752296e-05 8.78235875e-05 2.45657866e-05 2.06100751e-04 3.67872820e-04 1.47149128e-05 1.33622413e-04 1.71680862e-05 2.96543032e-05 2.60257790e-04 4.40610804e-04 7.68413148e-05 1.93156963e-04 4.45361508e-05 1.39507222e-05 3.00265516e-05 1.50336368e-05 4.30501208e-07 4.21000532e-09 1.00000000e-10
 1997 11 01 12 00 00  3.58213018e-03 2.17807796e-03 1.19535147e-03 8.46458438e-04 6.00891413e-04 3.42224334e-04 2.41850015e-04 2.00081619e-04 4.04908660e-04 1.19194996e-04 2.80193630e-03 4.13304009e-03 2.11077774e-04 6.21045548e-05 4.06762062e-05 1.12608516e-04 3.12330085e-05 5.23540133e-05 1.12744781e-04 6.89102861e-05 1.24540892e-04 1.51858322e-04 9.19161766e-05 6.72669881e-05 4.73525688e-06 8.78786595e-06 5.89892770e-06 2.32401031e-05 4.81457209e-06 1.58055315e-05 4.10581697e-05 3.59481957e-05 1.33106296e-05 4.36130040e-05 3.57642130e-05 1.35065668e-05 4.19782600e-05 4.96185699e-05 9.23547268e-06 3.82469159e-05 8.93966324e-05 2.48748343e-05 2.09091465e-04 3.72227402e-04 1.48890961e-05 1.37076243e-04 1.82104341e-05 3.02529690e-05 2.65696849e-04 4.46377625e-04 7.80862888e-05 1.97819263e-04 4.66471060e-05 1.47180983e-05 3.17977969e-05 1.62233553e-05 4.84720803e-07 7.07404162e-09 2.16504037e-10
 1997 11 02 12 00 00  3.58622310e-03 2.18097467e-03 1.19716832e-03 8.47815573e-04 6.02097727e-04 3.42723003e-04 2.42357689e-04 2.00647237e-04 4.06378163e-04 1.19630869e-04 2.81369901e-03 4.15429249e-03 2.11702739e-04 6.22865681e-05 4.07745658e-05 1.13068838e-04 3.13647295e-05 5.26800111e-05 1.13160263e-04 6.91279944e-05 1.25211132e-04 1.52711124e-04 9.22796148e-05 6.74889899e-05 4.74461194e-06 8.86703419e-06 5.90250093e-06 2.32934103e-05 4.81927345e-06 1.58400926e-05 4.12446322e-05 3.60021193e-05 1.34198592e-05 4.38412274e-05 3.60403908e-05 1.35235823e-05 4.23369076e-05 5.01002998e-05 9.30135575e-06 3.86096444e-05 9.04459312e-05 2.50578421e-05 2.11317696e-04 3.74774413e-04 1.49909765e-05 1.39331429e-04 1.89172555e-05 3.06069764e-05 2.69250392e-04 4.50270626e-04 7.88670118e-05 2.02350825e-04 4.99305631e-05 1.59118450e-05 3.45538718e-05 1.80826906e-05 5.70040686e-07 1.16248353e-08 6.31709884e-10
 1997 11 03 12 00 00  3.59242800e-03 2.18547545e-03 1.19998219e-03 8.49890388e-04 6.03927373e-04 3.43468779e-04 2.43123265e-04 2.01502420e-04 4.08603139e-04 1.20313372e-04 2.83150641e-03 4.18616980e-03 2.12666794e-04 6.25786266e-05 4.09280263e-05 1.13767467e-04 3.15593818e-05 5.31654106e-05 1.13818068e-04 6.94872986e-05 1.26214219e-04 1.53985652e-04 9.28260731e-05 6.78657262e-05 4.75846027e-06 9.04010740e-06 5.90784439e-06 2.33773147e-05 4.82712931e-06 1.58928486e-05 4.15284182e-05 3.60819889e-05 1.35811264e-05 4.42200033e-05 3.65012820e-05 1.35490700e-05 4.28871460e-05 5.08289673e-05 9.44538551e-06 3.92383653e-05 9.20348867e-05 2.53606791e-05 2.14943817e-04 3.79021691e-04 1.51608677e-05 1.42853585e-04 1.99677073e-05 3.11932905e-05 2.74690901e-04 4.56409594e-04 8.01021750e-05 2.10785225e-04 5.71019456e-05 1.85191183e-05 4.05735264e-05 2.21446952e-05 7.56503641e-07 2.15755215e-08 1.53971982e-09
 1997 11 04 12 00 00  3.60045782e-03 2.19098972e-03 1.20345356e-03 8.52500040e-04 6.06255260e-04 3.44458816e-04 2.44120164e-04 2.02607721e-04 4.11480322e-04 1.21131359e-04 2.85456683e-03 4.22867090e-03 2.13861827e-04 6.29000105e-05 4.11117290e-05 1.14654387e-04 3.18160135e-05 5.38090535e-05 1.14553554e-04 6.98536343e-05 1.27546747e-04 1.55680409e-04 9.35426825e-05 6.83136684e-05 4.77674184e-06 9.22371473e-06 5.91495482e-06 2.34808509e-05 4.83519289e-06 1.59577447e-05 4.18882453e-05 3.61874554e-05 1.37935829e-05 4.46780238e-05 3.69740184e-05 1.35830225e-05 4.35821058e-05 5.17680722e-05 9.59817480e-06 3.99650122e-05 9.40671625e-05 2.56698928e-05 2.19433996e-04 3.83376475e-04 1.53350590e-05 1.47104043e-04 2.13585794e-05 3.17922415e-05 2.81394789e-04 4.63832822e-04 8.15035196e-05 2.20541553e-04 6.47506098e-05 2.12998147e-05 4.69930909e-05 2.64708292e-05 9.54681582e-07 3.21207594e-08 2.50121666e-09
 1997 11 05 12 00 00  3.60116357e-03 2.19241250e-03 1.20427171e-03 8.52950627e-04 6.06570916e-04 3.44470704e-04 2.44187868e-04 2.02706703e-04 4.11735442e-04 1.21399234e-04 2.85653416e-03 4.22867462e-03 2.14123295e-04 6.30939180e-05 4.11714279e-05 1.14780732e-04 3.18237813e-05 5.38185821e-05 1.14947464e-04 7.01761106e-05 1.27555342e-04 1.55692759e-04 9.35771186e-05 6.83361729e-05 4.77723079e-06 9.16965582e-06 5.91499484e-06 2.34922689e-05 4.84226766e-06 1.59733301e-05 4.19377330e-05 3.61901795e-05 1.38004398e-05 4.46988433e-05 3.73889459e-05 1.35831069e-05 4.36743771e-05 5.18514187e-05 9.55320575e-06 4.00405562e-05 9.42964836e-05 2.59418855e-05 2.19458552e-04 3.87199420e-04 1.54879768e-05 1.48267866e-04 2.13845618e-05 3.23189830e-05 2.82968293e-04 4.65434783e-04 8.22043838e-05 2.18991566e-04 6.23808892e-05 2.04385831e-05 4.50062335e-05 2.51483251e-05 8.95275230e-07 2.90478738e-08 2.22324985e-09
 1997 11 06 12 00 00  3.59642033e-03 2.18806766e-03 1.20162727e-03 8.51193740e-04 6.05126566e-04 3.43980867e-04 2.43630716e-04 2.02063804e-04 4.10047531e-04 1.20694229e-04 2.84307153e-03 4.20742892e-03 2.13243484e-04 6.27261293e-05 4.10155539e-05 1.14224763e-04 3.17066297e-05 5.35104482e-05 1.14178359e-04 6.96434174e-05 1.26901062e-04 1.54863132e-04 9.31932237e-05 6.80032942e-05 4.76879286e-06 9.01214080e-06 5.91149801e-06 2.34258772e-05 4.83020012e-06 1.59275769e-05 4.17160530e-05 3.61413520e-05 1.37040653e-05 4.43801375e-05 3.66835826e-05 1.35662529e-05 4.32323617e-05 5.13139894e-05 9.42215847e-06 3.94355944e-05 9.30935456e-05 2.54894258e-05 2.16665663e-04 3.80712937e-04 1.52285175e-05 1.44902243e-04 2.07264675e-05 3.14407429e-05 2.78176083e-04 4.59845943e-04 8.07811241e-05 2.11950569e-04 5.56078184e-05 1.79767256e-05 3.93252538e-05 2.13494181e-05 7.23361370e-07 2.00584381e-08 1.40758125e-09
 1997 11 07 12 00 00  3.58997936e-03 2.18298461e-03 1.19848280e-03 8.48980698e-04 6.03233015e-04 3.43246301e-04 2.42852596e-04 2.01186527e-04 4.07750683e-04 1.19904965e-04 2.82469443e-03 4.17555831e-03 2.12181480e-04 6.23644025e-05 4.08403871e-05 1.13500229e-04 3.15260550e-05 5.30422898e-05 1.13399440e-04 6.91634545e-05 1.25916073e-04 1.53610969e-04 9.26438925e-05 6.76238441e-05 4.75583038e-06 8.86305352e-06 5.90622694e-06 2.33430045e-05 4.81931711e-06 1.58720596e-05 4.14264947e-05 3.60664126e-05 1.35552196e-05 4.40025239e-05 3.60475620e-05 1.35409166e-05 4.26633434e-05 5.05789324e-05 9.29812086e-06 3.87848696e-05 9.14819664e-05 2.50816724e-05 2.13144930e-04 3.74864433e-04 1.49945773e-05 1.41030661e-04 1.97230882e-05 3.06492380e-05 2.72374117e-04 4.53326293e-04 7.93160095e-05 2.04225568e-04 4.92163713e-05 1.56535350e-05 3.39640413e-05 1.77617422e-05 5.60818859e-07 1.15448032e-08 6.34721742e-10
 1997 11 08 12 00 00  3.58933458e-03 2.18160890e-03 1.19769465e-03 8.48577900e-04 6.02974284e-04 3.43246324e-04 2.42797935e-04 2.01103928e-04 4.07527134e-04 1.19647964e-04 2.82295988e-03 4.17556018e-03 2.11935077e-04 6.21836831e-05 4.07845617e-05 1.13396442e-04 3.15309066e-05 5.30482386e-05 1.13045315e-04 6.88595057e-05 1.25919105e-04 1.53618681e-04 9.26186354e-05 6.74912677e-05 4.75613597e-06 8.75448386e-06 5.90625241e-06 2.33254754e-05 4.81238276e-06 1.58595756e-05 4.13841966e-05 3.60681093e-05 1.35595023e-05 4.38915316e-05 3.56425560e-05 1.35409689e-05 4.25707672e-05 5.05100124e-05 9.20779275e-06 3.85065667e-05 9.12962253e-05 2.48231052e-05 2.12377817e-04 3.71141561e-04 1.48456624e-05 1.39888959e-04 1.97393165e-05 3.01470951e-05 2.71054276e-04 4.51472426e-04 7.86785658e-05 2.00741682e-04 4.45662145e-05 1.39632657e-05 3.00633679e-05 1.51508677e-05 4.42489278e-07 5.34378390e-09 7.17183868e-11
 1997 11 09 12 00 00  3.59245264e-03 2.18249506e-03 1.19835691e-03 8.49317454e-04 6.03761661e-04 3.43735226e-04 2.43216309e-04 2.01537283e-04 4.08649433e-04 1.19706368e-04 2.83204200e-03 4.19681109e-03 2.12194076e-04 6.20950250e-05 4.07994894e-05 1.13688987e-04 3.16592254e-05 5.33700630e-05 1.12916692e-04 6.86251966e-05 1.26581317e-04 1.54466065e-04 9.29383053e-05 6.75348251e-05 4.76527712e-06 8.70113945e-06 5.90980744e-06 2.33514394e-05 4.80703311e-06 1.58736671e-05 4.15010869e-05 3.61208484e-05 1.36657312e-05 4.39679016e-05 3.53301206e-05 1.35579467e-05 4.27854201e-05 5.08754249e-05 9.16341014e-06 3.84923484e-05 9.20329063e-05 2.46237410e-05 2.13551850e-04 3.68269729e-04 1.47307892e-05 1.40415317e-04 2.04347598e-05 2.97599036e-05 2.72503911e-04 4.52568794e-04 7.84910169e-05 2.00962914e-04 4.22871683e-05 1.31348499e-05 2.81515479e-05 1.38704313e-05 3.84401488e-07 2.54457326e-09 1.00000000e-10
 1997 11 10 12 00 00  3.58877667e-03 2.18039318e-03 1.19699900e-03 8.48232012e-04 6.02759903e-04 3.43250027e-04 2.42752994e-04 2.01034945e-04 4.07336587e-04 1.19421416e-04 2.82147952e-03 4.17556465e-03 2.11719176e-04 6.20257710e-05 4.07357321e-05 1.13310392e-04 3.15391633e-05 5.30583668e-05 1.12740676e-04 6.85928797e-05 1.25928764e-04 1.53631808e-04 9.25988808e-05 6.74313887e-05 4.75665584e-06 8.73624085e-06 5.90629534e-06 2.33163267e-05 4.80622657e-06 1.58493579e-05 4.13526514e-05 3.60709993e-05 1.35667869e-05 4.38426074e-05 3.52834380e-05 1.35410592e-05 4.25014466e-05 5.04593579e-05 9.19261438e-06 3.83647007e-05 9.11554910e-05 2.45956820e-05 2.12119368e-04 3.67842821e-04 1.47137128e-05 1.38959854e-04 1.97669258e-05 2.97050457e-05 2.69950715e-04 4.50138232e-04 7.81269508e-05 2.00174646e-04 4.37834910e-05 1.36787602e-05 2.94068230e-05 1.47115989e-05 4.22594036e-07 4.30217657e-09 1.00000000e-10
 1997 11 11 12 00 00  3.58323581e-03 2.17719920e-03 1.19493807e-03 8.46585426e-04 6.01240474e-04 3.42519837e-04 2.42054243e-04 2.00276422e-04 4.05356212e-04 1.18985958e-04 2.80555042e-03 4.14369255e-03 2.10998307e-04 6.19154263e-05 4.06381302e-05 1.12735786e-04 3.13566416e-05 5.25878277e-05 1.12461382e-04 6.85341947e-05 1.24946460e-04 1.52376553e-04 9.20873248e-05 6.72619349e-05 4.74357075e-06 8.77302446e-06 5.90101408e-06 2.32614838e-05 4.80482740e-06 1.58119948e-05 4.11260411e-05 3.59953789e-05 1.34162285e-05 4.36422080e-05 3.52020783e-05 1.35157024e-05 4.20685583e-05 4.98284576e-05 9.22322579e-06 3.81465881e-05 8.98221542e-05 2.45452597e-05 2.09868121e-04 3.67096867e-04 1.46838747e-05 1.36715777e-04 1.87570477e-05 2.96068058e-05 2.66041221e-04 4.46356510e-04 7.75545345e-05 1.98422588e-04 4.53036369e-05 1.42314437e-05 3.06829045e-05 1.55732496e-05 4.62187718e-07 6.41813331e-09 1.70332948e-10
 1997 11 12 12 00 00  3.57294846e-03 2.16969535e-03 1.19025138e-03 8.43175550e-04 5.98259675e-04 3.41293603e-04 2.40794163e-04 1.98870475e-04 4.01682069e-04 1.17851102e-04 2.77611548e-03 4.09057178e-03 2.09400861e-04 6.14391040e-05 4.03852958e-05 1.11598489e-04 3.10501753e-05 5.18008252e-05 1.11410631e-04 6.79475779e-05 1.23303092e-04 1.50280853e-04 9.11882037e-05 6.68067157e-05 4.72162028e-06 8.71903903e-06 5.89220035e-06 2.31427531e-05 4.79158116e-06 1.57278347e-05 4.06748170e-05 3.58685531e-05 1.31632944e-05 4.31614596e-05 3.44276021e-05 1.34734175e-05 4.11954259e-05 4.86545678e-05 9.17831130e-06 3.74120503e-05 8.72695360e-05 2.40473542e-05 2.05128339e-04 3.59973436e-04 1.43989374e-05 1.31130300e-04 1.70663334e-05 2.86405935e-05 2.57268542e-04 4.37132732e-04 7.55561456e-05 1.91720660e-04 4.29866542e-05 1.33892626e-05 2.87394375e-05 1.42730471e-05 4.03306056e-07 3.33593544e-09 1.00000000e-10
 1997 11 13 12 00 00  3.56923060e-03 2.16751312e-03 1.18884748e-03 8.42063763e-04 5.97238732e-04 3.40806810e-04 2.40326579e-04 1.98362213e-04 4.00354460e-04 1.17551152e-04 2.76543409e-03 4.06932458e-03 2.08911389e-04 6.13597631e-05 4.03184198e-05 1.11212146e-04 3.09286523e-05 5.14873362e-05 1.11215236e-04 6.78984623e-05 1.22648564e-04 1.49444273e-04 9.08462260e-05 6.66957204e-05 4.71290768e-06 8.74933758e-06 5.88868061e-06 2.31062129e-05 4.79037553e-06 1.57024860e-05 4.05219585e-05 3.58182006e-05 1.30630637e-05 4.30297805e-05 3.43576889e-05 1.34565140e-05 4.09042757e-05 4.82319578e-05 9.20352686e-06 3.72691208e-05 8.63749250e-05 2.40048685e-05 2.03648669e-04 3.59333487e-04 1.43733395e-05 1.29598592e-04 1.63936202e-05 2.85576360e-05 2.54616890e-04 4.34576786e-04 7.51537121e-05 1.90725972e-04 4.42359664e-05 1.38434852e-05 2.97882164e-05 1.49816172e-05 4.35894165e-07 5.07963192e-09 4.98120434e-11
 1997 11 14 12 00 00  3.57147697e-03 2.16939297e-03 1.19000310e-03 8.42867061e-04 5.97920727e-04 3.41055305e-04 2.40596958e-04 1.98670297e-04 4.01158312e-04 1.17849680e-04 2.77184957e-03 4.07994948e-03 2.09301015e-04 6.15075907e-05 4.03851518e-05 1.11473919e-04 3.09920841e-05 5.16473432e-05 1.11534230e-04 6.81030040e-05 1.22981245e-04 1.49866806e-04 9.10352994e-05 6.68383918e-05 4.71743188e-06 8.80979060e-06 5.89045449e-06 2.31372370e-05 4.79490445e-06 1.57235174e-05 4.06270531e-05 3.58443096e-05 1.31155350e-05 4.31702795e-05 3.46230430e-05 1.34649948e-05 4.11102494e-05 4.84924037e-05 9.25383429e-06 3.75199295e-05 8.69531702e-05 2.41777350e-05 2.04929936e-04 3.61776978e-04 1.44710791e-05 1.31069885e-04 1.67389037e-05 2.88926181e-05 2.56795994e-04 4.37051802e-04 7.57430983e-05 1.93642487e-04 4.67539980e-05 1.47589250e-05 3.19016212e-05 1.64058793e-05 5.01141963e-07 8.55175948e-09 3.66400466e-10
 1997 11 15 12 00 00  3.57582583e-03 2.17287501e-03 1.19215400e-03 8.44380006e-04 5.99215089e-04 3.41548200e-04 2.41122686e-04 1.99264858e-04 4.02712122e-04 1.18394041e-04 2.78426893e-03 4.10119779e-03 2.10027972e-04 6.17638170e-05 4.05065158e-05 1.11969648e-04 3.11155454e-05 5.19632187e-05 1.12088237e-04 6.84471452e-05 1.23640285e-04 1.50706464e-04 9.14054800e-05 6.70550647e-05 4.72626671e-06 8.85210611e-06 5.89398478e-06 2.31906100e-05 4.80259951e-06 1.57621238e-05 4.08235197e-05 3.58953461e-05 1.32174770e-05 4.33923126e-05 3.50734044e-05 1.34819187e-05 4.14928074e-05 4.89894297e-05 9.28904774e-06 3.78892726e-05 8.80486174e-05 2.44691968e-05 2.07022234e-04 3.65921722e-04 1.46368689e-05 1.33711858e-04 1.74181012e-05 2.94578203e-05 2.60813685e-04 4.41380260e-04 7.67771775e-05 1.96977753e-04 4.85010417e-05 1.53941064e-05 3.33681975e-05 1.73963939e-05 5.46673778e-07 1.09863072e-08 5.88673466e-10
 1997 11 16 12 00 00  3.58310287e-03 2.17688551e-03 1.19476030e-03 8.46507835e-04 6.01201442e-04 3.42523395e-04 2.42046121e-04 2.00263341e-04 4.05315926e-04 1.18928652e-04 2.80521966e-03 4.14369479e-03 2.10945769e-04 6.18796676e-05 4.06269566e-05 1.12719859e-04 3.13614961e-05 5.25937765e-05 1.12402648e-04 6.84721919e-05 1.24954605e-04 1.52384265e-04 9.20841301e-05 6.73099911e-05 4.74387634e-06 8.85753834e-06 5.90103955e-06 2.32659634e-05 4.80319904e-06 1.58100616e-05 4.11215596e-05 3.59970756e-05 1.34205126e-05 4.36848615e-05 3.51082737e-05 1.35157548e-05 4.20628856e-05 4.98247097e-05 9.29357848e-06 3.82266676e-05 8.98069236e-05 2.44907424e-05 2.10273630e-04 3.66241282e-04 1.46496513e-05 1.36559777e-04 1.87732745e-05 2.94998114e-05 2.65818098e-04 4.46343590e-04 7.74321898e-05 2.00944798e-04 4.86595177e-05 1.54518872e-05 3.35023973e-05 1.74962991e-05 5.51928468e-07 1.13167216e-08 6.20075546e-10
 1997 11 17 12 00 00  3.58574701e-03 2.17962847e-03 1.19640994e-03 8.47558128e-04 6.02037663e-04 3.42769741e-04 2.42348881e-04 2.00620976e-04 4.06256082e-04 1.19388112e-04 2.81269339e-03 4.15431783e-03 2.11488957e-04 6.21399217e-05 4.07284475e-05 1.13043527e-04 3.14195844e-05 5.27472526e-05 1.12938655e-04 6.88663917e-05 1.25279323e-04 1.52798308e-04 9.22875724e-05 6.74461833e-05 4.74806438e-06 8.86267007e-06 5.90278505e-06 2.32991927e-05 4.81209463e-06 1.58384570e-05 4.12473988e-05 3.60213220e-05 1.34682705e-05 4.38189025e-05 3.56284145e-05 1.35241775e-05 4.23114686e-05 5.01184854e-05 9.29786256e-06 3.84884205e-05 9.04808592e-05 2.48252880e-05 2.11394290e-04 3.71025593e-04 1.48410237e-05 1.38649206e-04 1.91007013e-05 3.01489839e-05 2.68789343e-04 4.49560099e-04 7.84149948e-05 2.02078500e-04 4.87718753e-05 1.54929815e-05 3.35984716e-05 1.75751952e-05 5.56555992e-07 1.16388875e-08 6.51356213e-10
 1997 11 18 12 00 00  3.58558599e-03 2.17931184e-03 1.19622743e-03 8.47454138e-04 6.01962183e-04 3.42765988e-04 2.42332640e-04 2.00597461e-04 4.06196613e-04 1.19328212e-04 2.81223783e-03 4.15431634e-03 2.11429930e-04 6.20956771e-05 4.07148503e-05 1.13013369e-04 3.14166711e-05 5.27436729e-05 1.12845983e-04 6.87932363e-05 1.25273848e-04 1.52793681e-04 9.22791228e-05 6.73828531e-05 4.74788176e-06 8.79469080e-06 5.90277014e-06 2.32910147e-05 4.81053139e-06 1.58347241e-05 4.12331053e-05 3.60203005e-05 1.34657006e-05 4.37648238e-05 3.55364697e-05 1.35241455e-05 4.22812216e-05 5.00938819e-05 9.24131455e-06 3.83650206e-05 9.04171815e-05 2.47639196e-05 2.10974826e-04 3.70177105e-04 1.48070842e-05 1.38327592e-04 1.90909617e-05 3.00303713e-05 2.68417675e-04 4.48929946e-04 7.82537556e-05 1.99815127e-04 4.57959942e-05 1.44114422e-05 3.11033198e-05 1.59138183e-05 4.81888594e-07 7.77362299e-09 3.01635472e-10
 1997 11 19 12 00 00  3.58710494e-03 2.17969313e-03 1.19652249e-03 8.47796586e-04 6.02331156e-04 3.43006863e-04 2.42536250e-04 2.00806759e-04 4.06741390e-04 1.19345410e-04 2.81665185e-03 4.16493975e-03 2.11546779e-04 6.20419287e-05 4.07194480e-05 1.13149763e-04 3.14771896e-05 5.29001292e-05 1.12760709e-04 6.86611515e-05 1.25602433e-04 1.53211584e-04 9.24353460e-05 6.74578657e-05 4.75222259e-06 8.84796609e-06 5.90452910e-06 2.33075287e-05 4.80756971e-06 1.58404340e-05 4.12886631e-05 3.60453967e-05 1.35156006e-05 4.38473666e-05 3.53631855e-05 1.35325943e-05 4.23890509e-05 5.02717155e-05 9.28564186e-06 3.84547170e-05 9.07695518e-05 2.46519863e-05 2.11935887e-04 3.68582618e-04 1.47433047e-05 1.38568732e-04 1.94265071e-05 2.98132654e-05 2.69024317e-04 4.49600961e-04 7.81213904e-05 2.02392684e-04 4.80570474e-05 1.52333538e-05 3.30003030e-05 1.71863649e-05 5.39766023e-07 1.08220661e-08 5.78802473e-10
 1997 11 20 12 00 00  3.58744190e-03 2.18040129e-03 1.19692874e-03 8.48008767e-04 6.02471166e-04 3.43008282e-04 2.42565916e-04 2.00851224e-04 4.06859990e-04 1.19478075e-04 2.81756769e-03 4.16493937e-03 2.11674724e-04 6.21364207e-05 4.07485994e-05 1.13205853e-04 3.14762176e-05 5.28989360e-05 1.12947463e-04 6.88194938e-05 1.25598757e-04 1.53210035e-04 9.24493635e-05 6.74146841e-05 4.75216148e-06 8.74736943e-06 5.90452364e-06 2.33068663e-05 4.81112438e-06 1.58472034e-05 4.13067596e-05 3.60450591e-05 1.35147435e-05 4.38107677e-05 3.55711440e-05 1.35325856e-05 4.24219667e-05 5.03018142e-05 9.20194143e-06 3.83936993e-05 9.08572422e-05 2.47862044e-05 2.11543504e-04 3.70496015e-04 1.48198406e-05 1.39064992e-04 1.94232562e-05 3.00736137e-05 2.69731681e-04 4.50096079e-04 7.84564791e-05 1.99270317e-04 4.37824117e-05 1.36795002e-05 2.94140484e-05 1.47813224e-05 4.30432101e-07 5.06723667e-09 5.56666713e-11
 1997 11 21 12 00 00  3.59310461e-03 2.18383261e-03 1.19912673e-03 8.49734645e-04 6.04049006e-04 3.43741523e-04 2.43277222e-04 2.01627914e-04 4.08885992e-04 1.19958584e-04 2.83384417e-03 4.19681184e-03 2.12440242e-04 6.22806047e-05 4.08565861e-05 1.13803770e-04 3.16611637e-05 5.33724437e-05 1.13299369e-04 6.89339417e-05 1.26587315e-04 1.54469147e-04 9.29674296e-05 6.76831653e-05 4.76539935e-06 8.83434404e-06 5.90981763e-06 2.33726813e-05 4.81369061e-06 1.58874353e-05 4.15462746e-05 3.61215236e-05 1.36674455e-05 4.40956142e-05 3.57213110e-05 1.35579685e-05 4.28853836e-05 5.09552711e-05 9.27430738e-06 3.87989113e-05 9.22462482e-05 2.48832017e-05 2.14481848e-04 3.71877776e-04 1.48751110e-05 1.41600640e-04 2.04412499e-05 3.02617525e-05 2.73926403e-04 4.54579645e-04 7.91522644e-05 2.04936520e-04 4.74852679e-05 1.50254914e-05 3.25204810e-05 1.68636200e-05 5.25024666e-07 1.00409197e-08 5.07660580e-10
 1997 11 22 12 00 00  3.59862101e-03 2.18694967e-03 1.20114472e-03 8.51369293e-04 6.05568896e-04 3.44475084e-04 2.43976316e-04 2.02386053e-04 4.10861466e-04 1.20380431e-04 2.84972838e-03 4.22868505e-03 2.13149612e-04 6.23836133e-05 4.09518499e-05 1.14378441e-04 3.18475650e-05 5.38477325e-05 1.13570963e-04 6.89790642e-05 1.27577399e-04 1.55730564e-04 9.34799468e-05 6.79325932e-05 4.77872818e-06 8.91160598e-06 5.91511816e-06 2.34355904e-05 4.81467141e-06 1.59248852e-05 4.17769197e-05 3.61985003e-05 1.38214309e-05 4.43645691e-05 3.57788667e-05 1.35833659e-05 4.33296333e-05 5.15943098e-05 9.33858464e-06 3.91609896e-05 9.35956611e-05 2.49211851e-05 2.17323618e-04 3.72408406e-04 1.48963362e-05 1.43888028e-04 2.14641055e-05 3.03352514e-05 2.77824866e-04 4.58693489e-04 7.97032903e-05 2.10322906e-04 5.08170026e-05 1.62364787e-05 3.53148433e-05 1.87309387e-05 6.09434332e-07 1.44476758e-08 9.07333231e-10
 1997 11 23 12 00 00  3.60828684e-03 2.19311873e-03 1.20506673e-03 8.54391235e-04 6.08302783e-04 3.45702811e-04 2.45184420e-04 2.03712977e-04 4.14320497e-04 1.21265962e-04 2.87749778e-03 4.28180844e-03 2.14508245e-04 6.26843726e-05 4.11504512e-05 1.15416724e-04 3.21603438e-05 5.46424650e-05 1.14278192e-04 6.92702190e-05 1.29227121e-04 1.57836281e-04 9.43555564e-05 6.82990260e-05 4.80107628e-06 8.91461459e-06 5.92396464e-06 2.35413342e-05 4.82118267e-06 1.59972252e-05 4.21905084e-05 3.63275380e-05 1.40799326e-05 4.47713669e-05 3.61599756e-05 1.36257193e-05 4.41204143e-05 5.27065021e-05 9.34108175e-06 3.96979335e-05 9.59791999e-05 2.51677848e-05 2.21605151e-04 3.75915686e-04 1.50366274e-05 1.48411839e-04 2.31759157e-05 3.08134709e-05 2.85337647e-04 4.66309447e-04 8.10849207e-05 2.15416704e-04 5.09900695e-05 1.62992813e-05 3.54592642e-05 1.88216007e-05 6.13110421e-07 1.46075312e-08 9.21011178e-10
 1997 11 24 12 00 00  3.61259388e-03 2.19648679e-03 1.20715265e-03 8.55879526e-04 6.09588175e-04 3.46199812e-04 2.45708747e-04 2.04304127e-04 4.15861428e-04 1.21789254e-04 2.88982363e-03 4.30305935e-03 2.15215849e-04 6.29255936e-05 4.12671630e-05 1.15908899e-04 3.22886597e-05 5.49642951e-05 1.14803847e-04 6.95884228e-05 1.29891985e-04 1.58683667e-04 9.47264455e-05 6.85059934e-05 4.81021671e-06 8.94654440e-06 5.92751967e-06 2.35945060e-05 4.82828291e-06 1.60356340e-05 4.23881130e-05 3.63802770e-05 1.41861616e-05 4.49856515e-05 3.65756190e-05 1.36426956e-05 4.45000849e-05 5.32045564e-05 9.36764336e-06 4.00451717e-05 9.70763276e-05 2.54371669e-05 2.23653124e-04 3.79741407e-04 1.51896563e-05 1.50987206e-04 2.38713576e-05 3.13357712e-05 2.89306435e-04 4.70541682e-04 8.20728112e-05 2.18541391e-04 5.23833554e-05 1.68056607e-05 3.66275522e-05 1.96000944e-05 6.48141733e-07 1.64242941e-08 1.08547331e-09
 1997 11 25 12 00 00  3.61492911e-03 2.19852800e-03 1.20840111e-03 8.56740105e-04 6.10314862e-04 3.46452860e-04 2.45989090e-04 2.04625855e-04 4.16698084e-04 1.22118236e-04 2.89650000e-03 4.31368612e-03 2.15635697e-04 6.30948862e-05 4.13404981e-05 1.16188624e-04 3.23564600e-05 5.51296689e-05 1.15165986e-04 6.98282151e-05 1.30228728e-04 1.59113146e-04 9.49215989e-05 6.86167922e-05 4.81501665e-06 8.95004705e-06 5.92931610e-06 2.36245398e-05 4.83360127e-06 1.60590690e-05 4.25011499e-05 3.64079169e-05 1.42424877e-05 4.50995665e-05 3.68871610e-05 1.36512230e-05 4.47150702e-05 5.34771485e-05 9.37055083e-06 4.02402790e-05 9.76890938e-05 2.56398955e-05 2.24698897e-04 3.82609970e-04 1.53043988e-05 1.52578778e-04 2.42312584e-05 3.17286758e-05 2.91708811e-04 4.73086921e-04 8.27452437e-05 2.19797003e-04 5.25683199e-05 1.68728103e-05 3.67821087e-05 1.96987957e-05 6.52272541e-07 1.66148268e-08 1.10211102e-09
 1997 11 26 12 00 00  3.62015096e-03 2.20378805e-03 1.21157326e-03 8.58807215e-04 6.11991196e-04 3.46958324e-04 2.46596706e-04 2.05340521e-04 4.18564055e-04 1.22996561e-04 2.91133698e-03 4.33493815e-03 2.16687170e-04 6.35901592e-05 4.15355351e-05 1.16837399e-04 3.24872060e-05 5.54544735e-05 1.16200478e-04 7.05709797e-05 1.30898372e-04 1.59964401e-04 9.53331639e-05 6.89410920e-05 4.82431024e-06 9.03588079e-06 5.93288351e-06 2.36985690e-05 4.85016608e-06 1.61165698e-05 4.27615239e-05 3.64615000e-05 1.43508601e-05 4.54136789e-05 3.78569501e-05 1.36682269e-05 4.52220015e-05 5.40798301e-05 9.44196581e-06 4.08496060e-05 9.90705867e-05 2.62686139e-05 2.27371627e-04 3.91536383e-04 1.56614553e-05 1.56728339e-04 2.49348261e-05 3.29476548e-05 2.97643714e-04 4.79719226e-04 8.46410696e-05 2.24784435e-04 5.62453382e-05 1.82093556e-05 3.98664779e-05 2.17632047e-05 7.45829317e-07 2.15171880e-08 1.54719508e-09
 1997 11 27 12 00 00  3.62529054e-03 2.20327659e-03 1.21158679e-03 8.59593401e-04 6.13102303e-04 3.47928622e-04 2.47334977e-04 2.06060404e-04 4.20420060e-04 1.22684976e-04 2.92650361e-03 4.37743962e-03 2.16790831e-04 6.31062157e-05 4.14708425e-05 1.17236791e-04 3.27438378e-05 5.60981105e-05 1.15331735e-04 6.95894589e-05 1.32226615e-04 1.61659155e-04 9.59252497e-05 6.90523061e-05 4.84259181e-06 9.09395749e-06 5.93999393e-06 2.37411952e-05 4.82802789e-06 1.61222590e-05 4.29295571e-05 3.65669752e-05 1.45633167e-05 4.55863175e-05 3.65624350e-05 1.37021794e-05 4.55250111e-05 5.47004594e-05 9.49028472e-06 4.08075174e-05 1.00233321e-04 2.54357408e-05 2.30153055e-04 3.79628932e-04 1.51851573e-05 1.56051941e-04 2.63256952e-05 3.13315424e-05 2.98209640e-04 4.79769098e-04 8.31744934e-05 2.30268461e-04 5.87322675e-05 1.91133212e-05 4.19525883e-05 2.31595922e-05 8.09121423e-07 2.48343866e-08 1.84838029e-09
 1997 11 28 12 00 00  3.63692598e-03 2.21350696e-03 1.21784085e-03 8.63862683e-04 6.16682262e-04 3.49176414e-04 2.48723507e-04 2.07654402e-04 4.24580084e-04 1.24332860e-04 2.95968877e-03 4.43056598e-03 2.18888410e-04 6.39529544e-05 4.18377489e-05 1.18613975e-04 3.30638955e-05 5.69017662e-05 1.17133719e-04 7.07925356e-05 1.33888044e-04 1.63776439e-04 9.68894863e-05 6.96402899e-05 4.86539757e-06 9.16922436e-06 5.94887788e-06 2.38895254e-05 4.85484525e-06 1.62359967e-05 4.34785025e-05 3.66985594e-05 1.48282415e-05 4.61821397e-05 3.81325022e-05 1.37446128e-05 4.65866811e-05 5.60382764e-05 9.55290525e-06 4.18510559e-05 1.03231508e-04 2.64539907e-05 2.35566967e-04 3.94081088e-04 1.57632435e-05 1.63940498e-04 2.80618493e-05 3.33056843e-05 3.09974172e-04 4.92432400e-04 8.65102430e-05 2.38014685e-04 6.19541284e-05 2.02844280e-05 4.46552021e-05 2.49688161e-05 8.91137290e-07 2.91338083e-08 2.23876970e-09
 1997 11 29 12 00 00  3.64353177e-03 2.21883792e-03 1.22113024e-03 8.66188553e-04 6.18679541e-04 3.49926646e-04 2.49525091e-04 2.08562525e-04 4.26944803e-04 1.25170439e-04 2.97859300e-03 4.46244366e-03 2.20001699e-04 6.43528076e-05 4.20245113e-05 1.19379958e-04 3.32604919e-05 5.73895581e-05 1.17999518e-04 7.13326561e-05 1.34888607e-04 1.65054064e-04 9.74542049e-05 6.99097415e-05 4.87936923e-06 9.14160846e-06 5.95423226e-06 2.39680649e-05 4.86686949e-06 1.62971538e-05 4.37853658e-05 3.67791043e-05 1.49912259e-05 4.64695695e-05 3.88366170e-05 1.37701209e-05 4.71703283e-05 5.68023684e-05 9.52992268e-06 4.23027782e-05 1.04926117e-04 2.69110111e-05 2.38328887e-04 4.00562824e-04 1.60225130e-05 1.68005478e-04 2.91188015e-05 3.41916573e-05 3.16271159e-04 4.98927343e-04 8.81333936e-05 2.40389437e-04 6.08228649e-05 1.98731078e-05 4.37053903e-05 2.43260706e-05 8.61502281e-07 2.75425720e-08 2.09332391e-09
 1997 11 30 12 00 00  3.64601890e-03 2.22115973e-03 1.22254049e-03 8.67147830e-04 6.19482510e-04 3.50186435e-04 2.49822247e-04 2.08907646e-04 4.27838220e-04 1.25552574e-04 2.98571249e-03 4.47307304e-03 2.20474445e-04 6.45606913e-05 4.21097015e-05 1.19690248e-04 3.33346019e-05 5.75626618e-05 1.18441718e-04 7.16358132e-05 1.35232696e-04 1.65493564e-04 9.76591608e-05 7.00176017e-05 4.88456571e-06 9.12108808e-06 5.95606107e-06 2.40009312e-05 4.87356010e-06 1.63245748e-05 4.39126358e-05 3.68089532e-05 1.50531196e-05 4.65818884e-05 3.92287329e-05 1.37787167e-05 4.74073800e-05 5.70980640e-05 9.51283728e-06 4.24978908e-05 1.05601463e-04 2.71670346e-05 2.39339941e-04 4.04174341e-04 1.61669736e-05 1.69849241e-04 2.94997939e-05 3.46876739e-05 3.19050590e-04 5.01813667e-04 8.89523839e-05 2.41017283e-04 6.00259043e-05 1.95832287e-05 4.30354854e-05 2.38665396e-05 8.39872615e-07 2.63482718e-08 1.98334096e-09
 1997 12 01 12 00 00  3.64927577e-03 2.22228886e-03 1.22334301e-03 8.67978342e-04 6.20343814e-04 3.50683753e-04 2.50257147e-04 2.09363429e-04 4.29013277e-04 1.25657144e-04 2.99521045e-03 4.49432768e-03 2.20779939e-04 6.45054801e-05 4.21348910e-05 1.20012442e-04 3.34711687e-05 5.78946027e-05 1.18384066e-04 7.14559457e-05 1.35907478e-04 1.66354060e-04 9.79890779e-05 7.01352528e-05 4.89422564e-06 9.15207493e-06 5.95965867e-06 2.40370487e-05 4.86938516e-06 1.63426433e-05 4.40479519e-05 3.68645793e-05 1.51666318e-05 4.67218965e-05 3.89853289e-05 1.37957832e-05 4.76552399e-05 5.74930674e-05 9.53860726e-06 4.26232034e-05 1.06412873e-04 2.70134362e-05 2.41035595e-04 4.01939212e-04 1.60775685e-05 1.70681680e-04 3.02228320e-05 3.43890104e-05 3.20864741e-04 5.03571097e-04 8.88960099e-05 2.44080542e-04 6.14248205e-05 2.00915460e-05 4.42077111e-05 2.46414185e-05 8.74289390e-07 2.80986939e-08 2.14090985e-09
 1997 12 02 12 00 00  3.64721364e-03 2.22069593e-03 1.22235500e-03 8.67300863e-04 6.19775010e-04 3.50451084e-04 2.50012194e-04 2.09089185e-04 4.28284864e-04 1.25414435e-04 2.98937696e-03 4.48371023e-03 2.20449138e-04 6.44019051e-05 4.20816234e-05 1.19795869e-04 3.34237644e-05 5.77542232e-05 1.18167434e-04 7.13216257e-05 1.35595595e-04 1.65957009e-04 9.78162415e-05 7.00289143e-05 4.89070990e-06 9.11636816e-06 5.95796810e-06 2.40152300e-05 4.86618883e-06 1.63276711e-05 4.39671617e-05 3.68440757e-05 1.51283020e-05 4.66148947e-05 3.87994398e-05 1.37874784e-05 4.74874917e-05 5.72740571e-05 9.50887843e-06 4.24424989e-05 1.05942511e-04 2.68980744e-05 2.40027582e-04 4.00234578e-04 1.60093831e-05 1.69570222e-04 2.99311389e-05 3.41642764e-05 3.19224969e-04 5.01751277e-04 8.84861617e-05 2.42230951e-04 6.00494224e-05 1.95912425e-05 4.30513734e-05 2.38465245e-05 8.36755873e-07 2.60175874e-08 1.94905159e-09
 1997 12 03 12 00 00  3.63436769e-03 2.21338091e-03 1.21762523e-03 8.63512384e-04 6.16274565e-04 3.48753858e-04 2.48392060e-04 2.07332758e-04 4.23694809e-04 1.24424314e-04 2.95246104e-03 4.40934598e-03 2.18793170e-04 6.41619290e-05 4.18592713e-05 1.18473229e-04 3.30045179e-05 5.66644419e-05 1.17549992e-04 7.12131499e-05 1.33309573e-04 1.63038628e-04 9.66295959e-05 6.95772640e-05 4.86059653e-06 9.11025054e-06 5.94568010e-06 2.38844378e-05 4.86358767e-06 1.62430584e-05 4.34472191e-05 3.66699533e-05 1.47828498e-05 4.61000138e-05 3.86482832e-05 1.37283845e-05 4.64838070e-05 5.58144771e-05 9.50377289e-06 4.18316629e-05 1.02867706e-04 2.68047472e-05 2.34369704e-04 3.98849146e-04 1.59539658e-05 1.64425767e-04 2.75969447e-05 3.39823833e-05 3.10328843e-04 4.92891184e-04 8.72232023e-05 2.35498671e-04 5.98998442e-05 1.95366057e-05 4.29239881e-05 2.37459913e-05 8.31098600e-07 2.56377390e-08 1.91243927e-09
 1997 12 04 12 00 00  3.61690895e-03 2.20203202e-03 1.21042820e-03 8.58045233e-04 6.11370071e-04 3.46561941e-04 2.46222828e-04 2.04947012e-04 4.17458493e-04 1.22786583e-04 2.90240681e-03 4.31373343e-03 2.16310799e-04 6.35929799e-05 4.14930954e-05 1.16610849e-04 3.24618130e-05 5.52587968e-05 1.16235191e-04 7.06385588e-05 1.30363601e-04 1.59280589e-04 9.50613998e-05 6.88637654e-05 4.82164760e-06 9.03083055e-06 5.92986289e-06 2.36934611e-05 4.85052042e-06 1.61144545e-05 4.27122675e-05 3.64447915e-05 1.43354555e-05 4.53251364e-05 3.78848112e-05 1.36523682e-05 4.50595892e-05 5.38278439e-05 9.43767591e-06 4.07550717e-05 9.86164511e-05 2.63162859e-05 2.26364236e-04 3.91829884e-04 1.56731954e-05 1.56176592e-04 2.45835516e-05 3.30339943e-05 2.96857844e-04 4.78969751e-04 8.46667158e-05 2.24377920e-04 5.66356221e-05 1.83497798e-05 4.01835357e-05 2.18930268e-05 7.45772903e-07 2.10643321e-08 1.49461172e-09
 1997 12 05 12 00 00  3.60471259e-03 2.19328703e-03 1.20495390e-03 8.54050169e-04 6.07871573e-04 3.45099644e-04 2.44728338e-04 2.03283651e-04 4.13105436e-04 1.21473976e-04 2.86752903e-03 4.24999297e-03 2.14443259e-04 6.30564644e-05 4.12004669e-05 1.15277590e-04 3.21030762e-05 5.43254719e-05 1.15046984e-04 6.99917960e-05 1.28403121e-04 1.56780114e-04 9.39935177e-05 6.83369898e-05 4.79587579e-06 8.97262289e-06 5.91933313e-06 2.35564175e-05 4.83588337e-06 1.60177264e-05 4.21884319e-05 3.62957624e-05 1.40399046e-05 4.47656971e-05 3.70292168e-05 1.36017246e-05 4.40388050e-05 5.24467998e-05 9.38923622e-06 3.99132042e-05 9.56258968e-05 2.57670676e-05 2.20809881e-04 3.83961417e-04 1.53584567e-05 1.49746146e-04 2.25848999e-05 3.19680228e-05 2.86719755e-04 4.68347167e-04 8.24070033e-05 2.16745208e-04 5.42324879e-05 1.74760597e-05 3.81661949e-05 2.05305241e-05 6.83141161e-07 1.77154341e-08 1.18885826e-09
 1997 12 06 12 00 00  3.60079433e-03 2.19064010e-03 1.20328375e-03 8.52814216e-04 6.06780351e-04 3.44619372e-04 2.44246764e-04 2.02752120e-04 4.11709578e-04 1.21087246e-04 2.85633562e-03 4.22874987e-03 2.13871439e-04 6.29144371e-05 4.11142310e-05 1.14863216e-04 3.19903018e-05 5.40226931e-05 1.14728025e-04 6.98365271e-05 1.27759643e-04 1.55957435e-04 9.36474116e-05 6.82151383e-05 4.78771326e-06 9.00925006e-06 5.91585922e-06 2.35188161e-05 4.83231161e-06 1.59894334e-05 4.20306257e-05 3.62484629e-05 1.39473879e-05 4.46256477e-05 3.68207810e-05 1.35849157e-05 4.37287325e-05 5.20136691e-05 9.41970720e-06 3.97359771e-05 9.46990528e-05 2.56347324e-05 2.19332190e-04 3.82046430e-04 1.52818572e-05 1.47900565e-04 2.19414229e-05 3.17108788e-05 2.83710767e-04 4.65386061e-04 8.17947315e-05 2.16065343e-04 5.58103704e-05 1.80495771e-05 3.94896077e-05 2.14150969e-05 7.23142179e-07 1.98049030e-08 1.37839278e-09
 1997 12 07 12 00 00  3.59863574e-03 2.18888551e-03 1.20220155e-03 8.52071615e-04 6.06156001e-04 3.44380294e-04 2.43989499e-04 2.02461088e-04 4.10942503e-04 1.20813285e-04 2.85020634e-03 4.21812907e-03 2.13508318e-04 6.27862676e-05 4.10534613e-05 1.14624477e-04 3.19365790e-05 5.38745779e-05 1.14455217e-04 6.96627132e-05 1.27438021e-04 1.55550337e-04 9.34671455e-05 6.80498918e-05 4.78379952e-06 8.90508163e-06 5.91413518e-06 2.34890719e-05 4.82834948e-06 1.59715709e-05 4.19371802e-05 3.62257502e-05 1.39034848e-05 4.44678096e-05 3.65893706e-05 1.35765426e-05 4.35366815e-05 5.17727028e-05 9.33303381e-06 3.94447237e-05 9.41733684e-05 2.54868966e-05 2.17909410e-04 3.79919074e-04 1.51967630e-05 1.46568038e-04 2.16286091e-05 3.14238016e-05 2.81805716e-04 4.63062332e-04 8.12889165e-05 2.11872544e-04 5.13927599e-05 1.64437308e-05 3.57832510e-05 1.89282986e-05 6.10004366e-07 1.38432686e-08 8.36290504e-10
 1997 12 08 12 00 00  3.59199479e-03 2.18337246e-03 1.19880999e-03 8.49732053e-04 6.04180906e-04 3.43646962e-04 2.43194435e-04 2.01557674e-04 4.08574654e-04 1.19943229e-04 2.83129170e-03 4.18625996e-03 2.12368296e-04 6.23654013e-05 4.08600738e-05 1.13867390e-04 3.17589147e-05 5.34099934e-05 1.13557391e-04 6.90836983e-05 1.26459509e-04 1.54302792e-04 9.29106918e-05 6.77349580e-05 4.77102003e-06 8.86872731e-06 5.90887939e-06 2.34105924e-05 4.81530842e-06 1.59123131e-05 4.16412877e-05 3.61518294e-05 1.37572075e-05 4.41446330e-05 3.58266407e-05 1.35512382e-05 4.29556811e-05 5.10252731e-05 9.30278256e-06 3.89001341e-05 9.25214241e-05 2.49957171e-05 2.14903251e-04 3.72902678e-04 1.49161071e-05 1.42441703e-04 2.06349607e-05 3.04708024e-05 2.75597117e-04 4.56426611e-04 7.96182368e-05 2.07753654e-04 4.98704744e-05 1.58903183e-05 3.45057249e-05 1.80684733e-05 5.70694817e-07 1.17574547e-08 6.46257314e-10
 1997 12 09 12 00 00  3.58523934e-03 2.17762255e-03 1.19528259e-03 8.47320430e-04 6.02157380e-04 3.42912431e-04 2.42389010e-04 2.00638981e-04 4.06166551e-04 1.19028829e-04 2.81206357e-03 4.15439010e-03 2.11185478e-04 6.19133110e-05 4.06570467e-05 1.13090870e-04 3.15807672e-05 5.29448211e-05 1.12598058e-04 6.84523839e-05 1.25480493e-04 1.53054502e-04 9.23490647e-05 6.74136531e-05 4.75821034e-06 8.83740577e-06 5.90362179e-06 2.33302426e-05 4.80107847e-06 1.58506529e-05 4.13374899e-05 3.60777369e-05 1.36105067e-05 4.38160811e-05 3.49945098e-05 1.35259281e-05 4.23597810e-05 5.02651605e-05 9.27672081e-06 3.83381323e-05 9.08345852e-05 2.44600960e-05 2.11877923e-04 3.65248147e-04 1.46099259e-05 1.38125804e-04 1.96397115e-05 2.94315279e-05 2.69142796e-04 4.49527441e-04 7.78354471e-05 2.03764647e-04 4.85553163e-05 1.54122125e-05 3.34020871e-05 1.73261868e-05 5.36795059e-07 9.96141498e-09 4.82693174e-10
 1997 12 10 12 00 00  3.57874881e-03 2.17242498e-03 1.19207171e-03 8.45074995e-04 6.00244165e-04 3.42180105e-04 2.41607151e-04 1.99755190e-04 4.03850997e-04 1.18217696e-04 2.79355787e-03 4.12252061e-03 2.10102058e-04 6.15335643e-05 4.04763634e-05 1.12358626e-04 3.14030942e-05 5.24802308e-05 1.11780260e-04 6.79424149e-05 1.24501997e-04 1.51806944e-04 9.17990870e-05 6.71108207e-05 4.74543122e-06 8.79998479e-06 5.89836527e-06 2.32544023e-05 4.78962429e-06 1.57944546e-05 4.10517890e-05 3.60038190e-05 1.34642280e-05 4.35030065e-05 3.43243999e-05 1.35006252e-05 4.17985036e-05 4.95338482e-05 9.24558335e-06 3.78234851e-05 8.92268910e-05 2.40277528e-05 2.08922265e-04 3.59082769e-04 1.43633108e-05 1.34250662e-04 1.86460486e-05 2.85928545e-05 2.63250344e-04 4.43248138e-04 7.63115680e-05 1.99622345e-04 4.69703933e-05 1.48360726e-05 3.20723082e-05 1.64336838e-05 4.96170054e-07 7.81920626e-09 2.87859470e-10
 1997 12 11 12 00 00  3.57840170e-03 2.17445129e-03 1.19315878e-03 8.45474177e-04 6.00379986e-04 3.41952948e-04 2.41511474e-04 1.99705029e-04 4.03722830e-04 1.18652255e-04 2.79237168e-03 4.11190018e-03 2.10423049e-04 6.19095772e-05 4.05711274e-05 1.12424520e-04 3.13488941e-05 5.23315219e-05 1.12509971e-04 6.86127751e-05 1.24183169e-04 1.51399090e-04 9.16966119e-05 6.71763461e-05 4.74148765e-06 8.80134903e-06 5.89663978e-06 2.32644372e-05 4.80462113e-06 1.58136081e-05 4.10794276e-05 3.59809346e-05 1.34198999e-05 4.35403002e-05 3.52021045e-05 1.34922448e-05 4.18547049e-05 4.94931986e-05 9.24672058e-06 3.80501275e-05 8.92469523e-05 2.45955714e-05 2.08704497e-04 3.67160134e-04 1.46864054e-05 1.36022651e-04 1.83316239e-05 2.96940125e-05 2.65184510e-04 4.45624923e-04 7.76009420e-05 1.99011962e-04 4.70183531e-05 1.48535311e-05 3.21127171e-05 1.64621548e-05 4.97563050e-07 7.89998005e-09 2.95391134e-10
 1997 12 12 12 00 00  3.57492322e-03 2.17274750e-03 1.19202864e-03 8.44512289e-04 5.99463267e-04 3.41472124e-04 2.41066729e-04 1.99229281e-04 4.02478682e-04 1.18441528e-04 2.78235731e-03 4.09065410e-03 2.10019636e-04 6.18906981e-05 4.05229473e-05 1.12080172e-04 3.12322285e-05 5.20239759e-05 1.12429567e-04 6.86648884e-05 1.23532871e-04 1.50570207e-04 9.13674315e-05 6.70334075e-05 4.73307991e-06 8.75651676e-06 5.89314477e-06 2.32284760e-05 4.80581039e-06 1.57937405e-05 4.09455852e-05 3.59322759e-05 1.33239490e-05 4.33815604e-05 3.52715520e-05 1.34753951e-05 4.15911370e-05 4.90984397e-05 9.20941675e-06 3.78586439e-05 8.84303804e-05 2.46399053e-05 2.06955823e-04 3.67798471e-04 1.47119388e-05 1.34851731e-04 1.76751317e-05 2.97801103e-05 2.63069030e-04 4.43437462e-04 7.74224607e-05 1.95779532e-04 4.51182143e-05 1.41628080e-05 3.05184880e-05 1.53923428e-05 4.48880337e-07 5.33386428e-09 6.20281604e-11
 1997 12 13 12 00 00  3.57080400e-03 2.16970514e-03 1.19013034e-03 8.43146021e-04 5.98277192e-04 3.40987367e-04 2.40564810e-04 1.98668178e-04 4.01008079e-04 1.17979855e-04 2.77059460e-03 4.06940915e-03 2.09373787e-04 6.16926739e-05 4.04195178e-05 1.11627924e-04 3.11160489e-05 5.17170352e-05 1.11992134e-04 6.84171449e-05 1.22882633e-04 1.49742126e-04 9.10108959e-05 6.68263018e-05 4.72470347e-06 8.69880387e-06 5.88965268e-06 2.31800931e-05 4.80028866e-06 1.57608031e-05 4.07701832e-05 3.58837919e-05 1.32284345e-05 4.31685199e-05 3.49482958e-05 1.34585513e-05 4.12425995e-05 4.86343899e-05 9.16139907e-06 3.75157331e-05 8.74237623e-05 2.44302355e-05 2.04907134e-04 3.64822895e-04 1.45929158e-05 1.32598890e-04 1.70202897e-05 2.93736142e-05 2.59595501e-04 4.39662216e-04 7.66068425e-05 1.92040690e-04 4.26619102e-05 1.32699372e-05 2.84578103e-05 1.40109289e-05 3.86119333e-07 2.38991866e-09 1.00000000e-10
 1997 12 14 12 00 00  3.57072141e-03 2.16947786e-03 1.19000051e-03 8.43096917e-04 5.98259445e-04 3.40996011e-04 2.40562127e-04 1.98661371e-04 4.00982226e-04 1.17937717e-04 2.77041118e-03 4.06941399e-03 2.09334937e-04 6.16620105e-05 4.04100211e-05 1.11620931e-04 3.11262440e-05 5.17295324e-05 1.11933201e-04 6.83642866e-05 1.22895682e-04 1.49758335e-04 9.10125978e-05 6.68295271e-05 4.72534521e-06 8.71092052e-06 5.88970543e-06 2.31819296e-05 4.79910523e-06 1.57604764e-05 4.07742204e-05 3.58873629e-05 1.32374320e-05 4.31724101e-05 3.48790083e-05 1.34586619e-05 4.12407845e-05 4.86386932e-05 9.17148209e-06 3.75129091e-05 8.74315478e-05 2.43854491e-05 2.04989812e-04 3.64185320e-04 1.45674128e-05 1.32489352e-04 1.70543848e-05 2.92867480e-05 2.59501223e-04 4.39568860e-04 7.65131149e-05 1.92524659e-04 4.31710589e-05 1.34550296e-05 2.88850664e-05 1.42982470e-05 3.99237564e-07 2.85336235e-09 1.00000000e-10
 1997 12 15 12 00 00  3.56894986e-03 2.16851484e-03 1.18937216e-03 8.42597990e-04 5.97801011e-04 3.40762615e-04 2.40340589e-04 1.98422536e-04 4.00351435e-04 1.17811912e-04 2.76534932e-03 4.05879468e-03 2.09114987e-04 6.16376208e-05 4.03812860e-05 1.11448814e-04 3.10759235e-05 5.15855849e-05 1.11865092e-04 6.83640887e-05 1.22580579e-04 1.49356639e-04 9.08507485e-05 6.67570727e-05 4.72164575e-06 8.68931529e-06 5.88799994e-06 2.31654197e-05 4.79910595e-06 1.57509542e-05 4.07122579e-05 3.58658348e-05 1.31965280e-05 4.30931744e-05 3.48790345e-05 1.34503251e-05 4.11108964e-05 4.84477694e-05 9.15350683e-06 3.74102365e-05 8.70382424e-05 2.43853268e-05 2.04148130e-04 3.64185454e-04 1.45674182e-05 1.31866451e-04 1.67529375e-05 2.92865443e-05 2.58438795e-04 4.38453286e-04 7.63827684e-05 1.91012036e-04 4.22402726e-05 1.31167141e-05 2.81043918e-05 1.37764459e-05 3.75641673e-07 2.03023127e-09 1.00000000e-10
 1997 12 16 12 00 00  3.56516022e-03 2.16614479e-03 1.18785969e-03 8.41440223e-04 5.96757983e-04 3.40282732e-04 2.39869407e-04 1.97906415e-04 3.98997900e-04 1.17476313e-04 2.75449768e-03 4.03755084e-03 2.08591346e-04 6.15289384e-05 4.03054086e-05 1.11053935e-04 3.09626572e-05 5.12822066e-05 1.11605236e-04 6.82655314e-05 1.21933816e-04 1.48533174e-04 9.05099127e-05 6.65708626e-05 4.71345229e-06 8.62043598e-06 5.88452313e-06 2.31230409e-05 4.79694463e-06 1.57251504e-05 4.05607337e-05 3.58183665e-05 1.31035806e-05 4.28980750e-05 3.47522582e-05 1.34335103e-05 4.08066672e-05 4.80223395e-05 9.09619484e-06 3.71215767e-05 8.61372538e-05 2.43022048e-05 2.02179217e-04 3.63017294e-04 1.45206917e-05 1.30164694e-04 1.61078206e-05 2.91255710e-05 2.55687140e-04 4.35459306e-04 7.58898839e-05 1.87018865e-04 3.93244302e-05 1.20567633e-05 2.56579222e-05 1.21342633e-05 3.00878771e-07 1.00000000e-10 1.00000000e-10
 1997 12 17 12 00 00  3.55773700e-03 2.16178804e-03 1.18505455e-03 8.39220973e-04 5.94721008e-04 3.39313972e-04 2.38936208e-04 1.96890979e-04 3.96343480e-04 1.16876760e-04 2.73317800e-03 3.99505794e-03 2.07611688e-04 6.13645467e-05 4.01700059e-05 1.10283644e-04 3.07249633e-05 5.06617769e-05 1.11192396e-04 6.81584585e-05 1.20629868e-04 1.46868514e-04 8.98292171e-05 6.63069371e-05 4.69636216e-06 8.61835797e-06 5.87751128e-06 2.30472336e-05 4.79458358e-06 1.56752769e-05 4.02614366e-05 3.57195211e-05 1.29078340e-05 4.25985945e-05 3.46138724e-05 1.33997659e-05 4.02242452e-05 4.71814910e-05 9.09446317e-06 3.67562286e-05 8.43604636e-05 2.42117909e-05 1.98933204e-04 3.61742635e-04 1.44697054e-05 1.27090033e-04 1.47802668e-05 2.89504183e-05 2.50431156e-04 4.30199769e-04 7.50753100e-05 1.83191573e-04 3.92560063e-05 1.20318434e-05 2.56001752e-05 1.20928172e-05 2.98798848e-07 1.00000000e-10 1.00000000e-10
 1997 12 18 12 00 00  3.55161375e-03 2.15734188e-03 1.18227471e-03 8.37207306e-04 5.92965869e-04 3.38586792e-04 2.38188317e-04 1.96056945e-04 3.94157839e-04 1.16206412e-04 2.71568548e-03 3.96318994e-03 2.06664514e-04 6.10841397e-05 4.00199688e-05 1.09614819e-04 3.05502093e-05 5.02007664e-05 1.10571641e-04 6.78145327e-05 1.19656418e-04 1.45625613e-04 8.92965677e-05 6.60706422e-05 4.68376675e-06 8.62897796e-06 5.87227005e-06 2.29819286e-05 4.78688708e-06 1.56269685e-05 4.00040853e-05 3.56466218e-05 1.27641280e-05 4.23419475e-05 3.41634528e-05 1.33744921e-05 3.97184679e-05 4.64958272e-05 9.10329545e-06 3.63813199e-05 8.28749118e-05 2.39204557e-05 1.96372756e-04 3.57597645e-04 1.43039058e-05 1.23867868e-04 1.37963740e-05 2.83854315e-05 2.45338426e-04 4.24974808e-04 7.39099972e-05 1.80668111e-04 3.97347891e-05 1.22058173e-05 2.60013842e-05 1.23581111e-05 3.10588169e-07 1.00000000e-10 1.00000000e-10
 1997 12 19 12 00 00  3.55537599e-03 2.15953655e-03 1.18368684e-03 8.38351993e-04 5.94030943e-04 3.39087041e-04 2.38666789e-04 1.96577464e-04 3.95506537e-04 1.16509537e-04 2.72655035e-03 3.98444422e-03 2.07159964e-04 6.11655504e-05 4.00874143e-05 1.10018962e-04 3.06862959e-05 5.05321019e-05 1.10776093e-04 6.78647310e-05 1.20331234e-04 1.46485336e-04 8.96479730e-05 6.62444555e-05 4.69339611e-06 8.67801646e-06 5.87586546e-06 2.30281260e-05 4.78808688e-06 1.56551939e-05 4.01748102e-05 3.57020763e-05 1.28772110e-05 4.25285681e-05 3.42332060e-05 1.33915528e-05 4.00347108e-05 4.69453050e-05 9.14409466e-06 3.66354945e-05 8.38348170e-05 2.39636051e-05 1.98346200e-04 3.58237034e-04 1.43294814e-05 1.25556439e-04 1.45177837e-05 2.84695183e-05 2.48202813e-04 4.27985293e-04 7.43415940e-05 1.84326442e-04 4.18428570e-05 1.29720534e-05 2.77695554e-05 1.35405748e-05 3.64104334e-07 1.58742637e-09 1.00000000e-10
 1997 12 20 12 00 00  3.56339304e-03 2.16501611e-03 1.18713698e-03 8.40950807e-04 5.96351740e-04 3.40079565e-04 2.39662742e-04 1.97680292e-04 3.98376357e-04 1.17320190e-04 2.74957871e-03 4.02694717e-03 2.08347000e-04 6.14775106e-05 4.02682874e-05 1.10903321e-04 3.09458352e-05 5.11793129e-05 1.11483990e-04 6.82159211e-05 1.21663154e-04 1.48184721e-04 9.03655127e-05 6.65738785e-05 4.71186104e-06 8.69476280e-06 5.88299154e-06 2.31211444e-05 4.79598893e-06 1.57201145e-05 4.05333517e-05 3.58085672e-05 1.30922374e-05 4.28855821e-05 3.46954097e-05 1.34255373e-05 4.07133136e-05 4.78779512e-05 9.15802084e-06 3.71422440e-05 8.58555844e-05 2.42614624e-05 2.01996836e-04 3.62489193e-04 1.44995677e-05 1.29680367e-04 1.59183939e-05 2.90473836e-05 2.54887378e-04 4.34869551e-04 7.57155857e-05 1.89009360e-04 4.25948704e-05 1.32453180e-05 2.83997718e-05 1.39576806e-05 3.82667673e-07 2.22119603e-09 1.00000000e-10
 1997 12 21 12 00 00  3.57009246e-03 2.17054478e-03 1.19053933e-03 8.43334517e-04 5.98386226e-04 3.40830415e-04 2.40472324e-04 1.98600245e-04 4.00772860e-04 1.18194511e-04 2.76873551e-03 4.05882485e-03 2.09495302e-04 6.19022085e-05 4.04627438e-05 1.11684297e-04 3.11424403e-05 5.16671105e-05 1.12397133e-04 6.87979860e-05 1.22665503e-04 1.49462359e-04 9.09342605e-05 6.68997937e-05 4.72583270e-06 8.73451500e-06 5.88834482e-06 2.32057387e-05 4.80901363e-06 1.57831545e-05 4.08490082e-05 3.58891179e-05 1.32552217e-05 4.32204453e-05 3.54576448e-05 1.34510468e-05 4.13164784e-05 4.86554706e-05 9.19108716e-06 3.77020664e-05 8.75838258e-05 2.47545133e-05 2.05136552e-04 3.69503776e-04 1.47801510e-05 1.33946460e-04 1.69753606e-05 3.00035579e-05 2.61378021e-04 4.41795829e-04 7.74278164e-05 1.93536508e-04 4.43529372e-05 1.38842196e-05 2.98735403e-05 1.49366053e-05 4.26491698e-07 4.02928428e-09 1.00000000e-10
 1997 12 22 12 00 00  3.57197156e-03 2.17160593e-03 1.19122578e-03 8.43909165e-04 5.98930202e-04 3.41085160e-04 2.40714383e-04 1.98863465e-04 4.01450342e-04 1.18340074e-04 2.77418869e-03 4.06945422e-03 2.09738988e-04 6.19406354e-05 4.04956906e-05 1.11890867e-04 3.12155753e-05 5.18390269e-05 1.12501042e-04 6.88178989e-05 1.23011091e-04 1.49900310e-04 9.11125147e-05 6.70374772e-05 4.73096770e-06 8.82839813e-06 5.89016927e-06 2.32347028e-05 4.80939525e-06 1.57979682e-05 4.09397492e-05 3.59186262e-05 1.33162597e-05 4.33575301e-05 3.54803604e-05 1.34596325e-05 4.14852075e-05 4.88900261e-05 9.26918365e-06 3.79201338e-05 8.80860730e-05 2.47708493e-05 2.06500265e-04 3.69714891e-04 1.47885956e-05 1.34844733e-04 1.73531036e-05 3.00348940e-05 2.62855278e-04 4.43559104e-04 7.76422350e-05 1.97688574e-04 4.84624645e-05 1.53777681e-05 3.33192143e-05 1.72309185e-05 5.29608124e-07 9.36747639e-09 4.23229185e-10
 1997 12 23 12 00 00  3.57612738e-03 2.17462379e-03 1.19311169e-03 8.45305253e-04 6.00164422e-04 3.41586415e-04 2.41228343e-04 1.99437677e-04 4.02941341e-04 1.18798392e-04 2.78612960e-03 4.09070738e-03 2.10385506e-04 6.21368917e-05 4.05984714e-05 1.12362505e-04 3.13497148e-05 5.21679875e-05 1.12942389e-04 6.90595130e-05 1.23685108e-04 1.50756948e-04 9.14799020e-05 6.72856517e-05 4.74047592e-06 8.93409015e-06 5.89375450e-06 2.32914603e-05 4.81470306e-06 1.58341020e-05 4.11340949e-05 3.59734026e-05 1.34276299e-05 4.36074657e-05 3.57916229e-05 1.34766728e-05 4.18570098e-05 4.93828485e-05 9.35710414e-06 3.83325813e-05 8.91636140e-05 2.49747070e-05 2.08896324e-04 3.72582514e-04 1.49033005e-05 1.37228072e-04 1.80680247e-05 3.04297166e-05 2.66555634e-04 4.47704225e-04 7.84780878e-05 2.03250969e-04 5.30868926e-05 1.70584539e-05 3.71966443e-05 1.98129969e-05 6.45677977e-07 1.53777762e-08 9.67073888e-10
 1997 12 24 12 00 00  3.58607823e-03 2.18134853e-03 1.19735377e-03 8.48510836e-04 6.03032491e-04 3.42821829e-04 2.42465502e-04 2.00806309e-04 4.06505251e-04 1.19788908e-04 2.81470858e-03 4.14383374e-03 2.11847536e-04 6.25143579e-05 4.08206580e-05 1.13454479e-04 3.16688092e-05 5.29704615e-05 1.13808556e-04 6.94775023e-05 1.25344398e-04 1.52872716e-04 9.23710620e-05 6.77204896e-05 4.76322057e-06 8.99656879e-06 5.90263335e-06 2.34079611e-05 4.82395772e-06 1.59131828e-05 4.15725409e-05 3.61046434e-05 1.36917020e-05 4.40731439e-05 3.63338302e-05 1.35190945e-05 4.26959079e-05 5.05368496e-05 9.40907048e-06 3.90073408e-05 9.16574089e-05 2.53279548e-05 2.13616912e-04 3.77575410e-04 1.51030164e-05 1.42282712e-04 1.98009511e-05 3.11142532e-05 2.74732329e-04 4.56248620e-04 8.01414728e-05 2.10400288e-04 5.58741954e-05 1.80713372e-05 3.95328164e-05 2.13615810e-05 7.14773495e-07 1.89162179e-08 1.28623352e-09
 1997 12 25 12 00 00  3.59819303e-03 2.18979465e-03 1.20265986e-03 8.52465856e-04 6.06542231e-04 3.44303382e-04 2.43964356e-04 2.02470519e-04 4.10841886e-04 1.21047823e-04 2.84946648e-03 4.20758352e-03 2.13669195e-04 6.30168359e-05 4.11025781e-05 1.14792143e-04 3.20493797e-05 5.39305678e-05 1.14943795e-04 7.00625184e-05 1.27330162e-04 1.55407902e-04 9.34467285e-05 6.81869924e-05 4.79036789e-06 8.97424252e-06 5.91327589e-06 2.35439679e-05 4.83696494e-06 1.60113100e-05 4.21053269e-05 3.62613209e-05 1.40065298e-05 4.45849054e-05 3.70955910e-05 1.35699767e-05 4.37134851e-05 5.19325400e-05 9.39047823e-06 3.97258121e-05 9.46851138e-05 2.58228247e-05 2.18839142e-04 3.84588269e-04 1.53835308e-05 1.48570176e-04 2.18726476e-05 3.20735155e-05 2.84892223e-04 4.66599594e-04 8.23106924e-05 2.15882976e-04 5.50362712e-05 1.77664819e-05 3.88279273e-05 2.08736946e-05 6.91502532e-07 1.76089237e-08 1.16530439e-09
 1997 12 26 12 00 00  3.60855626e-03 2.19738507e-03 1.20739854e-03 8.55931097e-04 6.09581794e-04 3.45540719e-04 2.45237881e-04 2.03893597e-04 4.14550900e-04 1.22200508e-04 2.87916704e-03 4.26070914e-03 2.15287620e-04 6.35096681e-05 4.13603551e-05 1.15952842e-04 3.23674991e-05 5.47318486e-05 1.16038259e-04 7.06738327e-05 1.28986597e-04 1.57522105e-04 9.43551482e-05 6.86076012e-05 4.81305178e-06 8.96798665e-06 5.92215001e-06 2.36632490e-05 4.85056444e-06 1.60987017e-05 4.25678028e-05 3.63922241e-05 1.42697449e-05 4.50385338e-05 3.78919882e-05 1.36123883e-05 4.45985239e-05 5.31263616e-05 9.38526136e-06 4.03965808e-05 9.72918440e-05 2.63400027e-05 2.23357717e-04 3.91919837e-04 1.56767935e-05 1.54268392e-04 2.36023101e-05 3.30760551e-05 2.93935905e-04 4.75918144e-04 8.43836060e-05 2.20884723e-04 5.48505504e-05 1.76987803e-05 3.86707410e-05 2.07573085e-05 6.85422091e-07 1.72292648e-08 1.12927889e-09
 1997 12 27 12 00 00  3.61836839e-03 2.20383297e-03 1.21148128e-03 8.59047719e-04 6.12386612e-04 3.46773408e-04 2.46461452e-04 2.05242447e-04 4.18064227e-04 1.23138810e-04 2.90735660e-03 4.31383476e-03 2.16698499e-04 6.38490495e-05 4.15708217e-05 1.17019515e-04 3.26846493e-05 5.55319421e-05 1.16824677e-04 7.10286375e-05 1.30638449e-04 1.59634775e-04 9.52393211e-05 6.88926696e-05 4.83567492e-06 8.83903631e-06 5.93101831e-06 2.37641930e-05 4.85844575e-06 1.61746557e-05 4.29901644e-05 3.65227868e-05 1.45321013e-05 4.53773692e-05 3.83536099e-05 1.36547897e-05 4.53977933e-05 5.42531708e-05 9.27796864e-06 4.07904956e-05 9.97203132e-05 2.66400748e-05 2.27043457e-04 3.96169847e-04 1.58467939e-05 1.58959281e-04 2.53287377e-05 3.36576806e-05 3.01798869e-04 4.83511182e-04 8.59088704e-05 2.21882393e-04 4.93876130e-05 1.57129341e-05 3.40872653e-05 1.76812432e-05 5.45420701e-07 9.84797044e-09 4.57979876e-10
 1997 12 28 12 00 00  3.61989085e-03 2.20418097e-03 1.21175789e-03 8.59395121e-04 6.12770305e-04 3.47020890e-04 2.46668928e-04 2.05455548e-04 4.18613259e-04 1.23150264e-04 2.91181204e-03 4.32446115e-03 2.16811366e-04 6.37914367e-05 4.15741847e-05 1.17161853e-04 3.27524467e-05 5.56973100e-05 1.16734620e-04 7.08887994e-05 1.30976586e-04 1.60064242e-04 9.53994547e-05 6.89812401e-05 4.84047414e-06 8.90997326e-06 5.93281438e-06 2.37837612e-05 4.85528180e-06 1.61814296e-05 4.30525970e-05 3.65504326e-05 1.45884274e-05 4.54724979e-05 3.81686230e-05 1.36633171e-05 4.55133434e-05 5.44413014e-05 9.33700358e-06 4.09022715e-05 1.00097767e-04 2.65213283e-05 2.28132778e-04 3.94468617e-04 1.57787447e-05 1.59232860e-04 2.56886240e-05 3.34272045e-05 3.02473457e-04 4.84294378e-04 8.57734701e-05 2.25037129e-04 5.23118941e-05 1.67761408e-05 3.65421685e-05 1.93398943e-05 6.21710404e-07 1.39304699e-08 8.30793923e-10
 1997 12 29 12 00 00  3.61461620e-03 2.20154036e-03 1.21001385e-03 8.57914968e-04 6.11361346e-04 3.46293371e-04 2.45993889e-04 2.04731956e-04 4.16725381e-04 1.22818111e-04 2.89660963e-03 4.29259017e-03 2.16189779e-04 6.37527178e-05 4.14987184e-05 1.16631641e-04 3.25708970e-05 5.52279758e-05 1.16594311e-04 7.09503714e-05 1.29995921e-04 1.58810551e-04 9.48998619e-05 6.88434619e-05 4.82745127e-06 8.95985359e-06 5.92753895e-06 2.37347828e-05 4.85666387e-06 1.61495983e-05 4.28454866e-05 3.64751555e-05 1.44387261e-05 4.52988780e-05 3.82494880e-05 1.36379720e-05 4.51176609e-05 5.38408117e-05 9.37853038e-06 4.07555487e-05 9.88468518e-05 2.65735202e-05 2.26052718e-04 3.95212645e-04 1.58085058e-05 1.57444480e-04 2.46820098e-05 3.35284480e-05 2.99129403e-04 4.81191046e-04 8.54584849e-05 2.23648734e-04 5.42539199e-05 1.74825019e-05 3.81744989e-05 2.04588815e-05 6.74328390e-07 1.68320689e-08 1.09791074e-09
 1997 12 30 12 00 00  3.61065744e-03 2.19885055e-03 1.20831726e-03 8.56648138e-04 6.10236220e-04 3.45807061e-04 2.45504675e-04 2.04190525e-04 4.15309497e-04 1.22422130e-04 2.88527049e-03 4.27134335e-03 2.15606474e-04 6.36006275e-05 4.14094889e-05 1.16203846e-04 3.24518041e-05 5.49174554e-05 1.16245726e-04 7.07802363e-05 1.29342553e-04 1.57977829e-04 9.45487303e-05 6.86627513e-05 4.81889037e-06 8.92154640e-06 5.92403194e-06 2.36898062e-05 4.85292949e-06 1.61195312e-05 4.26790281e-05 3.64256470e-05 1.43406374e-05 4.51078730e-05 3.80304904e-05 1.36210962e-05 4.47900753e-05 5.33913349e-05 9.34667842e-06 4.04706434e-05 9.78802703e-05 2.64300004e-05 2.24148436e-04 3.93194943e-04 1.57277977e-05 1.55466818e-04 2.40174122e-05 3.32505064e-05 2.95969481e-04 4.77835464e-04 8.48024883e-05 2.20406102e-04 5.24822097e-05 1.68388192e-05 3.66905716e-05 1.94834225e-05 6.31401571e-07 1.46796570e-08 9.04965258e-10
 1997 12 31 12 00 00  3.60491177e-03 2.19522589e-03 1.20600844e-03 8.54870716e-04 6.08629279e-04 3.45076754e-04 2.44787627e-04 2.03404179e-04 4.13255088e-04 1.21905468e-04 2.86878284e-03 4.23947312e-03 2.14806603e-04 6.34300474e-05 4.12933551e-05 1.15594344e-04 3.22707434e-05 5.44487149e-05 1.15842311e-04 7.06211198e-05 1.28361918e-04 1.56724895e-04 9.40290870e-05 6.84738423e-05 4.80589806e-06 8.95523845e-06 5.91875832e-06 2.36313025e-05 4.84937955e-06 1.60781092e-05 4.24413828e-05 3.63505358e-05 1.41913639e-05 4.48907349e-05 3.78226570e-05 1.35957540e-05 4.43314062e-05 5.27397729e-05 9.37471777e-06 4.02051477e-05 9.64895322e-05 2.62953050e-05 2.21813642e-04 3.91282016e-04 1.56512806e-05 1.52879567e-04 2.30124104e-05 3.29893432e-05 2.91627931e-04 4.73549369e-04 8.40187812e-05 2.18533946e-04 5.38621081e-05 1.73405439e-05 3.78491405e-05 2.02674760e-05 6.67554582e-07 1.66210704e-08 1.08242393e-09
 1998 01 01 12 00 00  3.60257386e-03 2.19311467e-03 1.20472121e-03 8.54013540e-04 6.07923472e-04 3.44833803e-04 2.44512774e-04 2.03087702e-04 4.12423061e-04 1.21564363e-04 2.86215041e-03 4.22885045e-03 2.14377820e-04 6.32535044e-05 4.12176918e-05 1.15322983e-04 3.22141073e-05 5.42970200e-05 1.15471886e-04 7.03669619e-05 1.28038516e-04 1.56313154e-04 9.38395870e-05 6.83469072e-05 4.80180097e-06 8.92666503e-06 5.91702010e-06 2.36024636e-05 4.84364755e-06 1.60561668e-05 4.23363153e-05 3.63268016e-05 1.41448894e-05 4.47647695e-05 3.74874915e-05 1.35873488e-05 4.41216605e-05 5.24796104e-05 9.35094286e-06 3.99757991e-05 9.59085126e-05 2.60796427e-05 2.20694827e-04 3.88198935e-04 1.55279574e-05 1.51290496e-04 2.26898468e-05 3.25708737e-05 2.89316453e-04 4.71005099e-04 8.33365638e-05 2.16662453e-04 5.26658565e-05 1.69056572e-05 3.68452231e-05 1.95917714e-05 6.36660633e-07 1.49816451e-08 9.33056121e-10
