#START
 1998 01 01 12 00 00  3.60257386e-03 2.19311467e-03 1.20472121e-03 8.54013540e-04 6.07923472e-04 3.44833803e-04 2.44512774e-04 2.03087702e-04 4.12423061e-04 1.21564363e-04 2.86215041e-03 4.22885045e-03 2.14377820e-04 6.32535044e-05 4.12176918e-05 1.15322983e-04 3.22141073e-05 5.42970200e-05 1.15471886e-04 7.03669619e-05 1.28038516e-04 1.56313154e-04 9.38395870e-05 6.83469072e-05 4.80180097e-06 8.92666503e-06 5.91702010e-06 2.36024636e-05 4.84364755e-06 1.60561668e-05 4.23363153e-05 3.63268016e-05 1.41448894e-05 4.47647695e-05 3.74874915e-05 1.35873488e-05 4.41216605e-05 5.24796104e-05 9.35094286e-06 3.99757991e-05 9.59085126e-05 2.60796427e-05 2.20694827e-04 3.88198935e-04 1.55279574e-05 1.51290496e-04 2.26898468e-05 3.25708737e-05 2.89316453e-04 4.71005099e-04 8.33365638e-05 2.16662453e-04 5.26658565e-05 1.69056572e-05 3.68452231e-05 1.95917714e-05 6.36660633e-07 1.49816451e-08 9.33056121e-10
 1998 01 02 12 00 00  3.59631794e-03 2.18842367e-03 1.20180191e-03 8.51917604e-04 6.06106812e-04 3.44099200e-04 2.43750784e-04 2.02234925e-04 4.10191935e-04 1.20848730e-04 2.84427445e-03 4.19697985e-03 2.13387007e-04 6.29452110e-05 4.10589892e-05 1.14629177e-04 3.20320745e-05 5.38270921e-05 1.14801853e-04 6.99764118e-05 1.27055188e-04 1.55058690e-04 9.32974909e-05 6.80778272e-05 4.78874681e-06 8.90930678e-06 5.91174175e-06 2.35312411e-05 4.83473086e-06 1.60042681e-05 4.20610949e-05 3.62513529e-05 1.39947602e-05 4.44803226e-05 3.69667454e-05 1.35619979e-05 4.35895225e-05 5.17695131e-05 9.33649426e-06 3.95376505e-05 9.43600360e-05 2.57473497e-05 2.17905127e-04 3.83412430e-04 1.53364972e-05 1.47813823e-04 2.16816057e-05 3.19255225e-05 2.83899175e-04 4.65339226e-04 8.20591555e-05 2.13163342e-04 5.19670821e-05 1.66515561e-05 3.62583134e-05 1.91928582e-05 6.18143474e-07 1.39781129e-08 8.41098391e-10
 1998 01 03 12 00 00  3.58977146e-03 2.18314116e-03 1.19854237e-03 8.49636084e-04 6.04161472e-04 3.43360822e-04 2.42961355e-04 2.01341670e-04 4.07855705e-04 1.20021670e-04 2.82559244e-03 4.16510738e-03 2.12287484e-04 6.25557000e-05 4.08752893e-05 1.13883919e-04 3.18480947e-05 5.33547660e-05 1.13966121e-04 6.94507384e-05 1.26069735e-04 1.53801112e-04 9.27418551e-05 6.77956994e-05 4.77557005e-06 8.90877127e-06 5.90645286e-06 2.34552564e-05 4.82287032e-06 1.59461083e-05 4.17666856e-05 3.61752260e-05 1.38429139e-05 4.41841920e-05 3.62732157e-05 1.35366252e-05 4.30198372e-05 5.10263273e-05 9.33604242e-06 3.90608719e-05 9.27202896e-05 2.53012520e-05 2.15084205e-04 3.77033228e-04 1.50813291e-05 1.43856802e-04 2.06668497e-05 3.10598902e-05 2.77842234e-04 4.59002723e-04 8.04904051e-05 2.10128807e-04 5.19900173e-05 1.66597844e-05 3.62767722e-05 1.91989834e-05 6.17971966e-07 1.39351116e-08 8.36327274e-10
 1998 01 04 12 00 00  3.58036862e-03 2.17748782e-03 1.19491732e-03 8.46783413e-04 6.01550458e-04 3.42139749e-04 2.41779807e-04 2.00052984e-04 4.04493205e-04 1.19233528e-04 2.79856799e-03 4.11198623e-03 2.11024628e-04 6.23260134e-05 4.06985466e-05 1.12894797e-04 3.15406593e-05 5.25665761e-05 1.13404115e-04 6.92772155e-05 1.24423036e-04 1.51703878e-04 9.18803415e-05 6.73480492e-05 4.75355810e-06 8.75902842e-06 5.89763404e-06 2.33461599e-05 4.81890784e-06 1.58799217e-05 4.13695641e-05 3.60480568e-05 1.35891241e-05 4.37096500e-05 3.60417907e-05 1.34943301e-05 4.22519785e-05 4.99419116e-05 9.21144601e-06 3.83869011e-05 9.04182723e-05 2.51535996e-05 2.10179049e-04 3.74906074e-04 1.49962430e-05 1.39688511e-04 1.89728948e-05 3.07731243e-05 2.70937983e-04 4.51612958e-04 7.93691164e-05 2.00576252e-04 4.56497052e-05 1.43549924e-05 3.09571032e-05 1.56283480e-05 4.55425507e-07 5.36247757e-09 5.66124703e-11
 1998 01 05 12 00 00  3.57386278e-03 2.17228493e-03 1.19170349e-03 8.44527752e-04 5.99623710e-04 3.41402526e-04 2.40994440e-04 1.99165503e-04 4.02171572e-04 1.18421418e-04 2.78000098e-03 4.08011451e-03 2.09939703e-04 6.19470237e-05 4.05180881e-05 1.12157007e-04 3.13576515e-05 5.20954491e-05 1.12588935e-04 6.87690102e-05 1.23437593e-04 1.50447847e-04 9.13269586e-05 6.70354334e-05 4.74044282e-06 8.71095326e-06 5.89235096e-06 2.32680521e-05 4.80744275e-06 1.58227231e-05 4.10772594e-05 3.59722675e-05 1.34381349e-05 4.33878856e-05 3.53713782e-05 1.34689675e-05 4.16833803e-05 4.92018979e-05 9.17144353e-06 3.78559948e-05 8.87891004e-05 2.47223419e-05 2.07136190e-04 3.68739487e-04 1.47495795e-05 1.35770054e-04 1.79613897e-05 2.99362931e-05 2.64974758e-04 4.45232403e-04 7.78393275e-05 1.96047198e-04 4.36293931e-05 1.36205444e-05 2.92617531e-05 1.44883162e-05 4.03377533e-07 2.79155365e-09 1.00000000e-10
 1998 01 06 12 00 00  3.56788817e-03 2.16818473e-03 1.18912288e-03 8.42608414e-04 5.97923311e-04 3.40669387e-04 2.40257157e-04 1.98349632e-04 4.00038876e-04 1.17816316e-04 2.76288957e-03 4.04824279e-03 2.09055289e-04 6.17167327e-05 4.03834680e-05 1.11509834e-04 3.11751297e-05 5.16249100e-05 1.12072312e-04 6.85093168e-05 1.22453340e-04 1.49192594e-04 9.07967214e-05 6.67791584e-05 4.72735846e-06 8.67745403e-06 5.88706935e-06 2.32007616e-05 4.80149465e-06 1.57765009e-05 4.08198372e-05 3.58966470e-05 1.32875750e-05 4.31140124e-05 3.50241229e-05 1.34436108e-05 4.11861808e-05 4.85207155e-05 9.14355842e-06 3.74561016e-05 8.73209216e-05 2.45012256e-05 2.04365880e-04 3.65548163e-04 1.46219265e-05 1.32753131e-04 1.69515144e-05 2.95067613e-05 2.60147935e-04 4.40191500e-04 7.68393356e-05 1.92106709e-04 4.22828931e-05 1.31308997e-05 2.81307703e-05 1.37193040e-05 3.67659372e-07 1.50187738e-09 1.00000000e-10
 1998 01 07 12 00 00  3.56558029e-03 2.16614892e-03 1.18787929e-03 8.41770587e-04 5.97227625e-04 3.40424047e-04 2.39984060e-04 1.98036663e-04 3.99217888e-04 1.17489557e-04 2.75633010e-03 4.03762013e-03 2.08640363e-04 6.15520154e-05 4.03114295e-05 1.11242402e-04 3.11155862e-05 5.14696585e-05 1.11727673e-04 6.82750251e-05 1.22126170e-04 1.48776253e-04 9.06070273e-05 6.66498889e-05 4.72307875e-06 8.64282629e-06 5.88531620e-06 2.31714014e-05 4.79614428e-06 1.57548198e-05 4.07132526e-05 3.58718971e-05 1.32385336e-05 4.29860316e-05 3.47116584e-05 1.34351736e-05 4.09773343e-05 4.82600056e-05 9.11474563e-06 3.72255390e-05 8.67398223e-05 2.43018687e-05 2.03212307e-04 3.62676174e-04 1.45070470e-05 1.31204730e-04 1.66192360e-05 2.91195785e-05 2.57882398e-04 4.37686840e-04 7.61942194e-05 1.90016008e-04 4.08292204e-05 1.26024398e-05 2.69108900e-05 1.28987926e-05 3.30184110e-07 1.77367099e-10 1.00000000e-10
 1998 01 08 12 00 00  3.56159109e-03 2.16341445e-03 1.18615780e-03 8.40485639e-04 5.96086620e-04 3.39933616e-04 2.39490850e-04 1.97490646e-04 3.97792268e-04 1.17085626e-04 2.74489562e-03 4.01637144e-03 2.08049503e-04 6.13970977e-05 4.02212859e-05 1.10808038e-04 3.09921248e-05 5.11537888e-05 1.11377691e-04 6.81001286e-05 1.21467211e-04 1.47936580e-04 9.02523435e-05 6.64628034e-05 4.71424319e-06 8.59905558e-06 5.88178627e-06 2.31245386e-05 4.79218870e-06 1.57236122e-05 4.05395556e-05 3.58208606e-05 1.31365887e-05 4.27893433e-05 3.44804517e-05 1.34182497e-05 4.06416043e-05 4.78018353e-05 9.07832291e-06 3.69294991e-05 8.57513762e-05 2.41533737e-05 2.01245425e-04 3.60549781e-04 1.44219913e-05 1.29164945e-04 1.59400210e-05 2.88313837e-05 2.54633048e-04 4.34227425e-04 7.55203792e-05 1.86673078e-04 3.89949159e-05 1.19355997e-05 2.53715390e-05 1.18629436e-05 2.82841025e-07 1.00000000e-10 1.00000000e-10
 1998 01 09 12 00 00  3.55976109e-03 2.16240047e-03 1.18549948e-03 8.39946100e-04 5.95581849e-04 3.39687995e-04 2.39258068e-04 1.97238668e-04 3.97136656e-04 1.16949685e-04 2.73962007e-03 4.00574654e-03 2.07817397e-04 6.13663677e-05 4.01906441e-05 1.10617201e-04 3.09286988e-05 5.09937701e-05 1.11294550e-04 6.80912577e-05 1.21135845e-04 1.47514049e-04 9.00812181e-05 6.63880004e-05 4.70971827e-06 8.58391504e-06 5.88001276e-06 2.31041092e-05 4.79199225e-06 1.57111411e-05 4.04623356e-05 3.57947487e-05 1.30841188e-05 4.27065695e-05 3.44689208e-05 1.34097689e-05 4.04947951e-05 4.75887391e-05 9.06572241e-06 3.68250985e-05 8.53013175e-05 2.41458765e-05 2.00348701e-04 3.60443575e-04 1.44177430e-05 1.28421808e-04 1.55947404e-05 2.88168550e-05 2.53342732e-04 4.32903725e-04 7.53474897e-05 1.85224217e-04 3.83710300e-05 1.17087669e-05 2.48477894e-05 1.15090405e-05 2.66560887e-07 1.00000000e-10 1.00000000e-10
 1998 01 10 12 00 00  3.55995517e-03 2.16283020e-03 1.18574556e-03 8.40066610e-04 5.95655059e-04 3.39685356e-04 2.39273204e-04 1.97262382e-04 3.97203105e-04 1.17029865e-04 2.74013041e-03 4.00574431e-03 2.07893803e-04 6.14230574e-05 4.02081636e-05 1.10646529e-04 3.09243274e-05 5.09884092e-05 1.11404917e-04 6.81869977e-05 1.21130058e-04 1.47507099e-04 9.00873201e-05 6.63933522e-05 4.70944397e-06 8.56892875e-06 5.87999020e-06 2.31055525e-05 4.79417031e-06 1.57145131e-05 4.04710004e-05 3.57932149e-05 1.30802611e-05 4.27104456e-05 3.45961598e-05 1.34097209e-05 4.05154509e-05 4.76034868e-05 9.05325142e-06 3.68468403e-05 8.53439517e-05 2.42272683e-05 2.00322225e-04 3.61613392e-04 1.44645357e-05 1.28728095e-04 1.55801215e-05 2.89748801e-05 2.53717352e-04 4.33294555e-04 7.55430554e-05 1.84741730e-04 3.77480982e-05 1.14822954e-05 2.43249366e-05 1.11565023e-05 2.50397818e-07 1.00000000e-10 1.00000000e-10
 1998 01 11 12 00 00  3.56725738e-03 2.16691667e-03 1.18839480e-03 8.42208085e-04 5.97643459e-04 3.40657195e-04 2.40196738e-04 1.98262012e-04 3.99813341e-04 1.17578249e-04 2.76113105e-03 4.04823907e-03 2.08823736e-04 6.15476984e-05 4.03313589e-05 1.11397600e-04 3.11663927e-05 5.16141998e-05 1.11734002e-04 6.82276906e-05 1.22440877e-04 1.49178708e-04 9.07650405e-05 6.66878195e-05 4.72680840e-06 8.62703164e-06 5.88702460e-06 2.31837865e-05 4.79517585e-06 1.57624145e-05 4.07694549e-05 3.58935911e-05 1.32798654e-05 4.30356556e-05 3.46544577e-05 1.34435162e-05 4.10915831e-05 4.84392620e-05 9.10159870e-06 3.72594272e-05 8.71023715e-05 2.42625290e-05 2.03831524e-04 3.62146843e-04 1.44858737e-05 1.31644933e-04 1.69222942e-05 2.90437747e-05 2.58739621e-04 4.38452891e-04 7.62240559e-05 1.90355221e-04 4.01885197e-05 1.23694692e-05 2.63728431e-05 1.25337918e-05 3.13290799e-07 1.00000000e-10 1.00000000e-10
 1998 01 12 12 00 00  3.57448662e-03 2.17365165e-03 1.19248749e-03 8.44918724e-04 5.99867222e-04 3.41395409e-04 2.41044778e-04 1.99244079e-04 4.02389004e-04 1.18677328e-04 2.78165548e-03 4.08010893e-03 2.10185072e-04 6.21314062e-05 4.05749795e-05 1.12254350e-04 3.13450291e-05 5.20799716e-05 1.12956425e-04 6.90792222e-05 1.23423826e-04 1.50427785e-04 9.13473332e-05 6.71369880e-05 4.73964901e-06 8.78011488e-06 5.89228512e-06 2.32808461e-05 4.81434108e-06 1.58338438e-05 4.11081990e-05 3.59678466e-05 1.34269954e-05 4.34724054e-05 3.57753655e-05 1.34688307e-05 4.17627159e-05 4.92573126e-05 9.22897161e-06 3.80802992e-05 8.89426486e-05 2.49847537e-05 2.07654388e-04 3.72458643e-04 1.48983457e-05 1.36836423e-04 1.79191789e-05 3.04449612e-05 2.66203813e-04 4.46879550e-04 7.84762959e-05 1.98258985e-04 4.66851192e-05 1.47310381e-05 3.18233847e-05 1.61902251e-05 4.79595928e-07 6.53105241e-09 1.60210090e-10
 1998 01 13 12 00 00  3.57579793e-03 2.17363488e-03 1.19255317e-03 8.45126865e-04 6.00136157e-04 3.41629572e-04 2.41226620e-04 1.99422427e-04 4.02856840e-04 1.18619222e-04 2.78547407e-03 4.09073010e-03 2.10227471e-04 6.20225690e-05 4.05626474e-05 1.12350715e-04 3.13997210e-05 5.22292801e-05 1.12756045e-04 6.88562752e-05 1.23742729e-04 1.50836431e-04 9.14915955e-05 6.71291419e-05 4.74362350e-06 8.74386387e-06 5.89401388e-06 2.32862016e-05 4.80942108e-06 1.58344742e-05 4.11432273e-05 3.59909027e-05 1.34717571e-05 4.34839065e-05 3.54870252e-05 1.34772155e-05 4.18297433e-05 4.94008327e-05 9.19881422e-06 3.80095663e-05 8.92066384e-05 2.47964723e-05 2.08054041e-04 3.69802874e-04 1.47921150e-05 1.36657740e-04 1.82352451e-05 3.00801941e-05 2.66316426e-04 4.46722913e-04 7.81396653e-05 1.97898176e-04 4.51141806e-05 1.41600662e-05 3.05059525e-05 1.53108927e-05 4.39921752e-07 4.46547563e-09 1.00000000e-10
 1998 01 14 12 00 00  3.57551331e-03 2.17307892e-03 1.19223314e-03 8.44943920e-04 6.00002996e-04 3.41621904e-04 2.41197752e-04 1.99381031e-04 4.02752611e-04 1.18514306e-04 2.78466672e-03 4.09072712e-03 2.10124330e-04 6.19464478e-05 4.05392306e-05 1.12297398e-04 3.13934084e-05 5.22215443e-05 1.12600151e-04 6.87302672e-05 1.23735676e-04 1.50826399e-04 9.14760670e-05 6.71303576e-05 4.74322624e-06 8.78095161e-06 5.89398114e-06 2.32817824e-05 4.80667295e-06 1.58277543e-05 4.11210723e-05 3.59886966e-05 1.34661866e-05 4.34838217e-05 3.53257667e-05 1.34771471e-05 4.17917545e-05 4.93640261e-05 9.22967083e-06 3.79992933e-05 8.91057207e-05 2.46903277e-05 2.08106110e-04 3.68316586e-04 1.47326634e-05 1.36191806e-04 1.82141390e-05 2.98747240e-05 2.65655273e-04 4.46100742e-04 7.78597302e-05 1.98949193e-04 4.66963584e-05 1.47351814e-05 3.18332317e-05 1.62001545e-05 4.80286739e-07 6.58548611e-09 1.65617076e-10
 1998 01 15 12 00 00  3.57984783e-03 2.17655827e-03 1.19438157e-03 8.46444886e-04 6.01281023e-04 3.42110734e-04 2.41719666e-04 1.99970984e-04 4.04298188e-04 1.19057518e-04 2.79702471e-03 4.11197357e-03 2.10848726e-04 6.22002867e-05 4.06599165e-05 1.12786656e-04 3.15125013e-05 5.25320589e-05 1.13145253e-04 6.90715504e-05 1.24390424e-04 1.51659123e-04 9.18433687e-05 6.73779009e-05 4.75178640e-06 8.86849957e-06 5.89748779e-06 2.33366874e-05 4.81438510e-06 1.58654349e-05 4.13150096e-05 3.60382022e-05 1.35642753e-05 4.37309831e-05 3.57766345e-05 1.34940245e-05 4.21741183e-05 4.98562682e-05 9.30251335e-06 3.84259658e-05 9.01872043e-05 2.49800418e-05 2.10401487e-04 3.72463367e-04 1.48985347e-05 1.38830354e-04 1.88787322e-05 3.04369722e-05 2.69600794e-04 4.50500374e-04 7.88794846e-05 2.03694877e-04 5.04228439e-05 1.60897635e-05 3.49595008e-05 1.82958567e-05 5.75496134e-07 1.15921978e-08 6.20627416e-10
 1998 01 16 12 00 00  3.59075096e-03 2.18255183e-03 1.19827902e-03 8.49630308e-04 6.04256398e-04 3.43572166e-04 2.43103643e-04 2.01467505e-04 4.08201072e-04 1.19855729e-04 2.82841606e-03 4.17571813e-03 2.12222349e-04 6.23736459e-05 4.08404067e-05 1.13910157e-04 3.18799721e-05 5.34761057e-05 1.13619856e-04 6.91080873e-05 1.26359496e-04 1.54173500e-04 9.28600700e-05 6.77428797e-05 4.77810863e-06 8.85328918e-06 5.90806303e-06 2.34476985e-05 4.81516690e-06 1.59369470e-05 4.17582417e-05 3.61902930e-05 1.38675387e-05 4.41551270e-05 3.58226098e-05 1.35447641e-05 4.30238180e-05 5.11050778e-05 9.28985683e-06 3.89003643e-05 9.28151845e-05 2.50107027e-05 2.15146561e-04 3.72887589e-04 1.49155036e-05 1.43064011e-04 2.09066187e-05 3.04962334e-05 2.77077621e-04 4.57845636e-04 7.98573917e-05 2.08983995e-04 4.97902121e-05 1.58597660e-05 3.44285108e-05 1.79378868e-05 5.59087789e-07 1.07183535e-08 5.40933343e-10
 1998 01 17 12 00 00  3.59834022e-03 2.18722773e-03 1.20126770e-03 8.51956054e-04 6.06371989e-04 3.44546442e-04 2.44054039e-04 2.02507263e-04 4.10916085e-04 1.20515424e-04 2.85021032e-03 4.21821289e-03 2.13261136e-04 6.25809986e-05 4.09890342e-05 1.14711980e-04 3.21225205e-05 5.41024841e-05 1.14119707e-04 6.92862377e-05 1.27668843e-04 1.55845868e-04 9.35504214e-05 6.80013303e-05 4.79550399e-06 8.82635286e-06 5.91509997e-06 2.35258781e-05 4.81910392e-06 1.59908813e-05 4.20715919e-05 3.62908322e-05 1.40675693e-05 4.44505594e-05 3.60533042e-05 1.35785624e-05 4.36286102e-05 5.19684412e-05 9.26744033e-06 3.92623278e-05 9.46535794e-05 2.51612015e-05 2.18330448e-04 3.75012213e-04 1.50004885e-05 1.46407924e-04 2.22503993e-05 3.07878305e-05 2.82726227e-04 4.63452253e-04 8.08321645e-05 2.12014415e-04 4.86689656e-05 1.54521308e-05 3.34874282e-05 1.73035685e-05 5.30021128e-07 9.17102234e-09 3.99833588e-10
 1998 01 18 12 00 00  3.60596746e-03 2.19198222e-03 1.20430161e-03 8.54306012e-04 6.08504038e-04 3.45520990e-04 2.45007925e-04 2.03552228e-04 4.13644793e-04 1.21189923e-04 2.87210892e-03 4.26070802e-03 2.14314332e-04 6.27991883e-05 4.11409970e-05 1.15520382e-04 3.23650718e-05 5.47288742e-05 1.14641781e-04 6.94824557e-05 1.28978501e-04 1.57518251e-04 9.42424179e-05 6.82709297e-05 4.81289935e-06 8.81039887e-06 5.92213692e-06 2.36054804e-05 4.82343239e-06 1.60456014e-05 4.23876081e-05 3.63913801e-05 1.42676014e-05 4.47554638e-05 3.63070198e-05 1.36123621e-05 4.42395022e-05 5.28364923e-05 9.25416098e-06 3.96467408e-05 9.65043822e-05 2.53268954e-05 2.21584199e-04 3.77349072e-04 1.50939629e-05 1.49822869e-04 2.35941974e-05 3.11088370e-05 2.88456590e-04 4.69186281e-04 8.18454130e-05 2.15402790e-04 4.80229894e-05 1.52172385e-05 3.29449310e-05 1.69353814e-05 5.12968512e-07 8.24968946e-09 3.15477910e-10
 1998 01 19 12 00 00  3.60590026e-03 2.19185945e-03 1.20423169e-03 8.54264248e-04 6.08472454e-04 3.45517056e-04 2.45000674e-04 2.03542619e-04 4.13621635e-04 1.21167201e-04 2.87191374e-03 4.26070616e-03 2.14292372e-04 6.27851593e-05 4.11366406e-05 1.15507561e-04 3.23611894e-05 5.47241070e-05 1.14616755e-04 6.94590504e-05 1.28972980e-04 1.57512075e-04 9.42375317e-05 6.82469434e-05 4.81265452e-06 8.78487845e-06 5.92211727e-06 2.36017066e-05 4.82282230e-06 1.60437555e-05 4.23781045e-05 3.63900152e-05 1.42641744e-05 4.47348831e-05 3.62718420e-05 1.36123199e-05 4.42248713e-05 5.28233474e-05 9.23290936e-06 3.96011359e-05 9.64709733e-05 2.53063539e-05 2.21408694e-04 3.77028079e-04 1.50811232e-05 1.49686487e-04 2.35812055e-05 3.10685544e-05 2.88290481e-04 4.68930577e-04 8.17887160e-05 2.14642619e-04 4.70695819e-05 1.48703572e-05 3.21428121e-05 1.63795218e-05 4.86408342e-07 6.75423522e-09 1.77062365e-10
 1998 01 20 12 00 00  3.61041073e-03 2.19569321e-03 1.20658447e-03 8.55878834e-04 6.09830918e-04 3.46008436e-04 2.45539685e-04 2.04157812e-04 4.15232127e-04 1.21777487e-04 2.88476364e-03 4.28195335e-03 2.15082700e-04 6.30891276e-05 4.12727277e-05 1.16028909e-04 3.24817345e-05 5.50364086e-05 1.15265701e-04 6.98833785e-05 1.29626495e-04 1.58347106e-04 9.46131779e-05 6.84230080e-05 4.82130636e-06 8.74957113e-06 5.92563119e-06 2.36522879e-05 4.83228832e-06 1.60852983e-05 4.25799407e-05 3.64400301e-05 1.43635465e-05 4.49219305e-05 3.68260429e-05 1.36292118e-05 4.46182941e-05 5.33304503e-05 9.20350285e-06 3.99056647e-05 9.75987451e-05 2.56655621e-05 2.23149435e-04 3.82129130e-04 1.52851652e-05 1.52543049e-04 2.42506649e-05 3.17650120e-05 2.92630440e-04 4.73400180e-04 8.29881441e-05 2.15718985e-04 4.57746271e-05 1.43991428e-05 3.10528712e-05 1.56204656e-05 4.49878632e-07 4.67874468e-09 1.00000000e-10
 1998 01 21 12 00 00  3.61403043e-03 2.19767342e-03 1.20787434e-03 8.56932977e-04 6.10815563e-04 3.46492456e-04 2.45998949e-04 2.04654708e-04 4.16529515e-04 1.22040774e-04 2.89518001e-03 4.30319980e-03 2.15538296e-04 6.31480051e-05 4.13331763e-05 1.16400329e-04 3.26008245e-05 5.53469290e-05 1.15431065e-04 6.98971387e-05 1.30278406e-04 1.59179829e-04 9.49497095e-05 6.85375448e-05 4.82986652e-06 8.73629106e-06 5.92913930e-06 2.36877616e-05 4.83245785e-06 1.61084547e-05 4.27220957e-05 3.64895415e-05 1.44616351e-05 4.50572458e-05 3.68367764e-05 1.36460862e-05 4.48958370e-05 5.37407935e-05 9.19243466e-06 4.00517885e-05 9.84603148e-05 2.56760628e-05 2.24665434e-04 3.82232381e-04 1.52892952e-05 1.53918607e-04 2.49152625e-05 3.17846454e-05 2.95075532e-04 4.75780398e-04 8.33115749e-05 2.17275655e-04 4.53390606e-05 1.42405045e-05 3.06852408e-05 1.53563020e-05 4.36601889e-07 3.88419021e-09 1.00000000e-10
 1998 01 22 12 00 00  3.61364919e-03 2.19691895e-03 1.20744081e-03 8.56689884e-04 6.10642121e-04 3.46483263e-04 2.45961337e-04 2.04600633e-04 4.16391986e-04 1.21898895e-04 2.89410723e-03 4.30319645e-03 2.15399705e-04 6.30468093e-05 4.13020005e-05 1.16330783e-04 3.25935427e-05 5.53379999e-05 1.15227395e-04 6.97289943e-05 1.30269783e-04 1.59168249e-04 9.49295233e-05 6.85215858e-05 4.82940814e-06 8.76056874e-06 5.92910073e-06 2.36805571e-05 4.82871146e-06 1.60996573e-05 4.26918271e-05 3.64869920e-05 1.44552090e-05 4.50426085e-05 3.66174325e-05 1.36460090e-05 4.48429778e-05 5.36918315e-05 9.21262254e-06 4.00055141e-05 9.83270440e-05 2.55337713e-05 2.24610920e-04 3.80213292e-04 1.52085317e-05 1.53280940e-04 2.48909055e-05 3.15087731e-05 2.94206159e-04 4.74886044e-04 8.29403481e-05 2.17961237e-04 4.64619116e-05 1.46484487e-05 3.16257043e-05 1.59745150e-05 4.63807437e-07 5.24831298e-09 3.21409566e-11
 1998 01 23 12 00 00  3.61982091e-03 2.20144835e-03 1.21026799e-03 8.58733663e-04 6.12421274e-04 3.47214280e-04 2.46714862e-04 2.05441871e-04 4.18594360e-04 1.22584600e-04 2.91174429e-03 4.33506742e-03 2.16361801e-04 6.33361719e-05 4.14548244e-05 1.17009379e-04 3.27721820e-05 5.58037835e-05 1.15863882e-04 7.00877805e-05 1.31250086e-04 1.60417355e-04 9.54662641e-05 6.88169737e-05 4.84224911e-06 8.82452587e-06 5.93436198e-06 2.37525336e-05 4.83681833e-06 1.61494320e-05 4.29589174e-05 3.65612534e-05 1.46023449e-05 4.53490671e-05 3.70914117e-05 1.36713235e-05 4.53661428e-05 5.43912284e-05 9.26581997e-06 4.04891047e-05 9.98453462e-05 2.58383428e-05 2.27588299e-04 3.84572643e-04 1.53829057e-05 1.56641353e-04 2.58878164e-05 3.20998515e-05 2.99425875e-04 4.80484008e-04 8.41442306e-05 2.22986643e-04 4.92921307e-05 1.56769800e-05 3.39982189e-05 1.75501923e-05 5.34330167e-07 8.87664058e-09 3.59846664e-10
 1998 01 24 12 00 00  3.62607075e-03 2.20613611e-03 1.21318601e-03 8.60826843e-04 6.14234532e-04 3.47946667e-04 2.47475741e-04 2.06293796e-04 4.20824405e-04 1.23299986e-04 2.92959787e-03 4.36693653e-03 2.17352637e-04 6.36463976e-05 4.16140868e-05 1.17701666e-04 3.29517876e-05 5.62707311e-05 1.16541288e-04 7.04814040e-05 1.32230693e-04 1.61667954e-04 9.60068560e-05 6.90942073e-05 4.85514975e-06 8.85347035e-06 5.93962759e-06 2.38238867e-05 4.84571719e-06 1.62009334e-05 4.32310184e-05 3.66358523e-05 1.47503306e-05 4.56402474e-05 3.76116455e-05 1.36966482e-05 4.58966570e-05 5.50984651e-05 9.28988738e-06 4.09430863e-05 1.01386478e-04 2.61725276e-05 2.30421245e-04 3.89357312e-04 1.55742925e-05 1.60111675e-04 2.68879347e-05 3.27484100e-05 3.04818483e-04 4.86167889e-04 8.54239627e-05 2.26933875e-04 5.06338763e-05 1.61644448e-05 3.51219765e-05 1.82885102e-05 5.66793148e-07 1.05021975e-08 5.05505904e-10
 1998 01 25 12 00 00  3.63970189e-03 2.21503307e-03 1.21882508e-03 8.65115800e-04 6.18085335e-04 3.49657624e-04 2.49171156e-04 2.08160037e-04 4.25697460e-04 1.24587718e-04 2.96870277e-03 4.44130525e-03 2.19298801e-04 6.41006795e-05 4.19024448e-05 1.19164616e-04 3.33802600e-05 5.73718222e-05 1.17593349e-04 7.09464482e-05 1.34531063e-04 1.64600995e-04 9.72321045e-05 6.96842694e-05 4.88584446e-06 8.95527774e-06 5.95196398e-06 2.39776866e-05 4.85618984e-06 1.63029353e-05 4.38118548e-05 3.68132023e-05 1.51039203e-05 4.62734671e-05 3.82241211e-05 1.37558411e-05 4.70200186e-05 5.66593991e-05 9.37458099e-06 4.18449325e-05 1.04732581e-04 2.65670038e-05 2.36901487e-04 3.94991590e-04 1.57996636e-05 1.66655812e-04 2.92529701e-05 3.35137709e-05 3.15465669e-04 4.97304270e-04 8.74629194e-05 2.37063407e-04 5.50573401e-05 1.77721649e-05 3.88314211e-05 2.07628430e-05 6.78318204e-07 1.62999612e-08 1.03070725e-09
 1998 01 26 12 00 00  3.64352842e-03 2.21744891e-03 1.22036361e-03 8.66297273e-04 6.19151829e-04 3.50143440e-04 2.49648097e-04 2.08682910e-04 4.27064591e-04 1.24931815e-04 2.97967758e-03 4.46255207e-03 2.19831235e-04 6.42134576e-05 4.19795987e-05 1.19569069e-04 3.34998360e-05 5.76829363e-05 1.17858329e-04 7.10513210e-05 1.35182395e-04 1.65434489e-04 9.75777776e-05 6.97816062e-05 4.89443482e-06 8.89272633e-06 5.95547317e-06 2.40137013e-05 4.85856326e-06 1.63302984e-05 4.39682076e-05 3.68628826e-05 1.52024397e-05 4.63936064e-05 3.83628649e-05 1.37727213e-05 4.73203573e-05 5.70899010e-05 9.32251860e-06 4.19695998e-05 1.05651236e-04 2.66560615e-05 2.38246487e-04 3.96267547e-04 1.58507019e-05 1.68345264e-04 2.99191917e-05 3.36866186e-05 3.18339798e-04 5.00020041e-04 8.79806525e-05 2.37103016e-04 5.25234200e-05 1.68507738e-05 3.67034301e-05 1.93187643e-05 6.11447553e-07 1.26879002e-08 7.00014890e-10
 1998 01 27 12 00 00  3.64559765e-03 2.21897362e-03 1.22131459e-03 8.66986550e-04 6.19752936e-04 3.50388938e-04 2.49901200e-04 2.08965646e-04 4.27803443e-04 1.25163232e-04 2.98559681e-03 4.47317548e-03 2.20154977e-04 6.43116718e-05 4.20310770e-05 1.19798533e-04 3.35613207e-05 5.78405685e-05 1.18073938e-04 7.11736153e-05 1.35511120e-04 1.65853928e-04 9.77582075e-05 6.98685319e-05 4.89883714e-06 8.89524599e-06 5.95723686e-06 2.40371775e-05 4.86133285e-06 1.63473928e-05 4.40592678e-05 3.68883135e-05 1.52531953e-05 4.64860390e-05 3.85247578e-05 1.37811803e-05 4.74958773e-05 5.73258018e-05 9.32459661e-06 4.21093415e-05 1.06165134e-04 2.67599302e-05 2.39157049e-04 3.97756275e-04 1.59102510e-05 1.69477360e-04 3.02579720e-05 3.38882324e-05 3.20120133e-04 5.01872382e-04 8.83912446e-05 2.38278624e-04 5.27580701e-05 1.69357665e-05 3.68981052e-05 1.94318616e-05 6.15332831e-07 1.27975532e-08 7.07575687e-10
 1998 01 28 12 00 00  3.63557358e-03 2.21202211e-03 1.21694419e-03 8.63741055e-04 6.16879908e-04 3.49164479e-04 2.48664147e-04 2.07593886e-04 4.24220551e-04 1.24131475e-04 2.95687675e-03 4.42005619e-03 2.18656467e-04 6.39069726e-05 4.18003776e-05 1.18704520e-04 3.32548603e-05 5.70535718e-05 1.17161951e-04 7.07073661e-05 1.33867750e-04 1.63758251e-04 9.68704242e-05 6.94327532e-05 4.87688667e-06 8.83520988e-06 5.94842386e-06 2.39228061e-05 4.85086675e-06 1.62685761e-05 4.36259483e-05 3.67614877e-05 1.50002641e-05 4.60210778e-05 3.79124569e-05 1.37388954e-05 4.66569270e-05 5.61799677e-05 9.27462315e-06 4.14237415e-05 1.03689674e-04 2.63647060e-05 2.34483403e-04 3.92122534e-04 1.56849014e-05 1.64328994e-04 2.85672839e-05 3.31215968e-05 3.11899288e-04 4.93264965e-04 8.66487348e-05 2.31556127e-04 5.03579842e-05 1.60629612e-05 3.48819347e-05 1.80590886e-05 5.51438606e-07 9.32213453e-09 3.88796373e-10
 1998 01 29 12 00 00  3.62371528e-03 2.20401984e-03 1.21189550e-03 8.59956702e-04 6.13511340e-04 3.47698344e-04 2.47196591e-04 2.05972499e-04 4.19984123e-04 1.22957632e-04 2.92289295e-03 4.35631238e-03 2.16921539e-04 6.34691713e-05 4.15382372e-05 1.17423288e-04 3.28893337e-05 5.61119115e-05 1.16167676e-04 7.02270074e-05 1.31898961e-04 1.61246984e-04 9.58135994e-05 6.89357392e-05 4.85068704e-06 8.77882339e-06 5.93785880e-06 2.37903336e-05 4.83998701e-06 1.61778456e-05 4.31184620e-05 3.66100809e-05 1.46987193e-05 4.54857870e-05 3.72764975e-05 1.36881790e-05 4.56756001e-05 5.48271102e-05 9.22768450e-06 4.06568785e-05 1.00778744e-04 2.59567139e-05 2.29028714e-04 3.86274276e-04 1.54509711e-05 1.58452496e-04 2.65459123e-05 3.23296845e-05 3.02422620e-04 4.83420144e-04 8.47305183e-05 2.24018515e-04 4.81199331e-05 1.52490394e-05 3.30015847e-05 1.67764428e-05 4.91572820e-07 6.05355996e-09 8.86883234e-11
 1998 01 30 12 00 00  3.60813366e-03 2.19383495e-03 1.20544194e-03 8.55055217e-04 6.09114426e-04 3.45744042e-04 2.45259820e-04 2.03840721e-04 4.14416137e-04 1.21483301e-04 2.87820249e-03 4.27132100e-03 2.14695760e-04 6.29500942e-05 4.12086686e-05 1.15752823e-04 3.24008317e-05 5.48549753e-05 1.14970485e-04 6.96949719e-05 1.29273414e-04 1.57896816e-04 9.44137978e-05 6.83160250e-05 4.81568204e-06 8.73743993e-06 5.92376746e-06 2.36197922e-05 4.82791511e-06 1.60614177e-05 4.24567980e-05 3.64078034e-05 1.42956575e-05 4.48084790e-05 3.65710410e-05 1.36205417e-05 4.43998957e-05 5.30483340e-05 9.19323793e-06 3.97257464e-05 9.69651261e-05 2.55046616e-05 2.22007604e-04 3.79787480e-04 1.51914992e-05 1.51021405e-04 2.38469569e-05 3.14521400e-05 2.90264833e-04 4.70941346e-04 8.24015217e-05 2.14966352e-04 4.64545878e-05 1.46434552e-05 3.16028268e-05 1.58256380e-05 4.47430855e-07 3.66081103e-09 1.00000000e-10
 1998 01 31 12 00 00  3.59802924e-03 2.18668785e-03 1.20096096e-03 8.51763698e-04 6.06220386e-04 3.44522593e-04 2.44018473e-04 2.02461746e-04 4.10809784e-04 1.20415978e-04 2.84928800e-03 4.21820208e-03 2.13164987e-04 6.25236537e-05 4.09711590e-05 1.14650208e-04 3.20982450e-05 5.40727400e-05 1.14023916e-04 6.91907248e-05 1.27635602e-04 1.55807290e-04 9.35245764e-05 6.78943979e-05 4.79397568e-06 8.70669683e-06 5.91497374e-06 2.35069804e-05 4.81642746e-06 1.59815769e-05 4.20206965e-05 3.62823368e-05 1.40461474e-05 4.43567655e-05 3.59000143e-05 1.35782990e-05 4.35559272e-05 5.19003984e-05 9.16764548e-06 3.90608700e-05 9.44816589e-05 2.50758312e-05 2.17472359e-04 3.73618834e-04 1.49447534e-05 1.45767007e-04 2.21692273e-05 3.06194357e-05 2.81919232e-04 4.62270745e-04 8.05857848e-05 2.09163479e-04 4.52495077e-05 1.42051606e-05 3.05900754e-05 1.51326010e-05 4.14927952e-07 2.38049687e-09 1.00000000e-10
 1998 02 01 12 00 00  3.59012702e-03 2.18134064e-03 1.19758921e-03 8.49246117e-04 6.03984899e-04 3.43547574e-04 2.43042378e-04 2.01383685e-04 4.07990120e-04 1.19631870e-04 2.82665827e-03 4.17570770e-03 2.12008330e-04 6.22332697e-05 4.07967845e-05 1.13800003e-04 3.18571489e-05 5.34481369e-05 1.13370474e-04 6.88718515e-05 1.26327694e-04 1.54137227e-04 9.28215215e-05 6.76017588e-05 4.77667199e-06 8.72241435e-06 5.90794480e-06 2.34229570e-05 4.80908311e-06 1.59215760e-05 4.16851541e-05 3.61823040e-05 1.38474017e-05 4.40334529e-05 3.54714663e-05 1.35445138e-05 4.29093385e-05 5.10049698e-05 9.18070655e-06 3.86200235e-05 9.25558089e-05 2.48039898e-05 2.14120877e-04 3.69681735e-04 1.47872694e-05 1.41896322e-04 2.08303085e-05 3.00911488e-05 2.75639552e-04 4.55909821e-04 7.93149881e-05 2.05853488e-04 4.60306758e-05 1.44888481e-05 3.12435008e-05 1.55552927e-05 4.33027407e-07 2.96491365e-09 1.00000000e-10
 1998 02 02 12 00 00  3.58702200e-03 2.17761351e-03 1.19537646e-03 8.47909518e-04 6.02966038e-04 3.43300767e-04 2.42700857e-04 2.00967752e-04 4.06891855e-04 1.18989002e-04 2.81794662e-03 4.16508652e-03 2.11289908e-04 6.18460577e-05 4.06560337e-05 1.13402943e-04 3.18019738e-05 5.32982347e-05 1.12590182e-04 6.82636572e-05 1.26006232e-04 1.53727808e-04 9.25997495e-05 6.74201536e-05 4.77266731e-06 8.70883814e-06 5.90621385e-06 2.33816471e-05 4.79521659e-06 1.58842328e-05 4.15297133e-05 3.61590792e-05 1.38022137e-05 4.38620947e-05 3.46615328e-05 1.35361246e-05 4.26011535e-05 5.06649037e-05 9.16939607e-06 3.82502958e-05 9.17544952e-05 2.42866750e-05 2.12800606e-04 3.62236460e-04 1.44894584e-05 1.39036077e-04 2.05126213e-05 2.90865632e-05 2.71727973e-04 4.51587799e-04 7.78827257e-05 2.04412883e-04 4.55516902e-05 1.43145003e-05 3.08399701e-05 1.52712755e-05 4.19151787e-07 2.43308165e-09 1.00000000e-10
 1998 02 03 12 00 00  3.58538794e-03 2.17695709e-03 1.19492598e-03 8.47501153e-04 6.02565740e-04 3.43063151e-04 2.42490673e-04 2.00747853e-04 4.06313535e-04 1.18921859e-04 2.81324998e-03 4.15446497e-03 2.11127764e-04 6.18699232e-05 4.06420651e-05 1.13253672e-04 3.17458296e-05 5.31471451e-05 1.12629185e-04 6.83434890e-05 1.25684082e-04 1.53316859e-04 9.24408575e-05 6.73635242e-05 4.76860077e-06 8.69395371e-06 5.90447780e-06 2.33668692e-05 4.79674200e-06 1.58769060e-05 4.14687851e-05 3.61355196e-05 1.37561699e-05 4.37966248e-05 3.47523892e-05 1.35277223e-05 4.24848225e-05 5.04824913e-05 9.15700075e-06 3.81872425e-05 9.13869506e-05 2.43521368e-05 2.12012657e-04 3.63080919e-04 1.45232368e-05 1.38638454e-04 2.01916948e-05 2.92121345e-05 2.70934561e-04 4.50813739e-04 7.79127088e-05 2.03138249e-04 4.50006123e-05 1.41139865e-05 3.03762420e-05 1.49491447e-05 4.03706029e-07 1.85357258e-09 1.00000000e-10
 1998 02 04 12 00 00  3.58335554e-03 2.17547492e-03 1.19400077e-03 8.46839301e-04 6.01993801e-04 3.42822767e-04 2.42244155e-04 2.00473645e-04 4.05592185e-04 1.18699348e-04 2.80746017e-03 4.14384305e-03 2.10814644e-04 6.17806109e-05 4.05932425e-05 1.13035782e-04 3.16896796e-05 5.29960496e-05 1.12438212e-04 6.82345475e-05 1.25362266e-04 1.52905891e-04 9.22647846e-05 6.72866554e-05 4.76453424e-06 8.69810465e-06 5.90274176e-06 2.33459763e-05 4.79414339e-06 1.58613574e-05 4.13837060e-05 3.61119513e-05 1.37101233e-05 4.37134651e-05 3.46013199e-05 1.35193215e-05 4.23185985e-05 5.02578342e-05 9.16043791e-06 3.80657896e-05 9.09021444e-05 2.42585244e-05 2.11174746e-04 3.61695823e-04 1.44678329e-05 1.37585183e-04 1.98707567e-05 2.90297408e-05 2.69286075e-04 4.49127100e-04 7.75406987e-05 2.02418630e-04 4.52856179e-05 1.42173276e-05 3.06134874e-05 1.50933796e-05 4.09193071e-07 1.99706314e-09 1.00000000e-10
 1998 02 05 12 00 00  3.58299748e-03 2.17469060e-03 1.19355223e-03 8.46618095e-04 6.01858213e-04 3.42825633e-04 2.42215752e-04 2.00429922e-04 4.05470711e-04 1.18553373e-04 2.80651375e-03 4.14384566e-03 2.10675863e-04 6.16794973e-05 4.05619588e-05 1.12981315e-04 3.16955062e-05 5.30031859e-05 1.12244195e-04 6.80635509e-05 1.25367918e-04 1.52915150e-04 9.22523821e-05 6.72148476e-05 4.76490131e-06 8.63834430e-06 5.90277195e-06 2.33371468e-05 4.79016562e-06 1.58548884e-05 4.13621853e-05 3.61139886e-05 1.37152645e-05 4.36537637e-05 3.43694468e-05 1.35193870e-05 4.22694467e-05 5.02236619e-05 9.11069583e-06 3.79133228e-05 9.08093655e-05 2.41124231e-05 2.10765955e-04 3.59566900e-04 1.43826760e-05 1.36958927e-04 1.98902359e-05 2.87456118e-05 2.68584650e-04 4.48133223e-04 7.71879956e-05 2.00665986e-04 4.28970065e-05 1.33486939e-05 2.86069483e-05 1.37271017e-05 3.45596699e-07 1.00000000e-10 1.00000000e-10
 1998 02 06 12 00 00  3.58695146e-03 2.17731045e-03 1.19520965e-03 8.47885990e-04 6.03000929e-04 3.43321566e-04 2.42709764e-04 2.00975651e-04 4.06889404e-04 1.18936990e-04 2.81788624e-03 4.16509695e-03 2.11249566e-04 6.18232294e-05 4.06485450e-05 1.13416208e-04 3.18252743e-05 5.33267972e-05 1.12579930e-04 6.82177895e-05 1.26033026e-04 1.53764840e-04 9.26088201e-05 6.73516333e-05 4.77413341e-06 8.61325898e-06 5.90633426e-06 2.33806182e-05 4.79349546e-06 1.58863148e-05 4.15353483e-05 3.61672370e-05 1.38227770e-05 4.38090311e-05 3.45650566e-05 1.35363778e-05 4.25977248e-05 5.06827128e-05 9.08979782e-06 3.81130533e-05 9.18016685e-05 2.42420734e-05 2.12399231e-04 3.61370912e-04 1.44548365e-05 1.38908784e-04 2.05905410e-05 2.89963966e-05 2.71823412e-04 4.51357388e-04 7.78299453e-05 2.02058716e-04 4.19991859e-05 1.30219295e-05 2.78508236e-05 1.31970000e-05 3.19841338e-07 1.00000000e-10 1.00000000e-10
 1998 02 07 12 00 00  3.58704645e-03 2.17747164e-03 1.19530353e-03 8.47950159e-04 6.03055242e-04 3.43327528e-04 2.42721753e-04 2.00992094e-04 4.06927531e-04 1.18968139e-04 2.81817644e-03 4.16509956e-03 2.11281738e-04 6.18478724e-05 4.06560589e-05 1.13437859e-04 3.18311068e-05 5.33339393e-05 1.12635592e-04 6.82574173e-05 1.26039909e-04 1.53774114e-04 9.26159387e-05 6.73478152e-05 4.77450048e-06 8.59426364e-06 5.90636446e-06 2.33826950e-05 4.79425944e-06 1.58891138e-05 4.15447876e-05 3.61692801e-05 1.38279211e-05 4.38067953e-05 3.46105429e-05 1.35364404e-05 4.26122978e-05 5.06995007e-05 9.07397334e-06 3.81088479e-05 9.18470103e-05 2.42746290e-05 2.12365714e-04 3.61793388e-04 1.44717355e-05 1.39068667e-04 2.06100362e-05 2.90588883e-05 2.72082194e-04 4.51583362e-04 7.79253405e-05 2.01649929e-04 4.13308731e-05 1.27786628e-05 2.72877548e-05 1.28003879e-05 3.00443969e-07 1.00000000e-10 1.00000000e-10
 1998 02 08 12 00 00  3.58299886e-03 2.17458358e-03 1.19349474e-03 8.46631216e-04 6.01900982e-04 3.42841550e-04 2.42226198e-04 2.00441213e-04 4.05484433e-04 1.18535999e-04 2.80660779e-03 4.14385386e-03 2.10665145e-04 6.16740108e-05 4.05600191e-05 1.12998152e-04 3.17129859e-05 5.30246180e-05 1.12252343e-04 6.80496159e-05 1.25388868e-04 1.52942937e-04 9.22615031e-05 6.71912487e-05 4.76600217e-06 8.59807478e-06 5.90286254e-06 2.33392785e-05 4.78950133e-06 1.58574617e-05 4.13727614e-05 3.61201091e-05 1.37306895e-05 4.36365914e-05 3.43327294e-05 1.35195733e-05 4.22777928e-05 5.02441940e-05 9.07712456e-06 3.78634525e-05 9.08625735e-05 2.40977039e-05 2.10645458e-04 3.59240266e-04 1.43696106e-05 1.36974085e-04 1.99486894e-05 2.87152012e-05 2.68756825e-04 4.48176522e-04 7.71914880e-05 1.99946584e-04 4.16373866e-05 1.28897365e-05 2.75424287e-05 1.29513868e-05 3.05884291e-07 1.00000000e-10 1.00000000e-10
 1998 02 09 12 00 00  3.58159638e-03 2.17440375e-03 1.19331658e-03 8.46366488e-04 6.01596416e-04 3.42607642e-04 2.42036844e-04 2.00251445e-04 4.04985347e-04 1.18557466e-04 2.80254572e-03 4.13323268e-03 2.10587778e-04 6.17573555e-05 4.05644680e-05 1.12887489e-04 3.16592632e-05 5.28764969e-05 1.12403299e-04 6.82295708e-05 1.25070430e-04 1.52535826e-04 9.21138178e-05 6.71718112e-05 4.76208807e-06 8.60535074e-06 5.90113887e-06 2.33306615e-05 4.79342707e-06 1.58551127e-05 4.13314948e-05 3.60973965e-05 1.36867850e-05 4.36019235e-05 3.45631124e-05 1.35112001e-05 4.21964965e-05 5.00906898e-05 9.08314760e-06 3.78789227e-05 9.05722250e-05 2.42493057e-05 2.10068362e-04 3.61363636e-04 1.44545455e-05 1.36983640e-04 1.96358669e-05 2.90086697e-05 2.68461037e-04 4.48038612e-04 7.74385167e-05 1.99534229e-04 4.21658424e-05 1.30813089e-05 2.79820209e-05 1.32161775e-05 3.15762210e-07 1.00000000e-10 1.00000000e-10
 1998 02 10 12 00 00  3.58715167e-03 2.17752980e-03 1.19534165e-03 8.48032196e-04 6.03158374e-04 3.43352489e-04 2.42745967e-04 2.01021406e-04 4.06981672e-04 1.18982338e-04 2.81859411e-03 4.16511148e-03 2.11303491e-04 6.18651005e-05 4.06610736e-05 1.13478942e-04 3.18578037e-05 5.33666695e-05 1.12692683e-04 6.82799087e-05 1.26073622e-04 1.53816548e-04 9.26342933e-05 6.73676602e-05 4.77618159e-06 8.59776192e-06 5.90650307e-06 2.33919507e-05 4.79437767e-06 1.58950690e-05 4.15713184e-05 3.61786224e-05 1.38514835e-05 4.38270525e-05 3.46198271e-05 1.35367300e-05 4.26458477e-05 5.07450411e-05 9.07677895e-06 3.81398556e-05 9.19638550e-05 2.42904949e-05 2.12551344e-04 3.61891199e-04 1.44756480e-05 1.39306860e-04 2.06993209e-05 2.90876196e-05 2.72551192e-04 4.52089278e-04 7.80233885e-05 2.02648397e-04 4.22213455e-05 1.31005806e-05 2.80221030e-05 1.31913229e-05 3.10909630e-07 1.00000000e-10 1.00000000e-10
 1998 02 11 12 00 00  3.58746955e-03 2.17528638e-03 1.19413419e-03 8.47628844e-04 6.03066062e-04 3.43603235e-04 2.42853227e-04 2.01082078e-04 4.07115023e-04 1.18510035e-04 2.81982546e-03 4.17574458e-03 2.10953480e-04 6.14679574e-05 4.05595245e-05 1.13430311e-04 3.19382292e-05 5.35475207e-05 1.11941178e-04 6.75682735e-05 1.26426245e-04 1.54266092e-04 9.27490762e-05 6.73304482e-05 4.78177571e-06 8.63086971e-06 5.90836535e-06 2.33905216e-05 4.77812973e-06 1.58790153e-05 4.15625451e-05 3.62106832e-05 1.39189491e-05 4.38174688e-05 3.36709170e-05 1.35453956e-05 4.26084910e-05 5.08174341e-05 9.10426825e-06 3.79530288e-05 9.20213086e-05 2.36849985e-05 2.13062401e-04 3.53169139e-04 1.41267656e-05 1.37565573e-04 2.11014310e-05 2.79116706e-05 2.70791344e-04 4.49968410e-04 7.66953265e-05 2.04940206e-04 4.40259369e-05 1.37556087e-05 2.95292628e-05 1.41476121e-05 3.50464575e-07 1.00000000e-10 1.00000000e-10
 1998 02 12 12 00 00  3.59067076e-03 2.17903062e-03 1.19636392e-03 8.49048058e-04 6.04197765e-04 3.43876789e-04 2.43220835e-04 2.01529995e-04 4.08270824e-04 1.19160987e-04 2.82895221e-03 4.18637842e-03 2.11690352e-04 6.18741602e-05 4.07056804e-05 1.13871978e-04 3.20220453e-05 5.37325221e-05 1.12795146e-04 6.81999663e-05 1.26784439e-04 1.54721025e-04 9.29898539e-05 6.75474837e-05 4.78758338e-06 8.67308263e-06 5.91024473e-06 2.34432586e-05 4.79185983e-06 1.59225534e-05 4.17433055e-05 3.62439314e-05 1.39894124e-05 4.40241801e-05 3.44769738e-05 1.35540962e-05 4.29522624e-05 5.12061485e-05 9.13933618e-06 3.83822986e-05 9.29469158e-05 2.42167458e-05 2.14702596e-04 3.60599952e-04 1.44239981e-05 1.40670889e-04 2.15148961e-05 2.89407530e-05 2.75192307e-04 4.54881947e-04 7.82321358e-05 2.08006650e-04 4.62104987e-05 1.45487746e-05 3.13553236e-05 1.53187274e-05 3.99854771e-07 7.67304442e-10 1.00000000e-10
 1998 02 13 12 00 00  3.59542274e-03 2.18319807e-03 1.19891361e-03 8.50832503e-04 6.05721226e-04 3.44394970e-04 2.43797199e-04 2.02193925e-04 4.09985572e-04 1.19837587e-04 2.84260004e-03 4.20763791e-03 2.12553577e-04 6.22341839e-05 4.08587156e-05 1.14459092e-04 3.21702653e-05 5.40787412e-05 1.13583283e-04 6.87111693e-05 1.27476309e-04 1.55600036e-04 9.33902381e-05 6.78487189e-05 4.79797709e-06 8.77663770e-06 5.91390308e-06 2.35146582e-05 4.80281014e-06 1.59730177e-05 4.19845210e-05 3.63036321e-05 1.41132055e-05 4.43219530e-05 3.51208466e-05 1.35712908e-05 4.34116026e-05 5.17814906e-05 9.22543913e-06 3.89183480e-05 9.42475728e-05 2.46457377e-05 2.17375723e-04 3.66540939e-04 1.46616376e-05 1.44084529e-04 2.22768940e-05 2.97701190e-05 2.80305063e-04 4.60602633e-04 7.96686107e-05 2.13976664e-04 5.10264897e-05 1.62984200e-05 3.53886241e-05 1.79666852e-05 5.16138417e-07 5.11586240e-09 1.00000000e-10
 1998 02 14 12 00 00  3.60539478e-03 2.18985434e-03 1.20312089e-03 8.54065148e-04 6.08642930e-04 3.45646451e-04 2.45047024e-04 2.03577251e-04 4.13571679e-04 1.20818331e-04 2.87133081e-03 4.26077209e-03 2.14012786e-04 6.26131049e-05 4.10810655e-05 1.15572169e-04 3.25068337e-05 5.49026416e-05 1.14475503e-04 6.91264402e-05 1.29159661e-04 1.57743575e-04 9.42913793e-05 6.83482210e-05 4.82182259e-06 8.92160169e-06 5.92287288e-06 2.36416957e-05 4.81158386e-06 1.60551194e-05 4.24377610e-05 3.64409963e-05 1.43927013e-05 4.48457186e-05 3.56375094e-05 1.36139031e-05 4.42740501e-05 5.29644263e-05 9.34599739e-06 3.97064127e-05 9.68121920e-05 2.49932171e-05 2.22608683e-04 3.71312243e-04 1.48524897e-05 1.49268829e-04 2.40682610e-05 3.04412475e-05 2.88702056e-04 4.69619481e-04 8.13595606e-05 2.24131170e-04 5.75824562e-05 1.86806022e-05 4.08820367e-05 2.15965120e-05 6.77250875e-07 1.33015611e-08 6.83474610e-10
 1998 02 15 12 00 00  3.60831830e-03 2.19297282e-03 1.20499335e-03 8.55314711e-04 6.09676141e-04 3.45924751e-04 2.45394239e-04 2.03993010e-04 4.14635345e-04 1.21353216e-04 2.87973798e-03 4.27141003e-03 2.14640229e-04 6.29399382e-05 4.12026283e-05 1.15974214e-04 3.25979374e-05 5.50965779e-05 1.15180517e-04 6.96231669e-05 1.29526753e-04 1.58210102e-04 9.45239748e-05 6.85387357e-05 4.82808900e-06 8.95953563e-06 5.92478937e-06 2.36910436e-05 4.82212126e-06 1.60940417e-05 4.26048924e-05 3.64767970e-05 1.44695936e-05 4.50317310e-05 3.62577586e-05 1.36226838e-05 4.45859668e-05 5.33322024e-05 9.37751684e-06 4.00700941e-05 9.76783984e-05 2.54092127e-05 2.24160755e-04 3.77038736e-04 1.50815494e-05 1.51921575e-04 2.45060975e-05 3.12449352e-05 2.92585689e-04 4.73909056e-04 8.26230853e-05 2.27036858e-04 5.94901208e-05 1.93733415e-05 4.24774191e-05 2.26259394e-05 7.21136104e-07 1.53915359e-08 8.67879812e-10
 1998 02 16 12 00 00  3.61054133e-03 2.19463374e-03 1.20602935e-03 8.56122171e-04 6.10413567e-04 3.46197807e-04 2.45678526e-04 2.04315135e-04 4.15451319e-04 1.21614840e-04 2.88622982e-03 4.28204685e-03 2.15003540e-04 6.30719404e-05 4.12640977e-05 1.16257736e-04 3.26885463e-05 5.52899146e-05 1.15497231e-04 6.97938958e-05 1.29892162e-04 1.58675827e-04 9.47261282e-05 6.86471936e-05 4.83432450e-06 8.96744677e-06 5.92670440e-06 2.37255166e-05 4.82535615e-06 1.61185492e-05 4.27251194e-05 3.65124230e-05 1.45460537e-05 4.51483288e-05 3.64506734e-05 1.36314586e-05 4.48025286e-05 5.36221598e-05 9.38406592e-06 4.02469662e-05 9.83322775e-05 2.55489897e-05 2.25298805e-04 3.78832830e-04 1.51533132e-05 1.53379251e-04 2.49422767e-05 3.15129146e-05 2.94977752e-04 4.76405698e-04 8.31920445e-05 2.28833087e-04 6.00552621e-05 1.95782260e-05 4.29476225e-05 2.29099235e-05 7.31790507e-07 1.57820196e-08 8.99053987e-10
 1998 02 17 12 00 00  3.61264237e-03 2.19605732e-03 1.20692826e-03 8.56850093e-04 6.11092191e-04 3.46467825e-04 2.45950195e-04 2.04618979e-04 4.16221432e-04 1.21831362e-04 2.89237377e-03 4.29268330e-03 2.15322086e-04 6.31698493e-05 4.13151105e-05 1.16517811e-04 3.27767397e-05 5.54802886e-05 1.15741054e-04 6.99084892e-05 1.30253294e-04 1.59137724e-04 9.49217726e-05 6.87110220e-05 4.84040829e-06 8.92874305e-06 5.92860670e-06 2.37540270e-05 4.82742471e-06 1.61401788e-05 4.28348424e-05 3.65472049e-05 1.46203776e-05 4.52266553e-05 3.65747896e-05 1.36402072e-05 4.49966107e-05 5.38933863e-05 9.35184507e-06 4.03364739e-05 9.89374191e-05 2.56419618e-05 2.26143178e-04 3.79990939e-04 1.51996375e-05 1.54595635e-04 2.53703678e-05 3.16905993e-05 2.97083447e-04 4.78434549e-04 8.36368483e-05 2.29045833e-04 5.85474028e-05 1.90297853e-05 4.16802416e-05 2.20412613e-05 6.90953607e-07 1.35308312e-08 6.91830948e-10
 1998 02 18 12 00 00  3.61704738e-03 2.19951512e-03 1.20907002e-03 8.58413537e-04 6.12463551e-04 3.46981860e-04 2.46494132e-04 2.05235013e-04 4.17811352e-04 1.22374443e-04 2.90506207e-03 4.31394204e-03 2.16055349e-04 6.34331043e-05 4.14383444e-05 1.17044066e-04 3.29230184e-05 5.58241270e-05 1.16331726e-04 7.02584628e-05 1.30939419e-04 1.60013657e-04 9.53062010e-05 6.88936473e-05 4.85067940e-06 8.91095915e-06 5.93225523e-06 2.38105915e-05 4.83483818e-06 1.61832315e-05 4.30488541e-05 3.66062275e-05 1.47424566e-05 4.54240890e-05 3.70112044e-05 1.36573814e-05 4.53963960e-05 5.44224612e-05 9.33703268e-06 4.06379006e-05 1.00116998e-04 2.59349617e-05 2.28062438e-04 3.84020521e-04 1.53608208e-05 1.57342018e-04 2.61258770e-05 3.22566077e-05 3.01437421e-04 4.82908590e-04 8.47264933e-05 2.30894577e-04 5.79023139e-05 1.87950266e-05 4.11371413e-05 2.16619047e-05 6.72618796e-07 1.24835330e-08 5.94540461e-10
 1998 02 19 12 00 00  3.61689680e-03 2.19909353e-03 1.20883164e-03 8.58329895e-04 6.12440645e-04 3.46996719e-04 2.46490693e-04 2.05225521e-04 4.17770408e-04 1.22297856e-04 2.90473883e-03 4.31394987e-03 2.15987038e-04 6.33843486e-05 4.14230843e-05 1.17034666e-04 3.29404924e-05 5.58455475e-05 1.16251247e-04 7.01723970e-05 1.30959151e-04 1.60041431e-04 9.53087653e-05 6.88250312e-05 4.85177989e-06 8.82889144e-06 5.93234545e-06 2.38071422e-05 4.83260374e-06 1.61826665e-05 4.30487220e-05 3.66123422e-05 1.47578801e-05 4.53692646e-05 3.68823559e-05 1.36575705e-05 4.53804641e-05 5.44242488e-05 9.26873472e-06 4.04977886e-05 1.00120523e-04 2.58595042e-05 2.27675070e-04 3.82844592e-04 1.53137837e-05 1.57073613e-04 2.61843175e-05 3.21086438e-05 3.01283079e-04 4.82438148e-04 8.45763554e-05 2.28570681e-04 5.45098810e-05 1.75616324e-05 3.82893933e-05 1.97391368e-05 5.84274500e-07 7.76292408e-09 1.63628311e-10
 1998 02 20 12 00 00  3.61683677e-03 2.19890260e-03 1.20872471e-03 8.58300073e-04 6.12441569e-04 3.47005601e-04 2.46491625e-04 2.05224470e-04 4.17757844e-04 1.22263859e-04 2.90462988e-03 4.31395471e-03 2.15958065e-04 6.33650759e-05 4.14169725e-05 1.17034800e-04 3.29506904e-05 5.58580447e-05 1.16225750e-04 7.01371231e-05 1.30970851e-04 1.60057637e-04 9.53114743e-05 6.87920618e-05 4.85242163e-06 8.78681458e-06 5.93239820e-06 2.38060876e-05 4.83156582e-06 1.61829477e-05 4.30498883e-05 3.66159104e-05 1.47668776e-05 4.53433818e-05 3.68231529e-05 1.36576811e-05 4.53752593e-05 5.44287551e-05 9.23370317e-06 4.04305941e-05 1.00132005e-04 2.58275715e-05 2.27488001e-04 3.82307783e-04 1.52923113e-05 1.56968293e-04 2.62184127e-05 3.20454070e-05 3.01258090e-04 4.82258822e-04 8.45207662e-05 2.27479909e-04 5.28810113e-05 1.69691494e-05 3.69201043e-05 1.87990780e-05 5.39972305e-07 5.31275397e-09 1.00000000e-10
 1998 02 21 12 00 00  3.61877350e-03 2.20011480e-03 1.20949811e-03 8.58910820e-04 6.13002152e-04 3.47255068e-04 2.46736431e-04 2.05493639e-04 4.18455297e-04 1.22437862e-04 2.91021837e-03 4.32458073e-03 2.16228715e-04 6.34259156e-05 4.14568153e-05 1.17247836e-04 3.30175186e-05 5.60222252e-05 1.16375553e-04 7.01950165e-05 1.31305676e-04 1.60485556e-04 9.54889664e-05 6.88534115e-05 4.85716009e-06 8.76900885e-06 5.93418990e-06 2.38272985e-05 4.83272124e-06 1.61981428e-05 4.31345458e-05 3.66432156e-05 1.48223451e-05 4.54156384e-05 3.68916255e-05 1.36661984e-05 4.55348156e-05 5.46562080e-05 9.21887695e-06 4.05149063e-05 1.00622246e-04 2.58754531e-05 2.28272360e-04 3.82942380e-04 1.53176952e-05 1.57876873e-04 2.65750510e-05 3.21375235e-05 3.02814316e-04 4.83777295e-04 8.48046186e-05 2.28024568e-04 5.22033566e-05 1.67226295e-05 3.63502242e-05 1.84060872e-05 5.21328805e-07 4.27269473e-09 1.00000000e-10
 1998 02 22 12 00 00  3.61966325e-03 2.19915964e-03 1.20902715e-03 8.58859003e-04 6.13115607e-04 3.47495195e-04 2.46886045e-04 2.05621516e-04 4.18780720e-04 1.22205131e-04 2.91293408e-03 4.33520712e-03 2.16105452e-04 6.31955275e-05 4.14068744e-05 1.17281793e-04 3.30819224e-05 5.61834429e-05 1.15942604e-04 6.97662297e-05 1.31637763e-04 1.60909663e-04 9.56201023e-05 6.88430387e-05 4.86174540e-06 8.77751008e-06 5.93596851e-06 2.38304520e-05 4.82303258e-06 1.61915277e-05 4.31503844e-05 3.66696710e-05 1.48756779e-05 4.54266804e-05 3.63251747e-05 1.36746894e-05 4.55581901e-05 5.47687652e-05 9.22594772e-06 4.04137453e-05 1.00796143e-04 2.55114574e-05 2.28791895e-04 3.77732571e-04 1.51093028e-05 1.57042150e-04 2.69236072e-05 3.14311299e-05 3.02122226e-04 4.82821272e-04 8.40483183e-05 2.29155929e-04 5.25801152e-05 1.68595460e-05 3.66660447e-05 1.86157601e-05 5.30707695e-07 4.75481468e-09 1.00000000e-10
 1998 02 23 12 00 00  3.61620262e-03 2.19752812e-03 1.20793840e-03 8.57907138e-04 6.12196440e-04 3.47008363e-04 2.46440003e-04 2.05145763e-04 4.17541452e-04 1.22007845e-04 2.90294237e-03 4.31395806e-03 2.15714089e-04 6.31874979e-05 4.13620460e-05 1.16936330e-04 3.29584553e-05 5.58675616e-05 1.15885031e-04 6.98373013e-05 1.30981614e-04 1.60069977e-04 9.52881855e-05 6.87743376e-05 4.85291021e-06 8.83596440e-06 5.93243858e-06 2.37998849e-05 4.82460819e-06 1.61711367e-05 4.30143792e-05 3.66186345e-05 1.47737301e-05 4.53300914e-05 3.64174863e-05 1.36577655e-05 4.53025082e-05 5.43728163e-05 9.27458314e-06 4.03622656e-05 9.99739456e-05 2.55715393e-05 2.27541098e-04 3.78582582e-04 1.51433033e-05 1.55955793e-04 2.62443820e-05 3.15475772e-05 2.99993800e-04 4.80955466e-04 8.38977836e-05 2.29096431e-04 5.50709115e-05 1.77649471e-05 3.87556075e-05 2.00161313e-05 5.94300741e-07 8.09690786e-09 1.89071647e-10
 1998 02 24 12 00 00  3.61260499e-03 2.19562005e-03 1.20669062e-03 8.56867701e-04 6.11215880e-04 3.46519289e-04 2.45980822e-04 2.04650775e-04 4.16252592e-04 1.21758474e-04 2.89256884e-03 4.29270901e-03 2.15271875e-04 6.31416696e-05 4.13055828e-05 1.16566313e-04 3.28335445e-05 5.55499108e-05 1.15749905e-04 6.98455260e-05 1.30322072e-04 1.59228008e-04 9.49496217e-05 6.86505953e-05 4.84398370e-06 8.83440225e-06 5.92890174e-06 2.37625049e-05 4.82480900e-06 1.61477239e-05 4.28667128e-05 3.65670829e-05 1.46705032e-05 4.51866872e-05 3.64291307e-05 1.36408271e-05 4.50215589e-05 5.39571656e-05 9.27328583e-06 4.02032883e-05 9.91007759e-05 2.55786465e-05 2.25927083e-04 3.78689147e-04 1.51475659e-05 1.54596653e-04 2.55603198e-05 3.15614394e-05 2.97559812e-04 4.78557854e-04 8.36107525e-05 2.27090015e-04 5.49839177e-05 1.77333744e-05 3.86829780e-05 1.99702494e-05 5.92418215e-07 8.01316933e-09 1.81848980e-10
 1998 02 25 12 00 00  3.60916175e-03 2.19683391e-03 1.20715768e-03 8.56540214e-04 6.10565698e-04 3.45798559e-04 2.45466444e-04 2.04168295e-04 4.15008726e-04 1.22148343e-04 2.88233967e-03 4.26083468e-03 2.15346357e-04 6.36170581e-05 4.13887333e-05 1.16340109e-04 3.26456793e-05 5.50728291e-05 1.16628764e-04 7.07687810e-05 1.29331378e-04 1.57964256e-04 9.45256653e-05 6.85911940e-05 4.83056283e-06 8.77398124e-06 5.92359283e-06 2.37381520e-05 4.84554512e-06 1.61525381e-05 4.27703750e-05 3.64895968e-05 1.45152284e-05 4.50783312e-05 3.76422162e-05 1.36154122e-05 4.48497970e-05 5.35410951e-05 9.22301333e-06 4.02986540e-05 9.83638707e-05 2.63613532e-05 2.23930176e-04 3.89850286e-04 1.55940115e-05 1.55792356e-04 2.45325733e-05 3.30797484e-05 2.98051020e-04 4.79500127e-04 8.51174674e-05 2.22578344e-04 5.24184214e-05 1.68007979e-05 3.65305908e-05 1.85265286e-05 5.26766927e-07 4.55612579e-09 1.00000000e-10
 1998 02 26 12 00 00  3.60327661e-03 2.19016041e-03 1.20317508e-03 8.54057119e-04 6.08620668e-04 3.45293406e-04 2.44802235e-04 2.03367869e-04 4.12911119e-04 1.21005523e-04 2.86571549e-03 4.23958562e-03 2.14040669e-04 6.29338550e-05 4.11356890e-05 1.15583683e-04 3.25202767e-05 5.47545846e-05 1.15223595e-04 6.97104319e-05 1.28669487e-04 1.57121517e-04 9.40882943e-05 6.82468179e-05 4.82160540e-06 8.73855388e-06 5.92005235e-06 2.36566829e-05 4.82186551e-06 1.60821913e-05 4.24726373e-05 3.64378793e-05 1.44115736e-05 4.47479702e-05 3.62563762e-05 1.35984679e-05 4.42651396e-05 5.28760134e-05 9.19354206e-06 3.96155889e-05 9.68068169e-05 2.54648650e-05 2.21295604e-04 3.77096809e-04 1.50838724e-05 1.50575700e-04 2.38468827e-05 3.13412049e-05 2.90753823e-04 4.71460337e-04 8.25600786e-05 2.19131180e-04 5.08771719e-05 1.62406306e-05 3.52381556e-05 1.76646936e-05 4.87940792e-07 3.00695113e-09 1.00000000e-10
 1998 02 27 12 00 00  3.60129807e-03 2.18883236e-03 1.20233643e-03 8.53423652e-04 6.08054108e-04 3.45047626e-04 2.44556446e-04 2.03096216e-04 4.12202813e-04 1.20810640e-04 2.86003702e-03 4.22896072e-03 2.13751597e-04 6.28605193e-05 4.10919140e-05 1.15368125e-04 3.24578170e-05 5.45957475e-05 1.15054584e-04 6.96302508e-05 1.28338718e-04 1.56700517e-04 9.39112592e-05 6.81440363e-05 4.81714196e-06 8.70252989e-06 5.91828393e-06 2.36323928e-05 4.82009418e-06 1.60667924e-05 4.23862173e-05 3.64121079e-05 1.43599565e-05 4.46416720e-05 3.61525541e-05 1.35899973e-05 4.40974395e-05 5.26469352e-05 9.16357676e-06 3.94517155e-05 9.63134137e-05 2.53971288e-05 2.20243024e-04 3.76140681e-04 1.50456272e-05 1.49571281e-04 2.35048414e-05 3.12099670e-05 2.89153659e-04 4.69714098e-04 8.22371576e-05 2.16953719e-04 4.92857522e-05 1.56622866e-05 3.39040570e-05 1.67783079e-05 4.48242426e-07 1.63987934e-09 1.00000000e-10
 1998 02 28 12 00 00  3.59757567e-03 2.18665065e-03 1.20093184e-03 8.52306424e-04 6.07025484e-04 3.44559889e-04 2.44087288e-04 2.02585709e-04 4.10870899e-04 1.20510133e-04 2.84933326e-03 4.20771316e-03 2.13260507e-04 6.27783196e-05 4.10242183e-05 1.14978863e-04 3.23353306e-05 5.42810711e-05 1.14848468e-04 6.95771771e-05 1.27683484e-04 1.55862405e-04 9.35685722e-05 6.80467245e-05 4.80836788e-06 8.75214901e-06 5.91475909e-06 2.35966957e-05 4.81891038e-06 1.60411554e-05 4.22340231e-05 3.63614119e-05 1.42588717e-05 4.45208765e-05 3.60832812e-05 1.35730850e-05 4.38073183e-05 5.22234284e-05 9.20486273e-06 3.93335740e-05 9.54154782e-05 2.53522070e-05 2.18855525e-04 3.75503016e-04 1.50201206e-05 1.48042008e-04 2.28288918e-05 3.11228767e-05 2.86474943e-04 4.67192048e-04 8.18242082e-05 2.16584135e-04 5.13978662e-05 1.64300423e-05 3.56759777e-05 1.79661142e-05 5.02205175e-07 3.53390952e-09 1.00000000e-10
 1998 03 01 12 00 00  3.59018818e-03 2.18240487e-03 1.19819048e-03 8.50108949e-04 6.04993866e-04 3.43584818e-04 2.43154357e-04 2.01572784e-04 4.08228152e-04 1.19931396e-04 2.82808401e-03 4.16521691e-03 2.12300183e-04 6.26307331e-05 4.08939887e-05 1.14210536e-04 3.20903520e-05 5.36517124e-05 1.14471265e-04 6.94989169e-05 1.26372278e-04 1.54186167e-04 9.28856653e-05 6.78360571e-05 4.79081937e-06 8.82192762e-06 5.90770906e-06 2.35244622e-05 4.81712777e-06 1.59910775e-05 4.19320242e-05 3.62600229e-05 1.40566975e-05 4.42658619e-05 3.59791535e-05 1.35392591e-05 4.32313845e-05 5.13811867e-05 9.26291468e-06 3.90710330e-05 9.36342055e-05 2.52856582e-05 2.15951298e-04 3.74545769e-04 1.49818307e-05 1.45060343e-04 2.14769811e-05 3.09936499e-05 2.81242647e-04 4.62199541e-04 8.10577449e-05 2.14949331e-04 5.43989465e-05 1.75208650e-05 3.81931498e-05 1.96492738e-05 5.78367423e-07 7.31443643e-09 1.19367938e-10
 1998 03 02 12 00 00  3.58227798e-03 2.17705759e-03 1.19481747e-03 8.47583103e-04 6.02746846e-04 3.42607935e-04 2.42175789e-04 2.00491373e-04 4.05402179e-04 1.19146471e-04 2.80541768e-03 4.12272103e-03 2.11141285e-04 6.23368594e-05 4.07186129e-05 1.13355881e-04 3.18473147e-05 5.30247227e-05 1.13803424e-04 6.91753055e-05 1.25058828e-04 1.52512996e-04 9.21812447e-05 6.74567580e-05 4.77339308e-06 8.71787561e-06 5.90066957e-06 2.34318758e-05 4.80981143e-06 1.59305765e-05 4.15920985e-05 3.61593062e-05 1.38562347e-05 4.38685208e-05 3.55514087e-05 1.35054521e-05 4.25701206e-05 5.04761888e-05 9.17632860e-06 3.84714053e-05 9.16879117e-05 2.50109064e-05 2.11978242e-04 3.70611804e-04 1.48244722e-05 1.41092250e-04 2.01315474e-05 3.04604269e-05 2.74919266e-04 4.55421125e-04 7.97728977e-05 2.07821512e-04 5.00568280e-05 1.59422916e-05 3.45489179e-05 1.71944832e-05 4.65990051e-07 2.20937508e-09 1.00000000e-10
 1998 03 03 12 00 00  3.57598900e-03 2.17229042e-03 1.19185397e-03 8.45465431e-04 6.00916856e-04 3.41874831e-04 2.41411275e-04 1.99634191e-04 4.03158460e-04 1.18416260e-04 2.78745569e-03 4.09085043e-03 2.10136149e-04 6.20164363e-05 4.05562002e-05 1.12656866e-04 3.16672202e-05 5.25571639e-05 1.13107181e-04 6.87646039e-05 1.24080311e-04 1.51261597e-04 9.16387103e-05 6.72522214e-05 4.76046189e-06 8.79383078e-06 5.89540105e-06 2.33665671e-05 4.80051494e-06 1.58782195e-05 4.13200735e-05 3.60845384e-05 1.37078154e-05 4.36384707e-05 3.50079965e-05 1.34801230e-05 4.20451284e-05 4.97695259e-05 9.23951447e-06 3.81486220e-05 9.01437137e-05 2.46621261e-05 2.09661369e-04 3.65614385e-04 1.46245754e-05 1.37625569e-04 1.91297833e-05 2.97834747e-05 2.69441147e-04 4.49973366e-04 7.84559511e-05 2.07299506e-04 5.33579045e-05 1.71420757e-05 3.73171320e-05 1.90408592e-05 5.49202574e-07 5.66560381e-09 1.00000000e-10
 1998 03 04 12 00 00  3.57238070e-03 2.17030909e-03 1.19056582e-03 8.44424603e-04 5.99950967e-04 3.41393189e-04 2.40955873e-04 1.99142791e-04 4.01871613e-04 1.18154314e-04 2.77709422e-03 4.06960547e-03 2.09684482e-04 6.19644186e-05 4.04977214e-05 1.12292605e-04 3.15505604e-05 5.22496295e-05 1.12968221e-04 6.87603548e-05 1.23431951e-04 1.50432741e-04 9.13039567e-05 6.71525684e-05 4.75205416e-06 8.82462846e-06 5.89190677e-06 2.33333089e-05 4.80029121e-06 1.58557770e-05 4.11784301e-05 3.60358797e-05 1.36118717e-05 4.35168124e-05 3.49956943e-05 1.34632734e-05 4.17720431e-05 4.93648668e-05 9.26512585e-06 3.80300606e-05 8.92968121e-05 2.46574637e-05 2.08248419e-04 3.65505246e-04 1.46202098e-05 1.36288140e-04 1.84733144e-05 2.97737541e-05 2.67062556e-04 4.47723284e-04 7.81579851e-05 2.06496993e-04 5.47651734e-05 1.76533896e-05 3.84960871e-05 1.98180074e-05 5.83561115e-07 7.40077910e-09 1.22470478e-10
 1998 03 05 12 00 00  3.56822906e-03 2.16718662e-03 1.18862308e-03 8.43041853e-04 5.98759449e-04 3.40909143e-04 2.40452649e-04 1.98579737e-04 4.00393695e-04 1.17678621e-04 2.76525628e-03 4.04836088e-03 2.09026687e-04 6.17603214e-05 4.03923217e-05 1.11837943e-04 3.14353500e-05 5.19438763e-05 1.12527252e-04 6.85012434e-05 1.22784186e-04 1.49606197e-04 9.09465522e-05 6.69782603e-05 4.74373846e-06 8.81557207e-06 5.88841976e-06 2.32879225e-05 4.79433911e-06 1.58224118e-05 4.10013461e-05 3.59877304e-05 1.35172100e-05 4.33321401e-05 3.46482964e-05 1.34464397e-05 4.14246446e-05 4.89013633e-05 9.25757122e-06 3.77456276e-05 8.82895607e-05 2.44367024e-05 2.06438719e-04 3.62313272e-04 1.44925309e-05 1.34017113e-04 1.78217102e-05 2.93448189e-05 2.63543459e-04 4.44048590e-04 7.73204536e-05 2.04403775e-04 5.45197616e-05 1.75638475e-05 3.82878034e-05 1.96592421e-05 5.74970363e-07 6.84491219e-09 6.93086033e-11
 1998 03 06 12 00 00  3.56421269e-03 2.16434084e-03 1.18683914e-03 8.41744686e-04 5.97626509e-04 3.40426897e-04 2.39961977e-04 1.98035124e-04 3.98963873e-04 1.17254823e-04 2.75379181e-03 4.02711630e-03 2.08419233e-04 6.15931730e-05 4.02983138e-05 1.11406753e-04 3.13211116e-05 5.16393164e-05 1.12159452e-04 6.83038379e-05 1.22135807e-04 1.48781197e-04 9.05954748e-05 6.67632659e-05 4.73548389e-06 8.73297104e-06 5.88493713e-06 2.32404527e-05 4.78976872e-06 1.57919469e-05 4.08316980e-05 3.59399244e-05 1.34234069e-05 4.31131604e-05 3.43817810e-05 1.34296162e-05 4.10880106e-05 4.84499580e-05 9.18881997e-06 3.73933146e-05 8.73186286e-05 2.42682174e-05 2.04309384e-04 3.59865505e-04 1.43946202e-05 1.31926122e-04 1.71733554e-05 2.90172669e-05 2.60319275e-04 4.40479763e-04 7.66159941e-05 2.00048950e-04 5.11742626e-05 1.63473470e-05 3.54782388e-05 1.77525568e-05 4.86672036e-07 2.72003930e-09 1.00000000e-10
 1998 03 07 12 00 00  3.55901014e-03 2.16182044e-03 1.18516555e-03 8.40314339e-04 5.96260708e-04 3.39703870e-04 2.39296363e-04 1.97324607e-04 3.97106086e-04 1.16946210e-04 2.73881180e-03 3.99524719e-03 2.07822409e-04 6.15743587e-05 4.02288919e-05 1.10893683e-04 3.11439333e-05 5.11753315e-05 1.12065864e-04 6.83971564e-05 1.21159112e-04 1.47534441e-04 9.01012589e-05 6.65898522e-05 4.72273532e-06 8.72074161e-06 5.87968425e-06 2.31900021e-05 4.79171322e-06 1.57622650e-05 4.06296987e-05 3.58661753e-05 1.32775604e-05 4.29099771e-05 3.44964385e-05 1.34043177e-05 4.06982690e-05 4.78599173e-05 9.17862053e-06 3.71834059e-05 8.60981842e-05 2.43460789e-05 2.01959243e-04 3.60925243e-04 1.44370097e-05 1.30228542e-04 1.61813412e-05 2.91675009e-05 2.57175979e-04 4.37412725e-04 7.63770146e-05 1.97030055e-04 5.08236481e-05 1.62194930e-05 3.51811863e-05 1.75302066e-05 4.74898921e-07 2.22979324e-09 1.00000000e-10
 1998 03 08 12 00 00  3.56056100e-03 2.16220975e-03 1.18546646e-03 8.40681529e-04 5.96663041e-04 3.39954187e-04 2.39508038e-04 1.97543233e-04 3.97667154e-04 1.16965806e-04 2.74335935e-03 4.00587544e-03 2.07944070e-04 6.15234765e-05 4.02342915e-05 1.11043448e-04 3.12146411e-05 5.13442676e-05 1.11991229e-04 6.82678598e-05 1.21498518e-04 1.47968537e-04 9.02641239e-05 6.66150999e-05 4.72771826e-06 8.69663563e-06 5.88149596e-06 2.32046962e-05 4.78873553e-06 1.57700396e-05 4.06932139e-05 3.58948339e-05 1.33364578e-05 4.29515978e-05 3.43227061e-05 1.34128772e-05 4.08097556e-05 4.80501142e-05 9.15853452e-06 3.71792891e-05 8.64848234e-05 2.42358597e-05 2.02588122e-04 3.59329144e-04 1.43731658e-05 1.30494052e-04 1.65509700e-05 2.89533054e-05 2.57938268e-04 4.38003678e-04 7.62695490e-05 1.97457181e-04 5.00074188e-05 1.59222926e-05 3.44928323e-05 1.70400922e-05 4.50568507e-07 1.28070994e-09 1.00000000e-10
 1998 03 09 12 00 00  3.56456641e-03 2.16491182e-03 1.18717162e-03 8.41983872e-04 5.97835980e-04 3.40454439e-04 2.40008893e-04 1.98097996e-04 3.99106178e-04 1.17365213e-04 2.75489230e-03 4.02712859e-03 2.08534111e-04 6.16789661e-05 4.03244696e-05 1.11490448e-04 3.13487835e-05 5.16732282e-05 1.12352880e-04 6.84409111e-05 1.22169517e-04 1.48825180e-04 9.06250389e-05 6.67678915e-05 4.73722612e-06 8.68625575e-06 5.88508119e-06 2.32511975e-05 4.79245282e-06 1.58031251e-05 4.08736897e-05 3.59496073e-05 1.34478265e-05 4.31209385e-05 3.45412176e-05 1.34299160e-05 4.11495635e-05 4.85209608e-05 9.14986449e-06 3.74092119e-05 8.75074606e-05 2.43811664e-05 2.04336848e-04 3.61345032e-04 1.44538013e-05 1.32549287e-04 1.72658940e-05 2.92342855e-05 2.61323999e-04 4.41432858e-04 7.69596619e-05 1.99421888e-04 4.98009715e-05 1.58466864e-05 3.43156052e-05 1.68891197e-05 4.41394037e-07 8.51996163e-10 1.00000000e-10
 1998 03 10 12 00 00  3.57599502e-03 2.17190334e-03 1.19164377e-03 8.45508451e-04 6.01065796e-04 3.41934830e-04 2.41448567e-04 1.99673047e-04 4.03203064e-04 1.18351988e-04 2.78779558e-03 4.09088060e-03 2.10094091e-04 6.19887024e-05 4.05468914e-05 1.12715905e-04 3.17332451e-05 5.26381016e-05 1.13109214e-04 6.87023683e-05 1.24162849e-04 1.51366543e-04 9.16731528e-05 6.72585137e-05 4.76461719e-06 8.77833008e-06 5.89574338e-06 2.33831881e-05 4.79814262e-06 1.58877540e-05 4.13680143e-05 3.61076469e-05 1.37660827e-05 4.36535512e-05 3.48751957e-05 1.34808419e-05 4.20919617e-05 4.98532806e-05 9.22644176e-06 3.81343083e-05 9.03545439e-05 2.46013078e-05 2.09906442e-04 3.64423635e-04 1.45769454e-05 1.37770972e-04 1.93505810e-05 2.96603597e-05 2.70063243e-04 4.50515855e-04 7.84477343e-05 2.08520242e-04 5.39300710e-05 1.73471190e-05 3.77760469e-05 1.91801410e-05 5.43411268e-07 4.44540582e-09 1.00000000e-10
 1998 03 11 12 00 00  3.58542355e-03 2.18029756e-03 1.19676850e-03 8.49003265e-04 6.03994702e-04 3.42940152e-04 2.42573825e-04 2.00967958e-04 4.06577462e-04 1.19710372e-04 2.81470446e-03 4.13338505e-03 2.11812764e-04 6.26959702e-05 4.08495692e-05 1.13843632e-04 3.19961866e-05 5.32894803e-05 1.14615256e-04 6.97133306e-05 1.25501189e-04 1.53071343e-04 9.24532902e-05 6.77544000e-05 4.78329639e-06 8.85655390e-06 5.90288655e-06 2.35070379e-05 4.82060641e-06 1.59821731e-05 4.18208522e-05 3.62153223e-05 1.39841082e-05 4.41525361e-05 3.61908518e-05 1.35148628e-05 4.29640220e-05 5.09461749e-05 9.29149537e-06 3.90192391e-05 9.28123157e-05 2.54563754e-05 2.14407029e-04 3.76536314e-04 1.50614526e-05 1.44310406e-04 2.07625693e-05 3.13177559e-05 2.79791454e-04 4.61053804e-04 8.12324348e-05 2.15542488e-04 5.74848105e-05 1.86387338e-05 4.07543770e-05 2.11459046e-05 6.30502527e-07 8.85786164e-09 2.29199504e-10
 1998 03 12 12 00 00  3.59191326e-03 2.18535446e-03 1.19990248e-03 8.51261014e-04 6.05957425e-04 3.43693613e-04 2.43368261e-04 2.01864520e-04 4.08906633e-04 1.20497795e-04 2.83331952e-03 4.16526496e-03 2.12879947e-04 6.30640936e-05 4.10264303e-05 1.14595558e-04 3.21971602e-05 5.37826330e-05 1.15427779e-04 7.01985497e-05 1.26508497e-04 1.54355932e-04 9.30152884e-05 6.80505265e-05 4.79754235e-06 8.87761344e-06 5.90826276e-06 2.35879191e-05 4.83121075e-06 1.60416475e-05 4.21234570e-05 3.62974039e-05 1.41509503e-05 4.44634465e-05 3.68130219e-05 1.35404189e-05 4.35403862e-05 5.17060245e-05 9.30897804e-06 3.95123094e-05 9.44919936e-05 2.58653017e-05 2.17393683e-04 3.82269992e-04 1.52907997e-05 1.48223869e-04 2.18341534e-05 3.21094471e-05 2.85892937e-04 4.67473673e-04 8.27473522e-05 2.19654925e-04 5.86516257e-05 1.90622276e-05 4.17286245e-05 2.17620363e-05 6.55833423e-07 9.98890997e-09 3.26883431e-10
 1998 03 13 12 00 00  3.59651628e-03 2.18927884e-03 1.20231027e-03 8.52943926e-04 6.07392212e-04 3.44201049e-04 2.43924954e-04 2.02501748e-04 4.10560579e-04 1.21127157e-04 2.84650514e-03 4.18651998e-03 2.13693789e-04 6.33861096e-05 4.11678951e-05 1.15147334e-04 3.23346962e-05 5.41157555e-05 1.16127722e-04 7.06490828e-05 1.27185536e-04 1.55217961e-04 9.34037187e-05 6.82986910e-05 4.80726376e-06 8.92767712e-06 5.91186654e-06 2.36502356e-05 4.84102202e-06 1.60875037e-05 4.23463083e-05 3.63533676e-05 1.42653167e-05 4.47142971e-05 3.73888732e-05 1.35574970e-05 4.39671124e-05 5.22489353e-05 9.35058852e-06 3.99472210e-05 9.57090686e-05 2.62446993e-05 2.19687208e-04 3.87577949e-04 1.55031180e-05 1.51328894e-04 2.25604264e-05 3.28437891e-05 2.90585579e-04 4.72572747e-04 8.40344470e-05 2.23715230e-04 6.10934148e-05 1.99490801e-05 4.37718006e-05 2.30892084e-05 7.13070247e-07 1.27677563e-08 5.73556935e-10
 1998 03 14 12 00 00  3.60462980e-03 2.19495042e-03 1.20587328e-03 8.55610070e-04 6.09764271e-04 3.45193471e-04 2.44931231e-04 2.03620716e-04 4.13471277e-04 1.21975550e-04 2.86981009e-03 4.22902219e-03 2.14919812e-04 6.37325211e-05 4.13592278e-05 1.16051752e-04 3.25932691e-05 5.47617790e-05 1.16920707e-04 7.10560940e-05 1.28521620e-04 1.56915810e-04 9.41249602e-05 6.87842584e-05 4.82566793e-06 9.15014243e-06 5.91898643e-06 2.37585030e-05 4.84984339e-06 1.61544646e-05 4.27128774e-05 3.64595180e-05 1.44794874e-05 4.52042982e-05 3.79068981e-05 1.35914685e-05 4.46782887e-05 5.32018930e-05 9.53564886e-06 4.07464831e-05 9.77773255e-05 2.65871116e-05 2.24412988e-04 3.92354380e-04 1.56941752e-05 1.55751687e-04 2.39578003e-05 3.35063145e-05 2.97495931e-04 4.80360749e-04 8.55263644e-05 2.35046157e-04 7.08157018e-05 2.34825400e-05 5.19238097e-05 2.85193436e-05 9.57275654e-07 2.54214996e-08 1.71875207e-09
 1998 03 15 12 00 00  3.61081985e-03 2.19941191e-03 1.20866524e-03 8.57677180e-04 6.11591793e-04 3.45940058e-04 2.45696370e-04 2.04475084e-04 4.15692767e-04 1.22651092e-04 2.88758458e-03 4.26089913e-03 2.15877888e-04 6.40211023e-05 4.15115745e-05 1.16749446e-04 3.27888993e-05 5.52483834e-05 1.17575556e-04 7.14090245e-05 1.29527984e-04 1.58191902e-04 9.46712930e-05 6.92169356e-05 4.83957811e-06 9.39964084e-06 5.92433571e-06 2.38474729e-05 4.85748751e-06 1.62070851e-05 4.29982043e-05 3.65397282e-05 1.46416147e-05 4.56300492e-05 3.83558363e-05 1.36169678e-05 4.52352650e-05 5.39343056e-05 9.74320719e-06 4.14763083e-05 9.93728639e-05 2.68839765e-05 2.28425112e-04 3.96493930e-04 1.58597572e-05 1.59303137e-04 2.50115147e-05 3.40806961e-05 3.02918423e-04 4.86728281e-04 8.67499533e-05 2.46201265e-04 8.16472342e-05 2.74193108e-05 6.10071078e-05 3.45794284e-05 1.23050743e-06 3.96324019e-08 3.00624343e-09
 1998 03 16 12 00 00  3.61250504e-03 2.20007533e-03 1.20912457e-03 8.58131903e-04 6.12055795e-04 3.46191348e-04 2.45920958e-04 2.04713163e-04 4.16304263e-04 1.22722802e-04 2.89250598e-03 4.27152812e-03 2.16051037e-04 6.40105012e-05 4.15293308e-05 1.16923736e-04 3.28596099e-05 5.54173253e-05 1.17586584e-04 7.13463058e-05 1.29865177e-04 1.58626014e-04 9.48399682e-05 6.91901140e-05 4.84456104e-06 9.28696172e-06 5.92614670e-06 2.38589587e-05 4.85586388e-06 1.62176923e-05 4.30662516e-05 3.65683867e-05 1.47005136e-05 4.56283033e-05 3.82621569e-05 1.36255287e-05 4.53546740e-05 5.41347816e-05 9.64942665e-06 4.13843723e-05 9.97922026e-05 2.68290256e-05 2.28652039e-04 3.95638904e-04 1.58255562e-05 1.59736143e-04 2.53811537e-05 3.39729682e-05 3.03977901e-04 4.87380896e-04 8.67845492e-05 2.43860626e-04 7.70602943e-05 2.57514531e-05 5.71553918e-05 3.19688293e-05 1.10984781e-06 3.31318574e-08 2.41152343e-09
 1998 03 17 12 00 00  3.61174104e-03 2.19842642e-03 1.20818055e-03 8.57656572e-04 6.11756225e-04 3.46194087e-04 2.45857924e-04 2.04617128e-04 4.16041512e-04 1.22415191e-04 2.89046605e-03 4.27153185e-03 2.15757079e-04 6.37952348e-05 4.14627949e-05 1.16803520e-04 3.28683469e-05 5.54280356e-05 1.17168929e-04 7.09835032e-05 1.29875730e-04 1.58639900e-04 9.48115830e-05 6.91230553e-05 4.84511074e-06 9.28185473e-06 5.92619217e-06 2.38470665e-05 4.84753145e-06 1.62033293e-05 4.30219361e-05 3.65714455e-05 1.47082232e-05 4.55731187e-05 3.77758377e-05 1.36256218e-05 4.52600849e-05 5.40632310e-05 9.64515275e-06 4.12182305e-05 9.95933121e-05 2.65199284e-05 2.28385682e-04 3.91170347e-04 1.56468139e-05 1.58471998e-04 2.54103739e-05 3.33724078e-05 3.02442341e-04 4.85600421e-04 8.60292213e-05 2.43810513e-04 7.70105824e-05 2.57329826e-05 5.71108169e-05 3.19160374e-05 1.10580029e-06 3.27944036e-08 2.37769040e-09
 1998 03 18 12 00 00  3.61747799e-03 2.20194243e-03 1.21043014e-03 8.59438252e-04 6.13393771e-04 3.46937573e-04 2.46582645e-04 2.05411294e-04 4.18103356e-04 1.22913607e-04 2.90700383e-03 4.30340916e-03 2.16544177e-04 6.39580111e-05 4.15763284e-05 1.17425075e-04 3.30639741e-05 5.59146341e-05 1.17572361e-04 7.11257395e-05 1.30876109e-04 1.59915977e-04 9.53383938e-05 6.93554221e-05 4.85902092e-06 9.30629394e-06 5.93154109e-06 2.39130953e-05 4.85043456e-06 1.62466812e-05 4.32707336e-05 3.66516528e-05 1.48703504e-05 4.58296860e-05 3.79474397e-05 1.36511211e-05 4.57340026e-05 5.47353270e-05 9.66546504e-06 4.15574790e-05 1.01033525e-04 2.66381016e-05 2.31084738e-04 3.92758565e-04 1.57103426e-05 1.61115094e-04 2.64640752e-05 3.36000987e-05 3.06904434e-04 4.90172193e-04 8.68045701e-05 2.47762808e-04 7.82058234e-05 2.61670842e-05 5.81108894e-05 3.25652636e-05 1.13377061e-06 3.41500794e-08 2.49796841e-09
 1998 03 19 12 00 00  3.62334455e-03 2.20573473e-03 1.21283753e-03 8.61299822e-04 6.15081983e-04 3.47681497e-04 2.47318208e-04 2.06221623e-04 4.20209053e-04 1.23463347e-04 2.92388936e-03 4.33528721e-03 2.17380103e-04 6.41555129e-05 4.17006179e-05 1.18067034e-04 3.32591211e-05 5.64006506e-05 1.18040627e-04 7.13266723e-05 1.31874616e-04 1.61191307e-04 9.58705356e-05 6.95617291e-05 4.87289981e-06 9.27862129e-06 5.93688819e-06 2.39778974e-05 4.85473574e-06 1.62925726e-05 4.35268782e-05 3.67316912e-05 1.50320513e-05 4.60637975e-05 3.82003782e-05 1.36766146e-05 4.62193253e-05 5.54180426e-05 9.64241772e-06 4.18556811e-05 1.02505275e-04 2.68067030e-05 2.33564388e-04 3.95092468e-04 1.58036987e-05 1.63939277e-04 2.75161758e-05 3.39260354e-05 3.11630585e-04 4.94884817e-04 8.77036967e-05 2.50096159e-04 7.71952791e-05 2.57993513e-05 5.72602469e-05 3.19721570e-05 1.10517877e-06 3.25221350e-08 2.34686102e-09
 1998 03 20 12 00 00  3.63077024e-03 2.20998825e-03 1.21558565e-03 8.63528991e-04 6.17156710e-04 3.48667415e-04 2.48261252e-04 2.07246716e-04 4.22873488e-04 1.24045158e-04 2.94530152e-03 4.37778831e-03 2.18347205e-04 6.43092248e-05 4.18325862e-05 1.18852475e-04 3.35157529e-05 5.70442819e-05 1.18442271e-04 7.14121968e-05 1.33202455e-04 1.62886062e-04 9.65611234e-05 6.98339022e-05 4.89118174e-06 9.28616937e-06 5.94399753e-06 2.40589917e-05 4.85647543e-06 1.63451127e-05 4.38418119e-05 3.68371664e-05 1.52445064e-05 4.63726828e-05 3.83032777e-05 1.37105686e-05 4.68166814e-05 5.62831782e-05 9.64867140e-06 4.22283999e-05 1.04342445e-04 2.68777076e-05 2.36932985e-04 3.96045014e-04 1.58418006e-05 1.67062004e-04 2.89070478e-05 3.40628263e-05 3.17054302e-04 5.00314532e-04 8.85076196e-05 2.54470149e-04 7.76967903e-05 2.59812206e-05 5.76778924e-05 3.22275021e-05 1.11500655e-06 3.29050003e-08 2.37825333e-09
 1998 03 21 12 00 00  3.63282220e-03 2.21143690e-03 1.21649501e-03 8.64213055e-04 6.17767496e-04 3.48918131e-04 2.48516752e-04 2.07531721e-04 4.23612325e-04 1.24263639e-04 2.95120795e-03 4.38841544e-03 2.18661118e-04 6.44022848e-05 4.18823536e-05 1.19085606e-04 3.35830642e-05 5.72090677e-05 1.18657584e-04 7.15238042e-05 1.33538468e-04 1.63314768e-04 9.67438407e-05 6.99197207e-05 4.89595077e-06 9.28812224e-06 5.94579215e-06 2.40837451e-05 4.85881064e-06 1.63627474e-05 4.39347421e-05 3.68646375e-05 1.53004075e-05 4.64656877e-05 3.84409184e-05 1.37190902e-05 4.69937324e-05 5.65247515e-05 9.65027575e-06 4.23633897e-05 1.04870471e-04 2.69709039e-05 2.37862543e-04 3.97316852e-04 1.58926741e-05 1.68178098e-04 2.92653247e-05 3.42426996e-05 3.18861128e-04 5.02180762e-04 8.89067358e-05 2.55710198e-04 7.79257207e-05 2.60640897e-05 5.78674542e-05 3.23346494e-05 1.11844005e-06 3.29771858e-08 2.38206077e-09
 1998 03 22 12 00 00  3.63428085e-03 2.21166301e-03 1.21670236e-03 8.64521399e-04 6.18123249e-04 3.49162584e-04 2.48717837e-04 2.07736251e-04 4.24140063e-04 1.24252660e-04 2.95548226e-03 4.39904071e-03 2.18752618e-04 6.43311802e-05 4.18815118e-05 1.19216566e-04 3.36479541e-05 5.73708734e-05 1.18544244e-04 7.13612128e-05 1.33871425e-04 1.63739622e-04 9.68997343e-05 6.99600855e-05 4.90056700e-06 9.29805101e-06 5.94757294e-06 2.40975583e-05 4.85503260e-06 1.63678828e-05 4.39875098e-05 3.68912617e-05 1.53541638e-05 4.65197326e-05 3.82206810e-05 1.37275871e-05 4.70920953e-05 5.66995811e-05 9.65851359e-06 4.23848840e-05 1.05215429e-04 2.68320204e-05 2.38601109e-04 3.95294583e-04 1.58117833e-05 1.68299783e-04 2.96154816e-05 3.39726248e-05 3.19385786e-04 5.02618310e-04 8.87178619e-05 2.57092736e-04 7.85119189e-05 2.62767830e-05 5.83564324e-05 3.26400810e-05 1.13070677e-06 3.35006433e-08 2.42654412e-09
 1998 03 23 12 00 00  3.63211627e-03 2.20994037e-03 1.21563814e-03 8.63772867e-04 6.17483006e-04 3.48916007e-04 2.48456296e-04 2.07441139e-04 4.23368400e-04 1.23984371e-04 2.94930291e-03 4.38841656e-03 2.18393549e-04 6.42077855e-05 4.18222421e-05 1.18971355e-04 3.35859804e-05 5.72126359e-05 1.18280316e-04 7.11965666e-05 1.33541252e-04 1.63319399e-04 9.67149562e-05 6.98428808e-05 4.89613412e-06 9.26225839e-06 5.94580670e-06 2.40701290e-05 4.85126620e-06 1.63488009e-05 4.38883580e-05 3.68656591e-05 1.53029760e-05 4.64013077e-05 3.80007637e-05 1.37191222e-05 4.69002046e-05 5.64513100e-05 9.62870763e-06 4.21847537e-05 1.04669347e-04 2.66918709e-05 2.37481665e-04 3.93273434e-04 1.57309374e-05 1.66986360e-04 2.92750658e-05 3.37003992e-05 3.17403492e-04 5.00443874e-04 8.82163975e-05 2.55076379e-04 7.71665562e-05 2.57873166e-05 5.72247153e-05 3.18570865e-05 1.09338229e-06 3.14054901e-08 2.23277326e-09
 1998 03 24 12 00 00  3.63275871e-03 2.21127766e-03 1.21640641e-03 8.64180203e-04 6.17756604e-04 3.48919996e-04 2.48514244e-04 2.07527793e-04 4.23597511e-04 1.24235609e-04 2.95106110e-03 4.38841581e-03 2.18637078e-04 6.43893510e-05 4.18781901e-05 1.19080822e-04 3.35854915e-05 5.72120422e-05 1.18646139e-04 7.14998809e-05 1.33539816e-04 1.63318626e-04 9.67423970e-05 6.98680745e-05 4.89610320e-06 9.21943865e-06 5.94580415e-06 2.40790472e-05 4.85795572e-06 1.63619583e-05 4.39272800e-05 3.68654844e-05 1.53025467e-05 4.64228448e-05 3.83928564e-05 1.37191164e-05 4.69792968e-05 5.65181839e-05 9.59305762e-06 4.22650719e-05 1.04855562e-04 2.69479991e-05 2.37497393e-04 3.96884861e-04 1.58753945e-05 1.68034991e-04 2.92734418e-05 3.41965904e-05 3.18773105e-04 5.01875927e-04 8.88611945e-05 2.53941198e-04 7.55015892e-05 2.51817231e-05 5.58252184e-05 3.08973858e-05 1.04823146e-06 2.89139919e-08 2.00336867e-09
 1998 03 25 12 00 00  3.63309856e-03 2.21198499e-03 1.21681304e-03 8.64396319e-04 6.17902212e-04 3.48921908e-04 2.48545010e-04 2.07573913e-04 4.23719356e-04 1.24368669e-04 2.95199185e-03 4.38841581e-03 2.18766279e-04 6.44862717e-05 4.19080394e-05 1.19139021e-04 3.35850054e-05 5.72114484e-05 1.18842133e-04 7.16616400e-05 1.33536594e-04 1.63317852e-04 9.67568009e-05 6.98207226e-05 4.89607264e-06 9.11173920e-06 5.94580197e-06 2.40781939e-05 4.86148965e-06 1.63689083e-05 4.39447422e-05 3.68653156e-05 1.53021188e-05 4.63829950e-05 3.86002357e-05 1.37191120e-05 4.70119752e-05 5.65490559e-05 9.50343092e-06 4.21965872e-05 1.04945780e-04 2.70843128e-05 2.37071238e-04 3.98795998e-04 1.59518399e-05 1.68533428e-04 2.92718149e-05 3.44604981e-05 3.19498790e-04 5.02372032e-04 8.92047225e-05 2.50691787e-04 7.10444860e-05 2.35612571e-05 5.20838339e-05 2.83719687e-05 9.32249515e-07 2.27204616e-08 1.43810048e-09
 1998 03 26 12 00 00  3.63171189e-03 2.21187772e-03 1.21667600e-03 8.64139186e-04 6.17591802e-04 3.48681547e-04 2.48353656e-04 2.07383155e-04 4.23223288e-04 1.24403349e-04 2.94794220e-03 4.37779203e-03 2.18700278e-04 6.45792822e-05 4.19155025e-05 1.19025941e-04 3.35240067e-05 5.70544042e-05 1.19009713e-04 7.18589115e-05 1.33206647e-04 1.62899189e-04 9.66060413e-05 6.97343226e-05 4.89170161e-06 9.02606262e-06 5.94404046e-06 2.40619572e-05 4.86581266e-06 1.63659011e-05 4.38953019e-05 3.68400564e-05 1.52517910e-05 4.62910381e-05 3.88537766e-05 1.37106574e-05 4.69174659e-05 5.63834952e-05 9.43212872e-06 4.20934343e-05 1.04629047e-04 2.72506615e-05 2.35990593e-04 4.01132185e-04 1.60452874e-05 1.68492558e-04 2.89346586e-05 3.47826164e-05 3.19177751e-04 5.01929594e-04 8.94752012e-05 2.47193420e-04 6.75164658e-05 2.22785332e-05 4.91220286e-05 2.63702781e-05 8.40142297e-07 1.77885752e-08 9.87646764e-10
 1998 03 27 12 00 00  3.62351197e-03 2.20593690e-03 1.21296273e-03 8.61430942e-04 6.15220825e-04 3.47700520e-04 2.47348410e-04 2.06262736e-04 4.20295368e-04 1.23507347e-04 2.92447702e-03 4.33529541e-03 2.17434087e-04 6.42076418e-05 4.17161208e-05 1.18121515e-04 3.32785421e-05 5.64244518e-05 1.18189996e-04 7.14051712e-05 1.31892653e-04 1.61222176e-04 9.58878949e-05 6.94016609e-05 4.87412253e-06 9.02279062e-06 5.93698860e-06 2.39700965e-05 4.85552337e-06 1.62991719e-05 4.35367881e-05 3.67384928e-05 1.50491876e-05 4.59330887e-05 3.82524333e-05 1.36768271e-05 4.62267604e-05 5.54493881e-05 9.42939732e-06 4.15652985e-05 1.02599063e-04 2.68651784e-05 2.32410972e-04 3.95602591e-04 1.58241037e-05 1.64100755e-04 2.75811210e-05 3.40343278e-05 3.12224484e-04 4.94751697e-04 8.79091703e-05 2.43150621e-04 6.74417663e-05 2.22512257e-05 4.90582550e-05 2.63187026e-05 8.37164094e-07 1.75839727e-08 9.67833458e-10
 1998 03 28 12 00 00  3.61750206e-03 2.20175895e-03 1.21033735e-03 8.59489143e-04 6.13506306e-04 3.46967999e-04 2.46608257e-04 2.05442288e-04 4.18150003e-04 1.22887583e-04 2.90727162e-03 4.30342406e-03 2.16535481e-04 6.39663072e-05 4.15781014e-05 1.17468733e-04 3.30969866e-05 5.59550943e-05 1.17650192e-04 7.11269968e-05 1.30908636e-04 1.59968442e-04 9.53566282e-05 6.91160791e-05 4.86109893e-06 8.95268386e-06 5.93171244e-06 2.38999902e-05 4.84918492e-06 1.62523432e-05 4.32770713e-05 3.66632070e-05 1.48994819e-05 4.56345246e-05 3.78821889e-05 1.36514791e-05 4.57218861e-05 5.47636754e-05 9.37106088e-06 4.11094181e-05 1.01119736e-04 2.66285992e-05 2.29446478e-04 3.92198966e-04 1.56879586e-05 1.61002162e-04 2.65744689e-05 3.35749297e-05 3.07328401e-04 4.89514453e-04 8.68715605e-05 2.38028990e-04 6.44921291e-05 2.11789469e-05 4.65831160e-05 2.46547776e-05 7.61231658e-07 1.35653469e-08 6.01969719e-10
 1998 03 29 12 00 00  3.60803030e-03 2.19594912e-03 1.20662306e-03 8.56594631e-04 6.10871443e-04 3.45748229e-04 2.45421776e-04 2.04145787e-04 4.14764895e-04 1.22070476e-04 2.88006998e-03 4.25030440e-03 2.15245428e-04 6.37170362e-05 4.13952843e-05 1.16470009e-04 3.27914895e-05 5.51692909e-05 1.17052579e-04 7.09200744e-05 1.29266277e-04 1.57874300e-04 9.44931559e-05 6.87163647e-05 4.83920921e-06 8.87787974e-06 5.92290453e-06 2.37950562e-05 4.84442171e-06 1.61850356e-05 4.28788772e-05 3.65367247e-05 1.46474064e-05 4.52009534e-05 3.76042415e-05 1.36092058e-05 4.49541682e-05 5.36781038e-05 9.30881797e-06 4.05189912e-05 9.88105463e-05 2.64522241e-05 2.24906879e-04 3.89645440e-04 1.55858176e-05 1.56772260e-04 2.48870172e-05 3.32321768e-05 3.00297730e-04 4.82208771e-04 8.56829501e-05 2.30847171e-04 6.13377939e-05 2.00322714e-05 4.39363355e-05 2.28764456e-05 6.80148725e-07 9.27943908e-09 2.11905626e-10
 1998 03 30 12 00 00  3.60542279e-03 2.19328423e-03 1.20501837e-03 8.55567682e-04 6.10050542e-04 3.45501706e-04 2.45122195e-04 2.03793055e-04 4.13837939e-04 1.21625735e-04 2.87269513e-03 4.23968174e-03 2.14716533e-04 6.34677328e-05 4.12971644e-05 1.16152445e-04 3.27329180e-05 5.50152210e-05 1.16539711e-04 7.05441518e-05 1.28942759e-04 1.57459498e-04 9.42910485e-05 6.86326831e-05 4.83498989e-06 8.94248515e-06 5.92115575e-06 2.37669318e-05 4.83591684e-06 1.61573354e-05 4.27568743e-05 3.65123124e-05 1.45992206e-05 4.51114576e-05 3.71070812e-05 1.36007788e-05 4.47172435e-05 5.33912209e-05 9.36256693e-06 4.03557059e-05 9.81525489e-05 2.61330162e-05 2.24152579e-04 3.85073229e-04 1.54029291e-05 1.54789247e-04 2.45579751e-05 3.26126494e-05 2.97401978e-04 4.79293652e-04 8.47382162e-05 2.31858506e-04 6.41237664e-05 2.10448889e-05 4.62729593e-05 2.44378771e-05 7.50730882e-07 1.29642794e-08 5.46103252e-10
 1998 03 31 12 00 00  3.60170581e-03 2.19110297e-03 1.20361471e-03 8.54455721e-04 6.09029204e-04 3.45015343e-04 2.44654640e-04 2.03284642e-04 4.12509895e-04 1.21325759e-04 2.86201587e-03 4.21843454e-03 2.14226790e-04 6.33873936e-05 4.12300005e-05 1.15766018e-04 3.26118869e-05 5.47023374e-05 1.16340628e-04 7.04935577e-05 1.28289121e-04 1.56623691e-04 9.39493537e-05 6.85298332e-05 4.82630785e-06 8.98280632e-06 5.91763783e-06 2.37311607e-05 4.83471995e-06 1.61320449e-05 4.26052963e-05 3.64621257e-05 1.44994192e-05 4.49863075e-05 3.70374211e-05 1.35838811e-05 4.44277915e-05 5.29697860e-05 9.39610254e-06 4.02272461e-05 9.72604197e-05 2.60896195e-05 2.22726275e-04 3.84434198e-04 1.53773679e-05 1.53266674e-04 2.38868903e-05 3.25281493e-05 2.94752387e-04 4.76774821e-04 8.43334000e-05 2.31277628e-04 6.59243289e-05 2.16991953e-05 4.77820657e-05 2.54379950e-05 7.95337817e-07 1.52473500e-08 7.51997753e-10
 1998 04 01 12 00 00  3.59721303e-03 2.18730644e-03 1.20128419e-03 8.52854466e-04 6.07680945e-04 3.44523244e-04 2.44117526e-04 2.02672722e-04 4.10907865e-04 1.20723030e-04 2.84921618e-03 4.19718660e-03 2.13444540e-04 6.30915311e-05 4.10963542e-05 1.15248582e-04 3.24903696e-05 5.43888425e-05 1.15712531e-04 7.00822333e-05 1.27633169e-04 1.55787111e-04 9.35739832e-05 6.83209693e-05 4.81759489e-06 8.96801503e-06 5.91411845e-06 2.36775294e-05 4.82542710e-06 1.60908053e-05 4.24010078e-05 3.64117674e-05 1.43991900e-05 4.47714107e-05 3.64941079e-05 1.35669776e-05 4.40304724e-05 5.24611916e-05 9.38378216e-06 3.98641108e-05 9.61314858e-05 2.57404608e-05 2.20729947e-04 3.79437160e-04 1.51774864e-05 1.50406504e-04 2.32141785e-05 3.18505568e-05 2.90452550e-04 4.72207018e-04 8.31601917e-05 2.28844936e-04 6.53944280e-05 2.15063372e-05 4.73358093e-05 2.51252245e-05 7.80148002e-07 1.43744945e-08 6.70790801e-10
 1998 04 02 12 00 00  3.59703128e-03 2.18691333e-03 1.20105940e-03 8.52741997e-04 6.07610678e-04 3.44523789e-04 2.44102683e-04 2.02650187e-04 4.10846042e-04 1.20649866e-04 2.84873197e-03 4.19718772e-03 2.13374877e-04 6.30411006e-05 4.10807499e-05 1.15220329e-04 3.24923138e-05 5.43912232e-05 1.15615763e-04 6.99970464e-05 1.27634173e-04 1.55790207e-04 9.35671674e-05 6.82675356e-05 4.81771749e-06 8.91395757e-06 5.91412863e-06 2.36712549e-05 4.82343639e-06 1.60873889e-05 4.23883879e-05 3.64124484e-05 1.44009042e-05 4.47266169e-05 3.63781233e-05 1.35669994e-05 4.40022477e-05 5.24414131e-05 9.33878982e-06 3.97560384e-05 9.60791597e-05 2.56676023e-05 2.20396358e-04 3.78372497e-04 1.51348999e-05 1.50070869e-04 2.32206832e-05 3.17088095e-05 2.90088957e-04 4.71623415e-04 8.29827395e-05 2.27217724e-04 6.32012119e-05 2.07088437e-05 4.54940040e-05 2.38758429e-05 7.22327871e-07 1.12538755e-08 3.85154575e-10
 1998 04 03 12 00 00  3.59474536e-03 2.18491576e-03 1.19983877e-03 8.51920676e-04 6.06929533e-04 3.44279068e-04 2.43832551e-04 2.02341691e-04 4.10035540e-04 1.20330945e-04 2.84224084e-03 4.18656431e-03 2.12968588e-04 6.28846691e-05 4.10112046e-05 1.14958556e-04 3.24332534e-05 5.42365655e-05 1.15293385e-04 6.97758165e-05 1.27308333e-04 1.55374613e-04 9.33786789e-05 6.81605916e-05 4.81346797e-06 8.90709780e-06 5.91237731e-06 2.36443458e-05 4.81825809e-06 1.60662957e-05 4.22832037e-05 3.63878673e-05 1.43522877e-05 4.46179107e-05 3.60764941e-05 1.35585666e-05 4.37992552e-05 5.21853393e-05 9.33306364e-06 3.95676544e-05 9.55096758e-05 2.54783197e-05 2.19393506e-04 3.75603961e-04 1.50241585e-05 1.48580050e-04 2.28900040e-05 3.13405355e-05 2.87884542e-04 4.69276336e-04 8.23666424e-05 2.26093124e-04 6.30377643e-05 2.06491236e-05 4.53546833e-05 2.37648839e-05 7.16022564e-07 1.08267727e-08 3.43912920e-10
 1998 04 04 12 00 00  3.60012443e-03 2.18771966e-03 1.20167841e-03 8.53472616e-04 6.08403144e-04 3.45015248e-04 2.44522032e-04 2.03084636e-04 4.11966694e-04 1.20694985e-04 2.85777317e-03 4.21843976e-03 2.13623930e-04 6.29493110e-05 4.10945506e-05 1.15514539e-04 3.26235371e-05 5.47166157e-05 1.15495733e-04 6.97553216e-05 1.28303782e-04 1.56642205e-04 9.38873038e-05 6.84140535e-05 4.82704127e-06 9.00506639e-06 5.91769895e-06 2.37072010e-05 4.81763236e-06 1.61015319e-05 4.25074965e-05 3.64662032e-05 1.45097016e-05 4.48911450e-05 3.60408740e-05 1.35840077e-05 4.42302517e-05 5.28156779e-05 9.41455655e-06 3.99286500e-05 9.68332355e-05 2.54595740e-05 2.22308289e-04 3.75281536e-04 1.50112614e-05 1.50660152e-04 2.39258501e-05 3.13033001e-05 2.91534020e-04 4.73164174e-04 8.27855903e-05 2.32227472e-04 6.73443488e-05 2.22142472e-05 4.89652773e-05 2.61665848e-05 8.23789583e-07 1.63922866e-08 8.47127790e-10
 1998 04 05 12 00 00  3.61040506e-03 2.19515024e-03 1.20632535e-03 8.56885329e-04 6.11404458e-04 3.46249840e-04 2.45787147e-04 2.04495867e-04 4.15646066e-04 1.21817685e-04 2.88723889e-03 4.27156389e-03 2.15213067e-04 6.34212720e-05 4.13458919e-05 1.16659861e-04 3.29392293e-05 5.55149163e-05 1.16551890e-04 7.03319733e-05 1.29966351e-04 1.58752555e-04 9.47909149e-05 6.90830756e-05 4.84957200e-06 9.35643984e-06 5.92655997e-06 2.38477125e-05 4.83043914e-06 1.61869152e-05 4.29730881e-05 3.65962595e-05 1.47707731e-05 4.55545202e-05 3.67909844e-05 1.36263930e-05 4.51400521e-05 5.40157006e-05 9.70689725e-06 4.10512244e-05 9.94413439e-05 2.59472436e-05 2.28604539e-04 3.82187696e-04 1.52875078e-05 1.56451681e-04 2.56473984e-05 3.22485314e-05 3.00384300e-04 4.83380261e-04 8.47803265e-05 2.48452780e-04 8.23793902e-05 2.76793162e-05 6.15773104e-05 3.46103215e-05 1.20661917e-06 3.64652649e-08 2.66987321e-09
 1998 04 06 12 00 00  3.62840059e-03 2.20749752e-03 1.21409896e-03 8.62703106e-04 6.16579343e-04 3.48463494e-04 2.48015536e-04 2.06964753e-04 4.22084990e-04 1.23645108e-04 2.93885689e-03 4.36718538e-03 2.17884812e-04 6.41310799e-05 4.17552802e-05 1.18630373e-04 3.35018383e-05 5.69449563e-05 1.18164546e-04 7.11374974e-05 1.32936987e-04 1.62542222e-04 9.63925404e-05 6.98328687e-05 4.88977421e-06 9.41624094e-06 5.94248086e-06 2.40524774e-05 4.84837947e-06 1.63293566e-05 4.37567369e-05 3.68283829e-05 1.52357330e-05 4.63633695e-05 3.78414436e-05 1.37026247e-05 4.66468812e-05 5.60845724e-05 9.75663570e-06 4.22147635e-05 1.03913512e-04 2.66288960e-05 2.36806267e-04 3.91857376e-04 1.56742950e-05 1.65631158e-04 2.87273520e-05 3.35700082e-05 3.15179610e-04 4.98708525e-04 8.78656591e-05 2.59456799e-04 8.50485123e-05 2.86492503e-05 6.38144065e-05 3.60930600e-05 1.27276434e-06 3.98516534e-08 2.97529326e-09
 1998 04 07 12 00 00  3.64752978e-03 2.22220605e-03 1.22322845e-03 8.69238333e-04 6.22234962e-04 3.50684499e-04 2.50345895e-04 2.09585895e-04 4.28926779e-04 1.25915751e-04 2.99357524e-03 4.46280651e-03 2.20985645e-04 6.51595021e-05 4.22628881e-05 1.20793326e-04 3.40639614e-05 5.83744084e-05 1.20416366e-04 7.24756857e-05 1.35906780e-04 1.66331132e-04 9.80427788e-05 7.06609095e-05 4.92994513e-06 9.45001957e-06 5.95839920e-06 2.42762060e-05 4.87813923e-06 1.64950240e-05 4.46116458e-05 3.70603375e-05 1.57002622e-05 4.72390368e-05 3.95842595e-05 1.37788535e-05 4.82988727e-05 5.82741813e-05 9.78472599e-06 4.35818122e-05 1.08719193e-04 2.77609273e-05 2.45291810e-04 4.07901870e-04 1.63160748e-05 1.76693304e-04 3.18056846e-05 3.57643847e-05 3.32388573e-04 5.16703447e-04 9.20837861e-05 2.69795847e-04 8.65848895e-05 2.92074894e-05 6.51016353e-05 3.69424773e-05 1.31038379e-06 4.17566170e-08 3.14655466e-09
 1998 04 08 12 00 00  3.66620235e-03 2.23596896e-03 1.23181501e-03 8.75484510e-04 6.27695533e-04 3.52901513e-04 2.52634741e-04 2.12145398e-04 4.35606244e-04 1.28008919e-04 3.04704060e-03 4.55842763e-03 2.23914578e-04 6.60607594e-05 4.27312919e-05 1.22878166e-04 3.46251210e-05 5.98026789e-05 1.22413816e-04 7.36013579e-05 1.38876385e-04 1.70118506e-04 9.96728398e-05 7.14828534e-05 4.97005494e-06 9.53008566e-06 5.97431281e-06 2.44943522e-05 4.90316888e-06 1.66511870e-05 4.54377283e-05 3.72919574e-05 1.61639386e-05 4.81092046e-05 4.10500623e-05 1.38550706e-05 4.98952082e-05 6.04155526e-05 9.85132792e-06 4.49140021e-05 1.13390399e-04 2.87131406e-05 2.53839327e-04 4.21396242e-04 1.68558497e-05 1.87018401e-04 3.48807836e-05 3.76101758e-05 3.48617193e-04 5.33729008e-04 9.58478494e-05 2.81519212e-04 9.01043204e-05 3.04865414e-05 6.80522908e-05 3.89052359e-05 1.39845770e-06 4.63052970e-08 3.55783598e-09
 1998 04 09 12 00 00  3.68246342e-03 2.24749816e-03 1.23904340e-03 8.80824652e-04 6.32408791e-04 3.54870219e-04 2.54639403e-04 2.14375909e-04 4.41424986e-04 1.29737549e-04 3.09364803e-03 4.64342386e-03 2.26390750e-04 6.67680690e-05 4.31187063e-05 1.24675011e-04 3.51243012e-05 6.10727002e-05 1.24002703e-04 7.44448160e-05 1.41514564e-04 1.73485641e-04 1.01107466e-04 7.21345101e-05 5.00573187e-06 9.53105846e-06 5.98846018e-06 2.46776455e-05 4.92188265e-06 1.67831611e-05 4.61481841e-05 3.74979718e-05 1.65764272e-05 4.88159687e-05 4.21462668e-05 1.39228214e-05 5.12629391e-05 6.22795721e-05 9.85212027e-06 4.59357340e-05 1.17437384e-04 2.94263067e-05 2.60956979e-04 4.31489361e-04 1.72595744e-05 1.95586510e-04 3.76154523e-05 3.89923720e-05 3.62331899e-04 5.47834918e-04 9.88600974e-05 2.89695493e-04 9.02649597e-05 3.05446503e-05 6.81850176e-05 3.89779134e-05 1.40058635e-06 4.63286042e-08 3.55770275e-09
 1998 04 10 12 00 00  3.69464244e-03 2.25609642e-03 1.24443753e-03 8.84821412e-04 6.35942831e-04 3.56348304e-04 2.56142784e-04 2.16048253e-04 4.45785520e-04 1.31025436e-04 3.12856964e-03 4.70717214e-03 2.28240613e-04 6.72942608e-05 4.34078939e-05 1.26022182e-04 3.55005119e-05 6.20274630e-05 1.25188798e-04 7.50694424e-05 1.43491711e-04 1.76013894e-04 1.02183662e-04 7.25173957e-05 5.03260453e-06 9.38540470e-06 5.99908053e-06 2.48057905e-05 4.93565385e-06 1.68820909e-05 4.66761792e-05 3.76531214e-05 1.68874016e-05 4.92571045e-05 4.29534732e-05 1.39736570e-05 5.22723296e-05 6.36707758e-05 9.73091592e-06 4.65067342e-05 1.20460263e-04 2.99537089e-05 2.65552401e-04 4.38924449e-04 1.75569780e-05 2.01891890e-04 3.96725431e-05 4.00140794e-05 3.72604004e-04 5.57939193e-04 1.01105890e-04 2.91257100e-04 8.41826428e-05 2.83334402e-05 6.30803509e-05 3.55399482e-05 1.24324226e-06 3.79672244e-08 2.79560375e-09
 1998 04 11 12 00 00  3.69689255e-03 2.25794093e-03 1.24557451e-03 8.85632139e-04 6.36643310e-04 3.56603006e-04 2.56417600e-04 2.16361298e-04 4.46596122e-04 1.31318467e-04 3.13503134e-03 4.71779965e-03 2.28627385e-04 6.74411379e-05 4.34742304e-05 1.26291230e-04 3.55707365e-05 6.21957995e-05 1.25513107e-04 7.52704684e-05 1.43830144e-04 1.76447214e-04 1.02376421e-04 7.25847196e-05 5.03755655e-06 9.33759147e-06 6.00088933e-06 2.48316693e-05 4.93995394e-06 1.69041974e-05 4.67826529e-05 3.76816111e-05 1.69458683e-05 4.93351028e-05 4.32063913e-05 1.39822107e-05 5.24722268e-05 6.39348832e-05 9.69112007e-06 4.66171920e-05 1.21051639e-04 3.01223627e-05 2.66316657e-04 4.41258218e-04 1.76503287e-05 2.03313345e-04 4.00405435e-05 4.03401034e-05 3.74858163e-04 5.60151220e-04 1.01700723e-04 2.90957613e-04 8.22427401e-05 2.76280551e-05 6.14512701e-05 3.44348677e-05 1.19210033e-06 3.52070387e-08 2.54295891e-09
 1998 04 12 12 00 00  3.69590723e-03 2.25582003e-03 1.24436027e-03 8.85018946e-04 6.36255434e-04 3.56605579e-04 2.56335859e-04 2.16237077e-04 4.46257053e-04 1.30922786e-04 3.13239627e-03 4.71780449e-03 2.28249130e-04 6.71644674e-05 4.33887169e-05 1.26135551e-04 3.55809287e-05 6.22082967e-05 1.24975174e-04 7.48042599e-05 1.43838688e-04 1.76463423e-04 1.02339264e-04 7.23943594e-05 5.03819865e-06 9.18686492e-06 6.00094172e-06 2.48066537e-05 4.92924082e-06 1.68855353e-05 4.67201031e-05 3.76851793e-05 1.69548657e-05 4.91761963e-05 4.25811042e-05 1.39823213e-05 5.23342713e-05 6.38339663e-05 9.56569347e-06 4.62132184e-05 1.20778434e-04 2.97251157e-05 2.65234392e-04 4.35512988e-04 1.74205195e-05 2.01585257e-04 4.00746416e-05 3.95682378e-05 3.72869852e-04 5.57396898e-04 1.00728255e-04 2.86272979e-04 7.59537037e-05 2.53416805e-05 5.61730280e-05 3.08792749e-05 1.02932118e-06 2.65529536e-08 1.75408363e-09
 1998 04 13 12 00 00  3.69216307e-03 2.25352573e-03 1.24289394e-03 8.83896643e-04 6.35244959e-04 3.56126996e-04 2.55871243e-04 2.15730953e-04 4.44926723e-04 1.30603142e-04 3.12168931e-03 4.69656140e-03 2.27743680e-04 6.70743007e-05 4.33183790e-05 1.25753288e-04 3.54686374e-05 6.19061117e-05 1.24766703e-04 7.47346377e-05 1.43192938e-04 1.75641503e-04 1.02000929e-04 7.22055977e-05 5.03006631e-06 9.10845338e-06 5.99747000e-06 2.47650134e-05 4.92740801e-06 1.68609794e-05 4.65686123e-05 3.76380485e-05 1.68627739e-05 4.89802905e-05 4.24755533e-05 1.39655196e-05 5.20348429e-05 6.34147819e-05 9.50043395e-06 4.59229178e-05 1.19895534e-04 2.96638726e-05 2.63236375e-04 4.34550457e-04 1.73820183e-05 1.99957979e-04 3.94327770e-05 3.94480187e-05 3.70249982e-04 5.54522197e-04 1.00299626e-04 2.82086414e-04 7.27449824e-05 2.41749975e-05 5.34789189e-05 2.90556645e-05 9.45205636e-07 2.20338624e-08 1.34095535e-09
 1998 04 14 12 00 00  3.68184427e-03 2.24590912e-03 1.23814402e-03 8.80471602e-04 6.32268286e-04 3.54907613e-04 2.54612705e-04 2.14325334e-04 4.41246567e-04 1.29448141e-04 3.09220707e-03 4.64344472e-03 2.26129161e-04 6.65858101e-05 4.30617049e-05 1.24617551e-04 3.51699418e-05 6.11286436e-05 1.23698622e-04 7.41257565e-05 1.41559426e-04 1.73558181e-04 1.01104486e-04 7.17520701e-05 5.00860478e-06 9.05767156e-06 5.98869665e-06 2.46479854e-05 4.91354585e-06 1.67772838e-05 4.61210663e-05 3.75139469e-05 1.66167010e-05 4.85020955e-05 4.16657189e-05 1.39233191e-05 5.11635358e-05 6.22475514e-05 9.45816209e-06 4.51867352e-05 1.17358700e-04 2.91461329e-05 2.58539064e-04 4.27105473e-04 1.70842189e-05 1.94339087e-04 3.77680670e-05 3.84427083e-05 3.61482449e-04 5.45301008e-04 9.82685047e-05 2.75695651e-04 7.07282365e-05 2.34415632e-05 5.17845272e-05 2.79000376e-05 8.91280428e-07 1.90905212e-08 1.07073070e-09
 1998 04 15 12 00 00  3.66338358e-03 2.23527670e-03 1.23128233e-03 8.74988639e-04 6.27208349e-04 3.52474450e-04 2.52284662e-04 2.11798375e-04 4.34648559e-04 1.27999262e-04 3.03913707e-03 4.53720689e-03 2.23728921e-04 6.62196984e-05 4.27368889e-05 1.22704164e-04 3.45623499e-05 5.95611986e-05 1.22770171e-04 7.39329436e-05 1.38283515e-04 1.69375304e-04 9.94001035e-05 7.11160108e-05 4.96503999e-06 9.07671201e-06 5.97109793e-06 2.44588158e-05 4.90894890e-06 1.66530268e-05 4.53639797e-05 3.72621609e-05 1.61155505e-05 4.77733870e-05 4.13984380e-05 1.38388059e-05 4.97116168e-05 6.01413818e-05 9.47398003e-06 4.43289860e-05 1.12910004e-04 2.89804651e-05 2.50513352e-04 4.24654796e-04 1.69861918e-05 1.86807590e-04 3.44045227e-05 3.81199439e-05 3.48475402e-04 5.32410886e-04 9.63678711e-05 2.66850231e-04 7.17181967e-05 2.38009861e-05 5.26119669e-05 2.84301888e-05 9.13600240e-07 2.01308580e-08 1.16188863e-09
 1998 04 16 12 00 00  3.64288077e-03 2.22039084e-03 1.22197956e-03 8.68216620e-04 6.21286830e-04 3.50026870e-04 2.49773469e-04 2.08998578e-04 4.27328243e-04 1.25752864e-04 2.98048645e-03 4.43096831e-03 2.20557809e-04 6.52843878e-05 4.22365270e-05 1.20445609e-04 3.39542661e-05 5.79931424e-05 1.20706131e-04 7.27876963e-05 1.35002935e-04 1.65191625e-04 9.76074744e-05 7.02137988e-05 4.92144463e-06 8.96860074e-06 5.95349593e-06 2.42239421e-05 4.88303958e-06 1.64868563e-05 4.44700788e-05 3.70102091e-05 1.56139678e-05 4.68191921e-05 3.98838805e-05 1.37542884e-05 4.79784119e-05 5.78075512e-05 9.38399971e-06 4.28765874e-05 1.07841547e-04 2.80080189e-05 2.41082797e-04 4.10725882e-04 1.64290353e-05 1.75768143e-04 3.10393341e-05 3.62325838e-05 3.31125359e-04 5.14181871e-04 9.24397342e-05 2.53684919e-04 6.73118348e-05 2.21988014e-05 4.89119758e-05 2.59231871e-05 7.97783014e-07 1.38952188e-08 5.91503824e-10
 1998 04 17 12 00 00  3.62725086e-03 2.21008903e-03 1.21545967e-03 8.63286829e-04 6.16876271e-04 3.48074451e-04 2.47833959e-04 2.06862148e-04 4.21745502e-04 1.24257116e-04 2.93567814e-03 4.34597731e-03 2.18312360e-04 6.47515188e-05 4.19026561e-05 1.18769611e-04 3.34681943e-05 5.67391806e-05 1.19484760e-04 7.22317782e-05 1.32379111e-04 1.61845313e-04 9.62068528e-05 6.95543123e-05 4.88659243e-06 8.87623755e-06 5.93941731e-06 2.40498744e-05 4.87036159e-06 1.63698059e-05 4.38051142e-05 3.68087873e-05 1.52130451e-05 4.61086922e-05 3.91433539e-05 1.36866773e-05 4.66927011e-05 5.60241423e-05 9.30712413e-06 4.18691846e-05 1.04016910e-04 2.75351311e-05 2.33795706e-04 4.03918720e-04 1.61567488e-05 1.68228135e-04 2.83484958e-05 3.53142503e-05 3.18890498e-04 5.01453745e-04 9.00645655e-05 2.43117471e-04 6.35688397e-05 2.08377688e-05 4.57686279e-05 2.37902841e-05 6.99029675e-07 8.56207709e-09 1.03269304e-10
 1998 04 18 12 00 00  3.61483226e-03 2.20090477e-03 1.20973398e-03 8.59152425e-04 6.13279654e-04 3.46605853e-04 2.46317876e-04 2.05168267e-04 4.17314718e-04 1.22862547e-04 2.90017748e-03 4.28223461e-03 2.16365606e-04 6.41595214e-05 4.15928746e-05 1.17396817e-04 3.31041199e-05 5.57993015e-05 1.18190349e-04 7.14922615e-05 1.30411997e-04 1.59336351e-04 9.51266607e-05 6.90112275e-05 4.86048375e-06 8.82245222e-06 5.92886026e-06 2.39078404e-05 4.85352939e-06 1.62678798e-05 4.32609635e-05 3.66578868e-05 1.49127838e-05 4.55351579e-05 3.81600374e-05 1.36359755e-05 4.56389052e-05 5.46129743e-05 9.26234861e-06 4.09884088e-05 1.00945466e-04 2.69063516e-05 2.28153584e-04 3.94878712e-04 1.57951485e-05 1.61418517e-04 2.63319846e-05 3.40933650e-05 3.08248241e-04 4.90285757e-04 8.75980085e-05 2.35606085e-04 6.14589384e-05 2.00703884e-05 4.39954929e-05 2.25771350e-05 6.42150314e-07 5.43763754e-09 1.00000000e-10
 1998 04 19 12 00 00  3.60297755e-03 2.19290122e-03 1.20468570e-03 8.55373270e-04 6.09918539e-04 3.45140228e-04 2.44851763e-04 2.03549096e-04 4.13082691e-04 1.21689228e-04 2.86621216e-03 4.21849191e-03 2.14632402e-04 6.37252032e-05 4.13317333e-05 1.16118378e-04 3.27390822e-05 5.48582408e-05 1.17209555e-04 7.10168446e-05 1.28444285e-04 1.56825856e-04 9.40702570e-05 6.85273384e-05 4.83431431e-06 8.78425635e-06 5.91829812e-06 2.37768586e-05 4.84262018e-06 1.61773687e-05 4.27531436e-05 3.65066458e-05 1.46116654e-05 4.50116609e-05 3.75232456e-05 1.35852635e-05 4.46598995e-05 5.32622619e-05 9.23054686e-06 4.02460874e-05 9.80397890e-05 2.65013892e-05 2.22794558e-04 3.89027230e-04 1.55610892e-05 1.55561892e-04 2.43122413e-05 3.33065924e-05 2.98794922e-04 4.80521353e-04 8.56915767e-05 2.28641199e-04 5.99837749e-05 1.95338059e-05 4.27553497e-05 2.17252171e-05 6.01965206e-07 3.76310467e-09 1.00000000e-10
 1998 04 20 12 00 00  3.59652501e-03 2.18777911e-03 1.20151979e-03 8.53155762e-04 6.08027401e-04 3.44407376e-04 2.44074205e-04 2.02672290e-04 4.10784708e-04 1.20893315e-04 2.84781730e-03 4.18662205e-03 2.13565217e-04 6.33610552e-05 4.11557568e-05 1.15394674e-04 3.25604458e-05 5.43924689e-05 1.16432438e-04 7.05318875e-05 1.27465927e-04 1.55576779e-04 9.35214491e-05 6.82641999e-05 4.82147443e-06 8.79734143e-06 5.91303760e-06 2.37049581e-05 4.83151780e-06 1.61219402e-05 4.24683178e-05 3.64323845e-05 1.44645339e-05 4.47327428e-05 3.68750392e-05 1.35599490e-05 4.41075974e-05 5.25368398e-05 9.24141495e-06 3.98072024e-05 9.64468054e-05 2.60885165e-05 2.20103442e-04 3.83070079e-04 1.53228032e-05 1.51783730e-04 2.33153536e-05 3.25045839e-05 2.92993397e-04 4.74507416e-04 8.42197194e-05 2.26180095e-04 6.06732510e-05 1.97841143e-05 4.33315054e-05 2.20933339e-05 6.17385467e-07 4.24427640e-09 1.00000000e-10
 1998 04 21 12 00 00  3.59202987e-03 2.18394740e-03 1.19916966e-03 8.51555137e-04 6.06688123e-04 3.43920087e-04 2.43539524e-04 2.02062572e-04 4.09184208e-04 1.20284398e-04 2.83503478e-03 4.16537672e-03 2.12778203e-04 6.30611163e-05 4.10208174e-05 1.14880850e-04 3.24442692e-05 5.40855224e-05 1.15797894e-04 7.01127632e-05 1.26814485e-04 1.54748684e-04 9.31487345e-05 6.79954407e-05 4.81309726e-06 8.69785727e-06 5.90954514e-06 2.36471213e-05 4.82202122e-06 1.60813836e-05 4.22657279e-05 3.63838975e-05 1.43690151e-05 4.44679386e-05 3.63199739e-05 1.35431037e-05 4.37050594e-05 5.20303624e-05 9.15862547e-06 3.93320129e-05 9.53258536e-05 2.57325039e-05 2.17701809e-04 3.77965715e-04 1.51186286e-05 1.48874652e-04 2.26604971e-05 3.18135513e-05 2.88733437e-04 4.69709512e-04 8.30398132e-05 2.21152772e-04 5.65524799e-05 1.82859376e-05 3.98725101e-05 1.97590398e-05 5.10217490e-07 4.31207781e-10 1.00000000e-10
 1998 04 22 12 00 00  3.58949978e-03 2.18140501e-03 1.19763653e-03 8.50581119e-04 6.05914424e-04 3.43679834e-04 2.43250487e-04 2.01723981e-04 4.08289018e-04 1.19863495e-04 2.82790329e-03 4.15475667e-03 2.12274390e-04 6.28309127e-05 4.09285088e-05 1.14582116e-04 3.23920045e-05 5.39391942e-05 1.15328284e-04 6.97672076e-05 1.26495790e-04 1.54343908e-04 9.29532294e-05 6.78328658e-05 4.80927592e-06 8.64107351e-06 5.90782947e-06 2.36141738e-05 4.81408679e-06 1.60561788e-05 4.21494838e-05 3.63616971e-05 1.43263984e-05 4.43128539e-05 3.58568475e-05 1.35347451e-05 4.34700522e-05 5.17537302e-05 9.11136376e-06 3.90258778e-05 9.46997653e-05 2.54381186e-05 2.16389058e-04 3.73710220e-04 1.49484088e-05 1.46954964e-04 2.23525625e-05 3.12415767e-05 2.86061786e-04 4.66659131e-04 8.21716085e-05 2.18484567e-04 5.42474701e-05 1.74477964e-05 3.79368418e-05 1.84461553e-05 4.49470375e-07 1.00000000e-10 1.00000000e-10
 1998 04 23 12 00 00  3.58774689e-03 2.18047817e-03 1.19703047e-03 8.50097477e-04 6.05469081e-04 3.43445753e-04 2.43031371e-04 2.01489298e-04 4.07668485e-04 1.19745437e-04 2.82289768e-03 4.14413698e-03 2.12063257e-04 6.28162917e-05 4.09026960e-05 1.14414975e-04 3.23407148e-05 5.37940592e-05 1.15287998e-04 6.97823882e-05 1.26180191e-04 1.53940666e-04 9.27917104e-05 6.77815010e-05 4.80551535e-06 8.64603644e-06 5.90611889e-06 2.35996718e-05 4.81424722e-06 1.60470178e-05 4.20866708e-05 3.63398285e-05 1.42846387e-05 4.42518980e-05 3.58673453e-05 1.35263967e-05 4.33441753e-05 5.15653592e-05 9.11547177e-06 3.89637663e-05 9.43130557e-05 2.54494953e-05 2.15682880e-04 3.73812643e-04 1.49525057e-05 1.46380798e-04 2.20478643e-05 3.12626973e-05 2.85047344e-04 4.65686638e-04 8.20727198e-05 2.17913726e-04 5.45964374e-05 1.75743180e-05 3.82272442e-05 1.86220034e-05 4.56104385e-07 1.00000000e-10 1.00000000e-10
 1998 04 24 12 00 00  3.58740833e-03 2.17969897e-03 1.19658550e-03 8.49891108e-04 6.05353487e-04 3.43454463e-04 2.43007834e-04 2.01451151e-04 4.07556688e-04 1.19600888e-04 2.82203250e-03 4.14414257e-03 2.11927281e-04 6.27165704e-05 4.08717988e-05 1.14368545e-04 3.23528482e-05 5.38089313e-05 1.15100266e-04 6.96125790e-05 1.26195966e-04 1.53959958e-04 9.27834071e-05 6.77738927e-05 4.80627932e-06 8.67279596e-06 5.90618147e-06 2.35984457e-05 4.81026218e-06 1.60418136e-05 4.20742467e-05 3.63440777e-05 1.42953475e-05 4.42474491e-05 3.56352655e-05 1.35265291e-05 4.33113185e-05 5.15455181e-05 9.13772456e-06 3.89273894e-05 9.42535951e-05 2.53041217e-05 2.15753751e-04 3.71682780e-04 1.48673112e-05 1.45857465e-04 2.20884525e-05 3.09797906e-05 2.84440479e-04 4.65052533e-04 8.17342356e-05 2.18917907e-04 5.58279206e-05 1.80217431e-05 3.92587935e-05 1.93008767e-05 4.86036993e-07 1.00000000e-10 1.00000000e-10
 1998 04 25 12 00 00  3.58940834e-03 2.18099693e-03 1.19740884e-03 8.50544784e-04 6.05955610e-04 3.43711837e-04 2.43262313e-04 2.01732503e-04 4.08279857e-04 1.19791505e-04 2.82782964e-03 4.15477306e-03 2.12215749e-04 6.27894441e-05 4.09153072e-05 1.14598278e-04 3.24279303e-05 5.39832399e-05 1.15277562e-04 6.96891861e-05 1.26542661e-04 1.54401017e-04 9.29678929e-05 6.78834867e-05 4.81153729e-06 8.71323791e-06 5.90801574e-06 2.36267013e-05 4.81180614e-06 1.60594270e-05 4.21717507e-05 3.63742700e-05 1.43581041e-05 4.43616314e-05 3.57266632e-05 1.35351365e-05 4.34914281e-05 5.17930028e-05 9.17136495e-06 3.90999704e-05 9.47934671e-05 2.53676058e-05 2.16899682e-04 3.72529366e-04 1.49011746e-05 1.46927496e-04 2.24727075e-05 3.11020092e-05 2.86199205e-04 4.66962482e-04 8.20731919e-05 2.21383945e-04 5.76011518e-05 1.86661907e-05 4.07455230e-05 2.02904228e-05 5.30482370e-07 9.63891011e-10 1.00000000e-10
 1998 04 26 12 00 00  3.59131788e-03 2.18209942e-03 1.19811995e-03 8.51141469e-04 6.06521376e-04 3.43969892e-04 2.43509238e-04 2.02002174e-04 4.08971102e-04 1.19945449e-04 2.83338455e-03 4.16540392e-03 2.12468875e-04 6.28356416e-05 4.09505923e-05 1.14813488e-04 3.25044675e-05 5.41593123e-05 1.15400624e-04 6.97210606e-05 1.26889480e-04 1.54844372e-04 9.31492271e-05 6.79397738e-05 4.81688658e-06 8.68927600e-06 5.90985728e-06 2.36494587e-05 4.81236675e-06 1.60753718e-05 4.22629407e-05 3.64049716e-05 1.44221412e-05 4.44307419e-05 3.57604265e-05 1.35437585e-05 4.36541163e-05 5.20292428e-05 9.15141500e-06 3.91694123e-05 9.53048580e-05 2.53933424e-05 2.17691534e-04 3.72844941e-04 1.49137976e-05 1.47806400e-04 2.28618126e-05 3.11511132e-05 2.87775871e-04 4.68463164e-04 8.23195574e-05 2.21856555e-04 5.66770506e-05 1.83300501e-05 3.99686254e-05 1.97565324e-05 5.05284831e-07 3.60493857e-11 1.00000000e-10
 1998 04 27 12 00 00  3.59358548e-03 2.18394935e-03 1.19926024e-03 8.51964481e-04 6.07238233e-04 3.44229976e-04 2.43788193e-04 2.02319738e-04 4.09789379e-04 1.20239662e-04 2.83991694e-03 4.17603478e-03 2.12857714e-04 6.29825995e-05 4.10169435e-05 1.15089183e-04 3.25805246e-05 5.43348084e-05 1.15725878e-04 6.99214346e-05 1.27236610e-04 1.55286981e-04 9.33457454e-05 6.80478055e-05 4.82220639e-06 8.69503710e-06 5.91169664e-06 2.36805915e-05 4.81667121e-06 1.60986040e-05 4.23775311e-05 3.64355015e-05 1.44857535e-05 4.45437663e-05 3.60134523e-05 1.35523762e-05 4.38663764e-05 5.23051114e-05 9.15619748e-06 3.93527781e-05 9.59240401e-05 2.55615974e-05 2.18764584e-04 3.75179202e-04 1.50071681e-05 1.49304105e-04 2.32493214e-05 3.14764708e-05 2.90111647e-04 4.70920867e-04 8.29236937e-05 2.23302771e-04 5.69998203e-05 1.84471936e-05 4.02380798e-05 1.99265647e-05 5.12246555e-07 2.45245957e-10 1.00000000e-10
 1998 04 28 12 00 00  3.59754608e-03 2.18653668e-03 1.20089981e-03 8.53239807e-04 6.08399015e-04 3.44733426e-04 2.44286868e-04 2.02870194e-04 4.11213971e-04 1.20617774e-04 2.85134408e-03 4.19728942e-03 2.13427936e-04 6.31228152e-05 4.11023917e-05 1.15531352e-04 3.27185466e-05 5.46685245e-05 1.16058888e-04 7.00683100e-05 1.27914492e-04 1.56149784e-04 9.37067295e-05 6.82543604e-05 4.83195799e-06 8.76573977e-06 5.91530224e-06 2.37325217e-05 4.81979587e-06 1.61312945e-05 4.25608732e-05 3.64916341e-05 1.46005477e-05 4.47593240e-05 3.61972954e-05 1.35694572e-05 4.42116688e-05 5.27799627e-05 9.21501414e-06 3.96773566e-05 9.69526420e-05 2.56846717e-05 2.20929923e-04 3.76876291e-04 1.50750517e-05 1.51345315e-04 2.39772213e-05 3.17142869e-05 2.93433608e-04 4.74514640e-04 8.35652603e-05 2.27732519e-04 6.00726531e-05 1.95640195e-05 4.28148942e-05 2.16452710e-05 5.89704847e-07 2.93521722e-09 1.00000000e-10
 1998 04 29 12 00 00  3.60142505e-03 2.18896481e-03 1.20244782e-03 8.54462825e-04 6.09521754e-04 3.45234559e-04 2.44777263e-04 2.03408839e-04 4.12608854e-04 1.20965892e-04 2.86253939e-03 4.21854407e-03 2.13968729e-04 6.32414999e-05 4.11812146e-05 1.15958272e-04 3.28546274e-05 5.49998716e-05 1.16347774e-04 7.01795158e-05 1.28588891e-04 1.57009507e-04 9.40631945e-05 6.84250166e-05 4.84158736e-06 8.79648214e-06 5.91889730e-06 2.37798594e-05 4.82213218e-06 1.61620466e-05 4.27361040e-05 3.65470914e-05 1.47136307e-05 4.49442490e-05 3.63349827e-05 1.35865179e-05 4.45406354e-05 5.32415548e-05 9.24058404e-06 3.99326825e-05 9.79472742e-05 2.57776148e-05 2.22851920e-04 3.78148174e-04 1.51259269e-05 1.53219206e-04 2.46986310e-05 3.18937266e-05 2.96565762e-04 4.77772574e-04 8.41273206e-05 2.30867951e-04 6.14450393e-05 2.00627325e-05 4.39651405e-05 2.24076173e-05 6.23710898e-07 4.09986285e-09 1.00000000e-10
 1998 04 30 12 00 00  3.60522552e-03 2.19123460e-03 1.20390489e-03 8.55635927e-04 6.10609668e-04 3.45734280e-04 2.45260167e-04 2.03936562e-04 4.13975572e-04 1.21284267e-04 2.87351603e-03 4.23979759e-03 2.14480576e-04 6.33389480e-05 4.12534899e-05 1.16371231e-04 3.29897390e-05 5.53300255e-05 1.16594385e-04 7.02553254e-05 1.29263241e-04 1.57867696e-04 9.44157814e-05 6.86219139e-05 4.85115634e-06 8.87341084e-06 5.92248725e-06 2.38285327e-05 4.82367977e-06 1.61910573e-05 4.29068124e-05 3.66022054e-05 1.48258565e-05 4.51511898e-05 3.64264881e-05 1.36035698e-05 4.48634302e-05 5.36958015e-05 9.30458045e-06 4.02323424e-05 9.89199018e-05 2.58406100e-05 2.24975078e-04 3.78995050e-04 1.51598020e-05 1.54990050e-04 2.54168059e-05 3.20151070e-05 2.99523064e-04 4.80977784e-04 8.46123008e-05 2.35444407e-04 6.47965235e-05 2.12808171e-05 4.67754912e-05 2.42810243e-05 7.08063914e-07 8.03524074e-09 2.99404057e-11
 1998 05 01 12 00 00  3.61109658e-03 2.19502963e-03 1.20631326e-03 8.57499188e-04 6.12299841e-04 3.46479949e-04 2.45996472e-04 2.04747338e-04 4.16081662e-04 1.21834144e-04 2.89041772e-03 4.27167565e-03 2.15316286e-04 6.35344948e-05 4.13772136e-05 1.17014130e-04 3.31868243e-05 5.58184052e-05 1.17057525e-04 7.04532198e-05 1.30270985e-04 1.59146094e-04 9.49491010e-05 6.90187677e-05 4.86515819e-06 9.11161696e-06 5.92784454e-06 2.39111658e-05 4.82799915e-06 1.62372515e-05 4.31739422e-05 3.66829219e-05 1.49892687e-05 4.55463565e-05 3.66799242e-05 1.36290837e-05 4.53789031e-05 5.43946698e-05 9.50276299e-06 4.08787641e-05 1.00422884e-04 2.60073371e-05 2.28820610e-04 3.81330879e-04 1.52532352e-05 1.58000891e-04 2.64753820e-05 3.23378685e-05 3.04266922e-04 4.86530617e-04 8.55082676e-05 2.46106630e-04 7.50099845e-05 2.49932458e-05 5.53426241e-05 3.00138749e-05 9.67780869e-07 2.16375810e-08 1.26472015e-09
 1998 05 02 12 00 00  3.61958654e-03 2.20149008e-03 1.21032819e-03 8.60400862e-04 6.14826843e-04 3.47474904e-04 2.47035817e-04 2.05915447e-04 4.19123306e-04 1.22829900e-04 2.91474557e-03 4.31417860e-03 2.16683916e-04 6.39838184e-05 4.16003406e-05 1.17980754e-04 3.34453973e-05 5.64644346e-05 1.18049392e-04 7.10330438e-05 1.31602071e-04 1.60843943e-04 9.56865460e-05 6.93937762e-05 4.88356163e-06 9.13514959e-06 5.93496479e-06 2.40132287e-05 4.84078810e-06 1.63118672e-05 4.35600115e-05 3.67890723e-05 1.52034394e-05 4.59427282e-05 3.74295283e-05 1.36630581e-05 4.61188131e-05 5.53780025e-05 9.52232149e-06 4.14950217e-05 1.02583596e-04 2.64969654e-05 2.32673942e-04 3.88235113e-04 1.55294045e-05 1.62921923e-04 2.78727559e-05 3.32864205e-05 3.11968387e-04 4.94597892e-04 8.73676129e-05 2.51150832e-04 7.61605032e-05 2.54111063e-05 5.63052829e-05 3.06388517e-05 9.94709694e-07 2.29430213e-08 1.38054794e-09
 1998 05 03 12 00 00  3.62858463e-03 2.20620718e-03 1.21341945e-03 8.63008964e-04 6.17303593e-04 3.48706472e-04 2.48189919e-04 2.07159700e-04 4.22354389e-04 1.23444928e-04 2.94074132e-03 4.36730534e-03 2.17784758e-04 6.40963909e-05 4.17407390e-05 1.18915793e-04 3.37673991e-05 5.72704710e-05 1.18394361e-04 7.10064720e-05 1.33263254e-04 1.62964312e-04 9.65381732e-05 6.97091071e-05 4.90649036e-06 9.14401244e-06 5.94385856e-06 2.41096955e-05 4.83994845e-06 1.63719007e-05 4.39359891e-05 3.69213376e-05 1.54700785e-05 4.63080822e-05 3.73819057e-05 1.37055104e-05 4.68290541e-05 5.64302416e-05 9.52967021e-06 4.19000395e-05 1.04799527e-04 2.64724251e-05 2.36782976e-04 3.87804735e-04 1.55121894e-05 1.66351435e-04 2.96154001e-05 3.32375435e-05 3.18156566e-04 5.00705218e-04 8.80907961e-05 2.56537416e-04 7.67187392e-05 2.56135936e-05 5.67705079e-05 3.09259831e-05 1.00597379e-06 2.34008404e-08 1.41873784e-09
 1998 05 04 12 00 00  3.64255317e-03 2.21570601e-03 1.21940718e-03 8.67521376e-04 6.21334434e-04 3.50434743e-04 2.49924959e-04 2.09080871e-04 4.27358083e-04 1.24847757e-04 2.98085044e-03 4.44168113e-03 2.19847451e-04 6.46381064e-05 4.20558586e-05 1.20450674e-04 3.42123734e-05 5.83917892e-05 1.19636659e-04 7.16136768e-05 1.35584805e-04 1.65923587e-04 9.77865097e-05 7.03409581e-05 4.93822299e-06 9.25979693e-06 5.95627971e-06 2.42749511e-05 4.85332384e-06 1.64831889e-05 4.45507311e-05 3.71044647e-05 1.58382361e-05 4.69796769e-05 3.81659833e-05 1.37648851e-05 4.80098332e-05 5.80492816e-05 9.62598060e-06 4.28899710e-05 1.08299781e-04 2.69850250e-05 2.43540495e-04 3.95027142e-04 1.58010857e-05 1.73506308e-04 3.20356427e-05 3.42305080e-05 3.29675858e-04 5.12840745e-04 9.04633988e-05 2.67425340e-04 8.18270579e-05 2.74700452e-05 6.10529587e-05 3.37721466e-05 1.13350720e-06 2.99736072e-08 2.01267412e-09
 1998 05 05 12 00 00  3.65505967e-03 2.22494138e-03 1.22516762e-03 8.71727671e-04 6.25021037e-04 3.51922531e-04 2.51461605e-04 2.10800563e-04 4.31837552e-04 1.26255584e-04 3.01670171e-03 4.50543277e-03 2.21814910e-04 6.52498672e-05 4.23713945e-05 1.21859033e-04 3.45968350e-05 5.93566569e-05 1.20997658e-04 7.23801204e-05 1.37577918e-04 1.68464951e-04 9.88810769e-05 7.09064669e-05 4.96561515e-06 9.32766343e-06 5.96694263e-06 2.44250994e-05 4.87024809e-06 1.65899464e-05 4.51135535e-05 3.72625014e-05 1.61564923e-05 4.75761601e-05 3.91578622e-05 1.38158081e-05 4.90907453e-05 5.94969429e-05 9.68242166e-06 4.38091550e-05 1.11465208e-04 2.76323961e-05 2.49385171e-04 4.04162341e-04 1.61664937e-05 1.80519172e-04 3.41203297e-05 3.54847580e-05 3.40711240e-04 5.24461388e-04 9.30261994e-05 2.75911241e-04 8.48991001e-05 2.85862985e-05 6.36270548e-05 3.54726474e-05 1.20895883e-06 3.38050690e-08 2.35741702e-09
 1998 05 06 12 00 00  3.65761269e-03 2.22738205e-03 1.22664725e-03 8.72731790e-04 6.25860438e-04 3.52185015e-04 2.51766591e-04 2.11156856e-04 4.32757739e-04 1.26660783e-04 3.02401807e-03 4.51606363e-03 2.22311403e-04 6.54768622e-05 4.24624051e-05 1.22183771e-04 3.46733694e-05 5.95327467e-05 1.21484795e-04 7.27141451e-05 1.37927447e-04 1.68908318e-04 9.90901445e-05 7.10861803e-05 4.97096480e-06 9.39852762e-06 5.96878454e-06 2.44658577e-05 4.87750513e-06 1.66191156e-05 4.52486746e-05 3.72932031e-05 1.62205310e-05 4.77498888e-05 3.95839161e-05 1.38244301e-05 4.93475246e-05 5.98076496e-05 9.74135764e-06 4.41386618e-05 1.12177077e-04 2.79135478e-05 2.50896907e-04 4.08090150e-04 1.63236060e-05 1.82540011e-04 3.45094508e-05 3.60288541e-05 3.43660723e-04 5.27822263e-04 9.39157054e-05 2.79530556e-04 8.80886397e-05 2.97452871e-05 6.62998982e-05 3.72407228e-05 1.28757973e-06 3.78106996e-08 2.71817839e-09
 1998 05 07 12 00 00  3.65477637e-03 2.22694349e-03 1.22624677e-03 8.72185475e-04 6.25245189e-04 3.51718356e-04 2.51386559e-04 2.10775143e-04 4.31751661e-04 1.26689662e-04 3.01582036e-03 4.49482314e-03 2.22144388e-04 6.56363090e-05 4.24690032e-05 1.21959830e-04 3.45673907e-05 5.92382974e-05 1.21777359e-04 7.30609347e-05 1.37289511e-04 1.68096434e-04 9.87941902e-05 7.09642492e-05 4.96322937e-06 9.30284732e-06 5.96534519e-06 2.44413031e-05 4.88493642e-06 1.66140421e-05 4.51605952e-05 3.72482813e-05 1.61340096e-05 4.76115324e-05 4.00208490e-05 1.38076983e-05 4.91699055e-05 5.94936042e-05 9.66172156e-06 4.40159057e-05 1.11581968e-04 2.82045919e-05 2.49177908e-04 4.12121612e-04 1.64848645e-05 1.82436547e-04 3.38886923e-05 3.65915388e-05 3.43024858e-04 5.27139915e-04 9.43849009e-05 2.75060678e-04 8.42028734e-05 2.83323599e-05 6.30368024e-05 3.50277643e-05 1.18520522e-06 3.22883224e-08 2.21277663e-09
 1998 05 08 12 00 00  3.65043401e-03 2.22335492e-03 1.22403919e-03 8.70690418e-04 6.24000212e-04 3.51242739e-04 2.50872758e-04 2.10193755e-04 4.30215025e-04 1.26128380e-04 3.00351771e-03 4.47358340e-03 2.21407858e-04 6.53760449e-05 4.23461125e-05 1.21483519e-04 3.44628643e-05 5.89456351e-05 1.21236861e-04 7.27047562e-05 1.36652445e-04 1.67286869e-04 9.84341074e-05 7.07024400e-05 4.95558634e-06 9.19265585e-06 5.96191312e-06 2.43887180e-05 4.87656580e-06 1.65783412e-05 4.49748129e-05 3.72038747e-05 1.60487747e-05 4.73552321e-05 3.95334326e-05 1.37909796e-05 4.87942797e-05 5.90180099e-05 9.57002339e-06 4.35574792e-05 1.10543147e-04 2.78995663e-05 2.46835561e-04 4.07648891e-04 1.63059556e-05 1.79802263e-04 3.32728087e-05 3.59978905e-05 3.39206497e-04 5.22782262e-04 9.33611665e-05 2.69862318e-04 7.96279655e-05 2.66691002e-05 5.91967882e-05 3.24378300e-05 1.06640743e-06 2.59554199e-08 1.63506293e-09
 1998 05 09 12 00 00  3.65040666e-03 2.22317139e-03 1.22393818e-03 8.70686852e-04 6.24036722e-04 3.51261095e-04 2.50882148e-04 2.10202699e-04 4.30220107e-04 1.26096940e-04 3.00354720e-03 4.47359234e-03 2.21384277e-04 6.53609137e-05 4.23411726e-05 1.21497845e-04 3.44832544e-05 5.89706236e-05 1.21226608e-04 7.26740982e-05 1.36674193e-04 1.67319274e-04 9.84434951e-05 7.05980631e-05 4.95686982e-06 9.04639455e-06 5.96201899e-06 2.43841045e-05 4.87550205e-06 1.65807324e-05 4.49825186e-05 3.72110109e-05 1.60667681e-05 4.72710814e-05 3.94734787e-05 1.37912008e-05 4.87897286e-05 5.90335418e-05 9.44833300e-06 4.33574682e-05 1.10586609e-04 2.78704683e-05 2.46181939e-04 4.07109306e-04 1.62843722e-05 1.79703994e-04 3.33409873e-05 3.59394617e-05 3.39343203e-04 5.22431809e-04 9.33344958e-05 2.65476656e-04 7.33767214e-05 2.43968254e-05 5.39528544e-05 2.89260479e-05 9.07116652e-07 1.75979650e-08 8.76020678e-10
 1998 05 10 12 00 00  3.65373741e-03 2.22438553e-03 1.22479225e-03 8.71572277e-04 6.24956415e-04 3.51768656e-04 2.51330232e-04 2.10675566e-04 4.31430204e-04 1.26219322e-04 3.01330434e-03 4.49485183e-03 2.21711014e-04 6.53235434e-05 4.23716915e-05 1.21843194e-04 3.46305023e-05 5.93156554e-05 1.21217272e-04 7.25209422e-05 1.37359678e-04 1.68196750e-04 9.87821359e-05 7.06482204e-05 4.96720240e-06 8.97246719e-06 5.96567188e-06 2.44176172e-05 4.87166908e-06 1.66018934e-05 4.51260997e-05 3.72703740e-05 1.61897056e-05 4.73564660e-05 3.92516755e-05 1.38083837e-05 4.90436190e-05 5.94448723e-05 9.38681478e-06 4.33593776e-05 1.11444763e-04 2.77373794e-05 2.47423474e-04 4.05081082e-04 1.62032433e-05 1.80614332e-04 3.40997474e-05 3.56792239e-05 3.41421169e-04 5.24135736e-04 9.33553099e-05 2.65360639e-04 7.02896852e-05 2.32745417e-05 5.13620168e-05 2.71811225e-05 8.27256790e-07 1.33541038e-08 4.89212226e-10
 1998 05 11 12 00 00  3.65885176e-03 2.22930330e-03 1.22777208e-03 8.73584478e-04 6.26632503e-04 3.52290600e-04 2.51939284e-04 2.11387714e-04 4.33272087e-04 1.27036302e-04 3.02794424e-03 4.51611169e-03 2.22709630e-04 6.57821323e-05 4.25551555e-05 1.22491566e-04 3.47801746e-05 5.96636557e-05 1.22198197e-04 7.31972686e-05 1.38050893e-04 1.69078069e-04 9.91988742e-05 7.09081440e-05 4.97768742e-06 8.97725986e-06 5.96933824e-06 2.44894541e-05 4.88638325e-06 1.66599387e-05 4.53898152e-05 3.73305840e-05 1.63147823e-05 4.76198641e-05 4.01153782e-05 1.38255913e-05 4.95412762e-05 6.00559127e-05 9.39079255e-06 4.38382629e-05 1.12847453e-04 2.83068104e-05 2.49737250e-04 4.13042905e-04 1.65217162e-05 1.84571454e-04 3.48666101e-05 3.67813045e-05 3.47309542e-04 5.30417809e-04 9.51456323e-05 2.68040058e-04 7.05627970e-05 2.33736527e-05 5.15899557e-05 2.73244722e-05 8.33088848e-07 1.36093945e-08 5.11107423e-10
 1998 05 12 12 00 00  3.66160271e-03 2.22929839e-03 1.22792666e-03 8.74104484e-04 6.27311008e-04 3.52795964e-04 2.52336330e-04 2.11783972e-04 4.34277789e-04 1.26930207e-04 3.03612521e-03 4.53737266e-03 2.22815907e-04 6.55815466e-05 4.25353278e-05 1.22740315e-04 3.49293696e-05 6.00110739e-05 1.21865229e-04 7.27707171e-05 1.38742487e-04 1.69958659e-04 9.95135406e-05 7.10167596e-05 4.98814261e-06 9.05453417e-06 5.97300168e-06 2.45227238e-05 4.87643265e-06 1.66694761e-05 4.55020542e-05 3.73906310e-05 1.64394354e-05 4.77548488e-05 3.95355455e-05 1.38427946e-05 4.97364858e-05 6.04146346e-05 9.45508582e-06 4.39159919e-05 1.13553334e-04 2.79421278e-05 2.51544224e-04 4.07719949e-04 1.63087980e-05 1.84613689e-04 3.56318778e-05 3.60719394e-05 3.48170786e-04 5.31200271e-04 9.45882602e-05 2.72578806e-04 7.38574041e-05 2.45712346e-05 5.43538169e-05 2.91764915e-05 9.17174168e-07 1.80270913e-08 9.12485731e-10
 1998 05 13 12 00 00  3.66560805e-03 2.23193001e-03 1.22959341e-03 8.75413512e-04 6.28509461e-04 3.53306779e-04 2.52843612e-04 2.12345347e-04 4.35724110e-04 1.27317825e-04 3.04771459e-03 4.55863103e-03 2.23398032e-04 6.57316463e-05 4.26237153e-05 1.23197434e-04 3.50751623e-05 6.03543187e-05 1.22226621e-04 7.29320222e-05 1.39430067e-04 1.70833817e-04 9.98804784e-05 7.12267305e-05 4.99838388e-06 9.12383621e-06 5.97664730e-06 2.45774511e-05 4.87972138e-06 1.67042151e-05 4.56933803e-05 3.74494848e-05 1.65610865e-05 4.79750377e-05 3.97300086e-05 1.38599615e-05 5.00928946e-05 6.09041078e-05 9.51274851e-06 4.42464835e-05 1.14619946e-04 2.80761160e-05 2.53757729e-04 4.09519819e-04 1.63807928e-05 1.86745651e-04 3.63857602e-05 3.63300933e-05 3.51663119e-04 5.34961755e-04 9.52752732e-05 2.77008957e-04 7.67951997e-05 2.56391557e-05 5.68186350e-05 3.08304355e-05 9.92432643e-07 2.19936076e-08 1.27319062e-09
 1998 05 14 12 00 00  3.66645977e-03 2.23359659e-03 1.23055306e-03 8.75961696e-04 6.28908178e-04 3.53328925e-04 2.52929882e-04 2.12469380e-04 4.36036791e-04 1.27632545e-04 3.05012943e-03 4.55863923e-03 2.23707631e-04 6.59611395e-05 4.26942932e-05 1.23357002e-04 3.50931310e-05 6.03763445e-05 1.22699641e-04 7.33117515e-05 1.39453502e-04 1.70862377e-04 9.99264800e-05 7.13194233e-05 4.99951493e-06 9.14803895e-06 5.97674043e-06 2.45993024e-05 4.88795595e-06 1.67242283e-05 4.57624131e-05 3.74557741e-05 1.65769394e-05 4.80568806e-05 4.02135338e-05 1.38601565e-05 5.02198878e-05 6.10200263e-05 9.53289345e-06 4.44542930e-05 1.14932009e-04 2.83956120e-05 2.54285332e-04 4.13977899e-04 1.65591160e-05 1.88227747e-04 3.64458421e-05 3.69482994e-05 3.53638403e-04 5.37241018e-04 9.61170737e-05 2.78089268e-04 7.77838331e-05 2.59986239e-05 5.76487444e-05 3.13925827e-05 1.01838035e-06 2.33890042e-08 1.40078926e-09
 1998 05 15 12 00 00  3.66062177e-03 2.22970402e-03 1.22809312e-03 8.74134313e-04 6.27291179e-04 3.52609016e-04 2.52211646e-04 2.11678272e-04 4.33958642e-04 1.27067458e-04 3.03345165e-03 4.52677347e-03 2.22865061e-04 6.57605077e-05 4.25687220e-05 1.22743282e-04 3.49241978e-05 5.99224586e-05 1.22248780e-04 7.30991247e-05 1.38486667e-04 1.69628706e-04 9.94091449e-05 7.10868628e-05 4.98728550e-06 9.12954711e-06 5.97153012e-06 2.45389453e-05 4.88297628e-06 1.66826761e-05 4.55253988e-05 3.73849063e-05 1.64383717e-05 4.78052674e-05 3.99234821e-05 1.38349467e-05 4.97521835e-05 6.03712685e-05 9.51751572e-06 4.40996135e-05 1.13547850e-04 2.82136694e-05 2.51710806e-04 4.11315794e-04 1.64526318e-05 1.85477788e-04 3.54813994e-05 3.65942920e-05 3.49217329e-04 5.32671816e-04 9.52424778e-05 2.74699080e-04 7.69349053e-05 2.56901851e-05 5.69376091e-05 3.09243176e-05 9.97714699e-07 2.23482115e-08 1.30736870e-09
 1998 05 16 12 00 00  3.65071177e-03 2.22291766e-03 1.22382003e-03 8.70968770e-04 6.24493917e-04 3.51395928e-04 2.50991619e-04 2.10329019e-04 4.30424659e-04 1.26068396e-04 3.00510303e-03 4.47365791e-03 2.21402098e-04 6.53834808e-05 4.23463986e-05 1.21679443e-04 3.46293789e-05 5.91497461e-05 1.21405032e-04 7.26760947e-05 1.36860014e-04 1.67551532e-04 9.85323147e-05 7.07207840e-05 4.96606772e-06 9.15286437e-06 5.96277678e-06 2.44351782e-05 4.87325524e-06 1.66078874e-05 4.51098259e-05 3.72621609e-05 1.61957229e-05 4.74019669e-05 3.93561117e-05 1.37927884e-05 4.89450271e-05 5.92566975e-05 9.53692434e-06 4.35437084e-05 1.11151084e-04 2.78532127e-05 2.47562386e-04 4.06102671e-04 1.62441069e-05 1.80600572e-04 3.38296581e-05 3.58939054e-05 3.41350792e-04 5.24690705e-04 9.36139930e-05 2.70598714e-04 7.78653728e-05 2.60285596e-05 5.77192706e-05 3.14567825e-05 1.02251524e-06 2.36984846e-08 1.43125281e-09
 1998 05 17 12 00 00  3.63961472e-03 2.21645730e-03 1.21965717e-03 8.67668443e-04 6.21461506e-04 3.49942037e-04 2.49596240e-04 2.08813156e-04 4.26461292e-04 1.25184341e-04 2.97323400e-03 4.40991856e-03 2.19949166e-04 6.51534528e-05 4.21482775e-05 1.20532880e-04 3.42716259e-05 5.82176086e-05 1.20828786e-04 7.25418795e-05 1.34899922e-04 1.65052618e-04 9.75123043e-05 7.02533663e-05 4.94035703e-06 9.04686458e-06 5.95225283e-06 2.43153405e-05 4.87005782e-06 1.65338342e-05 4.46563967e-05 3.71134724e-05 1.59010320e-05 4.68934329e-05 3.91701877e-05 1.37421550e-05 4.80638859e-05 5.79932070e-05 9.44873973e-06 4.28681708e-05 1.08485621e-04 2.77379178e-05 2.42176647e-04 4.04397903e-04 1.61759161e-05 1.75982849e-04 3.18342703e-05 3.56692908e-05 3.33558804e-04 5.16583388e-04 9.24467763e-05 2.61539827e-04 7.32869923e-05 2.43644714e-05 5.38794570e-05 2.88918455e-05 9.06642617e-07 1.76546195e-08 8.83241835e-10
 1998 05 18 12 00 00  3.62739910e-03 2.20767319e-03 1.21416023e-03 8.63660804e-04 6.17954108e-04 3.48479597e-04 2.48099891e-04 2.07146993e-04 4.22100980e-04 1.23864282e-04 2.93830273e-03 4.34617810e-03 2.18074254e-04 6.46111283e-05 4.18538691e-05 1.19196090e-04 3.39128921e-05 5.72842779e-05 1.19627322e-04 7.18855415e-05 1.32937246e-04 1.62552142e-04 9.64435915e-05 6.96640841e-05 4.91458522e-06 8.90467345e-06 5.94172379e-06 2.41724318e-05 4.85522796e-06 1.64366989e-05 4.41289849e-05 3.69644433e-05 1.56054812e-05 4.62812937e-05 3.83031671e-05 1.36915129e-05 4.70317991e-05 5.66057476e-05 9.33044066e-06 4.19108473e-05 1.05481263e-04 2.71807570e-05 2.36188424e-04 3.96423588e-04 1.58569435e-05 1.69464064e-04 2.98356201e-05 3.45880311e-05 3.23378014e-04 5.05646599e-04 9.01666056e-05 2.51161525e-04 6.71793310e-05 2.21444595e-05 4.87564880e-05 2.54652009e-05 7.51511192e-07 9.53791108e-09 1.46637902e-10
 1998 05 19 12 00 00  3.61742474e-03 2.20076834e-03 1.20981807e-03 8.60451715e-04 6.15122147e-04 3.47264286e-04 2.46872447e-04 2.05787047e-04 4.18541092e-04 1.22842287e-04 2.90976423e-03 4.29306254e-03 2.16587809e-04 6.42151922e-05 4.16257791e-05 1.18118499e-04 3.36161349e-05 5.65091730e-05 1.18739577e-04 7.14318594e-05 1.31306208e-04 1.60471886e-04 9.55629720e-05 6.92384568e-05 4.89324593e-06 8.85251429e-06 5.93296063e-06 2.40619812e-05 4.84493830e-06 1.63602639e-05 4.37065314e-05 3.68410168e-05 1.53611181e-05 4.58268577e-05 3.77018121e-05 1.36493312e-05 4.62071824e-05 5.54778033e-05 9.28705049e-06 4.12428601e-05 1.03051586e-04 2.67953088e-05 2.31622730e-04 3.90893950e-04 1.56357580e-05 1.64424333e-04 2.81773828e-05 3.38398037e-05 3.15349204e-04 4.97252201e-04 8.84690026e-05 2.44664225e-04 6.49177025e-05 2.13224544e-05 4.68598463e-05 2.41994615e-05 6.94416460e-07 6.56640022e-09 1.00000000e-10
 1998 05 20 12 00 00  3.61315481e-03 2.19737523e-03 1.20771985e-03 8.58994597e-04 6.13886891e-04 3.46783799e-04 2.46360519e-04 2.05209603e-04 4.17021769e-04 1.22315783e-04 2.89762021e-03 4.27181982e-03 2.15881377e-04 6.39733364e-05 4.15087453e-05 1.17646439e-04 3.35057848e-05 5.62093745e-05 1.18220922e-04 7.11091445e-05 1.30661417e-04 1.59653065e-04 9.52029674e-05 6.89696125e-05 4.88523547e-06 8.72543678e-06 5.92949909e-06 2.40078886e-05 4.83761614e-06 1.63250919e-05 4.35230607e-05 3.67945671e-05 1.52707420e-05 4.55628075e-05 3.72739072e-05 1.36325514e-05 4.58357023e-05 5.50014004e-05 9.18131700e-06 4.07768779e-05 1.02012543e-04 2.65211071e-05 2.29193963e-04 3.86959291e-04 1.54783716e-05 1.61885958e-04 2.75420200e-05 3.33075150e-05 3.11612623e-04 4.92947461e-04 8.75049150e-05 2.38792722e-04 5.95167170e-05 1.93591700e-05 4.23286452e-05 2.11608552e-05 5.56290925e-07 1.23684458e-09 1.00000000e-10
 1998 05 21 12 00 00  3.61218035e-03 2.19526003e-03 1.20650780e-03 8.58386356e-04 6.13505101e-04 3.46790327e-04 2.46280757e-04 2.05086898e-04 4.16684609e-04 1.21920539e-04 2.89502472e-03 4.27182689e-03 2.15503067e-04 6.36931901e-05 4.14222233e-05 1.17493470e-04 3.35203484e-05 5.62272267e-05 1.17670577e-04 7.06373947e-05 1.30677468e-04 1.59676209e-04 9.51685092e-05 6.88377258e-05 4.88615224e-06 8.65508919e-06 5.92957367e-06 2.39892569e-05 4.82693395e-06 1.63071455e-05 4.34692086e-05 3.67996661e-05 1.52835928e-05 4.54534006e-05 3.66495311e-05 1.36327086e-05 4.57113110e-05 5.49107849e-05 9.12278992e-06 4.04782822e-05 1.01762054e-04 2.61204579e-05 2.28548574e-04 3.81217419e-04 1.52486967e-05 1.60236607e-04 2.75907223e-05 3.25298752e-05 3.09668643e-04 4.90479614e-04 8.65282583e-05 2.36577301e-04 5.64959280e-05 1.82611720e-05 3.97948597e-05 1.94659450e-05 4.79550266e-07 1.00000000e-10 1.00000000e-10
 1998 05 22 12 00 00  3.60955083e-03 2.19248606e-03 1.20484170e-03 8.57350062e-04 6.12695897e-04 3.46553755e-04 2.45984760e-04 2.04736526e-04 4.15754864e-04 1.21456201e-04 2.88763935e-03 4.26120870e-03 2.14957797e-04 6.34306642e-05 4.13199519e-05 1.17180637e-04 3.34729441e-05 5.60868531e-05 1.17135735e-04 7.02372985e-05 1.30365611e-04 1.59279143e-04 9.49712191e-05 6.86896760e-05 4.88263613e-06 8.63010937e-06 5.92788347e-06 2.39577330e-05 4.81782408e-06 1.62805265e-05 4.33522595e-05 3.67791567e-05 1.52452616e-05 4.53110909e-05 3.61173588e-05 1.36244023e-05 4.54703904e-05 5.46309034e-05 9.10200324e-06 4.01913624e-05 1.01123798e-04 2.57802400e-05 2.27386197e-04 3.76325020e-04 1.50530008e-05 1.58180606e-04 2.72990146e-05 3.18692648e-05 3.06820366e-04 4.87313008e-04 8.55527911e-05 2.34882078e-04 5.54507740e-05 1.78812143e-05 3.89177382e-05 1.88754843e-05 4.52546925e-07 1.00000000e-10 1.00000000e-10
 1998 05 23 12 00 00  3.60336807e-03 2.18788385e-03 1.20197415e-03 8.55304038e-04 6.10930115e-04 3.45830176e-04 2.45234801e-04 2.03898489e-04 4.13553744e-04 1.20757840e-04 2.87001242e-03 4.22934256e-03 2.13985932e-04 6.31343714e-05 4.11648978e-05 1.16507330e-04 3.33025615e-05 5.56311919e-05 1.16493194e-04 6.98649790e-05 1.29398391e-04 1.58043178e-04 9.44382810e-05 6.84707123e-05 4.87031539e-06 8.67129711e-06 5.92266588e-06 2.38945987e-05 4.80929921e-06 1.62316962e-05 4.30937093e-05 3.67077882e-05 1.51054119e-05 4.50704108e-05 3.56196164e-05 1.35991781e-05 4.49627720e-05 5.39461111e-05 9.13626500e-06 3.98438789e-05 9.96382368e-05 2.54632527e-05 2.24980241e-04 3.71750681e-04 1.48700273e-05 1.54889283e-04 2.63297232e-05 3.12535005e-05 3.01652610e-04 4.82086670e-04 8.43356340e-05 2.33382160e-04 5.72519793e-05 1.85358400e-05 4.04280036e-05 1.98813223e-05 4.97769750e-07 1.00000000e-10 1.00000000e-10
 1998 05 24 12 00 00  3.59923307e-03 2.18476584e-03 1.20003452e-03 8.53933945e-04 6.09755629e-04 3.45351082e-04 2.44735714e-04 2.03340189e-04 4.12084065e-04 1.20283382e-04 2.85824326e-03 4.20810021e-03 2.13330568e-04 6.29315175e-05 4.10598471e-05 1.16059505e-04 3.31926916e-05 5.53319813e-05 1.16058096e-04 6.96069619e-05 1.28760253e-04 1.57225114e-04 9.40843472e-05 6.83802342e-05 4.86233585e-06 8.77765924e-06 5.91920580e-06 2.38583890e-05 4.80334129e-06 1.61994038e-05 4.29255606e-05 3.66615073e-05 1.50154621e-05 4.49576431e-05 3.52720759e-05 1.35824012e-05 4.46335490e-05 5.34968336e-05 9.22476538e-06 3.97118578e-05 9.86630220e-05 2.52431695e-05 2.23791908e-04 3.68558349e-04 1.47423340e-05 1.52733094e-04 2.56959698e-05 3.08257208e-05 2.98213866e-04 4.78844000e-04 8.35103381e-05 2.34864859e-04 6.17501722e-05 2.01710081e-05 4.42021814e-05 2.24153352e-05 6.13178406e-07 3.22872964e-09 1.00000000e-10
 1998 05 25 12 00 00  3.59729998e-03 2.18344787e-03 1.19920410e-03 8.53337267e-04 6.09238967e-04 3.45118402e-04 2.44501764e-04 2.03082583e-04 4.11400630e-04 1.20092083e-04 2.85275737e-03 4.19748202e-03 2.13049133e-04 6.28643119e-05 4.10178079e-05 1.15863836e-04 3.31443152e-05 5.51904202e-05 1.15912945e-04 6.95337425e-05 1.28447055e-04 1.56826515e-04 9.39165668e-05 6.82807739e-05 4.85875862e-06 8.73780373e-06 5.91751086e-06 2.38383761e-05 4.80152958e-06 1.61869362e-05 4.28523050e-05 3.66406661e-05 1.49762738e-05 4.48566129e-05 3.51671129e-05 1.35740847e-05 4.44815254e-05 5.32902509e-05 9.19160957e-06 3.95510709e-05 9.82273119e-05 2.51797144e-05 2.22806573e-04 3.67597923e-04 1.47039169e-05 1.51832533e-04 2.54010258e-05 3.07017472e-05 2.96839102e-04 4.77309122e-04 8.32286911e-05 2.32759407e-04 6.00185427e-05 1.95416428e-05 4.27500636e-05 2.14467133e-05 5.69519517e-07 1.71229573e-09 1.00000000e-10
 1998 05 26 12 00 00  3.59964286e-03 2.18545544e-03 1.20043474e-03 8.54207666e-04 6.09987208e-04 3.45378988e-04 2.44787393e-04 2.03410093e-04 4.12245327e-04 1.20415792e-04 2.85949517e-03 4.20811251e-03 2.13466388e-04 6.30320854e-05 4.10905801e-05 1.16152115e-04 3.32203606e-05 5.53658989e-05 1.16279032e-04 6.97690353e-05 1.28793586e-04 1.57269096e-04 9.41163236e-05 6.83784825e-05 4.86407771e-06 8.72086239e-06 5.91934986e-06 2.38693836e-05 4.80662566e-06 1.62117069e-05 4.29711903e-05 3.66711960e-05 1.50398817e-05 4.49610457e-05 3.54663964e-05 1.35827024e-05 4.47012769e-05 5.35730507e-05 9.17751458e-06 3.97195495e-05 9.88665841e-05 2.53776263e-05 2.23792396e-04 3.70357548e-04 1.48143019e-05 1.53441238e-04 2.57885084e-05 3.10846721e-05 2.99334156e-04 4.79874497e-04 8.39070688e-05 2.33433663e-04 5.92831137e-05 1.92743475e-05 4.21333332e-05 2.10352383e-05 5.50966396e-07 1.06757412e-09 1.00000000e-10
 1998 05 27 12 00 00  3.60622804e-03 2.19351639e-03 1.20521540e-03 8.57138939e-04 6.12252633e-04 3.45899937e-04 2.45520784e-04 2.04310494e-04 4.14597370e-04 1.21820040e-04 2.87808846e-03 4.22936752e-03 2.15028080e-04 6.39042438e-05 4.14017840e-05 1.17036846e-04 3.33578995e-05 5.56990271e-05 1.18069443e-04 7.11409259e-05 1.29471137e-04 1.58131140e-04 9.45901365e-05 6.87898747e-05 4.87379948e-06 8.76330596e-06 5.92295291e-06 2.39672542e-05 4.83718431e-06 1.62981044e-05 4.33238359e-05 3.67271597e-05 1.51542525e-05 4.53501623e-05 3.72556678e-05 1.35997790e-05 4.53872222e-05 5.43293878e-05 9.21282190e-06 4.05573959e-05 1.00670362e-04 2.65385752e-05 2.26781935e-04 3.86828100e-04 1.54731240e-05 1.59861744e-04 2.65147974e-05 3.33353586e-05 3.08227116e-04 4.89724795e-04 8.71543268e-05 2.37375214e-04 6.11481011e-05 1.99521330e-05 4.36969325e-05 2.20754295e-05 5.97649144e-07 2.67965277e-09 1.00000000e-10
 1998 05 28 12 00 00  3.60654578e-03 2.19130836e-03 1.20402709e-03 8.56731844e-04 6.12146975e-04 3.46145387e-04 2.45624730e-04 2.04367685e-04 4.14726712e-04 1.21353588e-04 2.87929078e-03 4.23999801e-03 2.14681875e-04 6.35094503e-05 4.13010306e-05 1.16982945e-04 3.34324985e-05 5.58727304e-05 1.17317282e-04 7.04346807e-05 1.29816932e-04 1.58571428e-04 9.47018970e-05 6.87646667e-05 4.87902653e-06 8.81707674e-06 5.92478464e-06 2.39655915e-05 4.82115283e-06 1.62812120e-05 4.33115011e-05 3.67571804e-05 1.52165783e-05 4.53502024e-05 3.63188592e-05 1.36083807e-05 4.53477593e-05 5.43953096e-05 9.25755012e-06 4.03950423e-05 1.00710832e-04 2.59384455e-05 2.27370903e-04 3.78214306e-04 1.51285723e-05 1.58120344e-04 2.68974283e-05 3.21703264e-05 3.06412387e-04 4.87608695e-04 8.58267651e-05 2.40007890e-04 6.35096478e-05 2.08103846e-05 4.56768650e-05 2.33927307e-05 6.56778838e-07 4.72204889e-09 1.00000000e-10
 1998 05 29 12 00 00  3.60956796e-03 2.19196170e-03 1.20455686e-03 8.57414392e-04 6.12906403e-04 3.46638492e-04 2.46037591e-04 2.04791508e-04 4.15818924e-04 1.21369105e-04 2.88813822e-03 4.26125079e-03 2.14901188e-04 6.33920314e-05 4.13070184e-05 1.17264217e-04 3.35661549e-05 5.62011090e-05 1.17136787e-04 7.01508543e-05 1.30486004e-04 1.59427296e-04 9.50202053e-05 6.88066954e-05 4.88850346e-06 8.77141574e-06 5.92836732e-06 2.39917358e-05 4.81459901e-06 1.62941103e-05 4.34260978e-05 3.68117908e-05 1.53275178e-05 4.54261669e-05 3.59365542e-05 1.36254152e-05 4.55544572e-05 5.47575583e-05 9.21954997e-06 4.03709591e-05 1.01436883e-04 2.56963453e-05 2.28574665e-04 3.74702593e-04 1.49881037e-05 1.58502958e-04 2.76107254e-05 3.16997495e-05 3.07709079e-04 4.88544331e-04 8.55439442e-05 2.40576719e-04 6.16334111e-05 2.01282094e-05 4.41016737e-05 2.23276043e-05 6.07727480e-07 2.96989029e-09 1.00000000e-10
 1998 05 30 12 00 00  3.61143352e-03 2.19301777e-03 1.20524070e-03 8.57980490e-04 6.13439170e-04 3.46888795e-04 2.46276658e-04 2.05051706e-04 4.16491536e-04 1.21513865e-04 2.89353805e-03 4.27187830e-03 2.15143792e-04 6.34317660e-05 4.13403509e-05 1.17466136e-04 3.36344412e-05 5.63670706e-05 1.17244787e-04 7.01732526e-05 1.30823341e-04 1.59857549e-04 9.51953869e-05 6.88815893e-05 4.89333397e-06 8.78212522e-06 5.93016593e-06 2.40138471e-05 4.81496609e-06 1.63080373e-05 4.35083159e-05 3.68395995e-05 1.53842746e-05 4.55102927e-05 3.59588623e-05 1.36339484e-05 4.57087327e-05 5.49804889e-05 9.22847175e-06 4.04758513e-05 1.01912869e-04 2.57142063e-05 2.29486103e-04 3.74912141e-04 1.49964856e-05 1.59313391e-04 2.79722502e-05 3.17336817e-05 3.09124959e-04 4.89982628e-04 8.57549379e-05 2.41902981e-04 6.20047605e-05 2.02633976e-05 4.44146604e-05 2.25489563e-05 6.18614561e-07 3.39030564e-09 1.00000000e-10
 1998 05 31 12 00 00  3.61236627e-03 2.19494822e-03 1.20634929e-03 8.58571243e-04 6.13838238e-04 3.46896953e-04 2.46361563e-04 2.05177829e-04 4.16823532e-04 1.21876292e-04 2.89609776e-03 4.27187905e-03 2.15495008e-04 6.36919573e-05 4.14205545e-05 1.17625931e-04 3.36363795e-05 5.63694513e-05 1.17766764e-04 7.06079358e-05 1.30825423e-04 1.59860632e-04 9.52365834e-05 6.89424028e-05 4.89345584e-06 8.75553014e-06 5.93017612e-06 2.40296848e-05 4.82462128e-06 1.63274544e-05 4.35689631e-05 3.68402805e-05 1.53859874e-05 4.55625528e-05 3.65243468e-05 1.36339702e-05 4.58294114e-05 5.50824228e-05 9.20635284e-06 4.06357584e-05 1.02193824e-04 2.60818284e-05 2.29705297e-04 3.80118458e-04 1.52047383e-05 1.60863561e-04 2.79787375e-05 3.24462249e-05 3.11128594e-04 4.92174015e-04 8.66836482e-05 2.41188680e-04 6.08100656e-05 1.98292742e-05 4.34134632e-05 2.18863676e-05 5.89129189e-07 2.38380053e-09 1.00000000e-10
 1998 06 01 12 00 00  3.61119750e-03 2.19531246e-03 1.20648194e-03 8.58449050e-04 6.13612116e-04 3.46655846e-04 2.46187995e-04 2.05014117e-04 4.16401712e-04 1.21998758e-04 2.89262841e-03 4.26125377e-03 2.15512634e-04 6.38456266e-05 4.14467822e-05 1.17546732e-04 3.35729506e-05 5.62094385e-05 1.18051919e-04 7.09076528e-05 1.30496967e-04 1.59438101e-04 9.50939469e-05 6.89982110e-05 4.88893129e-06 8.84463516e-06 5.92840261e-06 2.40281153e-05 4.83133117e-06 1.63285334e-05 4.35378083e-05 3.68141686e-05 1.53335161e-05 4.55905197e-05 3.69170244e-05 1.36254894e-05 4.57801409e-05 5.49459949e-05 9.28050431e-06 4.08054730e-05 1.01949696e-04 2.63357389e-05 2.29584328e-04 3.83731990e-04 1.53492796e-05 1.61297409e-04 2.76334555e-05 3.29386501e-05 3.11243190e-04 4.92770133e-04 8.71673623e-05 2.43039605e-04 6.45052947e-05 2.11727278e-05 4.65151842e-05 2.39789362e-05 6.85155180e-07 6.13660838e-09 1.00000000e-10
 1998 06 02 12 00 00  3.61564510e-03 2.19902816e-03 1.20876591e-03 8.60021060e-04 6.14937193e-04 3.47145435e-04 2.46719924e-04 2.05618968e-04 4.17986909e-04 1.22586205e-04 2.90529437e-03 4.28249985e-03 2.16279644e-04 6.41306670e-05 4.15771012e-05 1.18054857e-04 3.36920377e-05 5.65199472e-05 1.18658574e-04 7.13012472e-05 1.31152107e-04 1.60270812e-04 9.54661155e-05 6.92655215e-05 4.89749145e-06 8.94745317e-06 5.93190962e-06 2.40860493e-05 4.84023039e-06 1.63685210e-05 4.37396942e-05 3.68636713e-05 1.54316018e-05 4.58545996e-05 3.74372670e-05 1.36423638e-05 4.61789164e-05 5.54511336e-05 9.36607321e-06 4.12743879e-05 1.03065897e-04 2.66699033e-05 2.32000064e-04 3.88516704e-04 1.55406682e-05 1.64135035e-04 2.82980385e-05 3.35871824e-05 3.15427530e-04 4.97484249e-04 8.82983672e-05 2.48175444e-04 6.87361755e-05 2.27110052e-05 5.00670963e-05 2.63798659e-05 7.95663223e-07 1.20560083e-08 3.80469301e-10
 1998 06 03 12 00 00  3.62989419e-03 2.20922446e-03 1.21514985e-03 8.64697909e-04 6.19042943e-04 3.48859281e-04 2.48469483e-04 2.07566188e-04 4.23076210e-04 1.24117040e-04 2.94607693e-03 4.35686857e-03 2.18459811e-04 6.47566607e-05 4.19184640e-05 1.19620043e-04 3.41190549e-05 5.76192513e-05 1.20048814e-04 7.20543554e-05 1.33450854e-04 1.63201543e-04 9.67172293e-05 6.99072938e-05 4.92809413e-06 9.04956614e-06 5.94423764e-06 2.42506882e-05 4.85723212e-06 1.64829423e-05 4.43602189e-05 3.70405149e-05 1.57839080e-05 4.65315327e-05 3.84313578e-05 1.37015420e-05 4.73823377e-05 5.70768042e-05 9.45105348e-06 4.23039826e-05 1.06590235e-04 2.73090875e-05 2.38704607e-04 3.97660143e-04 1.59064057e-05 1.71710823e-04 3.06582137e-05 3.48275469e-05 3.27368931e-04 5.10091230e-04 9.09473853e-05 2.58221760e-04 7.29422283e-05 2.42402462e-05 5.35980961e-05 2.87660638e-05 9.05450952e-07 1.79336723e-08 9.17282339e-10
 1998 06 04 12 00 00  3.64664097e-03 2.21904315e-03 1.22146998e-03 8.69720023e-04 6.23664069e-04 3.51053373e-04 2.50579176e-04 2.09861209e-04 4.29065463e-04 1.25468756e-04 2.99422354e-03 4.45248373e-03 2.20668007e-04 6.51232836e-05 4.22221570e-05 1.21368839e-04 3.46695306e-05 5.90344192e-05 1.20966038e-04 7.22886063e-05 1.36404779e-04 1.66971923e-04 9.82587656e-05 7.05191664e-05 4.96753164e-06 9.07022986e-06 5.96009559e-06 2.44268704e-05 4.86258177e-06 1.65980551e-05 4.50529678e-05 3.72683950e-05 1.62381577e-05 4.72215967e-05 3.87438107e-05 1.37776427e-05 4.87127217e-05 5.89933547e-05 9.46825458e-06 4.31539676e-05 1.10649159e-04 2.75084167e-05 2.46186099e-04 4.00532064e-04 1.60212826e-05 1.78744537e-04 3.36975820e-05 3.52146773e-05 3.39397631e-04 5.22171028e-04 9.27942585e-05 2.67518407e-04 7.37668621e-05 2.45401327e-05 5.42908502e-05 2.92379578e-05 9.27429767e-07 1.91302863e-08 1.02706768e-09
 1998 06 05 12 00 00  3.65718700e-03 2.22709672e-03 1.22647200e-03 8.73292562e-04 6.26750560e-04 3.52279617e-04 2.51861514e-04 2.11300870e-04 4.32830394e-04 1.26706578e-04 3.02435656e-03 4.50560376e-03 2.22364592e-04 6.56731740e-05 4.24976897e-05 1.22548463e-04 3.49740527e-05 5.98190352e-05 1.22162900e-04 7.29986466e-05 1.38045700e-04 1.69064529e-04 9.91680255e-05 7.09931984e-05 4.98935988e-06 9.12049363e-06 5.96889950e-06 2.45495848e-05 4.87859143e-06 1.66872551e-05 4.55191497e-05 3.73945397e-05 1.64893761e-05 4.77181887e-05 3.96800024e-05 1.38199088e-05 4.96178655e-05 6.01925685e-05 9.51008042e-06 4.39374575e-05 1.13272228e-04 2.81108776e-05 2.50993084e-04 4.09143663e-04 1.63657465e-05 1.84756941e-04 3.53817944e-05 3.63836705e-05 3.48704334e-04 5.31993502e-04 9.50516711e-05 2.74072258e-04 7.58602824e-05 2.53012025e-05 5.60478732e-05 3.04220756e-05 9.81678113e-07 2.20172218e-08 1.29030209e-09
 1998 06 06 12 00 00  3.66478361e-03 2.23177631e-03 1.22946222e-03 8.75621736e-04 6.28870417e-04 3.53256551e-04 2.52813278e-04 2.12341695e-04 4.35546819e-04 1.27366571e-04 3.04617803e-03 4.54810001e-03 2.23403398e-04 6.58783169e-05 4.26456763e-05 1.23352168e-04 3.52195202e-05 6.04489935e-05 1.22654590e-04 7.31732580e-05 1.39359111e-04 1.70741539e-04 9.98601886e-05 7.12641489e-05 5.00693823e-06 9.10949384e-06 5.97595135e-06 2.46295793e-05 4.88254846e-06 1.67416707e-05 4.58371312e-05 3.74961033e-05 1.66919795e-05 4.80241211e-05 3.99112643e-05 1.38537376e-05 5.02277812e-05 6.10609457e-05 9.50092945e-06 4.43211001e-05 1.15122415e-04 2.82592024e-05 2.54276185e-04 4.11270258e-04 1.64508103e-05 1.88128796e-04 3.67353263e-05 3.66715714e-05 3.54383039e-04 5.37677222e-04 9.60239980e-05 2.77619332e-04 7.53911314e-05 2.51306682e-05 5.56543051e-05 3.01583739e-05 9.69707105e-07 2.13884014e-08 1.23317223e-09
 1998 06 07 12 00 00  3.66611849e-03 2.23176648e-03 1.22953231e-03 8.75847092e-04 6.29162385e-04 3.53497898e-04 2.53000833e-04 2.12526432e-04 4.36025614e-04 1.27310137e-04 3.05009349e-03 4.55872454e-03 2.23448857e-04 6.57702863e-05 4.26335610e-05 1.23457841e-04 3.52819799e-05 6.06078247e-05 1.22458074e-04 7.29504565e-05 1.39689395e-04 1.71162538e-04 1.00009475e-04 7.13051867e-05 5.01140203e-06 9.13663825e-06 5.97772050e-06 2.46414533e-05 4.87762809e-06 1.67438254e-05 4.58824627e-05 3.75218748e-05 1.67435952e-05 4.80777859e-05 3.96229239e-05 1.38622083e-05 5.03104379e-05 6.12198469e-05 9.52351256e-06 4.43377654e-05 1.15423104e-04 2.80710141e-05 2.55046281e-04 4.08614690e-04 1.63445876e-05 1.88047537e-04 3.70773720e-05 3.63069703e-05 3.54607738e-04 5.37828754e-04 9.57019848e-05 2.79378110e-04 7.65551891e-05 2.55537856e-05 5.66307236e-05 3.08117326e-05 9.99304416e-07 2.29383751e-08 1.37387026e-09
 1998 06 08 12 00 00  3.67078503e-03 2.23588393e-03 1.23204779e-03 8.77561113e-04 6.30597712e-04 3.53997777e-04 2.53557166e-04 2.13165051e-04 4.37692428e-04 1.27973612e-04 3.06340036e-03 4.57997583e-03 2.24291508e-04 6.61100716e-05 4.27807039e-05 1.24010180e-04 3.54107789e-05 6.09302428e-05 1.23177214e-04 7.34339177e-05 1.40354625e-04 1.72010696e-04 1.00396098e-04 7.15325301e-05 5.02057374e-06 9.15384153e-06 5.98127772e-06 2.47002921e-05 4.88849073e-06 1.67896280e-05 4.61040979e-05 3.75747797e-05 1.68502520e-05 4.83091642e-05 4.02583682e-05 1.38791918e-05 5.07362242e-05 6.17564730e-05 9.53782437e-06 4.47407875e-05 1.16626608e-04 2.84809124e-05 2.57155091e-04 4.14461023e-04 1.65784409e-05 1.91216195e-04 3.77744407e-05 3.71021160e-05 3.59338634e-04 5.42881835e-04 9.70422126e-05 2.82088192e-04 7.73056157e-05 2.58265223e-05 5.72599703e-05 3.12310710e-05 1.01817678e-06 2.39173175e-08 1.46249430e-09
 1998 06 09 12 00 00  3.66815827e-03 2.23314790e-03 1.23040156e-03 8.76521308e-04 6.29775103e-04 3.53757197e-04 2.53258128e-04 2.12811070e-04 4.36758009e-04 1.27515134e-04 3.05599402e-03 4.56935577e-03 2.23749491e-04 6.58475647e-05 4.26785543e-05 1.23692204e-04 3.53590003e-05 6.07845024e-05 1.22632521e-04 7.30356784e-05 1.40036825e-04 1.71606666e-04 1.00196639e-04 7.13716113e-05 5.01678187e-06 9.11130992e-06 5.97956459e-06 2.46664083e-05 4.87961879e-06 1.67623659e-05 4.59850822e-05 3.75527452e-05 1.68080602e-05 4.81546317e-05 3.97389027e-05 1.38708361e-05 5.04910774e-05 6.14702346e-05 9.50243630e-06 4.44316239e-05 1.15972674e-04 2.81438930e-05 2.55883467e-04 4.09679308e-04 1.63871723e-05 1.89142859e-04 3.74681083e-05 3.64487467e-05 3.56444578e-04 5.39619625e-04 9.60621029e-05 2.79771555e-04 7.54935525e-05 2.51678392e-05 5.57397995e-05 3.02122541e-05 9.71907889e-07 2.14854758e-08 1.24152031e-09
 1998 06 10 12 00 00  3.66246635e-03 2.22957162e-03 1.22812176e-03 8.74782600e-04 6.28212264e-04 3.53037376e-04 2.52551532e-04 2.12037339e-04 4.34727877e-04 1.27008457e-04 3.03970345e-03 4.53749001e-03 2.22961921e-04 6.56851386e-05 4.25648542e-05 1.23100382e-04 3.51891038e-05 6.03294466e-05 1.22250464e-04 7.28880696e-05 1.39068625e-04 1.70371488e-04 9.96850886e-05 7.11452055e-05 5.00449205e-06 9.08301809e-06 5.97434882e-06 2.46077120e-05 4.87625039e-06 1.67235834e-05 4.57581429e-05 3.74815456e-05 1.66686412e-05 4.79072748e-05 3.95421957e-05 1.38456177e-05 5.00412401e-05 6.08353245e-05 9.47889275e-06 4.40956346e-05 1.14626937e-04 2.80183187e-05 2.53308532e-04 4.07871154e-04 1.63148462e-05 1.86628300e-04 3.65004496e-05 3.62048740e-05 3.52312495e-04 5.35355922e-04 9.53236286e-05 2.76152542e-04 7.43221339e-05 2.47419491e-05 5.47564940e-05 2.95486043e-05 9.41434530e-07 1.98585752e-08 1.09304708e-09
 1998 06 11 12 00 00  3.65697720e-03 2.22639235e-03 1.22607043e-03 8.73174083e-04 6.26743858e-04 3.52322887e-04 2.51865397e-04 2.11292974e-04 4.32771822e-04 1.26576667e-04 3.02398723e-03 4.50562574e-03 2.22247905e-04 6.55769451e-05 4.24678370e-05 1.22546383e-04 3.50235729e-05 5.98797400e-05 1.21979661e-04 7.28302693e-05 1.38106669e-04 1.69143236e-04 9.91845242e-05 7.09567319e-05 4.99247690e-06 9.08177535e-06 5.96915597e-06 2.45556278e-05 4.87484685e-06 1.66895689e-05 4.55485724e-05 3.74118710e-05 1.65330770e-05 4.76925713e-05 3.94607021e-05 1.38204443e-05 4.96240180e-05 6.02292035e-05 9.47784138e-06 4.38379773e-05 1.13357722e-04 2.79684435e-05 2.50967623e-04 4.07124798e-04 1.62849919e-05 1.84481060e-04 3.55473865e-05 3.61075683e-05 3.48649981e-04 5.31703594e-04 9.47844230e-05 2.73534277e-04 7.43890732e-05 2.47659953e-05 5.48106043e-05 2.95685036e-05 9.41160204e-07 1.97551039e-08 1.08138192e-09
 1998 06 12 12 00 00  3.64991826e-03 2.22271360e-03 1.22365717e-03 8.71193596e-04 6.24891336e-04 3.51368530e-04 2.50972441e-04 2.10334279e-04 4.30255705e-04 1.26106143e-04 3.00372934e-03 4.46313880e-03 2.21397322e-04 6.55093465e-05 4.23621109e-05 1.21849781e-04 3.47989844e-05 5.92753640e-05 1.21773316e-04 7.28817424e-05 1.36819264e-04 1.67499399e-04 9.85263165e-05 7.07260201e-05 4.97621222e-06 9.07818539e-06 5.96221180e-06 2.44898898e-05 4.87579055e-06 1.66490589e-05 4.52818617e-05 3.73176183e-05 1.63488934e-05 4.74234668e-05 3.95172159e-05 1.37868410e-05 4.90984883e-05 5.94443642e-05 9.47482258e-06 4.35476427e-05 1.11731103e-04 2.80103239e-05 2.47912419e-04 4.07651532e-04 1.63060613e-05 1.82045267e-04 3.42636573e-05 3.61876882e-05 3.44293366e-04 5.27438256e-04 9.43320037e-05 2.70027037e-04 7.44616334e-05 2.47918325e-05 5.48676158e-05 2.95759211e-05 9.39279954e-07 1.94887093e-08 1.05291669e-09
 1998 06 13 12 00 00  3.64778229e-03 2.22089426e-03 1.22254072e-03 8.70475169e-04 6.24316075e-04 3.51146776e-04 2.50727317e-04 2.10056444e-04 4.29507389e-04 1.25822081e-04 2.99775100e-03 4.45252657e-03 2.21029663e-04 6.53777081e-05 4.23000889e-05 1.21630629e-04 3.47641995e-05 5.91504620e-05 1.21507721e-04 7.26979517e-05 1.36523328e-04 1.67122396e-04 9.83568168e-05 7.06203152e-05 4.97349065e-06 9.04790431e-06 5.96058708e-06 2.44703435e-05 4.87139005e-06 1.66343197e-05 4.52066001e-05 3.73015326e-05 1.63217017e-05 4.73185256e-05 3.92614456e-05 1.37786716e-05 4.89309908e-05 5.92335020e-05 9.44958010e-06 4.33589300e-05 1.11278825e-04 2.78522581e-05 2.46966923e-04 4.05307017e-04 1.62122807e-05 1.80840667e-04 3.40141647e-05 3.58796300e-05 3.42605418e-04 5.25557201e-04 9.38404038e-05 2.68628585e-04 7.35076950e-05 2.44442757e-05 5.40615908e-05 2.89898281e-05 9.09358408e-07 1.76662958e-08 8.80971829e-10
 1998 06 14 12 00 00  3.64356923e-03 2.21751318e-03 1.22045269e-03 8.69064740e-04 6.23144254e-04 3.50682559e-04 2.50230340e-04 2.09496887e-04 4.28019826e-04 1.25300123e-04 2.98584912e-03 4.43129241e-03 2.20333090e-04 6.51443367e-05 4.21854614e-05 1.21183798e-04 3.46713263e-05 5.88720781e-05 1.21021961e-04 7.23851437e-05 1.35900203e-04 1.66331348e-04 9.80083141e-05 7.03522570e-05 4.96658067e-06 8.90830343e-06 5.95721576e-06 2.44211360e-05 4.86401041e-06 1.66028172e-05 4.50389535e-05 3.72612005e-05 1.62467477e-05 4.70576962e-05 3.88319109e-05 1.37620809e-05 4.85782386e-05 5.87848797e-05 9.33336996e-06 4.28904559e-05 1.10311444e-04 2.75841390e-05 2.44580130e-04 4.01366269e-04 1.60546508e-05 1.78428270e-04 3.34372424e-05 3.53576615e-05 3.39152709e-04 5.21507907e-04 9.29303185e-05 2.62876905e-04 6.79709823e-05 2.24307070e-05 4.94097224e-05 2.58160332e-05 7.61182400e-07 9.57294457e-09 1.37793243e-10
 1998 06 15 12 00 00  3.64682141e-03 2.21849999e-03 1.22117756e-03 8.69905304e-04 6.24052146e-04 3.51199684e-04 2.50676995e-04 2.09964659e-04 4.29207327e-04 1.25380785e-04 2.99544133e-03 4.45255637e-03 2.20622138e-04 6.50781383e-05 4.22070078e-05 1.21524431e-04 3.48297413e-05 5.92307944e-05 1.20961056e-04 7.21816497e-05 1.36600817e-04 1.67226567e-04 9.83493361e-05 7.04303292e-05 4.97761648e-06 8.87708229e-06 5.96092723e-06 2.44589049e-05 4.85897908e-06 1.66239042e-05 4.51879218e-05 3.73244693e-05 1.63795383e-05 4.71675642e-05 3.85403924e-05 1.37793846e-05 4.88347058e-05 5.92039730e-05 9.30732858e-06 4.29344123e-05 1.11185299e-04 2.74078106e-05 2.46063979e-04 3.98698881e-04 1.59479552e-05 1.79259652e-04 3.42333398e-05 3.50131799e-05 3.41158665e-04 5.23249961e-04 9.28647466e-05 2.64516664e-04 6.70916572e-05 2.21099974e-05 4.86643267e-05 2.52549092e-05 7.31266772e-07 7.66558266e-09 1.00000000e-10
 1998 06 16 12 00 00  3.64838587e-03 2.21874996e-03 1.22140403e-03 8.70298745e-04 6.24523236e-04 3.51474822e-04 2.50905500e-04 2.10201597e-04 4.29792278e-04 1.25378063e-04 3.00016308e-03 4.46319729e-03 2.20731100e-04 6.50204726e-05 4.22099688e-05 1.21701387e-04 3.49276408e-05 5.94330602e-05 1.20900362e-04 7.20340293e-05 1.36975861e-04 1.67703884e-04 9.85268756e-05 7.05044588e-05 4.98431036e-06 8.91179079e-06 5.96287973e-06 2.44849391e-05 4.85511482e-06 1.66358761e-05 4.52730105e-05 3.73626448e-05 1.64624274e-05 4.72552125e-05 3.83176724e-05 1.37882394e-05 4.89734835e-05 5.94332163e-05 9.33613337e-06 4.30102570e-05 1.11668474e-04 2.72781210e-05 2.47130423e-04 3.96667299e-04 1.58666920e-05 1.79646757e-04 3.46938847e-05 3.47587164e-05 3.42207157e-04 5.24293647e-04 9.27696495e-05 2.67354146e-04 6.90860916e-05 2.28337433e-05 5.03286682e-05 2.62999464e-05 7.73657348e-07 9.51044417e-09 1.13862075e-10
 1998 06 17 12 00 00  3.65017126e-03 2.21947078e-03 1.22190062e-03 8.70830991e-04 6.25084154e-04 3.51749705e-04 2.51152892e-04 2.10467215e-04 4.30454674e-04 1.25463533e-04 3.00547993e-03 4.47383635e-03 2.20924933e-04 6.50258537e-05 4.22323820e-05 1.21914300e-04 3.50235932e-05 5.96329512e-05 1.20964198e-04 7.19922304e-05 1.37346358e-04 1.68178110e-04 9.87129254e-05 7.05363200e-05 4.99088274e-06 8.86142952e-06 5.96482205e-06 2.45089703e-05 4.85361779e-06 1.66521145e-05 4.53681421e-05 3.74001422e-05 1.65436009e-05 4.73069648e-05 3.82335507e-05 1.37970725e-05 4.91308117e-05 5.96796089e-05 9.29415983e-06 4.30211251e-05 1.12203392e-04 2.72380712e-05 2.47835656e-04 3.95911092e-04 1.58364437e-05 1.80343801e-04 3.51479364e-05 3.46780871e-05 3.43709462e-04 5.25593868e-04 9.28961290e-05 2.67521763e-04 6.74572175e-05 2.22404172e-05 4.89533374e-05 2.53076513e-05 7.23513068e-07 6.49096989e-09 1.00000000e-10
 1998 06 18 12 00 00  3.64637561e-03 2.21695288e-03 1.22030977e-03 8.69688343e-04 6.24095583e-04 3.51287975e-04 2.50694486e-04 2.09965608e-04 4.29119260e-04 1.25104574e-04 2.99472766e-03 4.45260108e-03 2.20387598e-04 6.49138059e-05 4.21550588e-05 1.21540565e-04 3.49302340e-05 5.93539735e-05 1.20730994e-04 7.18811760e-05 1.36725841e-04 1.67386285e-04 9.83821850e-05 7.03888171e-05 4.98394220e-06 8.84013061e-06 5.96144819e-06 2.44751799e-05 4.85053497e-06 1.66292288e-05 4.52283396e-05 3.73596442e-05 1.64682177e-05 4.71489025e-05 3.80567973e-05 1.37804760e-05 4.88441753e-05 5.92818937e-05 9.27636793e-06 4.27963515e-05 1.11371211e-04 2.71390600e-05 2.46201375e-04 3.94303665e-04 1.57721466e-05 1.78710195e-04 3.45693843e-05 3.44829110e-05 3.41158773e-04 5.22941592e-04 9.24150901e-05 2.65619496e-04 6.70365056e-05 2.20863283e-05 4.85920694e-05 2.49990700e-05 7.04714068e-07 5.25068771e-09 1.00000000e-10
 1998 06 19 12 00 00  3.64354355e-03 2.21367246e-03 1.21835731e-03 8.68536570e-04 6.23237251e-04 3.51061137e-04 2.50388732e-04 2.09597995e-04 4.28131101e-04 1.24548158e-04 2.98686141e-03 4.44198959e-03 2.19759076e-04 6.45945798e-05 4.20350294e-05 1.21207575e-04 3.48949659e-05 5.92284719e-05 1.20105039e-04 7.13817775e-05 1.36429128e-04 1.67008523e-04 9.81824896e-05 7.02252108e-05 4.98119007e-06 8.81221786e-06 5.95981983e-06 2.44432277e-05 4.83877120e-06 1.66003370e-05 4.51042459e-05 3.73433897e-05 1.64405981e-05 4.69959768e-05 3.73719638e-05 1.37723022e-05 4.85845041e-05 5.89959350e-05 9.25308195e-06 4.24662078e-05 1.10713320e-04 2.67111522e-05 2.45005997e-04 3.88020238e-04 1.55208095e-05 1.76341918e-04 3.43182823e-05 3.36499681e-05 3.38013896e-04 5.19411104e-04 9.12518703e-05 2.64262867e-04 6.62882259e-05 2.18132781e-05 4.79567818e-05 2.45130990e-05 6.78309510e-07 4.12455918e-09 1.00000000e-10
 1998 06 20 12 00 00  3.63620581e-03 2.20939931e-03 1.21560545e-03 8.66386343e-04 6.21278575e-04 3.50104987e-04 2.49472782e-04 2.08605488e-04 4.25522997e-04 1.23967831e-04 2.96585749e-03 4.39950265e-03 2.18804889e-04 6.44555639e-05 4.19071172e-05 1.20468023e-04 3.46703746e-05 5.86241076e-05 1.19770620e-04 7.13118934e-05 1.35142797e-04 1.65364689e-04 9.75123061e-05 7.00029186e-05 4.96492576e-06 8.85320260e-06 5.95287675e-06 2.43755883e-05 4.83669173e-06 1.65542932e-05 4.48174234e-05 3.72491340e-05 1.62564160e-05 4.67350454e-05 3.72534472e-05 1.37386975e-05 4.80262571e-05 5.81838348e-05 9.28712907e-06 4.21776269e-05 1.09010495e-04 2.66476913e-05 2.42072206e-04 3.86946172e-04 1.54778469e-05 1.73470890e-04 3.30345501e-05 3.35241755e-05 3.33091367e-04 5.14642463e-04 9.05420932e-05 2.62229987e-04 6.84055243e-05 2.25820295e-05 4.97266671e-05 2.56486057e-05 7.26229325e-07 5.66868117e-09 1.00000000e-10
 1998 06 21 12 00 00  3.63224204e-03 2.20659773e-03 1.21384993e-03 8.65131326e-04 6.20195067e-04 3.49631981e-04 2.48993223e-04 2.08075211e-04 4.24121337e-04 1.23554385e-04 2.95459211e-03 4.37826291e-03 2.18211644e-04 6.43019712e-05 4.18170989e-05 1.20056328e-04 3.45658453e-05 5.83314453e-05 1.19446047e-04 7.11338944e-05 1.34509170e-04 1.64555123e-04 9.71685452e-05 6.98652542e-05 4.95728236e-06 8.86908383e-06 5.94944504e-06 2.43382172e-05 4.83225740e-06 1.65263816e-05 4.46595265e-05 3.72047274e-05 1.61711840e-05 4.65835394e-05 3.69967194e-05 1.37219788e-05 4.77134022e-05 5.77557186e-05 9.30028982e-06 4.19664415e-05 1.08096470e-04 2.64931819e-05 2.40510073e-04 3.84597985e-04 1.53839194e-05 1.71555840e-04 3.24186665e-05 3.32221505e-05 3.30081967e-04 5.11606347e-04 8.98976412e-05 2.61249676e-04 6.94472579e-05 2.29598283e-05 5.05943486e-05 2.61802706e-05 7.46784701e-07 6.47772929e-09 1.00000000e-10
 1998 06 22 12 00 00  3.62064795e-03 2.19907467e-03 1.20907903e-03 8.61522221e-04 6.16966004e-04 3.48177824e-04 2.47556138e-04 2.06496549e-04 4.19987460e-04 1.22472279e-04 2.92138938e-03 4.31452468e-03 2.16569508e-04 6.39347666e-05 4.15765569e-05 1.18830740e-04 3.42114916e-05 5.74034697e-05 1.18606574e-04 7.07684550e-05 1.32555384e-04 1.62061595e-04 9.61288937e-05 6.94181770e-05 4.93178450e-06 8.84746041e-06 5.93893856e-06 2.42158717e-05 4.82369251e-06 1.64427109e-05 4.41773477e-05 3.70572234e-05 1.58794879e-05 4.60926663e-05 3.64978303e-05 1.36713832e-05 4.67781167e-05 5.64474961e-05 9.28225418e-06 4.13009003e-05 1.05303458e-04 2.61804176e-05 2.35384218e-04 3.80019371e-04 1.52007748e-05 1.66170335e-04 3.04346322e-05 3.26135632e-05 3.21277626e-04 5.02612596e-04 8.82452181e-05 2.55098501e-04 6.88432059e-05 2.27394990e-05 5.00821712e-05 2.57937019e-05 7.26110846e-07 5.32418980e-09 1.00000000e-10
 1998 06 23 12 00 00  3.61294450e-03 2.19408764e-03 1.20591584e-03 8.59135960e-04 6.14834821e-04 3.47212114e-04 2.46602912e-04 2.05450398e-04 4.17244376e-04 1.21756972e-04 2.89934696e-03 4.27203402e-03 2.15482251e-04 6.36965736e-05 4.14181603e-05 1.18022199e-04 3.39791295e-05 5.67895884e-05 1.18065663e-04 7.05346582e-05 1.31257077e-04 1.60405420e-04 9.54389332e-05 6.91046092e-05 4.91503160e-06 8.80665684e-06 5.93195437e-06 2.41341423e-05 4.81809111e-06 1.63880478e-05 4.38590294e-05 3.69602465e-05 1.56884547e-05 4.57530561e-05 3.61723010e-05 1.36376941e-05 4.61578953e-05 5.55818626e-05 9.24825799e-06 4.08287718e-05 1.03459540e-04 2.59793131e-05 2.31860729e-04 3.77035467e-04 1.50814187e-05 1.62615164e-04 2.91249366e-05 3.22216132e-05 3.15503720e-04 4.96637513e-04 8.71719588e-05 2.50299503e-04 6.74271063e-05 2.22239799e-05 4.88886688e-05 2.49498043e-05 6.84616970e-07 3.72241971e-09 1.00000000e-10
 1998 06 24 12 00 00  3.60704430e-03 2.19007351e-03 1.20338693e-03 8.57270994e-04 6.13191895e-04 3.46489638e-04 2.45878748e-04 2.04651297e-04 4.15145965e-04 1.21169601e-04 2.88249528e-03 4.24016714e-03 2.14618655e-04 6.34828248e-05 4.12884959e-05 1.17397896e-04 3.38077778e-05 5.63327339e-05 1.17593854e-04 7.02997553e-05 1.30288472e-04 1.59167907e-04 9.49176859e-05 6.89019151e-05 4.90264902e-06 8.83528483e-06 5.92673132e-06 2.40752577e-05 4.81249626e-06 1.63449643e-05 4.36160383e-05 3.68885376e-05 1.55477479e-05 4.55263202e-05 3.58469464e-05 1.36124581e-05 4.56849149e-05 5.49261150e-05 9.27203873e-06 4.05266693e-05 1.02055093e-04 2.57775275e-05 2.29488466e-04 3.74052190e-04 1.49620876e-05 1.59789008e-04 2.81523913e-05 3.18285020e-05 3.10941264e-04 4.92070285e-04 8.62458101e-05 2.48609413e-04 6.89229551e-05 2.27670611e-05 5.01388377e-05 2.57499648e-05 7.18241094e-07 4.77691344e-09 1.00000000e-10
 1998 06 25 12 00 00  3.60869517e-03 2.19342968e-03 1.20531592e-03 8.58322060e-04 6.13919778e-04 3.46513288e-04 2.46034514e-04 2.04880100e-04 4.15739569e-04 1.21800851e-04 2.88707431e-03 4.24017347e-03 2.15233297e-04 6.39382754e-05 4.14287821e-05 1.17689294e-04 3.38213722e-05 5.63493988e-05 1.18516367e-04 7.10583292e-05 1.30308213e-04 1.59189516e-04 9.49958598e-05 6.91035461e-05 4.90350467e-06 8.91536474e-06 5.92680153e-06 2.41142652e-05 4.82921787e-06 1.63807626e-05 4.37349002e-05 3.68932990e-05 1.55597445e-05 4.56995436e-05 3.68271256e-05 1.36126066e-05 4.59192543e-05 5.51258444e-05 9.33864721e-06 4.09776827e-05 1.02596409e-04 2.64180155e-05 2.30573013e-04 3.83080556e-04 1.53232223e-05 1.62639064e-04 2.81978515e-05 3.30692652e-05 3.14578912e-04 4.96432679e-04 8.78856642e-05 2.51659307e-04 7.24721314e-05 2.40568562e-05 5.31139469e-05 2.77251283e-05 8.06591305e-07 8.83864359e-09 1.00000000e-10
 1998 06 26 12 00 00  3.61886002e-03 2.20058735e-03 1.20980755e-03 8.61665740e-04 6.16885113e-04 3.47751503e-04 2.47292321e-04 2.06279297e-04 4.19382332e-04 1.22873281e-04 2.91625032e-03 4.29330021e-03 2.16775777e-04 6.43769415e-05 4.16697706e-05 1.18820082e-04 3.41419131e-05 5.71536541e-05 1.19510404e-04 7.15777627e-05 1.31969282e-04 1.61307576e-04 9.58970066e-05 6.95538236e-05 4.92634208e-06 8.97358186e-06 5.93568802e-06 2.42348687e-05 4.84061748e-06 1.64644987e-05 4.41870254e-05 3.70250520e-05 1.58250987e-05 4.61790252e-05 3.74956522e-05 1.36550458e-05 4.67864998e-05 5.63047809e-05 9.38706580e-06 4.16917980e-05 1.05158780e-04 2.68561707e-05 2.35357630e-04 3.89239912e-04 1.55695965e-05 1.68053650e-04 2.99356296e-05 3.39178019e-05 3.23232870e-04 5.05503221e-04 8.97679505e-05 2.58735496e-04 7.50897745e-05 2.50080404e-05 5.53075844e-05 2.91765568e-05 8.71157252e-07 1.21301470e-08 2.88248270e-10
 1998 06 27 12 00 00  3.62649928e-03 2.20527443e-03 1.21280531e-03 8.64031722e-04 6.19055253e-04 3.48740241e-04 2.48255685e-04 2.07334387e-04 4.22124462e-04 1.23536890e-04 2.93825618e-03 4.33580242e-03 2.17822858e-04 6.45907535e-05 4.18202269e-05 1.19643645e-04 3.44000029e-05 5.77990839e-05 1.20036710e-04 7.17631658e-05 1.33301983e-04 1.63004667e-04 9.65975593e-05 6.99261713e-05 4.94471533e-06 9.09554146e-06 5.94280536e-06 2.43277584e-05 4.84451230e-06 1.65216561e-05 4.45196798e-05 3.71310336e-05 1.60388416e-05 4.65731962e-05 3.77251505e-05 1.36890143e-05 4.74246886e-05 5.72007175e-05 9.48851593e-06 4.22589279e-05 1.07075031e-04 2.70111195e-05 2.39394649e-04 3.91360059e-04 1.56544024e-05 1.71613418e-04 3.13313911e-05 3.42169515e-05 3.29128760e-04 5.11821573e-04 9.07873080e-05 2.66748898e-04 8.04389161e-05 2.69520830e-05 5.97924460e-05 3.21614039e-05 1.00520685e-06 1.90618898e-08 9.15222742e-10
 1998 06 28 12 00 00  3.64174293e-03 2.21744918e-03 1.22032808e-03 8.69346879e-04 6.23616505e-04 3.50474573e-04 2.50103198e-04 2.09423929e-04 4.27576816e-04 1.25440994e-04 2.98183360e-03 4.41017635e-03 2.20369003e-04 6.54890999e-05 4.22453758e-05 1.21391059e-04 3.48420639e-05 5.89168281e-05 1.21986141e-04 7.29679421e-05 1.35619224e-04 1.65959289e-04 9.78993166e-05 7.06357501e-05 4.97626497e-06 9.16859863e-06 5.95521160e-06 2.45127155e-05 4.87131874e-06 1.66586510e-05 4.52139343e-05 3.73131392e-05 1.64044264e-05 4.73103667e-05 3.92949092e-05 1.37483541e-05 4.87659974e-05 5.89515970e-05 9.54929201e-06 4.34594046e-05 1.10940524e-04 2.80304055e-05 2.46392243e-04 4.05810961e-04 1.62324385e-05 1.80870634e-04 3.37418693e-05 3.61928483e-05 3.43329228e-04 5.26880361e-04 9.44259213e-05 2.76371539e-04 8.36155115e-05 2.81066201e-05 6.24562520e-05 3.39379477e-05 1.08525817e-06 2.32217488e-08 1.29200748e-09
 1998 06 29 12 00 00  3.65491029e-03 2.22529217e-03 1.22536522e-03 8.73352559e-04 6.27304966e-04 3.52195169e-04 2.51765247e-04 2.11236948e-04 4.32296042e-04 1.26533152e-04 3.01974274e-03 4.48455103e-03 2.22130844e-04 6.58088178e-05 4.24920419e-05 1.22788766e-04 3.52846168e-05 6.00351719e-05 1.22783756e-04 7.32041372e-05 1.37934462e-04 1.68914714e-04 9.91118858e-05 7.11158198e-05 5.00784517e-06 9.16999561e-06 5.96762038e-06 2.46552404e-05 4.87640937e-06 1.67531866e-05 4.57712325e-05 3.74954223e-05 1.67704435e-05 4.78533827e-05 3.95940384e-05 1.38077012e-05 4.98279713e-05 6.04752094e-05 9.55044743e-06 4.41303269e-05 1.14184541e-04 2.82288704e-05 2.52259818e-04 4.08569960e-04 1.63427984e-05 1.86601457e-04 3.61540006e-05 3.65767104e-05 3.53125399e-04 5.36699110e-04 9.60045512e-05 2.83400265e-04 8.37189456e-05 2.81441137e-05 6.25422711e-05 3.39896026e-05 1.08717230e-06 2.32897179e-08 1.29735440e-09
 1998 06 30 12 00 00  3.67447768e-03 2.24087311e-03 1.23499608e-03 8.80167048e-04 6.33158468e-04 3.54425766e-04 2.54138395e-04 2.13919900e-04 4.39295777e-04 1.28967867e-04 3.07568974e-03 4.58017588e-03 2.25391817e-04 6.69545641e-05 4.30357931e-05 1.25031041e-04 3.58540245e-05 6.14735531e-05 1.25272162e-04 7.47373735e-05 1.40913531e-04 1.72715202e-04 1.00784762e-04 7.19822309e-05 5.04847449e-06 9.20448656e-06 5.98357692e-06 2.48888471e-05 4.91050523e-06 1.69288242e-05 4.66607036e-05 3.77299264e-05 1.72414017e-05 4.87627988e-05 4.15907794e-05 1.38840071e-05 5.15428393e-05 6.27211929e-05 9.57915254e-06 4.55877939e-05 1.19142745e-04 2.95258913e-05 2.60948347e-04 4.26952073e-04 1.70780829e-05 1.98413078e-04 3.92566901e-05 3.90908914e-05 3.71325683e-04 5.55802924e-04 1.00651201e-04 2.93808978e-04 8.51409732e-05 2.86611321e-05 6.37360475e-05 3.47961562e-05 1.12426852e-06 2.52747604e-08 1.47862629e-09
 1998 07 01 12 00 00  3.68895029e-03 2.25139987e-03 1.24157384e-03 8.84998540e-04 6.37408413e-04 3.56161404e-04 2.55920474e-04 2.15909964e-04 4.44478734e-04 1.30563530e-04 3.11719295e-03 4.65455279e-03 2.27641519e-04 6.76332380e-05 4.33931418e-05 1.26653765e-04 3.63033701e-05 6.26002147e-05 1.26786966e-04 7.55732064e-05 1.43239255e-04 1.75681404e-04 1.02057066e-04 7.26172272e-05 5.08048215e-06 9.26497232e-06 5.99602099e-06 2.50607526e-05 4.92901527e-06 1.70510183e-05 4.73105291e-05 3.79145873e-05 1.76134112e-05 4.94379513e-05 4.26752464e-05 1.39434269e-05 5.27871797e-05 6.43971820e-05 9.62948179e-06 4.66082428e-05 1.22800581e-04 3.02323140e-05 2.67633946e-04 4.36938225e-04 1.74775290e-05 2.06384568e-04 4.16915223e-05 4.04598424e-05 3.83949342e-04 5.69006709e-04 1.03518270e-04 3.02929123e-04 8.76859300e-05 2.95862981e-05 6.58716002e-05 3.62317714e-05 1.18978040e-06 2.87417635e-08 1.79426607e-09
 1998 07 02 12 00 00  3.69857667e-03 2.25738372e-03 1.24539267e-03 8.88005772e-04 6.40163515e-04 3.57404288e-04 2.57134541e-04 2.17241466e-04 4.47934846e-04 1.31416505e-04 3.14493818e-03 4.70768362e-03 2.28973888e-04 6.79155219e-05 4.35858466e-05 1.27700382e-04 3.66331369e-05 6.34157797e-05 1.27471709e-04 7.58293667e-05 1.44908197e-04 1.77814124e-04 1.02939772e-04 7.29261287e-05 5.10389982e-06 9.18908408e-06 6.00495550e-06 2.51651023e-05 4.93448642e-06 1.71249753e-05 4.77314021e-05 3.80495680e-05 1.78869057e-05 4.97992413e-05 4.29970794e-05 1.39859665e-05 5.35766621e-05 6.55225862e-05 9.56633667e-06 4.70313589e-05 1.25218943e-04 3.04471498e-05 2.71583748e-04 4.39908338e-04 1.75963335e-05 2.10826593e-04 4.34601447e-05 4.08750959e-05 3.91535572e-04 5.76418939e-04 1.04857404e-04 3.05722666e-04 8.44843134e-05 2.84224383e-05 6.31851723e-05 3.44270132e-05 1.10750789e-06 2.43941251e-08 1.39861296e-09
 1998 07 03 12 00 00  3.71161604e-03 2.26488349e-03 1.25023416e-03 8.91935881e-04 6.43823033e-04 3.59136301e-04 2.58791784e-04 2.19043697e-04 4.52614587e-04 1.32445279e-04 3.18255726e-03 4.78206389e-03 2.30677486e-04 6.81906307e-05 4.38186721e-05 1.29086562e-04 3.70892842e-05 6.45507826e-05 1.28186842e-04 7.59884599e-05 1.47242979e-04 1.80791145e-04 1.04153839e-04 7.34690525e-05 5.13633568e-06 9.29017624e-06 6.01743450e-06 2.53152593e-05 4.93778825e-06 1.72187430e-05 4.82947656e-05 3.82366066e-05 1.82649164e-05 5.03970921e-05 4.31918947e-05 1.40454591e-05 5.46424490e-05 6.70543508e-05 9.65043364e-06 4.78049908e-05 1.28476281e-04 3.05797817e-05 2.77979457e-04 4.41709417e-04 1.76683767e-05 2.16437123e-04 4.59177245e-05 4.11309447e-05 4.01173168e-04 5.86337401e-04 1.06297172e-04 3.16076299e-04 8.88895709e-05 3.00235111e-05 6.68791352e-05 3.68892986e-05 1.21836544e-06 3.01477058e-08 1.91956850e-09
 1998 07 04 12 00 00  3.72089420e-03 2.27012189e-03 1.25362562e-03 8.94724853e-04 6.46438030e-04 3.60379890e-04 2.59976403e-04 2.20330406e-04 4.55949245e-04 1.33158782e-04 3.20936661e-03 4.83519658e-03 2.31875907e-04 6.83737874e-05 4.39807802e-05 1.30077053e-04 3.74224532e-05 6.53705152e-05 1.28676913e-04 7.60780473e-05 1.48919057e-04 1.82929280e-04 1.05023300e-04 7.38320765e-05 5.15996726e-06 9.32946423e-06 6.02638611e-06 2.54216597e-05 4.93950502e-06 1.72860339e-05 4.86992730e-05 3.83727776e-05 1.85414145e-05 5.08042526e-05 4.32941539e-05 1.40880351e-05 5.54009282e-05 6.81522822e-05 9.68309396e-06 4.83073955e-05 1.30812692e-04 3.06532893e-05 2.82402948e-04 4.42659724e-04 1.77063890e-05 2.20379256e-04 4.76977264e-05 4.12719819e-05 4.08048760e-04 5.93296702e-04 1.07288210e-04 3.22613157e-04 9.07639584e-05 3.07043714e-05 6.84481575e-05 3.79134734e-05 1.26290608e-06 3.23397003e-08 2.11496065e-09
 1998 07 05 12 00 00  3.72367304e-03 2.27019568e-03 1.25382377e-03 8.95258292e-04 6.47117951e-04 3.60883175e-04 2.60373722e-04 2.20727493e-04 4.56960354e-04 1.33066410e-04 3.21760465e-03 4.85645607e-03 2.31993604e-04 6.81793040e-05 4.39629332e-05 1.30326579e-04 3.75692121e-05 6.57149532e-05 1.28346468e-04 7.56630849e-05 1.49603152e-04 1.83805985e-04 1.05337886e-04 7.38190874e-05 5.17026892e-06 9.23156986e-06 6.03003718e-06 2.54432848e-05 4.92998479e-06 1.72957188e-05 4.88078045e-05 3.84319719e-05 1.86639227e-05 5.08349763e-05 4.27384133e-05 1.41052122e-05 5.55801794e-05 6.85019366e-05 9.60160687e-06 4.81640096e-05 1.31502125e-04 3.02998349e-05 2.83315889e-04 4.37552987e-04 1.75021195e-05 2.20346937e-04 4.84548626e-05 4.05852887e-05 4.08935298e-04 5.93578935e-04 1.06750556e-04 3.21792406e-04 8.68514160e-05 2.92815515e-05 6.51614455e-05 3.56754679e-05 1.15873034e-06 2.66724804e-08 1.59512226e-09
 1998 07 06 12 00 00  3.71565307e-03 2.26450818e-03 1.25025833e-03 8.92672822e-04 6.44863807e-04 3.59922714e-04 2.59395371e-04 2.19641486e-04 4.54106122e-04 1.32219662e-04 3.19472726e-03 4.81396914e-03 2.30780096e-04 6.78447734e-05 4.37748424e-05 1.29468990e-04 3.73451097e-05 6.51111768e-05 1.27610916e-04 7.52673717e-05 1.48314290e-04 1.82162921e-04 1.04638532e-04 7.34585171e-05 5.15403481e-06 9.16149875e-06 6.02309556e-06 2.53558478e-05 4.92084982e-06 1.72356213e-05 4.84763531e-05 3.83378880e-05 1.84801698e-05 5.04562272e-05 4.22055338e-05 1.40716133e-05 5.49219164e-05 6.76106460e-05 9.54326824e-06 4.75853182e-05 1.29585978e-04 2.99623149e-05 2.79568854e-04 4.32658036e-04 1.73063214e-05 2.16257865e-04 4.71727573e-05 3.99292534e-05 4.02546675e-04 5.86792406e-04 1.05347686e-04 3.16069139e-04 8.41242439e-05 2.82896095e-05 6.28691565e-05 3.41039207e-05 1.08482114e-06 2.25960328e-08 1.21983224e-09
 1998 07 07 12 00 00  3.70764987e-03 2.25885852e-03 1.24671494e-03 8.90098698e-04 6.42617032e-04 3.58961517e-04 2.58418412e-04 2.18557904e-04 4.51258596e-04 1.31380246e-04 3.17189393e-03 4.77148220e-03 2.29573923e-04 6.75167233e-05 4.35887262e-05 1.28614279e-04 3.71200382e-05 6.45062188e-05 1.26890394e-04 7.48823106e-05 1.47024155e-04 1.80518329e-04 1.03939405e-04 7.30971482e-05 5.13773957e-06 9.08778529e-06 6.01614920e-06 2.52682932e-05 4.91190112e-06 1.71757675e-05 4.81444607e-05 3.82434606e-05 1.82955628e-05 5.00767508e-05 4.16838709e-05 1.40380027e-05 5.42646100e-05 6.67199119e-05 9.48188681e-06 4.70065537e-05 1.27671989e-04 2.96333921e-05 2.75803770e-04 4.27867993e-04 1.71147197e-05 2.12193107e-04 4.58874129e-05 3.92896240e-05 3.96190399e-04 5.80036652e-04 1.03965871e-04 3.10298081e-04 8.13428258e-05 2.72777106e-05 6.05296352e-05 3.24869421e-05 1.00785671e-06 1.82840175e-08 8.21231083e-10
 1998 07 08 12 00 00  3.70481896e-03 2.25561734e-03 1.24478220e-03 8.88940154e-04 6.41740614e-04 3.58730621e-04 2.58108773e-04 2.18185256e-04 4.50262881e-04 1.30829347e-04 3.16399687e-03 4.76086810e-03 2.28947441e-04 6.71948172e-05 4.34680439e-05 1.28274419e-04 3.70803959e-05 6.43753563e-05 1.26244229e-04 7.43809156e-05 1.46721161e-04 1.80133602e-04 1.03737460e-04 7.29112415e-05 5.13471314e-06 9.02911343e-06 6.01449901e-06 2.52329962e-05 4.90039747e-06 1.71461355e-05 4.80189967e-05 3.82256752e-05 1.82640826e-05 4.99031428e-05 4.10123816e-05 1.40297809e-05 5.39994351e-05 6.64265575e-05 9.43301056e-06 4.66364090e-05 1.26995906e-04 2.92063167e-05 2.74431905e-04 4.21697578e-04 1.68679031e-05 2.09795270e-04 4.56216774e-05 3.84598941e-05 3.92986930e-04 5.76355876e-04 1.02789498e-04 3.07902557e-04 7.92658444e-05 2.65217242e-05 5.87799914e-05 3.12566181e-05 9.47826874e-07 1.48148299e-08 4.98014430e-10
 1998 07 09 12 00 00  3.69963399e-03 2.25306662e-03 1.24309266e-03 8.87526246e-04 6.40405114e-04 3.58018265e-04 2.57450708e-04 2.17482915e-04 4.48417119e-04 1.30516088e-04 3.14911816e-03 4.72900383e-03 2.28349016e-04 6.71740895e-05 4.33979406e-05 1.27773490e-04 3.69148707e-05 6.39256497e-05 1.26153634e-04 7.44687102e-05 1.45759923e-04 1.78905357e-04 1.03250022e-04 7.27653180e-05 5.12269798e-06 9.04856715e-06 6.00930580e-06 2.51879618e-05 4.90212515e-06 1.71184292e-05 4.78284624e-05 3.81560036e-05 1.81285184e-05 4.97245019e-05 4.11149260e-05 1.40046090e-05 5.36239816e-05 6.58546970e-05 9.44913554e-06 4.64728386e-05 1.25820214e-04 2.92787270e-05 2.72306590e-04 4.22648915e-04 1.69059566e-05 2.08173441e-04 4.46686259e-05 3.85990657e-05 3.89981738e-04 5.73525786e-04 1.02560457e-04 3.06210623e-04 8.05158428e-05 2.69750919e-05 5.98214267e-05 3.18970800e-05 9.72772261e-07 1.58129581e-08 5.80757265e-10
 1998 07 10 12 00 00  3.69287785e-03 2.24724638e-03 1.23952674e-03 8.85120470e-04 6.38405955e-04 3.57294281e-04 2.56651493e-04 2.16570473e-04 4.46015557e-04 1.29589792e-04 3.12994354e-03 4.69713956e-03 2.27157963e-04 6.67159587e-05 4.31929338e-05 1.27006664e-04 3.67483677e-05 6.34747499e-05 1.25190495e-04 7.38247239e-05 1.44794136e-04 1.77675558e-04 1.02694387e-04 7.24085998e-05 5.11062062e-06 8.96224446e-06 6.00410822e-06 2.51070956e-05 4.88747173e-06 1.70583980e-05 4.75318326e-05 3.80859885e-05 1.79920957e-05 4.93673063e-05 4.02588630e-05 1.39794269e-05 5.30308002e-05 6.51065349e-05 9.37725636e-06 4.58410423e-05 1.24165132e-04 2.87312112e-05 2.69057114e-04 4.14778658e-04 1.65911463e-05 2.03846105e-04 4.37123119e-05 3.75359843e-05 3.83630837e-04 5.66558462e-04 1.00772515e-04 3.00909614e-04 7.72379453e-05 2.57826251e-05 5.70647040e-05 2.99949296e-05 8.82456629e-07 1.07689587e-08 1.14873933e-10
 1998 07 11 12 00 00  3.68849476e-03 2.24358169e-03 1.23727376e-03 8.83595549e-04 6.37136227e-04 3.56818320e-04 2.56132730e-04 2.15981375e-04 4.44460132e-04 1.29013147e-04 3.11751916e-03 4.67589945e-03 2.26404910e-04 6.64401206e-05 4.30653460e-05 1.26520724e-04 3.66438413e-05 6.31820934e-05 1.24610402e-04 7.34436966e-05 1.44159166e-04 1.76865995e-04 1.02332523e-04 7.22023159e-05 5.10297796e-06 8.93165125e-06 6.00067615e-06 2.50588185e-05 4.87874895e-06 1.70217422e-05 4.73481359e-05 3.80415819e-05 1.79068607e-05 4.91564960e-05 3.97495867e-05 1.39627096e-05 5.26588782e-05 6.46303145e-05 9.35174394e-06 4.54811341e-05 1.23120359e-04 2.84068170e-05 2.67104520e-04 4.10098269e-04 1.64039308e-05 2.01195601e-04 4.30964283e-05 3.69058544e-05 3.79708241e-04 5.62341628e-04 9.96953139e-05 2.98425058e-04 7.63405176e-05 2.54554435e-05 5.63048909e-05 2.94302689e-05 8.52821626e-07 8.90969751e-09 1.00000000e-10
 1998 07 12 12 00 00  3.68896267e-03 2.24442514e-03 1.23776123e-03 8.83902610e-04 6.37380160e-04 3.56841763e-04 2.56186582e-04 2.16055869e-04 4.44638336e-04 1.29173685e-04 3.11890296e-03 4.67590913e-03 2.26566236e-04 6.65591265e-05 4.31018309e-05 1.26618350e-04 3.66661698e-05 6.32094569e-05 1.24863143e-04 7.36379472e-05 1.44186024e-04 1.76901476e-04 1.02364232e-04 7.22104141e-05 5.10438331e-06 8.87878341e-06 6.00079220e-06 2.50697742e-05 4.88284022e-06 1.70344703e-05 4.73939847e-05 3.80493992e-05 1.79265655e-05 4.91664105e-05 3.99905985e-05 1.39629512e-05 5.27310004e-05 6.47064251e-05 9.30769747e-06 4.55114378e-05 1.23325025e-04 2.85692513e-05 2.67117633e-04 4.12324399e-04 1.64929759e-05 2.01993665e-04 4.31711000e-05 3.72195151e-05 3.80902086e-04 5.63497280e-04 1.00150436e-04 2.97406437e-04 7.45025240e-05 2.47863471e-05 5.47558790e-05 2.83355400e-05 7.99031159e-07 5.92274105e-09 1.00000000e-10
 1998 07 13 12 00 00  3.68880198e-03 2.24393158e-03 1.23748270e-03 8.83816744e-04 6.37370542e-04 3.56864476e-04 2.56186774e-04 2.16049518e-04 4.44598346e-04 1.29084432e-04 3.11859235e-03 4.67592143e-03 2.26487931e-04 6.65026096e-05 4.30841042e-05 1.26614240e-04 3.66923894e-05 6.32415933e-05 1.24773256e-04 7.35370792e-05 1.44218898e-04 1.76943150e-04 1.02370884e-04 7.22033514e-05 5.10603386e-06 8.87945134e-06 6.00092826e-06 2.50738316e-05 4.88019541e-06 1.70349135e-05 4.74026366e-05 3.80585727e-05 1.79497016e-05 4.91644121e-05 3.98381904e-05 1.39632364e-05 5.27289166e-05 6.47223761e-05 9.30819515e-06 4.54797420e-05 1.23360857e-04 2.84806039e-05 2.67189780e-04 4.10934265e-04 1.64373706e-05 2.01782302e-04 4.32587753e-05 3.70455527e-05 3.80802464e-04 5.63336598e-04 9.99851313e-05 2.98024664e-04 7.49451334e-05 2.49462471e-05 5.51201026e-05 2.85231026e-05 8.03478062e-07 5.89109774e-09 1.00000000e-10
 1998 07 14 12 00 00  3.68469919e-03 2.24078443e-03 1.23552960e-03 8.82477254e-04 6.36245985e-04 3.56399734e-04 2.55699562e-04 2.15505047e-04 4.43151171e-04 1.28606741e-04 3.10699022e-03 4.65468615e-03 2.25834580e-04 6.63028730e-05 4.29798085e-05 1.26186202e-04 3.65980581e-05 6.29614340e-05 1.24358746e-04 7.32802495e-05 1.43595858e-04 1.76149792e-04 1.02026393e-04 7.19961925e-05 5.09903221e-06 8.81115557e-06 5.99754894e-06 2.50310150e-05 4.87398247e-06 1.70055259e-05 4.72420891e-05 3.80177342e-05 1.78734655e-05 4.89550734e-05 3.94774455e-05 1.39466298e-05 5.23967758e-05 6.42876806e-05 9.25129498e-06 4.51294317e-05 1.22429182e-04 2.82591936e-05 2.65198278e-04 4.07629414e-04 1.63051765e-05 1.99599956e-04 4.26769868e-05 3.66137072e-05 3.77579962e-04 5.59778275e-04 9.91917353e-05 2.94616026e-04 7.25717147e-05 2.40822346e-05 5.31198312e-05 2.71092930e-05 7.33998621e-07 3.21057101e-09 1.00000000e-10
 1998 07 15 12 00 00  3.67947232e-03 2.23808117e-03 1.23375548e-03 8.81045609e-04 6.34919744e-04 3.55695963e-04 2.55044088e-04 2.14804319e-04 4.41299971e-04 1.28266887e-04 3.09205198e-03 4.62282673e-03 2.25214596e-04 6.62691215e-05 4.29055000e-05 1.25688685e-04 3.64422391e-05 6.25236309e-05 1.24257424e-04 7.33430788e-05 1.42647289e-04 1.74936987e-04 1.01542196e-04 7.18623917e-05 5.08762823e-06 8.85039190e-06 5.99240666e-06 2.49891938e-05 4.87486068e-06 1.69784293e-05 4.70548494e-05 3.79514619e-05 1.77464681e-05 4.87889653e-05 3.95320880e-05 1.39215626e-05 5.20244379e-05 6.37248458e-05 9.28387162e-06 4.49826740e-05 1.21274805e-04 2.83080473e-05 2.63205280e-04 4.08149208e-04 1.63259683e-05 1.97942985e-04 4.17564064e-05 3.67056724e-05 3.74587842e-04 5.57001988e-04 9.89282392e-05 2.93708014e-04 7.47295820e-05 2.48654573e-05 5.49217830e-05 2.82505751e-05 7.81049295e-07 4.64090704e-09 1.00000000e-10
 1998 07 16 12 00 00  3.67449078e-03 2.23588836e-03 1.23227504e-03 8.79770548e-04 6.33699472e-04 3.54993454e-04 2.54410944e-04 2.14137155e-04 4.39537286e-04 1.28023195e-04 3.07778681e-03 4.59096693e-03 2.24688177e-04 6.63060508e-05 4.28529462e-05 1.25233470e-04 3.62859340e-05 6.20852283e-05 1.24300588e-04 7.35237089e-05 1.41697382e-04 1.73723391e-04 1.01068332e-04 7.17269441e-05 5.07619334e-06 8.85811023e-06 5.98726219e-06 2.49497544e-05 4.87828620e-06 1.69563504e-05 4.68811823e-05 3.78850149e-05 1.76190413e-05 4.86218433e-05 3.97363649e-05 1.38964911e-05 5.16803364e-05 6.31864908e-05 9.29022135e-06 4.48463282e-05 1.20189581e-04 2.84559588e-05 2.61139592e-04 4.10048793e-04 1.64019517e-05 1.96676309e-04 4.08341846e-05 3.69892630e-05 3.72121125e-04 5.54726592e-04 9.89147539e-05 2.91848770e-04 7.55562363e-05 2.51647594e-05 5.56067615e-05 2.86416811e-05 7.93917349e-07 4.86678005e-09 1.00000000e-10
 1998 07 17 12 00 00  3.66643417e-03 2.23008258e-03 1.22864492e-03 8.77170640e-04 6.31451252e-04 3.54037259e-04 2.53433862e-04 2.13052243e-04 4.36679333e-04 1.27156415e-04 3.05484738e-03 4.54848260e-03 2.23459128e-04 6.59650439e-05 4.26626517e-05 1.24377809e-04 3.60666832e-05 6.14874123e-05 1.23569100e-04 7.31142645e-05 1.40414039e-04 1.72088052e-04 1.00369948e-04 7.13481636e-05 5.06026518e-06 8.76490813e-06 5.98034603e-06 2.48616867e-05 4.86848548e-06 1.68963607e-05 4.65470326e-05 3.77926335e-05 1.74395755e-05 4.82295038e-05 3.91667039e-05 1.38629446e-05 5.10175422e-05 6.22967929e-05 9.21261017e-06 4.42313757e-05 1.18278132e-04 2.81038432e-05 2.57282783e-04 4.04826894e-04 1.61930758e-05 1.92523481e-04 3.95683252e-05 3.63030296e-05 3.65724080e-04 5.47851246e-04 9.74926254e-05 2.85603885e-04 7.20470134e-05 2.38880589e-05 5.26549184e-05 2.66003298e-05 6.96672760e-07 1.24603616e-09 1.00000000e-10
 1998 07 18 12 00 00  3.66091637e-03 2.22678502e-03 1.22653033e-03 8.75556454e-04 6.30001004e-04 3.53328883e-04 2.52751583e-04 2.12312528e-04 4.34726291e-04 1.26705492e-04 3.03910720e-03 4.51662131e-03 2.22732009e-04 6.58542936e-05 4.25645590e-05 1.23830443e-04 3.59079510e-05 6.10460294e-05 1.23317407e-04 7.30481115e-05 1.39460171e-04 1.70870607e-04 9.98717265e-05 7.11461489e-05 5.04867785e-06 8.74562902e-06 5.97518811e-06 2.48100726e-05 4.86638455e-06 1.68629695e-05 4.63355136e-05 3.77253367e-05 1.73100081e-05 4.80059855e-05 3.90475878e-05 1.38378484e-05 5.05984356e-05 6.16960851e-05 9.19651793e-06 4.39461123e-05 1.17023609e-04 2.80426815e-05 2.54869828e-04 4.03750679e-04 1.61500272e-05 1.90334674e-04 3.86379950e-05 3.61811457e-05 3.62098901e-04 5.44173522e-04 9.69495919e-05 2.82678332e-04 7.15859303e-05 2.37195967e-05 5.22619439e-05 2.62877644e-05 6.78935763e-07 4.60515537e-10 1.00000000e-10
 1998 07 19 12 00 00  3.65845815e-03 2.22429053e-03 1.22502904e-03 8.74640801e-04 6.29298856e-04 3.53103290e-04 2.52478825e-04 2.11994529e-04 4.33870463e-04 1.26296513e-04 3.03225757e-03 4.50600870e-03 2.22245946e-04 6.56410173e-05 4.24771997e-05 1.23559967e-04 3.58712277e-05 6.09187467e-05 1.22904115e-04 7.27260660e-05 1.39163407e-04 1.70490523e-04 9.96873893e-05 7.10599682e-05 5.04583404e-06 8.78232968e-06 5.97355320e-06 2.47888105e-05 4.85856181e-06 1.68415604e-05 4.62360182e-05 3.77085700e-05 1.72811007e-05 4.79187179e-05 3.85935593e-05 1.38296571e-05 5.03933036e-05 6.14519962e-05 9.22700565e-06 4.37782823e-05 1.16478408e-04 2.77647807e-05 2.54134595e-04 3.99592144e-04 1.59836858e-05 1.88632758e-04 3.83820123e-05 3.56389559e-05 3.59739270e-04 5.41737762e-04 9.61611447e-05 2.83325144e-04 7.34886595e-05 2.44104293e-05 5.38523729e-05 2.73073742e-05 7.21907134e-07 1.81440640e-09 1.00000000e-10
 1998 07 20 12 00 00  3.65684158e-03 2.22356688e-03 1.22454326e-03 8.74254057e-04 6.28944477e-04 3.52881225e-04 2.52279811e-04 2.11787013e-04 4.33309746e-04 1.26219030e-04 3.02769304e-03 4.49539423e-03 2.22079161e-04 6.56627021e-05 4.24623500e-05 1.23428900e-04 3.58320714e-05 6.07884780e-05 1.22955754e-04 7.27980339e-05 1.38866158e-04 1.70106554e-04 9.95380466e-05 7.11084334e-05 5.04283744e-06 8.90692754e-06 5.97190483e-06 2.47879717e-05 4.85963537e-06 1.68370287e-05 4.61925304e-05 3.76909564e-05 1.72500484e-05 4.79448534e-05 3.86597065e-05 1.38214411e-05 5.03060555e-05 6.13001260e-05 9.33062984e-06 4.39021136e-05 1.16183267e-04 2.78213032e-05 2.54146281e-04 4.00218056e-04 1.60087222e-05 1.88394244e-04 3.81178863e-05 3.57457378e-05 3.59141957e-04 5.41587272e-04 9.62064066e-05 2.86821394e-04 7.91033885e-05 2.64506473e-05 5.85574212e-05 3.04188780e-05 8.60203050e-07 6.52737953e-09 1.00000000e-10
 1998 07 21 12 00 00  3.65116298e-03 2.21998950e-03 1.22226549e-03 8.72530755e-04 6.27403281e-04 3.52164228e-04 2.51577694e-04 2.11019615e-04 4.31291723e-04 1.25713899e-04 3.01146632e-03 4.46352996e-03 2.21296092e-04 6.55080457e-05 4.23508785e-05 1.22845362e-04 3.56650853e-05 6.03369903e-05 1.22603880e-04 7.26611644e-05 1.37903098e-04 1.68876005e-04 9.90286059e-05 7.09246810e-05 5.03073061e-06 8.93459655e-06 5.96670470e-06 2.47341875e-05 4.85620549e-06 1.67990860e-05 4.59674412e-05 3.76207725e-05 1.71131993e-05 4.77348200e-05 3.84612242e-05 1.37962532e-05 4.98652319e-05 6.06737198e-05 9.35361168e-06 4.36445684e-05 1.14858091e-04 2.77023268e-05 2.51873001e-04 3.98403231e-04 1.59361292e-05 1.85947817e-04 3.71599715e-05 3.55130644e-05 3.55087382e-04 5.37584756e-04 9.54969996e-05 2.85181727e-04 8.05503223e-05 2.69759675e-05 5.97666914e-05 3.11927221e-05 8.92710969e-07 7.97146384e-09 1.00000000e-10
 1998 07 22 12 00 00  3.64555284e-03 2.21656715e-03 1.22007679e-03 8.70850399e-04 6.25887655e-04 3.51445513e-04 2.50880721e-04 2.10260578e-04 4.29297566e-04 1.25237849e-04 2.99541755e-03 4.43166457e-03 2.20540837e-04 6.53747299e-05 4.22459869e-05 1.22272006e-04 3.54956719e-05 5.98825281e-05 1.22295192e-04 7.25602731e-05 1.36937716e-04 1.67641592e-04 9.85208680e-05 7.07658575e-05 5.01847098e-06 8.99021325e-06 5.96149184e-06 2.46828767e-05 4.85356068e-06 1.67622344e-05 4.57452546e-05 3.75497388e-05 1.69742067e-05 4.75458351e-05 3.83088191e-05 1.37710391e-05 4.94343830e-05 6.00531283e-05 9.39985985e-06 4.34375024e-05 1.13548505e-04 2.76136590e-05 2.49755403e-04 3.97013187e-04 1.58805275e-05 1.83629681e-04 3.61939310e-05 3.53390700e-05 3.51160837e-04 5.33817349e-04 9.48597314e-05 2.84340865e-04 8.31008500e-05 2.79026506e-05 6.19032762e-05 3.25999501e-05 9.54840095e-07 1.11024297e-08 5.69633229e-11
 1998 07 23 12 00 00  3.64203978e-03 2.21474842e-03 1.21888264e-03 8.69872414e-04 6.24974040e-04 3.50970228e-04 2.50437048e-04 2.09784970e-04 4.28047399e-04 1.25006904e-04 2.98534492e-03 4.41042185e-03 2.20120636e-04 6.53454321e-05 4.21944726e-05 1.21928704e-04 3.53853218e-05 5.95827296e-05 1.22204713e-04 7.25928403e-05 1.36297208e-04 1.66822767e-04 9.81934802e-05 7.06729624e-05 5.01046088e-06 9.01713574e-06 5.95802994e-06 2.46527304e-05 4.85411729e-06 1.67426146e-05 4.56148114e-05 3.75032920e-05 1.68838320e-05 4.74307140e-05 3.83424573e-05 1.37542578e-05 4.91780616e-05 5.96664737e-05 9.42223851e-06 4.33336975e-05 1.12749220e-04 2.76398234e-05 2.48389239e-04 3.97328225e-04 1.58931290e-05 1.82462772e-04 3.55585682e-05 3.53889045e-05 3.49038589e-04 5.31834418e-04 9.46518320e-05 2.83553573e-04 8.44068845e-05 2.83770134e-05 6.29962092e-05 3.33107273e-05 9.85556625e-07 1.25987304e-08 1.89925364e-10
 1998 07 24 12 00 00  3.64284007e-03 2.21633268e-03 1.21979460e-03 8.70386339e-04 6.25342807e-04 3.50988051e-04 2.50516522e-04 2.09900034e-04 4.28339872e-04 1.25305844e-04 2.98759966e-03 4.41042781e-03 2.20413959e-04 6.55633287e-05 4.22615007e-05 1.22076258e-04 3.53989104e-05 5.95993828e-05 1.22653153e-04 7.29539897e-05 1.36317062e-04 1.66844364e-04 9.82350037e-05 7.08140920e-05 5.01131653e-06 9.11449170e-06 5.95810016e-06 2.46773209e-05 4.86196259e-06 1.67609734e-05 4.56791798e-05 3.75080534e-05 1.68958257e-05 4.75525201e-05 3.88030428e-05 1.37544062e-05 4.93028122e-05 5.97751568e-05 9.50321919e-06 4.36291235e-05 1.13039429e-04 2.79437925e-05 2.49247290e-04 4.01574429e-04 1.60629772e-05 1.83898593e-04 3.56040167e-05 3.59771453e-05 3.50867589e-04 5.34191716e-04 9.54459616e-05 2.87022586e-04 8.87029359e-05 2.99382711e-05 6.65977017e-05 3.57042085e-05 1.09279759e-06 1.81250542e-08 6.89285784e-10
 1998 07 25 12 00 00  3.64768930e-03 2.22077194e-03 1.22249653e-03 8.72221462e-04 6.26876751e-04 3.51498003e-04 2.51094632e-04 2.10568661e-04 4.30077585e-04 1.26030884e-04 3.00145302e-03 4.43168320e-03 2.21319094e-04 6.59497870e-05 4.24229228e-05 1.22668012e-04 3.55374243e-05 5.99337043e-05 1.23473660e-04 7.35132082e-05 1.36993830e-04 1.67707955e-04 9.86345224e-05 7.10394706e-05 5.02109906e-06 9.10385788e-06 5.96170794e-06 2.47402541e-05 4.87437319e-06 1.68119043e-05 4.59188505e-05 3.75643576e-05 1.70110536e-05 4.77837820e-05 3.95300100e-05 1.37714931e-05 4.97566067e-05 6.03424359e-05 9.49434761e-06 4.40343393e-05 1.14325531e-04 2.84166483e-05 2.51329380e-04 4.08267728e-04 1.63307091e-05 1.87376301e-04 3.63335595e-05 3.68936162e-05 3.56076413e-04 5.39684014e-04 9.69656638e-05 2.89112658e-04 8.84188003e-05 2.98345858e-05 6.63564420e-05 3.55194568e-05 1.08274695e-06 1.74713037e-08 6.26692076e-10
 1998 07 26 12 00 00  3.65200437e-03 2.22407088e-03 1.22454545e-03 8.73723468e-04 6.28197262e-04 3.52007848e-04 2.51627604e-04 2.11169147e-04 4.31630695e-04 1.26543068e-04 3.01387069e-03 4.45294008e-03 2.22020350e-04 6.61872701e-05 4.25383132e-05 1.23174104e-04 3.56798206e-05 6.02727814e-05 1.24004272e-04 7.38217030e-05 1.37674907e-04 1.68577709e-04 9.90130450e-05 7.12097410e-05 5.03112606e-06 9.07976137e-06 5.96533646e-06 2.47936481e-05 4.88103287e-06 1.68524924e-05 4.61253292e-05 3.76220210e-05 1.71297041e-05 4.79694525e-05 3.99212469e-05 1.37886222e-05 5.01415274e-05 6.08563769e-05 9.47427761e-06 4.43093980e-05 1.15464675e-04 2.86759547e-05 2.53164364e-04 4.11875931e-04 1.64750372e-05 1.89958738e-04 3.70760739e-05 3.73952003e-05 3.60193379e-04 5.43880521e-04 9.79594045e-05 2.90731615e-04 8.75470570e-05 2.95173379e-05 6.56224744e-05 3.50064087e-05 1.05792487e-06 1.60516226e-08 4.94765917e-10
 1998 07 27 12 00 00  3.66018362e-03 2.22982924e-03 1.22815885e-03 8.76433990e-04 6.30612772e-04 3.53009046e-04 2.52644075e-04 2.12300793e-04 4.34567847e-04 1.27408200e-04 3.03739376e-03 4.49544638e-03 2.23264317e-04 6.65452903e-05 4.27331870e-05 1.24096017e-04 3.59476137e-05 6.09301031e-05 1.24820867e-04 7.42466946e-05 1.39017121e-04 1.70290206e-04 9.97418738e-05 7.15513029e-05 5.05011085e-06 9.09192822e-06 5.97250437e-06 2.48917003e-05 4.89024678e-06 1.69220410e-05 4.64978538e-05 3.77313991e-05 1.73520122e-05 4.83390394e-05 4.04623192e-05 1.38226969e-05 5.08462122e-05 6.18171709e-05 9.48437955e-06 4.48444880e-05 1.17561079e-04 2.90335127e-05 2.56890952e-04 4.16864731e-04 1.66745892e-05 1.94371165e-04 3.85042804e-05 3.80870508e-05 3.67317556e-04 5.51232808e-04 9.95065495e-05 2.95476749e-04 8.82105915e-05 2.97581861e-05 6.61766398e-05 3.53579868e-05 1.07246429e-06 1.67079182e-08 5.51659607e-10
 1998 07 28 12 00 00  3.67103912e-03 2.23837399e-03 1.23344702e-03 8.80216114e-04 6.33884945e-04 3.54260763e-04 2.53968143e-04 2.13796054e-04 4.38457698e-04 1.28741082e-04 3.06849622e-03 4.54857796e-03 2.25060206e-04 6.71690036e-05 4.30312161e-05 1.25349855e-04 3.62778723e-05 6.17462792e-05 1.26184802e-04 7.50743842e-05 1.40689693e-04 1.72423726e-04 1.00677786e-04 7.20362500e-05 5.07355835e-06 9.11356110e-06 5.98144143e-06 2.50249484e-05 4.90855564e-06 1.70212205e-05 4.70024354e-05 3.78665543e-05 1.76259418e-05 4.88490355e-05 4.15351416e-05 1.38652395e-05 5.18075140e-05 6.30808578e-05 9.50235772e-06 4.56541617e-05 1.20354749e-04 2.97328806e-05 2.61793749e-04 4.26744406e-04 1.70697763e-05 2.00938680e-04 4.02745529e-05 3.94422183e-05 3.77514903e-04 5.61924676e-04 1.02062585e-04 3.01624093e-04 8.92724091e-05 3.01438220e-05 6.70650195e-05 3.59342386e-05 1.09725632e-06 1.79068035e-08 6.57951560e-10
 1998 07 29 12 00 00  3.68065874e-03 2.24435525e-03 1.23726456e-03 8.83219196e-04 6.36634659e-04 3.55501421e-04 2.55180744e-04 2.15126106e-04 4.41911505e-04 1.29593672e-04 3.09621489e-03 4.60170805e-03 2.26392081e-04 6.74520735e-05 4.32241521e-05 1.26394227e-04 3.66052118e-05 6.25588524e-05 1.26872901e-04 7.53319648e-05 1.42357069e-04 1.74552591e-04 1.01558955e-04 7.23851134e-05 5.09682359e-06 9.09374357e-06 5.99036284e-06 2.51322776e-05 4.91401988e-06 1.70947385e-05 4.74220055e-05 3.80006852e-05 1.78972929e-05 4.92437460e-05 4.18567390e-05 1.39077529e-05 5.26000842e-05 6.42054992e-05 9.48584639e-06 4.61511704e-05 1.22769351e-04 2.99485895e-05 2.66013299e-04 4.29713579e-04 1.71885432e-05 2.05402296e-04 4.20350611e-05 3.98589560e-05 3.85071028e-04 5.69487259e-04 1.03400404e-04 3.06261282e-04 8.86003532e-05 2.98991188e-05 6.64982711e-05 3.55308910e-05 1.07724544e-06 1.67270791e-08 5.47501333e-10
 1998 07 30 12 00 00  3.69159340e-03 2.25028653e-03 1.24112941e-03 8.86435498e-04 6.39668136e-04 3.56982863e-04 2.56579070e-04 2.16638334e-04 4.45837474e-04 1.30382424e-04 3.12779388e-03 4.66546193e-03 2.27762407e-04 6.76224867e-05 4.34035364e-05 1.27540942e-04 3.69945279e-05 6.35296805e-05 1.27355774e-04 7.53589266e-05 1.44352170e-04 1.77101679e-04 1.02588307e-04 7.27191210e-05 5.12452061e-06 9.02548927e-06 6.00105050e-06 2.52460889e-05 4.91435967e-06 1.71699542e-05 4.78825921e-05 3.81604186e-05 1.82198346e-05 4.96449347e-05 4.18782933e-05 1.39587297e-05 5.34643276e-05 6.54825162e-05 9.42902916e-06 4.65617258e-05 1.25470429e-04 2.99692532e-05 2.70608193e-04 4.29920306e-04 1.71968122e-05 2.09700452e-04 4.41359938e-05 3.98976437e-05 3.92808027e-04 5.76917423e-04 1.04398733e-04 3.10271591e-04 8.58803376e-05 2.89099487e-05 6.42131928e-05 3.39737670e-05 1.00468194e-06 1.27735602e-08 1.84707982e-10
 1998 07 31 12 00 00  3.69805568e-03 2.25249626e-03 1.24270580e-03 8.88060325e-04 6.41350201e-04 3.57967494e-04 2.57439147e-04 2.17538317e-04 4.48165276e-04 1.30581846e-04 3.14660342e-03 4.70796563e-03 2.28361813e-04 6.75051618e-05 4.34518381e-05 1.28169002e-04 3.72569833e-05 6.41804596e-05 1.27222458e-04 7.49894301e-05 1.45685562e-04 1.78805691e-04 1.03240402e-04 7.28711039e-05 5.14316926e-06 8.97918871e-06 6.00819076e-06 2.53076259e-05 4.90581842e-06 1.72035886e-05 4.81374396e-05 3.82679282e-05 1.84374294e-05 4.98530844e-05 4.13800852e-05 1.39927462e-05 5.39339355e-05 6.62482343e-05 9.39047677e-06 4.66614775e-05 1.27035070e-04 2.96539976e-05 2.73375218e-04 4.25344244e-04 1.70137697e-05 2.11185411e-04 4.55463480e-05 3.92848247e-05 3.96239549e-04 5.79898015e-04 1.04245444e-04 3.12889916e-04 8.41191551e-05 2.82692557e-05 6.27320902e-05 3.29522648e-05 9.56212588e-07 1.00689615e-08 1.00000000e-10
 1998 08 01 12 00 00  3.70500604e-03 2.25572941e-03 1.24486924e-03 8.89992242e-04 6.43235251e-04 3.58954582e-04 2.58342304e-04 2.18502718e-04 4.50664678e-04 1.30972955e-04 3.16674046e-03 4.75046970e-03 2.29146077e-04 6.75240577e-05 4.35421705e-05 1.28878410e-04 3.75184725e-05 6.48300571e-05 1.27359240e-04 7.48481893e-05 1.47018281e-04 1.80508183e-04 1.03913026e-04 7.30743150e-05 5.16175642e-06 8.94663826e-06 6.01532593e-06 2.53786964e-05 4.90241400e-06 1.72470765e-05 4.84238205e-05 3.83750972e-05 1.86541729e-05 5.01045051e-05 4.11823246e-05 1.40267497e-05 5.44682531e-05 6.70661000e-05 9.36337310e-06 4.68810822e-05 1.28742674e-04 2.95323407e-05 2.76388214e-04 4.23532194e-04 1.69412878e-05 2.13494960e-04 4.69534716e-05 3.90476052e-05 4.00697661e-04 5.84090741e-04 1.04576008e-04 3.15963362e-04 8.28857374e-05 2.78205442e-05 6.16947336e-05 3.22360892e-05 9.22180217e-07 8.16629964e-09 1.00000000e-10
 1998 08 02 12 00 00  3.70581351e-03 2.25454477e-03 1.24426826e-03 8.89894284e-04 6.43335442e-04 3.59202939e-04 2.58489923e-04 2.18625162e-04 4.50967171e-04 1.30698388e-04 3.16927913e-03 4.76109907e-03 2.28985274e-04 6.72663597e-05 4.34836991e-05 1.28906957e-04 3.75925796e-05 6.50031609e-05 1.26879649e-04 7.43714219e-05 1.47361171e-04 1.80947679e-04 1.04045638e-04 7.30222960e-05 5.16695291e-06 8.90368974e-06 6.01715510e-06 2.53795600e-05 4.89151207e-06 1.72401604e-05 4.84398810e-05 3.84049519e-05 1.87160680e-05 5.00818179e-05 4.05457744e-05 1.40353484e-05 5.44824869e-05 6.71794849e-05 9.32761541e-06 4.66955107e-05 1.28918262e-04 2.91265518e-05 2.76663023e-04 4.17681653e-04 1.67072661e-05 2.12509920e-04 4.73344640e-05 3.82594299e-05 3.99920374e-04 5.82858885e-04 1.03735840e-04 3.15678393e-04 8.12084452e-05 2.72104863e-05 6.02850129e-05 3.12704654e-05 8.76827301e-07 6.09424191e-09 1.00000000e-10
 1998 08 03 12 00 00  3.70935325e-03 2.25626328e-03 1.24540956e-03 8.90904355e-04 6.44317336e-04 3.59701777e-04 2.58950307e-04 2.19119159e-04 4.52243333e-04 1.30913778e-04 3.17955065e-03 4.78235334e-03 2.29398264e-04 6.72916266e-05 4.35336800e-05 1.29277378e-04 3.77286633e-05 6.53345080e-05 1.26984485e-04 7.43259385e-05 1.48034001e-04 1.81807402e-04 1.04387494e-04 7.31237192e-05 5.17658300e-06 8.87774513e-06 6.02075088e-06 2.54170648e-05 4.89028498e-06 1.72639942e-05 4.85907582e-05 3.84604034e-05 1.88291495e-05 5.02082580e-05 4.04752296e-05 1.40524076e-05 5.47609185e-05 6.76016909e-05 9.30600800e-06 4.68063140e-05 1.29807405e-04 2.90862896e-05 2.78170276e-04 4.17039219e-04 1.66815688e-05 2.13778333e-04 4.80558723e-05 3.81802442e-05 4.02336682e-04 5.85127893e-04 1.03964668e-04 3.17039489e-04 8.02537514e-05 2.68630974e-05 5.94815267e-05 3.07114031e-05 8.49956731e-07 5.08329308e-09 1.00000000e-10
 1998 08 04 12 00 00  3.71101164e-03 2.25685211e-03 1.24582583e-03 8.91342130e-04 6.44774411e-04 3.59956371e-04 2.59173926e-04 2.19354626e-04 4.52845399e-04 1.30971379e-04 3.18441200e-03 4.79298346e-03 2.29558029e-04 6.72694516e-05 4.35478802e-05 1.29449006e-04 3.78032593e-05 6.55082113e-05 1.26972607e-04 7.42436154e-05 1.48381793e-04 1.82247691e-04 1.04557010e-04 7.32551218e-05 5.18181041e-06 8.98951330e-06 6.02258224e-06 2.54436120e-05 4.88827864e-06 1.72745377e-05 4.86678841e-05 3.84904270e-05 1.88914753e-05 5.03406748e-05 4.03587939e-05 1.40610107e-05 5.49033928e-05 6.78152714e-05 9.39899110e-06 4.70010526e-05 1.30250933e-04 2.90151918e-05 2.79550452e-04 4.15972944e-04 1.66389178e-05 2.14321958e-04 4.84385033e-05 3.80414946e-05 4.03365122e-04 5.86430152e-04 1.03964525e-04 3.21710276e-04 8.50860848e-05 2.86194787e-05 6.35342518e-05 3.34179103e-05 9.72178066e-07 1.05164606e-08 1.00000000e-10
 1998 08 05 12 00 00  3.71154306e-03 2.25788537e-03 1.24642072e-03 8.91684127e-04 6.45024700e-04 3.59971458e-04 2.59228255e-04 2.19432339e-04 4.53040446e-04 1.31166448e-04 3.18592319e-03 4.79298905e-03 2.29750014e-04 6.74111012e-05 4.35914440e-05 1.29549218e-04 3.78158817e-05 6.55236887e-05 1.27265341e-04 7.44779070e-05 1.48402535e-04 1.82267753e-04 1.04586435e-04 7.34342721e-05 5.18260495e-06 9.17325888e-06 6.02264809e-06 2.54685898e-05 4.89337981e-06 1.72872006e-05 4.87175841e-05 3.84948478e-05 1.89026163e-05 5.04942320e-05 4.06582374e-05 1.40611475e-05 5.50014686e-05 6.78978665e-05 9.55186770e-06 4.73521825e-05 1.30465514e-04 2.92124867e-05 2.80745112e-04 4.18733152e-04 1.67493261e-05 2.15361237e-04 4.84807126e-05 3.84233688e-05 4.04606853e-04 5.88386388e-04 1.04486663e-04 3.27757353e-04 9.29403817e-05 3.14744451e-05 7.01229039e-05 3.78300966e-05 1.17230058e-06 2.10154898e-08 9.19192811e-10
 1998 08 06 12 00 00  3.71563243e-03 2.26074792e-03 1.24821788e-03 8.93039694e-04 6.46236792e-04 3.60474893e-04 2.59737781e-04 2.19999179e-04 4.54509481e-04 1.31595920e-04 3.19769623e-03 4.81424406e-03 2.30369399e-04 6.75872011e-05 4.36879845e-05 1.30011979e-04 3.79529345e-05 6.58562232e-05 1.27669087e-04 7.46851845e-05 1.49082600e-04 1.83129023e-04 1.04952466e-04 7.37446749e-05 5.19229579e-06 9.37445002e-06 6.02624823e-06 2.55311014e-05 4.89789309e-06 1.73223788e-05 4.89127615e-05 3.85506428e-05 1.90165563e-05 5.07974541e-05 4.09231317e-05 1.40782184e-05 5.53766574e-05 6.83919385e-05 9.71926711e-06 4.78741178e-05 1.31541163e-04 2.93870369e-05 2.83618058e-04 4.21174874e-04 1.68469949e-05 2.17702158e-04 4.92053805e-05 3.87612148e-05 4.08191533e-04 5.92685008e-04 1.05254887e-04 3.36247582e-04 1.01488865e-04 3.45818664e-05 7.72947608e-05 4.26398517e-05 1.39096117e-06 3.25253481e-08 1.96549728e-09
 1998 08 07 12 00 00  3.72544231e-03 2.26716049e-03 1.25228102e-03 8.96157343e-04 6.49051128e-04 3.61712392e-04 2.60963885e-04 2.21350394e-04 4.58024655e-04 1.32528079e-04 3.22590401e-03 4.86737117e-03 2.31775655e-04 6.79228287e-05 4.38972523e-05 1.31082470e-04 3.82754195e-05 6.66628475e-05 1.28453261e-04 7.50326551e-05 1.50748035e-04 1.85250163e-04 1.05839299e-04 7.42225999e-05 5.21525471e-06 9.51404072e-06 6.03514491e-06 2.56508993e-05 4.90556813e-06 1.73990269e-05 4.93473752e-05 3.86830710e-05 1.92836247e-05 5.13000786e-05 4.13729431e-05 1.41206780e-05 5.62077072e-05 6.95387745e-05 9.83540376e-06 4.86190331e-05 1.34010555e-04 2.96805461e-05 2.88696666e-04 4.25317558e-04 1.70127023e-05 2.22578297e-04 5.09496429e-05 3.93298833e-05 4.16095870e-04 6.01148068e-04 1.06774461e-04 3.45774669e-04 1.07465335e-04 3.67542389e-05 8.23080218e-05 4.59957442e-05 1.54307907e-06 4.04987759e-08 2.68946536e-09
 1998 08 08 12 00 00  3.73572641e-03 2.27455780e-03 1.25690951e-03 8.99574915e-04 6.52067038e-04 3.62953592e-04 2.62232835e-04 2.22765386e-04 4.61708193e-04 1.33645018e-04 3.25541074e-03 4.92049865e-03 2.33360778e-04 6.83908465e-05 4.41473356e-05 1.32233692e-04 3.85983905e-05 6.74700830e-05 1.29501528e-04 7.56014429e-05 1.52411507e-04 1.87372077e-04 1.06746816e-04 7.46647036e-05 5.23824419e-06 9.54612988e-06 6.04404413e-06 2.57724922e-05 4.91817264e-06 1.74854724e-05 4.98097018e-05 3.88156768e-05 1.95511195e-05 5.17725779e-05 4.21113626e-05 1.41631404e-05 5.70899571e-05 7.07320748e-05 9.86209052e-06 4.93230639e-05 1.36612530e-04 3.01613385e-05 2.93405359e-04 4.32116929e-04 1.72846771e-05 2.28179523e-04 5.26955409e-05 4.02616337e-05 4.25013759e-04 6.10431727e-04 1.08765942e-04 3.52043225e-04 1.08929889e-04 3.72863700e-05 8.35349951e-05 4.68047670e-05 1.57886319e-06 4.23072009e-08 2.85195298e-09
 1998 08 09 12 00 00  3.74040239e-03 2.27864051e-03 1.25940738e-03 9.01301791e-04 6.53528344e-04 3.63461068e-04 2.62795250e-04 2.23411129e-04 4.63385804e-04 1.34303550e-04 3.26878850e-03 4.94175367e-03 2.34201977e-04 6.87316404e-05 4.42946426e-05 1.32796215e-04 3.87354492e-05 6.78026117e-05 1.30235197e-04 7.60840019e-05 1.53089591e-04 1.88233362e-04 1.07138131e-04 7.49637473e-05 5.24793504e-06 9.66065563e-06 6.04764427e-06 2.58401143e-05 4.92879190e-06 1.75327021e-05 5.00397551e-05 3.88714718e-05 1.96650624e-05 5.20664422e-05 4.27339633e-05 1.41802142e-05 5.75327952e-05 7.12852616e-05 9.95736918e-06 4.98551371e-05 1.37854805e-04 3.05686321e-05 2.96053326e-04 4.37852264e-04 1.75140906e-05 2.31446834e-04 5.34202089e-05 4.10505600e-05 4.29849387e-04 6.15887096e-04 1.10120077e-04 3.57948303e-04 1.13859641e-04 3.90782105e-05 8.76697817e-05 4.95690130e-05 1.70390348e-06 4.88417015e-08 3.44476945e-09
 1998 08 10 12 00 00  3.73150926e-03 2.27398011e-03 1.25635405e-03 8.98777181e-04 6.51156978e-04 3.62254065e-04 2.61665665e-04 2.22196895e-04 4.60210438e-04 1.33702888e-04 3.24321250e-03 4.88863885e-03 2.33123637e-04 6.86383300e-05 4.41598424e-05 1.31903027e-04 3.84396641e-05 6.70287234e-05 1.29954898e-04 7.61360570e-05 1.51460918e-04 1.86154671e-04 1.06304617e-04 7.46510994e-05 5.22665650e-06 9.63601560e-06 6.03888620e-06 2.57515301e-05 4.92973268e-06 1.74786049e-05 4.96882397e-05 3.87483829e-05 1.94215594e-05 5.17080880e-05 4.27903840e-05 1.41380457e-05 5.68532609e-05 7.02769228e-05 9.93686263e-06 4.94507353e-05 1.35752505e-04 3.06108734e-05 2.92031513e-04 4.38378640e-04 1.75351456e-05 2.28240473e-04 5.17652428e-05 4.11312911e-05 4.24133218e-04 6.10211418e-04 1.09500648e-04 3.52562246e-04 1.12852715e-04 3.87120917e-05 8.68243234e-05 4.89965350e-05 1.67748356e-06 4.74212627e-08 3.31488970e-09
 1998 08 11 12 00 00  3.71924989e-03 2.26788509e-03 1.25232496e-03 8.95360249e-04 6.47906083e-04 3.60560865e-04 2.60098475e-04 2.20519483e-04 4.55829116e-04 1.32941843e-04 3.20790214e-03 4.81427424e-03 2.31689573e-04 6.85632712e-05 4.39883185e-05 1.30680279e-04 3.80204205e-05 6.59389363e-05 1.29668746e-04 7.63031829e-05 1.49174507e-04 1.83236276e-04 1.05143247e-04 7.42330268e-05 5.19654350e-06 9.60687539e-06 6.02659820e-06 2.56299971e-05 4.93323641e-06 1.74060499e-05 4.92049766e-05 3.85742576e-05 1.90761042e-05 5.12220489e-05 4.29968786e-05 1.40789518e-05 5.59238388e-05 6.88796533e-05 9.91260604e-06 4.89325014e-05 1.32850206e-04 3.07504873e-05 2.86473108e-04 4.40286553e-04 1.76114621e-05 2.24064441e-04 4.94310400e-05 4.14007984e-05 4.16488976e-04 6.02703618e-04 1.08824283e-04 3.45176394e-04 1.11694766e-04 3.82909790e-05 8.58514712e-05 4.83331260e-05 1.64653402e-06 4.57325129e-08 3.15986100e-09
 1998 08 12 12 00 00  3.70629808e-03 2.26033419e-03 1.24746084e-03 8.91507699e-04 6.44368272e-04 3.58864697e-04 2.58470454e-04 2.18750925e-04 4.51204549e-04 1.31908169e-04 3.17071051e-03 4.73991074e-03 2.29992754e-04 6.82945492e-05 4.37570357e-05 1.29342535e-04 3.76031094e-05 6.48515299e-05 1.28998811e-04 7.61456671e-05 1.46889348e-04 1.80320978e-04 1.03953051e-04 7.37299581e-05 5.16655236e-06 9.54134521e-06 6.01432112e-06 2.54939755e-05 4.92942891e-06 1.73195906e-05 4.86768854e-05 3.84008134e-05 1.87323676e-05 5.06643881e-05 4.27757914e-05 1.40198797e-05 5.49012055e-05 6.74082228e-05 9.85806546e-06 4.82214732e-05 1.29745190e-04 3.06147151e-05 2.80482831e-04 4.38261016e-04 1.75304406e-05 2.18707943e-04 4.71033360e-05 4.11360088e-05 4.07392690e-04 5.93425528e-04 1.07460832e-04 3.36583390e-04 1.09020569e-04 3.73186309e-05 8.36060328e-05 4.68121531e-05 1.57630282e-06 4.19537486e-08 2.81427273e-09
 1998 08 13 12 00 00  3.69439963e-03 2.25218108e-03 1.24232802e-03 8.87705680e-04 6.41008805e-04 3.57408012e-04 2.57005656e-04 2.17131036e-04 4.46962146e-04 1.30707719e-04 3.13667255e-03 4.67617288e-03 2.28235860e-04 6.78421085e-05 4.34902256e-05 1.28064754e-04 3.72482667e-05 6.39229605e-05 1.27986606e-04 7.56378751e-05 1.44931388e-04 1.77826678e-04 1.02900033e-04 7.31607526e-05 5.14102430e-06 9.38710727e-06 6.00381136e-06 2.53572480e-05 4.91771352e-06 1.72295982e-05 4.81708647e-05 3.82531463e-05 1.84402452e-05 5.00703309e-05 4.20923374e-05 1.39692769e-05 5.39118180e-05 6.60596745e-05 9.72971757e-06 4.73164959e-05 1.26847552e-04 3.01816617e-05 2.74568056e-04 4.31982738e-04 1.72793095e-05 2.12722831e-04 4.51176689e-05 4.02943173e-05 3.97934806e-04 5.83270309e-04 1.05504497e-04 3.26066550e-04 1.02591721e-04 3.49814114e-05 7.82103274e-05 4.31765144e-05 1.40979255e-06 3.30963282e-08 2.00673718e-09
 1998 08 14 12 00 00  3.68081279e-03 2.24329178e-03 1.23669675e-03 8.83454930e-04 6.37210249e-04 3.55709316e-04 2.55322296e-04 2.15279621e-04 4.42115808e-04 1.29423730e-04 3.09775931e-03 4.60181050e-03 2.26298292e-04 6.73968574e-05 4.32044425e-05 1.26622444e-04 3.68329027e-05 6.28379523e-05 1.26970129e-04 7.51840591e-05 1.42649664e-04 1.74914486e-04 1.01683500e-04 7.26375857e-05 5.11115577e-06 9.36911674e-06 5.99154409e-06 2.52133072e-05 4.90717575e-06 1.71304433e-05 4.76036242e-05 3.80803831e-05 1.80982228e-05 4.94961589e-05 4.14779992e-05 1.39102282e-05 5.28121478e-05 6.45246391e-05 9.71472909e-06 4.65347775e-05 1.23565085e-04 2.97940773e-05 2.68594140e-04 4.26341430e-04 1.70536572e-05 2.06338109e-04 4.27964813e-05 3.95406561e-05 3.87513197e-04 5.72626713e-04 1.03514436e-04 3.18918264e-04 1.01971234e-04 3.47555158e-05 7.76872898e-05 4.28060424e-05 1.39153285e-06 3.20281501e-08 1.90691853e-09
 1998 08 15 12 00 00  3.67611170e-03 2.23895487e-03 1.23405984e-03 8.81733812e-04 6.35814665e-04 3.55231253e-04 2.54776470e-04 2.14650519e-04 4.40452685e-04 1.28722230e-04 3.08447780e-03 4.58057076e-03 2.25426368e-04 6.70368747e-05 4.30507890e-05 1.26085777e-04 3.67283763e-05 6.25452842e-05 1.26232136e-04 7.46609119e-05 1.42013960e-04 1.74104923e-04 1.01307963e-04 7.23866892e-05 5.10351238e-06 9.31694813e-06 5.98811166e-06 2.51579754e-05 4.89505292e-06 1.70874005e-05 4.73961393e-05 3.80359706e-05 1.80129879e-05 4.92490274e-05 4.07710730e-05 1.38935095e-05 5.23955598e-05 6.40132670e-05 9.67130036e-06 4.60775216e-05 1.22425271e-04 2.93474848e-05 2.66414292e-04 4.19849172e-04 1.67939669e-05 2.03141148e-04 4.21805977e-05 3.86723841e-05 3.82934015e-04 5.67584183e-04 1.02135483e-04 3.15514665e-04 9.98969037e-05 3.40011455e-05 7.59445615e-05 4.16178104e-05 1.33611156e-06 2.90050231e-08 1.62941483e-09
 1998 08 16 12 00 00  3.67251271e-03 2.23690335e-03 1.23273485e-03 8.80709494e-04 6.34887965e-04 3.54762482e-04 2.54330450e-04 2.14169685e-04 4.39180512e-04 1.28449472e-04 3.07421668e-03 4.55933139e-03 2.24969407e-04 6.69834550e-05 4.29916598e-05 1.25736933e-04 3.66257911e-05 6.22550026e-05 1.26107526e-04 7.46503007e-05 1.41383324e-04 1.73298440e-04 1.00980918e-04 7.22923683e-05 5.09599085e-06 9.35099379e-06 5.98469087e-06 2.51289068e-05 4.89436970e-06 1.70672214e-05 4.72642029e-05 3.79922421e-05 1.79294671e-05 4.91348085e-05 4.07338259e-05 1.38768111e-05 5.21338246e-05 6.36277919e-05 9.69960529e-06 4.59642606e-05 1.21626955e-04 2.93348043e-05 2.65090407e-04 4.19520701e-04 1.67808281e-05 2.01852878e-04 4.15712013e-05 3.86454427e-05 3.80714737e-04 5.65492452e-04 1.01850748e-04 3.15029997e-04 1.01501451e-04 3.45840304e-05 7.72880112e-05 4.24971587e-05 1.37453255e-06 3.09099505e-08 1.79960100e-09
 1998 08 17 12 00 00  3.67209513e-03 2.23589388e-03 1.23216035e-03 8.80461065e-04 6.34764877e-04 3.54779948e-04 2.54306070e-04 2.14127832e-04 4.39049224e-04 1.28263507e-04 3.07319005e-03 4.55934182e-03 2.24797216e-04 6.68589452e-05 4.29529549e-05 1.25687280e-04 3.66481254e-05 6.22823834e-05 1.25882930e-04 7.44360324e-05 1.41411149e-04 1.73333937e-04 1.00974502e-04 7.22600957e-05 5.09739693e-06 9.35049320e-06 5.98480656e-06 2.51272220e-05 4.88915175e-06 1.70619014e-05 4.72522488e-05 3.80000623e-05 1.79491733e-05 4.91116432e-05 4.04310529e-05 1.38770542e-05 5.20948100e-05 6.36110839e-05 9.69916946e-06 4.58749744e-05 1.21574502e-04 2.91498000e-05 2.65043209e-04 4.16748002e-04 1.66699201e-05 2.01201684e-04 4.16458817e-05 3.82844271e-05 3.80041491e-04 5.64674138e-04 1.01437088e-04 3.15323455e-04 1.01622456e-04 3.46276754e-05 7.73870910e-05 4.25441292e-05 1.37526657e-06 3.08427758e-08 1.79080963e-09
 1998 08 18 12 00 00  3.67340710e-03 2.23570013e-03 1.23213013e-03 8.80688035e-04 6.35100629e-04 3.55040581e-04 2.54504519e-04 2.14323631e-04 4.39537147e-04 1.28176150e-04 3.07715618e-03 4.56997566e-03 2.24820610e-04 6.67383977e-05 4.29366517e-05 1.25810053e-04 3.67319415e-05 6.24673907e-05 1.25686727e-04 7.41862052e-05 1.41766106e-04 1.73788869e-04 1.01133879e-04 7.22448618e-05 5.10320497e-06 9.29690141e-06 5.98668594e-06 2.51391860e-05 4.88314690e-06 1.70667283e-05 4.73073185e-05 3.80333106e-05 1.80196381e-05 4.91221428e-05 4.00821707e-05 1.38857562e-05 5.21808476e-05 6.37907458e-05 9.65456202e-06 4.57798018e-05 1.21929933e-04 2.89347518e-05 2.65498532e-04 4.13550655e-04 1.65420262e-05 2.01076110e-04 4.20593511e-05 3.78651894e-05 3.80428890e-04 5.64710231e-04 1.01098205e-04 3.14875335e-04 9.94601114e-05 3.38413774e-05 7.55709894e-05 4.13104719e-05 1.31805196e-06 2.77457865e-08 1.50711212e-09
 1998 08 19 12 00 00  3.67029427e-03 2.23467344e-03 1.23139197e-03 8.79967199e-04 6.34371670e-04 3.54574221e-04 2.54100631e-04 2.13905640e-04 4.38433395e-04 1.28094687e-04 3.06821145e-03 4.54873629e-03 2.24547134e-04 6.68182036e-05 4.29186930e-05 1.25540627e-04 3.66283901e-05 6.21759216e-05 1.25820542e-04 7.43995712e-05 1.41133953e-04 1.72980854e-04 1.00827260e-04 7.21786266e-05 5.09562269e-06 9.31283867e-06 5.98325933e-06 2.51174254e-05 4.88762416e-06 1.70562935e-05 4.72071465e-05 3.79892444e-05 1.79352617e-05 4.90312001e-05 4.03460494e-05 1.38690491e-05 5.19805730e-05 6.34553611e-05 9.66781736e-06 4.57435183e-05 1.21270088e-04 2.91130331e-05 2.64258707e-04 4.15988526e-04 1.66395410e-05 2.00587214e-04 4.14467184e-05 3.82093654e-05 3.79221877e-04 5.63714212e-04 1.01287850e-04 3.13795242e-04 1.00175929e-04 3.41014887e-05 7.61708774e-05 4.17074905e-05 1.33572064e-06 2.86471007e-08 1.58831703e-09
 1998 08 20 12 00 00  3.67786049e-03 2.23917027e-03 1.23428071e-03 8.82288686e-04 6.36522145e-04 3.55569008e-04 2.55060624e-04 2.14953673e-04 4.41151477e-04 1.28722817e-04 3.09004634e-03 4.59124185e-03 2.25561024e-04 6.70056149e-05 4.30609949e-05 1.26356440e-04 3.68937588e-05 6.28302689e-05 1.26293963e-04 7.45398575e-05 1.42474372e-04 1.74689495e-04 1.01528416e-04 7.25082728e-05 5.11445469e-06 9.38329467e-06 5.99041450e-06 2.52074054e-05 4.89053782e-06 1.71129135e-05 4.75402461e-05 3.80977726e-05 1.81554264e-05 4.93902097e-05 4.05179628e-05 1.39030977e-05 5.26093608e-05 6.43497004e-05 9.72643611e-06 4.62254868e-05 1.23181790e-04 2.92300043e-05 2.68044154e-04 4.17577819e-04 1.67031128e-05 2.04004888e-04 4.28668078e-05 3.84350191e-05 3.85018156e-04 5.69737722e-04 1.02224533e-04 3.20158993e-04 1.03197053e-04 3.51996172e-05 7.87050123e-05 4.34032255e-05 1.41254100e-06 3.26703102e-08 1.95352783e-09
 1998 08 21 12 00 00  3.68333089e-03 2.24210138e-03 1.23619447e-03 8.83902597e-04 6.38054930e-04 3.56315924e-04 2.55763790e-04 2.15714012e-04 4.43119711e-04 1.29111530e-04 3.10587702e-03 4.62312214e-03 2.26242709e-04 6.70884647e-05 4.31498844e-05 1.26936171e-04 3.70952126e-05 6.33240154e-05 1.26535676e-04 7.45478086e-05 1.43478688e-04 1.75974843e-04 1.02046738e-04 7.26278412e-05 5.12873121e-06 9.28191148e-06 5.99579362e-06 2.52617480e-05 4.89049162e-06 1.71515470e-05 4.77736813e-05 3.81800201e-05 1.83226963e-05 4.95520639e-05 4.05166385e-05 1.39286596e-05 5.30396806e-05 6.49936667e-05 9.64208084e-06 4.63415294e-05 1.24548361e-04 2.92348850e-05 2.70034608e-04 4.17572849e-04 1.67029140e-05 2.06128747e-04 4.39400086e-05 3.84433020e-05 3.88955047e-04 5.73301907e-04 1.02724697e-04 3.20060859e-04 9.88851627e-05 3.36322311e-05 7.50875662e-05 4.09777825e-05 1.30231682e-06 2.68714260e-08 1.42645860e-09
 1998 08 22 12 00 00  3.69774089e-03 2.25250997e-03 1.24270347e-03 8.88692078e-04 6.42272235e-04 3.58049793e-04 2.57538932e-04 2.17693970e-04 4.48277874e-04 1.30684421e-04 3.14719808e-03 4.69749831e-03 2.28469296e-04 6.77486442e-05 4.35015887e-05 1.28545954e-04 3.75431002e-05 6.44489017e-05 1.28008153e-04 7.53535423e-05 1.45800941e-04 1.78938739e-04 1.03315585e-04 7.32119660e-05 5.16064756e-06 9.27835208e-06 6.00823078e-06 2.54278880e-05 4.90843086e-06 1.72722029e-05 4.84173681e-05 3.83641658e-05 1.86934223e-05 5.01834563e-05 4.15670656e-05 1.39880634e-05 5.42683301e-05 6.66576984e-05 9.63911370e-06 4.72656790e-05 1.28176512e-04 2.99166568e-05 2.76363924e-04 4.27242485e-04 1.70896994e-05 2.13949430e-04 4.63699806e-05 3.97649826e-05 4.01425246e-04 5.86138423e-04 1.05524735e-04 3.27186128e-04 9.87726069e-05 3.35912262e-05 7.49924807e-05 4.09087194e-05 1.29879641e-06 2.66573743e-08 1.40627092e-09
 1998 08 23 12 00 00  3.71254584e-03 2.26374390e-03 1.24968661e-03 8.93731810e-04 6.46656795e-04 3.59785513e-04 2.59349422e-04 2.19726988e-04 4.53576766e-04 1.32412359e-04 3.18959710e-03 4.77187522e-03 2.30846102e-04 6.85210312e-05 4.38878712e-05 1.30222630e-04 3.79900186e-05 6.55725948e-05 1.29706050e-04 7.63467862e-05 1.48119134e-04 1.81901100e-04 1.04600950e-04 7.37462015e-05 5.19250243e-06 9.15763740e-06 6.02066175e-06 2.55934141e-05 4.93050065e-06 1.74008585e-05 4.90815601e-05 3.85479769e-05 1.90632927e-05 5.07728474e-05 4.28596279e-05 1.40474571e-05 5.55355290e-05 6.83573982e-05 9.53866256e-06 4.81197941e-05 1.31908619e-04 3.07567330e-05 2.82237263e-04 4.39142459e-04 1.75656984e-05 2.22353034e-04 4.87967045e-05 4.13933158e-05 4.14732345e-04 5.99567050e-04 1.08722196e-04 3.30713832e-04 9.37293680e-05 3.17577749e-05 7.07599151e-05 3.80584291e-05 1.16837108e-06 1.97281921e-08 7.74752884e-10
 1998 08 24 12 00 00  3.72317011e-03 2.26908058e-03 1.25320779e-03 8.96745249e-04 6.49537908e-04 3.61257734e-04 2.60714869e-04 2.21192007e-04 4.57385502e-04 1.33088017e-04 3.22028470e-03 4.83562574e-03 2.32103802e-04 6.86059386e-05 4.40410315e-05 1.31308546e-04 3.83715669e-05 6.65338885e-05 1.30006613e-04 7.62332173e-05 1.50104839e-04 1.84437834e-04 1.05612893e-04 7.40652241e-05 5.21971124e-06 9.10788949e-06 6.03130902e-06 2.57006074e-05 4.92792897e-06 1.74685390e-05 4.95182218e-05 3.87049949e-05 1.93789791e-05 5.11595704e-05 4.27093270e-05 1.40983509e-05 5.63557981e-05 6.95917571e-05 9.49726091e-06 4.84892042e-05 1.34493646e-04 3.06602771e-05 2.86774251e-04 4.37760296e-04 1.75104118e-05 2.26125456e-04 5.08716563e-05 4.12061141e-05 4.21728180e-04 6.06226888e-04 1.09406559e-04 3.35080386e-04 9.16850327e-05 3.10144813e-05 6.90436031e-05 3.68978944e-05 1.11492749e-06 1.68634120e-08 5.13020026e-10
 1998 08 25 12 00 00  3.73596283e-03 2.27617513e-03 1.25781298e-03 9.00507795e-04 6.53051987e-04 3.62972171e-04 2.62339832e-04 2.22950422e-04 4.61965208e-04 1.34038230e-04 3.25714065e-03 4.90999892e-03 2.33725554e-04 6.88184946e-05 4.42548046e-05 1.32636727e-04 3.88102373e-05 6.76474825e-05 1.30577579e-04 7.62922922e-05 1.52414542e-04 1.87387099e-04 1.06807278e-04 7.44978985e-05 5.25104733e-06 9.08883667e-06 6.04369816e-06 2.58337447e-05 4.92932559e-06 1.75547171e-05 5.00500946e-05 3.88859160e-05 1.97415677e-05 5.16609051e-05 4.27905878e-05 1.41576529e-05 5.73643446e-05 7.10685426e-05 9.48141023e-06 4.90543604e-05 1.37610521e-04 3.07109352e-05 2.92381352e-04 4.38505667e-04 1.75402267e-05 2.31204590e-04 5.32708014e-05 4.13047412e-05 4.30674007e-04 6.15022948e-04 1.10600409e-04 3.41310395e-04 9.08557626e-05 3.07130846e-05 6.83482149e-05 3.64342342e-05 1.09404275e-06 1.57787346e-08 4.14789136e-10
 1998 08 26 12 00 00  3.74478904e-03 2.28061171e-03 1.26073928e-03 9.02995954e-04 6.55422796e-04 3.64192331e-04 2.63470795e-04 2.24162671e-04 4.65123269e-04 1.34597989e-04 3.28259977e-03 4.96312045e-03 2.34767672e-04 6.88832298e-05 4.43806999e-05 1.33529757e-04 3.91210662e-05 6.84398285e-05 1.30807381e-04 7.61897420e-05 1.54063248e-04 1.89489706e-04 1.07645683e-04 7.48409294e-05 5.27327211e-06 9.16084318e-06 6.05253408e-06 2.59280213e-05 4.92718755e-06 1.76094978e-05 5.04112948e-05 3.90142726e-05 1.99983522e-05 5.20469926e-05 4.26644925e-05 1.41999859e-05 5.80512898e-05 7.20907749e-05 9.54133138e-06 4.95046773e-05 1.39743847e-04 3.06253642e-05 2.96695315e-04 4.37340216e-04 1.74936086e-05 2.34361305e-04 5.49760996e-05 4.11396206e-05 4.36373486e-04 6.20790837e-04 1.11140273e-04 3.48337906e-04 9.38541320e-05 3.18031527e-05 7.08647821e-05 3.81303270e-05 1.17175268e-06 1.99147262e-08 7.91926169e-10
 1998 08 27 12 00 00  3.75218644e-03 2.28489773e-03 1.26350183e-03 9.05194742e-04 6.57447406e-04 3.65165644e-04 2.64402343e-04 2.25173736e-04 4.67764274e-04 1.35183026e-04 3.30385672e-03 5.00561595e-03 2.35731989e-04 6.90305988e-05 4.45109803e-05 1.34295558e-04 3.93641036e-05 6.90668123e-05 1.31175846e-04 7.62692187e-05 1.55377238e-04 1.91162865e-04 1.08327987e-04 7.51973104e-05 5.29069875e-06 9.29410962e-06 6.05957393e-06 2.60130028e-05 4.92921063e-06 1.76593923e-05 5.07206972e-05 3.91149806e-05 2.01988136e-05 5.24241163e-05 4.27813968e-05 1.42337914e-05 5.86489190e-05 7.29415426e-05 9.65222789e-06 5.00347721e-05 1.41539289e-04 3.06947099e-05 3.00628510e-04 4.38408237e-04 1.75363295e-05 2.37488086e-04 5.63215173e-05 4.12753929e-05 4.41592778e-04 6.26403951e-04 1.11905146e-04 3.56291662e-04 9.94241371e-05 3.38281032e-05 7.55393909e-05 4.12779696e-05 1.31576039e-06 2.75637049e-08 1.48900066e-09
 1998 08 28 12 00 00  3.75388462e-03 2.28570808e-03 1.26404060e-03 9.05642800e-04 6.57868874e-04 3.65400201e-04 2.64616588e-04 2.25400798e-04 4.68364400e-04 1.35278948e-04 3.30871373e-03 5.01623601e-03 2.35921370e-04 6.90278868e-05 4.45314780e-05 1.34453246e-04 3.94163711e-05 6.92131405e-05 1.31179550e-04 7.62252603e-05 1.55696299e-04 1.91567652e-04 1.08487647e-04 7.53071604e-05 5.29452045e-06 9.37701770e-06 6.06128960e-06 2.60324259e-05 4.92847139e-06 1.76675233e-05 5.07842046e-05 3.91371868e-05 2.02414318e-05 5.25343011e-05 4.27366467e-05 1.42421501e-05 5.87777697e-05 7.31295379e-05 9.72122871e-06 5.02004712e-05 1.41920403e-04 3.06595000e-05 3.01767009e-04 4.37988559e-04 1.75195424e-05 2.38030254e-04 5.66294650e-05 4.12084046e-05 4.42493060e-04 6.27518311e-04 1.11944417e-04 3.59637103e-04 1.02821400e-04 3.50633265e-05 7.83917252e-05 4.32080320e-05 1.40474010e-06 3.23406972e-08 1.92562055e-09
 1998 08 29 12 00 00  3.76106830e-03 2.28959308e-03 1.26657251e-03 9.07704260e-04 6.59789696e-04 3.66364597e-04 2.65525187e-04 2.26379944e-04 4.70927179e-04 1.35788421e-04 3.32935237e-03 5.05872704e-03 2.36811176e-04 6.91218788e-05 4.46453259e-05 1.35177362e-04 3.96511517e-05 6.98300079e-05 1.31439721e-04 7.62166514e-05 1.56998730e-04 1.93227683e-04 1.09156477e-04 7.56122296e-05 5.31142650e-06 9.46622458e-06 6.06828653e-06 2.61085629e-05 4.92852123e-06 1.77119328e-05 5.10710451e-05 3.92350077e-05 2.04346099e-05 5.28670968e-05 4.27380612e-05 1.42758654e-05 5.93364876e-05 7.39447642e-05 9.79546749e-06 5.06289269e-05 1.43623017e-04 3.06542090e-05 3.05355241e-04 4.37993798e-04 1.75197519e-05 2.40752628e-04 5.79472806e-05 4.11994231e-05 4.47192656e-04 6.32421155e-04 1.12506679e-04 3.66062274e-04 1.06502785e-04 3.64017897e-05 8.14821374e-05 4.52955110e-05 1.50071390e-06 3.74735990e-08 2.39428317e-09
 1998 08 30 12 00 00  3.76244512e-03 2.29253886e-03 1.26826037e-03 9.08564807e-04 6.60340816e-04 3.66362964e-04 2.65641355e-04 2.26556075e-04 4.71404893e-04 1.36338885e-04 3.33305118e-03 5.05872183e-03 2.37338981e-04 6.95100154e-05 4.47652017e-05 1.35398349e-04 3.96390154e-05 6.98151242e-05 1.32202377e-04 7.68694445e-05 1.56991626e-04 1.93208392e-04 1.09209509e-04 7.59392955e-05 5.31066289e-06 9.76161755e-06 6.06822323e-06 2.61497127e-05 4.94337146e-06 1.77383820e-05 5.11612334e-05 3.92307644e-05 2.04238982e-05 5.31415952e-05 4.36056725e-05 1.42757330e-05 5.95393232e-05 7.40929732e-05 1.00412602e-05 5.13048771e-05 1.44020288e-04 3.12091899e-05 3.07308733e-04 4.45970352e-04 1.78388141e-05 2.43229030e-04 5.79066982e-05 4.22769779e-05 4.50000842e-04 6.36562909e-04 1.13872710e-04 3.75339091e-04 1.18943849e-04 4.09244487e-05 9.19216185e-05 5.23117234e-05 1.82076737e-06 5.44023678e-08 3.93526953e-09
 1998 08 31 12 00 00  3.76030110e-03 2.29092826e-03 1.26725761e-03 9.07820565e-04 6.59681388e-04 3.66106802e-04 2.65374982e-04 2.26256299e-04 4.70631235e-04 1.36089661e-04 3.32686976e-03 5.04809245e-03 2.36994179e-04 6.93947786e-05 4.47086281e-05 1.35145715e-04 3.95663636e-05 6.96438074e-05 1.31942145e-04 7.67216668e-05 1.56653415e-04 1.92771202e-04 1.09020069e-04 7.59703591e-05 5.30555699e-06 9.93480207e-06 6.06640169e-06 2.61333514e-05 4.94025298e-06 1.77181313e-05 5.10631773e-05 3.92014219e-05 2.03632895e-05 5.31465537e-05 4.34219866e-05 1.42671546e-05 5.93646017e-05 7.38436901e-05 1.01853686e-05 5.13813134e-05 1.43464724e-04 3.10855656e-05 3.07209622e-04 4.44273912e-04 1.77709565e-05 2.42063575e-04 5.75305661e-05 4.20382246e-05 4.47953813e-04 6.34982053e-04 1.13386751e-04 3.79573258e-04 1.26216176e-04 4.35681864e-05 9.80243054e-05 5.64162387e-05 2.00821448e-06 6.43332498e-08 4.83966218e-09
 1998 09 01 12 00 00  3.74665771e-03 2.28209905e-03 1.26165474e-03 9.03514894e-04 6.55791464e-04 3.64381661e-04 2.63669915e-04 2.24379621e-04 4.65744136e-04 1.34812754e-04 3.28765617e-03 4.97371815e-03 2.35053874e-04 6.89442623e-05 4.44216040e-05 1.33667217e-04 3.91223584e-05 6.85236824e-05 1.30885649e-04 7.62665644e-05 1.54336437e-04 1.89813482e-04 1.07786251e-04 7.54560227e-05 5.27388547e-06 9.94322618e-06 6.05398527e-06 2.59824454e-05 4.93022017e-06 1.76136703e-05 5.04734952e-05 3.90186324e-05 1.99959890e-05 5.25745466e-05 4.28338768e-05 1.42077901e-05 5.82400335e-05 7.22674157e-05 1.01923892e-05 5.06234214e-05 1.40076105e-04 3.07013019e-05 3.01208616e-04 4.38856928e-04 1.75542771e-05 2.35538524e-04 5.51135861e-05 4.12938156e-05 4.37138278e-04 6.24035272e-04 1.11339773e-04 3.72744092e-04 1.26505746e-04 4.36736109e-05 9.82684243e-05 5.65893168e-05 2.01675705e-06 6.48338016e-08 4.88645640e-09
 1998 09 02 12 00 00  3.73258165e-03 2.27236544e-03 1.25553246e-03 8.98935417e-04 6.51718873e-04 3.62654408e-04 2.61926200e-04 2.22444991e-04 4.60703230e-04 1.33366040e-04 3.24726214e-03 4.89934273e-03 2.32949190e-04 6.83712978e-05 4.40968362e-05 1.32115633e-04 3.86793225e-05 6.74047391e-05 1.29582253e-04 7.56067224e-05 1.52018593e-04 1.86857285e-04 1.06534285e-04 7.48519931e-05 5.24227471e-06 9.87809908e-06 6.04157431e-06 2.58190356e-05 4.91565843e-06 1.75004451e-05 4.98549595e-05 3.88361805e-05 1.96295456e-05 5.19265629e-05 4.19804303e-05 1.41484401e-05 5.70519608e-05 7.06417762e-05 1.01382160e-05 4.96779165e-05 1.36554722e-04 3.01440450e-05 2.94678601e-04 4.30996386e-04 1.72398555e-05 2.28241363e-04 5.26998367e-05 4.02142032e-05 4.25406839e-04 6.11813971e-04 1.08858751e-04 3.63516601e-04 1.23632234e-04 4.26293265e-05 9.58594754e-05 5.49883271e-05 1.94502018e-06 6.11367753e-08 4.55238407e-09
 1998 09 03 12 00 00  3.72065623e-03 2.26431445e-03 1.25045257e-03 8.95098648e-04 6.48287182e-04 3.61174557e-04 2.60444079e-04 2.20805492e-04 4.56432231e-04 1.32180861e-04 3.21301990e-03 4.83559258e-03 2.31198316e-04 6.79198467e-05 4.38306871e-05 1.30809339e-04 3.82992323e-05 6.64452207e-05 1.28544882e-04 7.51074404e-05 1.50031119e-04 1.84322856e-04 1.05467017e-04 7.43356657e-05 5.21515794e-06 9.80754485e-06 6.03093431e-06 2.56804924e-05 4.90463935e-06 1.74062233e-05 4.93328660e-05 3.86796746e-05 1.93151427e-05 5.13724134e-05 4.13345988e-05 1.40975622e-05 5.60500519e-05 6.92623335e-05 1.00795238e-05 4.88776354e-05 1.33575627e-04 2.97223713e-05 2.89056194e-04 4.25048146e-04 1.70019258e-05 2.22210510e-04 5.06297511e-05 3.93972616e-05 4.15647225e-04 6.01630619e-04 1.06872652e-04 3.55169261e-04 1.20552772e-04 4.15101196e-05 9.32773211e-05 5.32678048e-05 1.86760633e-06 5.71226096e-08 4.18901749e-09
 1998 09 04 12 00 00  3.72089851e-03 2.26486127e-03 1.25076498e-03 8.95247090e-04 6.48373483e-04 3.61170040e-04 2.60461872e-04 2.20833697e-04 4.56513123e-04 1.32282424e-04 3.21364724e-03 4.83558998e-03 2.31294249e-04 6.79900302e-05 4.38524192e-05 1.30844010e-04 3.82924365e-05 6.64369029e-05 1.28676835e-04 7.52266147e-05 1.50019305e-04 1.84312065e-04 1.05473935e-04 7.42607503e-05 5.21473012e-06 9.67536689e-06 6.03089866e-06 2.56744832e-05 4.90742641e-06 1.74102071e-05 4.93398857e-05 3.86772968e-05 1.93091473e-05 5.13078759e-05 4.14969836e-05 1.40974895e-05 5.60631290e-05 6.92731880e-05 9.96955059e-06 4.87556491e-05 1.33613584e-04 2.98243249e-05 2.88439373e-04 4.26538620e-04 1.70615448e-05 2.22514217e-04 5.06070326e-05 3.95956158e-05 4.16097503e-04 6.01747945e-04 1.07113416e-04 3.50941445e-04 1.14899423e-04 3.94551864e-05 8.85350044e-05 5.00924934e-05 1.72361692e-06 4.95709287e-08 3.50323290e-09
 1998 09 05 12 00 00  3.72783701e-03 2.27096973e-03 1.25449828e-03 8.97775153e-04 6.50480818e-04 3.61909774e-04 2.61285597e-04 2.21778442e-04 4.58987002e-04 1.33264156e-04 3.23339280e-03 4.86746132e-03 2.32542805e-04 6.84895144e-05 4.40700551e-05 1.31654174e-04 3.84749554e-05 6.69074361e-05 1.29730162e-04 7.59366783e-05 1.51002234e-04 1.85567323e-04 1.06045707e-04 7.45529312e-05 5.22781484e-06 9.64285719e-06 6.03617991e-06 2.57550921e-05 4.92343570e-06 1.74761922e-05 4.96577077e-05 3.87529144e-05 1.94597073e-05 5.16122395e-05 4.24331694e-05 1.41228462e-05 5.66797008e-05 7.00552284e-05 9.94250222e-06 4.92719428e-05 1.35362107e-04 3.04268033e-05 2.91229539e-04 4.35150175e-04 1.74060070e-05 2.27103497e-04 5.16169122e-05 4.07646352e-05 4.22973920e-04 6.08919909e-04 1.09071769e-04 3.53013028e-04 1.13515631e-04 3.89521756e-05 8.73740990e-05 4.93142838e-05 1.68826282e-06 4.77118334e-08 3.33427934e-09
 1998 09 06 12 00 00  3.73766532e-03 2.27749106e-03 1.25862221e-03 9.00898752e-04 6.53278753e-04 3.63136397e-04 2.62507070e-04 2.23125944e-04 4.62502470e-04 1.34215570e-04 3.26159540e-03 4.92058285e-03 2.33964585e-04 6.88372311e-05 4.42831523e-05 1.32718110e-04 3.87853011e-05 6.76991767e-05 1.30531053e-04 7.63068383e-05 1.52651970e-04 1.87669157e-04 1.06927053e-04 7.50166786e-05 5.25000942e-06 9.76338342e-06 6.04501365e-06 2.58708472e-05 4.93172520e-06 1.75515317e-05 5.00833343e-05 3.88810993e-05 1.97160611e-05 5.21011042e-05 4.29182372e-05 1.41651733e-05 5.75022529e-05 7.11878721e-05 1.00427846e-05 4.99967615e-05 1.37797250e-04 3.07404087e-05 2.96157417e-04 4.39613941e-04 1.75845576e-05 2.31972269e-04 5.33205806e-05 4.13728470e-05 4.30811864e-04 6.17275379e-04 1.10617013e-04 3.61764132e-04 1.18635112e-04 4.08131384e-05 9.16691813e-05 5.21949659e-05 1.81923949e-06 5.46073480e-08 3.96114608e-09
 1998 09 07 12 00 00  3.74000156e-03 2.27953158e-03 1.25987084e-03 9.01761395e-04 6.54008413e-04 3.63389492e-04 2.62787958e-04 2.23448581e-04 4.63340989e-04 1.34544784e-04 3.26827820e-03 4.93121073e-03 2.34385214e-04 6.90082022e-05 4.43569718e-05 1.32998930e-04 3.88531043e-05 6.78645680e-05 1.30898381e-04 7.65490404e-05 1.52985000e-04 1.88098668e-04 1.07122272e-04 7.50235299e-05 5.25480900e-06 9.62131235e-06 6.04680972e-06 2.58914668e-05 4.93702973e-06 1.75750286e-05 5.01913032e-05 3.89087450e-05 1.97723944e-05 5.21273935e-05 4.32294124e-05 1.41737022e-05 5.77019454e-05 7.14533641e-05 9.92456698e-06 5.00017192e-05 1.38397385e-04 3.09446274e-05 2.96462018e-04 4.42481206e-04 1.76992482e-05 2.33469907e-04 5.36805019e-05 4.17682837e-05 4.33222401e-04 6.19377828e-04 1.11294790e-04 3.58463840e-04 1.12662492e-04 3.86419064e-05 8.66572785e-05 4.88250257e-05 1.66540639e-06 4.64623753e-08 3.21952172e-09
 1998 09 08 12 00 00  3.73747468e-03 2.27979604e-03 1.25987173e-03 9.01403818e-04 6.53501177e-04 3.62916553e-04 2.62430164e-04 2.23102273e-04 4.62437271e-04 1.34704035e-04 3.26087794e-03 4.90996614e-03 2.34340964e-04 6.92569698e-05 4.43912500e-05 1.32818418e-04 3.87378997e-05 6.75588206e-05 1.31359225e-04 7.70478218e-05 1.52337768e-04 1.87272119e-04 1.06834867e-04 7.49863199e-05 5.24649367e-06 9.60947291e-06 6.04332308e-06 2.58755478e-05 4.94805245e-06 1.75749504e-05 5.01197411e-05 3.88605957e-05 1.96777328e-05 5.20589742e-05 4.38753399e-05 1.41568686e-05 5.75671833e-05 7.11652071e-05 9.91470297e-06 5.00537926e-05 1.37872231e-04 3.13659897e-05 2.95239173e-04 4.48429894e-04 1.79371958e-05 2.33920096e-04 5.30288962e-05 4.25846956e-05 4.33154297e-04 6.19622272e-04 1.12069883e-04 3.56500145e-04 1.12248268e-04 3.84911213e-05 8.63082359e-05 4.85787807e-05 1.65333659e-06 4.57609758e-08 3.15408393e-09
 1998 09 09 12 00 00  3.72766642e-03 2.27324383e-03 1.25573212e-03 8.98299838e-04 6.50738071e-04 3.61701059e-04 2.61217144e-04 2.21764273e-04 4.58936374e-04 1.33748279e-04 3.23278886e-03 4.85684909e-03 2.32918549e-04 6.89091746e-05 4.41779972e-05 1.31768348e-04 3.84396844e-05 6.67819229e-05 1.30568460e-04 7.66747224e-05 1.50704279e-04 1.85189529e-04 1.05960653e-04 7.45559113e-05 5.22506270e-06 9.52974515e-06 6.03455228e-06 2.57660161e-05 4.93953085e-06 1.75017443e-05 4.97056045e-05 3.87366599e-05 1.94320819e-05 5.16002333e-05 4.33777197e-05 1.41146709e-05 5.67602970e-05 7.00521336e-05 9.84835133e-06 4.93863713e-05 1.35485287e-04 3.10485193e-05 2.90586165e-04 4.43855981e-04 1.77542392e-05 2.29138363e-04 5.13657753e-05 4.19681164e-05 4.25469877e-04 6.11542998e-04 1.10541161e-04 3.49265070e-04 1.08976219e-04 3.73014373e-05 8.35611276e-05 4.67206440e-05 1.56772476e-06 4.11686592e-08 2.73443970e-09
 1998 09 10 12 00 00  3.71801085e-03 2.26697189e-03 1.25175443e-03 8.95295804e-04 6.48053036e-04 3.60492352e-04 2.60021273e-04 2.20450215e-04 4.55493376e-04 1.32845816e-04 3.20514738e-03 4.80373576e-03 2.31549510e-04 6.86009833e-05 4.39768920e-05 1.30749499e-04 3.81477817e-05 6.60127844e-05 1.29861618e-04 7.63664080e-05 1.49078405e-04 1.83117002e-04 1.05096291e-04 7.41294232e-05 5.20402864e-06 9.43482955e-06 6.02581458e-06 2.56599504e-05 4.93237421e-06 1.74325616e-05 4.93055930e-05 3.86149302e-05 1.91920044e-05 5.11457145e-05 4.29604406e-05 1.40725446e-05 5.59764062e-05 6.89628027e-05 9.76934316e-06 4.87316059e-05 1.33162355e-04 3.07852199e-05 2.85943035e-04 4.40024171e-04 1.76009668e-05 2.24616304e-04 4.97237896e-05 4.14561306e-05 4.18167372e-04 6.03840565e-04 1.09162158e-04 3.41747587e-04 1.05187377e-04 3.59235884e-05 8.03782405e-05 4.45526496e-05 1.46675939e-06 3.56725053e-08 2.23020482e-09
 1998 09 11 12 00 00  3.70861021e-03 2.26117866e-03 1.24805303e-03 8.92457752e-04 6.45494607e-04 3.59293323e-04 2.58853063e-04 2.19175160e-04 4.52146019e-04 1.32034182e-04 3.17824489e-03 4.75062579e-03 2.30270853e-04 6.83598837e-05 4.37963820e-05 1.29781297e-04 3.78646189e-05 6.52543444e-05 1.29296031e-04 7.61683215e-05 1.47464250e-04 1.81058357e-04 1.04247434e-04 7.37449609e-05 5.18354500e-06 9.36594952e-06 6.01712236e-06 2.55625385e-05 4.92755971e-06 1.73698454e-05 4.89293129e-05 3.84962623e-05 1.89596365e-05 5.07282483e-05 4.26810206e-05 1.40305128e-05 5.52349402e-05 6.79133783e-05 9.71199115e-06 4.81638557e-05 1.30945252e-04 3.06142552e-05 2.81569920e-04 4.37465049e-04 1.74986019e-05 2.20557674e-04 4.81110183e-05 4.11225657e-05 4.11486712e-04 5.96907519e-04 1.08034092e-04 3.35227973e-04 1.02551174e-04 3.49646198e-05 7.81615869e-05 4.30263078e-05 1.39450822e-06 3.16533502e-08 1.85936173e-09
 1998 09 12 12 00 00  3.70063839e-03 2.25553575e-03 1.24451531e-03 8.89909322e-04 6.43282718e-04 3.58341142e-04 2.57884334e-04 2.18101401e-04 4.49315902e-04 1.31197265e-04 3.15554535e-03 4.70814258e-03 2.29070065e-04 6.80363547e-05 4.36115465e-05 1.28940464e-04 3.76492535e-05 6.46612782e-05 1.28593204e-04 7.57884816e-05 1.46186617e-04 1.79429169e-04 1.03554684e-04 7.33975055e-05 5.16786131e-06 9.30607421e-06 6.01022621e-06 2.54790178e-05 4.91858118e-06 1.73120222e-05 4.86068668e-05 3.84052342e-05 1.87835933e-05 5.03623307e-05 4.21585166e-05 1.39970085e-05 5.45901377e-05 6.70390042e-05 9.66212247e-06 4.76085981e-05 1.29072655e-04 3.02885426e-05 2.77935167e-04 4.32671961e-04 1.73068784e-05 2.16575693e-04 4.68581187e-05 4.04883875e-05 4.05287157e-04 5.90349265e-04 1.06681655e-04 3.30006070e-04 1.00348009e-04 3.41629429e-05 7.63073634e-05 4.17361153e-05 1.33249533e-06 2.81355454e-08 1.53314108e-09
 1998 09 13 12 00 00  3.68916708e-03 2.24818216e-03 1.23984343e-03 8.86384268e-04 6.40134548e-04 3.56901457e-04 2.56465884e-04 2.16546525e-04 4.45232688e-04 1.30148220e-04 3.12274573e-03 4.64441143e-03 2.27463526e-04 6.76943165e-05 4.33786532e-05 1.27747300e-04 3.73099436e-05 6.37517602e-05 1.27811343e-04 7.54622335e-05 1.44250152e-04 1.76959573e-04 1.02528101e-04 7.29193433e-05 5.14331114e-06 9.22383624e-06 5.99979685e-06 2.53588103e-05 4.91078245e-06 1.72329445e-05 4.81429274e-05 3.82630009e-05 1.85051831e-05 4.98475849e-05 4.17051866e-05 1.39465745e-05 5.36756421e-05 6.57597437e-05 9.59366735e-06 4.68865625e-05 1.26357206e-04 3.00080632e-05 2.72621982e-04 4.28516068e-04 1.71406427e-05 2.11386942e-04 4.49244253e-05 3.99418263e-05 3.96872583e-04 5.81572047e-04 1.05140611e-04 3.22077318e-04 9.70750909e-05 3.29726894e-05 7.35577095e-05 3.98617882e-05 1.24510541e-06 2.33709521e-08 1.09583942e-09
 1998 09 14 12 00 00  3.68094141e-03 2.24202593e-03 1.23601046e-03 8.83673634e-04 6.37809290e-04 3.55945342e-04 2.55472905e-04 2.15437180e-04 4.42310695e-04 1.29214618e-04 3.09933906e-03 4.60192785e-03 2.26168344e-04 6.73005045e-05 4.31721845e-05 1.26861118e-04 3.70921480e-05 6.31557254e-05 1.26964550e-04 7.49655475e-05 1.42967510e-04 1.75326544e-04 1.01823157e-04 7.24972328e-05 5.12747429e-06 9.09128794e-06 5.99288833e-06 2.52652397e-05 4.89925151e-06 1.71695575e-05 4.78003210e-05 3.81711230e-05 1.83269993e-05 4.94181212e-05 4.10328968e-05 1.39130439e-05 5.29882674e-05 6.48511190e-05 9.48334709e-06 4.61821198e-05 1.24394498e-04 2.95838778e-05 2.68511988e-04 4.22342654e-04 1.68937061e-05 2.06925646e-04 4.36634233e-05 3.91169975e-05 3.90108925e-04 5.74148305e-04 1.03534879e-04 3.14427350e-04 9.16852832e-05 3.10128846e-05 6.90317053e-05 3.67933159e-05 1.10322231e-06 1.57224566e-08 3.95983424e-10
 1998 09 15 12 00 00  3.66883410e-03 2.22779410e-03 1.22754295e-03 8.78512578e-04 6.33843939e-04 3.54960063e-04 2.54131046e-04 2.13808685e-04 4.38015652e-04 1.26766870e-04 3.06531770e-03 4.55944277e-03 2.23409447e-04 6.58266988e-05 4.26326270e-05 1.25317801e-04 3.68714449e-05 6.25561224e-05 1.23966061e-04 7.26618804e-05 1.41680401e-04 1.73688899e-04 1.00949473e-04 7.17593059e-05 5.11145445e-06 8.98337312e-06 5.98596489e-06 2.51016879e-05 4.84726115e-06 1.70262459e-05 4.72036698e-05 3.80782323e-05 1.81462499e-05 4.87206355e-05 3.79929435e-05 1.38794829e-05 5.17925387e-05 6.35208118e-05 9.39352176e-06 4.46965185e-05 1.21272560e-04 2.76288309e-05 2.63077438e-04 3.94381081e-04 1.57752433e-05 1.95968432e-04 4.23926977e-05 3.53232434e-05 3.75076102e-04 5.57392428e-04 9.80789148e-05 3.06916623e-04 8.73522342e-05 2.94371961e-05 6.53921123e-05 3.43179260e-05 9.88202206e-07 9.48046228e-09 1.00000000e-10
 1998 09 16 12 00 00  3.67234113e-03 2.23217194e-03 1.23013510e-03 8.80122192e-04 6.35102000e-04 3.55237405e-04 2.54525940e-04 2.14296493e-04 4.39276873e-04 1.27535869e-04 3.07527980e-03 4.57007773e-03 2.24259481e-04 6.63135183e-05 4.28037213e-05 1.25810333e-04 3.69572052e-05 6.27435104e-05 1.24973785e-04 7.34291156e-05 1.42040296e-04 1.74146913e-04 1.01204405e-04 7.19797525e-05 5.11738472e-06 8.99390579e-06 5.98785446e-06 2.51582798e-05 4.86418066e-06 1.70762196e-05 4.74067388e-05 3.81121557e-05 1.82184260e-05 4.89300228e-05 3.89846711e-05 1.38882067e-05 5.21749515e-05 6.39430364e-05 9.40224709e-06 4.51468100e-05 1.22290686e-04 2.82766850e-05 2.64680649e-04 4.03515609e-04 1.61406244e-05 1.99567863e-04 4.28126514e-05 3.65783169e-05 3.80128809e-04 5.62942419e-04 9.99072683e-05 3.08967745e-04 8.80727461e-05 2.96984532e-05 6.59919108e-05 3.46828157e-05 1.00210256e-06 1.00091714e-08 1.00000000e-10
 1998 09 17 12 00 00  3.67433747e-03 2.23062949e-03 1.22940530e-03 8.80160343e-04 6.35446816e-04 3.55733138e-04 2.54851837e-04 2.14587741e-04 4.40009762e-04 1.27140164e-04 3.08136889e-03 4.59133573e-03 2.24083312e-04 6.59019233e-05 4.27189426e-05 1.25925626e-04 3.71015427e-05 6.30849681e-05 1.24209262e-04 7.26514030e-05 1.42722934e-04 1.75019763e-04 1.01484022e-04 7.19515156e-05 5.12753395e-06 8.96936253e-06 5.99149280e-06 2.51697601e-05 4.84657648e-06 1.70695243e-05 4.74649148e-05 3.81705060e-05 1.83387921e-05 4.89473368e-05 3.79556383e-05 1.39053562e-05 5.22575969e-05 6.42087861e-05 9.38179583e-06 4.49353425e-05 1.22746838e-04 2.76162260e-05 2.65665843e-04 3.94052253e-04 1.57620901e-05 1.98267192e-04 4.35616763e-05 3.52964271e-05 3.79330525e-04 5.61538709e-04 9.85931770e-05 3.10272758e-04 8.72378288e-05 2.93944597e-05 6.52878802e-05 3.41821914e-05 9.77294744e-07 8.54866329e-09 1.00000000e-10
 1998 09 18 12 00 00  3.69039922e-03 2.24446746e-03 1.23788205e-03 8.85991888e-04 6.40362833e-04 3.57480911e-04 2.56775860e-04 2.16788716e-04 4.45751584e-04 1.29355842e-04 3.12721087e-03 4.66571376e-03 2.26931154e-04 6.70192945e-05 4.32116728e-05 1.27815451e-04 3.75523465e-05 6.42134226e-05 1.26591102e-04 7.42221251e-05 1.45050863e-04 1.77988286e-04 1.02825525e-04 7.27169552e-05 5.15963366e-06 9.01937019e-06 6.00394451e-06 2.53702443e-05 4.88169680e-06 1.72243806e-05 4.82207242e-05 3.83556704e-05 1.87120895e-05 4.97321770e-05 4.00111952e-05 1.39647920e-05 5.37107312e-05 6.60575092e-05 9.42338229e-06 4.62768057e-05 1.26879031e-04 2.89465359e-05 2.72892906e-04 4.12969698e-04 1.65187879e-05 2.08897668e-04 4.60013805e-05 3.78761557e-05 3.95327988e-04 5.78556132e-04 1.03026188e-04 3.19467213e-04 8.95250880e-05 3.02255021e-05 6.72040213e-05 3.54450029e-05 1.03310450e-06 1.13655787e-08 1.00000000e-10
 1998 09 19 12 00 00  3.70150377e-03 2.25356138e-03 1.24348390e-03 8.89927003e-04 6.43727354e-04 3.58730323e-04 2.58119278e-04 2.18313809e-04 4.49724988e-04 1.30790715e-04 3.15896782e-03 4.71884236e-03 2.28823624e-04 6.77127879e-05 4.35313160e-05 1.29106436e-04 3.78782279e-05 6.50242204e-05 1.28087307e-04 7.51681218e-05 1.46719855e-04 1.80114828e-04 1.03769886e-04 7.32735027e-05 5.18280649e-06 9.11209208e-06 6.01285865e-06 2.55114576e-05 4.90279854e-06 1.73279958e-05 4.87413444e-05 3.84892919e-05 1.89821571e-05 5.03016315e-05 4.12465568e-05 1.40072865e-05 5.47092244e-05 6.73460232e-05 9.50051181e-06 4.72321051e-05 1.29738791e-04 2.97473249e-05 2.78228493e-04 4.24340475e-04 1.69736190e-05 2.15919797e-04 4.77570167e-05 3.94287665e-05 4.06007439e-04 5.90028605e-04 1.05825512e-04 3.27822178e-04 9.35893910e-05 3.17026002e-05 7.06116792e-05 3.77132584e-05 1.13499571e-06 1.66362096e-08 4.59794336e-10
 1998 09 20 12 00 00  3.71620879e-03 2.26179328e-03 1.24881983e-03 8.94286246e-04 6.47799208e-04 3.60698018e-04 2.59988916e-04 2.20339988e-04 4.54995044e-04 1.31901123e-04 3.20136427e-03 4.80384454e-03 2.30703527e-04 6.79761829e-05 4.37818284e-05 1.30646567e-04 3.83880979e-05 6.63073501e-05 1.28790338e-04 7.52676569e-05 1.49373191e-04 1.83498977e-04 1.05142976e-04 7.38588196e-05 5.21915572e-06 9.20469029e-06 6.02706095e-06 2.56749050e-05 4.90495404e-06 1.74294570e-05 4.93640250e-05 3.86990461e-05 1.94040753e-05 5.09528978e-05 4.13731817e-05 1.40751567e-05 5.58909966e-05 6.90595941e-05 9.57754673e-06 4.80456407e-05 1.33364089e-04 2.98310479e-05 2.85291966e-04 4.25508076e-04 1.70203230e-05 2.21961153e-04 5.05274278e-05 3.95907613e-05 4.16492709e-04 6.00716773e-04 1.07274180e-04 3.38727072e-04 9.75985387e-05 3.31597699e-05 7.39739250e-05 3.99578957e-05 1.23630523e-06 2.19133817e-08 9.38105771e-10
 1998 09 21 12 00 00  3.72355273e-03 2.26866223e-03 1.25299104e-03 8.97076078e-04 6.50105171e-04 3.61454128e-04 2.60856353e-04 2.21345841e-04 4.57618729e-04 1.33026523e-04 3.22228322e-03 4.83572222e-03 2.32094272e-04 6.85789267e-05 4.40312188e-05 1.31536386e-04 3.85856663e-05 6.67963293e-05 1.30056624e-04 7.61478092e-05 1.50377901e-04 1.84778133e-04 1.05739981e-04 7.42658167e-05 5.23318777e-06 9.28071677e-06 6.03242006e-06 2.57738278e-05 4.92469808e-06 1.75058076e-05 4.97239974e-05 3.87799344e-05 1.95679138e-05 5.13564407e-05 4.25283535e-05 1.41006763e-05 5.65832779e-05 6.99096662e-05 9.64080173e-06 4.87873263e-05 1.35289642e-04 3.05770169e-05 2.88860101e-04 4.36137198e-04 1.74454879e-05 2.27333099e-04 5.15876221e-05 4.10376757e-05 4.24356447e-04 6.09315237e-04 1.09622348e-04 3.44459451e-04 1.00834355e-04 3.43359941e-05 7.66885591e-05 4.17776901e-05 1.31898188e-06 2.62611920e-08 1.33323947e-09
 1998 09 22 12 00 00  3.73317559e-03 2.27471820e-03 1.25684787e-03 9.00070901e-04 6.52826551e-04 3.62685921e-04 2.62062414e-04 2.22668283e-04 4.61062704e-04 1.33890714e-04 3.24995178e-03 4.88884784e-03 2.33432624e-04 6.88626569e-05 4.42245826e-05 1.32569809e-04 3.89032997e-05 6.75970165e-05 1.30728418e-04 7.64101278e-05 1.52035314e-04 1.86891578e-04 1.06616234e-04 7.46745469e-05 5.25584146e-06 9.34718701e-06 6.04129127e-06 2.58840788e-05 4.93063126e-06 1.75778763e-05 5.01417414e-05 3.89106688e-05 1.98306996e-05 5.17993305e-05 4.28751868e-05 1.41430835e-05 5.73789330e-05 7.10262853e-05 9.69610846e-06 4.93972001e-05 1.37680586e-04 3.07997427e-05 2.93473934e-04 4.39326888e-04 1.75730755e-05 2.31836038e-04 5.33156679e-05 4.14699432e-05 4.31810613e-04 6.17049379e-04 1.10951370e-04 3.51562328e-04 1.03655393e-04 3.53614643e-05 7.90553639e-05 4.33654092e-05 1.39119447e-06 3.00647287e-08 1.67906116e-09
 1998 09 23 12 00 00  3.72984944e-03 2.27336552e-03 1.25591798e-03 8.99201252e-04 6.51960846e-04 3.62201283e-04 2.61628115e-04 2.22209403e-04 4.59868216e-04 1.33744959e-04 3.24032556e-03 4.86759990e-03 2.33090093e-04 6.88878844e-05 4.41900869e-05 1.32246001e-04 3.87812936e-05 6.72829279e-05 1.30730494e-04 7.65375444e-05 1.51380844e-04 1.86054227e-04 1.06290850e-04 7.46118720e-05 5.24709758e-06 9.39719102e-06 6.03776898e-06 2.58556511e-05 4.93361913e-06 1.75603466e-05 5.00171811e-05 3.88601446e-05 1.97300411e-05 5.17073291e-05 4.30492306e-05 1.41261757e-05 5.71415418e-05 7.06459748e-05 9.73771093e-06 4.93626162e-05 1.36900870e-04 3.09088122e-05 2.92237975e-04 4.40924196e-04 1.76369678e-05 2.30971346e-04 5.26413380e-05 4.16821800e-05 4.29966316e-04 6.15479231e-04 1.10922980e-04 3.51282253e-04 1.05799089e-04 3.61406643e-05 8.08535160e-05 4.45687232e-05 1.44571192e-06 3.29202607e-08 1.93828402e-09
 1998 09 24 12 00 00  3.72714590e-03 2.27054016e-03 1.25421932e-03 8.98108205e-04 6.51082845e-04 3.61948759e-04 2.61316040e-04 2.21839376e-04 4.58901388e-04 1.33268870e-04 3.23265490e-03 4.85697426e-03 2.32528313e-04 6.86123435e-05 4.40839910e-05 1.31905763e-04 3.87168897e-05 6.71217160e-05 1.30154412e-04 7.61197240e-05 1.51045787e-04 1.85630133e-04 1.06081566e-04 7.44028723e-05 5.24251154e-06 9.29925809e-06 6.03599001e-06 2.58135479e-05 4.92436338e-06 1.75297908e-05 4.98809156e-05 3.88336892e-05 1.96767098e-05 5.15104093e-05 4.25069593e-05 1.41176846e-05 5.68711213e-05 7.03329432e-05 9.65622530e-06 4.89665724e-05 1.36180028e-04 3.05556576e-05 2.90592389e-04 4.35930829e-04 1.74372332e-05 2.28706631e-04 5.22927905e-05 4.09977976e-05 4.26804222e-04 6.11769852e-04 1.09877843e-04 3.47076361e-04 1.01652348e-04 3.46332658e-05 7.73743092e-05 4.22334484e-05 1.33940433e-06 2.73137488e-08 1.42835255e-09
 1998 09 25 12 00 00  3.72585178e-03 2.27066681e-03 1.25421437e-03 8.97903286e-04 6.50793556e-04 3.61703689e-04 2.61128867e-04 2.21656129e-04 4.58431434e-04 1.33345953e-04 3.22882261e-03 4.84634787e-03 2.32500434e-04 6.87309842e-05 4.40994950e-05 1.31801395e-04 3.86500673e-05 6.69575355e-05 1.30362771e-04 7.63621007e-05 1.50711060e-04 1.85202212e-04 1.05931761e-04 7.43926657e-05 5.23777380e-06 9.31103568e-06 6.03419867e-06 2.58036933e-05 4.92991567e-06 1.75277710e-05 4.98376702e-05 3.88063840e-05 1.96212422e-05 5.14814690e-05 4.28311032e-05 1.41091674e-05 5.67951282e-05 7.01746562e-05 9.66602747e-06 4.90096989e-05 1.35880217e-04 3.07620299e-05 2.90014553e-04 4.38909718e-04 1.75563887e-05 2.28871447e-04 5.19361522e-05 4.13986971e-05 4.26614449e-04 6.11790449e-04 1.10232932e-04 3.46486067e-04 1.02131572e-04 3.48075182e-05 7.77767226e-05 4.25062267e-05 1.35201417e-06 2.79932706e-08 1.49052450e-09
 1998 09 26 12 00 00  3.72304815e-03 2.26764443e-03 1.25240182e-03 8.96744820e-04 6.49867654e-04 3.61449147e-04 2.60806579e-04 2.21271156e-04 4.57426839e-04 1.32832376e-04 3.22086760e-03 4.83572148e-03 2.31901429e-04 6.84267821e-05 4.39846116e-05 1.31442070e-04 3.85842082e-05 6.67945424e-05 1.29725758e-04 7.58970622e-05 1.50375629e-04 1.84775813e-04 1.05717405e-04 7.42160883e-05 5.23309573e-06 9.27068395e-06 6.03241278e-06 2.57630756e-05 4.91969149e-06 1.74949159e-05 4.96963316e-05 3.87794222e-05 1.95666275e-05 5.13113910e-05 4.22316283e-05 1.41006589e-05 5.65167707e-05 6.98517548e-05 9.63245257e-06 4.86680983e-05 1.35129850e-04 3.03696055e-05 2.88618287e-04 4.33387065e-04 1.73354826e-05 2.26473327e-04 5.15827443e-05 4.06386273e-05 4.23220345e-04 6.07999640e-04 1.09084391e-04 3.44049383e-04 1.00421411e-04 3.41858544e-05 7.63418858e-05 4.15433700e-05 1.30819801e-06 2.56836387e-08 1.28048514e-09
 1998 09 27 12 00 00  3.71813354e-03 2.26301697e-03 1.24959229e-03 8.94870955e-04 6.48321772e-04 3.60947520e-04 2.60226998e-04 2.20597625e-04 4.55668862e-04 1.32072406e-04 3.20687498e-03 4.81447093e-03 2.30964205e-04 6.80144562e-05 4.38151836e-05 1.30845677e-04 3.84554092e-05 6.64721243e-05 1.28853606e-04 7.52931868e-05 1.49706787e-04 1.83927669e-04 1.05320080e-04 7.38694814e-05 5.22392511e-06 9.11549578e-06 6.02885448e-06 2.56905764e-05 4.90629609e-06 1.74439356e-05 4.94562305e-05 3.87265172e-05 1.94599706e-05 5.09782761e-05 4.14469687e-05 1.40836783e-05 5.60445273e-05 6.92810954e-05 9.50332251e-06 4.80328881e-05 1.33838750e-04 2.98590516e-05 2.85715803e-04 4.26162419e-04 1.70464968e-05 2.22796691e-04 5.08856843e-05 3.96491349e-05 4.17948427e-04 6.01905753e-04 1.07487513e-04 3.37015426e-04 9.38836685e-05 3.18092145e-05 7.08560027e-05 3.78566295e-05 1.14003978e-06 1.67904410e-08 4.70990669e-10
 1998 09 28 12 00 00  3.71231132e-03 2.25930460e-03 1.24723128e-03 8.93038893e-04 6.46657230e-04 3.60205675e-04 2.59496599e-04 2.19794537e-04 4.53580474e-04 1.31537998e-04 3.19012096e-03 4.78259474e-03 2.30143820e-04 6.78288200e-05 4.36945211e-05 1.30213145e-04 3.82622064e-05 6.59885001e-05 1.28410607e-04 7.51115382e-05 1.48708199e-04 1.82655433e-04 1.04790863e-04 7.35965689e-05 5.21016773e-06 9.04297704e-06 6.02351865e-06 2.56205942e-05 4.90238053e-06 1.73992404e-05 4.92011881e-05 3.86471598e-05 1.92999854e-05 5.06880034e-05 4.12168709e-05 1.40582066e-05 5.55559189e-05 6.86006584e-05 9.44298517e-06 4.76141714e-05 1.32377331e-04 2.97064049e-05 2.82751207e-04 4.24040078e-04 1.69616031e-05 2.19985387e-04 4.98400885e-05 3.93538910e-05 4.13335952e-04 5.97012041e-04 1.06633115e-04 3.31684062e-04 9.08012222e-05 3.06887316e-05 6.82699649e-05 3.61224819e-05 1.06121373e-06 1.26420620e-08 9.39042621e-11
 1998 09 29 12 00 00  3.70661636e-03 2.25586724e-03 1.24502758e-03 8.91285679e-04 6.45042088e-04 3.59463390e-04 2.58776625e-04 2.19007296e-04 4.51535586e-04 1.31054816e-04 3.17370599e-03 4.75071743e-03 2.29372304e-04 6.76787383e-05 4.35848576e-05 1.29600460e-04 3.80675512e-05 6.55030948e-05 1.28035743e-04 7.49898900e-05 1.47707016e-04 1.81380902e-04 1.04266373e-04 7.33112277e-05 5.19631903e-06 8.93844190e-06 6.01817446e-06 2.55504347e-05 4.89985541e-06 1.73569279e-05 4.89526629e-05 3.85672931e-05 1.91387167e-05 5.03869458e-05 4.10678913e-05 1.40327189e-05 5.50796436e-05 6.79304402e-05 9.35601420e-06 4.71798557e-05 1.30945863e-04 2.96049926e-05 2.79663807e-04 4.22662706e-04 1.69065082e-05 2.17362567e-04 4.87896352e-05 3.91582580e-05 4.08977940e-04 5.92310748e-04 1.05903609e-04 3.25314450e-04 8.63132223e-05 2.90574289e-05 6.45054931e-05 3.36042149e-05 9.47185524e-07 6.92040061e-09 1.00000000e-10
 1998 09 30 12 00 00  3.70214239e-03 2.25218238e-03 1.24275818e-03 8.89687239e-04 6.43672642e-04 3.58961244e-04 2.58234222e-04 2.18390146e-04 4.49930499e-04 1.30470999e-04 3.16089691e-03 4.72946465e-03 2.28603987e-04 6.73906663e-05 4.34538021e-05 1.29074806e-04 3.79348698e-05 6.51759212e-05 1.27408863e-04 7.45949743e-05 1.47039180e-04 1.80526581e-04 1.03886018e-04 7.31604373e-05 5.18690358e-06 9.00639134e-06 6.01459651e-06 2.54994790e-05 4.89121230e-06 1.73144120e-05 4.87452662e-05 3.85130290e-05 1.90286344e-05 5.02189820e-05 4.05608676e-05 1.40156932e-05 5.46857330e-05 6.74136636e-05 9.41256585e-06 4.69280843e-05 1.29793702e-04 2.92720681e-05 2.78041884e-04 4.17990601e-04 1.67196240e-05 2.14563097e-04 4.80795919e-05 3.85136489e-05 4.04604815e-04 5.87937358e-04 1.04743984e-04 3.25192308e-04 8.90854302e-05 3.00654172e-05 6.68332445e-05 3.51810300e-05 1.02000191e-06 1.05926869e-08 1.00000000e-10
 1998 10 01 12 00 00  3.70027337e-03 2.25112581e-03 1.24207372e-03 8.89118037e-04 6.43135598e-04 3.58710012e-04 2.57994187e-04 2.18128727e-04 4.49255643e-04 1.30325927e-04 3.15548225e-03 4.71883677e-03 2.28360640e-04 6.73500494e-05 4.34202176e-05 1.28871210e-04 3.78656085e-05 6.50087488e-05 1.27297339e-04 7.45714351e-05 1.46700238e-04 1.80094767e-04 1.03710177e-04 7.30747191e-05 5.18201159e-06 8.98261133e-06 6.01279280e-06 2.54761597e-05 4.89085178e-06 1.73002661e-05 4.86618793e-05 3.84848739e-05 1.89710176e-05 5.01257639e-05 4.05387400e-05 1.40071512e-05 5.45289279e-05 6.71883659e-05 9.39279416e-06 4.68036665e-05 1.29312079e-04 2.92535027e-05 2.77058785e-04 4.17781636e-04 1.67112654e-05 2.13735501e-04 4.77148045e-05 3.84785177e-05 4.03171132e-04 5.86434542e-04 1.04528676e-04 3.23311409e-04 8.79825133e-05 2.96647222e-05 6.59095264e-05 3.45742192e-05 9.93327009e-07 9.25742718e-09 1.00000000e-10
 1998 10 02 12 00 00  3.70447671e-03 2.25433004e-03 1.24406415e-03 8.90535901e-04 6.44358330e-04 3.59198371e-04 2.58504424e-04 2.18701114e-04 4.50754499e-04 1.30817473e-04 3.16748241e-03 4.74008322e-03 2.29035004e-04 6.75664802e-05 4.35293781e-05 1.29338342e-04 3.79851816e-05 6.53198571e-05 1.27765395e-04 7.48501858e-05 1.47350700e-04 1.80928247e-04 1.04072071e-04 7.31766530e-05 5.19060231e-06 8.88254654e-06 6.01630236e-06 2.55165273e-05 4.89718659e-06 1.73353100e-05 4.88422931e-05 3.85345513e-05 1.90695326e-05 5.02498410e-05 4.09088825e-05 1.40240314e-05 5.48748599e-05 6.76574839e-05 9.30954193e-06 4.69564657e-05 1.30338457e-04 2.94904312e-05 2.78353323e-04 4.21184769e-04 1.68473908e-05 2.16030761e-04 4.83810116e-05 3.89385037e-05 4.06839855e-04 5.89933362e-04 1.05416179e-04 3.22106599e-04 8.36895919e-05 2.81043200e-05 6.23086293e-05 3.21649496e-05 8.84203180e-07 4.82057629e-09 1.00000000e-10
 1998 10 03 12 00 00  3.71014392e-03 2.25776268e-03 1.24626298e-03 8.92265126e-04 6.45940693e-04 3.59932965e-04 2.59216848e-04 2.19479064e-04 4.52782698e-04 1.31298313e-04 3.18377740e-03 4.77195717e-03 2.29801146e-04 6.77109070e-05 4.36374335e-05 1.29938077e-04 3.81715887e-05 6.57951576e-05 1.28117288e-04 7.49648083e-05 1.48338058e-04 1.82189694e-04 1.04591090e-04 7.33610600e-05 5.20393223e-06 8.85153058e-06 6.02160399e-06 2.55750899e-05 4.89975209e-06 1.73758319e-05 4.90797632e-05 3.86115309e-05 1.92235239e-05 5.04638923e-05 4.10590234e-05 1.40494318e-05 5.53275802e-05 6.83072588e-05 9.28374284e-06 4.72073374e-05 1.31722301e-04 2.95875303e-05 2.80700271e-04 4.22566484e-04 1.69026594e-05 2.18498736e-04 4.94038919e-05 3.91268171e-05 4.11056113e-04 5.94069572e-04 1.06115017e-04 3.24042448e-04 8.23280810e-05 2.76095067e-05 6.11671227e-05 3.14053869e-05 8.50102498e-07 3.64241686e-09 1.00000000e-10
 1998 10 04 12 00 00  3.71399171e-03 2.26014867e-03 1.24778620e-03 8.93466306e-04 6.47042003e-04 3.60430371e-04 2.59702348e-04 2.20011402e-04 4.54164214e-04 1.31638098e-04 3.19486880e-03 4.79320996e-03 2.30332792e-04 6.78227976e-05 4.37141978e-05 1.30356437e-04 3.83037928e-05 6.61217433e-05 1.28389828e-04 7.50655076e-05 1.49007916e-04 1.83043255e-04 1.04944204e-04 7.35375769e-05 5.21331713e-06 8.89569492e-06 6.02517903e-06 2.56217094e-05 4.90190178e-06 1.74053953e-05 4.92504378e-05 3.86656262e-05 1.93331798e-05 5.06532506e-05 4.11854649e-05 1.40664502e-05 5.56510212e-05 6.87612323e-05 9.32049006e-06 4.74733373e-05 1.32696587e-04 2.96719751e-05 2.82660113e-04 4.23733414e-04 1.69493365e-05 2.20320566e-04 5.01123257e-05 3.92900285e-05 4.14086838e-04 5.97260282e-04 1.06647469e-04 3.27488770e-04 8.41902713e-05 2.82864590e-05 6.27296795e-05 3.24552580e-05 8.97972305e-07 5.33059179e-09 1.00000000e-10
 1998 10 05 12 00 00  3.71806800e-03 2.26297354e-03 1.24956184e-03 8.94814133e-04 6.48251751e-04 3.60935470e-04 2.60211589e-04 2.20577275e-04 4.55629217e-04 1.32060584e-04 3.20661388e-03 4.81446534e-03 2.30945764e-04 6.79937632e-05 4.38091476e-05 1.30818287e-04 3.84427840e-05 6.64566527e-05 1.28782345e-04 7.52639084e-05 1.49686411e-04 1.83907606e-04 1.05310671e-04 7.37360737e-05 5.22313057e-06 8.94129043e-06 6.02878899e-06 2.56743196e-05 4.90621751e-06 1.74405647e-05 4.94418084e-05 3.87220993e-05 1.94488326e-05 5.08620270e-05 4.14388051e-05 1.40835429e-05 5.60096813e-05 6.92484332e-05 9.35842327e-06 4.77887110e-05 1.33759859e-04 2.98390136e-05 2.84745739e-04 4.26068750e-04 1.70427500e-05 2.22540671e-04 5.08434779e-05 3.96133139e-05 4.17659017e-04 6.01057634e-04 1.07400355e-04 3.31128123e-04 8.61560775e-05 2.90009722e-05 6.43784273e-05 3.35570840e-05 9.47782877e-07 7.06755401e-09 1.00000000e-10
 1998 10 06 12 00 00  3.71818798e-03 2.26310663e-03 1.24964111e-03 8.94899982e-04 6.48343373e-04 3.60954342e-04 2.60232878e-04 2.20603838e-04 4.55682670e-04 1.32087593e-04 3.20703502e-03 4.81447428e-03 2.30977243e-04 6.80166296e-05 4.38160157e-05 1.30854915e-04 3.84626910e-05 6.64810534e-05 1.28841446e-04 7.52978958e-05 1.49711313e-04 1.83939245e-04 1.05326134e-04 7.37472933e-05 5.22438313e-06 8.93775868e-06 6.02889304e-06 2.56814568e-05 4.90676612e-06 1.74458112e-05 4.94648151e-05 3.87290696e-05 1.94663997e-05 5.08746212e-05 4.14722104e-05 1.40837583e-05 5.60395409e-05 6.92862411e-05 9.35547432e-06 4.78076678e-05 1.33857694e-04 2.98660569e-05 2.84871036e-04 4.26382937e-04 1.70553175e-05 2.22781787e-04 5.09100500e-05 3.96646356e-05 4.18090385e-04 6.01493008e-04 1.07509902e-04 3.31334703e-04 8.60885935e-05 2.89762431e-05 6.43203932e-05 3.35068577e-05 9.44686252e-07 6.92132005e-09 1.00000000e-10
 1998 10 07 12 00 00  3.71693473e-03 2.26313589e-03 1.24958586e-03 8.94739079e-04 6.48138591e-04 3.60736882e-04 2.60066213e-04 2.20443546e-04 4.55246818e-04 1.32150282e-04 3.20346248e-03 4.80386131e-03 2.30944703e-04 6.81335759e-05 4.38306483e-05 1.30784098e-04 3.84259620e-05 6.63537649e-05 1.29073987e-04 7.55301502e-05 1.49416680e-04 1.83559153e-04 1.05193673e-04 7.38117375e-05 5.22153932e-06 9.04175831e-06 6.02725740e-06 2.56863167e-05 4.91163155e-06 1.74489290e-05 4.94486612e-05 3.87123000e-05 1.94374894e-05 5.09140377e-05 4.17589996e-05 1.40755685e-05 5.60001200e-05 6.91751449e-05 9.44198619e-06 4.79782462e-05 1.33674232e-04 3.00600426e-05 2.84926531e-04 4.29032818e-04 1.71613127e-05 2.23141504e-04 5.06540469e-05 4.00390883e-05 4.18266605e-04 6.02148854e-04 1.07900099e-04 3.34124052e-04 9.06373549e-05 3.06294334e-05 6.81344075e-05 3.60469155e-05 1.05888242e-06 1.26027043e-08 9.24416987e-11
 1998 10 08 12 00 00  3.71728193e-03 2.26367047e-03 1.24989800e-03 8.94976050e-04 6.48353239e-04 3.60767897e-04 2.60114584e-04 2.20507585e-04 4.55388926e-04 1.32254239e-04 3.20456339e-03 4.80387583e-03 2.31054392e-04 6.82154294e-05 4.38555533e-05 1.30869852e-04 3.84575193e-05 6.63924438e-05 1.29262598e-04 7.56598194e-05 1.49456617e-04 1.83609310e-04 1.05224964e-04 7.38541571e-05 5.22352602e-06 9.05191337e-06 6.02742075e-06 2.57016003e-05 4.91410974e-06 1.74605155e-05 4.94948459e-05 3.87233478e-05 1.94653359e-05 5.09552416e-05 4.19066579e-05 1.40759104e-05 5.60694327e-05 6.92530045e-05 9.45041538e-06 4.80619935e-05 1.33878086e-04 3.01663880e-05 2.85262943e-04 4.30405221e-04 1.72162088e-05 2.23798048e-04 5.07595774e-05 4.02430887e-05 4.19291653e-04 6.03275883e-04 1.08235257e-04 3.34975578e-04 9.12035439e-05 3.08349232e-05 6.86071102e-05 3.63454827e-05 1.07112852e-06 1.31471097e-08 1.39387879e-10
 1998 10 09 12 00 00  3.71396748e-03 2.26214118e-03 1.24887393e-03 8.94136228e-04 6.47569710e-04 3.60312492e-04 2.59700248e-04 2.20070591e-04 4.54222777e-04 1.32080299e-04 3.19513485e-03 4.78264205e-03 2.30695721e-04 6.82331231e-05 4.38182813e-05 1.30578433e-04 3.83675535e-05 6.61176222e-05 1.29284825e-04 7.57659378e-05 1.48841672e-04 1.82822873e-04 1.04916693e-04 7.37804272e-05 5.21679904e-06 9.07811918e-06 6.02406435e-06 2.56804230e-05 4.91597966e-06 1.74478923e-05 4.93916755e-05 3.86840344e-05 1.93929533e-05 5.08602557e-05 4.20191791e-05 1.40593518e-05 5.58535572e-05 6.89135766e-05 9.47220324e-06 4.79962064e-05 1.33202548e-04 3.02521046e-05 2.84067911e-04 4.31456943e-04 1.72582777e-05 2.23007676e-04 5.01923787e-05 4.04066494e-05 4.17782452e-04 6.01937604e-04 1.08222295e-04 3.34414117e-04 9.24422447e-05 3.12848986e-05 6.96441828e-05 3.70238485e-05 1.10073486e-06 1.46124036e-08 2.70227263e-10
 1998 10 10 12 00 00  3.70930886e-03 2.25781511e-03 1.24624478e-03 8.92447754e-04 6.46218136e-04 3.59847030e-04 2.59165088e-04 2.19453785e-04 4.52581060e-04 1.31381953e-04 3.18203025e-03 4.76140827e-03 2.29830091e-04 6.78766749e-05 4.36656179e-05 1.30059419e-04 3.82766215e-05 6.58416306e-05 1.28560572e-04 7.52461085e-05 1.48222328e-04 1.82034921e-04 1.04550010e-04 7.35162695e-05 5.21001166e-06 8.99993975e-06 6.02070359e-06 2.56276454e-05 4.90383754e-06 1.74075930e-05 4.91971723e-05 3.86443833e-05 1.93197149e-05 5.06040081e-05 4.13117057e-05 1.40427801e-05 5.54498224e-05 6.84224269e-05 9.40714308e-06 4.75114260e-05 1.32115116e-04 2.98075407e-05 2.81839802e-04 4.24962670e-04 1.69985068e-05 2.19892854e-04 4.96219611e-05 3.95418203e-05 4.13409507e-04 5.97014665e-04 1.06875644e-04 3.30312182e-04 8.91976410e-05 3.01052829e-05 6.69207603e-05 3.51868352e-05 1.01646048e-06 1.01189521e-08 1.00000000e-10
 1998 10 11 12 00 00  3.70143629e-03 2.25240537e-03 1.24284013e-03 8.89959470e-04 6.44038574e-04 3.58891569e-04 2.58202856e-04 2.18390807e-04 4.49783343e-04 1.30588228e-04 3.15958071e-03 4.71892320e-03 2.28669757e-04 6.75828664e-05 4.34899947e-05 1.29231570e-04 3.80568847e-05 6.52432092e-05 1.27913560e-04 7.49170315e-05 1.46939776e-04 1.80398795e-04 1.03859278e-04 7.31907068e-05 5.19405257e-06 8.96220736e-06 6.01378488e-06 2.55461985e-05 4.89605518e-06 1.73511842e-05 4.88785642e-05 3.85518302e-05 1.91398169e-05 5.02563858e-05 4.08588385e-05 1.40092292e-05 5.48171066e-05 6.75542694e-05 9.37574223e-06 4.70034579e-05 1.30259955e-04 2.95253296e-05 2.78334306e-04 4.20808434e-04 1.68323374e-05 2.16081641e-04 4.83544660e-05 3.89923138e-05 4.07380960e-04 5.90719955e-04 1.05623007e-04 3.25524879e-04 8.76330450e-05 2.95364514e-05 6.56074566e-05 3.43007914e-05 9.75798724e-07 7.94986903e-09 1.00000000e-10
 1998 10 12 12 00 00  3.69561652e-03 2.24851612e-03 1.24038347e-03 8.88147712e-04 6.42442922e-04 3.58176672e-04 2.57489552e-04 2.17605770e-04 4.47716158e-04 1.30024695e-04 3.14298151e-03 4.68706042e-03 2.27830724e-04 6.73859206e-05 4.33654779e-05 1.28626270e-04 3.78933037e-05 6.47958950e-05 1.27476390e-04 7.47090031e-05 1.45978082e-04 1.79173649e-04 1.03345509e-04 7.29163966e-05 5.18215929e-06 8.88143186e-06 6.00860221e-06 2.54835698e-05 4.89105005e-06 1.73107939e-05 4.86441847e-05 3.84828367e-05 1.90059684e-05 4.99705099e-05 4.05680650e-05 1.39840791e-05 5.43489667e-05 6.69112059e-05 9.30853057e-06 4.65713244e-05 1.28892816e-04 2.93462159e-05 2.75475263e-04 4.18143866e-04 1.67257547e-05 2.13332967e-04 4.74079163e-05 3.86431086e-05 4.03051988e-04 5.86051788e-04 1.04768384e-04 3.20311459e-04 8.42287522e-05 2.82989042e-05 6.27509067e-05 3.23812619e-05 8.88259788e-07 4.69706549e-09 1.00000000e-10
 1998 10 13 12 00 00  3.69343433e-03 2.24665045e-03 1.23923944e-03 8.87396332e-04 6.41831328e-04 3.57946680e-04 2.57235857e-04 2.17317487e-04 4.46947343e-04 1.29731217e-04 3.13683760e-03 4.67644446e-03 2.27451857e-04 6.72466977e-05 4.33011827e-05 1.28392546e-04 3.78497760e-05 6.46602712e-05 1.27191753e-04 7.45142228e-05 1.45672952e-04 1.78782745e-04 1.03169501e-04 7.28547260e-05 5.17888766e-06 8.92295138e-06 6.00693165e-06 2.54655824e-05 4.88646510e-06 1.72939023e-05 4.85609472e-05 3.84636893e-05 1.89710612e-05 4.99020982e-05 4.03011189e-05 1.39758136e-05 5.41763681e-05 6.66879345e-05 9.34307609e-06 4.64647402e-05 1.28405958e-04 2.91793403e-05 2.74836111e-04 4.15694488e-04 1.66277795e-05 2.12079162e-04 4.71291889e-05 3.83182982e-05 4.01191129e-04 5.84206088e-04 1.04237139e-04 3.20813304e-04 8.59944474e-05 2.89407413e-05 6.42322299e-05 3.33744839e-05 9.33397760e-07 6.28206536e-09 1.00000000e-10
 1998 10 14 12 00 00  3.69372607e-03 2.24717338e-03 1.23954162e-03 8.87587771e-04 6.41984110e-04 3.57961876e-04 2.57269668e-04 2.17364087e-04 4.47058440e-04 1.29830729e-04 3.13770272e-03 4.67645042e-03 2.27551905e-04 6.73202066e-05 4.33237213e-05 1.28453717e-04 3.78643424e-05 6.46781176e-05 1.27348123e-04 7.46341364e-05 1.45692078e-04 1.78805892e-04 1.03189602e-04 7.29037200e-05 5.17980479e-06 8.95317498e-06 6.00700769e-06 2.54766611e-05 4.88899932e-06 1.73019184e-05 4.85920818e-05 3.84687883e-05 1.89839120e-05 4.99458586e-05 4.04503749e-05 1.39759723e-05 5.42283928e-05 6.67392742e-05 9.36821962e-06 4.65640532e-05 1.28541091e-04 2.92796933e-05 2.75170441e-04 4.17072801e-04 1.66829120e-05 2.12619130e-04 4.71778912e-05 3.85121239e-05 4.01939701e-04 5.85118553e-04 1.04519507e-04 3.22004720e-04 8.73077353e-05 2.94180591e-05 6.53335301e-05 3.41090823e-05 9.66507605e-07 7.43204893e-09 1.00000000e-10
 1998 10 15 12 00 00  3.70142417e-03 2.25198168e-03 1.24260776e-03 8.89988273e-04 6.44175969e-04 3.58952265e-04 2.58238009e-04 2.18425977e-04 4.49818651e-04 1.30516334e-04 3.15986730e-03 4.71895300e-03 2.28619300e-04 6.75462780e-05 4.34780316e-05 1.29286209e-04 3.81238817e-05 6.53253286e-05 1.27892946e-04 7.48407154e-05 1.47028123e-04 1.80505272e-04 1.03893418e-04 7.33236739e-05 5.19826972e-06 9.13429612e-06 6.01413230e-06 2.55747159e-05 4.89351660e-06 1.73603893e-05 4.89332641e-05 3.85752792e-05 1.91989384e-05 5.03798494e-05 4.07153944e-05 1.40099582e-05 5.48820181e-05 6.76460747e-05 9.51889961e-06 4.72203418e-05 1.30483592e-04 2.94538127e-05 2.79538708e-04 4.19515060e-04 1.67806024e-05 2.16318490e-04 4.85785014e-05 3.88492364e-05 4.07959363e-04 5.91758441e-04 1.05586188e-04 3.31876546e-04 9.51352746e-05 3.22630978e-05 7.18982839e-05 3.84936370e-05 1.16453882e-06 1.77432302e-08 5.49057688e-10
 1998 10 16 12 00 00  3.71248121e-03 2.26102873e-03 1.24818174e-03 8.93889624e-04 6.47503075e-04 3.60193017e-04 2.59572583e-04 2.19940346e-04 4.53771112e-04 1.31941702e-04 3.19145382e-03 4.77207862e-03 2.30500462e-04 6.82323305e-05 4.37954433e-05 1.30562181e-04 3.84405459e-05 6.61248341e-05 1.29370042e-04 7.57759728e-05 1.48685543e-04 1.82617185e-04 1.04830976e-04 7.38739441e-05 5.22086193e-06 9.22605541e-06 6.02299842e-06 2.57126411e-05 4.91443134e-06 1.74617639e-05 4.94431803e-05 3.87056731e-05 1.94608700e-05 5.09427179e-05 4.19394928e-05 1.40523538e-05 5.58673385e-05 6.89179063e-05 9.59523168e-06 4.81654365e-05 1.33300545e-04 3.02459433e-05 2.84805641e-04 4.30780481e-04 1.72312192e-05 2.23241016e-04 5.03033050e-05 4.03853512e-05 4.18459864e-04 6.03045420e-04 1.08345549e-04 3.40075136e-04 9.91461517e-05 3.37208059e-05 7.52613388e-05 4.07337029e-05 1.26527256e-06 2.29623133e-08 1.02138360e-09
 1998 10 17 12 00 00  3.71587436e-03 2.26250583e-03 1.24918166e-03 8.94798878e-04 6.48397081e-04 3.60681997e-04 2.60013638e-04 2.20407805e-04 4.54986530e-04 1.32109928e-04 3.20127105e-03 4.79332879e-03 2.30863918e-04 6.82184694e-05 4.38335306e-05 1.30897649e-04 3.85669206e-05 6.64442778e-05 1.29383157e-04 7.56680907e-05 1.49346963e-04 1.83461488e-04 1.05161479e-04 7.39836864e-05 5.22988048e-06 9.23201442e-06 6.02654327e-06 2.57468744e-05 4.91207538e-06 1.74811369e-05 4.95798261e-05 3.87577311e-05 1.95653862e-05 5.10740627e-05 4.18012409e-05 1.40693082e-05 5.61232787e-05 6.93133604e-05 9.60018588e-06 4.82871042e-05 1.34117298e-04 3.01550317e-05 2.86374163e-04 4.29506315e-04 1.71802526e-05 2.24262682e-04 5.09922684e-05 4.02093545e-05 4.20464380e-04 6.04965262e-04 1.08422980e-04 3.42210132e-04 9.94282864e-05 3.38232934e-05 7.54975477e-05 4.08881495e-05 1.27200880e-06 2.32953553e-08 1.05111218e-09
 1998 10 18 12 00 00  3.71020196e-03 2.25907271e-03 1.24698195e-03 8.93064749e-04 6.46807943e-04 3.59946032e-04 2.59299708e-04 2.19627920e-04 4.52954804e-04 1.31628616e-04 3.18495280e-03 4.76145446e-03 2.30096576e-04 6.80724721e-05 4.37250256e-05 1.30295262e-04 3.83790612e-05 6.59671961e-05 1.29023812e-04 7.55514135e-05 1.48353485e-04 1.82197732e-04 1.04641477e-04 7.36790146e-05 5.21645925e-06 9.09536175e-06 6.02123509e-06 2.56768694e-05 4.90952225e-06 1.74402786e-05 4.93363087e-05 3.86802392e-05 1.94101100e-05 5.07578378e-05 4.16514522e-05 1.40438948e-05 5.56513856e-05 6.86526551e-05 9.48647212e-06 4.78160118e-05 1.32711496e-04 3.00566753e-05 2.83164452e-04 4.28125988e-04 1.71250395e-05 2.21671763e-04 4.99645132e-05 4.00189107e-05 4.16220418e-04 6.00281716e-04 1.07716935e-04 3.35013225e-04 9.37062570e-05 3.17431044e-05 7.06955273e-05 3.76561756e-05 1.12424715e-06 1.54548093e-08 3.36776607e-10
 1998 10 19 12 00 00  3.70345769e-03 2.25343092e-03 1.24351415e-03 8.90652045e-04 6.44758328e-04 3.59198792e-04 2.58487521e-04 2.18702722e-04 4.50541824e-04 1.30732777e-04 3.16568674e-03 4.72957902e-03 2.28927508e-04 6.76300000e-05 4.35251224e-05 1.29508407e-04 3.81868304e-05 6.54847652e-05 1.28070868e-04 7.49395287e-05 1.47353599e-04 1.80927058e-04 1.04073043e-04 7.32664831e-05 5.20276408e-06 8.93712131e-06 6.01590327e-06 2.55847610e-05 4.89592530e-06 1.73768479e-05 4.90191218e-05 3.86012194e-05 1.92509833e-05 5.03494894e-05 4.08551219e-05 1.40184333e-05 5.50335892e-05 6.78696053e-05 9.35479547e-06 4.70927355e-05 1.30971776e-04 2.95391423e-05 2.79426579e-04 4.20794643e-04 1.68317857e-05 2.17260854e-04 4.89221769e-05 3.90157569e-05 4.09660950e-04 5.92906031e-04 1.05949018e-04 3.26940379e-04 8.70978600e-05 2.93406396e-05 6.51493526e-05 3.39209185e-05 9.53301847e-07 6.75394745e-09 1.00000000e-10
 1998 10 20 12 00 00  3.69303230e-03 2.24572173e-03 1.23870670e-03 8.87145841e-04 6.41687718e-04 3.57959679e-04 2.57207328e-04 2.17270016e-04 4.46808945e-04 1.29557414e-04 3.13580697e-03 4.67645228e-03 2.27286352e-04 6.71195829e-05 4.32619591e-05 1.28335344e-04 3.78672557e-05 6.46816916e-05 1.26938397e-04 7.42994074e-05 1.45696175e-04 1.78810522e-04 1.03161179e-04 7.28648816e-05 5.17998815e-06 8.97625650e-06 6.00702224e-06 2.54660880e-05 4.88174628e-06 1.72879502e-05 4.85530768e-05 3.84698040e-05 1.89864819e-05 4.99111703e-05 4.00244433e-05 1.39760043e-05 5.41429946e-05 6.66688703e-05 9.38734593e-06 4.64537497e-05 1.28344853e-04 2.89981108e-05 2.75044569e-04 4.13145485e-04 1.65258194e-05 2.11477317e-04 4.71876265e-05 3.79673060e-05 4.00468026e-04 5.83529236e-04 1.03811945e-04 3.23063109e-04 8.88396300e-05 2.99735930e-05 6.66092785e-05 3.48892007e-05 9.96543923e-07 8.58845439e-09 1.00000000e-10
 1998 10 21 12 00 00  3.68403385e-03 2.24100331e-03 1.23561527e-03 8.84538946e-04 6.39212840e-04 3.56727701e-04 2.56053463e-04 2.16026359e-04 4.43579218e-04 1.28942527e-04 3.10981218e-03 4.62332517e-03 2.26186169e-04 6.70088562e-05 4.31220892e-05 1.27400939e-04 3.75447678e-05 6.38750556e-05 1.26600155e-04 7.43286917e-05 1.44033629e-04 1.76689381e-04 1.02309299e-04 7.25285673e-05 5.15702886e-06 8.93659308e-06 5.99812556e-06 2.53675745e-05 4.88257101e-06 1.72278899e-05 4.81749279e-05 3.83373757e-05 1.87194120e-05 4.95279882e-05 4.00716381e-05 1.39335461e-05 5.34289672e-05 6.56146575e-05 9.35434000e-06 4.60105506e-05 1.26125256e-04 2.90243101e-05 2.70774683e-04 4.13574386e-04 1.65429754e-05 2.08027083e-04 4.54433553e-05 3.80190060e-05 3.94281848e-04 5.77336188e-04 1.03093821e-04 3.16858238e-04 8.71809472e-05 2.93705907e-05 6.52172463e-05 3.39520049e-05 9.53675288e-07 6.71919409e-09 1.00000000e-10
 1998 10 22 12 00 00  3.67412905e-03 2.23439405e-03 1.23143903e-03 8.81360876e-04 6.36357526e-04 3.55489533e-04 2.54818690e-04 2.14662181e-04 4.40029908e-04 1.27973358e-04 3.08134390e-03 4.57019694e-03 2.24743934e-04 6.66462272e-05 4.29045085e-05 1.26314067e-04 3.72222770e-05 6.30684197e-05 1.25761724e-04 7.39362091e-05 1.42370261e-04 1.74568225e-04 1.01418370e-04 7.21013200e-05 5.13407031e-06 8.87910574e-06 5.98922961e-06 2.52513786e-05 4.87391371e-06 1.71492814e-05 4.77369223e-05 3.82049417e-05 1.84523422e-05 4.90680539e-05 3.95642186e-05 1.38910866e-05 5.25941608e-05 6.44616728e-05 9.30651440e-06 4.53533839e-05 1.23635103e-04 2.86928815e-05 2.66079036e-04 4.08900758e-04 1.63560303e-05 2.03046040e-04 4.36990813e-05 3.73769290e-05 3.86173632e-04 5.68896730e-04 1.01478375e-04 3.09905360e-04 8.47032858e-05 2.84700302e-05 6.31391844e-05 3.25631680e-05 8.90881793e-07 4.52912587e-09 1.00000000e-10
 1998 10 23 12 00 00  3.67011576e-03 2.23168864e-03 1.22973236e-03 8.80054078e-04 6.35178839e-04 3.54986634e-04 2.54316219e-04 2.14105900e-04 4.38588567e-04 1.27573536e-04 3.06978075e-03 4.54894267e-03 2.24153494e-04 6.64920901e-05 4.28147250e-05 1.25864642e-04 3.70852271e-05 6.27358910e-05 1.25404657e-04 7.37654569e-05 1.41694287e-04 1.73706970e-04 1.01055630e-04 7.19100399e-05 5.12437946e-06 8.83612738e-06 5.98562874e-06 2.52005986e-05 4.87018297e-06 1.71156842e-05 4.75510616e-05 3.81491467e-05 1.83384065e-05 4.88658621e-05 3.93453229e-05 1.38740157e-05 5.22453931e-05 6.39838610e-05 9.27076544e-06 4.50538821e-05 1.22596942e-04 2.85489834e-05 2.64039978e-04 4.06883460e-04 1.62753384e-05 2.00937384e-04 4.29744279e-05 3.70983413e-05 3.82753771e-04 5.65274241e-04 1.00787989e-04 3.06340509e-04 8.27935475e-05 2.77760295e-05 6.15384182e-05 3.15010724e-05 8.43420594e-07 2.89970643e-09 1.00000000e-10
 1998 10 24 12 00 00  3.66792913e-03 2.22999673e-03 1.22868341e-03 8.79283797e-04 6.34500809e-04 3.54728446e-04 2.54045588e-04 2.13800424e-04 4.37800700e-04 1.27309357e-04 3.06347864e-03 4.53831293e-03 2.23794458e-04 6.63678629e-05 4.27553497e-05 1.25604434e-04 3.70106340e-05 6.25621877e-05 1.25127557e-04 7.36025220e-05 1.41348361e-04 1.73266697e-04 1.00863363e-04 7.17905694e-05 5.11915168e-06 8.80528314e-06 5.98379775e-06 2.51697133e-05 4.86665485e-06 1.70943419e-05 4.74415585e-05 3.81191290e-05 1.82760821e-05 4.87437997e-05 3.91381298e-05 1.38654141e-05 5.20420032e-05 6.37173479e-05 9.24512715e-06 4.48535069e-05 1.22004292e-04 2.84119451e-05 2.62876702e-04 4.04972950e-04 1.61989180e-05 1.99561819e-04 4.25918086e-05 3.68332083e-05 3.80606809e-04 5.62946271e-04 1.00266408e-04 3.04063954e-04 8.13078714e-05 2.72363977e-05 6.02949992e-05 3.06911563e-05 8.08325379e-07 1.74622130e-09 1.00000000e-10
 1998 10 25 12 00 00  3.66732039e-03 2.22880579e-03 1.22799782e-03 8.78892474e-04 6.34216401e-04 3.54712388e-04 2.53983982e-04 2.13711971e-04 4.37577728e-04 1.27084591e-04 3.06175308e-03 4.53830697e-03 2.23573521e-04 6.62045979e-05 4.27051284e-05 1.25490567e-04 3.69975256e-05 6.25461224e-05 1.24792036e-04 7.33322639e-05 1.41330793e-04 1.73245859e-04 1.00830350e-04 7.17107305e-05 5.11832659e-06 8.77095808e-06 5.98372935e-06 2.51529147e-05 4.86076788e-06 1.70800174e-05 4.73911077e-05 3.81145393e-05 1.82645133e-05 4.86742996e-05 3.87926033e-05 1.38652700e-05 5.19490861e-05 6.36332652e-05 9.21659521e-06 4.46805311e-05 1.21778829e-04 2.81843415e-05 2.62412525e-04 4.01788006e-04 1.60715202e-05 1.98490184e-04 4.25479753e-05 3.63926578e-05 3.79195199e-04 5.61257284e-04 9.96667852e-05 3.02591471e-04 7.96600141e-05 2.66378436e-05 5.89157577e-05 2.97921109e-05 7.69318848e-07 4.61811567e-10 1.00000000e-10
 1998 10 26 12 00 00  3.66438212e-03 2.22554002e-03 1.22604561e-03 8.77648072e-04 6.33223669e-04 3.54450355e-04 2.53646639e-04 2.13306650e-04 4.36524370e-04 1.26525347e-04 3.05340319e-03 4.52767685e-03 2.22929501e-04 6.58695025e-05 4.25807139e-05 1.25104316e-04 3.69243789e-05 6.23741886e-05 1.24094271e-04 7.28162995e-05 1.40985394e-04 1.72807864e-04 1.00606439e-04 7.14995294e-05 5.11319085e-06 8.70258518e-06 5.98190454e-06 2.51062013e-05 4.84934826e-06 1.70434632e-05 4.72330466e-05 3.80850222e-05 1.82034710e-05 4.84748613e-05 3.81235033e-05 1.38566844e-05 5.16443658e-05 6.32853830e-05 9.15974742e-06 4.42720880e-05 1.20963757e-04 2.77483166e-05 2.60788247e-04 3.95626501e-04 1.58250601e-05 1.95832664e-04 4.21701960e-05 3.55477387e-05 3.75462166e-04 5.56999595e-04 9.83966275e-05 2.98951318e-04 7.64689126e-05 2.54785440e-05 5.62434439e-05 2.80390925e-05 6.92440278e-07 1.00000000e-10 1.00000000e-10
 1998 10 27 12 00 00  3.66232247e-03 2.22408783e-03 1.22513472e-03 8.76959886e-04 6.32607632e-04 3.54196990e-04 2.53389601e-04 2.13020277e-04 4.35783507e-04 1.26306481e-04 3.04746775e-03 4.51704897e-03 2.22615316e-04 6.57780824e-05 4.25314259e-05 1.24868940e-04 3.68541543e-05 6.22058462e-05 1.23884886e-04 7.27073988e-05 1.40645100e-04 1.72374527e-04 1.00421904e-04 7.13948416e-05 5.10823847e-06 8.67730996e-06 5.98009647e-06 2.50791041e-05 4.84699740e-06 1.70253267e-05 4.71354497e-05 3.80565325e-05 1.81449999e-05 4.83661864e-05 3.79854115e-05 1.38481293e-05 5.14613778e-05 6.30382824e-05 9.13875992e-06 4.41038241e-05 1.20422813e-04 2.76567880e-05 2.59722805e-04 3.94352962e-04 1.57741185e-05 1.94682440e-04 4.18021809e-05 3.53706913e-05 3.73622539e-04 5.55024114e-04 9.79981485e-05 2.96827371e-04 7.50931598e-05 2.49791727e-05 5.50944189e-05 2.73098261e-05 6.62259794e-07 1.00000000e-10 1.00000000e-10
 1998 10 28 12 00 00  3.66445755e-03 2.22576660e-03 1.22617427e-03 8.77690441e-04 6.33232133e-04 3.54439887e-04 2.53647262e-04 2.13310797e-04 4.36545300e-04 1.26566822e-04 3.05355495e-03 4.52767164e-03 2.22966683e-04 6.58979529e-05 4.25895778e-05 1.25107679e-04 3.69122456e-05 6.23593107e-05 1.24145071e-04 7.28662184e-05 1.40971198e-04 1.72788574e-04 1.00603422e-04 7.15310362e-05 5.11242652e-06 8.74515972e-06 5.98184270e-06 2.51071755e-05 4.85054879e-06 1.70433356e-05 4.72292623e-05 3.80807789e-05 1.81927608e-05 4.85007873e-05 3.81932856e-05 1.38565520e-05 5.16495439e-05 6.32803043e-05 9.19525410e-06 4.43392974e-05 1.20951793e-04 2.77912972e-05 2.60975070e-04 3.96265935e-04 1.58506374e-05 1.95960163e-04 4.21296048e-05 3.56315431e-05 3.75518810e-04 5.57204656e-04 9.84802978e-05 2.99722346e-04 7.76928464e-05 2.59248491e-05 5.72803134e-05 2.88145518e-05 7.33456977e-07 1.00000000e-10 1.00000000e-10
 1998 10 29 12 00 00  3.67796965e-03 2.23439027e-03 1.23165748e-03 8.81907235e-04 6.37042597e-04 3.56153579e-04 2.55334388e-04 2.15163760e-04 4.41379481e-04 1.27803982e-04 3.09235513e-03 4.60204184e-03 2.24865431e-04 6.63179605e-05 4.28673033e-05 1.26554390e-04 3.73446004e-05 6.34651689e-05 1.25133244e-04 7.32727873e-05 1.43274837e-04 1.75727806e-04 1.01825560e-04 7.20677194e-05 5.14336571e-06 8.78892606e-06 5.99419800e-06 2.52560222e-05 4.85962155e-06 1.71434701e-05 4.78029650e-05 3.82594910e-05 1.85497818e-05 4.90903461e-05 3.87243868e-05 1.39157884e-05 5.27537673e-05 6.48302667e-05 9.23170519e-06 4.51361209e-05 1.24269342e-04 2.81354849e-05 2.67136740e-04 4.01154304e-04 1.60461722e-05 2.02273709e-04 4.45076526e-05 3.62988911e-05 3.85951638e-04 5.67894415e-04 1.00402239e-04 3.07791029e-04 7.92955003e-05 2.65080372e-05 5.86292897e-05 2.97544040e-05 7.78715179e-07 1.30349207e-09 1.00000000e-10
 1998 10 30 12 00 00  3.69427017e-03 2.24603552e-03 1.23895068e-03 8.87267308e-04 6.41757906e-04 3.58118111e-04 2.57339217e-04 2.17395607e-04 4.47206856e-04 1.29553202e-04 3.13904120e-03 4.68703583e-03 2.27359194e-04 6.70363319e-05 4.32582384e-05 1.28352249e-04 3.78389290e-05 6.47292356e-05 1.26735559e-04 7.41365307e-05 1.45907571e-04 1.79087220e-04 1.03259357e-04 7.27396261e-05 5.17873705e-06 8.81674496e-06 6.00832027e-06 2.54403864e-05 4.87896359e-06 1.72755006e-05 4.85143442e-05 3.84638028e-05 1.89579834e-05 4.98134240e-05 3.98562668e-05 1.39834869e-05 5.41261999e-05 6.66934682e-05 9.25487693e-06 4.61987777e-05 1.28314075e-04 2.88672687e-05 2.74383584e-04 4.11570162e-04 1.64628065e-05 2.10913624e-04 4.72260755e-05 3.77181103e-05 3.99696511e-04 5.82120503e-04 1.03448207e-04 3.16538009e-04 8.03011117e-05 2.68740030e-05 5.94759888e-05 3.03463823e-05 8.07364955e-07 2.38997160e-09 1.00000000e-10
 1998 10 31 12 00 00  3.71233562e-03 2.25857387e-03 1.24683284e-03 8.93125392e-04 6.46946480e-04 3.60325200e-04 2.59569800e-04 2.19869777e-04 4.53666336e-04 1.31415675e-04 3.19081440e-03 4.78265397e-03 2.30062779e-04 6.77698958e-05 4.36750257e-05 1.30328267e-04 3.83937731e-05 6.61497645e-05 1.28390479e-04 7.49834522e-05 1.48868243e-04 1.82864547e-04 1.04859982e-04 7.34866450e-05 5.21844959e-06 8.86888010e-06 6.02420041e-06 2.56438741e-05 4.89790618e-06 1.74182897e-05 4.92961725e-05 3.86932108e-05 1.94160879e-05 5.06193329e-05 4.09649248e-05 1.40596356e-05 5.56355911e-05 6.87596293e-05 9.29828675e-06 4.73643341e-05 1.32781618e-04 2.95846083e-05 2.82535122e-04 4.21773069e-04 1.68709228e-05 2.20187725e-04 5.02800511e-05 3.91092035e-05 4.14572038e-04 5.97522584e-04 1.06607099e-04 3.26958254e-04 8.22937032e-05 2.75988534e-05 6.11515146e-05 3.15005346e-05 8.62027656e-07 4.41127099e-09 1.00000000e-10
 1998 11 01 12 00 00  3.71852951e-03 2.26314128e-03 1.24968299e-03 8.95186049e-04 6.48740731e-04 3.61056841e-04 2.60326390e-04 2.20715651e-04 4.55879563e-04 1.32109255e-04 3.20852064e-03 4.81452420e-03 2.31033639e-04 6.80678527e-05 4.38304292e-05 1.31012726e-04 3.85728927e-05 6.66161301e-05 1.29050636e-04 7.53557601e-05 1.49850470e-04 1.84114399e-04 1.05397939e-04 7.38207294e-05 5.23132039e-06 8.98651488e-06 6.02946420e-06 2.57199650e-05 4.90618295e-06 1.74686637e-05 4.95652348e-05 3.87676409e-05 1.95636501e-05 5.09595973e-05 4.14496521e-05 1.40849559e-05 5.61671857e-05 6.94648805e-05 9.39618185e-06 4.79205165e-05 1.34313729e-04 2.98995379e-05 2.85796947e-04 4.26235627e-04 1.70494251e-05 2.23622180e-04 5.12785686e-05 3.97196593e-05 4.19854375e-04 6.03347825e-04 1.07841008e-04 3.33500166e-04 8.71596518e-05 2.93679692e-05 6.52361357e-05 3.42579611e-05 9.88688072e-07 9.74855823e-09 1.00000000e-10
 1998 11 02 12 00 00  3.72427474e-03 2.26676477e-03 1.25199165e-03 8.96964356e-04 6.50349045e-04 3.61786736e-04 2.61043591e-04 2.21502457e-04 4.57935055e-04 1.32626019e-04 3.22500834e-03 4.84639443e-03 2.31834052e-04 6.82399977e-05 4.39470154e-05 1.31622684e-04 3.87534703e-05 6.70842943e-05 1.29460800e-04 7.55171757e-05 1.50832997e-04 1.85366573e-04 1.05917321e-04 7.40786993e-05 5.24428287e-06 9.05111010e-06 6.03473491e-06 2.57847866e-05 4.90971943e-06 1.75100490e-05 4.98046373e-05 3.88425833e-05 1.97124944e-05 5.12356545e-05 4.16571042e-05 1.41102893e-05 5.66354747e-05 7.01208144e-05 9.44994390e-06 4.83131186e-05 1.35712289e-04 3.00356420e-05 2.88630028e-04 4.28147121e-04 1.71258849e-05 2.26272584e-04 5.22819581e-05 3.99832148e-05 4.24196629e-04 6.07934876e-04 1.08628893e-04 3.38333742e-04 8.97887583e-05 3.03239403e-05 6.74438367e-05 3.57543535e-05 1.05785473e-06 1.34752611e-08 1.95276550e-10
 1998 11 03 12 00 00  3.74144099e-03 2.27741296e-03 1.25879027e-03 9.02258178e-04 6.55166709e-04 3.63989474e-04 2.63195374e-04 2.23858840e-04 4.64080016e-04 1.34134889e-04 3.27433972e-03 4.94201332e-03 2.34197312e-04 6.87240157e-05 4.42867621e-05 1.33449940e-04 3.93102586e-05 6.85071922e-05 1.30625927e-04 7.59454328e-05 1.53799546e-04 1.89146983e-04 1.07480222e-04 7.48541891e-05 5.28411765e-06 9.24838241e-06 6.05062596e-06 2.59819564e-05 4.91916326e-06 1.76347494e-05 5.05328338e-05 3.90726666e-05 2.01723145e-05 5.20657691e-05 4.22106357e-05 1.41864599e-05 5.80434356e-05 7.20999126e-05 9.61407495e-06 4.94829529e-05 1.39933464e-04 3.03972629e-05 2.97195701e-04 4.33245530e-04 1.73298212e-05 2.34141317e-04 5.53424296e-05 4.06837644e-05 4.37188335e-04 6.21647059e-04 1.10900893e-04 3.53407479e-04 9.82247631e-05 3.33903454e-05 7.45204059e-05 4.04928051e-05 1.27274137e-06 2.47462783e-08 1.21884920e-09
 1998 11 04 12 00 00  3.77102343e-03 2.29713665e-03 1.27125636e-03 9.11697515e-04 6.63621232e-04 3.67675415e-04 2.66872940e-04 2.27919739e-04 4.74668559e-04 1.37020787e-04 3.35925181e-03 5.10138236e-03 2.38496506e-04 6.97954214e-05 4.49346056e-05 1.36665747e-04 4.02471371e-05 7.08896085e-05 1.33095839e-04 7.71007093e-05 1.58749191e-04 1.95461836e-04 1.10131530e-04 7.60609923e-05 5.35106883e-06 9.33743504e-06 6.07715665e-06 2.63149415e-05 4.94476590e-06 1.78636996e-05 5.18100797e-05 3.94592673e-05 2.09465332e-05 5.33778628e-05 4.37105453e-05 1.43135068e-05 6.04990416e-05 7.55023888e-05 9.68813401e-06 5.13228357e-05 1.47262648e-04 3.13738215e-05 3.10654749e-04 4.47056686e-04 1.78822674e-05 2.48745050e-04 6.04729867e-05 4.25762992e-05 4.60978383e-04 6.46174076e-04 1.15643438e-04 3.71368085e-04 1.02258249e-04 3.48559437e-05 7.79000688e-05 4.27251644e-05 1.37176866e-06 2.97731397e-08 1.67110308e-09
 1998 11 05 12 00 00  3.79207660e-03 2.31021476e-03 1.27960444e-03 9.18220756e-04 6.69570342e-04 3.70381561e-04 2.69517185e-04 2.30817222e-04 4.82212759e-04 1.38878412e-04 3.41981192e-03 5.21825701e-03 2.41401905e-04 7.03992382e-05 4.53534885e-05 1.38923386e-04 4.09424334e-05 7.26468337e-05 1.34553530e-04 7.76414468e-05 1.62391264e-04 2.00105836e-04 1.12052496e-04 7.69546642e-05 5.40068686e-06 9.48938177e-06 6.09665585e-06 2.65552873e-05 4.95653876e-06 1.80196595e-05 5.27135155e-05 3.97456577e-05 2.15215783e-05 5.43487161e-05 4.44015634e-05 1.44067628e-05 6.22308275e-05 7.79432155e-05 9.81452104e-06 5.26512140e-05 1.52481599e-04 3.18291713e-05 3.20769408e-04 4.53426350e-04 1.81370540e-05 2.58456257e-04 6.42630039e-05 4.34576272e-05 4.77141416e-04 6.62951691e-04 1.18484788e-04 3.87326663e-04 1.08983793e-04 3.73000727e-05 8.35379333e-05 4.64692659e-05 1.53932845e-06 3.83927492e-08 2.44958365e-09
 1998 11 06 12 00 00  3.79088058e-03 2.31039538e-03 1.27963607e-03 9.18095090e-04 6.69380866e-04 3.70158809e-04 2.69353030e-04 2.30662493e-04 4.81796108e-04 1.38969444e-04 3.41637190e-03 5.20764068e-03 2.41395986e-04 7.05378592e-05 4.53748043e-05 1.38858567e-04 4.08993947e-05 7.25118152e-05 1.34828013e-04 7.79106282e-05 1.62082343e-04 1.99715708e-04 1.11919251e-04 7.68446475e-05 5.39744542e-06 9.34280979e-06 6.09498748e-06 2.65433255e-05 4.96218381e-06 1.80231323e-05 5.26874163e-05 3.97266791e-05 2.14870990e-05 5.42398623e-05 4.47342638e-05 1.43985046e-05 6.21677783e-05 7.78179673e-05 9.69252869e-06 5.25079445e-05 1.52273082e-04 3.20540566e-05 3.19537486e-04 4.56500207e-04 1.82600083e-05 2.58734031e-04 6.39859005e-05 4.38917516e-05 4.77393092e-04 6.62934286e-04 1.18942094e-04 3.82287373e-04 1.03041184e-04 3.51392198e-05 7.85474140e-05 4.30833866e-05 1.38259189e-06 2.99304389e-08 1.67493663e-09
 1998 11 07 12 00 00  3.77436877e-03 2.29817356e-03 1.27201667e-03 9.12616571e-04 6.64628484e-04 3.68212704e-04 2.67342051e-04 2.28416086e-04 4.75910102e-04 1.37115371e-04 3.36922066e-03 5.12265638e-03 2.38808304e-04 6.97528111e-05 4.49630060e-05 1.37045511e-04 4.04269114e-05 7.12745124e-05 1.33116925e-04 7.69294915e-05 1.59479354e-04 1.96391006e-04 1.10487670e-04 7.62266872e-05 5.36344960e-06 9.41076578e-06 6.08097907e-06 2.63671950e-05 4.93979569e-06 1.78899431e-05 5.19799856e-05 3.95300158e-05 2.10981743e-05 5.35665540e-05 4.34266869e-05 1.43310419e-05 6.07930786e-05 7.59645853e-05 9.74902941e-06 5.15250284e-05 1.48244544e-04 3.12193733e-05 3.12807626e-04 4.44480908e-04 1.77792363e-05 2.49851293e-04 6.13405136e-05 4.22707613e-05 4.63409186e-04 6.48683153e-04 1.15687718e-04 3.76856171e-04 1.06204654e-04 3.62884981e-05 8.11967101e-05 4.48223151e-05 1.45892684e-06 3.37431800e-08 2.01632222e-09
 1998 11 08 12 00 00  3.75700830e-03 2.28698622e-03 1.26491404e-03 9.07216613e-04 6.59782438e-04 3.66027647e-04 2.65185746e-04 2.26047957e-04 4.69714042e-04 1.35509076e-04 3.31947106e-03 5.02704643e-03 2.36358802e-04 6.92093457e-05 4.46045851e-05 1.35206406e-04 3.98909993e-05 6.98771910e-05 1.31862519e-04 7.63956050e-05 1.56546070e-04 1.92643757e-04 1.08927234e-04 7.56379826e-05 5.32492850e-06 9.49134774e-06 6.06519643e-06 2.61903061e-05 4.92748659e-06 1.77643548e-05 5.12606339e-05 3.93072289e-05 2.06567755e-05 5.28983560e-05 4.27085150e-05 1.42550998e-05 5.94032815e-05 7.40054120e-05 9.81603662e-06 5.06796671e-05 1.44059443e-04 3.07641225e-05 3.05685682e-04 4.37883472e-04 1.75153389e-05 2.41888318e-04 5.83498389e-05 4.13859758e-05 4.50214387e-04 6.35562432e-04 1.13230764e-04 3.70991496e-04 1.09909569e-04 3.76345837e-05 8.43001744e-05 4.68651586e-05 1.54903002e-06 3.82770047e-08 2.42316585e-09
 1998 11 09 12 00 00  3.73932327e-03 2.27512593e-03 1.25742638e-03 9.01614326e-04 6.54802090e-04 3.63838695e-04 2.63000474e-04 2.23637420e-04 4.63405927e-04 1.33777349e-04 3.26883457e-03 4.93143685e-03 2.33788996e-04 6.85799911e-05 4.42196049e-05 1.33313261e-04 3.93531518e-05 6.84775063e-05 1.30443641e-04 7.57173460e-05 1.53610435e-04 1.88893456e-04 1.07351841e-04 7.50257460e-05 5.28628552e-06 9.57880548e-06 6.04940396e-06 2.60075850e-05 4.91179017e-06 1.76319436e-05 5.05169707e-05 3.90837726e-05 2.02136696e-05 5.22106927e-05 4.17931122e-05 1.41791345e-05 5.79697314e-05 7.20093954e-05 9.88876636e-06 4.97755578e-05 1.39773809e-04 3.01852881e-05 2.98468146e-04 4.29475958e-04 1.71790383e-05 2.33382776e-04 5.53527032e-05 4.02607082e-05 4.36327730e-04 6.21678103e-04 1.10463500e-04 3.65265340e-04 1.13898472e-04 3.90839195e-05 8.76420363e-05 4.90690005e-05 1.64653300e-06 4.32064354e-08 2.86612600e-09
 1998 11 10 12 00 00  3.72527447e-03 2.26529016e-03 1.25125120e-03 8.97069903e-04 6.50802178e-04 3.62134594e-04 2.61274160e-04 2.21722550e-04 4.58393933e-04 1.32315413e-04 3.22864570e-03 4.85707372e-03 2.31678424e-04 6.80062935e-05 4.38942478e-05 1.31790356e-04 3.89353605e-05 6.73895003e-05 1.29167210e-04 7.50493724e-05 1.51324581e-04 1.85977384e-04 1.06114136e-04 7.44377766e-05 5.25626419e-06 9.52521368e-06 6.03712360e-06 2.58522306e-05 4.89653103e-06 1.75229571e-05 4.99173194e-05 3.89101595e-05 1.98695037e-05 5.15808828e-05 4.09020053e-05 1.41200580e-05 5.68041990e-05 7.04195611e-05 9.84414146e-06 4.88515569e-05 1.36342996e-04 2.96168786e-05 2.92129834e-04 4.21285423e-04 1.68514169e-05 2.26195152e-04 5.30233723e-05 3.91567446e-05 4.24899307e-04 6.09787045e-04 1.08013080e-04 3.56966317e-04 1.11860458e-04 3.83425198e-05 8.59281168e-05 4.78868387e-05 1.59043457e-06 4.00756917e-08 2.57701309e-09
 1998 11 11 12 00 00  3.71573845e-03 2.25928802e-03 1.24742919e-03 8.94142634e-04 6.48164367e-04 3.60922372e-04 2.60087618e-04 2.20423934e-04 4.54994488e-04 1.31464031e-04 3.20131766e-03 4.80395742e-03 2.30358942e-04 6.77378499e-05 4.37053497e-05 1.30790182e-04 3.86386033e-05 6.66144129e-05 1.28544540e-04 7.48075196e-05 1.49692436e-04 1.83897131e-04 1.05252436e-04 7.40139998e-05 5.23492454e-06 9.42156112e-06 6.02836008e-06 2.57466724e-05 4.89072845e-06 1.74556535e-05 4.95190223e-05 3.87867331e-05 1.96251378e-05 5.11288098e-05 4.05648141e-05 1.40778779e-05 5.60309734e-05 6.93369204e-05 9.75787189e-06 4.82106811e-05 1.34040869e-04 2.94087775e-05 2.87461470e-04 4.18194910e-04 1.67277964e-05 2.21858664e-04 5.13651350e-05 3.87511071e-05 4.17823800e-04 6.02324160e-04 1.06766927e-04 3.49099756e-04 1.07649781e-04 3.68114532e-05 8.23921935e-05 4.54890238e-05 1.47952034e-06 3.40935486e-08 2.02955590e-09
 1998 11 12 12 00 00  3.71672764e-03 2.26130141e-03 1.24858632e-03 8.94772197e-04 6.48599598e-04 3.60936205e-04 2.60180731e-04 2.20560793e-04 4.55349891e-04 1.31842660e-04 3.20405972e-03 4.80396114e-03 2.30727478e-04 6.80108830e-05 4.37894552e-05 1.30964432e-04 3.86463682e-05 6.66239299e-05 1.29095880e-04 7.52623775e-05 1.49699914e-04 1.83909485e-04 1.05299083e-04 7.40269116e-05 5.23541348e-06 9.31867689e-06 6.02840082e-06 2.57601024e-05 4.90076272e-06 1.74770487e-05 4.95854339e-05 3.87894514e-05 1.96319932e-05 5.11412936e-05 4.11529472e-05 1.40779637e-05 5.61553223e-05 6.94484912e-05 9.67225424e-06 4.82833841e-05 1.34350024e-04 2.97928840e-05 2.87341352e-04 4.23611894e-04 1.69444758e-05 2.23465816e-04 5.13911247e-05 3.94952542e-05 4.19999840e-04 6.04466290e-04 1.07749485e-04 3.46183726e-04 1.03373159e-04 3.52566502e-05 7.88026381e-05 4.30687287e-05 1.36855470e-06 2.81819858e-08 1.49037440e-09
 1998 11 13 12 00 00  3.71703814e-03 2.26193467e-03 1.24894954e-03 8.94968104e-04 6.48733686e-04 3.60940940e-04 2.60209596e-04 2.20602950e-04 4.55459679e-04 1.31961288e-04 3.20491764e-03 4.80396226e-03 2.30842301e-04 6.80943755e-05 4.38152172e-05 1.31018245e-04 3.86492844e-05 6.66275038e-05 1.29260010e-04 7.54019187e-05 1.49701145e-04 1.83914113e-04 1.05313957e-04 7.39835629e-05 5.23559684e-06 9.22032123e-06 6.02841574e-06 2.57600437e-05 4.90392958e-06 1.74837756e-05 4.96056800e-05 3.87904700e-05 1.96345645e-05 5.11048960e-05 4.13380127e-05 1.40779957e-05 5.61880330e-05 6.94805713e-05 9.59042372e-06 4.82188973e-05 1.34441645e-04 2.99114559e-05 2.86970517e-04 4.25313528e-04 1.70125411e-05 2.23926712e-04 5.14008570e-05 3.97254276e-05 4.20678868e-04 6.04926415e-04 1.08051634e-04 3.43150795e-04 9.91639383e-05 3.37266483e-05 7.52717778e-05 4.07049163e-05 1.26138864e-06 2.25634309e-08 9.80189174e-10
 1998 11 14 12 00 00  3.71693264e-03 2.26173534e-03 1.24883453e-03 8.94899523e-04 6.48681728e-04 3.60937133e-04 2.60198260e-04 2.20586921e-04 4.55420212e-04 1.31923492e-04 3.20461285e-03 4.80396077e-03 2.30804750e-04 6.80664876e-05 4.38066544e-05 1.30997455e-04 3.86458851e-05 6.66233420e-05 1.29200402e-04 7.53560569e-05 1.49693399e-04 1.83908709e-04 1.05307652e-04 7.38779920e-05 5.23538329e-06 9.08728325e-06 6.02839791e-06 2.57485282e-05 4.90295279e-06 1.74811302e-05 4.95923093e-05 3.87892796e-05 1.96315668e-05 5.10152750e-05 4.12805413e-05 1.40779579e-05 5.61577842e-05 6.94580988e-05 9.47975059e-06 4.80213950e-05 1.34387059e-04 2.98730185e-05 2.86238084e-04 4.24783122e-04 1.69913249e-05 2.23654145e-04 5.13894949e-05 3.96511488e-05 4.20423450e-04 6.04225261e-04 1.07947665e-04 3.38800543e-04 9.33641633e-05 3.16187472e-05 7.04085034e-05 3.74635289e-05 1.11547795e-06 1.49923652e-08 2.94716784e-10
 1998 11 15 12 00 00  3.71121851e-03 2.25825874e-03 1.24660822e-03 8.93133958e-04 6.47057993e-04 3.60194697e-04 2.59476474e-04 2.19796966e-04 4.53368227e-04 1.31432885e-04 3.18814507e-03 4.77208346e-03 2.30025930e-04 6.79107884e-05 4.36952631e-05 1.30381346e-04 3.84512299e-05 6.61379250e-05 1.28814258e-04 7.52251013e-05 1.48693892e-04 1.82634165e-04 1.04782332e-04 7.36381616e-05 5.22153459e-06 9.04988701e-06 6.02305372e-06 2.56823690e-05 4.90023376e-06 1.74384170e-05 4.93446933e-05 3.87094129e-05 1.94702938e-05 5.07528882e-05 4.11201007e-05 1.40524688e-05 5.56860253e-05 6.87891256e-05 9.44866406e-06 4.76695500e-05 1.32955883e-04 2.97638326e-05 2.83486229e-04 4.23299901e-04 1.69319960e-05 2.21043179e-04 5.03390329e-05 3.94405186e-05 4.16023617e-04 5.99680050e-04 1.07198296e-04 3.34430370e-04 9.15829636e-05 3.09717314e-05 6.89174436e-05 3.64898800e-05 1.07310795e-06 1.29050928e-08 1.08601927e-10
 1998 11 16 12 00 00  3.69873031e-03 2.24906314e-03 1.24087028e-03 8.88938517e-04 6.43377801e-04 3.58707009e-04 2.57941238e-04 2.18079331e-04 4.48894477e-04 1.30032314e-04 3.15234159e-03 4.70833182e-03 2.28065201e-04 6.73034246e-05 4.33810998e-05 1.28975607e-04 3.80667683e-05 6.51730516e-05 1.27460868e-04 7.44662189e-05 1.46702089e-04 1.80092788e-04 1.03688549e-04 7.31107344e-05 5.19414243e-06 9.03333348e-06 6.01239117e-06 2.55358682e-05 4.88351361e-06 1.73320147e-05 4.87849895e-05 3.85513762e-05 1.91520376e-05 5.01885141e-05 4.01399622e-05 1.40015458e-05 5.46129781e-05 6.73459552e-05 9.43492341e-06 4.68210029e-05 1.29800343e-04 2.91231583e-05 2.77909937e-04 4.14271579e-04 1.65708632e-05 2.14094606e-04 4.82543372e-05 3.81994323e-05 4.05024155e-04 5.88258705e-04 1.04651482e-04 3.27530992e-04 9.06516310e-05 3.06337328e-05 6.81399989e-05 3.59997075e-05 1.05306956e-06 1.20198774e-08 3.24343219e-11
 1998 11 17 12 00 00  3.68931264e-03 2.24347950e-03 1.23728116e-03 8.86064085e-04 6.40720333e-04 3.57471671e-04 2.56748710e-04 2.16777990e-04 4.45513407e-04 1.29254461e-04 3.12519262e-03 4.65520397e-03 2.26806304e-04 6.70733168e-05 4.32044849e-05 1.27968246e-04 3.77437944e-05 6.43658219e-05 1.26878182e-04 7.42966251e-05 1.45037894e-04 1.77970861e-04 1.02818331e-04 7.27142523e-05 5.17115259e-06 8.96222191e-06 6.00349231e-06 2.54273721e-05 4.88002406e-06 1.72632185e-05 4.83796902e-05 3.84187733e-05 1.88845384e-05 4.97542521e-05 3.99338780e-05 1.39590804e-05 5.38406458e-05 6.62438915e-05 9.37579534e-06 4.62455751e-05 1.27450506e-04 2.89820251e-05 2.73324770e-04 4.12365278e-04 1.64946111e-05 2.09918032e-04 4.65084275e-05 3.79273552e-05 3.97931568e-04 5.80927618e-04 1.03508916e-04 3.20038083e-04 8.73534786e-05 2.94354955e-05 6.53777161e-05 3.41850755e-05 9.73298262e-07 8.02664317e-09 1.00000000e-10
 1998 11 18 12 00 00  3.68693878e-03 2.24139736e-03 1.23600679e-03 8.85172250e-04 6.39958934e-04 3.57213461e-04 2.56460788e-04 2.16446048e-04 4.44655831e-04 1.28916190e-04 3.11837544e-03 4.64457460e-03 2.26374413e-04 6.68919380e-05 4.31275751e-05 1.27674916e-04 3.76706594e-05 6.41939114e-05 1.26478579e-04 7.40389398e-05 1.44692072e-04 1.77532909e-04 1.02618726e-04 7.25330767e-05 5.16601758e-06 8.86727576e-06 6.00166895e-06 2.53890852e-05 4.87456127e-06 1.72381243e-05 4.82594199e-05 3.83892650e-05 1.88235019e-05 4.95794136e-05 3.96122836e-05 1.39504962e-05 5.36076304e-05 6.59553531e-05 9.29682865e-06 4.59210619e-05 1.26799306e-04 2.87662522e-05 2.71774541e-04 4.09396016e-04 1.63758406e-05 2.08187637e-04 4.61306830e-05 3.75105010e-05 3.95382260e-04 5.77938824e-04 1.02787872e-04 3.15693100e-04 8.30931605e-05 2.78873871e-05 6.18073454e-05 3.18215924e-05 8.68077353e-07 4.23029576e-09 1.00000000e-10
 1998 11 19 12 00 00  3.68962644e-03 2.23868192e-03 1.23467442e-03 8.85012576e-04 6.40259775e-04 3.57919236e-04 2.56900279e-04 2.16819345e-04 4.45621470e-04 1.28242397e-04 3.12647804e-03 4.67644334e-03 2.26020690e-04 6.62065756e-05 4.29798864e-05 1.27761549e-04 3.78478318e-05 6.46578846e-05 1.25162779e-04 7.27680512e-05 1.45667768e-04 1.78779650e-04 1.03004564e-04 7.24899040e-05 5.17876579e-06 8.87855203e-06 6.00692183e-06 2.53934309e-05 4.84639895e-06 1.72161905e-05 4.82996040e-05 3.84630112e-05 1.89693455e-05 4.95984973e-05 3.79624107e-05 1.39757918e-05 5.36680836e-05 6.62733697e-05 9.30624374e-06 4.56016460e-05 1.27271713e-04 2.76919862e-05 2.73191031e-04 3.94203951e-04 1.57681580e-05 2.05668048e-04 4.71226871e-05 3.54286312e-05 3.93170321e-04 5.74904321e-04 1.00520790e-04 3.18240416e-04 8.33424871e-05 2.79785691e-05 6.20204660e-05 3.19959753e-05 8.78268543e-07 4.69253507e-09 1.00000000e-10
 1998 11 20 12 00 00  3.69072182e-03 2.24100331e-03 1.23600451e-03 8.85697887e-04 6.40704414e-04 3.57921828e-04 2.56994515e-04 2.16960929e-04 4.46002340e-04 1.28676210e-04 3.12943714e-03 4.67644110e-03 2.26437186e-04 6.65115622e-05 4.30740837e-05 1.27939928e-04 3.78424942e-05 6.46513421e-05 1.25760244e-04 7.32805289e-05 1.45663482e-04 1.78771169e-04 1.03048977e-04 7.26383660e-05 5.17842927e-06 8.95703270e-06 6.00689345e-06 2.54170036e-05 4.85808669e-06 1.72377938e-05 4.83707283e-05 3.84611398e-05 1.89646336e-05 4.97229473e-05 3.86450789e-05 1.39757351e-05 5.38163740e-05 6.63886131e-05 9.37156874e-06 4.59328393e-05 1.27586141e-04 2.81279150e-05 2.73970693e-04 4.00479274e-04 1.60191710e-05 2.07542954e-04 4.71048290e-05 3.62751947e-05 3.95436332e-04 5.77736423e-04 1.01600806e-04 3.20682271e-04 8.64997330e-05 2.91266690e-05 6.46723182e-05 3.37987004e-05 9.61970886e-07 7.90138834e-09 1.00000000e-10
 1998 11 21 12 00 00  3.68297794e-03 2.23604564e-03 1.23285350e-03 8.83271941e-04 6.38510613e-04 3.56939907e-04 2.56026751e-04 2.15897274e-04 4.43229770e-04 1.27963220e-04 3.10718892e-03 4.63394299e-03 2.25345365e-04 6.62660665e-05 4.29137316e-05 1.27106721e-04 3.75926611e-05 6.40160346e-05 1.25181566e-04 7.30397878e-05 1.44344127e-04 1.77087218e-04 1.02348199e-04 7.23425400e-05 5.16057589e-06 8.95150879e-06 5.99981904e-06 2.53320441e-05 4.85277342e-06 1.71797029e-05 4.80401807e-05 3.83580511e-05 1.87581769e-05 4.93948675e-05 3.83336825e-05 1.39418567e-05 5.31824781e-05 6.54978735e-05 9.36696888e-06 4.54972973e-05 1.25676413e-04 2.79246044e-05 2.70527513e-04 3.97611203e-04 1.59044481e-05 2.03903514e-04 4.57366870e-05 3.58813006e-05 3.89399263e-04 5.71605094e-04 1.00479403e-04 3.16552998e-04 8.62851255e-05 2.90486103e-05 6.44919291e-05 3.36749682e-05 9.56147653e-07 7.57990897e-09 1.00000000e-10
 1998 11 22 12 00 00  3.67711161e-03 2.23218267e-03 1.23040775e-03 8.81417624e-04 6.36848762e-04 3.56206585e-04 2.55297771e-04 2.15093815e-04 4.41131873e-04 1.27401757e-04 3.09036156e-03 4.60207090e-03 2.24501739e-04 6.60636406e-05 4.27877854e-05 1.26475186e-04 3.74091731e-05 6.35443139e-05 1.24714545e-04 7.28277548e-05 1.43361569e-04 1.75830432e-04 1.01822108e-04 7.21752323e-05 5.14742969e-06 9.02912070e-06 5.99453269e-06 2.52736111e-05 4.84803968e-06 1.71354822e-05 4.77939197e-05 3.82820901e-05 1.86067613e-05 4.91954097e-05 3.80565791e-05 1.39164898e-05 5.27108125e-05 6.48325514e-05 9.43152991e-06 4.52659175e-05 1.24246638e-04 2.77450861e-05 2.68358667e-04 3.95060768e-04 1.58024307e-05 2.01138558e-04 4.47235710e-05 3.55332159e-05 3.84781949e-04 5.67152501e-04 9.95786188e-05 3.16129667e-04 8.96859821e-05 3.02845932e-05 6.73433487e-05 3.55731279e-05 1.04142501e-06 1.19919964e-08 4.47463400e-11
 1998 11 23 12 00 00  3.68103151e-03 2.23472573e-03 1.23202076e-03 8.82663421e-04 6.37977710e-04 3.56703589e-04 2.55789086e-04 2.15635040e-04 4.42537935e-04 1.27770771e-04 3.10164468e-03 4.62332293e-03 2.25061195e-04 6.61957375e-05 4.28708021e-05 1.26904644e-04 3.75404023e-05 6.38697005e-05 1.25025941e-04 7.29626161e-05 1.44030885e-04 1.76682443e-04 1.02177825e-04 7.23758416e-05 5.15675420e-06 9.09615701e-06 5.99810337e-06 2.53228024e-05 4.85098535e-06 1.71663758e-05 4.79695184e-05 3.83358478e-05 1.87155601e-05 4.94044117e-05 3.82293947e-05 1.39334981e-05 5.30455576e-05 6.52943282e-05 9.48727029e-06 4.55798702e-05 1.25241545e-04 2.78587191e-05 2.70455496e-04 3.96653464e-04 1.58661385e-05 2.03095103e-04 4.54287510e-05 3.57532059e-05 3.87955567e-04 5.70589048e-04 1.00181865e-04 3.20498134e-04 9.27933103e-05 3.14135053e-05 6.99458407e-05 3.72830126e-05 1.11660836e-06 1.57568628e-08 3.82103638e-10
 1998 11 24 12 00 00  3.69713035e-03 2.24586853e-03 1.23902806e-03 8.87904150e-04 6.42637940e-04 3.58679087e-04 2.57783376e-04 2.17847731e-04 4.48302616e-04 1.29427472e-04 3.14784607e-03 4.70832326e-03 2.27469619e-04 6.68516784e-05 4.32423307e-05 1.28680322e-04 3.80483194e-05 6.51504437e-05 1.26516638e-04 7.37186579e-05 1.46684469e-04 1.80063466e-04 1.03609972e-04 7.31409728e-05 5.19298119e-06 9.27212095e-06 6.01229622e-06 2.55167711e-05 4.86772115e-06 1.72962067e-05 4.86822778e-05 3.85449181e-05 1.91357598e-05 5.02079222e-05 3.92099784e-05 1.40013464e-05 5.44169789e-05 6.71605653e-05 9.63364218e-06 4.67971120e-05 1.29283596e-04 2.84976471e-05 2.78447324e-04 4.05683308e-04 1.62273323e-05 2.11525418e-04 4.81926458e-05 3.69913236e-05 4.01396811e-04 5.84911923e-04 1.03024214e-04 3.34357796e-04 1.00527349e-04 3.42242563e-05 7.64299947e-05 4.15963144e-05 1.31016292e-06 2.57536897e-08 1.28600623e-09
 1998 11 25 12 00 00  3.71993014e-03 2.26257421e-03 1.24945710e-03 8.95528068e-04 6.49323983e-04 3.61400194e-04 2.60584777e-04 2.20978303e-04 4.56462679e-04 1.31964689e-04 3.21318504e-03 4.82519902e-03 2.31031373e-04 6.79373506e-05 4.38098835e-05 1.31233418e-04 3.87470121e-05 6.69118366e-05 1.28929193e-04 7.50660023e-05 1.50331050e-04 1.84712873e-04 1.05607928e-04 7.41738444e-05 5.24281240e-06 9.40760074e-06 6.03181215e-06 2.57886800e-05 4.89767699e-06 1.74883361e-05 4.97030719e-05 3.88324988e-05 1.97138012e-05 5.12964848e-05 4.09642933e-05 1.40946388e-05 5.63789012e-05 6.97932461e-05 9.74631912e-06 4.84702321e-05 1.35029179e-04 2.96373619e-05 2.89141436e-04 4.21833829e-04 1.68733532e-05 2.24159481e-04 5.19940106e-05 3.92005488e-05 4.21286579e-04 6.05877393e-04 1.07587772e-04 3.50159602e-04 1.06618807e-04 3.64377334e-05 8.15347572e-05 4.49739267e-05 1.46041565e-06 3.34135450e-08 1.97600336e-09
 1998 11 26 12 00 00  3.74456944e-03 2.28029588e-03 1.26054617e-03 9.03699387e-04 6.56525479e-04 3.64369644e-04 2.63621472e-04 2.24363873e-04 4.65283730e-04 1.34638614e-04 3.28384024e-03 4.95270118e-03 2.34826886e-04 6.90552101e-05 4.44084895e-05 1.33981597e-04 3.95120529e-05 6.88368164e-05 1.31430260e-04 7.64239288e-05 1.54311750e-04 1.89789450e-04 1.07778934e-04 7.52575248e-05 5.29735189e-06 9.52204427e-06 6.05311798e-06 2.60796159e-05 4.92781946e-06 1.76935494e-05 5.08026897e-05 3.91472160e-05 2.03468880e-05 5.24478941e-05 4.27298510e-05 1.41964440e-05 5.84872020e-05 7.26419614e-05 9.84147991e-06 5.02031020e-05 1.41233682e-04 3.07856273e-05 3.00565534e-04 4.38089438e-04 1.75235775e-05 2.37535338e-04 5.61504217e-05 4.14260925e-05 4.42514249e-04 6.28104934e-04 1.12333371e-04 3.66389154e-04 1.11904475e-04 3.83580915e-05 8.59619815e-05 4.78850960e-05 1.58859575e-06 3.98460500e-08 2.55276653e-09
 1998 11 27 12 00 00  3.76677131e-03 2.29570710e-03 1.27023396e-03 9.10951142e-04 6.62977842e-04 3.67093732e-04 2.66373832e-04 2.27419442e-04 4.73238020e-04 1.36934263e-04 3.34758562e-03 5.06958067e-03 2.38157776e-04 6.99712698e-05 4.49236291e-05 1.36440956e-04 4.02185164e-05 7.06077262e-05 1.33512131e-04 7.74854037e-05 1.57965583e-04 1.94451209e-04 1.09755155e-04 7.61775778e-05 5.34767241e-06 9.56730000e-06 6.07267393e-06 2.63368296e-05 4.95123240e-06 1.78745506e-05 5.17873112e-05 3.94375151e-05 2.09317848e-05 5.34419294e-05 4.41021926e-05 1.42898221e-05 6.03669082e-05 7.52154755e-05 9.87904132e-06 5.16349883e-05 1.46818492e-04 3.16819845e-05 3.10616049e-04 4.50729545e-04 1.80291818e-05 2.49125393e-04 5.99777792e-05 4.31626133e-05 4.61207820e-04 6.47419946e-04 1.16303339e-04 3.79591042e-04 1.14481536e-04 3.92933047e-05 8.81128160e-05 4.92379824e-05 1.64365672e-06 4.22578054e-08 2.75966059e-09
 1998 11 28 12 00 00  3.78033459e-03 2.30427172e-03 1.27568802e-03 9.15216099e-04 6.66870111e-04 3.68832872e-04 2.68080744e-04 2.29294835e-04 4.78107434e-04 1.38163664e-04 3.38665965e-03 5.14396243e-03 2.40057168e-04 7.03926379e-05 4.52014738e-05 1.37920214e-04 4.06785373e-05 7.17474788e-05 1.34525834e-04 7.78878049e-05 1.60304511e-04 1.97434376e-04 1.10993814e-04 7.67410890e-05 5.38035201e-06 9.63077691e-06 6.08517330e-06 2.64952403e-05 4.95983259e-06 1.79796628e-05 5.23854560e-05 3.96259100e-05 2.13132211e-05 5.40577708e-05 4.46079939e-05 1.43493584e-05 6.15000630e-05 7.68071475e-05 9.93179056e-06 5.24723801e-05 1.50241272e-04 3.20195104e-05 3.17030986e-04 4.55397217e-04 1.82158887e-05 2.55599468e-04 6.24483218e-05 4.38150397e-05 4.72002395e-04 6.58540833e-04 1.18268370e-04 3.89151627e-04 1.17637712e-04 4.04394956e-05 9.07528545e-05 5.09456549e-05 1.71676825e-06 4.57647928e-08 3.06979828e-09
 1998 11 29 12 00 00  3.78717832e-03 2.31000520e-03 1.27921207e-03 9.17703350e-04 6.69004551e-04 3.69598007e-04 2.68912545e-04 2.30244499e-04 4.80568310e-04 1.39079201e-04 3.40629150e-03 5.17584756e-03 2.41251231e-04 7.08549156e-05 4.54072566e-05 1.38740844e-04 4.08897060e-05 7.22531229e-05 1.35534923e-04 7.85281649e-05 1.61325403e-04 1.98735163e-04 1.11576344e-04 7.70883682e-05 5.39523971e-06 9.67760134e-06 6.09060335e-06 2.65869643e-05 4.97376132e-06 1.80478451e-05 5.27192721e-05 3.97115567e-05 2.14890577e-05 5.44135601e-05 4.54256136e-05 1.43750251e-05 6.21328852e-05 7.76194848e-05 9.97069001e-06 5.30737512e-05 1.52060933e-04 3.25586327e-05 3.20329655e-04 4.62934348e-04 1.85173739e-05 2.60145885e-04 6.35539880e-05 4.48584498e-05 4.78950085e-04 6.65984660e-04 1.20132561e-04 3.94360975e-04 1.20045812e-04 4.13138519e-05 9.27659825e-05 5.22384438e-05 1.77141777e-06 4.83301321e-08 3.29510073e-09
 1998 11 30 12 00 00  3.79780621e-03 2.31804086e-03 1.28420953e-03 9.21346264e-04 6.72194909e-04 3.70853025e-04 2.70219586e-04 2.31713121e-04 4.84382427e-04 1.40317636e-04 3.43680146e-03 5.22898063e-03 2.42957953e-04 7.14140636e-05 4.56852775e-05 1.39961767e-04 4.12252994e-05 7.30758300e-05 1.36777074e-04 7.92461680e-05 1.63003106e-04 2.00877139e-04 1.12505217e-04 7.75142397e-05 5.41902409e-06 9.64127248e-06 6.09956769e-06 2.67137584e-05 4.98947593e-06 1.81431595e-05 5.32105665e-05 3.98485747e-05 2.17676949e-05 5.48744481e-05 4.63474629e-05 1.44176287e-05 6.30620124e-05 7.88625843e-05 9.94041475e-06 5.37612593e-05 1.54799226e-04 3.31639283e-05 3.24878391e-04 4.71429129e-04 1.88571652e-05 2.66306265e-04 6.53420924e-05 4.60304436e-05 4.88718562e-04 6.76001616e-04 1.22465411e-04 3.98864793e-04 1.18846499e-04 4.08770724e-05 9.17539004e-05 5.15125699e-05 1.73502715e-06 4.61585643e-08 3.09119699e-09
 1998 12 01 12 00 00  3.80953863e-03 2.32559214e-03 1.28900519e-03 9.25069903e-04 6.75579795e-04 3.72346520e-04 2.71693247e-04 2.33335751e-04 4.88594601e-04 1.41410899e-04 3.47059427e-03 5.29273748e-03 2.44624553e-04 7.18031942e-05 4.59320483e-05 1.41249228e-04 4.16218973e-05 7.40555697e-05 1.37701320e-04 7.96375447e-05 1.65008874e-04 2.03437791e-04 1.13572704e-04 7.79526405e-05 5.44718023e-06 9.62106933e-06 6.11029318e-06 2.68471743e-05 4.99789130e-06 1.82357464e-05 5.37299805e-05 4.00108634e-05 2.20966598e-05 5.53650937e-05 4.68420563e-05 1.44686841e-05 6.40411556e-05 8.02374043e-05 9.92356654e-06 5.44020343e-05 1.57764649e-04 3.34926212e-05 3.30048774e-04 4.75991625e-04 1.90396650e-05 2.71989214e-04 6.74673705e-05 4.66660713e-05 4.98215626e-04 6.85570659e-04 1.24252775e-04 4.04660595e-04 1.18252068e-04 4.06603625e-05 9.12506603e-05 5.11389374e-05 1.71544056e-06 4.49312083e-08 2.97464133e-09
 1998 12 02 12 00 00  3.81555893e-03 2.32963161e-03 1.29155560e-03 9.27033376e-04 6.77356584e-04 3.73103346e-04 2.72448960e-04 2.34172578e-04 4.90760047e-04 1.42007856e-04 3.48795671e-03 5.32462150e-03 2.45508945e-04 7.20347954e-05 4.60667801e-05 1.41926757e-04 4.18301468e-05 7.45576515e-05 1.38242171e-04 7.98932509e-05 1.66022720e-04 2.04733961e-04 1.14118237e-04 7.81427282e-05 5.46188458e-06 9.54988791e-06 6.11570795e-06 2.69152651e-05 5.00336500e-06 1.82865725e-05 5.40058180e-05 4.00954887e-05 2.22699295e-05 5.55873669e-05 4.71639651e-05 1.44943202e-05 6.45518338e-05 8.09508085e-05 9.86432569e-06 5.46731905e-05 1.59318420e-04 3.37071804e-05 3.32429951e-04 4.78962006e-04 1.91584803e-05 2.75069200e-04 6.85633044e-05 4.70808562e-05 5.03377086e-04 6.90610972e-04 1.25292702e-04 4.05760283e-04 1.15332784e-04 3.95989346e-05 8.87996828e-05 4.94808105e-05 1.63902301e-06 4.08305212e-08 2.59988298e-09
 1998 12 03 12 00 00  3.80794750e-03 2.32480992e-03 1.28848615e-03 9.24703345e-04 6.75268051e-04 3.72143902e-04 2.71505727e-04 2.33139311e-04 4.88047687e-04 1.41322867e-04 3.46618268e-03 5.28213382e-03 2.44450674e-04 7.18137956e-05 4.59137575e-05 1.41135622e-04 4.16041061e-05 7.39515002e-05 1.37728282e-04 7.96883425e-05 1.64731134e-04 2.03087818e-04 1.13435470e-04 7.78043848e-05 5.44552822e-06 9.46405853e-06 6.10875650e-06 2.68336688e-05 4.99859016e-06 1.82345335e-05 5.36996265e-05 4.00007237e-05 2.20844639e-05 5.52272631e-05 4.68856917e-05 1.44607009e-05 6.39441603e-05 8.01002051e-05 9.79290926e-06 5.41574155e-05 1.57515289e-04 3.35320394e-05 3.28745566e-04 4.76407227e-04 1.90562891e-05 2.71649115e-04 6.72747090e-05 4.67402017e-05 4.97833216e-04 6.84734797e-04 1.24292023e-04 3.99414723e-04 1.11712038e-04 3.82827106e-05 8.57615663e-05 4.74397559e-05 1.54597645e-06 3.59133793e-08 2.15239879e-09
 1998 12 04 12 00 00  3.78771935e-03 2.31044478e-03 1.27948262e-03 9.18107061e-04 6.69477678e-04 3.69706968e-04 2.69023473e-04 2.30379935e-04 4.80827208e-04 1.39174438e-04 3.40832103e-03 5.17589971e-03 2.41375846e-04 7.09473289e-05 4.54346028e-05 1.38929757e-04 4.10057342e-05 7.23953533e-05 1.35802646e-04 7.86569784e-05 1.61463493e-04 1.98919588e-04 1.11659686e-04 7.69458979e-05 5.40254405e-06 9.38332450e-06 6.09120507e-06 2.66079883e-05 4.97525143e-06 1.80752783e-05 5.28331920e-05 3.97521711e-05 2.15914508e-05 5.43114103e-05 4.55213973e-05 1.43762867e-05 6.22571861e-05 7.78093347e-05 9.72573325e-06 5.27954458e-05 1.52560292e-04 3.26562324e-05 3.19605955e-04 4.63860432e-04 1.85544173e-05 2.61107244e-04 6.39420061e-05 4.50403750e-05 4.81142023e-04 6.67312885e-04 1.20623988e-04 3.87139786e-04 1.08297334e-04 3.70414091e-05 8.28964895e-05 4.55161698e-05 1.45837260e-06 3.12904540e-08 1.73185626e-09
 1998 12 05 12 00 00  3.76602703e-03 2.29581629e-03 1.27025145e-03 9.11202240e-04 6.63339689e-04 3.67029083e-04 2.66342129e-04 2.27418086e-04 4.73080594e-04 1.37030758e-04 3.34619200e-03 5.05904146e-03 2.38205082e-04 7.01497258e-05 4.49555300e-05 1.36596066e-04 4.03463637e-05 7.06821680e-05 1.33991567e-04 7.77832058e-05 1.57868007e-04 1.94332675e-04 1.09729782e-04 7.60538778e-05 5.35518775e-06 9.30111055e-06 6.07189249e-06 2.63700247e-05 4.95547029e-06 1.79113560e-05 5.19161692e-05 3.94783536e-05 2.10481099e-05 5.33479816e-05 4.43651486e-05 1.42834208e-05 6.04746803e-05 7.53485086e-05 9.65733125e-06 5.14227957e-05 1.47272281e-04 3.19141865e-05 3.09787117e-04 4.53227191e-04 1.81290876e-05 2.50449038e-04 6.02721295e-05 4.36001108e-05 4.63954497e-04 6.49506623e-04 1.17141649e-04 3.73891323e-04 1.04785701e-04 3.57649558e-05 7.99506784e-05 4.35431057e-05 1.36885498e-06 2.65921365e-08 1.30510340e-09
 1998 12 06 12 00 00  3.74590867e-03 2.28168721e-03 1.26138295e-03 9.04674018e-04 6.57592292e-04 3.64592009e-04 2.63868973e-04 2.24672468e-04 4.65897673e-04 1.34926288e-04 3.28862443e-03 4.95280735e-03 2.35172186e-04 6.93136655e-05 4.44857805e-05 1.34407469e-04 3.97470227e-05 6.91248337e-05 1.32124718e-04 7.68031285e-05 1.54600578e-04 1.90162914e-04 1.07958223e-04 7.52431383e-05 5.31214246e-06 9.27420333e-06 6.05433634e-06 2.61495759e-05 4.93332482e-06 1.77541929e-05 5.10581293e-05 3.92294605e-05 2.05542412e-05 5.24722231e-05 4.30704153e-05 1.41989978e-05 5.88071244e-05 7.30709357e-05 9.63494240e-06 5.01543240e-05 1.42351565e-04 3.10822012e-05 3.00957534e-04 4.41319112e-04 1.76527645e-05 2.40124421e-04 5.69361844e-05 4.19855118e-05 4.47484873e-04 6.32506528e-04 1.13580842e-04 3.63305269e-04 1.03646046e-04 3.53506761e-05 7.89944855e-05 4.29013500e-05 1.33964411e-06 2.50518585e-08 1.16501626e-09
 1998 12 07 12 00 00  3.73766120e-03 2.27556318e-03 1.25756540e-03 9.01940186e-04 6.55227019e-04 3.63624691e-04 2.62866597e-04 2.23552043e-04 4.62957863e-04 1.33996630e-04 3.26509332e-03 4.91031855e-03 2.33876277e-04 6.89169703e-05 4.42786152e-05 1.33505505e-04 3.95170966e-05 6.85139268e-05 1.31259123e-04 7.63051503e-05 1.53309469e-04 1.88510606e-04 1.07246043e-04 7.50045713e-05 5.29554163e-06 9.40537575e-06 6.04736488e-06 2.60694927e-05 4.92204927e-06 1.76885650e-05 5.07143919e-05 3.91333364e-05 2.03653501e-05 5.21957303e-05 4.24113416e-05 1.41653363e-05 5.81360358e-05 7.21576604e-05 9.74408686e-06 4.97894224e-05 1.40367304e-04 3.06592701e-05 2.98123696e-04 4.35258128e-04 1.74103251e-05 2.35773149e-04 5.56346087e-05 4.11646295e-05 4.40553543e-04 6.25732621e-04 1.11949243e-04 3.63600707e-04 1.09196458e-04 3.73683377e-05 8.36514757e-05 4.60276739e-05 1.48199930e-06 3.25622608e-08 1.84818418e-09
 1998 12 08 12 00 00  3.73145452e-03 2.27092238e-03 1.25467454e-03 8.99876056e-04 6.53444549e-04 3.62900008e-04 2.62113173e-04 2.22708911e-04 4.60745068e-04 1.33290264e-04 3.24739005e-03 4.87845130e-03 2.32895385e-04 6.86119732e-05 4.41209510e-05 1.32825693e-04 3.93457361e-05 6.80570665e-05 1.30593821e-04 7.59192102e-05 1.52343767e-04 1.87273080e-04 1.06711551e-04 7.48600972e-05 5.28315977e-06 9.55444411e-06 6.04214147e-06 2.60125873e-05 4.91335522e-06 1.76390364e-05 5.04581661e-05 3.90616246e-05 2.02246432e-05 5.20174914e-05 4.19028511e-05 1.41400989e-05 5.76362130e-05 7.14742546e-05 9.86812447e-06 4.95771759e-05 1.38880561e-04 3.03318608e-05 2.96254493e-04 4.30580515e-04 1.72232206e-05 2.32509941e-04 5.46620577e-05 4.05293773e-05 4.35315694e-04 6.20761409e-04 1.10700926e-04 3.65395350e-04 1.15472891e-04 3.96499925e-05 8.89181509e-05 4.95675794e-05 1.64349465e-06 4.11056917e-08 2.62590731e-09
 1998 12 09 12 00 00  3.72645317e-03 2.26883729e-03 1.25324864e-03 8.98567335e-04 6.52152710e-04 3.62177389e-04 2.61463528e-04 2.22022085e-04 4.58952779e-04 1.33061886e-04 3.23294288e-03 4.84658144e-03 2.32373904e-04 6.86448452e-05 4.40676012e-05 1.32342583e-04 3.91675887e-05 6.75918884e-05 1.30591464e-04 7.61006842e-05 1.51364686e-04 1.86024776e-04 1.06225469e-04 7.46697273e-05 5.27035045e-06 9.49650785e-06 6.03688313e-06 2.59623357e-05 4.91752071e-06 1.76132017e-05 5.02696674e-05 3.89875349e-05 2.00779381e-05 5.17992943e-05 4.21459903e-05 1.41147917e-05 5.72679357e-05 7.09018771e-05 9.81993508e-06 4.93465684e-05 1.37710488e-04 3.04864574e-05 2.93743936e-04 4.32814704e-04 1.73125882e-05 2.31114707e-04 5.36667940e-05 4.08297288e-05 4.32570648e-04 6.18000237e-04 1.10647038e-04 3.60743151e-04 1.12894437e-04 3.87129883e-05 8.67569256e-05 4.81341525e-05 1.57947854e-06 3.78228485e-08 2.32968382e-09
 1998 12 10 12 00 00  3.72264557e-03 2.26649944e-03 1.25175223e-03 8.97390597e-04 6.51075557e-04 3.61687236e-04 2.60984210e-04 2.21496594e-04 4.57584665e-04 1.32730659e-04 3.22198535e-03 4.82533276e-03 2.31850689e-04 6.85351022e-05 4.39915496e-05 1.31934207e-04 3.90431611e-05 6.72748371e-05 1.30315509e-04 7.60033261e-05 1.50697564e-04 1.85183582e-04 1.05878077e-04 7.43027448e-05 5.26145413e-06 9.18076476e-06 6.03334811e-06 2.59005222e-05 4.91560022e-06 1.75854091e-05 5.01019383e-05 3.89361579e-05 1.99751390e-05 5.14494681e-05 4.20320110e-05 1.40978591e-05 5.69275775e-05 7.04477601e-05 9.55725191e-06 4.87300344e-05 1.36745319e-04 3.04061221e-05 2.90457397e-04 4.31757564e-04 1.72703025e-05 2.29194587e-04 5.29843499e-05 4.06753010e-05 4.29673540e-04 6.14094333e-04 1.10135568e-04 3.48707403e-04 9.92980897e-05 3.37710739e-05 7.53531931e-05 4.05110667e-05 1.23469910e-06 1.98087587e-08 6.95522839e-10
 1998 12 11 12 00 00  3.71695823e-03 2.26306547e-03 1.24955002e-03 8.95641560e-04 6.49465710e-04 3.60947587e-04 2.60265773e-04 2.20710737e-04 4.55541809e-04 1.32247855e-04 3.20559955e-03 4.79345694e-03 2.31079452e-04 6.83834375e-05 4.38814263e-05 1.31323787e-04 3.88514163e-05 6.67929940e-05 1.29936050e-04 7.58790236e-05 1.49704186e-04 1.83913669e-04 1.05355405e-04 7.41344951e-05 5.24778843e-06 9.23970729e-06 6.02801956e-06 2.58418103e-05 4.91309002e-06 1.75435998e-05 4.98622192e-05 3.88573069e-05 1.98164402e-05 5.12477162e-05 4.18834592e-05 1.40724005e-05 5.64717964e-05 6.97900306e-05 9.60632678e-06 4.85092733e-05 1.35339451e-04 3.03030771e-05 2.88221079e-04 4.30381758e-04 1.72152703e-05 2.26697641e-04 5.19436260e-05 4.04768973e-05 4.25348494e-04 6.09926463e-04 1.09405554e-04 3.47382010e-04 1.01580196e-04 3.46011628e-05 7.72716102e-05 4.18280720e-05 1.29676218e-06 2.32409665e-08 1.01172342e-09
 1998 12 12 12 00 00  3.71227791e-03 2.25894949e-03 1.24703247e-03 8.93911187e-04 6.48007376e-04 3.60444865e-04 2.59704716e-04 2.20065372e-04 4.53862025e-04 1.31582729e-04 3.19222589e-03 4.77220491e-03 2.30231951e-04 6.80351037e-05 4.37318320e-05 1.30762664e-04 3.87197011e-05 6.64670079e-05 1.29184796e-04 7.53837114e-05 1.49036975e-04 1.83060880e-04 1.04966645e-04 7.39522676e-05 5.23843373e-06 9.28852460e-06 6.02444707e-06 2.57859920e-05 4.90229650e-06 1.74969291e-05 4.96427569e-05 3.88033834e-05 1.97072120e-05 5.10529178e-05 4.12499619e-05 1.40553879e-05 5.60498378e-05 6.92509971e-05 9.64696810e-06 4.81883617e-05 1.34126416e-04 2.98858940e-05 2.86431173e-04 4.24542590e-04 1.69817036e-05 2.23540778e-04 5.12368220e-05 3.96693911e-05 4.20536375e-04 6.04990347e-04 1.08033800e-04 3.46592436e-04 1.03480990e-04 3.52925272e-05 7.88692795e-05 4.29232704e-05 1.34825996e-06 2.60806608e-08 1.27313831e-09
 1998 12 13 12 00 00  3.70737074e-03 2.25435953e-03 1.24424357e-03 8.92039326e-04 6.46455862e-04 3.59940195e-04 2.59123689e-04 2.19390506e-04 4.52103754e-04 1.30829180e-04 3.17823524e-03 4.75095250e-03 2.29299622e-04 6.76256741e-05 4.35633518e-05 1.30164090e-04 3.85875028e-05 6.61404280e-05 1.28315380e-04 7.47857033e-05 1.48368261e-04 1.82207335e-04 1.04567876e-04 7.37276641e-05 5.22904811e-06 9.30520764e-06 6.02087166e-06 2.57238955e-05 4.88911610e-06 1.74455972e-05 4.94062056e-05 3.87492910e-05 1.95975575e-05 5.08225087e-05 4.04773746e-05 1.40383694e-05 5.55941760e-05 6.86854057e-05 9.66086736e-06 4.77783844e-05 1.32842262e-04 2.93809979e-05 2.84390684e-04 4.17426300e-04 1.66970520e-05 2.19982177e-04 5.05283999e-05 3.86913045e-05 4.15245978e-04 5.99411678e-04 1.06442892e-04 3.44785709e-04 1.04061335e-04 3.55037932e-05 7.93583719e-05 4.32688752e-05 1.36523788e-06 2.70699502e-08 1.36549581e-09
 1998 12 14 12 00 00  3.70395762e-03 2.25288087e-03 1.24324027e-03 8.91110543e-04 6.45534828e-04 3.59446172e-04 2.58676689e-04 2.18915272e-04 4.50873904e-04 1.30659006e-04 3.16832769e-03 4.72970009e-03 2.28931178e-04 6.76325602e-05 4.35232678e-05 1.29818096e-04 3.84557876e-05 6.58144359e-05 1.28275595e-04 7.48842838e-05 1.47700438e-04 1.81354550e-04 1.04233723e-04 7.36237052e-05 5.21969414e-06 9.31161339e-06 6.01729880e-06 2.56885236e-05 4.89152590e-06 1.74249456e-05 4.92667575e-05 3.86953645e-05 1.94883294e-05 5.06945118e-05 4.06171428e-05 1.40213553e-05 5.53335731e-05 6.82812872e-05 9.66622101e-06 4.76677424e-05 1.32002273e-04 2.94661906e-05 2.82852869e-04 4.18706018e-04 1.67482407e-05 2.18921902e-04 4.98215959e-05 3.88575922e-05 4.13133854e-04 5.97417454e-04 1.06335100e-04 3.42865598e-04 1.04164367e-04 3.55416496e-05 7.94477161e-05 4.33519449e-05 1.37068042e-06 2.74822241e-08 1.40616576e-09
 1998 12 15 12 00 00  3.70623650e-03 2.25487566e-03 1.24445948e-03 8.91927581e-04 6.46210447e-04 3.59688652e-04 2.58945322e-04 2.19222278e-04 4.51681982e-04 1.30977508e-04 3.17479183e-03 4.74032201e-03 2.29336927e-04 6.77896993e-05 4.35930205e-05 1.30077568e-04 3.85124178e-05 6.59661135e-05 1.28600094e-04 7.51068525e-05 1.48021553e-04 1.81766262e-04 1.04420659e-04 7.36833340e-05 5.22379050e-06 9.25346831e-06 6.01903739e-06 2.57104959e-05 4.89669546e-06 1.74455967e-05 4.93669640e-05 3.87190987e-05 1.95348010e-05 5.07630444e-05 4.09185217e-05 1.40297620e-05 5.55269133e-05 6.85304058e-05 9.61785554e-06 4.77702434e-05 1.32556581e-04 2.96562881e-05 2.83509559e-04 4.21473389e-04 1.68589356e-05 2.20353709e-04 5.01441420e-05 3.92272457e-05 4.15307757e-04 5.99534271e-04 1.06949675e-04 3.41943362e-04 1.01601419e-04 3.46102252e-05 7.72990797e-05 4.19236239e-05 1.30665615e-06 2.41808102e-08 1.10779377e-09
 1998 12 16 12 00 00  3.71255777e-03 2.25968617e-03 1.24744814e-03 8.94066980e-04 6.48061503e-04 3.60425933e-04 2.59714777e-04 2.20085613e-04 4.53938646e-04 1.31716063e-04 3.19286025e-03 4.77219447e-03 2.30350972e-04 6.81159462e-05 4.37572101e-05 1.30785068e-04 3.86968808e-05 6.64390333e-05 1.29309511e-04 7.55265879e-05 1.49007036e-04 1.83024609e-04 1.04966839e-04 7.39325897e-05 5.23699782e-06 9.23422849e-06 6.02432810e-06 2.57812056e-05 4.90618841e-06 1.74992017e-05 4.96466376e-05 3.87953944e-05 1.96870751e-05 5.10312320e-05 4.14734823e-05 1.40551390e-05 5.60654113e-05 6.92488768e-05 9.60184188e-06 4.81746588e-05 1.34129121e-04 3.00126761e-05 2.86148545e-04 4.26577306e-04 1.70630922e-05 2.23921218e-04 5.11605118e-05 3.99189215e-05 4.20889516e-04 6.05270132e-04 1.08293892e-04 3.44389320e-04 1.00822813e-04 3.43271049e-05 7.66451904e-05 4.14797812e-05 1.28609570e-06 2.30696696e-08 1.00605240e-09
 1998 12 17 12 00 00  3.71522369e-03 2.26243390e-03 1.24910166e-03 8.95134913e-04 6.48921663e-04 3.60678590e-04 2.60023217e-04 2.20449971e-04 4.54890680e-04 1.32177230e-04 3.20042635e-03 4.78282012e-03 2.30897791e-04 6.83790855e-05 4.38595172e-05 1.31118277e-04 3.87617678e-05 6.66008331e-05 1.29857489e-04 7.59240473e-05 1.49342475e-04 1.83449448e-04 1.05174737e-04 7.41332384e-05 5.24161333e-06 9.32375478e-06 6.02610999e-06 2.58221444e-05 4.91506507e-06 1.75290087e-05 4.97815059e-05 3.88220185e-05 1.97408299e-05 5.12205927e-05 4.19930730e-05 1.40636359e-05 5.63306595e-05 6.95579277e-05 9.67631713e-06 4.85528266e-05 1.34839049e-04 3.03492125e-05 2.87739694e-04 4.31359468e-04 1.72543787e-05 2.26118259e-04 5.15106658e-05 4.05714789e-05 4.23969135e-04 6.08863019e-04 1.09296376e-04 3.48414067e-04 1.04725828e-04 3.57456347e-05 7.99179778e-05 4.36610811e-05 1.38428512e-06 2.81644333e-08 1.46732138e-09
 1998 12 18 12 00 00  3.71037037e-03 2.25785348e-03 1.24632227e-03 8.93309318e-04 6.47433409e-04 3.60188887e-04 2.59456805e-04 2.19793033e-04 4.53164678e-04 1.31428210e-04 3.18666816e-03 4.76157479e-03 2.29975809e-04 6.79803393e-05 4.36940775e-05 1.30544694e-04 3.86455882e-05 6.62938925e-05 1.29030436e-04 7.53392756e-05 1.48697028e-04 1.82621369e-04 1.04786599e-04 7.40040412e-05 5.23323688e-06 9.46112341e-06 6.02261753e-06 2.57732845e-05 4.90180828e-06 1.74811437e-05 4.95622856e-05 3.87735316e-05 1.96453155e-05 5.10736549e-05 4.12182970e-05 1.40467891e-05 5.59059103e-05 6.90248992e-05 9.79057513e-06 4.83145111e-05 1.33634287e-04 2.98524450e-05 2.86410381e-04 4.24234940e-04 1.69693976e-05 2.22766425e-04 5.08558180e-05 3.96071875e-05 4.18952779e-04 6.03945050e-04 1.07764145e-04 3.50898243e-04 1.10828419e-04 3.79633249e-05 8.50332633e-05 4.70552084e-05 1.53596958e-06 3.59510445e-08 2.17014531e-09
 1998 12 19 12 00 00  3.70454037e-03 2.25399658e-03 1.24388288e-03 8.91486528e-04 6.45814660e-04 3.59465558e-04 2.58737740e-04 2.19001819e-04 4.51088902e-04 1.30869829e-04 3.16999794e-03 4.72970791e-03 2.29139333e-04 6.77855852e-05 4.35703165e-05 1.29930172e-04 3.84727813e-05 6.58352685e-05 1.28590563e-04 7.51368410e-05 1.47720355e-04 1.81381560e-04 1.04267617e-04 7.36323153e-05 5.22076334e-06 9.24416745e-06 6.01738720e-06 2.56992408e-05 4.89701924e-06 1.74392543e-05 4.93160247e-05 3.87013104e-05 1.95033252e-05 5.07033012e-05 4.09395958e-05 1.40215416e-05 5.54155494e-05 6.83624110e-05 9.61000333e-06 4.77066509e-05 1.32222940e-04 2.96788174e-05 2.82806247e-04 4.21678504e-04 1.68671402e-05 2.19892016e-04 4.98784240e-05 3.92691029e-05 4.14520760e-04 5.98771286e-04 1.06904202e-04 3.41566464e-04 1.02007960e-04 3.47560874e-05 7.76264012e-05 4.20333901e-05 1.30374958e-06 2.34315728e-08 1.02455378e-09
 1998 12 20 12 00 00  3.70255457e-03 2.25252321e-03 1.24296592e-03 8.90864184e-04 6.45296590e-04 3.59238294e-04 2.58503759e-04 2.18742848e-04 4.50394811e-04 1.30651169e-04 3.16440864e-03 4.71909195e-03 2.28834853e-04 6.77047031e-05 4.35238921e-05 1.29733613e-04 3.84307059e-05 6.57014200e-05 1.28431360e-04 7.50381441e-05 1.47413545e-04 1.80992954e-04 1.04100852e-04 7.34885267e-05 5.21758338e-06 9.14260527e-06 6.01572428e-06 2.56761334e-05 4.89436097e-06 1.74267175e-05 4.92401795e-05 3.86826752e-05 1.94697001e-05 5.05656607e-05 4.07868210e-05 1.40132921e-05 5.52543714e-05 6.81555577e-05 9.52541814e-06 4.74595798e-05 1.31787875e-04 2.95915001e-05 2.81514579e-04 4.20286938e-04 1.68114775e-05 2.18879395e-04 4.96045453e-05 3.90973903e-05 4.13108441e-04 5.97006108e-04 1.06580707e-04 3.38041842e-04 9.82609936e-05 3.33926871e-05 7.44730824e-05 3.98408353e-05 1.19847322e-06 1.74673175e-08 4.71645656e-10
 1998 12 21 12 00 00  3.70905130e-03 2.25751026e-03 1.24606265e-03 8.93135460e-04 6.47294303e-04 3.60004167e-04 2.59306720e-04 2.19648749e-04 4.52736329e-04 1.31427473e-04 3.18311180e-03 4.75097895e-03 2.29895840e-04 6.80697946e-05 4.36996365e-05 1.30499358e-04 3.86452710e-05 6.62112376e-05 1.29251600e-04 7.55147077e-05 1.48436811e-04 1.82299154e-04 1.04670200e-04 7.37574288e-05 5.23268500e-06 9.11860479e-06 6.02117107e-06 2.57578742e-05 4.90451857e-06 1.74883033e-05 4.95512339e-05 3.87695094e-05 1.96485387e-05 5.08555010e-05 4.13844042e-05 1.40389966e-05 5.58366568e-05 6.89313139e-05 9.50535104e-06 4.78977793e-05 1.33509341e-04 2.99909967e-05 2.84339549e-04 4.25802517e-04 1.70321007e-05 2.22805627e-04 5.07215911e-05 3.98694741e-05 4.19354687e-04 6.03431880e-04 1.08102923e-04 3.41213801e-04 9.79321348e-05 3.32714935e-05 7.41853331e-05 3.95532810e-05 1.17859544e-06 1.59071767e-08 3.16782245e-10
 1998 12 22 12 00 00  3.71914095e-03 2.26436868e-03 1.25038710e-03 8.96446204e-04 6.50280858e-04 3.61263049e-04 2.60570977e-04 2.21051709e-04 4.56368187e-04 1.32446913e-04 3.21219827e-03 4.80411574e-03 2.31394466e-04 6.84777870e-05 4.39308807e-05 1.31638375e-04 3.89891182e-05 6.70440553e-05 1.30205100e-04 7.59770337e-05 1.50123518e-04 1.84454256e-04 1.05580173e-04 7.41068116e-05 5.25698852e-06 9.03530963e-06 6.03017870e-06 2.58741042e-05 4.91426144e-06 1.75738394e-05 5.00108123e-05 3.89094203e-05 1.99344591e-05 5.12530100e-05 4.19582968e-05 1.40816890e-05 5.66960001e-05 7.01246943e-05 9.43594350e-06 4.84138588e-05 1.36110933e-04 3.03776469e-05 2.88488589e-04 4.31103265e-04 1.72441306e-05 2.28052600e-04 5.25373034e-05 4.06161213e-05 4.28066789e-04 6.12091947e-04 1.09907628e-04 3.44536761e-04 9.51132066e-05 3.22450758e-05 7.18079974e-05 3.78603409e-05 1.09453654e-06 1.09468083e-08 1.00000000e-10
 1998 12 23 12 00 00  3.72575427e-03 2.26955715e-03 1.25360082e-03 8.98795559e-04 6.52343478e-04 3.62035892e-04 2.61388286e-04 2.21977294e-04 4.58755713e-04 1.33261937e-04 3.23125452e-03 4.83600460e-03 2.32495080e-04 6.88727751e-05 4.41157572e-05 1.32430035e-04 3.92104790e-05 6.75621908e-05 1.31093041e-04 7.65019155e-05 1.51159535e-04 1.85771235e-04 1.06158065e-04 7.45038674e-05 5.27251832e-06 9.17590951e-06 6.03566114e-06 2.59705073e-05 4.92538202e-06 1.76387967e-05 5.03391159e-05 3.89986380e-05 2.01192917e-05 5.16526787e-05 4.26129467e-05 1.41074663e-05 5.73156027e-05 7.09299654e-05 9.55284122e-06 4.90905500e-05 1.37903918e-04 3.08170973e-05 2.92228790e-04 4.37147727e-04 1.74859091e-05 2.32297889e-04 5.36770560e-05 4.14650480e-05 4.34625358e-04 6.19365192e-04 1.11545487e-04 3.52920911e-04 1.01692438e-04 3.46352163e-05 7.73173521e-05 4.14722883e-05 1.25278069e-06 1.88263197e-08 5.57130653e-10
 1998 12 24 12 00 00  3.73072614e-03 2.27412555e-03 1.25638211e-03 9.00723893e-04 6.53979923e-04 3.62564376e-04 2.61989537e-04 2.22675804e-04 4.60553739e-04 1.34014757e-04 3.24554916e-03 4.85726893e-03 2.33434654e-04 6.92891148e-05 4.42860663e-05 1.33062361e-04 3.93684080e-05 6.79203134e-05 1.31999591e-04 7.71052262e-05 1.51861389e-04 1.86665682e-04 1.06572945e-04 7.47626692e-05 5.28352321e-06 9.19022641e-06 6.03936933e-06 2.60426487e-05 4.93828265e-06 1.76951320e-05 5.05993358e-05 3.90617381e-05 2.02516530e-05 5.19159083e-05 4.33716486e-05 1.41247641e-05 5.78015160e-05 7.15368287e-05 9.56466829e-06 4.95564469e-05 1.39292300e-04 3.13231983e-05 2.94576390e-04 4.44149034e-04 1.77659614e-05 2.36042233e-04 5.44715265e-05 4.24433674e-05 4.40292059e-04 6.25422266e-04 1.13196127e-04 3.56369289e-04 1.02897003e-04 3.50716564e-05 7.83177074e-05 4.20615514e-05 1.27369668e-06 1.94838634e-08 6.05651973e-10
 1998 12 25 12 00 00  3.71925890e-03 2.26957821e-03 1.25324438e-03 8.97817114e-04 6.51100832e-04 3.60892043e-04 2.60502803e-04 2.21114009e-04 4.56463611e-04 1.33546068e-04 3.21248627e-03 4.78291214e-03 2.32288365e-04 6.94275474e-05 4.41801892e-05 1.31988387e-04 3.89661553e-05 6.68513705e-05 1.32154776e-04 7.76254805e-05 1.49599081e-04 1.83774317e-04 1.05454508e-04 7.44848202e-05 5.25447940e-06 9.25457862e-06 6.02716937e-06 2.59462149e-05 4.94942942e-06 1.76412352e-05 5.01826382e-05 3.88935587e-05 1.99211965e-05 5.15507975e-05 4.40270494e-05 1.40658551e-05 5.69979974e-05 7.02515389e-05 9.61812984e-06 4.93298078e-05 1.36688323e-04 3.17598024e-05 2.89868686e-04 4.50196363e-04 1.80078545e-05 2.33293744e-04 5.21941576e-05 4.32874629e-05 4.34488244e-04 6.20276448e-04 1.13303152e-04 3.52620056e-04 1.06206754e-04 3.62733957e-05 8.10845955e-05 4.38383622e-05 1.34880514e-06 2.30094066e-08 9.15280207e-10
 1998 12 26 12 00 00  3.72248166e-03 2.27332769e-03 1.25547804e-03 8.99253206e-04 6.52255357e-04 3.61171908e-04 2.60875899e-04 2.21568313e-04 4.57630606e-04 1.34198657e-04 3.22170336e-03 4.79354970e-03 2.33028589e-04 6.98359664e-05 4.43269739e-05 1.32439177e-04 3.90567700e-05 6.70447131e-05 1.33017216e-04 7.82594609e-05 1.49965136e-04 1.84240068e-04 1.05699729e-04 7.46860950e-05 5.26071526e-06 9.27095316e-06 6.02908440e-06 2.59994128e-05 4.96314606e-06 1.76861613e-05 5.03693236e-05 3.89291905e-05 1.99976610e-05 5.17453015e-05 4.48327250e-05 1.40746328e-05 5.73468413e-05 7.06497882e-05 9.63170169e-06 4.97286604e-05 1.37639165e-04 3.22929554e-05 2.91419396e-04 4.57625764e-04 1.83050306e-05 2.36432250e-04 5.26303658e-05 4.43189288e-05 4.38994472e-04 6.25212475e-04 1.14857523e-04 3.54940346e-04 1.07269303e-04 3.66587594e-05 8.19697390e-05 4.43817587e-05 1.36989543e-06 2.38467283e-08 9.84473658e-10
 1998 12 27 12 00 00  3.73052724e-03 2.27877453e-03 1.25891378e-03 9.01882904e-04 6.54627000e-04 3.62177057e-04 2.61883485e-04 2.22685389e-04 4.60524287e-04 1.35006142e-04 3.24488864e-03 4.83605862e-03 2.34218600e-04 7.01546792e-05 4.45096552e-05 1.33343443e-04 3.93299124e-05 6.77085831e-05 1.33763438e-04 7.86172983e-05 1.51321839e-04 1.85961062e-04 1.06425572e-04 7.52352411e-05 5.28003584e-06 9.58727760e-06 6.03628068e-06 2.61163022e-05 4.97076217e-06 1.77537428e-05 5.07460831e-05 3.90404370e-05 2.02246854e-05 5.22911644e-05 4.52808395e-05 1.41087643e-05 5.80697061e-05 7.16183588e-05 9.89485634e-06 5.06349173e-05 1.39741306e-04 3.25928326e-05 2.96670862e-04 4.61762135e-04 1.84704854e-05 2.40833906e-04 5.40764362e-05 4.48984210e-05 4.45885461e-04 6.33235867e-04 1.16271864e-04 3.69389256e-04 1.20985192e-04 4.16439019e-05 9.34721353e-05 5.20580415e-05 1.71615982e-06 4.18684863e-08 2.61754280e-09
 1998 12 28 12 00 00  3.75441480e-03 2.29495620e-03 1.26911867e-03 9.09578029e-04 6.61503010e-04 3.65136965e-04 2.64850513e-04 2.25968439e-04 4.69077646e-04 1.37391038e-04 3.31346922e-03 4.96355854e-03 2.37733780e-04 7.10662346e-05 4.50446608e-05 1.35961190e-04 4.00900899e-05 6.96276082e-05 1.35853596e-04 7.96308159e-05 1.55301686e-04 1.91029903e-04 1.08561675e-04 7.64072312e-05 5.33426974e-06 9.91883426e-06 6.05755995e-06 2.64064128e-05 4.99321104e-06 1.79428923e-05 5.17992452e-05 3.93534487e-05 2.08534824e-05 5.35169648e-05 4.65960649e-05 1.42105186e-05 6.00984927e-05 7.43906867e-05 1.01707032e-05 5.24924043e-05 1.45727452e-04 3.34494660e-05 3.08899291e-04 4.73873090e-04 1.89549236e-05 2.53082440e-04 5.82165900e-05 4.65584715e-05 4.65475985e-04 6.54275554e-04 1.20275640e-04 3.92062546e-04 1.35216128e-04 4.68165837e-05 1.05408905e-04 6.00437224e-05 2.07779196e-06 6.07974670e-08 4.33557794e-09
 1998 12 29 12 00 00  3.76956105e-03 2.30416376e-03 1.27501380e-03 9.14212576e-04 6.65743374e-04 3.67098451e-04 2.66754883e-04 2.28049181e-04 4.74500136e-04 1.38683830e-04 3.35702801e-03 5.04855514e-03 2.39787974e-04 7.14601316e-05 4.53354673e-05 1.37568741e-04 4.05897561e-05 7.08982290e-05 1.36813196e-04 7.99503468e-05 1.57939641e-04 1.94397812e-04 1.09948507e-04 7.69520980e-05 5.36997650e-06 9.90456974e-06 6.07171060e-06 2.65683796e-05 5.00030328e-06 1.80520258e-05 5.24384295e-05 3.95596348e-05 2.12663988e-05 5.41329607e-05 4.70114843e-05 1.42782737e-05 6.13191846e-05 7.61338756e-05 1.01588295e-05 5.32594259e-05 1.49442572e-04 3.37196601e-05 3.15530636e-04 4.77697915e-04 1.91079166e-05 2.59771856e-04 6.09528855e-05 4.70821513e-05 4.76816891e-04 6.65628154e-04 1.22173636e-04 3.99528128e-04 1.34647413e-04 4.66097634e-05 1.04931134e-04 5.97181977e-05 2.06262503e-06 5.99713317e-08 4.25977262e-09
 1998 12 30 12 00 00  3.78218636e-03 2.31097249e-03 1.27945428e-03 9.17866072e-04 6.69167437e-04 3.68801225e-04 2.68359470e-04 2.29780449e-04 4.79016832e-04 1.39579921e-04 3.39337834e-03 5.12292273e-03 2.41355294e-04 7.16347626e-05 4.55375863e-05 1.38860730e-04 4.10167704e-05 7.19975331e-05 1.37305903e-04 7.99477100e-05 1.60233647e-04 1.97328545e-04 1.11129668e-04 7.73396636e-05 5.40057954e-06 9.84628059e-06 6.08403861e-06 2.66929673e-05 5.00031892e-06 1.81332144e-05 5.29478871e-05 3.97364813e-05 2.16187051e-05 5.45950183e-05 4.70119354e-05 1.43374520e-05 6.22927972e-05 7.75761289e-05 1.01103520e-05 5.37383175e-05 1.52470329e-04 3.37180420e-05 3.20817907e-04 4.77699706e-04 1.91079882e-05 2.64520275e-04 6.33130607e-05 4.70794068e-05 4.85314424e-04 6.73814180e-04 1.23214741e-04 4.04265954e-04 1.32023652e-04 4.56563637e-05 1.02732418e-04 5.82637796e-05 1.99795345e-06 5.66765550e-08 3.96303719e-09
 1998 12 31 12 00 00  3.78699085e-03 2.31266557e-03 1.28065307e-03 9.19045051e-04 6.70364749e-04 3.69521095e-04 2.68989223e-04 2.30437653e-04 4.80733767e-04 1.39733405e-04 3.40726893e-03 5.15479185e-03 2.41802140e-04 7.15429720e-05 4.55728967e-05 1.39306301e-04 4.11934685e-05 7.24609301e-05 1.37178390e-04 7.96693435e-05 1.61207445e-04 1.98574542e-04 1.11606484e-04 7.74190530e-05 5.41329755e-06 9.77448726e-06 6.08928967e-06 2.67305546e-05 4.99423077e-06 1.81546744e-05 5.31210459e-05 3.98100616e-05 2.17641238e-05 5.47185038e-05 4.66547557e-05 1.43627447e-05 6.26212040e-05 7.81183340e-05 1.00506331e-05 5.37552317e-05 1.53563343e-04 3.34834040e-05 3.22590387e-04 4.74408153e-04 1.89763261e-05 2.65494099e-04 6.43034582e-05 4.66251106e-05 4.87608176e-04 6.75655624e-04 1.23059083e-04 4.04611698e-04 1.28854080e-04 4.45044912e-05 1.00075308e-04 5.64981150e-05 1.91885648e-06 5.26016407e-08 3.59485455e-09
 1999 01 01 12 00 00  3.77211078e-03 2.30123828e-03 1.27356030e-03 9.13962014e-04 6.65962656e-04 3.67790160e-04 2.67175464e-04 2.28398337e-04 4.75412769e-04 1.37970123e-04 3.36469462e-03 5.08041754e-03 2.39393226e-04 7.07477110e-05 4.51794774e-05 1.37622497e-04 4.07523767e-05 7.13443733e-05 1.35439488e-04 7.86362274e-05 1.58890411e-04 1.95621438e-04 1.10320900e-04 7.67092668e-05 5.38180830e-06 9.65859508e-06 6.07688817e-06 2.65497699e-05 4.97114888e-06 1.80253284e-05 5.24486383e-05 3.96282907e-05 2.13993961e-05 5.39820836e-05 4.53037152e-05 1.43034151e-05 6.13233953e-05 7.64059226e-05 9.95423616e-06 5.25736160e-05 1.49805553e-04 3.26085690e-05 3.15514016e-04 4.61973787e-04 1.84789515e-05 2.56820414e-04 6.18962105e-05 4.49287356e-05 4.74198025e-04 6.61356025e-04 1.19787862e-04 3.93620284e-04 1.23734151e-04 4.26438384e-05 9.57832381e-05 5.36464705e-05 1.79114371e-06 4.60247009e-08 3.00067242e-09
