#START
 1995 01 01 12 00 00  3.54124662e-03 2.14751521e-03 1.17623025e-03 8.32006201e-04 5.87930706e-04 3.37374099e-04 2.36715600e-04 1.94253315e-04 3.89927457e-04 1.14408698e-04 2.68362024e-03 3.93109657e-03 2.04391368e-04 5.96269580e-05 3.95180926e-05 1.07651390e-04 2.98768660e-05 4.91285988e-05 1.06702034e-04 6.56832359e-05 1.18053458e-04 1.43590215e-04 8.83215309e-05 6.53120964e-05 4.63978613e-06 8.58115018e-06 5.86444330e-06 2.26939436e-05 4.75699599e-06 1.54144993e-05 3.92216455e-05 3.53992014e-05 1.21804325e-05 4.15238211e-05 3.23044922e-05 1.33438021e-05 3.83206215e-05 4.46961767e-05 9.06492569e-06 3.49865024e-05 7.84549083e-05 2.22622795e-05 1.89575459e-04 3.39919531e-04 1.35967812e-05 1.12316029e-04 1.11451285e-05 2.52636790e-05 2.25726044e-04 4.03991296e-04 6.79741443e-05 1.62069504e-04 2.77123362e-05 7.85946932e-06 1.60863701e-05 7.07631336e-06 1.68874563e-07 1.00000000e-10 1.00000000e-10
 1995 01 02 12 00 00  3.53684869e-03 2.14668645e-03 1.17552705e-03 8.31082274e-04 5.86898703e-04 3.36654369e-04 2.36120715e-04 1.93648828e-04 3.88352659e-04 1.14416955e-04 2.67082657e-03 3.89922634e-03 2.04100055e-04 5.98336536e-05 3.95182482e-05 1.07272059e-04 2.96972605e-05 4.86616394e-05 1.07056103e-04 6.61545026e-05 1.17074929e-04 1.42339605e-04 8.78607253e-05 6.52324359e-05 4.62688513e-06 8.60525106e-06 5.85917769e-06 2.26598983e-05 4.76743298e-06 1.54009603e-05 3.90711737e-05 3.53245996e-05 1.20324439e-05 4.13998883e-05 3.29159637e-05 1.33184774e-05 3.80383308e-05 4.41917811e-05 9.08497532e-06 3.49916840e-05 7.74689517e-05 2.26605844e-05 1.87696462e-04 3.45550137e-04 1.38220055e-05 1.11985473e-04 1.01450001e-05 2.60355358e-05 2.24270058e-04 4.02959081e-04 6.85348092e-05 1.60179318e-04 2.87564089e-05 8.23894766e-06 1.69619649e-05 7.66078415e-06 1.95248531e-07 1.88553528e-10 1.00000000e-10
 1995 01 03 12 00 00  3.54207729e-03 2.14917632e-03 1.17718606e-03 8.32538257e-04 5.88307701e-04 3.37389945e-04 2.36796588e-04 1.94371279e-04 3.90229582e-04 1.14721858e-04 2.68594705e-03 3.93110178e-03 2.04697884e-04 5.98548363e-05 3.95882177e-05 1.07802232e-04 2.98880332e-05 4.91422892e-05 1.07168649e-04 6.60615508e-05 1.18068297e-04 1.43607972e-04 8.83631074e-05 6.53998572e-05 4.64048935e-06 8.60153232e-06 5.86450151e-06 2.27134367e-05 4.76523855e-06 1.54331464e-05 3.92836311e-05 3.54031101e-05 1.21902871e-05 4.16003369e-05 3.27882532e-05 1.33439215e-05 3.84394465e-05 4.48011867e-05 9.08187358e-06 3.51868424e-05 7.87393730e-05 2.25808966e-05 1.90041140e-04 3.44378551e-04 1.37751421e-05 1.13746368e-04 1.11824760e-05 2.58803979e-05 2.27598964e-04 4.06161986e-04 6.88002969e-05 1.63027994e-04 2.86491248e-05 8.19982847e-06 1.68710875e-05 7.59289136e-06 1.91662141e-07 3.95459665e-11 1.00000000e-10
 1995 01 04 12 00 00  3.54773470e-03 2.15257173e-03 1.17936390e-03 8.34262640e-04 5.89891655e-04 3.38127103e-04 2.37509621e-04 1.95149381e-04 3.92255749e-04 1.15195987e-04 2.70222838e-03 3.96297649e-03 2.05458273e-04 5.99948471e-05 3.96948869e-05 1.08402606e-04 3.00773507e-05 4.96211578e-05 1.07513647e-04 6.61681930e-05 1.19060104e-04 1.44874033e-04 8.88832085e-05 6.56065535e-05 4.65400153e-06 8.60138534e-06 5.86981769e-06 2.27745956e-05 4.76760142e-06 1.54738716e-05 3.95237398e-05 3.54811113e-05 1.23468446e-05 4.18334863e-05 3.29266943e-05 1.33693538e-05 3.88962927e-05 4.54551407e-05 9.08174334e-06 3.54767562e-05 8.01323488e-05 2.26710370e-05 1.92555668e-04 3.45653277e-04 1.38261311e-05 1.16224778e-04 1.22150857e-05 2.60550878e-05 2.31819620e-04 4.10395749e-04 6.94875667e-05 1.66042308e-04 2.86995402e-05 8.21801932e-06 1.69124128e-05 7.61285089e-06 1.92011561e-07 2.61284328e-11 1.00000000e-10
 1995 01 05 12 00 00  3.55762687e-03 2.15921367e-03 1.18355708e-03 8.37426885e-04 5.92719949e-04 3.39356365e-04 2.38737831e-04 1.96506224e-04 3.95794238e-04 1.16170038e-04 2.73061471e-03 4.01609987e-03 2.06902237e-04 6.03581782e-05 3.99127990e-05 1.09478752e-04 3.03901266e-05 5.04158903e-05 1.08344278e-04 6.65642146e-05 1.20709596e-04 1.46979752e-04 8.97685660e-05 6.59836770e-05 4.67634964e-06 8.59179636e-06 5.87866380e-06 2.28836326e-05 4.77648682e-06 1.55508343e-05 3.99519433e-05 3.56101460e-05 1.26053463e-05 4.22491761e-05 3.34465381e-05 1.34117086e-05 3.97155061e-05 4.65911155e-05 9.07375434e-06 3.60450352e-05 8.25817738e-05 2.30066958e-05 1.96856681e-04 3.50436536e-04 1.40174614e-05 1.21119563e-04 1.39268959e-05 2.67061521e-05 2.39811008e-04 4.18519163e-04 7.10922684e-05 1.70805188e-04 2.83777488e-05 8.10084152e-06 1.66409718e-05 7.41909220e-06 1.82359663e-07 1.00000000e-10 1.00000000e-10
 1995 01 06 12 00 00  3.55955164e-03 2.16042425e-03 1.18432841e-03 8.38026738e-04 5.93265554e-04 3.39602646e-04 2.38979256e-04 1.96771118e-04 3.96483892e-04 1.16342966e-04 2.73615022e-03 4.02672403e-03 2.07170284e-04 6.04158537e-05 3.99517367e-05 1.09685914e-04 3.04535584e-05 5.05759032e-05 1.08481827e-04 6.66180160e-05 1.21039868e-04 1.47402267e-04 8.99437755e-05 6.60355111e-05 4.68087346e-06 8.56266488e-06 5.88043767e-06 2.29029369e-05 4.77766553e-06 1.55652620e-05 4.00337351e-05 3.56362551e-05 1.26578161e-05 4.23124826e-05 3.35156801e-05 1.34201880e-05 3.98700634e-05 4.68122929e-05 9.04950284e-06 3.61123308e-05 8.30561552e-05 2.30520673e-05 1.97562418e-04 3.51073596e-04 1.40429439e-05 1.21992815e-04 1.42721648e-05 2.67940108e-05 2.41304863e-04 4.19940251e-04 7.13608591e-05 1.70950189e-04 2.72188194e-05 7.67937545e-06 1.56673188e-05 6.75532299e-06 1.51406620e-07 1.00000000e-10 1.00000000e-10
 1995 01 07 12 00 00  3.56117143e-03 2.16100384e-03 1.18473764e-03 8.38433980e-04 5.93681331e-04 3.39845969e-04 2.39192980e-04 1.96995007e-04 3.97065578e-04 1.16397587e-04 2.74084924e-03 4.03734893e-03 2.07323900e-04 6.03893665e-05 3.99647197e-05 1.09841039e-04 3.05160152e-05 5.07347344e-05 1.08452119e-04 6.65310712e-05 1.21369532e-04 1.47823266e-04 9.01053493e-05 6.60805768e-05 4.68533763e-06 8.56096449e-06 5.88220646e-06 2.29182249e-05 4.77568465e-06 1.55733141e-05 4.00955886e-05 3.56620294e-05 1.27094318e-05 4.23699527e-05 3.33999720e-05 1.34286573e-05 3.99867555e-05 4.70007188e-05 9.04807821e-06 3.61516553e-05 8.34395917e-05 2.29781246e-05 1.98290135e-04 3.50009941e-04 1.40003976e-05 1.22370914e-04 1.46142091e-05 2.66504270e-05 2.42143614e-04 4.20702559e-04 7.13281936e-05 1.71893183e-04 2.72180234e-05 7.67891547e-06 1.56654270e-05 6.74426716e-06 1.50199863e-07 1.00000000e-10 1.00000000e-10
 1995 01 08 12 00 00  3.55947911e-03 2.16026590e-03 1.18423843e-03 8.37983271e-04 5.93239723e-04 3.39602618e-04 2.38973667e-04 1.96762816e-04 3.96460686e-04 1.16313866e-04 2.73595970e-03 4.02672440e-03 2.07143113e-04 6.03974552e-05 3.99460073e-05 1.09675422e-04 3.04540416e-05 5.05765027e-05 1.08449918e-04 6.65865198e-05 1.21040083e-04 1.47403041e-04 8.99409164e-05 6.60190239e-05 4.68090439e-06 8.54702230e-06 5.88044022e-06 2.29008246e-05 4.77685426e-06 1.55639030e-05 4.00278516e-05 3.56364268e-05 1.26582454e-05 4.22987679e-05 3.34688666e-05 1.34201939e-05 3.98590376e-05 4.68045206e-05 9.03646578e-06 3.60783296e-05 8.30356137e-05 2.30245045e-05 1.97457017e-04 3.50646218e-04 1.40258487e-05 1.21863157e-04 1.42737903e-05 2.67399970e-05 2.41163790e-04 4.19734702e-04 7.12950225e-05 1.70576540e-04 2.67186853e-05 7.49718147e-06 1.52449049e-05 6.44951493e-06 1.35883730e-07 1.00000000e-10 1.00000000e-10
 1995 01 09 12 00 00  3.55733397e-03 2.15858229e-03 1.18319687e-03 8.37247561e-04 5.92608750e-04 3.39356202e-04 2.38714053e-04 1.96470625e-04 3.95696525e-04 1.16053054e-04 2.72983501e-03 4.01610024e-03 2.06791518e-04 6.02800621e-05 3.98885733e-05 1.09433878e-04 3.03920708e-05 5.04182710e-05 1.08199572e-04 6.64317340e-05 1.20710796e-04 1.46982831e-04 8.97569786e-05 6.59275509e-05 4.67647187e-06 8.54574100e-06 5.87867398e-06 2.28760147e-05 4.77327958e-06 1.55452350e-05 3.99306513e-05 3.56108241e-05 1.26070605e-05 4.22024002e-05 3.32603202e-05 1.34117290e-05 3.96731798e-05 4.65601079e-05 9.03538821e-06 3.59265565e-05 8.24986158e-05 2.28924691e-05 1.96520755e-04 3.48730649e-04 1.39492259e-05 1.20604912e-04 1.39333832e-05 2.64833507e-05 2.39225170e-04 4.17713720e-04 7.08146504e-05 1.69579406e-04 2.67463423e-05 7.50703834e-06 1.52666995e-05 6.45289188e-06 1.35228517e-07 1.00000000e-10 1.00000000e-10
 1995 01 10 12 00 00  3.55756342e-03 2.15905423e-03 1.18346844e-03 8.37394268e-04 5.92709424e-04 3.39358237e-04 2.38735383e-04 1.96502406e-04 3.95779648e-04 1.16142017e-04 2.73046815e-03 4.01610062e-03 2.06878280e-04 6.03454588e-05 3.99086955e-05 1.09474100e-04 3.03925568e-05 5.04188589e-05 1.08333785e-04 6.65405823e-05 1.20711302e-04 1.46983606e-04 8.97671267e-05 6.59419446e-05 4.67650207e-06 8.53799575e-06 5.87867617e-06 2.28799002e-05 4.77562935e-06 1.55500526e-05 3.99448087e-05 3.56109929e-05 1.26074883e-05 4.22149664e-05 3.33984033e-05 1.34117348e-05 3.97025732e-05 4.65852796e-05 9.02893662e-06 3.59650369e-05 8.25682184e-05 2.29839672e-05 1.96567906e-04 3.50004075e-04 1.40001630e-05 1.20986148e-04 1.39350086e-05 2.66603456e-05 2.39723958e-04 4.18257419e-04 7.10473912e-05 1.69415202e-04 2.64662551e-05 7.40510786e-06 1.50308756e-05 6.28803051e-06 1.27250888e-07 1.00000000e-10 1.00000000e-10
 1995 01 11 12 00 00  3.55301012e-03 2.15513787e-03 1.18106936e-03 8.35754972e-04 5.91334381e-04 3.38864422e-04 2.38192379e-04 1.95882150e-04 3.94156417e-04 1.15516930e-04 2.71749882e-03 3.99485230e-03 2.06074424e-04 6.00344470e-05 3.97703685e-05 1.08945870e-04 3.02695786e-05 5.01035887e-05 1.07676988e-04 6.61039434e-05 1.20054571e-04 1.46144720e-04 8.93884024e-05 6.57571754e-05 4.66769779e-06 8.56508414e-06 5.87514915e-06 2.28275503e-05 4.76573805e-06 1.55073951e-05 3.97361975e-05 3.55601282e-05 1.25059727e-05 4.20205108e-05 3.28202557e-05 1.33948168e-05 3.93004807e-05 4.60704945e-05 9.05146881e-06 3.56436631e-05 8.14209047e-05 2.26130927e-05 1.94755178e-04 3.44687433e-04 1.37874973e-05 1.18049176e-04 1.32574351e-05 2.59404682e-05 2.35286549e-04 4.13664031e-04 6.98177164e-05 1.68227367e-04 2.76541609e-05 7.83683017e-06 1.60268517e-05 6.95091300e-06 1.57022686e-07 1.00000000e-10 1.00000000e-10
 1995 01 12 12 00 00  3.55358348e-03 2.15632040e-03 1.18174852e-03 8.36118445e-04 5.91581091e-04 3.38870115e-04 2.38244944e-04 1.95960041e-04 3.94360840e-04 1.15738994e-04 2.71907569e-03 3.99485305e-03 2.06289787e-04 6.01939191e-05 3.98195187e-05 1.09044662e-04 3.02715227e-05 5.01059694e-05 1.07997532e-04 6.63702202e-05 1.20057672e-04 1.46147802e-04 8.94141152e-05 6.58193151e-05 4.66782003e-06 8.58255298e-06 5.87515933e-06 2.28396921e-05 4.77164831e-06 1.55194338e-05 3.97751388e-05 3.55608063e-05 1.25076869e-05 4.20735380e-05 3.31664487e-05 1.33948372e-05 3.93787937e-05 4.61358281e-05 9.06599889e-06 3.57869296e-05 8.15991498e-05 2.28382574e-05 1.95065469e-04 3.47874906e-04 1.39149963e-05 1.19026287e-04 1.32639252e-05 2.63768743e-05 2.36524567e-04 4.15124281e-04 7.03880239e-05 1.68916018e-04 2.84311381e-05 8.11918248e-06 1.66781102e-05 7.38292508e-06 1.76320917e-07 1.00000000e-10 1.00000000e-10
 1995 01 13 12 00 00  3.55322818e-03 2.15557244e-03 1.18131974e-03 8.35895478e-04 5.91434783e-04 3.38868584e-04 2.38213886e-04 1.95913549e-04 3.94236571e-04 1.15599073e-04 2.71811173e-03 3.99485379e-03 2.06155138e-04 6.00951040e-05 3.97890157e-05 1.08985987e-04 3.02724919e-05 5.01071627e-05 1.07802879e-04 6.62044156e-05 1.20058347e-04 1.46149350e-04 8.93993139e-05 6.57774554e-05 4.66788078e-06 8.56630213e-06 5.87516406e-06 2.28324322e-05 4.76788919e-06 1.55123115e-05 3.97519103e-05 3.55611468e-05 1.25085440e-05 4.20383654e-05 3.29467322e-05 1.33948473e-05 3.93311337e-05 4.60979185e-05 9.05247434e-06 3.56913134e-05 8.14954911e-05 2.26974022e-05 1.94855878e-04 3.45854496e-04 1.38341798e-05 1.18422381e-04 1.32671747e-05 2.61034525e-05 2.35781553e-04 4.14225971e-04 7.00371513e-05 1.68380424e-04 2.77662476e-05 7.87743002e-06 1.61198540e-05 7.00502785e-06 1.58888723e-07 1.00000000e-10 1.00000000e-10
 1995 01 14 12 00 00  3.55032698e-03 2.15231551e-03 1.17937430e-03 8.34680378e-04 5.90481678e-04 3.38617381e-04 2.37886035e-04 1.95519342e-04 3.93202765e-04 1.15042671e-04 2.70991779e-03 3.98422927e-03 2.05517005e-04 5.97641041e-05 3.96657577e-05 1.08615569e-04 3.02110071e-05 4.99495189e-05 1.07121997e-04 6.56928110e-05 1.19730168e-04 1.45729901e-04 8.91830350e-05 6.56435191e-05 4.66347883e-06 8.59672582e-06 5.87340037e-06 2.27958976e-05 4.75644374e-06 1.54781477e-05 3.96082800e-05 3.55357159e-05 1.24577855e-05 4.19056420e-05 3.22769134e-05 1.33863883e-05 3.90502020e-05 4.57737857e-05 9.07778885e-06 3.54214906e-05 8.07374306e-05 2.22640563e-05 1.93805041e-04 3.39690260e-04 1.35876104e-05 1.15917804e-04 1.29283828e-05 2.52630794e-05 2.32230430e-04 4.10464310e-04 6.87980717e-05 1.68200201e-04 2.90528758e-05 8.34514126e-06 1.71993915e-05 7.72984605e-06 1.91900330e-07 1.00000000e-10 1.00000000e-10
 1995 01 15 12 00 00  3.55447177e-03 2.15817106e-03 1.18281076e-03 8.36679443e-04 5.91956117e-04 3.38876195e-04 2.38324613e-04 1.96078808e-04 3.94675299e-04 1.16086073e-04 2.72150331e-03 3.99485305e-03 2.06625366e-04 6.04420145e-05 3.98960261e-05 1.09194878e-04 3.02715227e-05 5.01059694e-05 1.08493286e-04 6.67852815e-05 1.20059779e-04 1.46147802e-04 8.94523904e-05 6.59447409e-05 4.66782003e-06 8.65117036e-06 5.87515933e-06 2.28604057e-05 4.78091970e-06 1.55376469e-05 3.98346947e-05 3.55608063e-05 1.25076869e-05 4.21797736e-05 3.37091566e-05 1.33948372e-05 3.95023464e-05 4.62353090e-05 9.12308606e-06 3.60633978e-05 8.18694771e-05 2.31897138e-05 1.95742969e-04 3.52869795e-04 1.41147918e-05 1.20560806e-04 1.32639252e-05 2.70583725e-05 2.38413448e-04 4.17489145e-04 7.12712545e-05 1.71235177e-04 3.13759871e-05 9.18958126e-06 1.91482258e-05 9.03546634e-06 2.51159096e-07 1.84951894e-09 1.00000000e-10
 1995 01 16 12 00 00  3.55464458e-03 2.15575529e-03 1.18150040e-03 8.36171604e-04 5.91754809e-04 3.39106538e-04 2.38406900e-04 1.96107665e-04 3.94743344e-04 1.15578702e-04 2.72223327e-03 4.00547609e-03 2.06234864e-04 6.00136557e-05 3.97850984e-05 1.09102810e-04 3.03305831e-05 5.02606272e-05 1.07660446e-04 6.60266320e-05 1.20385660e-04 1.46563383e-04 8.95498610e-05 6.58938466e-05 4.67206919e-06 8.69010400e-06 5.87690993e-06 2.28510294e-05 4.76395035e-06 1.55155692e-05 3.98013001e-05 3.55853903e-05 1.25563020e-05 4.21553694e-05 3.27159825e-05 1.34032700e-05 3.94312171e-05 4.62651629e-05 9.15548080e-06 3.58523001e-05 8.18162090e-05 2.25471245e-05 1.96126032e-04 3.43729715e-04 1.37491886e-05 1.18533154e-04 1.35945913e-05 2.58122338e-05 2.36147201e-04 4.14848122e-04 6.98029274e-05 1.73138074e-04 3.30341833e-05 9.79233541e-06 2.05393245e-05 9.96786141e-06 2.93509034e-07 4.04413174e-09 1.19595167e-10
 1995 01 17 12 00 00  3.56148516e-03 2.16166480e-03 1.18511990e-03 8.38638539e-04 5.93820488e-04 3.39844310e-04 2.39221547e-04 1.97039354e-04 3.97183328e-04 1.16523376e-04 2.74170807e-03 4.03734706e-03 2.07447798e-04 6.04880738e-05 3.99949812e-05 1.09896200e-04 3.05116497e-05 5.07293851e-05 1.08666498e-04 6.66946173e-05 1.21367967e-04 1.47816328e-04 9.01166652e-05 6.62114576e-05 4.68506223e-06 8.70536169e-06 5.88218390e-06 2.29326486e-05 4.77896101e-06 1.55793840e-05 4.01122812e-05 3.56605015e-05 1.27055784e-05 4.24813019e-05 3.35940684e-05 1.34286107e-05 4.00386738e-05 4.70373336e-05 9.16817589e-06 3.64108653e-05 8.35360285e-05 2.31134894e-05 1.99115466e-04 3.51808401e-04 1.40723360e-05 1.22987131e-04 1.45996062e-05 2.69109121e-05 2.42808674e-04 4.21926624e-04 7.16692331e-05 1.76680139e-04 3.36801715e-05 1.00271609e-05 2.10813232e-05 1.03316605e-05 3.10070412e-07 4.91758030e-09 1.99038985e-10
 1995 01 18 12 00 00  3.56724825e-03 2.16532991e-03 1.18745118e-03 8.40425114e-04 5.95431361e-04 3.40574691e-04 2.39939560e-04 1.97827001e-04 3.99241940e-04 1.17047129e-04 2.75823868e-03 4.06921804e-03 2.08253770e-04 6.06616291e-05 4.01120787e-05 1.10507411e-04 3.06927075e-05 5.11981256e-05 1.09072371e-04 6.68592635e-05 1.22350690e-04 1.49069248e-04 9.06370433e-05 6.64602306e-05 4.69805491e-06 8.75355036e-06 5.88745679e-06 2.29967276e-05 4.78272668e-06 1.56211104e-05 4.03545424e-05 3.57356097e-05 1.28548505e-05 4.27487361e-05 3.38139886e-05 1.34539485e-05 4.05084655e-05 4.76947353e-05 9.20827079e-06 3.67866637e-05 8.49388035e-05 2.32536389e-05 2.01874344e-04 3.53829617e-04 1.41531847e-05 1.25657051e-04 1.56045964e-05 2.71831377e-05 2.47179416e-04 4.26499340e-04 7.24644508e-05 1.81087872e-04 3.57246378e-05 1.07703432e-05 2.27966064e-05 1.14824184e-05 3.62415940e-07 7.67520199e-09 4.49778081e-10
 1995 01 19 12 00 00  3.57949312e-03 2.17412088e-03 1.19295340e-03 8.44455887e-04 5.98970094e-04 3.42045703e-04 2.41443416e-04 1.99501950e-04 4.03617681e-04 1.18369426e-04 2.79329309e-03 4.13296223e-03 2.10133332e-04 6.12072019e-05 4.04074050e-05 1.11856726e-04 3.10606643e-05 5.21427603e-05 1.10285826e-04 6.75190589e-05 1.24322748e-04 1.51584387e-04 9.17117882e-05 6.69928304e-05 4.72440843e-06 8.81172091e-06 5.89803421e-06 2.31370745e-05 4.79753653e-06 1.57201368e-05 4.08884015e-05 3.58878664e-05 1.31585388e-05 4.33145952e-05 3.46804183e-05 1.35046954e-05 4.15422706e-05 4.90926597e-05 9.25667337e-06 3.76381451e-05 8.79729142e-05 2.38129185e-05 2.07492071e-04 3.61801671e-04 1.44720669e-05 1.32188617e-04 1.76340924e-05 2.82679917e-05 2.57504132e-04 4.37314055e-04 7.47692114e-05 1.88880500e-04 3.81842431e-05 1.16644523e-05 2.48603318e-05 1.28680836e-05 4.25529106e-07 1.10062825e-08 7.52816742e-10
 1995 01 20 12 00 00  3.59147975e-03 2.18236201e-03 1.19814036e-03 8.48324777e-04 6.02404161e-04 3.43516703e-04 2.42925205e-04 2.01143510e-04 4.07903313e-04 1.19588851e-04 2.82765150e-03 4.19670790e-03 2.11914041e-04 6.16798007e-05 4.06802054e-05 1.13164100e-04 3.14305595e-05 5.30897814e-05 1.11355266e-04 6.80563156e-05 1.26296743e-04 1.54102619e-04 9.27764148e-05 6.74922165e-05 4.75088382e-06 8.85400586e-06 5.90862110e-06 2.32721780e-05 4.80957860e-06 1.58141461e-05 4.14064620e-05 3.60408099e-05 1.34639442e-05 4.38526577e-05 3.53850279e-05 1.35554612e-05 4.25419729e-05 5.04643308e-05 9.29185699e-06 3.84144644e-05 9.09349950e-05 2.42681810e-05 2.12943122e-04 3.68285333e-04 1.47314133e-05 1.38280957e-04 1.96700916e-05 2.91509874e-05 2.67297758e-04 4.47470090e-04 7.68168627e-05 1.96158534e-04 3.99718485e-05 1.23142783e-05 2.63602210e-05 1.38752135e-05 4.71404303e-07 1.34277961e-08 9.73115455e-10
 1995 01 21 12 00 00  3.60157237e-03 2.18943494e-03 1.20258074e-03 8.51614829e-04 6.05312891e-04 3.44745136e-04 2.44170239e-04 2.02526111e-04 4.11511885e-04 1.20643598e-04 2.85657502e-03 4.24982980e-03 2.13435548e-04 6.21008749e-05 4.09159349e-05 1.14272435e-04 3.17409140e-05 5.38815395e-05 1.12301087e-04 6.85493287e-05 1.27945090e-04 1.56204469e-04 9.36691529e-05 6.79369965e-05 4.77307840e-06 8.91600866e-06 5.91745484e-06 2.33889311e-05 4.82063406e-06 1.58948928e-05 4.18476746e-05 3.61689948e-05 1.37203024e-05 4.43254052e-05 3.60319071e-05 1.35977883e-05 4.33930944e-05 5.16225578e-05 9.34344134e-06 3.91183232e-05 9.34431171e-05 2.46860000e-05 2.17670751e-04 3.74237537e-04 1.49695015e-05 1.43554009e-04 2.13737745e-05 2.99613923e-05 2.75695830e-04 4.56282677e-04 7.86234824e-05 2.03133466e-04 4.26354467e-05 1.32824415e-05 2.85943810e-05 1.53695451e-05 5.39052286e-07 1.69669661e-08 1.29429374e-09
 1995 01 22 12 00 00  3.59916780e-03 2.18720229e-03 1.20122378e-03 8.50714873e-04 6.04573874e-04 3.44498669e-04 2.43887950e-04 2.02199501e-04 4.10655509e-04 1.20279666e-04 2.84974702e-03 4.23920639e-03 2.12984212e-04 6.19085936e-05 4.08354226e-05 1.13987706e-04 3.16808786e-05 5.37256827e-05 1.11899498e-04 6.82692567e-05 1.27618018e-04 1.55787340e-04 9.34750336e-05 6.78204891e-05 4.76876776e-06 8.91066156e-06 5.91569878e-06 2.33595543e-05 4.81430652e-06 1.58711372e-05 4.17357973e-05 3.61440674e-05 1.36708302e-05 4.42078896e-05 3.56619770e-05 1.35893453e-05 4.31744226e-05 5.13521980e-05 9.33898627e-06 3.89060757e-05 9.28341898e-05 2.44482537e-05 2.16628182e-04 3.70835142e-04 1.48334057e-05 1.41861673e-04 2.10398575e-05 2.95000093e-05 2.73216888e-04 4.53628286e-04 7.78799056e-05 2.01957207e-04 4.24463861e-05 1.32136254e-05 2.84351122e-05 1.52575164e-05 5.33583807e-07 1.66507746e-08 1.26483091e-09
 1995 01 23 12 00 00  3.59596287e-03 2.18608437e-03 1.20043061e-03 8.49926910e-04 6.03770337e-04 3.44016265e-04 2.43466688e-04 2.01760003e-04 4.09509368e-04 1.20179238e-04 2.84047031e-03 4.21795920e-03 2.12687667e-04 6.19713558e-05 4.08123757e-05 1.13688493e-04 3.15603305e-05 5.34133869e-05 1.11986831e-04 6.84578612e-05 1.26964309e-04 1.54952308e-04 9.31556554e-05 6.77371796e-05 4.76011555e-06 8.91677482e-06 5.91218377e-06 2.33310520e-05 4.81843126e-06 1.58564238e-05 4.16165110e-05 3.60940525e-05 1.35714581e-05 4.40995447e-05 3.59039521e-05 1.35724520e-05 4.29487690e-05 5.09850179e-05 9.34406053e-06 3.88402149e-05 9.20926911e-05 2.46072246e-05 2.15219294e-04 3.73065010e-04 1.49226004e-05 1.41176025e-04 2.03703967e-05 2.98077997e-05 2.71661916e-04 4.52248394e-04 7.79850629e-05 2.00392762e-04 4.28010743e-05 1.33423301e-05 2.87310549e-05 1.54429920e-05 5.41080806e-07 1.69747995e-08 1.29249500e-09
 1995 01 24 12 00 00  3.58826237e-03 2.18117049e-03 1.19730649e-03 8.47533804e-04 6.01613086e-04 3.43041280e-04 2.42507233e-04 2.00706959e-04 4.06758028e-04 1.19475675e-04 2.81837934e-03 4.17546444e-03 2.11607634e-04 6.17358911e-05 4.06550046e-05 1.12869778e-04 3.13177850e-05 5.27870026e-05 1.11437231e-04 6.82318117e-05 1.25654648e-04 1.53279940e-04 9.24605260e-05 6.74615238e-05 4.74272056e-06 8.93257893e-06 5.90514646e-06 2.32502461e-05 4.81328134e-06 1.58002919e-05 4.12940611e-05 3.59935133e-05 1.33714275e-05 4.37900294e-05 3.56031233e-05 1.35386537e-05 4.23278423e-05 5.01093545e-05 9.35720091e-06 3.84413274e-05 9.02213648e-05 2.44149880e-05 2.11936406e-04 3.70299542e-04 1.48119817e-05 1.37639500e-04 1.90266146e-05 2.94345053e-05 2.65789072e-04 4.46353567e-04 7.69087712e-05 1.97059810e-04 4.35340675e-05 1.36086301e-05 2.93449540e-05 1.58462826e-05 5.58809654e-07 1.78622898e-08 1.37201193e-09
 1995 01 25 12 00 00  3.58180701e-03 2.17604910e-03 1.19414020e-03 8.45312404e-04 5.99716401e-04 3.42307920e-04 2.41728573e-04 1.99828510e-04 4.04456846e-04 1.18679368e-04 2.79996942e-03 4.14359383e-03 2.10539200e-04 6.13693497e-05 4.04783376e-05 1.12143986e-04 3.11386597e-05 5.23206312e-05 1.10649959e-04 6.77434902e-05 1.24672544e-04 1.52030073e-04 9.19113256e-05 6.71111223e-05 4.72984939e-06 8.82428212e-06 5.89988340e-06 2.31701652e-05 4.80219860e-06 1.57446835e-05 4.10059818e-05 3.59190803e-05 1.32238638e-05 4.34369354e-05 3.49554757e-05 1.35133349e-05 4.17623344e-05 4.93766873e-05 9.26708017e-06 3.78423403e-05 8.86140005e-05 2.40000532e-05 2.08624528e-04 3.64344451e-04 1.45737780e-05 1.33774400e-04 1.80280869e-05 2.86290015e-05 2.59969357e-04 4.39942130e-04 7.54285960e-05 1.90741667e-04 3.90223674e-05 1.19683873e-05 2.55582639e-05 1.32944784e-05 4.41915554e-07 1.16424513e-08 8.04902989e-10
 1995 01 26 12 00 00  3.56882392e-03 2.16568479e-03 1.18773697e-03 8.40821170e-04 5.95881971e-04 3.40836322e-04 2.40162122e-04 1.98059213e-04 3.99825906e-04 1.17063367e-04 2.76292861e-03 4.07985188e-03 2.08378286e-04 6.06183365e-05 4.01195315e-05 1.10675990e-04 3.07755603e-05 5.13819454e-05 1.09036859e-04 6.67379878e-05 1.22705929e-04 1.49522664e-04 9.08073079e-05 6.65056854e-05 4.70380255e-06 8.75136029e-06 5.88933181e-06 2.30167743e-05 4.77945468e-06 1.56312965e-05 4.04259004e-05 3.57685203e-05 1.29244610e-05 4.28106394e-05 3.36259109e-05 1.34626418e-05 4.06333894e-05 4.79046624e-05 9.20639359e-06 3.68171894e-05 8.53757310e-05 2.31462865e-05 2.02681794e-04 3.52116790e-04 1.40846716e-05 1.26007377e-04 1.60148353e-05 2.69720069e-05 2.48131870e-04 4.27349189e-04 7.23977178e-05 1.82494187e-04 3.60232138e-05 1.08779417e-05 2.30403840e-05 1.15922968e-05 3.63553826e-07 7.44385034e-09 4.21356194e-10
 1995 01 27 12 00 00  3.56550423e-03 2.16429485e-03 1.18678876e-03 8.39964073e-04 5.95042214e-04 3.40357982e-04 2.39733603e-04 1.97607561e-04 3.98642766e-04 1.16912664e-04 2.75336471e-03 4.05860692e-03 2.08034847e-04 6.06468806e-05 4.00858672e-05 1.10362198e-04 3.06603528e-05 5.10761980e-05 1.09061234e-04 6.68679946e-05 1.22059508e-04 1.48696116e-04 9.04857491e-05 6.64313447e-05 4.69548650e-06 8.78269566e-06 5.88584408e-06 2.29892348e-05 4.78218026e-06 1.56149961e-05 4.03036886e-05 3.57203709e-05 1.28297979e-05 4.27108513e-05 3.37865436e-05 1.34458096e-05 4.03991283e-05 4.75331152e-05 9.23245025e-06 3.67597398e-05 8.46194638e-05 2.32548991e-05 2.01385322e-04 3.53600884e-04 1.41440353e-05 1.25157522e-04 1.53632282e-05 2.71816651e-05 2.46382971e-04 4.25813996e-04 7.23882661e-05 1.81773019e-04 3.74550354e-05 1.13981765e-05 2.42399064e-05 1.23829984e-05 3.98511317e-07 9.20924563e-09 5.79944004e-10
 1995 01 28 12 00 00  3.56245664e-03 2.16068679e-03 1.18464398e-03 8.38662937e-04 5.94046678e-04 3.40111982e-04 2.39397146e-04 1.97198987e-04 3.97563982e-04 1.16291898e-04 2.74480980e-03 4.04798575e-03 2.07337496e-04 6.02743810e-05 3.99496744e-05 1.09974555e-04 3.06056580e-05 5.09268779e-05 1.08307752e-04 6.62846316e-05 1.21736983e-04 1.48287456e-04 9.02666924e-05 6.62080097e-05 4.69151164e-06 8.70355507e-06 5.88411604e-06 2.29447798e-05 4.76891510e-06 1.55788683e-05 4.01509305e-05 3.56973149e-05 1.27850362e-05 4.25040492e-05 3.30115174e-05 1.34374219e-05 4.00921047e-05 4.71964548e-05 9.16658755e-06 3.63161940e-05 8.38302721e-05 2.27589902e-05 1.99755092e-04 3.46475370e-04 1.38590148e-05 1.22350885e-04 1.50471518e-05 2.62188318e-05 2.42593334e-04 4.21426845e-04 7.10095872e-05 1.78295495e-04 3.42046994e-05 1.02163927e-05 2.15110686e-05 1.05375509e-05 3.13507725e-07 4.65131063e-09 1.63485359e-10
 1995 01 29 12 00 00  3.55884205e-03 2.15870572e-03 1.18335485e-03 8.37615161e-04 5.93071066e-04 3.39628939e-04 2.38939710e-04 1.96704748e-04 3.96271772e-04 1.16029257e-04 2.73441928e-03 4.02674004e-03 2.06883865e-04 6.02191145e-05 3.98902656e-05 1.09606560e-04 3.04875430e-05 5.06175624e-05 1.08156221e-04 6.62759179e-05 1.21086398e-04 1.47456294e-04 8.99309054e-05 6.60964980e-05 4.68301332e-06 8.71841476e-06 5.88061375e-06 2.29098978e-05 4.76871683e-06 1.55560287e-05 4.00085022e-05 3.56481527e-05 1.26878062e-05 4.23715953e-05 3.29999428e-05 1.34205577e-05 3.98158013e-05 4.67882998e-05 9.17893267e-06 3.61757237e-05 8.29746559e-05 2.27515848e-05 1.98251897e-04 3.46368940e-04 1.38547576e-05 1.20988605e-04 1.43858226e-05 2.62044545e-05 2.40179012e-04 4.19091772e-04 7.06990867e-05 1.76988110e-04 3.49564407e-05 1.04893670e-05 2.21396857e-05 1.09426512e-05 3.30738672e-07 5.46879066e-09 2.35526687e-10
 1995 01 30 12 00 00  3.56247597e-03 2.16065510e-03 1.18462819e-03 8.38682701e-04 5.94081816e-04 3.40122713e-04 2.39405571e-04 1.97208626e-04 3.97578994e-04 1.16287596e-04 2.74492144e-03 4.04799096e-03 2.07337140e-04 6.02752203e-05 3.99497830e-05 1.09988478e-04 3.06173140e-05 5.09411679e-05 1.08321376e-04 6.62830658e-05 1.21752798e-04 1.48305988e-04 9.02735652e-05 6.62449650e-05 4.69224506e-06 8.74862890e-06 5.88417643e-06 2.29511951e-05 4.76867535e-06 1.55809433e-05 4.01616770e-05 3.57014011e-05 1.27953215e-05 4.25371194e-05 3.29987495e-05 1.34375499e-05 4.01076868e-05 4.72156941e-05 9.20405582e-06 3.63803815e-05 8.38775967e-05 2.27559678e-05 2.00048219e-04 3.46364418e-04 1.38545767e-05 1.22439041e-04 1.50861277e-05 2.62118934e-05 2.42744617e-04 4.21718900e-04 7.10282555e-05 1.80033959e-04 3.63589635e-05 1.09989081e-05 2.33143150e-05 1.17141533e-05 3.64643077e-07 7.16514919e-09 3.87493415e-10
 1995 01 31 12 00 00  3.56734373e-03 2.16520474e-03 1.18739112e-03 8.40522011e-04 5.95596715e-04 3.40622191e-04 2.39978678e-04 1.97872704e-04 3.99315165e-04 1.17031719e-04 2.75876696e-03 4.06924114e-03 2.08256938e-04 6.06714796e-05 4.01143747e-05 1.10572753e-04 3.07441718e-05 5.12612052e-05 1.09150171e-04 6.68616325e-05 1.22415434e-04 1.49151047e-04 9.06678421e-05 6.64829633e-05 4.70129453e-06 8.75627957e-06 5.88772418e-06 2.30125606e-05 4.78172005e-06 1.56305774e-05 4.03949684e-05 3.57536250e-05 1.29002641e-05 4.27769469e-05 3.37615609e-05 1.34545102e-05 4.05575445e-05 4.77711033e-05 9.21040701e-06 3.68140549e-05 8.51336927e-05 2.32468708e-05 2.02172833e-04 3.53381150e-04 1.41352460e-05 1.25934481e-04 1.57766917e-05 2.71644210e-05 2.47882917e-04 4.27213840e-04 7.25671298e-05 1.82509178e-04 3.67808680e-05 1.11520411e-05 2.36666156e-05 1.19371638e-05 3.73827612e-07 7.57657670e-09 4.23066515e-10
 1995 02 01 12 00 00  3.57581321e-03 2.17169776e-03 1.19142170e-03 8.43401552e-04 5.98085108e-04 3.41606392e-04 2.41008979e-04 1.99030122e-04 4.02339668e-04 1.18031521e-04 2.78297625e-03 4.11173813e-03 2.09624022e-04 6.11179596e-05 4.03368155e-05 1.11524180e-04 3.09910916e-05 5.18929446e-05 1.10121048e-04 6.74401643e-05 1.23731459e-04 1.50830381e-04 9.13983570e-05 6.68417140e-05 4.71896492e-06 8.76224512e-06 5.89478332e-06 2.31099321e-05 4.79476439e-06 1.57030465e-05 4.07719678e-05 3.58556950e-05 1.31041525e-05 4.31570891e-05 3.45243752e-05 1.34883579e-05 4.12848931e-05 4.87363865e-05 9.21535975e-06 3.74035034e-05 8.72488423e-05 2.37377579e-05 2.05872243e-04 3.60397904e-04 1.44159162e-05 1.30783455e-04 1.71351043e-05 2.81169196e-05 2.55423612e-04 4.35070242e-04 7.44014901e-05 1.86802159e-04 3.71117799e-05 1.12721448e-05 2.39429096e-05 1.21118535e-05 3.81006234e-07 7.89683003e-09 4.50717064e-10
 1995 02 02 12 00 00  3.57583771e-03 2.17177437e-03 1.19146457e-03 8.43413721e-04 5.98085041e-04 3.41603011e-04 2.41008699e-04 1.99030625e-04 4.02344817e-04 1.18045142e-04 2.78302164e-03 4.11173664e-03 2.09635614e-04 6.11255283e-05 4.03392203e-05 1.11524260e-04 3.09872063e-05 5.18881832e-05 1.10130465e-04 6.74540526e-05 1.23726202e-04 1.50824203e-04 9.13973962e-05 6.68321477e-05 4.71872045e-06 8.74655016e-06 5.89476367e-06 2.31082925e-05 4.79518058e-06 1.57029660e-05 4.07708050e-05 3.58543359e-05 1.31007226e-05 4.31480754e-05 3.45480890e-05 1.34883128e-05 4.12838220e-05 4.87332466e-05 9.20229868e-06 3.73885475e-05 8.72419939e-05 2.37503977e-05 2.05782310e-04 3.60612780e-04 1.44245112e-05 1.30805456e-04 1.71221123e-05 2.81419867e-05 2.55435668e-04 4.35045301e-04 7.44236034e-05 1.86270240e-04 3.64515869e-05 1.10321444e-05 2.33889156e-05 1.17394070e-05 3.64008335e-07 6.99712466e-09 3.68803166e-10
 1995 02 03 12 00 00  3.57815960e-03 2.17384709e-03 1.19272977e-03 8.44261150e-04 5.98785793e-04 3.41846732e-04 2.41282573e-04 1.99345384e-04 4.03171521e-04 1.18379079e-04 2.78961481e-03 4.12235856e-03 2.10057648e-04 6.12969305e-05 4.04132915e-05 1.11793601e-04 3.10448144e-05 5.20410598e-05 1.10490245e-04 6.76994503e-05 1.24048814e-04 1.51237480e-04 9.15867074e-05 6.69024730e-05 4.72287866e-06 8.69766372e-06 5.89650663e-06 2.31320309e-05 4.80071540e-06 1.57247124e-05 4.08733446e-05 3.58784106e-05 1.31480556e-05 4.32262967e-05 3.48717178e-05 1.34967311e-05 4.14840962e-05 4.89889697e-05 9.16162608e-06 3.75129415e-05 8.78140639e-05 2.39586268e-05 2.06505783e-04 3.63589654e-04 1.45435862e-05 1.32318580e-04 1.74479166e-05 2.85460352e-05 2.57721125e-04 4.37316952e-04 7.50889598e-05 1.85714313e-04 3.43558763e-05 1.02703865e-05 2.16310123e-05 1.05630247e-05 3.10710789e-07 4.20546571e-09 1.15377885e-10
 1995 02 04 12 00 00  3.57611906e-03 2.17246955e-03 1.19186074e-03 8.43581729e-04 5.98165218e-04 3.41588210e-04 2.41024065e-04 1.99058307e-04 4.02433891e-04 1.18173525e-04 2.78370338e-03 4.11172807e-03 2.09754636e-04 6.12136136e-05 4.03665614e-05 1.11556459e-04 3.09687632e-05 5.18655695e-05 1.10292960e-04 6.76054740e-05 1.23703007e-04 1.50794886e-04 9.13999763e-05 6.68479513e-05 4.71755920e-06 8.73964091e-06 5.89466763e-06 2.31081698e-05 4.79877563e-06 1.57061425e-05 4.07747502e-05 3.58478806e-05 1.30844433e-05 4.31586518e-05 3.47571971e-05 1.34881149e-05 4.13065358e-05 4.87400692e-05 9.19656741e-06 3.74395992e-05 8.72668464e-05 2.38803681e-05 2.05759703e-04 3.62530498e-04 1.45012199e-05 1.31233020e-04 1.70604209e-05 2.83951318e-05 2.55869096e-04 4.35557795e-04 7.47112832e-05 1.85795327e-04 3.60482875e-05 1.08858053e-05 2.30524467e-05 1.15287814e-05 3.55514021e-07 6.63162893e-09 3.37649264e-10
 1995 02 05 12 00 00  3.57622131e-03 2.17277414e-03 1.19203275e-03 8.43637156e-04 5.98174612e-04 3.41575240e-04 2.41024797e-04 1.99063178e-04 4.02460165e-04 1.18228696e-04 2.78390878e-03 4.11172137e-03 2.09803311e-04 6.12486547e-05 4.03775477e-05 1.11560379e-04 3.09537107e-05 5.18471235e-05 1.10348755e-04 6.76677679e-05 1.23682538e-04 1.50770967e-04 9.13965890e-05 6.68082261e-05 4.71661187e-06 8.67600029e-06 5.89459014e-06 2.31019004e-05 4.80040217e-06 1.57060870e-05 4.07686515e-05 3.58426099e-05 1.30711633e-05 4.31225748e-05 3.48509464e-05 1.34879519e-05 4.13024803e-05 4.87288180e-05 9.14363627e-06 3.73779859e-05 8.72434116e-05 2.39350586e-05 2.05399524e-04 3.63385793e-04 1.45354317e-05 1.31329514e-04 1.70100961e-05 2.85024202e-05 2.55946722e-04 4.35480185e-04 7.48155004e-05 1.83524729e-04 3.32032216e-05 9.85194529e-06 2.06679614e-05 9.94895631e-06 2.85081761e-07 3.02913685e-09 1.28269173e-11
 1995 02 06 12 00 00  3.57556953e-03 2.17150387e-03 1.19130110e-03 8.43217028e-04 5.97867477e-04 3.41557557e-04 2.40958282e-04 1.98967741e-04 4.02220253e-04 1.17988682e-04 2.78205650e-03 4.11171503e-03 2.09566896e-04 6.10732774e-05 4.03236241e-05 1.11437474e-04 3.09391471e-05 5.18292713e-05 1.09986777e-04 6.73778006e-05 1.23665021e-04 1.50747824e-04 9.13609673e-05 6.67770126e-05 4.71569510e-06 8.71466764e-06 5.89451411e-06 2.30886682e-05 4.79413247e-06 1.56906519e-05 4.07169830e-05 3.58375109e-05 1.30583110e-05 4.30936656e-05 3.44826694e-05 1.34877933e-05 4.12106554e-05 4.86418924e-05 9.17583020e-06 3.72921898e-05 8.70071010e-05 2.36912427e-05 2.05283782e-04 3.59989667e-04 1.43995867e-05 1.30230776e-04 1.69613952e-05 2.80307402e-05 2.54427050e-04 4.33900374e-04 7.41710930e-05 1.84355391e-04 3.47004082e-05 1.03965297e-05 2.19265457e-05 1.08129692e-05 3.25797133e-07 5.28071364e-09 2.20257501e-10
 1995 02 07 12 00 00  3.57707407e-03 2.17191921e-03 1.19161294e-03 8.43542203e-04 5.98204422e-04 3.41789462e-04 2.41154429e-04 1.99168190e-04 4.02751124e-04 1.18010399e-04 2.78637755e-03 4.12233397e-03 2.09684181e-04 6.10173869e-05 4.03277351e-05 1.11561300e-04 3.09899508e-05 5.19738125e-05 1.09882945e-04 6.72451744e-05 1.23980057e-04 1.51150275e-04 9.15115238e-05 6.68113392e-05 4.71942476e-06 8.71547672e-06 5.89622250e-06 2.30988243e-05 4.79142218e-06 1.56946133e-05 4.07642945e-05 3.58592079e-05 1.30996414e-05 4.31397294e-05 3.43224849e-05 1.34961359e-05 4.13044674e-05 4.88029876e-05 9.17652069e-06 3.73099444e-05 8.73185350e-05 2.35810294e-05 2.05925424e-04 3.58507274e-04 1.43402910e-05 1.30391074e-04 1.72644548e-05 2.78183608e-05 2.54903233e-04 4.34280301e-04 7.40189582e-05 1.85073703e-04 3.46124555e-05 1.03648500e-05 2.18548555e-05 1.07816357e-05 3.25577518e-07 5.36012772e-09 2.29785213e-10
 1995 02 08 12 00 00  3.57208023e-03 2.16713398e-03 1.18871242e-03 8.41617000e-04 5.96621659e-04 3.41286399e-04 2.40566969e-04 1.98483121e-04 4.00963715e-04 1.17220536e-04 2.77216171e-03 4.10108268e-03 2.08717476e-04 6.05826539e-05 4.01514224e-05 1.10950184e-04 3.08601826e-05 5.16502128e-05 1.08965162e-04 6.66042499e-05 1.23314578e-04 1.50300585e-04 9.11102755e-05 6.65860329e-05 4.71019266e-06 8.74099933e-06 5.89265946e-06 2.30363587e-05 4.77724825e-06 1.56418485e-05 4.05241715e-05 3.58059624e-05 1.29921274e-05 4.29091170e-05 3.34919343e-05 1.34791422e-05 4.08401198e-05 4.82315439e-05 9.19777303e-06 3.68931932e-05 8.60171386e-05 2.30395002e-05 2.03909903e-04 3.50858586e-04 1.40343435e-05 1.26698256e-04 1.65641497e-05 2.67690571e-05 2.49450821e-04 4.28539136e-04 7.23412841e-05 1.83568192e-04 3.55788698e-05 1.07164300e-05 2.26676653e-05 1.13429003e-05 3.52256426e-07 6.85224180e-09 3.67653774e-10
 1995 02 09 12 00 00  3.56851753e-03 2.16530705e-03 1.18750958e-03 8.40595685e-04 5.95648734e-04 3.40797489e-04 2.40109673e-04 1.97990664e-04 3.99683086e-04 1.16985344e-04 2.76187344e-03 4.07983363e-03 2.08287395e-04 6.05426068e-05 4.00968431e-05 1.10583492e-04 3.07352602e-05 5.13325504e-05 1.08832741e-04 6.66233071e-05 1.22654524e-04 1.49458605e-04 9.07731852e-05 6.64513465e-05 4.70126542e-06 8.72045639e-06 5.88912262e-06 2.29982012e-05 4.77788344e-06 1.56190390e-05 4.03802939e-05 3.57544166e-05 1.28888991e-05 4.27557955e-05 3.35278135e-05 1.34622038e-05 4.05622816e-05 4.78183164e-05 9.18069854e-06 3.67154062e-05 8.51510193e-05 2.30573656e-05 2.02213734e-04 3.51182109e-04 1.40472844e-05 1.25383427e-04 1.58800714e-05 2.68048083e-05 2.47074481e-04 4.26146150e-04 7.20767559e-05 1.80887998e-04 3.45782538e-05 1.03530057e-05 2.18303776e-05 1.07988673e-05 3.28781938e-07 5.71160053e-09 2.66374656e-10
 1995 02 10 12 00 00  3.56490673e-03 2.16336297e-03 1.18624042e-03 8.39546587e-04 5.94662914e-04 3.40310475e-04 2.39649774e-04 1.97493784e-04 3.98388183e-04 1.16728783e-04 2.75146899e-03 4.05858569e-03 2.07837836e-04 6.04891790e-05 4.00380791e-05 1.10211537e-04 3.06127768e-05 5.10178797e-05 1.08678027e-04 6.66190521e-05 1.21997113e-04 1.48620492e-04 9.04352942e-05 6.63019694e-05 4.69249171e-06 8.68475545e-06 5.88559742e-06 2.29588619e-05 4.77790818e-06 1.55956221e-05 4.02340099e-05 3.57037206e-05 1.27878127e-05 4.25907230e-05 3.35285062e-05 1.34452916e-05 4.02781435e-05 4.74022991e-05 9.15101191e-06 3.65074634e-05 8.42773282e-05 2.30547535e-05 2.00434419e-04 3.51184616e-04 1.40473847e-05 1.23983642e-04 1.52041233e-05 2.68003758e-05 2.44623064e-04 4.23614218e-04 7.17673704e-05 1.77754134e-04 3.29345266e-05 9.75580488e-06 2.04535259e-05 9.89284792e-06 2.88841407e-07 3.70350302e-09 8.62212080e-11
 1995 02 11 12 00 00  3.56143259e-03 2.16169599e-03 1.18513030e-03 8.38583980e-04 5.93736856e-04 3.39825708e-04 2.39202733e-04 1.97015662e-04 3.97141887e-04 1.16524203e-04 2.74144286e-03 4.03733812e-03 2.07438729e-04 6.04726089e-05 3.99906816e-05 1.09863543e-04 3.04917427e-05 5.07049786e-05 1.08596990e-04 6.66763110e-05 1.21342275e-04 1.47784687e-04 9.01040346e-05 6.61841628e-05 4.68380931e-06 8.67624622e-06 5.88208059e-06 2.29241521e-05 4.77931499e-06 1.55751951e-05 4.00987833e-05 3.56535340e-05 1.26880113e-05 4.24524570e-05 3.36101017e-05 1.34283953e-05 4.00158827e-05 4.70042084e-05 9.14394695e-06 3.63638487e-05 8.34511477e-05 2.31042985e-05 1.98851289e-04 3.51931465e-04 1.40772586e-05 1.22833775e-04 1.45330385e-05 2.68971256e-05 2.42472842e-04 4.21507360e-04 7.15915144e-05 1.75532901e-04 3.24717914e-05 9.58783953e-06 2.00670445e-05 9.64751630e-06 2.78685471e-07 3.24421263e-09 4.63801886e-11
 1995 02 12 12 00 00  3.55944609e-03 2.16033428e-03 1.18427132e-03 8.37943715e-04 5.93168642e-04 3.39583771e-04 2.38957277e-04 1.96743072e-04 3.96428962e-04 1.16322395e-04 2.73575299e-03 4.02671508e-03 2.07142533e-04 6.03906513e-05 3.99443077e-05 1.09647594e-04 3.04336543e-05 5.05515083e-05 1.08405193e-04 6.65819447e-05 1.21017945e-04 1.47370642e-04 8.99288945e-05 6.61084181e-05 4.67962127e-06 8.67791678e-06 5.88033436e-06 2.29031370e-05 4.77737703e-06 1.55601304e-05 4.00185226e-05 3.56292876e-05 1.26402520e-05 4.23688906e-05 3.34956159e-05 1.34199712e-05 3.98548423e-05 4.67813026e-05 9.14534903e-06 3.62466750e-05 8.29710824e-05 2.30258054e-05 1.98010728e-04 3.50872332e-04 1.40348933e-05 1.21848739e-04 1.42056117e-05 2.67458148e-05 2.40877509e-04 4.19873990e-04 7.12460413e-05 1.74566884e-04 3.24522921e-05 9.58096762e-06 2.00522372e-05 9.64996941e-06 2.79688011e-07 3.36425972e-09 5.90002713e-11
 1995 02 13 12 00 00  3.56130026e-03 2.16139156e-03 1.18495344e-03 8.38496320e-04 5.93682396e-04 3.39831713e-04 2.39192439e-04 1.96997704e-04 3.97090892e-04 1.16465800e-04 2.74109743e-03 4.03734185e-03 2.07381143e-04 6.04233672e-05 3.99756278e-05 1.09842261e-04 3.04995105e-05 5.07145072e-05 1.08486824e-04 6.65946107e-05 1.21353691e-04 1.47797039e-04 9.01022972e-05 6.62226853e-05 4.68429826e-06 8.74489560e-06 5.88212060e-06 2.29278700e-05 4.77780050e-06 1.55733377e-05 4.01025862e-05 3.56562523e-05 1.26948667e-05 4.24847612e-05 3.35195306e-05 1.34284783e-05 4.00124891e-05 4.70023628e-05 9.20108723e-06 3.64231101e-05 8.34394397e-05 2.30376871e-05 1.99193579e-04 3.51087947e-04 1.40435179e-05 1.22670430e-04 1.45590209e-05 2.67696014e-05 2.42226196e-04 4.21419243e-04 7.14310779e-05 1.77640477e-04 3.52305573e-05 1.05910445e-05 2.23842599e-05 1.12231798e-05 3.51875168e-07 7.21434006e-09 4.10268264e-10
 1995 02 14 12 00 00  3.56721831e-03 2.16533995e-03 1.18744726e-03 8.40381806e-04 5.95369459e-04 3.40570152e-04 2.39927554e-04 1.97808605e-04 3.99205607e-04 1.17042714e-04 2.75808057e-03 4.06921580e-03 2.08239454e-04 6.06331248e-05 4.01038930e-05 1.10484160e-04 3.06883419e-05 5.11927705e-05 1.08963152e-04 6.68190070e-05 1.22344027e-04 1.49062312e-04 9.06333539e-05 6.64254360e-05 4.69778024e-06 8.70865842e-06 5.88743424e-06 2.29911614e-05 4.78296024e-06 1.56192460e-05 4.03598497e-05 3.57340788e-05 1.28509957e-05 4.27140424e-05 3.38206301e-05 1.34539034e-05 4.04997770e-05 4.76817203e-05 9.17094440e-06 3.67192268e-05 8.49036736e-05 2.32289123e-05 2.01619688e-04 3.53854423e-04 1.41541769e-05 1.25559459e-04 1.55899936e-05 2.71411700e-05 2.46982979e-04 4.26150083e-04 7.23675615e-05 1.79473011e-04 3.36402593e-05 1.00130833e-05 2.10509268e-05 1.03359164e-05 3.12036948e-07 5.15497005e-09 2.24016161e-10
 1995 02 15 12 00 00  3.57738141e-03 2.17257301e-03 1.19197741e-03 8.43711026e-04 5.98297747e-04 3.41798546e-04 2.41177060e-04 1.99197628e-04 4.02833550e-04 1.18126117e-04 2.78718184e-03 4.12233770e-03 2.09786524e-04 6.10690057e-05 4.03443220e-05 1.11600686e-04 3.09982075e-05 5.19839348e-05 1.09926795e-04 6.73383824e-05 1.23990990e-04 1.51163402e-04 9.15288460e-05 6.68539425e-05 4.71994499e-06 8.73963945e-06 5.89626507e-06 2.31068301e-05 4.79485643e-06 1.57012221e-05 4.08070223e-05 3.58620950e-05 1.31069261e-05 4.31719866e-05 3.45151697e-05 1.34962247e-05 4.13572173e-05 4.88449088e-05 9.19672748e-06 3.73963209e-05 8.74263851e-05 2.36711334e-05 2.06214680e-04 3.60237206e-04 1.44094882e-05 1.30926964e-04 1.72920627e-05 2.80002219e-05 2.55505065e-04 4.35008393e-04 7.42286635e-05 1.85422972e-04 3.49166999e-05 1.04771719e-05 2.21224970e-05 1.10600230e-05 3.45349449e-07 6.93816524e-09 3.86871113e-10
 1995 02 16 12 00 00  3.58980454e-03 2.18172310e-03 1.19768477e-03 8.47852521e-04 6.01912195e-04 3.43273787e-04 2.42697563e-04 2.00896238e-04 4.07270488e-04 1.19515160e-04 2.82273018e-03 4.18608375e-03 2.11730094e-04 6.16588946e-05 4.06533734e-05 1.12980570e-04 3.13695607e-05 5.29327372e-05 1.11222676e-04 6.80726604e-05 1.25966258e-04 1.53683942e-04 9.26130074e-05 6.73715340e-05 4.74651133e-06 8.75427286e-06 5.90686032e-06 2.32483251e-05 4.81147072e-06 1.58042758e-05 4.13556780e-05 3.60155449e-05 1.34136149e-05 4.37249432e-05 3.54863616e-05 1.35470065e-05 4.24128097e-05 5.02638517e-05 9.20890307e-06 3.82276826e-05 9.05187635e-05 2.42946480e-05 2.11694513e-04 3.69168881e-04 1.47667552e-05 1.37734536e-04 1.93329251e-05 2.92103650e-05 2.66223684e-04 4.46130133e-04 7.66977655e-05 1.91921474e-04 3.55382608e-05 1.07031132e-05 2.26439671e-05 1.14097678e-05 3.61251250e-07 7.77533664e-09 4.62977567e-10
 1995 02 17 12 00 00  3.60158334e-03 2.18953089e-03 1.20262312e-03 8.51590428e-04 6.05258981e-04 3.44743362e-04 2.44160786e-04 2.02510147e-04 4.11482802e-04 1.20653387e-04 2.85652123e-03 4.24982905e-03 2.13432379e-04 6.20737343e-05 4.09083542e-05 1.14252960e-04 3.17394530e-05 5.38797525e-05 1.12177452e-04 6.85131992e-05 1.27940411e-04 1.56202148e-04 9.36686728e-05 6.78603847e-05 4.77298636e-06 8.80640728e-06 5.91744683e-06 2.33802895e-05 4.82133983e-06 1.58940325e-05 4.18604634e-05 3.61684826e-05 1.37190174e-05 4.42540185e-05 3.60638864e-05 1.35977723e-05 4.33863069e-05 5.16135972e-05 9.25227650e-06 3.89737837e-05 9.34201456e-05 2.46679178e-05 2.17118594e-04 3.74483263e-04 1.49793305e-05 1.43485368e-04 2.13688982e-05 2.99343141e-05 2.75576579e-04 4.55816369e-04 7.85396431e-05 1.99508239e-04 3.77867533e-05 1.15203727e-05 2.45297974e-05 1.26699238e-05 4.18212059e-07 1.07488553e-08 7.32656558e-10
 1995 02 18 12 00 00  3.61387221e-03 2.19840214e-03 1.20817168e-03 8.55649933e-04 6.08820216e-04 3.46216428e-04 2.45669602e-04 2.04191977e-04 4.15875167e-04 1.21990926e-04 2.89170476e-03 4.31357473e-03 2.15327189e-04 6.26305029e-05 4.12071163e-05 1.15611279e-04 3.21093510e-05 5.48267679e-05 1.13414026e-04 6.91913301e-05 1.29913549e-04 1.58720382e-04 9.47463203e-05 6.83588048e-05 4.79946139e-06 8.81065935e-06 5.92803408e-06 2.35184309e-05 4.83654003e-06 1.59942313e-05 4.23970687e-05 3.63214232e-05 1.40244199e-05 4.47912079e-05 3.69533111e-05 1.36485382e-05 4.44216618e-05 5.30160052e-05 9.25580898e-06 3.97641374e-05 9.64684519e-05 2.52425642e-05 2.22487529e-04 3.82667506e-04 1.53067002e-05 1.50059214e-04 2.34048974e-05 3.10488656e-05 2.86011815e-04 4.66586546e-04 8.08870342e-05 2.05674548e-04 3.80079794e-05 1.16006930e-05 2.47147036e-05 1.27883799e-05 4.23197960e-07 1.09811523e-08 7.53008411e-10
 1995 02 19 12 00 00  3.61710005e-03 2.19955782e-03 1.20898794e-03 8.56456004e-04 6.09640573e-04 3.46699503e-04 2.46094251e-04 2.04636656e-04 4.17033265e-04 1.22099366e-04 2.90105504e-03 4.33482192e-03 2.15632974e-04 6.25773047e-05 4.12330240e-05 1.15917000e-04 3.22303851e-05 5.51396748e-05 1.13354391e-04 6.90176326e-05 1.30570255e-04 1.59556200e-04 9.50669651e-05 6.85097528e-05 4.80814379e-06 8.89514122e-06 5.93155164e-06 2.35535521e-05 4.83257754e-06 1.60095802e-05 4.25191561e-05 3.63716099e-05 1.41242243e-05 4.49572553e-05 3.67218687e-05 1.36654358e-05 4.46597392e-05 5.33912262e-05 9.32608891e-06 3.99553510e-05 9.72281224e-05 2.50948011e-05 2.24366749e-04 3.80540061e-04 1.52216024e-05 1.50845936e-04 2.40759953e-05 3.07619048e-05 2.87634189e-04 4.68328140e-04 8.08149896e-05 2.10228846e-04 4.16763466e-05 1.29339766e-05 2.77909750e-05 1.48406672e-05 5.15722229e-07 1.57928135e-08 1.18892487e-09
 1995 02 20 12 00 00  3.61425414e-03 2.19922172e-03 1.20864324e-03 8.55893081e-04 6.08978345e-04 3.46213851e-04 2.45702322e-04 2.04242631e-04 4.16012297e-04 1.22145321e-04 2.89273356e-03 4.31357175e-03 2.15476857e-04 6.27452388e-05 4.12424283e-05 1.15674298e-04 3.21035244e-05 5.48196374e-05 1.13650253e-04 6.93831011e-05 1.29907526e-04 1.58711123e-04 9.47597964e-05 6.84216168e-05 4.79909468e-06 8.85254995e-06 5.92800388e-06 2.35268654e-05 4.84064622e-06 1.60013876e-05 4.24159619e-05 3.63193802e-05 1.40192802e-05 4.48441620e-05 3.71947535e-05 1.36484756e-05 4.44712144e-05 5.30526025e-05 9.29063171e-06 3.99022456e-05 9.65695741e-05 2.54034792e-05 2.22810472e-04 3.84895427e-04 1.53958171e-05 1.50717233e-04 2.33854182e-05 3.13599507e-05 2.86793114e-04 4.67625688e-04 8.12849044e-05 2.07147493e-04 4.00053021e-05 1.23262109e-05 2.63866525e-05 1.38798888e-05 4.70677881e-07 1.33186600e-08 9.61395319e-10
 1995 02 21 12 00 00  3.60191471e-03 2.19026590e-03 1.20304693e-03 8.51802784e-04 6.05392311e-04 3.44736100e-04 2.44187538e-04 2.02553436e-04 4.11603153e-04 1.20792377e-04 2.85739810e-03 4.24982384e-03 2.13567290e-04 6.21805792e-05 4.09411864e-05 1.14305813e-04 3.17287748e-05 5.38666616e-05 1.12402346e-04 6.86917512e-05 1.27927539e-04 1.56185182e-04 9.36774851e-05 6.78970447e-05 4.77231442e-06 8.81789092e-06 5.91739190e-06 2.33847258e-05 4.82502546e-06 1.58995756e-05 4.18695075e-05 3.61647457e-05 1.37095922e-05 4.42845877e-05 3.62814957e-05 1.35976574e-05 4.34220496e-05 5.16374733e-05 9.26177891e-06 3.90637269e-05 9.34896734e-05 2.48166092e-05 2.17242099e-04 3.76495837e-04 1.50598335e-05 1.44029917e-04 2.13331892e-05 3.02210334e-05 2.76222564e-04 4.56622282e-04 7.89008156e-05 2.00073908e-04 3.86429895e-05 1.18307392e-05 2.52418310e-05 1.30970255e-05 4.34001106e-07 1.13060448e-08 7.76356934e-10
 1995 02 22 12 00 00  3.59468173e-03 2.18636768e-03 1.20050588e-03 8.49704092e-04 6.03421458e-04 3.43756875e-04 2.43266694e-04 2.01560343e-04 4.09016258e-04 1.20279305e-04 2.83655465e-03 4.20732573e-03 2.12670532e-04 6.20834664e-05 4.08264724e-05 1.13561561e-04 3.14779696e-05 5.32301608e-05 1.12129952e-04 6.86979678e-05 1.26605766e-04 1.54499682e-04 9.29982522e-05 6.76057872e-05 4.75439920e-06 8.75752812e-06 5.91031130e-06 2.33054982e-05 4.82498981e-06 1.58519703e-05 4.15668680e-05 3.60613136e-05 1.35022783e-05 4.39613359e-05 3.62804712e-05 1.35637660e-05 4.28479196e-05 5.07984319e-05 9.21153915e-06 3.86646580e-05 9.17255690e-05 2.48204218e-05 2.13701957e-04 3.76491987e-04 1.50596795e-05 1.41210623e-04 1.99617978e-05 3.02275090e-05 2.71284888e-04 4.51575194e-04 7.83037845e-05 1.94352553e-04 3.61793519e-05 1.09349515e-05 2.31731935e-05 1.16958579e-05 3.69304782e-07 7.82530893e-09 4.58030813e-10
 1995 02 23 12 00 00  3.58983393e-03 2.18185658e-03 1.19776565e-03 8.47878728e-04 6.01917510e-04 3.43257555e-04 2.42695816e-04 2.00899684e-04 4.07288607e-04 1.19542781e-04 2.82276694e-03 4.18607555e-03 2.11758635e-04 6.16941878e-05 4.06639967e-05 1.12981583e-04 3.13511118e-05 5.29101235e-05 1.11318119e-04 6.81306701e-05 1.25942944e-04 1.53654621e-04 9.26048402e-05 6.73640641e-05 4.74535009e-06 8.74053876e-06 5.90676464e-06 2.32439736e-05 4.81212810e-06 1.58027852e-05 4.13338776e-05 3.60090868e-05 1.33973357e-05 4.37182776e-05 3.55288095e-05 1.35468057e-05 4.23995704e-05 5.02449136e-05 9.19738741e-06 3.82252351e-05 9.04752666e-05 2.43384929e-05 2.11535645e-04 3.69580051e-04 1.47832020e-05 1.37743561e-04 1.92712323e-05 2.92920158e-05 2.66194867e-04 4.46113354e-04 7.67890780e-05 1.91753164e-04 3.55828881e-05 1.07178340e-05 2.26706323e-05 1.13416566e-05 3.51967194e-07 6.81945131e-09 3.64227182e-10
 1995 02 24 12 00 00  3.58789024e-03 2.18060485e-03 1.19697155e-03 8.47268912e-04 6.01366918e-04 3.43010742e-04 2.42453129e-04 2.00633201e-04 4.06594303e-04 1.19362671e-04 2.81718284e-03 4.17544991e-03 2.11484400e-04 6.16337357e-05 4.06241488e-05 1.12772270e-04 3.12871969e-05 5.27495111e-05 1.11179144e-04 6.80716708e-05 1.25610813e-04 1.53231317e-04 9.24285760e-05 6.72762417e-05 4.74079498e-06 8.72010787e-06 5.90498821e-06 2.32210829e-05 4.81073148e-06 1.57879654e-05 4.12478439e-05 3.59828031e-05 1.33444351e-05 4.36245600e-05 3.54475080e-05 1.35383205e-05 4.22367511e-05 5.00188522e-05 9.18036676e-06 3.80913918e-05 8.99901703e-05 2.42878799e-05 2.10566468e-04 3.68834343e-04 1.47533737e-05 1.36806284e-04 1.89243234e-05 2.91934586e-05 2.64665886e-04 4.44505987e-04 7.65088403e-05 1.90202974e-04 3.48518144e-05 1.04517568e-05 2.20549388e-05 1.09099873e-05 3.30992953e-07 5.61349829e-09 2.52013810e-10
 1995 02 25 12 00 00  3.58120193e-03 2.17504313e-03 1.19355197e-03 8.44897953e-04 5.99358019e-04 3.42268355e-04 2.41649760e-04 1.99720183e-04 4.04207932e-04 1.18483371e-04 2.79810234e-03 4.14357632e-03 2.10334177e-04 6.12082681e-05 4.04293437e-05 1.12001435e-04 3.10998206e-05 5.22730290e-05 1.10273279e-04 6.74860436e-05 1.24620954e-04 1.51968353e-04 9.18650896e-05 6.69783608e-05 4.72740467e-06 8.71485172e-06 5.89968149e-06 2.31414022e-05 4.79747941e-06 1.57264750e-05 4.09405462e-05 3.59054888e-05 1.31895926e-05 4.33147950e-05 3.46728571e-05 1.35129114e-05 4.16452966e-05 4.92560316e-05 9.17597790e-06 3.75798855e-05 8.82979541e-05 2.37905770e-05 2.07651361e-04 3.61710196e-04 1.44684078e-05 1.32602166e-04 1.78982169e-05 2.82282650e-05 2.58285053e-04 4.37795776e-04 7.48064007e-05 1.87009175e-04 3.47423354e-05 1.04116886e-05 2.19611363e-05 1.08314951e-05 3.26303255e-07 5.28197655e-09 2.19728324e-10
 1995 02 26 12 00 00  3.57914734e-03 2.17355479e-03 1.19262263e-03 8.44219510e-04 5.98763799e-04 3.42021228e-04 2.41397760e-04 1.99439780e-04 4.03475902e-04 1.18259265e-04 2.79222023e-03 4.13295142e-03 2.10018016e-04 6.11178114e-05 4.03802086e-05 1.11774564e-04 3.10363888e-05 5.21130045e-05 1.10077977e-04 6.73763861e-05 1.24290986e-04 1.51545809e-04 9.16842980e-05 6.69257460e-05 4.72287975e-06 8.75743426e-06 5.89790798e-06 2.31207660e-05 4.79488517e-06 1.57094836e-05 4.08489384e-05 3.58793739e-05 1.31371169e-05 4.32512542e-05 3.45219072e-05 1.35044305e-05 4.14747035e-05 4.90218576e-05 9.21139581e-06 3.75047926e-05 8.77876545e-05 2.36965338e-05 2.06964325e-04 3.60325615e-04 1.44130246e-05 1.31521893e-04 1.75529203e-05 2.80451408e-05 2.56529637e-04 4.36122867e-04 7.44194435e-05 1.87389800e-04 3.66351336e-05 1.10995316e-05 2.35476909e-05 1.18840723e-05 3.73332662e-07 7.69539170e-09 4.37543601e-10
 1995 02 27 12 00 00  3.57815658e-03 2.17150238e-03 1.19144568e-03 8.43596055e-04 5.98345698e-04 3.42011432e-04 2.41308351e-04 1.99307668e-04 4.03127456e-04 1.17875033e-04 2.78950685e-03 4.13294956e-03 2.09647179e-04 6.08469215e-05 4.02966032e-05 1.11606834e-04 3.10329924e-05 5.21088368e-05 1.09543957e-04 6.69227622e-05 1.24287063e-04 1.51540405e-04 9.16398752e-05 6.68596560e-05 4.72266620e-06 8.78424762e-06 5.89789088e-06 2.31037028e-05 4.78459478e-06 1.56888079e-05 4.07809096e-05 3.58781836e-05 1.31341192e-05 4.31952769e-05 3.39205377e-05 1.35043956e-05 4.13447307e-05 4.89122567e-05 9.23369444e-06 3.73335707e-05 8.74866577e-05 2.33111205e-05 2.06716239e-04 3.54795842e-04 1.41918337e-05 1.29873334e-04 1.75415538e-05 2.72969715e-05 2.54409575e-04 4.33801596e-04 7.34483441e-05 1.88098567e-04 3.78538923e-05 1.15423675e-05 2.45688216e-05 1.25580074e-05 4.03188179e-07 9.20782135e-09 5.73531178e-10
 1995 02 28 12 00 00  3.57864690e-03 2.17256067e-03 1.19205227e-03 8.43902653e-04 5.98539959e-04 3.42009069e-04 2.41349034e-04 1.99369968e-04 4.03297698e-04 1.18072896e-04 2.79081743e-03 4.13294658e-03 2.09836838e-04 6.09873740e-05 4.03399699e-05 1.11684656e-04 3.10266798e-05 5.21011010e-05 1.09820741e-04 6.71590504e-05 1.24280663e-04 1.51530373e-04 9.16577410e-05 6.69373826e-05 4.72226857e-06 8.83521279e-06 5.89785777e-06 2.31143603e-05 4.78993315e-06 1.56979820e-05 4.08092481e-05 3.58759746e-05 1.31285487e-05 4.32600824e-05 3.42326559e-05 1.35043258e-05 4.14096935e-05 4.89599247e-05 9.27609581e-06 3.75042262e-05 8.76173539e-05 2.35116997e-05 2.07125250e-04 3.57666532e-04 1.43066613e-05 1.30715764e-04 1.75204492e-05 2.76862265e-05 2.55396889e-04 4.35100162e-04 7.39393771e-05 1.89724721e-04 4.00484056e-05 1.23400159e-05 2.64094385e-05 1.37884293e-05 4.58839514e-07 1.21156024e-08 8.37315284e-10
 1995 03 01 12 00 00  3.57831749e-03 2.17192346e-03 1.19168568e-03 8.43691197e-04 5.98384740e-04 3.41998915e-04 2.41315187e-04 1.99321853e-04 4.03177336e-04 1.17952766e-04 2.78987905e-03 4.13294286e-03 2.09718743e-04 6.09010639e-05 4.03134084e-05 1.11622446e-04 3.10179428e-05 5.20903966e-05 1.09644761e-04 6.70162321e-05 1.24269472e-04 1.51516487e-04 9.16390363e-05 6.69043015e-05 4.72171851e-06 8.83036919e-06 5.89781230e-06 2.31057999e-05 4.78678594e-06 1.56900331e-05 4.07805054e-05 3.58729158e-05 1.31208377e-05 4.32308307e-05 3.40481522e-05 1.35042312e-05 4.13595307e-05 4.89131981e-05 9.27206493e-06 3.74299105e-05 8.74919944e-05 2.33911182e-05 2.06934941e-04 3.55967025e-04 1.42386810e-05 1.30142217e-04 1.74912289e-05 2.74526392e-05 2.54623310e-04 4.34224852e-04 7.36192664e-05 1.89417724e-04 3.98433821e-05 1.22654867e-05 2.62374176e-05 1.36729554e-05 4.53581978e-07 1.18382616e-08 8.12088530e-10
 1995 03 02 12 00 00  3.58103827e-03 2.17485850e-03 1.19344503e-03 8.44787745e-04 5.99242796e-04 3.42240524e-04 2.41621998e-04 1.99687097e-04 4.04142253e-04 1.18447858e-04 2.79753697e-03 4.14356329e-03 2.10295144e-04 6.11866588e-05 4.04227465e-05 1.11954819e-04 3.10702046e-05 5.22367249e-05 1.10229195e-04 6.74538373e-05 1.24586921e-04 1.51921275e-04 9.18427716e-05 6.70461282e-05 4.72554020e-06 8.83463290e-06 5.89952833e-06 2.31389081e-05 4.79667215e-06 1.57192078e-05 4.09063678e-05 3.58951220e-05 1.31634573e-05 4.33687158e-05 3.46261659e-05 1.35125898e-05 4.16137363e-05 4.92080067e-05 9.27561268e-06 3.77083447e-05 8.81707420e-05 2.37625849e-05 2.08049698e-04 3.61283310e-04 1.44513324e-05 1.32347748e-04 1.77991751e-05 2.81735236e-05 2.57709333e-04 4.37586454e-04 7.46836426e-05 1.90541996e-04 4.00192406e-05 1.23294251e-05 2.63850481e-05 1.37726928e-05 4.58168702e-07 1.20836624e-08 8.34497271e-10
 1995 03 03 12 00 00  3.58185657e-03 2.17662262e-03 1.19445618e-03 8.45299564e-04 5.99567680e-04 3.42236882e-04 2.41690068e-04 1.99791238e-04 4.04426540e-04 1.18777711e-04 2.79972612e-03 4.14355919e-03 2.10611410e-04 6.14208627e-05 4.04950576e-05 1.12084971e-04 3.10600095e-05 5.22242335e-05 1.10690327e-04 6.78477692e-05 1.24574766e-04 1.51905081e-04 9.18727608e-05 6.71229406e-05 4.72489883e-06 8.84618858e-06 5.89947522e-06 2.31519791e-05 4.80556919e-06 1.57345641e-05 4.09516836e-05 3.58915509e-05 1.31544613e-05 4.34323115e-05 3.51463415e-05 1.35124792e-05 4.17146704e-05 4.92842395e-05 9.28523077e-06 3.78961640e-05 8.83830330e-05 2.40969603e-05 2.08360106e-04 3.66067688e-04 1.46427075e-05 1.33705482e-04 1.77650916e-05 2.88224051e-05 2.59359941e-04 4.39525445e-04 7.55028983e-05 1.90901586e-04 4.04954742e-05 1.25025734e-05 2.67848435e-05 1.40428306e-05 4.70594921e-07 1.27487215e-08 8.95232866e-10
 1995 03 04 12 00 00  3.58283129e-03 2.17870396e-03 1.19564921e-03 8.45910047e-04 5.99960494e-04 3.42236055e-04 2.41772823e-04 1.99916689e-04 4.04766054e-04 1.19166946e-04 2.80234861e-03 4.14355472e-03 2.10985138e-04 6.16965556e-05 4.05801771e-05 1.12242402e-04 3.10517586e-05 5.22141112e-05 1.11232687e-04 6.83110615e-05 1.24564138e-04 1.51891954e-04 9.19104842e-05 6.71871610e-05 4.72437896e-06 8.82085078e-06 5.89943265e-06 2.31659568e-05 4.81605239e-06 1.57533672e-05 4.10081415e-05 3.58886638e-05 1.31471767e-05 4.34853631e-05 3.57591372e-05 1.35123904e-05 4.18338213e-05 4.93778496e-05 9.26415014e-06 3.80681786e-05 8.86440471e-05 2.44903611e-05 2.08550519e-04 3.71703287e-04 1.48681315e-05 1.35304903e-04 1.77374837e-05 2.95859470e-05 2.61355600e-04 4.41738529e-04 7.64731914e-05 1.90147556e-04 3.94036202e-05 1.21057150e-05 2.58690810e-05 1.34307738e-05 4.42920293e-07 1.13033551e-08 7.64130270e-10
 1995 03 05 12 00 00  3.57764966e-03 2.17352379e-03 1.19252273e-03 8.43868060e-04 5.98301705e-04 3.41731730e-04 2.41169090e-04 1.99207487e-04 4.02914053e-04 1.18303494e-04 2.78762429e-03 4.12230343e-03 2.09947988e-04 6.12112036e-05 4.03882104e-05 1.11600712e-04 3.09219846e-05 5.18905057e-05 1.10216990e-04 6.75849267e-05 1.23896025e-04 1.51042251e-04 9.15011540e-05 6.68746886e-05 4.71514686e-06 8.74632969e-06 5.89586962e-06 2.30936216e-05 4.79988703e-06 1.56968052e-05 4.07518975e-05 3.58354184e-05 1.30396627e-05 4.31812215e-05 3.48125875e-05 1.34953982e-05 4.13341765e-05 4.87812487e-05 9.20214879e-06 3.74820966e-05 8.72783373e-05 2.38759589e-05 2.05955275e-04 3.62989824e-04 1.45195930e-05 1.31232145e-04 1.70371684e-05 2.83948728e-05 2.55511556e-04 4.35243302e-04 7.46144442e-05 1.85543148e-04 3.62205643e-05 1.09486966e-05 2.31989018e-05 1.16423260e-05 3.61778729e-07 7.04465641e-09 3.77308496e-10
 1995 03 06 12 00 00  3.57169214e-03 2.16949974e-03 1.18998375e-03 8.41953565e-04 5.96591081e-04 3.40993374e-04 2.40429306e-04 1.98389185e-04 4.00781057e-04 1.17711281e-04 2.77052466e-03 4.09042910e-03 2.09073264e-04 6.09857527e-05 4.02552099e-05 1.10949670e-04 3.07336362e-05 5.14128362e-05 1.09699547e-04 6.73354545e-05 1.22904791e-04 1.49777738e-04 9.09686210e-05 6.66276583e-05 4.70169507e-06 8.72538803e-06 5.89055853e-06 2.30258139e-05 4.79437622e-06 1.56500313e-05 4.04930814e-05 3.57577577e-05 1.28839631e-05 4.29137264e-05 3.44896456e-05 1.34699774e-05 4.08366915e-05 4.80949366e-05 9.18472651e-06 3.71018793e-05 8.57969283e-05 2.36652311e-05 2.03227392e-04 3.60015614e-04 1.44006246e-05 1.28238522e-04 1.60078096e-05 2.79865868e-05 2.50656751e-04 4.30221620e-04 7.36249114e-05 1.81860923e-04 3.53164537e-05 1.06200815e-05 2.24406311e-05 1.11357599e-05 3.38890419e-07 5.85051811e-09 2.69025713e-10
 1995 03 07 12 00 00  3.56898423e-03 2.16663972e-03 1.18826529e-03 8.40858733e-04 5.95718576e-04 3.40745214e-04 2.40118953e-04 1.98020351e-04 3.99813851e-04 1.17228795e-04 2.76286105e-03 4.07980569e-03 2.08506028e-04 6.07049150e-05 4.01474766e-05 1.10611717e-04 3.06740927e-05 5.12575731e-05 1.09113843e-04 6.69081463e-05 1.22578499e-04 1.49361385e-04 9.07616566e-05 6.64933244e-05 4.69741535e-06 8.73163808e-06 5.88880503e-06 2.29916182e-05 4.78492802e-06 1.56200225e-05 4.03641899e-05 3.57330049e-05 1.28349187e-05 4.27804842e-05 3.39359656e-05 1.34615402e-05 4.05803316e-05 4.77926491e-05 9.18993173e-06 3.68402586e-05 8.50990926e-05 2.33041952e-05 2.02135450e-04 3.54916668e-04 1.41966667e-05 1.26044875e-04 1.56755166e-05 2.72870268e-05 2.47522076e-04 4.26854578e-04 7.25684528e-05 1.80952130e-04 3.55489364e-05 1.07046695e-05 2.26362439e-05 1.12714700e-05 3.45385659e-07 6.21699856e-09 3.02964498e-10
 1995 03 08 12 00 00  3.56071463e-03 2.16054625e-03 1.18446300e-03 8.38103412e-04 5.93315889e-04 3.39766268e-04 2.39107552e-04 1.96889666e-04 3.96858052e-04 1.16303271e-04 2.73920744e-03 4.03731093e-03 2.07210252e-04 6.03076291e-05 3.99402767e-05 1.09694893e-04 3.04315414e-05 5.06311888e-05 1.08234461e-04 6.64122112e-05 1.21267027e-04 1.47688998e-04 9.00419836e-05 6.61249024e-05 4.68001999e-06 8.68644056e-06 5.88176772e-06 2.28963007e-05 4.77388930e-06 1.55521409e-05 4.00045993e-05 3.56324599e-05 1.26348852e-05 4.23919145e-05 3.32895695e-05 1.34277405e-05 3.98788518e-05 4.68521125e-05 9.15232886e-06 3.62410725e-05 8.30518743e-05 2.28845878e-05 1.98332858e-04 3.48966233e-04 1.39586493e-05 1.21512824e-04 1.43317200e-05 2.64735892e-05 2.40427098e-04 4.19376796e-04 7.09174676e-05 1.75542345e-04 3.35996968e-05 9.99617896e-06 2.10013969e-05 1.01790177e-05 2.96004579e-07 3.63910790e-09 6.91650071e-11
 1995 03 09 12 00 00  3.55593096e-03 2.15612657e-03 1.18177330e-03 8.36315430e-04 5.91844931e-04 3.39276495e-04 2.38545198e-04 1.96238452e-04 3.95150005e-04 1.15582743e-04 2.72562207e-03 4.01606523e-03 2.06313244e-04 5.99224096e-05 3.97791675e-05 1.09128666e-04 3.03148787e-05 5.03236486e-05 1.07418863e-04 6.58519450e-05 1.20615763e-04 1.46860146e-04 8.96565582e-05 6.58563771e-05 4.67161226e-06 8.62253510e-06 5.87827344e-06 2.28351651e-05 4.76148380e-06 1.55054595e-05 3.97866622e-05 3.55838070e-05 1.25389415e-05 4.21262920e-05 3.25627567e-05 1.34108894e-05 3.94425540e-05 4.63151698e-05 9.09916052e-06 3.57505597e-05 8.18450524e-05 2.24110860e-05 1.96005227e-04 3.42273382e-04 1.36909353e-05 1.18140472e-04 1.36752511e-05 2.55560211e-05 2.35528585e-04 4.13961389e-04 6.94356407e-05 1.71487210e-04 3.08666570e-05 9.00274613e-06 1.87087832e-05 8.64392644e-06 2.26391552e-07 6.58606680e-10 1.00000000e-10
 1995 03 10 12 00 00  3.54942862e-03 2.15369846e-03 1.18007465e-03 8.34676500e-04 5.90192709e-04 3.38312692e-04 2.37693637e-04 1.95345068e-04 3.92820174e-04 1.15344579e-04 2.70681050e-03 3.97357196e-03 2.05682365e-04 6.00154315e-05 3.97231719e-05 1.08512533e-04 3.00757267e-05 4.97014262e-05 1.07517755e-04 6.61760103e-05 1.19311045e-04 1.45193153e-04 8.90147806e-05 6.56912609e-05 4.65443154e-06 8.64888643e-06 5.87125360e-06 2.27776333e-05 4.76879832e-06 1.54742484e-05 3.95469985e-05 3.54844524e-05 1.23419057e-05 4.19103357e-05 3.29904229e-05 1.33771275e-05 3.89827480e-05 4.55733819e-05 9.12108953e-06 3.56151908e-05 8.03396879e-05 2.26861113e-05 1.93237483e-04 3.46207055e-04 1.38482822e-05 1.16625013e-04 1.23428094e-05 2.60897097e-05 2.32215600e-04 4.11004289e-04 6.95356993e-05 1.68640516e-04 3.19520425e-05 9.39737147e-06 1.96199678e-05 9.25969059e-06 2.54722445e-07 1.66940950e-09 1.00000000e-10
 1995 03 11 12 00 00  3.54542275e-03 2.15089567e-03 1.17831226e-03 8.33378109e-04 5.89048833e-04 3.37829521e-04 2.37201061e-04 1.94797329e-04 3.91385795e-04 1.14926812e-04 2.69535148e-03 3.95232700e-03 2.05077532e-04 5.98442852e-05 3.96281269e-05 1.08077475e-04 2.99605163e-05 4.93956730e-05 1.07125416e-04 6.59742625e-05 1.18662514e-04 1.44366604e-04 8.86636039e-05 6.55071081e-05 4.64611512e-06 8.60937216e-06 5.86776659e-06 2.27325781e-05 4.76450150e-06 1.54436504e-05 3.93825124e-05 3.54363059e-05 1.22472455e-05 4.17160241e-05 3.27376183e-05 1.33602924e-05 3.86522706e-05 4.51233361e-05 9.08821894e-06 3.53191828e-05 7.93698922e-05 2.25170123e-05 1.91329522e-04 3.43873577e-04 1.37549431e-05 1.14574766e-04 1.16912037e-05 2.57629261e-05 2.28973890e-04 4.07547666e-04 6.88191745e-05 1.65471019e-04 3.02293586e-05 8.77127127e-06 1.81754521e-05 8.29692767e-06 2.11384546e-07 1.66772196e-10 1.00000000e-10
 1995 03 12 12 00 00  3.54158409e-03 2.14844474e-03 1.17675262e-03 8.32186982e-04 5.87976883e-04 3.37346209e-04 2.36723472e-04 1.94272487e-04 3.90012311e-04 1.14575522e-04 2.68434856e-03 3.93108130e-03 2.04537535e-04 5.97230250e-05 3.95484180e-05 1.07671073e-04 2.98438536e-05 4.90881386e-05 1.06837259e-04 6.58556120e-05 1.18013161e-04 1.43537750e-04 8.83188975e-05 6.53627858e-05 4.63770812e-06 8.60606451e-06 5.86427232e-06 2.26926640e-05 4.76195928e-06 1.54163455e-05 3.92275292e-05 3.53876472e-05 1.21512996e-05 4.15557318e-05 3.25881498e-05 1.33434427e-05 3.83460906e-05 4.46915783e-05 9.08547372e-06 3.51059525e-05 7.84494549e-05 2.24174379e-05 1.89659815e-04 3.42494481e-04 1.36997793e-05 1.12826550e-04 1.10347362e-05 2.55704159e-05 2.26085008e-04 4.04607680e-04 6.82770748e-05 1.63449261e-04 3.00432859e-05 8.70374170e-06 1.80201244e-05 8.19898971e-06 2.07380392e-07 4.67469619e-11 1.00000000e-10
 1995 03 13 12 00 00  3.54302697e-03 2.14863691e-03 1.17693833e-03 8.32480475e-04 5.88319824e-04 3.37592650e-04 2.36922481e-04 1.94472840e-04 3.90529345e-04 1.14556800e-04 2.68857562e-03 3.94170806e-03 2.04619744e-04 5.96400011e-05 3.95440353e-05 1.07797320e-04 2.99111678e-05 4.92529129e-05 1.06688235e-04 6.56743476e-05 1.18349376e-04 1.43966457e-04 8.84753284e-05 6.54088251e-05 4.64247678e-06 8.62630259e-06 5.86606584e-06 2.27072096e-05 4.75804081e-06 1.54213224e-05 3.92847546e-05 3.54151183e-05 1.22071986e-05 4.16139462e-05 3.23579676e-05 1.33519658e-05 3.84460587e-05 4.48676599e-05 9.10231611e-06 3.51351386e-05 7.87958476e-05 2.22650313e-05 1.90459784e-04 3.40371782e-04 1.36148713e-05 1.12931100e-04 1.13930088e-05 2.52755824e-05 2.26571645e-04 4.05024149e-04 6.80521704e-05 1.65035853e-04 3.08760759e-05 9.00653040e-06 1.87192691e-05 8.67158005e-06 2.29132478e-07 8.23216340e-10 1.00000000e-10
 1995 03 14 12 00 00  3.55126412e-03 2.15462328e-03 1.18067773e-03 8.35213034e-04 5.90715196e-04 3.38579611e-04 2.37933658e-04 1.95600281e-04 3.93471424e-04 1.15461372e-04 2.71216592e-03 3.98420766e-03 2.05894965e-04 6.00162510e-05 3.97448410e-05 1.08711662e-04 3.01629421e-05 4.98906069e-05 1.07516374e-04 6.61351543e-05 1.19671874e-04 1.45653500e-04 8.91983284e-05 6.57620723e-05 4.66045349e-06 8.65211114e-06 5.87315117e-06 2.28027613e-05 4.76853784e-06 1.54896302e-05 3.96525195e-05 3.55188880e-05 1.24153710e-05 4.19897568e-05 3.29711533e-05 1.33858659e-05 3.91489469e-05 4.58146548e-05 9.12379473e-06 3.57000031e-05 8.08579325e-05 2.26569100e-05 1.94199891e-04 3.46008746e-04 1.38403499e-05 1.17412821e-04 1.27676511e-05 2.60365341e-05 2.33649877e-04 4.12401241e-04 6.96447067e-05 1.69886991e-04 3.19353892e-05 9.39168549e-06 1.96086341e-05 9.27312824e-06 2.56847153e-07 1.81375714e-09 1.00000000e-10
 1995 03 15 12 00 00  3.56127490e-03 2.16160654e-03 1.18506487e-03 8.38444864e-04 5.93561555e-04 3.39794744e-04 2.39164114e-04 1.96964853e-04 3.97043946e-04 1.16498031e-04 2.74080169e-03 4.03732359e-03 2.07395470e-04 6.04226253e-05 3.99761504e-05 1.09795026e-04 3.04592162e-05 5.06651122e-05 1.08424576e-04 6.66063919e-05 1.21301878e-04 1.47732996e-04 9.00802666e-05 6.61781754e-05 4.68176222e-06 8.68759525e-06 5.88191178e-06 2.29126511e-05 4.77922258e-06 1.55667432e-05 4.00763950e-05 3.56421515e-05 1.26593077e-05 4.24362706e-05 3.35956225e-05 1.34280403e-05 3.99761771e-05 4.69450351e-05 9.15332785e-06 3.63527573e-05 8.32952439e-05 2.30572463e-05 1.98692241e-04 3.51751066e-04 1.40700427e-05 1.22501038e-04 1.44242716e-05 2.68136471e-05 2.41751770e-04 4.20824498e-04 7.13787615e-05 1.75781575e-04 3.33832990e-05 9.91815109e-06 2.08244011e-05 1.00966603e-05 2.94875478e-07 3.77712293e-09 8.67217853e-11
 1995 03 16 12 00 00  3.57252971e-03 2.16841667e-03 1.18942874e-03 8.41844946e-04 5.96655734e-04 3.41245791e-04 2.40572053e-04 1.98500741e-04 4.01063158e-04 1.17447821e-04 2.77308711e-03 4.10106108e-03 2.08911692e-04 6.07013814e-05 4.01892818e-05 1.10966191e-04 3.08126066e-05 5.15918888e-05 1.09099670e-04 6.68223947e-05 1.23255137e-04 1.50224961e-04 9.11048306e-05 6.66187962e-05 4.70719751e-06 8.73964818e-06 5.89241317e-06 2.30307977e-05 4.78418187e-06 1.56434869e-05 4.05337765e-05 3.57893063e-05 1.29501408e-05 4.29222597e-05 3.38850892e-05 1.34786256e-05 4.08687804e-05 4.82175084e-05 9.19664963e-06 3.69897948e-05 8.59895720e-05 2.32412582e-05 2.03840053e-04 3.54410843e-04 1.41764337e-05 1.27338774e-04 1.64050420e-05 2.71711615e-05 2.49850338e-04 4.29117297e-04 7.27121545e-05 1.83002848e-04 3.55144983e-05 1.06930470e-05 2.26137803e-05 1.13077105e-05 3.50724879e-07 6.77677932e-09 3.60924624e-10
 1995 03 17 12 00 00  3.58094004e-03 2.17489302e-03 1.19344835e-03 8.44680815e-04 5.99085553e-04 3.42212046e-04 2.41587898e-04 1.99641909e-04 4.04059732e-04 1.18443423e-04 2.79705307e-03 4.14354950e-03 2.10270894e-04 6.11452710e-05 4.04110111e-05 1.11893984e-04 3.10401054e-05 5.21998329e-05 1.10059905e-04 6.73997216e-05 1.24546534e-04 1.51873437e-04 9.18227804e-05 6.69610389e-05 4.72364554e-06 8.73555837e-06 5.89937226e-06 2.31215203e-05 4.79723385e-06 1.57121254e-05 4.08897433e-05 3.58845835e-05 1.31368957e-05 4.32863857e-05 3.46480956e-05 1.35122624e-05 4.15726290e-05 4.91517540e-05 9.19326194e-06 3.75543471e-05 8.80264322e-05 2.37314074e-05 2.07369502e-04 3.61428314e-04 1.44571326e-05 1.32041557e-04 1.76985253e-05 2.81224115e-05 2.57108198e-04 4.36659036e-04 7.45081521e-05 1.86605699e-04 3.52361786e-05 1.05921258e-05 2.23820735e-05 1.11666334e-05 3.45341246e-07 6.57116495e-09 3.44206796e-10
 1995 03 18 12 00 00  3.58332753e-03 2.17718912e-03 1.19484034e-03 8.45563766e-04 5.99785685e-04 3.42442162e-04 2.41860077e-04 1.99958320e-04 4.04903215e-04 1.18818187e-04 2.80375747e-03 4.15416509e-03 2.10729036e-04 6.13453260e-05 4.04940123e-05 1.12162988e-04 3.10821779e-05 5.23336697e-05 1.10472305e-04 6.76957949e-05 1.24854183e-04 1.52262020e-04 9.20068935e-05 6.71586678e-05 4.72682586e-06 8.86107737e-06 5.90103518e-06 2.31538763e-05 4.80396484e-06 1.57330980e-05 4.09887030e-05 3.59032187e-05 1.31705179e-05 4.34703551e-05 3.50413960e-05 1.35205104e-05 4.17881222e-05 4.94040140e-05 9.29771413e-06 3.79219674e-05 8.85860765e-05 2.39830828e-05 2.08927489e-04 3.65044241e-04 1.46017696e-05 1.33747419e-04 1.79723749e-05 2.86110473e-05 2.59403977e-04 4.39517381e-04 7.52525824e-05 1.91288259e-04 4.04537371e-05 1.24890140e-05 2.67613956e-05 1.41194219e-05 4.80719433e-07 1.37831947e-08 1.00199902e-09
 1995 03 19 12 00 00  3.58429838e-03 2.17653282e-03 1.19453744e-03 8.45551478e-04 5.99887199e-04 3.42663000e-04 2.42005179e-04 2.00085122e-04 4.05244580e-04 1.18639080e-04 2.80659113e-03 4.16477993e-03 2.10651449e-04 6.11486108e-05 4.04546733e-05 1.12192275e-04 3.11247277e-05 5.24680945e-05 1.10089407e-04 6.73282309e-05 1.25156281e-04 1.52651362e-04 9.21302103e-05 6.70788123e-05 4.73003638e-06 8.76797421e-06 5.90270029e-06 2.31461753e-05 4.79590854e-06 1.57250691e-05 4.09902358e-05 3.59220227e-05 1.32045650e-05 4.34191605e-05 3.45688546e-05 1.35287628e-05 4.17956441e-05 4.94926657e-05 9.22026084e-06 3.77063586e-05 8.87057659e-05 2.36731139e-05 2.08851336e-04 3.60690263e-04 1.44276105e-05 1.32934864e-04 1.82478398e-05 2.80108128e-05 2.58688165e-04 4.38267872e-04 7.45856017e-05 1.88904853e-04 3.64174030e-05 1.10219769e-05 2.33764424e-05 1.18603412e-05 3.78809922e-07 8.47872048e-09 5.21313881e-10
 1995 03 20 12 00 00  3.58533840e-03 2.17880238e-03 1.19583800e-03 8.46200438e-04 6.00291553e-04 3.42653858e-04 2.42089353e-04 2.00215360e-04 4.05604178e-04 1.19063198e-04 2.80935237e-03 4.16477211e-03 2.11057175e-04 6.14499375e-05 4.05477322e-05 1.12354219e-04 3.11067619e-05 5.24460746e-05 1.10681881e-04 6.78358309e-05 1.25135645e-04 1.52622814e-04 9.21657441e-05 6.72059149e-05 4.72890533e-06 8.82564200e-06 5.90260715e-06 2.31643253e-05 4.80737654e-06 1.57439140e-05 4.10447415e-05 3.59157391e-05 1.31887122e-05 4.35244438e-05 3.52393457e-05 1.35285693e-05 4.19246283e-05 4.95855023e-05 9.26825669e-06 3.80012889e-05 8.89641565e-05 2.41040034e-05 2.09439827e-04 3.66857051e-04 1.46742821e-05 1.34678541e-04 1.81877738e-05 2.88470124e-05 2.60745877e-04 4.40829115e-04 7.56323498e-05 1.90598668e-04 3.87740387e-05 1.18788509e-05 2.53551785e-05 1.32001854e-05 4.40644158e-07 1.18031949e-08 8.25292812e-10
 1995 03 21 12 00 00  3.58848441e-03 2.17986833e-03 1.19660107e-03 8.46948628e-04 6.01050035e-04 3.43123617e-04 2.42499503e-04 2.00642150e-04 4.06726492e-04 1.19153599e-04 2.81841548e-03 4.18601334e-03 2.11342084e-04 6.13823303e-05 4.05693020e-05 1.12635136e-04 3.12137185e-05 5.27417229e-05 1.10585451e-04 6.76407712e-05 1.25773166e-04 1.53436249e-04 9.24755847e-05 6.73054373e-05 4.73670189e-06 8.85212357e-06 5.90605196e-06 2.31905377e-05 4.80304152e-06 1.57556403e-05 4.11484159e-05 3.59610014e-05 1.32760921e-05 4.36451398e-05 3.49854672e-05 1.35453127e-05 4.21354911e-05 4.99313010e-05 9.29029557e-06 3.80998200e-05 8.96501830e-05 2.39390196e-05 2.10923666e-04 3.64519700e-04 1.45807880e-05 1.35259901e-04 1.88117847e-05 2.85272195e-05 2.62073423e-04 4.42083665e-04 7.54886581e-05 1.93054392e-04 3.98509605e-05 1.22704326e-05 2.62595023e-05 1.38132646e-05 4.68990817e-07 1.33311676e-08 9.65103197e-10
 1995 03 22 12 00 00  3.58903248e-03 2.18107584e-03 1.19729443e-03 8.47293549e-04 6.01264265e-04 3.43115581e-04 2.42543436e-04 2.00711446e-04 4.06918986e-04 1.19380128e-04 2.81986574e-03 4.18600738e-03 2.11559737e-04 6.15478927e-05 4.06203414e-05 1.12720612e-04 3.12006101e-05 5.27256459e-05 1.10919417e-04 6.79189805e-05 1.25758405e-04 1.53415411e-04 9.24924563e-05 6.73903873e-05 4.73587643e-06 8.90825759e-06 5.90598320e-06 2.32010469e-05 4.80913077e-06 1.57651984e-05 4.11725652e-05 3.59564117e-05 1.32645248e-05 4.37161381e-05 3.53426673e-05 1.35451701e-05 4.22028605e-05 4.99774032e-05 9.33699775e-06 3.82903839e-05 8.97791489e-05 2.41735572e-05 2.11345066e-04 3.67811299e-04 1.47124520e-05 1.36190106e-04 1.87679485e-05 2.89813412e-05 2.63145759e-04 4.43508876e-04 7.60569129e-05 1.94770172e-04 4.22591262e-05 1.31457589e-05 2.82794665e-05 1.51647802e-05 5.30205992e-07 1.65362493e-08 1.25602586e-09
 1995 03 23 12 00 00  3.58721255e-03 2.18013075e-03 1.19667598e-03 8.46759636e-04 6.00751377e-04 3.42861288e-04 2.42307739e-04 2.00457965e-04 4.06265973e-04 1.19257225e-04 2.81458267e-03 4.17537838e-03 2.11339302e-04 6.15294042e-05 4.05934561e-05 1.12526266e-04 3.11274722e-05 5.25537296e-05 1.10863717e-04 6.79314428e-05 1.25415744e-04 1.52977446e-04 9.23167675e-05 6.73386678e-05 4.73074106e-06 8.92619864e-06 5.90415948e-06 2.31806233e-05 4.80930721e-06 1.57516945e-05 4.10872431e-05 3.59268975e-05 1.32034838e-05 4.36521449e-05 3.53536161e-05 1.35365859e-05 4.20531735e-05 4.97552598e-05 9.35191638e-06 3.82333203e-05 8.93062772e-05 2.41832691e-05 2.10570607e-04 3.67915334e-04 1.47166134e-05 1.35466709e-04 1.83901910e-05 2.89996329e-05 2.61808533e-04 4.42257810e-04 7.59118459e-05 1.94288804e-04 4.30927433e-05 1.34486127e-05 2.89776189e-05 1.56232308e-05 5.50345652e-07 1.75433357e-08 1.34622935e-09
 1995 03 24 12 00 00  3.58323048e-03 2.17465951e-03 1.19346049e-03 8.44862773e-04 5.99334147e-04 3.42595298e-04 2.41880180e-04 1.99917634e-04 4.04850302e-04 1.18286041e-04 2.80340897e-03 4.16475013e-03 2.10299948e-04 6.09060590e-05 4.03799941e-05 1.11969615e-04 3.10577336e-05 5.23859751e-05 1.09604795e-04 6.69310277e-05 1.25076393e-04 1.52544884e-04 9.20496814e-05 6.70983747e-05 4.72581924e-06 8.93864199e-06 5.90235322e-06 2.31212490e-05 4.78678194e-06 1.56943587e-05 4.08640587e-05 3.58985766e-05 1.31454435e-05 4.34287468e-05 3.40362225e-05 1.35280352e-05 4.16220861e-05 4.93035385e-05 9.36225188e-06 3.77158239e-05 8.82015092e-05 2.33346815e-05 2.08985509e-04 3.55796253e-04 1.42318501e-05 1.31123028e-04 1.80238043e-05 2.73532321e-05 2.55907334e-04 4.35786680e-04 7.36178627e-05 1.93375034e-04 4.37453305e-05 1.36855360e-05 2.95229906e-05 1.59720207e-05 5.64982093e-07 1.82216350e-08 1.40555239e-09
 1995 03 25 12 00 00  3.59135081e-03 2.18601548e-03 1.20013005e-03 8.48755396e-04 6.02213987e-04 3.43111794e-04 2.42742581e-04 2.01014655e-04 4.07736856e-04 1.20306584e-04 2.82612111e-03 4.18599769e-03 2.12453115e-04 6.22159431e-05 4.08263325e-05 1.13100490e-04 3.11787648e-05 5.26988762e-05 1.12257332e-04 6.90387387e-05 1.25731785e-04 1.53380687e-04 9.25811071e-05 6.75815080e-05 4.73450164e-06 8.90048177e-06 5.90587042e-06 2.32376446e-05 4.83394579e-06 1.58099266e-05 4.13008136e-05 3.59487633e-05 1.32452464e-05 4.38762511e-05 3.67964181e-05 1.35449329e-05 4.24886527e-05 5.02010123e-05 9.33048723e-06 3.87723380e-05 9.04022502e-05 2.51200836e-05 2.12049511e-04 3.81197404e-04 1.52478962e-05 1.40028898e-04 1.86948891e-05 3.08156683e-05 2.67919183e-04 4.48978142e-04 7.84000807e-05 1.94851232e-04 4.22188463e-05 1.31304237e-05 2.82406982e-05 1.50990681e-05 5.24361116e-07 1.60128348e-08 1.20296981e-09
 1995 03 26 12 00 00  3.57721795e-03 2.17051428e-03 1.19085370e-03 8.42917785e-04 5.97607419e-04 3.41856204e-04 2.41136632e-04 1.99094160e-04 4.02702259e-04 1.17672231e-04 2.78616788e-03 4.13287580e-03 2.09406001e-04 6.06700419e-05 4.02436285e-05 1.11311816e-04 3.08688992e-05 5.19077119e-05 1.09075375e-04 6.66626787e-05 1.24083224e-04 1.51279597e-04 9.15145549e-05 6.68099574e-05 4.71233725e-06 8.86569105e-06 5.89703923e-06 2.30491237e-05 4.78063521e-06 1.56465181e-05 4.05973461e-05 3.58207471e-05 1.29893160e-05 4.31268843e-05 3.36773752e-05 1.35026115e-05 4.11110052e-05 4.86084940e-05 9.30153474e-06 3.72577438e-05 8.66992122e-05 2.31061917e-05 2.05968135e-04 3.52498453e-04 1.40999381e-05 1.28003820e-04 1.69928200e-05 2.69093784e-05 2.50950253e-04 4.30491440e-04 7.25878511e-05 1.88158995e-04 4.07833736e-05 1.26085188e-05 2.70356558e-05 1.42850649e-05 4.86933993e-07 1.40109634e-08 1.02018296e-09
 1995 03 27 12 00 00  3.56944847e-03 2.16548077e-03 1.18765969e-03 8.40477598e-04 5.95410695e-04 3.40877607e-04 2.40168598e-04 1.98029091e-04 3.99922689e-04 1.16945401e-04 2.76386807e-03 4.09037918e-03 2.08301805e-04 6.04152786e-05 4.00803817e-05 1.10477434e-04 3.06229485e-05 5.12771483e-05 1.08480518e-04 6.64056162e-05 1.22768227e-04 1.49601797e-04 9.08146773e-05 6.64993293e-05 4.69472761e-06 8.84192050e-06 5.88998410e-06 2.29635079e-05 4.77492067e-06 1.55884450e-05 4.02676147e-05 3.57190147e-05 1.27862819e-05 4.27869370e-05 3.33426637e-05 1.34687725e-05 4.04746770e-05 4.77189214e-05 9.28175723e-06 3.67922317e-05 8.47923159e-05 2.28887497e-05 2.02442113e-04 3.49417029e-04 1.39766812e-05 1.24317625e-04 1.56376467e-05 2.64878850e-05 2.44892952e-04 4.24270300e-04 7.14389550e-05 1.83480477e-04 3.97697691e-05 1.22400773e-05 2.61853429e-05 1.37153044e-05 4.61067296e-07 1.26520856e-08 8.96722518e-10
 1995 03 28 12 00 00  3.56665105e-03 2.16523112e-03 1.18736258e-03 8.39941072e-04 5.94766853e-04 3.40396583e-04 2.39781490e-04 1.97640500e-04 3.98914594e-04 1.17006312e-04 2.75568496e-03 4.06913124e-03 2.08158805e-04 6.05874156e-05 4.00912084e-05 1.10242549e-04 3.05009453e-05 5.09630656e-05 1.08773066e-04 6.67790126e-05 1.22110596e-04 1.48764460e-04 9.05120729e-05 6.63882168e-05 4.68598409e-06 8.76129634e-06 5.88646180e-06 2.29361826e-05 4.78343936e-06 1.55817341e-05 4.01736956e-05 3.56684846e-05 1.26856234e-05 4.26540943e-05 3.38402460e-05 1.34518661e-05 4.02929338e-05 4.73890537e-05 9.21468090e-06 3.66966621e-05 8.41572286e-05 2.32064092e-05 2.00737085e-04 3.53990875e-04 1.41596350e-05 1.24252278e-04 1.49633255e-05 2.71047844e-05 2.44169724e-04 4.23568571e-04 7.19339178e-05 1.79125566e-04 3.62963934e-05 1.09775999e-05 2.32721265e-05 1.17681081e-05 3.73014031e-07 8.05261635e-09 4.79507811e-10
 1995 03 29 12 00 00  3.57182077e-03 2.17041270e-03 1.19048723e-03 8.41968645e-04 5.96405336e-04 3.40898525e-04 2.40381079e-04 1.98343738e-04 4.00755076e-04 1.17868293e-04 2.77035108e-03 4.09038141e-03 2.09191604e-04 6.10650026e-05 4.02809452e-05 1.10876499e-04 3.06282891e-05 5.12837025e-05 1.09758043e-04 6.74943556e-05 1.22772398e-04 1.49610296e-04 9.09195971e-05 6.66089923e-05 4.69506449e-06 8.70976364e-06 5.89001247e-06 2.29991972e-05 4.79966693e-06 1.56375495e-05 4.04265346e-05 3.57208803e-05 1.27909952e-05 4.28792427e-05 3.47885478e-05 1.34688322e-05 4.07768246e-05 4.79744059e-05 9.17181533e-06 3.71141691e-05 8.54978980e-05 2.38141700e-05 2.02676055e-04 3.62710696e-04 1.45084278e-05 1.28214290e-04 1.56555179e-05 2.82845809e-05 2.49942963e-04 4.29596406e-04 7.37643512e-05 1.79661270e-04 3.40291608e-05 1.01536338e-05 2.13713344e-05 1.05039850e-05 3.16309429e-07 5.12554887e-09 2.14888041e-10
 1995 03 30 12 00 00  3.56548342e-03 2.16324702e-03 1.18611311e-03 8.38654667e-04 5.93373881e-04 3.40156658e-04 2.39566777e-04 1.97251330e-04 3.97193953e-04 1.16732168e-04 2.74749696e-03 4.04814668e-03 2.07785974e-04 6.05767165e-05 4.01187252e-05 1.10724877e-04 3.07100388e-05 5.13662933e-05 1.08805110e-04 6.66927313e-05 1.22773705e-04 1.49632455e-04 9.08560780e-05 6.64742677e-05 4.69544975e-06 8.68637726e-06 5.89059237e-06 2.30078927e-05 4.78195179e-06 1.56295692e-05 4.04567258e-05 3.57248733e-05 1.28894550e-05 4.27604801e-05 3.37504374e-05 1.34633694e-05 4.06611264e-05 4.79177071e-05 9.15236742e-06 3.67549298e-05 8.53377247e-05 2.31369762e-05 2.02517638e-04 3.53150200e-04 1.41260080e-05 1.26330521e-04 1.60995114e-05 2.69724726e-05 2.48237183e-04 4.27284512e-04 7.22855011e-05 1.80000346e-04 3.29589760e-05 9.76479860e-06 2.04748030e-05 9.91320846e-06 2.90205401e-07 3.80839751e-09 9.65965419e-11
 1995 03 31 12 00 00  3.55889781e-03 2.15876581e-03 1.18327121e-03 8.36511205e-04 5.91444138e-04 3.39318895e-04 2.38726413e-04 1.96320951e-04 3.94801717e-04 1.16063194e-04 2.72840859e-03 4.01408337e-03 2.06802970e-04 6.03273485e-05 3.99716676e-05 1.10028517e-04 3.05083377e-05 5.08547702e-05 1.08248271e-04 6.64188527e-05 1.21717503e-04 1.48286960e-04 9.02913474e-05 6.61949334e-05 4.68104663e-06 8.64259346e-06 5.88523835e-06 2.29351782e-05 4.77583744e-06 1.55796991e-05 4.01720943e-05 3.56418925e-05 1.27155596e-05 4.24575553e-05 3.33925011e-05 1.34366172e-05 4.01225851e-05 4.71723043e-05 9.11595343e-06 3.63071893e-05 8.37122778e-05 2.29050915e-05 1.99436563e-04 3.49855803e-04 1.39942321e-05 1.23039441e-04 1.49634376e-05 2.65228533e-05 2.42954169e-04 4.21719100e-04 7.11990573e-05 1.75241947e-04 3.09920407e-05 9.05006109e-06 1.88264444e-05 8.82234071e-06 2.41662522e-07 1.52476147e-09 1.00000000e-10
 1995 04 01 12 00 00  3.55246093e-03 2.15439907e-03 1.18050053e-03 8.34394125e-04 5.89524287e-04 3.38491818e-04 2.37898212e-04 1.95402581e-04 3.92450030e-04 1.15410400e-04 2.70963764e-03 3.98076959e-03 2.05840945e-04 6.00797977e-05 3.98276296e-05 1.09336398e-04 3.03008914e-05 5.03444229e-05 1.07684886e-04 6.61464292e-05 1.20678900e-04 1.46963453e-04 8.97357878e-05 6.59305866e-05 4.66631500e-06 8.61600565e-06 5.87996728e-06 2.28618277e-05 4.76996283e-06 1.55288642e-05 3.98864860e-05 3.55571683e-05 1.25370716e-05 4.21672822e-05 3.30473384e-05 1.34105154e-05 3.95890751e-05 4.64321070e-05 9.09384253e-06 3.58881630e-05 8.20915978e-05 2.26761593e-05 1.96461802e-04 3.46672291e-04 1.38668917e-05 1.19775252e-04 1.38257208e-05 2.60800531e-05 2.37646947e-04 4.16192677e-04 7.01099496e-05 1.71003689e-04 2.97827603e-05 8.61067151e-06 1.78132678e-05 8.15375558e-06 2.12051184e-07 5.20586951e-10 1.00000000e-10
 1995 04 02 12 00 00  3.54643869e-03 2.15031649e-03 1.17790990e-03 8.32408525e-04 5.87720663e-04 3.37716195e-04 2.37121848e-04 1.94541374e-04 3.90246832e-04 1.14799891e-04 2.69205105e-03 3.94959711e-03 2.04940603e-04 5.98473437e-05 3.96927983e-05 1.08686321e-04 3.01045307e-05 4.98646521e-05 1.07153846e-04 6.58905134e-05 1.19706648e-04 1.45723334e-04 8.92152203e-05 6.57083199e-05 4.65238663e-06 8.62735033e-06 5.87502727e-06 2.27948223e-05 4.76448913e-06 1.54808426e-05 3.96186193e-05 3.54770978e-05 1.23681995e-05 4.19166112e-05 3.27254471e-05 1.33861031e-05 3.90917613e-05 4.57386543e-05 9.10329618e-06 3.55426518e-05 8.05712450e-05 2.24614691e-05 1.93853116e-04 3.43701887e-04 1.37480755e-05 1.16732318e-04 1.27552528e-05 2.56650412e-05 2.32649868e-04 4.11103315e-04 6.90849824e-05 1.68130222e-04 3.01611957e-05 8.74848242e-06 1.81325379e-05 8.38205442e-06 2.23450543e-07 9.68041647e-10 1.00000000e-10
 1995 04 03 12 00 00  3.54104883e-03 2.14666520e-03 1.17559272e-03 8.30627041e-04 5.86099712e-04 3.37020378e-04 2.36425652e-04 1.93768807e-04 3.88272316e-04 1.14253704e-04 2.67628866e-03 3.92169394e-03 2.04134568e-04 5.96385389e-05 3.95720656e-05 1.08102222e-04 2.99267325e-05 4.94331995e-05 1.06674538e-04 6.56605349e-05 1.18834583e-04 1.44611767e-04 8.87486020e-05 6.54928414e-05 4.63979159e-06 8.61533772e-06 5.87059803e-06 2.27327404e-05 4.75961097e-06 1.54374465e-05 3.93766328e-05 3.54047166e-05 1.22153608e-05 4.16779994e-05 3.24382883e-05 1.33642650e-05 3.86425812e-05 4.51144115e-05 9.09331648e-06 3.52036621e-05 7.92018006e-05 2.22688686e-05 1.91396484e-04 3.41050663e-04 1.36420265e-05 1.13982604e-04 1.17917552e-05 2.52929429e-05 2.28148928e-04 4.06451511e-04 6.81622261e-05 1.64827884e-04 2.95438157e-05 8.52431672e-06 1.76164142e-05 8.05055925e-06 2.09433591e-07 5.24121901e-10 1.00000000e-10
 1995 04 04 12 00 00  3.53655810e-03 2.14361563e-03 1.17365809e-03 8.29155191e-04 5.84768203e-04 3.36445288e-04 2.35849445e-04 1.93130207e-04 3.86634807e-04 1.13798029e-04 2.66321974e-03 3.89845707e-03 2.03463688e-04 5.94667284e-05 3.94716502e-05 1.07622051e-04 2.97844177e-05 4.90795763e-05 1.06285868e-04 6.54715754e-05 1.18111179e-04 1.43690382e-04 8.83618548e-05 6.52986258e-05 4.62966673e-06 8.58256608e-06 5.86692950e-06 2.26814139e-05 4.75548877e-06 1.54024712e-05 3.91787847e-05 3.53464537e-05 1.20928329e-05 4.14676562e-05 3.21963860e-05 1.33460417e-05 3.82709350e-05 4.46001836e-05 9.06606510e-06 3.48928050e-05 7.80775839e-05 2.21096881e-05 1.89259689e-04 3.38821153e-04 1.35528461e-05 1.11709378e-04 1.10044115e-05 2.49848003e-05 2.24479920e-04 4.02582117e-04 6.74087705e-05 1.61409317e-04 2.80401455e-05 7.97799084e-06 1.63567992e-05 7.22103446e-06 1.72817427e-07 1.00000000e-10 1.00000000e-10
 1995 04 05 12 00 00  3.53289812e-03 2.14113521e-03 1.17208404e-03 8.27947196e-04 5.83670119e-04 3.35973431e-04 2.35377220e-04 1.92606294e-04 3.85295043e-04 1.13427052e-04 2.65252480e-03 3.87951061e-03 2.02916441e-04 5.93252348e-05 3.93896884e-05 1.07226305e-04 2.96644866e-05 4.87874029e-05 1.05961823e-04 6.53157767e-05 1.17519284e-04 1.42936220e-04 8.80452742e-05 6.51458302e-05 4.62116477e-06 8.56524930e-06 5.86392525e-06 2.26389164e-05 4.75216766e-06 1.53731658e-05 3.90147937e-05 3.52975825e-05 1.19897100e-05 4.13003161e-05 3.20010266e-05 1.33312104e-05 3.79656353e-05 4.41767860e-05 9.05167108e-06 3.46505673e-05 7.71493861e-05 2.19790803e-05 1.87548575e-04 3.37017969e-04 1.34807187e-05 1.09840567e-04 1.03522689e-05 2.47323886e-05 2.21434707e-04 3.99404616e-04 6.67842860e-05 1.58867796e-04 2.72048645e-05 7.67459892e-06 1.56577355e-05 6.76583564e-06 1.53103478e-07 1.00000000e-10 1.00000000e-10
 1995 04 06 12 00 00  3.53072458e-03 2.13966635e-03 1.17115151e-03 8.27222782e-04 5.83007298e-04 3.35690593e-04 2.35094612e-04 1.92292293e-04 3.84495118e-04 1.13207081e-04 2.64613747e-03 3.86825278e-03 2.02591054e-04 5.92399886e-05 3.93409165e-05 1.06987637e-04 2.95899867e-05 4.86105884e-05 1.05763299e-04 6.52217539e-05 1.17165759e-04 1.42485674e-04 8.78561268e-05 6.50572063e-05 4.61590753e-06 8.55945036e-06 5.86212918e-06 2.26129074e-05 4.75022789e-06 1.53550979e-05 3.89150265e-05 3.52674135e-05 1.19257631e-05 4.12022905e-05 3.18864943e-05 1.33224137e-05 3.77819811e-05 4.39216017e-05 9.04685876e-06 3.45114721e-05 7.65879128e-05 2.19007910e-05 1.86540817e-04 3.35958701e-04 1.34383480e-05 1.08715134e-04 9.95630544e-06 2.45814270e-05 2.19580645e-04 3.97487032e-04 6.64047794e-05 1.57448274e-04 2.68797826e-05 7.55661799e-06 1.53863541e-05 6.59461687e-06 1.46095266e-07 1.00000000e-10 1.00000000e-10
 1995 04 07 12 00 00  3.53411582e-03 2.14212582e-03 1.17286739e-03 8.29226476e-04 5.85305263e-04 3.36472577e-04 2.35768494e-04 1.93167455e-04 3.87245391e-04 1.13532935e-04 2.66242135e-03 3.89914550e-03 2.03181497e-04 5.91264769e-05 3.93028128e-05 1.06637089e-04 2.95181206e-05 4.84420569e-05 1.05436641e-04 6.50212227e-05 1.16847950e-04 1.42054879e-04 8.76500691e-05 6.49285824e-05 4.61560849e-06 8.54132959e-06 5.85824819e-06 2.25576550e-05 4.74592489e-06 1.53187164e-05 3.87755220e-05 3.52618983e-05 1.18743599e-05 4.11046530e-05 3.16335063e-05 1.33165318e-05 3.75488526e-05 4.36648314e-05 9.03179025e-06 3.43545856e-05 7.60746776e-05 2.17324472e-05 1.85476897e-04 3.33624686e-04 1.33449874e-05 1.06968734e-04 9.54593997e-06 2.42559254e-05 2.16706329e-04 3.94594831e-04 6.57829949e-05 1.55582902e-04 2.60467109e-05 7.25394293e-06 1.46885205e-05 6.13525860e-06 1.25833559e-07 1.00000000e-10 1.00000000e-10
 1995 04 08 12 00 00  3.53242133e-03 2.14135755e-03 1.17234903e-03 8.28771092e-04 5.84864517e-04 3.36235258e-04 2.35550454e-04 1.92934905e-04 3.86636383e-04 1.13442456e-04 2.65754033e-03 3.88852432e-03 2.02993323e-04 5.91235078e-05 3.92807977e-05 1.06472255e-04 2.94629455e-05 4.82921547e-05 1.05402392e-04 6.50586793e-05 1.16527784e-04 1.41645460e-04 8.74890115e-05 6.48898169e-05 4.61160344e-06 8.55866820e-06 5.85651760e-06 2.25437169e-05 4.74694971e-06 1.53100182e-05 3.87174279e-05 3.52386734e-05 1.18291697e-05 4.10526169e-05 3.16923368e-05 1.33081398e-05 3.74299798e-05 4.34778596e-05 9.04622284e-06 3.43191505e-05 7.56916364e-05 2.17657172e-05 1.84838633e-04 3.34160107e-04 1.33664043e-05 1.06489495e-04 9.22825493e-06 2.43214366e-05 2.15753493e-04 3.93736441e-04 6.57233234e-05 1.55217195e-04 2.67301010e-05 7.50248628e-06 1.52627746e-05 6.52766970e-06 1.44198036e-07 1.00000000e-10 1.00000000e-10
 1995 04 09 12 00 00  3.53275661e-03 2.14203337e-03 1.17273604e-03 8.28981456e-04 5.85009624e-04 3.36242317e-04 2.35582055e-04 1.92980329e-04 3.86753725e-04 1.13568678e-04 2.65847127e-03 3.88852656e-03 2.03115169e-04 5.92101629e-05 3.93075736e-05 1.06530647e-04 2.94682803e-05 4.82987001e-05 1.05570071e-04 6.52037037e-05 1.16535021e-04 1.41653944e-04 8.75061934e-05 6.49314558e-05 4.61193958e-06 8.57568666e-06 5.85654525e-06 2.25521599e-05 4.75033266e-06 1.53175228e-05 3.87459478e-05 3.52405390e-05 1.18338823e-05 4.10879876e-05 3.18894832e-05 1.33081980e-05 3.74801321e-05 4.35212758e-05 9.06039350e-06 3.44102933e-05 7.58080118e-05 2.18897068e-05 1.85077257e-04 3.35969940e-04 1.34387976e-05 1.07072470e-04 9.24610795e-06 2.45626172e-05 2.16496433e-04 3.94622037e-04 6.60413466e-05 1.55820027e-04 2.73914623e-05 7.74304203e-06 1.58186912e-05 6.90894983e-06 1.62140388e-07 1.00000000e-10 1.00000000e-10
 1995 04 10 12 00 00  3.53795803e-03 2.14448416e-03 1.17437116e-03 8.30416477e-04 5.86397994e-04 3.36975902e-04 2.36253570e-04 1.93696572e-04 3.88616981e-04 1.13865292e-04 2.67350133e-03 3.92040126e-03 2.03703320e-04 5.92219098e-05 3.93747235e-05 1.07052755e-04 2.96571117e-05 4.87769721e-05 1.05656445e-04 6.50962058e-05 1.17526822e-04 1.42919229e-04 8.80063847e-05 6.51207100e-05 4.62542193e-06 8.60657819e-06 5.86185815e-06 2.26068249e-05 4.74797416e-06 1.53487979e-05 3.89577263e-05 3.53183714e-05 1.19900105e-05 4.13060921e-05 3.17511673e-05 1.33336245e-05 3.78802855e-05 4.41267765e-05 9.08610018e-06 3.46443448e-05 7.70663503e-05 2.17990368e-05 1.87579604e-04 3.34695573e-04 1.33878229e-05 1.08805375e-04 1.02770922e-05 2.43870265e-05 2.19738308e-04 3.97836357e-04 6.62718763e-05 1.59664695e-04 2.86700370e-05 8.20789269e-06 1.68919515e-05 7.63337262e-06 1.95408546e-07 2.58922128e-10 1.00000000e-10
 1995 04 11 12 00 00  3.55051523e-03 2.15391004e-03 1.18023701e-03 8.34643163e-04 5.90070560e-04 3.38452503e-04 2.37786441e-04 1.95413526e-04 3.93101956e-04 1.15306189e-04 2.70941912e-03 3.98414731e-03 2.05697273e-04 5.98492818e-05 3.96953212e-05 1.08455896e-04 3.00289481e-05 4.97263682e-05 1.07028451e-04 6.58930046e-05 1.19503711e-04 1.45440530e-04 8.90965712e-05 6.56768360e-05 4.65201920e-06 8.65909024e-06 5.87245559e-06 2.27533776e-05 4.76596470e-06 1.54546768e-05 3.95164058e-05 3.54719872e-05 1.22971265e-05 4.18918390e-05 3.28030728e-05 1.33844107e-05 3.89577082e-05 4.55627476e-05 9.12979449e-06 3.55532354e-05 8.02036848e-05 2.24753254e-05 1.93304240e-04 3.44370716e-04 1.37748286e-05 1.15863795e-04 1.23195699e-05 2.56994041e-05 2.30747537e-04 4.09404829e-04 6.88749660e-05 1.67369144e-04 3.08846372e-05 9.01295175e-06 1.87502040e-05 8.88187192e-06 2.52331390e-07 2.49526755e-09 1.00000000e-10
 1995 04 12 12 00 00  3.56306696e-03 2.16333381e-03 1.18610181e-03 8.38866506e-04 5.93738772e-04 3.39927328e-04 2.39318136e-04 1.97129309e-04 3.97585062e-04 1.16746771e-04 2.74531543e-03 4.04789224e-03 2.07690812e-04 6.04772524e-05 4.00160972e-05 1.09857220e-04 3.03988490e-05 5.06733835e-05 1.08402802e-04 6.66909036e-05 1.21478667e-04 1.47958750e-04 9.01855306e-05 6.62460352e-05 4.67849422e-06 8.73090830e-06 5.88304283e-06 2.29006337e-05 4.78394941e-06 1.55602034e-05 4.00732589e-05 3.56249308e-05 1.26025319e-05 4.24885250e-05 3.38547921e-05 1.34351765e-05 4.00348874e-05 4.69967739e-05 9.18954975e-06 3.64867259e-05 8.33355198e-05 2.31522848e-05 1.99115122e-04 3.54045142e-04 1.41618057e-05 1.22922229e-04 1.43555560e-05 2.70129211e-05 2.41732528e-04 4.21010424e-04 7.14769040e-05 1.75669070e-04 3.39352084e-05 1.01218536e-05 2.13095358e-05 1.05983910e-05 3.30376344e-07 6.60405917e-09 3.68021302e-10
 1995 04 13 12 00 00  3.57077027e-03 2.16824864e-03 1.18922641e-03 8.41261444e-04 5.95898472e-04 3.40903211e-04 2.40278225e-04 1.98183015e-04 4.00337486e-04 1.17450495e-04 2.76741769e-03 4.09038737e-03 2.08771105e-04 6.07125620e-05 4.01734212e-05 1.10676940e-04 3.06423666e-05 5.13009552e-05 1.08952212e-04 6.69166038e-05 1.22790602e-04 1.49632665e-04 9.08812791e-05 6.65514495e-05 4.69595034e-06 8.75591650e-06 5.89008559e-06 2.29843918e-05 4.78910079e-06 1.56165163e-05 4.03980931e-05 3.57258104e-05 1.28034182e-05 4.28232211e-05 3.41556472e-05 1.34689850e-05 4.06612263e-05 4.78759937e-05 9.21036262e-06 3.69397950e-05 8.52143844e-05 2.33443076e-05 2.02611647e-04 3.56810611e-04 1.42724244e-05 1.26492378e-04 1.57025905e-05 2.73858430e-05 2.47618159e-04 4.27045440e-04 7.25542236e-05 1.80317009e-04 3.49629579e-05 1.04955295e-05 2.21723784e-05 1.11818219e-05 3.57243603e-07 8.04422626e-09 4.99597697e-10
 1995 04 14 12 00 00  3.57665612e-03 2.17218756e-03 1.19171419e-03 8.43123365e-04 5.97554003e-04 3.41631799e-04 2.41005512e-04 1.98985188e-04 4.02437268e-04 1.18025137e-04 2.78426832e-03 4.12225761e-03 2.09625251e-04 6.09212822e-05 4.03014079e-05 1.11306089e-04 3.08205199e-05 5.17661334e-05 1.09425248e-04 6.71408779e-05 1.23770730e-04 1.50880984e-04 9.14054385e-05 6.68377128e-05 4.70875966e-06 8.84252149e-06 5.89534320e-06 2.30524345e-05 4.79426017e-06 1.56603312e-05 4.06475406e-05 3.57999030e-05 1.29501248e-05 4.31218101e-05 3.44567379e-05 1.34942951e-05 4.11490699e-05 4.85448809e-05 9.28242443e-06 3.73917671e-05 8.66477935e-05 2.35354542e-05 2.05597176e-04 3.59576907e-04 1.43830763e-05 1.29386785e-04 1.66978658e-05 2.77572777e-05 2.52221203e-04 4.32008603e-04 7.34708089e-05 1.85903296e-04 3.86213190e-05 1.18254155e-05 2.52419750e-05 1.32433541e-05 4.51175512e-07 1.30045301e-08 9.50918277e-10
 1995 04 15 12 00 00  3.58361506e-03 2.17836940e-03 1.19548941e-03 8.45663043e-04 5.99660900e-04 3.42366422e-04 2.41828507e-04 1.99930476e-04 4.04916901e-04 1.19020459e-04 2.80404681e-03 4.15412635e-03 2.10886025e-04 6.14312363e-05 4.05222846e-05 1.12115997e-04 3.09972151e-05 5.22295304e-05 1.10499875e-04 6.78692246e-05 1.24748733e-04 1.52126980e-04 9.19750904e-05 6.71962663e-05 4.72147767e-06 8.90208103e-06 5.90059426e-06 2.31379750e-05 4.81066018e-06 1.57259669e-05 4.09640944e-05 3.58734804e-05 1.30955421e-05 4.34817796e-05 3.54159070e-05 1.35195864e-05 4.17734792e-05 4.93266033e-05 9.33198680e-06 3.80333519e-05 8.83932169e-05 2.41532689e-05 2.08834322e-04 3.68400517e-04 1.47360207e-05 1.34059375e-04 1.76882604e-05 2.89559423e-05 2.59096390e-04 4.39477142e-04 7.54574065e-05 1.90775075e-04 4.11094079e-05 1.27299507e-05 2.73301189e-05 1.46495805e-05 5.15524499e-07 1.64233924e-08 1.26251365e-09
 1995 04 16 12 00 00  3.58457935e-03 2.17764149e-03 1.19514699e-03 8.45651915e-04 5.99780396e-04 3.42596037e-04 2.41978300e-04 2.00061755e-04 4.05261747e-04 1.18829031e-04 2.80690898e-03 4.16474678e-03 2.10799310e-04 6.12279183e-05 4.04808110e-05 1.12152421e-04 3.10494797e-05 5.23758586e-05 1.10111842e-04 6.74884010e-05 1.25064702e-04 1.52531768e-04 9.21031527e-05 6.71645925e-05 4.72530010e-06 8.87450224e-06 5.90231029e-06 2.31369750e-05 4.80218441e-06 1.57191739e-05 4.09744559e-05 3.58956895e-05 1.31381603e-05 4.34728409e-05 3.49195703e-05 1.35279464e-05 4.17940398e-05 4.94301222e-05 9.30904062e-06 3.79018375e-05 8.85477367e-05 2.38310560e-05 2.09137289e-04 3.63831440e-04 1.45532576e-05 1.33300046e-04 1.79962110e-05 2.83313129e-05 2.58454360e-04 4.38494551e-04 7.47804310e-05 1.90625069e-04 3.99348927e-05 1.23030150e-05 2.63447907e-05 1.39891463e-05 4.85526499e-07 1.48463641e-08 1.11920464e-09
 1995 04 17 12 00 00  3.58511662e-03 2.17881452e-03 1.19581952e-03 8.45987922e-04 5.99990120e-04 3.42590933e-04 2.42021854e-04 2.00129328e-04 4.05448273e-04 1.19048442e-04 2.80833584e-03 4.16474193e-03 2.11009472e-04 6.13847800e-05 4.05292331e-05 1.12236354e-04 3.10397678e-05 5.23639610e-05 1.10421812e-04 6.77524484e-05 1.25052573e-04 1.52516334e-04 9.21212908e-05 6.72043396e-05 4.72468819e-06 8.86783528e-06 5.90226009e-06 2.31439076e-05 4.80810741e-06 1.57288770e-05 4.10006764e-05 3.58922873e-05 1.31295936e-05 4.35053766e-05 3.52661271e-05 1.35278417e-05 4.18564234e-05 4.94758005e-05 9.30349270e-06 3.80070219e-05 8.86768896e-05 2.40548441e-05 2.09253062e-04 3.67020234e-04 1.46808094e-05 1.34176319e-04 1.79637384e-05 2.87653820e-05 2.59517622e-04 4.39706974e-04 7.53243735e-05 1.90385056e-04 3.96515200e-05 1.22000077e-05 2.61070539e-05 1.38297227e-05 4.78279722e-07 1.44649775e-08 1.08453655e-09
 1995 04 18 12 00 00  3.57805627e-03 2.17253756e-03 1.19198743e-03 8.43375645e-04 5.97801601e-04 3.41837162e-04 2.41179532e-04 1.99160653e-04 4.02923322e-04 1.18033640e-04 2.78818933e-03 4.13286388e-03 2.09725064e-04 6.08591647e-05 4.03036707e-05 1.11393705e-04 3.08426825e-05 5.18755638e-05 1.09306549e-04 6.70017558e-05 1.24050932e-04 1.51237921e-04 9.15367382e-05 6.68879343e-05 4.71068670e-06 8.88404611e-06 5.89690317e-06 2.30562362e-05 4.79134033e-06 1.56583578e-05 4.06632060e-05 3.58115678e-05 1.29661785e-05 4.31781489e-05 3.42846353e-05 1.35023249e-05 4.12115765e-05 4.86614940e-05 9.31697941e-06 3.74456772e-05 8.68450232e-05 2.34192019e-05 2.06262110e-04 3.57986965e-04 1.43194786e-05 1.29341337e-04 1.69051462e-05 2.75328464e-05 2.52253650e-04 4.32078207e-04 7.32523608e-05 1.87614065e-04 4.03506556e-05 1.24541229e-05 2.66934238e-05 1.42215493e-05 4.95990858e-07 1.53895499e-08 1.16838930e-09
 1995 04 19 12 00 00  3.57599824e-03 2.17111946e-03 1.19109591e-03 8.42687072e-04 5.97177084e-04 3.41578552e-04 2.40920049e-04 1.98872265e-04 4.02181471e-04 1.17820983e-04 2.78223473e-03 4.12223339e-03 2.09415944e-04 6.07728865e-05 4.02559801e-05 1.11154852e-04 3.07666312e-05 5.17000793e-05 1.09107476e-04 6.69022556e-05 1.23704859e-04 1.50795328e-04 9.13492640e-05 6.68244883e-05 4.70536797e-06 8.91504606e-06 5.89506380e-06 2.30314300e-05 4.78918337e-06 1.56394836e-05 4.05621371e-05 3.57810379e-05 1.29025691e-05 4.31032075e-05 3.41580046e-05 1.34937087e-05 4.10303292e-05 4.84103485e-05 9.34277268e-06 3.73553141e-05 8.62923778e-05 2.33354949e-05 2.05452687e-04 3.56819342e-04 1.42727737e-05 1.28220081e-04 1.65176549e-05 2.73708836e-05 2.50372418e-04 4.30254150e-04 7.28631962e-05 1.87418234e-04 4.16704555e-05 1.29338711e-05 2.78006424e-05 1.49637383e-05 5.29706287e-07 1.71623125e-08 1.32949278e-09
 1995 04 20 12 00 00  3.57193524e-03 2.16833196e-03 1.18934179e-03 8.41347558e-04 5.95970602e-04 3.41071792e-04 2.40411258e-04 1.98307633e-04 4.00721051e-04 1.17405536e-04 2.77051929e-03 4.10097651e-03 2.08809612e-04 6.06075969e-05 4.01627738e-05 1.10694248e-04 3.06256930e-05 5.13627892e-05 1.08726664e-04 6.67135057e-05 1.23023132e-04 1.49927880e-04 9.09823727e-05 6.66045848e-05 4.69543265e-06 8.83827015e-06 5.89144365e-06 2.29765644e-05 4.78506008e-06 1.56043414e-05 4.03687115e-05 3.57238838e-05 1.27852007e-05 4.28761883e-05 3.39160732e-05 1.34765956e-05 4.06686152e-05 4.79206586e-05 9.27889341e-06 3.70023365e-05 8.52244255e-05 2.31764338e-05 2.03203228e-04 3.54589697e-04 1.41835879e-05 1.25997994e-04 1.57799994e-05 2.70629418e-05 2.46815193e-04 4.26381783e-04 7.21273240e-05 1.82790176e-04 3.83963133e-05 1.17437302e-05 2.50539636e-05 1.31233379e-05 4.46156227e-07 1.27733131e-08 9.30736732e-10
 1995 04 21 12 00 00  3.57129550e-03 2.16990166e-03 1.19016458e-03 8.41552416e-04 5.95934040e-04 3.40817616e-04 2.40276110e-04 1.98206159e-04 4.00478756e-04 1.17752789e-04 2.76841518e-03 4.09034304e-03 2.09040529e-04 6.09212039e-05 4.02384374e-05 1.10690877e-04 3.05438152e-05 5.11801569e-05 1.09322609e-04 6.72840746e-05 1.22668533e-04 1.49476029e-04 9.08530046e-05 6.66127378e-05 4.68974686e-06 8.80081570e-06 5.88957409e-06 2.29717265e-05 4.79790251e-06 1.56137506e-05 4.03525064e-05 3.56913166e-05 1.27164516e-05 4.28614245e-05 3.46671994e-05 1.34679154e-05 4.06616366e-05 4.78120670e-05 9.24773412e-06 3.71201853e-05 8.50687809e-05 2.36603737e-05 2.02540443e-04 3.61499663e-04 1.44599865e-05 1.27196834e-04 1.53730274e-05 2.80018488e-05 2.47901050e-04 4.27735916e-04 7.31532458e-05 1.80575893e-04 3.67811212e-05 1.11566562e-05 2.36992859e-05 1.22180923e-05 4.05236619e-07 1.06370948e-08 7.36992956e-10
 1995 04 22 12 00 00  3.56531442e-03 2.16593988e-03 1.18765951e-03 8.39615455e-04 5.94177070e-04 3.40061112e-04 2.39524490e-04 1.97375564e-04 3.98329096e-04 1.17170873e-04 2.75116456e-03 4.05846015e-03 2.08171414e-04 6.07023577e-05 4.01075973e-05 1.10021162e-04 3.03355657e-05 5.06780867e-05 1.08810503e-04 6.70491718e-05 1.21652548e-04 1.48179888e-04 9.03091785e-05 6.63653900e-05 4.67504178e-06 8.78705760e-06 5.88416005e-06 2.28988917e-05 4.79280425e-06 1.55637787e-05 4.00756654e-05 3.56066885e-05 1.25431849e-05 4.25910752e-05 3.43678519e-05 1.34422779e-05 4.01469455e-05 4.70987839e-05 9.23629486e-06 3.67464692e-05 8.35194844e-05 2.34626990e-05 1.99740637e-04 3.58739814e-04 1.43495926e-05 1.24127013e-04 1.42771125e-05 2.76193314e-05 2.42830493e-04 4.22535791e-04 7.21578527e-05 1.76844502e-04 3.61342366e-05 1.09216588e-05 2.31576418e-05 1.18633719e-05 3.89724063e-07 9.86687994e-09 6.68152333e-10
 1995 04 23 12 00 00  3.55664663e-03 2.15638426e-03 1.18194443e-03 8.35983321e-04 5.91287029e-04 3.39284921e-04 2.38531858e-04 1.96186222e-04 3.95229945e-04 1.15540343e-04 2.72657035e-03 4.02657613e-03 2.06288975e-04 5.97362658e-05 3.97462707e-05 1.08897439e-04 3.01258551e-05 5.01742237e-05 1.06810296e-04 6.55637705e-05 1.20631257e-04 1.46881413e-04 8.96488451e-05 6.58190183e-05 4.66024612e-06 8.67810231e-06 5.87873728e-06 2.27704630e-05 4.75967390e-06 1.54585823e-05 3.96197185e-05 3.55215539e-05 1.23686317e-05 4.20674893e-05 3.24282650e-05 1.34166272e-05 3.92689564e-05 4.60886862e-05 9.14565244e-06 3.56846558e-05 8.11593281e-05 2.22053364e-05 1.95455366e-04 3.40886987e-04 1.36354795e-05 1.16488177e-04 1.31763081e-05 2.51814956e-05 2.32043817e-04 4.10533288e-04 6.84990493e-05 1.69662078e-04 3.14163778e-05 9.20690227e-06 1.92010506e-05 9.22201530e-06 2.70513830e-07 3.65764343e-09 1.05369924e-10
 1995 04 24 12 00 00  3.55175685e-03 2.15470713e-03 1.18074947e-03 8.34732517e-04 5.89984164e-04 3.38534952e-04 2.37876802e-04 1.95499640e-04 3.93463402e-04 1.15386116e-04 2.71229108e-03 3.99469286e-03 2.05832097e-04 5.98201361e-05 3.97088541e-05 1.08409796e-04 2.99166364e-05 4.96709719e-05 1.06895585e-04 6.58362755e-05 1.19612806e-04 1.45583738e-04 8.91515273e-05 6.56188718e-05 4.64548066e-06 8.59994834e-06 5.87331815e-06 2.27130057e-05 4.76604437e-06 1.54307765e-05 3.94121563e-05 3.54365882e-05 1.21945122e-05 4.18367490e-05 3.27994378e-05 1.33909794e-05 3.88900981e-05 4.54886193e-05 9.08064394e-06 3.54548033e-05 7.99242533e-05 2.24384305e-05 1.92727219e-04 3.44294016e-04 1.37717606e-05 1.15201901e-04 1.20771561e-05 2.56349740e-05 2.29274367e-04 4.07754321e-04 6.85812294e-05 1.64019396e-04 2.79735440e-05 7.95570536e-06 1.63147362e-05 7.30305549e-06 1.84477783e-07 6.30620889e-11 1.00000000e-10
 1995 04 25 12 00 00  3.54589610e-03 2.15098389e-03 1.17838125e-03 8.32871895e-04 5.88281335e-04 3.37781442e-04 2.37136960e-04 1.94685912e-04 3.91356715e-04 1.14848945e-04 2.69537820e-03 3.96281108e-03 2.05006525e-04 5.96326883e-05 3.95876953e-05 1.07761823e-04 2.97108112e-05 4.91718703e-05 1.06445514e-04 6.56536489e-05 1.18599212e-04 1.44291438e-04 8.86141337e-05 6.53632473e-05 4.63092874e-06 8.56012048e-06 5.86791648e-06 2.26412538e-05 4.76213427e-06 1.53835865e-05 3.91446701e-05 3.53528099e-05 1.20233861e-05 4.15597399e-05 3.25694738e-05 1.33653710e-05 3.83903183e-05 4.47899631e-05 9.04752305e-06 3.50712074e-05 7.84155022e-05 2.22851842e-05 1.89851863e-04 3.42172123e-04 1.36868849e-05 1.12321270e-04 1.09893430e-05 2.53387145e-05 2.24477379e-04 4.02777065e-04 6.77014842e-05 1.59468606e-04 2.61560906e-05 7.29534995e-06 1.47921071e-05 6.29905514e-06 1.40067351e-07 1.00000000e-10 1.00000000e-10
 1995 04 26 12 00 00  3.54226443e-03 2.14910327e-03 1.17714655e-03 8.31801898e-04 5.87251172e-04 3.37277155e-04 2.36665779e-04 1.94177265e-04 3.90045954e-04 1.14602838e-04 2.68483259e-03 3.94155420e-03 2.04562746e-04 5.95854624e-05 3.95309722e-05 1.07372040e-04 2.95693899e-05 4.88339807e-05 1.06294724e-04 6.56632823e-05 1.17918486e-04 1.43423230e-04 8.82655588e-05 6.52202961e-05 4.62096359e-06 8.53995007e-06 5.86429305e-06 2.25977150e-05 4.76257519e-06 1.53571444e-05 3.89818809e-05 3.52954870e-05 1.19055920e-05 4.13974336e-05 3.25939036e-05 1.33482521e-05 3.80910139e-05 4.43488699e-05 9.03075706e-06 3.48817125e-05 7.74783650e-05 2.22952105e-05 1.88048798e-04 3.42389663e-04 1.36955865e-05 1.10857303e-04 1.02500780e-05 2.53593462e-05 2.21821873e-04 4.00105919e-04 6.73865078e-05 1.56603564e-04 2.51832575e-05 6.94199628e-06 1.39779213e-05 5.76887780e-06 1.17104933e-07 1.00000000e-10 1.00000000e-10
 1995 04 27 12 00 00  3.53805558e-03 2.14600448e-03 1.17521277e-03 8.30368228e-04 5.85982168e-04 3.36771538e-04 2.36144153e-04 1.93592639e-04 3.88531819e-04 1.14128399e-04 2.67272150e-03 3.92029881e-03 2.03898720e-04 5.93748298e-05 3.94238439e-05 1.06886610e-04 2.94308789e-05 4.84996621e-05 1.05818340e-04 6.53991068e-05 1.17241231e-04 1.42559640e-04 8.78936152e-05 6.50299377e-05 4.61118034e-06 8.52202429e-06 5.86068527e-06 2.25445020e-05 4.75690067e-06 1.53192570e-05 3.87844060e-05 3.52391828e-05 1.17903648e-05 4.11952070e-05 3.22603621e-05 1.33311638e-05 3.77185518e-05 4.38491085e-05 9.01585809e-06 3.45737444e-05 7.63788262e-05 2.20733855e-05 1.86058533e-04 3.39312582e-04 1.35725033e-05 1.08433253e-04 9.52053742e-06 2.49304139e-05 2.17962093e-04 3.96063938e-04 6.64942115e-05 1.53752716e-04 2.43058610e-05 6.62333446e-06 1.32438047e-05 5.29239293e-06 9.81698548e-08 1.00000000e-10 1.00000000e-10
 1995 04 28 12 00 00  3.53379856e-03 2.14279056e-03 1.17321290e-03 8.28904440e-04 5.84696725e-04 3.36268220e-04 2.35619388e-04 1.93002476e-04 3.87001010e-04 1.13632371e-04 2.66048949e-03 3.89904454e-03 2.03214151e-04 5.91480160e-05 3.93117317e-05 1.06394675e-04 2.92952813e-05 4.81689174e-05 1.05309196e-04 6.51075563e-05 1.16567852e-04 1.41700690e-04 8.75210943e-05 6.48424016e-05 4.60158117e-06 8.51297882e-06 5.85709204e-06 2.24916979e-05 4.75064044e-06 1.52807570e-05 3.85869523e-05 3.51839000e-05 1.16777119e-05 4.09955521e-05 3.18923499e-05 1.33141104e-05 3.73430007e-05 4.33481537e-05 9.00834639e-06 3.42670422e-05 7.52745376e-05 2.18286019e-05 1.84110445e-04 3.35917486e-04 1.34366994e-05 1.05940081e-04 8.80075313e-06 2.44570954e-05 2.14020779e-04 3.91950767e-04 6.55489861e-05 1.51218503e-04 2.38204874e-05 6.44714019e-06 1.28383288e-05 5.03429628e-06 8.82967271e-08 1.00000000e-10 1.00000000e-10
 1995 04 29 12 00 00  3.52920127e-03 2.14163886e-03 1.17232043e-03 8.27842951e-04 5.83543291e-04 3.35534283e-04 2.34997732e-04 1.92361406e-04 3.85343083e-04 1.13577413e-04 2.64707398e-03 3.86716798e-03 2.02856098e-04 5.93019333e-05 3.92958554e-05 1.05967068e-04 2.91015953e-05 4.76846966e-05 1.05538123e-04 6.54948875e-05 1.15571119e-04 1.40427693e-04 8.70443899e-05 6.47300634e-05 4.58779432e-06 8.51845180e-06 5.85175330e-06 2.24489390e-05 4.75957568e-06 1.52610289e-05 3.84146357e-05 3.51043709e-05 1.15173003e-05 4.08408004e-05 3.24136170e-05 1.32886300e-05 3.70230338e-05 4.28031646e-05 9.01290841e-06 3.42066679e-05 7.41816992e-05 2.21589202e-05 1.81994287e-04 3.40705939e-04 1.36282376e-05 1.05231468e-04 7.75354056e-06 2.50990968e-05 2.11996926e-04 3.90246921e-04 6.59040917e-05 1.48478675e-04 2.39902364e-05 6.50899472e-06 1.29818175e-05 5.13911751e-06 9.31626403e-08 1.00000000e-10 1.00000000e-10
 1995 04 30 12 00 00  3.52543177e-03 2.13660667e-03 1.16935479e-03 8.26075591e-04 5.82210470e-04 3.35272269e-04 2.34588799e-04 1.91847628e-04 3.83997700e-04 1.12687225e-04 2.63647892e-03 3.85654159e-03 2.01893330e-04 5.87300828e-05 3.90984045e-05 1.05444647e-04 2.90347671e-05 4.75205044e-05 1.04369973e-04 6.45818363e-05 1.15234854e-04 1.39999747e-04 8.67879245e-05 6.44913133e-05 4.58305476e-06 8.50788128e-06 5.84996233e-06 2.23924188e-05 4.73927721e-06 1.52082800e-05 3.82100919e-05 3.50770686e-05 1.14618269e-05 4.06181924e-05 3.12248507e-05 1.32801128e-05 3.66203314e-05 4.23762844e-05 9.00412269e-06 3.37010978e-05 7.31445975e-05 2.13865860e-05 1.80387705e-04 3.29761846e-04 1.31904739e-05 1.01232335e-04 7.39687894e-06 2.36020060e-05 2.06547116e-04 3.84207531e-04 6.38005967e-05 1.46768539e-04 2.34814518e-05 6.32419155e-06 1.25559890e-05 4.86170981e-06 8.21472213e-08 1.00000000e-10 1.00000000e-10
 1995 05 01 12 00 00  3.52164570e-03 2.13711247e-03 1.16941467e-03 8.25529645e-04 5.81411520e-04 3.34548729e-04 2.34042895e-04 1.91318146e-04 3.82630458e-04 1.12943814e-04 2.62530639e-03 3.82466726e-03 2.01838160e-04 5.91082879e-05 3.91516327e-05 1.05158971e-04 2.88464216e-05 4.70428320e-05 1.05051552e-04 6.53430878e-05 1.14245519e-04 1.38735234e-04 8.63489370e-05 6.44606350e-05 4.56960370e-06 8.52929152e-06 5.84465124e-06 2.23669329e-05 4.75648012e-06 1.52059484e-05 3.80945470e-05 3.49994079e-05 1.13061265e-05 4.05337115e-05 3.22306063e-05 1.32546949e-05 3.64120874e-05 4.19265159e-05 9.02194733e-06 3.38310050e-05 7.23112092e-05 2.20328206e-05 1.78679053e-04 3.39012074e-04 1.35604829e-05 1.01905525e-04 6.36752156e-06 2.48561439e-05 2.06297878e-04 3.84560377e-04 6.49614311e-05 1.44714957e-04 2.43197560e-05 6.62909067e-06 1.32605207e-05 5.34397028e-06 1.02741686e-07 1.00000000e-10 1.00000000e-10
 1995 05 02 12 00 00  3.51971486e-03 2.13309545e-03 1.16710886e-03 8.24309721e-04 5.80594321e-04 3.34534631e-04 2.33869200e-04 1.91059457e-04 3.81946374e-04 1.12190345e-04 2.62002509e-03 3.82466689e-03 2.01109395e-04 5.85695180e-05 3.89854953e-05 1.04831647e-04 2.88454496e-05 4.70416417e-05 1.03975591e-04 6.44419400e-05 1.14243735e-04 1.38733688e-04 8.62652364e-05 6.42995013e-05 4.56954258e-06 8.53615347e-06 5.84464578e-06 2.23318352e-05 4.73636064e-06 1.51662223e-05 3.79690685e-05 3.49990703e-05 1.13052687e-05 4.03968732e-05 3.10528761e-05 1.32546847e-05 3.61591672e-05 4.17169481e-05 9.02766405e-06 3.34346795e-05 7.17350441e-05 2.12698505e-05 1.77995743e-04 3.28172374e-04 1.31268950e-05 9.86711469e-05 6.36426994e-06 2.33767569e-05 2.02183399e-04 3.79897647e-04 6.30420116e-05 1.44576668e-04 2.45588108e-05 6.71611369e-06 1.34619799e-05 5.48626933e-06 1.09078007e-07 1.00000000e-10 1.00000000e-10
 1995 05 03 12 00 00  3.51894654e-03 2.13428861e-03 1.16771687e-03 8.24439598e-04 5.80537462e-04 3.34297563e-04 2.33731834e-04 1.90949209e-04 3.81665491e-04 1.12468014e-04 2.61765310e-03 3.81404236e-03 2.01276853e-04 5.88326776e-05 3.90455164e-05 1.04820343e-04 2.87834759e-05 4.68834129e-05 1.04476175e-04 6.49249705e-05 1.13915112e-04 1.38313477e-04 8.61405993e-05 6.43303594e-05 4.56510970e-06 8.54133614e-06 5.84287955e-06 2.23324301e-05 4.74722619e-06 1.51756709e-05 3.79632514e-05 3.49734677e-05 1.12540838e-05 4.04036391e-05 3.16883903e-05 1.32462199e-05 3.61548555e-05 4.16212686e-05 9.03197870e-06 3.35788316e-05 7.16061661e-05 2.16794899e-05 1.77602858e-04 3.34018998e-04 1.33607599e-05 9.97234180e-05 6.02386281e-06 2.41714646e-05 2.03155809e-04 3.81209116e-04 6.39183441e-05 1.43917436e-04 2.47548709e-05 6.78744004e-06 1.36268800e-05 5.60015853e-06 1.14234298e-07 1.00000000e-10 1.00000000e-10
 1995 05 04 12 00 00  3.51766050e-03 2.13161180e-03 1.16617997e-03 8.23626190e-04 5.79992316e-04 3.34288740e-04 2.33616105e-04 1.90776597e-04 3.81208948e-04 1.11965680e-04 2.61413560e-03 3.81404236e-03 2.00790689e-04 5.84722614e-05 3.89344018e-05 1.04602068e-04 2.87834759e-05 4.68834129e-05 1.03754352e-04 6.43223582e-05 1.13915262e-04 1.38313477e-04 8.60851783e-05 6.42378576e-05 4.56510970e-06 8.56630431e-06 5.84287955e-06 2.23105013e-05 4.73382461e-06 1.51492674e-05 3.78814462e-05 3.49734677e-05 1.12540838e-05 4.03248533e-05 3.09035502e-05 1.32462199e-05 3.59891834e-05 4.14834285e-05 9.05275811e-06 3.33415298e-05 7.12258967e-05 2.11697086e-05 1.77255087e-04 3.26793704e-04 1.30717481e-05 9.75836276e-05 6.02386281e-06 2.31832833e-05 2.00415991e-04 3.78166874e-04 6.26358400e-05 1.44479787e-04 2.57889845e-05 7.16341069e-06 1.44949223e-05 6.18597074e-06 1.41130187e-07 1.00000000e-10 1.00000000e-10
 1995 05 05 12 00 00  3.52368690e-03 2.13579235e-03 1.16880820e-03 8.25582524e-04 5.81726756e-04 3.35025785e-04 2.34360807e-04 1.91602696e-04 3.83364524e-04 1.12586860e-04 2.63141238e-03 3.84591594e-03 2.01692605e-04 5.87172762e-05 3.90734683e-05 1.05262698e-04 2.89698801e-05 4.73587046e-05 1.04308119e-04 6.46051893e-05 1.14904562e-04 1.39574892e-04 8.66196674e-05 6.45038581e-05 4.57843926e-06 8.60590080e-06 5.84818081e-06 2.23802503e-05 4.74013541e-06 1.51971617e-05 3.81441759e-05 3.50504473e-05 1.14080707e-05 4.06079439e-05 3.12730204e-05 1.32716188e-05 3.64963357e-05 4.21756268e-05 9.08570146e-06 3.37607667e-05 7.27231464e-05 2.14091415e-05 1.80093924e-04 3.30194352e-04 1.32077741e-05 1.00700747e-04 7.04672129e-06 2.36475244e-05 2.05397131e-04 3.83395079e-04 6.36926312e-05 1.48730408e-04 2.74784496e-05 7.77752325e-06 1.59121999e-05 7.13548933e-06 1.84227451e-07 3.93503541e-10 1.00000000e-10
 1995 05 06 12 00 00  3.53180261e-03 2.14153606e-03 1.17241014e-03 8.28242269e-04 5.84073464e-04 3.36008503e-04 2.35360883e-04 1.92715030e-04 3.86267624e-04 1.13447061e-04 2.65466734e-03 3.88841331e-03 2.02926230e-04 5.90676020e-05 3.92661680e-05 1.06157157e-04 2.92177720e-05 4.79916402e-05 1.05095076e-04 6.50217349e-05 1.16223031e-04 1.41255773e-04 8.73354660e-05 6.48699852e-05 4.59617077e-06 8.66510745e-06 5.85524576e-06 2.24750082e-05 4.74939843e-06 1.52626036e-05 3.84989456e-05 3.51528608e-05 1.16128169e-05 4.09951489e-05 3.18154838e-05 1.33054768e-05 3.71831715e-05 4.31068513e-05 9.13495969e-06 3.43453526e-05 7.47422874e-05 2.17615117e-05 1.83937904e-04 3.35188345e-04 1.34075338e-05 1.04994983e-04 8.40838256e-06 2.43305709e-05 2.12207459e-04 3.90580055e-04 6.51845292e-05 1.54620891e-04 3.00248015e-05 8.70306308e-06 1.80479692e-05 8.56362785e-06 2.48851136e-07 3.14169304e-09 7.43106465e-11
 1995 05 07 12 00 00  3.54431862e-03 2.14807295e-03 1.17669640e-03 8.31832270e-04 5.87469168e-04 3.37716713e-04 2.36959922e-04 1.94436407e-04 3.90751575e-04 1.14293410e-04 2.69075633e-03 3.96278426e-03 2.04448118e-04 5.92102030e-05 3.94582936e-05 1.07437623e-04 2.96515820e-05 4.90992679e-05 1.05533761e-04 6.49634399e-05 1.18527697e-04 1.44197297e-04 8.85154436e-05 6.53102838e-05 4.62720091e-06 8.69093346e-06 5.86760907e-06 2.26049589e-05 4.74799672e-06 1.53425638e-05 3.90080268e-05 3.53320822e-05 1.19711200e-05 4.15029955e-05 3.17340571e-05 1.33647278e-05 3.81559962e-05 4.45503339e-05 9.15644341e-06 3.49126208e-05 7.77676518e-05 2.17113309e-05 1.89645477e-04 3.34442123e-04 1.33776849e-05 1.09631584e-04 1.07912776e-05 2.42327398e-05 2.20541690e-04 3.98830649e-04 6.61201899e-05 1.62201942e-04 3.11535876e-05 9.11330803e-06 1.89944395e-05 9.19406557e-06 2.77202220e-07 4.61064555e-09 2.07252326e-10
 1995 05 08 12 00 00  3.56113566e-03 2.16078275e-03 1.18460098e-03 8.37519593e-04 5.92406673e-04 3.39686544e-04 2.39012128e-04 1.96738384e-04 3.96762945e-04 1.16242504e-04 2.73886326e-03 4.04777899e-03 2.07135679e-04 6.00718598e-05 3.98933969e-05 1.09324475e-04 3.01478547e-05 5.03657211e-05 1.07423351e-04 6.60664635e-05 1.21162612e-04 1.47559806e-04 8.99725057e-05 6.60141563e-05 4.66269448e-06 8.69939322e-06 5.88174153e-06 2.27980308e-05 4.77266040e-06 1.54854587e-05 3.97537487e-05 3.55370721e-05 1.23810358e-05 4.22532114e-05 3.31775780e-05 1.34324480e-05 3.95955358e-05 4.64709072e-05 9.16347853e-06 3.60600453e-05 8.19703849e-05 2.26455319e-05 1.96993330e-04 3.47726969e-04 1.39090788e-05 1.19129299e-04 1.35162059e-05 2.60443398e-05 2.35402402e-04 4.14269397e-04 6.96789825e-05 1.70595568e-04 3.15395358e-05 9.25353870e-06 1.93177799e-05 9.40728632e-06 2.86634722e-07 5.08745694e-09 2.50096965e-10
 1995 05 09 12 00 00  3.57322130e-03 2.16922028e-03 1.18990161e-03 8.41453423e-04 5.95888063e-04 3.41159138e-04 2.40503920e-04 1.98394745e-04 4.01086191e-04 1.17499379e-04 2.77350160e-03 4.11152467e-03 2.08953626e-04 6.05735700e-05 4.01751151e-05 1.10650663e-04 3.05187190e-05 5.13139297e-05 1.08555492e-04 6.66516426e-05 1.23136711e-04 1.50079572e-04 9.10419089e-05 6.64903368e-05 4.68923063e-06 8.69724754e-06 5.89233314e-06 2.29323807e-05 4.78566617e-06 1.55816894e-05 4.02765633e-05 3.56903533e-05 1.26872968e-05 4.27722437e-05 3.39392951e-05 1.34832240e-05 4.06039773e-05 4.78524199e-05 9.16169229e-06 3.67990218e-05 8.49615230e-05 2.31404920e-05 2.02259012e-04 3.54739582e-04 1.41895833e-05 1.25360952e-04 1.55554415e-05 2.70037533e-05 2.45423360e-04 4.24543481e-04 7.18306726e-05 1.76514659e-04 3.14525232e-05 9.22189952e-06 1.92447090e-05 9.35770743e-06 2.84339515e-07 4.96352337e-09 2.38751641e-10
 1995 05 10 12 00 00  3.58165534e-03 2.17563264e-03 1.19388722e-03 8.44313855e-04 5.98367427e-04 3.42143159e-04 2.41532084e-04 1.99549203e-04 4.04101597e-04 1.18484906e-04 2.79762251e-03 4.15402241e-03 2.10308222e-04 6.10134625e-05 4.03954416e-05 1.11598253e-04 3.07656417e-05 5.19456808e-05 1.09520367e-04 6.72181835e-05 1.24452589e-04 1.51758920e-04 9.17709237e-05 6.68418408e-05 4.70690102e-06 8.69846263e-06 5.89939336e-06 2.30289211e-05 4.79828341e-06 1.56535259e-05 4.06493420e-05 3.57924262e-05 1.28911866e-05 4.31471380e-05 3.46780784e-05 1.35170718e-05 4.13256902e-05 4.88138934e-05 9.16270583e-06 3.73740221e-05 8.70668272e-05 2.36199092e-05 2.05920791e-04 3.61540297e-04 1.44616119e-05 1.30148283e-04 1.69138671e-05 2.79331696e-05 2.52902589e-04 4.32310407e-04 7.36399875e-05 1.80584315e-04 3.14867814e-05 9.23439420e-06 1.92737484e-05 9.37956149e-06 2.85504230e-07 5.03775626e-09 2.45827825e-10
 1995 05 11 12 00 00  3.58498235e-03 2.17698953e-03 1.19481764e-03 8.45179721e-04 5.99227221e-04 3.42629036e-04 2.41965618e-04 2.00006194e-04 4.05291835e-04 1.18630248e-04 2.80724501e-03 4.17527109e-03 2.10648687e-04 6.09825353e-05 4.04282948e-05 1.11920041e-04 3.08891031e-05 5.22615446e-05 1.09496933e-04 6.70824316e-05 1.25109829e-04 1.52598578e-04 9.20970659e-05 6.69315433e-05 4.71573658e-06 8.68511561e-06 5.90292293e-06 2.30599215e-05 4.79534356e-06 1.56711313e-05 4.07789651e-05 3.58434627e-05 1.29931301e-05 4.32610570e-05 3.45054199e-05 1.35339957e-05 4.15688448e-05 4.91975413e-05 9.15160053e-06 3.74566423e-05 8.78529209e-05 2.35057218e-05 2.07352218e-04 3.59948250e-04 1.43979300e-05 1.31040117e-04 1.75930661e-05 2.77122366e-05 2.54740073e-04 4.33986296e-04 7.36526322e-05 1.82049047e-04 3.09245632e-05 9.03001282e-06 1.88019842e-05 9.06251230e-06 2.71042764e-07 4.27292477e-09 1.76209169e-10
 1995 05 12 12 00 00  3.58537282e-03 2.17501028e-03 1.19375776e-03 8.44809556e-04 5.99122077e-04 3.42863920e-04 2.42068749e-04 2.00065131e-04 4.05437223e-04 1.18204709e-04 2.80858199e-03 4.18589488e-03 2.10337630e-04 6.06116441e-05 4.03350972e-05 1.11866590e-04 3.09515599e-05 5.24203759e-05 1.08777976e-04 6.64196152e-05 1.25440539e-04 1.53019563e-04 9.22056613e-05 6.69136353e-05 4.72019965e-06 8.74372927e-06 5.90469208e-06 2.30566189e-05 4.78055190e-06 1.56539481e-05 4.07636539e-05 3.58692370e-05 1.30447443e-05 4.32649303e-05 3.36394733e-05 1.35424649e-05 4.15309453e-05 4.92560233e-05 9.20037710e-06 3.73158749e-05 8.78761882e-05 2.29445883e-05 2.07933545e-04 3.51977987e-04 1.40791195e-05 1.29396756e-04 1.79350987e-05 2.66242394e-05 2.52960391e-04 4.31950830e-04 7.23943986e-05 1.84599968e-04 3.33590883e-05 9.91511038e-06 2.08454215e-05 1.04405784e-05 3.34242669e-07 7.64120323e-09 4.83457452e-10
 1995 05 13 12 00 00  3.58318179e-03 2.17601919e-03 1.19418396e-03 8.44658256e-04 5.98738375e-04 3.42387084e-04 2.41736734e-04 1.99758851e-04 4.04646162e-04 1.18502259e-04 2.80206152e-03 4.16464731e-03 2.10424329e-04 6.09554438e-05 4.03988023e-05 1.11735738e-04 3.08295566e-05 5.21062873e-05 1.09418896e-04 6.70795504e-05 1.24785364e-04 1.52182212e-04 9.19291961e-05 6.69165877e-05 4.71145613e-06 8.74977050e-06 5.90116979e-06 2.30461285e-05 4.79536029e-06 1.56597362e-05 4.07103717e-05 3.58187070e-05 1.29440843e-05 4.32291165e-05 3.45058943e-05 1.35255570e-05 4.14373980e-05 4.89962822e-05 9.20540551e-06 3.74615333e-05 8.74301816e-05 2.35039493e-05 2.06893034e-04 3.59950019e-04 1.43980007e-05 1.30406167e-04 1.72607630e-05 2.77092302e-05 2.53536210e-04 4.32997911e-04 7.34993871e-05 1.83097408e-04 3.36088038e-05 1.00058998e-05 2.10550421e-05 1.05821183e-05 3.40746320e-07 7.98875277e-09 5.15183629e-10
 1995 05 14 12 00 00  3.58141778e-03 2.17512706e-03 1.19359526e-03 8.44160059e-04 5.98264719e-04 3.42144954e-04 2.41511016e-04 1.99516371e-04 4.04013614e-04 1.18388985e-04 2.79697684e-03 4.15402353e-03 2.10214224e-04 6.09392379e-05 4.03726600e-05 1.11557493e-04 3.07695242e-05 5.19504305e-05 1.09362539e-04 6.70948590e-05 1.24458421e-04 1.51765083e-04 9.17626568e-05 6.68520549e-05 4.70714549e-06 8.74060861e-06 5.89941337e-06 2.30280840e-05 4.79576811e-06 1.56490344e-05 4.06413223e-05 3.57937854e-05 1.28946122e-05 4.31552342e-05 3.45293753e-05 1.35171125e-05 4.13026091e-05 4.87946851e-05 9.19778686e-06 3.73777662e-05 8.70101263e-05 2.35174652e-05 2.06068915e-04 3.60163999e-04 1.44065600e-05 1.29783893e-04 1.69268431e-05 2.77357874e-05 2.52407565e-04 4.31867799e-04 7.33840194e-05 1.81847222e-04 3.31867695e-05 9.85256588e-06 2.07015336e-05 1.03495237e-05 3.30494831e-07 7.47349453e-09 4.68962291e-10
 1995 05 15 12 00 00  3.58306526e-03 2.17855507e-03 1.19556223e-03 8.45199286e-04 5.98959672e-04 3.42157518e-04 2.41658927e-04 1.99736348e-04 4.04595555e-04 1.19031502e-04 2.80148104e-03 4.15402465e-03 2.10835049e-04 6.13965918e-05 4.05137359e-05 1.11835994e-04 3.07709852e-05 5.19522233e-05 1.10272804e-04 6.78602781e-05 1.24463236e-04 1.51767404e-04 9.18343852e-05 6.70593921e-05 4.70723717e-06 8.83285174e-06 5.89942065e-06 2.30645000e-05 4.81294774e-06 1.56829609e-05 4.07528854e-05 3.57942947e-05 1.28958985e-05 4.33308679e-05 3.55344353e-05 1.35171285e-05 4.15293956e-05 4.89790353e-05 9.27454166e-06 3.78433718e-05 8.75119836e-05 2.41662623e-05 2.07155468e-04 3.69411562e-04 1.47764625e-05 1.32608817e-04 1.69317209e-05 2.89942691e-05 2.55915350e-04 4.36144084e-04 7.50152455e-05 1.84989774e-04 3.70616998e-05 1.12612310e-05 2.39532185e-05 1.25363171e-05 4.30347708e-07 1.27625576e-08 9.50602441e-10
 1995 05 16 12 00 00  3.58901822e-03 2.17957768e-03 1.19643812e-03 8.45784441e-04 5.99460168e-04 3.42952294e-04 2.42405834e-04 2.00359526e-04 4.05418287e-04 1.19148449e-04 2.81298225e-03 4.16938812e-03 2.11269148e-04 6.13759944e-05 4.06369330e-05 1.12937272e-04 3.11831245e-05 5.29448153e-05 1.10333152e-04 6.75579999e-05 1.26390209e-04 1.54238559e-04 9.27879530e-05 6.74736755e-05 4.73118962e-06 8.96924757e-06 5.90881573e-06 2.31954053e-05 4.80625167e-06 1.57575440e-05 4.12872205e-05 3.59344791e-05 1.33060792e-05 4.38129235e-05 3.51421710e-05 1.35600349e-05 4.23854852e-05 5.02873575e-05 9.38804005e-06 3.84252963e-05 9.03507999e-05 2.39107714e-05 2.13087287e-04 3.65799508e-04 1.46319803e-05 1.36767124e-04 1.95030909e-05 2.84991576e-05 2.63666677e-04 4.44160500e-04 7.55141290e-05 1.96286709e-04 4.27772808e-05 1.33390666e-05 2.87497465e-05 1.57639971e-05 5.77870023e-07 2.05871814e-08 1.66340630e-09
 1995 05 17 12 00 00  3.57413326e-03 2.16945212e-03 1.19001637e-03 8.40934919e-04 5.95091134e-04 3.41056974e-04 2.40504941e-04 1.98254704e-04 4.00008376e-04 1.17636663e-04 2.76981363e-03 4.09239344e-03 2.09047084e-04 6.08115362e-05 4.03044851e-05 1.11360827e-04 3.07249808e-05 5.17863897e-05 1.09071515e-04 6.69379311e-05 1.24005110e-04 1.51195615e-04 9.15107572e-05 6.69419981e-05 4.69849183e-06 9.00944433e-06 5.89670599e-06 2.30394176e-05 4.79245391e-06 1.56443671e-05 4.06463990e-05 3.57461278e-05 1.29111708e-05 4.32119517e-05 3.43341904e-05 1.34995818e-05 4.11809560e-05 4.86069432e-05 9.42150000e-06 3.75963704e-05 8.66826536e-05 2.33861574e-05 2.06821133e-04 3.58361464e-04 1.43344586e-05 1.29408281e-04 1.69293286e-05 2.74821796e-05 2.51694425e-04 4.31988443e-04 7.30525598e-05 1.89984272e-04 4.43811992e-05 1.39223492e-05 3.00971603e-05 1.66818671e-05 6.20622583e-07 2.29149414e-08 1.87697395e-09
 1995 05 18 12 00 00  3.56945600e-03 2.16627023e-03 1.18799838e-03 8.39411340e-04 5.93718689e-04 3.40461510e-04 2.39907712e-04 1.97593418e-04 3.98308599e-04 1.17161600e-04 2.75625019e-03 4.06820029e-03 2.08348862e-04 6.06342142e-05 4.02000209e-05 1.10865605e-04 3.05811467e-05 5.14224987e-05 1.08674745e-04 6.67431392e-05 1.23253986e-04 1.50239533e-04 9.11094701e-05 6.67265313e-05 4.68822618e-06 8.95505800e-06 5.89290066e-06 2.29860624e-05 4.78811744e-06 1.56088299e-05 4.04430872e-05 3.56869859e-05 1.27871856e-05 4.29823601e-05 3.40802391e-05 1.34805843e-05 4.07955173e-05 4.80756424e-05 9.37626537e-06 3.72472895e-05 8.55241282e-05 2.32213351e-05 2.04511936e-04 3.56023733e-04 1.42409493e-05 1.27052056e-04 1.61209202e-05 2.71626574e-05 2.47934195e-04 4.27954165e-04 7.22794049e-05 1.85835593e-04 4.19540080e-05 1.30403298e-05 2.80628332e-05 1.53334942e-05 5.60469493e-07 1.98351657e-08 1.59920361e-09
 1995 05 19 12 00 00  3.56215418e-03 2.16131799e-03 1.18485610e-03 8.37007537e-04 5.91537470e-04 3.39522464e-04 2.38967533e-04 1.96550730e-04 3.95639542e-04 1.16421192e-04 2.73494584e-03 4.03040759e-03 2.07257431e-04 6.03530111e-05 4.00365960e-05 1.10079326e-04 3.03447887e-05 5.08425292e-05 1.08033270e-04 6.64336432e-05 1.22073749e-04 1.48737327e-04 9.04788943e-05 6.63874599e-05 4.67144855e-06 8.87069691e-06 5.88691728e-06 2.28989804e-05 4.78146358e-06 1.55509538e-05 4.01166637e-05 3.55905067e-05 1.25838575e-05 4.26198294e-05 3.36891680e-05 1.34509784e-05 4.01837420e-05 4.72319770e-05 9.30609021e-06 3.67004351e-05 8.36772488e-05 2.29614132e-05 2.00857028e-04 3.52416111e-04 1.40966445e-05 1.23307454e-04 1.48275751e-05 2.66600255e-05 2.41899378e-04 4.21502064e-04 7.10412105e-05 1.79295566e-04 3.82574447e-05 1.16968764e-05 2.49634760e-05 1.32702809e-05 4.67776167e-07 1.50393490e-08 1.16535555e-09
 1995 05 20 12 00 00  3.55364956e-03 2.15553260e-03 1.18118694e-03 8.34237000e-04 5.89041571e-04 3.38439657e-04 2.37881520e-04 1.95348233e-04 3.92548726e-04 1.15557416e-04 2.71028238e-03 3.98641676e-03 2.05987860e-04 6.00305464e-05 3.98466527e-05 1.09178744e-04 3.00831394e-05 5.01807663e-05 1.07311662e-04 6.60794089e-05 1.20708093e-04 1.46998821e-04 8.97492017e-05 6.60004126e-05 4.65277408e-06 8.77761122e-06 5.87999857e-06 2.28023161e-05 4.77357935e-06 1.54863130e-05 3.97470931e-05 3.54829361e-05 1.23583173e-05 4.22061689e-05 3.32274736e-05 1.34164380e-05 3.94834482e-05 4.62661124e-05 9.22865511e-06 3.60743020e-05 8.15709833e-05 2.26616990e-05 1.96686776e-04 3.48165945e-04 1.39266378e-05 1.19026663e-04 1.33573441e-05 2.60790082e-05 2.35060556e-04 4.14186580e-04 6.96350822e-05 1.72008714e-04 3.41920889e-05 1.02193602e-05 2.15546840e-05 1.09992897e-05 3.65618541e-07 9.74396563e-09 6.86058987e-10
 1995 05 21 12 00 00  3.54366475e-03 2.14873842e-03 1.17687818e-03 8.30987160e-04 5.86115743e-04 3.37169482e-04 2.36607399e-04 1.93937628e-04 3.88921721e-04 1.14543148e-04 2.68134138e-03 3.93477157e-03 2.04497472e-04 5.96524650e-05 3.96236907e-05 1.08122938e-04 2.97773251e-05 4.94052016e-05 1.06467113e-04 6.56641496e-05 1.19105905e-04 1.44958832e-04 8.88929824e-05 6.55542271e-05 4.63093638e-06 8.67891722e-06 5.87188042e-06 2.26899683e-05 4.76430832e-06 1.54106994e-05 3.93145801e-05 3.53571115e-05 1.20946599e-05 4.17275928e-05 3.26847890e-05 1.33758789e-05 3.86635683e-05 4.51343454e-05 9.14655029e-06 3.53538596e-05 7.91035979e-05 2.23101189e-05 1.91850470e-04 3.43171145e-04 1.37268458e-05 1.14015669e-04 1.16348536e-05 2.53973063e-05 2.27050543e-04 4.05650544e-04 6.79878380e-05 1.63832552e-04 2.99102088e-05 8.66308474e-06 1.79638614e-05 8.60323300e-06 2.57560063e-07 4.12172980e-09 1.76637716e-10
 1995 05 22 12 00 00  3.53409261e-03 2.14222765e-03 1.17274890e-03 8.27867443e-04 5.83304428e-04 3.35950228e-04 2.35384640e-04 1.92583611e-04 3.85442071e-04 1.13571014e-04 2.65357497e-03 3.88525799e-03 2.03068466e-04 5.92892821e-05 3.94098859e-05 1.07108581e-04 2.94821773e-05 4.86597157e-05 1.05653925e-04 6.52651594e-05 1.17569089e-04 1.43001570e-04 8.80714715e-05 6.51375078e-05 4.60987612e-06 8.60024447e-06 5.86409114e-06 2.25826701e-05 4.75544075e-06 1.53378120e-05 3.88989248e-05 3.52358067e-05 1.18402691e-05 4.12777732e-05 3.21654399e-05 1.33370049e-05 3.78775721e-05 4.40478016e-05 9.08109869e-06 3.46838730e-05 7.67333194e-05 2.19726382e-05 1.87286352e-04 3.38389834e-04 1.35355933e-05 1.09211327e-04 9.97834286e-06 2.47431453e-05 2.19344185e-04 3.97491690e-04 6.64034810e-05 1.56498409e-04 2.65159953e-05 7.42939201e-06 1.51171251e-05 6.70114297e-06 1.71594998e-07 2.77268697e-10 1.00000000e-10
 1995 05 23 12 00 00  3.52577906e-03 2.13657654e-03 1.16916446e-03 8.25151813e-04 5.80853423e-04 3.34889010e-04 2.34320756e-04 1.91405133e-04 3.82416193e-04 1.12726991e-04 2.62942789e-03 3.84224877e-03 2.01826998e-04 5.89727944e-05 3.92241097e-05 1.06224420e-04 2.92229903e-05 4.80093760e-05 1.04942554e-04 6.49173220e-05 1.16233150e-04 1.41299319e-04 8.73569777e-05 6.47931771e-05 4.59140429e-06 8.55763938e-06 5.85731577e-06 2.24902354e-05 4.74776680e-06 1.52739299e-05 3.85365142e-05 3.51294439e-05 1.16169707e-05 4.09015498e-05 3.17156664e-05 1.33032532e-05 3.71951723e-05 4.31019734e-05 9.04565532e-06 3.41349628e-05 7.46678246e-05 2.16788976e-05 1.83440611e-04 3.34247172e-04 1.33698869e-05 1.05039591e-04 8.53208112e-06 2.41740781e-05 2.12611377e-04 3.90447673e-04 6.50199169e-05 1.50911810e-04 2.46693814e-05 6.75822466e-06 1.35685077e-05 5.66754584e-06 1.24963431e-07 1.00000000e-10 1.00000000e-10
 1995 05 24 12 00 00  3.57689227e-03 2.17137398e-03 1.19123068e-03 8.41758447e-04 5.95785848e-04 3.41380110e-04 2.40833959e-04 1.98614049e-04 4.00964997e-04 1.17920518e-04 2.77742720e-03 4.10659537e-03 2.09454725e-04 6.09030998e-05 4.03650622e-05 1.11613782e-04 3.07746930e-05 5.19656460e-05 1.09235566e-04 6.70367270e-05 1.24412080e-04 1.51730895e-04 9.17352314e-05 6.66883462e-05 4.70231716e-06 8.52898083e-06 5.89882075e-06 2.30259970e-05 4.79535993e-06 1.56582040e-05 4.07237575e-05 3.57686804e-05 1.29552616e-05 4.30215345e-05 3.44999571e-05 1.35109382e-05 4.13242557e-05 4.88516983e-05 9.02181491e-06 3.71147178e-05 8.72037079e-05 2.34755964e-05 2.05421396e-04 3.59864700e-04 1.43945880e-05 1.30258620e-04 1.73131062e-05 2.76592997e-05 2.53423191e-04 4.32283486e-04 7.34158834e-05 1.75460245e-04 2.34164208e-05 6.30285085e-06 1.25179264e-05 4.96781454e-06 9.44799069e-08 1.00000000e-10 1.00000000e-10
 1995 05 25 12 00 00  3.52301241e-03 2.13719443e-03 1.16953016e-03 8.25757554e-04 5.81687777e-04 3.34792168e-04 2.34228649e-04 1.91498178e-04 3.83102082e-04 1.12899890e-04 2.62927282e-03 3.83529328e-03 2.01888841e-04 5.89887994e-05 3.91364386e-05 1.05259637e-04 2.89113086e-05 4.72046435e-05 1.04792016e-04 6.51061186e-05 1.14577908e-04 1.39160086e-04 8.65007273e-05 6.44795420e-05 4.57422029e-06 8.52707817e-06 5.84643167e-06 2.23772001e-05 4.75213892e-06 1.52085542e-05 3.81528936e-05 3.50260321e-05 1.13598842e-05 4.05665717e-05 3.19706101e-05 1.32631889e-05 3.64999745e-05 4.20884034e-05 9.02023457e-06 3.38053886e-05 7.26183710e-05 2.18400412e-05 1.79333251e-04 3.36588598e-04 1.34635439e-05 1.01853889e-04 6.71767921e-06 2.44873576e-05 2.06532064e-04 3.84601687e-04 6.46112065e-05 1.44886430e-04 2.33154503e-05 6.26619558e-06 1.24335602e-05 4.91398590e-06 9.24126851e-08 1.00000000e-10 1.00000000e-10
 1995 05 26 12 00 00  3.51452960e-03 2.13069926e-03 1.16549724e-03 8.22866239e-04 5.79183270e-04 3.33804322e-04 2.33194660e-04 1.90336170e-04 3.80069278e-04 1.11898928e-04 2.60500532e-03 3.79279405e-03 2.00519046e-04 5.85392790e-05 3.89131339e-05 1.04301860e-04 2.86605034e-05 4.65681311e-05 1.03809350e-04 6.45237276e-05 1.13256879e-04 1.37474577e-04 8.57676178e-05 6.41154777e-05 4.55630507e-06 8.51544974e-06 5.83935253e-06 2.22781564e-05 4.73911605e-06 1.51352283e-05 3.77726230e-05 3.49225971e-05 1.11525675e-05 4.01808990e-05 3.12084216e-05 1.32293018e-05 3.57676735e-05 4.11164155e-05 9.01056264e-06 3.32067209e-05 7.04860977e-05 2.13467851e-05 1.75580750e-04 3.29574127e-04 1.31829651e-05 9.69702671e-05 5.34627688e-06 2.35308326e-05 1.98922756e-04 3.76661524e-04 6.27611874e-05 1.40410051e-04 2.28030292e-05 6.07997133e-06 1.20039729e-05 4.62840241e-06 8.07173450e-08 1.00000000e-10 1.00000000e-10
 1995 05 27 12 00 00  3.51576940e-03 2.13052511e-03 1.16547325e-03 8.23030995e-04 5.79426341e-04 3.34038908e-04 2.33371008e-04 1.90506171e-04 3.80513672e-04 1.11811741e-04 2.60863651e-03 3.80341560e-03 2.00534090e-04 5.84112403e-05 3.88948381e-05 1.04387765e-04 2.87161616e-05 4.67186386e-05 1.03574350e-04 6.42680796e-05 1.13577637e-04 1.37884770e-04 8.59093108e-05 6.41199460e-05 4.56034068e-06 8.50491488e-06 5.84108566e-06 2.22841879e-05 4.73339314e-06 1.51345647e-05 3.78038582e-05 3.49459937e-05 1.11981855e-05 4.02032274e-05 3.08735005e-05 1.32376968e-05 3.58285519e-05 4.12548408e-05 9.00180166e-06 3.31546350e-05 7.07347425e-05 2.11302104e-05 1.76089395e-04 3.26492076e-04 1.30596830e-05 9.66912216e-05 5.66559029e-06 2.31108192e-05 1.98897316e-04 3.76424765e-04 6.23569636e-05 1.40859581e-04 2.23254002e-05 5.90642248e-06 1.16037752e-05 4.36412228e-06 7.00018006e-08 1.00000000e-10 1.00000000e-10
 1995 05 28 12 00 00  3.51776276e-03 2.13473105e-03 1.16788621e-03 8.24285799e-04 5.80249942e-04 3.34044197e-04 2.33545090e-04 1.90768130e-04 3.81214850e-04 1.12599727e-04 2.61404253e-03 3.80341187e-03 2.01293710e-04 5.89734778e-05 3.90682902e-05 1.04717657e-04 2.87069386e-05 4.67073289e-05 1.04691647e-04 6.52105140e-05 1.13567154e-04 1.37870108e-04 8.59904341e-05 6.42982049e-05 4.55976042e-06 8.51741279e-06 5.84103800e-06 2.23190602e-05 4.75451488e-06 1.51741609e-05 3.79257890e-05 3.49427661e-05 1.11900452e-05 4.03531875e-05 3.21094383e-05 1.32375964e-05 3.60841544e-05 4.14593557e-05 9.01220556e-06 3.35898126e-05 7.12994161e-05 2.19288049e-05 1.76843779e-04 3.37864913e-04 1.35145965e-05 1.00021536e-04 5.63474387e-06 2.46597076e-05 2.03056764e-04 3.81219996e-04 6.43452500e-05 1.41430624e-04 2.28220639e-05 6.08704463e-06 1.20210465e-05 4.64866666e-06 8.20890421e-08 1.00000000e-10 1.00000000e-10
 1995 05 29 12 00 00  3.51477296e-03 2.13134631e-03 1.16586698e-03 8.23012018e-04 5.79242362e-04 3.33782750e-04 2.33204498e-04 1.90357911e-04 3.80146625e-04 1.12018981e-04 2.60556281e-03 3.79278213e-03 2.00630249e-04 5.86261871e-05 3.89400395e-05 1.04325260e-04 2.86347669e-05 4.65365942e-05 1.03976830e-04 6.46731409e-05 1.13224954e-04 1.37433677e-04 8.57648262e-05 6.41378391e-05 4.55468580e-06 8.52411176e-06 5.83921901e-06 2.22766990e-05 4.74247463e-06 1.51367624e-05 3.77659996e-05 3.49135953e-05 1.11298606e-05 4.01969888e-05 3.14048608e-05 1.32290210e-05 3.57809547e-05 4.11112639e-05 9.01778112e-06 3.32716138e-05 7.04803030e-05 2.14734682e-05 1.75585403e-04 3.31381385e-04 1.32552554e-05 9.73309679e-05 5.26022923e-06 2.37765926e-05 1.99234056e-04 3.77099372e-04 6.30317378e-05 1.40355833e-04 2.30884998e-05 6.18393904e-06 1.22448882e-05 4.80127262e-06 8.85695187e-08 1.00000000e-10 1.00000000e-10
 1995 05 30 12 00 00  3.51300829e-03 2.13052053e-03 1.16531620e-03 8.22511092e-04 5.78749313e-04 3.33528810e-04 2.32973157e-04 1.90110774e-04 3.79511164e-04 1.11917942e-04 2.60042621e-03 3.78215313e-03 2.00430182e-04 5.86211789e-05 3.89173626e-05 1.04138993e-04 2.85616319e-05 4.63646807e-05 1.03943684e-04 6.47087174e-05 1.12882136e-04 1.36995724e-04 8.55915127e-05 6.40857529e-05 4.54954970e-06 8.53542369e-06 5.83739456e-06 2.22567623e-05 4.74326189e-06 1.51243365e-05 3.76850879e-05 3.48840811e-05 1.10688219e-05 4.01324221e-05 3.14510020e-05 1.32204354e-05 3.56380666e-05 4.08945642e-05 9.02719548e-06 3.32165193e-05 7.00224566e-05 2.15035383e-05 1.74798593e-04 3.31806346e-04 1.32722538e-05 9.66949465e-05 4.88248843e-06 2.38348613e-05 1.98006237e-04 3.75950162e-04 6.29356000e-05 1.39610922e-04 2.35564481e-05 6.35407096e-06 1.26376972e-05 5.06644235e-06 9.96741846e-08 1.00000000e-10 1.00000000e-10
 1995 05 31 12 00 00  3.51080766e-03 2.12878830e-03 1.16424531e-03 8.21735161e-04 5.78072220e-04 3.33271450e-04 2.32702622e-04 1.89805386e-04 3.78721688e-04 1.11646999e-04 2.59409709e-03 3.77152339e-03 2.00065932e-04 5.84952491e-05 3.88573836e-05 1.03878967e-04 2.84880050e-05 4.61921591e-05 1.03670203e-04 6.45419583e-05 1.12538856e-04 1.36556969e-04 8.53991557e-05 6.40054086e-05 4.54438341e-06 8.55959079e-06 5.83556794e-06 2.22295945e-05 4.73950749e-06 1.51029204e-05 3.75756843e-05 3.48544010e-05 1.10073524e-05 4.00438744e-05 3.12314194e-05 1.32118454e-05 3.54389937e-05 4.06308360e-05 9.04730259e-06 3.30870174e-05 6.94349544e-05 2.13620835e-05 1.73913468e-04 3.29786316e-04 1.31914526e-05 9.53359252e-05 4.50309381e-06 2.35604210e-05 1.95849516e-04 3.73784489e-04 6.24080257e-05 1.39201552e-04 2.45777099e-05 6.72531874e-06 1.34945933e-05 5.64187363e-06 1.25515886e-07 1.00000000e-10 1.00000000e-10
 1995 06 01 12 00 00  3.51432816e-03 2.13060588e-03 1.16544055e-03 8.22722365e-04 5.78998871e-04 3.33748170e-04 2.33148940e-04 1.90284829e-04 3.79979299e-04 1.11878880e-04 2.60420644e-03 3.79276648e-03 2.00488960e-04 5.85296930e-05 3.89103763e-05 1.04227227e-04 2.85998132e-05 4.64937446e-05 1.03780837e-04 6.45165681e-05 1.13182626e-04 1.37378116e-04 8.57276423e-05 6.41387203e-05 4.55248555e-06 8.58694111e-06 5.83903748e-06 2.22639762e-05 4.73890941e-06 1.51230062e-05 3.77073466e-05 3.49013571e-05 1.10990135e-05 4.01939382e-05 3.11965996e-05 1.32286412e-05 3.57025482e-05 4.10232701e-05 9.07005960e-06 3.32651945e-05 7.02476262e-05 2.13403342e-05 1.75564082e-04 3.29466868e-04 1.31786747e-05 9.65561032e-05 5.14333442e-06 2.35180822e-05 1.98016585e-04 3.75987880e-04 6.26344723e-05 1.41842310e-04 2.57465963e-05 7.15019951e-06 1.44751304e-05 6.29854003e-06 1.55302683e-07 1.00000000e-10 1.00000000e-10
 1995 06 02 12 00 00  3.51903860e-03 2.13490494e-03 1.16805959e-03 8.24459874e-04 5.80425801e-04 3.34233022e-04 2.33701622e-04 1.90922749e-04 3.81656928e-04 1.12575827e-04 2.61756477e-03 3.81401032e-03 2.01361178e-04 5.88952922e-05 3.90655238e-05 1.04775948e-04 2.87116243e-05 4.67953418e-05 1.04550056e-04 6.50455477e-05 1.13827362e-04 1.38199274e-04 8.61073946e-05 6.43882926e-05 4.56058697e-06 8.63415480e-06 5.84250702e-06 2.23213488e-05 4.75075030e-06 1.51674554e-05 3.79172214e-05 3.49483191e-05 1.11906775e-05 4.04423938e-05 3.18895822e-05 1.32454385e-05 3.61242017e-05 4.15451982e-05 9.10934323e-06 3.37187463e-05 7.14152506e-05 2.17884604e-05 1.77756000e-04 3.35843987e-04 1.34337595e-05 9.97835603e-05 5.78358449e-06 2.43871575e-05 2.02708955e-04 3.81128303e-04 6.40404098e-05 1.45285839e-04 2.77486125e-05 7.87795293e-06 1.61548178e-05 7.42556508e-06 2.06579331e-07 1.63136402e-09 1.00000000e-10
 1995 06 03 12 00 00  3.53202056e-03 2.14526524e-03 1.17446228e-03 8.28954645e-04 5.84265735e-04 3.35703377e-04 2.35268770e-04 1.92693822e-04 3.86291900e-04 1.14192221e-04 2.65460831e-03 3.87775190e-03 2.03524048e-04 5.96517795e-05 3.94259085e-05 1.06245820e-04 2.90732656e-05 4.77322406e-05 1.06183596e-04 6.60590827e-05 1.15791016e-04 1.40704379e-04 8.72106484e-05 6.49612267e-05 4.58654249e-06 8.66173868e-06 5.85305133e-06 2.24716055e-05 4.77344802e-06 1.52807599e-05 3.84920974e-05 3.50983697e-05 1.14887982e-05 4.10418884e-05 3.32178228e-05 1.32961140e-05 3.72465306e-05 4.30134645e-05 9.13229451e-06 3.46856634e-05 7.46463612e-05 2.26471573e-05 1.83458486e-04 3.48066723e-04 1.39226689e-05 1.07517807e-04 7.79197580e-06 2.60525208e-05 2.14552225e-04 3.93591609e-04 6.70863315e-05 1.52164772e-04 2.89172921e-05 8.30278250e-06 1.71353532e-05 8.08360642e-06 2.36527685e-07 3.21024531e-09 9.87431914e-11
 1995 06 04 12 00 00  3.54593641e-03 2.15198061e-03 1.17892615e-03 8.32808049e-04 5.87964299e-04 3.37644609e-04 2.37056657e-04 1.94604518e-04 3.91274279e-04 1.15016969e-04 2.69474966e-03 3.96274216e-03 2.05123214e-04 5.97116180e-05 3.96137514e-05 1.07636214e-04 2.95598264e-05 4.89867933e-05 1.06473980e-04 6.58217992e-05 1.18414308e-04 1.44051453e-04 8.85376987e-05 6.54601134e-05 4.62142525e-06 8.73419049e-06 5.86713322e-06 2.26134414e-05 4.76811510e-06 1.53629026e-05 3.90427826e-05 3.52999603e-05 1.18901466e-05 4.16172112e-05 3.29058414e-05 1.33637310e-05 3.83052005e-05 4.46118059e-05 9.19258018e-06 3.53094003e-05 7.79637093e-05 2.24459625e-05 1.90010673e-04 3.45196459e-04 1.38078583e-05 1.12174937e-04 1.04844316e-05 2.56622181e-05 2.23171434e-04 4.02143212e-04 6.77752985e-05 1.61967334e-04 3.19766944e-05 9.41493804e-06 1.97024047e-05 9.80778802e-06 3.15099776e-07 7.36028447e-09 4.76362150e-10
 1995 06 05 12 00 00  3.56258869e-03 2.16440742e-03 1.18666665e-03 8.38385773e-04 5.92810639e-04 3.39604062e-04 2.39088586e-04 1.96878889e-04 3.97221331e-04 1.16911846e-04 2.74235740e-03 4.04773280e-03 2.07755485e-04 6.05323422e-05 4.00363333e-05 1.09486605e-04 3.00458982e-05 5.02407609e-05 1.08274650e-04 6.68586232e-05 1.21037530e-04 1.47397766e-04 8.99823865e-05 6.61796545e-05 4.65627672e-06 8.78702194e-06 5.88121256e-06 2.28037276e-05 4.79142327e-06 1.55009803e-05 3.97714820e-05 3.55013879e-05 1.22910686e-05 4.23790332e-05 3.42692685e-05 1.34313377e-05 3.97203939e-05 4.65039524e-05 9.23654443e-06 3.64808709e-05 8.20894095e-05 2.33251310e-05 1.97473061e-04 3.57740165e-04 1.43096066e-05 1.21403704e-04 1.31752779e-05 2.73677550e-05 2.37589898e-04 4.17238380e-04 7.11741252e-05 1.71555143e-04 3.41761043e-05 1.02145439e-05 2.15484055e-05 1.10520060e-05 3.72111131e-07 1.03949901e-08 7.53088436e-10
 1995 06 06 12 00 00  3.57450133e-03 2.17252646e-03 1.19178267e-03 8.42204978e-04 5.96202018e-04 3.41069717e-04 2.40560829e-04 1.98507587e-04 4.01477558e-04 1.18107760e-04 2.77648813e-03 4.11147587e-03 2.09511908e-04 6.09868803e-05 4.03036200e-05 1.10776910e-04 3.04104586e-05 5.11812337e-05 1.09303212e-04 6.73668808e-05 1.23002954e-04 1.49907502e-04 9.10410595e-05 6.66204847e-05 4.68241633e-06 8.75792975e-06 5.89177180e-06 2.29314189e-05 4.80288691e-06 1.55927183e-05 4.02786180e-05 3.56524572e-05 1.25917606e-05 4.28667604e-05 3.49396258e-05 1.34820468e-05 4.06990628e-05 4.78572687e-05 9.21234823e-06 3.71481521e-05 8.50059797e-05 2.37564178e-05 2.02507129e-04 3.63906348e-04 1.45562539e-05 1.27313328e-04 1.51934073e-05 2.82046298e-05 2.47177882e-04 4.26949093e-04 7.31500439e-05 1.76464807e-04 3.28659911e-05 9.73848710e-06 2.04505393e-05 1.03258562e-05 3.39827649e-07 8.75066899e-09 6.05007511e-10
 1995 06 07 12 00 00  3.58233399e-03 2.17771626e-03 1.19506500e-03 8.44681115e-04 5.98414358e-04 3.42045616e-04 2.41532022e-04 1.99578095e-04 4.04275267e-04 1.18862962e-04 2.79893935e-03 4.15397137e-03 2.10641720e-04 6.12588437e-05 4.04722561e-05 1.11617715e-04 3.06530128e-05 5.18076238e-05 1.09925314e-04 6.76540891e-05 1.24314202e-04 1.51579899e-04 9.17418855e-05 6.69497545e-05 4.69981169e-06 8.80139778e-06 5.89880910e-06 2.30184879e-05 4.80942144e-06 1.56515468e-05 4.06116067e-05 3.57530051e-05 1.27917941e-05 4.32215976e-05 3.53213836e-05 1.35158465e-05 4.13435487e-05 4.87501670e-05 9.24852793e-06 3.76521554e-05 8.69219044e-05 2.40005975e-05 2.06140852e-04 3.67416069e-04 1.46966428e-05 1.31110222e-04 1.65372156e-05 2.86787370e-05 2.53329955e-04 4.33345465e-04 7.43564427e-05 1.81666582e-04 3.46304497e-05 1.03800749e-05 2.19322695e-05 1.13308604e-05 3.86329648e-07 1.12597945e-08 8.34656699e-10
 1995 06 08 12 00 00  3.58857195e-03 2.18236707e-03 1.19796179e-03 8.46767070e-04 6.00225876e-04 3.42780118e-04 2.42292823e-04 2.00429197e-04 4.06501448e-04 1.19571411e-04 2.81676955e-03 4.18584272e-03 2.11626127e-04 6.15634784e-05 4.06297950e-05 1.12309365e-04 3.08350485e-05 5.22775576e-05 1.10591137e-04 6.80381258e-05 1.25297968e-04 1.52834364e-04 9.22832206e-05 6.72295689e-05 4.71286548e-06 8.83662797e-06 5.90408745e-06 2.30905967e-05 4.81812749e-06 1.57031165e-05 4.08854702e-05 3.58284538e-05 1.29419233e-05 4.35155270e-05 3.58301942e-05 1.35411974e-05 4.18749942e-05 4.94593231e-05 9.27785659e-06 3.81093375e-05 8.84671336e-05 2.43268340e-05 2.09014913e-04 3.72094845e-04 1.48837938e-05 1.34568921e-04 1.75454566e-05 2.93120043e-05 2.58714750e-04 4.39026956e-04 7.56201829e-05 1.85675114e-04 3.60205612e-05 1.08856433e-05 2.31003546e-05 1.21288484e-05 4.23659625e-07 1.33042015e-08 1.02251914e-09
 1995 06 09 12 00 00  3.59864784e-03 2.18943750e-03 1.20239923e-03 8.50042155e-04 6.03114065e-04 3.44004008e-04 2.43533186e-04 2.01805950e-04 4.10099417e-04 1.20624687e-04 2.84561995e-03 4.23896201e-03 2.13144147e-04 6.19805233e-05 4.08643768e-05 1.13409619e-04 3.11405398e-05 5.30633610e-05 1.11521204e-04 6.85259933e-05 1.26939594e-04 1.54928507e-04 9.31727153e-05 6.76544150e-05 4.73475448e-06 8.87489805e-06 5.91289609e-06 2.32041354e-05 4.82921278e-06 1.57827837e-05 4.13221362e-05 3.59549362e-05 1.31939960e-05 4.39704906e-05 3.64779233e-05 1.35834722e-05 4.27181131e-05 5.06082111e-05 9.30971655e-06 3.87775142e-05 9.09519757e-05 2.47414951e-05 2.13592568e-04 3.78050250e-04 1.51220100e-05 1.39786684e-04 1.92329084e-05 3.01170454e-05 2.67026011e-04 4.47673999e-04 7.74065149e-05 1.91726948e-04 3.75212638e-05 1.14314570e-05 2.43615382e-05 1.29918185e-05 4.64127038e-07 1.55275828e-08 1.22700250e-09
 1995 06 10 12 00 00  3.60193685e-03 2.19068211e-03 1.20326536e-03 8.50885289e-04 6.03967303e-04 3.44495306e-04 2.43966041e-04 2.02260142e-04 4.11277656e-04 1.20749125e-04 2.85516307e-03 4.26021367e-03 2.13465341e-04 6.19336629e-05 4.08923077e-05 1.13728901e-04 3.12703109e-05 5.33869665e-05 1.11465911e-04 6.83627848e-05 1.27604418e-04 1.55778197e-04 9.35004697e-05 6.77335488e-05 4.74398694e-06 8.85080444e-06 5.91645839e-06 2.32352828e-05 4.82568648e-06 1.58004375e-05 4.14548472e-05 3.60081816e-05 1.33015099e-05 4.40762683e-05 3.62707826e-05 1.36004644e-05 4.29599874e-05 5.09949176e-05 9.28968511e-06 3.88360642e-05 9.17447452e-05 2.46042880e-05 2.14987823e-04 3.76140009e-04 1.50456004e-05 1.40619982e-04 1.99332135e-05 2.98516243e-05 2.68830406e-04 4.49260523e-04 7.73722866e-05 1.92836203e-04 3.63875179e-05 1.10195968e-05 2.34122556e-05 1.23702473e-05 4.36952789e-07 1.41789975e-08 1.10648548e-09
 1995 06 11 12 00 00  3.59540518e-03 2.18540716e-03 1.20000890e-03 8.48610868e-04 6.02030773e-04 3.43762229e-04 2.43179379e-04 2.01369116e-04 4.08944417e-04 1.19922718e-04 2.83653599e-03 4.22834381e-03 2.12365938e-04 6.15398981e-05 4.07073733e-05 1.12987508e-04 3.10921605e-05 5.29217941e-05 1.10613877e-04 6.78302778e-05 1.26625436e-04 1.54529892e-04 9.29484548e-05 6.74304682e-05 4.73117798e-06 8.81877640e-06 5.91120006e-06 2.31587879e-05 4.81386596e-06 1.57432472e-05 4.11677122e-05 3.59340920e-05 1.31548077e-05 4.37625033e-05 3.55784083e-05 1.35751558e-05 4.23938714e-05 5.02585369e-05 9.26305293e-06 3.83186043e-05 9.01226776e-05 2.41539907e-05 2.12043302e-04 3.69765263e-04 1.47906105e-05 1.36676925e-04 1.89379527e-05 2.89788644e-05 2.62834475e-04 4.42878489e-04 7.57991536e-05 1.88764233e-04 3.49172142e-05 1.04853948e-05 2.21806030e-05 1.15592324e-05 4.01160719e-07 1.23763808e-08 9.44684153e-10
 1995 06 12 12 00 00  3.58486632e-03 2.17735757e-03 1.19500842e-03 8.45041524e-04 5.98948167e-04 3.42538625e-04 2.41898338e-04 1.99930423e-04 4.05180688e-04 1.18685186e-04 2.80642895e-03 4.17522602e-03 2.10669282e-04 6.09875886e-05 4.04311425e-05 1.11809627e-04 3.07905488e-05 5.21407463e-05 1.09408026e-04 6.71163900e-05 1.24988657e-04 1.52441929e-04 9.20409982e-05 6.69710489e-05 4.70953237e-06 8.78841747e-06 5.90241179e-06 2.30381223e-05 4.79787886e-06 1.56545214e-05 4.07063501e-05 3.58089659e-05 1.29061591e-05 4.32783714e-05 3.46428627e-05 1.35329232e-05 4.14942379e-05 4.90644654e-05 9.23780608e-06 3.75607498e-05 8.75115509e-05 2.35491694e-05 2.07356376e-04 3.61156193e-04 1.44462477e-05 1.30694508e-04 1.72634900e-05 2.78058695e-05 2.53556889e-04 4.33140197e-04 7.35386182e-05 1.82762065e-04 3.35241200e-05 9.97924421e-06 2.10136185e-05 1.07907242e-05 3.67239028e-07 1.06675344e-08 7.91288279e-10
 1995 06 13 12 00 00  3.57502372e-03 2.17076406e-03 1.19084359e-03 8.41911454e-04 5.96157580e-04 3.41318903e-04 2.40679237e-04 1.98584327e-04 4.01662908e-04 1.17720661e-04 2.77821996e-03 4.12210748e-03 2.09236339e-04 6.06303108e-05 4.02150627e-05 1.10748710e-04 3.04879650e-05 5.13584993e-05 1.08590619e-04 6.67290005e-05 1.23350028e-04 1.50352405e-04 9.11630324e-05 6.65466302e-05 4.68782637e-06 8.72380115e-06 5.89361807e-06 2.29276949e-05 4.78919283e-06 1.55799361e-05 4.02882219e-05 3.56834993e-05 1.26566549e-05 4.28238999e-05 3.41346138e-05 1.34906804e-05 4.06814923e-05 4.79426811e-05 9.18406004e-06 3.69040454e-05 8.51010653e-05 2.32208695e-05 2.02747545e-04 3.56479499e-04 1.42591799e-05 1.25854480e-04 1.55857662e-05 2.71690980e-05 2.45751427e-04 4.24973541e-04 7.19710093e-05 1.75773708e-04 3.06663793e-05 8.94070786e-06 1.86180049e-05 9.19949268e-06 2.96004494e-07 7.00138614e-09 4.60135663e-10
 1995 06 14 12 00 00  3.56406333e-03 2.16465120e-03 1.18687812e-03 8.38690786e-04 5.93159222e-04 3.39856678e-04 2.39290253e-04 1.97080555e-04 3.97740761e-04 1.16900349e-04 2.74667310e-03 4.05836292e-03 2.07841708e-04 6.04424223e-05 4.00300662e-05 1.09615918e-04 3.01200111e-05 5.04138705e-05 1.08089044e-04 6.66678825e-05 1.21379300e-04 1.47837279e-04 9.01436267e-05 6.61474228e-05 4.66147358e-06 8.69890137e-06 5.88304210e-06 2.28129363e-05 4.78780712e-06 1.55072145e-05 3.98390127e-05 3.55312397e-05 1.23529666e-05 4.23711295e-05 3.40536470e-05 1.34399364e-05 3.98195251e-05 4.66851208e-05 9.16335484e-06 3.63644096e-05 8.24511899e-05 2.31689541e-05 1.97774743e-04 3.55734933e-04 1.42293973e-05 1.21497280e-04 1.35562819e-05 2.70683231e-05 2.38153496e-04 4.17363693e-04 7.09400852e-05 1.69152361e-04 2.95181890e-05 8.52354988e-06 1.76562635e-05 8.56685710e-06 2.68132274e-07 5.60134001e-09 3.34566908e-10
 1995 06 15 12 00 00  3.54880844e-03 2.15240361e-03 1.17931493e-03 8.33373154e-04 5.88611020e-04 3.38129755e-04 2.37446229e-04 1.94994118e-04 3.92289432e-04 1.14983557e-04 2.70310460e-03 3.98399234e-03 2.05285702e-04 5.95369865e-05 3.96026431e-05 1.07873674e-04 2.96862010e-05 4.93062427e-05 1.06132343e-04 6.54493517e-05 1.19073242e-04 1.44895755e-04 8.88456480e-05 6.54621678e-05 4.63044344e-06 8.65956099e-06 5.87067843e-06 2.26321325e-05 4.76058376e-06 1.53711574e-05 3.91511586e-05 3.53520183e-05 1.19946635e-05 4.16559604e-05 3.24601628e-05 1.33806854e-05 3.84862095e-05 4.49451236e-05 9.13063341e-06 3.52047439e-05 7.86115181e-05 2.21371098e-05 1.90985706e-04 3.41069222e-04 1.36427689e-05 1.12261125e-04 1.11733862e-05 2.50675046e-05 2.24004107e-04 4.02447787e-04 6.72876872e-05 1.60684639e-04 2.77712060e-05 7.88869224e-06 1.61919036e-05 7.59512304e-06 2.24698584e-07 3.37118795e-09 1.33258737e-10
 1995 06 16 12 00 00  3.53159048e-03 2.14167167e-03 1.17246844e-03 8.28046490e-04 5.83765583e-04 3.35922287e-04 2.35287943e-04 1.92629459e-04 3.86125815e-04 1.13459061e-04 2.65361482e-03 3.88837121e-03 2.02906918e-04 5.90433810e-05 3.92599296e-05 1.06035151e-04 2.91245582e-05 4.78773785e-05 1.04950988e-04 6.50054426e-05 1.16104562e-04 1.41107622e-04 8.72780231e-05 6.47919360e-05 4.59030307e-06 8.61702356e-06 5.85476191e-06 2.24429446e-05 4.75073393e-06 1.52447825e-05 3.84193576e-05 3.51202354e-05 1.15305593e-05 4.09145452e-05 3.18831939e-05 1.33044639e-05 3.70838379e-05 4.29623612e-05 9.09525115e-06 3.42273398e-05 7.43749245e-05 2.17617766e-05 1.83163941e-04 3.35756967e-04 1.34302787e-05 1.04398657e-04 8.09667399e-06 2.43400573e-05 2.10868965e-04 3.89063295e-04 6.49736284e-05 1.50400465e-04 2.58940859e-05 7.20651531e-06 1.46182657e-05 6.54932250e-06 1.77841564e-07 1.10214149e-09 1.00000000e-10
 1995 06 17 12 00 00  3.52102682e-03 2.13364842e-03 1.16748236e-03 8.24457515e-04 5.80648764e-04 3.34685367e-04 2.33998055e-04 1.91181622e-04 3.82348872e-04 1.12225890e-04 2.62338043e-03 3.83524671e-03 2.01211929e-04 5.84954079e-05 3.89850818e-05 1.04843371e-04 2.88083829e-05 4.70784842e-05 1.03751649e-04 6.43009320e-05 1.14449801e-04 1.38996498e-04 8.63619819e-05 6.43355585e-05 4.56774142e-06 8.59661886e-06 5.84589870e-06 2.23188504e-05 4.73494147e-06 1.51536069e-05 3.79436146e-05 3.49900074e-05 1.12690585e-05 4.04312438e-05 3.09591094e-05 1.32620713e-05 3.61709190e-05 4.17481507e-05 9.07827707e-06 3.34800203e-05 7.17130013e-05 2.11647624e-05 1.78444478e-04 3.27253813e-04 1.30901525e-05 9.83517822e-05 6.37350022e-06 2.31821192e-05 2.01424146e-04 3.79201624e-04 6.27062660e-05 1.44593805e-04 2.50015332e-05 6.88212879e-06 1.38698859e-05 6.05092504e-06 1.55435161e-07 3.26578942e-10 1.00000000e-10
 1995 06 18 12 00 00  3.51874834e-03 2.13453024e-03 1.16783507e-03 8.24248127e-04 5.80211264e-04 3.34198728e-04 2.33653530e-04 1.90859498e-04 3.81523636e-04 1.12499144e-04 2.61657947e-03 3.81399468e-03 2.01273305e-04 5.88225269e-05 3.90436785e-05 1.04690859e-04 2.86761875e-05 4.67519014e-05 1.04357270e-04 6.49344758e-05 1.13781504e-04 1.38142953e-04 8.60764944e-05 6.43202230e-05 4.55835579e-06 8.58979256e-06 5.84232330e-06 2.23033759e-05 4.74915796e-06 1.51562399e-05 3.78752104e-05 3.49359150e-05 1.11594054e-05 4.03787645e-05 3.17908765e-05 1.32450543e-05 3.60568336e-05 4.14657205e-05 9.07259600e-06 3.35919746e-05 7.12087047e-05 2.17017572e-05 1.77254591e-04 3.34906978e-04 1.33962791e-05 9.91853949e-05 5.66508024e-06 2.42237220e-05 2.01733376e-04 3.79929130e-04 6.37363653e-05 1.42563851e-04 2.47192830e-05 6.77951066e-06 1.36329535e-05 5.89095731e-06 1.48085686e-07 6.48384457e-11 1.00000000e-10
 1995 06 19 12 00 00  3.52058291e-03 2.13561276e-03 1.16853235e-03 8.24787925e-04 5.80700509e-04 3.34434312e-04 2.33881781e-04 1.91107847e-04 3.82177911e-04 1.12647593e-04 2.62182279e-03 3.82461399e-03 2.01515720e-04 5.88635913e-05 3.90775323e-05 1.04875304e-04 2.87284493e-05 4.68982325e-05 1.04460331e-04 6.49621186e-05 1.14099216e-04 1.38547730e-04 8.62420579e-05 6.44027540e-05 4.56217822e-06 8.61751832e-06 5.84403861e-06 2.23219446e-05 4.74974331e-06 1.51673284e-05 3.79428547e-05 3.49581183e-05 1.12020207e-05 4.04668755e-05 3.18253238e-05 1.32534115e-05 3.61970014e-05 4.16662062e-05 9.09566224e-06 3.37156778e-05 7.16274187e-05 2.17248991e-05 1.78160323e-04 3.35225061e-04 1.34090024e-05 9.99220390e-05 5.97301587e-06 2.42684240e-05 2.02947423e-04 3.81231777e-04 6.39287734e-05 1.44304927e-04 2.59139873e-05 7.21375195e-06 1.46349799e-05 6.56067843e-06 1.78368290e-07 1.12112861e-09 1.00000000e-10
 1995 06 20 12 00 00  3.52094721e-03 2.13643043e-03 1.16900089e-03 8.25014558e-04 5.80835887e-04 3.34427153e-04 2.33909420e-04 1.91151973e-04 3.82303036e-04 1.12800353e-04 2.62277357e-03 3.82460915e-03 2.01661318e-04 5.89730286e-05 3.91113295e-05 1.04929428e-04 2.87177681e-05 4.68851358e-05 1.04675913e-04 6.51469280e-05 1.14086277e-04 1.38530746e-04 8.62522448e-05 6.44406842e-05 4.56150519e-06 8.62912566e-06 5.84398367e-06 2.23266738e-05 4.75388915e-06 1.51733594e-05 3.79575038e-05 3.49543756e-05 1.11925947e-05 4.04977126e-05 3.20679072e-05 1.32532950e-05 3.62378958e-05 4.16929365e-05 9.10531817e-06 3.38088634e-05 7.17039852e-05 2.18815374e-05 1.78300167e-04 3.37457168e-04 1.34982867e-05 1.00518626e-04 5.93729310e-06 2.45722476e-05 2.03635835e-04 3.82077025e-04 6.43023391e-05 1.44614979e-04 2.64258000e-05 7.39975458e-06 1.50640532e-05 6.84588942e-06 1.91151481e-07 1.64418106e-09 1.00000000e-10
 1995 06 21 12 00 00  3.51954461e-03 2.13635353e-03 1.16888006e-03 8.24742723e-04 5.80497544e-04 3.34176567e-04 2.33711038e-04 1.90953717e-04 3.81796209e-04 1.12839840e-04 2.61863040e-03 3.81398052e-03 2.01597349e-04 5.90685533e-05 3.91196477e-05 1.04805134e-04 2.86455994e-05 4.67144098e-05 1.04843883e-04 6.53505209e-05 1.13744738e-04 1.38094329e-04 8.60950305e-05 6.44179514e-05 4.55643094e-06 8.63757014e-06 5.84216432e-06 2.23134196e-05 4.75842389e-06 1.51684911e-05 3.79007342e-05 3.49252048e-05 1.11324116e-05 4.04581442e-05 3.23334098e-05 1.32447210e-05 3.61428672e-05 4.15164456e-05 9.11234092e-06 3.38261622e-05 7.13565009e-05 2.20538175e-05 1.77637278e-04 3.39901173e-04 1.35960469e-05 1.00489828e-04 5.56278937e-06 2.49062432e-05 2.03186231e-04 3.81803838e-04 6.45655148e-05 1.43873177e-04 2.68053477e-05 7.53767263e-06 1.53821242e-05 7.05635779e-06 2.00515217e-07 2.12162576e-09 2.02610262e-11
 1995 06 22 12 00 00  3.51842025e-03 2.13406029e-03 1.16756388e-03 8.24031339e-04 5.80009456e-04 3.34160128e-04 2.33606207e-04 1.90800222e-04 3.81396632e-04 1.12409719e-04 2.61552144e-03 3.81397605e-03 2.01180324e-04 5.87633792e-05 3.90255353e-05 1.04609406e-04 2.86358903e-05 4.67025064e-05 1.04236335e-04 6.48409885e-05 1.13732490e-04 1.38078894e-04 8.60415837e-05 6.43292079e-05 4.55581976e-06 8.65041002e-06 5.84211448e-06 2.22913459e-05 4.74696681e-06 1.51441823e-05 3.78189341e-05 3.49218055e-05 1.11238434e-05 4.03819685e-05 3.16632475e-05 1.32446148e-05 3.59893571e-05 4.13837214e-05 9.12301912e-06 3.36088783e-05 7.09945308e-05 2.16217450e-05 1.77237463e-04 3.33735639e-04 1.33494255e-05 9.85943490e-05 5.53031750e-06 2.40680281e-05 2.00724694e-04 3.79063961e-04 6.34635999e-05 1.44011383e-04 2.73837841e-05 7.74785863e-06 1.58668465e-05 7.37693418e-06 2.14765486e-07 2.84728698e-09 8.56070215e-11
 1995 06 23 12 00 00  3.51962336e-03 2.13661281e-03 1.16902826e-03 8.24788221e-04 5.80502625e-04 3.34160912e-04 2.33710137e-04 1.90957398e-04 3.81819288e-04 1.12887893e-04 2.61877394e-03 3.81397232e-03 2.01640913e-04 5.91050576e-05 3.91309464e-05 1.04806892e-04 2.86276336e-05 4.66923928e-05 1.04915255e-04 6.54140196e-05 1.13722196e-04 1.38065784e-04 8.60891673e-05 6.44194398e-05 4.55529989e-06 8.63391542e-06 5.84207155e-06 2.23101718e-05 4.75979505e-06 1.51677310e-05 3.78892708e-05 3.49189184e-05 1.11165609e-05 4.04574772e-05 3.24139721e-05 1.32445261e-05 3.61390527e-05 4.15026736e-05 9.10929084e-06 3.38409047e-05 7.13250788e-05 2.21071983e-05 1.77556538e-04 3.40644082e-04 1.36257633e-05 1.00583333e-04 5.50272343e-06 2.50095007e-05 2.03215182e-04 3.81868458e-04 6.46677320e-05 1.43604733e-04 2.67105675e-05 7.50307495e-06 1.53015697e-05 6.99405318e-06 1.97086869e-07 1.89617255e-09 1.00000000e-10
 1995 06 24 12 00 00  3.52108895e-03 2.13690860e-03 1.16927504e-03 8.25098047e-04 5.80844405e-04 3.34396196e-04 2.33907149e-04 1.91158677e-04 3.82346210e-04 1.12889522e-04 2.62302497e-03 3.82459275e-03 2.01742752e-04 5.90436197e-05 3.91331233e-05 1.04932136e-04 2.86823255e-05 4.68416954e-05 1.04819025e-04 6.52691291e-05 1.14041670e-04 1.38474411e-04 8.62401012e-05 6.44390165e-05 4.55927475e-06 8.61745139e-06 5.84379923e-06 2.23198229e-05 4.75641136e-06 1.51716469e-05 3.79325936e-05 3.49419715e-05 1.11613175e-05 4.04930349e-05 3.22168053e-05 1.32529109e-05 3.62277729e-05 4.16642609e-05 9.09558803e-06 3.38292349e-05 7.16383594e-05 2.19832917e-05 1.78112514e-04 3.38834272e-04 1.35533709e-05 1.00678077e-04 5.81877284e-06 2.47684628e-05 2.03673875e-04 3.82167506e-04 6.44977769e-05 1.43935547e-04 2.60373066e-05 7.25827790e-06 1.47362763e-05 6.61133874e-06 1.79428573e-07 1.10114957e-09 1.00000000e-10
 1995 06 25 12 00 00  3.51943817e-03 2.13628495e-03 1.16884085e-03 8.24671390e-04 5.80410843e-04 3.34148749e-04 2.33689086e-04 1.90929632e-04 3.81753629e-04 1.12826805e-04 2.61822690e-03 3.81396674e-03 2.01581091e-04 5.90661653e-05 3.91189070e-05 1.04769734e-04 2.86155002e-05 4.66775149e-05 1.04843067e-04 6.53497176e-05 1.13706383e-04 1.38046492e-04 8.60749522e-05 6.43860704e-05 4.55453628e-06 8.61214721e-06 5.84200861e-06 2.23024894e-05 4.75818051e-06 1.51624146e-05 3.78638982e-05 3.49146692e-05 1.11058507e-05 4.04285302e-05 3.23205430e-05 1.32443936e-05 3.61028004e-05 4.14668950e-05 9.09117152e-06 3.37758830e-05 7.12323331e-05 2.20512695e-05 1.77314749e-04 3.39789997e-04 1.35915999e-05 1.00235180e-04 5.46213778e-06 2.49001110e-05 2.02740443e-04 3.81288588e-04 6.45090715e-05 1.42792275e-04 2.58416859e-05 7.18709748e-06 1.45716481e-05 6.49686522e-06 1.73931797e-07 8.94571528e-10 1.00000000e-10
 1995 06 26 12 00 00  3.51732381e-03 2.13467763e-03 1.16784312e-03 8.23954827e-04 5.79789582e-04 3.33900344e-04 2.33431248e-04 1.90640789e-04 3.81000038e-04 1.12580314e-04 2.61217719e-03 3.80334109e-03 2.01243065e-04 5.89596410e-05 3.90648211e-05 1.04532032e-04 2.85510992e-05 4.65163117e-05 1.04614910e-04 6.52133604e-05 1.13374060e-04 1.37622413e-04 8.58910869e-05 6.42968873e-05 4.54995061e-06 8.61144363e-06 5.84022964e-06 2.22776837e-05 4.75499510e-06 1.51440653e-05 3.77663017e-05 3.48882168e-05 1.10525223e-05 4.03340216e-05 3.21349653e-05 1.32359026e-05 3.59191066e-05 4.12228478e-05 9.09058217e-06 3.36311078e-05 7.06972106e-05 2.19346592e-05 1.76380702e-04 3.38086438e-04 1.35234575e-05 9.90239414e-05 5.11360522e-06 2.46732583e-05 2.00849831e-04 3.79327562e-04 6.40634922e-05 1.41749086e-04 2.58391693e-05 7.18611752e-06 1.45690671e-05 6.49138690e-06 1.73413062e-07 8.63931326e-10 1.00000000e-10
 1995 06 27 12 00 00  3.51840780e-03 2.13415200e-03 1.16761827e-03 8.24024012e-04 5.79976987e-04 3.34137827e-04 2.33596125e-04 1.90792593e-04 3.81392342e-04 1.12427818e-04 2.61540453e-03 3.81396487e-03 2.01196385e-04 5.87863821e-05 3.90325243e-05 1.04595580e-04 2.86111288e-05 4.66721569e-05 1.04294236e-04 6.48809364e-05 1.13701080e-04 1.38039541e-04 8.60283267e-05 6.43124281e-05 4.55426089e-06 8.63379173e-06 5.84198569e-06 2.22841783e-05 4.74748085e-06 1.51408372e-05 3.77914958e-05 3.49131442e-05 1.11019930e-05 4.03664170e-05 3.16956692e-05 1.32443456e-05 3.59661320e-05 4.13516543e-05 9.10917297e-06 3.35894499e-05 7.09165922e-05 2.16524451e-05 1.77020537e-04 3.34046199e-04 1.33618480e-05 9.85151135e-05 5.44752074e-06 2.41255635e-05 2.00534387e-04 3.78853857e-04 6.35041439e-05 1.43298592e-04 2.68096860e-05 7.53885543e-06 1.53829348e-05 7.03432999e-06 1.97889668e-07 1.86079232e-09 1.00000000e-10
 1995 06 28 12 00 00  3.52257310e-03 2.14004557e-03 1.17107745e-03 8.26038323e-04 5.81464229e-04 3.34396822e-04 2.34037267e-04 1.91356043e-04 3.82874536e-04 1.13478945e-04 2.62705207e-03 3.82458866e-03 2.02313121e-04 5.94723355e-05 3.92652151e-05 1.05179864e-04 2.86716473e-05 4.68286074e-05 1.05686454e-04 6.59861893e-05 1.14030273e-04 1.38457446e-04 8.62985821e-05 6.46033744e-05 4.55860209e-06 8.67166382e-06 5.84374429e-06 2.23480764e-05 4.77213071e-06 1.52008228e-05 3.80175091e-05 3.49382346e-05 1.11518952e-05 4.06323764e-05 3.31388030e-05 1.32527945e-05 3.64189035e-05 4.18147604e-05 9.14068369e-06 3.42140330e-05 7.20540416e-05 2.25880081e-05 1.78881122e-04 3.47329501e-04 1.38931800e-05 1.03182392e-04 5.78306572e-06 2.59394699e-05 2.06770728e-04 3.85886797e-04 6.60048393e-05 1.45814850e-04 2.84255194e-05 8.12620383e-06 1.67384442e-05 7.94247935e-06 2.39110092e-07 4.02558893e-09 1.90103044e-10
 1995 06 29 12 00 00  3.53049407e-03 2.14539365e-03 1.17445228e-03 8.28574791e-04 5.83725953e-04 3.35376453e-04 2.35019061e-04 1.92441684e-04 3.85708340e-04 1.14264929e-04 2.64976763e-03 3.86708491e-03 2.03474730e-04 5.97699997e-05 3.94416760e-05 1.06040246e-04 2.89175950e-05 4.74591536e-05 1.06368421e-04 6.63148647e-05 1.15346033e-04 1.40135229e-04 8.70049881e-05 6.49469621e-05 4.57621172e-06 8.72357923e-06 5.85079906e-06 2.24383181e-05 4.77941867e-06 1.52620200e-05 3.83575890e-05 3.50399670e-05 1.13549249e-05 4.10003887e-05 3.35657242e-05 1.32866320e-05 3.70779448e-05 4.27221723e-05 9.18388250e-06 3.47480216e-05 7.40087569e-05 2.28658668e-05 1.82606382e-04 3.51260465e-04 1.40504186e-05 1.07141424e-04 7.13822374e-06 2.64779694e-05 2.13152689e-04 3.92564088e-04 6.73062013e-05 1.51386895e-04 3.06139395e-05 8.92174853e-06 1.85747479e-05 9.17636967e-06 2.95376853e-07 7.00033027e-09 4.60851268e-10
 1995 06 30 12 00 00  3.53958056e-03 2.15037695e-03 1.17769388e-03 8.31230679e-04 5.86209993e-04 3.36596287e-04 2.36173553e-04 1.93689963e-04 3.88962034e-04 1.14928169e-04 2.67593844e-03 3.92020606e-03 2.04618094e-04 5.99133635e-05 3.95917271e-05 1.06978324e-04 2.92260083e-05 4.82485455e-05 1.06763228e-04 6.63430314e-05 1.16990433e-04 1.42234014e-04 8.78533904e-05 6.52730009e-05 4.59828443e-06 8.74120960e-06 5.85962262e-06 2.25333749e-05 4.78000075e-06 1.53219290e-05 3.87296372e-05 3.51674738e-05 1.16095733e-05 4.13727287e-05 3.36000958e-05 1.33289373e-05 3.77908744e-05 4.37671671e-05 9.19855302e-06 3.51826383e-05 7.62085152e-05 2.28893303e-05 1.86726188e-04 3.51578279e-04 1.40631312e-05 1.10695016e-04 8.83543107e-06 2.65232171e-05 2.19403557e-04 3.98796156e-04 6.81203351e-05 1.56753162e-04 3.13470282e-05 9.18826872e-06 1.91900565e-05 9.59121514e-06 3.14394309e-07 8.01328497e-09 5.53236301e-10
 1995 07 01 12 00 00  3.54891745e-03 2.15587309e-03 1.18123014e-03 8.34045630e-04 5.88803065e-04 3.37819153e-04 2.37351319e-04 1.94972586e-04 3.92305355e-04 1.15687788e-04 2.70280066e-03 3.97332758e-03 2.05855096e-04 6.01260816e-05 3.97631457e-05 1.07960063e-04 2.95358710e-05 4.90397040e-05 1.07297797e-04 6.64868625e-05 1.18636594e-04 1.44335090e-04 8.87133308e-05 6.56168569e-05 4.62044882e-06 8.75333862e-06 5.86845381e-06 2.26330347e-05 4.78314287e-06 1.53871814e-05 3.91187472e-05 3.52954899e-05 1.18655029e-05 4.17604536e-05 3.37844365e-05 1.33712601e-05 3.85370643e-05 4.48407868e-05 9.20864477e-06 3.56625171e-05 7.84867973e-05 2.30105332e-05 1.90917672e-04 3.53277159e-04 1.41310864e-05 1.14667951e-04 1.05374893e-05 2.67578638e-05 2.26200587e-04 4.05629818e-04 6.91833344e-05 1.62012184e-04 3.18584211e-05 9.37417221e-06 1.96191636e-05 9.87953101e-06 3.27540440e-07 8.70819470e-09 6.16481444e-10
 1995 07 02 12 00 00  3.55999658e-03 2.16499541e-03 1.18684651e-03 8.37958193e-04 5.92128999e-04 3.39055638e-04 2.38685207e-04 1.96487177e-04 3.96262658e-04 1.17126702e-04 2.73442412e-03 4.02645022e-03 2.07747930e-04 6.08206259e-05 4.00832261e-05 1.09235594e-04 2.98476720e-05 4.98332432e-05 1.08786981e-04 6.74374460e-05 1.20285122e-04 1.46439261e-04 8.96493230e-05 6.60902490e-05 4.64273544e-06 8.73690660e-06 5.87729483e-06 2.27630210e-05 4.80446579e-06 1.54883224e-05 3.96232159e-05 3.54241842e-05 1.21231460e-05 4.22576881e-05 3.50320304e-05 1.34136033e-05 3.95104151e-05 4.61033660e-05 9.19497325e-06 3.64699225e-05 8.12848240e-05 2.38161898e-05 1.95618385e-04 3.64756695e-04 1.45902678e-05 1.21545326e-04 1.22460478e-05 2.83205503e-05 2.36703941e-04 4.16591552e-04 7.19661916e-05 1.66668064e-04 3.11569629e-05 9.11919633e-06 1.90307238e-05 9.48534710e-06 3.09652441e-07 7.76905047e-09 5.31170397e-10
 1995 07 03 12 00 00  3.56892925e-03 2.16963048e-03 1.18988784e-03 8.40516757e-04 5.94554428e-04 3.40279647e-04 2.39827995e-04 1.97716268e-04 3.99461847e-04 1.17724424e-04 2.76019405e-03 4.07957435e-03 2.08828272e-04 6.09147633e-05 4.02181221e-05 1.10150397e-04 3.01619119e-05 5.06297627e-05 1.09080510e-04 6.73829112e-05 1.21936393e-04 1.48547303e-04 9.04940865e-05 6.63940475e-05 4.66517486e-06 8.74024918e-06 5.88614821e-06 2.28557151e-05 4.80329145e-06 1.55458027e-05 3.99910484e-05 3.55537282e-05 1.23829333e-05 4.26114161e-05 3.49629961e-05 1.34559727e-05 4.02063834e-05 4.71380539e-05 9.19775557e-06 3.68528350e-05 8.34546783e-05 2.37703760e-05 1.99638420e-04 3.64119948e-04 1.45647979e-05 1.24842820e-04 1.39627329e-05 2.82319379e-05 2.42666070e-04 4.22438338e-04 7.26148108e-05 1.71638100e-04 3.12961952e-05 9.16981444e-06 1.91475804e-05 9.56409965e-06 3.13260196e-07 7.96103361e-09 5.48675372e-10
 1995 07 04 12 00 00  3.57178386e-03 2.16716276e-03 1.18870068e-03 8.40472338e-04 5.94962437e-04 3.41001569e-04 2.40291666e-04 1.98121423e-04 4.00497250e-04 1.17099185e-04 2.76883371e-03 4.11145091e-03 2.08526533e-04 6.02687182e-05 4.00823702e-05 1.10279793e-04 3.03555978e-05 5.11139864e-05 1.07857924e-04 6.61738217e-05 1.22933701e-04 1.49820300e-04 9.08956698e-05 6.63915941e-05 4.67896280e-06 8.78310966e-06 5.89148694e-06 2.28695464e-05 4.77626163e-06 1.55296457e-05 4.00549507e-05 3.56332544e-05 1.25433449e-05 4.26675419e-05 3.33809294e-05 1.34814516e-05 4.03039005e-05 4.74966630e-05 9.23341504e-06 3.66103273e-05 8.40321928e-05 2.27463795e-05 2.01358184e-04 3.49559906e-04 1.39823963e-05 1.22660126e-04 1.50099455e-05 2.62462388e-05 2.40961615e-04 4.20048074e-04 7.05102819e-05 1.75583148e-04 3.31299691e-05 9.83637128e-06 2.06858329e-05 1.05939835e-05 3.59955909e-07 1.04095857e-08 7.71022091e-10
 1995 07 05 12 00 00  3.57686197e-03 2.17211151e-03 1.19169355e-03 8.42447612e-04 5.96579468e-04 3.41508642e-04 2.40887124e-04 1.98817028e-04 4.02311257e-04 1.17918763e-04 2.78328511e-03 4.13270406e-03 2.09520976e-04 6.07197175e-05 4.02637897e-05 1.10904972e-04 3.04892514e-05 5.14423533e-05 1.08799704e-04 6.68426335e-05 1.23604640e-04 1.50676167e-04 9.13025227e-05 6.66406364e-05 4.68843937e-06 8.78005885e-06 5.89507035e-06 2.29357988e-05 4.79126720e-06 1.55845337e-05 4.03069473e-05 3.56878591e-05 1.26542873e-05 4.29178960e-05 3.42589017e-05 1.34984861e-05 4.07851675e-05 4.80827406e-05 9.23087136e-06 3.70726241e-05 8.53709149e-05 2.33132538e-05 2.03540419e-04 3.57638279e-04 1.43055312e-05 1.26515159e-04 1.57232425e-05 2.73457903e-05 2.46605869e-04 4.26067521e-04 7.22538545e-05 1.77789368e-04 3.30349401e-05 9.80174486e-06 2.06055125e-05 1.05353804e-05 3.56950825e-07 1.02256642e-08 7.53649676e-10
 1995 07 06 12 00 00  3.57892984e-03 2.17356666e-03 1.19260602e-03 8.43141101e-04 5.97202496e-04 3.41764691e-04 2.41146008e-04 1.99105306e-04 4.03055197e-04 1.18138127e-04 2.78925348e-03 4.14333418e-03 2.09835877e-04 6.08104944e-05 4.03128907e-05 1.11143234e-04 3.05623922e-05 5.16142754e-05 1.09006581e-04 6.69502188e-05 1.23948117e-04 1.51114148e-04 9.14889187e-05 6.67332293e-05 4.69357510e-06 8.78935971e-06 5.89689407e-06 2.29626653e-05 4.79362534e-06 1.56032079e-05 4.04075133e-05 3.57173703e-05 1.27153282e-05 4.30170778e-05 3.43971944e-05 1.35070703e-05 4.09697709e-05 4.83333454e-05 9.23861153e-06 3.72180882e-05 8.59211535e-05 2.34039791e-05 2.04544130e-04 3.58912534e-04 1.43565014e-05 1.27673370e-04 1.61010088e-05 2.75214697e-05 2.48483017e-04 4.28018674e-04 7.26548102e-05 1.79211178e-04 3.34163290e-05 9.94041447e-06 2.09257205e-05 1.07520140e-05 3.66935311e-07 1.07614923e-08 8.02619571e-10
 1995 07 07 12 00 00  3.58086455e-03 2.17474696e-03 1.19336018e-03 8.43749206e-04 5.97766995e-04 3.42019792e-04 2.41392547e-04 1.99375074e-04 4.03750642e-04 1.18305599e-04 2.79485425e-03 4.15396318e-03 2.10100109e-04 6.08627965e-05 4.03501590e-05 1.11358133e-04 3.06355359e-05 5.17861976e-05 1.09133774e-04 6.69937988e-05 1.24291225e-04 1.51552112e-04 9.16695637e-05 6.68058335e-05 4.69871120e-06 8.78665232e-06 5.89871815e-06 2.29862576e-05 4.79461451e-06 1.56191139e-05 4.04997734e-05 3.57468816e-05 1.27763691e-05 4.30990631e-05 3.44550179e-05 1.35156573e-05 4.11358378e-05 4.85688252e-05 9.23636326e-06 3.73197125e-05 8.64302051e-05 2.34410123e-05 2.05437826e-04 3.59444239e-04 1.43777695e-05 1.28599830e-04 1.64787620e-05 2.75933649e-05 2.50071524e-04 4.29604041e-04 7.29193829e-05 1.80225489e-04 3.32766444e-05 9.88969746e-06 2.08089531e-05 1.06770780e-05 3.63771350e-07 1.06132752e-08 7.89610954e-10
 1995 07 08 12 00 00  3.57955627e-03 2.17476600e-03 1.19329516e-03 8.43541512e-04 5.97498362e-04 3.41786929e-04 2.41211054e-04 1.99196708e-04 4.03282375e-04 1.18363715e-04 2.79104493e-03 4.14334238e-03 2.10057242e-04 6.09694889e-05 4.03618714e-05 1.11262039e-04 3.05822963e-05 5.16386703e-05 1.09325869e-04 6.72134862e-05 1.23973528e-04 1.51145777e-04 9.15261667e-05 6.67974097e-05 4.69482839e-06 8.79982763e-06 5.89699739e-06 2.29797304e-05 4.79955233e-06 1.56186865e-05 4.04665264e-05 3.57243378e-05 1.27328938e-05 4.30736818e-05 3.47438734e-05 1.35072871e-05 4.10681348e-05 4.84260710e-05 9.24733104e-06 3.73599008e-05 8.61686628e-05 2.36272899e-05 2.04929983e-04 3.62101732e-04 1.44840693e-05 1.28770398e-04 1.61675634e-05 2.79547297e-05 2.49968985e-04 4.29695606e-04 7.32515085e-05 1.79828306e-04 3.38016344e-05 1.00806177e-05 2.12499983e-05 1.09776318e-05 3.77778281e-07 1.13764855e-08 8.59648175e-10
 1995 07 09 12 00 00  3.57533394e-03 2.17152551e-03 1.19128238e-03 8.42107951e-04 5.96261981e-04 3.41299244e-04 2.40698288e-04 1.98619996e-04 4.01772892e-04 1.17864368e-04 2.77898668e-03 4.12209630e-03 2.09373907e-04 6.07429703e-05 4.02497009e-05 1.10789715e-04 3.04636924e-05 5.13287552e-05 1.08827996e-04 6.69188914e-05 1.23321239e-04 1.50313827e-04 9.11639271e-05 6.66100118e-05 4.68629914e-06 8.78314313e-06 5.89349220e-06 2.29314583e-05 4.79306073e-06 1.55832686e-05 4.02843652e-05 3.56750039e-05 1.26352330e-05 4.28768072e-05 3.43633263e-05 1.34904170e-05 4.07087577e-05 4.79497935e-05 9.23345942e-06 3.70485339e-05 8.51271731e-05 2.33785744e-05 2.03040684e-04 3.58596511e-04 1.43438605e-05 1.26366347e-04 1.55045956e-05 2.74729246e-05 2.46250681e-04 4.25772468e-04 7.23315123e-05 1.77270360e-04 3.30033381e-05 9.79064639e-06 2.05817905e-05 1.05417338e-05 3.58841604e-07 1.04461449e-08 7.76761766e-10
 1995 07 10 12 00 00  3.57130356e-03 2.16871369e-03 1.18951530e-03 8.40794008e-04 5.95097688e-04 3.40808052e-04 2.40200277e-04 1.98066744e-04 4.00329603e-04 1.17445156e-04 2.76743071e-03 4.10084724e-03 2.08767068e-04 6.05740567e-05 4.01553135e-05 1.10346212e-04 3.03397479e-05 5.10122860e-05 1.08443793e-04 6.67214859e-05 1.22661554e-04 1.49473393e-04 9.08072037e-05 6.64164195e-05 4.67743339e-06 8.73655808e-06 5.88996008e-06 2.28833980e-05 4.78873917e-06 1.55510697e-05 4.01089579e-05 3.56237986e-05 1.25328617e-05 4.26742534e-05 3.41098494e-05 1.34734873e-05 4.03673006e-05 4.74861121e-05 9.19472150e-06 3.67382861e-05 8.41235244e-05 2.32121471e-05 2.01043449e-04 3.56260750e-04 1.42504300e-05 1.24253022e-04 1.48237712e-05 2.71506811e-05 2.42897929e-04 4.22182673e-04 7.16084880e-05 1.73692234e-04 3.08712264e-05 9.01597659e-06 1.87956476e-05 9.36478104e-06 3.06839766e-07 7.82247920e-09 5.41140199e-10
 1995 07 11 12 00 00  3.56339879e-03 2.16343738e-03 1.18618156e-03 8.38266451e-04 5.92832033e-04 3.39821968e-04 2.39216814e-04 1.96980688e-04 3.97499961e-04 1.16672499e-04 2.74473136e-03 4.05834764e-03 2.07617312e-04 6.02871673e-05 3.99821840e-05 1.09484123e-04 3.00865126e-05 5.03728050e-05 1.07783730e-04 6.64117280e-05 1.21337339e-04 1.47784029e-04 9.00977470e-05 6.60913101e-05 4.65936500e-06 8.71186276e-06 5.88286784e-06 2.27934141e-05 4.78183865e-06 1.54892529e-05 3.97638522e-05 3.55195138e-05 1.23234029e-05 4.23215289e-05 3.37057834e-05 1.34395712e-05 3.97075447e-05 4.65728197e-05 9.17419893e-06 3.62424788e-05 8.21539869e-05 2.29500089e-05 1.97426785e-04 3.52541303e-04 1.41016521e-05 1.20324127e-04 1.34442496e-05 2.66424788e-05 2.36495864e-04 4.15576984e-04 7.03340832e-05 1.68753975e-04 2.96520876e-05 8.57321893e-06 1.77757491e-05 8.70404745e-06 2.78474782e-07 6.45573710e-09 4.20102353e-10
 1995 07 12 12 00 00  3.55538786e-03 2.15796104e-03 1.18273271e-03 8.35670458e-04 5.90514716e-04 3.38831647e-04 2.38221981e-04 1.95878733e-04 3.94631267e-04 1.15862100e-04 2.72172505e-03 4.01584618e-03 2.06430272e-04 5.99733328e-05 3.98007671e-05 1.08601304e-04 2.98293948e-05 4.97285626e-05 1.07068648e-04 6.60575344e-05 1.20008094e-04 1.46088498e-04 8.93817114e-05 6.57527271e-05 4.64105324e-06 8.68168863e-06 5.87575560e-06 2.27001544e-05 4.77395370e-06 1.54247326e-05 3.94083631e-05 3.54138727e-05 1.21105193e-05 4.19568478e-05 3.32440773e-05 1.34056128e-05 3.90303867e-05 4.56429631e-05 9.14911288e-06 3.57180097e-05 8.01404638e-05 2.26503107e-05 1.93723248e-04 3.48291069e-04 1.39316428e-05 1.16205562e-04 1.20517536e-05 2.60614906e-05 2.29836198e-04 4.08671038e-04 6.89579339e-05 1.63603235e-04 2.82301746e-05 8.05667996e-06 1.65852156e-05 7.92477183e-06 2.44425102e-07 4.76745026e-09 2.69268163e-10
 1995 07 13 12 00 00  3.55316304e-03 2.15618901e-03 1.18163836e-03 8.34877489e-04 5.89822575e-04 3.38572793e-04 2.37948198e-04 1.95568797e-04 3.93831376e-04 1.15583277e-04 2.71532065e-03 4.00521606e-03 2.06057612e-04 5.98403882e-05 3.97386652e-05 1.08335328e-04 2.97543185e-05 4.95542714e-05 1.06777480e-04 6.58796285e-05 1.19661573e-04 1.45647453e-04 8.91875567e-05 6.56305730e-05 4.63579490e-06 8.65129186e-06 5.87392060e-06 2.26685541e-05 4.77001558e-06 1.54025875e-05 3.92951521e-05 3.53836833e-05 1.20477664e-05 4.18326549e-05 3.30133393e-05 1.33970054e-05 3.88214811e-05 4.53719146e-05 9.12383621e-06 3.55111247e-05 7.95356844e-05 2.24999720e-05 1.92544890e-04 3.46166288e-04 1.38466515e-05 1.14766120e-04 1.16675132e-05 2.57701584e-05 2.27610826e-04 4.06258290e-04 6.84038239e-05 1.61386663e-04 2.68395402e-05 7.55141382e-06 1.54202257e-05 7.15704479e-06 2.10498881e-07 3.05534016e-09 1.15498899e-10
 1995 07 14 12 00 00  3.54933199e-03 2.15387630e-03 1.18015645e-03 8.33684044e-04 5.88715443e-04 3.38069350e-04 2.37460787e-04 1.95035437e-04 3.92452650e-04 1.15256706e-04 2.70424440e-03 3.98396030e-03 2.05537165e-04 5.97374228e-05 3.96646979e-05 1.07914619e-04 2.96153186e-05 4.92193503e-05 1.06520126e-04 6.57951343e-05 1.18984972e-04 1.44783089e-04 8.88316529e-05 6.55035060e-05 4.62598218e-06 8.67654308e-06 5.87031063e-06 2.26250196e-05 4.76826935e-06 1.53724326e-05 3.91220581e-05 3.53272073e-05 1.19321106e-05 4.16843132e-05 3.29102477e-05 1.33799142e-05 3.85024260e-05 4.49147350e-05 9.14485645e-06 3.53394696e-05 7.85516135e-05 2.24295887e-05 1.90910977e-04 3.45212936e-04 1.38085174e-05 1.13003719e-04 1.09363471e-05 2.56344269e-05 2.24558038e-04 4.03270912e-04 6.78932346e-05 1.59975364e-04 2.78329774e-05 7.91272341e-06 1.62550447e-05 7.72778610e-06 2.37228404e-07 4.52141489e-09 2.50271892e-10
 1995 07 15 12 00 00  3.55110723e-03 2.15487669e-03 1.18080480e-03 8.34181076e-04 5.89162843e-04 3.38298778e-04 2.37679719e-04 1.95271374e-04 3.93080254e-04 1.15388539e-04 2.70929121e-03 3.99457738e-03 2.05760982e-04 5.97631536e-05 3.96939352e-05 1.08082468e-04 2.96612707e-05 4.93579486e-05 1.06583490e-04 6.57990982e-05 1.19294162e-04 1.45177844e-04 8.89913884e-05 6.55633142e-05 4.62940625e-06 8.68126372e-06 5.87199356e-06 2.26392697e-05 4.76849491e-06 1.53813606e-05 3.91814300e-05 3.53472045e-05 1.19691591e-05 4.17518294e-05 3.29226081e-05 1.33882044e-05 3.86280986e-05 4.50995136e-05 9.14879274e-06 3.54205865e-05 7.89299337e-05 2.24340765e-05 1.91647077e-04 3.45322277e-04 1.38128911e-05 1.13611368e-04 1.12231886e-05 2.56438536e-05 2.25581104e-04 4.04298357e-04 6.80231576e-05 1.60858316e-04 2.79846894e-05 7.96798881e-06 1.63831642e-05 7.82040229e-06 2.41920547e-07 4.80476441e-09 2.76952616e-10
 1995 07 16 12 00 00  3.54801610e-03 2.15409894e-03 1.18020472e-03 8.33456928e-04 5.88372306e-04 3.37800873e-04 2.37259491e-04 1.94838163e-04 3.91965594e-04 1.15350355e-04 2.70024393e-03 3.97332162e-03 2.05520204e-04 5.98683742e-05 3.96841190e-05 1.07788443e-04 2.95227626e-05 4.90236329e-05 1.06745569e-04 6.60622667e-05 1.18617471e-04 1.44314250e-04 8.86676267e-05 6.54724051e-05 4.61962336e-06 8.66794071e-06 5.86838541e-06 2.26069489e-05 4.77442263e-06 1.53664958e-05 3.90544759e-05 3.52909003e-05 1.18539341e-05 4.16346290e-05 3.32693133e-05 1.33711175e-05 3.84020421e-05 4.47211397e-05 9.13771000e-06 3.53541646e-05 7.81643675e-05 2.26573306e-05 1.90091942e-04 3.48511653e-04 1.39404661e-05 1.13065612e-04 1.04936509e-05 2.60770204e-05 2.24113503e-04 4.02996017e-04 6.82535575e-05 1.58400181e-04 2.73968049e-05 7.75434155e-06 1.58903249e-05 7.49286544e-06 2.27244706e-07 4.04846210e-09 2.08612128e-10
 1995 07 17 12 00 00  3.54704984e-03 2.15215683e-03 1.17908972e-03 8.32844014e-04 5.87944010e-04 3.37782005e-04 2.37166963e-04 1.94704065e-04 3.91620457e-04 1.14985824e-04 2.69755025e-03 3.97331566e-03 2.05165769e-04 5.96100190e-05 3.96044648e-05 1.07616644e-04 2.95091653e-05 4.90069680e-05 1.06229796e-04 6.56317279e-05 1.18599565e-04 1.44292642e-04 8.86189890e-05 6.53728820e-05 4.61876807e-06 8.64794201e-06 5.86831484e-06 2.25846351e-05 4.76474415e-06 1.53449020e-05 3.89786084e-05 3.52861418e-05 1.18419375e-05 4.15489507e-05 3.27031419e-05 1.33709706e-05 3.82628842e-05 4.45990034e-05 9.12107062e-06 3.51271249e-05 7.78343221e-05 2.22922565e-05 1.89564053e-04 3.43302807e-04 1.37321123e-05 1.11405373e-04 1.04481886e-05 2.53687933e-05 2.21956245e-04 4.00508221e-04 6.73125501e-05 1.57455660e-04 2.65410043e-05 7.44326740e-06 1.51724434e-05 7.01225199e-06 2.05454739e-07 2.90598123e-09 1.04869002e-10
 1995 07 18 12 00 00  3.54708135e-03 2.15230487e-03 1.17917220e-03 8.32855755e-04 5.87927012e-04 3.37769881e-04 2.37162196e-04 1.94700398e-04 3.91622770e-04 1.15011856e-04 2.69756960e-03 3.97330970e-03 2.05186768e-04 5.96247758e-05 3.96091749e-05 1.07609969e-04 2.94955738e-05 4.89903090e-05 1.06247166e-04 6.56597083e-05 1.18582377e-04 1.44271045e-04 8.86133117e-05 6.53685026e-05 4.61791242e-06 8.64073445e-06 5.86824499e-06 2.25811601e-05 4.76557543e-06 1.53436074e-05 3.89706497e-05 3.52813804e-05 1.18299438e-05 4.15427760e-05 3.27505404e-05 1.33708221e-05 3.82565455e-05 4.45848660e-05 9.11507450e-06 3.51258676e-05 7.77999071e-05 2.23176525e-05 1.89471498e-04 3.43732379e-04 1.37492952e-05 1.11424170e-04 1.04027400e-05 2.54191313e-05 2.21897400e-04 4.00451952e-04 6.73465010e-05 1.57071382e-04 2.62351690e-05 7.33209367e-06 1.49158529e-05 6.84011970e-06 1.97625542e-07 2.49358836e-09 6.73733069e-11
 1995 07 19 12 00 00  3.54697220e-03 2.15207008e-03 1.17903742e-03 8.32787030e-04 5.87882972e-04 3.37770443e-04 2.37153009e-04 1.94686288e-04 3.91584371e-04 1.14967832e-04 2.69727666e-03 3.97331044e-03 2.05144381e-04 5.95929841e-05 3.95993711e-05 1.07592361e-04 2.94970290e-05 4.89920902e-05 1.06183334e-04 6.56063610e-05 1.18583518e-04 1.44273352e-04 8.86093548e-05 6.53417192e-05 4.61800373e-06 8.61600129e-06 5.86825190e-06 2.25779077e-05 4.76439454e-06 1.53415583e-05 3.89642466e-05 3.52818926e-05 1.18312273e-05 4.15202182e-05 3.26813402e-05 1.33708381e-05 3.82407933e-05 4.45736005e-05 9.09449518e-06 3.50703924e-05 7.77695551e-05 2.22725706e-05 1.89312628e-04 3.43095117e-04 1.37238047e-05 1.11227765e-04 1.04076033e-05 2.53317674e-05 2.21675988e-04 4.00119789e-04 6.72356357e-05 1.56294584e-04 2.51857744e-05 6.95062959e-06 1.40354243e-05 6.24946000e-06 1.70758236e-07 1.15484564e-09 1.00000000e-10
 1995 07 20 12 00 00  3.54515935e-03 2.15105982e-03 1.17838215e-03 8.32261265e-04 5.87396877e-04 3.37529786e-04 2.36924669e-04 1.94439567e-04 3.90938048e-04 1.14833215e-04 2.69207360e-03 3.96268815e-03 2.04915096e-04 5.95644330e-05 3.95693456e-05 1.07408972e-04 2.94389436e-05 4.88386198e-05 1.06108709e-04 6.55999291e-05 1.18258837e-04 1.43859320e-04 8.84417331e-05 6.52686950e-05 4.61381569e-06 8.60029031e-06 5.86650604e-06 2.25591497e-05 4.76418318e-06 1.53301933e-05 3.88920917e-05 3.52576491e-05 1.17834701e-05 4.14398900e-05 3.26693669e-05 1.33624155e-05 3.81000131e-05 4.43690514e-05 9.08142101e-06 3.49681064e-05 7.73413668e-05 2.22665607e-05 1.88445966e-04 3.42987097e-04 1.37194839e-05 1.10524290e-04 1.00801873e-05 2.53197533e-05 2.20470425e-04 3.98877585e-04 6.70779368e-05 1.54887500e-04 2.45284785e-05 6.71167415e-06 1.34838004e-05 5.87811268e-06 1.53774942e-07 5.53555601e-10 1.00000000e-10
 1995 07 21 12 00 00  3.54129638e-03 2.14856415e-03 1.17679857e-03 8.31058612e-04 5.86318331e-04 3.37043760e-04 2.36445037e-04 1.93912824e-04 3.89559933e-04 1.14474630e-04 2.68100379e-03 3.94144133e-03 2.04369394e-04 5.94433227e-05 3.94895739e-05 1.06999566e-04 2.93193676e-05 4.85275174e-05 1.05830451e-04 6.54805801e-05 1.17605410e-04 1.43025836e-04 8.80945056e-05 6.51099217e-05 4.60522497e-06 8.58027415e-06 5.86299648e-06 2.25171775e-05 4.76139685e-06 1.53021357e-05 3.87299273e-05 3.52079747e-05 1.16849544e-05 4.12679501e-05 3.25069996e-05 1.33455353e-05 3.77860400e-05 4.39306591e-05 9.06476344e-06 3.47291582e-05 7.64050495e-05 2.21645067e-05 1.86665944e-04 3.41496668e-04 1.36598667e-05 1.08720195e-04 9.41397884e-06 2.51212303e-05 2.17526566e-04 3.95830030e-04 6.65296584e-05 1.52354040e-04 2.36979507e-05 6.40972507e-06 1.27866766e-05 5.40786144e-06 1.32199996e-07 1.00000000e-10 1.00000000e-10
 1995 07 22 12 00 00  3.53895238e-03 2.14645154e-03 1.17551024e-03 8.30196579e-04 5.85605927e-04 3.36799007e-04 2.36168607e-04 1.93594496e-04 3.88724666e-04 1.14133063e-04 2.67434545e-03 3.93081829e-03 2.03939640e-04 5.92660962e-05 3.94137217e-05 1.06725565e-04 2.92607903e-05 4.83734446e-05 1.05457581e-04 6.52256829e-05 1.17280356e-04 1.42611015e-04 8.79037398e-05 6.50037839e-05 4.60100564e-06 8.58194689e-06 5.86124770e-06 2.24896952e-05 4.75566922e-06 1.52797957e-05 3.86238823e-05 3.51835595e-05 1.16367664e-05 4.11592558e-05 3.21719621e-05 1.33371068e-05 3.75772457e-05 4.36689255e-05 9.06615242e-06 3.45383530e-05 7.58189178e-05 2.19483933e-05 1.85689171e-04 3.38414191e-04 1.35365677e-05 1.07136701e-04 9.08492584e-06 2.47019983e-05 2.15184788e-04 3.93349821e-04 6.58422545e-05 1.51407617e-04 2.37842253e-05 6.44104989e-06 1.28587956e-05 5.45414382e-06 1.34154121e-07 1.00000000e-10 1.00000000e-10
 1995 07 23 12 00 00  3.53713841e-03 2.14544067e-03 1.17485475e-03 8.29670388e-04 5.85119335e-04 3.36557907e-04 2.35940076e-04 1.93347658e-04 3.88078216e-04 1.13998424e-04 2.66913847e-03 3.92019600e-03 2.03710417e-04 5.92380343e-05 3.93838367e-05 1.06541941e-04 2.92022189e-05 4.82193806e-05 1.05384871e-04 6.52200135e-05 1.16955328e-04 1.42196209e-04 8.77358198e-05 6.49379000e-05 4.59678704e-06 8.57645136e-06 5.85949929e-06 2.24714810e-05 4.75545385e-06 1.52683547e-05 3.85513020e-05 3.51591472e-05 1.15885807e-05 4.10849910e-05 3.21598956e-05 1.33286783e-05 3.74369617e-05 4.34642104e-05 9.06157802e-06 3.44493688e-05 7.53900252e-05 2.19428563e-05 1.84871498e-04 3.38305970e-04 1.35322388e-05 1.06437288e-04 8.75588594e-06 2.46907934e-05 2.13974807e-04 3.92135496e-04 6.56853445e-05 1.50321135e-04 2.35676710e-05 6.36229067e-06 1.26768245e-05 5.32978734e-06 1.28333821e-07 1.00000000e-10 1.00000000e-10
 1995 07 24 12 00 00  3.53528763e-03 2.14435171e-03 1.17415428e-03 8.29120680e-04 5.84617170e-04 3.36316973e-04 2.35708314e-04 1.93095837e-04 3.87418403e-04 1.13849030e-04 2.66383136e-03 3.90957259e-03 2.03466822e-04 5.91988764e-05 3.93505401e-05 1.06352115e-04 2.91441247e-05 4.80659044e-05 1.05289216e-04 6.51958515e-05 1.16631298e-04 1.41782147e-04 8.75665565e-05 6.48807572e-05 4.59259863e-06 8.58749845e-06 5.85775269e-06 2.24537733e-05 4.75484812e-06 1.52562122e-05 3.84775255e-05 3.51349008e-05 1.15408198e-05 4.10180688e-05 3.21248546e-05 1.33202571e-05 3.72940286e-05 4.32569090e-05 9.07076901e-06 3.43741833e-05 7.49530338e-05 2.19218506e-05 1.84127064e-04 3.37985582e-04 1.35194233e-05 1.05688057e-04 8.42844311e-06 2.46497162e-05 2.12688559e-04 3.90884556e-04 6.54899005e-05 1.49747980e-04 2.40453502e-05 6.53591007e-06 1.30774382e-05 5.59732400e-06 1.40415091e-07 5.68329384e-11 1.00000000e-10
 1995 07 25 12 00 00  3.53696347e-03 2.14501470e-03 1.17461210e-03 8.29565956e-04 5.85068017e-04 3.36565961e-04 2.35930046e-04 1.93330116e-04 3.88022809e-04 1.13919809e-04 2.66871017e-03 3.92020009e-03 2.03637491e-04 5.91846054e-05 3.93672454e-05 1.06521294e-04 2.92124139e-05 4.82318748e-05 1.05287187e-04 6.51281967e-05 1.16968544e-04 1.42212402e-04 8.77335589e-05 6.49389682e-05 4.59742841e-06 8.59682987e-06 5.85955204e-06 2.24722952e-05 4.75325287e-06 1.52662207e-05 3.85479962e-05 3.51627154e-05 1.15975767e-05 4.10876685e-05 3.20320076e-05 1.33287889e-05 3.74234869e-05 4.34592131e-05 9.07853391e-06 3.44382664e-05 7.53722421e-05 2.18638743e-05 1.84961235e-04 3.37133735e-04 1.34853494e-05 1.06179503e-04 8.78996652e-06 2.45368487e-05 2.13696801e-04 3.91857736e-04 6.55091317e-05 1.51061087e-04 2.44396250e-05 6.67923641e-06 1.34082584e-05 5.81948830e-06 1.50536821e-07 4.13416679e-10 1.00000000e-10
 1995 07 26 12 00 00  3.53679496e-03 2.14462531e-03 1.17438975e-03 8.29463304e-04 5.85010939e-04 3.36570541e-04 2.35918457e-04 1.93311247e-04 3.87967255e-04 1.13847585e-04 2.66828056e-03 3.92020270e-03 2.03569599e-04 5.91347656e-05 3.93517993e-05 1.06498370e-04 2.92187236e-05 4.82396106e-05 1.05193258e-04 6.50432892e-05 1.16976260e-04 1.42222433e-04 8.77295653e-05 6.49219150e-05 4.59782605e-06 8.59195497e-06 5.85958478e-06 2.24705595e-05 4.75126071e-06 1.52636660e-05 3.85414846e-05 3.51649243e-05 1.16031457e-05 4.10743579e-05 3.19159677e-05 1.33288588e-05 3.74054098e-05 4.34487295e-05 9.07447757e-06 3.43957919e-05 7.53417311e-05 2.17911846e-05 1.84905482e-04 3.36068803e-04 1.34427521e-05 1.05907340e-04 8.81107189e-06 2.43953982e-05 2.13396857e-04 3.91485668e-04 6.53403356e-05 1.50955860e-04 2.42310335e-05 6.60341577e-06 1.32332825e-05 5.70234157e-06 1.45225479e-07 2.27486829e-10 1.00000000e-10
 1995 07 27 12 00 00  3.54266917e-03 2.14845628e-03 1.17681785e-03 8.31325755e-04 5.86691770e-04 3.37311811e-04 2.36652360e-04 1.94119674e-04 3.90071392e-04 1.14403602e-04 2.68516708e-03 3.95207852e-03 2.04409786e-04 5.93334232e-05 3.94765369e-05 1.07137567e-04 2.94109515e-05 4.87220386e-05 1.05656589e-04 6.52475283e-05 1.17972175e-04 1.43493108e-04 8.82605066e-05 6.51586130e-05 4.61152194e-06 8.60766741e-06 5.86491624e-06 2.25374490e-05 4.75579109e-06 1.53092352e-05 3.87985353e-05 3.52439412e-05 1.17622731e-05 4.13334400e-05 3.21813568e-05 1.33543203e-05 3.78944726e-05 4.41305186e-05 9.08755173e-06 3.47509365e-05 7.68095399e-05 2.19638619e-05 1.87595843e-04 3.38512406e-04 1.35404962e-05 1.08765637e-04 9.85341176e-06 2.47300602e-05 2.18102902e-04 3.96312264e-04 6.62406768e-05 1.54488920e-04 2.48901584e-05 6.84303159e-06 1.37864089e-05 6.07444927e-06 1.62225480e-07 8.28542923e-10 1.00000000e-10
 1995 07 28 12 00 00  3.54412987e-03 2.14868554e-03 1.17702583e-03 8.31632603e-04 5.87044986e-04 3.37557546e-04 2.36853289e-04 1.94323324e-04 3.90596958e-04 1.14392433e-04 2.68944502e-03 3.96270528e-03 2.04500089e-04 5.92585312e-05 3.94746046e-05 1.07267753e-04 2.94772966e-05 4.88856400e-05 1.05528807e-04 6.50793256e-05 1.18306699e-04 1.43920284e-04 8.84172245e-05 6.51922261e-05 4.61622985e-06 8.60868240e-06 5.86670503e-06 2.25509270e-05 4.75204506e-06 1.53145152e-05 3.88541610e-05 3.52710747e-05 1.18173164e-05 4.13815366e-05 3.19620332e-05 1.33628331e-05 3.79936782e-05 4.43065730e-05 9.08839720e-06 3.47591265e-05 7.71573813e-05 2.18215297e-05 1.88298869e-04 3.36493428e-04 1.34597371e-05 1.08886171e-04 1.02084479e-05 2.44541297e-05 2.18629857e-04 3.96716836e-04 6.60421025e-05 1.55480351e-04 2.49281282e-05 6.85684604e-06 1.38183525e-05 6.09658074e-06 1.63282597e-07 8.68028671e-10 1.00000000e-10
 1995 07 29 12 00 00  3.54595855e-03 2.14969895e-03 1.17768386e-03 8.32171478e-04 5.87548923e-04 3.37802732e-04 2.37085819e-04 1.94575083e-04 3.91252244e-04 1.14528306e-04 2.69471566e-03 3.97332981e-03 2.04732155e-04 5.92895526e-05 3.95053323e-05 1.07458226e-04 2.95402395e-05 4.90450533e-05 1.05612853e-04 6.50886679e-05 1.18636836e-04 1.44342040e-04 8.85880469e-05 6.52495263e-05 4.62072385e-06 8.59987122e-06 5.86847636e-06 2.25696573e-05 4.75223969e-06 1.53269034e-05 3.89299895e-05 3.52970179e-05 1.18693592e-05 4.14495692e-05 3.19734798e-05 1.33713067e-05 3.81373937e-05 4.45177334e-05 9.08107177e-06 3.48316862e-05 7.76034300e-05 2.18293208e-05 1.89070797e-04 3.36599254e-04 1.34639702e-05 1.09610355e-04 1.05521060e-05 2.44691619e-05 2.19914793e-04 3.97960040e-04 6.62151583e-05 1.56150287e-04 2.45074417e-05 6.70403520e-06 1.34662077e-05 5.86675480e-06 1.53290322e-07 5.37990985e-10 1.00000000e-10
 1995 07 30 12 00 00  3.54759812e-03 2.15312527e-03 1.17964943e-03 8.33204170e-04 5.88235000e-04 3.37813030e-04 2.37231641e-04 1.94792558e-04 3.91829751e-04 1.15170195e-04 2.69918597e-03 3.97332981e-03 2.05351602e-04 5.97457082e-05 3.96460668e-05 1.07733200e-04 2.95392674e-05 4.90438659e-05 1.06517617e-04 6.58526784e-05 1.18636165e-04 1.44340493e-04 8.86581757e-05 6.53881466e-05 4.62066273e-06 8.59764987e-06 5.86847127e-06 2.25991206e-05 4.76942696e-06 1.53603190e-05 3.90364641e-05 3.52966774e-05 1.18685020e-05 4.15666902e-05 3.29787930e-05 1.33712965e-05 3.83515112e-05 4.46933651e-05 9.07923386e-06 3.51719182e-05 7.80864213e-05 2.24772564e-05 1.89661584e-04 3.45847892e-04 1.38339157e-05 1.12354219e-04 1.05488551e-05 2.57261825e-05 2.23383014e-04 4.01902831e-04 6.78388069e-05 1.56274589e-04 2.43453881e-05 6.64528952e-06 1.33314110e-05 5.78562172e-06 1.50268647e-07 4.62539163e-10 1.00000000e-10
 1995 07 31 12 00 00  3.54755169e-03 2.15304546e-03 1.17960273e-03 8.33172290e-04 5.88208029e-04 3.37810491e-04 2.37225773e-04 1.94784351e-04 3.91810583e-04 1.15154636e-04 2.69904448e-03 3.97332832e-03 2.05335383e-04 5.97327019e-05 3.96421125e-05 1.07722490e-04 2.95368402e-05 4.90408915e-05 1.06487265e-04 6.58318226e-05 1.18633491e-04 1.44336638e-04 8.86549093e-05 6.53945126e-05 4.62050994e-06 8.61293956e-06 5.86845890e-06 2.25985778e-05 4.76905079e-06 1.53589892e-05 3.90327471e-05 3.52958275e-05 1.18663600e-05 4.15714736e-05 3.29562230e-05 1.33712703e-05 3.83454309e-05 4.46859345e-05 9.09196242e-06 3.51819080e-05 7.80658901e-05 2.24603413e-05 1.89710746e-04 3.45637270e-04 1.38254908e-05 1.12280690e-04 1.05407402e-05 2.56938569e-05 2.23257187e-04 4.01811649e-04 6.77897160e-05 1.56679441e-04 2.49428451e-05 6.86259298e-06 1.38335500e-05 6.12951636e-06 1.66416417e-07 1.05347429e-09 1.00000000e-10
 1995 08 01 12 00 00  3.54981867e-03 2.15500186e-03 1.18080058e-03 8.33983683e-04 5.88884263e-04 3.38054678e-04 2.37494662e-04 1.95091288e-04 3.92616479e-04 1.15466371e-04 2.70548734e-03 3.98395136e-03 2.05735487e-04 5.98863840e-05 3.97107561e-05 1.07982140e-04 2.95954174e-05 4.91949671e-05 1.06808988e-04 6.60479127e-05 1.18959359e-04 1.44751459e-04 8.88423453e-05 6.55175519e-05 4.62472890e-06 8.64448521e-06 5.87020695e-06 2.26267267e-05 4.77400863e-06 1.53796918e-05 3.91358833e-05 3.53202398e-05 1.19145479e-05 4.16941095e-05 3.32456606e-05 1.33796973e-05 3.85478805e-05 4.49408219e-05 9.11822281e-06 3.53993268e-05 7.86314055e-05 2.26444026e-05 1.90829037e-04 3.48296934e-04 1.39318774e-05 1.13756118e-04 1.08697932e-05 2.60514615e-05 2.25426645e-04 4.04197502e-04 6.83942628e-05 1.58608541e-04 2.62028771e-05 7.32081355e-06 1.48920493e-05 6.85039627e-06 1.99980848e-07 2.76012666e-09 9.52206203e-11
 1995 08 02 12 00 00  3.55210095e-03 2.15699723e-03 1.18202038e-03 8.34803735e-04 5.89563983e-04 3.38298087e-04 2.37764238e-04 1.95399457e-04 3.93426680e-04 1.15785173e-04 2.71196631e-03 3.99457365e-03 2.06141930e-04 6.00443203e-05 3.97807380e-05 1.08243228e-04 2.96530197e-05 4.93478437e-05 1.07137179e-04 6.62714825e-05 1.19283677e-04 1.45164732e-04 8.90299369e-05 6.56325143e-05 4.62888675e-06 8.66315459e-06 5.87195063e-06 2.26540386e-05 4.77917274e-06 1.54005584e-05 3.92391799e-05 3.53443145e-05 1.19618780e-05 4.18096628e-05 3.35468765e-05 1.33881142e-05 3.87503665e-05 4.51954461e-05 9.13376862e-06 3.56030529e-05 7.91970355e-05 2.28351186e-05 1.91882823e-04 3.51063746e-04 1.40425498e-05 1.15246559e-04 1.11955946e-05 2.64221657e-05 2.27617871e-04 4.06570209e-04 6.90128464e-05 1.60112815e-04 2.69018662e-05 7.57512539e-06 1.54800915e-05 7.25765912e-06 2.19423699e-07 3.85362391e-09 1.96403027e-10
 1995 08 03 12 00 00  3.55704237e-03 2.15896855e-03 1.18337832e-03 8.36068076e-04 5.90819310e-04 3.39020610e-04 2.38406638e-04 1.96074862e-04 3.95190939e-04 1.15990499e-04 2.72623469e-03 4.02644314e-03 2.06638582e-04 5.99876262e-05 3.98269039e-05 1.08712169e-04 2.98316561e-05 4.98136040e-05 1.07077061e-04 6.60520396e-05 1.20261792e-04 1.46413796e-04 8.95136361e-05 6.57755098e-05 4.64172663e-06 8.66322298e-06 5.87721188e-06 2.26992328e-05 4.77448230e-06 1.54250376e-05 3.94259927e-05 3.54185730e-05 1.21090081e-05 4.19868073e-05 3.32709955e-05 1.34134287e-05 3.91059485e-05 4.57583333e-05 9.13384210e-06 3.57425535e-05 8.03427095e-05 2.26510441e-05 1.94081946e-04 3.48517877e-04 1.39407151e-05 1.16500840e-04 1.21924684e-05 2.60663452e-05 2.30211157e-04 4.08972462e-04 6.89859130e-05 1.62765865e-04 2.67914248e-05 7.53525060e-06 1.53893805e-05 7.21234786e-06 2.18480775e-07 3.88832557e-09 2.01697770e-10
 1995 08 04 12 00 00  3.56333823e-03 2.16377355e-03 1.18636237e-03 8.38186816e-04 5.92642329e-04 3.39750656e-04 2.39169471e-04 1.96930302e-04 3.97433560e-04 1.16727027e-04 2.74419554e-03 4.05831225e-03 2.07648279e-04 6.03101958e-05 3.99900528e-05 1.09408517e-04 3.00083484e-05 5.02769952e-05 1.07772322e-04 6.64675143e-05 1.21237862e-04 1.47659792e-04 9.00547013e-05 6.60304666e-05 4.65444464e-06 8.65779730e-06 5.88246257e-06 2.27683164e-05 4.78399925e-06 1.54770153e-05 3.96988382e-05 3.54921562e-05 1.22544268e-05 4.22586506e-05 3.38266371e-05 1.34387214e-05 3.96369835e-05 4.64648923e-05 9.12934265e-06 3.61591518e-05 8.18842255e-05 2.30048114e-05 1.96744083e-04 3.53624144e-04 1.41449658e-05 1.20017957e-04 1.31828681e-05 2.67535681e-05 2.35667178e-04 4.14621772e-04 7.03064382e-05 1.65437372e-04 2.64496374e-05 7.41127453e-06 1.51045410e-05 7.03654542e-06 2.11583845e-07 3.60799053e-09 1.78312654e-10
 1995 08 05 12 00 00  3.56560868e-03 2.16576572e-03 1.18758002e-03 8.38997872e-04 5.93309963e-04 3.39990462e-04 2.39436082e-04 1.97235108e-04 3.98237954e-04 1.17044966e-04 2.75062496e-03 4.06893305e-03 2.08053051e-04 6.04673972e-05 4.00598279e-05 1.09664741e-04 3.00620712e-05 5.04251104e-05 1.08097694e-04 6.66905427e-05 1.21557641e-04 1.48066890e-04 9.02397742e-05 6.61529954e-05 4.65835838e-06 8.68936258e-06 5.88418588e-06 2.27952662e-05 4.78916663e-06 1.54971085e-05 3.97984770e-05 3.55148688e-05 1.22983300e-05 4.23800908e-05 3.41279549e-05 1.34470974e-05 3.98363540e-05 4.67140459e-05 9.15562123e-06 3.63777338e-05 8.24355119e-05 2.31951941e-05 1.97839600e-04 3.56391426e-04 1.42556570e-05 1.21488870e-04 1.34956805e-05 2.71237164e-05 2.37800839e-04 4.16977985e-04 7.09166793e-05 1.67297148e-04 2.76936202e-05 7.86370142e-06 1.61498641e-05 7.75089038e-06 2.45016750e-07 5.44012568e-09 3.46697537e-10
 1995 08 06 12 00 00  3.56754298e-03 2.16704901e-03 1.18839146e-03 8.39598586e-04 5.93840263e-04 3.40228877e-04 2.39673516e-04 1.97496261e-04 3.98925384e-04 1.17230424e-04 2.75614424e-03 4.07955423e-03 2.08330568e-04 6.05316394e-05 4.01008925e-05 1.09865853e-04 3.01167602e-05 5.05744189e-05 1.08241103e-04 6.67574292e-05 1.21877882e-04 1.48475535e-04 9.04108747e-05 6.62292479e-05 4.66233287e-06 8.69627620e-06 5.88591392e-06 2.28147787e-05 4.79076625e-06 1.55104864e-05 3.98756107e-05 3.55379249e-05 1.23430902e-05 4.24627412e-05 3.42209387e-05 1.34554823e-05 3.99896289e-05 4.69269844e-05 9.16138379e-06 3.64937183e-05 8.28882357e-05 2.32527062e-05 1.98689750e-04 3.57243855e-04 1.42897542e-05 1.22382685e-04 1.38117408e-05 2.72357924e-05 2.39234393e-04 4.18458327e-04 7.11966729e-05 1.68358151e-04 2.79126325e-05 7.94349235e-06 1.63348897e-05 7.88520920e-06 2.51859467e-07 5.85590652e-09 3.85904908e-10
 1995 08 07 12 00 00  3.56558397e-03 2.16579514e-03 1.18759474e-03 8.38974923e-04 5.93270667e-04 3.39977961e-04 2.39426524e-04 1.97224354e-04 3.98221190e-04 1.17048960e-04 2.75049281e-03 4.06892672e-03 2.08053053e-04 6.04672696e-05 4.00599262e-05 1.09649081e-04 3.00484768e-05 5.04084514e-05 1.08087012e-04 6.66933949e-05 1.21540197e-04 1.48045278e-04 9.02316751e-05 6.61374540e-05 4.65750272e-06 8.67441777e-06 5.88411494e-06 2.27902776e-05 4.78939837e-06 1.54946854e-05 3.97861964e-05 3.55101103e-05 1.22863334e-05 4.23648592e-05 3.41404811e-05 1.34469490e-05 3.98216900e-05 4.66934642e-05 9.14320481e-06 3.63533477e-05 8.23838459e-05 2.31989965e-05 1.97687314e-04 3.56501327e-04 1.42600531e-05 1.21408327e-04 1.34502174e-05 2.71319761e-05 2.37625910e-04 4.16760808e-04 7.08972625e-05 1.66568397e-04 2.69343472e-05 7.58799883e-06 1.55149952e-05 7.34213959e-06 2.27658808e-07 4.61890304e-09 2.74390666e-10
 1995 08 08 12 00 00  3.56098984e-03 2.16183612e-03 1.18516921e-03 8.37304163e-04 5.91860856e-04 3.39478103e-04 2.38875725e-04 1.96593942e-04 3.96577403e-04 1.16414558e-04 2.73737614e-03 4.04767543e-03 2.07237486e-04 6.01456919e-05 3.99184621e-05 1.09107113e-04 2.99191888e-05 5.00854396e-05 1.07399051e-04 6.62411621e-05 1.20874683e-04 1.47196359e-04 8.98479135e-05 6.59242976e-05 4.64830046e-06 8.66842820e-06 5.88055518e-06 2.27332706e-05 4.77934846e-06 1.54502352e-05 3.95704216e-05 3.54570337e-05 1.21792495e-05 4.21449601e-05 3.35518795e-05 1.34299626e-05 3.94065264e-05 4.61644212e-05 9.13822587e-06 3.59799312e-05 8.12005422e-05 2.28164950e-05 1.95660662e-04 3.51082417e-04 1.40432967e-05 1.18366589e-04 1.27515377e-05 2.63905531e-05 2.33035219e-04 4.11903555e-04 6.96222762e-05 1.64198794e-04 2.66385058e-05 7.48055741e-06 1.52675034e-05 7.18182040e-06 2.20777579e-07 4.28743272e-09 2.45038523e-10
 1995 08 09 12 00 00  3.55305381e-03 2.15648253e-03 1.18179150e-03 8.34758082e-04 5.89586484e-04 3.38493576e-04 2.37890576e-04 1.95504883e-04 3.93738061e-04 1.15627674e-04 2.71460104e-03 4.00517657e-03 2.06074610e-04 5.98492919e-05 3.97423753e-05 1.08241506e-04 2.96679005e-05 4.94483451e-05 1.06722143e-04 6.59149955e-05 1.19553513e-04 1.45510091e-04 8.91381153e-05 6.56140793e-05 4.63035540e-06 8.66670525e-06 5.87347240e-06 2.26447460e-05 4.77204594e-06 1.53880558e-05 3.92253581e-05 3.53534357e-05 1.19715063e-05 4.18049333e-05 3.31245654e-05 1.33960668e-05 3.87464982e-05 4.52514270e-05 9.13679687e-06 3.55088900e-05 7.92301716e-05 2.25401789e-05 1.92158242e-04 3.47150064e-04 1.38860026e-05 1.14404999e-04 1.13785209e-05 2.58546730e-05 2.26584912e-04 4.05314624e-04 6.83166269e-05 1.60109470e-04 2.65406680e-05 7.44505169e-06 1.51858439e-05 7.13042634e-06 2.18683647e-07 4.19552455e-09 2.37148301e-10
 1995 08 10 12 00 00  3.54836568e-03 2.15229087e-03 1.17923380e-03 8.33032175e-04 5.88151266e-04 3.37998377e-04 2.37334830e-04 1.94865670e-04 3.92065531e-04 1.14950576e-04 2.70125778e-03 3.98392826e-03 2.05219831e-04 5.94996307e-05 3.95921657e-05 1.07689261e-04 2.95444392e-05 4.91324754e-05 1.05984823e-04 6.54141593e-05 1.18895221e-04 1.44670432e-04 8.87533238e-05 6.53926478e-05 4.62152020e-06 8.65911425e-06 5.86994283e-06 2.25874853e-05 4.76078712e-06 1.53425309e-05 3.90072687e-05 3.53023992e-05 1.18695614e-05 4.15791883e-05 3.24659573e-05 1.33791444e-05 3.83229256e-05 4.47195795e-05 9.13048207e-06 3.51132831e-05 7.80375532e-05 2.21154973e-05 1.90117320e-04 3.41090826e-04 1.36436330e-05 1.11217520e-04 1.06993211e-05 2.50308221e-05 2.21851301e-04 4.00276083e-04 6.69492760e-05 1.57763988e-04 2.62022520e-05 7.32207336e-06 1.49021974e-05 6.94237247e-06 2.10290607e-07 3.76552798e-09 1.98358752e-10
 1995 08 11 12 00 00  3.54683222e-03 2.15186971e-03 1.17891678e-03 8.32682985e-04 5.87781643e-04 3.37758318e-04 2.37131033e-04 1.94655987e-04 3.91518158e-04 1.14926508e-04 2.69681332e-03 3.97330485e-03 2.05097361e-04 5.95507498e-05 3.95866989e-05 1.07552472e-04 2.94848927e-05 4.89772181e-05 1.06070140e-04 6.55410870e-05 1.18569142e-04 1.44254063e-04 8.85969873e-05 6.53526165e-05 4.61723976e-06 8.65658658e-06 5.86818896e-06 2.25743485e-05 4.76352980e-06 1.53367155e-05 3.89520232e-05 3.52776435e-05 1.18205171e-05 4.15268096e-05 3.26270732e-05 1.33707057e-05 3.82189470e-05 4.45441287e-05 9.12838004e-06 3.50868837e-05 7.76893219e-05 2.22222079e-05 1.89413666e-04 3.42576644e-04 1.37030657e-05 1.10988407e-04 1.03670172e-05 2.52372498e-05 2.21230588e-04 3.99743155e-04 6.70727414e-05 1.56783024e-04 2.60843066e-05 7.27922506e-06 1.48034270e-05 6.87757803e-06 2.07448891e-07 3.62379700e-09 1.85673932e-10
 1995 08 12 12 00 00  3.54389068e-03 2.15130399e-03 1.17843990e-03 8.32059620e-04 5.87086213e-04 3.37277678e-04 2.36732851e-04 1.94250766e-04 3.90463446e-04 1.14929204e-04 2.68825215e-03 3.95205766e-03 2.04899838e-04 5.96853449e-05 3.95858469e-05 1.07296675e-04 2.93643447e-05 4.86649165e-05 1.06296880e-04 6.58503675e-05 1.17914923e-04 1.43419033e-04 8.82889465e-05 6.52750866e-05 4.60858791e-06 8.63995811e-06 5.86467431e-06 2.25490905e-05 4.77043359e-06 1.53273525e-05 3.88499829e-05 3.52276285e-05 1.17211443e-05 4.14232490e-05 3.30311828e-05 1.33538138e-05 3.80256094e-05 4.42040648e-05 9.11454772e-06 3.50452728e-05 7.70232229e-05 2.24840463e-05 1.87987353e-04 3.46296113e-04 1.38518445e-05 1.10728225e-04 9.69755711e-06 2.57449399e-05 2.20228377e-04 3.98918877e-04 6.74344334e-05 1.54462789e-04 2.53640384e-05 7.01743647e-06 1.41993840e-05 6.47436276e-06 1.89253414e-07 2.67624838e-09 9.97964489e-11
 1995 08 13 12 00 00  3.53953092e-03 2.14778417e-03 1.17626779e-03 8.30541381e-04 5.85792933e-04 3.36786916e-04 2.36207542e-04 1.93656231e-04 3.88907525e-04 1.14378101e-04 2.67581519e-03 3.93081009e-03 2.04167166e-04 5.94251542e-05 3.94632287e-05 1.06801339e-04 2.92433135e-05 4.83520213e-05 1.05737645e-04 6.54989621e-05 1.17259502e-04 1.42583228e-04 8.79195487e-05 6.50741878e-05 4.59990588e-06 8.62113884e-06 5.86115711e-06 2.24976880e-05 4.76253226e-06 1.52888732e-05 3.86551692e-05 3.51774419e-05 1.16213429e-05 4.12151490e-05 3.25690082e-05 1.33369162e-05 3.76457676e-05 4.37100986e-05 9.09889204e-06 3.47034354e-05 7.59343872e-05 2.21860697e-05 1.86023007e-04 3.42044044e-04 1.36817617e-05 1.08088530e-04 9.02647153e-06 2.51668709e-05 2.16210552e-04 3.94654852e-04 6.63894881e-05 1.51841318e-04 2.45447629e-05 6.71967250e-06 1.35123802e-05 6.01632267e-06 1.68623880e-07 1.60498570e-09 2.78463919e-12
 1995 08 14 12 00 00  3.53606183e-03 2.14611616e-03 1.17515837e-03 8.29585249e-04 5.84876047e-04 3.36303113e-04 2.35762353e-04 1.93180820e-04 3.87666485e-04 1.14174166e-04 2.66581470e-03 3.90956327e-03 2.03770058e-04 5.94123003e-05 3.94168988e-05 1.06456830e-04 2.91232514e-05 4.80403192e-05 1.05670777e-04 6.55614131e-05 1.16605753e-04 1.41748972e-04 8.75890315e-05 6.49530989e-05 4.59128423e-06 8.60675209e-06 5.85764501e-06 2.24630681e-05 4.76390887e-06 1.52687663e-05 3.85193571e-05 3.51275958e-05 1.15223986e-05 4.10747194e-05 3.26497218e-05 1.33200301e-05 3.73838971e-05 4.33137602e-05 9.08692309e-06 3.45541061e-05 7.51133324e-05 2.22388015e-05 1.84415490e-04 3.42787490e-04 1.37114996e-05 1.06946601e-04 8.35863757e-06 2.52690224e-05 2.14091521e-04 3.92564838e-04 6.62268837e-05 1.49516340e-04 2.39220984e-05 6.49335730e-06 1.29901823e-05 5.66766872e-06 1.52885255e-07 9.21854060e-10 1.00000000e-10
 1995 08 15 12 00 00  3.53560593e-03 2.14513610e-03 1.17459642e-03 8.29299571e-04 5.84693693e-04 3.36304821e-04 2.35724137e-04 1.93122416e-04 3.87507528e-04 1.13990785e-04 2.66459252e-03 3.90956551e-03 2.03593992e-04 5.92816300e-05 3.93765642e-05 1.06383801e-04 2.91285920e-05 4.80468618e-05 1.05412648e-04 6.53418014e-05 1.16612721e-04 1.41757455e-04 8.75721455e-05 6.49275279e-05 4.59162075e-06 8.62455272e-06 5.85767266e-06 2.24572617e-05 4.75897104e-06 1.52601528e-05 3.84947772e-05 3.51294642e-05 1.15271105e-05 4.10537387e-05 3.23608634e-05 1.33200883e-05 3.73300040e-05 4.32720509e-05 9.10173403e-06 3.44810970e-05 7.49960960e-05 2.20525733e-05 1.84364421e-04 3.40130041e-04 1.36052017e-05 1.06205312e-04 8.37649131e-06 2.49077450e-05 2.13167360e-04 3.91555147e-04 6.57694718e-05 1.50063000e-04 2.46719881e-05 6.76596189e-06 1.36194227e-05 6.09054423e-06 1.72173320e-07 1.80504900e-09 2.13070561e-11
 1995 08 16 12 00 00  3.53788799e-03 2.14705955e-03 1.17577771e-03 8.30127772e-04 5.85401164e-04 3.36558398e-04 2.36000446e-04 1.93437924e-04 3.88326634e-04 1.14297952e-04 2.67112973e-03 3.92019376e-03 2.03993281e-04 5.94362446e-05 3.94453495e-05 1.06655781e-04 2.91973643e-05 4.82134288e-05 1.05747506e-04 6.55566342e-05 1.16950296e-04 1.42188484e-04 8.77655173e-05 6.50235564e-05 4.59648145e-06 8.61391454e-06 5.85947382e-06 2.24856790e-05 4.76368914e-06 1.52826539e-05 3.86043271e-05 3.51574476e-05 1.15842959e-05 4.11555157e-05 3.26375186e-05 1.33286274e-05 3.75371511e-05 4.35394552e-05 9.09288356e-06 3.46461262e-05 7.55950319e-05 2.22338102e-05 1.85323422e-04 3.42678843e-04 1.37071537e-05 1.07700678e-04 8.73964163e-06 2.52587488e-05 2.15468231e-04 3.93937097e-04 6.63906984e-05 1.50853246e-04 2.42233697e-05 6.60287833e-06 1.32429900e-05 5.83763344e-06 1.60642462e-07 1.19576455e-09 1.00000000e-10
 1995 08 17 12 00 00  3.54025078e-03 2.14914263e-03 1.17705035e-03 8.31006670e-04 5.86144388e-04 3.36814253e-04 2.36284613e-04 1.93764538e-04 3.89174015e-04 1.14634924e-04 2.67789348e-03 3.93082127e-03 2.04421385e-04 5.96110729e-05 3.95203829e-05 1.06942162e-04 2.92680721e-05 4.83823707e-05 1.06121134e-04 6.58052508e-05 1.17290225e-04 1.42622581e-04 8.79633596e-05 6.51244073e-05 4.60146439e-06 8.59937354e-06 5.86128517e-06 2.25157731e-05 4.76920395e-06 1.53070452e-05 3.87211928e-05 3.51861061e-05 1.16431918e-05 4.12613293e-05 3.29606002e-05 1.33371868e-05 3.77560851e-05 4.38177290e-05 9.08077564e-06 3.48231905e-05 7.62232576e-05 2.24440184e-05 1.86302155e-04 3.45653635e-04 1.38261454e-05 1.09332698e-04 9.10926901e-06 2.56661529e-05 2.17952587e-04 3.96513509e-04 6.70872749e-05 1.51593020e-04 2.36590431e-05 6.39761474e-06 1.27686232e-05 5.51217304e-06 1.45319022e-07 6.33158059e-10 1.00000000e-10
 1995 08 18 12 00 00  3.54349996e-03 2.15026992e-03 1.17785147e-03 8.31831023e-04 5.86997363e-04 3.37309321e-04 2.36717520e-04 1.94217986e-04 3.90344936e-04 1.14738899e-04 2.68735877e-03 3.95207480e-03 2.04725630e-04 5.95549610e-05 3.95453170e-05 1.07261029e-04 2.94022146e-05 4.87113284e-05 1.06059948e-04 6.56244229e-05 1.17961918e-04 1.43479222e-04 8.82916878e-05 6.52395971e-05 4.61097188e-06 8.62810193e-06 5.86487076e-06 2.25509742e-05 4.76503446e-06 1.53246145e-05 3.88540954e-05 3.52408824e-05 1.17545613e-05 4.13988058e-05 3.27173533e-05 1.33542271e-05 3.80009437e-05 4.42087453e-05 9.10466479e-06 3.49445052e-05 7.70245658e-05 2.22898205e-05 1.87971197e-04 3.43419020e-04 1.37367608e-05 1.10145606e-04 9.82419224e-06 2.53664708e-05 2.19728635e-04 3.98227382e-04 6.70242819e-05 1.54576675e-04 2.49909912e-05 6.88151943e-06 1.38841694e-05 6.24507297e-06 1.77541951e-07 1.96256700e-09 3.24522742e-11
 1995 08 19 12 00 00  3.54711462e-03 2.15214664e-03 1.17908313e-03 8.32887472e-04 5.88009135e-04 3.37808652e-04 2.37184321e-04 1.94721473e-04 3.91646604e-04 1.14983696e-04 2.69783279e-03 3.97332869e-03 2.05166668e-04 5.96001752e-05 3.96014703e-05 1.07643480e-04 2.95382983e-05 4.90426726e-05 1.06202717e-04 6.56126009e-05 1.18635453e-04 1.44338944e-04 8.86367672e-05 6.53663166e-05 4.62060125e-06 8.62850939e-06 5.86846618e-06 2.25915257e-05 4.76460664e-06 1.53499568e-05 3.90111382e-05 3.52963369e-05 1.18676449e-05 4.15464541e-05 3.26932961e-05 1.33712863e-05 3.82920869e-05 4.46402968e-05 9.10498275e-06 3.51054231e-05 7.79380529e-05 2.22784540e-05 1.89640601e-04 3.43202869e-04 1.37281147e-05 1.11556705e-04 1.05456034e-05 2.53435603e-05 2.22300208e-04 4.00755210e-04 6.73246086e-05 1.56771993e-04 2.51484790e-05 6.93843201e-06 1.40138906e-05 6.31287666e-06 1.79243420e-07 1.94785699e-09 2.84690049e-11
 1995 08 20 12 00 00  3.54321781e-03 2.14953841e-03 1.17743590e-03 8.31666921e-04 5.86930846e-04 3.37328991e-04 2.36705430e-04 1.94193924e-04 3.90260274e-04 1.14604686e-04 2.68670435e-03 3.95208523e-03 2.04603073e-04 5.94654908e-05 3.95174562e-05 1.07234175e-04 2.94260011e-05 4.87404905e-05 1.05901849e-04 6.54690666e-05 1.17991464e-04 1.43517027e-04 8.82918474e-05 6.52152527e-05 4.61246927e-06 8.62098168e-06 5.86499373e-06 2.25516410e-05 4.76121495e-06 1.53222188e-05 3.88529321e-05 3.52492090e-05 1.17755524e-05 4.13819760e-05 3.24959052e-05 1.33544847e-05 3.79803665e-05 4.42080391e-05 9.09870287e-06 3.48758215e-05 7.70156974e-05 2.21553768e-05 1.87947586e-04 3.41392095e-04 1.36556838e-05 1.09719873e-04 9.90373737e-06 2.51039251e-05 2.19347950e-04 3.97722901e-04 6.67384204e-05 1.54783159e-04 2.49434103e-05 6.86361375e-06 1.38398770e-05 6.18046448e-06 1.72093223e-07 1.48612926e-09 1.00000000e-10
 1995 08 21 12 00 00  3.53961383e-03 2.14755684e-03 1.17614844e-03 8.30631058e-04 5.85971937e-04 3.36848283e-04 2.36251488e-04 1.93704556e-04 3.88977322e-04 1.14343249e-04 2.67636388e-03 3.93084064e-03 2.04152843e-04 5.94159270e-05 3.94596816e-05 1.06872584e-04 2.93103105e-05 4.84341435e-05 1.05771925e-04 6.54681935e-05 1.17343371e-04 1.42689720e-04 8.79577980e-05 6.50894454e-05 4.60412339e-06 8.61469161e-06 5.86150418e-06 2.25163681e-05 4.76097157e-06 1.53000517e-05 3.87102632e-05 3.52008938e-05 1.16804651e-05 4.12387528e-05 3.24830529e-05 1.33376452e-05 3.77044261e-05 4.38033474e-05 9.09345617e-06 3.47095147e-05 7.61703311e-05 2.21527895e-05 1.86351841e-04 3.41281031e-04 1.36512412e-05 1.08367879e-04 9.25052082e-06 2.50977319e-05 2.16994552e-04 3.95383036e-04 6.64496983e-05 1.52825050e-04 2.47711549e-05 6.80077121e-06 1.36937315e-05 6.06944801e-06 1.66110436e-07 1.15437651e-09 1.00000000e-10
 1995 08 22 12 00 00  3.53389733e-03 2.14397302e-03 1.17386403e-03 8.28874890e-04 5.84385784e-04 3.36120846e-04 2.35539023e-04 1.92924398e-04 3.86936280e-04 1.13834898e-04 2.65997295e-03 3.89897116e-03 2.03362336e-04 5.92533175e-05 3.93459426e-05 1.06271308e-04 2.91321601e-05 4.79689683e-05 1.05389019e-04 6.53213880e-05 1.16365209e-04 1.41441413e-04 8.74409277e-05 6.48704789e-05 4.59131297e-06 8.60153377e-06 5.85624621e-06 2.24561650e-05 4.75759916e-06 1.52596741e-05 3.84746172e-05 3.51268012e-05 1.15337614e-05 4.09968056e-05 3.22862179e-05 1.33123351e-05 3.72466276e-05 4.31563836e-05 9.08250076e-06 3.43894926e-05 7.47936466e-05 2.20277172e-05 1.83802975e-04 3.39472407e-04 1.35788963e-05 1.05805485e-04 8.25525640e-06 2.48547120e-05 2.12746597e-04 3.91053881e-04 6.56978294e-05 1.49595223e-04 2.42616833e-05 6.61545694e-06 1.32654536e-05 5.77544024e-06 1.52255996e-07 6.45177245e-10 1.00000000e-10
 1995 08 23 12 00 00  3.53237517e-03 2.14355563e-03 1.17354914e-03 8.28533300e-04 5.84026236e-04 3.35884354e-04 2.35337827e-04 1.92717466e-04 3.86393492e-04 1.13811548e-04 2.65557384e-03 3.88834924e-03 2.03241017e-04 5.93040105e-05 3.93403477e-05 1.06138638e-04 2.90764990e-05 4.78184695e-05 1.05473378e-04 6.54472096e-05 1.16045565e-04 1.41031224e-04 8.72870769e-05 6.48756564e-05 4.58727773e-06 8.65952607e-06 5.85451271e-06 2.24481329e-05 4.76034802e-06 1.52545911e-05 3.84257312e-05 3.51034105e-05 1.14881448e-05 4.09828738e-05 3.24475055e-05 1.33039401e-05 3.71535181e-05 4.29899756e-05 9.13074764e-06 3.44446619e-05 7.44660646e-05 2.21337410e-05 1.83431141e-04 3.40958762e-04 1.36383505e-05 1.05643113e-04 7.93594372e-06 2.50599725e-05 2.12177964e-04 3.90761256e-04 6.58259848e-05 1.50598392e-04 2.67607450e-05 7.52379606e-06 1.53614724e-05 7.17632711e-06 2.15598070e-07 3.64257282e-09 1.76971859e-10
 1995 08 24 12 00 00  3.53474244e-03 2.14567375e-03 1.17484170e-03 8.29413828e-04 5.84763665e-04 3.36135874e-04 2.35620233e-04 1.93042818e-04 3.87241147e-04 1.14154919e-04 2.66233040e-03 3.89897600e-03 2.03674514e-04 5.94839628e-05 3.94169732e-05 1.06422626e-04 2.91423552e-05 4.79814626e-05 1.05857334e-04 6.57050579e-05 1.16381148e-04 1.41457625e-04 8.74826154e-05 6.50237288e-05 4.59195508e-06 8.71186858e-06 5.85629896e-06 2.24814622e-05 4.76605819e-06 1.52784311e-05 3.85404688e-05 3.51303723e-05 1.15427603e-05 4.11281591e-05 3.27820657e-05 1.33124486e-05 3.73763162e-05 4.32661246e-05 9.17429643e-06 3.47106303e-05 7.50870438e-05 2.23516705e-05 1.84727627e-04 3.44039581e-04 1.37615833e-05 1.07316881e-04 8.28935299e-06 2.54822924e-05 2.14634180e-04 3.93523509e-04 6.65333151e-05 1.53363128e-04 2.90087435e-05 8.34089838e-06 1.72470477e-05 8.43758608e-06 2.72700646e-07 6.63047395e-09 4.48133886e-10
 1995 08 25 12 00 00  3.53689233e-03 2.14735668e-03 1.17588400e-03 8.30155353e-04 5.85402874e-04 3.36383254e-04 2.35881517e-04 1.93337423e-04 3.88009957e-04 1.14416314e-04 2.66847837e-03 3.90960053e-03 2.04027872e-04 5.96045143e-05 3.94753137e-05 1.06667300e-04 2.92053010e-05 4.81408875e-05 1.06119798e-04 6.58642326e-05 1.16711809e-04 1.41879381e-04 8.76672765e-05 6.51198271e-05 4.59644907e-06 8.71839075e-06 5.85807029e-06 2.25070609e-05 4.76960777e-06 1.52973993e-05 3.86376480e-05 3.51563154e-05 1.15948023e-05 4.12289607e-05 3.29898816e-05 1.33209222e-05 3.75637515e-05 4.35127741e-05 9.17972357e-06 3.48710815e-05 7.56299304e-05 2.24864023e-05 1.85696147e-04 3.45952397e-04 1.38380959e-05 1.08589699e-04 8.63301248e-06 2.57435167e-05 2.16601356e-04 3.95592783e-04 6.70251771e-05 1.54599255e-04 2.92847904e-05 8.44124588e-06 1.74786608e-05 8.59306397e-06 2.79779684e-07 7.00390803e-09 4.82101425e-10
 1995 08 26 12 00 00  3.54469689e-03 2.15247101e-03 1.17912293e-03 8.32614121e-04 5.87607849e-04 3.37362002e-04 2.36851547e-04 1.94405215e-04 3.90798146e-04 1.15157359e-04 2.69086512e-03 3.95209678e-03 2.05144357e-04 5.98654413e-05 3.96405510e-05 1.07505246e-04 2.94512487e-05 4.87714336e-05 1.06718789e-04 6.61326514e-05 1.18026220e-04 1.43557155e-04 8.83686331e-05 6.54177858e-05 4.61405834e-06 8.71993179e-06 5.86512506e-06 2.25917144e-05 4.77575450e-06 1.53560889e-05 3.89709339e-05 3.52580450e-05 1.17978307e-05 4.15574228e-05 3.33487260e-05 1.33547597e-05 3.82028647e-05 4.44046886e-05 9.18100486e-06 3.53145879e-05 7.75438400e-05 2.27149372e-05 1.89122930e-04 3.49250264e-04 1.39700106e-05 1.12318799e-04 9.98816031e-06 2.61874520e-05 2.22718036e-04 4.01813775e-04 6.81977566e-05 1.58576089e-04 2.93462022e-05 8.46357916e-06 1.75302520e-05 8.62821576e-06 2.81417513e-07 7.09312182e-09 4.90287544e-10
 1995 08 27 12 00 00  3.55260630e-03 2.15781889e-03 1.18249589e-03 8.35138562e-04 5.89852819e-04 3.38338869e-04 2.37829745e-04 1.95486001e-04 3.93622845e-04 1.15942143e-04 2.71352725e-03 3.99459265e-03 2.06302725e-04 6.01581354e-05 3.98155879e-05 1.08359141e-04 2.96942861e-05 4.93984204e-05 1.07381620e-04 6.64545863e-05 1.19338059e-04 1.45230326e-04 8.90730184e-05 6.57523351e-05 4.63148426e-06 8.76069171e-06 5.87216455e-06 2.26801281e-05 4.78308102e-06 1.54165475e-05 3.93094441e-05 3.53587588e-05 1.19982949e-05 4.19165719e-05 3.37767560e-05 1.33885624e-05 3.88575730e-05 4.53063579e-05 9.21491810e-06 3.58319434e-05 7.94837836e-05 2.29886573e-05 1.92773336e-04 3.53185303e-04 1.41274121e-05 1.16243770e-04 1.13335940e-05 2.67189229e-05 2.29035838e-04 4.08392482e-04 6.94788966e-05 1.63775036e-04 3.10825912e-05 9.09475461e-06 1.89869398e-05 9.60450943e-06 3.25756776e-07 9.42366718e-09 7.02059966e-10
 1995 08 28 12 00 00  3.56071648e-03 2.16359583e-03 1.18611593e-03 8.37791317e-04 5.92181981e-04 3.39314503e-04 2.38825347e-04 1.96593722e-04 3.96520160e-04 1.16807890e-04 2.73673185e-03 4.03708667e-03 2.07539789e-04 6.05115215e-05 4.00092900e-05 1.09246577e-04 2.99344072e-05 5.00218244e-05 1.08170152e-04 6.68777910e-05 1.20646031e-04 1.46898836e-04 8.97845577e-05 6.60958199e-05 4.64872683e-06 8.79100480e-06 5.87918912e-06 2.27708962e-05 4.79255359e-06 1.54808012e-05 3.96567466e-05 3.54584510e-05 1.21961821e-05 4.22835645e-05 3.43311083e-05 1.34223374e-05 3.95349207e-05 4.62257824e-05 9.24014239e-06 3.63779476e-05 8.14743348e-05 2.33471685e-05 1.96429537e-04 3.58286802e-04 1.43314721e-05 1.20493222e-04 1.26692612e-05 2.74141959e-05 2.35767499e-04 4.15414697e-04 7.09704936e-05 1.68624456e-04 3.23485589e-05 9.55499404e-06 2.00494176e-05 1.03200704e-05 3.58504676e-07 1.11638457e-08 8.60667093e-10
 1995 08 29 12 00 00  3.56429963e-03 2.16553482e-03 1.18738021e-03 8.38816958e-04 5.93135810e-04 3.39793814e-04 2.39277826e-04 1.97081544e-04 3.97798795e-04 1.17062156e-04 2.74701783e-03 4.05833051e-03 2.07984166e-04 6.05597791e-05 4.00665819e-05 1.09605870e-04 3.00486456e-05 5.03263902e-05 1.08304119e-04 6.68756897e-05 1.21290897e-04 1.47723836e-04 9.01169837e-05 6.61804014e-05 4.65698140e-06 8.74220132e-06 5.88267139e-06 2.28019820e-05 4.79256596e-06 1.55024438e-05 3.97933090e-05 3.55062599e-05 1.22899859e-05 4.23923737e-05 3.43314634e-05 1.34391608e-05 3.98008018e-05 4.66239658e-05 9.19953891e-06 3.64688007e-05 8.23052705e-05 2.33458777e-05 1.97728499e-04 3.58288123e-04 1.43315249e-05 1.21772310e-04 1.33176160e-05 2.74120102e-05 2.38079317e-04 4.17540429e-04 7.12506916e-05 1.68886356e-04 3.02530682e-05 8.79332374e-06 1.82917536e-05 9.14429727e-06 3.05267081e-07 8.37777847e-09 6.07811934e-10
 1995 08 30 12 00 00  3.56430081e-03 2.16560450e-03 1.18741871e-03 8.38812241e-04 5.93113145e-04 3.39783268e-04 2.39271911e-04 1.97075789e-04 3.97793270e-04 1.17074156e-04 2.74696769e-03 4.05832529e-03 2.07992816e-04 6.05667861e-05 4.00688379e-05 1.09596801e-04 3.00369924e-05 5.03121119e-05 1.08311085e-04 6.68897817e-05 1.21275800e-04 1.47705321e-04 9.01110082e-05 6.61645445e-05 4.65624798e-06 8.72281671e-06 5.88261064e-06 2.27977280e-05 4.79298069e-06 1.55008490e-05 3.97835545e-05 3.55021824e-05 1.22797035e-05 4.23772802e-05 3.43551423e-05 1.34390328e-05 3.97903519e-05 4.66084987e-05 9.18341830e-06 3.64445284e-05 8.22673837e-05 2.33586368e-05 1.97572231e-04 3.58502842e-04 1.43401137e-05 1.21736713e-04 1.32786561e-05 2.74372811e-05 2.37980495e-04 4.17393492e-04 7.12589519e-05 1.68098461e-04 2.93758120e-05 8.47456463e-06 1.75566890e-05 8.65867607e-06 2.83718313e-07 7.28339611e-09 5.09339593e-10
 1995 08 31 12 00 00  3.56066638e-03 2.16368747e-03 1.18616423e-03 8.37744041e-04 5.92093765e-04 3.39283379e-04 2.38803379e-04 1.96569924e-04 3.96485349e-04 1.16822000e-04 2.73643980e-03 4.03707065e-03 2.07544919e-04 6.05172851e-05 4.00113397e-05 1.09211241e-04 2.99004256e-05 4.99801710e-05 1.08161305e-04 6.68942463e-05 1.20600911e-04 1.46844824e-04 8.97648350e-05 6.60154677e-05 4.64658769e-06 8.69313226e-06 5.87901304e-06 2.27548278e-05 4.79320333e-06 1.54750613e-05 3.96234742e-05 3.54465563e-05 1.21661928e-05 4.22107333e-05 3.43674066e-05 1.34219677e-05 3.94930874e-05 4.61728333e-05 9.15872952e-06 3.62419068e-05 8.13442060e-05 2.33634346e-05 1.95743449e-04 3.58611780e-04 1.43444712e-05 1.20272663e-04 1.25556180e-05 2.74472346e-05 2.35366676e-04 4.14729716e-04 7.09422087e-05 1.65025250e-04 2.80428972e-05 7.99021363e-06 1.64396506e-05 7.91934776e-06 2.50812568e-07 5.60457174e-09 3.58077723e-10
 1995 09 01 12 00 00  3.55482913e-03 2.15996958e-03 1.18380031e-03 8.35902352e-04 5.90416579e-04 3.38536639e-04 2.38069636e-04 1.95763411e-04 3.94391419e-04 1.16286680e-04 2.71962642e-03 4.00519185e-03 2.06723264e-04 6.03329149e-05 3.98910537e-05 1.08573488e-04 2.97018822e-05 4.94899985e-05 1.07723295e-04 6.67151005e-05 1.19596615e-04 1.45564105e-04 8.92322226e-05 6.57676529e-05 4.63249453e-06 8.65957336e-06 5.87364884e-06 2.26858268e-05 4.78927286e-06 1.54293839e-05 3.93630945e-05 3.53653275e-05 1.20014949e-05 4.19415271e-05 3.41368897e-05 1.33964379e-05 3.90022982e-05 4.54862298e-05 9.13081967e-06 3.58710222e-05 7.98660565e-05 2.32123319e-05 1.92944696e-04 3.56487916e-04 1.42595167e-05 1.17451220e-04 1.14921633e-05 2.71546101e-05 2.30685865e-04 4.09888082e-04 7.00835402e-05 1.60794375e-04 2.65347686e-05 7.44219706e-06 1.51757971e-05 7.08300738e-06 2.13600697e-07 3.70695190e-09 1.87125959e-10
 1995 09 02 12 00 00  3.54707351e-03 2.15504221e-03 1.18066612e-03 8.33466127e-04 5.88201062e-04 3.37545429e-04 2.37096155e-04 1.94694059e-04 3.91611500e-04 1.15578941e-04 2.69730430e-03 3.96268927e-03 2.05634703e-04 6.00919448e-05 3.97321311e-05 1.07731460e-04 2.94418569e-05 4.88421938e-05 1.07151874e-04 6.64834341e-05 1.18264357e-04 1.43863949e-04 8.85256803e-05 6.54654899e-05 4.61399868e-06 8.64978429e-06 5.86652131e-06 2.25978142e-05 4.78415532e-06 1.53696906e-05 3.90225075e-05 3.52586678e-05 1.17860407e-05 4.16071255e-05 3.38370010e-05 1.33624460e-05 3.83586180e-05 4.45813642e-05 9.12268515e-06 3.54277841e-05 7.79212082e-05 2.30166377e-05 1.89424438e-04 3.53725963e-04 1.41490385e-05 1.13768133e-04 1.00899269e-05 2.67754542e-05 2.24543313e-04 4.03643425e-04 6.89626807e-05 1.56336974e-04 2.60420286e-05 7.26326705e-06 1.47637241e-05 6.81717096e-06 2.02272059e-07 3.16777564e-09 1.39562140e-10
 1995 09 03 12 00 00  3.54158112e-03 2.15203421e-03 1.17870987e-03 8.31842984e-04 5.86672509e-04 3.36802374e-04 2.36394120e-04 1.93934437e-04 3.89640484e-04 1.15176909e-04 2.68144014e-03 3.93081084e-03 2.04942319e-04 6.00031297e-05 3.96412972e-05 1.07153231e-04 2.92447716e-05 4.83538082e-05 1.06905905e-04 6.64638297e-05 1.17262996e-04 1.42585549e-04 8.80086844e-05 6.52745783e-05 4.59999719e-06 8.65391194e-06 5.86116475e-06 2.25379558e-05 4.78377260e-06 1.53312882e-05 3.87867011e-05 3.51779512e-05 1.16226285e-05 4.13863135e-05 3.38142476e-05 1.33369322e-05 3.79180170e-05 4.39357784e-05 9.12612741e-06 3.51786833e-05 7.65536243e-05 2.30004924e-05 1.86952164e-04 3.53514781e-04 1.41405912e-05 1.11552871e-04 9.03134860e-06 2.67444353e-05 2.20608779e-04 3.99766028e-04 6.84462324e-05 1.53382559e-04 2.61617594e-05 7.30692284e-06 1.48651285e-05 6.89279684e-06 2.06258378e-07 3.41900179e-09 1.63450298e-10
 1995 09 04 12 00 00  3.53726061e-03 2.14866243e-03 1.17662148e-03 8.30344658e-04 5.85373627e-04 3.36301334e-04 2.35866487e-04 1.93339542e-04 3.88093076e-04 1.14652645e-04 2.66905856e-03 3.90955806e-03 2.04232852e-04 5.97611421e-05 3.95243738e-05 1.06655622e-04 2.91120901e-05 4.80266317e-05 1.06377566e-04 6.61450846e-05 1.16593780e-04 1.41731230e-04 8.76349627e-05 6.50968545e-05 4.59058210e-06 8.66552946e-06 5.85758680e-06 2.24862726e-05 4.77667600e-06 1.52920116e-05 3.85858291e-05 3.51236900e-05 1.15125455e-05 4.11961982e-05 3.33986798e-05 1.33199079e-05 3.75378777e-05 4.34330474e-05 9.13580079e-06 3.48861520e-05 7.54430852e-05 2.27307857e-05 1.85099007e-04 3.49689306e-04 1.39875723e-05 1.08974771e-04 8.32130390e-06 2.62215763e-05 2.16575508e-04 3.95605568e-04 6.74491356e-05 1.51566816e-04 2.66097698e-05 7.46988615e-06 1.52417751e-05 7.15163678e-06 2.18475110e-07 4.09599563e-09 2.25853447e-10
 1995 09 05 12 00 00  3.52948832e-03 2.14366190e-03 1.17344603e-03 8.27900803e-04 5.83164026e-04 3.35316159e-04 2.34894930e-04 1.92271237e-04 3.85310410e-04 1.13931724e-04 2.64672134e-03 3.86705846e-03 2.03133141e-04 5.95113231e-05 3.93626756e-05 1.05815979e-04 2.88588519e-05 4.73871536e-05 1.05791910e-04 6.58973120e-05 1.15270442e-04 1.40041864e-04 8.69312124e-05 6.48061565e-05 4.57251372e-06 8.67190902e-06 5.85049456e-06 2.24007559e-05 4.77115536e-06 1.52329124e-05 3.82502201e-05 3.50194052e-05 1.13030866e-05 4.08723738e-05 3.30754701e-05 1.32859932e-05 3.68987620e-05 4.25357000e-05 9.14111442e-06 3.44602200e-05 7.35159458e-05 2.25211043e-05 1.81688760e-04 3.46714178e-04 1.38685671e-05 1.05288879e-04 6.94178379e-06 2.58150685e-05 2.10455377e-04 3.89422229e-04 6.63066442e-05 1.47729081e-04 2.68486551e-05 7.55679907e-06 1.54427436e-05 7.29081987e-06 2.25119591e-07 4.46967956e-09 2.60430522e-10
 1995 09 06 12 00 00  3.52306874e-03 2.13588337e-03 1.16882948e-03 8.25080601e-04 5.80991884e-04 3.34805598e-04 2.34182190e-04 1.91399079e-04 3.83023984e-04 1.12581838e-04 2.62863115e-03 3.84580791e-03 2.01627284e-04 5.86813099e-05 3.90643404e-05 1.04968494e-04 2.87315052e-05 4.70665167e-05 1.04095443e-04 6.45933615e-05 1.14605713e-04 1.39196013e-04 8.64698115e-05 6.44104364e-05 4.56343405e-06 8.62917586e-06 5.84694426e-06 2.23085994e-05 4.74194167e-06 1.51513757e-05 3.79154300e-05 3.49670066e-05 1.11977140e-05 4.04984176e-05 3.13659897e-05 1.32690271e-05 3.62417233e-05 4.18101738e-05 9.10556046e-06 3.36559864e-05 7.17938484e-05 2.14162574e-05 1.78809267e-04 3.30983558e-04 1.32393423e-05 9.91679561e-05 6.24958193e-06 2.36722524e-05 2.02010452e-04 3.80057637e-04 6.32231943e-05 1.43958632e-04 2.50140597e-05 6.88995876e-06 1.39039097e-05 6.26139649e-06 1.78506006e-07 2.03007322e-09 3.90142474e-11
 1995 09 07 12 00 00  3.52059916e-03 2.13353140e-03 1.16740333e-03 8.24137512e-04 5.80218872e-04 3.34556478e-04 2.33892515e-04 1.91062026e-04 3.82142366e-04 1.12195047e-04 2.62161197e-03 3.83518338e-03 2.01152856e-04 5.84712980e-05 3.89784053e-05 1.04670216e-04 2.86690483e-05 4.69076913e-05 1.03654696e-04 6.42844010e-05 1.14274849e-04 1.38775030e-04 8.62716282e-05 6.42676649e-05 4.55897098e-06 8.59590436e-06 5.84517547e-06 2.22755387e-05 4.73503751e-06 1.51259233e-05 3.77970846e-05 3.49412352e-05 1.11460999e-05 4.03582202e-05 3.09618423e-05 1.32605564e-05 3.60099458e-05 4.15282276e-05 9.07788199e-06 3.33930738e-05 7.11550196e-05 2.11546067e-05 1.77588990e-04 3.27264021e-04 1.30905609e-05 9.73425441e-05 5.90754826e-06 2.31648839e-05 1.99368159e-04 3.77134245e-04 6.24134881e-05 1.41812727e-04 2.35688931e-05 6.36470784e-06 1.26920085e-05 5.45295736e-06 1.42063211e-07 4.92821961e-10 1.00000000e-10
 1995 09 08 12 00 00  3.52378419e-03 2.13738030e-03 1.16968794e-03 8.25530574e-04 5.81289997e-04 3.34810025e-04 2.34245587e-04 1.91493599e-04 3.83275291e-04 1.12862095e-04 2.63058011e-03 3.84580754e-03 2.01897473e-04 5.88797491e-05 3.91255806e-05 1.05088015e-04 2.87310220e-05 4.70659201e-05 1.04487133e-04 6.49259367e-05 1.14603987e-04 1.39195239e-04 8.65003758e-05 6.44331537e-05 4.56340349e-06 8.57558043e-06 5.84694171e-06 2.23179771e-05 4.74945591e-06 1.51659309e-05 3.79605980e-05 3.49668378e-05 1.11972848e-05 4.05174931e-05 3.18052887e-05 1.32690213e-05 3.63296843e-05 4.18840083e-05 9.06097557e-06 3.37351974e-05 7.19992722e-05 2.16985660e-05 1.78799171e-04 3.35023953e-04 1.34009581e-05 1.00330073e-04 6.24795503e-06 2.42201146e-05 2.03520648e-04 3.81610349e-04 6.39297488e-05 1.42335376e-04 2.26784724e-05 6.04109910e-06 1.19454397e-05 4.95595602e-06 1.19733393e-07 1.00000000e-10 1.00000000e-10
 1995 09 09 12 00 00  3.52604894e-03 2.13930162e-03 1.17086625e-03 8.26342803e-04 5.81975501e-04 3.35059040e-04 2.34516964e-04 1.91802822e-04 3.84082890e-04 1.13167685e-04 2.63704088e-03 3.85643318e-03 2.02292903e-04 5.90295112e-05 3.91929786e-05 1.05351390e-04 2.87949370e-05 4.72265383e-05 1.04803347e-04 6.51344482e-05 1.14935534e-04 1.39618559e-04 8.66904775e-05 6.45287015e-05 4.56795860e-06 8.56736369e-06 5.84871814e-06 2.23448645e-05 4.75421002e-06 1.51873233e-05 3.80667507e-05 3.49931215e-05 1.12501875e-05 4.06175639e-05 3.20829771e-05 1.32775065e-05 3.65316448e-05 4.21433340e-05 9.05414272e-06 3.38999079e-05 7.25770878e-05 2.18759218e-05 1.79740726e-04 3.37576606e-04 1.35030642e-05 1.01786758e-04 6.59487705e-06 2.45645264e-05 2.05730828e-04 3.83908200e-04 6.45281039e-05 1.43115758e-04 2.23008708e-05 5.90390712e-06 1.16291348e-05 4.74772611e-06 1.10547305e-07 1.00000000e-10 1.00000000e-10
 1995 09 10 12 00 00  3.52579005e-03 2.13875217e-03 1.17055093e-03 8.26179668e-04 5.81869057e-04 3.35059014e-04 2.34494571e-04 1.91768893e-04 3.83991648e-04 1.13064687e-04 2.63634081e-03 3.85643393e-03 2.02193581e-04 5.89555319e-05 3.91701627e-05 1.05308787e-04 2.87968782e-05 4.72289190e-05 1.04655499e-04 6.50104485e-05 1.14937531e-04 1.39621641e-04 8.66803222e-05 6.44976097e-05 4.56808084e-06 8.55467661e-06 5.84872832e-06 2.23397798e-05 4.75145025e-06 1.51822688e-05 3.80514492e-05 3.49938025e-05 1.12518996e-05 4.05914250e-05 3.19213927e-05 1.32775283e-05 3.64979016e-05 4.21170859e-05 9.04359040e-06 3.38284818e-05 7.25048225e-05 2.17710141e-05 1.79590434e-04 3.36089109e-04 1.34435644e-05 1.01348231e-04 6.60136575e-06 2.43611590e-05 2.05194863e-04 3.83253303e-04 6.42677851e-05 1.42680101e-04 2.17366298e-05 5.69886226e-06 1.11561884e-05 4.43399490e-06 9.65325000e-08 1.00000000e-10 1.00000000e-10
 1995 09 11 12 00 00  3.52739156e-03 2.13929352e-03 1.17093775e-03 8.26574377e-04 5.82275856e-04 3.35302642e-04 2.34706526e-04 1.91989914e-04 3.84565825e-04 1.13111850e-04 2.64098916e-03 3.86705920e-03 2.02339620e-04 5.89224187e-05 3.91811288e-05 1.05460411e-04 2.88598239e-05 4.73883440e-05 1.04610155e-04 6.49126829e-05 1.15267782e-04 1.40043412e-04 8.68413523e-05 6.45407812e-05 4.57257520e-06 8.55305989e-06 5.85049929e-06 2.23548022e-05 4.74928420e-06 1.51899787e-05 3.81131507e-05 3.50197486e-05 1.13039445e-05 4.06472546e-05 3.17944650e-05 1.32860034e-05 3.66127096e-05 4.23040087e-05 9.04224726e-06 3.38630517e-05 7.28838151e-05 2.16883724e-05 1.80315042e-04 3.34920344e-04 1.33968137e-05 1.01696079e-04 6.94503469e-06 2.42010065e-05 2.05993811e-04 3.83966748e-04 6.42128372e-05 1.43560269e-04 2.16486410e-05 5.66692415e-06 1.10827004e-05 4.38734864e-06 9.46017117e-08 1.00000000e-10 1.00000000e-10
 1995 09 12 12 00 00  3.52965201e-03 2.14121185e-03 1.17211511e-03 8.27385482e-04 5.82960197e-04 3.35549904e-04 2.34977295e-04 1.92298930e-04 3.85373520e-04 1.13417364e-04 2.64743539e-03 3.87768373e-03 2.02735473e-04 5.90746176e-05 3.92492324e-05 1.05723148e-04 2.89217976e-05 4.75465815e-05 1.04935718e-04 6.51249371e-05 1.15597338e-04 1.40463636e-04 8.70302781e-05 6.46479824e-05 4.57700808e-06 8.56203478e-06 5.85226553e-06 2.23823406e-05 4.75401648e-06 1.52110848e-05 3.82166670e-05 3.50453513e-05 1.13551316e-05 4.07573656e-05 3.20715539e-05 1.32944682e-05 3.68141382e-05 4.25615361e-05 9.04971530e-06 3.40500784e-05 7.34568299e-05 2.18680303e-05 1.81331975e-04 3.37470824e-04 1.34988330e-05 1.03153837e-04 7.28545347e-06 2.45493255e-05 2.08188503e-04 3.86305087e-04 6.48158680e-05 1.44883640e-04 2.20344610e-05 5.80716105e-06 1.14063120e-05 4.60376766e-06 1.04396678e-07 1.00000000e-10 1.00000000e-10
 1995 09 13 12 00 00  3.53362641e-03 2.14390684e-03 1.17381464e-03 8.28662982e-04 5.84099492e-04 3.36041127e-04 2.35470135e-04 1.92844244e-04 3.86795887e-04 1.13814364e-04 2.65883750e-03 3.89893241e-03 2.03320450e-04 5.92263088e-05 3.93383362e-05 1.06156723e-04 2.90462282e-05 4.78636386e-05 1.05282730e-04 6.52938150e-05 1.16256649e-04 1.41304841e-04 8.73848311e-05 6.48100972e-05 4.58590439e-06 8.57230116e-06 5.85580055e-06 2.24270622e-05 4.75775814e-06 1.52421654e-05 3.83883900e-05 3.50967224e-05 1.14579321e-05 4.09333409e-05 3.22907610e-05 1.33114023e-05 3.71449361e-05 4.30177669e-05 9.05825582e-06 3.42994357e-05 7.44413598e-05 2.20107759e-05 1.83127097e-04 3.39489309e-04 1.35795724e-05 1.05149326e-04 7.96790482e-06 2.48259574e-05 2.11420919e-04 3.89639429e-04 6.54789046e-05 1.47209972e-04 2.24812272e-05 5.96953794e-06 1.17809517e-05 4.85357168e-06 1.15649239e-07 1.00000000e-10 1.00000000e-10
 1995 09 14 12 00 00  3.53001977e-03 2.14196100e-03 1.17254598e-03 8.27620232e-04 5.83122796e-04 3.35554640e-04 2.35011968e-04 1.92350081e-04 3.85506389e-04 1.13558454e-04 2.64845498e-03 3.87768447e-03 2.02873058e-04 5.91773352e-05 3.92808524e-05 1.05788173e-04 2.89242249e-05 4.75495559e-05 1.05145353e-04 6.52958814e-05 1.15600891e-04 1.40467490e-04 8.70473872e-05 6.46902984e-05 4.57716087e-06 8.57656851e-06 5.85227826e-06 2.23906958e-05 4.75774650e-06 1.52190015e-05 3.82420754e-05 3.50461982e-05 1.13572736e-05 4.07938841e-05 3.22904176e-05 1.32944944e-05 3.68654154e-05 4.26051804e-05 9.06180503e-06 3.41462034e-05 7.35755463e-05 2.20120462e-05 1.81553551e-04 3.39488056e-04 1.35795222e-05 1.03785532e-04 7.29356834e-06 2.48281169e-05 2.08997422e-04 3.87265573e-04 6.51843521e-05 1.45442991e-04 2.26718133e-05 6.03879457e-06 1.19406870e-05 4.95942450e-06 1.20369972e-07 1.00000000e-10 1.00000000e-10
 1995 09 15 12 00 00  3.52862283e-03 2.14181691e-03 1.17238796e-03 8.27357460e-04 5.82812831e-04 3.35316829e-04 2.34821019e-04 1.92159127e-04 3.85007585e-04 1.13586348e-04 2.64438919e-03 3.86706181e-03 2.02801007e-04 5.92652540e-05 3.92867370e-05 1.05675314e-04 2.88661395e-05 4.73960827e-05 1.05304026e-04 6.54842239e-05 1.15277002e-04 1.40053444e-04 8.68976862e-05 6.46708571e-05 4.57297247e-06 8.58579879e-06 5.85053203e-06 2.23811802e-05 4.76187197e-06 1.52161739e-05 3.81974432e-05 3.50219547e-05 1.13095135e-05 4.07590059e-05 3.25324188e-05 1.32860718e-05 3.67817040e-05 4.24468764e-05 9.06947971e-06 3.41639964e-05 7.32733844e-05 2.21708513e-05 1.80967463e-04 3.41717969e-04 1.36687187e-05 1.03796056e-04 6.96614006e-06 2.51356221e-05 2.08677625e-04 3.87109796e-04 6.54411561e-05 1.44897024e-04 2.30894279e-05 6.19053931e-06 1.22906138e-05 5.19061634e-06 1.30629719e-07 1.13855414e-10 1.00000000e-10
 1995 09 16 12 00 00  3.52820438e-03 2.14091420e-03 1.17187103e-03 8.27096836e-04 5.82648280e-04 3.35318379e-04 2.34786421e-04 1.92106375e-04 3.84863358e-04 1.13417860e-04 2.64327122e-03 3.86706404e-03 2.02639876e-04 5.91469797e-05 3.92501886e-05 1.05609307e-04 2.88709911e-05 4.74020286e-05 1.05073757e-04 6.52849732e-05 1.15282758e-04 1.40061153e-04 8.68821715e-05 6.46311807e-05 4.57327806e-06 8.57928244e-06 5.85055714e-06 2.23744212e-05 4.75731285e-06 1.52083078e-05 3.81732905e-05 3.50236514e-05 1.13137969e-05 4.07263194e-05 3.22662032e-05 1.32861242e-05 3.67295915e-05 4.24075358e-05 9.06405403e-06 3.40675655e-05 7.31641457e-05 2.20012342e-05 1.80803363e-04 3.39271299e-04 1.35708520e-05 1.03101140e-04 6.98236909e-06 2.48061435e-05 2.07835803e-04 3.86120265e-04 6.50263833e-05 1.44712956e-04 2.28501130e-05 6.10345730e-06 1.20891935e-05 5.05039595e-06 1.23885227e-07 1.00000000e-10 1.00000000e-10
 1995 09 17 12 00 00  3.53539361e-03 2.14469358e-03 1.17434629e-03 8.29174341e-04 5.84615736e-04 3.36300041e-04 2.35706469e-04 1.93097881e-04 3.87441634e-04 1.13910248e-04 2.66402167e-03 3.90956402e-03 2.03519415e-04 5.92353783e-05 3.93620629e-05 1.06351841e-04 2.91247095e-05 4.80421062e-05 1.05341276e-04 6.52620743e-05 1.16606651e-04 1.41751292e-04 8.75610608e-05 6.48764453e-05 4.59137627e-06 8.57930427e-06 5.85765265e-06 2.24498962e-05 4.75669985e-06 1.52555675e-05 3.84708396e-05 3.51281051e-05 1.15236850e-05 4.10120018e-05 3.22309730e-05 1.33200461e-05 3.72931182e-05 4.32429522e-05 9.06406640e-06 3.43796962e-05 7.49207759e-05 2.19810128e-05 1.84032635e-04 3.38950239e-04 1.35580096e-05 1.05815468e-04 8.36351464e-06 2.47664022e-05 2.12727394e-04 3.90923079e-04 6.55940617e-05 1.48671969e-04 2.28895321e-05 6.11769437e-06 1.21216039e-05 5.06686551e-06 1.24255022e-07 1.00000000e-10 1.00000000e-10
 1995 09 18 12 00 00  3.53919458e-03 2.14699830e-03 1.17582263e-03 8.30345029e-04 5.85692249e-04 3.36794479e-04 2.36186398e-04 1.93622708e-04 3.88805547e-04 1.14234621e-04 2.67497290e-03 3.93081531e-03 2.04035577e-04 5.93362936e-05 3.94354570e-05 1.06760239e-04 2.92539946e-05 4.83651151e-05 1.05590904e-04 6.53448980e-05 1.17272403e-04 1.42600208e-04 8.79106522e-05 6.50364771e-05 4.60057781e-06 8.60630535e-06 5.86121241e-06 2.24938126e-05 4.75845663e-06 1.52837794e-05 3.86354603e-05 3.51811817e-05 1.16307681e-05 4.11869722e-05 3.23343440e-05 1.33370326e-05 3.76064613e-05 4.36874091e-05 9.08652873e-06 3.46142343e-05 7.58706706e-05 2.20503658e-05 1.85872917e-04 3.39904688e-04 1.35961875e-05 1.07541778e-04 9.06219429e-06 2.49003788e-05 2.15635104e-04 3.93928672e-04 6.60830754e-05 1.51569477e-04 2.40663684e-05 6.54541004e-06 1.31084186e-05 5.72461621e-06 1.53866242e-07 8.82278073e-10 1.00000000e-10
 1995 09 19 12 00 00  3.54309008e-03 2.14949979e-03 1.17741196e-03 8.31575485e-04 5.86808776e-04 3.37289576e-04 2.36674821e-04 1.94160203e-04 3.90202977e-04 1.14595923e-04 2.68618253e-03 3.95206623e-03 2.04587463e-04 5.94636741e-05 3.95170107e-05 1.07184667e-04 2.93832796e-05 4.86881239e-05 1.05893539e-04 6.54719654e-05 1.17938365e-04 1.43449127e-04 8.82643189e-05 6.52094951e-05 4.60978008e-06 8.64020039e-06 5.86477254e-06 2.25399072e-05 4.76119785e-06 1.53139311e-05 3.88063710e-05 3.52342555e-05 1.17378535e-05 4.13729733e-05 3.24954221e-05 1.33540205e-05 3.79328972e-05 4.41424347e-05 9.11472598e-06 3.48775518e-05 7.68493042e-05 2.21571638e-05 1.87783251e-04 3.41390282e-04 1.36556113e-05 1.09431096e-04 9.76087395e-06 2.51069578e-05 2.18744073e-04 3.97184548e-04 6.66662665e-05 1.54693041e-04 2.55285673e-05 7.07687523e-06 1.43347717e-05 6.54404115e-06 1.90901520e-07 2.64826649e-09 9.43411793e-11
 1995 09 20 12 00 00  3.54739479e-03 2.15286657e-03 1.17949738e-03 8.33062827e-04 5.88093017e-04 3.37785697e-04 2.37198740e-04 1.94751073e-04 3.91743597e-04 1.15119134e-04 2.69850025e-03 3.97331640e-03 2.05295131e-04 5.97057930e-05 3.96339831e-05 1.07676314e-04 2.95106234e-05 4.90087608e-05 1.06422558e-04 6.57915778e-05 1.18602030e-04 1.44294963e-04 8.86346104e-05 6.54166227e-05 4.61885938e-06 8.67330891e-06 5.86832284e-06 2.25928986e-05 4.76828973e-06 1.53521847e-05 3.90025537e-05 3.52866482e-05 1.18432246e-05 4.15875385e-05 3.29108414e-05 1.33709866e-05 3.83115145e-05 4.46391468e-05 9.14227494e-06 3.52255710e-05 7.79431233e-05 2.24274045e-05 1.89831470e-04 3.45215152e-04 1.38086061e-05 1.12001482e-04 1.04530649e-05 2.56307219e-05 2.22703550e-04 4.01410224e-04 6.76554628e-05 1.57811147e-04 2.69284681e-05 7.58576321e-06 1.55093549e-05 7.33271213e-06 2.26824055e-07 4.54429534e-09 2.66830202e-10
 1995 09 21 12 00 00  3.54953101e-03 2.15451075e-03 1.18051794e-03 8.33797267e-04 5.88730919e-04 3.38034319e-04 2.37459831e-04 1.95045063e-04 3.92509225e-04 1.15373623e-04 2.70461989e-03 3.98394205e-03 2.05642526e-04 5.98225629e-05 3.96911236e-05 1.07920400e-04 2.95750244e-05 4.91699670e-05 1.06680029e-04 6.59438781e-05 1.18933799e-04 1.44719041e-04 8.88194420e-05 6.54918243e-05 4.62344506e-06 8.65197799e-06 5.87010145e-06 2.26168427e-05 4.77163048e-06 1.53710999e-05 3.90986893e-05 3.53131036e-05 1.18965530e-05 4.16710726e-05 3.31067771e-05 1.33794761e-05 3.84951853e-05 4.48848130e-05 9.12452670e-06 3.53465889e-05 7.84842360e-05 2.25558630e-05 1.90660167e-04 3.47020485e-04 1.38808194e-05 1.13236322e-04 1.08015978e-05 2.58794869e-05 2.24657965e-04 4.03374794e-04 6.81355369e-05 1.58191934e-04 2.60274631e-05 7.25823011e-06 1.47533531e-05 6.82497117e-06 2.03688354e-07 3.32248895e-09 1.55660584e-10
 1995 09 22 12 00 00  3.55738617e-03 2.15970479e-03 1.18380425e-03 8.36292365e-04 5.90969139e-04 3.39016554e-04 2.38437046e-04 1.96122886e-04 3.95320029e-04 1.16130670e-04 2.72716762e-03 4.02644053e-03 2.06776486e-04 6.00985160e-05 3.98608936e-05 1.08771461e-04 2.98243744e-05 4.98046807e-05 1.07317297e-04 6.62359409e-05 1.20252593e-04 1.46402231e-04 8.95247573e-05 6.57970585e-05 4.64126861e-06 8.65698603e-06 5.87717368e-06 2.27036456e-05 4.77813701e-06 1.54313797e-05 3.94365189e-05 3.54160293e-05 1.21025827e-05 4.20067999e-05 3.34877288e-05 1.34133501e-05 3.91433849e-05 4.57868883e-05 9.12869073e-06 3.58052091e-05 8.04251855e-05 2.28030141e-05 1.94139443e-04 3.50527138e-04 1.40210855e-05 1.17060697e-04 1.21681260e-05 2.63586378e-05 2.30923702e-04 4.09767802e-04 6.93651270e-05 1.62346446e-04 2.62608538e-05 7.34301982e-06 1.49488065e-05 6.95322981e-06 2.09316299e-07 3.60340984e-09 1.80808879e-10
 1995 09 23 12 00 00  3.56329973e-03 2.16365021e-03 1.18629705e-03 8.38176339e-04 5.92654503e-04 3.39753248e-04 2.39171465e-04 1.96933425e-04 3.97434519e-04 1.16707453e-04 2.74413531e-03 4.05831337e-03 2.07635074e-04 6.03103991e-05 3.99897733e-05 1.09412528e-04 3.00112617e-05 5.02805691e-05 1.07802026e-04 6.64636143e-05 1.21241628e-04 1.47664422e-04 9.00546290e-05 6.60304449e-05 4.65462836e-06 8.66417759e-06 5.88247749e-06 2.27692894e-05 4.78327711e-06 1.54769898e-05 3.96920687e-05 3.54931777e-05 1.22569982e-05 4.22620509e-05 3.37882637e-05 1.34387534e-05 3.96329116e-05 4.64657486e-05 9.13467084e-06 3.61583166e-05 8.18869396e-05 2.29962563e-05 1.96774332e-04 3.53291420e-04 1.41316568e-05 1.19967810e-04 1.31926063e-05 2.67336291e-05 2.35663507e-04 4.14620326e-04 7.03052980e-05 1.65573378e-04 2.65844086e-05 7.46059031e-06 1.52199476e-05 7.13260612e-06 2.17293881e-07 4.00995477e-09 2.17426366e-10
 1995 09 24 12 00 00  3.56704704e-03 2.16587300e-03 1.18772540e-03 8.39310038e-04 5.93697194e-04 3.40242914e-04 2.39643809e-04 1.97448157e-04 3.98776088e-04 1.17015787e-04 2.75491562e-03 4.07956243e-03 2.08134156e-04 6.03982623e-05 4.00592070e-05 1.09807443e-04 3.01356922e-05 5.05976263e-05 1.08020497e-04 6.65258267e-05 1.21900105e-04 1.48505629e-04 9.03993965e-05 6.61523760e-05 4.66352467e-06 8.64547619e-06 5.88601215e-06 2.28079544e-05 4.78465627e-06 1.55034031e-05 3.98484431e-05 3.55445489e-05 1.23597987e-05 4.24039087e-05 3.38690443e-05 1.34556889e-05 3.99309898e-05 4.68959359e-05 9.11911047e-06 3.63220477e-05 8.28011633e-05 2.30488426e-05 1.98338172e-04 3.54035247e-04 1.41614099e-05 1.21563351e-04 1.38750576e-05 2.68355448e-05 2.38411362e-04 4.17312991e-04 7.07412938e-05 1.66949988e-04 2.57965179e-05 7.17417163e-06 1.45588214e-05 6.68830755e-06 1.97029122e-07 2.93826634e-09 1.19877808e-10
 1995 09 25 12 00 00  3.56890873e-03 2.16696423e-03 1.18842777e-03 8.39868630e-04 5.94211422e-04 3.40486991e-04 2.39878420e-04 1.97703369e-04 3.99441876e-04 1.17166025e-04 2.76026883e-03 4.09018621e-03 2.08379581e-04 6.04389306e-05 4.00929269e-05 1.10002071e-04 3.01971799e-05 5.07552642e-05 1.08122176e-04 6.65517175e-05 1.22228702e-04 1.48925065e-04 9.05708788e-05 6.62200330e-05 4.66792662e-06 8.64714893e-06 5.88777584e-06 2.28275832e-05 4.78525108e-06 1.55162528e-05 3.99257797e-05 3.55699856e-05 1.24105558e-05 4.24803293e-05 3.39037681e-05 1.34641465e-05 4.00791150e-05 4.71093397e-05 9.12050309e-06 3.64157856e-05 8.32533141e-05 2.30709062e-05 1.99168261e-04 3.54354292e-04 1.41741717e-05 1.22346586e-04 1.42138393e-05 2.68784090e-05 2.39752032e-04 4.18657168e-04 7.09467893e-05 1.67964962e-04 2.58586141e-05 7.19676559e-06 1.46110722e-05 6.72457718e-06 1.98766379e-07 3.03638323e-09 1.28966404e-10
 1995 09 26 12 00 00  3.56658708e-03 2.16492670e-03 1.18718182e-03 8.39018167e-04 5.93498331e-04 3.40238004e-04 2.39601412e-04 1.97385425e-04 3.98611785e-04 1.16838024e-04 2.75364839e-03 4.07956168e-03 2.07961617e-04 6.02704456e-05 4.00198165e-05 1.09727814e-04 3.01337539e-05 5.05952514e-05 1.07763204e-04 6.63125073e-05 1.21897333e-04 1.48502546e-04 9.03785707e-05 6.61078539e-05 4.66340280e-06 8.63903260e-06 5.88600233e-06 2.27986038e-05 4.77992944e-06 1.54936885e-05 3.98171781e-05 3.55438708e-05 1.23580860e-05 4.23658039e-05 3.35921330e-05 1.34556671e-05 3.98686853e-05 4.68434132e-05 9.11375319e-06 3.62170171e-05 8.26576291e-05 2.28685341e-05 1.98125912e-04 3.51485438e-04 1.40594175e-05 1.20783601e-04 1.38685689e-05 2.64861155e-05 2.37414408e-04 4.16161513e-04 7.02836929e-05 1.66626863e-04 2.54893682e-05 7.06260098e-06 1.43017064e-05 6.52043921e-06 1.89725910e-07 2.57863446e-09 8.78146389e-11
 1995 09 27 12 00 00  3.56311458e-03 2.16329199e-03 1.18609090e-03 8.38057343e-04 5.92567076e-04 3.39747590e-04 2.39152420e-04 1.96906323e-04 3.97366724e-04 1.16639877e-04 2.74360746e-03 4.05831151e-03 2.07568592e-04 6.02616834e-05 3.99747863e-05 1.09377499e-04 3.00064101e-05 5.02746261e-05 1.07702030e-04 6.63830375e-05 1.21234294e-04 1.47656711e-04 9.00441441e-05 6.59807448e-05 4.65432240e-06 8.61841690e-06 5.88245239e-06 2.27616717e-05 4.78150796e-06 1.54725251e-05 3.96747252e-05 3.54914751e-05 1.22527141e-05 4.22193895e-05 3.36845289e-05 1.34387010e-05 3.96002467e-05 4.64373401e-05 9.09660666e-06 3.60595719e-05 8.18125411e-05 2.29282799e-05 1.96448864e-04 3.52335673e-04 1.40934269e-05 1.19616783e-04 1.31763780e-05 2.66019837e-05 2.35228448e-04 4.13992280e-04 7.01248066e-05 1.64006247e-04 2.45843853e-05 6.73370403e-06 1.35429586e-05 6.01557555e-06 1.67060605e-07 1.40722878e-09 1.00000000e-10
 1995 09 28 12 00 00  3.56091164e-03 2.16152642e-03 1.18500061e-03 8.37280157e-04 5.91896028e-04 3.39495447e-04 2.38883897e-04 1.96602216e-04 3.96576762e-04 1.16362568e-04 2.73729239e-03 4.04768437e-03 2.07198668e-04 6.01292174e-05 3.99128077e-05 1.09120067e-04 2.99386098e-05 5.01092465e-05 1.07413243e-04 6.62048871e-05 1.20897781e-04 1.47227230e-04 8.98546870e-05 6.58862453e-05 4.64952354e-06 8.62179804e-06 5.88065632e-06 2.27344994e-05 4.77757167e-06 1.54517981e-05 3.95705080e-05 3.54638352e-05 1.21963865e-05 4.21192587e-05 3.34538345e-05 1.34301736e-05 3.94033150e-05 4.61793773e-05 9.09942246e-06 3.59012533e-05 8.12396642e-05 2.27777826e-05 1.95486994e-04 3.50211048e-04 1.40084419e-05 1.18251370e-04 1.28164800e-05 2.63103866e-05 2.33106786e-04 4.11788264e-04 6.95835261e-05 1.62991624e-04 2.46970276e-05 6.77472440e-06 1.36379923e-05 6.08354943e-06 1.70455912e-07 1.60898543e-09 8.02569122e-13
 1995 09 29 12 00 00  3.55532112e-03 2.15832129e-03 1.18293077e-03 8.35593700e-04 5.90322538e-04 3.38750827e-04 2.38172287e-04 1.95828515e-04 3.94569610e-04 1.15923251e-04 2.72115338e-03 4.01580632e-03 2.06469647e-04 6.00126687e-05 3.98134515e-05 1.08523902e-04 2.97405553e-05 4.96196735e-05 1.07109569e-04 6.61393336e-05 1.19895488e-04 1.45947297e-04 8.93329555e-05 6.56956322e-05 4.63546057e-06 8.63815003e-06 5.87529430e-06 2.26733581e-05 4.77621252e-06 1.54112233e-05 3.93284162e-05 3.53827752e-05 1.20321187e-05 4.18983176e-05 3.33736331e-05 1.34046481e-05 3.89505511e-05 4.55225160e-05 9.11303505e-06 3.56477567e-05 7.98407122e-05 2.27231460e-05 1.93035996e-04 3.49469572e-04 1.39787829e-05 1.15877304e-04 1.17546617e-05 2.62049929e-05 2.28951420e-04 4.07700455e-04 6.89673696e-05 1.60401453e-04 2.53460575e-05 7.01075967e-06 1.41832897e-05 6.45551419e-06 1.87816921e-07 2.55687294e-09 8.78341178e-11
 1995 09 30 12 00 00  3.54971153e-03 2.15507675e-03 1.18083823e-03 8.33895092e-04 5.88740809e-04 3.38006073e-04 2.37458922e-04 1.95052196e-04 3.92555565e-04 1.15476521e-04 2.70496180e-03 3.98392752e-03 2.05733403e-04 5.98906934e-05 3.97124237e-05 1.07924444e-04 2.95424979e-05 4.91300947e-05 1.06794564e-04 6.60647289e-05 1.18892441e-04 1.44667351e-04 8.88103990e-05 6.54828649e-05 4.62139797e-06 8.62581583e-06 5.86993265e-06 2.26099930e-05 4.77465728e-06 1.53702554e-05 3.90842871e-05 3.53017211e-05 1.18678501e-05 4.16586199e-05 3.32819065e-05 1.33791240e-05 3.84923029e-05 4.48621321e-05 9.10277959e-06 3.53526586e-05 7.84333907e-05 2.26608958e-05 1.90431947e-04 3.48621755e-04 1.39448702e-05 1.13452327e-04 1.06928324e-05 2.60848727e-05 2.24755100e-04 4.03476833e-04 6.83319485e-05 1.56904258e-04 2.47737307e-05 6.80283117e-06 1.37039563e-05 6.14065766e-06 1.73978208e-07 1.86431350e-09 2.57875388e-11
 1995 10 01 12 00 00  3.54192040e-03 2.15007201e-03 1.17765939e-03 8.31435999e-04 5.86510499e-04 3.37015483e-04 2.36482467e-04 1.93978069e-04 3.89762582e-04 1.14754107e-04 2.68254483e-03 3.94142494e-03 2.04630519e-04 5.96382973e-05 3.95499947e-05 1.07076558e-04 2.92834418e-05 4.84834774e-05 1.06198827e-04 6.58140343e-05 1.17561513e-04 1.42968725e-04 8.81028238e-05 6.51816154e-05 4.60296324e-06 8.62095767e-06 5.86281021e-06 2.25218685e-05 4.76915375e-06 1.53099425e-05 3.87428558e-05 3.51953960e-05 1.16532508e-05 4.13248559e-05 3.29591654e-05 1.33451438e-05 3.78453595e-05 4.39548268e-05 9.09874216e-06 3.49086345e-05 7.64811782e-05 2.24494128e-05 1.86928615e-04 3.45648284e-04 1.38259314e-05 1.09714922e-04 9.29383241e-06 2.56753090e-05 2.18541569e-04 3.97165996e-04 6.71722783e-05 1.52632936e-04 2.45250265e-05 6.71252667e-06 1.34960277e-05 6.00699982e-06 1.68318307e-07 1.59783147e-09 2.36091147e-12
 1995 10 02 12 00 00  3.53548311e-03 2.14506138e-03 1.17455404e-03 8.29217869e-04 5.84593399e-04 3.36271660e-04 2.35698560e-04 1.93094658e-04 3.87459029e-04 1.13976772e-04 2.66412461e-03 3.90954949e-03 2.03576395e-04 5.92807465e-05 3.93762654e-05 1.06342778e-04 2.90926662e-05 4.80028277e-05 1.05417545e-04 6.53439085e-05 1.16567552e-04 1.41700361e-04 8.75483674e-05 6.49067333e-05 4.58935901e-06 8.61941007e-06 5.85748639e-06 2.24459491e-05 4.75871057e-06 1.52530092e-05 3.84513833e-05 3.51168885e-05 1.14954084e-05 4.10334695e-05 3.23475222e-05 1.33196983e-05 3.72852010e-05 4.32146395e-05 9.09746086e-06 3.44532434e-05 7.48515975e-05 2.20518108e-05 1.84110015e-04 3.40017096e-04 1.36006838e-05 1.05924863e-04 8.25636016e-06 2.49046454e-05 2.12647577e-04 3.91025969e-04 6.57087400e-05 1.49434936e-04 2.44157859e-05 6.67292104e-06 1.34051245e-05 5.95198725e-06 1.66245535e-07 1.52105590e-09 1.00000000e-10
 1995 10 03 12 00 00  3.53359198e-03 2.14392807e-03 1.17382708e-03 8.28639095e-04 5.84060073e-04 3.36024299e-04 2.35459564e-04 1.92833814e-04 3.86781109e-04 1.13818350e-04 2.65867514e-03 3.89892384e-03 2.03322216e-04 5.92338468e-05 3.93406497e-05 1.06140496e-04 2.90277821e-05 4.78410278e-05 1.05301403e-04 6.53082621e-05 1.16234108e-04 1.41275521e-04 8.73738559e-05 6.48198257e-05 4.58474315e-06 8.59547217e-06 5.85570488e-06 2.24234495e-05 4.75792367e-06 1.52390836e-05 3.83687202e-05 3.50902672e-05 1.14416522e-05 4.09403422e-05 3.23013926e-05 1.33112029e-05 3.71283514e-05 4.29926481e-05 9.07754875e-06 3.43241073e-05 7.43779696e-05 2.20217073e-05 1.83138858e-04 3.39592247e-04 1.35836899e-05 1.05070101e-04 7.90621343e-06 2.48463184e-05 2.11214844e-04 3.89514257e-04 6.54761664e-05 1.47641465e-04 2.33628964e-05 6.29027547e-06 1.25224034e-05 5.36489864e-06 1.39908114e-07 5.02211250e-10 1.00000000e-10
 1995 10 04 12 00 00  3.53170236e-03 2.14279489e-03 1.17310036e-03 8.28061799e-04 5.83528807e-04 3.35777387e-04 2.35221031e-04 1.92573555e-04 3.86104234e-04 1.13660055e-04 2.65323300e-03 3.88829857e-03 2.03068380e-04 5.91873674e-05 3.93051494e-05 1.05939023e-04 2.89633812e-05 4.76798188e-05 1.05187014e-04 6.52731454e-05 1.15901680e-04 1.40851442e-04 8.71996591e-05 6.47446850e-05 4.58015747e-06 8.58778949e-06 5.85392627e-06 2.24021738e-05 4.75713277e-06 1.52252655e-05 3.82869127e-05 3.50638118e-05 1.13883245e-05 4.08573025e-05 3.22551496e-05 1.33027119e-05 3.69737382e-05 4.27722774e-05 9.07116337e-06 3.42164685e-05 7.39079166e-05 2.19919166e-05 1.82253467e-04 3.39166816e-04 1.35666727e-05 1.04229907e-04 7.55768051e-06 2.47885211e-05 2.09790764e-04 3.88061357e-04 6.52456435e-05 1.46358386e-04 2.29913744e-05 6.15533318e-06 1.22114848e-05 5.16255809e-06 1.31153632e-07 2.15118945e-10 1.00000000e-10
 1995 10 05 12 00 00  3.53154506e-03 2.14247842e-03 1.17291846e-03 8.27961500e-04 5.83458471e-04 3.35774544e-04 2.35205907e-04 1.92551515e-04 3.86047509e-04 1.13600517e-04 2.65279398e-03 3.88829745e-03 2.03010313e-04 5.91445130e-05 3.92919479e-05 1.05910854e-04 2.89614400e-05 4.76774352e-05 1.05100150e-04 6.52018585e-05 1.15898778e-04 1.40848349e-04 8.71918732e-05 6.47196885e-05 4.58003487e-06 8.57234772e-06 5.85391608e-06 2.23977857e-05 4.75555898e-06 1.52217693e-05 3.82747364e-05 3.50631337e-05 1.13866088e-05 4.08358720e-05 3.21628904e-05 1.33026901e-05 3.69500810e-05 4.27520458e-05 9.05831912e-06 3.41632023e-05 7.38536332e-05 2.19317066e-05 1.82107124e-04 3.38317119e-04 1.35326848e-05 1.03951796e-04 7.55117726e-06 2.46718671e-05 2.09439226e-04 3.87616786e-04 6.50903241e-05 1.45804102e-04 2.23072705e-05 5.90672455e-06 1.16380269e-05 4.78180311e-06 1.14119447e-07 1.00000000e-10 1.00000000e-10
 1995 10 06 12 00 00  3.53150357e-03 2.14239930e-03 1.17287262e-03 8.27934151e-04 5.83437688e-04 3.35773362e-04 2.35201456e-04 1.92545077e-04 3.86031563e-04 1.13585393e-04 2.65267437e-03 3.88829708e-03 2.02995145e-04 5.91327444e-05 3.92883473e-05 1.05902582e-04 2.89604679e-05 4.76762449e-05 1.05074558e-04 6.51825860e-05 1.15897909e-04 1.40846801e-04 8.71895793e-05 6.47262757e-05 4.57997412e-06 8.58688436e-06 5.85391099e-06 2.23976911e-05 4.75517336e-06 1.52207633e-05 3.82721250e-05 3.50627961e-05 1.13857510e-05 4.08411616e-05 3.21400497e-05 1.33026799e-05 3.69455617e-05 4.27470090e-05 9.07041831e-06 3.41733698e-05 7.38393331e-05 2.19157591e-05 1.82161286e-04 3.38105467e-04 1.35242187e-05 1.03889576e-04 7.54792636e-06 2.46411772e-05 2.09339515e-04 3.87550126e-04 6.50473928e-05 1.46222554e-04 2.28979285e-05 6.12149631e-06 1.21340298e-05 5.11813918e-06 1.29675782e-07 1.88134841e-10 1.00000000e-10
 1995 10 07 12 00 00  3.53547739e-03 2.14509483e-03 1.17457212e-03 8.29210340e-04 5.84575060e-04 3.36264571e-04 2.35693945e-04 1.93089811e-04 3.87452749e-04 1.13982266e-04 2.66407245e-03 3.90954614e-03 2.03579631e-04 5.92833345e-05 3.93771349e-05 1.06335455e-04 2.90848984e-05 4.79933049e-05 1.05417540e-04 6.53498922e-05 1.16557752e-04 1.41688006e-04 8.75441006e-05 6.49031866e-05 4.58887043e-06 8.61798180e-06 5.85744565e-06 2.24437197e-05 4.75892411e-06 1.52518048e-05 3.84449230e-05 3.51141702e-05 1.14885523e-05 4.10294794e-05 3.23595275e-05 1.33196139e-05 3.72785826e-05 4.32041360e-05 9.09629380e-06 3.44496548e-05 7.48252541e-05 2.20575384e-05 1.84062555e-04 3.40125027e-04 1.36050011e-05 1.05897393e-04 8.23037699e-06 2.49161734e-05 2.12566719e-04 3.90943025e-04 6.57069556e-05 1.49189541e-04 2.42113910e-05 6.59896602e-06 1.32361108e-05 5.85831544e-06 1.63402853e-07 1.47832155e-09 1.00000000e-10
 1995 10 08 12 00 00  3.53938143e-03 2.14763449e-03 1.17618229e-03 8.30443206e-04 5.85686447e-04 3.36757060e-04 2.36181125e-04 1.93626090e-04 3.88850024e-04 1.14350012e-04 2.67528811e-03 3.93079594e-03 2.04136357e-04 5.94131188e-05 3.94594973e-05 1.06757937e-04 2.92112731e-05 4.83127485e-05 1.05719555e-04 6.54820469e-05 1.17219820e-04 1.42532309e-04 8.78966222e-05 6.50692730e-05 4.59788898e-06 8.64187678e-06 5.86099086e-06 2.24884956e-05 4.76188470e-06 1.52816803e-05 3.86146615e-05 3.51662253e-05 1.15930685e-05 4.12088751e-05 3.25327710e-05 1.33365684e-05 3.76031821e-05 4.36557835e-05 9.11617681e-06 3.47016225e-05 7.57957856e-05 2.21695140e-05 1.85911199e-04 3.41719178e-04 1.36687671e-05 1.07787646e-04 8.91933159e-06 2.51333491e-05 2.15661658e-04 3.94158367e-04 6.62953192e-05 1.51940609e-04 2.52168727e-05 6.96448765e-06 1.40798411e-05 6.42549733e-06 1.89284432e-07 2.84795814e-09 1.19721666e-10
 1995 10 09 12 00 00  3.54541814e-03 2.15181801e-03 1.17881241e-03 8.32407027e-04 5.87430911e-04 3.37497242e-04 2.36928318e-04 1.94454966e-04 3.91010359e-04 1.14971907e-04 2.69260718e-03 3.96267064e-03 2.05039598e-04 5.96584617e-05 3.95986519e-05 1.07422626e-04 2.94010737e-05 4.87922080e-05 1.06274621e-04 6.57649070e-05 1.18213168e-04 1.43799130e-04 8.84333080e-05 6.53308682e-05 4.61143209e-06 8.67350245e-06 5.86630958e-06 2.25587619e-05 4.76819550e-06 1.53302404e-05 3.88808134e-05 3.52443953e-05 1.17500531e-05 4.14886796e-05 3.29022325e-05 1.33620051e-05 3.81134124e-05 4.43528817e-05 9.14249322e-06 3.51118887e-05 7.73057176e-05 2.24089657e-05 1.88730530e-04 3.45119826e-04 1.38047930e-05 1.10923569e-04 9.95355222e-06 2.55976163e-05 2.20691683e-04 3.99408821e-04 6.73584238e-05 1.55964797e-04 2.65442502e-05 7.44703598e-06 1.51937426e-05 7.17477064e-06 2.23509200e-07 4.66166714e-09 2.84906232e-10
 1995 10 10 12 00 00  3.55305336e-03 2.15654206e-03 1.18182883e-03 8.34763314e-04 5.89579174e-04 3.38480159e-04 2.37886730e-04 1.95504027e-04 3.93743409e-04 1.15640757e-04 2.71456222e-03 4.00516987e-03 2.06088471e-04 5.98705218e-05 3.97487263e-05 1.08237726e-04 2.96528509e-05 4.94298991e-05 1.06784210e-04 6.59498735e-05 1.19537250e-04 1.45486173e-04 8.91303957e-05 6.56826048e-05 4.62940770e-06 8.76958075e-06 5.87339455e-06 2.26480623e-05 4.77234098e-06 1.53863178e-05 3.92096550e-05 3.53481679e-05 1.19582255e-05 4.18638581e-05 3.31447984e-05 1.33959038e-05 3.87442646e-05 4.52387241e-05 9.22243562e-06 3.56429998e-05 7.91969175e-05 2.25657073e-05 1.92604758e-04 3.47351866e-04 1.38940746e-05 1.14444136e-04 1.13281953e-05 2.59016175e-05 2.26506333e-04 4.05564720e-04 6.83645341e-05 1.62950356e-04 3.06117501e-05 8.92562985e-06 1.86064779e-05 9.46552445e-06 3.27797127e-07 1.01621939e-08 7.85211540e-10
 1995 10 11 12 00 00  3.56117930e-03 2.16229037e-03 1.18543281e-03 8.37428684e-04 5.91933116e-04 3.39466415e-04 2.38888889e-04 1.96618251e-04 3.96649315e-04 1.16501474e-04 2.73785660e-03 4.04766873e-03 2.07322507e-04 6.02187903e-05 3.99408262e-05 1.09135257e-04 2.99046282e-05 5.00675873e-05 1.07564003e-04 6.63629908e-05 1.20862109e-04 1.47173218e-04 8.98486251e-05 6.60929048e-05 4.64738405e-06 8.88860231e-06 5.88047915e-06 2.27477939e-05 4.78162401e-06 1.54524328e-05 3.95714015e-05 3.54519376e-05 1.21663979e-05 4.22884979e-05 3.36878205e-05 1.34298054e-05 3.94419260e-05 4.61786918e-05 9.32146795e-06 3.63070566e-05 8.12357578e-05 2.29159632e-05 1.96777390e-04 3.52347897e-04 1.40939159e-05 1.18802258e-04 1.27028368e-05 2.65810726e-05 2.33360991e-04 4.12976461e-04 6.98559858e-05 1.70735112e-04 3.56556603e-05 1.07591512e-05 2.28383596e-05 1.23054136e-05 4.57033946e-07 1.69747885e-08 1.40476031e-09
 1995 10 12 12 00 00  3.56775590e-03 2.16761435e-03 1.18871693e-03 8.39731677e-04 5.93899447e-04 3.40208083e-04 2.39683040e-04 1.97517714e-04 3.98998832e-04 1.17336844e-04 2.75663847e-03 4.07954305e-03 2.08431258e-04 6.06156314e-05 4.01267383e-05 1.09888867e-04 3.00920015e-05 5.05440752e-05 1.08418681e-04 6.68999855e-05 1.21853262e-04 1.48436181e-04 9.04073166e-05 6.64182425e-05 4.66077436e-06 8.94507466e-06 5.88578587e-06 2.28288932e-05 4.79366718e-06 1.55117068e-05 3.98716970e-05 3.55292577e-05 1.23212405e-05 4.26218233e-05 3.43924796e-05 1.34552145e-05 4.00238056e-05 4.69323012e-05 9.36845609e-06 3.68633437e-05 8.29005945e-05 2.33710714e-05 1.99910839e-04 3.58831760e-04 1.43532704e-05 1.22854392e-04 1.37289433e-05 2.74638063e-05 2.39515146e-04 4.19589995e-04 7.14552773e-05 1.75594334e-04 3.80363295e-05 1.16245823e-05 2.48359740e-05 1.36476639e-05 5.18239716e-07 2.02104729e-08 1.69925407e-09
 1995 10 13 12 00 00  3.56406705e-03 2.16550994e-03 1.18735670e-03 8.38635399e-04 5.92882898e-04 3.39719264e-04 2.39216281e-04 1.97011201e-04 3.97678513e-04 1.17050827e-04 2.74602083e-03 4.05829400e-03 2.07953984e-04 6.05440966e-05 4.00623323e-05 1.09504412e-04 2.99680571e-05 5.02276060e-05 1.08233070e-04 6.68649212e-05 1.21193431e-04 1.47595747e-04 9.00653206e-05 6.62461662e-05 4.65190860e-06 8.88660361e-06 5.88225339e-06 2.27863994e-05 4.79287628e-06 1.54865675e-05 3.97170021e-05 3.54780525e-05 1.22188692e-05 4.24377320e-05 3.43462394e-05 1.34382848e-05 3.97256124e-05 4.65051581e-05 9.31980903e-06 3.66106879e-05 8.19981927e-05 2.33413157e-05 1.97978090e-04 3.58406419e-04 1.43362567e-05 1.21306881e-04 1.30481174e-05 2.74060701e-05 2.36896990e-04 4.16803788e-04 7.10779786e-05 1.71803999e-04 3.55423786e-05 1.07180398e-05 2.27438054e-05 1.22458791e-05 4.54606396e-07 1.68680732e-08 1.39559386e-09
 1995 10 14 12 00 00  3.57690432e-03 2.17146733e-03 1.19128140e-03 8.41619627e-04 5.95571315e-04 3.41328277e-04 2.40791317e-04 1.98557428e-04 4.00881977e-04 1.17928635e-04 2.77672716e-03 4.10652645e-03 2.09448525e-04 6.08788317e-05 4.03633608e-05 1.11540703e-04 3.07083712e-05 5.18994115e-05 1.09114666e-04 6.70066744e-05 1.24378742e-04 1.51678911e-04 9.17130363e-05 6.68906337e-05 4.69810802e-06 8.86499547e-06 5.89858500e-06 2.30260622e-05 4.79602968e-06 1.56447675e-05 4.06826035e-05 3.57454235e-05 1.29004387e-05 4.31885534e-05 3.45309236e-05 1.35112728e-05 4.13021238e-05 4.87882029e-05 9.30183160e-06 3.75059707e-05 8.70180648e-05 2.34612424e-05 2.06857495e-04 3.60106597e-04 1.44042639e-05 1.30100497e-04 1.71384745e-05 2.76385515e-05 2.52503972e-04 4.32337566e-04 7.32418099e-05 1.82995913e-04 3.46165629e-05 1.03815194e-05 2.19672138e-05 1.17261228e-05 4.31053519e-07 1.56340526e-08 1.28356117e-09
 1995 10 15 12 00 00  3.57054997e-03 2.16713967e-03 1.18853725e-03 8.39557956e-04 5.93719284e-04 3.40522374e-04 2.39982484e-04 1.97662389e-04 3.98577748e-04 1.17282845e-04 2.75834289e-03 4.07366566e-03 2.08500408e-04 6.06393422e-05 4.02215551e-05 1.10872190e-04 3.05167952e-05 5.14089130e-05 1.08582882e-04 6.67438027e-05 1.23361048e-04 1.50383159e-04 9.11692001e-05 6.66064248e-05 4.68440412e-06 8.80011139e-06 5.89342999e-06 2.29554229e-05 4.79010050e-06 1.55972653e-05 4.04096376e-05 3.56664212e-05 1.27351639e-05 4.28841149e-05 3.41841805e-05 1.34854505e-05 4.07827692e-05 4.80715500e-05 9.24784617e-06 3.70461499e-05 8.54575821e-05 2.32381746e-05 2.03782343e-04 3.56917176e-04 1.42766870e-05 1.26927520e-04 1.60503565e-05 2.72057019e-05 2.47448843e-04 4.26941425e-04 7.22015471e-05 1.77800754e-04 3.18562238e-05 9.37812920e-06 1.96514501e-05 1.01735445e-05 3.60504339e-07 1.19230471e-08 9.46277101e-10
 1995 10 16 12 00 00  3.57588815e-03 2.17076635e-03 1.19083777e-03 8.41304879e-04 5.95297996e-04 3.41204989e-04 2.40666601e-04 1.98420405e-04 4.00522645e-04 1.17824637e-04 2.77386416e-03 4.10128534e-03 2.09297732e-04 6.08431206e-05 4.03408899e-05 1.11441587e-04 3.06847243e-05 5.18280140e-05 1.09042470e-04 6.69678324e-05 1.24219848e-04 1.51477404e-04 9.16285006e-05 6.68283871e-05 4.69636034e-06 8.82829263e-06 5.89778683e-06 2.30153128e-05 4.79501250e-06 1.56385888e-05 4.06435126e-05 3.57352430e-05 1.28797867e-05 4.31266875e-05 3.44722968e-05 1.35071139e-05 4.12223048e-05 4.86807139e-05 9.27129513e-06 3.73998255e-05 8.67887689e-05 2.34271196e-05 2.06262697e-04 3.59571825e-04 1.43828730e-05 1.29615151e-04 1.69829844e-05 2.75715895e-05 2.51792912e-04 4.31486099e-04 7.30939043e-05 1.81409937e-04 3.30491358e-05 9.81177022e-06 2.06523369e-05 1.08453985e-05 3.91092470e-07 1.35364949e-08 1.09303269e-09
 1995 10 17 12 00 00  3.57610474e-03 2.17091291e-03 1.19093082e-03 8.41376762e-04 5.95363567e-04 3.41233056e-04 2.40694666e-04 1.98451568e-04 4.00602161e-04 1.17846574e-04 2.77449904e-03 4.10240665e-03 2.09330147e-04 6.08515576e-05 4.03457441e-05 1.11465213e-04 3.06920003e-05 5.18454821e-05 1.09061909e-04 6.69771456e-05 1.24254765e-04 1.51522181e-04 9.16473000e-05 6.68310752e-05 4.69687511e-06 8.82066743e-06 5.89796437e-06 2.30173176e-05 4.79520713e-06 1.56403600e-05 4.06530851e-05 3.57381970e-05 1.28860382e-05 4.31313099e-05 3.44837783e-05 1.35079914e-05 4.12396070e-05 4.87055370e-05 9.26495268e-06 3.74025084e-05 8.68434464e-05 2.34348889e-05 2.06320907e-04 3.59677898e-04 1.43871159e-05 1.29720931e-04 1.70220563e-05 2.75865896e-05 2.51975639e-04 4.31648387e-04 7.31313358e-05 1.81263092e-04 3.26944195e-05 9.68290192e-06 2.03552687e-05 1.06503705e-05 3.82528185e-07 1.31084974e-08 1.05470424e-09
 1995 10 18 12 00 00  3.56761343e-03 2.16513377e-03 1.18726588e-03 8.38615163e-04 5.92878636e-04 3.40153671e-04 2.39611781e-04 1.97252835e-04 3.97518993e-04 1.16983919e-04 2.74989800e-03 4.05848846e-03 2.08062812e-04 6.05304012e-05 4.01561617e-05 1.10568442e-04 3.04329238e-05 5.11869381e-05 1.08345836e-04 6.66244538e-05 1.22893765e-04 1.49788149e-04 9.09194986e-05 6.64766013e-05 4.67836726e-06 8.77104903e-06 5.89106494e-06 2.29243386e-05 4.78731345e-06 1.55762581e-05 4.02870726e-05 3.56315490e-05 1.26626401e-05 4.27455319e-05 3.40218190e-05 1.34734946e-05 4.05468219e-05 4.77460079e-05 9.22367763e-06 3.68352876e-05 8.47515741e-05 2.31361177e-05 2.02387015e-04 3.55426679e-04 1.42170672e-05 1.25487878e-04 1.55598507e-05 2.70071760e-05 2.45177614e-04 4.24509899e-04 7.17331130e-05 1.75416401e-04 3.05329173e-05 8.89731132e-06 1.85427627e-05 9.44212761e-06 3.28124496e-07 1.02844584e-08 7.98991362e-10
 1995 10 19 12 00 00  3.55614193e-03 2.15732794e-03 1.18231556e-03 8.34881584e-04 5.89517391e-04 3.38694423e-04 2.38147994e-04 1.95632259e-04 3.93352049e-04 1.15818633e-04 2.71664880e-03 3.99915464e-03 2.06350531e-04 6.00960512e-05 3.99000045e-05 1.09355504e-04 3.00816348e-05 5.02959592e-05 1.07376414e-04 6.61473954e-05 1.21055398e-04 1.47444481e-04 8.99358164e-05 6.60287882e-05 4.65328194e-06 8.74793986e-06 5.88173862e-06 2.28011756e-05 4.77666254e-06 1.54893986e-05 3.97929467e-05 3.54870164e-05 1.23597725e-05 4.22504314e-05 3.33983160e-05 1.34268965e-05 3.96143929e-05 4.64503859e-05 9.20445891e-06 3.61262400e-05 8.19254281e-05 2.27322089e-05 1.97290316e-04 3.49688053e-04 1.39875221e-05 1.19790961e-04 1.35810536e-05 2.62239948e-05 2.35975800e-04 4.14985555e-04 6.98407643e-05 1.68889455e-04 2.94856703e-05 8.51678742e-06 1.76652823e-05 8.86259104e-06 3.02420933e-07 8.98004267e-09 6.81645851e-10
 1995 10 20 12 00 00  3.55196202e-03 2.15703028e-03 1.18203314e-03 8.34692225e-04 5.89397541e-04 3.38245718e-04 2.37723319e-04 1.95353597e-04 3.93351472e-04 1.15786854e-04 2.71133354e-03 3.99454832e-03 2.06130287e-04 6.00409483e-05 3.97800926e-05 1.08176398e-04 2.95962207e-05 4.92782157e-05 1.07104041e-04 6.62765349e-05 1.19215173e-04 1.45074448e-04 8.89946025e-05 6.56860128e-05 4.62531134e-06 8.77615239e-06 5.87165596e-06 2.26442148e-05 4.77964022e-06 1.53899004e-05 3.91868629e-05 3.53244337e-05 1.19117525e-05 4.18487068e-05 3.35720455e-05 1.33874986e-05 3.87015428e-05 4.51148430e-05 9.22794206e-06 3.57180923e-05 7.89888194e-05 2.28423291e-05 1.92127410e-04 3.51284040e-04 1.40513616e-05 1.14966556e-04 1.10056411e-05 2.64380185e-05 2.26840597e-04 4.06132297e-04 6.89181212e-05 1.62162016e-04 3.06170970e-05 8.92822827e-06 1.86156617e-05 9.50917004e-06 3.32478633e-07 1.06122787e-08 8.31294678e-10
 1995 10 21 12 00 00  3.55194456e-03 2.15699306e-03 1.18201096e-03 8.34679345e-04 5.89387958e-04 3.38246446e-04 2.37721531e-04 1.95350512e-04 3.93343372e-04 1.15779356e-04 2.71128439e-03 3.99454869e-03 2.06122366e-04 6.00331970e-05 3.97777527e-05 1.08172714e-04 2.95971899e-05 4.92794032e-05 1.07083970e-04 6.62640436e-05 1.19215925e-04 1.45075995e-04 8.89943378e-05 6.56719732e-05 4.62537246e-06 8.75904152e-06 5.87166105e-06 2.26429209e-05 4.77946451e-06 1.53896115e-05 3.91871941e-05 3.53247713e-05 1.19126096e-05 4.18366629e-05 3.35611025e-05 1.33875088e-05 3.86984625e-05 4.51130652e-05 9.21371975e-06 3.56907565e-05 7.89841244e-05 2.28325982e-05 1.92039820e-04 3.51179960e-04 1.40471984e-05 1.14926842e-04 1.10088935e-05 2.64196948e-05 2.26802188e-04 4.06030540e-04 6.88930250e-05 1.61555897e-04 2.97888406e-05 8.62739421e-06 1.79225214e-05 9.05818235e-06 3.12973275e-07 9.66086215e-09 7.46717088e-10
 1995 10 22 12 00 00  3.55367768e-03 2.15781221e-03 1.18255610e-03 8.35154395e-04 5.89845812e-04 3.38491355e-04 2.37944584e-04 1.95587735e-04 3.93961224e-04 1.15877884e-04 2.71628712e-03 4.00517359e-03 2.06316979e-04 6.00335145e-05 3.97990998e-05 1.08344990e-04 2.96606187e-05 4.94394219e-05 1.07098869e-04 6.62229955e-05 1.19546555e-04 1.45498525e-04 8.91612709e-05 6.57192085e-05 4.62989738e-06 8.74772595e-06 5.87343493e-06 2.26597031e-05 4.77870817e-06 1.54000009e-05 3.92591183e-05 3.53508833e-05 1.19650809e-05 4.18955457e-05 3.35158664e-05 1.33959882e-05 3.88302530e-05 4.53140252e-05 9.20432067e-06 3.57390560e-05 7.94016325e-05 2.27991768e-05 1.92767421e-04 3.50758559e-04 1.40303423e-05 1.15488632e-04 1.13541777e-05 2.63557362e-05 2.27872486e-04 4.07019616e-04 6.89592581e-05 1.62084178e-04 2.91929251e-05 8.41105102e-06 1.74245458e-05 8.73997869e-06 2.99641124e-07 9.04470667e-09 6.92878244e-10
 1995 10 23 12 00 00  3.55307323e-03 2.15655517e-03 1.18183320e-03 8.34769393e-04 5.89585798e-04 3.38488026e-04 2.37889695e-04 1.95505378e-04 3.93743827e-04 1.15641249e-04 2.71463028e-03 4.00517359e-03 2.06086942e-04 5.98603794e-05 3.97457955e-05 1.08241096e-04 2.96615879e-05 4.94406093e-05 1.06745164e-04 6.59342390e-05 1.19546036e-04 1.45500061e-04 8.91356990e-05 6.56260387e-05 4.62995777e-06 8.69012802e-06 5.87343966e-06 2.26449807e-05 4.77243193e-06 1.53876356e-05 3.92210307e-05 3.53512267e-05 1.19659366e-05 4.18161018e-05 3.31474002e-05 1.33959984e-05 3.87462587e-05 4.52466383e-05 9.15641067e-06 3.55356143e-05 7.92182551e-05 2.25561002e-05 1.92257080e-04 3.47361672e-04 1.38944669e-05 1.14437766e-04 1.13574148e-05 2.58853135e-05 2.26579862e-04 4.05364978e-04 6.83460700e-05 1.60118346e-04 2.66533552e-05 7.48812367e-06 1.52955237e-05 7.32479655e-06 2.36213168e-07 5.77460924e-09 3.97351263e-10
 1995 10 24 12 00 00  3.55088575e-03 2.15479658e-03 1.18074605e-03 8.34000694e-04 5.88925594e-04 3.38241203e-04 2.37624310e-04 1.95204115e-04 3.92958115e-04 1.15364725e-04 2.70837407e-03 3.99454944e-03 2.05717648e-04 5.97248282e-05 3.96829213e-05 1.07988275e-04 2.95996171e-05 4.92823776e-05 1.06444396e-04 6.57509023e-05 1.19215605e-04 1.45079850e-04 8.89498985e-05 6.54999584e-05 4.62552489e-06 8.64634858e-06 5.87167378e-06 2.26163399e-05 4.76852510e-06 1.53679192e-05 3.91231543e-05 3.53256240e-05 1.19147517e-05 4.16893923e-05 3.29175557e-05 1.33875335e-05 3.85512398e-05 4.49948828e-05 9.11999668e-06 3.53172608e-05 7.86622511e-05 2.24024217e-05 1.91091339e-04 3.45240249e-04 1.38096099e-05 1.13077704e-04 1.10170076e-05 2.55883235e-05 2.24524706e-04 4.03076005e-04 6.78040823e-05 1.57647019e-04 2.47046924e-05 6.77998567e-06 1.36621860e-05 6.24152850e-06 1.87837676e-07 3.29405303e-09 1.73526760e-10
 1995 10 25 12 00 00  3.55031993e-03 2.15642409e-03 1.18160190e-03 8.34254723e-04 5.88946353e-04 3.38004583e-04 2.37503566e-04 1.95118675e-04 3.92744965e-04 1.15722906e-04 2.70654249e-03 3.98392491e-03 2.05961397e-04 6.00417873e-05 3.97596224e-05 1.08008291e-04 2.95366743e-05 4.91229584e-05 1.07044434e-04 6.63251034e-05 1.18885421e-04 1.44658092e-04 8.88334607e-05 6.55366031e-05 4.62103162e-06 8.63571113e-06 5.86990245e-06 2.26192096e-05 4.78159491e-06 1.53812905e-05 3.91309496e-05 3.52996780e-05 1.18627089e-05 4.17003451e-05 3.36810888e-05 1.33790585e-05 3.85715283e-05 4.49187581e-05 9.11115858e-06 3.54825232e-05 7.85877721e-05 2.28906458e-05 1.90689066e-04 3.52259690e-04 1.40903876e-05 1.14455562e-04 1.06733525e-05 2.65362993e-05 2.25905393e-04 4.04804868e-04 6.88721405e-05 1.56465229e-04 2.41705632e-05 6.58602298e-06 1.32154810e-05 5.95319636e-06 1.75538871e-07 2.70777578e-09 1.21781885e-10
 1995 10 26 12 00 00  3.54806698e-03 2.15454469e-03 1.18044528e-03 8.33443979e-04 5.88253894e-04 3.37754672e-04 2.37230999e-04 1.94807531e-04 3.91935265e-04 1.15423629e-04 2.70009582e-03 3.97329852e-03 2.05569619e-04 5.98903051e-05 3.96918411e-05 1.07742514e-04 2.94717844e-05 4.89611470e-05 1.06711948e-04 6.61155267e-05 1.18552382e-04 1.44233225e-04 8.86433306e-05 6.54345904e-05 4.61641466e-06 8.63390596e-06 5.86812093e-06 2.25913898e-05 4.77709546e-06 1.53598470e-05 3.90274528e-05 3.52730567e-05 1.18089491e-05 4.15936164e-05 3.34165787e-05 1.33705631e-05 3.83701122e-05 4.46584652e-05 9.10966555e-06 3.53060794e-05 7.80073774e-05 2.27146884e-05 1.89697931e-04 3.49819378e-04 1.39927751e-05 1.13007794e-04 1.03231796e-05 2.61960638e-05 2.23688558e-04 4.02469767e-04 6.82689417e-05 1.55287444e-04 2.40297899e-05 6.53500426e-06 1.30984760e-05 5.88349718e-06 1.73001175e-07 2.62183648e-09 1.15178500e-10
 1995 10 27 12 00 00  3.54260966e-03 2.15158228e-03 1.17851475e-03 8.31842668e-04 5.86746218e-04 3.37017087e-04 2.36534162e-04 1.94053905e-04 3.89976438e-04 1.15029899e-04 2.68434628e-03 3.94142382e-03 2.04885530e-04 5.98048633e-05 3.96020766e-05 1.07172859e-04 2.92805256e-05 4.84799064e-05 1.06469477e-04 6.61012717e-05 1.17558278e-04 1.42964098e-04 8.81308400e-05 6.52461172e-05 4.60277988e-06 8.63571404e-06 5.86279493e-06 2.25333941e-05 4.77692847e-06 1.53228853e-05 3.88000896e-05 3.51943803e-05 1.16506802e-05 4.13751072e-05 3.34059150e-05 1.33451118e-05 3.79385630e-05 4.40235789e-05 9.11117822e-06 3.50604084e-05 7.66670654e-05 2.27038778e-05 1.87256748e-04 3.49716373e-04 1.39886549e-05 1.10860874e-04 9.28409281e-06 2.61759036e-05 2.19866327e-04 3.98700439e-04 6.77743215e-05 1.52331924e-04 2.40496284e-05 6.54235200e-06 1.31160974e-05 5.90311465e-06 1.74454272e-07 2.74070104e-09 1.27059241e-10
 1995 10 28 12 00 00  3.53850278e-03 2.14864722e-03 1.17667620e-03 8.30477654e-04 5.85537445e-04 3.36519660e-04 2.36026089e-04 1.93487330e-04 3.88503050e-04 1.14587044e-04 2.67255288e-03 3.92017215e-03 2.04254314e-04 5.96184109e-05 3.95023269e-05 1.06711527e-04 2.91502685e-05 4.81557043e-05 1.06047323e-04 6.58757344e-05 1.16891822e-04 1.42113633e-04 8.77675588e-05 6.50772844e-05 4.59351686e-06 8.63344103e-06 5.85923008e-06 2.24852193e-05 4.77202484e-06 1.52882472e-05 3.86159968e-05 3.51409632e-05 1.15427385e-05 4.11923629e-05 3.31180345e-05 1.33281137e-05 3.75871114e-05 4.35460260e-05 9.10929448e-06 3.47939508e-05 7.56252693e-05 2.25140087e-05 1.85424717e-04 3.47062529e-04 1.38825012e-05 1.08635761e-04 8.58216081e-06 2.58084474e-05 2.16296911e-04 3.95020021e-04 6.69797044e-05 1.50133264e-04 2.38983637e-05 6.48749715e-06 1.29901309e-05 5.82612485e-06 1.71493019e-07 2.62551314e-09 1.17620524e-10
 1995 10 29 12 00 00  3.53258799e-03 2.14473807e-03 1.17420249e-03 8.28587863e-04 5.83835727e-04 3.35777630e-04 2.35287805e-04 1.92672393e-04 3.86382692e-04 1.14015906e-04 2.65554941e-03 3.88829596e-03 2.03398754e-04 5.94071555e-05 3.93737486e-05 1.06064070e-04 2.89575546e-05 4.76726738e-05 1.05555228e-04 6.56509772e-05 1.15895623e-04 1.40842170e-04 8.72346057e-05 6.48469740e-05 4.57979040e-06 8.63197129e-06 5.85389571e-06 2.24183209e-05 4.76711648e-06 1.52417362e-05 3.83572034e-05 3.50617745e-05 1.13831818e-05 4.09383588e-05 3.28300259e-05 1.33026479e-05 3.70940824e-05 4.28598086e-05 9.10807939e-06 3.44483541e-05 7.41445903e-05 2.23246199e-05 1.82790166e-04 3.44408170e-04 1.37763268e-05 1.05717296e-04 7.53818604e-06 2.54418002e-05 2.11493972e-04 3.90127096e-04 6.60345697e-05 1.46989948e-04 2.37840452e-05 6.44606575e-06 1.28951111e-05 5.76950177e-06 1.69429785e-07 2.55548631e-09 1.12233711e-10
 1995 10 30 12 00 00  3.53078192e-03 2.14379952e-03 1.17358686e-03 8.28061211e-04 5.83332035e-04 3.35528210e-04 2.35054854e-04 1.92421297e-04 3.85733119e-04 1.13893668e-04 2.65031877e-03 3.87766883e-03 2.03178720e-04 5.93854210e-05 3.93459207e-05 1.05873682e-04 2.88897572e-05 4.75073030e-05 1.05487120e-04 6.56581018e-05 1.15558989e-04 1.40412701e-04 8.70622522e-05 6.47787746e-05 4.57499118e-06 8.62466477e-06 5.85209928e-06 2.23976976e-05 4.76732384e-06 1.52291430e-05 3.82783932e-05 3.50341317e-05 1.13268550e-05 4.08605820e-05 3.28418566e-05 1.32941204e-05 3.69480249e-05 4.26441832e-05 9.10200542e-06 3.43590915e-05 7.36885901e-05 2.23310490e-05 1.81920699e-04 3.44515518e-04 1.37806207e-05 1.05009959e-04 7.17829898e-06 2.54545244e-05 2.10215741e-04 3.88849659e-04 6.58875399e-05 1.45690049e-04 2.34271254e-05 6.31643438e-06 1.25964660e-05 5.57557626e-06 1.61071137e-07 2.15005211e-09 7.62544028e-11
 1995 10 31 12 00 00  3.52865751e-03 2.14219065e-03 1.17258737e-03 8.27335728e-04 5.82698548e-04 3.35277081e-04 2.34794226e-04 1.92128971e-04 3.84973197e-04 1.13646295e-04 2.64422532e-03 3.86704206e-03 2.02838617e-04 5.92765267e-05 3.92911608e-05 1.05631164e-04 2.88224430e-05 4.73425229e-05 1.05249807e-04 6.55187294e-05 1.15222963e-04 1.39983996e-04 8.68764419e-05 6.46868478e-05 4.57022215e-06 8.62228626e-06 5.85030575e-06 2.23717905e-05 4.76415626e-06 1.52101481e-05 3.81784332e-05 3.50066606e-05 1.12709560e-05 4.07631362e-05 3.26567650e-05 1.32855974e-05 3.67608565e-05 4.23951902e-05 9.10003073e-06 3.42097661e-05 7.31407251e-05 2.22125818e-05 1.80960434e-04 3.42813795e-04 1.37125518e-05 1.03774024e-04 6.82002646e-06 2.52245198e-05 2.08273273e-04 3.86829948e-04 6.54299435e-05 1.44516964e-04 2.32994534e-05 6.27008878e-06 1.24898099e-05 5.50769286e-06 1.58247235e-07 2.02120574e-09 6.50439924e-11
 1995 11 01 12 00 00  3.52650167e-03 2.14050447e-03 1.17154389e-03 8.26591756e-04 5.82056394e-04 3.35027497e-04 2.34531917e-04 1.91833651e-04 3.84203583e-04 1.13384697e-04 2.63805608e-03 3.85641605e-03 2.02485414e-04 5.91581667e-05 3.92334540e-05 1.05385148e-04 2.87570700e-05 4.71801235e-05 1.04995777e-04 6.53630064e-05 1.14889840e-04 1.39558368e-04 8.66902845e-05 6.46060316e-05 4.56557500e-06 8.63869936e-06 5.84852169e-06 2.23470539e-05 4.76058703e-06 1.51907911e-05 3.80783417e-05 3.49798676e-05 1.12167705e-05 4.06754295e-05 3.24484106e-05 1.32770961e-05 3.65729241e-05 4.21462281e-05 9.11368770e-06 3.40784207e-05 7.25915123e-05 2.20799717e-05 1.80093774e-04 3.40899054e-04 1.36359622e-05 1.02502246e-04 6.46824192e-06 2.49669072e-05 2.06282693e-04 3.84809602e-04 6.49412290e-05 1.43964533e-04 2.39854221e-05 6.51946953e-06 1.30655082e-05 5.89534113e-06 1.75982746e-07 2.96324671e-09 1.50895485e-10
 1995 11 02 12 00 00  3.52619481e-03 2.13987163e-03 1.17118130e-03 8.26399217e-04 5.81926970e-04 3.35023680e-04 2.34504080e-04 1.91792831e-04 3.84096262e-04 1.13266412e-04 2.63721397e-03 3.85641530e-03 2.02371436e-04 5.90757908e-05 3.92080111e-05 1.05333149e-04 2.87551287e-05 4.71777457e-05 1.04834949e-04 6.52249379e-05 1.14886896e-04 1.39555288e-04 8.66760705e-05 6.45681228e-05 4.56545276e-06 8.62303714e-06 5.84851150e-06 2.23400172e-05 4.75741144e-06 1.51842923e-05 3.80552841e-05 3.49791895e-05 1.12150577e-05 4.06434624e-05 3.22631153e-05 1.32770743e-05 3.65293467e-05 4.21100376e-05 9.10065646e-06 3.39939928e-05 7.24936337e-05 2.19623107e-05 1.79890261e-04 3.39196592e-04 1.35678637e-05 1.01974139e-04 6.46175395e-06 2.47382734e-05 2.05622532e-04 3.84013328e-04 6.46441191e-05 1.43410003e-04 2.33304681e-05 6.28136468e-06 1.25158456e-05 5.52527621e-06 1.59055481e-07 2.06441917e-09 6.89893254e-11
 1995 11 03 12 00 00  3.52831744e-03 2.14151230e-03 1.17219938e-03 8.27123287e-04 5.82550877e-04 3.35268252e-04 2.34761768e-04 1.92082920e-04 3.84855107e-04 1.13519902e-04 2.64327699e-03 3.86703908e-03 2.02716849e-04 5.91915149e-05 3.92648600e-05 1.05571623e-04 2.88151583e-05 4.73335938e-05 1.05088350e-04 6.53763127e-05 1.15213390e-04 1.39972415e-04 8.68580595e-05 6.46472439e-05 4.56976341e-06 8.60968939e-06 5.85026792e-06 2.23631188e-05 4.76075802e-06 1.52023289e-05 3.81471977e-05 3.50041140e-05 1.12645292e-05 4.07296739e-05 3.24592198e-05 1.32855173e-05 3.67088381e-05 4.23491912e-05 9.08954753e-06 3.41232597e-05 7.30179020e-05 2.20902002e-05 1.80732600e-04 3.41002597e-04 1.36401039e-05 1.03182426e-04 6.79566874e-06 2.49860721e-05 2.07511103e-04 3.85938329e-04 6.51141054e-05 1.43994582e-04 2.27776984e-05 6.08039543e-06 1.20518450e-05 5.21212602e-06 1.44677155e-07 1.29685804e-09 1.00000000e-10
 1995 11 04 12 00 00  3.53371552e-03 2.14439080e-03 1.17408079e-03 8.28683790e-04 5.84019678e-04 3.35999282e-04 2.35449727e-04 1.92825078e-04 3.86789285e-04 1.13897216e-04 2.65883283e-03 3.89891118e-03 2.03383273e-04 5.92640938e-05 3.93507189e-05 1.06125725e-04 2.89996242e-05 4.78065136e-05 1.05300790e-04 6.53704803e-05 1.16199203e-04 1.41230765e-04 8.73644902e-05 6.48358686e-05 4.58297072e-06 8.61684093e-06 5.85555899e-06 2.24188526e-05 4.76054374e-06 1.52371249e-05 3.83657101e-05 3.50804097e-05 1.14168040e-05 4.09472595e-05 3.24471737e-05 1.33108959e-05 3.71285921e-05 4.29695934e-05 9.09549344e-06 3.43687942e-05 7.43201259e-05 2.20845584e-05 1.83163692e-04 3.40894420e-04 1.36357768e-05 1.05221384e-04 7.81205017e-06 2.49746954e-05 2.11147346e-04 3.89539092e-04 6.55532900e-05 1.47122670e-04 2.31131073e-05 6.20224289e-06 1.23326997e-05 5.39616377e-06 1.52733408e-07 1.69748127e-09 3.47660234e-11
 1995 11 05 12 00 00  3.54004985e-03 2.14920157e-03 1.17707153e-03 8.30836732e-04 5.85889637e-04 3.36739778e-04 2.36223258e-04 1.93693870e-04 3.89056126e-04 1.14637100e-04 2.67696175e-03 3.93078513e-03 2.04400908e-04 5.95957533e-05 3.95164580e-05 1.06840543e-04 2.91874836e-05 4.82835865e-05 1.06031436e-04 6.57975383e-05 1.17190187e-04 1.42494490e-04 8.79130102e-05 6.51214019e-05 4.59639123e-06 8.64640533e-06 5.86086753e-06 2.24940157e-05 4.76999412e-06 1.52915779e-05 3.86484455e-05 3.51579016e-05 1.15720744e-05 4.12474366e-05 3.30008945e-05 1.33363093e-05 3.76759074e-05 4.36965271e-05 9.12008763e-06 3.48396624e-05 7.59130588e-05 2.24454416e-05 1.86072053e-04 3.45993545e-04 1.38397418e-05 1.08851817e-04 8.83977118e-06 2.56739906e-05 2.16802137e-04 3.95500039e-04 6.69199123e-05 1.51146252e-04 2.44055728e-05 6.67197505e-06 1.34164084e-05 6.11797636e-06 1.85190766e-07 3.37897381e-09 1.86937088e-10
 1995 11 06 12 00 00  3.54767211e-03 2.15388622e-03 1.18006632e-03 8.33187503e-04 5.88038882e-04 3.37723948e-04 2.37181878e-04 1.94743011e-04 3.91787418e-04 1.15299211e-04 2.69889308e-03 3.97328474e-03 2.05444409e-04 5.98053542e-05 3.96657104e-05 1.07655901e-04 2.94407160e-05 4.89230617e-05 1.06540451e-04 6.59775396e-05 1.18513569e-04 1.44183841e-04 8.86103053e-05 6.54022238e-05 4.61445889e-06 8.64440735e-06 5.86796014e-06 2.25771455e-05 4.77391986e-06 1.53476491e-05 3.89735921e-05 3.52621806e-05 1.17815303e-05 4.15632377e-05 3.32312862e-05 1.33702255e-05 3.82955966e-05 4.45780254e-05 9.11842217e-06 3.52399165e-05 7.77966292e-05 2.25970725e-05 1.89448745e-04 3.48117028e-04 1.39246811e-05 1.12289774e-04 1.02192767e-05 2.59675115e-05 2.22610294e-04 4.01340921e-04 6.79184104e-05 1.55095555e-04 2.43479026e-05 6.65094640e-06 1.33675586e-05 6.08149035e-06 1.83264061e-07 3.25732055e-09 1.75364723e-10
 1995 11 07 12 00 00  3.55134699e-03 2.15591682e-03 1.18138559e-03 8.34279443e-04 5.89065992e-04 3.38219299e-04 2.37651500e-04 1.95251957e-04 3.93107665e-04 1.15572356e-04 2.70950881e-03 3.99453714e-03 2.05911530e-04 5.98699075e-05 3.97278769e-05 1.08044511e-04 2.95719423e-05 4.92484542e-05 1.06718218e-04 6.59991172e-05 1.19180418e-04 1.45035867e-04 8.89554726e-05 6.55154640e-05 4.62378302e-06 8.62076195e-06 5.87153008e-06 2.26159524e-05 4.77429166e-06 1.53735438e-05 3.91300600e-05 3.53159354e-05 1.18903314e-05 4.16989254e-05 3.32537253e-05 1.33872338e-05 3.85885339e-05 4.50087231e-05 9.09874361e-06 3.53813261e-05 7.87104081e-05 2.26144373e-05 1.90994337e-04 3.48327090e-04 1.39330836e-05 1.13775132e-04 1.09244706e-05 2.60005996e-05 2.25266580e-04 4.03897972e-04 6.82807509e-05 1.56398137e-04 2.33652481e-05 6.29369320e-06 1.25427697e-05 5.52533323e-06 1.57762910e-07 1.89859197e-09 5.14332688e-11
 1995 11 08 12 00 00  3.55521242e-03 2.15834154e-03 1.18293112e-03 8.35491913e-04 5.90174530e-04 3.38716383e-04 2.38138462e-04 1.95786629e-04 3.94495619e-04 1.15919461e-04 2.72064731e-03 4.01578955e-03 2.06450283e-04 5.99874140e-05 3.98063704e-05 1.08465733e-04 2.97036604e-05 4.95744462e-05 1.07002510e-04 6.61091937e-05 1.19849536e-04 1.45888654e-04 8.93090953e-05 6.56895683e-05 4.63313809e-06 8.65932525e-06 5.87510294e-06 2.26624241e-05 4.77663489e-06 1.54034126e-05 3.93011087e-05 3.53698619e-05 1.19995595e-05 4.18862098e-05 3.33916047e-05 1.34042479e-05 3.89132945e-05 4.54637592e-05 9.13082840e-06 3.56440722e-05 7.96880748e-05 2.27066907e-05 1.92929503e-04 3.49599779e-04 1.39839911e-05 1.15622031e-04 1.16312789e-05 2.61788751e-05 2.28332294e-04 4.07113128e-04 6.88322973e-05 1.59688047e-04 2.50196321e-05 6.89503324e-06 1.39304656e-05 6.45381757e-06 1.99817880e-07 4.10052632e-09 2.51301935e-10
 1995 11 09 12 00 00  3.55516335e-03 2.15818994e-03 1.18284554e-03 8.35465646e-04 5.90171731e-04 3.38723541e-04 2.38138589e-04 1.95784710e-04 3.94483348e-04 1.15892013e-04 2.72055317e-03 4.01579291e-03 2.06426177e-04 5.99698287e-05 3.98008580e-05 1.08464552e-04 2.97119113e-05 4.95845627e-05 1.06974269e-04 6.60778547e-05 1.19860359e-04 1.45901766e-04 8.93112520e-05 6.57007201e-05 4.63365759e-06 8.67904164e-06 5.87514551e-06 2.26649782e-05 4.77582289e-06 1.54035776e-05 3.93046217e-05 3.53727519e-05 1.20068420e-05 4.18970501e-05 3.33447679e-05 1.34043381e-05 3.89148794e-05 4.54698683e-05 9.14723059e-06 3.56587606e-05 7.97014203e-05 2.26792283e-05 1.93052765e-04 3.49172310e-04 1.39668924e-05 1.15570603e-04 1.16588722e-05 2.61250359e-05 2.28303304e-04 4.07121783e-04 6.87811098e-05 1.60406884e-04 2.58678738e-05 7.20334876e-06 1.46419279e-05 6.92951019e-06 2.21339783e-07 5.22554870e-09 3.53372998e-10
 1995 11 10 12 00 00  3.55165724e-03 2.15640724e-03 1.18167178e-03 8.34490737e-04 5.89254209e-04 3.38244791e-04 2.37693681e-04 1.95308320e-04 3.93234149e-04 1.15667596e-04 2.71048286e-03 3.99454907e-03 2.06011485e-04 5.99451924e-05 3.97507978e-05 1.08119653e-04 2.95976759e-05 4.92799969e-05 1.06891713e-04 6.61188795e-05 1.19214619e-04 1.45076767e-04 8.89821627e-05 6.55975763e-05 4.62540265e-06 8.69259457e-06 5.87166360e-06 2.26330926e-05 4.77657886e-06 1.53835754e-05 3.91708733e-05 3.53249459e-05 1.19130382e-05 4.17729717e-05 3.33900069e-05 1.33875146e-05 3.86551179e-05 4.50784280e-05 9.15849887e-06 3.55383029e-05 7.88909110e-05 2.27126351e-05 1.91602122e-04 3.49593846e-04 1.39837538e-05 1.14398247e-04 1.10105189e-05 2.61889625e-05 2.26164160e-04 4.05083281e-04 6.85840051e-05 1.59073027e-04 2.64965665e-05 7.43175556e-06 1.51684712e-05 7.27539766e-06 2.36543910e-07 5.98655738e-09 4.21555146e-10
 1995 11 11 12 00 00  3.54794452e-03 2.15419190e-03 1.18024967e-03 8.33385313e-04 5.88249914e-04 3.37765057e-04 2.37230400e-04 1.94804397e-04 3.91911760e-04 1.15362014e-04 2.69984966e-03 3.97330448e-03 2.05518318e-04 5.98622963e-05 3.96827736e-05 1.07740012e-04 2.94839265e-05 4.89760248e-05 1.06692328e-04 6.60624006e-05 1.18568856e-04 1.44252529e-04 8.86444149e-05 6.54615811e-05 4.61717937e-06 8.68451170e-06 5.86818387e-06 2.25961390e-05 4.77516733e-06 1.53593958e-05 3.90236495e-05 3.52773059e-05 1.18196614e-05 4.16209994e-05 3.33082920e-05 1.33706955e-05 3.83664379e-05 4.46641626e-05 9.15176279e-06 3.53465086e-05 7.80184543e-05 2.26635704e-05 1.89967268e-04 3.48846527e-04 1.39538611e-05 1.12866321e-04 1.03637794e-05 2.60930305e-05 2.23588730e-04 4.02481167e-04 6.81803063e-05 1.57061572e-04 2.62458100e-05 7.34038272e-06 1.49565065e-05 7.12056569e-06 2.28592651e-07 5.49913555e-09 3.75497944e-10
 1995 11 12 12 00 00  3.54791918e-03 2.15408072e-03 1.18018753e-03 8.33374889e-04 5.88260421e-04 3.37773706e-04 2.37233473e-04 1.94806503e-04 3.91908854e-04 1.15342333e-04 2.69982741e-03 3.97330895e-03 2.05502183e-04 5.98507117e-05 3.96790949e-05 1.07744144e-04 2.94936326e-05 4.89879283e-05 1.06677086e-04 6.60407357e-05 1.18580468e-04 1.44267964e-04 8.86483504e-05 6.54458174e-05 4.61779018e-06 8.66288901e-06 5.86823480e-06 2.25968219e-05 4.77454778e-06 1.53602550e-05 3.90284888e-05 3.52807052e-05 1.18282311e-05 4.16092448e-05 3.32728552e-05 1.33708003e-05 3.83678505e-05 4.46726103e-05 9.13375989e-06 3.53125256e-05 7.80396993e-05 2.26441029e-05 1.89895704e-04 3.48524795e-04 1.39409918e-05 1.12830543e-04 1.03962506e-05 2.60545698e-05 2.23623669e-04 4.02432982e-04 6.81524560e-05 1.56552977e-04 2.54065003e-05 7.03509895e-06 1.42509935e-05 6.63654407e-06 2.05805657e-07 4.24059259e-09 2.59590793e-10
 1995 11 13 12 00 00  3.54946466e-03 2.15446797e-03 1.18048742e-03 8.33738744e-04 5.88658401e-04 3.38022244e-04 2.37443976e-04 1.95023961e-04 3.92468043e-04 1.15361620e-04 2.70435370e-03 3.98393609e-03 2.05623451e-04 5.98004331e-05 3.96846733e-05 1.07892100e-04 2.95624021e-05 4.91544954e-05 1.06604440e-04 6.59125566e-05 1.18916747e-04 1.44698978e-04 8.88099861e-05 6.54507809e-05 4.62265089e-06 8.61291628e-06 5.87003597e-06 2.26092521e-05 4.77156354e-06 1.53676778e-05 3.90887702e-05 3.53086856e-05 1.18854136e-05 4.16339163e-05 3.30989482e-05 1.33793394e-05 3.84743018e-05 4.48585111e-05 9.09217197e-06 3.52720818e-05 7.84164818e-05 2.25345706e-05 1.90381737e-04 3.46928114e-04 1.38771246e-05 1.13065702e-04 1.07593864e-05 2.58415414e-05 2.24361777e-04 4.02914690e-04 6.80438734e-05 1.56025826e-04 2.33332705e-05 6.28134871e-06 1.25107712e-05 5.46261487e-06 1.51942867e-07 1.36808254e-09 1.00000000e-10
 1995 11 14 12 00 00  3.55456495e-03 2.15668385e-03 1.18198899e-03 8.35113513e-04 5.90014559e-04 3.38758242e-04 2.38108831e-04 1.95729538e-04 3.94299411e-04 1.15615045e-04 2.71912805e-03 4.01581228e-03 2.06171545e-04 5.97840835e-05 3.97430777e-05 1.08401172e-04 2.97546329e-05 4.96369263e-05 1.06641249e-04 6.57567405e-05 1.19912536e-04 1.45969668e-04 8.93075895e-05 6.56252599e-05 4.63634678e-06 8.63424357e-06 5.87536742e-06 2.26624158e-05 4.76799432e-06 1.53974095e-05 3.92952885e-05 3.53877054e-05 1.20445417e-05 4.18403675e-05 3.28905735e-05 1.34048023e-05 3.88624154e-05 4.54570554e-05 9.10991439e-06 3.54726975e-05 7.96553088e-05 2.24018979e-05 1.92814127e-04 3.45013127e-04 1.38005251e-05 1.14630725e-04 1.18017357e-05 2.55838153e-05 2.27426843e-04 4.05891178e-04 6.81782110e-05 1.59642180e-04 2.42679733e-05 6.62105047e-06 1.32944638e-05 5.98429170e-06 1.75378598e-07 2.58050084e-09 1.07196241e-10
 1995 11 15 12 00 00  3.55572535e-03 2.15628292e-03 1.18183568e-03 8.35231955e-04 5.90243711e-04 3.39002373e-04 2.38283370e-04 1.95893806e-04 3.94719932e-04 1.15485984e-04 2.72258998e-03 4.02643904e-03 2.06148354e-04 5.96260224e-05 3.97154675e-05 1.08481596e-04 2.98214611e-05 4.98011126e-05 1.06350054e-04 6.54490374e-05 1.20248247e-04 1.46397602e-04 8.94516266e-05 6.56526788e-05 4.64108562e-06 8.66240007e-06 5.87715876e-06 2.26723449e-05 4.76108216e-06 1.53966296e-05 3.93321944e-05 3.54150077e-05 1.21000128e-05 4.18833862e-05 3.24862194e-05 1.34133181e-05 3.89253722e-05 4.56027351e-05 9.13334006e-06 3.54537053e-05 7.99183568e-05 2.21410228e-05 1.93546430e-04 3.41292807e-04 1.36517123e-05 1.14267448e-04 1.21583857e-05 2.50777579e-05 2.27323669e-04 4.05661876e-04 6.76838011e-05 1.61462613e-04 2.54810665e-05 7.06197657e-06 1.43119171e-05 6.66434892e-06 2.06130512e-07 4.18677786e-09 2.52899213e-10
 1995 11 16 12 00 00  3.55759848e-03 2.15737790e-03 1.18254026e-03 8.35798491e-04 5.90768491e-04 3.39250041e-04 2.38520672e-04 1.96151917e-04 3.95390616e-04 1.15636990e-04 2.72798934e-03 4.03706469e-03 2.06395069e-04 5.96665319e-05 3.97491392e-05 1.08680524e-04 2.98868341e-05 4.99635120e-05 1.06451167e-04 6.54741831e-05 1.20581467e-04 1.46823229e-04 8.96256091e-05 6.57148217e-05 4.64573204e-06 8.65405163e-06 5.87894210e-06 2.26924839e-05 4.76168207e-06 1.54102216e-05 3.94136495e-05 3.54418007e-05 1.21541991e-05 4.19554987e-05 3.25210742e-05 1.34218208e-05 3.90769609e-05 4.58216432e-05 9.12639371e-06 3.55361869e-05 8.03847085e-05 2.21626353e-05 1.94349477e-04 3.41612434e-04 1.36644973e-05 1.15071026e-04 1.25101709e-05 2.51198653e-05 2.28717741e-04 4.07026957e-04 6.78948281e-05 1.62209958e-04 2.51176261e-05 6.92988451e-06 1.40071531e-05 6.46115245e-06 1.96978537e-07 3.71150861e-09 2.09859086e-10
 1995 11 17 12 00 00  3.55863607e-03 2.15954509e-03 1.18378310e-03 8.36451188e-04 5.91201845e-04 3.39257098e-04 2.38612914e-04 1.96289241e-04 3.95755199e-04 1.16042743e-04 2.73081835e-03 4.03706469e-03 2.06786337e-04 5.99537043e-05 3.98377630e-05 1.08854284e-04 2.98868341e-05 4.99635120e-05 1.07018511e-04 6.59553858e-05 1.20581505e-04 1.46823229e-04 8.96703003e-05 6.57941195e-05 4.64573204e-06 8.64049580e-06 5.87894210e-06 2.27104496e-05 4.77255744e-06 1.54314214e-05 3.94817677e-05 3.54418007e-05 1.21541991e-05 4.20223135e-05 3.31568910e-05 1.34218208e-05 3.92118100e-05 4.59328523e-05 9.11511961e-06 3.57355975e-05 8.06907541e-05 2.25711396e-05 1.94664800e-04 3.47460177e-04 1.38984071e-05 1.16800357e-04 1.25101709e-05 2.59126478e-05 2.30913119e-04 4.09484523e-04 6.89184309e-05 1.61923885e-04 2.45132846e-05 6.71027101e-06 1.35006197e-05 6.12533490e-06 1.81991162e-07 2.94370932e-09 1.40597833e-10
 1995 11 18 12 00 00  3.55847568e-03 2.15922938e-03 1.18360075e-03 8.36346705e-04 5.91125579e-04 3.39253763e-04 2.38596621e-04 1.96265439e-04 3.95695023e-04 1.15982771e-04 2.73036405e-03 4.03706357e-03 2.06726913e-04 5.99082245e-05 3.98238114e-05 1.08823875e-04 2.98844039e-05 4.99605318e-05 1.06921735e-04 6.58803969e-05 1.20578351e-04 1.46819357e-04 8.96621172e-05 6.57788858e-05 4.64557888e-06 8.63905370e-06 5.87893010e-06 2.27067071e-05 4.77100402e-06 1.54277367e-05 3.94705313e-05 3.54409509e-05 1.21520548e-05 4.20086318e-05 3.30652256e-05 1.34217931e-05 3.91891531e-05 4.59122077e-05 9.11392563e-06 3.56998939e-05 8.06345855e-05 2.25086493e-05 1.94586768e-04 3.46612606e-04 1.38645042e-05 1.16524639e-04 1.25020408e-05 2.57921201e-05 2.30542280e-04 4.09063161e-04 6.87540413e-05 1.61794664e-04 2.44138582e-05 6.67422016e-06 1.34178598e-05 6.07505691e-06 1.80081373e-07 2.87156698e-09 1.34760048e-10
 1995 11 19 12 00 00  3.55661399e-03 2.15817513e-03 1.18291770e-03 8.35782619e-04 5.90595329e-04 3.39004787e-04 2.38358308e-04 1.96005897e-04 3.95023344e-04 1.15838194e-04 2.72497865e-03 4.02643681e-03 2.06484421e-04 5.98676060e-05 3.97902215e-05 1.08623036e-04 2.98175757e-05 4.97963454e-05 1.06810352e-04 6.58565434e-05 1.20242642e-04 1.46391423e-04 8.94878478e-05 6.56989034e-05 4.64084078e-06 8.62151210e-06 5.87713876e-06 2.26845334e-05 4.77064568e-06 1.54140588e-05 3.93900685e-05 3.54136457e-05 1.20965844e-05 4.19204315e-05 3.30431620e-05 1.34132759e-05 3.90358379e-05 4.56910186e-05 9.09933660e-06 3.55852362e-05 8.01631097e-05 2.24898948e-05 1.93650234e-04 3.46403932e-04 1.38561573e-05 1.15718314e-04 1.21453944e-05 2.57566717e-05 2.29142512e-04 4.07614207e-04 6.85425179e-05 1.60169034e-04 2.36155438e-05 6.38415479e-06 1.27490115e-05 5.63375086e-06 1.60540591e-07 1.88237821e-09 4.58375893e-11
 1995 11 20 12 00 00  3.55520025e-03 2.15806398e-03 1.18277596e-03 8.35501152e-04 5.90251497e-04 3.38757129e-04 2.38159367e-04 1.95805614e-04 3.94509935e-04 1.15870481e-04 2.72081009e-03 4.01581004e-03 2.06412693e-04 5.99538611e-05 3.97957583e-05 1.08496826e-04 2.97488092e-05 4.96297842e-05 1.06952506e-04 6.60451420e-05 1.19904795e-04 1.45960410e-04 8.93318811e-05 6.56604389e-05 4.63598008e-06 8.60880609e-06 5.87533686e-06 2.26703864e-05 4.77501853e-06 1.54093136e-05 3.93368476e-05 3.53856623e-05 1.20394012e-05 4.18673061e-05 3.32981348e-05 1.34047383e-05 3.89401862e-05 4.55161094e-05 9.08877337e-06 3.55710974e-05 7.98193425e-05 2.26509190e-05 1.92894010e-04 3.48745492e-04 1.39498197e-05 1.15662196e-04 1.17822558e-05 2.60697503e-05 2.28681077e-04 4.07252901e-04 6.87795644e-05 1.58741852e-04 2.30209114e-05 6.16813393e-06 1.22510773e-05 5.30731461e-06 1.46239827e-07 1.17036003e-09 1.00000000e-10
 1995 11 21 12 00 00  3.55306841e-03 2.15645643e-03 1.18177544e-03 8.34766451e-04 5.89604959e-04 3.38504558e-04 2.37896098e-04 1.95509446e-04 3.93742574e-04 1.15622192e-04 2.71468011e-03 4.00518216e-03 2.06069784e-04 5.98398127e-05 3.97395168e-05 1.08249347e-04 2.96800368e-05 4.94632171e-05 1.06695431e-04 6.58985809e-05 1.19566812e-04 1.45529380e-04 8.91449732e-05 6.55644040e-05 4.63111901e-06 8.60161017e-06 5.87353570e-06 2.26434884e-05 4.77189315e-06 1.53898538e-05 3.92372131e-05 3.53576819e-05 1.19822158e-05 4.17653346e-05 3.31142684e-05 1.33961992e-05 3.87510308e-05 4.52639030e-05 9.08279180e-06 3.54137546e-05 7.92628393e-05 2.25280426e-05 1.91900298e-04 3.47048470e-04 1.38819388e-05 1.14406251e-04 1.14191062e-05 2.58322718e-05 2.26693836e-04 4.05171857e-04 6.83034224e-05 1.57385025e-04 2.26735327e-05 6.04195918e-06 1.19603530e-05 5.11803775e-06 1.38044723e-07 8.67700933e-10 1.00000000e-10
 1995 11 22 12 00 00  3.55061308e-03 2.15417816e-03 1.18039022e-03 8.33827975e-04 5.88821727e-04 3.38248923e-04 2.37603636e-04 1.95170085e-04 3.92861256e-04 1.15248290e-04 2.70766399e-03 3.99455465e-03 2.05605589e-04 5.96369760e-05 3.96558787e-05 1.07947050e-04 2.96102982e-05 4.92954743e-05 1.06262875e-04 6.56033691e-05 1.19227681e-04 1.45096832e-04 8.89436349e-05 6.54451802e-05 4.62619755e-06 8.60107757e-06 5.87172945e-06 2.26109052e-05 4.76540517e-06 1.53636531e-05 3.91155230e-05 3.53293610e-05 1.19241777e-05 4.16437388e-05 3.27338465e-05 1.33876500e-05 3.85193360e-05 4.49759448e-05 9.08235452e-06 3.51974728e-05 7.86081772e-05 2.22789473e-05 1.90815806e-04 3.43543809e-04 1.37417523e-05 1.12610593e-04 1.10527304e-05 2.53498234e-05 2.24014384e-04 4.02325352e-04 6.75092861e-05 1.56177782e-04 2.26115745e-05 6.01953093e-06 1.19090462e-05 5.08901211e-06 1.37112454e-07 8.52782556e-10 1.00000000e-10
 1995 11 23 12 00 00  3.54879568e-03 2.15323734e-03 1.17977255e-03 8.33291862e-04 5.88305172e-04 3.37996322e-04 2.37367678e-04 1.94915354e-04 3.92205189e-04 1.15125121e-04 2.70238494e-03 3.98392603e-03 2.05383492e-04 5.96133000e-05 3.96274992e-05 1.07751561e-04 2.95391015e-05 4.91259329e-05 1.06187288e-04 6.56081538e-05 1.18886898e-04 1.44661948e-04 8.87690284e-05 6.53789395e-05 4.62118405e-06 8.59851571e-06 5.86991519e-06 2.25894776e-05 4.76562564e-06 1.53503359e-05 3.90338344e-05 3.53005307e-05 1.18648510e-05 4.15669325e-05 3.27460497e-05 1.33790862e-05 3.83699082e-05 4.47550147e-05 9.08022994e-06 3.51124317e-05 7.81383720e-05 2.22839371e-05 1.89949515e-04 3.43652456e-04 1.37460982e-05 1.11880090e-04 1.06814667e-05 2.53600971e-05 2.22679508e-04 4.01006530e-04 6.73508289e-05 1.54983397e-04 2.24549523e-05 5.96271216e-06 1.17784667e-05 5.00798278e-06 1.33899514e-07 7.61588126e-10 1.00000000e-10
 1995 11 24 12 00 00  3.54684266e-03 2.15202040e-03 1.17899609e-03 8.32669236e-04 5.87728698e-04 3.37741909e-04 2.37118923e-04 1.94641773e-04 3.91500152e-04 1.14949967e-04 2.69672957e-03 3.97329666e-03 2.05110723e-04 5.95518906e-05 3.95875014e-05 1.07532102e-04 2.94669298e-05 4.89551981e-05 1.06034905e-04 6.55501324e-05 1.18544714e-04 1.44225516e-04 8.85880731e-05 6.52973967e-05 4.61610907e-06 8.59090651e-06 5.86809583e-06 2.25649761e-05 4.76447094e-06 1.53340909e-05 3.89426661e-05 3.52713570e-05 1.18046664e-05 4.14768971e-05 3.26775946e-05 1.33705093e-05 3.82015321e-05 4.45179213e-05 9.07390422e-06 3.49925303e-05 7.76246245e-05 2.22359755e-05 1.89002577e-04 3.43017880e-04 1.37207152e-05 1.10916720e-04 1.03069513e-05 2.52678437e-05 2.21046066e-04 3.99334921e-04 6.70568561e-05 1.53604342e-04 2.20935311e-05 5.83142464e-06 1.14759015e-05 4.81028644e-06 1.25287276e-07 4.76319428e-10 1.00000000e-10
 1995 11 25 12 00 00  3.54447633e-03 2.14993703e-03 1.17772285e-03 8.31786909e-04 5.86980748e-04 3.37485131e-04 2.36833705e-04 1.94313790e-04 3.90650244e-04 1.14612660e-04 2.68994982e-03 3.96266803e-03 2.04681761e-04 5.93758885e-05 3.95121327e-05 1.07243867e-04 2.93952500e-05 4.87850659e-05 1.05656574e-04 6.52999675e-05 1.18202980e-04 1.43789872e-04 8.83895692e-05 6.51799094e-05 4.61106501e-06 8.58256462e-06 5.86627939e-06 2.25330457e-05 4.75896486e-06 1.53094700e-05 3.88245026e-05 3.52423551e-05 1.17449119e-05 4.13566727e-05 3.23547749e-05 1.33619411e-05 3.79791309e-05 4.42368310e-05 9.06696805e-06 3.47850395e-05 7.69899314e-05 2.20248199e-05 1.87901235e-04 3.40044140e-04 1.36017656e-05 1.09261344e-04 9.93407230e-06 2.48588301e-05 2.18542608e-04 3.96669030e-04 6.63550725e-05 1.52148584e-04 2.17073283e-05 5.69111357e-06 1.11524362e-05 4.59770648e-06 1.15935945e-07 1.62211222e-10 1.00000000e-10
 1995 11 26 12 00 00  3.54366071e-03 2.15108314e-03 1.17830300e-03 8.31883511e-04 5.86887223e-04 3.37239392e-04 2.36687611e-04 1.94193031e-04 3.90348834e-04 1.14880889e-04 2.68740864e-03 3.95203941e-03 2.04838109e-04 5.96320624e-05 3.95700520e-05 1.07217825e-04 2.93240504e-05 4.86155215e-05 1.06139810e-04 6.57729106e-05 1.17862971e-04 1.43354987e-04 8.82581272e-05 6.52105787e-05 4.60605152e-06 8.59527427e-06 5.86446549e-06 2.25309270e-05 4.76964015e-06 1.53166940e-05 3.88080596e-05 3.52135219e-05 1.16855859e-05 4.13620669e-05 3.29789589e-05 1.33533758e-05 3.79625123e-05 4.41249448e-05 9.07754729e-06 3.49302229e-05 7.68192192e-05 2.24262039e-05 1.87482852e-04 3.45785341e-04 1.38314136e-05 1.10220226e-04 9.56280855e-06 2.56377272e-05 2.19338129e-04 3.97823731e-04 6.71928512e-05 1.51602889e-04 2.22143881e-05 5.87551165e-06 1.15784057e-05 4.88788934e-06 1.29452663e-07 6.52003251e-10 1.00000000e-10
 1995 11 27 12 00 00  3.53926385e-03 2.14755450e-03 1.17612416e-03 8.30335953e-04 5.85554273e-04 3.36737809e-04 2.36152814e-04 1.93587376e-04 3.88773358e-04 1.14326939e-04 2.67481592e-03 3.93078662e-03 2.04099535e-04 5.93677208e-05 3.94462622e-05 1.06706637e-04 2.91913690e-05 4.82883508e-05 1.05564288e-04 6.54170697e-05 1.17192758e-04 1.42500667e-04 8.78811099e-05 6.49993842e-05 4.59663570e-06 8.56889092e-06 5.86088790e-06 2.24753304e-05 4.76176392e-06 1.52758226e-05 3.86016577e-05 3.51592578e-05 1.15755021e-05 4.11433554e-05 3.25175002e-05 1.33363515e-05 3.75685512e-05 4.36119637e-05 9.05559718e-06 3.45721474e-05 7.56821271e-05 2.21255003e-05 1.85408134e-04 3.41535958e-04 1.36614383e-05 1.07488772e-04 8.85276313e-06 2.50550278e-05 2.15138237e-04 3.93356930e-04 6.61166818e-05 1.48601467e-04 2.10772742e-05 5.46220285e-06 1.06246851e-05 4.25048707e-06 1.00633694e-07 1.00000000e-10 1.00000000e-10
 1995 11 28 12 00 00  3.51725426e-03 2.13523646e-03 1.16813867e-03 8.23832350e-04 5.79489937e-04 3.33797813e-04 2.33358819e-04 1.90560378e-04 3.80890744e-04 1.12667854e-04 2.61140746e-03 3.80329043e-03 2.01288826e-04 5.89781027e-05 3.90720992e-05 1.04413872e-04 2.84389534e-05 4.63788427e-05 1.04527694e-04 6.52746356e-05 1.13232792e-04 1.37444164e-04 8.58299487e-05 6.42523692e-05 4.54289147e-06 8.60381624e-06 5.83964793e-06 2.22455442e-05 4.75861416e-06 1.51263107e-05 3.76862478e-05 3.48489644e-05 1.09535569e-05 4.02787343e-05 3.23329354e-05 1.32346831e-05 3.58296174e-05 4.10710639e-05 9.08465809e-06 3.35890651e-05 7.03130381e-05 2.20051545e-05 1.75777249e-04 3.39836249e-04 1.35934500e-05 9.86480720e-05 4.73857872e-06 2.48218363e-05 1.99616462e-04 3.78073956e-04 6.39812626e-05 1.37938520e-04 2.25485408e-05 5.99704670e-06 1.18592415e-05 5.08016998e-06 1.38477623e-07 9.82109771e-10 1.00000000e-10
 1995 11 29 12 00 00  3.51922757e-03 2.13659762e-03 1.16899548e-03 8.24459240e-04 5.80039551e-04 3.34036526e-04 2.33600243e-04 1.90827596e-04 3.81593629e-04 1.12868333e-04 2.61703737e-03 3.81391197e-03 2.01581493e-04 5.90548310e-05 3.91169753e-05 1.04622616e-04 2.84936454e-05 4.65281511e-05 1.04699340e-04 6.53619412e-05 1.13552612e-04 1.37852809e-04 8.60027430e-05 6.43197120e-05 4.54686560e-06 8.59311767e-06 5.84137633e-06 2.22646959e-05 4.76059322e-06 1.51405332e-05 3.77645356e-05 3.48720176e-05 1.09983164e-05 4.03540768e-05 3.24485853e-05 1.32430694e-05 3.59859541e-05 4.12874914e-05 9.07575668e-06 3.36909845e-05 7.07763689e-05 2.20793198e-05 1.76551344e-04 3.40899726e-04 1.36359890e-05 9.95963656e-05 5.05464013e-06 2.49658013e-05 2.01139571e-04 3.79603465e-04 6.43049197e-05 1.38508972e-04 2.20946062e-05 5.83203744e-06 1.14783960e-05 4.82467012e-06 1.26855761e-07 5.73532866e-10 1.00000000e-10
 1995 11 30 12 00 00  3.52120963e-03 2.13796119e-03 1.16985387e-03 8.25092536e-04 5.80597746e-04 3.34277917e-04 2.33843793e-04 1.91097189e-04 3.82300563e-04 1.13069412e-04 2.62270285e-03 3.82453389e-03 2.01875276e-04 5.91318242e-05 3.91619197e-05 1.04834819e-04 2.85512448e-05 4.66810219e-05 1.04872451e-04 6.54492585e-05 1.13877017e-04 1.38266069e-04 8.61774085e-05 6.44145859e-05 4.55102345e-06 8.61920780e-06 5.84311965e-06 2.22871375e-05 4.76257155e-06 1.51553254e-05 3.78470797e-05 3.48960893e-05 1.10456451e-05 4.04530331e-05 3.25642148e-05 1.32514862e-05 3.61494968e-05 4.15103219e-05 9.09746377e-06 3.38425449e-05 7.12546147e-05 2.21534865e-05 1.77530646e-04 3.41963045e-04 1.36785218e-05 1.00589620e-04 5.38043023e-06 2.51097605e-05 2.02704486e-04 3.81288153e-04 6.46339556e-05 1.40271002e-04 2.32025318e-05 6.23477554e-06 1.24079143e-05 5.44812837e-06 1.55205359e-07 1.83587128e-09 4.75562922e-11
 1995 12 01 12 00 00  3.54126681e-03 2.14906027e-03 1.17706282e-03 8.30976494e-04 5.86090089e-04 3.36963126e-04 2.36389745e-04 1.93851998e-04 3.89481135e-04 1.14553663e-04 2.68046270e-03 3.94140109e-03 2.04414558e-04 5.94633600e-05 3.94970420e-05 1.06909723e-04 2.92310084e-05 4.84192075e-05 1.05769501e-04 6.55384909e-05 1.17494801e-04 1.42885394e-04 8.80474123e-05 6.50962632e-05 4.59966323e-06 8.59954744e-06 5.86253809e-06 2.24939216e-05 4.76453861e-06 1.52886194e-05 3.86701247e-05 3.51770461e-05 1.16069808e-05 4.12418520e-05 3.26795212e-05 1.33445748e-05 3.77217692e-05 4.38150069e-05 9.08110960e-06 3.47361365e-05 7.61118162e-05 2.22288276e-05 1.86328048e-04 3.43025111e-04 1.37210045e-05 1.08483055e-04 9.11849856e-06 2.52557133e-05 2.16601923e-04 3.94981319e-04 6.64851481e-05 1.50279857e-04 2.23543666e-05 5.92649376e-06 1.16965559e-05 4.97281899e-06 1.33723380e-07 8.20897927e-10 1.00000000e-10
 1995 12 02 12 00 00  3.54136595e-03 2.14925830e-03 1.17717668e-03 8.31039838e-04 5.86134921e-04 3.36965127e-04 2.36399406e-04 1.93866021e-04 3.89517038e-04 1.14590947e-04 2.68074049e-03 3.94140184e-03 2.04450994e-04 5.94902544e-05 3.95053225e-05 1.06927673e-04 2.92324665e-05 4.84209973e-05 1.05824172e-04 6.55831769e-05 1.17496767e-04 1.42887714e-04 8.80524397e-05 6.51077981e-05 4.59975454e-06 8.60363944e-06 5.86254573e-06 2.24963759e-05 4.76552195e-06 1.52908560e-05 3.86777883e-05 3.51775554e-05 1.16082680e-05 4.12518975e-05 3.27371788e-05 1.33445908e-05 3.77362406e-05 4.38277504e-05 9.08451620e-06 3.47619250e-05 7.61462011e-05 2.22665432e-05 1.86392911e-04 3.43556234e-04 1.37422494e-05 1.08654966e-04 9.12337564e-06 2.53287668e-05 2.16825578e-04 3.95244557e-04 6.65829626e-05 1.50427799e-04 2.25098453e-05 5.98305562e-06 1.18273123e-05 5.06302882e-06 1.38005723e-07 9.79684511e-10 1.00000000e-10
 1995 12 03 12 00 00  3.53943468e-03 2.14801254e-03 1.17638506e-03 8.30436312e-04 5.85592265e-04 3.36722725e-04 2.36159129e-04 1.93601573e-04 3.88825573e-04 1.14411400e-04 2.67520281e-03 3.93077880e-03 2.04176989e-04 5.94266107e-05 3.94645480e-05 1.06721809e-04 2.91734061e-05 4.82663309e-05 1.05673412e-04 6.55189855e-05 1.17171243e-04 1.42472120e-04 8.78791931e-05 6.50366596e-05 4.59550538e-06 8.60506552e-06 5.86079441e-06 2.24762086e-05 4.76415480e-06 1.52768557e-05 3.85991049e-05 3.51529714e-05 1.15596507e-05 4.11724913e-05 3.26567184e-05 1.33361580e-05 3.75813936e-05 4.36098146e-05 9.08570655e-06 3.46568383e-05 7.56804068e-05 2.22127361e-05 1.85565766e-04 3.42813571e-04 1.37125428e-05 1.07761386e-04 8.79269719e-06 2.52247846e-05 2.15349045e-04 3.93749037e-04 6.63001872e-05 1.49495809e-04 2.25378249e-05 5.99330397e-06 1.18513461e-05 5.08361048e-06 1.39262606e-07 1.04416187e-09 1.00000000e-10
 1995 12 04 12 00 00  3.53948787e-03 2.14809500e-03 1.17643308e-03 8.30472247e-04 5.85624537e-04 3.36727486e-04 2.36166434e-04 1.93611196e-04 3.88846965e-04 1.14427345e-04 2.67537050e-03 3.93078066e-03 2.04193675e-04 5.94387722e-05 3.94682552e-05 1.06734723e-04 2.91782577e-05 4.82722797e-05 1.05700721e-04 6.55383221e-05 1.17177148e-04 1.42479830e-04 8.78839926e-05 6.50366154e-05 4.59581061e-06 8.59824358e-06 5.86081987e-06 2.24779819e-05 4.76453934e-06 1.52786227e-05 3.86061087e-05 3.51546711e-05 1.15639341e-05 4.11733681e-05 3.26795474e-05 1.33362089e-05 3.75911610e-05 4.36212698e-05 9.08004149e-06 3.46577081e-05 7.57106822e-05 2.22287243e-05 1.85575318e-04 3.43025201e-04 1.37210080e-05 1.07856007e-04 8.80892549e-06 2.52555386e-05 2.15504698e-04 3.93890869e-04 6.63504000e-05 1.49292030e-04 2.21735339e-05 5.86105991e-06 1.15469953e-05 4.88968572e-06 1.31179334e-07 7.88405252e-10 1.00000000e-10
 1995 12 05 12 00 00  3.53944782e-03 2.14798270e-03 1.17636845e-03 8.30447495e-04 5.85615196e-04 3.36732450e-04 2.36165152e-04 1.93607596e-04 3.88833455e-04 1.14406235e-04 2.67528237e-03 3.93078364e-03 2.04173853e-04 5.94220205e-05 3.94630994e-05 1.06731136e-04 2.91840843e-05 4.82794218e-05 1.05665897e-04 6.55097596e-05 1.17184672e-04 1.42489087e-04 8.78852667e-05 6.50410261e-05 4.59617731e-06 8.60884538e-06 5.86085007e-06 2.24793351e-05 4.76395908e-06 1.52785481e-05 3.86096277e-05 3.51567112e-05 1.15690753e-05 4.11777187e-05 3.26452398e-05 1.33362730e-05 3.75915805e-05 4.36245319e-05 9.08888032e-06 3.46610848e-05 7.57170234e-05 2.22050177e-05 1.85644892e-04 3.42707566e-04 1.37083026e-05 1.07807067e-04 8.82840541e-06 2.52098747e-05 2.15460901e-04 3.93856548e-04 6.63001654e-05 1.49590490e-04 2.24944029e-05 5.97800752e-06 1.18184162e-05 5.08945393e-06 1.41537773e-07 1.31564959e-09 5.32081046e-12
 1995 12 06 12 00 00  3.54146115e-03 2.14935668e-03 1.17723284e-03 8.31102185e-04 5.86201764e-04 3.36983682e-04 2.36415980e-04 1.93884972e-04 3.89553409e-04 1.14609369e-04 2.68107390e-03 3.94141078e-03 2.04471003e-04 5.94982348e-05 3.95078004e-05 1.06954930e-04 2.92523706e-05 4.84453893e-05 1.05836232e-04 6.55945740e-05 1.17522008e-04 1.42919343e-04 8.80667864e-05 6.51272986e-05 4.60100782e-06 8.61784210e-06 5.86264869e-06 2.25038278e-05 4.76595233e-06 1.52953687e-05 3.87039054e-05 3.51845258e-05 1.16258314e-05 4.12705852e-05 3.27613059e-05 1.33448062e-05 3.77656912e-05 4.38629044e-05 9.09638911e-06 3.47938066e-05 7.62349440e-05 2.22776522e-05 1.86603850e-04 3.43772632e-04 1.37509053e-05 1.08862230e-04 9.18992955e-06 2.53512408e-05 2.17170978e-04 3.95624158e-04 6.66433314e-05 1.50832066e-04 2.27245923e-05 6.06204608e-06 1.20141456e-05 5.24154128e-06 1.49950222e-07 1.87159077e-09 5.87294324e-11
 1995 12 07 12 00 00  3.54516410e-03 2.15146905e-03 1.17859597e-03 8.32204048e-04 5.87224948e-04 3.37477770e-04 2.36885117e-04 1.94393065e-04 3.90875390e-04 1.14895856e-04 2.69174153e-03 3.96266207e-03 2.04947819e-04 5.95642848e-05 3.95706186e-05 1.07342458e-04 2.93821417e-05 4.87689947e-05 1.06000724e-04 6.56210468e-05 1.18187695e-04 1.43769034e-04 8.84123555e-05 6.52617982e-05 4.61023992e-06 8.62136440e-06 5.86621172e-06 2.25442273e-05 4.76679270e-06 1.53214322e-05 3.88656507e-05 3.52377654e-05 1.17333446e-05 4.14227275e-05 3.28089343e-05 1.33617985e-05 3.80650384e-05 4.42954957e-05 9.09933660e-06 3.49750870e-05 7.71522555e-05 2.23021256e-05 1.88293397e-04 3.44203010e-04 1.37681204e-05 1.10406555e-04 9.89023538e-06 2.54000042e-05 2.19844215e-04 3.98286501e-04 6.70123698e-05 1.52865125e-04 2.27536333e-05 6.07289119e-06 1.20405795e-05 5.27578203e-06 1.52695049e-07 2.10578643e-09 8.22955759e-11
 1995 12 08 12 00 00  3.55086351e-03 2.15494807e-03 1.18082019e-03 8.33951365e-04 5.88822869e-04 3.38217337e-04 2.37601672e-04 1.95175430e-04 3.92912679e-04 1.15384636e-04 2.70813679e-03 3.99453789e-03 2.05721081e-04 5.97098401e-05 3.96791002e-05 1.07948753e-04 2.95738835e-05 4.92508349e-05 1.06347732e-04 6.57378579e-05 1.19182518e-04 1.45038949e-04 8.89354875e-05 6.54717127e-05 4.62390526e-06 8.62098459e-06 5.87154027e-06 2.26065468e-05 4.76959431e-06 1.53632202e-05 3.91129309e-05 3.53166135e-05 1.18920434e-05 4.16582122e-05 3.29717412e-05 1.33872556e-05 3.85297741e-05 4.49565427e-05 9.09903392e-06 3.52714380e-05 7.85633718e-05 2.24026255e-05 1.90836452e-04 3.45695253e-04 1.38278101e-05 1.12958251e-04 1.09309585e-05 2.55958992e-05 2.24155246e-04 4.02613366e-04 6.77251508e-05 1.55790309e-04 2.26408340e-05 6.03211877e-06 1.19476029e-05 5.22666085e-06 1.51414055e-07 2.11024824e-09 8.45255421e-11
 1995 12 09 12 00 00  3.55385125e-03 2.15836815e-03 1.18285826e-03 8.35219405e-04 5.89814332e-04 3.38473023e-04 2.37938350e-04 1.95581369e-04 3.93975377e-04 1.15971035e-04 2.71657778e-03 4.00516391e-03 2.06387806e-04 6.00586791e-05 3.98079162e-05 1.08334798e-04 2.96397397e-05 4.94138279e-05 1.07058671e-04 6.62795384e-05 1.19516894e-04 1.45465336e-04 8.91577285e-05 6.56334641e-05 4.62858297e-06 8.61846493e-06 5.87332652e-06 2.26474406e-05 4.78185830e-06 1.53996567e-05 3.92684950e-05 3.53435811e-05 1.19466575e-05 4.18144598e-05 3.36886093e-05 1.33957612e-05 3.88286879e-05 4.52965472e-05 9.09694791e-06 3.55944252e-05 7.93619036e-05 2.28626595e-05 1.92084618e-04 3.52287764e-04 1.40915105e-05 1.15634029e-04 1.12843569e-05 2.64887931e-05 2.27912417e-04 4.06684719e-04 6.90358496e-05 1.56849708e-04 2.24574026e-05 5.96562297e-06 1.17950201e-05 5.13478099e-06 1.47988860e-07 1.98671999e-09 7.47367057e-11
 1995 12 10 12 00 00  3.55393230e-03 2.15575830e-03 1.18143560e-03 8.34651459e-04 5.89572142e-04 3.38704018e-04 2.38012285e-04 1.95597180e-04 3.94008760e-04 1.15426675e-04 2.71705673e-03 4.01578806e-03 2.05960813e-04 5.96010335e-05 3.96880180e-05 1.08226543e-04 2.97002611e-05 4.95702843e-05 1.06161775e-04 6.54723844e-05 1.19843452e-04 1.45883252e-04 8.92519838e-05 6.55437439e-05 4.63292417e-06 8.61426524e-06 5.87508548e-06 2.26338215e-05 4.76392743e-06 1.53758181e-05 3.92304787e-05 3.53686715e-05 1.19965604e-05 4.17569756e-05 3.26384121e-05 1.34042100e-05 3.87424403e-05 4.53158454e-05 9.09346563e-06 3.53063722e-05 7.92807894e-05 2.21800103e-05 1.92222611e-04 3.42619001e-04 1.37047600e-05 1.13425635e-04 1.16199131e-05 2.51656253e-05 2.25451778e-04 4.03683060e-04 6.74666574e-05 1.57333664e-04 2.21973505e-05 5.87128784e-06 1.15782467e-05 5.00058308e-06 1.42692383e-07 1.76866000e-09 5.64552294e-11
 1995 12 11 12 00 00  3.54849194e-03 2.15286891e-03 1.17954644e-03 8.33058498e-04 5.88059585e-04 3.37960396e-04 2.37313707e-04 1.94842813e-04 3.92053325e-04 1.15046226e-04 2.70132438e-03 3.98390964e-03 2.05288159e-04 5.95250578e-05 3.96012058e-05 1.07654886e-04 2.95022066e-05 4.90807055e-05 1.05935940e-04 6.54751144e-05 1.18840707e-04 1.44603306e-04 8.87367101e-05 6.53521125e-05 4.61886157e-06 8.61144508e-06 5.86972383e-06 2.25741121e-05 4.76416026e-06 1.53382840e-05 3.89982476e-05 3.52876144e-05 1.18322911e-05 4.15350023e-05 3.26509791e-05 1.33786845e-05 3.83075155e-05 4.46741024e-05 9.09113151e-06 3.50587171e-05 7.79241250e-05 2.21837443e-05 1.89730087e-04 3.42729103e-04 1.37091641e-05 1.11290031e-04 1.05580839e-05 2.51737685e-05 2.21610030e-04 3.99891710e-04 6.69956186e-05 1.54128576e-04 2.19851558e-05 5.79437458e-06 1.14018073e-05 4.89489314e-06 1.38796889e-07 1.63227054e-09 4.57991201e-11
 1995 12 12 12 00 00  3.54635990e-03 2.15129521e-03 1.17856493e-03 8.32321753e-04 5.87402297e-04 3.37702126e-04 2.37047488e-04 1.94543984e-04 3.91283770e-04 1.14803972e-04 2.69516728e-03 3.97327878e-03 2.04949905e-04 5.94156336e-05 3.95464172e-05 1.07403033e-04 2.94271216e-05 4.89064027e-05 1.05686590e-04 6.53372554e-05 1.18494578e-04 1.44162245e-04 8.85465375e-05 6.52483271e-05 4.61360360e-06 8.59516076e-06 5.86788956e-06 2.25450298e-05 4.76123241e-06 1.53179725e-05 3.88927530e-05 3.52574221e-05 1.17695359e-05 4.14257982e-05 3.24786670e-05 1.33700785e-05 3.81125874e-05 4.44135884e-05 9.07759386e-06 3.48899086e-05 7.73473600e-05 2.20682647e-05 1.88658348e-04 3.41138332e-04 1.36455333e-05 1.10014692e-04 1.01738289e-05 2.49506498e-05 2.19571886e-04 3.97737863e-04 6.65263711e-05 1.52386772e-04 2.12183606e-05 5.51581920e-06 1.07597785e-05 4.47457232e-06 1.20425911e-07 7.84441401e-10 1.00000000e-10
 1995 12 13 12 00 00  3.54244230e-03 2.14878727e-03 1.17697146e-03 8.31075200e-04 5.86264227e-04 3.37200308e-04 2.36553709e-04 1.94000512e-04 3.89876094e-04 1.14441120e-04 2.68386708e-03 3.95202450e-03 2.04395165e-04 5.92875231e-05 3.94646657e-05 1.06969898e-04 2.92905519e-05 4.85744647e-05 1.05381234e-04 6.52100774e-05 1.17820455e-04 1.43301748e-04 8.81881636e-05 6.50991789e-05 4.60394294e-06 8.59943975e-06 5.86429160e-06 2.24991893e-05 4.75849120e-06 1.52863927e-05 3.87151227e-05 3.52017989e-05 1.16560252e-05 4.12592282e-05 3.23175977e-05 1.33530106e-05 3.77817231e-05 4.39490771e-05 9.08116490e-06 3.46723519e-05 7.63433724e-05 2.19613969e-05 1.86897738e-04 3.39652694e-04 1.35861077e-05 1.08098605e-04 9.45079155e-06 2.47439573e-05 2.16357948e-04 3.94495886e-04 6.59295494e-05 1.50331649e-04 2.13208078e-05 5.55324909e-06 1.08470898e-05 4.54399225e-06 1.24363652e-07 9.87252768e-10 1.00000000e-10
 1995 12 14 12 00 00  3.54267511e-03 2.14933194e-03 1.17728217e-03 8.31216081e-04 5.86340295e-04 3.37193076e-04 2.36569061e-04 1.94025837e-04 3.89951871e-04 1.14541942e-04 2.68445490e-03 3.95202003e-03 2.04489535e-04 5.93564820e-05 3.94860533e-05 1.07000483e-04 2.92808429e-05 4.85625642e-05 1.05509226e-04 6.53278898e-05 1.17807327e-04 1.43286312e-04 8.81931661e-05 6.50883930e-05 4.60333213e-06 8.55911712e-06 5.86424139e-06 2.24982317e-05 4.76128625e-06 1.52897713e-05 3.87221369e-05 3.51983996e-05 1.16474563e-05 4.12484960e-05 3.24802008e-05 1.33529073e-05 3.78010725e-05 4.39598634e-05 9.04762855e-06 3.46685278e-05 7.63778025e-05 2.20625108e-05 1.86730840e-04 3.41143996e-04 1.36457599e-05 1.08440946e-04 9.41832041e-06 2.49408797e-05 2.16761790e-04 3.94850938e-04 6.61619322e-05 1.48914840e-04 1.95150772e-05 4.89707716e-06 9.33373524e-06 3.54173056e-06 7.97097954e-08 1.00000000e-10 1.00000000e-10
 1995 12 15 12 00 00  3.53869455e-03 2.14667088e-03 1.17560072e-03 8.29930132e-04 5.85181298e-04 3.36694755e-04 2.36071373e-04 1.93475266e-04 3.88522385e-04 1.14150344e-04 2.67299809e-03 3.93076763e-03 2.03907453e-04 5.92065960e-05 3.93975929e-05 1.06559086e-04 2.91486474e-05 4.82359843e-05 1.05159319e-04 6.51638722e-05 1.17138555e-04 1.42432767e-04 8.78343270e-05 6.49319000e-05 4.59394687e-06 8.55971157e-06 5.86066599e-06 2.24520544e-05 4.75776505e-06 1.52574585e-05 3.85446640e-05 3.51443072e-05 1.15378025e-05 4.10760298e-05 3.22731968e-05 1.33358873e-05 3.74650033e-05 4.34936781e-05 9.04813569e-06 3.44321679e-05 7.53677716e-05 2.19248031e-05 1.84950546e-04 3.39234248e-04 1.35693699e-05 1.06425337e-04 8.70990116e-06 2.46746116e-05 2.13444849e-04 3.91470057e-04 6.54946381e-05 1.46774219e-04 1.94466830e-05 4.87243919e-06 9.27796079e-06 3.51714517e-06 7.95144750e-08 1.00000000e-10 1.00000000e-10
 1995 12 16 12 00 00  3.53439277e-03 2.14334030e-03 1.17353507e-03 8.28441544e-04 5.83887066e-04 3.36194233e-04 2.35544931e-04 1.92881846e-04 3.86979418e-04 1.13633233e-04 2.66066414e-03 3.90951522e-03 2.03204095e-04 5.89672080e-05 3.92815254e-05 1.06063497e-04 2.90164462e-05 4.79093957e-05 1.04631189e-04 6.48500689e-05 1.16469568e-04 1.41579206e-04 8.74616454e-05 6.47454705e-05 4.58456125e-06 8.55708277e-06 5.85709095e-06 2.23998039e-05 4.75088818e-06 1.52185663e-05 3.83462034e-05 3.50902090e-05 1.14281451e-05 4.08782303e-05 3.18698323e-05 1.33188689e-05 3.70864922e-05 4.29926259e-05 9.04596527e-06 3.41241253e-05 7.42620632e-05 2.16601838e-05 1.83035125e-04 3.35517577e-04 1.34207031e-05 1.03869248e-04 8.00146590e-06 2.41621980e-05 2.09445772e-04 3.87302017e-04 6.45086252e-05 1.44472939e-04 1.92293442e-05 4.79368782e-06 9.09743426e-06 3.41054324e-06 7.57091186e-08 1.00000000e-10 1.00000000e-10
 1995 12 17 12 00 00  3.53246652e-03 2.14216467e-03 1.17278266e-03 8.27837034e-04 5.83326953e-04 3.35942216e-04 2.35299877e-04 1.92613152e-04 3.86285258e-04 1.13466082e-04 2.65509360e-03 3.89888771e-03 2.02939738e-04 5.89119964e-05 3.92434168e-05 1.05850575e-04 2.89467076e-05 4.77416528e-05 1.04492871e-04 6.48018729e-05 1.16130410e-04 1.41146657e-04 8.72831035e-05 6.46653563e-05 4.57963979e-06 8.54800383e-06 5.85528433e-06 2.23763233e-05 4.74992521e-06 1.52032100e-05 3.82585633e-05 3.50618880e-05 1.13701069e-05 4.07898627e-05 3.18127801e-05 1.33103196e-05 3.69232160e-05 4.27613933e-05 9.03841865e-06 3.40073245e-05 7.37637296e-05 2.16203145e-05 1.82102854e-04 3.34988827e-04 1.33995531e-05 1.02954719e-04 7.63509088e-06 2.40854890e-05 2.07890780e-04 3.85708348e-04 6.42401113e-05 1.43060318e-04 1.87778411e-05 4.62972105e-06 8.71976694e-06 3.16625805e-06 6.52506408e-08 1.00000000e-10 1.00000000e-10
 1995 12 18 12 00 00  3.53073658e-03 2.14138468e-03 1.17225757e-03 8.27357431e-04 5.82854044e-04 3.35693719e-04 2.35073589e-04 1.92371780e-04 3.85661515e-04 1.13373288e-04 2.65006970e-03 3.88826057e-03 2.02747775e-04 5.89099656e-05 3.92216912e-05 1.05672601e-04 2.88793904e-05 4.75768640e-05 1.04461524e-04 6.48422341e-05 1.15794285e-04 1.40717937e-04 8.71142646e-05 6.46008985e-05 4.57487040e-06 8.53654419e-06 5.85349007e-06 2.23568921e-05 4.75093329e-06 1.51922086e-05 3.81856261e-05 3.50344169e-05 1.13142050e-05 4.07150573e-05 3.18711216e-05 1.33017995e-05 3.67872315e-05 4.25542730e-05 9.02889151e-06 3.39284948e-05 7.33309931e-05 2.16553715e-05 1.81243097e-04 3.35522412e-04 1.34208965e-05 1.02372860e-04 7.27680308e-06 2.41540343e-05 2.06773251e-04 3.84600484e-04 6.41645333e-05 1.41648540e-04 1.82469955e-05 4.43686113e-06 8.27516237e-06 2.87410724e-06 5.29163813e-08 1.00000000e-10 1.00000000e-10
 1995 12 19 12 00 00  3.53036355e-03 2.14063499e-03 1.17182580e-03 8.27117628e-04 5.82684497e-04 3.35687613e-04 2.35037373e-04 1.92318631e-04 3.85524972e-04 1.13231698e-04 2.64902650e-03 3.88825908e-03 2.02608937e-04 5.88055712e-05 3.91895926e-05 1.05604857e-04 2.88755080e-05 4.75721114e-05 1.04245655e-04 6.46690838e-05 1.15789485e-04 1.40711775e-04 8.70961722e-05 6.45738414e-05 4.57462629e-06 8.54434984e-06 5.85347043e-06 2.23494765e-05 4.74721601e-06 1.51839519e-05 3.81599405e-05 3.50330607e-05 1.13107802e-05 4.06910254e-05 3.16526188e-05 1.33017558e-05 3.67366694e-05 4.25092679e-05 9.03539185e-06 3.38604604e-05 7.32078406e-05 2.15099994e-05 1.81126377e-04 3.33506480e-04 1.33402592e-05 1.01743553e-04 7.26382714e-06 2.38729423e-05 2.05936107e-04 3.83680520e-04 6.37885044e-05 1.41758772e-04 1.85398926e-05 4.54342342e-06 8.52155679e-06 3.04465422e-06 6.05371611e-08 1.00000000e-10 1.00000000e-10
 1995 12 20 12 00 00  3.52898195e-03 2.14056700e-03 1.17170914e-03 8.26857861e-04 5.82361732e-04 3.35444123e-04 2.34843367e-04 1.92124505e-04 3.85024476e-04 1.13272314e-04 2.64496436e-03 3.87763344e-03 2.02546110e-04 5.88976437e-05 3.91969030e-05 1.05487130e-04 2.88111070e-05 4.74108965e-05 1.04400703e-04 6.48667279e-05 1.15457606e-04 1.40287693e-04 8.69438421e-05 6.45524791e-05 4.57004026e-06 8.55060935e-06 5.85169146e-06 2.23382555e-05 4.75178495e-06 1.51804546e-05 3.81131919e-05 3.50066053e-05 1.12574504e-05 4.06528720e-05 3.19191109e-05 1.32932648e-05 3.66505221e-05 4.23442093e-05 9.04060580e-06 3.38774672e-05 7.28888016e-05 2.16786342e-05 1.80500564e-04 3.35954291e-04 1.34381716e-05 1.01762928e-04 6.91528985e-06 2.42007460e-05 2.05578299e-04 3.83486431e-04 6.40528405e-05 1.40993004e-04 1.87624438e-05 4.62442563e-06 8.70901365e-06 3.17631427e-06 6.69503258e-08 1.00000000e-10 1.00000000e-10
 1995 12 21 12 00 00  3.53259133e-03 2.14251377e-03 1.17297832e-03 8.27902321e-04 5.83340705e-04 3.35931499e-04 2.35302137e-04 1.92619279e-04 3.86314975e-04 1.13528380e-04 2.65535753e-03 3.89888175e-03 2.02993720e-04 5.89463634e-05 3.92543131e-05 1.05856617e-04 2.89340824e-05 4.77261783e-05 1.04537246e-04 6.48641610e-05 1.16114906e-04 1.41126595e-04 8.72819060e-05 6.46816814e-05 4.57884526e-06 8.55923427e-06 5.85521848e-06 2.23757397e-05 4.75179950e-06 1.52037959e-05 3.82610776e-05 3.50574730e-05 1.13589682e-05 4.08003940e-05 3.19195271e-05 1.33101843e-05 3.69325137e-05 4.27589035e-05 9.04778863e-06 3.40476374e-05 7.37594486e-05 2.16770553e-05 1.82145923e-04 3.35955768e-04 1.34382307e-05 1.03141568e-04 7.59287868e-06 2.41980655e-05 2.08014094e-04 3.85910930e-04 6.43480849e-05 1.43148986e-04 1.90818896e-05 4.74065832e-06 8.97782387e-06 3.36302771e-06 7.59019414e-08 1.00000000e-10 1.00000000e-10
 1995 12 22 12 00 00  3.53417203e-03 2.14301713e-03 1.17334233e-03 8.28281450e-04 5.83734234e-04 3.36174930e-04 2.35511437e-04 1.92836171e-04 3.86879181e-04 1.13567779e-04 2.65994271e-03 3.90950628e-03 2.03131251e-04 5.89049624e-05 3.92627826e-05 1.06003093e-04 2.89970252e-05 4.78855916e-05 1.04470060e-04 6.47532579e-05 1.16445629e-04 1.41548338e-04 8.74420180e-05 6.47371789e-05 4.58333889e-06 8.57730993e-06 5.85698981e-06 2.23915596e-05 4.74946100e-06 1.52110092e-05 3.83233623e-05 3.50834132e-05 1.14110073e-05 4.08661395e-05 3.17817612e-05 1.33186579e-05 3.70470102e-05 4.29443434e-05 9.06283458e-06 3.41032795e-05 7.41331482e-05 2.15842927e-05 1.82963865e-04 3.34683416e-04 1.33873366e-05 1.03466747e-04 7.93652216e-06 2.40189242e-05 2.08758455e-04 3.86623612e-04 6.42648307e-05 1.44624071e-04 1.98046066e-05 5.00347815e-06 9.58493295e-06 3.77638133e-06 9.51398672e-08 1.93347560e-10 1.00000000e-10
 1995 12 23 12 00 00  3.53896085e-03 2.14740886e-03 1.17601430e-03 8.30069919e-04 5.85212924e-04 3.36672983e-04 2.36076800e-04 1.93488920e-04 3.88586359e-04 1.14282065e-04 2.67356672e-03 3.93075608e-03 2.04021752e-04 5.92791895e-05 3.94206048e-05 1.06572892e-04 2.91229138e-05 4.82044416e-05 1.05253248e-04 6.52953167e-05 1.17107258e-04 1.42391867e-04 8.78323909e-05 6.49747748e-05 4.59232688e-06 8.59520587e-06 5.86053247e-06 2.24518614e-05 4.76172318e-06 1.52588738e-05 3.85513327e-05 3.51352995e-05 1.15150957e-05 4.11055924e-05 3.24985915e-05 1.33356079e-05 3.74869090e-05 4.34904207e-05 9.07773210e-06 3.45324960e-05 7.53633686e-05 2.20445596e-05 1.85107465e-04 3.41275882e-04 1.36510353e-05 1.06833892e-04 8.62385059e-06 2.49122211e-05 2.13718162e-04 3.91944701e-04 6.57241314e-05 1.47293284e-04 2.05222530e-05 5.26444871e-06 1.01877453e-05 4.18650541e-06 1.14205968e-07 9.12723142e-10 1.00000000e-10
 1995 12 24 12 00 00  3.53625186e-03 2.14454793e-03 1.17429558e-03 8.28974989e-04 5.84340414e-04 3.36424385e-04 2.35766339e-04 1.93120117e-04 3.87619336e-04 1.13799570e-04 2.66589977e-03 3.92013267e-03 2.03454686e-04 5.89991078e-05 3.93130879e-05 1.06234881e-04 2.90628814e-05 4.80485905e-05 1.04670415e-04 6.48691552e-05 1.16780261e-04 1.41974738e-04 8.76251363e-05 6.48375802e-05 4.58801660e-06 8.59772699e-06 5.85877679e-06 2.24173114e-05 4.75226734e-06 1.52287982e-05 3.84214729e-05 3.51103750e-05 1.14656228e-05 4.09700155e-05 3.19447106e-05 1.33271649e-05 3.72295635e-05 4.31872956e-05 9.07983340e-06 3.42659114e-05 7.46636519e-05 2.16842294e-05 1.83993514e-04 3.36176129e-04 1.34470452e-05 1.04635355e-04 8.28993216e-06 2.42138573e-05 2.10580327e-04 3.88563421e-04 6.46693243e-05 1.46264378e-04 2.05997706e-05 5.29269773e-06 1.02532874e-05 4.23450981e-06 1.16679705e-07 1.06493441e-09 9.37175892e-12
 1995 12 25 12 00 00  3.53812259e-03 2.14564315e-03 1.17499980e-03 8.29538710e-04 5.84861215e-04 3.36671570e-04 2.36002825e-04 1.93377059e-04 3.88287765e-04 1.13950288e-04 2.67128767e-03 3.93075794e-03 2.03700553e-04 5.90381247e-05 3.93463296e-05 1.06432295e-04 2.91277654e-05 4.82103904e-05 1.04765916e-04 6.48922403e-05 1.17113154e-04 1.42399576e-04 8.77987559e-05 6.49077153e-05 4.59263283e-06 8.60096552e-06 5.86055758e-06 2.24379895e-05 4.75287889e-06 1.52422432e-05 3.85033337e-05 3.51369992e-05 1.15193783e-05 4.10485963e-05 3.19799117e-05 1.33356618e-05 3.73818523e-05 4.34058172e-05 9.08253205e-06 3.43629234e-05 7.51284325e-05 2.17045701e-05 1.84852618e-04 3.36497033e-04 1.34598813e-05 1.05441205e-04 8.64007961e-06 2.42538066e-05 2.11960501e-04 3.89949758e-04 6.48748824e-05 1.47357020e-04 2.07123228e-05 5.33367099e-06 1.03481443e-05 4.30155504e-06 1.19974535e-07 1.25700375e-09 2.73047307e-11
 1995 12 26 12 00 00  3.53773917e-03 2.14762641e-03 1.17606115e-03 8.29911630e-04 5.84969630e-04 3.36439311e-04 2.35900870e-04 1.93318901e-04 3.88143168e-04 1.14376063e-04 2.66997568e-03 3.92013490e-03 2.04011380e-04 5.94062499e-05 3.94387267e-05 1.06487270e-04 2.90682219e-05 4.80551331e-05 1.05475135e-04 6.55507145e-05 1.16788215e-04 1.41983222e-04 8.76919461e-05 6.49860027e-05 4.58835239e-06 8.62579764e-06 5.85880407e-06 2.24474765e-05 4.76769637e-06 1.52598868e-05 3.85255340e-05 3.51122435e-05 1.14703340e-05 4.10957164e-05 3.28465714e-05 1.33272231e-05 3.74319430e-05 4.33556572e-05 9.10319723e-06 3.46130469e-05 7.51228725e-05 2.22630377e-05 1.84714506e-04 3.44469937e-04 1.37787975e-05 1.07156254e-04 8.30778663e-06 2.53372826e-05 2.13767614e-04 3.92266944e-04 6.61289032e-05 1.47395229e-04 2.17311118e-05 5.70409313e-06 1.12034934e-05 4.88016117e-06 1.46636837e-07 2.68746914e-09 1.58026803e-10
 1995 12 27 12 00 00  3.53207884e-03 2.14419636e-03 1.17386367e-03 8.28186824e-04 5.83393061e-04 3.35706955e-04 2.35189992e-04 1.92542523e-04 3.86117564e-04 1.13895637e-04 2.65370840e-03 3.88826281e-03 2.03245826e-04 5.92612418e-05 3.93305008e-05 1.05889921e-04 2.88842479e-05 4.75828187e-05 1.05120888e-04 6.54349569e-05 1.15803128e-04 1.40725659e-04 8.71744770e-05 6.47806171e-05 4.57517635e-06 8.62656525e-06 5.85351554e-06 2.23876399e-05 4.76513742e-06 1.52198119e-05 3.82900886e-05 3.50361166e-05 1.13184913e-05 4.08641822e-05 3.26966081e-05 1.33018504e-05 3.69788714e-05 4.27080267e-05 9.10383969e-06 3.43230018e-05 7.37454032e-05 2.21652386e-05 1.82228901e-04 3.43088871e-04 1.37235548e-05 1.04684317e-04 7.29304666e-06 2.51477788e-05 2.09582514e-04 3.88064682e-04 6.54320310e-05 1.44490540e-04 2.17443263e-05 5.70894313e-06 1.12149130e-05 4.89047619e-06 1.47296941e-07 2.73664953e-09 1.62863834e-10
 1995 12 28 12 00 00  3.53078197e-03 2.14428655e-03 1.17383894e-03 8.27983727e-04 5.83114573e-04 3.35466283e-04 2.35005479e-04 1.92362060e-04 3.85650440e-04 1.13966673e-04 2.64989393e-03 3.87763828e-03 2.03213836e-04 5.93776251e-05 3.93452372e-05 1.05789786e-04 2.88222771e-05 4.74245899e-05 1.05330554e-04 6.56721939e-05 1.15474901e-04 1.40305450e-04 8.70270708e-05 6.47826331e-05 4.57074348e-06 8.65475595e-06 5.85174930e-06 2.23801129e-05 4.77047033e-06 1.52184472e-05 3.82503187e-05 3.50105140e-05 1.12673057e-05 4.08465732e-05 3.30085779e-05 1.32933856e-05 3.69076222e-05 4.25564691e-05 9.12729593e-06 3.43866501e-05 7.34619383e-05 2.23663999e-05 1.81757497e-04 3.45959046e-04 1.38383618e-05 1.04866127e-04 6.95263952e-06 2.55380233e-05 2.09434522e-04 3.88172181e-04 6.57854196e-05 1.44483483e-04 2.29329743e-05 6.14104508e-06 1.22123014e-05 5.56061664e-06 1.77852674e-07 4.35182921e-09 3.09864046e-10
 1995 12 29 12 00 00  3.53678043e-03 2.14842542e-03 1.17644292e-03 8.29921153e-04 5.84831637e-04 3.36200501e-04 2.35746211e-04 1.93183009e-04 3.87794755e-04 1.14579795e-04 2.66708129e-03 3.90951000e-03 2.04107276e-04 5.96166303e-05 3.94824722e-05 1.06443454e-04 2.90057680e-05 4.78963106e-05 1.05870623e-04 6.59455138e-05 1.16459825e-04 1.41562239e-04 8.75588519e-05 6.50258582e-05 4.58388895e-06 8.66664996e-06 5.85703528e-06 2.24467966e-05 4.77658832e-06 1.52653676e-05 3.85080261e-05 3.50864721e-05 1.14187220e-05 4.11100176e-05 3.33666248e-05 1.33187525e-05 3.74060486e-05 4.32405996e-05 9.13719414e-06 3.47638982e-05 7.49392428e-05 2.25979413e-05 1.84430474e-04 3.49253935e-04 1.39701574e-05 1.07911901e-04 7.96575841e-06 2.59870663e-05 2.14331396e-04 3.93224553e-04 6.68165627e-05 1.47809713e-04 2.34261723e-05 6.32035453e-06 1.26262851e-05 5.83991958e-06 1.90670292e-07 5.03558244e-09 3.72250586e-10
 1995 12 30 12 00 00  3.54596864e-03 2.15364298e-03 1.17981805e-03 8.32638487e-04 5.87349645e-04 3.37417931e-04 2.36907673e-04 1.94442495e-04 3.91081449e-04 1.15286339e-04 2.69351170e-03 3.96263003e-03 2.05291149e-04 5.97891270e-05 3.96415667e-05 1.07395228e-04 2.93107732e-05 4.86815203e-05 1.06318606e-04 6.60234713e-05 1.18099152e-04 1.43655605e-04 8.84098708e-05 6.53366800e-05 4.60574774e-06 8.65148395e-06 5.86584138e-06 2.25406439e-05 4.77837275e-06 1.53268552e-05 3.88836347e-05 3.52127856e-05 1.16703668e-05 4.14687487e-05 3.34707875e-05 1.33610214e-05 3.81265474e-05 4.42905584e-05 9.12457981e-06 3.51771435e-05 7.71551048e-05 2.26643082e-05 1.88404273e-04 3.50211250e-04 1.40084500e-05 1.11606777e-04 9.65158324e-06 2.61159788e-05 2.20763911e-04 3.99569772e-04 6.77301414e-05 1.52111825e-04 2.27556342e-05 6.07667248e-06 1.20641772e-05 5.46652911e-06 1.73953105e-07 4.17509058e-09 2.94521540e-10
 1995 12 31 12 00 00  3.55180068e-03 2.15746298e-03 1.18223843e-03 8.34468604e-04 5.88986935e-04 3.38146624e-04 2.37631000e-04 1.95238778e-04 3.93164454e-04 1.15839228e-04 2.71022235e-03 3.99450026e-03 2.06125161e-04 5.99844917e-05 3.97653821e-05 1.08016942e-04 2.94894155e-05 4.91472951e-05 1.06768751e-04 6.62247476e-05 1.19077546e-04 1.44904696e-04 8.89319763e-05 6.55536235e-05 4.61858835e-06 8.64761969e-06 5.87110226e-06 2.26020089e-05 4.78291986e-06 1.53696907e-05 3.91262138e-05 3.52870498e-05 1.18175012e-05 4.17091993e-05 3.37366509e-05 1.33863374e-05 3.85979524e-05 4.49498398e-05 9.12136602e-06 3.54994428e-05 7.85663758e-05 2.28351666e-05 1.90911225e-04 3.52656531e-04 1.41062613e-05 1.14352916e-04 1.06484847e-05 2.64475530e-05 2.25264975e-04 4.04134020e-04 6.85989598e-05 1.54859072e-04 2.25797625e-05 6.01277029e-06 1.19168277e-05 5.36930734e-06 1.69648107e-07 3.95715816e-09 2.74930545e-10
 1996 01 01 12 00 00  3.55563136e-03 2.15991404e-03 1.18379683e-03 8.35651185e-04 5.90046911e-04 3.38628066e-04 2.38106039e-04 1.95760139e-04 3.94531371e-04 1.16189679e-04 2.72118796e-03 4.01574448e-03 2.06662805e-04 6.01019928e-05 3.98440127e-05 1.08418731e-04 2.96041340e-05 4.94524487e-05 1.07042479e-04 6.63382933e-05 1.19724319e-04 1.45730456e-04 8.92753164e-05 6.56932691e-05 4.62687312e-06 8.64577305e-06 5.87458671e-06 2.26408261e-05 4.78549227e-06 1.53964869e-05 3.92803909e-05 3.53350246e-05 1.19117307e-05 4.18647265e-05 3.38869984e-05 1.34031667e-05 3.89014857e-05 4.53777976e-05 9.11982643e-06 3.57040319e-05 7.94768975e-05 2.29316094e-05 1.92542859e-04 3.54039120e-04 1.41615648e-05 1.16079259e-04 1.12984504e-05 2.66347488e-05 2.28108972e-04 4.07011514e-04 6.91261903e-05 1.56668338e-04 2.25141854e-05 5.98890167e-06 1.18615891e-05 5.33049281e-06 1.67756237e-07 3.84796328e-09 2.64760280e-10
