#START
 2026 01 01 12 00 00  3.90189691e-03 2.37881978e-03 1.32322540e-03 9.56598688e-04 7.06886896e-04 3.85598037e-04 2.84228271e-04 2.47113721e-04 5.22661303e-04 1.49125724e-04 3.74569861e-03 5.77192754e-03 2.57142152e-04 7.43990548e-05 4.75385748e-05 1.32222050e-04 3.72767623e-05 6.41559076e-05 1.36801122e-04 8.17355816e-05 1.47970205e-04 1.79424383e-04 1.04650840e-04 7.48830607e-05 5.13892919e-06 9.52493065e-06 6.01190914e-06 2.57329430e-05 5.03269366e-06 1.75907365e-05 4.91076353e-05 3.82732833e-05 1.86562480e-05 5.22957204e-05 4.89536265e-05 1.40000338e-05 5.65530261e-05 6.88940404e-05 9.83875798e-06 5.12735298e-05 1.49090206e-04 3.51694034e-05 2.86818637e-04 4.95813080e-04 1.98325232e-05 2.40774827e-04 4.75209730e-05 4.98537498e-05 4.33378230e-04 6.32458251e-04 1.19739609e-04 3.51560271e-04 1.25020549e-04 4.31051178e-05 9.68170425e-05 5.39772225e-05 1.78009263e-06 4.34732478e-08 2.71874807e-09
 2026 01 02 12 00 00  3.89367438e-03 2.37298378e-03 1.31956597e-03 9.53857098e-04 7.04445234e-04 3.84595596e-04 2.83206372e-04 2.45974007e-04 5.19704877e-04 1.48245083e-04 3.72204414e-03 5.72942123e-03 2.55881641e-04 7.40325837e-05 4.73556703e-05 1.31670008e-04 3.71310249e-05 6.38642581e-05 1.36106169e-04 8.12869170e-05 1.47336429e-04 1.78673959e-04 1.04287734e-04 7.46601114e-05 5.12942206e-06 9.39566235e-06 6.01025204e-06 2.56677514e-05 5.02311923e-06 1.75439524e-05 4.88524261e-05 3.82166123e-05 1.85134311e-05 5.20124927e-05 4.83904412e-05 1.39927404e-05 5.61056097e-05 6.83337967e-05 9.73748174e-06 5.08679603e-05 1.47548449e-04 3.47931986e-05 2.84709685e-04 4.90615359e-04 1.96246144e-05 2.37422384e-04 4.66617465e-05 4.91266313e-05 4.28248711e-04 6.26663607e-04 1.18371396e-04 3.47789385e-04 1.23695779e-04 4.26244596e-05 9.57120854e-05 5.32878402e-05 1.75246819e-06 4.22997559e-08 2.61919197e-09
 2026 01 03 12 00 00  3.89023246e-03 2.37156861e-03 1.31859587e-03 9.52899172e-04 7.03468375e-04 3.84082448e-04 2.82745633e-04 2.45483685e-04 5.18452948e-04 1.48084550e-04 3.71195995e-03 5.70815951e-03 2.55516739e-04 7.40415161e-05 4.73149382e-05 1.30821185e-04 3.67855799e-05 6.31717558e-05 1.35901693e-04 8.13946244e-05 1.45947317e-04 1.76881892e-04 1.03590810e-04 7.43972724e-05 5.10694445e-06 9.35624412e-06 5.99877094e-06 2.55919792e-05 5.02597286e-06 1.74913885e-05 4.84043240e-05 3.80822457e-05 1.81727140e-05 5.16676761e-05 4.85547382e-05 1.39426775e-05 5.54111567e-05 6.72751809e-05 9.70643596e-06 5.04096151e-05 1.45634937e-04 3.48880974e-05 2.79917376e-04 4.92113087e-04 1.96845235e-05 2.33615897e-04 4.46007383e-05 4.93130181e-05 4.21327945e-04 6.19613595e-04 1.17559089e-04 3.40503027e-04 1.22341503e-04 4.21329718e-05 9.45816291e-05 5.25755063e-05 1.72337934e-06 4.10173755e-08 2.50893102e-09
 2026 01 04 12 00 00  3.87031935e-03 2.35534765e-03 1.30859557e-03 9.45859108e-04 6.97440313e-04 3.81837157e-04 2.80334173e-04 2.42747136e-04 5.11322988e-04 1.45528324e-04 3.65500372e-03 5.61252832e-03 2.52134497e-04 7.28172163e-05 4.67722267e-05 1.29485751e-04 3.65602667e-05 6.27211237e-05 1.33662478e-04 7.97144370e-05 1.44920794e-04 1.75724608e-04 1.02914272e-04 7.37942361e-05 5.09223391e-06 9.27316796e-06 5.98037623e-06 2.54523404e-05 4.98875452e-06 1.73646297e-05 4.78636176e-05 3.79946519e-05 1.79523879e-05 5.10201335e-05 4.63741977e-05 1.38625328e-05 5.44264813e-05 6.60987035e-05 9.64103092e-06 4.88967105e-05 1.41587961e-04 3.34679673e-05 2.71283494e-04 4.72034175e-04 1.88813670e-05 2.23939171e-04 4.32776229e-05 4.65609512e-05 4.08621768e-04 6.05055169e-04 1.13240590e-04 3.32428416e-04 1.17684907e-04 4.04409901e-05 9.06800542e-05 4.99999006e-05 1.60923446e-06 3.52315347e-08 1.98861514e-09
 2026 01 05 12 00 00  3.87297658e-03 2.35560099e-03 1.30888656e-03 9.46279606e-04 6.97918642e-04 3.82272283e-04 2.80681757e-04 2.43089487e-04 5.12251631e-04 1.45462370e-04 3.66256597e-03 5.63375354e-03 2.52258319e-04 7.26253803e-05 4.67455082e-05 1.28685571e-04 3.62995168e-05 6.21993560e-05 1.32950574e-04 7.93270068e-05 1.43935152e-04 1.74382416e-04 1.02380527e-04 7.34558693e-05 5.07522273e-06 9.26214052e-06 5.96590980e-06 2.53849662e-05 4.98056470e-06 1.73064685e-05 4.74657397e-05 3.78932658e-05 1.76969363e-05 5.06923786e-05 4.58919443e-05 1.37994837e-05 5.37898001e-05 6.51896835e-05 9.63217826e-06 4.81387845e-05 1.40224967e-04 3.31437477e-05 2.65825807e-04 4.67580842e-04 1.87032337e-05 2.19256861e-04 4.17411356e-05 4.59347211e-05 4.01298449e-04 5.97403913e-04 1.11599651e-04 3.23793769e-04 1.12567506e-04 3.85812898e-05 8.63903691e-05 4.71519777e-05 1.48184356e-06 2.86830598e-08 1.39731311e-09
 2026 01 06 12 00 00  3.83986997e-03 2.33388953e-03 1.29512919e-03 9.35859064e-04 6.88585419e-04 3.78136779e-04 2.76571299e-04 2.38560826e-04 5.00413559e-04 1.42313977e-04 3.56765812e-03 5.45315556e-03 2.47511873e-04 7.15082080e-05 4.60699976e-05 1.28023217e-04 3.63061496e-05 6.22139312e-05 1.31503275e-04 7.81523879e-05 1.43687967e-04 1.74430848e-04 1.02145129e-04 7.30794116e-05 5.07559416e-06 9.34699347e-06 5.95592865e-06 2.53056992e-05 4.95457716e-06 1.72276107e-05 4.73009311e-05 3.78959026e-05 1.77057867e-05 5.02743880e-05 4.43692086e-05 1.37559822e-05 5.33943254e-05 6.48126678e-05 9.69877583e-06 4.71679957e-05 1.36283990e-04 3.21512023e-05 2.60960204e-04 4.53558124e-04 1.81423249e-05 2.13932030e-04 4.18063515e-05 4.40114381e-05 3.95720960e-04 5.89607394e-04 1.09062541e-04 3.20389628e-04 1.08242507e-04 3.70094869e-05 8.27644191e-05 4.47407049e-05 1.37369406e-06 2.31013779e-08 8.92729179e-10
 2026 01 07 12 00 00  3.78389372e-03 2.29832045e-03 1.27250091e-03 9.18380549e-04 6.72750153e-04 3.71012473e-04 2.69568610e-04 2.30872022e-04 4.80375704e-04 1.37216237e-04 3.40680165e-03 5.14503941e-03 2.39666403e-04 6.98094012e-05 4.49833017e-05 1.26278267e-04 3.60266800e-05 6.16544159e-05 1.29215474e-04 7.65042263e-05 1.42115341e-04 1.72989177e-04 1.01191952e-04 7.22989163e-05 5.05737480e-06 9.56573494e-06 5.92706892e-06 2.51283052e-05 4.91791761e-06 1.70620557e-05 4.66688461e-05 3.77872289e-05 1.74314817e-05 4.93716379e-05 4.22224053e-05 1.36303628e-05 5.22107178e-05 6.33287700e-05 9.87027961e-06 4.52719975e-05 1.28312206e-04 3.07569018e-05 2.48757514e-04 4.33794742e-04 1.73517897e-05 2.02506168e-04 4.01538535e-05 4.13086411e-05 3.81482471e-04 5.71920771e-04 1.04587729e-04 3.10016581e-04 1.01825530e-04 3.46770388e-05 7.73819495e-05 4.11400641e-05 1.21065481e-06 1.45685927e-08 1.18306165e-10
 2026 01 08 12 00 00  3.75448504e-03 2.27621257e-03 1.25874352e-03 9.08435025e-04 6.64089047e-04 3.67550813e-04 2.65971268e-04 2.26839011e-04 4.69856610e-04 1.33829415e-04 3.32260175e-03 4.99629043e-03 2.34982969e-04 6.83224941e-05 4.42382480e-05 1.24280073e-04 3.55578435e-05 6.07150083e-05 1.26503201e-04 7.46046600e-05 1.40048718e-04 1.70561936e-04 9.99609215e-05 7.15730630e-05 5.02684670e-06 9.71797272e-06 5.91516182e-06 2.49310774e-05 4.87551079e-06 1.68862241e-05 4.57623725e-05 3.76048847e-05 1.69698746e-05 4.85294243e-05 3.97399708e-05 1.35785012e-05 5.06468104e-05 6.13788549e-05 9.98938922e-06 4.38778795e-05 1.22641424e-04 2.91486242e-05 2.41770524e-04 4.10946534e-04 1.64378614e-05 1.89776983e-04 3.73656978e-05 3.81902384e-05 3.62621840e-04 5.50908372e-04 9.91632625e-05 3.02549048e-04 1.04149023e-04 3.55217158e-05 7.93318186e-05 4.24521025e-05 1.27061734e-06 1.77486669e-08 4.07994349e-10
 2026 01 09 12 00 00  3.72988037e-03 2.25849655e-03 1.24766050e-03 9.00294032e-04 6.56929072e-04 3.64590890e-04 2.62944099e-04 2.23465233e-04 4.61056867e-04 1.31158455e-04 3.25209724e-03 4.86879237e-03 2.31194351e-04 6.72212407e-05 4.36651853e-05 1.21429342e-04 3.46438057e-05 5.88822819e-05 1.24062384e-04 7.32561981e-05 1.36253636e-04 1.65816085e-04 9.79009212e-05 7.03550993e-05 4.96738940e-06 9.22393374e-06 5.89486808e-06 2.46293251e-05 4.84531374e-06 1.66699065e-05 4.43157940e-05 3.72493319e-05 1.60676704e-05 4.71020613e-05 3.79728328e-05 1.34901740e-05 4.82707202e-05 5.81823742e-05 9.60207617e-06 4.17458153e-05 1.15731393e-04 2.80061766e-05 2.28781543e-04 3.94684925e-04 1.57873970e-05 1.73754572e-04 3.19048559e-05 3.59745580e-05 3.36839605e-04 5.22287528e-04 9.36069501e-05 2.74985717e-04 9.01310121e-05 3.04259236e-05 6.75700187e-05 3.45544598e-05 9.10879302e-07 1.98408969e-09 1.00000000e-10
 2026 01 10 12 00 00  3.71763119e-03 2.24973639e-03 1.24217643e-03 8.96260297e-04 6.53378777e-04 3.63112454e-04 2.61436761e-04 2.21787523e-04 4.56679219e-04 1.29842143e-04 3.21700226e-03 4.80504483e-03 2.29319956e-04 6.66858956e-05 4.33797537e-05 1.18686751e-04 3.36176687e-05 5.68243966e-05 1.22380206e-04 7.26090977e-05 1.32120555e-04 1.60483773e-04 9.57291013e-05 6.93940118e-05 4.90065831e-06 9.02461979e-06 5.88200710e-06 2.43620104e-05 4.83067888e-06 1.64798188e-05 4.28243249e-05 3.68501584e-05 1.50540902e-05 4.59198046e-05 3.71173082e-05 1.34341957e-05 4.59117792e-05 5.48846954e-05 9.44577550e-06 4.04210026e-05 1.10158578e-04 2.74567457e-05 2.19923093e-04 3.86816772e-04 1.54726709e-05 1.59900828e-04 2.57662061e-05 3.49082344e-05 3.12089472e-04 4.96199766e-04 8.92772991e-05 2.53199473e-04 8.64034253e-05 2.90706448e-05 6.44407020e-05 3.24398319e-05 8.13594568e-07 1.00000000e-10 1.00000000e-10
 2026 01 11 12 00 00  3.70388024e-03 2.24063405e-03 1.23641957e-03 8.91894520e-04 6.49465372e-04 3.61392817e-04 2.59727024e-04 2.19902433e-04 4.51762395e-04 1.28515862e-04 3.17753755e-03 4.73067313e-03 2.27335484e-04 6.62123976e-05 4.30996865e-05 1.16957179e-04 3.30008945e-05 5.55874780e-05 1.21223456e-04 7.21023243e-05 1.29580632e-04 1.57278818e-04 9.43841060e-05 6.87754894e-05 4.86054814e-06 9.42699990e-06 5.87432987e-06 2.42189077e-05 4.81920615e-06 1.63557091e-05 4.19078089e-05 3.66102322e-05 1.44448801e-05 4.52552016e-05 3.64467065e-05 1.34007933e-05 4.44635175e-05 5.28573073e-05 9.76115043e-06 3.96943792e-05 1.06162128e-04 2.70263728e-05 2.16375681e-04 3.80649715e-04 1.52259886e-05 1.51221124e-04 2.20766728e-05 3.40729050e-05 2.96619379e-04 4.79589903e-04 8.64247918e-05 2.40035900e-04 8.41222165e-05 2.82410345e-05 6.25241260e-05 3.11327402e-05 7.52606604e-07 1.00000000e-10 1.00000000e-10
 2026 01 12 12 00 00  3.68907430e-03 2.23213331e-03 1.23093108e-03 8.87477284e-04 6.45372384e-04 3.59433249e-04 2.57853729e-04 2.17868338e-04 4.46462822e-04 1.27356249e-04 3.13491314e-03 4.64567579e-03 2.25410946e-04 6.59259924e-05 4.28635797e-05 1.16098849e-04 3.27077258e-05 5.49998367e-05 1.20765262e-04 7.19460309e-05 1.28300804e-04 1.55758606e-04 9.37143621e-05 6.85105410e-05 4.84146949e-06 9.77052478e-06 5.86822571e-06 2.41521004e-05 4.81563984e-06 1.62928305e-05 4.14822075e-05 3.64962005e-05 1.41558325e-05 4.49467475e-05 3.62384191e-05 1.33742404e-05 4.37857700e-05 5.18835079e-05 1.00304504e-05 3.93892137e-05 1.03447117e-04 2.68934091e-05 2.14300028e-04 3.78735041e-04 1.51494016e-05 1.47152243e-04 2.03287665e-05 3.38146870e-05 2.89553628e-04 4.71900206e-04 8.52351243e-05 2.35579875e-04 8.54104082e-05 2.87089761e-05 6.36025567e-05 3.18374629e-05 7.83312424e-07 1.00000000e-10 1.00000000e-10
 2026 01 13 12 00 00  3.69146515e-03 2.23436079e-03 1.23228536e-03 8.88368547e-04 6.46100027e-04 3.59675252e-04 2.58132985e-04 2.18191861e-04 4.47314213e-04 1.27719354e-04 3.14168719e-03 4.65629660e-03 2.25861137e-04 6.61180811e-05 4.29407939e-05 1.16894649e-04 3.30070296e-05 5.56012557e-05 1.21370054e-04 7.22284953e-05 1.29504845e-04 1.57326930e-04 9.43550729e-05 6.88228790e-05 4.86087811e-06 9.18842998e-06 5.86611895e-06 2.41942912e-05 4.82195319e-06 1.63483211e-05 4.19333411e-05 3.66126769e-05 1.44536127e-05 4.51757634e-05 3.66079388e-05 1.33650741e-05 4.44784740e-05 5.28498309e-05 9.57413649e-06 3.95178305e-05 1.04804231e-04 2.71326164e-05 2.12544146e-04 3.82135891e-04 1.52854356e-05 1.50959751e-04 2.21430542e-05 3.42785497e-05 2.97160963e-04 4.80092302e-04 8.66694389e-05 2.43115347e-04 8.79593055e-05 2.96352615e-05 6.57391834e-05 3.32559865e-05 8.46765636e-07 1.00000000e-10 1.00000000e-10
 2026 01 14 12 00 00  3.72079733e-03 2.25364357e-03 1.24449534e-03 8.97640588e-04 6.54417637e-04 3.63347994e-04 2.61780512e-04 2.22211052e-04 4.57804150e-04 1.30520491e-04 3.22584896e-03 4.81565967e-03 2.30073810e-04 6.71102346e-05 4.35345506e-05 1.18376269e-04 3.33765405e-05 5.63436013e-05 1.22979691e-04 7.32767570e-05 1.31218380e-04 1.59261387e-04 9.53263659e-05 6.94556780e-05 4.88484620e-06 9.39887541e-06 5.87813047e-06 2.43581834e-05 4.84544289e-06 1.64730622e-05 4.26015091e-05 3.67564760e-05 1.48209569e-05 4.59594702e-05 3.79824458e-05 1.34173330e-05 4.56388191e-05 5.43382523e-05 9.73909628e-06 4.07720825e-05 1.09764825e-04 2.80208566e-05 2.20105067e-04 3.94783968e-04 1.57913587e-05 1.59925991e-04 2.43797142e-05 3.60012782e-05 3.10189899e-04 4.95304228e-04 9.00263032e-05 2.54190140e-04 9.31950810e-05 3.15383431e-05 7.01307068e-05 3.61923908e-05 9.79631062e-07 4.13639611e-09 1.00000000e-10
 2026 01 15 12 00 00  3.73624159e-03 2.26355056e-03 1.25078968e-03 9.02455690e-04 6.58755074e-04 3.65299617e-04 2.63704373e-04 2.24324188e-04 4.63323899e-04 1.31942871e-04 3.27015827e-03 4.90065068e-03 2.32249394e-04 6.75910559e-05 4.38470763e-05 1.19580227e-04 3.37437901e-05 5.70813136e-05 1.23882221e-04 7.37486640e-05 1.32810104e-04 1.61183070e-04 9.61808208e-05 7.00277317e-05 4.90867278e-06 9.49583919e-06 5.89297015e-06 2.44768558e-05 4.85612436e-06 1.65638832e-05 4.31846854e-05 3.68993933e-05 1.51858985e-05 4.65918992e-05 3.86067986e-05 1.34818983e-05 4.65999015e-05 5.56662416e-05 9.81510602e-06 4.18582381e-05 1.13278176e-04 2.84216047e-05 2.27150308e-04 4.00525795e-04 1.60210318e-05 1.66632367e-04 2.66009767e-05 3.67790984e-05 3.20473947e-04 5.07199877e-04 9.21685127e-05 2.68510499e-04 1.03141725e-04 3.51539125e-05 7.84749169e-05 4.17831333e-05 1.23341973e-06 1.52783635e-08 1.70431047e-10
 2026 01 16 12 00 00  3.76265462e-03 2.28237981e-03 1.26258455e-03 9.11110548e-04 6.66360672e-04 3.68482576e-04 2.66949450e-04 2.27934251e-04 4.72758518e-04 1.34765965e-04 3.34576491e-03 5.03876247e-03 2.36279315e-04 6.87239291e-05 4.44357740e-05 1.21668785e-04 3.43289168e-05 5.82563924e-05 1.26055506e-04 7.51240645e-05 1.35340802e-04 1.64241540e-04 9.76007484e-05 7.08911407e-05 4.94664782e-06 9.52792325e-06 5.90761047e-06 2.46841734e-05 4.88715887e-06 1.67323086e-05 4.41942199e-05 3.71270784e-05 1.57668081e-05 4.75760038e-05 4.04215069e-05 1.35455819e-05 4.82888928e-05 5.78783299e-05 9.84024227e-06 4.34002603e-05 1.18979136e-04 2.95888167e-05 2.35579811e-04 4.17217648e-04 1.66887059e-05 1.78993307e-04 3.01340449e-05 3.90440313e-05 3.39529975e-04 5.28595860e-04 9.68440493e-05 2.84615721e-04 1.09661791e-04 3.75239302e-05 8.39445685e-05 4.54477771e-05 1.39976672e-06 2.40153216e-08 9.64177005e-10
 2026 01 17 12 00 00  3.76957601e-03 2.28855343e-03 1.26635297e-03 9.13619661e-04 6.68426105e-04 3.69206365e-04 2.67762625e-04 2.28867858e-04 4.75217462e-04 1.35758314e-04 3.36538353e-03 5.07062636e-03 2.37533727e-04 6.92329549e-05 4.46661449e-05 1.23253331e-04 3.48189962e-05 5.92406665e-05 1.27346365e-04 7.58464856e-05 1.37333063e-04 1.66804075e-04 9.86847695e-05 7.15252981e-05 4.97844994e-06 9.40102109e-06 5.93319128e-06 2.48143628e-05 4.90359307e-06 1.68495785e-05 4.49749274e-05 3.73177812e-05 1.62534983e-05 4.82344543e-05 4.13816451e-05 1.36568604e-05 4.95394580e-05 5.96459483e-05 9.74078939e-06 4.47430529e-05 1.22616029e-04 3.02029919e-05 2.45220699e-04 4.26044840e-04 1.70417936e-05 1.88125072e-04 3.30948096e-05 4.02365229e-05 3.53620311e-04 5.43726501e-04 9.99371980e-05 2.98770820e-04 1.16211947e-04 3.99049177e-05 8.94396897e-05 4.91312667e-05 1.56709751e-06 3.28136501e-08 1.76374506e-09
 2026 01 18 12 00 00  3.82593884e-03 2.32235351e-03 1.28803582e-03 9.30705114e-04 6.84075915e-04 3.76532481e-04 2.74848191e-04 2.36594721e-04 4.95377129e-04 1.40465633e-04 3.52739104e-03 5.38935028e-03 2.45091453e-04 7.05767510e-05 4.56639683e-05 1.26383237e-04 3.57637415e-05 6.11373107e-05 1.29453804e-04 7.68675236e-05 1.41561503e-04 1.71735182e-04 1.00939754e-04 7.27283335e-05 5.03979572e-06 1.15139002e-05 5.97149992e-06 2.52411300e-05 4.92674371e-06 1.70880831e-05 4.64413210e-05 3.76853801e-05 1.71902648e-05 5.01643685e-05 4.27346502e-05 1.38235206e-05 5.20491398e-05 6.30394722e-05 1.13972172e-05 4.76753899e-05 1.33088238e-04 3.10704083e-05 2.71277623e-04 4.38486414e-04 1.75394566e-05 2.05750260e-04 3.87863169e-05 4.19202988e-05 3.79284269e-04 5.72847856e-04 1.05027224e-04 3.23114700e-04 1.25090430e-04 4.31322082e-05 9.68877808e-05 5.41212952e-05 1.79359511e-06 4.47089704e-08 2.84440311e-09
 2026 01 19 12 00 00  3.84031287e-03 2.33566505e-03 1.29612932e-03 9.36070293e-04 6.88479947e-04 3.78006105e-04 2.76534923e-04 2.38545437e-04 5.00495553e-04 1.42633418e-04 3.56819347e-03 5.45308813e-03 2.47783493e-04 7.17192710e-05 4.61412454e-05 1.27512742e-04 3.59505764e-05 6.15129597e-05 1.31600941e-04 7.85316166e-05 1.42409432e-04 1.72716591e-04 1.01524969e-04 7.33534096e-05 5.05190110e-06 9.73928400e-06 5.97539583e-06 2.52569909e-05 4.96430475e-06 1.71979998e-05 4.69455111e-05 3.77581018e-05 1.73765453e-05 5.03936812e-05 4.49308660e-05 1.38404503e-05 5.28862201e-05 6.40486378e-05 1.00061014e-05 4.83590624e-05 1.35990369e-04 3.24827095e-05 2.67730654e-04 4.58687069e-04 1.83474828e-05 2.13464031e-04 3.99232551e-05 4.46608872e-05 3.91014658e-04 5.86798617e-04 1.09124914e-04 3.33651256e-04 1.33872424e-04 4.63245813e-05 1.04256041e-04 5.90667043e-05 2.01870630e-06 5.65797734e-08 3.92406250e-09
 2026 01 20 12 00 00  3.84525612e-03 2.34047664e-03 1.29904010e-03 9.37948385e-04 6.89990159e-04 3.78489825e-04 2.77105373e-04 2.39210237e-04 5.02248785e-04 1.43424890e-04 3.58216218e-03 5.47433086e-03 2.48744335e-04 7.21374519e-05 4.62924299e-05 1.29204697e-04 3.65465676e-05 6.27099071e-05 1.32873017e-04 7.91656377e-05 1.44796163e-04 1.75832472e-04 1.02805814e-04 7.38786131e-05 5.09057827e-06 9.48159577e-06 5.98575461e-06 2.53960746e-05 4.97876681e-06 1.73182485e-05 4.78510537e-05 3.79900157e-05 1.79683426e-05 5.09919371e-05 4.57755406e-05 1.38854986e-05 5.43106386e-05 6.60360586e-05 9.80407058e-06 4.90922461e-05 1.39230994e-04 3.30220471e-05 2.72308181e-04 4.66451479e-04 1.86580591e-05 2.22422308e-04 4.35230555e-05 4.57082817e-05 4.06664674e-04 6.02857095e-04 1.12224966e-04 3.43069383e-04 1.31418596e-04 4.54327461e-05 1.02198416e-04 5.76950799e-05 1.95694743e-06 5.33740533e-08 3.63379193e-09
 2026 01 21 12 00 00  3.86073072e-03 2.35046183e-03 1.30537837e-03 9.42780165e-04 6.94333584e-04 3.80439873e-04 2.79030434e-04 2.41325563e-04 5.07776571e-04 1.44861313e-04 3.62654117e-03 5.55932000e-03 2.50932347e-04 7.26296611e-05 4.66162802e-05 1.30493873e-04 3.69601941e-05 6.35413569e-05 1.33828116e-04 7.96517532e-05 1.46572707e-04 1.78003192e-04 1.03757920e-04 7.43650347e-05 5.11738617e-06 9.60536636e-06 5.99546147e-06 2.55259389e-05 4.98986155e-06 1.74140127e-05 4.84976924e-05 3.81510006e-05 1.83804179e-05 5.16030281e-05 4.64235432e-05 1.39276992e-05 5.53679079e-05 6.74824989e-05 9.90101325e-06 4.99294968e-05 1.42728792e-04 3.34356300e-05 2.78017874e-04 4.72407913e-04 1.88963165e-05 2.29390304e-04 4.60364594e-05 4.65114834e-05 4.17962325e-04 6.15388227e-04 1.14498944e-04 3.53040876e-04 1.34279148e-04 4.64727163e-05 1.04599348e-04 5.93135057e-05 2.03111842e-06 5.73231318e-08 3.99392164e-09
 2026 01 22 12 00 00  3.89432730e-03 2.37306861e-03 1.31964744e-03 9.53508596e-04 7.03901423e-04 3.84602695e-04 2.83194226e-04 2.45925687e-04 5.19787062e-04 1.48176423e-04 3.72287498e-03 5.73993139e-03 2.55841195e-04 7.38497137e-05 4.73134978e-05 1.32597135e-04 3.75145057e-05 6.46553934e-05 1.35964441e-04 8.10046506e-05 1.49056517e-04 1.80909864e-04 1.05150102e-04 7.52654642e-05 5.15332176e-06 9.65028739e-06 6.01731372e-06 2.57348100e-05 5.02028161e-06 1.75853790e-05 4.94679716e-05 3.83667357e-05 1.89322614e-05 5.26372601e-05 4.82029573e-05 1.40227174e-05 5.70129618e-05 6.96556346e-05 9.93607100e-06 5.17063897e-05 1.49238034e-04 3.45828594e-05 2.88871260e-04 4.88778460e-04 1.95511384e-05 2.41934640e-04 4.94004169e-05 4.87370824e-05 4.36488498e-04 6.36620960e-04 1.19097270e-04 3.70160746e-04 1.42886486e-04 4.96019673e-05 1.11823706e-04 6.41834124e-05 2.25430805e-06 6.92068909e-08 5.07765421e-09
 2026 01 23 12 00 00  3.90672573e-03 2.38221106e-03 1.32535011e-03 9.57632584e-04 7.07492532e-04 3.86070315e-04 2.84708857e-04 2.47617860e-04 5.24213059e-04 1.49563781e-04 3.75832302e-03 5.80367297e-03 2.57781802e-04 7.44407106e-05 4.76258510e-05 1.33950113e-04 3.79330770e-05 6.54976640e-05 1.37217451e-04 8.17397260e-05 1.50820446e-04 1.83116180e-04 1.06121385e-04 7.55930952e-05 5.18040833e-06 9.74177456e-06 6.02392574e-06 2.58681624e-05 5.03689080e-06 1.76882651e-05 5.01476465e-05 3.85296822e-05 1.93508473e-05 5.31495774e-05 4.91740007e-05 1.40514050e-05 5.81264998e-05 7.11440310e-05 1.00075973e-05 5.22875608e-05 1.52442179e-04 3.52068571e-05 2.93504954e-04 4.97709485e-04 1.99083794e-05 2.49551897e-04 5.19614958e-05 4.99480404e-05 4.48985962e-04 6.49549092e-04 1.21902752e-04 3.71674112e-04 1.34015248e-04 4.63778850e-05 1.04385820e-04 5.92331646e-05 2.03198879e-06 5.77104515e-08 4.03779659e-09
 2026 01 24 12 00 00  3.91668587e-03 2.38904573e-03 1.32965168e-03 9.60833043e-04 7.10328556e-04 3.87292965e-04 2.85938188e-04 2.48978205e-04 5.27768460e-04 1.50572455e-04 3.78685175e-03 5.85679337e-03 2.59256074e-04 7.48198671e-05 4.78385416e-05 1.34396975e-04 3.80226847e-05 6.56804768e-05 1.37813879e-04 8.21722380e-05 1.51279162e-04 1.83616059e-04 1.06396499e-04 7.56851431e-05 5.18608977e-06 9.73995557e-06 6.02596301e-06 2.59122279e-05 5.04680647e-06 1.77269765e-05 5.03430103e-05 3.85646737e-05 1.94449982e-05 5.33200819e-05 4.97528468e-05 1.40601725e-05 5.84704491e-05 7.15649293e-05 1.00058933e-05 5.25074520e-05 1.53951877e-04 3.55751952e-05 2.95040506e-04 5.03028859e-04 2.01211544e-05 2.52431708e-04 5.25601499e-05 5.06636221e-05 4.53132950e-04 6.54044078e-04 1.23117120e-04 3.69792151e-04 1.28822819e-04 4.44916161e-05 1.00038225e-04 5.63866061e-05 1.90755270e-06 5.15359204e-08 3.48603031e-09
 2026 01 25 12 00 00  3.91943529e-03 2.38939348e-03 1.32999799e-03 9.61317212e-04 7.10876153e-04 3.87744938e-04 2.86302380e-04 2.49340394e-04 5.28735794e-04 1.50525096e-04 3.79474062e-03 5.87802604e-03 2.59401246e-04 7.46382266e-05 4.78097672e-05 1.34024484e-04 3.79231205e-05 6.54846954e-05 1.37269562e-04 8.18028871e-05 1.50949317e-04 1.83141459e-04 1.06197575e-04 7.54524303e-05 5.17943226e-06 9.55360811e-06 6.01781212e-06 2.58669219e-05 5.03900956e-06 1.76944642e-05 5.01729448e-05 3.85261112e-05 1.93536980e-05 5.31035956e-05 4.92936349e-05 1.40245742e-05 5.81784993e-05 7.11851061e-05 9.85944425e-06 5.19197279e-05 1.53404597e-04 3.52661911e-05 2.91278589e-04 4.98787894e-04 1.99515158e-05 2.49796327e-04 5.20427478e-05 5.00668364e-05 4.49506376e-04 6.49998877e-04 1.22034678e-04 3.63225994e-04 1.22293898e-04 4.21199089e-05 9.45721336e-05 5.28120125e-05 1.75160731e-06 4.38227516e-08 2.79743837e-09
 2026 01 26 12 00 00  3.89589202e-03 2.37406335e-03 1.32027751e-03 9.53825506e-04 7.04095187e-04 3.84767519e-04 2.83353743e-04 2.46090225e-04 5.20289209e-04 1.48296884e-04 3.72699126e-03 5.75051643e-03 2.56030500e-04 7.38409000e-05 4.73315502e-05 1.33288476e-04 3.78039811e-05 6.52494491e-05 1.36118158e-04 8.09703139e-05 1.50309727e-04 1.82562928e-04 1.05798030e-04 7.50254605e-05 5.17151129e-06 9.42858314e-06 6.01165957e-06 2.57715553e-05 5.02097682e-06 1.76204900e-05 4.98997542e-05 3.84799234e-05 1.92426975e-05 5.26289834e-05 4.82346251e-05 1.39976721e-05 5.76454868e-05 7.05709007e-05 9.76124720e-06 5.10360094e-05 1.50194563e-04 3.45658802e-05 2.86958809e-04 4.89023022e-04 1.95609209e-05 2.44834073e-04 5.14042156e-05 4.87118727e-05 4.43144906e-04 6.41713255e-04 1.19923144e-04 3.54993350e-04 1.14224431e-04 3.91881709e-05 8.78133302e-05 4.83685087e-05 1.55601831e-06 3.40121481e-08 1.91790726e-09
 2026 01 27 12 00 00  3.87328083e-03 2.35789317e-03 1.31015128e-03 9.46305977e-04 6.97435566e-04 3.82026531e-04 2.80556027e-04 2.42970979e-04 5.12180018e-04 1.45856948e-04 3.66205126e-03 5.63363060e-03 2.52555382e-04 7.28302569e-05 4.68165350e-05 1.32567484e-04 3.77651071e-05 6.51749142e-05 1.34558685e-04 7.97328481e-05 1.50000389e-04 1.82398673e-04 1.05529869e-04 7.45937192e-05 5.16882174e-06 9.34947384e-06 5.99969244e-06 2.56824658e-05 4.99386297e-06 1.75393294e-05 4.96794322e-05 3.84649407e-05 1.92105173e-05 5.21838688e-05 4.66442551e-05 1.39454758e-05 5.71719428e-05 7.00828824e-05 9.69908288e-06 4.99070950e-05 1.46983351e-04 3.35224060e-05 2.81062394e-04 4.74368885e-04 1.89747554e-05 2.38983826e-04 5.12406928e-05 4.66913101e-05 4.36549185e-04 6.33209068e-04 1.17132221e-04 3.48607848e-04 1.06866004e-04 3.65149077e-05 8.16511161e-05 4.43255268e-05 1.37866793e-06 2.51638813e-08 1.12591616e-09
 2026 01 28 12 00 00  3.85143424e-03 2.34330072e-03 1.30093068e-03 9.39269995e-04 6.91103218e-04 3.79293405e-04 2.77828163e-04 2.39955047e-04 5.04342235e-04 1.43712968e-04 3.59921251e-03 5.51674590e-03 2.49366883e-04 7.20191515e-05 4.63366962e-05 1.29654443e-04 3.67818866e-05 6.32049690e-05 1.32582282e-04 7.88482663e-05 1.45965989e-04 1.77310088e-04 1.03391185e-04 7.35215665e-05 5.10479294e-06 9.53912531e-06 5.96497448e-06 2.54243342e-05 4.97464171e-06 1.73282643e-05 4.82229392e-05 3.80825455e-05 1.82427393e-05 5.09687844e-05 4.55158151e-05 1.37942858e-05 5.48375350e-05 6.67571886e-05 9.84760336e-06 4.79621987e-05 1.39803659e-04 3.27778223e-05 2.66645845e-04 4.63965877e-04 1.85586351e-05 2.23611908e-04 4.53966495e-05 4.52503649e-05 4.11331215e-04 6.06170033e-04 1.12284938e-04 3.24565962e-04 9.90000794e-05 3.36572091e-05 7.50634455e-05 3.99996897e-05 1.18863738e-06 1.56616414e-08 2.74817546e-10
 2026 01 29 12 00 00  3.82762103e-03 2.32741722e-03 1.29089276e-03 9.31608004e-04 6.84206439e-04 3.76312386e-04 2.74854660e-04 2.36668407e-04 4.95800241e-04 1.41381086e-04 3.53071915e-03 5.38923480e-03 2.45895842e-04 7.11520361e-05 4.58445601e-05 1.27835905e-04 3.62296996e-05 6.20995066e-05 1.30903811e-04 7.78933871e-05 1.43612763e-04 1.74462019e-04 1.02103774e-04 7.28240588e-05 5.06879260e-06 9.38250232e-06 5.95313613e-06 2.52325055e-05 4.95384047e-06 1.71848484e-05 4.73429602e-05 3.78678262e-05 1.77008274e-05 5.01096087e-05 4.42949560e-05 1.37426556e-05 5.33659516e-05 6.47922695e-05 9.72474663e-06 4.67456490e-05 1.34767089e-04 3.19736457e-05 2.59073647e-04 4.52712590e-04 1.81085036e-05 2.13437283e-04 4.21323697e-05 4.36938106e-05 3.95167055e-04 5.88236744e-04 1.08647978e-04 3.11286734e-04 9.50265774e-05 3.22141805e-05 7.17395926e-05 3.78485497e-05 1.09645309e-06 1.12328738e-08 1.00000000e-10
 2026 01 30 12 00 00  3.83046200e-03 2.32799649e-03 1.29137074e-03 9.32145943e-04 6.84777667e-04 3.76758832e-04 2.75223293e-04 2.37038937e-04 4.96795641e-04 1.41376293e-04 3.53882515e-03 5.41046560e-03 2.46080134e-04 7.10062359e-05 4.58433296e-05 1.27490628e-04 3.61334067e-05 6.19087135e-05 1.30416112e-04 7.75734894e-05 1.43286004e-04 1.73987179e-04 1.01910608e-04 7.26854373e-05 5.06242141e-06 9.50127433e-06 5.94631274e-06 2.52090024e-05 4.94724700e-06 1.71563515e-05 4.71845979e-05 3.78304656e-05 1.76099187e-05 5.00106217e-05 4.39055846e-05 1.37128489e-05 5.31067075e-05 6.44334541e-05 9.81783669e-06 4.64145547e-05 1.34318655e-04 3.17073311e-05 2.57048590e-04 4.49111237e-04 1.79644495e-05 2.11195528e-04 4.16030263e-05 4.31803259e-05 3.91787547e-04 5.84841940e-04 1.07673163e-04 3.08395048e-04 9.34778720e-05 3.16522410e-05 7.04476283e-05 3.70407159e-05 1.06394469e-06 9.84011947e-09 1.00000000e-10
 2026 01 31 12 00 00  3.83415098e-03 2.33027889e-03 1.29282710e-03 9.33223199e-04 6.85726965e-04 3.77221601e-04 2.75673465e-04 2.37527828e-04 4.98095401e-04 1.41691543e-04 3.54929742e-03 5.43170124e-03 2.46576115e-04 7.10831314e-05 4.58976816e-05 1.28091420e-04 3.63270752e-05 6.22992404e-05 1.30640527e-04 7.76339439e-05 1.44101489e-04 1.75016953e-04 1.02333439e-04 7.29880260e-05 5.07491604e-06 9.53869749e-06 5.96348909e-06 2.52572190e-05 4.94913147e-06 1.71965864e-05 4.74771134e-05 3.79058940e-05 1.78050672e-05 5.03212470e-05 4.40126372e-05 1.37874798e-05 5.35641985e-05 6.51324058e-05 9.84721482e-06 4.71626120e-05 1.36009193e-04 3.17629427e-05 2.63244541e-04 4.50079320e-04 1.80031728e-05 2.14550663e-04 4.28043393e-05 4.32909845e-05 3.96539533e-04 5.90147809e-04 1.08478706e-04 3.17325924e-04 1.00562825e-04 3.42284016e-05 7.63969685e-05 4.10730892e-05 1.25032153e-06 1.98814849e-08 6.83111612e-10
 2026 02 01 12 00 00  3.86306095e-03 2.34606463e-03 1.30310135e-03 9.41595880e-04 6.93533748e-04 3.81096809e-04 2.79335288e-04 2.41481158e-04 5.08425768e-04 1.43779209e-04 3.63243426e-03 5.60167618e-03 2.50191019e-04 7.14954440e-05 4.63412166e-05 1.29502542e-04 3.67964269e-05 6.32428390e-05 1.31119505e-04 7.76711677e-05 1.46237809e-04 1.77481679e-04 1.03427262e-04 7.36878655e-05 5.10532882e-06 1.10951434e-05 5.98379338e-06 2.54811335e-05 4.95040695e-06 1.72962630e-05 4.81574803e-05 3.80885758e-05 1.82729156e-05 5.14295622e-05 4.40845412e-05 1.38757197e-05 5.47292577e-05 6.67450826e-05 1.10672925e-05 4.88438688e-05 1.41166876e-04 3.17981350e-05 2.78360224e-04 4.50726813e-04 1.80290725e-05 2.22059057e-04 4.56592184e-05 4.33615671e-05 4.07281003e-04 6.03193912e-04 1.10028400e-04 3.37065593e-04 1.15416887e-04 3.96284806e-05 8.88628841e-05 4.94644261e-05 1.63404961e-06 4.02494621e-08 2.53895998e-09
 2026 02 02 12 00 00  3.86092062e-03 2.34455854e-03 1.30215667e-03 9.40846793e-04 6.92843462e-04 3.80825272e-04 2.79060701e-04 2.41173658e-04 5.07645515e-04 1.43548211e-04 3.62618733e-03 5.59103861e-03 2.49859823e-04 7.13899752e-05 4.62837436e-05 1.31535200e-04 3.76683398e-05 6.49941794e-05 1.31727143e-04 7.75459339e-05 1.49675233e-04 1.82042636e-04 1.05171691e-04 7.44639483e-05 5.16190230e-06 1.18186828e-05 5.99570303e-06 2.56972855e-05 4.94790329e-06 1.74191270e-05 4.93410373e-05 3.84278712e-05 1.91391096e-05 5.24390615e-05 4.39361582e-05 1.39274751e-05 5.65594311e-05 6.93921697e-05 1.16344265e-05 4.99592101e-05 1.44491139e-04 3.16945225e-05 2.87436125e-04 4.49351769e-04 1.79740708e-05 2.31556466e-04 5.09302248e-05 4.31622000e-05 4.25292419e-04 6.21914707e-04 1.12303957e-04 3.60350325e-04 1.25132125e-04 4.31603408e-05 9.70158915e-05 5.49503956e-05 1.88476283e-06 5.35454703e-08 3.75014579e-09
 2026 02 03 12 00 00  3.86197821e-03 2.34406376e-03 1.30194631e-03 9.40889493e-04 6.92986445e-04 3.81050215e-04 2.79215106e-04 2.41313169e-04 5.08017939e-04 1.43399332e-04 3.62927149e-03 5.60165644e-03 2.49811823e-04 7.12188720e-05 4.62641882e-05 1.29587769e-04 3.68665380e-05 6.33862102e-05 1.30615854e-04 7.72121421e-05 1.46544091e-04 1.77876352e-04 1.03540320e-04 7.38833602e-05 5.10975879e-06 1.10691479e-05 5.99682025e-06 2.54741068e-05 4.94064407e-06 1.72912500e-05 4.82139484e-05 3.81159683e-05 1.83471653e-05 5.15596305e-05 4.35100577e-05 1.39322816e-05 5.47820137e-05 6.69393142e-05 1.10468238e-05 4.92849171e-05 1.41612104e-04 3.14135075e-05 2.82137190e-04 4.45423782e-04 1.78169513e-05 2.21997014e-04 4.61341144e-05 4.26183455e-05 4.07033364e-04 6.03488358e-04 1.09361613e-04 3.47606018e-04 1.27923898e-04 4.41753233e-05 9.93592097e-05 5.65308907e-05 1.95726041e-06 5.74103140e-08 4.10271603e-09
 2026 02 04 12 00 00  3.83204315e-03 2.32635937e-03 1.29056583e-03 9.31851560e-04 6.84671893e-04 3.77134114e-04 2.75441905e-04 2.37203606e-04 4.97305200e-04 1.40948281e-04 3.54316108e-03 5.43166474e-03 2.45835949e-04 7.05424265e-05 4.57420409e-05 1.27142816e-04 3.60084348e-05 6.16653007e-05 1.29261702e-04 7.67388497e-05 1.42905511e-04 1.73417119e-04 1.01637561e-04 7.29877839e-05 5.05395583e-06 1.04969280e-05 5.97796716e-06 2.52053514e-05 4.92997133e-06 1.71165446e-05 4.69652491e-05 3.77821620e-05 1.74995439e-05 5.03334386e-05 4.28859465e-05 1.38502583e-05 5.27537917e-05 6.41036209e-05 1.05984487e-05 4.77510624e-05 1.34852483e-04 3.10119096e-05 2.69895530e-04 4.39682895e-04 1.75873158e-05 2.09585220e-04 4.10004810e-05 4.18390933e-05 3.86330957e-04 5.80782739e-04 1.05830107e-04 3.27556710e-04 1.22303667e-04 4.21322075e-05 9.46431044e-05 5.33605934e-05 1.81259466e-06 4.97547703e-08 3.40575710e-09
 2026 02 05 12 00 00  3.79874895e-03 2.30718591e-03 1.27819159e-03 9.21931223e-04 6.75499641e-04 3.72738978e-04 2.71236352e-04 2.32636782e-04 4.85394945e-04 1.38331599e-04 3.44737640e-03 5.24042882e-03 2.41502017e-04 6.98807808e-05 4.51755981e-05 1.25736341e-04 3.55574943e-05 6.07611553e-05 1.28405883e-04 7.63774326e-05 1.40839400e-04 1.71076127e-04 1.00546006e-04 7.25255542e-05 5.02462062e-06 1.00004043e-05 5.97310354e-06 2.50264783e-05 4.92163126e-06 1.70083149e-05 4.62853985e-05 3.76067474e-05 1.70545027e-05 4.95635889e-05 4.23994032e-05 1.38290998e-05 5.16051204e-05 6.25627709e-05 1.02092097e-05 4.69874301e-05 1.29791623e-04 3.07036709e-05 2.63442642e-04 4.35213487e-04 1.74085395e-05 2.02443094e-04 3.83070641e-05 4.12399881e-05 3.74831182e-04 5.67620463e-04 1.03771481e-04 3.20348708e-04 1.23880219e-04 4.27050734e-05 9.59642042e-05 5.42340542e-05 1.85140266e-06 5.17295092e-08 3.58354448e-09
 2026 02 06 12 00 00  3.79539001e-03 2.30567982e-03 1.27717855e-03 9.21054572e-04 6.74658330e-04 3.72264816e-04 2.70807753e-04 2.32183949e-04 4.84203519e-04 1.38160338e-04 3.43773518e-03 5.21918610e-03 2.41141111e-04 6.99008461e-05 4.51443796e-05 1.24994337e-04 3.52652714e-05 6.01751555e-05 1.28292771e-04 7.64875906e-05 1.39656859e-04 1.69558040e-04 9.99506514e-05 7.22411303e-05 5.00561546e-06 9.37515142e-06 5.95842284e-06 2.49285425e-05 4.92372637e-06 1.69617246e-05 4.58941938e-05 3.74930794e-05 1.67659309e-05 4.91099553e-05 4.25242819e-05 1.37652605e-05 5.09845892e-05 6.16406747e-05 9.71907430e-06 4.62339451e-05 1.27951633e-04 3.07939248e-05 2.55472364e-04 4.36374595e-04 1.74549838e-05 1.98679147e-04 3.65597080e-05 4.14130598e-05 3.68947681e-04 5.61459771e-04 1.03091529e-04 3.12052113e-04 1.19852236e-04 4.12404641e-05 9.25818864e-05 5.19418581e-05 1.74547777e-06 4.60241552e-08 3.06160786e-09
 2026 02 07 12 00 00  3.79476959e-03 2.30427341e-03 1.27637556e-03 9.20675824e-04 6.74440627e-04 3.72276928e-04 2.70762872e-04 2.32112660e-04 4.83997985e-04 1.37899477e-04 3.43613358e-03 5.21919429e-03 2.40895327e-04 6.97181558e-05 4.50790382e-05 1.24883499e-04 3.52572009e-05 6.01587410e-05 1.27942691e-04 7.61833915e-05 1.39624596e-04 1.69513578e-04 9.99034209e-05 7.22303702e-05 5.00510141e-06 9.45348002e-06 5.96152531e-06 2.49195700e-05 4.91654500e-06 1.69482960e-05 4.58366138e-05 3.74899275e-05 1.67575432e-05 4.91009968e-05 4.21063276e-05 1.37788040e-05 5.08844750e-05 6.15586263e-05 9.78059834e-06 4.62588102e-05 1.27841521e-04 3.05331458e-05 2.56464818e-04 4.32540322e-04 1.73016129e-05 1.97672785e-04 3.65068088e-05 4.09053639e-05 3.67401165e-04 5.59859281e-04 1.02441649e-04 3.14148261e-04 1.23037040e-04 4.23977095e-05 9.52506001e-05 5.37059419e-05 1.82382892e-06 5.00089300e-08 3.42030475e-09
 2026 02 08 12 00 00  3.80079527e-03 2.30834672e-03 1.27894590e-03 9.22643281e-04 6.76215063e-04 3.73029418e-04 2.71517425e-04 2.32949247e-04 4.86165765e-04 1.38503068e-04 3.45349564e-03 5.25107458e-03 2.41785987e-04 6.99559344e-05 4.52134780e-05 1.24926579e-04 3.52145493e-05 6.00725412e-05 1.28247738e-04 7.64511991e-05 1.39501015e-04 1.69284608e-04 9.98633292e-05 7.22504897e-05 5.00235874e-06 9.95101509e-06 5.96340615e-06 2.49568414e-05 4.92219806e-06 1.69589410e-05 4.58109102e-05 3.74733063e-05 1.67142061e-05 4.92338922e-05 4.24392405e-05 1.37870302e-05 5.08976038e-05 6.15092128e-05 1.01707272e-05 4.65490144e-05 1.28427893e-04 3.07571987e-05 2.59324374e-04 4.35614940e-04 1.74245976e-05 1.98576077e-04 3.62382561e-05 4.13380651e-05 3.67759474e-04 5.60522710e-04 1.02899626e-04 3.12960871e-04 1.22415636e-04 4.21714240e-05 9.47263849e-05 5.33314023e-05 1.80514827e-06 4.89007789e-08 3.31640031e-09
 2026 02 09 12 00 00  3.78318472e-03 2.29668189e-03 1.27156791e-03 9.17081069e-04 6.71247447e-04 3.70836065e-04 2.69334669e-04 2.30543533e-04 4.79876585e-04 1.36806328e-04 3.40302694e-03 5.15546277e-03 2.39246874e-04 6.93529095e-05 4.48525988e-05 1.24661774e-04 3.52663919e-05 6.01761101e-05 1.27516145e-04 7.58077018e-05 1.39544363e-04 1.69549630e-04 9.98288744e-05 7.18784493e-05 5.00574861e-06 9.67403539e-06 5.95574529e-06 2.49067889e-05 4.90754319e-06 1.69222955e-05 4.57685031e-05 3.74934549e-05 1.67646926e-05 4.88716459e-05 4.15831368e-05 1.37537281e-05 5.07436629e-05 6.14150320e-05 9.95374212e-06 4.56207050e-05 1.26385742e-04 3.02099797e-05 2.54816582e-04 4.27744638e-04 1.71097855e-05 1.95790544e-04 3.65403917e-05 4.02754988e-05 3.65608835e-04 5.56350467e-04 1.01619912e-04 3.03359002e-04 1.08478114e-04 3.71047250e-05 8.30309329e-05 4.54688889e-05 1.44633349e-06 2.99100257e-08 1.58741926e-09
 2026 02 10 12 00 00  3.77285620e-03 2.28906348e-03 1.26681626e-03 9.13647829e-04 6.68259589e-04 3.69613957e-04 2.68073531e-04 2.29134746e-04 4.76190762e-04 1.35650526e-04 3.37350327e-03 5.10234535e-03 2.37630550e-04 6.88654000e-05 4.46024948e-05 1.23928420e-04 3.50981747e-05 5.98381273e-05 1.26635161e-04 7.51966843e-05 1.38791329e-04 1.68668639e-04 9.93889234e-05 7.14985577e-05 4.99483831e-06 9.32016046e-06 5.94496742e-06 2.48162689e-05 4.89369268e-06 1.68597365e-05 4.54417464e-05 3.74279916e-05 1.65974052e-05 4.84169450e-05 4.07736603e-05 1.37068491e-05 5.01691849e-05 6.06886101e-05 9.67631713e-06 4.47007798e-05 1.24155875e-04 2.96909275e-05 2.48716811e-04 4.20300997e-04 1.68120399e-05 1.90881748e-04 3.55215510e-05 3.92679678e-05 3.59010730e-04 5.48571501e-04 9.97711162e-05 2.95193373e-04 1.01935407e-04 3.47262989e-05 7.75410242e-05 4.17805581e-05 1.27818294e-06 2.10232692e-08 7.78663711e-10
 2026 02 11 12 00 00  3.75708551e-03 2.27852015e-03 1.26015587e-03 9.08623332e-04 6.63769678e-04 3.67653064e-04 2.66116511e-04 2.26974256e-04 4.70551946e-04 1.34108203e-04 3.32826694e-03 5.01735061e-03 2.35337210e-04 6.83061505e-05 4.42836788e-05 1.23697559e-04 3.51401541e-05 5.99223014e-05 1.25924748e-04 7.45818543e-05 1.38821138e-04 1.68886627e-04 9.93485157e-05 7.12773813e-05 4.99756898e-06 9.39723468e-06 5.94275589e-06 2.47874005e-05 4.87986435e-06 1.68267529e-05 4.54008905e-05 3.74443218e-05 1.66388461e-05 4.82219255e-05 3.99648066e-05 1.36972376e-05 5.00374873e-05 6.06129156e-05 9.73672431e-06 4.42197869e-05 1.22474978e-04 2.91695294e-05 2.47404820e-04 4.12859685e-04 1.65143874e-05 1.88643843e-04 3.57723940e-05 3.82564438e-05 3.56919980e-04 5.45124371e-04 9.85651187e-05 2.91599150e-04 9.63188595e-05 3.26845588e-05 7.28282669e-05 3.86145504e-05 1.13385948e-06 1.33968587e-08 8.46354986e-11
 2026 02 12 12 00 00  3.76280835e-03 2.28210514e-03 1.26244142e-03 9.10384945e-04 6.65363282e-04 3.68382294e-04 2.66830702e-04 2.27756516e-04 4.72596738e-04 1.34617094e-04 3.34468554e-03 5.04922047e-03 2.36128925e-04 6.84654117e-05 4.43860445e-05 1.23434017e-04 3.50492977e-05 5.97403327e-05 1.26023924e-04 7.47301092e-05 1.38514223e-04 1.68417204e-04 9.92064979e-05 7.12027443e-05 4.99164926e-06 9.30207607e-06 5.91871612e-06 2.47750993e-05 4.88322949e-06 1.68138473e-05 4.53011268e-05 3.74089897e-05 1.65495483e-05 4.81346509e-05 4.01614234e-05 1.35926341e-05 4.99008452e-05 6.02950252e-05 9.66209118e-06 4.36062089e-05 1.21907291e-04 2.92955083e-05 2.39722212e-04 4.14667526e-04 1.65867010e-05 1.87063643e-04 3.52338189e-05 3.85010091e-05 3.55405063e-04 5.44105849e-04 9.84658070e-05 2.88556283e-04 9.43720443e-05 3.19769095e-05 7.11951726e-05 3.75210013e-05 1.08426503e-06 1.07953969e-08 1.00000000e-10
 2026 02 13 12 00 00  3.75580813e-03 2.27875499e-03 1.26021139e-03 9.08423101e-04 6.63462322e-04 3.67396648e-04 2.65924301e-04 2.26786821e-04 4.70081413e-04 1.34204415e-04 3.32442278e-03 5.00671789e-03 2.35324601e-04 6.84331451e-05 4.42937423e-05 1.22846093e-04 3.48252157e-05 5.92916564e-05 1.25945012e-04 7.48467399e-05 1.37569651e-04 1.67260526e-04 9.87372428e-05 7.09217315e-05 4.97704350e-06 9.15904675e-06 5.90697200e-06 2.47144474e-05 4.88603146e-06 1.67759147e-05 4.50102845e-05 3.73218500e-05 1.63294855e-05 4.78003799e-05 4.03242389e-05 1.35415074e-05 4.94382665e-05 5.95837674e-05 9.54992938e-06 4.30312454e-05 1.20077227e-04 2.93958990e-05 2.34642209e-04 4.16159701e-04 1.66463881e-05 1.84350927e-04 3.39074875e-05 3.86967062e-05 3.51040684e-04 5.39099004e-04 9.80147659e-05 2.79522359e-04 8.76103513e-05 2.95190717e-05 6.55229038e-05 3.37212507e-05 9.11831776e-07 3.80555463e-09 1.00000000e-10
 2026 02 14 12 00 00  3.76558241e-03 2.28530082e-03 1.26434492e-03 9.11498225e-04 6.66186069e-04 3.68602625e-04 2.67128182e-04 2.28113676e-04 4.73562334e-04 1.35157345e-04 3.35236546e-03 5.05983010e-03 2.36740648e-04 6.87756428e-05 4.45077842e-05 1.22360947e-04 3.45308799e-05 5.87024260e-05 1.26113925e-04 7.52121618e-05 1.36504852e-04 1.65742676e-04 9.82284367e-05 7.07895870e-05 4.95785243e-06 9.08442889e-06 5.90649761e-06 2.46726366e-05 4.89459635e-06 1.67563337e-05 4.46750068e-05 3.72073962e-05 1.60406737e-05 4.76337341e-05 4.08231106e-05 1.35393901e-05 4.89598199e-05 5.88244604e-05 9.49133100e-06 4.30319536e-05 1.20081311e-04 2.97086488e-05 2.33943692e-04 4.20738227e-04 1.68295291e-05 1.82879030e-04 3.21680185e-05 3.93052702e-05 3.46707702e-04 5.35278939e-04 9.79763933e-05 2.73473792e-04 8.64842699e-05 2.91101147e-05 6.45808844e-05 3.31112422e-05 8.85664534e-07 2.95833615e-09 1.00000000e-10
 2026 02 15 12 00 00  3.76881328e-03 2.28663724e-03 1.26525811e-03 9.12285415e-04 6.66938983e-04 3.69060947e-04 2.67536497e-04 2.28540552e-04 4.74699113e-04 1.35295030e-04 3.36157938e-03 5.08106500e-03 2.37064575e-04 6.87276297e-05 4.45287920e-05 1.21827302e-04 3.43030610e-05 5.82474982e-05 1.25710479e-04 7.50601408e-05 1.35658946e-04 1.64580235e-04 9.77844665e-05 7.06221346e-05 4.94294654e-06 9.01150270e-06 5.90908276e-06 2.46171669e-05 4.89175072e-06 1.67204154e-05 4.43614749e-05 3.71188595e-05 1.58191688e-05 4.74292705e-05 4.06531530e-05 1.35505630e-05 4.84673114e-05 5.81493669e-05 9.43400446e-06 4.29203422e-05 1.19598381e-04 2.95844686e-05 2.33753985e-04 4.19156321e-04 1.67662529e-05 1.80312536e-04 3.08442744e-05 3.90673929e-05 3.41445373e-04 5.30012566e-04 9.70517926e-05 2.69489704e-04 8.66688777e-05 2.91778346e-05 6.47401672e-05 3.32531988e-05 8.94646135e-07 3.39026656e-09 1.00000000e-10
 2026 02 16 12 00 00  3.76411644e-03 2.28539386e-03 1.26430935e-03 9.11149218e-04 6.65700482e-04 3.68309112e-04 2.66895178e-04 2.27874941e-04 4.72993149e-04 1.35220343e-04 3.34779717e-03 5.04918024e-03 2.36681454e-04 6.88601534e-05 4.45032404e-05 1.21751445e-04 3.42247367e-05 5.80937718e-05 1.26036032e-04 7.54188222e-05 1.35330462e-04 1.64210156e-04 9.76509341e-05 7.06276767e-05 4.93769476e-06 9.29590751e-06 5.90844902e-06 2.46211204e-05 4.90035454e-06 1.67195309e-05 4.43215549e-05 3.70885333e-05 1.57478833e-05 4.74483502e-05 4.11531306e-05 1.35477210e-05 4.84245000e-05 5.80093270e-05 9.65681756e-06 4.31016703e-05 1.19023484e-04 2.98930827e-05 2.34503252e-04 4.23738921e-04 1.69495568e-05 1.80914666e-04 3.04432469e-05 3.96689313e-05 3.41576803e-04 5.30166100e-04 9.76234125e-05 2.68456835e-04 8.67987945e-05 2.92257972e-05 6.48544516e-05 3.33720418e-05 9.03085208e-07 3.82654974e-09 1.00000000e-10
 2026 02 17 12 00 00  3.77336625e-03 2.29091051e-03 1.26784951e-03 9.13885134e-04 6.68177267e-04 3.69502644e-04 2.68045912e-04 2.29124870e-04 4.76279821e-04 1.35978452e-04 3.37425360e-03 5.10228798e-03 2.37905295e-04 6.90563230e-05 4.46679504e-05 1.22038953e-04 3.42955551e-05 5.82401291e-05 1.26233906e-04 7.55456334e-05 1.35730108e-04 1.64625876e-04 9.78675029e-05 7.07745894e-05 4.94209635e-06 9.08981019e-06 5.90865493e-06 2.46366724e-05 4.90384336e-06 1.67412364e-05 4.44642121e-05 3.71162663e-05 1.58256953e-05 4.75840282e-05 4.13532893e-05 1.35484966e-05 4.86563242e-05 5.83162511e-05 9.49512687e-06 4.32463234e-05 1.20225970e-04 3.00058862e-05 2.34407107e-04 4.25560015e-04 1.70224006e-05 1.82434635e-04 3.09541414e-05 3.98911274e-05 3.44005982e-04 5.33353792e-04 9.81332903e-05 2.71626168e-04 8.89434772e-05 3.00062347e-05 6.66597462e-05 3.46305054e-05 9.63733964e-07 6.11540969e-09 1.00000000e-10
 2026 02 18 12 00 00  3.79222235e-03 2.30247701e-03 1.27524329e-03 9.19605287e-04 6.73361504e-04 3.71922602e-04 2.70399017e-04 2.31693465e-04 4.83004320e-04 1.37599742e-04 3.42831293e-03 5.20851761e-03 2.40466058e-04 6.95332618e-05 4.50153766e-05 1.22185874e-04 3.42316460e-05 5.81164495e-05 1.26640114e-04 7.59374234e-05 1.35682098e-04 1.64343226e-04 9.78806455e-05 7.08377034e-05 4.93772932e-06 9.05974448e-06 5.91136231e-06 2.46553020e-05 4.91324899e-06 1.67631448e-05 4.44631040e-05 3.70915979e-05 1.57707094e-05 4.77043079e-05 4.18998359e-05 1.35601367e-05 4.87101798e-05 5.83161117e-05 9.47139124e-06 4.35038403e-05 1.22036877e-04 3.03430512e-05 2.35908257e-04 4.30569187e-04 1.72227675e-05 1.83934530e-04 3.06622358e-05 4.05483617e-05 3.44952619e-04 5.35259604e-04 9.88493039e-05 2.69598225e-04 8.72708248e-05 2.93992234e-05 6.52636839e-05 3.37519621e-05 9.27946462e-07 5.04938384e-09 1.00000000e-10
 2026 02 19 12 00 00  3.78271738e-03 2.29684003e-03 1.27161935e-03 9.16662264e-04 6.70618954e-04 3.70667698e-04 2.69186707e-04 2.30367837e-04 4.79577797e-04 1.36808974e-04 3.40082044e-03 5.15538044e-03 2.39187907e-04 6.92930054e-05 4.48495322e-05 1.21843849e-04 3.41410196e-05 5.79399290e-05 1.26293151e-04 7.57461123e-05 1.35287252e-04 1.63929889e-04 9.76626450e-05 7.06707729e-05 4.93158950e-06 9.03055261e-06 5.90643576e-06 2.46109221e-05 4.90963757e-06 1.67312039e-05 4.43330682e-05 3.70565656e-05 1.56906783e-05 4.75097205e-05 4.16843250e-05 1.35385519e-05 4.84710185e-05 5.79953076e-05 9.44831991e-06 4.31541861e-05 1.20578496e-04 3.01865279e-05 2.33455364e-04 4.28564515e-04 1.71425806e-05 1.82044247e-04 3.02254048e-05 4.02483449e-05 3.42344965e-04 5.32078548e-04 9.82053185e-05 2.65986514e-04 8.43284246e-05 2.83306854e-05 6.28025839e-05 3.21610036e-05 8.59904137e-07 2.85634485e-09 1.00000000e-10
 2026 02 20 12 00 00  3.78778034e-03 2.29929787e-03 1.27324888e-03 9.17979094e-04 6.71838309e-04 3.71356633e-04 2.69818347e-04 2.31036681e-04 4.81358819e-04 1.37100278e-04 3.41523129e-03 5.18723316e-03 2.39755427e-04 6.92797947e-05 4.48971268e-05 1.21548751e-04 3.40210216e-05 5.77049039e-05 1.26003347e-04 7.56182184e-05 1.34911278e-04 1.63368384e-04 9.74619148e-05 7.05383297e-05 4.92352119e-06 8.98791695e-06 5.90127238e-06 2.45797827e-05 4.90764505e-06 1.67087076e-05 4.41835684e-05 3.70101276e-05 1.55823698e-05 4.73951398e-05 4.15623712e-05 1.35159164e-05 4.82329972e-05 5.76473337e-05 9.41463659e-06 4.28753138e-05 1.20398089e-04 3.00853804e-05 2.31396239e-04 4.27414332e-04 1.70965733e-05 1.80435706e-04 2.96210288e-05 4.00567835e-05 3.39570544e-04 5.29370404e-04 9.76160553e-05 2.61904717e-04 8.14199964e-05 2.72746424e-05 6.03710412e-05 3.05983427e-05 7.93757937e-07 7.57987095e-10 1.00000000e-10
 2026 02 21 12 00 00  3.78318302e-03 2.29562431e-03 1.27097676e-03 9.16273708e-04 6.70314933e-04 3.70814353e-04 2.69239781e-04 2.30376323e-04 4.79678775e-04 1.36512262e-04 3.40186501e-03 5.16596101e-03 2.38968586e-04 6.89731181e-05 4.47609077e-05 1.21362222e-04 3.40133585e-05 5.76959923e-05 1.25454531e-04 7.52035296e-05 1.34901888e-04 1.63399589e-04 9.74219677e-05 7.04280706e-05 4.92271902e-06 8.90933152e-06 5.89744704e-06 2.45471261e-05 4.89936538e-06 1.66832403e-05 4.41471768e-05 3.70074209e-05 1.55864967e-05 4.72822284e-05 4.10716486e-05 1.34990871e-05 4.81279779e-05 5.75548384e-05 9.35280914e-06 4.25346404e-05 1.19645134e-04 2.97423714e-05 2.29369089e-04 4.22866343e-04 1.69146537e-05 1.78829755e-04 2.97050312e-05 3.93968599e-05 3.37827921e-04 5.27238516e-04 9.67469941e-05 2.60568662e-04 7.95081462e-05 2.65809942e-05 5.87765425e-05 2.96045922e-05 7.54019379e-07 1.00000000e-10 1.00000000e-10
 2026 02 22 12 00 00  3.76015408e-03 2.28146800e-03 1.26192518e-03 9.09092689e-04 6.63708269e-04 3.67826685e-04 2.66327248e-04 2.27183408e-04 4.71399090e-04 1.34500930e-04 3.33543403e-03 5.03844470e-03 2.35800855e-04 6.83170159e-05 4.43177892e-05 1.20987050e-04 3.39948194e-05 5.76649327e-05 1.24667295e-04 7.46188336e-05 1.34682953e-04 1.63370585e-04 9.72588797e-05 7.02657693e-05 4.92122599e-06 8.99307852e-06 5.89638221e-06 2.44925276e-05 4.88734950e-06 1.66361673e-05 4.40650368e-05 3.70004738e-05 1.55792717e-05 4.70681298e-05 4.03618731e-05 1.34942704e-05 4.79103712e-05 5.73490461e-05 9.41822727e-06 4.21967739e-05 1.17155463e-04 2.92559183e-05 2.27962451e-04 4.16300251e-04 1.66520100e-05 1.76296639e-04 2.97172461e-05 3.84591141e-05 3.34923363e-04 5.23139755e-04 9.55010708e-05 2.60502967e-04 7.96855118e-05 2.66468609e-05 5.89353462e-05 2.97908793e-05 7.68228958e-07 3.75916898e-10 1.00000000e-10
 2026 02 23 12 00 00  3.74286868e-03 2.27093669e-03 1.25518207e-03 9.03686337e-04 6.58704626e-04 3.65568870e-04 2.64130971e-04 2.24775701e-04 4.65171626e-04 1.33005973e-04 3.28548007e-03 4.94279899e-03 2.33432167e-04 6.78378351e-05 4.40105544e-05 1.21105274e-04 3.41527018e-05 5.79876243e-05 1.24227863e-04 7.41911645e-05 1.35206774e-04 1.64257836e-04 9.74903105e-05 7.02500920e-05 4.93120788e-06 8.92251264e-06 5.89424890e-06 2.44794114e-05 4.87889592e-06 1.66253455e-05 4.42462387e-05 3.70621477e-05 1.57462273e-05 4.70271601e-05 3.98602511e-05 1.34847971e-05 4.81109104e-05 5.77153558e-05 9.36270517e-06 4.19408604e-05 1.15868356e-04 2.89028743e-05 2.26515118e-04 4.11648205e-04 1.64659282e-05 1.76133143e-04 3.07839160e-05 3.77803517e-05 3.36490568e-04 5.23897619e-04 9.50741017e-05 2.62698307e-04 7.84803118e-05 2.62100625e-05 5.79335418e-05 2.91933389e-05 7.46410913e-07 1.00000000e-10 1.00000000e-10
 2026 02 24 12 00 00  3.75387771e-03 2.27748728e-03 1.25938700e-03 9.06900731e-04 6.61595041e-04 3.66982399e-04 2.65492749e-04 2.26252229e-04 4.69071123e-04 1.33900295e-04 3.31688302e-03 5.00651896e-03 2.34879981e-04 6.80506559e-05 4.41866301e-05 1.21967681e-04 3.44502128e-05 5.85900038e-05 1.24612850e-04 7.43211538e-05 1.36526952e-04 1.65866900e-04 9.81790196e-05 7.06549016e-05 4.95028617e-06 9.50320900e-06 5.90055570e-06 2.45890958e-05 4.88286314e-06 1.66834770e-05 4.47114810e-05 3.71781294e-05 1.60504802e-05 4.75958190e-05 4.00858873e-05 1.35120630e-05 4.88685534e-05 5.87472256e-05 9.81767444e-06 4.27028171e-05 1.18280423e-04 2.90217373e-05 2.32212728e-04 4.13690801e-04 1.65476320e-05 1.80773398e-04 3.26789828e-05 3.80164478e-05 3.43872358e-04 5.32439889e-04 9.62778270e-05 2.73569741e-04 8.53117983e-05 2.86944954e-05 6.36731618e-05 3.31084593e-05 9.29140472e-07 6.49334737e-09 1.00000000e-10
 2026 02 25 12 00 00  3.76402877e-03 2.28222884e-03 1.26255439e-03 9.09575656e-04 6.64131466e-04 3.68393179e-04 2.66779605e-04 2.27616213e-04 4.72669516e-04 1.34455869e-04 3.34595951e-03 5.07024154e-03 2.36001470e-04 6.80263009e-05 4.42977059e-05 1.22767022e-04 3.47823778e-05 5.92609053e-05 1.24548705e-04 7.40473799e-05 1.37972605e-04 1.67645392e-04 9.88959869e-05 7.09403509e-05 4.97166366e-06 9.68763197e-06 5.90801355e-06 2.46685735e-05 4.87774050e-06 1.67297606e-05 4.51609128e-05 3.73075425e-05 1.63872086e-05 4.80121944e-05 3.97799478e-05 1.35443464e-05 4.95581383e-05 5.97810092e-05 9.96209856e-06 4.31166716e-05 1.20590291e-04 2.87981326e-05 2.36458578e-04 4.10843103e-04 1.64337241e-05 1.84162118e-04 3.47619003e-05 3.75881122e-05 3.50111037e-04 5.39287768e-04 9.67176125e-05 2.81824704e-04 8.80063544e-05 2.96750297e-05 6.59413146e-05 3.46895909e-05 1.00533967e-06 1.04007324e-08 1.00000000e-10
 2026 02 26 12 00 00  3.75270328e-03 2.27845683e-03 1.25984565e-03 9.06707534e-04 6.61131423e-04 3.66651171e-04 2.65260843e-04 2.26026028e-04 4.68574590e-04 1.34121566e-04 3.31289134e-03 4.99584898e-03 2.34959595e-04 6.82357780e-05 4.42184165e-05 1.23842541e-04 3.51748196e-05 6.00523024e-05 1.25620984e-04 7.47037935e-05 1.39438832e-04 1.69732796e-04 9.97076392e-05 7.13928122e-05 4.99697890e-06 9.47620865e-06 5.90783638e-06 2.47455086e-05 4.89331469e-06 1.68041600e-05 4.58079134e-05 3.74603929e-05 1.67827660e-05 4.83941870e-05 4.06859588e-05 1.35434355e-05 5.05517411e-05 6.11083212e-05 9.79628967e-06 4.36131049e-05 1.21248163e-04 2.93614983e-05 2.36780807e-04 4.19152426e-04 1.67660970e-05 1.90369441e-04 3.71975242e-05 3.86853208e-05 3.61464940e-04 5.51022773e-04 9.92496410e-05 2.92694517e-04 9.23474965e-05 3.12539447e-05 6.95897243e-05 3.71870831e-05 1.12252914e-06 1.68448530e-08 5.00707920e-10
 2026 02 27 12 00 00  3.77830299e-03 2.29577166e-03 1.27076483e-03 9.14828641e-04 6.68324517e-04 3.69802480e-04 2.68416048e-04 2.29509140e-04 4.77699605e-04 1.36656220e-04 3.38612735e-03 5.13394773e-03 2.38700667e-04 6.91597913e-05 4.47627879e-05 1.24312670e-04 3.51341936e-05 5.99739200e-05 1.26790575e-04 7.57230504e-05 1.39524309e-04 1.69555714e-04 9.98466591e-05 7.17341404e-05 4.99419220e-06 9.50046815e-06 5.91306780e-06 2.48049557e-05 4.91697283e-06 1.68628979e-05 4.59329030e-05 3.74447205e-05 1.67482416e-05 4.87533613e-05 4.20652854e-05 1.35660724e-05 5.08535727e-05 6.13485043e-05 9.81524645e-06 4.44423086e-05 1.24151195e-04 3.02319240e-05 2.40111067e-04 4.31818592e-04 1.72727437e-05 1.94658304e-04 3.70166963e-05 4.03778307e-05 3.65779340e-04 5.57443155e-04 1.01368537e-04 2.96871381e-04 9.83046981e-05 3.34202132e-05 7.45932864e-05 4.05880959e-05 1.28041331e-06 2.54022844e-08 1.28488278e-09
 2026 02 28 12 00 00  3.79418628e-03 2.30666107e-03 1.27761859e-03 9.19908936e-04 6.72815357e-04 3.71749057e-04 2.70372230e-04 2.31672178e-04 4.83361876e-04 1.38259914e-04 3.43157614e-03 5.21893390e-03 2.41046126e-04 6.97619551e-05 4.51171217e-05 1.25215678e-04 3.53482523e-05 6.04059140e-05 1.27777663e-04 7.63990392e-05 1.40522933e-04 1.70697881e-04 1.00419730e-04 7.21039772e-05 5.00798487e-06 9.71597838e-06 5.92318502e-06 2.49048168e-05 4.93268235e-06 1.69383889e-05 4.63427243e-05 3.75281059e-05 1.69645908e-05 4.92305222e-05 4.29810607e-05 1.36100076e-05 5.15598252e-05 6.22524971e-05 9.98432224e-06 4.52877957e-05 1.27069100e-04 3.08093673e-05 2.45840495e-04 4.40227539e-04 1.76091016e-05 2.00385406e-04 3.83517763e-05 4.15007351e-05 3.73821480e-04 5.66716789e-04 1.03498530e-04 3.02710860e-04 1.00382827e-04 3.41760935e-05 7.63401255e-05 4.17864650e-05 1.33682627e-06 2.85176924e-08 1.57179247e-09
 2026 03 01 12 00 00  3.81157696e-03 2.31785765e-03 1.28472687e-03 9.25330368e-04 6.77690011e-04 3.73943505e-04 2.72535744e-04 2.34048194e-04 4.89571263e-04 1.39868249e-04 3.48144868e-03 5.31454794e-03 2.43499215e-04 7.02954816e-05 4.54495946e-05 1.26468436e-04 3.57138400e-05 6.11411699e-05 1.28738090e-04 7.69318314e-05 1.42126290e-04 1.72620536e-04 1.01289125e-04 7.25608423e-05 5.03166157e-06 9.76201409e-06 5.94092671e-06 2.50242558e-05 4.94499764e-06 1.70339995e-05 4.69339744e-05 3.76704149e-05 1.73294713e-05 4.98028904e-05 4.36993985e-05 1.36871749e-05 5.25335403e-05 6.36050401e-05 1.00206285e-05 4.62824063e-05 1.30870080e-04 3.12639342e-05 2.53626023e-04 4.46825512e-04 1.78730205e-05 2.07485377e-04 4.05806641e-05 4.23843565e-05 3.84452651e-04 5.78411187e-04 1.05793180e-04 3.11112702e-04 1.02280953e-04 3.48660884e-05 7.79327015e-05 4.28554460e-05 1.38549136e-06 3.10843959e-08 1.80524751e-09
 2026 03 02 12 00 00  3.81642644e-03 2.32243665e-03 1.28750557e-03 9.27153580e-04 6.79175182e-04 3.74431904e-04 2.73101321e-04 2.34704313e-04 4.91295996e-04 1.40617062e-04 3.49519166e-03 5.33579290e-03 2.44420941e-04 7.06963278e-05 4.56192973e-05 1.26411832e-04 3.55714525e-05 6.08567381e-05 1.29310024e-04 7.75175227e-05 1.41612196e-04 1.71892984e-04 1.01079363e-04 7.26322525e-05 5.02234943e-06 9.64420760e-06 5.94601552e-06 2.50138939e-05 4.95824934e-06 1.70439666e-05 4.68318513e-05 3.76150740e-05 1.71908629e-05 4.98038886e-05 4.44740377e-05 1.37092939e-05 5.24189000e-05 6.33601336e-05 9.92834757e-06 4.66500093e-05 1.31255390e-04 3.17612721e-05 2.54889284e-04 4.53949593e-04 1.81579837e-05 2.08503203e-04 3.97514552e-05 4.33496112e-05 3.84322024e-04 5.78942126e-04 1.06687041e-04 3.10976877e-04 1.05272873e-04 3.59535074e-05 8.04416515e-05 4.45287925e-05 1.46089819e-06 3.50033304e-08 2.16022134e-09
 2026 03 03 12 00 00  3.81826073e-03 2.32341661e-03 1.28814547e-03 9.27699753e-04 6.79697132e-04 3.74684151e-04 2.73338400e-04 2.34960821e-04 4.91957371e-04 1.40747417e-04 3.50051385e-03 5.34642115e-03 2.44649688e-04 7.07188507e-05 4.56342874e-05 1.26253312e-04 3.54948104e-05 6.07037044e-05 1.29252652e-04 7.75206543e-05 1.41330943e-04 1.71502103e-04 1.00935983e-04 7.25287663e-05 5.01733448e-06 9.42210390e-06 5.94646481e-06 2.49867100e-05 4.95823078e-06 1.70342461e-05 4.67275136e-05 3.75852833e-05 1.71163774e-05 4.96734113e-05 4.44735168e-05 1.37112816e-05 5.22546997e-05 6.31402368e-05 9.75426738e-06 4.64930572e-05 1.31159974e-04 3.17631959e-05 2.53940474e-04 4.53947622e-04 1.81579049e-05 2.07704053e-04 3.93064693e-05 4.33528767e-05 3.82777224e-04 5.77181679e-04 1.06489686e-04 3.07326464e-04 1.02184631e-04 3.48304726e-05 7.78475621e-05 4.27638297e-05 1.37884239e-06 3.05468618e-08 1.75162373e-09
 2026 03 04 12 00 00  3.80378879e-03 2.31548359e-03 1.28298604e-03 9.23504472e-04 6.75790041e-04 3.72746683e-04 2.71506614e-04 2.32982910e-04 4.86788035e-04 1.39696516e-04 3.45890421e-03 5.26143387e-03 2.42836119e-04 7.05125058e-05 4.54192701e-05 1.26003066e-04 3.54354124e-05 6.05852052e-05 1.29169559e-04 7.74961431e-05 1.40971595e-04 1.71200418e-04 1.00747353e-04 7.24217177e-05 5.01344111e-06 9.29012604e-06 5.94374978e-06 2.49468320e-05 4.95737950e-06 1.70119302e-05 4.66329082e-05 3.75622039e-05 1.70588522e-05 4.94807617e-05 4.44255536e-05 1.36994931e-05 5.20772350e-05 6.29062334e-05 9.65079234e-06 4.62625102e-05 1.29484117e-04 3.17399274e-05 2.51794715e-04 4.53515901e-04 1.81406360e-05 2.06456251e-04 3.89639026e-05 4.33061563e-05 3.81263407e-04 5.74994186e-04 1.06260390e-04 3.05677859e-04 1.01388867e-04 3.45410022e-05 7.71784636e-05 4.23032525e-05 1.35705070e-06 2.93353978e-08 1.63986140e-09
 2026 03 05 12 00 00  3.80871384e-03 2.31723516e-03 1.28422544e-03 9.24781398e-04 6.77112630e-04 3.73495221e-04 2.72165352e-04 2.33675835e-04 4.88571107e-04 1.39865782e-04 3.47328322e-03 5.29331639e-03 2.43308970e-04 7.04425936e-05 4.54567284e-05 1.25150735e-04 3.50946299e-05 5.99014631e-05 1.28607426e-04 7.72490574e-05 1.39681693e-04 1.69426005e-04 1.00061575e-04 7.21935340e-05 4.99129492e-06 9.26011926e-06 5.94147168e-06 2.48703845e-05 4.95135828e-06 1.69550265e-05 4.61328231e-05 3.74296273e-05 1.67216582e-05 4.91906567e-05 4.40761913e-05 1.36896298e-05 5.13111355e-05 6.18384959e-05 9.62740087e-06 4.60034602e-05 1.28534258e-04 3.15265497e-05 2.49951349e-04 4.50316673e-04 1.80126669e-05 2.02040998e-04 3.69187561e-05 4.28897591e-05 3.72981307e-04 5.66927087e-04 1.04765719e-04 3.01755270e-04 1.04662607e-04 3.57304125e-05 7.99206150e-05 4.41071598e-05 1.43653471e-06 3.33286167e-08 1.99802734e-09
 2026 03 06 12 00 00  3.80846350e-03 2.31657770e-03 1.28385370e-03 9.24640305e-04 6.77061578e-04 3.73512549e-04 2.72155973e-04 2.33656893e-04 4.88500757e-04 1.39746309e-04 3.47271331e-03 5.29332645e-03 2.43201644e-04 7.03697012e-05 4.54376769e-05 1.24745178e-04 3.49472422e-05 5.96050173e-05 1.28347453e-04 7.71179504e-05 1.39094735e-04 1.68650557e-04 9.97474379e-05 7.20284516e-05 4.98175141e-06 9.27753281e-06 5.93864752e-06 2.48357777e-05 4.94789456e-06 1.69268359e-05 4.59028148e-05 3.73722549e-05 1.65745005e-05 4.90184491e-05 4.38767602e-05 1.36773931e-05 5.09562720e-05 6.13460070e-05 9.64115388e-06 4.57598986e-05 1.27815816e-04 3.14111152e-05 2.48591072e-04 4.48498356e-04 1.79399342e-05 1.99838139e-04 3.60195903e-05 4.26630955e-05 3.69187791e-04 5.62910572e-04 1.04048952e-04 2.97843148e-04 1.03148903e-04 3.51795470e-05 7.86461923e-05 4.32167253e-05 1.39348130e-06 3.08681422e-08 1.76942834e-09
 2026 03 07 12 00 00  3.78451334e-03 2.30002558e-03 1.27344514e-03 9.16933184e-04 6.70252267e-04 3.70586676e-04 2.69206004e-04 2.30390042e-04 4.79954899e-04 1.37298056e-04 3.40415951e-03 5.16584292e-03 2.39638742e-04 6.94329478e-05 4.49035088e-05 1.23634514e-04 3.47190769e-05 5.91457472e-05 1.26867040e-04 7.60449620e-05 1.37982437e-04 1.67446275e-04 9.90792782e-05 7.15259686e-05 4.96699286e-06 9.25201530e-06 5.93020413e-06 2.47183711e-05 4.92330619e-06 1.68266877e-05 4.54167805e-05 3.72834271e-05 1.63460631e-05 4.84433232e-05 4.24412923e-05 1.36407180e-05 5.00987857e-05 6.02991073e-05 9.62117774e-06 4.47519769e-05 1.23975742e-04 3.04974150e-05 2.43471136e-04 4.35306798e-04 1.74122719e-05 1.92561227e-04 3.46205779e-05 4.08880966e-05 3.59052591e-04 5.50831982e-04 1.01056199e-04 2.90360821e-04 9.93024507e-05 3.37806439e-05 7.54141577e-05 4.10092689e-05 1.29025416e-06 2.52176061e-08 1.25026309e-09
 2026 03 08 12 00 00  3.77430703e-03 2.29253847e-03 1.26877299e-03 9.13590251e-04 6.67362518e-04 3.69383516e-04 2.67967322e-04 2.29009788e-04 4.76326533e-04 1.36169729e-04 3.37507030e-03 5.11273481e-03 2.38055571e-04 6.89774975e-05 4.46754399e-05 1.22859474e-04 3.45134496e-05 5.87312446e-05 1.26018596e-04 7.54732522e-05 1.37073508e-04 1.66354427e-04 9.85598946e-05 7.12053533e-05 4.95372005e-06 9.27625952e-06 5.92527504e-06 2.46442983e-05 4.90997372e-06 1.67634220e-05 4.50379921e-05 3.72033450e-05 1.61391115e-05 4.80834754e-05 4.16643510e-05 1.36193383e-05 4.94675954e-05 5.94860926e-05 9.64003411e-06 4.41835044e-05 1.21848497e-04 3.00086715e-05 2.40625995e-04 4.28174121e-04 1.71269648e-05 1.87818820e-04 3.33478500e-05 3.99374287e-05 3.51848684e-04 5.42726057e-04 9.92126191e-05 2.84974467e-04 9.75347719e-05 3.31373818e-05 7.39261094e-05 3.99711733e-05 1.24017154e-06 2.23632419e-08 9.85251880e-10
 2026 03 09 12 00 00  3.77559623e-03 2.29230337e-03 1.26871935e-03 9.13803278e-04 6.67687788e-04 3.69642692e-04 2.68163323e-04 2.29202416e-04 4.76806830e-04 1.36074794e-04 3.37897053e-03 5.12336791e-03 2.38071714e-04 6.88507925e-05 4.46531531e-05 1.22892124e-04 3.45748558e-05 5.88527473e-05 1.25788994e-04 7.52160966e-05 1.37314424e-04 1.66655357e-04 9.86591777e-05 7.11312827e-05 4.95779132e-06 9.31458344e-06 5.92180913e-06 2.46531313e-05 4.90376260e-06 1.67611297e-05 4.50715156e-05 3.72271606e-05 1.61967764e-05 4.80701973e-05 4.13036498e-05 1.36043236e-05 4.95106490e-05 5.95811211e-05 9.67019805e-06 4.39330371e-05 1.21940310e-04 2.97870574e-05 2.39762603e-04 4.24869403e-04 1.69947761e-05 1.87285068e-04 3.36819736e-05 3.95052455e-05 3.51818029e-04 5.42349681e-04 9.87984316e-05 2.83080830e-04 9.36935492e-05 3.17401968e-05 7.06971507e-05 3.77552815e-05 1.13580555e-06 1.65957324e-08 4.54005766e-10
 2026 03 10 12 00 00  3.76747510e-03 2.28648534e-03 1.26507783e-03 9.11148980e-04 6.65365397e-04 3.68668383e-04 2.67168970e-04 2.28096517e-04 4.73911310e-04 1.35202709e-04 3.35575436e-03 5.08087426e-03 2.36830763e-04 6.84988444e-05 4.44610835e-05 1.22344527e-04 3.44410917e-05 5.85828733e-05 1.25167253e-04 7.47926533e-05 1.36707600e-04 1.65942509e-04 9.83101600e-05 7.09054035e-05 4.94916785e-06 9.31104587e-06 5.91636199e-06 2.46004751e-05 4.89404265e-06 1.67157507e-05 4.48181716e-05 3.71750590e-05 1.60617274e-05 4.78113318e-05 4.07363201e-05 1.35806637e-05 4.90807857e-05 5.90259311e-05 9.66744847e-06 4.34710480e-05 1.20316800e-04 2.94263446e-05 2.37049363e-04 4.19656280e-04 1.67862512e-05 1.83859546e-04 3.28493188e-05 3.88044253e-05 3.46830728e-04 5.36664174e-04 9.74716301e-05 2.79424501e-04 9.23794494e-05 3.12619817e-05 6.95908567e-05 3.69829635e-05 1.09850771e-06 1.44673383e-08 2.56334154e-10
 2026 03 11 12 00 00  3.76108307e-03 2.28151854e-03 1.26199969e-03 9.08965624e-04 6.63487516e-04 3.67931951e-04 2.66393958e-04 2.27224506e-04 4.71630449e-04 1.34434994e-04 3.33749935e-03 5.04900292e-03 2.35788944e-04 6.81517354e-05 4.42896536e-05 1.21542604e-04 3.42009531e-05 5.81002329e-05 1.24410995e-04 7.43382552e-05 1.35703304e-04 1.64683011e-04 9.77559185e-05 7.05823370e-05 4.93360094e-06 9.18543446e-06 5.90889213e-06 2.45189051e-05 4.88375699e-06 1.66540995e-05 4.44199716e-05 3.70815978e-05 1.58226132e-05 4.74279917e-05 4.01350728e-05 1.35481794e-05 4.84239735e-05 5.81470863e-05 9.56898512e-06 4.28382182e-05 1.18388382e-04 2.90404510e-05 2.32939577e-04 4.14127045e-04 1.65650818e-05 1.79144722e-04 3.13914934e-05 3.80554382e-05 3.39498363e-04 5.28606803e-04 9.57732337e-05 2.72886871e-04 8.97801607e-05 3.03169712e-05 6.74090383e-05 3.55108428e-05 1.03094208e-06 1.08624711e-08 1.00000000e-10
 2026 03 12 12 00 00  3.73597207e-03 2.26551238e-03 1.25182157e-03 9.01121501e-04 6.56390209e-04 3.64741578e-04 2.63255382e-04 2.23777716e-04 4.62644297e-04 1.32138858e-04 3.26536073e-03 4.91088368e-03 2.32262714e-04 6.73867708e-05 4.38081357e-05 1.20356933e-04 3.39015649e-05 5.74993261e-05 1.23221260e-04 7.35877082e-05 1.34307664e-04 1.63121896e-04 9.69738597e-05 7.01268372e-05 4.91415412e-06 9.28956142e-06 5.89679839e-06 2.44032561e-05 4.86698918e-06 1.65550381e-05 4.38960505e-05 3.69651127e-05 1.55260073e-05 4.68780496e-05 3.91535898e-05 1.34955524e-05 4.75251220e-05 5.69577787e-05 9.65056824e-06 4.19438572e-05 1.14212717e-04 2.84049049e-05 2.27224677e-04 4.05093843e-04 1.62037537e-05 1.72221350e-04 2.95906968e-05 3.68230656e-05 3.29379729e-04 5.16964722e-04 9.32530200e-05 2.65917280e-04 8.81573582e-05 2.97272678e-05 6.60489583e-05 3.46098456e-05 9.90781575e-07 8.80896067e-09 1.00000000e-10
 2026 03 13 12 00 00  3.75224515e-03 2.27434765e-03 1.25757660e-03 9.05842865e-04 6.60808412e-04 3.66932407e-04 2.65322084e-04 2.26008525e-04 4.68464172e-04 1.33305716e-04 3.31220885e-03 5.00649959e-03 2.34291527e-04 6.76128163e-05 4.40534606e-05 1.19686775e-04 3.35600955e-05 5.68148447e-05 1.22943716e-04 7.35983602e-05 1.33117118e-04 1.61350967e-04 9.63672134e-05 6.99337249e-05 4.89193299e-06 9.65506770e-06 5.89789997e-06 2.43724690e-05 4.86742429e-06 1.65193808e-05 4.34466631e-05 3.68322944e-05 1.51892949e-05 4.67607315e-05 3.91778303e-05 1.35002949e-05 4.68823713e-05 5.59980040e-05 9.93702924e-06 4.19796289e-05 1.14552864e-04 2.84155481e-05 2.28622209e-04 4.05310689e-04 1.62124276e-05 1.69393092e-04 2.75543396e-05 3.68447509e-05 3.22479352e-04 5.10660587e-04 9.23320446e-05 2.59625811e-04 8.80876394e-05 2.97024331e-05 6.59941198e-05 3.46021893e-05 9.92529124e-07 9.05917155e-09 1.00000000e-10
 2026 03 14 12 00 00  3.73375093e-03 2.26388510e-03 1.25080495e-03 9.00314458e-04 6.55645516e-04 3.64463274e-04 2.62968854e-04 2.23453936e-04 4.61828050e-04 1.31883522e-04 3.25885215e-03 4.90024313e-03 2.31904766e-04 6.72638880e-05 4.37568801e-05 1.18539596e-04 3.31670075e-05 5.60280401e-05 1.22353855e-04 7.34273868e-05 1.31417711e-04 1.59325218e-04 9.54857434e-05 6.94647840e-05 4.86629760e-06 9.12317773e-06 5.88602452e-06 2.42280857e-05 4.86394310e-06 1.64360022e-05 4.28869198e-05 3.66794440e-05 1.48038060e-05 4.60906105e-05 3.89719702e-05 1.34485308e-05 4.59494336e-05 5.46923366e-05 9.51967158e-06 4.10477093e-05 1.10917442e-04 2.82735680e-05 2.20773565e-04 4.03405104e-04 1.61362042e-05 1.63541099e-04 2.52337428e-05 3.65712156e-05 3.13217502e-04 5.00152189e-04 9.08038324e-05 2.47771914e-04 8.17736804e-05 2.74090163e-05 6.07094463e-05 3.11578636e-05 8.43124650e-07 3.59412695e-09 1.00000000e-10
 2026 03 15 12 00 00  3.73130894e-03 2.26178718e-03 1.24951824e-03 8.99368418e-04 6.54810728e-04 3.64185224e-04 2.62663410e-04 2.23101406e-04 4.60934209e-04 1.31539987e-04 3.25174827e-03 4.88960482e-03 2.31461899e-04 6.70706369e-05 4.36677163e-05 1.17423124e-04 3.27402755e-05 5.51741105e-05 1.21631067e-04 7.31610169e-05 1.29737938e-04 1.57128203e-04 9.46060870e-05 6.90647638e-05 4.83845943e-06 8.99773368e-06 5.88064140e-06 2.41163962e-05 4.85852979e-06 1.63587854e-05 4.22828122e-05 3.65135231e-05 1.43856698e-05 4.56078761e-05 3.86518135e-05 1.34250091e-05 4.49898445e-05 5.33457619e-05 9.42120460e-06 4.04846082e-05 1.08854876e-04 2.80524633e-05 2.17000857e-04 4.00441305e-04 1.60176522e-05 1.57944356e-04 2.27183598e-05 3.61453218e-05 3.03084838e-04 4.89525800e-04 8.90254325e-05 2.37964238e-04 7.90757682e-05 2.64292842e-05 5.84529895e-05 2.97003868e-05 7.80880328e-07 1.59231917e-09 1.00000000e-10
 2026 03 16 12 00 00  3.75019251e-03 2.27342930e-03 1.25695525e-03 9.05105042e-04 6.60001020e-04 3.66602297e-04 2.65017432e-04 2.25672304e-04 4.67667394e-04 1.33175327e-04 3.30586869e-03 4.99583259e-03 2.34035643e-04 6.75542110e-05 4.40088485e-05 1.17057223e-04 3.24655848e-05 5.46260912e-05 1.21870446e-04 7.35705660e-05 1.28848828e-04 1.55732354e-04 9.41913995e-05 6.90247950e-05 4.82046125e-06 8.97678692e-06 5.87908726e-06 2.40932621e-05 4.86832942e-06 1.63498191e-05 4.19957159e-05 3.64067906e-05 1.41195414e-05 4.55638985e-05 3.92214191e-05 1.34181333e-05 4.46071697e-05 5.26953893e-05 9.40472237e-06 4.06067885e-05 1.09772882e-04 2.84046400e-05 2.16623620e-04 4.05662845e-04 1.62265138e-05 1.57098323e-04 2.11328297e-05 3.68316512e-05 2.99535946e-04 4.87101962e-04 8.91456025e-05 2.34161508e-04 8.03417652e-05 2.68903635e-05 5.95214496e-05 3.04674772e-05 8.19389828e-07 3.11261061e-09 1.00000000e-10
 2026 03 17 12 00 00  3.75066889e-03 2.27462917e-03 1.25763646e-03 9.05382543e-04 6.60122220e-04 3.66575521e-04 2.65040612e-04 2.25714966e-04 4.67810901e-04 1.33395215e-04 3.30699933e-03 4.99581844e-03 2.34236725e-04 6.77009250e-05 4.40607426e-05 1.17473343e-04 3.25957837e-05 5.48913784e-05 1.22254696e-04 7.38204399e-05 1.29396675e-04 1.56454937e-04 9.44958433e-05 6.91726300e-05 4.82873147e-06 8.94358163e-06 5.88036200e-06 2.41249979e-05 4.87458310e-06 1.63790477e-05 4.22295800e-05 3.64576146e-05 1.42557212e-05 4.57256347e-05 3.95833282e-05 1.34235495e-05 4.49743533e-05 5.31817168e-05 9.37868681e-06 4.08190287e-05 1.10453944e-04 2.86217837e-05 2.17460058e-04 4.08972085e-04 1.63588834e-05 1.59568101e-04 2.19958340e-05 3.72562499e-05 3.03686454e-04 4.91523742e-04 9.00888623e-05 2.36698985e-04 8.01180075e-05 2.68099102e-05 5.93400679e-05 3.03964634e-05 8.19804339e-07 3.29491456e-09 1.00000000e-10
 2026 03 18 12 00 00  3.75930916e-03 2.27895374e-03 1.26049078e-03 9.07727548e-04 6.62315361e-04 3.67752560e-04 2.66129772e-04 2.26876706e-04 4.70875264e-04 1.33928605e-04 3.33172887e-03 5.04891984e-03 2.35240010e-04 6.77309885e-05 4.41650497e-05 1.17345223e-04 3.25351284e-05 5.47742879e-05 1.22010782e-04 7.36788497e-05 1.29279701e-04 1.56189839e-04 9.44254923e-05 6.91514563e-05 4.82457326e-06 9.13106342e-06 5.87796749e-06 2.41246232e-05 4.87217367e-06 1.63688362e-05 4.21581077e-05 3.64342181e-05 1.42040604e-05 4.57674975e-05 3.94376490e-05 1.34129688e-05 4.48733465e-05 5.30247318e-05 9.52551709e-06 4.07940261e-05 1.10917630e-04 2.85081158e-05 2.17512107e-04 4.07607160e-04 1.63042864e-05 1.58816759e-04 2.17245644e-05 3.70398251e-05 3.02108885e-04 4.90400364e-04 8.96445265e-05 2.36259217e-04 8.07496754e-05 2.70407732e-05 5.98789695e-05 3.08293271e-05 8.44624387e-07 4.40358505e-09 1.00000000e-10
 2026 03 19 12 00 00  3.77947174e-03 2.29057331e-03 1.26798785e-03 9.13644794e-04 6.67736993e-04 3.70394752e-04 2.68656914e-04 2.29615325e-04 4.78057225e-04 1.35503174e-04 3.38952923e-03 5.16576506e-03 2.37850089e-04 6.81054311e-05 4.45069950e-05 1.17301786e-04 3.24404333e-05 5.45894960e-05 1.22124787e-04 7.38580129e-05 1.29130783e-04 1.55754078e-04 9.43699902e-05 6.91071994e-05 4.81817478e-06 8.84043766e-06 5.87113464e-06 2.41153174e-05 4.87709767e-06 1.63742638e-05 4.20908614e-05 3.63975967e-05 1.41197990e-05 4.57525537e-05 3.97201831e-05 1.33830676e-05 4.48006978e-05 5.28533917e-05 9.29753660e-06 4.05806075e-05 1.12314505e-04 2.86674505e-05 2.14862295e-04 4.10177879e-04 1.64071152e-05 1.58700584e-04 2.12610350e-05 3.73536459e-05 3.01374466e-04 4.90533720e-04 8.97626305e-05 2.31576406e-04 7.63029866e-05 2.54254935e-05 5.61563716e-05 2.83967245e-05 7.38633818e-07 8.91880347e-10 1.00000000e-10
 2026 03 20 12 00 00  3.72094865e-03 2.25548062e-03 1.24547246e-03 8.95766438e-04 6.51286929e-04 3.62761115e-04 2.61270593e-04 2.21551342e-04 4.57076684e-04 1.30597850e-04 3.22100757e-03 4.83638644e-03 2.29977933e-04 6.66581080e-05 4.34483725e-05 1.16281743e-04 3.23436398e-05 5.44007635e-05 1.20581652e-04 7.27301289e-05 1.28282496e-04 1.55310455e-04 9.38357764e-05 6.86231676e-05 4.81162569e-06 8.84976107e-06 5.86269634e-06 2.39764031e-05 4.85282617e-06 1.62626672e-05 4.18038879e-05 3.63601750e-05 1.40339631e-05 4.50947509e-05 3.82937724e-05 1.33461712e-05 4.41589864e-05 5.21477724e-05 9.30469105e-06 3.95218385e-05 1.05720463e-04 2.77200365e-05 2.08863763e-04 3.97020082e-04 1.58808033e-05 1.52139879e-04 2.07905425e-05 3.55214346e-05 2.93860953e-04 4.79781144e-04 8.70853768e-05 2.27204859e-04 7.29015652e-05 2.41901964e-05 5.33108762e-05 2.65536313e-05 6.59535945e-07 1.00000000e-10 1.00000000e-10
 2026 03 21 12 00 00  3.69893374e-03 2.24067686e-03 1.23612573e-03 8.88608956e-04 6.44830482e-04 3.60006514e-04 2.58514577e-04 2.18498972e-04 4.49162891e-04 1.28410919e-04 3.15759447e-03 4.71949093e-03 2.26740308e-04 6.58109772e-05 4.29645467e-05 1.16545018e-04 3.26461683e-05 5.50135155e-05 1.19655659e-04 7.17861869e-05 1.29341653e-04 1.56949073e-04 9.42928630e-05 6.86739852e-05 4.83101539e-06 8.93860997e-06 5.86464557e-06 2.39783473e-05 4.83270705e-06 1.62486829e-05 4.21086041e-05 3.64781183e-05 1.43437472e-05 4.51520950e-05 3.71101254e-05 1.33544745e-05 4.45152552e-05 5.28355391e-05 9.37426448e-06 3.93270453e-05 1.04433444e-04 2.69287266e-05 2.09186507e-04 3.86095265e-04 1.54438106e-05 1.51803607e-04 2.27220036e-05 3.39921447e-05 2.96101391e-04 4.80922722e-04 8.59916241e-05 2.34801886e-04 7.56473495e-05 2.51893160e-05 5.56217478e-05 2.81613236e-05 7.36792583e-07 1.23517481e-09 1.00000000e-10
 2026 03 22 12 00 00  3.70989924e-03 2.24991816e-03 1.24179869e-03 8.92412334e-04 6.47974825e-04 3.61189716e-04 2.59805166e-04 2.19963434e-04 4.53039620e-04 1.29864069e-04 3.18861654e-03 4.77258787e-03 2.28628134e-04 6.64952971e-05 4.32796509e-05 1.17467866e-04 3.28314141e-05 5.53906837e-05 1.20917244e-04 7.27362931e-05 1.30205427e-04 1.57973950e-04 9.48229160e-05 6.91519735e-05 4.84279699e-06 9.12727701e-06 5.87644317e-06 2.40718406e-05 4.85502605e-06 1.63278098e-05 4.25347141e-05 3.65504238e-05 1.45369777e-05 4.56646292e-05 3.84098093e-05 1.34056347e-05 4.52493958e-05 5.37391481e-05 9.52206901e-06 4.04182156e-05 1.06988275e-04 2.77423125e-05 2.15237197e-04 3.98021836e-04 1.59208734e-05 1.58329398e-04 2.39440007e-05 3.55755066e-05 3.04935998e-04 4.91295372e-04 8.86635237e-05 2.44100619e-04 8.27670445e-05 2.77782335e-05 6.16011404e-05 3.22210938e-05 9.24935765e-07 8.57087841e-09 1.00000000e-10
 2026 03 23 12 00 00  3.71978413e-03 2.25687742e-03 1.24616346e-03 8.95537991e-04 6.50676453e-04 3.62369513e-04 2.61001922e-04 2.21287065e-04 4.56538794e-04 1.30890350e-04 3.21671205e-03 4.82568666e-03 2.30105391e-04 6.68795931e-05 4.35057320e-05 1.18228990e-04 3.30366194e-05 5.58073574e-05 1.21600059e-04 7.31801556e-05 1.31141987e-04 1.59096989e-04 9.53437345e-05 6.95150343e-05 4.85589917e-06 9.30763053e-06 5.88439034e-06 2.41497318e-05 4.86586941e-06 1.63860318e-05 4.29124002e-05 3.66304681e-05 1.47490064e-05 4.60906520e-05 3.90387955e-05 1.34400703e-05 4.58757908e-05 5.45626966e-05 9.66342050e-06 4.11505271e-05 1.09153098e-04 2.81258282e-05 2.19737380e-04 4.03780947e-04 1.61512379e-05 1.62995679e-04 2.52752565e-05 3.63240804e-05 3.11796969e-04 4.99303907e-04 9.02832368e-05 2.52235264e-04 8.80864014e-05 2.97124221e-05 6.60679910e-05 3.52495279e-05 1.06497245e-06 1.61201896e-08 4.93325025e-10
 2026 03 24 12 00 00  3.71894012e-03 2.25816214e-03 1.24681564e-03 8.95593591e-04 6.50493664e-04 3.62095283e-04 2.60834524e-04 2.21142090e-04 4.56202496e-04 1.31179443e-04 3.21392946e-03 4.81504351e-03 2.30270619e-04 6.71308112e-05 4.35485665e-05 1.19293014e-04 3.33979784e-05 5.65362221e-05 1.22457835e-04 7.36639660e-05 1.32581420e-04 1.61020707e-04 9.61263718e-05 6.99153255e-05 4.87920297e-06 9.33385963e-06 5.89326664e-06 2.42406340e-05 4.87747529e-06 1.64605687e-05 4.34948710e-05 3.67712142e-05 1.51135057e-05 4.65287907e-05 3.97132157e-05 1.34785878e-05 4.67909661e-05 5.58211971e-05 9.68388267e-06 4.18398099e-05 1.10912582e-04 2.85421062e-05 2.23955253e-04 4.09962421e-04 1.63984969e-05 1.69074471e-04 2.75209663e-05 3.71354836e-05 3.21931481e-04 5.09859738e-04 9.24211349e-05 2.60996621e-04 9.04403527e-05 3.05685388e-05 6.80460504e-05 3.66014834e-05 1.12826133e-06 1.95894994e-08 8.12202483e-10
 2026 03 25 12 00 00  3.73444214e-03 2.26833081e-03 1.25325497e-03 9.00429133e-04 6.54800863e-04 3.64026970e-04 2.62750242e-04 2.23248547e-04 4.61725371e-04 1.32647339e-04 3.25827993e-03 4.90002409e-03 2.32482282e-04 6.76342773e-05 4.38670389e-05 1.20138170e-04 3.36249417e-05 5.69945376e-05 1.23267755e-04 7.41809490e-05 1.33637299e-04 1.62234676e-04 9.67132127e-05 7.03623313e-05 4.89381491e-06 9.61890109e-06 5.89809824e-06 2.43404734e-05 4.88963378e-06 1.65284476e-05 4.39058803e-05 3.68596375e-05 1.53433837e-05 4.70590252e-05 4.04211547e-05 1.34995251e-05 4.74928354e-05 5.67160896e-05 9.90723129e-06 4.26513965e-05 1.13602463e-04 2.89849180e-05 2.28284537e-04 4.16458396e-04 1.66583359e-05 1.74151481e-04 2.89419113e-05 3.79973411e-05 3.29461824e-04 5.19031275e-04 9.42171480e-05 2.71496732e-04 9.85353079e-05 3.35114695e-05 7.48400742e-05 4.11790635e-05 1.33789330e-06 3.07393734e-08 1.82870750e-09
 2026 03 26 12 00 00  3.77569785e-03 2.29307189e-03 1.26912645e-03 9.12899250e-04 6.66203726e-04 3.69381337e-04 2.67928946e-04 2.28894004e-04 4.76470466e-04 1.36088644e-04 3.37678235e-03 5.13374731e-03 2.38008779e-04 6.86068921e-05 4.45927443e-05 1.21306513e-04 3.38841666e-05 5.75173588e-05 1.24401689e-04 7.49142549e-05 1.35048925e-04 1.63614300e-04 9.75021079e-05 7.09582549e-05 4.91053361e-06 9.85285806e-06 5.90449708e-06 2.44844425e-05 4.90650127e-06 1.66304867e-05 4.44012837e-05 3.69606074e-05 1.56047987e-05 4.78195600e-05 4.14054986e-05 1.35272930e-05 4.83902868e-05 5.78367405e-05 1.00905119e-05 4.37278198e-05 1.18965277e-04 2.96098791e-05 2.34150307e-04 4.25502255e-04 1.70200902e-05 1.80978029e-04 3.05522088e-05 3.92117538e-05 3.38902779e-04 5.31368543e-04 9.65727893e-05 2.83280531e-04 1.07480414e-04 3.67633846e-05 8.23469713e-05 4.62317135e-05 1.56890633e-06 4.29983515e-08 2.94562064e-09
 2026 03 27 12 00 00  3.76680862e-03 2.29146530e-03 1.26774170e-03 9.10967870e-04 6.64009750e-04 3.67904629e-04 2.66708151e-04 2.27648959e-04 4.73261207e-04 1.36109460e-04 3.35074078e-03 5.06998859e-03 2.37417787e-04 6.90163328e-05 4.46032722e-05 1.22429455e-04 3.42190760e-05 5.81918575e-05 1.25783944e-04 7.58519571e-05 1.36292924e-04 1.65386037e-04 9.82244343e-05 7.14126199e-05 4.93217922e-06 9.80449622e-06 5.91625976e-06 2.45730578e-05 4.92789950e-06 1.67158409e-05 4.49977291e-05 3.70910100e-05 1.59407777e-05 4.82377045e-05 4.26552258e-05 1.35783965e-05 4.93405359e-05 5.90958672e-05 1.00525140e-05 4.46335997e-05 1.20174111e-04 3.04076326e-05 2.38894759e-04 4.36989805e-04 1.74795922e-05 1.88255984e-04 3.26131121e-05 4.07610205e-05 3.50428653e-04 5.43255878e-04 9.96102631e-05 2.92370569e-04 1.10826262e-04 3.79799587e-05 8.51564590e-05 4.81353823e-05 1.65685434e-06 4.77337380e-08 3.37878028e-09
 2026 03 28 12 00 00  3.79743373e-03 2.31079752e-03 1.28005244e-03 9.20426755e-04 6.72551028e-04 3.71795519e-04 2.70526347e-04 2.31834321e-04 4.84201915e-04 1.38862892e-04 3.43858730e-03 5.23996465e-03 2.41677853e-04 6.99098740e-05 4.52035854e-05 1.24380793e-04 3.47584661e-05 5.92767145e-05 1.27281038e-04 7.66869111e-05 1.38706420e-04 1.68223349e-04 9.95350535e-05 7.21496872e-05 4.96710927e-06 9.65479412e-06 5.95086931e-06 2.47443740e-05 4.94691121e-06 1.68665263e-05 4.58772837e-05 3.73009709e-05 1.64792276e-05 4.91091227e-05 4.37658600e-05 1.37288909e-05 5.07968117e-05 6.11530188e-05 9.93477515e-06 4.63290464e-05 1.26569087e-04 3.11176147e-05 2.52341204e-04 4.47200056e-04 1.78880022e-05 1.99364713e-04 3.59027646e-05 4.21396340e-05 3.66524836e-04 5.61267318e-04 1.03158281e-04 3.06172610e-04 1.15500058e-04 3.96795447e-05 8.90821619e-05 5.08045216e-05 1.78081689e-06 5.44565879e-08 3.99493914e-09
 2026 03 29 12 00 00  3.80228403e-03 2.31267341e-03 1.28135514e-03 9.21629754e-04 6.73740434e-04 3.72501234e-04 2.71152731e-04 2.32490910e-04 4.85929562e-04 1.39049854e-04 3.45253564e-03 5.27182594e-03 2.42154007e-04 6.98422352e-05 4.52454561e-05 1.23785378e-04 3.45587032e-05 5.88784576e-05 1.26826347e-04 7.64521596e-05 1.37989308e-04 1.67211361e-04 9.91485817e-05 7.19137493e-05 4.95400745e-06 9.63697676e-06 5.93465811e-06 2.46963178e-05 4.94181149e-06 1.68239085e-05 4.55837629e-05 3.72233626e-05 1.62862038e-05 4.88838871e-05 4.34664718e-05 1.36582792e-05 5.03393187e-05 6.04687287e-05 9.92034547e-06 4.56727496e-05 1.25638824e-04 3.09200346e-05 2.46702950e-04 4.44440028e-04 1.77776011e-05 1.95811464e-04 3.47554043e-05 4.17572708e-05 3.61230556e-04 5.56042132e-04 1.02013616e-04 3.00033157e-04 1.12080755e-04 3.84373478e-05 8.62187862e-05 4.89264722e-05 1.69847788e-06 5.03520013e-08 3.62763686e-09
 2026 03 30 12 00 00  3.82933268e-03 2.33006467e-03 1.29240255e-03 9.30072439e-04 6.81341348e-04 3.75913848e-04 2.74521080e-04 2.36192467e-04 4.95599552e-04 1.41549987e-04 3.53013115e-03 5.42055853e-03 2.45972807e-04 7.06871334e-05 4.57734631e-05 1.24407935e-04 3.45443841e-05 5.88514144e-05 1.27854290e-04 7.72978470e-05 1.38175532e-04 1.67155404e-04 9.93240208e-05 7.20856141e-05 4.95299682e-06 1.02428225e-05 5.96475147e-06 2.47909950e-05 4.96076173e-06 1.68908206e-05 4.56969678e-05 3.72178649e-05 1.62750992e-05 4.92963260e-05 4.45753336e-05 1.37891431e-05 5.06442937e-05 6.08255619e-05 1.03949722e-05 4.69644912e-05 1.29529427e-04 3.16366175e-05 2.59898086e-04 4.54643652e-04 1.81857461e-05 2.01178245e-04 3.47034860e-05 4.31470777e-05 3.65561746e-04 5.61263425e-04 1.03994011e-04 2.96869804e-04 1.07650661e-04 3.68276455e-05 8.25068470e-05 4.64749603e-05 1.58975213e-06 4.48346285e-08 3.13130073e-09
 2026 03 31 12 00 00  3.80371250e-03 2.31576365e-03 1.28312839e-03 9.22527599e-04 6.74310773e-04 3.72491317e-04 2.71271428e-04 2.32674030e-04 4.86430285e-04 1.39628920e-04 3.45635448e-03 5.27181551e-03 2.42710690e-04 7.02553465e-05 4.53630292e-05 1.24119951e-04 3.45796725e-05 5.89228584e-05 1.27687314e-04 7.71532708e-05 1.38085250e-04 1.67346162e-04 9.92655253e-05 7.18863565e-05 4.95526074e-06 9.38663652e-06 5.93838813e-06 2.47113772e-05 4.95737549e-06 1.68582891e-05 4.57075572e-05 3.72316223e-05 1.63111719e-05 4.88741623e-05 4.43781144e-05 1.36744056e-05 5.05656402e-05 6.07136229e-05 9.72360212e-06 4.57739528e-05 1.26265669e-04 3.15129058e-05 2.47368771e-04 4.52833438e-04 1.81133375e-05 1.98647285e-04 3.49280832e-05 4.29063628e-05 3.65030959e-04 5.59472427e-04 1.03612783e-04 2.92852595e-04 1.01363387e-04 3.45426675e-05 7.72355155e-05 4.29673681e-05 1.43227584e-06 3.66952911e-08 2.39519746e-09
 2026 04 01 12 00 00  3.79950392e-03 2.31252186e-03 1.28111773e-03 9.21110131e-04 6.73097024e-04 3.72006476e-04 2.70763326e-04 2.32103949e-04 4.84933544e-04 1.39131209e-04 3.44436243e-03 5.25057092e-03 2.42032114e-04 7.00402687e-05 4.52612816e-05 1.23396774e-04 3.43202963e-05 5.84023597e-05 1.27128387e-04 7.68702244e-05 1.37030243e-04 1.65994729e-04 9.86991353e-05 7.16223371e-05 4.93840816e-06 9.53594208e-06 5.93841214e-06 2.46496755e-05 4.95081731e-06 1.68057754e-05 4.53097612e-05 3.71307076e-05 1.60543772e-05 4.85948836e-05 4.39956813e-05 1.36744799e-05 4.99377348e-05 5.98597690e-05 9.84058206e-06 4.55186585e-05 1.24813390e-04 3.12712858e-05 2.46798608e-04 4.49321278e-04 1.79728511e-05 1.94923831e-04 3.33698554e-05 4.24366037e-05 3.58248180e-04 5.52204927e-04 1.02283646e-04 2.87290026e-04 1.00425407e-04 3.42021405e-05 7.64517017e-05 4.24665837e-05 1.41129906e-06 3.57262515e-08 2.31053630e-09
 2026 04 02 12 00 00  3.80773603e-03 2.31562562e-03 1.28328391e-03 9.23237023e-04 6.75257905e-04 3.73235035e-04 2.71850451e-04 2.33247831e-04 4.87896264e-04 1.39444272e-04 3.46827950e-03 5.30369990e-03 2.42842233e-04 6.99336382e-05 4.53218688e-05 1.23604413e-04 3.44309781e-05 5.86239621e-05 1.26794750e-04 7.64849421e-05 1.37543455e-04 1.66565846e-04 9.89250466e-05 7.16442479e-05 4.94562337e-06 9.87566746e-06 5.94432749e-06 2.46890286e-05 4.94187079e-06 1.68141697e-05 4.54039498e-05 3.71737464e-05 1.61630407e-05 4.87597228e-05 4.34740621e-05 1.37002149e-05 5.00915214e-05 6.01453902e-05 1.01069825e-05 4.56592130e-05 1.26013174e-04 3.09422234e-05 2.50341703e-04 4.44531414e-04 1.77812566e-05 1.95290353e-04 3.40246013e-05 4.17967356e-05 3.58951213e-04 5.52924700e-04 1.01810405e-04 2.88483953e-04 9.94990665e-05 3.38656962e-05 7.56765846e-05 4.19631097e-05 1.38958695e-06 3.46722118e-08 2.21697327e-09
 2026 04 03 12 00 00  3.79553756e-03 2.30684211e-03 1.27778985e-03 9.19247046e-04 6.71775037e-04 3.71776749e-04 2.70359394e-04 2.31588764e-04 4.83549239e-04 1.38125983e-04 3.43342712e-03 5.23996130e-03 2.40972026e-04 6.94057050e-05 4.50482763e-05 1.23481773e-04 3.45184439e-05 5.87987015e-05 1.26108111e-04 7.58381910e-05 1.37780898e-04 1.67012950e-04 9.89855810e-05 7.15011615e-05 4.95134300e-06 9.67265805e-06 5.94116245e-06 2.46575381e-05 4.92698564e-06 1.67886730e-05 4.54167458e-05 3.72077426e-05 1.62482160e-05 4.85882998e-05 4.26054845e-05 1.36864415e-05 5.00412880e-05 6.02010014e-05 9.94786678e-06 4.51558192e-05 1.24783680e-04 3.03909619e-05 2.47875043e-04 4.36551502e-04 1.74620601e-05 1.93279322e-04 3.45343025e-05 4.07254993e-05 3.57635465e-04 5.50588142e-04 1.00651489e-04 2.87572647e-04 9.64450390e-05 3.27558744e-05 7.31167573e-05 4.02654452e-05 1.31377941e-06 3.07854215e-08 1.86627247e-09
 2026 04 04 12 00 00  3.78261232e-03 2.29655979e-03 1.27143532e-03 9.14797140e-04 6.67980484e-04 3.70310873e-04 2.68801812e-04 2.29831325e-04 4.78943975e-04 1.36526467e-04 3.39657654e-03 5.17622158e-03 2.38829389e-04 6.86732199e-05 4.47032055e-05 1.22390360e-04 3.42762331e-05 5.83117479e-05 1.24728115e-04 7.48559018e-05 1.36716121e-04 1.65741056e-04 9.83510708e-05 7.10046351e-05 4.93564876e-06 9.80955956e-06 5.92373908e-06 2.45631056e-05 4.90460370e-06 1.66949640e-05 4.49327559e-05 3.71134724e-05 1.60067881e-05 4.80969203e-05 4.12980997e-05 1.36106391e-05 4.92190976e-05 5.91315865e-05 1.00551028e-05 4.40227421e-05 1.21651179e-04 2.95555568e-05 2.41120621e-04 4.24532873e-04 1.69813149e-05 1.86053718e-04 3.30610987e-05 3.91032838e-05 3.47639870e-04 5.39232631e-04 9.77557019e-05 2.78580683e-04 9.08314316e-05 3.07155495e-05 6.84089686e-05 3.71227324e-05 1.17195136e-06 2.33988157e-08 1.19679608e-09
 2026 04 05 12 00 00  3.76358423e-03 2.28470949e-03 1.26387624e-03 9.08960668e-04 6.62695842e-04 3.67878699e-04 2.66426375e-04 2.27232475e-04 4.72150267e-04 1.34850284e-04 3.34198632e-03 5.06998636e-03 2.36211671e-04 6.81557266e-05 4.43492617e-05 1.21264979e-04 3.39491729e-05 5.76544378e-05 1.23886702e-04 7.43950193e-05 1.35250222e-04 1.64026031e-04 9.75593929e-05 7.05014255e-05 4.91444553e-06 9.14826305e-06 5.90963464e-06 2.44166458e-05 4.89385930e-06 1.66078949e-05 4.44005762e-05 3.69861809e-05 1.56811817e-05 4.73905549e-05 4.06719133e-05 1.35492824e-05 4.83121957e-05 5.79187625e-05 9.53672497e-06 4.28671321e-05 1.17982286e-04 2.91615783e-05 2.32044068e-04 4.18784151e-04 1.67513660e-05 1.79495806e-04 3.10762698e-05 3.83369596e-05 3.38206923e-04 5.28279200e-04 9.57531144e-05 2.67221347e-04 8.38983780e-05 2.81952967e-05 6.25920398e-05 3.32188277e-05 9.94269516e-07 1.40306657e-08 3.44794593e-10
 2026 04 06 12 00 00  3.74390409e-03 2.27148304e-03 1.25552783e-03 9.02714112e-04 6.57142328e-04 3.65444705e-04 2.63994059e-04 2.24548102e-04 4.65127570e-04 1.32916395e-04 3.28562834e-03 4.96375188e-03 2.33345661e-04 6.74502519e-05 4.39269998e-05 1.20593026e-04 3.38492595e-05 5.74528123e-05 1.22881653e-04 7.36265618e-05 1.34680097e-04 1.63492995e-04 9.71959110e-05 7.01947433e-05 4.90800703e-06 9.11947573e-06 5.90258278e-06 2.43422449e-05 4.87620164e-06 1.65428843e-05 4.41370868e-05 3.69472633e-05 1.55802147e-05 4.70234447e-05 3.96413583e-05 1.35186187e-05 4.78230486e-05 5.73472681e-05 9.51420880e-06 4.21605189e-05 1.15190131e-04 2.85068061e-05 2.28121772e-04 4.09315152e-04 1.63726061e-05 1.74812660e-04 3.04532528e-05 3.70647234e-05 3.32232084e-04 5.20900241e-04 9.37798913e-05 2.63677544e-04 8.20270907e-05 2.75148767e-05 6.10206785e-05 3.21536670e-05 9.45029325e-07 1.13771513e-08 1.02013376e-10
 2026 04 07 12 00 00  3.71727569e-03 2.25495280e-03 1.24497787e-03 8.94544772e-04 6.49732742e-04 3.62034675e-04 2.60665746e-04 2.20906956e-04 4.55614704e-04 1.30579840e-04 3.20920002e-03 4.81501892e-03 2.29688169e-04 6.67306035e-05 4.34358954e-05 1.19521204e-04 3.35957680e-05 5.69431635e-05 1.21886818e-04 7.29892403e-05 1.33440807e-04 1.62161690e-04 9.65023104e-05 6.97528891e-05 4.89158228e-06 9.15966375e-06 5.88741023e-06 2.42354140e-05 4.86150966e-06 1.64526148e-05 4.36795573e-05 3.68486013e-05 1.53275119e-05 4.64832077e-05 3.87841894e-05 1.34526053e-05 4.70324673e-05 5.62927602e-05 9.54572897e-06 4.11943662e-05 1.10969302e-04 2.79633823e-05 2.21349650e-04 4.01440685e-04 1.60576274e-05 1.68455772e-04 2.89111107e-05 3.60085804e-05 3.23459542e-04 5.10503967e-04 9.16013128e-05 2.56396549e-04 7.88522028e-05 2.63605430e-05 5.83553164e-05 3.03522170e-05 8.62128806e-07 6.93768989e-09 1.00000000e-10
 2026 04 08 12 00 00  3.71009262e-03 2.24826100e-03 1.24091254e-03 8.91870725e-04 6.47550845e-04 3.61303883e-04 2.59827064e-04 2.19937071e-04 4.53063368e-04 1.29490595e-04 3.18884724e-03 4.78315279e-03 2.28339833e-04 6.61611307e-05 4.32008743e-05 1.17739798e-04 3.30046489e-05 5.57561347e-05 1.20381815e-04 7.21556135e-05 1.31053828e-04 1.59072825e-04 9.52047350e-05 6.91057165e-05 4.85321398e-06 9.20477760e-06 5.87436480e-06 2.40749465e-05 4.84249067e-06 1.63214638e-05 4.27476400e-05 3.66185850e-05 1.47408064e-05 4.57547959e-05 3.76733718e-05 1.33958674e-05 4.55417704e-05 5.42525192e-05 9.58110395e-06 4.01269371e-05 1.07343539e-04 2.72542151e-05 2.14840710e-04 3.91229898e-04 1.56491959e-05 1.58531577e-04 2.53435806e-05 3.46313638e-05 3.06932682e-04 4.92996808e-04 8.80736877e-05 2.43468303e-04 7.65206803e-05 2.55128056e-05 5.63977071e-05 2.90270107e-05 8.00993692e-07 4.63460168e-09 1.00000000e-10
 2026 04 09 12 00 00  3.69061325e-03 2.23546703e-03 1.23281151e-03 8.85748652e-04 6.42075698e-04 3.58869474e-04 2.57411316e-04 2.17277801e-04 4.46109303e-04 1.27637255e-04 3.13302542e-03 4.67691720e-03 2.25550651e-04 6.55101901e-05 4.27926583e-05 1.16479104e-04 3.26489593e-05 5.50416240e-05 1.19257666e-04 7.14812661e-05 1.29475869e-04 1.57211502e-04 9.43367795e-05 6.85300195e-05 4.83013864e-06 9.03986365e-06 5.86162496e-06 2.39423567e-05 4.82702053e-06 1.62213235e-05 4.21477655e-05 3.64801672e-05 1.43873316e-05 4.50844649e-05 3.67703178e-05 1.33404770e-05 4.45352878e-05 5.29113776e-05 9.45195861e-06 3.90191582e-05 1.03481241e-04 2.66798364e-05 2.07896635e-04 3.82931590e-04 1.53172636e-05 1.51200971e-04 2.31919985e-05 3.35154647e-05 2.95949759e-04 4.80229700e-04 8.55483372e-05 2.31012457e-04 6.88938393e-05 2.27397806e-05 4.99945757e-05 2.46969272e-05 6.01558901e-07 1.00000000e-10 1.00000000e-10
 2026 04 10 12 00 00  3.67064906e-03 2.22168573e-03 1.22414325e-03 8.79318464e-04 6.36387959e-04 3.56428243e-04 2.54950047e-04 2.14551685e-04 4.38981513e-04 1.25598368e-04 3.07586096e-03 4.57068011e-03 2.22581036e-04 6.47313454e-05 4.23572852e-05 1.14414312e-04 3.19746323e-05 5.36871841e-05 1.17586197e-04 7.05847400e-05 1.26641703e-04 1.53684279e-04 9.28050789e-05 6.77704389e-05 4.78638503e-06 8.86306661e-06 5.85106391e-06 2.37338960e-05 4.80662638e-06 1.60670162e-05 4.10866306e-05 3.62177583e-05 1.37174546e-05 4.41402218e-05 3.55788216e-05 1.32945919e-05 4.28069389e-05 5.05769984e-05 9.31348332e-06 3.78128967e-05 9.84184504e-05 2.59176537e-05 2.00459694e-04 3.71977400e-04 1.48790960e-05 1.39929986e-04 1.91157436e-05 3.20356048e-05 2.77275222e-04 4.59881330e-04 8.16659795e-05 2.16273035e-04 6.62452661e-05 2.17763188e-05 4.77675661e-05 2.31638364e-05 5.29015136e-07 1.00000000e-10 1.00000000e-10
 2026 04 11 12 00 00  3.68180415e-03 2.22812187e-03 1.22829721e-03 8.82671277e-04 6.39500120e-04 3.57903730e-04 2.56364231e-04 2.16089806e-04 4.42982477e-04 1.26481323e-04 3.10800768e-03 4.63443026e-03 2.24040789e-04 6.49684516e-05 4.25555866e-05 1.13238608e-04 3.14220903e-05 5.25772397e-05 1.17291729e-04 7.07258761e-05 1.24554846e-04 1.50792752e-04 9.17506436e-05 6.74292022e-05 4.75053857e-06 8.80827647e-06 5.84812915e-06 2.36347576e-05 4.80953531e-06 1.60013718e-05 4.03534211e-05 3.60027421e-05 1.31683395e-05 4.37232962e-05 3.57505894e-05 1.32818604e-05 4.17152736e-05 4.89675080e-05 9.27070723e-06 3.75535174e-05 9.74307835e-05 2.60351400e-05 1.98201432e-04 3.73566111e-04 1.49426445e-05 1.34794329e-04 1.57732662e-05 3.22621345e-05 2.66302960e-04 4.49341118e-04 8.03858066e-05 2.06380536e-04 6.66385611e-05 2.19185957e-05 4.80925815e-05 2.33423526e-05 5.34291911e-07 1.00000000e-10 1.00000000e-10
 2026 04 12 12 00 00  3.68033930e-03 2.22782220e-03 1.22805022e-03 8.82366686e-04 6.39166219e-04 3.57667644e-04 2.56168431e-04 2.15890972e-04 4.42460828e-04 1.26480259e-04 3.10376713e-03 4.62380946e-03 2.23941336e-04 6.50377136e-05 4.25596872e-05 1.12794235e-04 3.12050804e-05 5.21408860e-05 1.17286059e-04 7.08795735e-05 1.23678055e-04 1.49652527e-04 9.13154048e-05 6.73449948e-05 4.73647960e-06 8.80934749e-06 5.85081725e-06 2.35937581e-05 4.81286770e-06 1.59770389e-05 4.00766874e-05 3.59182741e-05 1.29519205e-05 4.35682201e-05 3.59463040e-05 1.32935835e-05 4.12996903e-05 4.83558893e-05 9.27162982e-06 3.76327391e-05 9.66775821e-05 2.61644600e-05 1.98431305e-04 3.75370638e-04 1.50148255e-05 1.33200001e-04 1.44521386e-05 3.25123547e-05 2.62412058e-04 4.45552296e-04 8.01141520e-05 2.04585394e-04 6.96036033e-05 2.29958530e-05 5.05761790e-05 2.49763575e-05 6.06302845e-07 1.00000000e-10 1.00000000e-10
 2026 04 13 12 00 00  3.69210581e-03 2.23559165e-03 1.23296710e-03 8.86098375e-04 6.42512853e-04 3.59138910e-04 2.57631758e-04 2.17504574e-04 4.46670461e-04 1.27611654e-04 3.13753517e-03 4.68755513e-03 2.25637774e-04 6.54441080e-05 4.28017240e-05 1.12994678e-04 3.11956392e-05 5.21216600e-05 1.17809096e-04 7.13130110e-05 1.23737735e-04 1.49600208e-04 9.13859551e-05 6.74535809e-05 4.73587970e-06 8.78242499e-06 5.85029011e-06 2.36211154e-05 4.82252944e-06 1.60029058e-05 4.01283317e-05 3.59145895e-05 1.29420572e-05 4.36962544e-05 3.65119748e-05 1.32913148e-05 4.14296939e-05 4.84557400e-05 9.25070126e-06 3.78572273e-05 9.79146183e-05 2.65313080e-05 1.98911068e-04 3.80577493e-04 1.52230997e-05 1.34866477e-04 1.43897036e-05 3.32235912e-05 2.64270062e-04 4.48184221e-04 8.10037057e-05 2.04883762e-04 7.00651057e-05 2.31631713e-05 5.09602071e-05 2.52087048e-05 6.15052744e-07 1.00000000e-10 1.00000000e-10
 2026 04 14 12 00 00  3.68887299e-03 2.23446729e-03 1.23216889e-03 8.85288132e-04 6.41679174e-04 3.58648391e-04 2.57203304e-04 2.17056603e-04 4.45509398e-04 1.27509063e-04 3.12814074e-03 4.66630384e-03 2.25336695e-04 6.55078278e-05 4.27888304e-05 1.13122188e-04 3.12282820e-05 5.21866896e-05 1.18053408e-04 7.14979600e-05 1.23830459e-04 1.49765018e-04 9.14503449e-05 6.75244597e-05 4.73802320e-06 8.81559972e-06 5.85199050e-06 2.36331132e-05 4.82667492e-06 1.60139085e-05 4.01963467e-05 3.59272672e-05 1.29735083e-05 4.37510909e-05 3.67545465e-05 1.32987290e-05 4.15403821e-05 4.85904857e-05 9.27680449e-06 3.80231476e-05 9.78728679e-05 2.66880321e-05 1.99687314e-04 3.82809577e-04 1.53123831e-05 1.35877486e-04 1.45761675e-05 3.35275603e-05 2.65767178e-04 4.49740251e-04 8.14956273e-05 2.06577769e-04 7.14939986e-05 2.36821742e-05 5.21560747e-05 2.59874210e-05 6.48779243e-07 1.00000000e-10 1.00000000e-10
 2026 04 15 12 00 00  3.69051806e-03 2.23512278e-03 1.23262103e-03 8.85709178e-04 6.42097289e-04 3.58888362e-04 2.57417175e-04 2.17281705e-04 4.46097688e-04 1.27577476e-04 3.13288997e-03 4.67692651e-03 2.25502521e-04 6.54892249e-05 4.28018553e-05 1.13184795e-04 3.12698976e-05 5.22695249e-05 1.18006469e-04 7.14268826e-05 1.24006544e-04 1.49974414e-04 9.15336769e-05 6.75934152e-05 4.74075896e-06 8.81342494e-06 5.84930494e-06 2.36419219e-05 4.82509931e-06 1.60172369e-05 4.02442958e-05 3.59434285e-05 1.30134853e-05 4.38124010e-05 3.66622349e-05 1.32870613e-05 4.16130913e-05 4.86914241e-05 9.27520014e-06 3.80224875e-05 9.80573490e-05 2.66279443e-05 1.99023755e-04 3.81959611e-04 1.52783844e-05 1.35943121e-04 1.48125808e-05 3.34111130e-05 2.66259813e-04 4.50526573e-04 8.14361830e-05 2.09530635e-04 7.45320576e-05 2.47861222e-05 5.47019978e-05 2.76717035e-05 7.23686213e-07 1.19617738e-09 1.00000000e-10
 2026 04 16 12 00 00  3.69027799e-03 2.23464651e-03 1.23234740e-03 8.85556221e-04 6.41988500e-04 3.58882776e-04 2.57393610e-04 2.17247773e-04 4.46011201e-04 1.27487929e-04 3.13221589e-03 4.67692502e-03 2.25415112e-04 6.54250310e-05 4.27812775e-05 1.13650737e-04 3.14760866e-05 5.26824675e-05 1.18061296e-04 7.13207526e-05 1.24812832e-04 1.51039613e-04 9.19361544e-05 6.77681800e-05 4.75419438e-06 8.88353607e-06 5.85475173e-06 2.36859858e-05 4.82273317e-06 1.60448104e-05 4.05093593e-05 3.60236125e-05 1.32161207e-05 4.40238669e-05 3.65237065e-05 1.33107853e-05 4.20152378e-05 4.93022651e-05 9.33026677e-06 3.82912922e-05 9.89243134e-05 2.65381124e-05 2.01538981e-04 3.80684416e-04 1.52273766e-05 1.37981665e-04 1.60346128e-05 3.32369527e-05 2.70144171e-04 4.54509511e-04 8.18175828e-05 2.15172028e-04 7.71379931e-05 2.57329517e-05 5.68851012e-05 2.91103983e-05 7.87265236e-07 3.34563879e-09 1.00000000e-10
 2026 04 17 12 00 00  3.69350488e-03 2.23580291e-03 1.23316356e-03 8.86360506e-04 6.42806246e-04 3.59365804e-04 2.57817785e-04 2.17691655e-04 4.47167682e-04 1.27596188e-04 3.14156041e-03 4.69817184e-03 2.25720222e-04 6.53655348e-05 4.27943463e-05 1.14261603e-04 3.17572703e-05 5.32457838e-05 1.18103816e-04 7.11449422e-05 1.25944327e-04 1.52494244e-04 9.24995081e-05 6.79446042e-05 4.77250796e-06 8.90947485e-06 5.85600792e-06 2.37451797e-05 4.81878305e-06 1.60810078e-05 4.08657949e-05 3.61329701e-05 1.34927875e-05 4.42758981e-05 3.62926367e-05 1.33162743e-05 4.25578337e-05 5.01106383e-05 9.35069547e-06 3.84045060e-05 1.00201647e-04 2.63890572e-05 2.02896532e-04 3.78558538e-04 1.51423415e-05 1.40364358e-04 1.77047928e-05 3.29478062e-05 2.75248186e-04 4.59691160e-04 8.22315053e-05 2.20138995e-04 7.70085737e-05 2.56855125e-05 5.67736991e-05 2.90131557e-05 7.81223179e-07 3.05872874e-09 1.00000000e-10
 2026 04 18 12 00 00  3.68197392e-03 2.22850696e-03 1.22851937e-03 8.82780192e-04 6.39566569e-04 3.57898384e-04 2.56377308e-04 2.16111589e-04 4.43044240e-04 1.26554209e-04 3.10845104e-03 4.63442765e-03 2.24111449e-04 6.50228063e-05 4.25668540e-05 1.14192338e-04 3.18102277e-05 5.33508428e-05 1.17751893e-04 7.08208012e-05 1.26042307e-04 1.52756829e-04 9.25204965e-05 6.78719495e-05 4.77600552e-06 8.87543138e-06 5.85628150e-06 2.37293009e-05 4.81146926e-06 1.60665094e-05 4.08820293e-05 3.61535233e-05 1.35430193e-05 4.41804456e-05 3.58649646e-05 1.33174937e-05 4.25371737e-05 5.01524011e-05 9.32412004e-06 3.82072471e-05 9.91761348e-05 2.61139823e-05 2.02322516e-04 3.74624752e-04 1.49849901e-05 1.39441586e-04 1.79985407e-05 3.24140303e-05 2.74706770e-04 4.58369424e-04 8.16804214e-05 2.20166858e-04 7.59678036e-05 2.53067158e-05 5.58971500e-05 2.83983267e-05 7.51330791e-07 1.91920435e-09 1.00000000e-10
 2026 04 19 12 00 00  3.67869642e-03 2.22723222e-03 1.22763634e-03 8.81946772e-04 6.38734240e-04 3.57416349e-04 2.55950016e-04 2.15662843e-04 4.41872829e-04 1.26424466e-04 3.09898014e-03 4.61318046e-03 2.23786779e-04 6.50677706e-05 4.25452643e-05 1.14430305e-04 3.18963779e-05 5.35226427e-05 1.18010068e-04 7.09743064e-05 1.26339016e-04 1.53193760e-04 9.26865137e-05 6.79320148e-05 4.78165421e-06 8.85303598e-06 5.85818052e-06 2.37486580e-05 4.81480311e-06 1.60840116e-05 4.10131065e-05 3.61869956e-05 1.36263465e-05 4.42415210e-05 3.60607111e-05 1.33257883e-05 4.27406591e-05 5.04324708e-05 9.30666502e-06 3.83150923e-05 9.93073700e-05 2.62431771e-05 2.03063870e-04 3.76429391e-04 1.50571756e-05 1.40835261e-04 1.84942590e-05 3.26640496e-05 2.77147190e-04 4.60661706e-04 8.22512162e-05 2.20952607e-04 7.48988668e-05 2.49176925e-05 5.49970576e-05 2.77683829e-05 7.20799784e-07 7.59487762e-10 1.00000000e-10
 2026 04 20 12 00 00  3.67359148e-03 2.22494471e-03 1.22609551e-03 8.80575070e-04 6.37398714e-04 3.56689588e-04 2.55290424e-04 2.14962525e-04 4.40046384e-04 1.26158887e-04 3.08424300e-03 4.58130948e-03 2.23230051e-04 6.50840261e-05 4.24997934e-05 1.15217643e-04 3.22245149e-05 5.41803660e-05 1.18467297e-04 7.11178640e-05 1.27576774e-04 1.54895131e-04 9.33317874e-05 6.81896183e-05 4.80300951e-06 8.89560106e-06 5.86077913e-06 2.38195752e-05 4.81794668e-06 1.61346349e-05 4.14735688e-05 3.63146275e-05 1.39498428e-05 4.45373347e-05 3.62450839e-05 1.33371170e-05 4.34475948e-05 5.14361859e-05 9.33998599e-06 3.86123644e-05 1.00163194e-04 2.63642112e-05 2.04953552e-04 3.78128293e-04 1.51251317e-05 1.44714912e-04 2.04503522e-05 3.28984024e-05 2.84644957e-04 4.68151194e-04 8.34875747e-05 2.27465590e-04 7.55314903e-05 2.51474747e-05 5.55265151e-05 2.81131776e-05 7.35734895e-07 1.25009905e-09 1.00000000e-10
 2026 04 21 12 00 00  3.69934805e-03 2.24232414e-03 1.23706167e-03 8.88825709e-04 6.44760268e-04 3.59879544e-04 2.58484545e-04 2.18493622e-04 4.49259680e-04 1.28712422e-04 3.15812448e-03 4.71942611e-03 2.27004309e-04 6.60349201e-05 4.30414595e-05 1.16698088e-04 3.25929461e-05 5.49194927e-05 1.20089125e-04 7.21780933e-05 1.29244330e-04 1.56812446e-04 9.42804755e-05 6.88224495e-05 4.82695723e-06 9.11071402e-06 5.87698887e-06 2.39803361e-05 4.84161574e-06 1.62591048e-05 4.21359702e-05 3.64579580e-05 1.43142213e-05 4.53049434e-05 3.76306474e-05 1.34076545e-05 4.45935736e-05 5.29225640e-05 9.50850444e-06 3.99656940e-05 1.04934867e-04 2.72618607e-05 2.13686072e-04 3.90880965e-04 1.56352386e-05 1.53814057e-04 2.26594741e-05 3.46389221e-05 2.97668750e-04 4.83156825e-04 8.68853246e-05 2.38725287e-04 8.11183780e-05 2.71783300e-05 6.02136425e-05 3.12560522e-05 8.78578942e-07 6.26660395e-09 1.00000000e-10
 2026 04 22 12 00 00  3.71692518e-03 2.25380574e-03 1.24433771e-03 8.94377504e-04 6.49754800e-04 3.62089884e-04 2.60674682e-04 2.20905488e-04 4.55548663e-04 1.30377037e-04 3.20859336e-03 4.81504723e-03 2.29517914e-04 6.66217201e-05 4.34019175e-05 1.17835420e-04 3.29211442e-05 5.55786479e-05 1.21125908e-04 7.27865263e-05 1.30692832e-04 1.58528547e-04 9.50754753e-05 6.92693384e-05 4.84825468e-06 9.13957920e-06 5.88569819e-06 2.40945885e-05 4.85523196e-06 1.63490013e-05 4.26782985e-05 3.65856686e-05 1.46401522e-05 4.58452175e-05 3.84275190e-05 1.34455549e-05 4.55016461e-05 5.41351657e-05 9.53107810e-06 4.07633336e-05 1.08334607e-04 2.77772691e-05 2.18606018e-04 3.98214280e-04 1.59285712e-05 1.60248533e-04 2.46422656e-05 3.56384582e-05 3.07661840e-04 4.94456562e-04 8.91652852e-05 2.47007518e-04 8.38299808e-05 2.81641255e-05 6.24893874e-05 3.27887212e-05 9.48721743e-07 9.67043583e-09 1.00000000e-10
 2026 04 23 12 00 00  3.78725714e-03 2.29429952e-03 1.27047503e-03 9.15360823e-04 6.69171382e-04 3.71378277e-04 2.69564776e-04 2.30561851e-04 4.80721419e-04 1.35907204e-04 3.41099266e-03 5.21877296e-03 2.38678856e-04 6.80215513e-05 4.45731279e-05 1.20021007e-04 3.35036719e-05 5.67485054e-05 1.22658261e-04 7.35688838e-05 1.33626565e-04 1.61573465e-04 9.66456795e-05 7.01758961e-05 4.88606129e-06 9.96972085e-06 5.90451491e-06 2.43802355e-05 4.87280995e-06 1.65275686e-05 4.36222356e-05 3.68123496e-05 1.52184875e-05 4.72156805e-05 3.94558010e-05 1.35274197e-05 4.71765828e-05 5.63522622e-05 1.01817561e-05 4.25964365e-05 1.18022954e-04 2.84405745e-05 2.32830000e-04 4.07674860e-04 1.63069944e-05 1.72055136e-04 2.81597080e-05 3.69251880e-05 3.24480719e-04 5.15297594e-04 9.26005411e-05 2.63850725e-04 9.16812487e-05 3.10184510e-05 6.90787802e-05 3.72275911e-05 1.15194144e-06 2.04747579e-08 8.83510598e-10
 2026 04 24 12 00 00  3.81734739e-03 2.31516064e-03 1.28358966e-03 9.25108621e-04 6.77805362e-04 3.75057451e-04 2.73279892e-04 2.34681167e-04 4.91476631e-04 1.39003534e-04 3.49722342e-03 5.37813678e-03 2.43175858e-04 6.92260533e-05 4.52441038e-05 1.22437879e-04 3.41521139e-05 5.80509426e-05 1.24924458e-04 7.49645755e-05 1.36447817e-04 1.64965075e-04 9.82123279e-05 7.12286527e-05 4.92813633e-06 1.03493476e-05 5.94392404e-06 2.46256887e-05 4.90422390e-06 1.67195083e-05 4.47267368e-05 3.70646798e-05 1.58626135e-05 4.84451447e-05 4.12931608e-05 1.36988660e-05 4.90367459e-05 5.88786108e-05 1.04792161e-05 4.50497933e-05 1.25183132e-04 2.96243612e-05 2.50611325e-04 4.24577604e-04 1.69831042e-05 1.86711703e-04 3.20790685e-05 3.92218673e-05 3.45391978e-04 5.38927221e-04 9.76683012e-05 2.85872759e-04 1.04590829e-04 3.57116278e-05 7.99128407e-05 4.45204654e-05 1.48543849e-06 3.81765702e-08 2.49643008e-09
 2026 04 25 12 00 00  3.79831554e-03 2.30906576e-03 1.27917382e-03 9.20479890e-04 6.72986075e-04 3.72136420e-04 2.70750612e-04 2.32048821e-04 4.84642081e-04 1.38510085e-04 3.44193346e-03 5.25063910e-03 2.41489748e-04 6.96734916e-05 4.51501092e-05 1.23211010e-04 3.43719934e-05 5.84935478e-05 1.26561930e-04 7.62081414e-05 1.37131109e-04 1.66125853e-04 9.86749400e-05 7.15996631e-05 4.94235755e-06 9.73048591e-06 5.93542754e-06 2.46567396e-05 4.93229600e-06 1.67849610e-05 4.51978242e-05 3.71502858e-05 1.60827956e-05 4.85872201e-05 4.29345382e-05 1.36618633e-05 4.97727871e-05 5.97413760e-05 9.99393887e-06 4.53158887e-05 1.24451690e-04 3.06797941e-05 2.46350628e-04 4.39674791e-04 1.75869916e-05 1.92292081e-04 3.34276963e-05 4.12699592e-05 3.55422892e-04 5.49244591e-04 1.00886353e-04 2.92542426e-04 1.07467822e-04 3.67579212e-05 8.23300513e-05 4.61696331e-05 1.56243349e-06 4.23820083e-08 2.88259727e-09
 2026 04 26 12 00 00  3.81360229e-03 2.31865820e-03 1.28528641e-03 9.25192414e-04 6.77249710e-04 3.74085627e-04 2.72658832e-04 2.34138829e-04 4.90102782e-04 1.39872685e-04 3.48579940e-03 5.33563010e-03 2.43606189e-04 7.01027866e-05 4.54334584e-05 1.24291199e-04 3.46753426e-05 5.91033313e-05 1.27310194e-04 7.66047218e-05 1.38469119e-04 1.67717880e-04 9.93953541e-05 7.20203197e-05 4.96201792e-06 9.76546362e-06 5.95889178e-06 2.47551759e-05 4.94142623e-06 1.68668971e-05 4.56823570e-05 3.72683484e-05 1.63850156e-05 4.90935002e-05 4.34672984e-05 1.37639101e-05 5.05717589e-05 6.08915307e-05 1.00212492e-05 4.63903041e-05 1.27975105e-04 3.10178439e-05 2.55479160e-04 4.44569338e-04 1.77827735e-05 1.98499060e-04 3.52710747e-05 4.19268967e-05 3.64155830e-04 5.58918651e-04 1.02750119e-04 3.01148291e-04 1.11295827e-04 3.81500024e-05 8.55457684e-05 4.83594735e-05 1.66437958e-06 4.79288360e-08 3.39141515e-09
 2026 04 27 12 00 00  3.82115389e-03 2.32329376e-03 1.28824941e-03 9.27487323e-04 6.79331077e-04 3.75055169e-04 2.73601841e-04 2.35168495e-04 4.92796964e-04 1.40523115e-04 3.50745643e-03 5.37812263e-03 2.44632882e-04 7.02946194e-05 4.55707674e-05 1.23356381e-04 3.42733634e-05 5.82974695e-05 1.27141189e-04 7.67642225e-05 1.36954307e-04 1.65632277e-04 9.86387878e-05 7.16553348e-05 4.93586303e-06 9.69557004e-06 5.93972072e-06 2.46812509e-05 4.94522210e-06 1.68133719e-05 4.51627947e-05 3.71119910e-05 1.59884949e-05 4.87089947e-05 4.36880626e-05 1.36804621e-05 4.97934522e-05 5.96694221e-05 9.96643139e-06 4.56473215e-05 1.26626399e-04 3.11548327e-05 2.48490431e-04 4.46593711e-04 1.78637485e-05 1.94090902e-04 3.28723137e-05 4.21937555e-05 3.56279134e-04 5.51119011e-04 1.01838868e-04 2.88816963e-04 1.04497924e-04 3.56793502e-05 7.98456197e-05 4.45609669e-05 1.49343800e-06 3.90626099e-08 2.58877488e-09
 2026 04 28 12 00 00  3.81477508e-03 2.32117423e-03 1.28672655e-03 9.25921783e-04 6.77712752e-04 3.74084300e-04 2.72756693e-04 2.34286925e-04 4.90505905e-04 1.40341888e-04 3.48894135e-03 5.33562526e-03 2.44054653e-04 7.04255326e-05 4.55240229e-05 1.22685438e-04 3.39360762e-05 5.76211314e-05 1.27292737e-04 7.71554362e-05 1.35565397e-04 1.63880440e-04 9.79642607e-05 7.15119269e-05 4.91392493e-06 9.90720873e-06 5.94166195e-06 2.46283299e-05 4.95413478e-06 1.67772916e-05 4.47608426e-05 3.69807909e-05 1.56554786e-05 4.84903345e-05 4.42086864e-05 1.36888833e-05 4.91962766e-05 5.87456627e-05 1.01324251e-05 4.57898474e-05 1.25061477e-04 3.14875389e-05 2.48917169e-04 4.51379769e-04 1.80551908e-05 1.92101549e-04 3.08561488e-05 4.28398052e-05 3.50952038e-04 5.45743321e-04 1.01742847e-04 2.84670463e-04 1.07067499e-04 3.66136419e-05 8.20031020e-05 4.60214603e-05 1.56081262e-06 4.26829160e-08 2.91975280e-09
 2026 04 29 12 00 00  3.80160144e-03 2.31325919e-03 1.28164989e-03 9.21918153e-04 6.74043531e-04 3.72372482e-04 2.71099551e-04 2.32478772e-04 4.85790908e-04 1.39237483e-04 3.45106258e-03 5.26125506e-03 2.42283995e-04 7.01047840e-05 4.52878840e-05 1.22132008e-04 3.37963575e-05 5.73405589e-05 1.26853820e-04 7.69070466e-05 1.34895396e-04 1.63150331e-04 9.76000933e-05 7.12557352e-05 4.90485618e-06 9.56039148e-06 5.93185832e-06 2.45537641e-05 4.94861779e-06 1.67324642e-05 4.45273616e-05 3.69264191e-05 1.55168003e-05 4.81221403e-05 4.38855641e-05 1.36462098e-05 4.87802928e-05 5.81876570e-05 9.86057275e-06 4.51209063e-05 1.22868249e-04 3.12774675e-05 2.43390675e-04 4.48404865e-04 1.79361946e-05 1.88796009e-04 3.00128915e-05 4.24326339e-05 3.46604887e-04 5.40484471e-04 1.00753675e-04 2.79023320e-04 1.03039943e-04 3.51499069e-05 7.86263075e-05 4.37741840e-05 1.45989555e-06 3.74650959e-08 2.44781795e-09
 2026 04 30 12 00 00  3.78993896e-03 2.30568855e-03 1.27684769e-03 9.18253968e-04 6.70747449e-04 3.70904576e-04 2.69647203e-04 2.30880807e-04 4.81620077e-04 1.38143776e-04 3.41759345e-03 5.19751050e-03 2.40624921e-04 6.97322083e-05 4.50697754e-05 1.22235828e-04 3.39325547e-05 5.76134247e-05 1.26499839e-04 7.65194767e-05 1.35329983e-04 1.63854982e-04 9.77858593e-05 7.12549985e-05 4.91372666e-06 9.61497135e-06 5.93190052e-06 2.45572565e-05 4.93993211e-06 1.67269447e-05 4.46518629e-05 3.69793881e-05 1.56508220e-05 4.81235166e-05 4.33773355e-05 1.36463786e-05 4.89249540e-05 5.84703533e-05 9.90343178e-06 4.49907849e-05 1.22100800e-04 3.09490599e-05 2.43322565e-04 4.43728238e-04 1.77491295e-05 1.88555469e-04 3.08219955e-05 4.17956908e-05 3.47583485e-04 5.40846855e-04 1.00306871e-04 2.81514362e-04 1.03230021e-04 3.52191371e-05 7.87867485e-05 4.38895557e-05 1.46569979e-06 3.78128391e-08 2.48050114e-09
 2026 05 01 12 00 00  3.80005057e-03 2.30995899e-03 1.27975796e-03 9.20946037e-04 6.73414838e-04 3.72372016e-04 2.70966890e-04 2.32278223e-04 4.85249827e-04 1.38620154e-04 3.44688098e-03 5.26126027e-03 2.41690809e-04 6.96694374e-05 4.51581650e-05 1.22619049e-04 3.41275532e-05 5.80039690e-05 1.26279138e-04 7.61723786e-05 1.36190693e-04 1.64862701e-04 9.81933876e-05 7.13866238e-05 4.92643085e-06 9.12884352e-06 5.93074110e-06 2.45711208e-05 4.93200641e-06 1.67475874e-05 4.48704952e-05 3.70552210e-05 1.58425129e-05 4.82293717e-05 4.29144333e-05 1.36413306e-05 4.92420830e-05 5.89956391e-05 9.52244445e-06 4.48490515e-05 1.23555670e-04 3.06537142e-05 2.41772225e-04 4.39473437e-04 1.75789375e-05 1.89269427e-04 3.19783285e-05 4.12220892e-05 3.50135810e-04 5.43818426e-04 1.00100409e-04 2.86169919e-04 1.04885784e-04 3.58209179e-05 8.01751686e-05 4.48150977e-05 1.50737413e-06 3.99761070e-08 2.67638214e-09
 2026 05 02 12 00 00  3.77213316e-03 2.29359136e-03 1.26922316e-03 9.12572967e-04 6.65709408e-04 3.68712994e-04 2.67449599e-04 2.28452286e-04 4.75266542e-04 1.36367028e-04 3.36661424e-03 5.10189906e-03 2.38010456e-04 6.90700522e-05 4.46778905e-05 1.22831453e-04 3.43618594e-05 5.84733556e-05 1.26004670e-04 7.57848728e-05 1.36864961e-04 1.66074569e-04 9.84981599e-05 7.15603934e-05 4.94169290e-06 9.81226549e-06 5.92900651e-06 2.46111702e-05 4.92307190e-06 1.67426691e-05 4.51219344e-05 3.71463451e-05 1.60730138e-05 4.84197731e-05 4.23931953e-05 1.36337927e-05 4.95784734e-05 5.95237179e-05 1.00583049e-05 4.50461282e-05 1.21574567e-04 3.03232984e-05 2.43361619e-04 4.34685051e-04 1.73874020e-05 1.89824170e-04 3.33695702e-05 4.05799161e-05 3.52940883e-04 5.45963440e-04 9.99140537e-05 2.97318992e-04 1.14359708e-04 3.92643095e-05 8.81203283e-05 5.01186177e-05 1.74669465e-06 5.24385001e-08 3.80585163e-09
 2026 05 03 12 00 00  3.75543110e-03 2.28104417e-03 1.26141576e-03 9.06969337e-04 6.60853297e-04 3.66754166e-04 2.65415329e-04 2.26174548e-04 4.69307749e-04 1.34451016e-04 3.31888732e-03 5.01690954e-03 2.35360063e-04 6.82459853e-05 4.42675839e-05 1.22329572e-04 3.43846856e-05 5.85186353e-05 1.24767278e-04 7.47308310e-05 1.36812861e-04 1.66187746e-04 9.83755637e-05 7.11862323e-05 4.94320047e-06 9.56958975e-06 5.91578901e-06 2.45431876e-05 4.89911872e-06 1.66827628e-05 4.49860693e-05 3.71552043e-05 1.60946642e-05 4.80326976e-05 4.09936125e-05 1.35763024e-05 4.92616067e-05 5.92363017e-05 9.86817031e-06 4.39297059e-05 1.19152466e-04 2.94273952e-05 2.36974207e-04 4.21816949e-04 1.68726780e-05 1.85041606e-04 3.34961980e-05 3.88405519e-05 3.48239377e-04 5.39538263e-04 9.76413228e-05 2.91275554e-04 1.06141130e-04 3.62760451e-05 8.12197592e-05 4.54470257e-05 1.53116537e-06 4.08556396e-08 2.74687544e-09
 2026 05 04 12 00 00  3.74483027e-03 2.27279868e-03 1.25630760e-03 9.03373760e-04 6.57777317e-04 3.65537768e-04 2.64135839e-04 2.24736665e-04 4.65535762e-04 1.33179894e-04 3.28867151e-03 4.96379472e-03 2.33636629e-04 6.76852628e-05 4.39985940e-05 1.21056870e-04 3.39978898e-05 5.77420578e-05 1.23558735e-04 7.39910814e-05 1.35200178e-04 1.64168220e-04 9.74823340e-05 7.06475089e-05 4.91808714e-06 9.56053336e-06 5.90669260e-06 2.44213928e-05 4.88203987e-06 1.65837237e-05 4.43399860e-05 3.70047055e-05 1.57110291e-05 4.74455726e-05 3.99973214e-05 1.35367562e-05 4.82071272e-05 5.78332615e-05 9.86125524e-06 4.30084884e-05 1.16114367e-04 2.87964154e-05 2.31995632e-04 4.12665316e-04 1.65066127e-05 1.77636569e-04 3.11648095e-05 3.76141223e-05 3.36475477e-04 5.26518808e-04 9.49181694e-05 2.80265039e-04 1.01241428e-04 3.44938046e-05 7.71006860e-05 4.26175327e-05 1.39770569e-06 3.34662261e-08 2.06589448e-09
 2026 05 05 12 00 00  3.73560607e-03 2.26739322e-03 1.25282966e-03 9.00648649e-04 6.55290557e-04 3.64335618e-04 2.62982135e-04 2.23484791e-04 4.62252340e-04 1.32441521e-04 3.26223855e-03 4.91068289e-03 2.32429082e-04 6.75005594e-05 4.38366235e-05 1.20660250e-04 3.38905345e-05 5.75256767e-05 1.23351543e-04 7.38863368e-05 1.34682148e-04 1.63598435e-04 9.72078795e-05 7.03907435e-05 4.91115679e-06 9.37898658e-06 5.89842457e-06 2.43737920e-05 4.87916914e-06 1.65531207e-05 4.41588288e-05 3.69628920e-05 1.56030248e-05 4.71525507e-05 3.98325530e-05 1.35008493e-05 4.79007725e-05 5.74093614e-05 9.71904010e-06 4.24372916e-05 1.14508427e-04 2.87033297e-05 2.27929524e-04 4.11165887e-04 1.64466355e-05 1.75321799e-04 3.05007969e-05 3.74308147e-05 3.33448104e-04 5.22534140e-04 9.43301823e-05 2.73050377e-04 9.42765133e-05 3.19606752e-05 7.12477299e-05 3.86152272e-05 1.21020853e-06 2.31780909e-08 1.12002709e-09
 2026 05 06 12 00 00  3.73435439e-03 2.26461313e-03 1.25124090e-03 8.99879111e-04 6.54830567e-04 3.64351390e-04 2.62886346e-04 2.23335598e-04 4.61831779e-04 1.31924843e-04 3.25896162e-03 4.91069481e-03 2.31939688e-04 6.71518342e-05 4.37458892e-05 1.19408549e-04 3.34688637e-05 5.66784118e-05 1.22289983e-04 7.32822984e-05 1.33009285e-04 1.61389402e-04 9.62956279e-05 6.98656753e-05 4.88381120e-06 9.16176868e-06 5.88859330e-06 2.42499460e-05 4.86502977e-06 1.64620105e-05 4.34845911e-05 3.67987959e-05 1.51835789e-05 4.65645855e-05 3.90089146e-05 1.34581554e-05 4.68235602e-05 5.59503334e-05 9.54888965e-06 4.15053629e-05 1.12250252e-04 2.81865126e-05 2.22270805e-04 4.03606190e-04 1.61442476e-05 1.68101174e-04 2.79456493e-05 3.64252657e-05 3.21620556e-04 5.09926242e-04 9.17863499e-05 2.61035656e-04 8.88782673e-05 2.99968633e-05 6.67079044e-05 3.54837196e-05 1.06159071e-06 1.48829734e-08 3.53976803e-10
 2026 05 07 12 00 00  3.71358329e-03 2.25183931e-03 1.24307765e-03 8.93565769e-04 6.49109567e-04 3.61688264e-04 2.60294086e-04 2.20504519e-04 4.54421629e-04 1.30131259e-04 3.19940602e-03 4.79384102e-03 2.29111892e-04 6.66152875e-05 4.33553602e-05 1.18082815e-04 3.30428156e-05 5.58219908e-05 1.21383821e-04 7.28357700e-05 1.31134865e-04 1.59153446e-04 9.52944218e-05 6.93597050e-05 4.85619894e-06 9.65011641e-06 5.88072980e-06 2.41472280e-05 4.85445053e-06 1.63626498e-05 4.28178873e-05 3.66329739e-05 1.47591214e-05 4.60358230e-05 3.83933861e-05 1.34240283e-05 4.57558064e-05 5.44649922e-05 9.93189024e-06 4.08731874e-05 1.08290312e-04 2.78034073e-05 2.19352692e-04 3.97960539e-04 1.59184216e-05 1.61334349e-04 2.53566715e-05 3.56792123e-05 3.10201500e-04 4.97041035e-04 8.95749598e-05 2.51108948e-04 8.63671106e-05 2.90824013e-05 6.45893416e-05 3.39688119e-05 9.85948657e-07 1.03900401e-08 1.00000000e-10
 2026 05 08 12 00 00  3.70397530e-03 2.24557542e-03 1.23910827e-03 8.90602937e-04 6.46480880e-04 3.60492705e-04 2.59111189e-04 2.19206446e-04 4.51007457e-04 1.29232821e-04 3.17197030e-03 4.74073328e-03 2.27752136e-04 6.63167791e-05 4.31566196e-05 1.17453918e-04 3.28456721e-05 5.54247643e-05 1.20874725e-04 7.25397491e-05 1.30262735e-04 1.58108533e-04 9.48181256e-05 6.91599742e-05 4.84346601e-06 9.17062789e-06 5.88037110e-06 2.40569249e-05 4.84722223e-06 1.63143695e-05 4.24912231e-05 3.65562038e-05 1.45610233e-05 4.56633776e-05 3.79740668e-05 1.34225673e-05 4.52054270e-05 5.37654348e-05 9.55633586e-06 4.04847722e-05 1.06534463e-04 2.75476516e-05 2.16124397e-04 3.94121072e-04 1.57648429e-05 1.57723697e-04 2.41399030e-05 3.51800380e-05 3.04489809e-04 4.90746106e-04 8.83755635e-05 2.48914892e-04 8.85541900e-05 2.98754310e-05 6.64099678e-05 3.50760401e-05 1.02810004e-06 1.19907732e-08 6.24032381e-11
 2026 05 09 12 00 00  3.70597246e-03 2.24676481e-03 1.23987332e-03 8.91267041e-04 6.47122244e-04 3.60764661e-04 2.59375189e-04 2.19498124e-04 4.51742751e-04 1.29405806e-04 3.17784479e-03 4.75137122e-03 2.28029506e-04 6.63878937e-05 4.32071118e-05 1.16943556e-04 3.26188048e-05 5.49673394e-05 1.20777869e-04 7.26030441e-05 1.29369057e-04 1.56902734e-04 9.43641191e-05 6.90355288e-05 4.82882642e-06 9.23259140e-06 5.87805844e-06 2.40195199e-05 4.84809789e-06 1.62855135e-05 4.21789233e-05 3.64678446e-05 1.43325029e-05 4.55004449e-05 3.80286510e-05 1.34126007e-05 4.47436895e-05 5.30803564e-05 9.60524631e-06 4.03995869e-05 1.05847358e-04 2.75967963e-05 2.15117661e-04 3.94640687e-04 1.57856275e-05 1.55463845e-04 2.27335695e-05 3.52724892e-05 2.99859674e-04 4.86310014e-04 8.78384668e-05 2.46299784e-04 9.07905925e-05 3.06864677e-05 6.82725339e-05 3.62158811e-05 1.07205623e-06 1.37108561e-08 2.03702077e-10
 2026 05 10 12 00 00  3.72086073e-03 2.25535002e-03 1.24541469e-03 8.95748983e-04 6.51287379e-04 3.62736334e-04 2.61264522e-04 2.21553324e-04 4.57085037e-04 1.30584216e-04 3.22076911e-03 4.83637378e-03 2.29978120e-04 6.67037056e-05 4.34673375e-05 1.16323636e-04 3.22941341e-05 5.43134694e-05 1.20752029e-04 7.27926963e-05 1.28203922e-04 1.55185269e-04 9.37844811e-05 6.89152151e-05 4.80784256e-06 9.61125115e-06 5.87419199e-06 2.40007042e-05 4.85196833e-06 1.62574026e-05 4.17602485e-05 3.63414263e-05 1.40068136e-05 4.54260154e-05 3.82574537e-05 1.33958718e-05 4.41636632e-05 5.21634707e-05 9.90244080e-06 4.04515517e-05 1.06018543e-04 2.77543557e-05 2.15215164e-04 3.96758237e-04 1.58703295e-05 1.53016431e-04 2.07358564e-05 3.55760683e-05 2.93847491e-04 4.81170689e-04 8.72829606e-05 2.42484635e-04 9.37966211e-05 3.17777378e-05 7.07841643e-05 3.78179836e-05 1.13896873e-06 1.67858420e-08 4.71886841e-10
 2026 05 11 12 00 00  3.70701755e-03 2.24878771e-03 1.24104030e-03 8.91945165e-04 6.47623925e-04 3.60793918e-04 2.59483594e-04 2.19653840e-04 4.52132191e-04 1.29789204e-04 3.18082932e-03 4.75138202e-03 2.28409035e-04 6.66709743e-05 4.32901553e-05 1.15981326e-04 3.21666565e-05 5.40555513e-05 1.20959115e-04 7.30726053e-05 1.27547751e-04 1.54497844e-04 9.34769213e-05 6.87299044e-05 4.79965929e-06 9.02832689e-06 5.86651549e-06 2.39355911e-05 4.85804740e-06 1.62375166e-05 4.16056450e-05 3.62917432e-05 1.38767820e-05 4.50730015e-05 3.86143685e-05 1.33625465e-05 4.38927814e-05 5.17499261e-05 9.44593412e-06 3.99595188e-05 1.04100859e-04 2.79899425e-05 2.09777408e-04 4.00048716e-04 1.60019487e-05 1.51622442e-04 1.99275499e-05 3.60319711e-05 2.92049828e-04 4.78504630e-04 8.74485781e-05 2.36142457e-04 8.84274055e-05 2.98248355e-05 6.62712458e-05 3.47247991e-05 9.93552669e-07 8.76946444e-09 1.00000000e-10
 2026 05 12 12 00 00  3.69840497e-03 2.24201666e-03 1.23684957e-03 8.88973330e-04 6.45067797e-04 3.59805650e-04 2.58438594e-04 2.18475389e-04 4.49054941e-04 1.28736868e-04 3.15621210e-03 4.70888317e-03 2.26990179e-04 6.61912143e-05 4.30689966e-05 1.15141659e-04 3.19466460e-05 5.36120962e-05 1.19990341e-04 7.24306970e-05 1.26595436e-04 1.53330134e-04 9.29333498e-05 6.83568772e-05 4.78545589e-06 9.02613174e-06 5.85904563e-06 2.38570358e-05 4.84363118e-06 1.61697129e-05 4.12043553e-05 3.62060615e-05 1.36554387e-05 4.46760321e-05 3.77710036e-05 1.33301000e-05 4.32177672e-05 5.08721984e-05 9.44451531e-06 3.92465992e-05 1.01952004e-04 2.74457590e-05 2.06026472e-04 3.92289187e-04 1.56915675e-05 1.46414915e-04 1.85667421e-05 3.49763548e-05 2.84216654e-04 4.69670080e-04 8.53957718e-05 2.28846880e-04 8.44785955e-05 2.83887588e-05 6.29535820e-05 3.24618674e-05 8.87943679e-07 4.50267521e-09 1.00000000e-10
 2026 05 13 12 00 00  3.69719208e-03 2.23956500e-03 1.23544080e-03 8.88201468e-04 6.44530170e-04 3.59785480e-04 2.58323126e-04 2.18306715e-04 4.48619156e-04 1.28275937e-04 3.15283847e-03 4.70887721e-03 2.26541306e-04 6.58611666e-05 4.29693920e-05 1.14457588e-04 3.17497412e-05 5.32154983e-05 1.19150515e-04 7.18795753e-05 1.25802800e-04 1.52287948e-04 9.24814106e-05 6.80165854e-05 4.77273279e-06 9.02977845e-06 5.85518210e-06 2.37958622e-05 4.83142103e-06 1.61162569e-05 4.08537004e-05 3.61293933e-05 1.34578208e-05 4.43555450e-05 3.70556692e-05 1.33133275e-05 4.26389894e-05 5.01230288e-05 9.44760250e-06 3.86739935e-05 1.00742713e-04 2.69799231e-05 2.03819752e-04 3.85702319e-04 1.54280928e-05 1.42158131e-04 1.73540931e-05 3.40736093e-05 2.77438298e-04 4.62108420e-04 8.36295718e-05 2.20864091e-04 7.89512715e-05 2.63790613e-05 5.83128949e-05 2.93219436e-05 7.43205482e-07 1.00000000e-10 1.00000000e-10
 2026 05 14 12 00 00  3.67234399e-03 2.22407624e-03 1.22555977e-03 8.80524517e-04 6.37552566e-04 3.56602161e-04 2.55210641e-04 2.14897175e-04 4.39727387e-04 1.26076950e-04 3.08144096e-03 4.57076058e-03 2.23109844e-04 6.51587513e-05 4.24937065e-05 1.13733180e-04 3.16073652e-05 5.29287907e-05 1.18232594e-04 7.12428766e-05 1.25018061e-04 1.51535171e-04 9.20222949e-05 6.77250098e-05 4.76352834e-06 9.20579987e-06 5.85370908e-06 2.37227280e-05 4.81722345e-06 1.60495215e-05 4.05576475e-05 3.60739592e-05 1.33150592e-05 4.40014991e-05 3.62244493e-05 1.33069378e-05 4.20997763e-05 4.94674059e-05 9.58572855e-06 3.82211260e-05 9.75751998e-05 2.64409959e-05 2.02209586e-04 3.78051280e-04 1.51220512e-05 1.37828542e-04 1.64787343e-05 3.30287323e-05 2.71232040e-04 4.54393125e-04 8.18554262e-05 2.17837501e-04 7.87667783e-05 2.63116705e-05 5.81557705e-05 2.91978902e-05 7.36221534e-07 1.00000000e-10 1.00000000e-10
 2026 05 15 12 00 00  3.66375246e-03 2.21731067e-03 1.22137290e-03 8.77568768e-04 6.35018099e-04 3.55620194e-04 2.54170922e-04 2.13724771e-04 4.36660662e-04 1.25026158e-04 3.05691153e-03 4.52826507e-03 2.21694040e-04 6.46775439e-05 4.22651934e-05 1.13733003e-04 3.17323895e-05 5.31791244e-05 1.17574519e-04 7.06023420e-05 1.25438435e-04 1.52180460e-04 9.21784352e-05 6.76504969e-05 4.77167741e-06 8.99561419e-06 5.85238486e-06 2.37034028e-05 4.80279887e-06 1.60333158e-05 4.06308962e-05 3.61225742e-05 1.34378293e-05 4.39062984e-05 3.53808427e-05 1.33011912e-05 4.21462459e-05 4.96600776e-05 9.42101615e-06 3.78390128e-05 9.68907517e-05 2.58976535e-05 2.00549120e-04 3.70290766e-04 1.48116306e-05 1.36450655e-04 1.72186410e-05 3.19745450e-05 2.70815469e-04 4.53201264e-04 8.08289595e-05 2.18889618e-04 7.74118533e-05 2.58188971e-05 5.70172315e-05 2.84199362e-05 6.99817815e-07 1.00000000e-10 1.00000000e-10
 2026 05 16 12 00 00  3.66016437e-03 2.21543978e-03 1.22014603e-03 8.76533899e-04 6.34035602e-04 3.55128535e-04 2.53711055e-04 2.13229513e-04 4.35373564e-04 1.24783461e-04 3.04655052e-03 4.50701453e-03 2.21257487e-04 6.46346916e-05 4.22068129e-05 1.15016113e-04 3.22688109e-05 5.42554655e-05 1.18061123e-04 7.06182735e-05 1.27519988e-04 1.54974152e-04 9.32430480e-05 6.81150617e-05 4.80653616e-06 9.23030966e-06 5.86309943e-06 2.38258336e-05 4.80320377e-06 1.61128202e-05 4.13642564e-05 3.63312691e-05 1.39687050e-05 4.44696446e-05 3.54042189e-05 1.33478025e-05 4.32740805e-05 5.13055264e-05 9.60496182e-06 3.85422461e-05 9.88745194e-05 2.59115448e-05 2.06295704e-04 3.70504433e-04 1.48201773e-05 1.42608198e-04 2.04389551e-05 3.20017396e-05 2.82273558e-04 4.64864780e-04 8.24391451e-05 2.32164440e-04 8.20117222e-05 2.74910095e-05 6.08766028e-05 3.10101679e-05 8.17716969e-07 1.84080591e-09 1.00000000e-10
 2026 05 17 12 00 00  3.68273620e-03 2.22900885e-03 1.22884710e-03 8.83384540e-04 6.40307822e-04 3.58060473e-04 2.56548105e-04 2.16324012e-04 4.43446530e-04 1.26675452e-04 3.11143060e-03 4.63450514e-03 2.24289315e-04 6.51860736e-05 4.26290700e-05 1.16082669e-04 3.25808418e-05 5.48819022e-05 1.18854597e-04 7.10359833e-05 1.28949009e-04 1.56602878e-04 9.40130866e-05 6.84406067e-05 4.82679679e-06 9.07135982e-06 5.87200084e-06 2.39255825e-05 4.81270836e-06 1.61966227e-05 4.18585208e-05 3.64526815e-05 1.42781137e-05 4.49135982e-05 3.59594967e-05 1.33865120e-05 4.40954875e-05 5.24345431e-05 9.48030283e-06 3.90947966e-05 1.02597707e-04 2.62666872e-05 2.10531444e-04 3.75609334e-04 1.50243734e-05 1.48233998e-04 2.23188967e-05 3.26912967e-05 2.91120739e-04 4.74775022e-04 8.42659363e-05 2.36027384e-04 7.92635177e-05 2.64922372e-05 5.85724892e-05 2.94771702e-05 7.48904384e-07 1.00000000e-10 1.00000000e-10
 2026 05 18 12 00 00  3.69550540e-03 2.23890294e-03 1.23498137e-03 8.87743706e-04 6.44061751e-04 3.59534138e-04 2.58097745e-04 2.18067298e-04 4.48004961e-04 1.28203916e-04 3.14790743e-03 4.69824895e-03 2.26367023e-04 6.58642790e-05 4.29381140e-05 1.17291629e-04 3.29180912e-05 5.55592065e-05 1.20232846e-04 7.19386793e-05 1.30380616e-04 1.58366062e-04 9.48290404e-05 6.88855219e-05 4.84868215e-06 8.93235774e-06 5.87769173e-06 2.40369127e-05 4.83306612e-06 1.62951697e-05 4.24519067e-05 3.65839107e-05 1.46129925e-05 4.54093369e-05 3.71499569e-05 1.34112473e-05 4.50811476e-05 5.37117889e-05 9.37126315e-06 3.98215789e-05 1.05597080e-04 2.70326564e-05 2.13871584e-04 3.86559628e-04 1.54623851e-05 1.55463130e-04 2.43559392e-05 3.41775711e-05 3.02530850e-04 4.87221884e-04 8.71763403e-05 2.42529202e-04 7.92123154e-05 2.64738372e-05 5.85310645e-05 2.94615931e-05 7.49074465e-07 1.00000000e-10 1.00000000e-10
 2026 05 19 12 00 00  3.70677090e-03 2.24845506e-03 1.24084263e-03 8.91768551e-04 6.47449400e-04 3.60766154e-04 2.59444327e-04 2.19602291e-04 4.52022456e-04 1.29722209e-04 3.18000518e-03 4.75136936e-03 2.28334037e-04 6.66152389e-05 4.32830443e-05 1.18098505e-04 3.30699899e-05 5.58648026e-05 1.21609587e-04 7.29802239e-05 1.31070452e-04 1.59165980e-04 9.52771348e-05 6.92313271e-05 4.85851560e-06 8.94536570e-06 5.88050098e-06 2.41209366e-05 4.85659548e-06 1.63708670e-05 4.28140044e-05 3.66430439e-05 1.47647748e-05 4.57848936e-05 3.85256018e-05 1.34234419e-05 4.57234972e-05 5.44530338e-05 9.38135927e-06 4.05032557e-05 1.07755579e-04 2.79167783e-05 2.16448520e-04 3.99212093e-04 1.59684837e-05 1.61175366e-04 2.52839702e-05 3.58933263e-05 3.10664802e-04 4.96552959e-04 8.98447302e-05 2.46300661e-04 8.00016562e-05 2.67612559e-05 5.91968080e-05 2.99361367e-05 7.72667698e-07 4.32163461e-10 1.00000000e-10
 2026 05 20 12 00 00  3.72061489e-03 2.25785829e-03 1.24676970e-03 8.96184191e-04 6.51364957e-04 3.62469718e-04 2.61152798e-04 2.21490322e-04 4.56962533e-04 1.31103154e-04 3.21963902e-03 4.82573286e-03 2.30366584e-04 6.71216603e-05 4.35657720e-05 1.19448792e-04 3.34981654e-05 5.67253155e-05 1.22671243e-04 7.35515496e-05 1.32886543e-04 1.61411014e-04 9.62578719e-05 6.97876230e-05 4.88627484e-06 9.13640251e-06 5.89221563e-06 2.42588754e-05 4.86968202e-06 1.64717980e-05 4.34942736e-05 3.68096837e-05 1.51910077e-05 4.64525487e-05 3.92896065e-05 1.34743663e-05 4.68367557e-05 5.59682466e-05 9.53092749e-06 4.15110774e-05 1.11264059e-04 2.84032285e-05 2.23069221e-04 4.06233325e-04 1.62493330e-05 1.68706389e-04 2.78820487e-05 3.68383015e-05 3.22637734e-04 5.09825291e-04 9.23528733e-05 2.58470106e-04 8.54440676e-05 2.87404378e-05 6.37687745e-05 3.30500525e-05 9.17668410e-07 5.68436036e-09 1.00000000e-10
 2026 05 21 12 00 00  3.74225657e-03 2.27233971e-03 1.25591538e-03 9.03055784e-04 6.57489779e-04 3.65155505e-04 2.63832605e-04 2.24447039e-04 4.64690067e-04 1.33218636e-04 3.28165788e-03 4.94259521e-03 2.33510197e-04 6.78901924e-05 4.40268893e-05 1.21133079e-04 3.40009399e-05 5.77361556e-05 1.24113231e-04 7.43831159e-05 1.35068091e-04 1.64051624e-04 9.74492745e-05 7.04313587e-05 4.91885148e-06 9.28877707e-06 5.90670097e-06 2.44289598e-05 4.88871301e-06 1.66016493e-05 4.43177503e-05 3.70053778e-05 1.56922310e-05 4.72513976e-05 4.04007849e-05 1.35373353e-05 4.81985323e-05 5.78018144e-05 9.65019644e-06 4.27119181e-05 1.15978857e-04 2.91111442e-05 2.31108620e-04 4.16445546e-04 1.66578218e-05 1.78257692e-04 3.09408817e-05 3.82133876e-05 3.37535573e-04 5.26398335e-04 9.56487055e-05 2.70453360e-04 8.86148424e-05 2.98939853e-05 6.64357854e-05 3.48932956e-05 1.00539689e-06 9.70883995e-09 1.00000000e-10
 2026 05 22 12 00 00  3.76097772e-03 2.28636517e-03 1.26464547e-03 9.09311549e-04 6.62904869e-04 3.67350673e-04 2.66110169e-04 2.26995395e-04 4.71364047e-04 1.35356219e-04 3.33512035e-03 5.03820479e-03 2.36471990e-04 6.88015286e-05 4.44817786e-05 1.22916861e-04 3.45055567e-05 5.87511808e-05 1.25941687e-04 7.55460409e-05 1.37228371e-04 1.66707294e-04 9.86607233e-05 7.11494006e-05 4.95152417e-06 9.64757055e-06 5.92082542e-06 2.46193214e-05 4.91526444e-06 1.67431559e-05 4.51920709e-05 3.72018025e-05 1.61961798e-05 4.81345792e-05 4.19514370e-05 1.35986906e-05 4.96604774e-05 5.97114053e-05 9.93138237e-06 4.41286970e-05 1.20562887e-04 3.01006075e-05 2.39979616e-04 4.30698721e-04 1.72279489e-05 1.89029871e-04 3.40208062e-05 4.01350582e-05 3.53960072e-04 5.44620198e-04 9.96568707e-05 2.83526514e-04 9.30247978e-05 3.14981144e-05 7.01433655e-05 3.74419391e-05 1.12573723e-06 1.63811286e-08 4.42500170e-10
 2026 05 23 12 00 00  3.78718506e-03 2.30483336e-03 1.27623064e-03 9.17828816e-04 6.70397498e-04 3.70522499e-04 2.69330435e-04 2.30571061e-04 4.80717549e-04 1.38109903e-04 3.41010915e-03 5.17631173e-03 2.40431014e-04 6.98846899e-05 4.50651757e-05 1.24132311e-04 3.47270456e-05 5.91973541e-05 1.27679377e-04 7.68339494e-05 1.38333606e-04 1.67880110e-04 9.93447610e-05 7.17247864e-05 4.96583452e-06 9.67092783e-06 5.93441400e-06 2.47455177e-05 4.94457017e-06 1.68550835e-05 4.57005634e-05 3.72880517e-05 1.64185563e-05 4.87719104e-05 4.36635368e-05 1.36577422e-05 5.05723093e-05 6.08180928e-05 9.94957882e-06 4.54014717e-05 1.24865353e-04 3.11956013e-05 2.46867834e-04 4.46438968e-04 1.78575587e-05 1.97332709e-04 3.53857613e-05 4.22611454e-05 3.65023964e-04 5.57843478e-04 1.03126389e-04 2.92203600e-04 9.85312083e-05 3.35007091e-05 7.47700988e-05 4.06011502e-05 1.27341383e-06 2.44605488e-08 1.18472592e-09
 2026 05 24 12 00 00  3.82327026e-03 2.32716943e-03 1.29049215e-03 9.28881432e-04 6.80426848e-04 3.75147811e-04 2.73841535e-04 2.35504505e-04 4.93608258e-04 1.41262485e-04 3.51367731e-03 5.37816174e-03 2.45376472e-04 7.08522670e-05 4.57377260e-05 1.25391668e-04 3.50156275e-05 5.97777544e-05 1.28954534e-04 7.76775181e-05 1.39795582e-04 1.69397831e-04 1.00172554e-04 7.22197593e-05 4.98452428e-06 9.57886223e-06 5.94493067e-06 2.48757587e-05 4.96402899e-06 1.69644306e-05 4.62409011e-05 3.74003808e-05 1.67065882e-05 4.94032295e-05 4.47987666e-05 1.37034003e-05 5.15178228e-05 6.20339139e-05 9.87717212e-06 4.63436554e-05 1.30023653e-04 3.19149927e-05 2.52631192e-04 4.56867408e-04 1.82746963e-05 2.04747177e-04 3.71452305e-05 4.36593371e-05 3.75527227e-04 5.70462888e-04 1.05813216e-04 2.98649772e-04 9.95892515e-05 3.38861144e-05 7.56635046e-05 4.12461918e-05 1.30604006e-06 2.64272032e-08 1.36983047e-09
 2026 05 25 12 00 00  3.83104853e-03 2.33234976e-03 1.29376486e-03 9.31310593e-04 6.82574982e-04 3.76108719e-04 2.74797922e-04 2.36556778e-04 4.96373092e-04 1.42013069e-04 3.53589344e-03 5.42064905e-03 2.46495675e-04 7.11124503e-05 4.59017299e-05 1.25869323e-04 3.51561728e-05 6.00606436e-05 1.29389422e-04 7.79507216e-05 1.40425241e-04 1.70139621e-04 1.00520516e-04 7.24654909e-05 4.99361522e-06 9.72491398e-06 5.94575504e-06 2.49327684e-05 4.97064466e-06 1.70025731e-05 4.64867722e-05 3.74550960e-05 1.68472994e-05 4.96935353e-05 4.51828120e-05 1.37069263e-05 5.19289321e-05 6.25560815e-05 9.99166878e-06 4.67336664e-05 1.31420353e-04 3.21505708e-05 2.54431248e-04 4.60385569e-04 1.84154228e-05 2.07535724e-04 3.80069658e-05 4.41188342e-05 3.79884904e-04 5.75685655e-04 1.06801441e-04 3.04299912e-04 1.03542701e-04 3.53237692e-05 7.89842818e-05 4.35049606e-05 1.41101012e-06 3.21249260e-08 1.89215505e-09
 2026 05 26 12 00 00  3.85310413e-03 2.34769578e-03 1.30340729e-03 9.38444673e-04 6.88875486e-04 3.78796496e-04 2.77514852e-04 2.39569205e-04 5.04248290e-04 1.44291025e-04 3.59904291e-03 5.53751066e-03 2.49796760e-04 7.19937170e-05 4.63861893e-05 1.27205193e-04 3.54917545e-05 6.07343856e-05 1.30918624e-04 7.89790298e-05 1.41932663e-04 1.71891654e-04 1.01387172e-04 7.29934621e-05 5.01540380e-06 9.80208351e-06 5.95602760e-06 2.50726579e-05 4.99400121e-06 1.71156863e-05 4.71033922e-05 3.75856704e-05 1.71801221e-05 5.03347639e-05 4.65476303e-05 1.37515744e-05 5.29836735e-05 6.39038911e-05 1.00521545e-05 4.77725862e-05 1.35503718e-04 3.30245006e-05 2.60518876e-04 4.72934424e-04 1.89173770e-05 2.15763837e-04 4.00294753e-05 4.58154827e-05 3.92000143e-04 5.89426297e-04 1.10002808e-04 3.12099573e-04 1.05248040e-04 3.59440333e-05 8.04176101e-05 4.44870605e-05 1.45715838e-06 3.46673509e-08 2.12614868e-09
 2026 05 27 12 00 00  3.86483816e-03 2.35542401e-03 1.30829920e-03 9.42152226e-04 6.92197389e-04 3.80263991e-04 2.78972689e-04 2.41175508e-04 5.08442528e-04 1.45413829e-04 3.63269991e-03 5.60125522e-03 2.51483183e-04 7.23912758e-05 4.66252525e-05 1.28103507e-04 3.57709505e-05 6.12943550e-05 1.31674769e-04 7.93992425e-05 1.43129408e-04 1.73342946e-04 1.02038150e-04 7.33225062e-05 5.03355841e-06 9.58935998e-06 5.96173377e-06 2.51495341e-05 5.00349124e-06 1.71851543e-05 4.75478150e-05 3.76942800e-05 1.74559784e-05 5.06951302e-05 4.71024687e-05 1.37763767e-05 5.37062850e-05 6.48901558e-05 9.88543034e-06 4.82513173e-05 1.37989524e-04 3.33811739e-05 2.63035229e-04 4.78037624e-04 1.91215050e-05 2.20607520e-04 4.17005300e-05 4.65076388e-05 3.99959688e-04 5.98205695e-04 1.11715567e-04 3.18033006e-04 1.06156095e-04 3.62741439e-05 8.11796264e-05 4.49996285e-05 1.48057059e-06 3.59080246e-08 2.23914256e-09
 2026 05 28 12 00 00  3.85947159e-03 2.35258444e-03 1.30644241e-03 9.40617512e-04 6.90755925e-04 3.79535903e-04 2.78290499e-04 2.40441519e-04 5.06525764e-04 1.45045296e-04 3.61725457e-03 5.56938462e-03 2.50827814e-04 7.23328880e-05 4.65492222e-05 1.28098392e-04 3.57728073e-05 6.12972653e-05 1.31705749e-04 7.94227642e-05 1.43081687e-04 1.73343740e-04 1.02014888e-04 7.33494066e-05 5.03371666e-06 9.57870870e-06 5.96514219e-06 2.51442206e-05 5.00385213e-06 1.71839480e-05 4.75475249e-05 3.76949698e-05 1.74563524e-05 5.06837762e-05 4.71246196e-05 1.37912022e-05 5.36982842e-05 6.48945623e-05 9.87719177e-06 4.83652317e-05 1.37625316e-04 3.33997334e-05 2.63854465e-04 4.78246769e-04 1.91298707e-05 2.20729534e-04 4.16954485e-05 4.65427613e-05 4.00049971e-04 5.98167360e-04 1.11786459e-04 3.19641736e-04 1.08333028e-04 3.70651838e-05 8.30039354e-05 4.62066753e-05 1.53426413e-06 3.86451703e-08 2.48570053e-09
 2026 05 29 12 00 00  3.85381988e-03 2.34898043e-03 1.30415049e-03 9.38916214e-04 6.89252314e-04 3.78832680e-04 2.77597925e-04 2.39684239e-04 5.04522820e-04 1.44536032e-04 3.60116540e-03 5.53752631e-03 2.50043749e-04 7.21746402e-05 4.64356357e-05 1.28304188e-04 3.59042431e-05 6.15599682e-05 1.31661015e-04 7.92781473e-05 1.43539849e-04 1.74016953e-04 1.02233645e-04 7.33609153e-05 5.04230593e-06 9.77746240e-06 5.96415339e-06 2.51716028e-05 5.00021779e-06 1.71919012e-05 4.76924054e-05 3.77460587e-05 1.75845678e-05 5.07562581e-05 4.69143910e-05 1.37869181e-05 5.39115411e-05 6.52213953e-05 1.00330035e-05 4.83223006e-05 1.37459279e-04 3.32739379e-05 2.64401282e-04 4.76324886e-04 1.90529954e-05 2.21377748e-04 4.24638391e-05 4.62967000e-05 4.02003471e-04 5.99656746e-04 1.11831420e-04 3.20480313e-04 1.06340843e-04 3.63405281e-05 8.13290782e-05 4.50556357e-05 1.47993480e-06 3.56342909e-08 2.20816201e-09
 2026 05 30 12 00 00  3.85476739e-03 2.34800112e-03 1.30367058e-03 9.38916556e-04 6.89445108e-04 3.79094383e-04 2.77766254e-04 2.39834249e-04 5.04885579e-04 1.44302174e-04 3.60415752e-03 5.54816276e-03 2.49927186e-04 7.19525818e-05 4.63895933e-05 1.28218120e-04 3.59414815e-05 6.16337173e-05 1.31219339e-04 7.88559613e-05 1.43694986e-04 1.74200252e-04 1.02271431e-04 7.33061870e-05 5.04477102e-06 9.58192177e-06 5.95941310e-06 2.51547840e-05 4.99024318e-06 1.71780707e-05 4.76740898e-05 3.77605087e-05 1.76196671e-05 5.06853477e-05 4.63338569e-05 1.37663330e-05 5.38573592e-05 6.52109306e-05 9.87984749e-06 4.79810616e-05 1.37325872e-04 3.29119444e-05 2.62018839e-04 4.70999333e-04 1.88399733e-05 2.19872968e-04 4.26679384e-05 4.55919071e-05 4.00739010e-04 5.98275488e-04 1.10997246e-04 3.21088840e-04 1.06499044e-04 3.63974095e-05 8.14573148e-05 4.51058409e-05 1.47964162e-06 3.54243923e-08 2.18414620e-09
 2026 05 31 12 00 00  3.83312987e-03 2.33341516e-03 1.29446810e-03 9.32058261e-04 6.83362901e-04 3.76425788e-04 2.75097162e-04 2.36888658e-04 4.97171057e-04 1.42169311e-04 3.54224136e-03 5.43130897e-03 2.46772281e-04 7.11853778e-05 4.59495749e-05 1.27299385e-04 3.57652229e-05 6.12788019e-05 1.30060006e-04 7.80068454e-05 1.42807280e-04 1.73268515e-04 1.01736742e-04 7.28833527e-05 5.03337615e-06 9.49067471e-06 5.94694648e-06 2.50553891e-05 4.97056826e-06 1.70949171e-05 4.72896455e-05 3.76918790e-05 1.74429631e-05 5.01847954e-05 4.51865606e-05 1.37121475e-05 5.31732456e-05 6.43610097e-05 9.80845944e-06 4.69911918e-05 1.33847478e-04 3.21870990e-05 2.55832797e-04 4.60462806e-04 1.84185122e-05 2.13730047e-04 4.15846094e-05 4.41826473e-05 3.92701890e-04 5.88667399e-04 1.08601291e-04 3.14671101e-04 1.02683506e-04 3.50097291e-05 7.82511229e-05 4.29149261e-05 1.37710969e-06 2.98061799e-08 1.66781042e-09
 2026 06 01 12 00 00  3.82303947e-03 2.32609305e-03 1.28989349e-03 9.28797236e-04 6.80551666e-04 3.75234474e-04 2.73876097e-04 2.35531690e-04 4.93593049e-04 1.41073850e-04 3.51353218e-03 5.37820533e-03 2.45225157e-04 7.07492202e-05 4.57064946e-05 1.26232039e-04 3.54421180e-05 6.06286747e-05 1.29172057e-04 7.74794142e-05 1.41434799e-04 1.71565739e-04 1.00983918e-04 7.24626450e-05 5.01246614e-06 9.36730721e-06 5.93591976e-06 2.49498754e-05 4.95797285e-06 1.70137001e-05 4.67529564e-05 3.75660980e-05 1.71198990e-05 4.96783335e-05 4.44543082e-05 1.36642484e-05 5.23001164e-05 6.31805349e-05 9.71187401e-06 4.61658587e-05 1.31108662e-04 3.17337544e-05 2.50173055e-04 4.53749537e-04 1.81499815e-05 2.07532691e-04 3.96082411e-05 4.32992907e-05 3.83115044e-04 5.78108710e-04 1.06482702e-04 3.06408747e-04 9.99215308e-05 3.40050345e-05 7.59288911e-05 4.13173640e-05 1.30159051e-06 2.56127237e-08 1.28106521e-09
 2026 06 02 12 00 00  3.82931776e-03 2.33053634e-03 1.29268191e-03 9.30941883e-04 6.82493081e-04 3.76011229e-04 2.74668036e-04 2.36417941e-04 4.95869326e-04 1.41750735e-04 3.53171321e-03 5.41009754e-03 2.46195416e-04 7.10471292e-05 4.58536339e-05 1.25877978e-04 3.52038449e-05 6.01482287e-05 1.29447311e-04 7.78450456e-05 1.40531978e-04 1.70298941e-04 1.00549604e-04 7.25216557e-05 4.99709313e-06 9.78917305e-06 5.94214907e-06 2.49469290e-05 4.96529537e-06 1.70026822e-05 4.64687557e-05 3.74732976e-05 1.68798302e-05 4.97255035e-05 4.48881416e-05 1.36914430e-05 5.19296560e-05 6.25822633e-05 1.00427256e-05 4.67004823e-05 1.31221482e-04 3.20363702e-05 2.53571888e-04 4.57769537e-04 1.83107815e-05 2.06924950e-04 3.81305057e-05 4.38816234e-05 3.79748459e-04 5.75631940e-04 1.06614468e-04 3.08783995e-04 1.09059223e-04 3.73258892e-05 8.35897131e-05 4.64122031e-05 1.53012946e-06 3.74098505e-08 2.34757849e-09
 2026 06 03 12 00 00  3.82368689e-03 2.32689637e-03 1.29037412e-03 9.29267042e-04 6.81034597e-04 3.75317986e-04 2.73985480e-04 2.35673402e-04 4.93887923e-04 1.41237906e-04 3.51575090e-03 5.37824482e-03 2.45413933e-04 7.09037038e-05 4.57595655e-05 1.26375894e-04 3.53963056e-05 6.05316018e-05 1.29493935e-04 7.77093752e-05 1.41218886e-04 1.71270535e-04 1.00883285e-04 7.26676694e-05 5.00973038e-06 9.64700812e-06 5.96685350e-06 2.49696026e-05 4.96136163e-06 1.70313650e-05 4.66880291e-05 3.75480566e-05 1.70652376e-05 4.98510406e-05 4.46634542e-05 1.37990282e-05 5.22510228e-05 6.31865743e-05 9.93146969e-06 4.73132518e-05 1.32179846e-04 3.19140236e-05 2.60834143e-04 4.55730613e-04 1.82292245e-05 2.09373775e-04 3.92297079e-05 4.36396105e-05 3.83295635e-04 5.78699082e-04 1.07008195e-04 3.13912003e-04 1.11473531e-04 3.82025473e-05 8.56083600e-05 4.77112018e-05 1.58524190e-06 4.00131768e-08 2.57667985e-09
 2026 06 04 12 00 00  3.80639706e-03 2.31568584e-03 1.28326468e-03 9.23931605e-04 6.76284976e-04 3.73157736e-04 2.71851659e-04 2.33332325e-04 4.87738351e-04 1.39631704e-04 3.46633520e-03 5.28264716e-03 2.42974282e-04 7.03778500e-05 4.54189791e-05 1.25263369e-04 3.51025519e-05 5.99384541e-05 1.28636606e-04 7.71878869e-05 1.39882275e-04 1.69699503e-04 1.00147921e-04 7.22983572e-05 4.99081798e-06 9.84221988e-06 5.94564590e-06 2.48814692e-05 4.94873202e-06 1.69453236e-05 4.61827944e-05 3.74336145e-05 1.67677441e-05 4.94052445e-05 4.39302181e-05 1.37068695e-05 5.14266519e-05 6.20217271e-05 1.00847028e-05 4.63976667e-05 1.28524757e-04 3.14643374e-05 2.53192577e-04 4.49013672e-04 1.79605469e-05 2.02862159e-04 3.73909366e-05 4.27624618e-05 3.74026127e-04 5.68565747e-04 1.04896914e-04 3.08794925e-04 1.12374415e-04 3.85290416e-05 8.63571231e-05 4.81571336e-05 1.60146940e-06 4.05619282e-08 2.61881326e-09
 2026 06 05 12 00 00  3.78815012e-03 2.30250352e-03 1.27502303e-03 9.17990028e-04 6.71123803e-04 3.70987417e-04 2.69630029e-04 2.30861372e-04 4.81248086e-04 1.37655374e-04 3.41428660e-03 5.18704802e-03 2.40175840e-04 6.95852319e-05 4.49920678e-05 1.24117206e-04 3.48338566e-05 5.93952776e-05 1.27270951e-04 7.62238866e-05 1.38637737e-04 1.68255764e-04 9.94213670e-05 7.17838258e-05 4.97354704e-06 9.68499371e-06 5.93627919e-06 2.47614196e-05 4.92624458e-06 1.68486719e-05 4.56460527e-05 3.73289018e-05 1.64945188e-05 4.88042022e-05 4.26198181e-05 1.36662304e-05 5.05078484e-05 6.08687315e-05 9.96166200e-06 4.53559995e-05 1.25077567e-04 3.06401693e-05 2.47454935e-04 4.36983850e-04 1.74793540e-05 1.95472178e-04 3.56967503e-05 4.11593181e-05 3.63423268e-04 5.56239858e-04 1.01991715e-04 2.99923960e-04 1.07803874e-04 3.68666464e-05 8.25155960e-05 4.55248416e-05 1.47777126e-06 3.37464712e-08 1.99153369e-09
 2026 06 06 12 00 00  3.77294039e-03 2.29289115e-03 1.26890504e-03 9.13345262e-04 6.66960629e-04 3.69065255e-04 2.67745532e-04 2.28799460e-04 4.75835350e-04 1.36293178e-04 3.37077847e-03 5.10207154e-03 2.38069393e-04 6.91624065e-05 4.47014922e-05 1.22754391e-04 3.43660882e-05 5.84523659e-05 1.26412763e-04 7.58371199e-05 1.36625218e-04 1.65772008e-04 9.83553770e-05 7.12822988e-05 4.94335400e-06 9.92091009e-06 5.93088589e-06 2.46472161e-05 4.91680948e-06 1.67521391e-05 4.49229107e-05 3.71467322e-05 1.60237469e-05 4.82340400e-05 4.20724537e-05 1.36428775e-05 4.93602823e-05 5.92770276e-05 1.01469341e-05 4.47463477e-05 1.21594818e-04 3.03060951e-05 2.44442547e-04 4.31971678e-04 1.72788671e-05 1.88547749e-04 3.28015012e-05 4.05073282e-05 3.51334632e-04 5.42925486e-04 9.97804692e-05 2.89355999e-04 1.05648286e-04 3.60820304e-05 8.06996217e-05 4.42470347e-05 1.41536697e-06 3.01360025e-08 1.65506027e-09
 2026 06 07 12 00 00  3.77098367e-03 2.29142347e-03 1.26799324e-03 9.12747112e-04 6.66475540e-04 3.68846151e-04 2.67519257e-04 2.28549808e-04 4.75157950e-04 1.36076888e-04 3.36531292e-03 5.09146005e-03 2.37770179e-04 6.90905241e-05 4.46669189e-05 1.23086067e-04 3.45478766e-05 5.88133058e-05 1.26486884e-04 7.57443777e-05 1.37290657e-04 1.66676677e-04 9.86861709e-05 7.13356676e-05 4.95534659e-06 9.50915783e-06 5.92635952e-06 2.46595127e-05 4.91411738e-06 1.67718590e-05 4.51334334e-05 3.72172944e-05 1.61967255e-05 4.82460818e-05 4.19186952e-05 1.36232818e-05 4.96624038e-05 5.97399335e-05 9.82438723e-06 4.44897027e-05 1.21849420e-04 3.02224274e-05 2.41843330e-04 4.30576441e-04 1.72230576e-05 1.89438324e-04 3.38158949e-05 4.03418206e-05 3.54415924e-04 5.45771679e-04 1.00025989e-04 2.90697085e-04 1.03271675e-04 3.52171357e-05 7.86986635e-05 4.28486457e-05 1.34773094e-06 2.62690328e-08 1.29574893e-09
 2026 06 08 12 00 00  3.76855787e-03 2.28900873e-03 1.26653639e-03 9.11848489e-04 6.65779669e-04 3.68619834e-04 2.67247934e-04 2.28234004e-04 4.74309910e-04 1.35681987e-04 3.35853996e-03 5.08084595e-03 2.37296256e-04 6.88821825e-05 4.45774295e-05 1.23272895e-04 3.46961635e-05 5.91071555e-05 1.26264084e-04 7.54344161e-05 1.37824157e-04 1.67408271e-04 9.89306391e-05 7.13287571e-05 4.96515604e-06 9.48948145e-06 5.92389151e-06 2.46785941e-05 4.90672173e-06 1.67780630e-05 4.52710442e-05 3.72748269e-05 1.63367789e-05 4.82776766e-05 4.14886948e-05 1.36126298e-05 4.98515169e-05 6.00625638e-05 9.80913173e-06 4.42839221e-05 1.21916908e-04 2.99560634e-05 2.41157055e-04 4.26634080e-04 1.70653632e-05 1.89495665e-04 3.46317276e-05 3.98228352e-05 3.55835692e-04 5.46742404e-04 9.97301800e-05 2.91354594e-04 1.00894077e-04 3.43520383e-05 7.66980153e-05 4.14595876e-05 1.28117563e-06 2.25085227e-08 9.47373557e-10
 2026 06 09 12 00 00  3.77030667e-03 2.28975579e-03 1.26704550e-03 9.12348827e-04 6.66289240e-04 3.68878634e-04 2.67482816e-04 2.28485514e-04 4.74949789e-04 1.35770585e-04 3.36367542e-03 5.09147830e-03 2.37488430e-04 6.88897414e-05 4.46075369e-05 1.23514506e-04 3.48071306e-05 5.93265402e-05 1.26332642e-04 7.53949105e-05 1.38249269e-04 1.67950193e-04 9.91442036e-05 7.13836510e-05 4.97252040e-06 9.47077424e-06 5.92419965e-06 2.47045996e-05 4.90545972e-06 1.67948003e-05 4.54009970e-05 3.73178569e-05 1.64406694e-05 4.83614179e-05 4.14171838e-05 1.36140399e-05 5.00541348e-05 6.03635778e-05 9.79460747e-06 4.43002200e-05 1.22461977e-04 2.99194769e-05 2.41584707e-04 4.25988065e-04 1.70395226e-05 1.90402585e-04 3.52320989e-05 3.97498836e-05 3.57820525e-04 5.48715335e-04 9.99280736e-05 2.92495758e-04 9.99430948e-05 3.40058141e-05 7.58963217e-05 4.08912303e-05 1.25312728e-06 2.08652668e-08 7.93759369e-10
 2026 06 10 12 00 00  3.77180190e-03 2.28998919e-03 1.26725937e-03 9.12687729e-04 6.66686615e-04 3.69133487e-04 2.67693639e-04 2.28701791e-04 4.75498464e-04 1.35762574e-04 3.36810638e-03 5.10210879e-03 2.37586502e-04 6.88242641e-05 4.46073632e-05 1.23819778e-04 3.49717302e-05 5.96544298e-05 1.26308694e-04 7.52395194e-05 1.38890895e-04 1.68781160e-04 9.94586697e-05 7.14058463e-05 4.98332884e-06 9.34326381e-06 5.92091055e-06 2.47302969e-05 4.90164020e-06 1.68122141e-05 4.55888380e-05 3.73817951e-05 1.65992416e-05 4.84240696e-05 4.11957415e-05 1.35997863e-05 5.03324278e-05 6.07870563e-05 9.69474931e-06 4.41087156e-05 1.22995401e-04 2.97850143e-05 2.40522452e-04 4.23961185e-04 1.69584474e-05 1.91223575e-04 3.61722137e-05 3.94873117e-05 3.60394658e-04 5.51056225e-04 1.00013900e-04 2.92516455e-04 9.61310219e-05 3.26197032e-05 7.26952542e-05 3.87215053e-05 1.15283596e-06 1.54614245e-08 2.99358049e-10
 2026 06 11 12 00 00  3.76966408e-03 2.28827095e-03 1.26619987e-03 9.11962521e-04 6.66078286e-04 3.68894200e-04 2.67439417e-04 2.28415760e-04 4.74743259e-04 1.35496588e-04 3.36204292e-03 5.09148836e-03 2.37232783e-04 6.87046752e-05 4.45444271e-05 1.24305556e-04 3.52064060e-05 6.01233798e-05 1.26339303e-04 7.50823005e-05 1.39783370e-04 1.69982122e-04 9.98993911e-05 7.15992732e-05 4.99866946e-06 9.49584792e-06 5.92457945e-06 2.47817488e-05 4.89783088e-06 1.68396359e-05 4.58773404e-05 3.74730123e-05 1.68279948e-05 4.86615725e-05 4.09746193e-05 1.36157847e-05 5.07702533e-05 6.14496948e-05 9.81441190e-06 4.43602119e-05 1.23699875e-04 2.96494283e-05 2.42800391e-04 4.21935603e-04 1.68774241e-05 1.93208136e-04 3.75422358e-05 3.92228365e-05 3.64518679e-04 5.55238107e-04 1.00343886e-04 2.99315676e-04 9.97030758e-05 3.39179138e-05 7.56902776e-05 4.07156970e-05 1.24245985e-06 2.01008415e-08 7.19120141e-10
 2026 06 12 12 00 00  3.76103874e-03 2.28419601e-03 1.26348255e-03 9.09606212e-04 6.63812343e-04 3.67684199e-04 2.66331612e-04 2.27235513e-04 4.71661684e-04 1.35005667e-04 3.33717802e-03 5.03837019e-03 2.36259841e-04 6.86927551e-05 4.44388925e-05 1.24437213e-04 3.52621835e-05 6.02335960e-05 1.26609265e-04 7.52680353e-05 1.39905023e-04 1.70253864e-04 9.99787401e-05 7.16225606e-05 5.00237402e-06 9.37133882e-06 5.92486576e-06 2.47838434e-05 4.90172388e-06 1.68493754e-05 4.59644749e-05 3.74946394e-05 1.68801082e-05 4.86382837e-05 4.12040448e-05 1.36170594e-05 5.08952141e-05 6.16181894e-05 9.71682894e-06 4.43676832e-05 1.23176044e-04 2.98045867e-05 2.42348630e-04 4.24055436e-04 1.69622175e-05 1.94114894e-04 3.78428143e-05 3.95223382e-05 3.66339802e-04 5.56657119e-04 1.00881336e-04 2.99328705e-04 9.83788188e-05 3.34364353e-05 7.45785311e-05 3.99641737e-05 1.20786685e-06 1.82476704e-08 5.49838619e-10
 2026 06 13 12 00 00  3.76979773e-03 2.28843775e-03 1.26630041e-03 9.12061208e-04 6.66179988e-04 3.68910611e-04 2.67462186e-04 2.28445694e-04 4.74805900e-04 1.35531116e-04 3.36250172e-03 5.09149618e-03 2.37273014e-04 6.87415584e-05 4.45620178e-05 1.24493007e-04 3.52902745e-05 6.02885149e-05 1.26493571e-04 7.51338841e-05 1.40083888e-04 1.70384285e-04 1.00058609e-04 7.15754987e-05 5.00426686e-06 9.25707718e-06 5.92262077e-06 2.47905572e-05 4.89852609e-06 1.68539932e-05 4.59784813e-05 3.75055039e-05 1.69052946e-05 4.86376367e-05 4.10181063e-05 1.36073053e-05 5.09223593e-05 6.16720413e-05 9.62726554e-06 4.41808666e-05 1.23947954e-04 2.96893297e-05 2.41544228e-04 4.22350579e-04 1.68940231e-05 1.93887262e-04 3.79824196e-05 3.92977905e-05 3.66298941e-04 5.56703202e-04 1.00645666e-04 2.96900900e-04 9.45705357e-05 3.20521056e-05 7.13835361e-05 3.78216419e-05 1.11047509e-06 1.31220542e-08 8.39167846e-11
 2026 06 14 12 00 00  3.76793152e-03 2.28730999e-03 1.26557796e-03 9.11502609e-04 6.65673984e-04 3.68670467e-04 2.67229674e-04 2.28192539e-04 4.74141559e-04 1.35374651e-04 3.35715842e-03 5.08087389e-03 2.37022995e-04 6.86925997e-05 4.45135741e-05 1.23935923e-04 3.50715447e-05 5.98488259e-05 1.26262176e-04 7.51019339e-05 1.39196281e-04 1.69236212e-04 9.96032849e-05 7.13490927e-05 4.99009184e-06 9.13637487e-06 5.91855714e-06 2.47348254e-05 4.89771774e-06 1.68181604e-05 4.56698233e-05 3.74203752e-05 1.66873564e-05 4.83630353e-05 4.09713772e-05 1.35896276e-05 5.04385078e-05 6.09787065e-05 9.53263807e-06 4.38356697e-05 1.22820451e-04 2.96614890e-05 2.39024941e-04 4.21923514e-04 1.68769405e-05 1.91175819e-04 3.66529828e-05 3.92433110e-05 3.61418186e-04 5.51412070e-04 9.99291791e-05 2.90429541e-04 9.13382170e-05 3.08772400e-05 6.86724596e-05 3.60091831e-05 1.02848799e-06 8.83741365e-09 1.00000000e-10
 2026 06 15 12 00 00  3.76966170e-03 2.28816035e-03 1.26614145e-03 9.11975685e-04 6.66121626e-04 3.68908390e-04 2.67449580e-04 2.28427365e-04 4.74758133e-04 1.35479241e-04 3.36212620e-03 5.09149581e-03 2.37222922e-04 6.87051921e-05 4.45501442e-05 1.22972560e-04 3.46574700e-05 5.90177486e-05 1.25862493e-04 7.50734936e-05 1.37580704e-04 1.67077279e-04 9.87753599e-05 7.10401559e-05 4.96319481e-06 9.19303129e-06 5.91696626e-06 2.46522614e-05 4.89713711e-06 1.67584417e-05 4.51039355e-05 3.72592680e-05 1.62771626e-05 4.80034838e-05 4.09370376e-05 1.35826835e-05 4.95739990e-05 5.97312708e-05 9.57698212e-06 4.35801405e-05 1.21425997e-04 2.96378537e-05 2.37554640e-04 4.21605700e-04 1.68642280e-05 1.86809553e-04 3.41627107e-05 3.91977694e-05 3.52587886e-04 5.42511028e-04 9.86947809e-05 2.82249967e-04 9.06066245e-05 3.06116155e-05 6.80609264e-05 3.56169761e-05 1.01194658e-06 8.06403939e-09 1.00000000e-10
 2026 06 16 12 00 00  3.77419018e-03 2.29207112e-03 1.26853607e-03 9.13595106e-04 6.67469724e-04 3.69394984e-04 2.67986165e-04 2.29040045e-04 4.76368009e-04 1.36102411e-04 3.37499070e-03 5.11274040e-03 2.38022732e-04 6.90114941e-05 4.46833089e-05 1.22375356e-04 3.43314023e-05 5.83638437e-05 1.26083788e-04 7.55067973e-05 1.36331390e-04 1.65382923e-04 9.81783938e-05 7.08535671e-05 4.94199012e-06 9.10713279e-06 5.91263306e-06 2.45999116e-05 4.90704842e-06 1.67315992e-05 4.47255588e-05 3.71324277e-05 1.59550953e-05 4.77593131e-05 4.15157614e-05 1.35637922e-05 4.90239609e-05 5.88509547e-05 9.50958492e-06 4.34385265e-05 1.20712230e-04 3.00066778e-05 2.35359952e-04 4.26924581e-04 1.70769833e-05 1.84865142e-04 3.22121632e-05 3.99141660e-05 3.47711418e-04 5.37841987e-04 9.86760729e-05 2.74549720e-04 8.80837508e-05 2.96949105e-05 6.59470137e-05 3.42207265e-05 9.50012509e-07 5.85934714e-09 1.00000000e-10
 2026 06 17 12 00 00  3.77736809e-03 2.29328624e-03 1.26938173e-03 9.14354021e-04 6.68209643e-04 3.69853028e-04 2.68391363e-04 2.29462654e-04 4.77491473e-04 1.36218716e-04 3.38407261e-03 5.13397530e-03 2.38328046e-04 6.89563432e-05 4.47074660e-05 1.22145683e-04 3.42546409e-05 5.82108099e-05 1.25803854e-04 7.53372675e-05 1.36068611e-04 1.64994022e-04 9.80315978e-05 7.07403416e-05 4.93695552e-06 9.06412824e-06 5.90955460e-06 2.45782744e-05 4.90355815e-06 1.67144578e-05 4.46056934e-05 3.71026079e-05 1.58809184e-05 4.76598464e-05 4.13096597e-05 1.35503375e-05 4.88300705e-05 5.85870516e-05 9.47565131e-06 4.32020864e-05 1.20554066e-04 2.98655883e-05 2.34011434e-04 4.25018146e-04 1.70007259e-05 1.83422592e-04 3.17712169e-05 3.96421499e-05 3.45388376e-04 5.35447904e-04 9.80880752e-05 2.71348259e-04 8.56699142e-05 2.88180132e-05 6.39258124e-05 3.28964953e-05 8.92060740e-07 3.92707733e-09 1.00000000e-10
 2026 06 18 12 00 00  3.76980449e-03 2.28889462e-03 1.26655095e-03 9.12025641e-04 6.66025360e-04 3.68842837e-04 2.67422618e-04 2.28406004e-04 4.74765010e-04 1.35608587e-04 3.36216556e-03 5.09146228e-03 2.37326998e-04 6.87808360e-05 4.45736392e-05 1.22177443e-04 3.43087537e-05 5.83211484e-05 1.25680831e-04 7.52171094e-05 1.36230156e-04 1.65295299e-04 9.81055667e-05 7.07389713e-05 4.94038868e-06 9.05183406e-06 5.90790114e-06 2.45735496e-05 4.90127277e-06 1.67102810e-05 4.46705757e-05 3.71237315e-05 1.59376737e-05 4.76436053e-05 4.11734189e-05 1.35430455e-05 4.89014810e-05 5.87087629e-05 9.46569562e-06 4.31043365e-05 1.19940031e-04 2.97671388e-05 2.33232260e-04 4.23751503e-04 1.69500601e-05 1.83373179e-04 3.21316533e-05 3.94533534e-05 3.45995394e-04 5.35726981e-04 9.79890172e-05 2.72190897e-04 8.53874477e-05 2.87161942e-05 6.36949940e-05 3.27908518e-05 8.90794493e-07 4.04543954e-09 1.00000000e-10
 2026 06 19 12 00 00  3.77188228e-03 2.29059887e-03 1.26759961e-03 9.12703186e-04 6.66569169e-04 3.69064567e-04 2.67661408e-04 2.28673949e-04 4.75488397e-04 1.35869967e-04 3.36797604e-03 5.10207452e-03 2.37671130e-04 6.88890052e-05 4.46227420e-05 1.22782704e-04 3.45392385e-05 5.87855524e-05 1.26041691e-04 7.53670407e-05 1.37169953e-04 1.66516919e-04 9.86021318e-05 7.09336596e-05 4.95527529e-06 9.11667230e-06 5.90799427e-06 2.46321637e-05 4.90512430e-06 1.67509579e-05 4.50185899e-05 3.72134877e-05 1.61692762e-05 4.79009192e-05 4.13957750e-05 1.35433642e-05 4.94455596e-05 5.94547670e-05 9.51633629e-06 4.33138758e-05 1.21039180e-04 2.98982486e-05 2.34405952e-04 4.25781786e-04 1.70312714e-05 1.86449285e-04 3.35541903e-05 3.97102354e-05 3.51664156e-04 5.41633936e-04 9.89723050e-05 2.76040297e-04 8.46502455e-05 2.84490878e-05 6.30827654e-05 3.24301669e-05 8.77988055e-07 3.76087996e-09 1.00000000e-10
 2026 06 20 12 00 00  3.77582504e-03 2.29339475e-03 1.26935123e-03 9.13942446e-04 6.67631490e-04 3.69531279e-04 2.68135779e-04 2.29198330e-04 4.76879850e-04 1.36281892e-04 3.37915487e-03 5.12331165e-03 2.38261432e-04 6.90435167e-05 4.47180968e-05 1.22891258e-04 3.45398701e-05 5.87889925e-05 1.26236755e-04 7.55440560e-05 1.37225478e-04 1.66544107e-04 9.86478670e-05 7.10120735e-05 4.95521454e-06 9.27463625e-06 5.90970885e-06 2.46508245e-05 4.90956445e-06 1.67619495e-05 4.50609481e-05 3.72138224e-05 1.61738368e-05 4.80105174e-05 4.16526600e-05 1.35507173e-05 4.95312810e-05 5.95362342e-05 9.63998609e-06 4.35428956e-05 1.21560950e-04 3.00521584e-05 2.35852042e-04 4.28130465e-04 1.71252186e-05 1.87450817e-04 3.36016907e-05 4.00112418e-05 3.52694080e-04 5.43097509e-04 9.93823603e-05 2.77324439e-04 8.61278824e-05 2.89870808e-05 6.43286465e-05 3.33151792e-05 9.21781896e-07 5.46328778e-09 1.00000000e-10
 2026 06 21 12 00 00  3.80076289e-03 2.30922243e-03 1.27942138e-03 9.21659235e-04 6.74588812e-04 3.72693127e-04 2.71242041e-04 2.32604571e-04 4.85785242e-04 1.38540745e-04 3.45067239e-03 5.26141711e-03 2.41742433e-04 6.97716399e-05 4.51844975e-05 1.23970869e-04 3.48121714e-05 5.93371165e-05 1.27320817e-04 7.62432232e-05 1.38531027e-04 1.67981600e-04 9.93797850e-05 7.15436145e-05 4.97282635e-06 9.69316316e-06 5.91667304e-06 2.47872709e-05 4.92563595e-06 1.68523391e-05 4.55571695e-05 3.73198389e-05 1.64465077e-05 4.86929314e-05 4.25906182e-05 1.35809532e-05 5.04013014e-05 6.06339034e-05 9.96794988e-06 4.45760292e-05 1.25443477e-04 3.06479429e-05 2.41991901e-04 4.36748557e-04 1.74699423e-05 1.93974993e-04 3.52717849e-05 4.11688990e-05 3.62038651e-04 5.54468219e-04 1.01696773e-04 2.88306656e-04 9.37519682e-05 3.17590479e-05 7.07290556e-05 3.76401768e-05 1.12075062e-06 1.50616835e-08 2.95733793e-10
 2026 06 22 12 00 00  3.81107407e-03 2.31687407e-03 1.28418928e-03 9.25073001e-04 6.77541685e-04 3.73905367e-04 2.72494994e-04 2.34003688e-04 4.89455780e-04 1.39700852e-04 3.48009126e-03 5.31452969e-03 2.43358789e-04 7.02550156e-05 4.54293538e-05 1.25319969e-04 3.52542236e-05 6.02251093e-05 1.28427885e-04 7.68535945e-05 1.40362469e-04 1.70294848e-04 1.00374319e-04 7.20036925e-05 5.00150491e-06 9.34594500e-06 5.92459837e-06 2.48947411e-05 4.93973821e-06 1.69528643e-05 4.62567744e-05 3.74918629e-05 1.68858067e-05 4.91847169e-05 4.34132002e-05 1.36153656e-05 5.15145872e-05 6.21645201e-05 9.69560133e-06 4.52072059e-05 1.28544868e-04 3.11686483e-05 2.45216850e-04 4.44304180e-04 1.77721672e-05 2.01255068e-04 3.79457546e-05 4.21810430e-05 3.74383266e-04 5.67625974e-04 1.04297053e-04 2.96343987e-04 9.32767975e-05 3.15868705e-05 7.03343450e-05 3.74069034e-05 1.11240775e-06 1.47933214e-08 2.75672463e-10
 2026 06 23 12 00 00  3.81896698e-03 2.32221928e-03 1.28755937e-03 9.27582948e-04 6.79766809e-04 3.74877688e-04 2.73468639e-04 2.35078840e-04 4.92270288e-04 1.40484220e-04 3.50268147e-03 5.35702370e-03 2.44513855e-04 7.05429081e-05 4.56002920e-05 1.25926381e-04 3.54468299e-05 6.06119749e-05 1.28973802e-04 7.71709776e-05 1.41193892e-04 1.71302334e-04 1.00827890e-04 7.23159187e-05 5.01400209e-06 9.61647820e-06 5.92448050e-06 2.49719283e-05 4.94709129e-06 1.70000072e-05 4.65751937e-05 3.75668140e-05 1.70771440e-05 4.95637923e-05 4.38419927e-05 1.36148126e-05 5.20482252e-05 6.28453243e-05 9.90767148e-06 4.56866981e-05 1.30125548e-04 3.14395758e-05 2.47425237e-04 4.48242242e-04 1.79296897e-05 2.04704087e-04 3.91100650e-05 4.27077874e-05 3.79982129e-04 5.74239289e-04 1.05514654e-04 3.04055761e-04 9.87379253e-05 3.35722898e-05 7.49179703e-05 4.04963719e-05 1.25397546e-06 2.23293323e-08 9.62870139e-10
 2026 06 24 12 00 00  3.81786946e-03 2.32274134e-03 1.28778175e-03 9.27503457e-04 6.79565538e-04 3.74636157e-04 2.73300379e-04 2.34923164e-04 4.91871270e-04 1.40635722e-04 3.49939776e-03 5.34639806e-03 2.44558576e-04 7.07209268e-05 4.56471168e-05 1.26282505e-04 3.55429162e-05 6.08050846e-05 1.29448519e-04 7.75025575e-05 1.41562718e-04 1.71806108e-04 1.01045017e-04 7.25369345e-05 5.02023177e-06 9.67271772e-06 5.92848883e-06 2.50058020e-05 4.95461063e-06 1.70287603e-05 4.67572796e-05 3.76042095e-05 1.71727894e-05 4.97579401e-05 4.42814344e-05 1.36322182e-05 5.23488657e-05 6.32294829e-05 9.95171649e-06 4.61189290e-05 1.30667207e-04 3.17212718e-05 2.49394744e-04 4.52283018e-04 1.80913207e-05 2.07115304e-04 3.96930351e-05 4.32546047e-05 3.83583163e-04 5.78387944e-04 1.06519442e-04 3.09933870e-04 1.04120045e-04 3.55290438e-05 7.94356791e-05 4.35445916e-05 1.39388091e-06 2.97939138e-08 1.64398202e-09
 2026 06 25 12 00 00  3.81509545e-03 2.32256421e-03 1.28752697e-03 9.26982696e-04 6.78927244e-04 3.74150508e-04 2.72913697e-04 2.34536870e-04 4.90872355e-04 1.40710644e-04 3.49126299e-03 5.32514751e-03 2.44429146e-04 7.09023006e-05 4.56519580e-05 1.26117154e-04 3.54084477e-05 6.05356181e-05 1.29796566e-04 7.78979622e-05 1.41010277e-04 1.71109607e-04 1.00795602e-04 7.27164593e-05 5.01147697e-06 9.83976497e-06 5.93265540e-06 2.49977614e-05 4.96349930e-06 1.70256355e-05 4.66382949e-05 3.75519070e-05 1.70403393e-05 4.98316201e-05 4.48013830e-05 1.36503149e-05 5.21958015e-05 6.29430049e-05 1.00827623e-05 4.66512485e-05 1.30268855e-04 3.20565567e-05 2.51132168e-04 4.57066613e-04 1.82826645e-05 2.07434088e-04 3.88927438e-05 4.39050316e-05 3.82591914e-04 5.78254639e-04 1.07015459e-04 3.16749944e-04 1.16466419e-04 4.00174058e-05 8.97966191e-05 5.05153607e-05 1.71238830e-06 4.66805517e-08 3.18213438e-09
 2026 06 26 12 00 00  3.82156754e-03 2.32765281e-03 1.29067699e-03 9.29222347e-04 6.80857126e-04 3.74893694e-04 2.73700227e-04 2.35424452e-04 4.93187753e-04 1.41502521e-04 3.50977430e-03 5.35702258e-03 2.45497090e-04 7.12706988e-05 4.58303459e-05 1.25646391e-04 3.50983202e-05 5.99138206e-05 1.30116583e-04 7.83854746e-05 1.39847865e-04 1.69499821e-04 1.00243225e-04 7.27182575e-05 4.99130147e-06 9.77214950e-06 5.93773220e-06 2.49539665e-05 4.97433830e-06 1.70087399e-05 4.62925898e-05 3.74312716e-05 1.67343009e-05 4.97230030e-05 4.54361609e-05 1.36723771e-05 5.17105428e-05 6.21767936e-05 1.00297097e-05 4.69971248e-05 1.30164083e-04 3.24689434e-05 2.52085334e-04 4.62910572e-04 1.85164229e-05 2.06415866e-04 3.70407477e-05 4.47044033e-05 3.78454564e-04 5.75002535e-04 1.07222966e-04 3.16202531e-04 1.23175788e-04 4.24568821e-05 9.54297177e-05 5.43265067e-05 1.88805013e-06 5.61082530e-08 4.04375875e-09
 2026 06 27 12 00 00  3.83865418e-03 2.34087934e-03 1.29887962e-03 9.35084659e-04 6.85925330e-04 3.76871992e-04 2.75780800e-04 2.37766891e-04 4.99299680e-04 1.43549538e-04 3.55865453e-03 5.44202104e-03 2.48281706e-04 7.21942898e-05 4.62605609e-05 1.25332107e-04 3.47112917e-05 5.91377204e-05 1.31260264e-04 7.96078704e-05 1.38469473e-04 1.67489403e-04 9.96456928e-05 7.29664823e-05 4.96612920e-06 1.01741913e-05 5.94471458e-06 2.49609303e-05 5.00153947e-06 1.70206408e-05 4.59536417e-05 3.72807204e-05 1.63521370e-05 4.98956021e-05 4.70290193e-05 1.37027411e-05 5.13258357e-05 6.13944070e-05 1.03448765e-05 4.80473503e-05 1.31177659e-04 3.35031509e-05 2.56223252e-04 4.77573933e-04 1.91029573e-05 2.07786612e-04 3.47268273e-05 4.67092497e-05 3.76144428e-04 5.74934125e-04 1.08791696e-04 3.20682278e-04 1.38255056e-04 4.79386785e-05 1.08083520e-04 6.28354888e-05 2.27652495e-06 7.66806579e-08 5.91703788e-09
 2026 06 28 12 00 00  3.85268930e-03 2.34772694e-03 1.30342262e-03 9.39024351e-04 6.89716267e-04 3.78831664e-04 2.77590014e-04 2.39704413e-04 5.04336183e-04 1.44401363e-04 3.59921575e-03 5.52702062e-03 2.49912731e-04 7.22756398e-05 4.64490565e-05 1.26493572e-04 3.51352210e-05 5.99888037e-05 1.31430870e-04 7.94063497e-05 1.40277585e-04 1.69702336e-04 1.00548461e-04 7.33630325e-05 4.99365560e-06 9.65701183e-06 5.97144717e-06 2.50302300e-05 4.99674497e-06 1.70950206e-05 4.65086236e-05 3.74456722e-05 1.67725229e-05 5.03051657e-05 4.67501814e-05 1.38190444e-05 5.21773945e-05 6.27720821e-05 9.93946014e-06 4.88307704e-05 1.34866213e-04 3.33300879e-05 2.64038477e-04 4.75017049e-04 1.90006820e-05 2.12955189e-04 3.72811657e-05 4.63721226e-05 3.84688703e-04 5.84066016e-04 1.09738246e-04 3.31393609e-04 1.42248559e-04 4.93905722e-05 1.11435587e-04 6.50968328e-05 2.38028700e-06 8.22147484e-08 6.42194777e-09
 2026 06 29 12 00 00  3.84729275e-03 2.34477495e-03 1.30150280e-03 9.37475665e-04 6.88280574e-04 3.78110867e-04 2.76909751e-04 2.38971212e-04 5.02414182e-04 1.44012794e-04 3.58372923e-03 5.49515337e-03 2.49240530e-04 7.22036510e-05 4.63650343e-05 1.25932986e-04 3.49093520e-05 5.95356745e-05 1.31242490e-04 7.94078340e-05 1.39342867e-04 1.68526837e-04 1.00067384e-04 7.32749106e-05 4.97897418e-06 9.88397442e-06 5.97042090e-06 2.49888106e-05 4.99648777e-06 1.70578058e-05 4.61988487e-05 3.73577990e-05 1.65491263e-05 5.01615184e-05 4.67369333e-05 1.38145842e-05 5.17058586e-05 6.20828149e-05 1.01174199e-05 4.88562914e-05 1.33523131e-04 3.33289499e-05 2.63737438e-04 4.74904440e-04 1.89961776e-05 2.10557621e-04 3.59267055e-05 4.63683828e-05 3.79869327e-04 5.79329793e-04 1.09102880e-04 3.31291268e-04 1.47715270e-04 5.13778057e-05 1.16022344e-04 6.81759795e-05 2.52049183e-06 8.96115466e-08 7.09477774e-09
 2026 06 30 12 00 00  3.88109652e-03 2.36209470e-03 1.31289565e-03 9.47119564e-04 6.97451412e-04 3.82757729e-04 2.81241414e-04 2.43627387e-04 5.14531733e-04 1.46231804e-04 3.68128269e-03 5.69702201e-03 2.53298892e-04 7.25259889e-05 4.68428819e-05 1.26240444e-04 3.49677081e-05 5.96525555e-05 1.31058045e-04 7.91562139e-05 1.39887736e-04 1.68828531e-04 1.00319816e-04 7.34621453e-05 4.98277586e-06 1.04889565e-05 5.97744001e-06 2.50689402e-05 4.99049274e-06 1.70844840e-05 4.62577550e-05 3.73804971e-05 1.66065103e-05 5.05841961e-05 4.63883218e-05 1.38451403e-05 5.18793054e-05 6.23310866e-05 1.05917592e-05 4.93897504e-05 1.37038462e-04 3.31127929e-05 2.69666048e-04 4.71707944e-04 1.88683178e-05 2.11665640e-04 3.62729799e-05 4.59472591e-05 3.80376655e-04 5.81514115e-04 1.08777806e-04 3.36311376e-04 1.53175769e-04 5.33626338e-05 1.20602845e-04 7.12426161e-05 2.65953004e-06 9.69017748e-08 7.75677478e-09
 2026 07 01 12 00 00  3.86502878e-03 2.35362074e-03 1.30735031e-03 9.42535068e-04 6.93145104e-04 3.80578023e-04 2.79199342e-04 2.41430648e-04 5.08792295e-04 1.45134273e-04 3.63505024e-03 5.60141094e-03 2.51340698e-04 7.23533715e-05 4.66138539e-05 1.25776766e-04 3.47935740e-05 5.93024422e-05 1.30996040e-04 7.92321633e-05 1.39053206e-04 1.67913824e-04 9.98953640e-05 7.34451859e-05 4.97149376e-06 1.06220883e-05 5.98035003e-06 2.50230458e-05 4.99179187e-06 1.70515682e-05 4.60213241e-05 3.73127143e-05 1.64328900e-05 5.04370669e-05 4.64668206e-05 1.38578267e-05 5.15014050e-05 6.17947196e-05 1.06961066e-05 4.95625538e-05 1.35057182e-04 3.31738149e-05 2.70001441e-04 4.72443151e-04 1.88977261e-05 2.09959319e-04 3.52133036e-05 4.60634910e-05 3.76886945e-04 5.77852162e-04 1.08465224e-04 3.39338766e-04 1.61610810e-04 5.64286653e-05 1.27678414e-04 7.59788998e-05 2.87420989e-06 1.08153753e-07 8.77840947e-09
 2026 07 02 12 00 00  3.85088196e-03 2.34355068e-03 1.30104216e-03 9.37933178e-04 6.89116820e-04 3.78877255e-04 2.77467240e-04 2.39506172e-04 5.03750340e-04 1.43629422e-04 3.59461951e-03 5.52704893e-03 2.49190684e-04 7.17582171e-05 4.62954354e-05 1.25753669e-04 3.49490932e-05 5.96137543e-05 1.30286969e-04 7.85166689e-05 1.39540373e-04 1.68715472e-04 1.00077806e-04 7.32860844e-05 4.98163536e-06 1.05651925e-05 5.97370199e-06 2.50092969e-05 4.97531764e-06 1.70298386e-05 4.61135089e-05 3.73731862e-05 1.65854362e-05 5.03046156e-05 4.55055269e-05 1.38289251e-05 5.15700703e-05 6.20151582e-05 1.06515909e-05 4.89524332e-05 1.33732161e-04 3.25638888e-05 2.67124619e-04 4.63611616e-04 1.85444647e-05 2.08215492e-04 3.61317623e-05 4.48782113e-05 3.76612752e-04 5.76305565e-04 1.07327381e-04 3.37831028e-04 1.56088724e-04 5.44211985e-05 1.23044456e-04 7.28621315e-05 2.73186592e-06 1.00611959e-07 8.09157683e-09
 2026 07 03 12 00 00  3.82141134e-03 2.32388151e-03 1.28861497e-03 9.28587034e-04 6.80781525e-04 3.75216891e-04 2.73816874e-04 2.35479409e-04 4.93225676e-04 1.40758883e-04 3.51016266e-03 5.36769219e-03 2.44917209e-04 7.07207525e-05 4.56763756e-05 1.24930024e-04 3.48665839e-05 5.94471116e-05 1.28864207e-04 7.73958920e-05 1.38947743e-04 1.68273877e-04 9.96748268e-05 7.26437189e-05 4.97632464e-06 1.06560474e-05 5.96548089e-06 2.49202591e-05 4.94976412e-06 1.69443935e-05 4.58093863e-05 3.73410439e-05 1.65018238e-05 4.97177282e-05 4.40129341e-05 1.37931827e-05 5.09763630e-05 6.13652377e-05 1.07228858e-05 4.77087302e-05 1.29859700e-04 3.16105754e-05 2.62675487e-04 4.49890996e-04 1.79956398e-05 2.02152003e-04 3.56146920e-05 4.30269458e-05 3.69298722e-04 5.65887601e-04 1.04646101e-04 3.23191389e-04 1.38946958e-04 4.81899195e-05 1.08662068e-04 6.32080424e-05 2.29235071e-06 7.74297945e-08 5.98300929e-09
 2026 07 04 12 00 00  3.78208302e-03 2.29764875e-03 1.27203928e-03 9.16097586e-04 6.69629875e-04 3.70326624e-04 2.68940793e-04 2.30099717e-04 4.79173827e-04 1.36928784e-04 3.39740864e-03 5.15521318e-03 2.39213377e-04 6.93313584e-05 4.48465696e-05 1.23930070e-04 3.48125293e-05 5.93372679e-05 1.27003168e-04 7.58957758e-05 1.38384590e-04 1.67977142e-04 9.92508990e-05 7.20078395e-05 4.97287656e-06 1.10544155e-05 5.94978083e-06 2.48289052e-05 4.91572500e-06 1.68362575e-05 4.54896379e-05 3.73199553e-05 1.64458208e-05 4.91391113e-05 4.20237571e-05 1.37249081e-05 5.03280100e-05 6.06598196e-05 1.10351597e-05 4.62968921e-05 1.24752482e-04 3.03359615e-05 2.56628521e-04 4.31600313e-04 1.72640125e-05 1.94549856e-04 3.52623698e-05 4.05525992e-05 3.60634694e-04 5.53965775e-04 1.01183593e-04 3.12764458e-04 1.26985818e-04 4.38419112e-05 9.86266290e-05 5.64739492e-05 1.98592588e-06 6.12790245e-08 4.51428477e-09
 2026 07 05 12 00 00  3.75132710e-03 2.27530193e-03 1.25807515e-03 9.05939730e-04 6.60751944e-04 3.66657443e-04 2.65175149e-04 2.25901094e-04 4.68194138e-04 1.33556076e-04 3.30943899e-03 4.99585606e-03 2.34454367e-04 6.79393160e-05 4.41281010e-05 1.22426392e-04 3.45674431e-05 5.88439056e-05 1.24719191e-04 7.41744821e-05 1.37146534e-04 1.66683213e-04 9.84633382e-05 7.10988448e-05 4.95702516e-06 1.05342835e-05 5.92710312e-06 2.46477035e-05 4.87675716e-06 1.66951575e-05 4.48787955e-05 3.72245326e-05 1.62003838e-05 4.81552224e-05 3.97459487e-05 1.36262825e-05 4.91986407e-05 5.93208651e-05 1.06275358e-05 4.41337238e-05 1.19406452e-04 2.88741430e-05 2.44352986e-04 4.10652943e-04 1.64261177e-05 1.83624589e-04 3.37589998e-05 3.77153134e-05 3.46942733e-04 5.36850543e-04 9.66654281e-05 2.93710948e-04 1.08231870e-04 3.70245141e-05 8.28910917e-05 4.59077510e-05 1.50461112e-06 3.58714317e-08 2.20277521e-09
 2026 07 06 12 00 00  3.72844720e-03 2.25818879e-03 1.24742034e-03 8.98290820e-04 6.54122813e-04 3.63971107e-04 2.62388993e-04 2.22783575e-04 4.60033377e-04 1.30948008e-04 3.24407774e-03 4.87899780e-03 2.30836959e-04 6.68273742e-05 4.35764836e-05 1.20371633e-04 3.40116210e-05 5.77266968e-05 1.22533550e-04 7.27550010e-05 1.34752612e-04 1.63767108e-04 9.71104153e-05 7.01664705e-05 4.92099825e-06 9.89173132e-06 5.90632189e-06 2.44152594e-05 4.84448756e-06 1.65292179e-05 4.38945777e-05 3.70082096e-05 1.56467882e-05 4.70330909e-05 3.78605153e-05 1.35359136e-05 4.75301914e-05 5.71576061e-05 1.01239471e-05 4.21570693e-05 1.13892233e-04 2.76675390e-05 2.31772767e-04 3.93318209e-04 1.57327284e-05 1.70838200e-04 3.03831213e-05 3.53726675e-05 3.28177502e-04 5.15565634e-04 9.19280499e-05 2.74432300e-04 9.67846678e-05 3.28630813e-05 7.32850752e-05 3.94476876e-05 1.20963942e-06 2.02476819e-08 7.80035325e-10
 2026 07 07 12 00 00  3.72038714e-03 2.25241783e-03 1.24380888e-03 8.95684475e-04 6.51857562e-04 3.63008699e-04 2.61407724e-04 2.21694131e-04 4.57169542e-04 1.30086828e-04 3.22109512e-03 4.83651012e-03 2.29611130e-04 6.64886619e-05 4.33880926e-05 1.18694363e-04 3.34391836e-05 5.65759488e-05 1.21557880e-04 7.23502948e-05 1.32408574e-04 1.60762309e-04 9.58761217e-05 6.94877068e-05 4.88390033e-06 9.48976885e-06 5.88040384e-06 2.42487905e-05 4.83490730e-06 1.64129071e-05 4.30363214e-05 3.67854111e-05 1.50763924e-05 4.62076189e-05 3.73030955e-05 1.34232032e-05 4.61597469e-05 5.51977326e-05 9.80895711e-06 4.06924488e-05 1.09972154e-04 2.73203827e-05 2.19843866e-04 3.88205248e-04 1.55282099e-05 1.61655568e-04 2.69035314e-05 3.46966728e-05 3.13711250e-04 5.00009644e-04 8.92665871e-05 2.57301169e-04 8.82058168e-05 2.97441764e-05 6.60845467e-05 3.45932542e-05 9.87116226e-07 8.39622132e-09 1.00000000e-10
 2026 07 08 12 00 00  3.71783066e-03 2.25249744e-03 1.24370824e-03 8.95322370e-04 6.51385704e-04 3.62553254e-04 2.61058928e-04 2.21356498e-04 4.56270616e-04 1.30214549e-04 3.21371608e-03 4.81527448e-03 2.29543365e-04 6.67251938e-05 4.34228973e-05 1.18656682e-04 3.33651289e-05 5.64253074e-05 1.22073168e-04 7.28197978e-05 1.32067130e-04 1.60353999e-04 9.57424179e-05 6.95021167e-05 4.87918514e-06 9.15962300e-06 5.87948271e-06 2.42299230e-05 4.84485790e-06 1.64201037e-05 4.29843801e-05 3.67565139e-05 1.49993793e-05 4.61136411e-05 3.78888275e-05 1.34192451e-05 4.60978378e-05 5.50520132e-05 9.55022770e-06 4.07205703e-05 1.09629713e-04 2.77134939e-05 2.18244414e-04 3.93613367e-04 1.57445347e-05 1.62196530e-04 2.64175673e-05 3.54560994e-05 3.14106118e-04 5.00486383e-04 9.00330745e-05 2.55971897e-04 8.81899779e-05 2.97379944e-05 6.60682156e-05 3.45580290e-05 9.83768660e-07 8.08816196e-09 1.00000000e-10
 2026 07 09 12 00 00  3.69600513e-03 2.24032339e-03 1.23581330e-03 8.88960138e-04 6.45488960e-04 3.59649821e-04 2.58303720e-04 2.18377625e-04 4.48480328e-04 1.28587915e-04 3.15100615e-03 4.68779542e-03 2.26776683e-04 6.63829283e-05 4.30880981e-05 1.18064078e-04 3.32074618e-05 5.61069697e-05 1.21827393e-04 7.27280276e-05 1.31230380e-04 1.59511101e-04 9.53040006e-05 6.92419449e-05 4.86903227e-06 8.93578253e-06 5.87122886e-06 2.41549000e-05 4.84215998e-06 1.63735325e-05 4.27284727e-05 3.66950844e-05 1.48397565e-05 4.57193278e-05 3.77349206e-05 1.33833877e-05 4.56525974e-05 5.44401979e-05 9.37487566e-06 4.01524419e-05 1.06677371e-04 2.76304316e-05 2.13402745e-04 3.92217592e-04 1.56887037e-05 1.59074379e-04 2.54312414e-05 3.52916104e-05 3.09905730e-04 4.95079802e-04 8.93220937e-05 2.50577905e-04 8.50080107e-05 2.85808625e-05 6.33952946e-05 3.27385707e-05 8.99118069e-07 4.83054237e-09 1.00000000e-10
 2026 07 10 12 00 00  3.70240955e-03 2.24230683e-03 1.23726394e-03 8.90561040e-04 6.47188284e-04 3.60649105e-04 2.59168688e-04 2.19280911e-04 4.50801202e-04 1.28747704e-04 3.16974542e-03 4.73030731e-03 2.27343920e-04 6.62360078e-05 4.31067923e-05 1.17401910e-04 3.29723029e-05 5.56336192e-05 1.21172342e-04 7.23191537e-05 1.30355056e-04 1.58269818e-04 9.48173821e-05 6.89667725e-05 4.85382261e-06 9.00552623e-06 5.86926290e-06 2.41036597e-05 4.83235635e-06 1.63265246e-05 4.23391671e-05 3.66035354e-05 1.46043007e-05 4.54737522e-05 3.71651928e-05 1.33748807e-05 4.50526754e-05 5.36379038e-05 9.42961560e-06 3.97816406e-05 1.06167512e-04 2.72786681e-05 2.12287542e-04 3.86995648e-04 1.54798259e-05 1.55171138e-04 2.39891888e-05 3.46059853e-05 3.03021850e-04 4.87930842e-04 8.77665603e-05 2.44168107e-04 8.24873790e-05 2.76642467e-05 6.12780527e-05 3.12985130e-05 8.32200968e-07 2.41296192e-09 1.00000000e-10
 2026 07 11 12 00 00  3.70033566e-03 2.24340746e-03 1.23774922e-03 8.90502926e-04 6.46915412e-04 3.60194308e-04 2.58861842e-04 2.19006634e-04 4.50072209e-04 1.29066801e-04 3.16367289e-03 4.70906943e-03 2.27460676e-04 6.66130832e-05 4.31928762e-05 1.17828854e-04 3.30597075e-05 5.58079220e-05 1.22106846e-04 7.30183616e-05 1.30660402e-04 1.58713225e-04 9.50338101e-05 6.91898405e-05 4.85955206e-06 8.93808829e-06 5.86892493e-06 2.41418873e-05 4.84743396e-06 1.63669298e-05 4.25433917e-05 3.66374908e-05 1.46888575e-05 4.56440265e-05 3.80511134e-05 1.33734415e-05 4.54106562e-05 5.40412336e-05 9.37685254e-06 4.01554712e-05 1.06580615e-04 2.78662599e-05 2.12608714e-04 3.95166661e-04 1.58066664e-05 1.58372050e-04 2.44923576e-05 3.57425044e-05 3.07924822e-04 4.93364738e-04 8.94881339e-05 2.48122289e-04 8.54185586e-05 2.87293464e-05 6.37343198e-05 3.29227769e-05 9.04386883e-07 4.87264771e-09 1.00000000e-10
 2026 07 12 12 00 00  3.71661412e-03 2.25206350e-03 1.24340886e-03 8.95250520e-04 6.51411114e-04 3.62412168e-04 2.60947182e-04 2.21258103e-04 4.55918612e-04 1.30205160e-04 3.21069407e-03 4.80469987e-03 2.29473059e-04 6.68335089e-05 4.34376837e-05 1.17838357e-04 3.30183364e-05 5.57241088e-05 1.22104953e-04 7.30097177e-05 1.30637665e-04 1.58488894e-04 9.50200988e-05 6.91546752e-05 4.85690180e-06 9.10840463e-06 5.86984861e-06 2.41635908e-05 4.84673910e-06 1.63734936e-05 4.24818821e-05 3.66213615e-05 1.46464532e-05 4.57197977e-05 3.80135316e-05 1.33774869e-05 4.53609291e-05 5.39549490e-05 9.51049733e-06 4.02023785e-05 1.07970519e-04 2.78547872e-05 2.14062539e-04 3.94836892e-04 1.57934757e-05 1.58334124e-04 2.42277660e-05 3.57176032e-05 3.07127346e-04 4.93030134e-04 8.93535122e-05 2.45366268e-04 8.27846174e-05 2.77714746e-05 6.15215296e-05 3.14147523e-05 8.34100152e-07 2.32381154e-09 1.00000000e-10
 2026 07 13 12 00 00  3.71626439e-03 2.25120969e-03 1.24292336e-03 8.95043745e-04 6.51311684e-04 3.62427883e-04 2.60927600e-04 2.21224033e-04 4.55809951e-04 1.30048144e-04 3.20984170e-03 4.80470806e-03 2.29328194e-04 6.67274961e-05 4.34007071e-05 1.17267443e-04 3.28117661e-05 5.53088787e-05 1.21726807e-04 7.28298677e-05 1.29815441e-04 1.57404992e-04 9.45826490e-05 6.88971712e-05 4.84351294e-06 8.93322576e-06 5.86538263e-06 2.41036728e-05 4.84231568e-06 1.63339813e-05 4.21648805e-05 3.65409651e-05 1.44406906e-05 4.54234352e-05 3.77571065e-05 1.33580790e-05 4.48595205e-05 5.32652657e-05 9.37330187e-06 3.97561249e-05 1.06946207e-04 2.76991428e-05 2.11190522e-04 3.92489870e-04 1.56995948e-05 1.55183861e-04 2.29728816e-05 3.54136544e-05 3.01841391e-04 4.87292963e-04 8.83553572e-05 2.38521214e-04 7.88036406e-05 2.63239652e-05 5.81787577e-05 2.91499839e-05 7.29487004e-07 1.00000000e-10 1.00000000e-10
 2026 07 14 12 00 00  3.71244129e-03 2.24872205e-03 1.24134689e-03 8.93874325e-04 6.50278357e-04 3.61953169e-04 2.60458566e-04 2.20710063e-04 4.54454635e-04 1.29692804e-04 3.19894257e-03 4.78346683e-03 2.28789640e-04 6.66174573e-05 4.33344153e-05 1.16499687e-04 3.25108122e-05 5.47046424e-05 1.21340764e-04 7.27183593e-05 1.28594037e-04 1.55833581e-04 9.39464069e-05 6.86183816e-05 4.82397336e-06 8.91821110e-06 5.86372735e-06 2.40308645e-05 4.83948425e-06 1.62823738e-05 4.17311479e-05 3.64238629e-05 1.41421813e-05 4.50889083e-05 3.75934527e-05 1.33508889e-05 4.41827642e-05 5.23160729e-05 9.36162105e-06 3.94485814e-05 1.05393203e-04 2.76018982e-05 2.09459534e-04 3.90994604e-04 1.56397842e-05 1.51470599e-04 2.11587554e-05 3.52232950e-05 2.94922443e-04 4.79952415e-04 8.72605593e-05 2.31760159e-04 7.72232053e-05 2.57492171e-05 5.68510287e-05 2.82451483e-05 6.87315293e-07 1.00000000e-10 1.00000000e-10
 2026 07 15 12 00 00  3.71236529e-03 2.24849261e-03 1.24121790e-03 8.93834633e-04 6.50274065e-04 3.61962813e-04 2.60458489e-04 2.20707247e-04 4.54436672e-04 1.29651621e-04 3.19879356e-03 4.78347167e-03 2.28753887e-04 6.65913180e-05 4.33224679e-05 1.16510300e-04 3.25267931e-05 5.47369593e-05 1.21315015e-04 7.26741971e-05 1.28658972e-04 1.55919570e-04 9.39741529e-05 6.86137506e-05 4.82500036e-06 9.24519991e-06 5.86174065e-06 2.40509236e-05 4.83824952e-06 1.62815706e-05 4.17434281e-05 3.64300911e-05 1.41584533e-05 4.51569095e-05 3.75227217e-05 1.33422436e-05 4.42145450e-05 5.23458498e-05 9.61800761e-06 3.94742793e-05 1.05352227e-04 2.75624538e-05 2.10160565e-04 3.90351589e-04 1.56140636e-05 1.51487468e-04 2.12597442e-05 3.51454975e-05 2.95027348e-04 4.80031789e-04 8.72010601e-05 2.31895189e-04 7.70077206e-05 2.56707250e-05 5.66690856e-05 2.81138817e-05 6.80682177e-07 1.00000000e-10 1.00000000e-10
 2026 07 16 12 00 00  3.71107206e-03 2.24854770e-03 1.24117458e-03 8.93638641e-04 6.50013572e-04 3.61728351e-04 2.60278333e-04 2.20531608e-04 4.53976018e-04 1.29717128e-04 3.19502441e-03 4.77285087e-03 2.28718928e-04 6.67038428e-05 4.33299702e-05 1.17732576e-04 3.30067473e-05 5.57009364e-05 1.22021554e-04 7.29075051e-05 1.30540986e-04 1.58429508e-04 9.49561878e-05 6.90170464e-05 4.85614437e-06 9.05378765e-06 5.86814785e-06 2.41469146e-05 4.84335687e-06 1.63615701e-05 4.24287831e-05 3.66168562e-05 1.46351449e-05 4.55900613e-05 3.78223282e-05 1.33701018e-05 4.52718903e-05 5.38626073e-05 9.46793953e-06 3.99411820e-05 1.07283964e-04 2.77591491e-05 2.12920528e-04 3.93112378e-04 1.57244951e-05 1.57480723e-04 2.41599715e-05 3.55263503e-05 3.06287275e-04 4.91494579e-04 8.90959778e-05 2.41585913e-04 7.79964688e-05 2.60301010e-05 5.74983205e-05 2.86677097e-05 7.05695294e-07 1.00000000e-10 1.00000000e-10
 2026 07 17 12 00 00  3.71596456e-03 2.25036572e-03 1.24244678e-03 8.94878800e-04 6.51269260e-04 3.62457646e-04 2.60921333e-04 2.21206082e-04 4.55730173e-04 1.29895225e-04 3.20920270e-03 4.80472445e-03 2.29192453e-04 6.66334600e-05 4.33747701e-05 1.18760346e-04 3.34626646e-05 5.66168921e-05 1.22139185e-04 7.26604543e-05 1.32397419e-04 1.60816509e-04 9.58807987e-05 6.93590407e-05 4.88571750e-06 9.07250505e-06 5.87221220e-06 2.42399735e-05 4.83783224e-06 1.64217283e-05 4.30217233e-05 3.67942848e-05 1.50884196e-05 4.60298692e-05 3.74989671e-05 1.33877504e-05 4.61771453e-05 5.52119857e-05 9.48258894e-06 4.02502170e-05 1.09423261e-04 2.75499071e-05 2.15663262e-04 3.90136579e-04 1.56054631e-05 1.61659224e-04 2.69199954e-05 3.51205817e-05 3.14925413e-04 5.00536967e-04 8.98871317e-05 2.51737082e-04 8.04082340e-05 2.69069000e-05 5.95224832e-05 3.00314366e-05 7.68141621e-07 1.00000000e-10 1.00000000e-10
 2026 07 18 12 00 00  3.71684334e-03 2.25224977e-03 1.24352651e-03 8.95428547e-04 6.51620727e-04 3.62455719e-04 2.60995256e-04 2.21318501e-04 4.56035547e-04 1.30247439e-04 3.21156109e-03 4.80471998e-03 2.29530294e-04 6.68824793e-05 4.34511479e-05 1.19978371e-04 3.38992220e-05 5.74942562e-05 1.23020841e-04 7.30795728e-05 1.34131256e-04 1.63105605e-04 9.68044505e-05 6.98267481e-05 4.91401915e-06 9.35753633e-06 5.88110088e-06 2.43632879e-05 4.84732882e-06 1.65061772e-05 4.36820862e-05 3.69641813e-05 1.55230140e-05 4.65965989e-05 3.80540325e-05 1.34263770e-05 4.72291675e-05 5.66658958e-05 9.70602487e-06 4.10585331e-05 1.11580670e-04 2.79059168e-05 2.21198988e-04 3.95240808e-04 1.58096323e-05 1.68297201e-04 2.95691541e-05 3.58116173e-05 3.26217235e-04 5.12436121e-04 9.20765992e-05 2.62963213e-04 8.44313690e-05 2.83694781e-05 6.28987910e-05 3.23040764e-05 8.72060562e-07 3.54365852e-09 1.00000000e-10
 2026 07 19 12 00 00  3.74346955e-03 2.27151251e-03 1.25557084e-03 9.04219795e-04 6.59321191e-04 3.65641466e-04 2.64260550e-04 2.24958390e-04 4.65547494e-04 1.33152252e-04 3.28775990e-03 4.94283214e-03 2.33640021e-04 6.80802690e-05 4.40714194e-05 1.21578376e-04 3.42602929e-05 5.82202571e-05 1.25119684e-04 7.45544152e-05 1.35784959e-04 1.65002687e-04 9.77842514e-05 7.05448767e-05 4.93741136e-06 9.43521591e-06 5.89383526e-06 2.45294511e-05 4.88051955e-06 1.66458727e-05 4.44013783e-05 3.71047237e-05 1.58830895e-05 4.74025022e-05 3.99953482e-05 1.34817368e-05 4.84827891e-05 5.82269861e-05 9.76688461e-06 4.24947269e-05 1.16474470e-04 2.91567878e-05 2.28620808e-04 4.13100038e-04 1.65240015e-05 1.78645466e-04 3.17671889e-05 3.82384402e-05 3.41027162e-04 5.29634469e-04 9.63278137e-05 2.74907919e-04 9.08146356e-05 3.06900869e-05 6.82559540e-05 3.59114783e-05 1.03711468e-06 1.02782451e-08 1.00000000e-10
 2026 07 20 12 00 00  3.79445286e-03 2.30527715e-03 1.27692808e-03 9.20373031e-04 6.73776984e-04 3.72002283e-04 2.70590765e-04 2.31938146e-04 4.83772153e-04 1.38069842e-04 3.43398337e-03 5.21905795e-03 2.40998859e-04 6.98464491e-05 4.51317394e-05 1.24497429e-04 3.50197952e-05 5.97462174e-05 1.28085257e-04 7.64393888e-05 1.39230561e-04 1.68980254e-04 9.97163538e-05 7.18072870e-05 4.98667105e-06 9.96201998e-06 5.92286342e-06 2.48501769e-05 4.92301187e-06 1.68858801e-05 4.57383540e-05 3.74002935e-05 1.66383732e-05 4.89554073e-05 4.24802274e-05 1.36079791e-05 5.07771670e-05 6.12202080e-05 1.01798003e-05 4.50905295e-05 1.25841928e-04 3.07561044e-05 2.45333391e-04 4.35957515e-04 1.74383006e-05 1.96204965e-04 3.63670930e-05 4.13416390e-05 3.66591511e-04 5.59265851e-04 1.02683812e-04 2.98803442e-04 1.03221454e-04 3.52003535e-05 7.86671135e-05 4.29119916e-05 1.35669123e-06 2.71997827e-08 1.39200909e-09
 2026 07 21 12 00 00  3.81774090e-03 2.32321795e-03 1.28805941e-03 9.28283637e-04 6.80588939e-04 3.74694116e-04 2.73415864e-04 2.35113142e-04 4.92081630e-04 1.40834090e-04 3.50048003e-03 5.33591807e-03 2.44769060e-04 7.10738077e-05 4.57199778e-05 1.26539147e-04 3.55561438e-05 6.08245842e-05 1.30489094e-04 7.80497736e-05 1.41548953e-04 1.71797428e-04 1.01047992e-04 7.27230982e-05 5.02142211e-06 1.01400634e-05 5.93713521e-06 2.50592153e-05 4.95939239e-06 1.70544074e-05 4.67195543e-05 3.76090524e-05 1.71731066e-05 4.99700860e-05 4.46072518e-05 1.36700080e-05 5.24371987e-05 6.33418452e-05 1.03193641e-05 4.68059832e-05 1.31176143e-04 3.21230938e-05 2.54140799e-04 4.55520707e-04 1.82208283e-05 2.08923003e-04 3.96306219e-05 4.39944648e-05 3.85728149e-04 5.80999221e-04 1.07731242e-04 3.16428062e-04 1.12812890e-04 3.86872298e-05 8.67163743e-05 4.83293127e-05 1.60435048e-06 4.03400897e-08 2.58916906e-09
 2026 07 22 12 00 00  3.91960195e-03 2.38205942e-03 1.32602008e-03 9.58685807e-04 7.08683961e-04 3.88123679e-04 2.86280017e-04 2.49088961e-04 5.28528668e-04 1.48879829e-04 3.79352534e-03 5.92024922e-03 2.58063665e-04 7.31277615e-05 4.74293569e-05 1.27745426e-04 3.55998171e-05 6.09141600e-05 1.32042620e-04 7.92285602e-05 1.42645671e-04 1.72046348e-04 1.01719283e-04 7.32917227e-05 5.02416842e-06 9.78635726e-06 5.94231096e-06 2.52169224e-05 4.98610134e-06 1.71906648e-05 4.70041412e-05 3.76261276e-05 1.72198648e-05 5.08141906e-05 4.61683056e-05 1.36924587e-05 5.31398848e-05 6.40764379e-05 1.00420883e-05 4.78626542e-05 1.41565111e-04 3.31243675e-05 2.59301732e-04 4.69875925e-04 1.87950370e-05 2.16169984e-04 3.99320619e-05 4.59379837e-05 3.93207827e-04 5.93691096e-04 1.10415385e-04 3.19037182e-04 1.14571167e-04 3.93267350e-05 8.81941014e-05 4.93410791e-05 1.65183919e-06 4.29524505e-08 2.82950481e-09
 2026 07 23 12 00 00  3.87222345e-03 2.35879956e-03 1.31060840e-03 9.45402075e-04 6.95940793e-04 3.81526565e-04 2.80185818e-04 2.42563493e-04 5.11547291e-04 1.45981361e-04 3.65671538e-03 5.63338473e-03 2.52545017e-04 7.28658973e-05 4.68319430e-05 1.26678891e-04 3.51556635e-05 6.00248110e-05 1.32373536e-04 7.98971567e-05 1.40468466e-04 1.69753620e-04 1.00667587e-04 7.29453019e-05 4.99521884e-06 9.70705732e-06 5.94589183e-06 2.50823720e-05 5.00135684e-06 1.71199159e-05 4.64787657e-05 3.74534080e-05 1.67836668e-05 5.01774389e-05 4.70593106e-05 1.37079740e-05 5.22733303e-05 6.27893489e-05 9.97987736e-06 4.77662115e-05 1.35958365e-04 3.36931553e-05 2.57303907e-04 4.78066101e-04 1.91226440e-05 2.13110020e-04 3.73030110e-05 4.70425875e-05 3.86610176e-04 5.85148528e-04 1.10634795e-04 3.10314950e-04 1.13379712e-04 3.88939334e-05 8.71966638e-05 4.86893114e-05 1.62344294e-06 4.15509348e-08 2.70446492e-09
 2026 07 24 12 00 00  3.87859161e-03 2.36379527e-03 1.31370129e-03 9.47563828e-04 6.97781332e-04 3.82250538e-04 2.80951636e-04 2.43425347e-04 5.13812634e-04 1.46753201e-04 3.67484243e-03 5.66525087e-03 2.53587331e-04 7.32062174e-05 4.69838114e-05 1.27130330e-04 3.52468982e-05 6.02100044e-05 1.32997554e-04 8.03559669e-05 1.40895484e-04 1.70252177e-04 1.00928784e-04 7.31346579e-05 5.00104798e-06 9.72912749e-06 5.95124511e-06 2.51256787e-05 5.01186441e-06 1.71589137e-05 4.66799738e-05 3.74889962e-05 1.68778133e-05 5.03928329e-05 4.76727961e-05 1.37312061e-05 5.26227268e-05 6.32243959e-05 9.99717449e-06 4.82074334e-05 1.37276294e-04 3.40838014e-05 2.59861543e-04 4.83704095e-04 1.93481638e-05 2.16204730e-04 3.78935016e-05 4.78014466e-05 3.90864692e-04 5.89951434e-04 1.11923455e-04 3.12939473e-04 1.14289896e-04 3.92250970e-05 8.79624742e-05 4.92204338e-05 1.64885096e-06 4.29836533e-08 2.83712449e-09
 2026 07 25 12 00 00  3.88529817e-03 2.36946410e-03 1.31718151e-03 9.49942531e-04 6.99776567e-04 3.82981635e-04 2.81750758e-04 2.44335519e-04 5.16201181e-04 1.47651949e-04 3.69392016e-03 5.69711812e-03 2.54753963e-04 7.36428949e-05 4.71747805e-05 1.28073348e-04 3.55217286e-05 6.07634836e-05 1.33969852e-04 8.09677294e-05 1.42042801e-04 1.71705890e-04 1.01572736e-04 7.34096842e-05 5.01881150e-06 9.68041568e-06 5.95858874e-06 2.52096181e-05 5.02571056e-06 1.72318952e-05 4.71471353e-05 3.75960022e-05 1.71534877e-05 5.07419364e-05 4.84821532e-05 1.37631097e-05 5.33870414e-05 6.42451666e-05 9.95900409e-06 4.87353271e-05 1.39412208e-04 3.46033135e-05 2.63417379e-04 4.91147288e-04 1.96458915e-05 2.21774421e-04 3.95843614e-05 4.88097605e-05 3.99702183e-04 5.99172305e-04 1.14065086e-04 3.15710725e-04 1.10772794e-04 3.79468027e-05 8.50131347e-05 4.72534666e-05 1.56021947e-06 3.83779636e-08 2.41995899e-09
 2026 07 26 12 00 00  3.88734190e-03 2.37098215e-03 1.31812781e-03 9.50612279e-04 7.00351395e-04 3.83219509e-04 2.81997466e-04 2.44610933e-04 5.16927322e-04 1.47881482e-04 3.69973355e-03 5.70773929e-03 2.55073997e-04 7.37408560e-05 4.72300215e-05 1.28157271e-04 3.55230033e-05 6.07676571e-05 1.34115678e-04 8.10883299e-05 1.42079171e-04 1.71730205e-04 1.01601839e-04 7.34583602e-05 5.01881914e-06 9.84125727e-06 5.96156278e-06 2.52246335e-05 5.02848961e-06 1.72395687e-05 4.71732449e-05 3.75965697e-05 1.71576612e-05 5.08231841e-05 4.86443081e-05 1.37760129e-05 5.34450363e-05 6.43080113e-05 1.00851299e-05 4.89423101e-05 1.39771090e-04 3.47061403e-05 2.65136728e-04 4.92636956e-04 1.97054782e-05 2.22548084e-04 3.96243209e-05 4.90095990e-05 4.00437399e-04 6.00132203e-04 1.14361107e-04 3.16564709e-04 1.11718232e-04 3.82906066e-05 8.58072675e-05 4.77936299e-05 1.58532173e-06 3.97404762e-08 2.54486316e-09
 2026 07 27 12 00 00  3.87719916e-03 2.36386262e-03 1.31365916e-03 9.47285508e-04 6.97401128e-04 3.81981898e-04 2.80742718e-04 2.43216370e-04 5.13295418e-04 1.46816934e-04 3.67062682e-03 5.65461181e-03 2.53540294e-04 7.33167727e-05 4.70070102e-05 1.28611326e-04 3.58293357e-05 6.13838260e-05 1.33769713e-04 8.05824297e-05 1.43215713e-04 1.73342185e-04 1.02136107e-04 7.35531937e-05 5.03865413e-06 9.87409585e-06 5.95839629e-06 2.52584929e-05 5.01726026e-06 1.72525488e-05 4.75203551e-05 3.77158140e-05 1.74635585e-05 5.09622083e-05 4.79865528e-05 1.37622003e-05 5.39249646e-05 6.50788058e-05 1.01108220e-05 4.87606195e-05 1.39597509e-04 3.42783489e-05 2.64477380e-04 4.86580942e-04 1.94632377e-05 2.23554020e-04 4.14936861e-05 4.81804658e-05 4.04525751e-04 6.03676734e-04 1.14136383e-04 3.21809134e-04 1.11307947e-04 3.81418191e-05 8.54655835e-05 4.75846728e-05 1.57727511e-06 3.94266117e-08 2.51911523e-09
 2026 07 28 12 00 00  3.87261359e-03 2.35994002e-03 1.31125433e-03 9.45619021e-04 6.95989024e-04 3.81479039e-04 2.80191086e-04 2.42585642e-04 5.11653411e-04 1.46189181e-04 3.65751904e-03 5.63335977e-03 2.52730483e-04 7.29980079e-05 4.68619198e-05 1.28639852e-04 3.59255035e-05 6.15783734e-05 1.33318942e-04 8.01387825e-05 1.43572991e-04 1.73860498e-04 1.02278665e-04 7.34956721e-05 5.04482887e-06 9.77872915e-06 5.95571873e-06 2.52499389e-05 5.00740898e-06 1.72423231e-05 4.75920122e-05 3.77532939e-05 1.75616107e-05 5.09173214e-05 4.74095403e-05 1.37504787e-05 5.39926408e-05 6.52521961e-05 1.00360441e-05 4.84573816e-05 1.39226848e-04 3.39031685e-05 2.63044100e-04 4.81268463e-04 1.92507385e-05 2.22724276e-04 4.21029690e-05 4.74532775e-05 4.04534396e-04 6.03169604e-04 1.13459115e-04 3.21945384e-04 1.09183796e-04 3.73700803e-05 8.36863861e-05 4.64144669e-05 1.52573017e-06 3.68383525e-08 2.28700010e-09
 2026 07 29 12 00 00  3.86798528e-03 2.35590252e-03 1.30878423e-03 9.43928078e-04 6.94568364e-04 3.80979829e-04 2.79638011e-04 2.41951639e-04 5.09998970e-04 1.45540386e-04 3.64431575e-03 5.61210886e-03 2.51901600e-04 7.26681656e-05 4.67199016e-05 1.27887777e-04 3.56827077e-05 6.10923453e-05 1.32543156e-04 7.96707696e-05 1.42593124e-04 1.72608684e-04 1.01734613e-04 7.32147286e-05 5.02899748e-06 9.75091170e-06 5.95494530e-06 2.51733186e-05 4.99695343e-06 1.71833970e-05 4.71984822e-05 3.76588840e-05 1.73234104e-05 5.05926849e-05 4.67975624e-05 1.37470706e-05 5.33492764e-05 6.44125383e-05 1.00141762e-05 4.80660261e-05 1.37691123e-04 3.35068704e-05 2.61418042e-04 4.75636066e-04 1.90254426e-05 2.18451938e-04 4.06685402e-05 4.66848258e-05 3.97318714e-04 5.95389157e-04 1.11788690e-04 3.16839165e-04 1.08443497e-04 3.71013990e-05 8.30683308e-05 4.60241634e-05 1.50972691e-06 3.61273933e-08 2.22570549e-09
 2026 07 30 12 00 00  3.84609152e-03 2.34098027e-03 1.29938217e-03 9.36887008e-04 6.88303552e-04 3.78280368e-04 2.76927517e-04 2.38952315e-04 5.02171182e-04 1.43339929e-04 3.58153733e-03 5.49524091e-03 2.48670863e-04 7.18356602e-05 4.62463263e-05 1.27419893e-04 3.56835051e-05 6.10949413e-05 1.31407235e-04 7.87308265e-05 1.42426412e-04 1.72623763e-04 1.01559998e-04 7.30839946e-05 5.02900220e-06 1.03354912e-05 5.95385391e-06 2.51443251e-05 4.97581750e-06 1.71260215e-05 4.70645756e-05 3.76592361e-05 1.73259992e-05 5.04883864e-05 4.55612113e-05 1.37422889e-05 5.30661313e-05 6.41486392e-05 1.04724044e-05 4.78357021e-05 1.35212640e-04 3.27098067e-05 2.61908115e-04 4.64261706e-04 1.85704683e-05 2.14846177e-04 4.06933046e-05 4.51385364e-05 3.92889616e-04 5.89946018e-04 1.09793532e-04 3.20881504e-04 1.14236865e-04 3.92076416e-05 8.79310681e-05 4.93037836e-05 1.66015327e-06 4.41458482e-08 2.95716927e-09
 2026 07 31 12 00 00  3.81316221e-03 2.31978743e-03 1.28592430e-03 9.26578439e-04 6.79009774e-04 3.74118175e-04 2.72821494e-04 2.34439493e-04 4.90395258e-04 1.40289730e-04 3.48700813e-03 5.31462803e-03 2.44017281e-04 7.08030493e-05 4.56024281e-05 1.26228290e-04 3.54392367e-05 6.06052403e-05 1.29927901e-04 7.76955567e-05 1.41186778e-04 1.71356361e-04 1.00830058e-04 7.25869695e-05 5.01310897e-06 9.80952536e-06 5.94397679e-06 2.49833857e-05 4.95250133e-06 1.70174057e-05 4.65709977e-05 3.75642237e-05 1.70850399e-05 4.97647271e-05 4.41975659e-05 1.36992850e-05 5.21575033e-05 6.30488856e-05 1.00600155e-05 4.66689366e-05 1.30455015e-04 3.18315928e-05 2.53984668e-04 4.51717284e-04 1.80686914e-05 2.07149933e-04 3.92355549e-05 4.34346235e-05 3.82616467e-04 5.77600552e-04 1.06843429e-04 3.14469061e-04 1.12079499e-04 3.84236642e-05 8.61228100e-05 4.81046195e-05 1.60661029e-06 4.14009456e-08 2.70950888e-09
 2026 08 01 12 00 00  3.79028128e-03 2.30278097e-03 1.27532700e-03 9.18917065e-04 6.72338839e-04 3.71415935e-04 2.70025067e-04 2.31310989e-04 4.82221389e-04 1.37699097e-04 3.42155488e-03 5.19776270e-03 2.40410832e-04 6.96907174e-05 4.50363709e-05 1.25239752e-04 3.53185838e-05 6.03637949e-05 1.28131221e-04 7.62907788e-05 1.40531523e-04 1.70735098e-04 1.00366287e-04 7.20895877e-05 5.00523820e-06 9.56975418e-06 5.93110854e-06 2.48637932e-05 4.92089093e-06 1.69171164e-05 4.61975095e-05 3.75173113e-05 1.69668027e-05 4.91940565e-05 4.23486810e-05 1.36432747e-05 5.14408310e-05 6.22507972e-05 9.87206440e-06 4.53887240e-05 1.26808619e-04 3.06401838e-05 2.46780220e-04 4.34708289e-04 1.73883316e-05 1.99598409e-04 3.85242136e-05 4.11231886e-05 3.73319186e-04 5.66301649e-04 1.03435500e-04 3.08067758e-04 1.07016526e-04 3.65834072e-05 8.18763207e-05 4.52659656e-05 1.47822340e-06 3.46930300e-08 2.10099671e-09
 2026 08 02 12 00 00  3.76155439e-03 2.28475609e-03 1.26384013e-03 9.10030110e-04 6.64281256e-04 3.67746957e-04 2.66432526e-04 2.27374123e-04 4.71948627e-04 1.35134598e-04 3.33905308e-03 5.03839925e-03 2.36428020e-04 6.88748927e-05 4.45058828e-05 1.23706812e-04 3.48843460e-05 5.94931189e-05 1.26816871e-04 7.55301386e-05 1.38575493e-04 1.68480564e-04 9.92968813e-05 7.14059230e-05 4.97699075e-06 9.43281702e-06 5.91660501e-06 2.47002508e-05 4.90368475e-06 1.67940496e-05 4.54813083e-05 3.73483985e-05 1.65382051e-05 4.83811067e-05 4.13428497e-05 1.35801500e-05 5.02306093e-05 6.06325118e-05 9.76472802e-06 4.41153005e-05 1.21706389e-04 2.99943174e-05 2.38756130e-04 4.25457928e-04 1.70183171e-05 1.90917107e-04 3.59301048e-05 3.98696837e-05 3.60291232e-04 5.51094700e-04 1.00507969e-04 2.93591145e-04 9.85428745e-05 3.35032732e-05 7.47678526e-05 4.05036034e-05 1.26206871e-06 2.33415836e-08 1.06976561e-09
 2026 08 03 12 00 00  3.75149763e-03 2.27772487e-03 1.25942528e-03 9.06767281e-04 6.61401539e-04 3.66523212e-04 2.65193948e-04 2.26000042e-04 4.68357663e-04 1.34088732e-04 3.31025518e-03 4.98527959e-03 2.34917262e-04 6.84661946e-05 4.42802104e-05 1.21787801e-04 3.41747742e-05 5.80699591e-05 1.25618040e-04 7.50514795e-05 1.35702084e-04 1.64791827e-04 9.77838443e-05 7.07195679e-05 4.93085281e-06 9.30009119e-06 5.90755662e-06 2.45126741e-05 4.89279410e-06 1.66599842e-05 4.44428350e-05 3.70723661e-05 1.58370778e-05 4.75421593e-05 4.07065905e-05 1.35407594e-05 4.85841489e-05 5.83376139e-05 9.66069856e-06 4.31601363e-05 1.17682721e-04 2.95873644e-05 2.32512352e-04 4.19608371e-04 1.67843348e-05 1.81168540e-04 3.16825695e-05 3.90795263e-05 3.43006497e-04 5.32749610e-04 9.74454832e-05 2.77982932e-04 9.52560500e-05 3.23085676e-05 7.20108618e-05 3.86589154e-05 1.17851275e-06 1.89665595e-08 6.72642164e-10
 2026 08 04 12 00 00  3.73018389e-03 2.26398621e-03 1.25070352e-03 9.00095517e-04 6.55391435e-04 3.63831249e-04 2.62537851e-04 2.23080873e-04 4.60738409e-04 1.32110916e-04 3.24908265e-03 4.86841314e-03 2.31903231e-04 6.77936295e-05 4.38535879e-05 1.20917443e-04 3.39975901e-05 5.77154220e-05 1.24646430e-04 7.43796933e-05 1.34827949e-04 1.63879950e-04 9.72752444e-05 7.03098912e-05 4.91929241e-06 9.10081289e-06 5.89154261e-06 2.44118682e-05 4.87755715e-06 1.65822944e-05 4.40948842e-05 3.70034715e-05 1.56635186e-05 4.70379885e-05 3.98161210e-05 1.34710674e-05 4.79581528e-05 5.75297340e-05 9.50452450e-06 4.21104008e-05 1.14189954e-04 2.90166150e-05 2.24916566e-04 4.11420299e-04 1.64568120e-05 1.75527013e-04 3.06388072e-05 3.79715959e-05 3.35834297e-04 5.24064890e-04 9.54209114e-05 2.70679624e-04 9.00191677e-05 3.04049028e-05 6.76170931e-05 3.57105552e-05 1.04435154e-06 1.18952709e-08 2.95899305e-11
 2026 08 05 12 00 00  3.72199093e-03 2.25804612e-03 1.24699142e-03 8.97393833e-04 6.53029517e-04 3.62852047e-04 2.61534622e-04 2.21963041e-04 4.57815238e-04 1.31215555e-04 3.22564881e-03 4.82591763e-03 2.30638641e-04 6.74235821e-05 4.36535193e-05 1.20007607e-04 3.37182981e-05 5.71561744e-05 1.23863851e-04 7.39286945e-05 1.33667048e-04 1.62438176e-04 9.66413098e-05 6.98673867e-05 4.90108869e-06 8.93759861e-06 5.88127696e-06 2.43159160e-05 4.86725185e-06 1.65117664e-05 4.36437782e-05 3.68948648e-05 1.53892193e-05 4.65529856e-05 3.92143207e-05 1.34263813e-05 4.72156967e-05 5.65264554e-05 9.37658842e-06 4.12563717e-05 1.11848157e-04 2.86328141e-05 2.19563886e-04 4.05888960e-04 1.62355584e-05 1.70243415e-04 2.89854856e-05 3.72261682e-05 3.27738477e-04 5.14843147e-04 9.36206881e-05 2.59774120e-04 8.23392529e-05 2.76132601e-05 6.11742912e-05 3.13926177e-05 8.48257295e-07 3.51935938e-09 1.00000000e-10
 2026 08 06 12 00 00  3.71525285e-03 2.25233348e-03 1.24348617e-03 8.94994927e-04 6.51015367e-04 3.62116788e-04 2.60730939e-04 2.21047356e-04 4.55415072e-04 1.30308632e-04 3.20646892e-03 4.79404740e-03 2.29463678e-04 6.69853523e-05 4.34688513e-05 1.19218076e-04 3.35085235e-05 5.67365089e-05 1.22945802e-04 7.33097200e-05 1.32799269e-04 1.61359313e-04 9.61404300e-05 6.94823075e-05 4.88739897e-06 8.84779001e-06 5.87218201e-06 2.42344252e-05 4.85319943e-06 1.64458737e-05 4.32664124e-05 3.68133042e-05 1.51838613e-05 4.61503928e-05 3.83931561e-05 1.33867899e-05 4.65820090e-05 5.57050102e-05 9.30622264e-06 4.04650246e-05 1.09865955e-04 2.81068205e-05 2.15040955e-04 3.98338531e-04 1.59335412e-05 1.65215696e-04 2.77510757e-05 3.62050370e-05 3.20395145e-04 5.06551046e-04 9.16665786e-05 2.51521056e-04 7.65860683e-05 2.55219693e-05 5.63477460e-05 2.81570237e-05 7.01254226e-07 1.00000000e-10 1.00000000e-10
 2026 08 07 12 00 00  3.69546408e-03 2.23897769e-03 1.23506060e-03 8.88670254e-04 6.45380494e-04 3.59667499e-04 2.58279972e-04 2.18339239e-04 4.48343639e-04 1.28348469e-04 3.14973567e-03 4.68780547e-03 2.26567390e-04 6.62569098e-05 4.30401799e-05 1.17685017e-04 3.30455863e-05 5.58087602e-05 1.21569099e-04 7.25063146e-05 1.30818686e-04 1.58961000e-04 9.50535281e-05 6.88874073e-05 4.85726268e-06 8.81332016e-06 5.86155220e-06 2.40798791e-05 4.83499862e-06 1.63250118e-05 4.25144144e-05 3.66332504e-05 1.47277984e-05 4.54410933e-05 3.73293442e-05 1.33405221e-05 4.53388343e-05 5.40431801e-05 9.27926158e-06 3.94433274e-05 1.05622561e-04 2.74244259e-05 2.08839575e-04 3.88555793e-04 1.55422317e-05 1.56583628e-04 2.49950594e-05 3.48804897e-05 3.06721098e-04 4.91317223e-04 8.85991771e-05 2.40449325e-04 7.34056097e-05 2.43657891e-05 5.36789978e-05 2.63635387e-05 6.19452294e-07 1.00000000e-10 1.00000000e-10
 2026 08 08 12 00 00  3.67660255e-03 2.22755221e-03 1.22774278e-03 8.82930678e-04 6.40136804e-04 3.57225007e-04 2.55912212e-04 2.15754976e-04 4.41599985e-04 1.26750173e-04 3.09553705e-03 4.58156466e-03 2.24020833e-04 6.57940170e-05 4.27106224e-05 1.16577468e-04 3.26912617e-05 5.50987839e-05 1.20802848e-04 7.21345830e-05 1.29266257e-04 1.57126550e-04 9.42244558e-05 6.84624330e-05 4.83419135e-06 8.73740355e-06 5.85390953e-06 2.39628734e-05 4.82646938e-06 1.62402100e-05 4.19701629e-05 3.64954409e-05 1.43789279e-05 4.48968958e-05 3.68315057e-05 1.33072550e-05 4.44416414e-05 5.28175171e-05 9.21983446e-06 3.87462955e-05 1.02151596e-04 2.71077937e-05 2.04083217e-04 3.83981118e-04 1.53592447e-05 1.50754901e-04 2.28878183e-05 3.42653395e-05 2.97346271e-04 4.80748567e-04 8.67734069e-05 2.31973644e-04 7.08501275e-05 2.34367143e-05 5.15340091e-05 2.49168212e-05 5.53091621e-07 1.00000000e-10 1.00000000e-10
 2026 08 09 12 00 00  3.68220202e-03 2.22802075e-03 1.22831897e-03 8.84007006e-04 6.41436469e-04 3.58194510e-04 2.56690010e-04 2.16535058e-04 4.43618370e-04 1.26622421e-04 3.11194493e-03 4.62406352e-03 2.24301801e-04 6.54328424e-05 4.26612934e-05 1.15796520e-04 3.24610999e-05 5.46376221e-05 1.19716202e-04 7.13754387e-05 1.28430014e-04 1.55935062e-04 9.37266262e-05 6.81745014e-05 4.81920397e-06 8.80749067e-06 5.84988084e-06 2.38971531e-05 4.80925446e-06 1.61771250e-05 4.15539060e-05 3.64059233e-05 1.41523298e-05 4.46310038e-05 3.58254008e-05 1.32897083e-05 4.37728762e-05 5.19626439e-05 9.27484871e-06 3.82400818e-05 1.01374333e-04 2.64628499e-05 2.02079329e-04 3.74729615e-04 1.49891846e-05 1.45654352e-04 2.15192311e-05 3.30133887e-05 2.89078815e-04 4.72253288e-04 8.44926072e-05 2.27600274e-04 7.09536158e-05 2.34741820e-05 5.16197511e-05 2.49656680e-05 5.54689774e-07 1.00000000e-10 1.00000000e-10
 2026 08 10 12 00 00  3.67075109e-03 2.22088190e-03 1.22376586e-03 8.80479594e-04 6.38235976e-04 3.56728540e-04 2.55257808e-04 2.14967227e-04 4.39525734e-04 1.25610511e-04 3.07906339e-03 4.56031933e-03 2.22723103e-04 6.51205270e-05 4.24582257e-05 1.15662079e-04 3.24795255e-05 5.46750438e-05 1.19389217e-04 7.10902736e-05 1.28408934e-04 1.56036030e-04 9.36877801e-05 6.81209885e-05 4.82038013e-06 8.87902643e-06 5.84858280e-06 2.38799817e-05 4.80270865e-06 1.61581639e-05 4.15335306e-05 3.64131120e-05 1.41713914e-05 4.45541519e-05 3.54433490e-05 1.32840534e-05 4.37055111e-05 5.19185728e-05 9.33101837e-06 3.80877303e-05 1.00203364e-04 2.62199348e-05 2.01377573e-04 3.71218932e-04 1.48487573e-05 1.44527441e-04 2.16390123e-05 3.25414294e-05 2.88068458e-04 4.70731819e-04 8.39336065e-05 2.28725827e-04 7.21098928e-05 2.38942863e-05 5.25883277e-05 2.56032880e-05 5.82817432e-07 1.00000000e-10 1.00000000e-10
 2026 08 11 12 00 00  3.68258332e-03 2.22877031e-03 1.22875206e-03 8.84255812e-04 6.41618634e-04 3.58202485e-04 2.56728884e-04 2.16591877e-04 4.43761878e-04 1.26764921e-04 3.11302688e-03 4.62406650e-03 2.24443169e-04 6.55489824e-05 4.27142394e-05 1.15635390e-04 3.23632266e-05 5.44420269e-05 1.19861720e-04 7.15542410e-05 1.28054118e-04 1.55433981e-04 9.35480110e-05 6.81671401e-05 4.81280731e-06 8.79782529e-06 5.84878508e-06 2.38822854e-05 4.81293901e-06 1.61701188e-05 4.14446398e-05 3.63678788e-05 1.40568940e-05 4.45865415e-05 3.60429927e-05 1.32849265e-05 4.36218870e-05 5.17137292e-05 9.26746579e-06 3.82838534e-05 1.01103290e-04 2.66116898e-05 2.01555586e-04 3.76742145e-04 1.50696858e-05 1.45234335e-04 2.09474529e-05 3.33003700e-05 2.87867348e-04 4.71341511e-04 8.45999047e-05 2.27449815e-04 7.30384323e-05 2.42315500e-05 5.33654224e-05 2.61091818e-05 6.04718213e-07 1.00000000e-10 1.00000000e-10
 2026 08 12 12 00 00  3.69078928e-03 2.23467409e-03 1.23244698e-03 8.86975966e-04 6.44014571e-04 3.59189793e-04 2.57739733e-04 2.17719220e-04 4.46700559e-04 1.27655901e-04 3.13655200e-03 4.66656573e-03 2.25708189e-04 6.59187004e-05 4.29022215e-05 1.16193462e-04 3.24963999e-05 5.47097297e-05 1.20540680e-04 7.20098033e-05 1.28650334e-04 1.56132966e-04 9.38931583e-05 6.84116536e-05 4.82143805e-06 8.79263389e-06 5.85499656e-06 2.39364303e-05 4.82297000e-06 1.62171486e-05 4.16931592e-05 3.64197098e-05 1.41895813e-05 4.48543875e-05 3.66310385e-05 1.33119480e-05 4.40512081e-05 5.22692703e-05 9.26349967e-06 3.87932533e-05 1.02769103e-04 2.69962387e-05 2.04483518e-04 3.82158995e-04 1.52863598e-05 1.48742352e-04 2.17568551e-05 3.40452651e-05 2.92918218e-04 4.77121358e-04 8.59901026e-05 2.31920294e-04 7.55234705e-05 2.51346117e-05 5.54483920e-05 2.74910360e-05 6.66455492e-07 1.00000000e-10 1.00000000e-10
 2026 08 13 12 00 00  3.70832928e-03 2.24607479e-03 1.23967776e-03 8.92507083e-04 6.48997896e-04 3.61399492e-04 2.59927241e-04 2.20127511e-04 4.52979295e-04 1.29306095e-04 3.18692458e-03 4.76218723e-03 2.28208929e-04 6.64980095e-05 4.32592932e-05 1.16426076e-04 3.24372231e-05 5.45916206e-05 1.21228208e-04 7.26056460e-05 1.28574606e-04 1.55831730e-04 9.39070109e-05 6.86069483e-05 4.81756251e-06 8.86634225e-06 5.86255846e-06 2.39712714e-05 4.83616277e-06 1.62503036e-05 4.17065724e-05 3.63967119e-05 1.41321623e-05 4.50701738e-05 3.74039984e-05 1.33448411e-05 4.41516527e-05 5.23180475e-05 9.32137264e-06 3.94119136e-05 1.04730170e-04 2.74998107e-05 2.08033020e-04 3.89276717e-04 1.55710687e-05 1.51117109e-04 2.14143161e-05 3.50211048e-05 2.94692569e-04 4.80201640e-04 8.71501285e-05 2.34495201e-04 8.01528469e-05 2.68171467e-05 5.93303348e-05 3.00790148e-05 7.83000382e-07 9.71843406e-10 1.00000000e-10
 2026 08 14 12 00 00  3.72464484e-03 2.25772235e-03 1.24697359e-03 8.97880446e-04 6.53731424e-04 3.63368115e-04 2.61936232e-04 2.22364546e-04 4.58816060e-04 1.31056619e-04 3.23367622e-03 4.84718271e-03 2.30705761e-04 6.72083032e-05 4.36214575e-05 1.17293351e-04 3.26016539e-05 5.49222925e-05 1.22433307e-04 7.34737958e-05 1.29363688e-04 1.56696212e-04 9.43881601e-05 6.90337913e-05 4.82821270e-06 9.05958732e-06 5.87567629e-06 2.40682956e-05 4.85547898e-06 1.63283467e-05 4.20624702e-05 3.64607200e-05 1.42962323e-05 4.55598614e-05 3.85351421e-05 1.34019065e-05 4.47965368e-05 5.31178106e-05 9.47291774e-06 4.04594719e-05 1.07694604e-04 2.82342982e-05 2.14578240e-04 3.99689844e-04 1.59875938e-05 1.57073535e-04 2.24163072e-05 3.64449108e-05 3.02458747e-04 4.89408222e-04 8.95550708e-05 2.42205484e-04 8.60329392e-05 2.89543697e-05 6.42619189e-05 3.33735901e-05 9.31860433e-07 6.15914146e-09 1.00000000e-10
 2026 08 15 12 00 00  3.73769802e-03 2.26539867e-03 1.25191328e-03 9.01807773e-04 6.57346554e-04 3.65076918e-04 2.63581589e-04 2.24155848e-04 4.63488097e-04 1.32116260e-04 3.27121645e-03 4.92155217e-03 2.32432873e-04 6.75040665e-05 4.38643061e-05 1.18729320e-04 3.31438525e-05 5.60113811e-05 1.23167960e-04 7.36699847e-05 1.31626662e-04 1.59532808e-04 9.55613411e-05 6.95390459e-05 4.86339086e-06 9.09064547e-06 5.87993600e-06 2.42065677e-05 4.85980781e-06 1.64260090e-05 4.28369701e-05 3.66717082e-05 1.48349340e-05 4.61972149e-05 3.87888431e-05 1.34204267e-05 4.60260744e-05 5.48495417e-05 9.49723399e-06 4.10507061e-05 1.11108182e-04 2.83999776e-05 2.18340844e-04 4.02026568e-04 1.60810627e-05 1.63908082e-04 2.56947620e-05 3.67658911e-05 3.15008164e-04 5.03007602e-04 9.15329980e-05 2.54103117e-04 8.84567062e-05 2.98353851e-05 6.62950915e-05 3.47349022e-05 9.93588128e-07 8.73933494e-09 1.00000000e-10
 2026 08 16 12 00 00  3.76259094e-03 2.28380885e-03 1.26339345e-03 9.10125166e-04 6.64598608e-04 3.68023449e-04 2.66626549e-04 2.27560778e-04 4.72383625e-04 1.34916434e-04 3.34243689e-03 5.04904203e-03 2.36343026e-04 6.86993430e-05 4.44697262e-05 1.20368122e-04 3.35218909e-05 5.67714334e-05 1.25324454e-04 7.51761138e-05 1.33332104e-04 1.61518266e-04 9.65690879e-05 7.02930928e-05 4.88788573e-06 9.48872039e-06 5.89248666e-06 2.43935986e-05 4.89356316e-06 1.65680022e-05 4.35817026e-05 3.68188514e-05 1.52118024e-05 4.70889018e-05 4.07640298e-05 1.34750080e-05 4.73317913e-05 5.64635606e-05 9.80933182e-06 4.26222661e-05 1.15910628e-04 2.96762388e-05 2.27005752e-04 4.20201821e-04 1.68080728e-05 1.74616544e-04 2.79946835e-05 3.92412243e-05 3.30295812e-04 5.20755005e-04 9.58975438e-05 2.67498635e-04 9.63629318e-05 3.27093108e-05 7.29279072e-05 3.91814499e-05 1.19561423e-06 1.93643409e-08 6.96053171e-10
 2026 08 17 12 00 00  3.78115068e-03 2.29740716e-03 1.27188300e-03 9.16292218e-04 6.69984514e-04 3.70229517e-04 2.68898666e-04 2.30098074e-04 4.79014643e-04 1.36976991e-04 3.39553624e-03 5.14465757e-03 2.39236521e-04 6.95602332e-05 4.48973468e-05 1.21336189e-04 3.37077683e-05 5.71460230e-05 1.26795601e-04 7.62583222e-05 1.34225003e-04 1.62504084e-04 9.71261155e-05 7.06469720e-05 4.89988888e-06 9.36494835e-06 5.89867632e-06 2.44868423e-05 4.91785031e-06 1.66567109e-05 4.39973610e-05 3.68912355e-05 1.53986824e-05 4.75014596e-05 4.21849691e-05 1.35019145e-05 4.80696659e-05 5.73527899e-05 9.71229310e-06 4.33496397e-05 1.19000813e-04 3.05935449e-05 2.30435154e-04 4.33275978e-04 1.73310391e-05 1.81114117e-04 2.91430333e-05 4.10205248e-05 3.39459787e-04 5.31134510e-04 9.87791338e-05 2.69992953e-04 9.44999470e-05 3.20321833e-05 7.13654920e-05 3.81380846e-05 1.14850146e-06 1.69086363e-08 4.73431694e-10
 2026 08 18 12 00 00  3.78886453e-03 2.30235847e-03 1.27502863e-03 9.18693536e-04 6.72144841e-04 3.71202854e-04 2.69858540e-04 2.31152303e-04 4.81770448e-04 1.37687583e-04 3.41765651e-03 5.18715158e-03 2.40323142e-04 6.98001968e-05 4.50537045e-05 1.21583384e-04 3.37422767e-05 5.72169025e-05 1.27114654e-04 7.64938479e-05 1.34441272e-04 1.62701813e-04 9.72580945e-05 7.07383878e-05 4.90205457e-06 9.53288254e-06 5.90333730e-06 2.45204618e-05 4.92319341e-06 1.66790709e-05 4.40864473e-05 3.69047310e-05 1.54358015e-05 4.76594662e-05 4.24972299e-05 1.35221664e-05 4.82431343e-05 5.75631304e-05 9.84391299e-06 4.36657940e-05 1.20115601e-04 3.07936571e-05 2.33099097e-04 4.36147227e-04 1.74458891e-05 1.82855838e-04 2.93831283e-05 4.14089940e-05 3.41495463e-04 5.33605807e-04 9.94246462e-05 2.70649964e-04 9.42990353e-05 3.19593715e-05 7.11985127e-05 3.80387127e-05 1.14489145e-06 1.67871292e-08 4.64125094e-10
