#START
 2008 01 01 12 00 00  3.52374649e-03 2.13782797e-03 1.16989952e-03 8.24513201e-04 5.79721026e-04 3.34562961e-04 2.33997150e-04 1.91157175e-04 3.82863292e-04 1.12808580e-04 2.62800688e-03 3.85619514e-03 2.01760441e-04 5.85588534e-05 3.90554421e-05 1.04457550e-04 2.82672205e-05 4.65796882e-05 1.03269229e-04 6.44917309e-05 1.14276511e-04 1.38779788e-04 8.63176409e-05 6.43331184e-05 4.53474058e-06 8.69163123e-06 5.84598056e-06 2.21690856e-05 4.75072520e-06 1.50631081e-05 3.75727730e-05 3.48084082e-05 1.07844935e-05 4.03472372e-05 3.18119448e-05 1.32717716e-05 3.58734326e-05 4.12276172e-05 9.15792334e-06 3.36110244e-05 7.02065604e-05 2.14216067e-05 1.76930202e-04 3.34732982e-04 1.33893193e-05 9.68450770e-05 4.83014301e-06 2.37409928e-05 1.95702291e-04 3.74092765e-04 6.21591121e-05 1.38292976e-04 2.48867165e-05 6.85031644e-06 1.38447810e-05 6.60245868e-06 2.21405428e-07 6.35658708e-09 4.84804064e-10
 2008 01 02 12 00 00  3.53576125e-03 2.14611053e-03 1.17511074e-03 8.28401465e-04 5.83173166e-04 3.36036801e-04 2.35483034e-04 1.92804095e-04 3.87160608e-04 1.14036108e-04 2.66245589e-03 3.91994156e-03 2.03549802e-04 5.90378794e-05 3.93301955e-05 1.05772144e-04 2.86400289e-05 4.75302775e-05 1.04353467e-04 6.50390750e-05 1.16253479e-04 1.41302637e-04 8.73849819e-05 6.48167445e-05 4.56139896e-06 8.70754666e-06 5.85658308e-06 2.23037488e-05 4.76295681e-06 1.51581061e-05 3.80940578e-05 3.49623646e-05 1.10924673e-05 4.08724001e-05 3.25278845e-05 1.33225694e-05 3.68761830e-05 4.26046779e-05 9.17115976e-06 3.43587905e-05 7.31837734e-05 2.18851230e-05 1.82271687e-04 3.41322045e-04 1.36528818e-05 1.02973567e-04 6.87586726e-06 2.46398005e-05 2.05582075e-04 3.84259408e-04 6.42336964e-05 1.44812541e-04 2.55963065e-05 7.10817642e-06 1.44395278e-05 6.99674872e-06 2.39001568e-07 7.25797005e-09 5.66113956e-10
 2008 01 03 12 00 00  3.53995383e-03 2.14924163e-03 1.17706081e-03 8.29817770e-04 5.84410269e-04 3.36532585e-04 2.35997011e-04 1.93379987e-04 3.88661329e-04 1.14515063e-04 2.67446833e-03 3.94119211e-03 2.04214645e-04 5.92479691e-05 3.94372950e-05 1.06244936e-04 2.87678617e-05 4.78515023e-05 1.04817695e-04 6.53051247e-05 1.16916979e-04 1.42149247e-04 8.77506916e-05 6.49939266e-05 4.57050919e-06 8.71192169e-06 5.86013557e-06 2.23529256e-05 4.76886853e-06 1.51941152e-05 3.82827260e-05 3.50149319e-05 1.11982663e-05 4.10615632e-05 3.28741182e-05 1.33395413e-05 3.72375213e-05 4.30883947e-05 9.17479847e-06 3.46457600e-05 7.42429840e-05 2.21101480e-05 1.84134609e-04 3.44509653e-04 1.37803861e-05 1.05337852e-04 7.56968439e-06 2.50759709e-05 2.09305506e-04 3.88126746e-04 6.51097747e-05 1.47029500e-04 2.57948511e-05 7.18031827e-06 1.46058825e-05 7.10658737e-06 2.43870866e-07 7.50490390e-09 5.88323523e-10
 2008 01 04 12 00 00  3.55183785e-03 2.15724892e-03 1.18211410e-03 8.33623674e-04 5.87808193e-04 3.38005965e-04 2.37471422e-04 1.95009674e-04 3.92912594e-04 1.15691011e-04 2.70856214e-03 4.00493890e-03 2.05954267e-04 5.96902055e-05 3.97006969e-05 1.07537814e-04 2.91411561e-05 4.88026853e-05 1.05828699e-04 6.57908269e-05 1.18894132e-04 1.44672869e-04 8.88126518e-05 6.54558990e-05 4.59719813e-06 8.71336379e-06 5.87074064e-06 2.24843774e-05 4.77971807e-06 1.52865000e-05 3.87954842e-05 3.51690600e-05 1.15066694e-05 4.15685085e-05 3.35091929e-05 1.33903435e-05 3.82219727e-05 4.44511930e-05 9.17599682e-06 3.53468152e-05 7.71815007e-05 2.25214215e-05 1.89356652e-04 3.50354642e-04 1.40141857e-05 1.11238518e-04 9.61703772e-06 2.58734566e-05 2.18911523e-04 3.97934617e-04 6.70540854e-05 1.53059295e-04 2.58627470e-05 7.20498310e-06 1.46627317e-05 7.14380465e-06 2.45497519e-07 7.58559597e-09 5.95533711e-10
 2008 01 05 12 00 00  3.55610306e-03 2.16053667e-03 1.18415401e-03 8.35085525e-04 5.89074261e-04 3.38501371e-04 2.37991451e-04 1.95594855e-04 3.94438683e-04 1.16199291e-04 2.72076882e-03 4.02618870e-03 2.06647261e-04 5.99212745e-05 3.98142711e-05 1.08022201e-04 2.92680110e-05 4.91227198e-05 1.06334530e-04 6.60921389e-05 1.19556456e-04 1.45517931e-04 8.91809866e-05 6.56396928e-05 4.60624724e-06 8.71855809e-06 5.87428767e-06 2.25346886e-05 4.78641887e-06 1.53238673e-05 3.89880333e-05 3.52212868e-05 1.16116120e-05 4.17631767e-05 3.39016173e-05 1.34073038e-05 3.85921741e-05 4.49415904e-05 9.18031801e-06 3.56501379e-05 7.82593687e-05 2.27763099e-05 1.91245718e-04 3.53967278e-04 1.41586911e-05 1.13723062e-04 1.03076032e-05 2.63675465e-05 2.22781498e-04 4.01973344e-04 6.80033861e-05 1.55296559e-04 2.60888561e-05 7.28716216e-06 1.48523359e-05 7.27022059e-06 2.51191312e-07 7.88127910e-09 6.22310692e-10
 2008 01 06 12 00 00  3.55945835e-03 2.16193335e-03 1.18510856e-03 8.35972762e-04 5.89955141e-04 3.38989675e-04 2.38429525e-04 1.96058145e-04 3.95642655e-04 1.16352951e-04 2.73048565e-03 4.04743813e-03 2.06997344e-04 5.98992619e-05 3.98497962e-05 1.08352266e-04 2.93938996e-05 4.94415639e-05 1.06335505e-04 6.59701065e-05 1.20216533e-04 1.46361445e-04 8.95096153e-05 6.57262677e-05 4.61523523e-06 8.69719734e-06 5.87783034e-06 2.25664090e-05 4.78364818e-06 1.53424579e-05 3.91198732e-05 3.52731702e-05 1.17156967e-05 4.18753599e-05 3.37396952e-05 1.34242538e-05 3.88396272e-05 4.53311360e-05 9.16254430e-06 3.57279807e-05 7.90615709e-05 2.26726072e-05 1.92658311e-04 3.52478483e-04 1.40991393e-05 1.14662919e-04 1.09949178e-05 2.61662208e-05 2.24710285e-04 4.03721390e-04 6.80500952e-05 1.56542347e-04 2.51836817e-05 6.95812016e-06 1.40928860e-05 6.76057059e-06 2.27997859e-07 6.65862601e-09 5.11119769e-10
 2008 01 07 12 00 00  3.55366338e-03 2.15822642e-03 1.18275239e-03 8.34163341e-04 5.88321415e-04 3.38255544e-04 2.37706352e-04 1.95263765e-04 3.93569825e-04 1.15820747e-04 2.71384799e-03 4.01556604e-03 2.06181843e-04 5.97181052e-05 3.97304083e-05 1.07731968e-04 2.92089506e-05 4.89680620e-05 1.05910435e-04 6.57938013e-05 1.19229913e-04 1.45102351e-04 8.89858521e-05 6.55014911e-05 4.60199772e-06 8.68719071e-06 5.87253671e-06 2.25031974e-05 4.77970061e-06 1.52995123e-05 3.88741355e-05 3.51966999e-05 1.15629970e-05 4.16274211e-05 3.35086952e-05 1.33988709e-05 3.83669507e-05 4.46672774e-05 9.15422061e-06 3.53958631e-05 7.76404002e-05 2.25232434e-05 1.90062924e-04 3.50352739e-04 1.40141096e-05 1.11956399e-04 9.97693642e-06 2.58765474e-05 2.20234177e-04 3.99156657e-04 6.72227033e-05 1.53275869e-04 2.47513515e-05 6.80098281e-06 1.37303005e-05 6.51838798e-06 2.17058540e-07 6.08814279e-09 4.59395411e-10
 2008 01 08 12 00 00  3.54984843e-03 2.15584776e-03 1.18123508e-03 8.32988541e-04 5.87255846e-04 3.37767614e-04 2.37229342e-04 1.94741476e-04 3.92206057e-04 1.15483525e-04 2.70289514e-03 3.99431810e-03 2.05655628e-04 5.96104401e-05 3.96548383e-05 1.07327855e-04 2.90869473e-05 4.86539735e-05 1.05654423e-04 6.56978285e-05 1.18573044e-04 1.44264998e-04 8.86394274e-05 6.53350891e-05 4.59325420e-06 8.65134789e-06 5.86901442e-06 2.24603838e-05 4.77752401e-06 1.52720634e-05 3.87134087e-05 3.51461757e-05 1.14623384e-05 4.14484214e-05 3.33814794e-05 1.33819631e-05 3.80560145e-05 4.42301020e-05 9.12439864e-06 3.51462229e-05 7.67087732e-05 2.24417032e-05 1.88208418e-04 3.49182944e-04 1.39673178e-05 1.10216701e-04 9.30259994e-06 2.57182604e-05 2.17365592e-04 3.96151076e-04 6.67194392e-05 1.50202976e-04 2.32221882e-05 6.24513864e-06 1.24474964e-05 5.65893813e-06 1.78047726e-07 4.03932763e-09 2.73265410e-10
 2008 01 09 12 00 00  3.54788267e-03 2.15452241e-03 1.18039878e-03 8.32365730e-04 5.86703760e-04 3.37525460e-04 2.36986947e-04 1.94473914e-04 3.91505065e-04 1.15289700e-04 2.69727112e-03 3.98369506e-03 2.05368859e-04 5.95392046e-05 3.96116605e-05 1.07118053e-04 2.90283730e-05 4.84999036e-05 1.05493861e-04 6.56201621e-05 1.18248011e-04 1.43850179e-04 8.84649617e-05 6.52579556e-05 4.58903523e-06 8.64841568e-06 5.86726601e-06 2.24395275e-05 4.77573849e-06 1.52574888e-05 3.86315033e-05 3.51217604e-05 1.14141505e-05 4.13644671e-05 3.32772761e-05 1.33735361e-05 3.78962247e-05 4.40090370e-05 9.12195901e-06 3.50285314e-05 7.62347119e-05 2.23755225e-05 1.87347998e-04 3.48225540e-04 1.39290216e-05 1.09264281e-04 8.97354694e-06 2.55896681e-05 2.15829626e-04 3.94573204e-04 6.64092294e-05 1.49157517e-04 2.30941324e-05 6.19859784e-06 1.23401206e-05 5.58739443e-06 1.74828805e-07 3.87242691e-09 2.58157629e-10
 2008 01 10 12 00 00  3.54588875e-03 2.15315540e-03 1.17953816e-03 8.31723774e-04 5.86133981e-04 3.37280470e-04 2.36740516e-04 1.94201098e-04 3.90792578e-04 1.15087779e-04 2.69155702e-03 3.97307090e-03 2.05073525e-04 5.94617642e-05 3.95665924e-05 1.06901160e-04 2.89668853e-05 4.83422657e-05 1.05319151e-04 6.55327050e-05 1.17919463e-04 1.43430727e-04 8.82877747e-05 6.51820225e-05 4.58463292e-06 8.65122929e-06 5.86550195e-06 2.24177783e-05 4.77376088e-06 1.52419323e-05 3.85456594e-05 3.50963295e-05 1.13633920e-05 4.12810825e-05 3.31616640e-05 1.33650770e-05 3.77312172e-05 4.37815699e-05 9.12430187e-06 3.49127273e-05 7.57437135e-05 2.23012699e-05 1.86491934e-04 3.47162266e-04 1.38864906e-05 1.08262355e-04 8.63475434e-06 2.54455605e-05 2.14208425e-04 3.92922733e-04 6.60727433e-05 1.48246289e-04 2.32003239e-05 6.23723099e-06 1.24294416e-05 5.64912712e-06 1.77767032e-07 4.03703577e-09 2.73373835e-10
 2008 01 11 12 00 00  3.54189745e-03 2.15042101e-03 1.17781632e-03 8.30436436e-04 5.84989646e-04 3.36789578e-04 2.36246613e-04 1.93654108e-04 3.89365137e-04 1.14683597e-04 2.68011257e-03 3.95182222e-03 2.04481984e-04 5.93057007e-05 3.94761196e-05 1.06465519e-04 2.88429379e-05 4.80258022e-05 1.04965192e-04 6.53562427e-05 1.17261035e-04 1.42590294e-04 8.79327483e-05 6.50262196e-05 4.57576716e-06 8.65168695e-06 5.86196948e-06 2.23735998e-05 4.76981440e-06 1.52105902e-05 3.83732111e-05 3.50451242e-05 1.12610200e-05 4.11106324e-05 3.29306873e-05 1.33481473e-05 3.73995940e-05 4.33247207e-05 9.12468313e-06 3.46739494e-05 7.47569079e-05 2.21518043e-05 1.84747373e-04 3.45036611e-04 1.38014645e-05 1.06246852e-04 7.95392843e-06 2.51557154e-05 2.10946897e-04 3.89587523e-04 6.53945415e-05 1.46268760e-04 2.32200087e-05 6.24438605e-06 1.24459518e-05 5.66017050e-06 1.78266936e-07 4.06318863e-09 2.75747158e-10
 2008 01 12 12 00 00  3.53973511e-03 2.14870000e-03 1.17675261e-03 8.29688293e-04 5.84349723e-04 3.36543886e-04 2.35985332e-04 1.93359030e-04 3.88593289e-04 1.14415340e-04 2.67394017e-03 3.94119881e-03 2.04122640e-04 5.91809250e-05 3.94164504e-05 1.06220530e-04 2.87819392e-05 4.78687638e-05 1.04696283e-04 6.51894894e-05 1.16932837e-04 1.42171630e-04 8.77485595e-05 6.49300432e-05 4.57139540e-06 8.64606409e-06 5.86020833e-06 2.23483498e-05 4.76606037e-06 1.51916461e-05 3.82765870e-05 3.50198592e-05 1.12106929e-05 4.10101161e-05 3.27111222e-05 1.33396941e-05 3.72119942e-05 4.30792383e-05 9.12000178e-06 3.45119738e-05 7.42166130e-05 2.20103655e-05 1.83788357e-04 3.43016738e-04 1.37206695e-05 1.04957937e-04 7.61677293e-06 2.48813012e-05 2.08971634e-04 3.87507524e-04 6.48902363e-05 1.45092488e-04 2.29958251e-05 6.16285852e-06 1.22576169e-05 5.53184572e-06 1.72287772e-07 3.73748748e-09 2.45860932e-10
 2008 01 13 12 00 00  3.53743461e-03 2.14670156e-03 1.17552962e-03 8.28852561e-04 5.83648535e-04 3.36295486e-04 2.35710813e-04 1.93044762e-04 3.87772081e-04 1.14095009e-04 2.66738278e-03 3.93057354e-03 2.03712650e-04 5.90192184e-05 3.93453957e-05 1.05950972e-04 2.87189934e-05 4.77093359e-05 1.04353664e-04 6.49612106e-05 1.16602281e-04 1.41749860e-04 8.75574121e-05 6.48257810e-05 4.56690141e-06 8.64617177e-06 5.85843700e-06 2.23204708e-05 4.76092391e-06 1.51696163e-05 3.81693963e-05 3.49939190e-05 1.11586480e-05 4.09025415e-05 3.24107008e-05 1.33312191e-05 3.70054102e-05 4.28167314e-05 9.12009127e-06 3.43287983e-05 7.36299377e-05 2.18167610e-05 1.82797641e-04 3.40252971e-04 1.36101189e-05 1.03437501e-04 7.27310326e-06 2.45056959e-05 2.06688047e-04 3.85098624e-04 6.42514321e-05 1.44050157e-04 2.30127817e-05 6.16899281e-06 1.22716308e-05 5.53955359e-06 1.72516530e-07 3.74034306e-09 2.45887399e-10
 2008 01 14 12 00 00  3.52196235e-03 2.13678813e-03 1.16923018e-03 8.24014955e-04 5.79280622e-04 3.34335733e-04 2.33779706e-04 1.90923059e-04 3.82237217e-04 1.12670433e-04 2.62295514e-03 3.84557843e-03 2.01532443e-04 5.85325572e-05 3.90259292e-05 1.04292277e-04 2.82236957e-05 4.64440673e-05 1.03212999e-04 6.44853688e-05 1.13969181e-04 1.38388886e-04 8.61587959e-05 6.42400899e-05 4.53146895e-06 8.64120520e-06 5.84431036e-06 2.21524564e-05 4.75026536e-06 1.50544291e-05 3.75116034e-05 3.47892637e-05 1.07495864e-05 4.02526936e-05 3.17869795e-05 1.32635090e-05 3.57431250e-05 4.10428970e-05 9.11595707e-06 3.34681871e-05 6.98301529e-05 2.14135915e-05 1.75969340e-04 3.34513405e-04 1.33805362e-05 9.61986055e-05 4.55141526e-06 2.37237720e-05 1.94695251e-04 3.72934897e-04 6.20290591e-05 1.36014269e-04 2.28089552e-05 6.09488393e-06 1.21005054e-05 5.42380631e-06 1.67183719e-07 3.45429445e-09 2.19748619e-10
 2008 01 15 12 00 00  3.51230723e-03 2.13062180e-03 1.16531016e-03 8.21001340e-04 5.76557954e-04 3.33111155e-04 2.32574302e-04 1.89599268e-04 3.78783658e-04 1.11785719e-04 2.59523057e-03 3.79245728e-03 2.00175446e-04 5.82327967e-05 3.88276090e-05 1.03258482e-04 2.79143162e-05 4.56534995e-05 1.02509541e-04 6.41952036e-05 1.12323290e-04 1.36288568e-04 8.52854055e-05 6.38631142e-05 4.50933476e-06 8.62095694e-06 5.83548172e-06 2.20466651e-05 4.74374865e-06 1.49827791e-05 3.71009113e-05 3.46614164e-05 1.04940846e-05 3.98373960e-05 3.14057339e-05 1.32211921e-05 3.49544583e-05 3.99352665e-05 9.09910814e-06 3.29110695e-05 6.74588505e-05 2.11676044e-05 1.71620703e-04 3.31005722e-04 1.32402289e-05 9.16886453e-05 2.85097176e-06 2.32466016e-05 1.87234603e-04 3.65318689e-04 6.06558754e-05 1.30463705e-04 2.19615038e-05 5.78679967e-06 1.13893031e-05 4.94507736e-06 1.45292685e-07 2.29239694e-09 1.13882714e-10
 2008 01 16 12 00 00  3.50536560e-03 2.12731911e-03 1.16310982e-03 8.19084391e-04 5.74709861e-04 3.32136935e-04 2.31680124e-04 1.88644758e-04 3.76297592e-04 1.11383641e-04 2.57518900e-03 3.74995992e-03 1.99385320e-04 5.82112050e-05 3.87362533e-05 1.02563666e-04 2.76669074e-05 4.50211577e-05 1.02381770e-04 6.43282197e-05 1.11007082e-04 1.34608461e-04 8.46204550e-05 6.36312821e-05 4.49163381e-06 8.60839500e-06 5.82841931e-06 2.19765834e-05 4.74670414e-06 1.49415090e-05 3.68233272e-05 3.45591747e-05 1.02897655e-05 3.95642948e-05 3.15788522e-05 1.31873399e-05 3.44265150e-05 3.91340071e-05 9.08865404e-06 3.26342242e-05 6.57948430e-05 2.12801067e-05 1.68450086e-04 3.32599537e-04 1.33039815e-05 8.94049854e-05 1.49093212e-06 2.34646679e-05 1.82929691e-04 3.61131069e-04 6.03344605e-05 1.26262542e-04 2.14394559e-05 5.59700443e-06 1.09511241e-05 4.64961113e-06 1.31744804e-07 1.57054660e-09 4.80416928e-11
 2008 01 17 12 00 00  3.51168159e-03 2.12932069e-03 1.16456388e-03 8.20607360e-04 5.76294758e-04 3.33106018e-04 2.32518189e-04 1.89515988e-04 3.78563367e-04 1.11542032e-04 2.59352050e-03 3.79245654e-03 1.99940221e-04 5.80602274e-05 3.87743606e-05 1.03152952e-04 2.79133441e-05 4.56523063e-05 1.02167909e-04 6.39062317e-05 1.12321537e-04 1.36287021e-04 8.52579554e-05 6.38009884e-05 4.50927400e-06 8.60929649e-06 5.83547662e-06 2.20342899e-05 4.73722430e-06 1.49698624e-05 3.70584612e-05 3.46610788e-05 1.04932267e-05 3.97848584e-05 3.10242787e-05 1.32211804e-05 3.48703590e-05 3.98659960e-05 9.08940347e-06 3.27650039e-05 6.72694563e-05 2.09223406e-05 1.71324725e-04 3.27497166e-04 1.30998866e-05 9.06308114e-05 2.84772032e-06 2.27706551e-05 1.85902547e-04 3.63768158e-04 6.00393538e-05 1.30003318e-04 2.14863514e-05 5.61403060e-06 1.09903196e-05 4.67472481e-06 1.32802113e-07 1.61982914e-09 5.23599941e-11
 2008 01 18 12 00 00  3.51323641e-03 2.12978078e-03 1.16490386e-03 8.20971714e-04 5.76676947e-04 3.33346689e-04 2.32724600e-04 1.89729551e-04 3.79120036e-04 1.11573811e-04 2.59802901e-03 3.80308032e-03 2.00070830e-04 5.80162457e-05 3.87819863e-05 1.03294677e-04 2.79733737e-05 4.58081544e-05 1.02099940e-04 6.37907418e-05 1.12647363e-04 1.36704150e-04 8.54154715e-05 6.38188010e-05 4.51358428e-06 8.57831401e-06 5.83723304e-06 2.20458148e-05 4.73466425e-06 1.49762250e-05 3.71136998e-05 3.46860004e-05 1.05426981e-05 3.98188600e-05 3.08742834e-05 1.32296249e-05 3.49737832e-05 4.00427912e-05 9.06362402e-06 3.27519032e-05 6.76229606e-05 2.08247075e-05 1.71867790e-04 3.26116032e-04 1.30446413e-05 9.08751842e-05 3.18163584e-06 2.25814409e-05 1.86579019e-04 3.64258326e-04 5.99413095e-05 1.29932979e-04 2.01702906e-05 5.13563418e-06 9.88618746e-06 3.93419357e-06 9.91324157e-08 1.87098337e-10 1.00000000e-10
 2008 01 19 12 00 00  3.51212385e-03 2.13026358e-03 1.16510428e-03 8.20884205e-04 5.76473142e-04 3.33105955e-04 2.32555821e-04 1.89572922e-04 3.78717272e-04 1.11718315e-04 2.59471127e-03 3.79245505e-03 2.00109454e-04 5.81848149e-05 3.88128313e-05 1.03224465e-04 2.79099448e-05 4.56481415e-05 1.02412346e-04 6.41156163e-05 1.12316496e-04 1.36281618e-04 8.52752481e-05 6.38119163e-05 4.50905973e-06 8.57218038e-06 5.83545916e-06 2.20390383e-05 4.74197368e-06 1.49784330e-05 3.70837329e-05 3.46598885e-05 1.04902276e-05 3.97935110e-05 3.13018187e-05 1.32211440e-05 3.49220290e-05 3.99075807e-05 9.05852066e-06 3.28094912e-05 6.73864812e-05 2.11002320e-05 1.71282455e-04 3.30049213e-04 1.32019685e-05 9.13401387e-05 2.83635472e-06 2.31159749e-05 1.86809736e-04 3.64694165e-04 6.04784520e-05 1.28864799e-04 1.99095176e-05 5.04084239e-06 9.66741098e-06 3.78749492e-06 9.24647612e-08 1.00000000e-10 1.00000000e-10
 2008 01 20 12 00 00  3.51019508e-03 2.12905129e-03 1.16433214e-03 8.20282028e-04 5.75924538e-04 3.32858345e-04 2.32313560e-04 1.89307227e-04 3.78026380e-04 1.11545168e-04 2.58916017e-03 3.78182940e-03 1.99841171e-04 5.81277516e-05 3.87740692e-05 1.03016045e-04 2.78450607e-05 4.54863388e-05 1.02276753e-04 6.40628685e-05 1.11983409e-04 1.35856781e-04 8.50991188e-05 6.37321763e-05 4.50444350e-06 8.56250990e-06 5.83367801e-06 2.20168005e-05 4.74078879e-06 1.49637467e-05 3.69989013e-05 3.46332643e-05 1.04364721e-05 3.97064420e-05 3.12324963e-05 1.32126486e-05 3.47617194e-05 3.96822924e-05 9.05047491e-06 3.26915299e-05 6.69031684e-05 2.10555125e-05 1.70369780e-04 3.29411436e-04 1.31764575e-05 9.04320482e-05 2.48620745e-06 2.30292266e-05 1.85298472e-04 3.63138457e-04 6.02095291e-05 1.27539873e-04 1.94972058e-05 4.89096803e-06 9.32152091e-06 3.55571927e-06 8.19416808e-08 1.00000000e-10 1.00000000e-10
 2008 01 21 12 00 00  3.51199607e-03 2.13002281e-03 1.16496597e-03 8.20802537e-04 5.76411880e-04 3.33100699e-04 2.32542259e-04 1.89554074e-04 3.78670910e-04 1.11673053e-04 2.59434307e-03 3.79245244e-03 2.00064968e-04 5.81532246e-05 3.88030955e-05 1.03199839e-04 2.79050902e-05 4.56421869e-05 1.02349261e-04 6.40633691e-05 1.12310421e-04 1.36273893e-04 8.52672382e-05 6.38017726e-05 4.50875414e-06 8.57455525e-06 5.83543369e-06 2.20356590e-05 4.74078588e-06 1.49751764e-05 3.70709997e-05 3.46581859e-05 1.04859413e-05 3.97844537e-05 3.12324264e-05 1.32210916e-05 3.49017957e-05 3.98879221e-05 9.06049754e-06 3.27863726e-05 6.73340441e-05 2.10558195e-05 1.71222743e-04 3.29411235e-04 1.31764494e-05 9.11177856e-05 2.82011188e-06 2.30297504e-05 1.86501312e-04 3.64361031e-04 6.03583940e-05 1.28855167e-04 2.00006074e-05 5.07397717e-06 9.74399966e-06 3.84019976e-06 9.49573263e-08 4.49398740e-11 1.00000000e-10
 2008 01 22 12 00 00  3.51193204e-03 2.12990258e-03 1.16489680e-03 8.20761354e-04 5.76380732e-04 3.33098071e-04 2.32535388e-04 1.89544495e-04 3.78647415e-04 1.11650381e-04 2.59415798e-03 3.79245169e-03 2.00042593e-04 5.81371202e-05 3.87981390e-05 1.03187339e-04 2.79026630e-05 4.56392125e-05 1.02316486e-04 6.40368147e-05 1.12307098e-04 1.36270039e-04 8.52632291e-05 6.37886270e-05 4.50860134e-06 8.56436673e-06 5.83542169e-06 2.20332157e-05 4.74019434e-06 1.49735375e-05 3.70644137e-05 3.46573361e-05 1.04838007e-05 3.97730292e-05 3.11977958e-05 1.32210640e-05 3.48905030e-05 3.98774838e-05 9.05201960e-06 3.27599593e-05 6.73066412e-05 2.10333485e-05 1.71134924e-04 3.29092436e-04 1.31636974e-05 9.09987253e-05 2.81199773e-06 2.29861878e-05 1.86345697e-04 3.64157971e-04 6.02974223e-05 1.28499843e-04 1.95727194e-05 4.91842552e-06 9.38493138e-06 3.59870497e-06 8.39290287e-08 1.00000000e-10 1.00000000e-10
 2008 01 23 12 00 00  3.51211807e-03 2.13029551e-03 1.16512228e-03 8.20878540e-04 5.76457635e-04 3.33098476e-04 2.32551626e-04 1.89568960e-04 3.78712946e-04 1.11724022e-04 2.59466227e-03 3.79245132e-03 2.00113607e-04 5.81897947e-05 3.88143874e-05 1.03218132e-04 2.79016938e-05 4.56380250e-05 1.02421380e-04 6.41250750e-05 1.12306043e-04 1.36268507e-04 8.52707489e-05 6.38067051e-05 4.50854059e-06 8.56754123e-06 5.83541660e-06 2.20365793e-05 4.74216758e-06 1.49772216e-05 3.70757028e-05 3.46569985e-05 1.04829451e-05 3.97882462e-05 3.13132768e-05 1.32210538e-05 3.49144769e-05 3.98965546e-05 9.05466077e-06 3.28032762e-05 6.73592525e-05 2.11080987e-05 1.71214977e-04 3.30155241e-04 1.32062096e-05 9.13107334e-05 2.80876066e-06 2.31311409e-05 1.86733533e-04 3.64611688e-04 6.04834617e-05 1.28618520e-04 1.97090019e-05 4.96796179e-06 9.49924370e-06 3.67517986e-06 8.73921643e-08 1.00000000e-10 1.00000000e-10
 2008 01 24 12 00 00  3.51169833e-03 2.12942759e-03 1.16462428e-03 8.20613564e-04 5.76278992e-04 3.33094290e-04 2.32513476e-04 1.89512540e-04 3.78564459e-04 1.11561337e-04 2.59351056e-03 3.79245058e-03 1.99956270e-04 5.80742144e-05 3.87787365e-05 1.03146522e-04 2.79002357e-05 4.56362381e-05 1.02191674e-04 6.39317790e-05 1.12304107e-04 1.36266187e-04 8.52519117e-05 6.37718774e-05 4.50844855e-06 8.56957777e-06 5.83540859e-06 2.20286993e-05 4.73782165e-06 1.49684355e-05 3.70470032e-05 3.46564892e-05 1.04816587e-05 3.97586418e-05 3.10590753e-05 1.32210378e-05 3.48585158e-05 3.98495350e-05 9.05635679e-06 3.27181259e-05 6.72304617e-05 2.09441918e-05 1.71062675e-04 3.27816569e-04 1.31126628e-05 9.06056088e-05 2.80388322e-06 2.28131656e-05 1.85831691e-04 3.63594314e-04 6.00695200e-05 1.28599349e-04 1.97949288e-05 4.99919818e-06 9.57134469e-06 3.72362008e-06 8.96005954e-08 1.00000000e-10 1.00000000e-10
 2008 01 25 12 00 00  3.51184346e-03 2.12974097e-03 1.16480395e-03 8.20704462e-04 5.76336640e-04 3.33093531e-04 2.32525535e-04 1.89531032e-04 3.78614985e-04 1.11619962e-04 2.59389879e-03 3.79244983e-03 2.00012512e-04 5.81159925e-05 3.87916329e-05 1.03169608e-04 2.78982974e-05 4.56338603e-05 1.02274235e-04 6.40020240e-05 1.12301897e-04 1.36263102e-04 8.52571631e-05 6.37885453e-05 4.50832631e-06 8.57596315e-06 5.83539841e-06 2.20312727e-05 4.73940236e-06 1.49711456e-05 3.70549831e-05 3.46558110e-05 1.04799459e-05 3.97725168e-05 3.11515032e-05 1.32210174e-05 3.48767544e-05 3.98631239e-05 9.06166897e-06 3.27571013e-05 6.72681612e-05 2.10037644e-05 1.71139130e-04 3.28666871e-04 1.31466748e-05 9.08490943e-05 2.79739506e-06 2.29287427e-05 1.86123997e-04 3.63951278e-04 6.02154108e-05 1.28794568e-04 2.00590140e-05 5.09521199e-06 9.79302530e-06 3.87327345e-06 9.64749383e-08 9.89002658e-11 1.00000000e-10
 2008 01 26 12 00 00  3.51181392e-03 2.12969897e-03 1.16477939e-03 8.20684236e-04 5.76317473e-04 3.33090251e-04 2.32521138e-04 1.89525373e-04 3.78602817e-04 1.11611774e-04 2.59380229e-03 3.79244797e-03 2.00003751e-04 5.81097204e-05 3.87897257e-05 1.03161928e-04 2.78948952e-05 4.56296926e-05 1.02259903e-04 6.39922160e-05 1.12297941e-04 1.36257701e-04 8.52541327e-05 6.37941654e-05 4.50811276e-06 8.58823842e-06 5.83538094e-06 2.20306565e-05 4.73921027e-06 1.49700685e-05 3.70507261e-05 3.46546207e-05 1.04769468e-05 3.97767790e-05 3.11401149e-05 1.32209796e-05 3.48716627e-05 3.98562896e-05 9.07188587e-06 3.27672246e-05 6.72498994e-05 2.09956852e-05 1.71173775e-04 3.28561202e-04 1.31424481e-05 9.08004579e-05 2.78602947e-06 2.29132202e-05 1.86031743e-04 3.63891836e-04 6.01882033e-05 1.29122547e-04 2.05631484e-05 5.27850921e-06 1.02162754e-05 4.15951052e-06 1.09659632e-07 5.69998626e-10 1.00000000e-10
 2008 01 27 12 00 00  3.51773841e-03 2.13368054e-03 1.16729326e-03 8.22575493e-04 5.78004791e-04 3.33824407e-04 2.33255576e-04 1.90336837e-04 3.80721509e-04 1.12195513e-04 2.61079101e-03 3.82432044e-03 2.00869011e-04 5.83280778e-05 3.89205831e-05 1.03803663e-04 2.80788721e-05 4.61020099e-05 1.02759589e-04 6.42308150e-05 1.13283251e-04 1.37515261e-04 8.57829842e-05 6.40256377e-05 4.52128879e-06 8.59256033e-06 5.84066947e-06 2.20956308e-05 4.74453554e-06 1.50155485e-05 3.73036605e-05 3.47307476e-05 1.06287902e-05 4.00304153e-05 3.14518693e-05 1.32463523e-05 3.53599324e-05 4.05326811e-05 9.07548601e-06 3.31189209e-05 6.87061517e-05 2.11976891e-05 1.73783303e-04 3.31430593e-04 1.32572237e-05 9.37184567e-05 3.80076999e-06 2.33048937e-05 1.90776850e-04 3.68746290e-04 6.11464153e-05 1.32198152e-04 2.07254175e-05 5.33754608e-06 1.03527796e-05 4.25398503e-06 1.14165371e-07 7.37991535e-10 1.00000000e-10
 2008 01 28 12 00 00  3.51954453e-03 2.13465449e-03 1.16792814e-03 8.23098604e-04 5.78495413e-04 3.34068543e-04 2.33485266e-04 1.90584533e-04 3.81367252e-04 1.12323636e-04 2.61599301e-03 3.83494496e-03 2.01092933e-04 5.83523159e-05 3.89492506e-05 1.03988879e-04 2.81408458e-05 4.62602446e-05 1.02827294e-04 6.42293016e-05 1.13612160e-04 1.37935484e-04 8.59523256e-05 6.40806755e-05 4.52572167e-06 8.58316707e-06 5.84243571e-06 2.21136203e-05 4.74454464e-06 1.50273086e-05 3.73777853e-05 3.47563502e-05 1.06799773e-05 4.00961086e-05 3.14521254e-05 1.32548172e-05 3.55000635e-05 4.07400754e-05 9.06767164e-06 3.31863219e-05 6.91420559e-05 2.11967606e-05 1.74539178e-04 3.31431578e-04 1.32572631e-05 9.44019920e-05 4.14118840e-06 2.33033192e-05 1.92000966e-04 3.69922149e-04 6.12944222e-05 1.32854849e-04 2.03079690e-05 5.18584491e-06 1.00028697e-05 4.02182754e-06 1.03791426e-07 3.81853660e-10 1.00000000e-10
 2008 01 29 12 00 00  3.52169007e-03 2.13633620e-03 1.16896958e-03 8.23836849e-04 5.79130221e-04 3.34314582e-04 2.33745467e-04 1.90877919e-04 3.82133987e-04 1.12584715e-04 2.62212305e-03 3.84556949e-03 2.01445695e-04 5.84726668e-05 3.90075366e-05 1.04231778e-04 2.82023335e-05 4.64178855e-05 1.03088927e-04 6.43883715e-05 1.13940928e-04 1.38354937e-04 8.61360453e-05 6.41741453e-05 4.53012435e-06 8.58692802e-06 5.84419940e-06 2.21385901e-05 4.74809494e-06 1.50459896e-05 3.74733318e-05 3.47817870e-05 1.07307358e-05 4.01945198e-05 3.16599500e-05 1.32632762e-05 3.56855300e-05 4.09843001e-05 9.07080175e-06 3.33423464e-05 6.96788952e-05 2.13314284e-05 1.75484705e-04 3.33344416e-04 1.33337766e-05 9.56625253e-05 4.47998427e-06 2.35644315e-05 1.93946908e-04 3.71961805e-04 6.17833836e-05 1.33981529e-04 2.04603107e-05 5.24124025e-06 1.01308072e-05 4.10864762e-06 1.07811826e-07 5.26472643e-10 1.00000000e-10
 2008 01 30 12 00 00  3.52967298e-03 2.14180467e-03 1.17241326e-03 8.26412136e-04 5.81419771e-04 3.35296383e-04 2.34733445e-04 1.91972167e-04 3.84989448e-04 1.13393130e-04 2.64501363e-03 3.88806686e-03 2.02628999e-04 5.87852942e-05 3.91886264e-05 1.05103385e-04 2.84502254e-05 4.70508210e-05 1.03798939e-04 6.47420296e-05 1.15258270e-04 1.40035818e-04 8.68461188e-05 6.44989811e-05 4.54785586e-06 8.60434957e-06 5.85126436e-06 2.22281688e-05 4.75598317e-06 1.51086919e-05 3.78185765e-05 3.48842004e-05 1.09354820e-05 4.05466651e-05 3.21217522e-05 1.32971341e-05 3.63506830e-05 4.18990066e-05 9.08529546e-06 3.38442079e-05 7.16544766e-05 2.16307933e-05 1.79067111e-04 3.37595053e-04 1.35038021e-05 9.97063345e-05 5.84164627e-06 2.41448564e-05 2.00472352e-04 3.78692449e-04 6.31413727e-05 1.38528467e-04 2.12200855e-05 5.51737558e-06 1.07678951e-05 4.53323452e-06 1.26922134e-07 1.35202940e-09 2.90741098e-11
 2008 01 31 12 00 00  3.53366714e-03 2.14453991e-03 1.17413561e-03 8.27701492e-04 5.82566775e-04 3.35788159e-04 2.35228030e-04 1.92519896e-04 3.86418133e-04 1.13797496e-04 2.65646966e-03 3.90931554e-03 2.03220871e-04 5.89413532e-05 3.92790961e-05 1.05540115e-04 2.85751419e-05 4.73684689e-05 1.04152843e-04 6.49183698e-05 1.15917704e-04 1.40877785e-04 8.72017667e-05 6.46495629e-05 4.55678237e-06 8.59565771e-06 5.85480193e-06 2.22721067e-05 4.75993002e-06 1.51402201e-05 3.79918713e-05 3.49357433e-05 1.10387096e-05 4.07127203e-05 3.23527434e-05 1.33140726e-05 3.66825776e-05 4.23569538e-05 9.07805588e-06 3.40730953e-05 7.26443402e-05 2.17801760e-05 1.80775500e-04 3.39720730e-04 1.35888292e-05 1.01723260e-04 6.52570889e-06 2.44345574e-05 2.03747325e-04 3.82016688e-04 6.38210565e-05 1.40290605e-04 2.08931663e-05 5.39843709e-06 1.04928938e-05 4.34299715e-06 1.17855542e-07 8.51215365e-10 1.00000000e-10
 2008 02 01 12 00 00  3.53400412e-03 2.14524811e-03 1.17454185e-03 8.27913580e-04 5.82706636e-04 3.35789585e-04 2.35257668e-04 1.92564315e-04 3.86536658e-04 1.13930153e-04 2.65738538e-03 3.90931554e-03 2.03348778e-04 5.90357487e-05 3.93082197e-05 1.05596155e-04 2.85741728e-05 4.73672873e-05 1.04339974e-04 6.50765665e-05 1.15916236e-04 1.40876249e-04 8.72157850e-05 6.46675041e-05 4.55672161e-06 8.58038911e-06 5.85479684e-06 2.22770094e-05 4.76348505e-06 1.51469866e-05 3.80125897e-05 3.49354057e-05 1.10378540e-05 4.07277503e-05 3.25607136e-05 1.33140624e-05 3.67244473e-05 4.23913691e-05 9.06534988e-06 3.41240126e-05 7.27399371e-05 2.19143112e-05 1.80817462e-04 3.41634127e-04 1.36653651e-05 1.02275912e-04 6.52247181e-06 2.46947689e-05 2.04454301e-04 3.82777112e-04 6.41558622e-05 1.39863163e-04 2.02597870e-05 5.16816349e-06 9.96124816e-06 3.98435119e-06 1.01399592e-07 2.66143019e-10 1.00000000e-10
 2008 02 02 12 00 00  3.53745611e-03 2.14684145e-03 1.17560974e-03 8.28863039e-04 5.83630984e-04 3.36279011e-04 2.35704957e-04 1.93041288e-04 3.87776087e-04 1.14120985e-04 2.66737082e-03 3.93056497e-03 2.03735294e-04 5.90413982e-05 3.93522471e-05 1.05943567e-04 2.87005445e-05 4.76867222e-05 1.04398525e-04 6.50004367e-05 1.16577077e-04 1.41720539e-04 8.75488381e-05 6.47656347e-05 4.56574016e-06 8.56355982e-06 5.85834168e-06 2.23109572e-05 4.76169007e-06 1.51676536e-05 3.81507098e-05 3.49874608e-05 1.11423680e-05 4.08500024e-05 3.24562279e-05 1.33310183e-05 3.69852648e-05 4.27922837e-05 9.05134657e-06 3.42280781e-05 7.35731478e-05 2.18490677e-05 1.82291032e-04 3.40675537e-04 1.36270215e-05 1.03382197e-04 7.21141187e-06 2.45677569e-05 2.06596814e-04 3.84781117e-04 6.43012856e-05 1.41274986e-04 1.95497760e-05 4.91005842e-06 9.36548870e-06 3.58411796e-06 8.31544696e-08 1.00000000e-10 1.00000000e-10
 2008 02 03 12 00 00  3.54110266e-03 2.14883045e-03 1.17690469e-03 8.29935580e-04 5.84640026e-04 3.36771515e-04 2.36170476e-04 1.93544874e-04 3.89084648e-04 1.14386019e-04 2.67789527e-03 3.95181552e-03 2.04193758e-04 5.90995645e-05 3.94124729e-05 1.06324959e-04 2.88288604e-05 4.80085408e-05 1.04561686e-04 6.50119851e-05 1.17241030e-04 1.42567910e-04 8.78912721e-05 6.48978133e-05 4.57488095e-06 8.57063424e-06 5.86189672e-06 2.23504884e-05 4.76187161e-06 1.51925595e-05 3.83040575e-05 3.50401941e-05 1.12485941e-05 4.10012592e-05 3.24673223e-05 1.33479945e-05 3.72755952e-05 4.32177983e-05 9.05723427e-06 3.44038613e-05 7.44721740e-05 2.18582150e-05 1.83968172e-04 3.40780064e-04 1.36312026e-05 1.04834277e-04 7.90683989e-06 2.45850882e-05 2.09166982e-04 3.87341554e-04 6.46368041e-05 1.43481928e-04 1.98423204e-05 5.01641928e-06 9.61106039e-06 3.74990701e-06 9.07705910e-08 1.00000000e-10 1.00000000e-10
 2008 02 04 12 00 00  3.53717400e-03 2.14618070e-03 1.17523259e-03 8.28691812e-04 5.83538301e-04 3.36288097e-04 2.35686328e-04 1.93010419e-04 3.87683752e-04 1.13998532e-04 2.66665869e-03 3.93057056e-03 2.03620492e-04 5.89569325e-05 3.93260681e-05 1.05906353e-04 2.87126808e-05 4.77015972e-05 1.04240075e-04 6.48562971e-05 1.16592551e-04 1.41739830e-04 8.75429639e-05 6.47539311e-05 4.56650378e-06 8.57913619e-06 5.85840462e-06 2.23099924e-05 4.75830238e-06 1.51635915e-05 3.81418231e-05 3.49917071e-05 1.11530782e-05 4.08422854e-05 3.22589563e-05 1.33311507e-05 3.69586363e-05 4.27778633e-05 9.06431596e-06 3.41872389e-05 7.35290644e-05 2.17256224e-05 1.82326747e-04 3.38865301e-04 1.35546120e-05 1.02945338e-04 7.25199716e-06 2.43275033e-05 2.06107792e-04 3.84241075e-04 6.40173526e-05 1.41817230e-04 2.01464923e-05 5.12712388e-06 9.86722890e-06 3.92951808e-06 9.94982589e-08 2.26583374e-10 1.00000000e-10
 2008 02 05 12 00 00  3.53372399e-03 2.14455200e-03 1.17414585e-03 8.27747996e-04 5.82629943e-04 3.35804433e-04 2.35242928e-04 1.92537691e-04 3.86449744e-04 1.13802028e-04 2.65671117e-03 3.90932374e-03 2.03230660e-04 5.89496603e-05 3.92814519e-05 1.05565235e-04 2.85926217e-05 4.73898981e-05 1.04184971e-04 6.49280148e-05 1.15939051e-04 1.40905571e-04 8.72132675e-05 6.46411349e-05 4.55788286e-06 8.57465857e-06 5.85489252e-06 2.22763696e-05 4.75987435e-06 1.51438830e-05 3.80073973e-05 3.49418609e-05 1.10541339e-05 4.07090491e-05 3.23511544e-05 1.33142632e-05 3.67002464e-05 4.23840860e-05 9.06060232e-06 3.40542240e-05 7.27146263e-05 2.17861016e-05 1.80777029e-04 3.39714842e-04 1.35885937e-05 1.01841856e-04 6.58416320e-06 2.44446186e-05 2.04030412e-04 3.82226784e-04 6.38745040e-05 1.39756349e-04 1.98768012e-05 5.02927958e-06 9.64233096e-06 3.78957052e-06 9.39187419e-08 6.66132038e-11 1.00000000e-10
 2008 02 06 12 00 00  3.52960652e-03 2.14154345e-03 1.17226691e-03 8.26382055e-04 5.81436466e-04 3.35314436e-04 2.34738754e-04 1.91974897e-04 3.84978779e-04 1.13346640e-04 2.64493119e-03 3.88807580e-03 2.02590152e-04 5.87574047e-05 3.91797997e-05 1.05109903e-04 2.84706155e-05 4.70758096e-05 1.03760264e-04 6.46905508e-05 1.15283197e-04 1.40068221e-04 8.68538116e-05 6.44801233e-05 4.54913934e-06 8.58333151e-06 5.85136986e-06 2.22309179e-05 4.75454253e-06 1.51102291e-05 3.78284864e-05 3.48913338e-05 1.09534754e-05 4.05346477e-05 3.20392253e-05 1.32973553e-05 3.63543408e-05 4.19164304e-05 9.06783171e-06 3.37986117e-05 7.16971345e-05 2.15848020e-05 1.79037814e-04 3.36844801e-04 1.34737920e-05 9.96242818e-05 5.90982636e-06 2.40541412e-05 2.00518187e-04 3.78623792e-04 6.30701529e-05 1.37972205e-04 2.01537828e-05 5.13018251e-06 9.87627770e-06 3.95899251e-06 1.02522334e-07 4.10366230e-10 1.00000000e-10
 2008 02 07 12 00 00  3.52938126e-03 2.14107296e-03 1.17199611e-03 8.26238019e-04 5.81339304e-04 3.35313738e-04 2.34718359e-04 1.91944073e-04 3.84897206e-04 1.13257920e-04 2.64431451e-03 3.88807617e-03 2.02503745e-04 5.86916997e-05 3.91595840e-05 1.05071133e-04 2.84715905e-05 4.70769999e-05 1.03624783e-04 6.45810738e-05 1.15284044e-04 1.40069767e-04 8.68445912e-05 6.44531299e-05 4.54920046e-06 8.57293489e-06 5.85137495e-06 2.22262691e-05 4.75219531e-06 1.51056810e-05 3.78155223e-05 3.48916743e-05 1.09543325e-05 4.05115908e-05 3.19012266e-05 1.32973670e-05 3.63247314e-05 4.18925429e-05 9.05919442e-06 3.37366142e-05 7.16313588e-05 2.14929139e-05 1.78907500e-04 3.35571598e-04 1.34228639e-05 9.92406757e-05 5.91307762e-06 2.38764813e-05 2.00038229e-04 3.78040548e-04 6.28386958e-05 1.37553635e-04 1.96229064e-05 4.93741929e-06 9.43242185e-06 3.67352884e-06 9.04228507e-08 2.57411870e-11 1.00000000e-10
 2008 02 08 12 00 00  3.52576133e-03 2.13912661e-03 1.17072531e-03 8.25181872e-04 5.80343979e-04 3.34824019e-04 2.34256153e-04 1.91444532e-04 3.83597655e-04 1.13000681e-04 2.63387171e-03 3.86682674e-03 2.02052821e-04 5.86374739e-05 3.91005972e-05 1.04695362e-04 2.83461821e-05 4.67587495e-05 1.03467304e-04 6.45760621e-05 1.14624145e-04 1.39227013e-04 8.65047967e-05 6.43351524e-05 4.54024303e-06 8.58240237e-06 5.84783520e-06 2.21889679e-05 4.75222405e-06 1.50816748e-05 3.76676794e-05 3.48399568e-05 1.08506742e-05 4.03725343e-05 3.19020619e-05 1.32804213e-05 3.60420002e-05 4.14741986e-05 9.06708156e-06 3.35868390e-05 7.07501260e-05 2.14898362e-05 1.77339885e-04 3.35574732e-04 1.34229893e-05 9.78495521e-05 5.22737500e-06 2.38712601e-05 1.97542408e-04 3.75607209e-04 6.25222613e-05 1.35843916e-04 1.99518821e-05 5.05717915e-06 9.70967733e-06 3.86949682e-06 1.00053515e-07 3.97298550e-10 1.00000000e-10
 2008 02 09 12 00 00  3.51997772e-03 2.13545711e-03 1.16839033e-03 8.23378623e-04 5.78710464e-04 3.34087758e-04 2.33532785e-04 1.90650509e-04 3.81527738e-04 1.12475304e-04 2.61725420e-03 3.83495316e-03 2.01243358e-04 5.84610219e-05 3.89826764e-05 1.04075142e-04 2.81588116e-05 4.62822674e-05 1.03050731e-04 6.44080865e-05 1.13635202e-04 1.37964045e-04 8.59802641e-05 6.41310807e-05 4.52685272e-06 8.60077416e-06 5.84252921e-06 2.21271906e-05 4.74847729e-06 1.50386289e-05 3.74215291e-05 3.47626396e-05 1.06958309e-05 4.01418166e-05 3.16826976e-05 1.32550122e-05 3.55719701e-05 4.08099594e-05 9.08237344e-06 3.32942787e-05 6.93273975e-05 2.13476422e-05 1.74881143e-04 3.33555643e-04 1.33422257e-05 9.51756919e-05 4.20126853e-06 2.35955638e-05 1.93069927e-04 3.71139449e-04 6.17080802e-05 1.33420058e-04 2.06947791e-05 5.32731635e-06 1.03335872e-05 4.29308153e-06 1.19682051e-07 1.24860990e-09 2.67193934e-11
 2008 02 10 12 00 00  3.51418084e-03 2.13175004e-03 1.16603385e-03 8.21567372e-04 5.77074240e-04 3.33353139e-04 2.32809055e-04 1.89855399e-04 3.79453538e-04 1.11942925e-04 2.60060795e-03 3.80308032e-03 2.00427395e-04 5.82792193e-05 3.88631016e-05 1.03453865e-04 2.79733737e-05 4.58081544e-05 1.02623335e-04 6.42309198e-05 1.12648463e-04 1.36704149e-04 8.54561601e-05 6.39204164e-05 4.51358428e-06 8.61095759e-06 5.83723304e-06 2.20651159e-05 4.74453518e-06 1.49955663e-05 3.71761150e-05 3.46860004e-05 1.05426981e-05 3.99056763e-05 3.14518635e-05 1.32296249e-05 3.51008578e-05 4.01462582e-05 9.09084993e-06 3.29880606e-05 6.79058419e-05 2.11977560e-05 1.72385600e-04 3.31430638e-04 1.32572255e-05 9.24782310e-05 3.18163547e-06 2.33050087e-05 1.88583913e-04 3.66626815e-04 6.08778906e-05 1.30766699e-04 2.10996787e-05 5.47456577e-06 1.06737593e-05 4.52501673e-06 1.30499778e-07 1.83868536e-09 8.08843104e-11
 2008 02 11 12 00 00  3.51621931e-03 2.13319675e-03 1.16694085e-03 8.22239352e-04 5.77668434e-04 3.33600221e-04 2.33060792e-04 1.90135681e-04 3.80183786e-04 1.12160218e-04 2.60645532e-03 3.81370522e-03 2.00738468e-04 5.83689668e-05 3.89119261e-05 1.03680476e-04 2.80368055e-05 4.59681789e-05 1.02825797e-04 6.43382838e-05 1.12979369e-04 1.37126696e-04 8.56362791e-05 6.39977530e-05 4.51810920e-06 8.60467408e-06 5.83900655e-06 2.20879922e-05 4.74689441e-06 1.50123345e-05 3.72657591e-05 3.47121124e-05 1.05951724e-05 3.99908141e-05 3.15901940e-05 1.32381043e-05 3.52726252e-05 4.03808790e-05 9.08562433e-06 3.31082030e-05 6.84161643e-05 2.12883417e-05 1.73250109e-04 3.32705005e-04 1.33082002e-05 9.35569672e-05 3.52693169e-06 2.34804538e-05 1.90320869e-04 3.68392296e-04 6.12604911e-05 1.31579024e-04 2.08184455e-05 5.37236995e-06 1.04380594e-05 4.36889918e-06 1.23542891e-07 1.48309893e-09 4.88289242e-11
 2008 02 12 12 00 00  3.51002928e-03 2.12866303e-03 1.16411033e-03 8.20181055e-04 5.75869624e-04 3.32863817e-04 2.32302560e-04 1.89288939e-04 3.77971761e-04 1.11473112e-04 2.58874126e-03 3.78183275e-03 1.99773489e-04 5.80776008e-05 3.87585352e-05 1.02994020e-04 2.78523454e-05 4.54952678e-05 1.02182055e-04 6.39773905e-05 1.11993470e-04 1.35868359e-04 8.50957418e-05 6.37466826e-05 4.50490188e-06 8.60531145e-06 5.83371548e-06 2.20183954e-05 4.73879954e-06 1.49613677e-05 3.69949395e-05 3.46358138e-05 1.04428989e-05 3.97207188e-05 3.11165670e-05 1.32127272e-05 3.47496048e-05 3.96754971e-05 9.08615693e-06 3.27070274e-05 6.68802464e-05 2.09824779e-05 1.70565250e-04 3.28346997e-04 1.31338799e-05 9.01963627e-05 2.51056481e-06 2.28871912e-05 1.85010625e-04 3.62909202e-04 6.00412700e-05 1.28582571e-04 2.08267730e-05 5.37544204e-06 1.04453677e-05 4.37636801e-06 1.24067166e-07 1.52464290e-09 5.29594313e-11
 2008 02 13 12 00 00  3.51576484e-03 2.13225083e-03 1.16639818e-03 8.21952893e-04 5.77477088e-04 3.33596678e-04 2.33020033e-04 1.90075108e-04 3.80023504e-04 1.11982995e-04 2.60521313e-03 3.81370485e-03 2.00567326e-04 5.82431316e-05 3.88731024e-05 1.03603770e-04 2.80363194e-05 4.59675852e-05 1.02575990e-04 6.41276245e-05 1.12977982e-04 1.37125922e-04 8.56164463e-05 6.39417825e-05 4.51807864e-06 8.58129861e-06 5.83900437e-06 2.20780672e-05 4.74215230e-06 1.50029715e-05 3.72348060e-05 3.47119436e-05 1.05947431e-05 3.99435161e-05 3.13128461e-05 1.32380999e-05 3.52101551e-05 4.03300302e-05 9.06617861e-06 3.29821256e-05 6.82777078e-05 2.11096631e-05 1.72960574e-04 3.30153584e-04 1.32061434e-05 9.27787754e-05 3.52530551e-06 2.31337952e-05 1.89353630e-04 3.67218367e-04 6.08114277e-05 1.30749875e-04 1.98018211e-05 5.00287754e-06 9.58555106e-06 3.80037645e-06 9.79274734e-08 3.69404152e-10 1.00000000e-10
 2008 02 14 12 00 00  3.50993249e-03 2.12846479e-03 1.16399687e-03 8.20120519e-04 5.75828725e-04 3.32862288e-04 2.32293707e-04 1.89276070e-04 3.77938099e-04 1.11436121e-04 2.58847498e-03 3.78183238e-03 1.99737896e-04 5.80521841e-05 3.87506794e-05 1.02977566e-04 2.78513704e-05 4.54940775e-05 1.02132754e-04 6.39347651e-05 1.11991334e-04 1.35866811e-04 8.50910746e-05 6.37138126e-05 4.50484113e-06 8.57126724e-06 5.83371038e-06 2.20141990e-05 4.73780456e-06 1.49592786e-05 3.69863143e-05 3.46354762e-05 1.04420411e-05 3.96929835e-05 3.10585951e-05 1.32127170e-05 3.47324973e-05 3.96621901e-05 9.05783163e-06 3.26422990e-05 6.68456786e-05 2.09460268e-05 1.70351026e-04 3.27814823e-04 1.31125929e-05 9.00099307e-05 2.50731337e-06 2.28162840e-05 1.84800790e-04 3.62566345e-04 5.99488823e-05 1.27485934e-04 1.93802572e-05 4.84962557e-06 9.23179559e-06 3.56249869e-06 8.70674647e-08 1.00000000e-10 1.00000000e-10
 2008 02 15 12 00 00  3.50266182e-03 2.12449080e-03 1.16141086e-03 8.17994501e-04 5.73836680e-04 3.31883611e-04 2.31368720e-04 1.88276266e-04 3.75334175e-04 1.10907892e-04 2.56752266e-03 3.73933390e-03 1.98825135e-04 5.79399609e-05 3.86313972e-05 1.02225094e-04 2.76015373e-05 4.48587612e-05 1.01822471e-04 6.39166683e-05 1.10672161e-04 1.34182849e-04 8.44106919e-05 6.34588182e-05 4.48698702e-06 8.56642437e-06 5.82663561e-06 2.19379740e-05 4.73741238e-06 1.49109208e-05 3.66858099e-05 3.45323817e-05 1.02355822e-05 3.93998416e-05 3.10355390e-05 1.31788373e-05 3.41604912e-05 3.88227036e-05 9.05380293e-06 3.23066817e-05 6.50769783e-05 2.09308040e-05 1.67086051e-04 3.27602275e-04 1.31040910e-05 8.71973734e-05 1.13915885e-06 2.27868237e-05 1.79774552e-04 3.57586679e-04 5.93013903e-05 1.23434204e-04 1.91691934e-05 4.77291526e-06 9.05481119e-06 3.44452720e-06 8.17561972e-08 1.00000000e-10 1.00000000e-10
 2008 02 16 12 00 00  3.50075789e-03 2.12331961e-03 1.16066247e-03 8.17408671e-04 5.73301941e-04 3.31637926e-04 2.31129607e-04 1.88014737e-04 3.74652798e-04 1.10742562e-04 2.56204776e-03 3.72870900e-03 1.98564797e-04 5.78884592e-05 3.85943413e-05 1.02022248e-04 2.75385944e-05 4.46993392e-05 1.01698711e-04 6.38729136e-05 1.10342004e-04 1.33761092e-04 8.42366316e-05 6.33951334e-05 4.48249339e-06 8.57584018e-06 5.82486464e-06 2.19179243e-05 4.73642358e-06 1.48970063e-05 3.66048427e-05 3.45064385e-05 1.01835401e-05 3.93266023e-05 3.09777621e-05 1.31703622e-05 3.40068951e-05 3.86034719e-05 9.06163768e-06 3.22186182e-05 6.46087782e-05 2.08936632e-05 1.66289544e-04 3.27070839e-04 1.30828336e-05 8.63701610e-05 7.95503729e-07 2.27147495e-05 1.78331909e-04 3.56163667e-04 5.90551801e-05 1.22731287e-04 1.95611157e-05 4.91540072e-06 9.38375910e-06 3.66624745e-06 9.19161725e-08 1.62203939e-10 1.00000000e-10
 2008 02 17 12 00 00  3.50607737e-03 2.12604139e-03 1.16245307e-03 8.18917334e-04 5.74732994e-04 3.32367932e-04 2.31809632e-04 1.88745052e-04 3.76556820e-04 1.11089924e-04 2.57738139e-03 3.76058109e-03 1.99201348e-04 5.79373745e-05 3.86729564e-05 1.02561366e-04 2.77225714e-05 4.51716565e-05 1.01859294e-04 6.38281577e-05 1.11327243e-04 1.35018654e-04 8.47394062e-05 6.35792286e-05 4.49566978e-06 8.58635103e-06 5.83015280e-06 2.19722264e-05 4.73544096e-06 1.49300669e-05 3.68190466e-05 3.45825654e-05 1.03353828e-05 3.95399032e-05 3.09201248e-05 1.31957349e-05 3.44166162e-05 3.92147446e-05 9.07038557e-06 3.24516030e-05 6.58856604e-05 2.08559082e-05 1.68706980e-04 3.26539829e-04 1.30615931e-05 8.82222819e-05 1.81024479e-06 2.26416290e-05 1.81788443e-04 3.59570766e-04 5.94103714e-05 1.25913216e-04 1.99958497e-05 5.07345740e-06 9.74868847e-06 3.91261377e-06 1.03233639e-07 5.65189939e-10 1.00000000e-10
 2008 02 18 12 00 00  3.51371585e-03 2.13079971e-03 1.16548914e-03 8.21274825e-04 5.76875014e-04 3.33346060e-04 2.32766099e-04 1.89792741e-04 3.79290036e-04 1.11765136e-04 2.59932519e-03 3.80307809e-03 2.00255665e-04 5.81550668e-05 3.88247702e-05 1.03373853e-04 2.79690052e-05 4.58028051e-05 1.02379836e-04 6.40231767e-05 1.12642305e-04 1.36697215e-04 8.54338869e-05 6.38652790e-05 4.51330925e-06 8.59144420e-06 5.83721048e-06 2.20543452e-05 4.73977670e-06 1.49855166e-05 3.71402372e-05 3.46844696e-05 1.05388441e-05 3.98590839e-05 3.11740354e-05 1.32295769e-05 3.50342165e-05 4.00898017e-05 9.07462454e-06 3.28649830e-05 6.77533325e-05 2.10208658e-05 1.72092043e-04 3.28877381e-04 1.31550952e-05 9.16775224e-05 3.16703299e-06 2.29613841e-05 1.87570600e-04 3.65419089e-04 6.04281130e-05 1.29979554e-04 2.02025741e-05 5.14862600e-06 9.92228892e-06 4.03035947e-06 1.08681699e-07 7.60964181e-10 1.00000000e-10
 2008 02 19 12 00 00  3.51404983e-03 2.13150698e-03 1.16589481e-03 8.21484793e-04 5.77012026e-04 3.33346576e-04 2.32795025e-04 1.89836372e-04 3.79407207e-04 1.11897579e-04 2.60022882e-03 3.80307734e-03 2.00383197e-04 5.82494024e-05 3.88538792e-05 1.03428738e-04 2.79670639e-05 4.58004215e-05 1.02566868e-04 6.41814084e-05 1.12640179e-04 1.36694118e-04 8.54472707e-05 6.38987835e-05 4.51318701e-06 8.59868524e-06 5.83719993e-06 2.20604170e-05 4.74333137e-06 1.49920932e-05 3.71605670e-05 3.46837885e-05 1.05371277e-05 3.98871984e-05 3.13819939e-05 1.32295550e-05 3.50773078e-05 4.01238220e-05 9.08064976e-06 3.29447016e-05 6.78471443e-05 2.11550199e-05 1.72242681e-04 3.30790734e-04 1.32316294e-05 9.22380892e-05 3.16053010e-06 2.32216233e-05 1.88263656e-04 3.66235163e-04 6.07611889e-05 1.30233236e-04 2.05057757e-05 5.25885207e-06 1.01767401e-05 4.20161693e-06 1.16511406e-07 1.15627417e-09 2.02176831e-11
 2008 02 20 12 00 00  3.51189737e-03 2.12982293e-03 1.16485204e-03 8.20741893e-04 5.76371076e-04 3.33098312e-04 2.32533229e-04 1.89541310e-04 3.78637720e-04 1.11636063e-04 2.59407104e-03 3.79245169e-03 2.00029758e-04 5.81293993e-05 3.87956996e-05 1.03183320e-04 2.79031490e-05 4.56398091e-05 1.02306430e-04 6.40231417e-05 1.12308238e-04 1.36270813e-04 8.52620019e-05 6.38005628e-05 4.50863190e-06 8.58982603e-06 5.83542387e-06 2.20343976e-05 4.73977707e-06 1.49729576e-05 3.70620084e-05 3.46575049e-05 1.04842293e-05 3.97846141e-05 3.11740441e-05 1.32210698e-05 3.48884809e-05 3.98756212e-05 9.07327922e-06 3.27807502e-05 6.73005027e-05 2.10208484e-05 1.71256291e-04 3.28877426e-04 1.31550970e-05 9.09576546e-05 2.81362318e-06 2.29613550e-05 1.86285574e-04 3.64148018e-04 6.02695530e-05 1.28907847e-04 2.01246786e-05 5.12033223e-06 9.85709326e-06 3.98788447e-06 1.06840508e-07 7.00417058e-10 1.00000000e-10
 2008 02 21 12 00 00  3.51199091e-03 2.13001895e-03 1.16496481e-03 8.20801526e-04 5.76411017e-04 3.33098527e-04 2.32541614e-04 1.89553994e-04 3.78671403e-04 1.11672988e-04 2.59432643e-03 3.79245169e-03 2.00065646e-04 5.81565956e-05 3.88040689e-05 1.03199263e-04 2.79026630e-05 4.56392125e-05 1.02362262e-04 6.40685146e-05 1.12308023e-04 1.36270039e-04 8.52657858e-05 6.38184656e-05 4.50860134e-06 8.60382715e-06 5.83542169e-06 2.20369283e-05 4.74075605e-06 1.49748307e-05 3.70676761e-05 3.46573361e-05 1.04838007e-05 3.97998747e-05 3.12315795e-05 1.32210640e-05 3.49017313e-05 3.98858978e-05 9.08492875e-06 3.28188045e-05 6.73283649e-05 2.10589817e-05 1.71359512e-04 3.29408056e-04 1.31763222e-05 9.11229684e-05 2.81199755e-06 2.30351172e-05 1.86483562e-04 3.64417761e-04 6.03652914e-05 1.29357360e-04 2.07193108e-05 5.33648522e-06 1.03559732e-05 4.32249599e-06 1.22055556e-07 1.45178916e-09 4.71749195e-11
 2008 02 22 12 00 00  3.51598514e-03 2.13275415e-03 1.16668719e-03 8.22090973e-04 5.77558171e-04 3.33590326e-04 2.33036231e-04 1.90101769e-04 3.80100188e-04 1.12077370e-04 2.60578276e-03 3.81370112e-03 2.00657552e-04 5.83127125e-05 3.88945562e-05 1.03636048e-04 2.80275824e-05 4.59568721e-05 1.02716574e-04 6.42449362e-05 1.12967943e-04 1.37112034e-04 8.56214457e-05 6.39819426e-05 4.51752858e-06 8.61354565e-06 5.83895890e-06 2.20820662e-05 4.74470253e-06 1.50063621e-05 3.72414948e-05 3.47088848e-05 1.05870313e-05 3.99769244e-05 3.14625504e-05 1.32380039e-05 3.52355446e-05 4.03447814e-05 9.09301452e-06 3.30713691e-05 6.83199526e-05 2.12084138e-05 1.73161914e-04 3.31533643e-04 1.32613457e-05 9.31520492e-05 3.49608526e-06 2.33249069e-05 1.89758920e-04 3.67798017e-04 6.10451820e-05 1.31664817e-04 2.11293242e-05 5.48553414e-06 1.07000084e-05 4.55361517e-06 1.32591045e-07 2.00849861e-09 9.78369941e-11
 2008 02 23 12 00 00  3.51399161e-03 2.13138688e-03 1.16582660e-03 8.21449722e-04 5.76989402e-04 3.33345344e-04 2.32789985e-04 1.89829262e-04 3.79388356e-04 1.11875521e-04 2.60007078e-03 3.80307660e-03 2.00362477e-04 5.82358569e-05 3.88496578e-05 1.03419532e-04 2.79660948e-05 4.57992341e-05 1.02543985e-04 6.41583232e-05 1.12639032e-04 1.36692585e-04 8.54442776e-05 6.38958297e-05 4.51312626e-06 8.60217406e-06 5.83719484e-06 2.20594179e-05 4.74272019e-06 1.49908264e-05 3.71549820e-05 3.46834509e-05 1.05362735e-05 3.98850505e-05 3.13467957e-05 1.32295449e-05 3.50690256e-05 4.01166751e-05 9.08355578e-06 3.29370302e-05 6.78279150e-05 2.11346778e-05 1.72233658e-04 3.30469853e-04 1.32187941e-05 9.21414790e-05 3.15729303e-06 2.31816768e-05 1.88140503e-04 3.66106265e-04 6.07105500e-05 1.30304458e-04 2.06281768e-05 5.30340733e-06 1.02798726e-05 4.27431617e-06 1.20070715e-07 1.36282732e-09 3.94816069e-11
 2008 02 24 12 00 00  3.51594973e-03 2.13267511e-03 1.16664235e-03 8.22069991e-04 5.77546302e-04 3.33590540e-04 2.33033671e-04 1.90097915e-04 3.80089131e-04 1.12062891e-04 2.60569123e-03 3.81370150e-03 2.00644145e-04 5.83037297e-05 3.88917527e-05 1.03631211e-04 2.80280685e-05 4.59574687e-05 1.02701295e-04 6.42294530e-05 1.12967937e-04 1.37112808e-04 8.56201772e-05 6.39621284e-05 4.51755914e-06 8.59046559e-06 5.83896108e-06 2.20800828e-05 4.74429544e-06 1.50057366e-05 3.72382487e-05 3.47090565e-05 1.05874606e-05 3.99605721e-05 3.14390927e-05 1.32380097e-05 3.52286600e-05 4.03404810e-05 9.07381764e-06 3.30332686e-05 6.83091918e-05 2.11947976e-05 1.73033673e-04 3.31319707e-04 1.32527883e-05 9.30787057e-05 3.49771144e-06 2.32981794e-05 1.89692762e-04 3.67647803e-04 6.10133052e-05 1.30908181e-04 2.01058856e-05 5.11361081e-06 9.84211613e-06 3.98413855e-06 1.07123401e-07 7.31221750e-10 1.00000000e-10
 2008 02 25 12 00 00  3.52001645e-03 2.13556711e-03 1.16845453e-03 8.23404705e-04 5.78722014e-04 3.34081949e-04 2.33534264e-04 1.90654848e-04 3.81543025e-04 1.12496566e-04 2.61734100e-03 3.83495018e-03 2.01264109e-04 5.84806030e-05 3.89886490e-05 1.04079444e-04 2.81520130e-05 4.62739350e-05 1.03096336e-04 6.44408166e-05 1.13626605e-04 1.37953243e-04 8.59784523e-05 6.41302814e-05 4.52642489e-06 8.59846914e-06 5.84249356e-06 2.21261773e-05 4.74903318e-06 1.50386176e-05 3.74159550e-05 3.47602618e-05 1.06898326e-05 4.01414864e-05 3.17163125e-05 1.32549379e-05 3.55710698e-05 4.08058734e-05 9.08048169e-06 3.32986262e-05 6.93190654e-05 2.13739069e-05 1.74849406e-04 3.33870613e-04 1.33548245e-05 9.52260209e-05 4.17853698e-06 2.36455671e-05 1.93113593e-04 3.71189739e-04 6.17657206e-05 1.33140929e-04 2.04154343e-05 5.22620630e-06 1.01023388e-05 4.16283096e-06 1.15547568e-07 1.16590164e-09 2.26246355e-11
 2008 02 26 12 00 00  3.52955687e-03 2.14149669e-03 1.17223871e-03 8.26345901e-04 5.81395741e-04 3.35305294e-04 2.34729200e-04 1.91963192e-04 3.84955970e-04 1.13336906e-04 2.64475037e-03 3.88807133e-03 2.02578176e-04 5.87488476e-05 3.91772467e-05 1.05093612e-04 2.84609094e-05 4.70639090e-05 1.03736926e-04 6.46782806e-05 1.15271125e-04 1.40052784e-04 8.68466497e-05 6.44773413e-05 4.54852816e-06 8.59096253e-06 5.85131966e-06 2.22279436e-05 4.75436500e-06 1.51078548e-05 3.78178612e-05 3.48879345e-05 1.09449065e-05 4.05314814e-05 3.20282445e-05 1.32972506e-05 3.63414012e-05 4.18991058e-05 9.07424110e-06 3.37951679e-05 7.16522517e-05 2.15752094e-05 1.79011940e-04 3.36740632e-04 1.34696253e-05 9.95243072e-05 5.87735485e-06 2.40360532e-05 2.00327117e-04 3.78438599e-04 6.30259057e-05 1.37778309e-04 2.00610848e-05 5.09748311e-06 9.80566092e-06 3.96871326e-06 1.07071402e-07 7.59290142e-10 1.00000000e-10
 2008 02 27 12 00 00  3.52566011e-03 2.13895919e-03 1.17062990e-03 8.25118283e-04 5.80291374e-04 3.34815049e-04 2.34243783e-04 1.91428857e-04 3.83562017e-04 1.12969658e-04 2.63356453e-03 3.86682265e-03 2.02022353e-04 5.86192090e-05 3.90949222e-05 1.04673974e-04 2.83369620e-05 4.67474427e-05 1.03435745e-04 6.45460153e-05 1.14612647e-04 1.39212350e-04 8.64956965e-05 6.43272502e-05 4.53966240e-06 8.58840576e-06 5.84778718e-06 2.21852928e-05 4.75140478e-06 1.50784519e-05 3.76514161e-05 3.48367292e-05 1.08425345e-05 4.03659598e-05 3.18550097e-05 1.32803209e-05 3.60218278e-05 4.14523083e-05 9.07211870e-06 3.35718711e-05 7.06932249e-05 2.14631684e-05 1.77287162e-04 3.35146436e-04 1.34058574e-05 9.76651706e-05 5.19652931e-06 2.38187655e-05 1.97266720e-04 3.75321631e-04 6.24417776e-05 1.35691739e-04 1.99135709e-05 5.04395387e-06 9.68256838e-06 3.89148082e-06 1.03942961e-07 6.67007338e-10 1.00000000e-10
 2008 02 28 12 00 00  3.52586545e-03 2.13939282e-03 1.17087814e-03 8.25246351e-04 5.80374552e-04 3.34815991e-04 2.34261508e-04 1.91455302e-04 3.83632976e-04 1.13050564e-04 2.63411983e-03 3.86682265e-03 2.02099890e-04 5.86754230e-05 3.91122965e-05 1.04707389e-04 2.83364730e-05 4.67468461e-05 1.03544452e-04 6.46405679e-05 1.14611815e-04 1.39211577e-04 8.65042834e-05 6.43365455e-05 4.53963185e-06 8.57704072e-06 5.84778500e-06 2.21881158e-05 4.75358975e-06 1.50825547e-05 3.76647261e-05 3.48365575e-05 1.08421053e-05 4.03735573e-05 3.19824583e-05 1.32803165e-05 3.60473676e-05 4.14731797e-05 9.06266796e-06 3.35996789e-05 7.07511129e-05 2.15438340e-05 1.77303327e-04 3.36317104e-04 1.34526841e-05 9.80002611e-05 5.19490350e-06 2.39755653e-05 1.97693214e-04 3.75772431e-04 6.26418773e-05 1.35333569e-04 1.93952991e-05 4.85564372e-06 9.24836474e-06 3.60513056e-06 9.12735974e-08 2.37977282e-10 1.00000000e-10
 2008 02 29 12 00 00  3.52171428e-03 2.13634230e-03 1.16897400e-03 8.23855575e-04 5.79155493e-04 3.34321777e-04 2.33751581e-04 1.90884980e-04 3.82146297e-04 1.12586516e-04 2.62222414e-03 3.84557247e-03 2.01449319e-04 5.84747607e-05 3.90081248e-05 1.04241909e-04 2.82101013e-05 4.64274024e-05 1.03097053e-04 6.43903681e-05 1.13950184e-04 1.38367275e-04 8.61411031e-05 6.41640883e-05 4.53061293e-06 8.57411724e-06 5.84423979e-06 2.21401079e-05 4.74808294e-06 1.50475593e-05 3.74806257e-05 3.47845023e-05 1.07375898e-05 4.01883912e-05 3.16596066e-05 1.32633606e-05 3.56928488e-05 4.09957090e-05 9.06024143e-06 3.33227570e-05 6.97083808e-05 2.13326508e-05 1.75470883e-04 3.33343050e-04 1.33337220e-05 9.57088853e-05 4.50595253e-06 2.35665037e-05 1.94065044e-04 3.72014138e-04 6.18020684e-05 1.33163150e-04 1.92287786e-05 4.79521361e-06 9.10938602e-06 3.51771855e-06 8.77165181e-08 1.32208378e-10 1.00000000e-10
 2008 03 01 12 00 00  3.51948584e-03 2.13450106e-03 1.16784080e-03 8.23064087e-04 5.78481379e-04 3.34072990e-04 2.33482785e-04 1.90579437e-04 3.81349283e-04 1.12295375e-04 2.61585727e-03 3.83494757e-03 2.01066998e-04 5.83329227e-05 3.89432241e-05 1.03983245e-04 2.81461893e-05 4.62667958e-05 1.02791662e-04 6.41957449e-05 1.13618032e-04 1.37943983e-04 8.59525590e-05 6.40540343e-05 4.52605782e-06 8.55801845e-06 5.84246336e-06 2.21121992e-05 4.74374501e-06 1.50268483e-05 3.73772450e-05 3.47582216e-05 1.06846921e-05 4.00757048e-05 3.14056320e-05 1.32548754e-05 3.54933834e-05 4.07388675e-05 9.04685148e-06 3.31330498e-05 6.91382416e-05 2.11679318e-05 1.74419879e-04 3.31005252e-04 1.32402101e-05 9.42959273e-05 4.15905706e-06 2.32471575e-05 1.91922808e-04 3.69716802e-04 6.12329861e-05 1.31575516e-04 1.85101482e-05 4.53407035e-06 8.50707499e-06 3.11851933e-06 6.99089341e-08 1.00000000e-10 1.00000000e-10
 2008 03 02 12 00 00  3.52372021e-03 2.13774786e-03 1.16985604e-03 8.24503171e-04 5.79724580e-04 3.34565074e-04 2.33997759e-04 1.91157846e-04 3.82860927e-04 1.12795209e-04 2.62795969e-03 3.85619588e-03 2.01750286e-04 5.85556030e-05 3.90542845e-05 1.04458597e-04 2.82696477e-05 4.65826626e-05 1.03274926e-04 6.44842105e-05 1.14275931e-04 1.38783643e-04 8.63177965e-05 6.42303403e-05 4.53489301e-06 8.55732942e-06 5.84599329e-06 2.21606104e-05 4.75027264e-06 1.50630626e-05 3.75658465e-05 3.48092552e-05 1.07866355e-05 4.02632094e-05 3.17871803e-05 1.32717993e-05 3.58566685e-05 4.12212150e-05 9.04628323e-06 3.34221258e-05 7.01951265e-05 2.14128857e-05 1.76251253e-04 3.34514233e-04 1.33805693e-05 9.67170395e-05 4.83825643e-06 2.37225744e-05 1.95690482e-04 3.73628171e-04 6.21483942e-05 1.33551180e-04 1.84457222e-05 4.51073513e-06 8.45362725e-06 3.08748296e-06 6.88439474e-08 1.00000000e-10 1.00000000e-10
 2008 03 03 12 00 00  3.52565736e-03 2.13899683e-03 1.17064887e-03 8.25109224e-04 5.80270278e-04 3.34809674e-04 2.34239073e-04 1.91423032e-04 3.83553226e-04 1.12974967e-04 2.63351866e-03 3.86682004e-03 2.02024171e-04 5.86171249e-05 3.90944439e-05 1.04665851e-04 2.83311354e-05 4.67403035e-05 1.03417724e-04 6.45450549e-05 1.14604520e-04 1.39203093e-04 8.64925357e-05 6.43032100e-05 4.53929570e-06 8.55735198e-06 5.84775698e-06 2.21814999e-05 4.75165907e-06 1.50774539e-05 3.76481347e-05 3.48346890e-05 1.08373933e-05 4.03440402e-05 3.18681734e-05 1.32802583e-05 3.60145367e-05 4.14426723e-05 9.04630506e-06 3.35293598e-05 7.06694649e-05 2.14646323e-05 1.77100996e-04 3.35258777e-04 1.34103511e-05 9.76255837e-05 5.17704939e-06 2.38230597e-05 1.97190726e-04 3.75148442e-04 6.24282413e-05 1.34514343e-04 1.84220382e-05 4.50218465e-06 8.43417936e-06 3.07781440e-06 6.86471434e-08 1.00000000e-10 1.00000000e-10
 2008 03 04 12 00 00  3.52013278e-03 2.13587813e-03 1.16862938e-03 8.23467677e-04 5.78741008e-04 3.34073837e-04 2.33537795e-04 1.90662231e-04 3.81572984e-04 1.12552433e-04 2.61759942e-03 3.83494571e-03 2.01313281e-04 5.85126229e-05 3.89987545e-05 1.04087469e-04 2.81423010e-05 4.62620315e-05 1.03140998e-04 6.44981046e-05 1.13613338e-04 1.37937806e-04 8.59784068e-05 6.41070762e-05 4.52581371e-06 8.55587277e-06 5.84244335e-06 2.21227362e-05 4.75068846e-06 1.50394824e-05 3.74176677e-05 3.47568595e-05 1.06812637e-05 4.01195954e-05 3.18108971e-05 1.32548332e-05 3.55754748e-05 4.08034978e-05 9.04507906e-06 3.32653218e-05 6.93168727e-05 2.14255240e-05 1.74629945e-04 3.34729064e-04 1.33891626e-05 9.53694324e-05 4.14606548e-06 2.37476415e-05 1.93251281e-04 3.71230149e-04 6.18687090e-05 1.31494557e-04 1.83292176e-05 4.46851557e-06 8.35682052e-06 3.03003940e-06 6.67705571e-08 1.00000000e-10 1.00000000e-10
 2008 03 05 12 00 00  3.51969724e-03 2.13497315e-03 1.16810948e-03 8.23191453e-04 5.78555039e-04 3.34070837e-04 2.33498367e-04 1.90603368e-04 3.81417592e-04 1.12382409e-04 2.61640622e-03 3.83494571e-03 2.01148431e-04 5.83898162e-05 3.89609124e-05 1.04013058e-04 2.81423010e-05 4.62620315e-05 1.02893462e-04 6.42929808e-05 1.13613559e-04 1.37937806e-04 8.59596326e-05 6.40805244e-05 4.52581371e-06 8.57111081e-06 5.84244335e-06 2.21157181e-05 4.74616281e-06 1.50305190e-05 3.73905637e-05 3.47568595e-05 1.06812637e-05 4.00968244e-05 3.15456331e-05 1.32548332e-05 3.55201765e-05 4.07570849e-05 9.05776105e-06 3.31935893e-05 6.91884228e-05 2.12522980e-05 1.74546995e-04 3.32285910e-04 1.32914364e-05 9.46489135e-05 4.14606548e-06 2.34120438e-05 1.92320253e-04 3.70216918e-04 6.14320552e-05 1.31881979e-04 1.89463707e-05 4.69292643e-06 8.87510846e-06 3.38176966e-06 8.30591102e-08 3.87206711e-11 1.00000000e-10
 2008 03 06 12 00 00  3.52187929e-03 2.13673459e-03 1.16919602e-03 8.23951138e-04 5.79202264e-04 3.34317092e-04 2.33761321e-04 1.90900737e-04 3.82195501e-04 1.12658005e-04 2.62263177e-03 3.84556949e-03 2.01514559e-04 5.85187001e-05 3.90218708e-05 1.04261046e-04 2.82037887e-05 4.64196666e-05 1.03168581e-04 6.44668238e-05 1.13942715e-04 1.38357242e-04 8.61449119e-05 6.41880608e-05 4.53021566e-06 8.59016873e-06 5.84420704e-06 2.21422813e-05 4.75012421e-06 1.50499021e-05 3.74898319e-05 3.47822963e-05 1.07320200e-05 4.02068115e-05 3.17770377e-05 1.32632922e-05 3.57122653e-05 4.10058772e-05 9.07362337e-06 3.33770343e-05 6.97369052e-05 2.14001499e-05 1.75584456e-04 3.34413176e-04 1.33765270e-05 9.59802495e-05 4.48484680e-06 2.36991502e-05 1.94336925e-04 3.72384640e-04 6.19522177e-05 1.33478435e-04 1.97273713e-05 4.97689327e-06 9.53083298e-06 3.82546689e-06 1.03513925e-07 7.81908938e-10 1.00000000e-10
 2008 03 07 12 00 00  3.51806884e-03 2.13439253e-03 1.16769875e-03 8.22776205e-04 5.78128228e-04 3.33825229e-04 2.33282161e-04 1.90376327e-04 3.80830120e-04 1.12326991e-04 2.61166886e-03 3.82431969e-03 2.00992869e-04 5.84138385e-05 3.89472257e-05 1.03853607e-04 2.80774169e-05 4.61002259e-05 1.02913898e-04 6.43767125e-05 1.13281447e-04 1.37512955e-04 8.57964192e-05 6.40509636e-05 4.52119712e-06 8.59575812e-06 5.84066220e-06 2.21010853e-05 4.74816225e-06 1.50219114e-05 3.73276893e-05 3.47302383e-05 1.06275067e-05 4.00517484e-05 3.16618651e-05 1.32463363e-05 3.54031818e-05 4.05657251e-05 9.07827634e-06 3.31829102e-05 6.87964560e-05 2.13242645e-05 1.73921041e-04 3.33351491e-04 1.33340596e-05 9.42658975e-05 3.79590711e-06 2.35522719e-05 1.91435967e-04 3.69481067e-04 6.14531678e-05 1.31642151e-04 1.99392804e-05 5.05398471e-06 9.70905617e-06 3.94849181e-06 1.09358794e-07 1.10859149e-09 2.42272702e-11
 2008 03 08 12 00 00  3.51577451e-03 2.13243093e-03 1.16649608e-03 8.21941672e-04 5.77420417e-04 3.33573340e-04 2.33005934e-04 1.90060466e-04 3.80008236e-04 1.12012996e-04 2.60510816e-03 3.81369330e-03 2.00587692e-04 5.82552372e-05 3.88771826e-05 1.03581453e-04 2.80105887e-05 4.59360424e-05 1.02573286e-04 6.41546387e-05 1.12945773e-04 1.37085020e-04 8.56035279e-05 6.39392653e-05 4.51645865e-06 8.58579369e-06 5.83887049e-06 2.20716197e-05 4.74323824e-06 1.49994430e-05 3.72179450e-05 3.47029360e-05 1.05720355e-05 3.99371804e-05 3.13734141e-05 1.32378191e-05 3.51935957e-05 4.02984190e-05 9.06998976e-06 3.29878732e-05 6.81981940e-05 2.11365274e-05 1.72862279e-04 3.30695542e-04 1.32278217e-05 9.27404114e-05 3.43925713e-06 2.31884274e-05 1.89128095e-04 3.67021509e-04 6.08202261e-05 1.30209637e-04 1.94910888e-05 4.89112394e-06 9.33346552e-06 3.69999968e-06 9.83061632e-08 6.10262063e-10 1.00000000e-10
 2008 03 09 12 00 00  3.51032663e-03 2.12946883e-03 1.16456710e-03 8.20350103e-04 5.75926309e-04 3.32838058e-04 2.32312017e-04 1.89310755e-04 3.78056741e-04 1.11620237e-04 2.58940231e-03 3.78181897e-03 1.99906200e-04 5.81737001e-05 3.87885352e-05 1.03017044e-04 2.78217572e-05 4.54577734e-05 1.02345797e-04 6.41456689e-05 1.11954718e-04 1.35819734e-04 8.50927118e-05 6.37522833e-05 4.50297666e-06 8.58803251e-06 5.83355722e-06 2.20145648e-05 4.74304143e-06 1.49630886e-05 3.69917292e-05 3.46251094e-05 1.04159066e-05 3.97208235e-05 3.13618832e-05 1.32123940e-05 3.47647546e-05 3.96678589e-05 9.07185749e-06 3.27449068e-05 6.68693077e-05 2.11289604e-05 1.70438088e-04 3.30589336e-04 1.32235734e-05 9.06158663e-05 2.40827339e-06 2.31737795e-05 1.85358230e-04 3.63307331e-04 6.03417268e-05 1.27322788e-04 1.95602184e-05 4.91631499e-06 9.39190936e-06 3.74276094e-06 1.00506765e-07 6.99385971e-10 1.00000000e-10
 2008 03 10 12 00 00  3.51407344e-03 2.13169205e-03 1.16599538e-03 8.21482710e-04 5.76967418e-04 3.33327708e-04 2.32784079e-04 1.89825013e-04 3.79397334e-04 1.11928460e-04 2.60017942e-03 3.80306803e-03 2.00404882e-04 5.82606614e-05 3.88577066e-05 1.03411379e-04 2.79461878e-05 4.57748334e-05 1.02561038e-04 6.42065890e-05 1.12613832e-04 1.36660941e-04 8.54374523e-05 6.38919622e-05 4.51187298e-06 8.59438223e-06 5.83709189e-06 2.20548195e-05 4.74442786e-06 1.49894693e-05 3.71492229e-05 3.46764806e-05 1.05187071e-05 3.98775734e-05 3.14428820e-05 1.32293280e-05 3.50654842e-05 4.00991796e-05 9.07714275e-06 3.29410179e-05 6.77853937e-05 2.11807579e-05 1.72129602e-04 3.31333968e-04 1.32533587e-05 9.22267365e-05 3.09072420e-06 2.32743507e-05 1.88101804e-04 3.66072282e-04 6.07748750e-05 1.29464992e-04 1.98077365e-05 5.00634255e-06 9.59994928e-06 3.88532590e-06 1.07207097e-07 1.04968974e-09 2.02522332e-11
 2008 03 11 12 00 00  3.50480476e-03 2.12631586e-03 1.16252891e-03 8.18713714e-04 5.74412176e-04 3.32108404e-04 2.31614584e-04 1.88553916e-04 3.76081205e-04 1.11191976e-04 2.57352241e-03 3.74994762e-03 1.99191602e-04 5.80663304e-05 3.86918968e-05 1.02444710e-04 2.76397215e-05 4.49878338e-05 1.02068034e-04 6.40924613e-05 1.10972234e-04 1.34565254e-04 8.45822128e-05 6.35624910e-05 4.48992287e-06 8.59370848e-06 5.82827852e-06 2.19580812e-05 4.74185908e-06 1.49261246e-05 3.67668826e-05 3.45496577e-05 1.02657752e-05 3.95028489e-05 3.12926277e-05 1.31870431e-05 3.43317412e-05 3.90378712e-05 9.07658396e-06 3.24899635e-05 6.55395029e-05 2.10839557e-05 1.68038392e-04 3.29951693e-04 1.31980677e-05 8.83955263e-05 1.40002085e-06 2.30865422e-05 1.81484759e-04 3.59470029e-04 5.97815888e-05 1.24607664e-04 1.97689876e-05 4.99228117e-06 9.56761402e-06 3.86502996e-06 1.06384377e-07 1.01393178e-09 1.71932024e-11
 2008 03 12 12 00 00  3.50798101e-03 2.12735574e-03 1.16327842e-03 8.19486739e-04 5.75212121e-04 3.32592849e-04 2.32035169e-04 1.88991929e-04 3.77220576e-04 1.11278523e-04 2.58273711e-03 3.77119593e-03 1.99476154e-04 5.79962301e-05 3.87126102e-05 1.02742345e-04 2.77626968e-05 4.53031069e-05 1.01971940e-04 6.38904923e-05 1.11628827e-04 1.35404139e-04 8.49016217e-05 6.36396919e-05 4.49872714e-06 8.58148342e-06 5.83180590e-06 2.19863823e-05 4.73731561e-06 1.49406456e-05 3.68849675e-05 3.46005225e-05 1.03672894e-05 3.96066913e-05 3.10268602e-05 1.32039611e-05 3.45545164e-05 3.94048944e-05 9.06641362e-06 3.25424363e-05 6.62803282e-05 2.09126709e-05 1.69416744e-04 3.27506725e-04 1.31002690e-05 8.90229774e-05 2.07759476e-06 2.27542405e-05 1.83008497e-04 3.60791583e-04 5.96527983e-05 1.26066783e-04 1.92367623e-05 4.79884500e-06 9.12131584e-06 3.56747263e-06 9.29827188e-08 4.55545468e-10 1.00000000e-10
 2008 03 13 12 00 00  3.50793957e-03 2.12727515e-03 1.16323250e-03 8.19461224e-04 5.75194128e-04 3.32591276e-04 2.32031118e-04 1.88986369e-04 3.77206574e-04 1.11263614e-04 2.58262061e-03 3.77119556e-03 1.99461898e-04 5.79868218e-05 3.87096870e-05 1.02735046e-04 2.77612417e-05 4.53013228e-05 1.01955222e-04 6.38746656e-05 1.11627055e-04 1.35401834e-04 8.48990966e-05 6.36375142e-05 4.49863546e-06 8.58387139e-06 5.83179826e-06 2.19854615e-05 4.73691034e-06 1.49396323e-05 3.68804995e-05 3.46000132e-05 1.03660059e-05 3.96049106e-05 3.10034753e-05 1.32039451e-05 3.45480872e-05 3.93988341e-05 9.06840141e-06 3.25370913e-05 6.62641875e-05 2.08988451e-05 1.69405991e-04 3.27293148e-04 1.30917259e-05 8.89525352e-05 2.07273206e-06 2.27271608e-05 1.82913349e-04 3.60693452e-04 5.96165949e-05 1.26116588e-04 1.93350750e-05 4.83458955e-06 9.20385048e-06 3.62325410e-06 9.55496077e-08 5.47147483e-10 1.00000000e-10
 2008 03 14 12 00 00  3.50641370e-03 2.12689140e-03 1.16293607e-03 8.19114218e-04 5.74819164e-04 3.32348174e-04 2.31825940e-04 1.88775438e-04 3.76659097e-04 1.11245980e-04 2.57817888e-03 3.76057029e-03 1.99344400e-04 5.80409936e-05 3.87052180e-05 1.02596182e-04 2.76982959e-05 4.51419037e-05 1.02042536e-04 6.40076760e-05 1.11296895e-04 1.34980074e-04 8.47413261e-05 6.36022315e-05 4.49414147e-06 8.58766653e-06 5.83002693e-06 2.19719570e-05 4.73986620e-06 1.49334708e-05 3.68237716e-05 3.45740700e-05 1.03139631e-05 3.95558077e-05 3.11765965e-05 1.31954701e-05 3.44434053e-05 3.92201796e-05 9.07155991e-06 3.25209638e-05 6.59078178e-05 2.10113460e-05 1.68720548e-04 3.28886963e-04 1.31554785e-05 8.87327099e-05 1.72907330e-06 2.29452286e-05 1.82274931e-04 3.60168665e-04 5.97465461e-05 1.25297982e-04 1.94903484e-05 4.89104659e-06 9.33422183e-06 3.71150244e-06 9.96202662e-08 6.92856439e-10 1.00000000e-10
 2008 03 15 12 00 00  3.51019767e-03 2.12919210e-03 1.16440932e-03 8.20271335e-04 5.75877290e-04 3.32837660e-04 2.32301481e-04 1.89295100e-04 3.78013926e-04 1.11569030e-04 2.58905856e-03 3.78181934e-03 1.99857802e-04 5.81398986e-05 3.87780437e-05 1.02997243e-04 2.78222433e-05 4.54583671e-05 1.02283953e-04 6.40882936e-05 1.11954924e-04 1.35820508e-04 8.50874231e-05 6.37313009e-05 4.50300722e-06 8.57479972e-06 5.83355941e-06 2.20115670e-05 4.74163462e-06 1.49605824e-05 3.69820209e-05 3.46252753e-05 1.04163351e-05 3.97037692e-05 3.12803197e-05 1.32123998e-05 3.47464559e-05 3.96540536e-05 9.06085406e-06 3.26999967e-05 6.68321272e-05 2.10793442e-05 1.70325114e-04 3.29842666e-04 1.31937066e-05 9.03926241e-05 2.40989884e-06 2.30769117e-05 1.85098642e-04 3.62966387e-04 6.02208801e-05 1.26850580e-04 1.89398846e-05 4.69095914e-06 8.87246769e-06 3.40234744e-06 8.56026734e-08 2.02121431e-10 1.00000000e-10
 2008 03 16 12 00 00  3.51583837e-03 2.13258340e-03 1.16658416e-03 8.21982780e-04 5.77443797e-04 3.33569873e-04 2.33010297e-04 1.90068320e-04 3.80031568e-04 1.12041922e-04 2.60526996e-03 3.81369144e-03 2.00615679e-04 5.82784161e-05 3.88842934e-05 1.03590627e-04 2.80062231e-05 4.59306902e-05 1.02623260e-04 6.41934923e-05 1.12940586e-04 1.37078084e-04 8.56040434e-05 6.39508834e-05 4.51618398e-06 8.59633219e-06 5.83884794e-06 2.20724561e-05 4.74400658e-06 1.50002271e-05 3.72174029e-05 3.47014051e-05 1.05681815e-05 3.99471248e-05 3.14190198e-05 1.32377711e-05 3.51994317e-05 4.03006023e-05 9.07876965e-06 3.30148622e-05 6.82054636e-05 2.11686056e-05 1.72917414e-04 3.31118466e-04 1.32447386e-05 9.28460158e-05 3.42465428e-06 2.32501072e-05 1.89237863e-04 3.67185333e-04 6.08951559e-05 1.30435544e-04 1.98509757e-05 5.02215473e-06 9.63690413e-06 3.91552966e-06 1.08970224e-07 1.17194399e-09 3.21130345e-11
 2008 03 17 12 00 00  3.51565105e-03 2.13218990e-03 1.16635843e-03 8.21864884e-04 5.77366012e-04 3.33569036e-04 2.32993804e-04 1.90043617e-04 3.79965693e-04 1.11968218e-04 2.60476076e-03 3.81369181e-03 2.00544615e-04 5.82260051e-05 3.88681225e-05 1.03559453e-04 2.80067063e-05 4.59312869e-05 1.02519289e-04 6.41056511e-05 1.12940997e-04 1.37078857e-04 8.55962238e-05 6.39313289e-05 4.51621490e-06 8.59132342e-06 5.83885085e-06 2.20688401e-05 4.74203116e-06 1.49964585e-05 3.72054172e-05 3.47015797e-05 1.05686100e-05 3.99306460e-05 3.13034689e-05 1.32377769e-05 3.51747010e-05 4.02807296e-05 9.07460271e-06 3.29690164e-05 6.81509280e-05 2.10941129e-05 1.72825028e-04 3.30055392e-04 1.32022157e-05 9.25297699e-05 3.42628009e-06 2.31055936e-05 1.88844498e-04 3.66720846e-04 6.07091574e-05 1.30258311e-04 1.96432675e-05 4.94663964e-06 9.46255750e-06 3.79791055e-06 1.03573021e-07 8.84069840e-10 5.84797766e-12
 2008 03 18 12 00 00  3.51388486e-03 2.13129623e-03 1.16576926e-03 8.21366177e-04 5.76891849e-04 3.33326022e-04 2.32767790e-04 1.89801056e-04 3.79333236e-04 1.11854909e-04 2.59966893e-03 3.80306765e-03 2.00334744e-04 5.82110716e-05 3.88423496e-05 1.03380917e-04 2.79457017e-05 4.57742397e-05 1.02467800e-04 6.41229097e-05 1.12613000e-04 1.36660167e-04 8.54290925e-05 6.38712813e-05 4.51184242e-06 8.58867788e-06 5.83708970e-06 2.20509891e-05 4.74242843e-06 1.49856151e-05 3.71349689e-05 3.46763147e-05 1.05182786e-05 3.98606147e-05 3.13266384e-05 1.32293237e-05 3.50394293e-05 4.00781384e-05 9.07240101e-06 3.28939347e-05 6.77283171e-05 2.11088249e-05 1.72027852e-04 3.30268298e-04 1.32107319e-05 9.19067846e-05 3.08909875e-06 2.31341823e-05 1.87708327e-04 3.65605595e-04 6.05962929e-05 1.29232383e-04 1.95389734e-05 4.90870864e-06 9.37491930e-06 3.73802366e-06 1.00770365e-07 7.30700478e-10 1.00000000e-10
 2008 03 19 12 00 00  3.50999000e-03 2.12875875e-03 1.16416071e-03 8.20140522e-04 5.75790219e-04 3.32836244e-04 2.32282963e-04 1.89267522e-04 3.77940763e-04 1.11487846e-04 2.58849176e-03 3.78181934e-03 1.99779441e-04 5.80822350e-05 3.87602528e-05 1.02962347e-04 2.78222433e-05 4.54583671e-05 1.02169645e-04 6.39917271e-05 1.11954976e-04 1.35820508e-04 8.50784772e-05 6.37170980e-05 4.50300722e-06 8.57972555e-06 5.83355941e-06 2.20081095e-05 4.73946166e-06 1.49563342e-05 3.69685548e-05 3.46252753e-05 1.04163351e-05 3.96917447e-05 3.11532000e-05 1.32123998e-05 3.47197283e-05 3.96318964e-05 9.06495043e-06 3.26630973e-05 6.67710239e-05 2.09974431e-05 1.70273255e-04 3.28673207e-04 1.31469283e-05 9.00479427e-05 2.40989884e-06 2.29180107e-05 1.84658481e-04 3.62481024e-04 6.00154464e-05 1.26986230e-04 1.91668587e-05 4.77342323e-06 9.06258740e-06 3.52742884e-06 9.11149364e-08 3.87750720e-10 1.00000000e-10
 2008 03 20 12 00 00  3.51001221e-03 2.12879871e-03 1.16418393e-03 8.20155369e-04 5.75802189e-04 3.32837285e-04 2.32285571e-04 1.89271174e-04 3.77949507e-04 1.11495519e-04 2.58855781e-03 3.78182009e-03 1.99787249e-04 5.80882433e-05 3.87620892e-05 1.02967114e-04 2.78232154e-05 4.54595604e-05 1.02182919e-04 6.40014827e-05 1.11955967e-04 1.35822056e-04 8.50799395e-05 6.37125321e-05 4.50306870e-06 8.57043196e-06 5.83356450e-06 2.20081763e-05 4.73965338e-06 1.49569351e-05 3.69702918e-05 3.46256187e-05 1.04171930e-05 3.96881034e-05 3.11645999e-05 1.32124100e-05 3.47223319e-05 3.96350814e-05 9.05721754e-06 3.26555683e-05 6.67799408e-05 2.10054888e-05 1.70238895e-04 3.28778965e-04 1.31511586e-05 9.00812533e-05 2.41315010e-06 2.29334735e-05 1.84715697e-04 3.62515125e-04 6.00380592e-05 1.26715718e-04 1.87806335e-05 4.63300742e-06 8.73841057e-06 3.30884014e-06 8.10924210e-08 3.17363913e-11 1.00000000e-10
 2008 03 21 12 00 00  3.51466938e-03 2.13291250e-03 1.16669759e-03 8.21863661e-04 5.77230049e-04 3.33334044e-04 2.32839866e-04 1.89907791e-04 3.79613144e-04 1.12158465e-04 2.60182780e-03 3.80306914e-03 2.00629241e-04 5.84291816e-05 3.89095687e-05 1.03516340e-04 2.79486150e-05 4.57778078e-05 1.02906127e-04 6.44870335e-05 1.12616369e-04 1.36664796e-04 8.54644067e-05 6.39230295e-05 4.51202577e-06 8.56623592e-06 5.83710425e-06 2.20646443e-05 4.75050401e-06 1.50021248e-05 3.71870038e-05 3.46773333e-05 1.05208484e-05 3.99051385e-05 3.17997183e-05 1.32293542e-05 3.51418876e-05 4.01655017e-05 9.05372435e-06 3.30289357e-05 6.79686909e-05 2.14166692e-05 1.72217863e-04 3.34624179e-04 1.33849671e-05 9.32134588e-05 3.09883835e-06 2.37308064e-05 1.89404683e-04 3.67460770e-04 6.13766390e-05 1.28700735e-04 1.86065261e-05 4.56970840e-06 8.59226876e-06 3.21025767e-06 7.65694530e-08 1.00000000e-10 1.00000000e-10
 2008 03 22 12 00 00  3.52617563e-03 2.13732578e-03 1.16976545e-03 8.24817544e-04 5.80206263e-04 3.35038428e-04 2.34350110e-04 1.91495897e-04 3.83741404e-04 1.12606873e-04 2.63517298e-03 3.87744121e-03 2.01767257e-04 5.82878336e-05 3.90141024e-05 1.04628771e-04 2.83858273e-05 4.68896091e-05 1.02780105e-04 6.39529899e-05 1.14924787e-04 1.39611738e-04 8.66026354e-05 6.42734549e-05 4.54327019e-06 8.58686835e-06 5.84948539e-06 2.21766775e-05 4.73844411e-06 1.50618530e-05 3.76332607e-05 3.48577450e-05 1.08821529e-05 4.03372713e-05 3.10945878e-05 1.32886431e-05 3.59843836e-05 4.15038481e-05 9.07088979e-06 3.33771031e-05 7.07041584e-05 2.09633799e-05 1.77542828e-04 3.28138636e-04 1.31255455e-05 9.61609897e-05 5.49310971e-06 2.28511592e-05 1.95621318e-04 3.73275689e-04 6.13062632e-05 1.35991189e-04 1.95024224e-05 4.89532567e-06 9.34356306e-06 3.71148001e-06 9.91668561e-08 6.56097665e-10 1.00000000e-10
 2008 03 23 12 00 00  3.52543766e-03 2.13856027e-03 1.17039806e-03 8.24969322e-04 5.80171009e-04 3.34804660e-04 2.34217569e-04 1.91392040e-04 3.83474169e-04 1.12892904e-04 2.63290216e-03 3.86681855e-03 2.01944107e-04 5.85586644e-05 3.90764324e-05 1.04626042e-04 2.83272500e-05 4.67355392e-05 1.03300764e-04 6.44478481e-05 1.14601302e-04 1.39196917e-04 8.64810682e-05 6.43319193e-05 4.53905122e-06 8.62595698e-06 5.84773697e-06 2.21809693e-05 4.74948938e-06 1.50724290e-05 3.76325338e-05 3.48333328e-05 1.08339656e-05 4.03680568e-05 3.17411643e-05 1.32802161e-05 3.59899565e-05 4.14175390e-05 9.10340823e-06 3.35722184e-05 7.05985247e-05 2.13823354e-05 1.77350219e-04 3.34089720e-04 1.33635888e-05 9.72943616e-05 5.16405707e-06 2.36634893e-05 1.96692631e-04 3.74798417e-04 6.22142377e-05 1.36483091e-04 2.11915244e-05 5.50925629e-06 1.07601725e-05 4.65764451e-06 1.41902521e-07 2.84460571e-09 1.82622806e-10
 2008 03 24 12 00 00  3.53162290e-03 2.14305772e-03 1.17320845e-03 8.27027012e-04 5.81977201e-04 3.35545001e-04 2.34977757e-04 1.92240575e-04 3.85687144e-04 1.13573721e-04 2.65062418e-03 3.89869288e-03 2.02904281e-04 5.88465778e-05 3.92287100e-05 1.05315423e-04 2.85160844e-05 4.72138112e-05 1.03942116e-04 6.48019603e-05 1.15595744e-04 1.40462202e-04 8.70236557e-05 6.46685067e-05 4.55253321e-06 8.74458492e-06 5.85305061e-06 2.22594020e-05 4.75737434e-06 1.51239146e-05 3.79098823e-05 3.49111593e-05 1.09900946e-05 4.07112047e-05 3.22028878e-05 1.33056412e-05 3.65279829e-05 4.21339369e-05 9.20210878e-06 3.41281195e-05 7.21578678e-05 2.16819797e-05 1.80662209e-04 3.38340066e-04 1.35336026e-05 1.00735054e-04 6.19504135e-06 2.42443872e-05 2.02032272e-04 3.80675074e-04 6.34272403e-05 1.43281960e-04 2.62513579e-05 7.34848750e-06 1.50048525e-05 7.50165120e-06 2.71005264e-07 9.62588249e-09 7.98708832e-10
 2008 03 25 12 00 00  3.53571191e-03 2.14598964e-03 1.17504391e-03 8.28376757e-04 5.83165137e-04 3.36037444e-04 2.35481000e-04 1.92801249e-04 3.87149927e-04 1.14015099e-04 2.66234062e-03 3.91994230e-03 2.03532123e-04 5.90296048e-05 3.93274839e-05 1.05768513e-04 2.86410010e-05 4.75314679e-05 1.04351947e-04 6.50232832e-05 1.16258412e-04 1.41304183e-04 8.73834003e-05 6.49157994e-05 4.56146008e-06 8.86007037e-06 5.85658781e-06 2.23131912e-05 4.76230343e-06 1.51574025e-05 3.80928107e-05 3.49627051e-05 1.10933244e-05 4.09592108e-05 3.24914959e-05 1.33225796e-05 3.68852405e-05 4.26084532e-05 9.29819507e-06 3.45392809e-05 7.31875998e-05 2.18692643e-05 1.83037926e-04 3.40996798e-04 1.36398719e-05 1.02993247e-04 6.87911815e-06 2.46074633e-05 2.05511027e-04 3.84615859e-04 6.42027280e-05 1.48939424e-04 3.11673046e-05 9.13543977e-06 1.91289946e-05 1.02662362e-05 3.96599148e-07 1.62301532e-08 1.39889949e-09
 2008 03 26 12 00 00  3.53780650e-03 2.14755494e-03 1.17601862e-03 8.29083275e-04 5.83781433e-04 3.36284882e-04 2.35737487e-04 1.93088553e-04 3.87899100e-04 1.14254408e-04 2.66833909e-03 3.93056683e-03 2.03864138e-04 5.91341328e-05 3.93808867e-05 1.06004023e-04 2.87044299e-05 4.76914865e-05 1.04582215e-04 6.51556358e-05 1.16589912e-04 1.41726715e-04 8.75659245e-05 6.50142779e-05 4.56598464e-06 8.87635833e-06 5.85836206e-06 2.23385293e-05 4.76526293e-06 1.51752949e-05 3.81872340e-05 3.49888200e-05 1.11457957e-05 4.10620102e-05 3.26647074e-05 1.33310605e-05 3.70668424e-05 4.28502008e-05 9.31174582e-06 3.47009263e-05 7.37163662e-05 2.19813592e-05 1.84038162e-04 3.42590882e-04 1.37036353e-05 1.04180635e-04 7.22440236e-06 2.48248398e-05 2.07363515e-04 3.86584172e-04 6.46383849e-05 1.50486028e-04 3.18670004e-05 9.38976477e-06 1.97158818e-05 1.06587828e-05 4.14369811e-07 1.71598849e-08 1.48327253e-09
 2008 03 27 12 00 00  3.55413731e-03 2.15924336e-03 1.18333662e-03 8.34462972e-04 5.88514916e-04 3.38253124e-04 2.37746637e-04 1.95325718e-04 3.93737844e-04 1.16011745e-04 2.71512259e-03 4.01556306e-03 2.06366224e-04 5.98574185e-05 3.97733376e-05 1.07809251e-04 2.92026409e-05 4.89603204e-05 1.06193479e-04 6.60271791e-05 1.19226592e-04 1.45092318e-04 8.90030289e-05 6.56632294e-05 4.60160081e-06 8.86590933e-06 5.87250397e-06 2.25219189e-05 4.78480797e-06 1.53084473e-05 3.89032217e-05 3.51944967e-05 1.15574279e-05 4.17656699e-05 3.38083017e-05 1.33988025e-05 3.84423253e-05 4.47195639e-05 9.30305105e-06 3.57211373e-05 7.77783821e-05 2.27199867e-05 1.91120178e-04 3.53113596e-04 1.41245438e-05 1.12854168e-04 9.95582959e-06 2.62574846e-05 2.21200985e-04 4.00794620e-04 6.77080208e-05 1.58219500e-04 3.14343301e-05 9.23245962e-06 1.93526939e-05 1.04136671e-05 4.03115189e-07 1.65590649e-08 1.42844190e-09
 2008 03 28 12 00 00  3.55584996e-03 2.16001942e-03 1.18385852e-03 8.34928612e-04 5.88968873e-04 3.38496638e-04 2.37968426e-04 1.95561754e-04 3.94352102e-04 1.16103162e-04 2.72007297e-03 4.02618721e-03 2.06555272e-04 5.98571246e-05 3.97944013e-05 1.07979677e-04 2.92646117e-05 4.91185521e-05 1.06215447e-04 6.59841753e-05 1.19554908e-04 1.45512527e-04 8.91683513e-05 6.56949693e-05 4.60603369e-06 8.83496323e-06 5.87427021e-06 2.25368644e-05 4.78381480e-06 1.53183359e-05 3.89698248e-05 3.52200994e-05 1.16086128e-05 4.18119078e-05 3.37503647e-05 1.34072674e-05 3.85677529e-05 4.49159169e-05 9.27729925e-06 3.57411842e-05 7.81851228e-05 2.26833014e-05 1.91731164e-04 3.52581444e-04 1.41032577e-05 1.13367503e-04 1.02962367e-05 2.61861773e-05 2.22232948e-04 4.01685436e-04 6.77679408e-05 1.58214147e-04 3.01406007e-05 8.76213116e-06 1.82669397e-05 9.68261688e-06 3.69671756e-07 1.47829279e-08 1.26658266e-09
 2008 03 29 12 00 00  3.56520483e-03 2.16555576e-03 1.18741734e-03 8.37753641e-04 5.91567199e-04 3.39719608e-04 2.39147403e-04 1.96846081e-04 3.97700468e-04 1.16869980e-04 2.74698139e-03 4.07930911e-03 2.07798722e-04 6.00735504e-05 3.99669979e-05 1.08963607e-04 2.95744772e-05 4.99097165e-05 1.06754335e-04 6.61345839e-05 1.21200444e-04 1.47613618e-04 9.00290614e-05 6.60225467e-05 4.62819808e-06 8.82188106e-06 5.88310140e-06 2.26351570e-05 4.78716684e-06 1.53839202e-05 3.93600453e-05 3.53481126e-05 1.18645439e-05 4.21855585e-05 3.39466380e-05 1.34495887e-05 3.93138537e-05 4.59901044e-05 9.26641223e-06 3.61919341e-05 8.04659625e-05 2.28106030e-05 1.95801220e-04 3.54388120e-04 1.41755248e-05 1.17353518e-04 1.19983059e-05 2.64329836e-05 2.29062749e-04 4.08479280e-04 6.88447729e-05 1.62696491e-04 2.95997487e-05 8.56549273e-06 1.78129276e-05 9.37608065e-06 3.55588134e-07 1.40304241e-08 1.19789272e-09
 2008 03 30 12 00 00  3.56134602e-03 2.16309684e-03 1.18585372e-03 8.36550254e-04 5.90479319e-04 3.39229627e-04 2.38665469e-04 1.96316962e-04 3.96320203e-04 1.16517535e-04 2.73589981e-03 4.05806042e-03 2.07257310e-04 5.99547711e-05 3.98880156e-05 1.08550554e-04 2.94505327e-05 4.95932531e-05 1.06475107e-04 6.60204154e-05 1.20541186e-04 1.46773185e-04 8.96797458e-05 6.58535937e-05 4.61933232e-06 8.78802239e-06 5.87956893e-06 2.25911741e-05 4.78459915e-06 1.53553027e-05 3.91949857e-05 3.52969073e-05 1.17621719e-05 4.20040738e-05 3.37964157e-05 1.34326605e-05 3.89959549e-05 4.55458675e-05 9.23823900e-06 3.59360785e-05 7.95154519e-05 2.27137789e-05 1.93930811e-04 3.53006091e-04 1.41202436e-05 1.15537552e-04 1.13174814e-05 2.62451387e-05 2.26084143e-04 4.05359700e-04 6.82991743e-05 1.59666898e-04 2.81694759e-05 8.04556066e-06 1.66128381e-05 8.57010880e-06 3.18865051e-07 1.20911952e-08 1.02144986e-09
 2008 03 31 12 00 00  3.55754782e-03 2.16075765e-03 1.18435868e-03 8.35385051e-04 5.89418443e-04 3.38741364e-04 2.38189466e-04 1.95796241e-04 3.94961296e-04 1.16187467e-04 2.72498847e-03 4.03681211e-03 2.06737570e-04 5.98512843e-05 3.98137573e-05 1.08148382e-04 2.93280405e-05 4.92785708e-05 1.06225552e-04 6.59317651e-05 1.19884115e-04 1.45935057e-04 8.93337895e-05 6.56997630e-05 4.61055788e-06 8.76760605e-06 5.87604409e-06 2.25495179e-05 4.78262846e-06 1.53281085e-05 3.90358560e-05 3.52462084e-05 1.16610841e-05 4.18354268e-05 3.36809986e-05 1.34157468e-05 3.86885975e-05 4.51106174e-05 9.22124964e-06 3.57103839e-05 7.85884583e-05 2.26387870e-05 1.92158718e-04 3.51943510e-04 1.40777404e-05 1.13834985e-04 1.06415180e-05 2.60997796e-05 2.23243751e-04 4.02436314e-04 6.78104737e-05 1.57089499e-04 2.73146477e-05 7.73479564e-06 1.58954519e-05 8.08726359e-06 2.96789116e-07 1.09197344e-08 9.14718701e-10
 2008 04 01 12 00 00  3.54971145e-03 2.15279666e-03 1.17956147e-03 8.32287964e-04 5.86925189e-04 3.37992843e-04 2.37283514e-04 1.94729643e-04 3.92167443e-04 1.14857877e-04 2.70277429e-03 4.00493927e-03 2.05151713e-04 5.91020871e-05 3.95191563e-05 1.07183670e-04 2.91426084e-05 4.88044665e-05 1.04670229e-04 6.48047018e-05 1.18895485e-04 1.44675175e-04 8.87218212e-05 6.52826107e-05 4.59728981e-06 8.73352838e-06 5.87074792e-06 2.24473805e-05 4.75735869e-06 1.52432913e-05 3.86559452e-05 3.51695664e-05 1.15079536e-05 4.14245640e-05 3.22024280e-05 1.33903595e-05 3.79453933e-05 4.42244758e-05 9.19289523e-06 3.49189686e-05 7.65576730e-05 2.16836634e-05 1.88683241e-04 3.38338342e-04 1.35335337e-05 1.07690227e-04 9.62189952e-06 2.42472452e-05 2.14430202e-04 3.92859333e-04 6.49592629e-05 1.52753467e-04 2.58766873e-05 7.21206520e-06 1.46888854e-05 7.27672527e-06 2.59842435e-07 8.96752805e-09 7.37065342e-10
 2008 04 02 12 00 00  3.53997617e-03 2.14647170e-03 1.17555021e-03 8.29223022e-04 5.84165769e-04 3.36766410e-04 2.36070170e-04 1.93394395e-04 3.88684762e-04 1.13943278e-04 2.67482399e-03 3.95181701e-03 2.03765453e-04 5.87807664e-05 3.93141996e-05 1.06135160e-04 2.88317737e-05 4.80121176e-05 1.03922848e-04 6.44787680e-05 1.17247688e-04 1.42572550e-04 8.78442263e-05 6.48969095e-05 4.57506430e-06 8.71101074e-06 5.86191200e-06 2.23396009e-05 4.75005545e-06 1.51697950e-05 3.82388484e-05 3.50412127e-05 1.12511669e-05 4.10016450e-05 3.17750702e-05 1.33480266e-05 3.71449210e-05 4.31062435e-05 9.17415746e-06 3.43422302e-05 7.41577950e-05 2.14074869e-05 1.84286164e-04 3.34405810e-04 1.33762324e-05 1.03041300e-04 7.91659331e-06 2.37116023e-05 2.06786399e-04 3.85030959e-04 6.35072319e-05 1.47100668e-04 2.49315151e-05 6.86846190e-06 1.38957222e-05 6.74321154e-06 2.35473894e-07 7.67620882e-09 6.19459462e-10
 2008 04 03 12 00 00  3.53281092e-03 2.14550371e-03 1.17461274e-03 8.27778885e-04 5.82487777e-04 3.35557959e-04 2.35086794e-04 1.92401654e-04 3.86109499e-04 1.14032710e-04 2.65389294e-03 3.89869548e-03 2.03349066e-04 5.91744149e-05 3.93297871e-05 1.05519992e-04 2.85214279e-05 4.72203596e-05 1.04597346e-04 6.53496129e-05 1.15601867e-04 1.40470700e-04 8.70776032e-05 6.47428698e-05 4.55286936e-06 8.70394360e-06 5.85307862e-06 2.22798153e-05 4.76960486e-06 1.51489893e-05 3.79902493e-05 3.49130278e-05 1.09948087e-05 4.07748364e-05 3.29187926e-05 1.33056994e-05 3.66834182e-05 4.22669263e-05 9.16827703e-06 3.43244320e-05 7.25235429e-05 2.21456823e-05 1.80920787e-04 3.44929061e-04 1.37971625e-05 1.02710841e-04 6.21290965e-06 2.51435151e-05 2.04601137e-04 3.83465167e-04 6.46024535e-05 1.42337321e-04 2.46370107e-05 6.76139434e-06 1.36485452e-05 6.57665503e-06 2.27845155e-07 7.27035960e-09 5.82457016e-10
 2008 04 04 12 00 00  3.52798551e-03 2.14103553e-03 1.17189598e-03 8.25965247e-04 5.80990966e-04 3.35060491e-04 2.34517849e-04 1.91743126e-04 3.84387212e-04 1.13303509e-04 2.64016706e-03 3.87744643e-03 2.02443370e-04 5.87868484e-05 3.91679093e-05 1.04943106e-04 2.83965084e-05 4.69027029e-05 1.03782282e-04 6.47857727e-05 1.14940826e-04 1.39628719e-04 8.66861421e-05 6.44853589e-05 4.54394249e-06 8.66251139e-06 5.84954105e-06 2.22174478e-05 4.75697161e-06 1.51004366e-05 3.77613356e-05 3.48614849e-05 1.08915789e-05 4.05182101e-05 3.21795524e-05 1.32887595e-05 3.62373250e-05 4.17166830e-05 9.13380427e-06 3.38560095e-05 7.12823237e-05 2.16679327e-05 1.78649614e-04 3.38126668e-04 1.35250667e-05 9.92678256e-05 5.52883248e-06 2.42169277e-05 1.99561335e-04 3.77976943e-04 6.30982618e-05 1.38898228e-04 2.28737934e-05 6.12046181e-06 1.21693191e-05 5.58500601e-06 1.82790512e-07 4.90085581e-09 3.67109898e-10
 2008 04 05 12 00 00  3.52064851e-03 2.13690642e-03 1.16922132e-03 8.23798696e-04 5.78976700e-04 3.34084004e-04 2.33588424e-04 1.90735928e-04 3.81761288e-04 1.12746461e-04 2.61904701e-03 3.83494943e-03 2.01503494e-04 5.86544235e-05 3.90423728e-05 1.04181737e-04 2.81495886e-05 4.62709606e-05 1.03433161e-04 6.47332985e-05 1.13624491e-04 1.37949385e-04 8.60044061e-05 6.42033082e-05 4.52627210e-06 8.62717498e-06 5.84248119e-06 2.21387723e-05 4.75578527e-06 1.50511234e-05 3.74579200e-05 3.47594090e-05 1.06876905e-05 4.02026210e-05 3.21102038e-05 1.32549118e-05 3.56555688e-05 4.08721315e-05 9.10440431e-06 3.34661647e-05 6.95001804e-05 2.16233835e-05 1.75219457e-04 3.37488824e-04 1.34995530e-05 9.62971349e-05 4.17042211e-06 2.41304704e-05 1.94419366e-04 3.72763786e-04 6.23830394e-05 1.33911358e-04 2.13664344e-05 5.57254266e-06 1.09048031e-05 4.73778265e-06 1.44332801e-07 2.88094721e-09 1.83602400e-10
 2008 04 06 12 00 00  3.52175140e-03 2.13642165e-03 1.16901916e-03 8.23878068e-04 5.79169428e-04 3.34322014e-04 2.33754610e-04 1.90889422e-04 3.82158432e-04 1.12601148e-04 2.62232315e-03 3.84557247e-03 2.01463083e-04 5.84841624e-05 3.90110486e-05 1.04247558e-04 2.82101013e-05 4.64274024e-05 1.03113945e-04 6.44063752e-05 1.13950896e-04 1.38367275e-04 8.61426966e-05 6.41867304e-05 4.53061293e-06 8.60229120e-06 5.84423979e-06 2.21425688e-05 4.74848748e-06 1.50482930e-05 3.74843679e-05 3.47845023e-05 1.07375898e-05 4.02075553e-05 3.16829828e-05 1.32633606e-05 3.57007550e-05 4.10010125e-05 9.08370130e-06 3.33661422e-05 6.97215473e-05 2.13465930e-05 1.75628929e-04 3.33556717e-04 1.33422687e-05 9.57890325e-05 4.50595180e-06 2.35937856e-05 1.94139938e-04 3.72183002e-04 6.18360020e-05 1.33960974e-04 2.03004916e-05 5.18508728e-06 1.00106639e-05 4.13931438e-06 1.17210164e-07 1.45967334e-09 5.45640033e-11
 2008 04 07 12 00 00  3.50526008e-03 2.12718723e-03 1.16303295e-03 8.19012456e-04 5.74637441e-04 3.32121746e-04 2.31663074e-04 1.88623718e-04 3.76254365e-04 1.11358001e-04 2.57483275e-03 3.74995284e-03 1.99357350e-04 5.81931334e-05 3.87307582e-05 1.02534515e-04 2.76508916e-05 4.50015272e-05 1.02340929e-04 6.43005886e-05 1.10986471e-04 1.34583009e-04 8.46076434e-05 6.36050092e-05 4.49062536e-06 8.59548381e-06 5.82833636e-06 2.19696675e-05 4.74611879e-06 1.49371829e-05 3.68020382e-05 3.45535664e-05 1.02756305e-05 3.95416706e-05 3.15443816e-05 1.31871653e-05 3.43989550e-05 3.91017384e-05 9.07803915e-06 3.25882596e-05 6.57121799e-05 2.12569721e-05 1.68269211e-04 3.32281253e-04 1.32912501e-05 8.91851239e-05 1.43736906e-06 2.34199761e-05 1.82575296e-04 3.60693471e-04 6.02461115e-05 1.24987820e-04 2.00002122e-05 5.07596005e-06 9.75893039e-06 3.97200549e-06 1.09712943e-07 1.07326161e-09 1.96459959e-11
 2008 04 08 12 00 00  3.51439809e-03 2.13228803e-03 1.16634145e-03 8.21699269e-04 5.77138706e-04 3.33340596e-04 2.32821146e-04 1.89877655e-04 3.79524614e-04 1.12042915e-04 2.60113530e-03 3.80307287e-03 2.00520943e-04 5.83508212e-05 3.88852596e-05 1.03479564e-04 2.79578438e-05 4.57891234e-05 1.02761360e-04 6.43532665e-05 1.12628566e-04 1.36679472e-04 8.54575027e-05 6.39215338e-05 4.51260639e-06 8.59374777e-06 5.83715228e-06 2.20639895e-05 4.74730441e-06 1.49979192e-05 3.71761554e-05 3.46805638e-05 1.05289910e-05 3.99055400e-05 3.16137215e-05 1.32294546e-05 3.51156575e-05 4.01494143e-05 9.07659341e-06 3.30085651e-05 6.79205650e-05 2.13016523e-05 1.72302303e-04 3.32919120e-04 1.33167648e-05 9.27975395e-05 3.12969823e-06 2.35066604e-05 1.88919209e-04 3.66975599e-04 6.11095672e-05 1.29745153e-04 1.99237393e-05 5.04816833e-06 9.69481860e-06 3.92937328e-06 1.07801001e-07 9.74598668e-10 1.07272080e-11
 2008 04 09 12 00 00  3.50460439e-03 2.12584449e-03 1.16226208e-03 8.18597239e-04 5.74353614e-04 3.32113311e-04 2.31602305e-04 1.88534330e-04 3.76020990e-04 1.11106023e-04 2.57302332e-03 3.74995098e-03 1.99112982e-04 5.80134553e-05 3.86753608e-05 1.02420773e-04 2.76465173e-05 4.49961663e-05 1.01981605e-04 6.40005979e-05 1.10980228e-04 1.34576058e-04 8.45771383e-05 6.35336175e-05 4.49035033e-06 8.57533450e-06 5.82831381e-06 2.19552819e-05 4.73941036e-06 1.49231586e-05 3.67550415e-05 3.45520355e-05 1.02717735e-05 3.94806702e-05 3.11517360e-05 1.31871173e-05 3.43076184e-05 3.90244644e-05 9.06127316e-06 3.24249035e-05 6.55021863e-05 2.10028898e-05 1.67902186e-04 3.28667722e-04 1.31467089e-05 8.80641426e-05 1.42275167e-06 2.29272555e-05 1.81146991e-04 3.59014488e-04 5.95997326e-05 1.24196752e-04 1.91399900e-05 4.76327439e-06 9.03730532e-06 3.48860874e-06 8.77767953e-08 1.98037586e-10 1.00000000e-10
 2008 04 10 12 00 00  3.50848206e-03 2.12834284e-03 1.16384831e-03 8.19812534e-04 5.75449432e-04 3.32603418e-04 2.32085924e-04 1.89065965e-04 3.77407917e-04 1.11465859e-04 2.58415656e-03 3.77119929e-03 1.99661529e-04 5.81374780e-05 3.87559612e-05 1.02837003e-04 2.77704617e-05 4.53126297e-05 1.02270911e-04 6.41235616e-05 1.11638528e-04 1.35416492e-04 8.49272684e-05 6.36773385e-05 4.49921608e-06 8.57158375e-06 5.83184628e-06 2.19971565e-05 4.74217632e-06 1.49521627e-05 3.69202055e-05 3.46032408e-05 1.03741455e-05 3.96408097e-05 3.13135330e-05 1.32040455e-05 3.46240604e-05 3.94688426e-05 9.05815396e-06 3.26355186e-05 6.64548180e-05 2.11071703e-05 1.69588095e-04 3.30156226e-04 1.32062490e-05 8.98752892e-05 2.10357739e-06 2.31295649e-05 1.84165665e-04 3.62063056e-04 6.01640296e-05 1.26051700e-04 1.89790739e-05 4.70478419e-06 8.90233025e-06 3.39830534e-06 8.36870576e-08 5.50810952e-11 1.00000000e-10
 2008 04 11 12 00 00  3.50251869e-03 2.12428182e-03 1.16128902e-03 8.17897101e-04 5.73745826e-04 3.31868574e-04 2.31347940e-04 1.88249388e-04 3.75275858e-04 1.10867330e-04 2.56706119e-03 3.73932719e-03 1.98782084e-04 5.79091427e-05 3.86220157e-05 1.02188702e-04 2.75860046e-05 4.48397273e-05 1.01752314e-04 6.38681871e-05 1.10652498e-04 1.34158172e-04 8.43964981e-05 6.34394454e-05 4.48600913e-06 8.56332772e-06 5.82655521e-06 2.19311125e-05 4.73645123e-06 1.49058353e-05 3.66639238e-05 3.45269480e-05 1.02218750e-05 3.93818376e-05 3.09785421e-05 1.31786685e-05 3.41298366e-05 3.87874898e-05 9.05128545e-06 3.22703405e-05 6.49853343e-05 2.08907586e-05 1.66941739e-04 3.27073750e-04 1.30829500e-05 8.69226969e-05 1.08722161e-06 2.27098208e-05 1.79336197e-04 3.57100321e-04 5.91693089e-05 1.22821503e-04 1.86235718e-05 4.57556844e-06 8.60415793e-06 3.19898459e-06 7.46720584e-08 1.00000000e-10 1.00000000e-10
 2008 04 12 12 00 00  3.50167687e-03 2.12531729e-03 1.16180696e-03 8.17981734e-04 5.73660593e-04 3.31631443e-04 2.31204518e-04 1.88130065e-04 3.74970146e-04 1.11115711e-04 2.56449260e-03 3.72870266e-03 1.98921713e-04 5.81524622e-05 3.86758909e-05 1.02165965e-04 2.75245140e-05 4.46820806e-05 1.02215661e-04 6.43176551e-05 1.10324632e-04 1.33738706e-04 8.42689450e-05 6.34694622e-05 4.48160681e-06 8.57601626e-06 5.82479115e-06 2.19310198e-05 4.74651715e-06 1.49138719e-05 3.66534718e-05 3.45015113e-05 1.01711143e-05 3.93881237e-05 3.15675832e-05 1.31702094e-05 3.41169178e-05 3.86849391e-05 9.06184359e-06 3.24090535e-05 6.48371874e-05 2.12715633e-05 1.66562008e-04 3.32494248e-04 1.32997699e-05 8.78807554e-05 7.48414823e-07 2.34483610e-05 1.80160564e-04 3.58265499e-04 5.99752226e-05 1.22403197e-04 1.91521379e-05 4.76773059e-06 9.04778614e-06 3.49794412e-06 8.83671706e-08 2.26419683e-10 1.00000000e-10
 2008 04 13 12 00 00  3.51019123e-03 2.12911862e-03 1.16436964e-03 8.20274831e-04 5.75898768e-04 3.32846024e-04 2.32306690e-04 1.89300682e-04 3.78019755e-04 1.11556948e-04 2.58909150e-03 3.78182344e-03 1.99849751e-04 5.81360839e-05 3.87767112e-05 1.03005622e-04 2.78314663e-05 4.54696739e-05 1.02289104e-04 6.40791026e-05 1.11967066e-04 1.35835169e-04 8.50919350e-05 6.37485076e-05 4.50358784e-06 8.59676293e-06 5.83360743e-06 2.20154145e-05 4.74119188e-06 1.49618252e-05 3.69878570e-05 3.46285087e-05 1.04244755e-05 3.97201769e-05 3.12558375e-05 1.32125002e-05 3.47542727e-05 3.96663633e-05 9.07910799e-06 3.27279261e-05 6.68623991e-05 2.10695929e-05 1.70479107e-04 3.29624969e-04 1.31849988e-05 9.04174041e-05 2.44074381e-06 2.30567442e-05 1.85178875e-04 3.63107755e-04 6.02189549e-05 1.27760600e-04 2.00188408e-05 5.08281698e-06 9.77517089e-06 3.98778209e-06 1.10781668e-07 1.15605636e-09 2.78459034e-11
 2008 04 14 12 00 00  3.51035636e-03 2.12947223e-03 1.16457220e-03 8.20377845e-04 5.75964520e-04 3.32845830e-04 2.32320564e-04 1.89321698e-04 3.78076854e-04 1.11622978e-04 2.58953434e-03 3.78182270e-03 1.99912987e-04 5.81824301e-05 3.87910293e-05 1.03031993e-04 2.78300111e-05 4.54678928e-05 1.02379369e-04 6.41571009e-05 1.11965101e-04 1.35832861e-04 8.50982942e-05 6.37565942e-05 4.50349689e-06 8.58867497e-06 5.83359979e-06 2.20175019e-05 4.74297558e-06 1.49649911e-05 3.69974590e-05 3.46279965e-05 1.04231913e-05 3.97267387e-05 3.13600118e-05 1.32124842e-05 3.47740627e-05 3.96819171e-05 9.07238136e-06 3.27519172e-05 6.69059258e-05 2.11359889e-05 1.70491939e-04 3.30582373e-04 1.32232949e-05 9.06854838e-05 2.43588147e-06 2.31857062e-05 1.85514789e-04 3.63468161e-04 6.03821517e-05 1.27500999e-04 1.96570370e-05 4.95134286e-06 9.47194336e-06 3.78691462e-06 1.01829019e-07 7.14293868e-10 1.00000000e-10
 2008 04 15 12 00 00  3.51468293e-03 2.13291438e-03 1.16669993e-03 8.21875843e-04 5.77246797e-04 3.33337683e-04 2.32843663e-04 1.89912569e-04 3.79621823e-04 1.12159664e-04 2.60188729e-03 3.80307063e-03 2.00632114e-04 5.84325836e-05 3.89105398e-05 1.03522922e-04 2.79524975e-05 4.57825692e-05 1.02919504e-04 6.44913991e-05 1.12622067e-04 1.36670973e-04 8.54670098e-05 6.39476295e-05 4.51227024e-06 8.59770953e-06 5.83712463e-06 2.20680329e-05 4.75047891e-06 1.50029942e-05 3.71909385e-05 3.46786925e-05 1.05242769e-05 3.99267990e-05 3.17989965e-05 1.32293964e-05 3.51495759e-05 4.01736133e-05 9.07990106e-06 3.30734126e-05 6.79885174e-05 2.14193511e-05 1.72401650e-04 3.34621470e-04 1.33848588e-05 9.32660443e-05 3.11182957e-06 2.37353554e-05 1.89474973e-04 3.67631314e-04 6.13934225e-05 1.29798162e-04 2.00219443e-05 5.08403393e-06 9.77841277e-06 3.99504235e-06 1.11477738e-07 1.22032990e-09 3.43899520e-11
 2008 04 16 12 00 00  3.51787466e-03 2.13399315e-03 1.16747144e-03 8.22657744e-04 5.78050494e-04 3.33821357e-04 2.33264994e-04 1.90351898e-04 3.80765692e-04 1.12253288e-04 2.61113878e-03 3.82431857e-03 2.00923078e-04 5.83668835e-05 3.89326285e-05 1.03822088e-04 2.80745036e-05 4.60966548e-05 1.02830708e-04 6.42971194e-05 1.13277914e-04 1.37508325e-04 8.57865854e-05 6.40387229e-05 4.52101376e-06 8.60325526e-06 5.84064692e-06 2.20975057e-05 4.74613880e-06 1.50176850e-05 3.73100532e-05 3.47292196e-05 1.06249361e-05 4.00421469e-05 3.15449521e-05 1.32463043e-05 3.53755992e-05 4.05419541e-05 9.08451766e-06 3.31524570e-05 6.87323891e-05 2.12548402e-05 1.73871510e-04 3.32283358e-04 1.32913343e-05 9.39411637e-05 3.78616678e-06 2.34163599e-05 1.91021200e-04 3.69036021e-04 6.12791321e-05 1.31802735e-04 2.02394628e-05 5.16314676e-06 9.96121315e-06 4.12011476e-06 1.17342093e-07 1.54248287e-09 6.40169806e-11
 2008 04 17 12 00 00  3.51656728e-03 2.13408064e-03 1.16744480e-03 8.22446698e-04 5.77761313e-04 3.33577537e-04 2.33077872e-04 1.90168459e-04 3.80293427e-04 1.12323564e-04 2.60728091e-03 3.81369293e-03 2.00889596e-04 5.84825633e-05 3.89471697e-05 1.03717655e-04 2.80091335e-05 4.59342584e-05 1.03037316e-04 6.45337917e-05 1.12944664e-04 1.37082715e-04 8.56369729e-05 6.40181127e-05 4.51636733e-06 8.60187938e-06 5.83886322e-06 2.20869931e-05 4.75147572e-06 1.50156408e-05 3.72658735e-05 3.47024266e-05 1.05707521e-05 4.00049588e-05 3.18570324e-05 1.32378031e-05 3.52973447e-05 4.03835324e-05 9.08337533e-06 3.31755202e-05 6.84325472e-05 2.14556596e-05 1.73228682e-04 3.35154025e-04 1.34061610e-05 9.40787680e-05 3.43439388e-06 2.38060224e-05 1.90822529e-04 3.69001621e-04 6.16250163e-05 1.30818059e-04 2.01638341e-05 5.13569607e-06 9.89805702e-06 4.08011009e-06 1.15692506e-07 1.46842003e-09 5.76082904e-11
 2008 04 18 12 00 00  3.51629679e-03 2.13352762e-03 1.16712726e-03 8.22275186e-04 5.77643702e-04 3.33573931e-04 2.33052687e-04 1.90131444e-04 3.80196916e-04 1.12219742e-04 2.60653331e-03 3.81369218e-03 2.00788833e-04 5.84083695e-05 3.89243007e-05 1.03670530e-04 2.80071952e-05 4.59318835e-05 1.02888781e-04 6.44099899e-05 1.12942522e-04 1.37079631e-04 8.56243124e-05 6.40053217e-05 4.51624510e-06 8.61702429e-06 5.83885303e-06 2.20825449e-05 4.74871449e-06 1.50098312e-05 3.72471465e-05 3.47017485e-05 1.05690386e-05 3.99938593e-05 3.16953752e-05 1.32377827e-05 3.52620266e-05 4.03526452e-05 9.09597875e-06 3.31386977e-05 6.83475843e-05 2.13508625e-05 1.73196095e-04 3.33666058e-04 1.33466423e-05 9.36312093e-05 3.42790518e-06 2.36028354e-05 1.90231436e-04 3.68379565e-04 6.13579875e-05 1.31215656e-04 2.07895648e-05 5.36319535e-06 1.04233273e-05 4.43480798e-06 1.31992554e-07 2.33962067e-09 1.37139788e-10
 2008 04 19 12 00 00  3.52371258e-03 2.13781493e-03 1.16989292e-03 8.24492140e-04 5.79693498e-04 3.34551841e-04 2.33989740e-04 1.91149764e-04 3.82851426e-04 1.12806597e-04 2.62787370e-03 3.85618955e-03 2.01757847e-04 5.85624313e-05 3.90564950e-05 1.04446116e-04 2.82550871e-05 4.65648132e-05 1.03281911e-04 6.44984189e-05 1.14259593e-04 1.38760498e-04 8.63099454e-05 6.42802316e-05 4.53397661e-06 8.63281530e-06 5.84591799e-06 2.21616424e-05 4.75068628e-06 1.50609005e-05 3.75557380e-05 3.48041620e-05 1.07737833e-05 4.03036362e-05 3.18108330e-05 1.32716392e-05 3.58527392e-05 4.12059510e-05 9.10911767e-06 3.35192561e-05 7.01544161e-05 2.14257147e-05 1.76560728e-04 3.34728796e-04 1.33891518e-05 9.67231630e-05 4.78955626e-06 2.37479617e-05 1.95550206e-04 3.73730557e-04 6.21515583e-05 1.35604833e-04 2.14569101e-05 5.60578740e-06 1.09832667e-05 4.81081942e-06 1.49122165e-07 3.24396474e-09 2.19417107e-10
 2008 04 20 12 00 00  3.53192593e-03 2.14375794e-03 1.17360857e-03 8.27212202e-04 5.82080649e-04 3.35536506e-04 2.34998681e-04 1.92274786e-04 3.85787698e-04 1.13703771e-04 2.65139708e-03 3.89868766e-03 2.03026774e-04 5.89371521e-05 3.92567565e-05 1.05356916e-04 2.85044342e-05 4.71995299e-05 1.04113481e-04 6.49560650e-05 1.15578472e-04 1.40443686e-04 8.70306868e-05 6.46148942e-05 4.55179979e-06 8.63614405e-06 5.85299058e-06 2.22548245e-05 4.76095374e-06 1.51284883e-05 3.79173701e-05 3.49070819e-05 1.09798129e-05 4.06641187e-05 3.24115535e-05 1.33055131e-05 3.65478503e-05 4.21465267e-05 9.11188909e-06 3.40504308e-05 7.22011339e-05 2.18135989e-05 1.80164329e-04 3.40256128e-04 1.36102451e-05 1.01146323e-04 6.15608151e-06 2.45003321e-05 2.02572238e-04 3.80978961e-04 6.37333506e-05 1.39739898e-04 2.15893020e-05 5.65393416e-06 1.10944940e-05 4.88665427e-06 1.52659047e-07 3.43688020e-09 2.37125208e-10
 2008 04 21 12 00 00  3.53981191e-03 2.14902981e-03 1.17693885e-03 8.29724871e-04 5.84326159e-04 3.36517175e-04 2.35977336e-04 1.93355181e-04 3.88607342e-04 1.14474962e-04 2.67401768e-03 3.94118503e-03 2.04173493e-04 5.92217948e-05 3.94292473e-05 1.06210966e-04 2.87518371e-05 4.78318630e-05 1.04764585e-04 6.52633549e-05 1.16894638e-04 1.42123778e-04 8.77363212e-05 6.49169983e-05 4.56950074e-06 8.63358218e-06 5.86005262e-06 2.23411502e-05 4.76786809e-06 1.51891018e-05 3.82559902e-05 3.50093207e-05 1.11841284e-05 4.09967253e-05 3.28159804e-05 1.33393667e-05 3.71980184e-05 4.30490212e-05 9.10975868e-06 3.45055591e-05 7.41440818e-05 2.20742193e-05 1.83607151e-04 3.43976739e-04 1.37590696e-05 1.05012955e-04 7.51610642e-06 2.50059500e-05 2.08882366e-04 3.87403229e-04 6.49916009e-05 1.43619472e-04 2.14769665e-05 5.61310835e-06 1.10003090e-05 4.82397000e-06 1.49843864e-07 3.29130412e-09 2.23957786e-10
 2008 04 22 12 00 00  3.54862454e-03 2.15342595e-03 1.17984330e-03 8.32207861e-04 5.86698584e-04 3.37738185e-04 2.37108541e-04 1.94567740e-04 3.91764247e-04 1.15028013e-04 2.69945164e-03 3.99430767e-03 2.05210574e-04 5.92851831e-05 3.95546471e-05 1.07104439e-04 2.90636468e-05 4.86254139e-05 1.04998370e-04 6.51574810e-05 1.18542953e-04 1.44227965e-04 8.85746693e-05 6.52134791e-05 4.59178773e-06 8.64177928e-06 5.86889364e-06 2.24313985e-05 4.76550049e-06 1.52438236e-05 3.86135393e-05 3.51380178e-05 1.14417744e-05 4.13441709e-05 3.26773996e-05 1.33817113e-05 3.78767954e-05 4.40680628e-05 9.11657989e-06 3.48699774e-05 7.62716475e-05 2.19845446e-05 1.87595054e-04 3.42701387e-04 1.37080555e-05 1.08107815e-04 9.22467880e-06 2.48320517e-05 2.14573961e-04 3.92962090e-04 6.55266180e-05 1.48691869e-04 2.18177988e-05 5.73702052e-06 1.12863827e-05 5.01684268e-06 1.58685563e-07 3.76225202e-09 2.66909916e-10
 2008 04 23 12 00 00  3.54491767e-03 2.15128307e-03 1.17846073e-03 8.31099666e-04 5.85673969e-04 3.37249655e-04 2.36640154e-04 1.94058622e-04 3.90436953e-04 1.14734611e-04 2.68878479e-03 3.97305861e-03 2.04725959e-04 5.92075628e-05 3.94883793e-05 1.06716805e-04 2.89401825e-05 4.83095326e-05 1.04799539e-04 6.51123584e-05 1.17884969e-04 1.43388277e-04 8.82321375e-05 6.50752859e-05 4.58295181e-06 8.63263631e-06 5.86536371e-06 2.23918855e-05 4.76452005e-06 1.52183605e-05 3.84599866e-05 3.50869814e-05 1.13398266e-05 4.11886114e-05 3.26198409e-05 1.33647860e-05 3.75818846e-05 4.36420033e-05 9.10897215e-06 3.46781075e-05 7.53696937e-05 2.19465641e-05 1.85909378e-04 3.42170757e-04 1.36868303e-05 1.06563599e-04 8.54545360e-06 2.47585500e-05 2.11918463e-04 3.90285945e-04 6.51287104e-05 1.46456639e-04 2.14218720e-05 5.59311652e-06 1.09543422e-05 4.79517532e-06 1.48681072e-07 3.24114175e-09 2.19678054e-10
 2008 04 24 12 00 00  3.55166293e-03 2.15696098e-03 1.18194797e-03 8.33509024e-04 5.87710706e-04 3.37992051e-04 2.37449211e-04 1.94980445e-04 3.92846001e-04 1.15636335e-04 2.70802586e-03 4.00493219e-03 2.05898780e-04 5.96518580e-05 3.96889254e-05 1.07498606e-04 2.91270728e-05 4.87854239e-05 1.05748341e-04 6.57288358e-05 1.18873997e-04 1.44650482e-04 8.87978501e-05 6.53706729e-05 4.59631192e-06 8.62697561e-06 5.87066716e-06 2.24718951e-05 4.77833855e-06 1.52810274e-05 3.87688873e-05 3.51641298e-05 1.14942435e-05 4.14965801e-05 3.34284035e-05 1.33901893e-05 3.81789816e-05 4.44101061e-05 9.10426243e-06 3.51885916e-05 7.70774099e-05 2.24689662e-05 1.88786330e-04 3.49610928e-04 1.39844371e-05 1.10856362e-04 9.56994845e-06 2.57717678e-05 2.18427371e-04 3.97112002e-04 6.68962370e-05 1.49395742e-04 2.11798837e-05 5.50515583e-06 1.07513472e-05 4.65924363e-06 1.42516098e-07 2.91774249e-09 1.90307681e-10
 2008 04 25 12 00 00  3.55053794e-03 2.15459909e-03 1.18059341e-03 8.32801583e-04 5.87244032e-04 3.37986580e-04 2.37350165e-04 1.94832289e-04 3.92450996e-04 1.15194110e-04 2.70496723e-03 4.00493331e-03 2.05472590e-04 5.93381975e-05 3.95921318e-05 1.07311548e-04 2.91295000e-05 4.87883983e-05 1.05127853e-04 6.52030227e-05 1.18876368e-04 1.44654338e-04 8.87506429e-05 6.52677717e-05 4.59646471e-06 8.61764129e-06 5.87067989e-06 2.24514326e-05 4.76647838e-06 1.52583529e-05 3.86967046e-05 3.51649825e-05 1.14963856e-05 4.14100544e-05 3.27348884e-05 1.33902155e-05 3.80321535e-05 4.42912605e-05 9.09649680e-06 3.49402770e-05 7.67505689e-05 2.20227841e-05 1.88334620e-04 3.43231771e-04 1.37292708e-05 1.08970155e-04 9.57806260e-06 2.49059900e-05 2.16064335e-04 3.94386054e-04 6.57821223e-05 1.48957797e-04 2.07862509e-05 5.36206114e-06 1.04210540e-05 4.43733173e-06 1.32398586e-07 2.38298865e-09 1.41640299e-10
 2008 04 26 12 00 00  3.54751456e-03 2.15387453e-03 1.18002502e-03 8.32125427e-04 5.86509800e-04 3.37503625e-04 2.36943576e-04 1.94415030e-04 3.91366102e-04 1.15166781e-04 2.69617279e-03 3.98368537e-03 2.05245461e-04 5.94508250e-05 3.95845257e-05 1.07040229e-04 2.90070137e-05 4.84737218e-05 1.05309169e-04 6.54760050e-05 1.18219806e-04 1.43816226e-04 8.84380710e-05 6.51861376e-05 4.58769064e-06 8.60536893e-06 5.86715505e-06 2.24244549e-05 4.77259855e-06 1.52470363e-05 3.85880846e-05 3.51142837e-05 1.13953000e-05 4.13026332e-05 3.30929819e-05 1.33733032e-05 3.78271646e-05 4.39401292e-05 9.08628645e-06 3.48875631e-05 7.60544290e-05 2.22541174e-05 1.86890516e-04 3.46526795e-04 1.38610718e-05 1.08571537e-04 8.90211377e-06 2.53546808e-05 2.14870316e-04 3.93362068e-04 6.60629516e-05 1.46747767e-04 2.02635742e-05 5.17206829e-06 9.98256882e-06 4.14343333e-06 1.19049532e-07 1.68123508e-09 7.78705489e-11
 2008 04 27 12 00 00  3.53527629e-03 2.14512013e-03 1.17454320e-03 8.28096714e-04 5.82965687e-04 3.36029150e-04 2.35438231e-04 1.92738860e-04 3.86990441e-04 1.13850918e-04 2.66111786e-03 3.91993932e-03 2.03371042e-04 5.89090657e-05 3.92904144e-05 1.05688774e-04 2.86351744e-05 4.75243258e-05 1.04100878e-04 6.48234389e-05 1.16243997e-04 1.41294925e-04 8.73616012e-05 6.46842231e-05 4.56109337e-06 8.59024221e-06 5.85655798e-06 2.22860233e-05 4.75799607e-06 1.51475975e-05 3.80529990e-05 3.49606649e-05 1.10881832e-05 4.07620951e-05 3.22383683e-05 1.33225170e-05 3.67959058e-05 4.25402021e-05 9.07369977e-06 3.40941617e-05 7.30140340e-05 2.17013352e-05 1.81475052e-04 3.38662111e-04 1.35464845e-05 1.02071094e-04 6.85963751e-06 2.42826660e-05 2.04524735e-04 3.82666204e-04 6.37663140e-05 1.40252693e-04 1.96185139e-05 4.93759069e-06 9.44142664e-06 3.78083811e-06 1.02588140e-07 8.16467205e-10 1.00000000e-10
 2008 04 28 12 00 00  3.54432828e-03 2.15002669e-03 1.17774029e-03 8.30729844e-04 5.85435028e-04 3.37250027e-04 2.36589842e-04 1.93982353e-04 3.90230920e-04 1.14499473e-04 2.68719689e-03 3.97306085e-03 2.04499907e-04 5.90402936e-05 3.94367516e-05 1.06621087e-04 2.89450400e-05 4.83154872e-05 1.04468544e-04 6.48314948e-05 1.17889847e-04 1.43396001e-04 8.82092523e-05 6.49981173e-05 4.58325776e-06 8.59443098e-06 5.86538881e-06 2.23798786e-05 4.75819761e-06 1.52069538e-05 3.84244623e-05 3.50886810e-05 1.13441129e-05 4.11239888e-05 3.22500360e-05 1.33648384e-05 3.75042188e-05 4.35824643e-05 9.07718495e-06 3.45038229e-05 7.52062337e-05 2.17083347e-05 1.85521301e-04 3.38768788e-04 1.35507515e-05 1.05560539e-04 8.56169645e-06 2.42963506e-05 2.10707911e-04 3.88777177e-04 6.45401195e-05 1.45217475e-04 1.97945050e-05 5.00156934e-06 9.58911018e-06 3.88014919e-06 1.07122308e-07 1.05659386e-09 2.11682949e-11
 2008 04 29 12 00 00  3.53868008e-03 2.14663351e-03 1.17556413e-03 8.29012723e-04 5.83860876e-04 3.36515579e-04 2.35879169e-04 1.93207008e-04 3.88209600e-04 1.14026050e-04 2.67095435e-03 3.94118801e-03 2.03740971e-04 5.89012481e-05 3.93303540e-05 1.06024632e-04 2.87586328e-05 4.78401955e-05 1.04127359e-04 6.47258596e-05 1.16901824e-04 1.42134583e-04 8.76910638e-05 6.47959677e-05 4.56992857e-06 8.59877691e-06 5.86008755e-06 2.23199221e-05 4.75582819e-06 1.51668241e-05 3.81873644e-05 3.50117014e-05 1.11901267e-05 4.08950517e-05 3.21114319e-05 1.33394395e-05 3.70511711e-05 4.29333971e-05 9.08080110e-06 3.42215112e-05 7.38255673e-05 2.16188113e-05 1.83045876e-04 3.37493458e-04 1.34997383e-05 1.03106680e-04 7.53883724e-06 2.41227142e-05 2.06532468e-04 3.84602803e-04 6.38604327e-05 1.42409706e-04 1.99739937e-05 5.06682677e-06 9.73978340e-06 3.98190373e-06 1.11799090e-07 1.30660893e-09 4.39933423e-11
 2008 04 30 12 00 00  3.52943526e-03 2.14133290e-03 1.17214038e-03 8.26256497e-04 5.81306584e-04 3.35292473e-04 2.34709473e-04 1.91936747e-04 3.84899404e-04 1.13303269e-04 2.64434178e-03 3.88806537e-03 2.02539733e-04 5.87158397e-05 3.91673404e-05 1.05058353e-04 2.84477981e-05 4.70478379e-05 1.03649019e-04 6.46276167e-05 1.15254779e-04 1.40031946e-04 8.68345921e-05 6.44684529e-05 4.54770307e-06 8.59888823e-06 5.85125163e-06 2.22225336e-05 4.75366469e-06 1.51033545e-05 3.78032719e-05 3.48833477e-05 1.09333385e-05 4.05212641e-05 3.19845916e-05 1.32971079e-05 3.63174687e-05 4.18692130e-05 9.08089569e-06 3.37769979e-05 7.15731034e-05 2.15358799e-05 1.78945702e-04 3.36325029e-04 1.34530012e-05 9.92945663e-05 5.83351648e-06 2.39620640e-05 1.99927151e-04 3.78026772e-04 6.28927690e-05 1.37527248e-04 1.99667115e-05 5.06420836e-06 9.73388043e-06 3.97959251e-06 1.11812587e-07 1.31627120e-09 4.50988802e-11
 2008 05 01 12 00 00  3.51817657e-03 2.13462534e-03 1.16783315e-03 8.22845696e-04 5.78173640e-04 3.33823814e-04 2.33291404e-04 1.90390927e-04 3.80869763e-04 1.12371124e-04 2.61195848e-03 3.82431895e-03 2.01035975e-04 5.84479750e-05 3.89577057e-05 1.03871613e-04 2.80749897e-05 4.60972544e-05 1.02986425e-04 6.44335349e-05 1.13278507e-04 1.37509099e-04 8.57998225e-05 6.40612292e-05 4.52104432e-06 8.59894644e-06 5.84064910e-06 2.21027329e-05 4.74932312e-06 1.50238576e-05 3.73313819e-05 3.47293855e-05 1.06253647e-05 4.00608684e-05 3.17305123e-05 1.32463101e-05 3.54154216e-05 4.05746726e-05 9.08094589e-06 3.32089446e-05 6.88220248e-05 2.13714899e-05 1.73964825e-04 3.33986805e-04 1.33594722e-05 9.44439848e-05 3.78779187e-06 2.36432723e-05 1.91654992e-04 3.69741008e-04 6.15699241e-05 1.31647463e-04 1.99609187e-05 5.06212252e-06 9.72916259e-06 3.97756265e-06 1.11801895e-07 1.32186964e-09 4.57641480e-11
 2008 05 02 12 00 00  3.51094570e-03 2.13073027e-03 1.16529273e-03 8.20745625e-04 5.76200365e-04 3.32845864e-04 2.32370417e-04 1.89396994e-04 3.78280758e-04 1.11857886e-04 2.59111879e-03 3.78182046e-03 2.00138058e-04 5.83471534e-05 3.88419213e-05 1.03126631e-04 2.78256397e-05 4.54625348e-05 1.02700410e-04 6.44342566e-05 1.11959926e-04 1.35825911e-04 8.51214101e-05 6.38087901e-05 4.50322150e-06 8.59285501e-06 5.83357687e-06 2.20273025e-05 4.74931985e-06 1.49763998e-05 3.70334970e-05 3.46264656e-05 1.04193343e-05 3.97700933e-05 3.17304046e-05 1.32124362e-05 3.48487733e-05 3.97400824e-05 9.07587892e-06 3.28800029e-05 6.70667563e-05 2.13719337e-05 1.70710499e-04 3.33986447e-04 1.33594579e-05 9.16656699e-05 2.42126389e-06 2.36440304e-05 1.86719978e-04 3.64859915e-04 6.09634498e-05 1.27568761e-04 1.96966489e-05 4.96607199e-06 9.50754345e-06 3.82968162e-06 1.05132656e-07 9.74869008e-10 1.43229206e-11
 2008 05 03 12 00 00  3.51358948e-03 2.13066697e-03 1.16540884e-03 8.21181730e-04 5.76773211e-04 3.33325784e-04 2.32742685e-04 1.89763206e-04 3.79230935e-04 1.11737396e-04 2.59887371e-03 3.80306840e-03 2.00222101e-04 5.81286788e-05 3.88168943e-05 1.03333312e-04 2.79476459e-05 4.57766233e-05 1.02307127e-04 6.39843231e-05 1.12615145e-04 1.36663262e-04 8.54173770e-05 6.38411102e-05 4.51196502e-06 8.58187996e-06 5.83709952e-06 2.20456954e-05 4.73925611e-06 1.49798636e-05 3.71165234e-05 3.46769928e-05 1.05199935e-05 3.98356421e-05 3.11414246e-05 1.32293455e-05 3.50012631e-05 4.00483989e-05 9.06674832e-06 3.28225959e-05 6.76464033e-05 2.09908409e-05 1.71893617e-04 3.28566104e-04 1.31426442e-05 9.14115157e-05 3.09560055e-06 2.29049969e-05 1.87102201e-04 3.64888154e-04 6.03051674e-05 1.28973640e-04 1.92199218e-05 4.79280384e-06 9.10776489e-06 3.56299192e-06 9.31105369e-08 4.75300599e-10 1.00000000e-10
 2008 05 04 12 00 00  3.51814423e-03 2.13458223e-03 1.16780808e-03 8.22823824e-04 5.78152320e-04 3.33819638e-04 2.33286419e-04 1.90384694e-04 3.80856675e-04 1.12362783e-04 2.61185170e-03 3.82431671e-03 2.01027019e-04 5.84420251e-05 3.89558935e-05 1.03863042e-04 2.80706212e-05 4.60918935e-05 1.02973148e-04 6.44243089e-05 1.13272933e-04 1.37502148e-04 8.57961755e-05 6.40553480e-05 4.52076929e-06 8.59578868e-06 5.84062691e-06 2.21008306e-05 4.74912886e-06 1.50226048e-05 3.73254363e-05 3.47278605e-05 1.06215084e-05 4.00553830e-05 3.17190366e-05 1.32462621e-05 3.54075708e-05 4.05655907e-05 9.07832291e-06 3.31983465e-05 6.87986738e-05 2.13637686e-05 1.73914944e-04 3.33880800e-04 1.33552320e-05 9.43787417e-05 3.77317519e-06 2.36283624e-05 1.91550724e-04 3.69621736e-04 6.15422220e-05 1.31472477e-04 1.98012458e-05 5.00414137e-06 9.59564059e-06 3.89150593e-06 1.08140666e-07 1.14810565e-09 3.04491488e-11
 2008 05 05 12 00 00  3.50831406e-03 2.12806065e-03 1.16368378e-03 8.19698541e-04 5.75352024e-04 3.32592538e-04 2.32064422e-04 1.89036508e-04 3.77339944e-04 1.11411187e-04 2.58364110e-03 3.77119444e-03 1.99604805e-04 5.80937639e-05 3.87426403e-05 1.02798192e-04 2.77597836e-05 4.52995388e-05 1.02171123e-04 6.40534330e-05 1.11625501e-04 1.35399509e-04 8.49144853e-05 6.36730037e-05 4.49854379e-06 8.58945496e-06 5.83179099e-06 2.19923508e-05 4.74084336e-06 1.49471509e-05 3.69029279e-05 3.45995068e-05 1.03647195e-05 3.96352087e-05 3.12340708e-05 1.32039291e-05 3.45964247e-05 3.94378746e-05 9.07305366e-06 3.26227079e-05 6.63719213e-05 2.10497194e-05 1.69565386e-04 3.29417391e-04 1.31766957e-05 8.95813084e-05 2.06785426e-06 2.30193997e-05 1.83703312e-04 3.61611377e-04 5.99944894e-05 1.26299195e-04 1.95246957e-05 4.90363182e-06 9.36375282e-06 3.73700908e-06 1.01190120e-07 7.87767229e-10 1.00000000e-10
 2008 05 06 12 00 00  3.50876360e-03 2.12900406e-03 1.16422536e-03 8.19982491e-04 5.75540270e-04 3.32594313e-04 2.32104225e-04 1.89096278e-04 3.77499117e-04 1.11588172e-04 2.58486478e-03 3.77119370e-03 1.99775851e-04 5.82208918e-05 3.87818362e-05 1.02873541e-04 2.77583284e-05 4.52977547e-05 1.02425584e-04 6.42661995e-05 1.11623659e-04 1.35397202e-04 8.49331096e-05 6.37059190e-05 4.49845211e-06 8.58195563e-06 5.83178298e-06 2.19997326e-05 4.74557237e-06 1.49561874e-05 3.69302347e-05 3.45989945e-05 1.03634360e-05 3.96631009e-05 3.15110403e-05 1.32039131e-05 3.46533475e-05 3.94843209e-05 9.06681380e-06 3.27073680e-05 6.65005206e-05 2.12296902e-05 1.69685888e-04 3.31967268e-04 1.32786907e-05 9.03270835e-05 2.06299119e-06 2.33682484e-05 1.84649675e-04 3.62668706e-04 6.04446448e-05 1.26117545e-04 1.92065303e-05 4.78797569e-06 9.09681553e-06 3.55792689e-06 9.30441978e-08 4.80518381e-10 1.00000000e-10
 2008 05 07 12 00 00  3.50895412e-03 2.12939829e-03 1.16445166e-03 8.20102980e-04 5.75621563e-04 3.32596061e-04 2.32121549e-04 1.89121970e-04 3.77566743e-04 1.11662132e-04 2.58538752e-03 3.77119407e-03 1.99847468e-04 5.82737656e-05 3.87981406e-05 1.02906105e-04 2.77588144e-05 4.52983513e-05 1.02531176e-04 6.43545762e-05 1.11624026e-04 1.35397977e-04 8.49415699e-05 6.37135486e-05 4.49848303e-06 8.56967818e-06 5.83178589e-06 2.20025367e-05 4.74754524e-06 1.49601589e-05 3.69426050e-05 3.45991662e-05 1.03638638e-05 3.96696693e-05 3.16265156e-05 1.32039189e-05 3.46773788e-05 3.95048919e-05 9.05659908e-06 3.27311625e-05 6.65574802e-05 2.13045088e-05 1.69696249e-04 3.33030095e-04 1.33212038e-05 9.06393050e-05 2.06461700e-06 2.35133164e-05 1.85058758e-04 3.63095159e-04 6.06335946e-05 1.25766613e-04 1.86841540e-05 4.59809044e-06 8.65857324e-06 3.26412296e-06 7.96945038e-08 1.18660637e-11 1.00000000e-10
 2008 05 08 12 00 00  3.51091365e-03 2.13068698e-03 1.16526770e-03 8.20724269e-04 5.76179814e-04 3.32841705e-04 2.32365577e-04 1.89390992e-04 3.78268167e-04 1.11849603e-04 2.59101375e-03 3.78181897e-03 2.00129305e-04 5.83416324e-05 3.88402345e-05 1.03118340e-04 2.78212741e-05 4.54571855e-05 1.02688547e-04 6.44256535e-05 1.11953670e-04 1.35818973e-04 8.51177818e-05 6.37836524e-05 4.50294647e-06 8.56285915e-06 5.83355431e-06 2.20236686e-05 4.74912085e-06 1.49751631e-05 3.70265675e-05 3.46249406e-05 1.04154795e-05 3.97484258e-05 3.17188271e-05 1.32123881e-05 3.48380958e-05 3.97297067e-05 9.05092602e-06 3.28342175e-05 6.70411316e-05 2.13645922e-05 1.70524062e-04 3.33880061e-04 1.33552024e-05 9.15832261e-05 2.40666104e-06 2.36297594e-05 1.86617809e-04 3.64659120e-04 6.09371115e-05 1.26542728e-04 1.83866828e-05 4.48997666e-06 8.40913845e-06 3.09789746e-06 7.22135720e-08 1.00000000e-10 1.00000000e-10
 2008 05 09 12 00 00  3.50441823e-03 2.12552241e-03 1.16207505e-03 8.18472821e-04 5.74250422e-04 3.32102324e-04 2.31579499e-04 1.88503011e-04 3.75947686e-04 1.11044137e-04 2.57246095e-03 3.74994576e-03 1.99049695e-04 5.79657127e-05 3.86607735e-05 1.02379570e-04 2.76358391e-05 4.49830724e-05 1.01875912e-04 6.39234378e-05 1.10966832e-04 1.34559075e-04 8.45635806e-05 6.35175689e-05 4.48967803e-06 8.57919295e-06 5.82825851e-06 2.19492728e-05 4.73787040e-06 1.49178049e-05 3.67356141e-05 3.45482986e-05 1.02623475e-05 3.94654047e-05 3.10604635e-05 1.31870009e-05 3.42759919e-05 3.89909152e-05 9.06451678e-06 3.23898774e-05 6.54129697e-05 2.09390695e-05 1.67801236e-04 3.27821785e-04 1.31128714e-05 8.77316925e-05 1.38702890e-06 2.28044737e-05 1.80650441e-04 3.58479501e-04 5.94153628e-05 1.23993361e-04 1.90793765e-05 4.74177793e-06 8.99030549e-06 3.48783527e-06 8.99539799e-08 3.76390208e-10 1.00000000e-10
 2008 05 10 12 00 00  3.51380593e-03 2.13113654e-03 1.16567812e-03 8.21317390e-04 5.76858802e-04 3.33324200e-04 2.32760513e-04 1.89790711e-04 3.79306389e-04 1.11825282e-04 2.59945094e-03 3.80306691e-03 2.00306426e-04 5.81916230e-05 3.88363183e-05 1.03367564e-04 2.79442465e-05 4.57724556e-05 1.02431956e-04 6.40901679e-05 1.12611061e-04 1.36657860e-04 8.54249528e-05 6.38616068e-05 4.51175074e-06 8.58569038e-06 5.83708170e-06 2.20490419e-05 4.74162443e-06 1.49838452e-05 3.71276608e-05 3.46758025e-05 1.05169944e-05 3.98526985e-05 3.12800112e-05 1.32293077e-05 3.50274360e-05 4.00677634e-05 9.06992427e-06 3.28730302e-05 6.77006214e-05 2.10804952e-05 1.71976100e-04 3.29841479e-04 1.31936592e-05 9.17698463e-05 3.08423514e-06 2.30788646e-05 1.87535240e-04 3.65399511e-04 6.05241425e-05 1.29058048e-04 1.93424007e-05 4.83742001e-06 9.21119725e-06 3.63776134e-06 9.68984594e-08 6.26274232e-10 1.00000000e-10
 2008 05 11 12 00 00  3.51545704e-03 2.13179375e-03 1.16613144e-03 8.21743014e-04 5.77283047e-04 3.33565967e-04 2.32975887e-04 1.90017531e-04 3.79897648e-04 1.11894151e-04 2.60422551e-03 3.81369069e-03 2.00473120e-04 5.81745062e-05 3.88522182e-05 1.03526119e-04 2.80047621e-05 4.59289004e-05 1.02418798e-04 6.40194456e-05 1.12938592e-04 1.37075760e-04 8.55868684e-05 6.39172867e-05 4.51609230e-06 8.59613210e-06 5.83884030e-06 2.20651635e-05 4.74004701e-06 1.49922558e-05 3.71906210e-05 3.47008987e-05 1.05668951e-05 3.99188890e-05 3.11876734e-05 1.32377550e-05 3.51481223e-05 4.02576819e-05 9.07861395e-06 3.29342202e-05 6.80881652e-05 2.10206286e-05 1.72768049e-04 3.28991535e-04 1.31596614e-05 9.22040326e-05 3.41977648e-06 2.29627898e-05 1.88421675e-04 3.66255796e-04 6.05222938e-05 1.30302878e-04 1.97749644e-05 4.99468556e-06 9.57429176e-06 3.88278233e-06 1.08146528e-07 1.17880257e-09 3.40107886e-11
 2008 05 12 12 00 00  3.51398711e-03 2.13152866e-03 1.16590274e-03 8.21430320e-04 5.76929866e-04 3.33323236e-04 2.32775402e-04 1.89813529e-04 3.79368930e-04 1.11898505e-04 2.59993417e-03 3.80306579e-03 2.00376480e-04 5.82432840e-05 3.88522783e-05 1.03396054e-04 2.79418193e-05 4.57694841e-05 1.02533014e-04 6.41771709e-05 1.12608396e-04 1.36654005e-04 8.54315021e-05 6.38852991e-05 4.51159794e-06 8.59774736e-06 5.83706933e-06 2.20524974e-05 4.74360422e-06 1.49872127e-05 3.71379934e-05 3.46749555e-05 1.05148531e-05 3.98723728e-05 3.13957018e-05 1.32292800e-05 3.50506836e-05 4.00848745e-05 9.07995855e-06 3.29268924e-05 6.77478424e-05 2.11544742e-05 1.72092480e-04 3.30905067e-04 1.32362027e-05 9.20761742e-05 3.07612099e-06 2.32225051e-05 1.87897947e-04 3.65855159e-04 6.07047179e-05 1.29421893e-04 1.98349740e-05 5.01652007e-06 9.62478595e-06 3.91782844e-06 1.09824918e-07 1.27357598e-09 4.27892499e-11
 2008 05 13 12 00 00  3.51594238e-03 2.13281600e-03 1.16671792e-03 8.22048580e-04 5.77484053e-04 3.33567532e-04 2.33018408e-04 1.90081436e-04 3.80068460e-04 1.12085686e-04 2.60554290e-03 3.81368995e-03 2.00657818e-04 5.83111534e-05 3.88943733e-05 1.03606638e-04 2.80028209e-05 4.59265255e-05 1.02690468e-04 6.42484403e-05 1.12936569e-04 1.37072680e-04 8.56067747e-05 6.39647904e-05 4.51597007e-06 8.60485961e-06 5.83883011e-06 2.20741002e-05 4.74517910e-06 1.50019364e-05 3.72207453e-05 3.47002147e-05 1.05651823e-05 3.99589084e-05 3.14879813e-05 1.32377361e-05 3.52111741e-05 4.03081355e-05 9.08587608e-06 3.30475595e-05 6.82270913e-05 2.12146770e-05 1.72982185e-04 3.31754944e-04 1.32701978e-05 9.30191522e-05 3.41328778e-06 2.33391533e-05 1.89436700e-04 3.67442871e-04 6.10059844e-05 1.30623542e-04 2.01364602e-05 5.12611366e-06 9.87773348e-06 4.08755997e-06 1.17547971e-07 1.68061174e-09 7.98037969e-11
 2008 05 14 12 00 00  3.51786101e-03 2.13402504e-03 1.16748814e-03 8.22643761e-04 5.78023370e-04 3.33812015e-04 2.33258312e-04 1.90344571e-04 3.80755032e-04 1.12258155e-04 2.61105339e-03 3.82431373e-03 2.00924956e-04 5.83683115e-05 3.89331688e-05 1.03811273e-04 2.80643086e-05 4.60841577e-05 1.02826233e-04 6.43017585e-05 1.13265217e-04 1.37492118e-04 8.57807231e-05 6.40381403e-05 4.52037239e-06 8.60763612e-06 5.84059380e-06 2.20948673e-05 4.74636072e-06 1.50159719e-05 3.73015197e-05 3.47256515e-05 1.06159387e-05 4.00402622e-05 3.15571931e-05 1.32461952e-05 3.53668179e-05 4.05278140e-05 9.08818765e-06 3.31548168e-05 6.86965091e-05 2.12597428e-05 1.73838815e-04 3.32392251e-04 1.32956900e-05 9.38990188e-05 3.75206946e-06 2.34264866e-05 1.90901025e-04 3.68931283e-04 6.12699086e-05 1.31688191e-04 2.02530346e-05 5.16849238e-06 9.97555903e-06 4.15336093e-06 1.20553451e-07 1.83987359e-09 9.43083944e-11
 2008 05 15 12 00 00  3.53218131e-03 2.14434224e-03 1.17394247e-03 8.27368571e-04 5.82169610e-04 3.35530327e-04 2.35016814e-04 1.92304051e-04 3.85872782e-04 1.13812325e-04 2.65205305e-03 3.89868394e-03 2.03129191e-04 5.90126539e-05 3.92801312e-05 1.05392609e-04 2.84956914e-05 4.71888197e-05 1.04257314e-04 6.50843955e-05 1.15567923e-04 1.40429799e-04 8.70371669e-05 6.46437082e-05 4.55124973e-06 8.64865942e-06 5.85294474e-06 2.22580051e-05 4.76393652e-06 1.51324869e-05 3.79277681e-05 3.49040231e-05 1.09721012e-05 4.06872590e-05 3.25854140e-05 1.33054200e-05 3.65762736e-05 4.21636949e-05 9.12231917e-06 3.41201275e-05 7.22504555e-05 2.19232228e-05 1.80279582e-04 3.41852585e-04 1.36741034e-05 1.01563603e-04 6.12686126e-06 2.47135060e-05 2.03035817e-04 3.81562366e-04 6.39900300e-05 1.39974706e-04 2.19942858e-05 5.80145120e-06 1.14364351e-05 5.13332552e-06 1.65121686e-07 4.18715516e-09 3.07721137e-10
 2008 05 16 12 00 00  3.53310012e-03 2.14349829e-03 1.17353426e-03 8.27331256e-04 5.82278254e-04 3.35762715e-04 2.35164558e-04 1.92431457e-04 3.86204195e-04 1.13599683e-04 2.65480856e-03 3.90930511e-03 2.03023171e-04 5.87955926e-05 3.92343698e-05 1.05424635e-04 2.85513554e-05 4.73393156e-05 1.03846140e-04 6.46796427e-05 1.15889168e-04 1.40839978e-04 8.71650337e-05 6.46377836e-05 4.55528534e-06 8.66192349e-06 5.85467824e-06 2.22597521e-05 4.75485358e-06 1.51252608e-05 3.79386442e-05 3.49274167e-05 1.10177170e-05 4.07007955e-05 3.20540188e-05 1.33138150e-05 3.65975328e-05 4.22686996e-05 9.13335753e-06 3.40322014e-05 7.24061967e-05 2.15801527e-05 1.80790482e-04 3.36963142e-04 1.34785257e-05 1.00762670e-04 6.44616230e-06 2.40480527e-05 2.02330505e-04 3.80626082e-04 6.32685881e-05 1.41140406e-04 2.25518332e-05 6.00413744e-06 1.19043006e-05 5.44792641e-06 1.79483761e-07 4.94765633e-09 3.76968989e-10
 2008 05 17 12 00 00  3.53352693e-03 2.14440229e-03 1.17405266e-03 8.27599281e-04 5.82452940e-04 3.35763432e-04 2.35201470e-04 1.92487087e-04 3.86353646e-04 1.13768895e-04 2.65596269e-03 3.90930399e-03 2.03186012e-04 5.89158079e-05 3.92714691e-05 1.05494629e-04 2.85489281e-05 4.73363412e-05 1.04083769e-04 6.48813555e-05 1.15886134e-04 1.40836122e-04 8.71821671e-05 6.46696639e-05 4.55513255e-06 8.65603070e-06 5.85466587e-06 2.22665225e-05 4.75939887e-06 1.51336635e-05 3.79643550e-05 3.49265698e-05 1.10155757e-05 4.07274642e-05 3.23198299e-05 1.33137888e-05 3.66510820e-05 4.23114439e-05 9.12845790e-06 3.41139865e-05 7.25247164e-05 2.17512832e-05 1.80906328e-04 3.39408333e-04 1.35763333e-05 1.01468872e-04 6.43804815e-06 2.43800954e-05 2.03215354e-04 3.81620229e-04 6.36932576e-05 1.40973114e-04 2.22746767e-05 5.90345330e-06 1.16722361e-05 5.29595810e-06 1.72838636e-07 4.61777692e-09 3.47486417e-10
 2008 05 18 12 00 00  3.53385265e-03 2.14510827e-03 1.17445693e-03 8.27802032e-04 5.82580074e-04 3.35761679e-04 2.35228128e-04 1.92527910e-04 3.86465760e-04 1.13900642e-04 2.65683074e-03 3.90930176e-03 2.03311909e-04 5.90083456e-05 3.93000667e-05 1.05545621e-04 2.85445567e-05 4.73309832e-05 1.04263756e-04 6.50373346e-05 1.15880630e-04 1.40829173e-04 8.71939365e-05 6.46927570e-05 4.55485715e-06 8.65075490e-06 5.85464295e-06 2.22709566e-05 4.76296700e-06 1.51397088e-05 3.79823059e-05 3.49250389e-05 1.10117195e-05 4.07463416e-05 3.25281813e-05 1.33137408e-05 3.66901014e-05 4.23407961e-05 9.12407995e-06 3.41750874e-05 7.26069455e-05 2.18840549e-05 1.80978662e-04 3.41323231e-04 1.36529292e-05 1.02001700e-04 6.42343075e-06 2.46379932e-05 2.03866095e-04 3.82352793e-04 6.40168963e-05 1.40747443e-04 2.19721530e-05 5.79367161e-06 1.14197736e-05 5.13737295e-06 1.66400906e-07 4.33718608e-09 3.23458194e-10
 2008 05 19 12 00 00  3.53911861e-03 2.14774791e-03 1.17619948e-03 8.29274026e-04 5.83977817e-04 3.36486918e-04 2.35900663e-04 1.93248288e-04 3.88347738e-04 1.14231986e-04 2.67199445e-03 3.94117199e-03 2.03931496e-04 5.90444875e-05 3.93747972e-05 1.06071437e-04 2.87236820e-05 4.77973488e-05 1.04394377e-04 6.49723806e-05 1.16858895e-04 1.42079024e-04 8.76918944e-05 6.48469382e-05 4.56772796e-06 8.62785746e-06 5.85990638e-06 2.23208093e-05 4.76160421e-06 1.51709809e-05 3.81884911e-05 3.49994662e-05 1.11592803e-05 4.09336797e-05 3.24478635e-05 1.33390611e-05 3.70857949e-05 4.29384203e-05 9.10504677e-06 3.43524141e-05 7.38493313e-05 2.18297835e-05 1.83182742e-04 3.40581173e-04 1.36232469e-05 1.03786704e-04 7.42194388e-06 2.45332194e-05 2.07164104e-04 3.85483101e-04 6.43199687e-05 1.42721397e-04 2.08653107e-05 5.39164866e-06 1.04934726e-05 4.53449414e-06 1.40312433e-07 3.06357020e-09 2.10208295e-10
 2008 05 20 12 00 00  3.54271160e-03 2.14969016e-03 1.17746561e-03 8.30306206e-04 5.84940272e-04 3.36969356e-04 2.36355379e-04 1.93738471e-04 3.89630285e-04 1.14486867e-04 2.68231977e-03 3.96241769e-03 2.04376832e-04 5.90922711e-05 3.94319463e-05 1.06434278e-04 2.88413139e-05 4.81060764e-05 1.04527020e-04 6.49691734e-05 1.17509019e-04 1.42909426e-04 8.80264908e-05 6.49606961e-05 4.57619681e-06 8.61883818e-06 5.86340611e-06 2.23554789e-05 4.76162277e-06 1.51932604e-05 3.83302206e-05 3.50484654e-05 1.12560825e-05 4.10676165e-05 3.24483874e-05 1.33559210e-05 3.73597546e-05 4.33437725e-05 9.09756272e-06 3.44957683e-05 7.46969021e-05 2.18278074e-05 1.84705811e-04 3.40583076e-04 1.36233230e-05 1.05114861e-04 8.08166369e-06 2.45298666e-05 2.09521026e-04 3.87772154e-04 6.46039624e-05 1.44187217e-04 2.03416211e-05 5.20162005e-06 1.00565262e-05 4.26068839e-06 1.29248340e-07 2.58564858e-09 1.69413883e-10
 2008 05 21 12 00 00  3.53788881e-03 2.14806499e-03 1.17630210e-03 8.29104019e-04 5.83694771e-04 3.36233902e-04 2.35714041e-04 1.93068181e-04 3.87894337e-04 1.14343566e-04 2.66829222e-03 3.93054113e-03 2.03934053e-04 5.91849557e-05 3.93971460e-05 1.05969673e-04 2.86476279e-05 4.76218614e-05 1.04637543e-04 6.52535586e-05 1.16512148e-04 1.41636430e-04 8.75400804e-05 6.48274160e-05 4.56240923e-06 8.62284651e-06 5.85806738e-06 2.23085683e-05 4.76817331e-06 1.51689582e-05 3.81423163e-05 3.49689391e-05 1.10956702e-05 4.08956022e-05 3.28306021e-05 1.33304449e-05 3.70098210e-05 4.27744621e-05 9.10091694e-06 3.43855532e-05 7.35374949e-05 2.20702539e-05 1.82498755e-04 3.44094498e-04 1.37637799e-05 1.04027649e-04 7.03445112e-06 2.50010286e-05 2.07024972e-04 3.85522901e-04 6.47402383e-05 1.41314136e-04 2.03780703e-05 5.21518969e-06 1.00894017e-05 4.30106139e-06 1.32402323e-07 2.85122437e-09 1.96082439e-10
 2008 05 22 12 00 00  3.54128623e-03 2.14961240e-03 1.17734105e-03 8.30011169e-04 5.84569680e-04 3.36713225e-04 2.36150016e-04 1.93530895e-04 3.89106006e-04 1.14524045e-04 2.67807252e-03 3.95178609e-03 2.04306719e-04 5.91786184e-05 3.94376351e-05 1.06297490e-04 2.87633156e-05 4.79282055e-05 1.04659707e-04 6.51603681e-05 1.17159909e-04 1.42463736e-04 8.78652396e-05 6.49282881e-05 4.57075512e-06 8.61943845e-06 5.86155693e-06 2.23395047e-05 4.76622845e-06 1.51869407e-05 3.82703592e-05 3.50172544e-05 1.11907575e-05 4.10181208e-05 3.27159301e-05 1.33472829e-05 3.72574206e-05 4.31564816e-05 9.09809896e-06 3.44956585e-05 7.43212023e-05 2.19924812e-05 1.83968430e-04 3.43034693e-04 1.37213877e-05 1.05027455e-04 7.68766768e-06 2.48509430e-05 2.08946559e-04 3.87339314e-04 6.48290615e-05 1.42916945e-04 2.01126797e-05 5.11900691e-06 9.86881766e-06 4.16963991e-06 1.27615754e-07 2.68897509e-09 1.83609583e-10
 2008 05 23 12 00 00  3.53708363e-03 2.14651516e-03 1.17540847e-03 8.28582386e-04 5.83307273e-04 3.36209418e-04 2.35629978e-04 1.92948114e-04 3.87595118e-04 1.14050099e-04 2.66598752e-03 3.93053144e-03 2.03643690e-04 5.89686718e-05 3.93307038e-05 1.05814703e-04 2.86267488e-05 4.75962675e-05 1.04186064e-04 6.48969202e-05 1.16485337e-04 1.41603239e-04 8.74945686e-05 6.47454262e-05 4.56109483e-06 8.61088847e-06 5.85795897e-06 2.22875205e-05 4.76055066e-06 1.51494527e-05 3.80750732e-05 3.49616283e-05 1.10772467e-05 4.08225587e-05 3.23822955e-05 1.33302150e-05 3.68881719e-05 4.26603048e-05 9.09100199e-06 3.42009906e-05 7.32304766e-05 2.17711131e-05 1.82037925e-04 3.39957411e-04 1.35982964e-05 1.02624119e-04 6.96463103e-06 2.44227907e-05 2.05117168e-04 3.83356243e-04 6.39419633e-05 1.40381267e-04 1.96285345e-05 4.94330625e-06 9.46471091e-06 3.91517316e-06 1.17237663e-07 2.23257719e-09 1.44401624e-10
 2008 05 24 12 00 00  3.53847621e-03 2.14669323e-03 1.17558487e-03 8.28838610e-04 5.83600189e-04 3.36440603e-04 2.35816649e-04 1.93134574e-04 3.88088247e-04 1.14027791e-04 2.67000718e-03 3.94115075e-03 2.03719133e-04 5.88832942e-05 3.93256736e-05 1.05920770e-04 2.86775612e-05 4.77408175e-05 1.04027395e-04 6.47144334e-05 1.16800522e-04 1.42005721e-04 8.76403196e-05 6.47747084e-05 4.56482485e-06 8.61811131e-06 5.85966736e-06 2.22961254e-05 4.75663874e-06 1.51511684e-05 3.81143658e-05 3.49833252e-05 1.11185807e-05 4.08646909e-05 3.21523141e-05 1.33385591e-05 3.69677315e-05 4.28097904e-05 9.09702794e-06 3.42039116e-05 7.35099171e-05 2.16179527e-05 1.82670287e-04 3.37835473e-04 1.35134189e-05 1.02601507e-04 7.26771541e-06 2.41266753e-05 2.05362701e-04 3.83493313e-04 6.36839885e-05 1.41297869e-04 1.98304891e-05 5.01696863e-06 9.63594335e-06 4.04437873e-06 1.24145514e-07 2.67425904e-09 1.86533766e-10
 2008 05 25 12 00 00  3.53118120e-03 2.14271502e-03 1.17299465e-03 8.26691735e-04 5.81579593e-04 3.35455135e-04 2.34885067e-04 1.92126685e-04 3.85469787e-04 1.13497544e-04 2.64894977e-03 3.89864966e-03 2.02801743e-04 5.87663266e-05 3.92050427e-05 1.05157015e-04 2.84204463e-05 4.70965839e-05 1.03698770e-04 6.46904926e-05 1.15472354e-04 1.40310195e-04 8.69551127e-05 6.45202117e-05 4.54651272e-06 8.61895969e-06 5.85255439e-06 2.22178512e-05 4.75628149e-06 1.51012395e-05 3.78078052e-05 3.48776870e-05 1.09056964e-05 4.05705453e-05 3.21302738e-05 1.33046007e-05 3.63880600e-05 4.19586272e-05 9.09774608e-06 3.38705458e-05 7.17109180e-05 2.15991429e-05 1.79389874e-04 3.37626933e-04 1.35050773e-05 9.97026939e-05 5.87521863e-06 2.40911380e-05 2.00212532e-04 3.78405379e-04 6.30101935e-05 1.37267863e-04 1.97733470e-05 4.99642015e-06 9.58960185e-06 4.02605267e-06 1.24229975e-07 2.74798762e-09 1.94994243e-10
 2008 05 26 12 00 00  3.52532113e-03 2.13892217e-03 1.17058823e-03 8.24837597e-04 5.79901873e-04 3.34712626e-04 2.34151680e-04 1.91319416e-04 3.83369944e-04 1.12948546e-04 2.63209531e-03 3.86677310e-03 2.01967969e-04 5.85724969e-05 3.90818043e-05 1.04519065e-04 2.82267574e-05 4.66123573e-05 1.03244289e-04 6.44946238e-05 1.14474850e-04 1.39037185e-04 8.64240248e-05 6.42913490e-05 4.53272514e-06 8.61346780e-06 5.84721565e-06 2.21515033e-05 4.75195047e-06 1.50557605e-05 3.75508133e-05 3.47981550e-05 1.07452812e-05 4.03180066e-05 3.18764884e-05 1.32791232e-05 3.59008355e-05 4.12770345e-05 9.09318624e-06 3.35311696e-05 7.02436514e-05 2.14336556e-05 1.76749898e-04 3.35289761e-04 1.34115904e-05 9.68717635e-05 4.82799187e-06 2.37704793e-05 1.95524136e-04 3.73631378e-04 6.21249359e-05 1.33982689e-04 1.94700680e-05 4.88634373e-06 9.33636169e-06 3.86579408e-06 1.17633293e-07 2.45277114e-09 1.69477654e-10
 2008 05 27 12 00 00  3.52294878e-03 2.13680181e-03 1.16929461e-03 8.23954271e-04 5.79160869e-04 3.34459340e-04 2.33868236e-04 1.90993130e-04 3.82520911e-04 1.12604915e-04 2.62531942e-03 3.85614559e-03 2.01534265e-04 5.83935856e-05 3.90054821e-05 1.04233552e-04 2.81589571e-05 4.64469806e-05 1.02864676e-04 6.42385159e-05 1.14138132e-04 1.38607702e-04 8.62272729e-05 6.41784402e-05 4.52792556e-06 8.61178487e-06 5.84541922e-06 2.21209365e-05 4.74622975e-06 1.50315845e-05 3.74349987e-05 3.47705121e-05 1.06889536e-05 4.02025142e-05 3.15416284e-05 1.32705958e-05 3.56810418e-05 4.10005660e-05 9.09179580e-06 3.33304058e-05 6.96202479e-05 2.12167957e-05 1.75699557e-04 3.32207822e-04 1.32883129e-05 9.52191658e-05 4.46809354e-06 2.33499755e-05 1.93045841e-04 3.71004096e-04 6.14178873e-05 1.32759154e-04 1.93358191e-05 4.83769343e-06 9.22480801e-06 3.79957149e-06 1.15240797e-07 2.37350468e-09 1.63456215e-10
 2008 05 28 12 00 00  3.51584515e-03 2.13318328e-03 1.16691170e-03 8.21931359e-04 5.77234398e-04 3.33481338e-04 2.32957299e-04 1.90014228e-04 3.79973577e-04 1.12142730e-04 2.60481620e-03 3.81364748e-03 2.00684364e-04 5.83260764e-05 3.89000525e-05 1.03507506e-04 2.79086380e-05 4.58110793e-05 1.02638504e-04 6.42959669e-05 1.12818405e-04 1.36922981e-04 8.55538262e-05 6.39373822e-05 4.51004125e-06 8.60671353e-06 5.83834189e-06 2.20475267e-05 4.74763619e-06 1.49865215e-05 3.71460898e-05 3.46672517e-05 1.04820676e-05 3.99207356e-05 3.16231948e-05 1.32367117e-05 3.51308368e-05 4.01783075e-05 9.08758302e-06 3.30289503e-05 6.78987952e-05 2.12664614e-05 1.72493603e-04 3.32954559e-04 1.33181824e-05 9.26516781e-05 3.09832831e-06 2.34469320e-05 1.88361350e-04 3.66413103e-04 6.09299497e-05 1.28680685e-04 1.90631774e-05 4.73872294e-06 8.99705198e-06 3.65464948e-06 1.09215129e-07 2.09881588e-09 1.39563872e-10
 2008 05 29 12 00 00  3.51758638e-03 2.13403753e-03 1.16747730e-03 8.22411789e-04 5.77691721e-04 3.33722816e-04 2.33179724e-04 1.90251688e-04 3.80594496e-04 1.12248016e-04 2.60982837e-03 3.82427052e-03 2.00885352e-04 5.83329924e-05 3.89234121e-05 1.03679429e-04 2.79681844e-05 4.59663337e-05 1.02668975e-04 6.42661413e-05 1.13144580e-04 1.37339335e-04 8.57191124e-05 6.39959899e-05 4.51432134e-06 8.61074732e-06 5.84009504e-06 2.20645527e-05 4.74706358e-06 1.49965980e-05 3.72148298e-05 3.46920046e-05 1.05311119e-05 3.99889683e-05 3.15890968e-05 1.32451489e-05 3.52621814e-05 4.03762698e-05 9.09094597e-06 3.31003694e-05 6.83088518e-05 2.12419793e-05 1.73282006e-04 3.32637753e-04 1.33055101e-05 9.32300547e-05 3.43062165e-06 2.33999570e-05 1.89423966e-04 3.67451984e-04 6.10131004e-05 1.29701577e-04 1.91913189e-05 4.78540676e-06 9.10529952e-06 3.73316878e-06 1.13210969e-07 2.34133024e-09 1.62426295e-10
 2008 05 30 12 00 00  3.50974844e-03 2.12888265e-03 1.16421329e-03 8.19927009e-04 5.75459266e-04 3.32740251e-04 2.32203705e-04 1.89175765e-04 3.77789233e-04 1.11498194e-04 2.58732448e-03 3.78177166e-03 1.99758144e-04 5.80618261e-05 3.87551286e-05 1.02830700e-04 2.77183484e-05 4.53310204e-05 1.02040301e-04 6.39822800e-05 1.11825034e-04 1.35655373e-04 8.50142829e-05 6.36879903e-05 4.49646759e-06 8.59995271e-06 5.83302062e-06 2.19775478e-05 4.74075787e-06 1.49365946e-05 3.68777011e-05 3.45889130e-05 1.03246522e-05 3.96507850e-05 3.12197983e-05 1.32112720e-05 3.46153055e-05 3.94751206e-05 9.08196889e-06 3.26377354e-05 6.63708345e-05 2.10019105e-05 1.69777301e-04 3.29237731e-04 1.31695093e-05 8.94294782e-05 2.06246750e-06 2.29346362e-05 1.83189306e-04 3.61077389e-04 5.97999946e-05 1.25356294e-04 1.87046230e-05 4.60855720e-06 8.69746132e-06 3.46349217e-06 1.01227063e-07 1.73136785e-09 1.07506648e-10
 2008 05 31 12 00 00  3.50411314e-03 2.12552722e-03 1.16205858e-03 8.18217160e-04 5.73886818e-04 3.32004120e-04 2.31493200e-04 1.88401187e-04 3.75771507e-04 1.11031692e-04 2.57110835e-03 3.74989808e-03 1.99005443e-04 5.79275618e-05 3.86502194e-05 1.02234919e-04 2.75300030e-05 4.48533479e-05 1.01707645e-04 6.38850150e-05 1.10834395e-04 1.34390862e-04 8.44956370e-05 6.34816193e-05 4.48301616e-06 8.59738502e-06 5.82770954e-06 2.19168763e-05 4.73858890e-06 1.48964603e-05 3.66396345e-05 3.45112552e-05 1.01689518e-05 3.94180258e-05 3.10927979e-05 1.31858498e-05 3.41617687e-05 3.88246564e-05 9.07983413e-06 3.23491704e-05 6.49872851e-05 2.09195787e-05 1.67261735e-04 3.28068742e-04 1.31227497e-05 8.70091773e-05 1.03310922e-06 2.27750075e-05 1.79024586e-04 3.56897876e-04 5.91345037e-05 1.22300860e-04 1.85779814e-05 4.56256421e-06 8.59151494e-06 3.39484112e-06 9.82788475e-08 1.58922573e-09 9.49162748e-11
 2008 06 01 12 00 00  3.50439559e-03 2.12611864e-03 1.16239748e-03 8.18394151e-04 5.74003524e-04 3.32006029e-04 2.31518093e-04 1.88438196e-04 3.75870034e-04 1.11142245e-04 2.57187682e-03 3.74989808e-03 1.99111773e-04 5.80050402e-05 3.86741477e-05 1.02281766e-04 2.75300030e-05 4.48533479e-05 1.01859160e-04 6.40150451e-05 1.10834385e-04 1.34390862e-04 8.45078002e-05 6.35026967e-05 4.48301616e-06 8.59294887e-06 5.82770954e-06 2.19216889e-05 4.74156186e-06 1.49022118e-05 3.66585315e-05 3.45112552e-05 1.01689518e-05 3.94356400e-05 3.12663993e-05 1.31858498e-05 3.41984998e-05 3.88548308e-05 9.07614594e-06 3.24024018e-05 6.50702720e-05 2.10302474e-05 1.67343991e-04 3.29664326e-04 1.31865731e-05 8.74792145e-05 1.03310922e-06 2.29899611e-05 1.79619315e-04 3.57561397e-04 5.94110036e-05 1.22195680e-04 1.83772162e-05 4.48961434e-06 8.42329149e-06 3.28370640e-06 9.33475857e-08 1.33879974e-09 7.23833604e-11
 2008 06 02 12 00 00  3.50383993e-03 2.12497487e-03 1.16174072e-03 8.18042221e-04 5.73764331e-04 3.32000038e-04 2.31467037e-04 1.88362731e-04 3.75672228e-04 1.10927541e-04 2.57034763e-03 3.74989659e-03 1.98903614e-04 5.78513551e-05 3.86267723e-05 1.02185948e-04 2.75275757e-05 4.48503706e-05 1.01551147e-04 6.37583900e-05 1.10830901e-04 1.34387007e-04 8.44826069e-05 6.34480441e-05 4.48286337e-06 8.58377243e-06 5.82769680e-06 2.19103133e-05 4.73584441e-06 1.48904853e-05 3.66203220e-05 3.45104054e-05 1.01668105e-05 3.93889499e-05 3.09316441e-05 1.31858236e-05 3.41229601e-05 3.87912867e-05 9.06851128e-06 3.22740526e-05 6.48967859e-05 2.08130557e-05 1.67079785e-04 3.26582835e-04 1.30633134e-05 8.65368344e-05 1.02499507e-06 2.25688957e-05 1.78417175e-04 3.56169513e-04 5.88603559e-05 1.21782797e-04 1.79762743e-05 4.34389572e-06 8.08710384e-06 3.05975043e-06 8.32744593e-08 8.16749512e-10 2.51339116e-11
 2008 06 03 12 00 00  3.50201327e-03 2.12396135e-03 1.16108293e-03 8.17505562e-04 5.73263511e-04 3.31755319e-04 2.31235162e-04 1.88111877e-04 3.75018623e-04 1.10791871e-04 2.56508620e-03 3.73927206e-03 1.98672159e-04 5.78213323e-05 3.85963330e-05 1.01996666e-04 2.74651189e-05 4.46915481e-05 1.01470856e-04 6.37504156e-05 1.10501049e-04 1.33966023e-04 8.43121264e-05 6.33818922e-05 4.47839993e-06 8.58031271e-06 5.82592766e-06 2.18909684e-05 4.73564178e-06 1.48782262e-05 3.65442420e-05 3.44846310e-05 1.01151956e-05 3.93137452e-05 3.09199386e-05 1.31773544e-05 3.39784592e-05 3.85803756e-05 9.06563291e-06 3.21853663e-05 6.44519239e-05 2.08060985e-05 1.66248601e-04 3.26475867e-04 1.30590347e-05 8.58316008e-05 6.82962309e-07 2.25552765e-05 1.77143722e-04 3.54898254e-04 5.86912071e-05 1.20700677e-04 1.78314080e-05 4.29123108e-06 7.96553089e-06 2.97793127e-06 7.95341407e-08 6.18307205e-10 7.05493441e-12
 2008 06 04 12 00 00  3.50575455e-03 2.12618249e-03 1.16251016e-03 8.18634689e-04 5.74300051e-04 3.32243188e-04 2.31706009e-04 1.88624901e-04 3.76357221e-04 1.11099760e-04 2.57584170e-03 3.76052037e-03 1.99170374e-04 5.79087695e-05 3.86656435e-05 1.02389109e-04 2.75876082e-05 4.50062274e-05 1.01687807e-04 6.38122670e-05 1.11157622e-04 1.34804149e-04 8.46556325e-05 6.35175692e-05 4.48717437e-06 8.58201747e-06 5.82945286e-06 2.19303595e-05 4.73702275e-06 1.49042504e-05 3.66992311e-05 3.45353270e-05 1.02162841e-05 3.94669641e-05 3.10007686e-05 1.31942681e-05 3.42764436e-05 3.90085269e-05 9.06705100e-06 3.23747666e-05 6.53602428e-05 2.08584635e-05 1.67904391e-04 3.27219828e-04 1.30887931e-05 8.73829919e-05 1.35892515e-06 2.26568125e-05 1.79862504e-04 3.57625613e-04 5.91228357e-05 1.22691441e-04 1.79057274e-05 4.31824201e-06 8.02784921e-06 3.01946633e-06 8.14038209e-08 7.15320070e-10 1.58382751e-11
 2008 06 05 12 00 00  3.50764001e-03 2.12731398e-03 1.16323603e-03 8.19209469e-04 5.74828054e-04 3.32488751e-04 2.31943648e-04 1.88884279e-04 3.77032680e-04 1.11257804e-04 2.58126754e-03 3.77114490e-03 1.99423902e-04 5.79557198e-05 3.87012806e-05 1.02589224e-04 2.76505481e-05 4.51656466e-05 1.01803873e-04 6.38482394e-05 1.11488003e-04 1.35225894e-04 8.48288973e-05 6.35863109e-05 4.49166764e-06 8.58199128e-06 5.83122383e-06 2.19507086e-05 4.73780819e-06 1.49178042e-05 3.67789647e-05 3.45612701e-05 1.02683247e-05 3.95446131e-05 3.10468487e-05 1.32027417e-05 3.44285164e-05 3.92262857e-05 9.06702917e-06 3.24712370e-05 6.58240379e-05 2.08887737e-05 1.68741728e-04 3.27644543e-04 1.31057817e-05 8.82083077e-05 1.70256899e-06 2.27154887e-05 1.81268425e-04 3.59035555e-04 5.93525645e-05 1.23683127e-04 1.79074439e-05 4.31885949e-06 8.02924109e-06 3.02001080e-06 8.14005691e-08 7.13034720e-10 1.55768787e-11
 2008 06 06 12 00 00  3.50199840e-03 2.12392360e-03 1.16106115e-03 8.17496075e-04 5.73258707e-04 3.31756526e-04 2.31234336e-04 1.88110205e-04 3.75013312e-04 1.10784723e-04 2.56505037e-03 3.73927280e-03 1.98665301e-04 5.78155536e-05 3.85945584e-05 1.01994797e-04 2.74665770e-05 4.46933322e-05 1.01458438e-04 6.37406833e-05 1.10502829e-04 1.33968346e-04 8.43122357e-05 6.33796448e-05 4.47849161e-06 8.57851555e-06 5.82593566e-06 2.18909237e-05 4.73545006e-06 1.48781017e-05 3.65448048e-05 3.44851403e-05 1.01164827e-05 3.93118832e-05 3.09085503e-05 1.31773719e-05 3.39775095e-05 3.85804385e-05 9.06413625e-06 3.21797361e-05 6.44516145e-05 2.07980673e-05 1.66241432e-04 3.26370288e-04 1.30548115e-05 8.58081999e-05 6.87839929e-07 2.25398413e-05 1.77121491e-04 3.54864418e-04 5.86731040e-05 1.20662821e-04 1.77606399e-05 4.26549325e-06 7.90606358e-06 2.93728507e-06 7.76312671e-08 5.28546762e-10 1.00000000e-10
 2008 06 07 12 00 00  3.50747100e-03 2.12696040e-03 1.16303286e-03 8.19102318e-04 5.74756524e-04 3.32488028e-04 2.31928548e-04 1.88861584e-04 3.76972432e-04 1.11191370e-04 2.58080656e-03 3.77114527e-03 1.99359537e-04 5.79076006e-05 3.86864541e-05 1.02560615e-04 2.76510371e-05 4.51662403e-05 1.01706651e-04 6.37678138e-05 1.11488354e-04 1.35226666e-04 8.48218618e-05 6.35665018e-05 4.49169856e-06 8.57451523e-06 5.83122637e-06 2.19472290e-05 4.73603832e-06 1.49143882e-05 3.67685270e-05 3.45614390e-05 1.02687525e-05 3.95277777e-05 3.09430907e-05 1.32027475e-05 3.44060375e-05 3.92081889e-05 9.06081041e-06 3.24257629e-05 6.57743949e-05 2.08208949e-05 1.68643871e-04 3.26688728e-04 1.30675491e-05 8.79208010e-05 1.70419480e-06 2.25840107e-05 1.80910583e-04 3.58603502e-04 5.91822477e-05 1.23415887e-04 1.75750723e-05 4.19807552e-06 7.75064602e-06 2.83518666e-06 7.31430056e-08 3.77931109e-10 1.00000000e-10
 2008 06 08 12 00 00  3.50585364e-03 2.12638055e-03 1.16262402e-03 8.18697938e-04 5.74344750e-04 3.32245185e-04 2.31715642e-04 1.88638877e-04 3.76393025e-04 1.11137036e-04 2.57611914e-03 3.76052111e-03 1.99206776e-04 5.79356034e-05 3.86739077e-05 1.02407014e-04 2.75890634e-05 4.50080115e-05 1.01742060e-04 6.38568599e-05 1.11159064e-04 1.34806456e-04 8.46606526e-05 6.35148054e-05 4.48726569e-06 8.56613697e-06 5.82946013e-06 2.19315068e-05 4.73800683e-06 1.49064840e-05 3.67063158e-05 3.45358363e-05 1.02175676e-05 3.94649133e-05 3.10584466e-05 1.31942827e-05 3.42888195e-05 3.90202439e-05 9.05384150e-06 3.23743573e-05 6.53927283e-05 2.08961283e-05 1.67867552e-04 3.27751085e-04 1.31100434e-05 8.75415911e-05 1.36378767e-06 2.27297802e-05 1.80085821e-04 3.57826355e-04 5.92204476e-05 1.22209737e-04 1.72105695e-05 4.06559750e-06 7.44498880e-06 2.63137152e-06 6.39615102e-08 5.92617511e-11 1.00000000e-10
 2008 06 09 12 00 00  3.50404189e-03 2.12540640e-03 1.16198822e-03 8.18169001e-04 5.73846036e-04 3.31999663e-04 2.31484205e-04 1.88388842e-04 3.75742906e-04 1.11008338e-04 2.57089093e-03 3.74989621e-03 1.98981310e-04 5.79090431e-05 3.86445737e-05 1.02218665e-04 2.75256345e-05 4.48479928e-05 1.01665490e-04 6.38552418e-05 1.10828489e-04 1.34383925e-04 8.44903057e-05 6.34634179e-05 4.48274150e-06 8.58172643e-06 5.82768662e-06 2.19133733e-05 4.73801629e-06 1.48943608e-05 3.66316866e-05 3.45097244e-05 1.01650978e-05 3.94017954e-05 3.10587115e-05 1.31858047e-05 3.41477360e-05 3.88105803e-05 9.06681307e-06 3.23136780e-05 6.49505678e-05 2.08951300e-05 1.67134398e-04 3.27752048e-04 1.31100819e-05 8.68700003e-05 1.01850692e-06 2.27280892e-05 1.78830410e-04 3.56637198e-04 5.90628458e-05 1.21706221e-04 1.78611402e-05 4.30211139e-06 7.99099507e-06 2.99915963e-06 8.07979042e-08 7.07381309e-10 1.57244939e-11
 2008 06 10 12 00 00  3.50224845e-03 2.12447051e-03 1.16137486e-03 8.17652765e-04 5.73356509e-04 3.31753853e-04 2.31254585e-04 1.88141743e-04 3.75100430e-04 1.10887113e-04 2.56571412e-03 3.73927057e-03 1.98763479e-04 5.78892367e-05 3.86172936e-05 1.02033906e-04 2.74617167e-05 4.46873804e-05 1.01605043e-04 6.38646306e-05 1.10497194e-04 1.33960619e-04 8.43205054e-05 6.34101803e-05 4.47818602e-06 8.59282736e-06 5.82591056e-06 2.18952124e-05 4.73821019e-06 1.48825845e-05 3.65569991e-05 3.44834407e-05 1.01121972e-05 3.93373505e-05 3.10701667e-05 1.31773180e-05 3.40080329e-05 3.86021765e-05 9.07605208e-06 3.22510162e-05 6.45124078e-05 2.09029531e-05 1.66382438e-04 3.27858008e-04 1.31143203e-05 8.62272288e-05 6.71596536e-07 2.27431738e-05 1.77615434e-04 3.55480454e-04 5.89279547e-05 1.21054087e-04 1.83136840e-05 4.46665940e-06 8.37099017e-06 3.25661798e-06 9.26907568e-08 1.34761518e-09 7.42857997e-11
 2008 06 11 12 00 00  3.50604098e-03 2.12680926e-03 1.16286893e-03 8.18812416e-04 5.74409688e-04 3.32240727e-04 2.31728903e-04 1.88660243e-04 3.76455198e-04 1.11216627e-04 2.57659996e-03 3.76051813e-03 1.99281770e-04 5.79906446e-05 3.86909551e-05 1.02433091e-04 2.75827537e-05 4.50002757e-05 1.01846356e-04 6.39504928e-05 1.11151638e-04 1.34796425e-04 8.46654584e-05 6.35412043e-05 4.48686842e-06 8.58222265e-06 5.82942776e-06 2.19343098e-05 4.74019689e-06 1.49094237e-05 3.67144030e-05 3.45336273e-05 1.02119979e-05 3.94862036e-05 3.11860378e-05 1.31942157e-05 3.43105300e-05 3.90333077e-05 9.06723217e-06 3.24349833e-05 6.54298076e-05 2.09762264e-05 1.67987601e-04 3.28922201e-04 1.31568880e-05 8.78525834e-05 1.34268194e-06 2.28856181e-05 1.80425596e-04 3.58276973e-04 5.94078078e-05 1.22634753e-04 1.78475844e-05 4.29726667e-06 7.98021704e-06 2.99667747e-06 8.10265373e-08 7.45198614e-10 1.98165595e-11
 2008 06 12 12 00 00  3.51571650e-03 2.13301553e-03 1.16681187e-03 8.21839000e-04 5.77141694e-04 3.33465882e-04 2.32936340e-04 1.89986931e-04 3.79916059e-04 1.12108837e-04 2.60438215e-03 3.81364003e-03 2.00646084e-04 5.82956807e-05 3.88909012e-05 1.03470629e-04 2.78926193e-05 4.57914430e-05 1.02560340e-04 6.42494182e-05 1.12798140e-04 1.36897515e-04 8.55399770e-05 6.39198676e-05 4.50903281e-06 8.60235014e-06 5.83825895e-06 2.20405843e-05 4.74691187e-06 1.49815548e-05 3.71268636e-05 3.46616434e-05 1.04679290e-05 3.99029945e-05 3.15788609e-05 1.32365385e-05 3.51022239e-05 4.01437266e-05 9.08398215e-06 3.29960554e-05 6.78086080e-05 2.12296552e-05 1.72345658e-04 3.32536427e-04 1.33014571e-05 9.23975527e-05 3.04475143e-06 2.33772298e-05 1.87933213e-04 3.65944868e-04 6.08005317e-05 1.28183546e-04 1.86806765e-05 4.60015326e-06 8.67953009e-06 3.46869523e-06 1.02703292e-07 1.90267508e-09 1.25454602e-10
 2008 06 13 12 00 00  3.52479786e-03 2.13799805e-03 1.17005256e-03 8.24490244e-04 5.79619326e-04 3.34684344e-04 2.34089385e-04 1.91233388e-04 3.83166434e-04 1.12771613e-04 2.63053032e-03 3.86676081e-03 2.01788338e-04 5.84377131e-05 3.90405709e-05 1.04406199e-04 2.81995715e-05 4.65790363e-05 1.02949830e-04 6.42758678e-05 1.14440101e-04 1.38993979e-04 8.63873988e-05 6.42284012e-05 4.53101384e-06 8.59641659e-06 5.84707450e-06 2.21336020e-05 4.74750377e-06 1.50411349e-05 3.74971030e-05 3.47886380e-05 1.07212909e-05 4.02601639e-05 3.16135032e-05 1.32788278e-05 3.58110425e-05 4.11850802e-05 9.07904832e-06 3.33987914e-05 6.99998229e-05 2.12520579e-05 1.76336536e-04 3.32855181e-04 1.33142072e-05 9.59235988e-05 4.73708096e-06 2.34206775e-05 1.94157408e-04 3.72076849e-04 6.16081812e-05 1.32784806e-04 1.84053214e-05 4.50011566e-06 8.44891645e-06 3.31721674e-06 9.60456912e-08 1.56951478e-09 9.56072221e-11
 2008 06 14 12 00 00  3.52673813e-03 2.13928297e-03 1.17086512e-03 8.25095325e-04 5.80155508e-04 3.34924562e-04 2.34328266e-04 1.91496170e-04 3.83856682e-04 1.12957488e-04 2.63607383e-03 3.87738273e-03 2.02066641e-04 5.85022183e-05 3.90817084e-05 1.04609685e-04 2.82562047e-05 4.67307225e-05 1.03094289e-04 6.43428764e-05 1.14762725e-04 1.39405717e-04 8.65597594e-05 6.43037835e-05 4.53511093e-06 8.60060536e-06 5.84881309e-06 2.21535398e-05 4.74910303e-06 1.50548963e-05 3.75762315e-05 3.48123722e-05 1.07677653e-05 4.03422433e-05 3.17064580e-05 1.32872345e-05 3.59662858e-05 4.14009465e-05 9.08253787e-06 3.35126184e-05 7.04600657e-05 2.13096413e-05 1.77184574e-04 3.33707430e-04 1.33482972e-05 9.68296347e-05 5.05964526e-06 2.35328727e-05 1.95619271e-04 3.73577919e-04 6.18920124e-05 1.33815497e-04 1.85508695e-05 4.55310073e-06 8.57158121e-06 3.40391588e-06 1.00306272e-07 1.81787545e-09 1.18795829e-10
 2008 06 15 12 00 00  3.53228590e-03 2.14251293e-03 1.17294640e-03 8.26744980e-04 5.81671053e-04 3.35651276e-04 2.35025787e-04 1.92253911e-04 3.85838047e-04 1.13399468e-04 2.65200541e-03 3.90925258e-03 2.02793029e-04 5.86172460e-05 3.91807729e-05 1.05182696e-04 2.84348382e-05 4.71964915e-05 1.03381913e-04 6.44100306e-05 1.15740825e-04 1.40654780e-04 8.70696064e-05 6.44918567e-05 4.54795118e-06 8.59053544e-06 5.85407397e-06 2.22092634e-05 4.75070119e-06 1.50918766e-05 3.78007450e-05 3.48866335e-05 1.09148961e-05 4.05580334e-05 3.17994156e-05 1.33125490e-05 3.63999401e-05 4.20290964e-05 9.07416470e-06 3.37669351e-05 7.17859249e-05 2.13673193e-05 1.79555207e-04 3.34559814e-04 1.33823926e-05 9.90948816e-05 6.05652021e-06 2.36452339e-05 1.99511925e-04 3.77429890e-04 6.24752824e-05 1.36306479e-04 1.80901532e-05 4.38570639e-06 8.18562133e-06 3.14957722e-06 8.90675313e-08 1.25075152e-09 6.78621215e-11
 2008 06 16 12 00 00  3.52651952e-03 2.13891636e-03 1.17065285e-03 8.24950448e-04 5.80033178e-04 3.34908994e-04 2.34300776e-04 1.91459305e-04 3.83771846e-04 1.12887415e-04 2.63540650e-03 3.87737602e-03 2.01995137e-04 5.84505342e-05 3.90658856e-05 1.04560656e-04 2.82406691e-05 4.67116857e-05 1.02982778e-04 6.42594241e-05 1.14742568e-04 1.39381023e-04 8.65423119e-05 6.42653857e-05 4.53413268e-06 8.57709601e-06 5.84873269e-06 2.21440164e-05 4.74735061e-06 1.50482689e-05 3.75488089e-05 3.48069356e-05 1.07540560e-05 4.03075746e-05 3.16032121e-05 1.32870657e-05 3.59236964e-05 4.13566886e-05 9.06298665e-06 3.34371526e-05 7.03445139e-05 2.12399056e-05 1.76906623e-04 3.32753631e-04 1.33101452e-05 9.64148498e-05 5.00769384e-06 2.33982442e-05 1.95021289e-04 3.72858185e-04 6.16855419e-05 1.32802523e-04 1.74783078e-05 4.16339462e-06 7.67300540e-06 2.81137678e-06 7.40939306e-08 5.04963893e-10 1.00000000e-10
 2008 06 17 12 00 00  3.52480243e-03 2.13817415e-03 1.17014926e-03 8.24478149e-04 5.79562033e-04 3.34658838e-04 2.34074677e-04 1.91218728e-04 3.83151787e-04 1.12801558e-04 2.63040923e-03 3.86674777e-03 2.01809433e-04 5.84533113e-05 3.90456577e-05 1.04383389e-04 2.81714107e-05 4.65445191e-05 1.02960307e-04 6.43082021e-05 1.14404595e-04 1.38949221e-04 8.63730259e-05 6.42176391e-05 4.52924141e-06 8.58782005e-06 5.84692898e-06 2.21257716e-05 4.74855806e-06 1.50372649e-05 3.74757832e-05 3.47787805e-05 1.06964428e-05 4.02466142e-05 3.16731690e-05 1.32785222e-05 3.57902863e-05 4.11496635e-05 9.07191570e-06 3.33904016e-05 6.99116478e-05 2.12821877e-05 1.76154792e-04 3.33393713e-04 1.33357485e-05 9.58652056e-05 4.64291807e-06 2.34808511e-05 1.93914698e-04 3.71836543e-04 6.16242684e-05 1.32072888e-04 1.78974847e-05 4.31585493e-06 8.02530500e-06 3.05264077e-06 8.54217920e-08 1.11631948e-09 5.71000136e-11
 2008 06 18 12 00 00  3.52949686e-03 2.14243772e-03 1.17274646e-03 8.26202319e-04 5.80978466e-04 3.35145256e-04 2.34625597e-04 1.91853216e-04 3.84820357e-04 1.13490927e-04 2.64372225e-03 3.88799198e-03 2.02673135e-04 5.88091110e-05 3.91978715e-05 1.04928197e-04 2.82851601e-05 4.68484883e-05 1.03701382e-04 6.48216228e-05 1.15050355e-04 1.39773446e-04 8.67530640e-05 6.44277733e-05 4.53746543e-06 8.58119383e-06 5.85040834e-06 2.21796616e-05 4.76024106e-06 1.50815371e-05 3.76868019e-05 3.48264177e-05 1.07898173e-05 4.04611466e-05 3.23556917e-05 1.32953413e-05 3.62062310e-05 4.16691959e-05 9.06640635e-06 3.37693623e-05 7.10740250e-05 2.17187000e-05 1.78077664e-04 3.39668499e-04 1.35867400e-05 9.90329211e-05 5.28964665e-06 2.43284041e-05 1.98572343e-04 3.76766362e-04 6.30001336e-05 1.33820534e-04 1.75841897e-05 4.20204644e-06 7.76300767e-06 2.88108068e-06 7.79351957e-08 7.45860995e-10 2.40228781e-11
 2008 06 19 12 00 00  3.52853928e-03 2.14050002e-03 1.17163326e-03 8.25593466e-04 5.80555186e-04 3.35129481e-04 2.34534666e-04 1.91720386e-04 3.84476905e-04 1.13126772e-04 2.64106035e-03 3.88798751e-03 2.02318748e-04 5.85482018e-05 3.91174803e-05 1.04758609e-04 2.82749708e-05 4.68359940e-05 1.03176075e-04 6.43869862e-05 1.15036959e-04 1.39757253e-04 8.67065388e-05 6.43363870e-05 4.53682369e-06 8.57071354e-06 5.85035523e-06 2.21588745e-05 4.75058587e-06 1.50605064e-05 3.76160684e-05 3.48228525e-05 1.07808213e-05 4.03822599e-05 3.17902159e-05 1.32952293e-05 3.60721091e-05 4.15524611e-05 9.05769048e-06 3.35558050e-05 7.07569249e-05 2.13511128e-05 1.77619336e-04 3.34462339e-04 1.33784936e-05 9.73994140e-05 5.25556388e-06 2.36159176e-05 1.96450366e-04 3.74340719e-04 6.20563486e-05 1.33198250e-04 1.71100587e-05 4.02976625e-06 7.36572385e-06 2.61859178e-06 6.62859289e-08 2.74698841e-10 1.00000000e-10
 2008 06 20 12 00 00  3.52453810e-03 2.13779769e-03 1.16992875e-03 8.24295975e-04 5.79389054e-04 3.34630179e-04 2.34035228e-04 1.91167607e-04 3.83041649e-04 1.12727843e-04 2.62954773e-03 3.86673473e-03 2.01730096e-04 5.83950623e-05 3.90279749e-05 1.04314213e-04 2.81417975e-05 4.65082237e-05 1.02823295e-04 6.42171595e-05 1.14366887e-04 1.38902160e-04 8.63463221e-05 6.41758290e-05 4.52737731e-06 8.56789411e-06 5.84677509e-06 2.21119376e-05 4.74684966e-06 1.50276918e-05 3.74353719e-05 3.47684167e-05 1.06703097e-05 4.02064978e-05 3.15711542e-05 1.32782006e-05 3.57320238e-05 4.10828563e-05 9.05534835e-06 3.33115798e-05 6.97382037e-05 2.12077852e-05 1.75808319e-04 3.32444324e-04 1.32977730e-05 9.53458870e-05 4.54389301e-06 2.33382976e-05 1.93089312e-04 3.70902952e-04 6.13751514e-05 1.30989295e-04 1.69672060e-05 3.97789348e-06 7.24627060e-06 2.54163489e-06 6.30142399e-08 1.70210779e-10 1.00000000e-10
 2008 06 21 12 00 00  3.51907731e-03 2.13483320e-03 1.16799748e-03 8.22693389e-04 5.77879926e-04 3.33891271e-04 2.33337829e-04 1.90413645e-04 3.81082526e-04 1.12334010e-04 2.61378623e-03 3.83485854e-03 2.01046173e-04 5.83111276e-05 3.89386448e-05 1.03743865e-04 2.79490836e-05 4.60251904e-05 1.02586498e-04 6.42052502e-05 1.13370948e-04 1.37630699e-04 8.58329330e-05 6.39868808e-05 4.51365086e-06 8.56954284e-06 5.84144145e-06 2.20535658e-05 4.74667031e-06 1.49905034e-05 3.72057709e-05 3.46892310e-05 1.05107523e-05 3.99876354e-05 3.15601181e-05 1.32527333e-05 3.52987241e-05 4.04459187e-05 9.05672205e-06 3.30656904e-05 6.83929282e-05 2.11984167e-05 1.73357098e-04 3.32339998e-04 1.32935999e-05 9.31907583e-05 3.49991788e-06 2.33205879e-05 1.89253894e-04 3.67122458e-04 6.08830171e-05 1.28045218e-04 1.70250158e-05 3.99893720e-06 7.29498194e-06 2.57598340e-06 6.46967228e-08 2.34886155e-10 1.00000000e-10
 2008 06 22 12 00 00  3.51726948e-03 2.13389437e-03 1.16738154e-03 8.22165258e-04 5.77374210e-04 3.33641384e-04 2.33104407e-04 1.90161970e-04 3.80431901e-04 1.12211625e-04 2.60854800e-03 3.82423103e-03 2.00825795e-04 5.82890139e-05 3.89107092e-05 1.03552680e-04 2.78807973e-05 4.58592171e-05 1.02517052e-04 6.42118976e-05 1.13034092e-04 1.37200441e-04 8.56602490e-05 6.39295515e-05 4.50882071e-06 8.57747218e-06 5.83964247e-06 2.20337757e-05 4.74688022e-06 1.49778032e-05 3.71270366e-05 3.46614193e-05 1.04539955e-05 3.99188780e-05 3.15720361e-05 1.32442001e-05 3.51537206e-05 4.02302630e-05 9.06332134e-06 3.29963847e-05 6.79362750e-05 2.12045532e-05 1.72562019e-04 3.32447705e-04 1.32979082e-05 9.24896955e-05 3.13839337e-06 2.33328130e-05 1.87967053e-04 3.65884848e-04 6.07340294e-05 1.27240148e-04 1.73449071e-05 4.11525964e-06 7.56364932e-06 2.75848972e-06 7.31611703e-08 5.54908430e-10 8.19559420e-12
 2008 06 23 12 00 00  3.51681969e-03 2.13298476e-03 1.16685895e-03 8.21879222e-04 5.77175211e-04 3.33633909e-04 2.33061651e-04 1.90099533e-04 3.80270514e-04 1.12040663e-04 2.60729734e-03 3.82422879e-03 2.00659388e-04 5.81664814e-05 3.88729557e-05 1.03472950e-04 2.78759428e-05 4.58532653e-05 1.02270321e-04 6.40078099e-05 1.13027909e-04 1.37192718e-04 8.56383595e-05 6.38922502e-05 4.50851512e-06 8.58042913e-06 5.83961701e-06 2.20245076e-05 4.74234876e-06 1.49679152e-05 3.70940126e-05 3.46597168e-05 1.04497100e-05 3.98865643e-05 3.13066063e-05 1.32441462e-05 3.50915045e-05 4.01757431e-05 9.06578352e-06 3.29064035e-05 6.77878433e-05 2.10319631e-05 1.72386526e-04 3.30003878e-04 1.32001551e-05 9.17275396e-05 3.12215052e-06 2.29982950e-05 1.86969709e-04 3.64769418e-04 6.02907271e-05 1.27194093e-04 1.74560495e-05 4.15569514e-06 7.65714277e-06 2.82317835e-06 7.62450735e-08 7.28038518e-10 2.42080689e-11
 2008 06 24 12 00 00  3.51360632e-03 2.13190099e-03 1.16608352e-03 8.21080006e-04 5.76348037e-04 3.33143931e-04 2.32634723e-04 1.89653608e-04 3.79115039e-04 1.11945359e-04 2.59795431e-03 3.80297825e-03 2.00364894e-04 5.82295618e-05 3.88501249e-05 1.03164413e-04 2.77471408e-05 4.55308531e-05 1.02349033e-04 6.41992025e-05 1.12364043e-04 1.36344572e-04 8.53143358e-05 6.38120063e-05 4.49934378e-06 8.59430438e-06 5.83605979e-06 2.19941307e-05 4.74670524e-06 1.49518229e-05 3.69689400e-05 3.46068147e-05 1.03430546e-05 3.97792945e-05 3.15611222e-05 1.32271656e-05 3.48597431e-05 3.97974819e-05 9.07733047e-06 3.28487564e-05 6.70179166e-05 2.11947030e-05 1.70973810e-04 3.32343782e-04 1.32937513e-05 9.10143262e-05 2.42509668e-06 2.33142870e-05 1.85316347e-04 3.63318384e-04 6.03861619e-05 1.25693327e-04 1.80336581e-05 4.36568771e-06 8.14194001e-06 3.14993754e-06 9.12177306e-08 1.52504556e-09 9.68852887e-11
 2008 06 25 12 00 00  3.51012191e-03 2.13022930e-03 1.16497132e-03 8.20111876e-04 5.75414953e-04 3.32655617e-04 2.32185633e-04 1.89173653e-04 3.77866050e-04 1.11740266e-04 2.58788971e-03 3.78172882e-03 1.99965412e-04 5.82151688e-05 3.88033605e-05 1.02813418e-04 2.76222243e-05 4.52131964e-05 1.02276193e-04 6.42600702e-05 1.11704458e-04 1.35502591e-04 8.49806454e-05 6.36959444e-05 4.49041654e-06 8.58982094e-06 5.83252222e-06 2.19586218e-05 4.74809167e-06 1.49307260e-05 3.68286181e-05 3.45552660e-05 1.02398255e-05 3.96423577e-05 3.16421123e-05 1.32102257e-05 3.45933488e-05 3.93939019e-05 9.07360227e-06 3.27097660e-05 6.61780460e-05 2.12464671e-05 1.69386768e-04 3.33088302e-04 1.33235321e-05 8.98430449e-05 1.74101951e-06 2.34148029e-05 1.83122328e-04 3.61185269e-04 6.02111386e-05 1.23618182e-04 1.78299420e-05 4.29166751e-06 7.97125649e-06 3.03727844e-06 8.62261391e-08 1.27212250e-09 7.41426032e-11
 2008 06 26 12 00 00  3.50201400e-03 2.12448738e-03 1.16137084e-03 8.17458442e-04 5.73076779e-04 3.31675166e-04 2.31187589e-04 1.88063724e-04 3.74967205e-04 1.10880681e-04 2.56466778e-03 3.73923257e-03 1.98733095e-04 5.78658610e-05 3.86109508e-05 1.01922361e-04 2.73767597e-05 4.45832411e-05 1.01493601e-04 6.38446712e-05 1.10390321e-04 1.33825579e-04 8.42664446e-05 6.33664674e-05 4.47283783e-06 8.58026397e-06 5.82546963e-06 2.18678844e-05 4.73882246e-06 1.48657884e-05 3.64776636e-05 3.44537024e-05 1.00372228e-05 3.92865263e-05 3.10994685e-05 1.31763940e-05 3.39144986e-05 3.84691053e-05 9.06565183e-06 3.21917787e-05 6.41735273e-05 2.08948011e-05 1.65810450e-04 3.28093727e-04 1.31237491e-05 8.56504353e-05 3.87482760e-07 2.27329525e-05 1.76350691e-04 3.54193430e-04 5.87262301e-05 1.19333683e-04 1.74125474e-05 4.13996954e-06 7.62127290e-06 2.80411678e-06 7.57378803e-08 7.28476124e-10 2.49364251e-11
 2008 06 27 12 00 00  3.50961733e-03 2.12916813e-03 1.16436223e-03 8.19793504e-04 5.75204669e-04 3.32653918e-04 2.32141190e-04 1.89106837e-04 3.77687774e-04 1.11541261e-04 2.58651809e-03 3.78172956e-03 1.99773257e-04 5.80724975e-05 3.87593652e-05 1.02729230e-04 2.76241684e-05 4.52155829e-05 1.01991220e-04 6.40211743e-05 1.11706738e-04 1.35505689e-04 8.49599071e-05 6.36538882e-05 4.49053914e-06 8.59122301e-06 5.83253204e-06 2.19499645e-05 4.74276858e-06 1.49206321e-05 3.67978815e-05 3.45559471e-05 1.02415412e-05 3.96068601e-05 3.13304394e-05 1.32102461e-05 3.45289101e-05 3.93418142e-05 9.07477151e-06 3.26053099e-05 6.60340740e-05 2.10442842e-05 1.69217401e-04 3.30219336e-04 1.32087735e-05 8.90019336e-05 1.74752240e-06 2.30228281e-05 1.82063628e-04 3.59979153e-04 5.97063021e-05 1.23590091e-04 1.78685375e-05 4.30574739e-06 8.00399663e-06 3.06210554e-06 8.75613487e-08 1.35799874e-09 8.23448754e-11
 2008 06 28 12 00 00  3.49995696e-03 2.12300106e-03 1.16044127e-03 8.16775129e-04 5.72475465e-04 3.31427977e-04 2.30934316e-04 1.87781179e-04 3.74230797e-04 1.10656066e-04 2.55877049e-03 3.72860730e-03 1.98415106e-04 5.77713299e-05 3.85606413e-05 1.01692878e-04 2.73133308e-05 4.44232224e-05 1.01282524e-04 6.37291814e-05 1.10059576e-04 1.33403048e-04 8.40855305e-05 6.32919174e-05 4.46831364e-06 8.59300271e-06 5.82369612e-06 2.18451033e-05 4.73626169e-06 1.48486506e-05 3.63867869e-05 3.44275933e-05 9.98475152e-06 3.92038895e-05 3.09494731e-05 1.31679146e-05 3.37409057e-05 3.82328308e-05 9.07625363e-06 3.20758707e-05 6.36584057e-05 2.07971665e-05 1.64972023e-04 3.26712593e-04 1.30685037e-05 8.45674978e-05 4.22018275e-08 2.25437339e-05 1.74575922e-04 3.52403598e-04 5.83263889e-05 1.18696428e-04 1.79340624e-05 4.32959018e-06 8.05914283e-06 3.10047172e-06 8.94050693e-08 1.46256223e-09 9.20409138e-11
 2008 06 29 12 00 00  3.50274727e-03 2.12602293e-03 1.16225164e-03 8.17919921e-04 5.73382361e-04 3.31679293e-04 2.31252494e-04 1.88160657e-04 3.75225093e-04 1.11168282e-04 2.56666421e-03 3.73923220e-03 1.99010466e-04 5.80700528e-05 3.86739557e-05 1.02044840e-04 2.73757905e-05 4.45820537e-05 1.01898237e-04 6.41868159e-05 1.10389846e-04 1.33824046e-04 8.42975323e-05 6.34419903e-05 4.47277707e-06 8.59820284e-06 5.82546490e-06 2.18821545e-05 4.74652879e-06 1.48806548e-05 3.65254871e-05 3.44533648e-05 1.00363672e-05 3.93502207e-05 3.15501762e-05 1.31763838e-05 3.40118641e-05 3.85479345e-05 9.08058137e-06 3.23689053e-05 6.43895860e-05 2.11850405e-05 1.66168346e-04 3.32239791e-04 1.32895917e-05 8.68889690e-05 3.84245686e-07 2.32960811e-05 1.77896605e-04 3.56011412e-04 5.94523304e-05 1.19986220e-04 1.81552722e-05 4.41000047e-06 8.24472548e-06 3.22489925e-06 9.50594462e-08 1.76002199e-09 1.19077059e-10
 2008 06 30 12 00 00  3.50927919e-03 2.12846085e-03 1.16395584e-03 8.19579102e-04 5.75061441e-04 3.32652457e-04 2.32110948e-04 1.89061398e-04 3.77567178e-04 1.11408364e-04 2.58559521e-03 3.78172994e-03 1.99644473e-04 5.79761713e-05 3.87296833e-05 1.02671954e-04 2.76251376e-05 4.52167646e-05 1.01796678e-04 6.38602127e-05 1.11707972e-04 1.35507221e-04 8.49458266e-05 6.36294239e-05 4.49060026e-06 8.59725114e-06 5.83253714e-06 2.19443721e-05 4.73922919e-06 1.49137961e-05 3.67776648e-05 3.45562847e-05 1.02423961e-05 3.95859465e-05 3.11229087e-05 1.32102577e-05 3.44861510e-05 3.93066711e-05 9.07978756e-06 3.25420830e-05 6.59367034e-05 2.09084537e-05 1.69128325e-04 3.28307550e-04 1.31323020e-05 8.84406909e-05 1.75075947e-06 2.27597382e-05 1.81347477e-04 3.59180652e-04 5.93654110e-05 1.23734445e-04 1.81210043e-05 4.39752923e-06 8.21586974e-06 3.20469813e-06 9.40799669e-08 1.70385004e-09 1.13853660e-10
 2008 07 01 12 00 00  3.50794564e-03 2.12847288e-03 1.16388616e-03 8.19352618e-04 5.74767596e-04 3.32411961e-04 2.31923247e-04 1.88876027e-04 3.77086822e-04 1.11464668e-04 2.58168158e-03 3.77110615e-03 1.99598171e-04 5.80815795e-05 3.87410420e-05 1.02565701e-04 2.75636499e-05 4.50591266e-05 1.01983356e-04 6.40791201e-05 1.11379318e-04 1.35087773e-04 8.47970847e-05 6.36002444e-05 4.48619794e-06 8.58594212e-06 5.83077308e-06 2.19337067e-05 4.74417138e-06 1.49117344e-05 3.67349712e-05 3.45308508e-05 1.01916376e-05 3.95418996e-05 3.14118894e-05 1.32017987e-05 3.44063910e-05 3.91497244e-05 9.07037829e-06 3.25463648e-05 6.56400392e-05 2.10942497e-05 1.68444748e-04 3.30965536e-04 1.32386214e-05 8.85358659e-05 1.41196679e-06 2.31202881e-05 1.81123829e-04 3.59078814e-04 5.96806341e-05 1.22495761e-04 1.76458376e-05 4.22479061e-06 7.81713037e-06 2.93655583e-06 8.18371191e-08 1.05544046e-09 5.48091850e-11
 2008 07 02 12 00 00  3.51123419e-03 2.12974836e-03 1.16477101e-03 8.20196919e-04 5.75615043e-04 3.32896751e-04 2.32353845e-04 1.89329122e-04 3.78266319e-04 1.11595493e-04 2.59120257e-03 3.79235372e-03 1.99925652e-04 5.80436991e-05 3.87716825e-05 1.02882318e-04 2.76861392e-05 4.53738117e-05 1.01952707e-04 6.39309874e-05 1.12035786e-04 1.35925896e-04 8.51210906e-05 6.36989128e-05 4.49497202e-06 8.59032443e-06 5.83429828e-06 2.19650443e-05 4.74080662e-06 1.49285073e-05 3.68601324e-05 3.45815497e-05 1.02927268e-05 3.96639539e-05 3.12152581e-05 1.32187110e-05 3.46451835e-05 3.95291769e-05 9.07402282e-06 3.26443580e-05 6.64144893e-05 2.09683509e-05 1.69946529e-04 3.29157629e-04 1.31663051e-05 8.93739357e-05 2.08792953e-06 2.28758639e-05 1.82884588e-04 3.60723181e-04 5.96655820e-05 1.24498806e-04 1.78318794e-05 4.29241820e-06 7.97321566e-06 3.04125296e-06 8.65982862e-08 1.30616762e-09 7.76043119e-11
 2008 07 03 12 00 00  3.50945247e-03 2.12881589e-03 1.16415985e-03 8.19689130e-04 5.75136807e-04 3.32654525e-04 2.32127039e-04 1.89085142e-04 3.77629163e-04 1.11475085e-04 2.58607355e-03 3.78173068e-03 1.99709292e-04 5.80241576e-05 3.87444703e-05 1.02702130e-04 2.76261097e-05 4.52179578e-05 1.01893257e-04 6.39402540e-05 1.11708924e-04 1.35508769e-04 8.49537984e-05 6.36351620e-05 4.49066138e-06 8.58429266e-06 5.83254223e-06 2.19469512e-05 4.74100125e-06 1.49174884e-05 3.67891739e-05 3.45566252e-05 1.02432532e-05 3.95910253e-05 3.12267483e-05 1.32102679e-05 3.45081823e-05 3.93259736e-05 9.06900532e-06 3.25613453e-05 6.59900790e-05 2.09761012e-05 1.69131210e-04 3.29263723e-04 1.31705489e-05 8.87246856e-05 1.75401092e-06 2.28908306e-05 1.81725023e-04 3.59567912e-04 5.95375759e-05 1.23366906e-04 1.75718349e-05 4.19789958e-06 7.75511238e-06 2.89549923e-06 8.00091509e-08 9.62129520e-10 4.64005750e-11
 2008 07 04 12 00 00  3.50943204e-03 2.12877614e-03 1.16413697e-03 8.19675977e-04 5.75127187e-04 3.32653942e-04 2.32124948e-04 1.89082155e-04 3.77621682e-04 1.11467583e-04 2.58601534e-03 3.78173068e-03 1.99701911e-04 5.80187215e-05 3.87427978e-05 1.02698278e-04 2.76256236e-05 4.52173612e-05 1.01882090e-04 6.39312551e-05 1.11708309e-04 1.35507996e-04 8.49526650e-05 6.36333456e-05 4.49063082e-06 8.58439089e-06 5.83253932e-06 2.19464568e-05 4.74080516e-06 1.49170015e-05 3.67874735e-05 3.45564564e-05 1.02428246e-05 3.95894247e-05 3.12152319e-05 1.32102621e-05 3.45051570e-05 3.93231559e-05 9.06908826e-06 3.25571463e-05 6.59824810e-05 2.09685211e-05 1.69121785e-04 3.29157561e-04 1.31663025e-05 8.86894358e-05 1.75238529e-06 2.28761550e-05 1.81677293e-04 3.59514681e-04 5.95175147e-05 1.23353537e-04 1.75659935e-05 4.19580017e-06 7.75038342e-06 2.89369964e-06 8.00260356e-08 9.70470659e-10 4.73479478e-11
 2008 07 05 12 00 00  3.50918370e-03 2.12826310e-03 1.16384263e-03 8.19519367e-04 5.75021608e-04 3.32651378e-04 2.32102383e-04 1.89048816e-04 3.77533944e-04 1.11371444e-04 2.58533403e-03 3.78172994e-03 1.99608969e-04 5.79505887e-05 3.87217794e-05 1.02655942e-04 2.76246486e-05 4.52161708e-05 1.01746976e-04 6.38172787e-05 1.11707040e-04 1.35506446e-04 8.49414678e-05 6.36131190e-05 4.49056934e-06 8.58627318e-06 5.83253423e-06 2.19418171e-05 4.73823602e-06 1.49117943e-05 3.67703425e-05 3.45561130e-05 1.02419668e-05 3.95722743e-05 3.10649775e-05 1.32102519e-05 3.44720194e-05 3.92952512e-05 9.07065696e-06 3.25075531e-05 6.59060735e-05 2.08718149e-05 1.69034629e-04 3.27775443e-04 1.31110177e-05 8.82726065e-05 1.74913366e-06 2.26885153e-05 1.81143613e-04 3.58914441e-04 5.92732520e-05 1.23352083e-04 1.76318696e-05 4.21978025e-06 7.80589335e-06 2.93285814e-06 8.19452222e-08 1.08198563e-09 5.77514814e-11
 2008 07 06 12 00 00  3.50621093e-03 2.12765514e-03 1.16334093e-03 8.18874328e-04 5.74305002e-04 3.32167013e-04 2.31699350e-04 1.88637376e-04 3.76466070e-04 1.11365814e-04 2.57666911e-03 3.76048088e-03 1.99402356e-04 5.80785339e-05 3.87189125e-05 1.02391680e-04 2.75002210e-05 4.48991166e-05 1.01958033e-04 6.41162624e-05 1.11048636e-04 1.34665254e-04 8.46300772e-05 6.35512384e-05 4.48167339e-06 8.59607680e-06 5.82899956e-06 2.19167051e-05 4.74494991e-06 1.49012477e-05 3.66640927e-05 3.45047418e-05 1.01391692e-05 3.94813060e-05 3.14577861e-05 1.31933179e-05 3.42745383e-05 3.89482790e-05 9.07881549e-06 3.24944906e-05 6.52209764e-05 2.11252787e-05 1.67711968e-04 3.31389557e-04 1.32555823e-05 8.79747259e-05 1.06669722e-06 2.31801838e-05 1.80040639e-04 3.58066873e-04 5.96057926e-05 1.21811690e-04 1.80344564e-05 4.36615603e-06 8.14388738e-06 3.16143940e-06 9.24742338e-08 1.64657719e-09 1.09338760e-10
 2008 07 07 12 00 00  3.50784584e-03 2.12827389e-03 1.16377214e-03 8.19289787e-04 5.74723627e-04 3.32409540e-04 2.31913645e-04 1.88862301e-04 3.77051680e-04 1.11427457e-04 2.58140282e-03 3.77110466e-03 1.99562149e-04 5.80559371e-05 3.87331238e-05 1.02548008e-04 2.75617087e-05 4.50567488e-05 1.01933459e-04 6.40362909e-05 1.11376810e-04 1.35084689e-04 8.47917921e-05 6.35901398e-05 4.48607570e-06 8.58477651e-06 5.83076326e-06 2.19313461e-05 4.74317785e-06 1.49094504e-05 3.67263337e-05 3.45301727e-05 1.01899248e-05 3.95333746e-05 3.13539495e-05 1.32017769e-05 3.43915967e-05 3.91365279e-05 9.06941568e-06 3.25236391e-05 6.56045767e-05 2.10576793e-05 1.68392223e-04 3.30433451e-04 1.32173380e-05 8.83639595e-05 1.40547854e-06 2.30491787e-05 1.80899441e-04 3.58821898e-04 5.95860356e-05 1.22379410e-04 1.75403446e-05 4.18657712e-06 7.72958590e-06 2.88550591e-06 8.00675640e-08 1.00391728e-09 5.11816978e-11
 2008 07 08 12 00 00  3.50430629e-03 2.12648441e-03 1.16259239e-03 8.18287116e-04 5.73768302e-04 3.31921298e-04 2.31459874e-04 1.88375247e-04 3.75783468e-04 1.11200329e-04 2.57118968e-03 3.74985598e-03 1.99141502e-04 5.80259111e-05 3.86815320e-05 1.02188103e-04 2.74372753e-05 4.47396887e-05 1.01829851e-04 6.40708953e-05 1.10717932e-04 1.34243483e-04 8.44559740e-05 6.34727158e-05 4.47717939e-06 8.58493877e-06 5.82722860e-06 2.18952601e-05 4.74397093e-06 1.48872917e-05 3.65829429e-05 3.44787986e-05 1.00871235e-05 3.93953629e-05 3.14002478e-05 1.31848428e-05 3.41188134e-05 3.87278348e-05 9.06955174e-06 3.23790711e-05 6.47502822e-05 2.10871483e-05 1.66810895e-04 3.30858904e-04 1.32343562e-05 8.71323214e-05 7.23027370e-07 2.31064274e-05 1.78592590e-04 3.56573430e-04 5.93560359e-05 1.20444362e-04 1.75298035e-05 4.18278687e-06 7.72104083e-06 2.88216036e-06 8.00870595e-08 1.01790049e-09 5.27816457e-11
 2008 07 09 12 00 00  3.50221584e-03 2.12495601e-03 1.16163768e-03 8.17579527e-04 5.73142180e-04 3.31669904e-04 2.31201002e-04 1.88085414e-04 3.75031845e-04 1.10967126e-04 2.56517841e-03 3.73922922e-03 1.98813659e-04 5.79234173e-05 3.86288337e-05 1.01948762e-04 2.73694779e-05 4.45743208e-05 1.01597818e-04 6.39433041e-05 1.10381585e-04 1.33814014e-04 8.42713565e-05 6.33911742e-05 4.47237981e-06 8.59290813e-06 5.82543180e-06 2.18703807e-05 4.74123226e-06 1.48688294e-05 3.64868933e-05 3.44511558e-05 1.00307981e-05 3.93059320e-05 3.12392454e-05 1.31763169e-05 3.39372883e-05 3.84821294e-05 9.07618960e-06 3.22501623e-05 6.42107130e-05 2.09800259e-05 1.65914394e-04 3.29373534e-04 1.31749414e-05 8.59808461e-05 3.63140316e-07 2.28992969e-05 1.76704020e-04 3.54649298e-04 5.89221373e-05 1.19582930e-04 1.78268499e-05 4.29086444e-06 7.97096586e-06 3.05546520e-06 8.83755867e-08 1.48513020e-09 9.60402868e-11
 2008 07 10 12 00 00  3.51520157e-03 2.13251322e-03 1.16650780e-03 8.21460879e-04 5.76719308e-04 3.33375568e-04 2.32838154e-04 1.89865092e-04 3.79676361e-04 1.12003615e-04 2.60251606e-03 3.81359719e-03 2.00516820e-04 5.81984132e-05 3.88619017e-05 1.03302068e-04 2.77969812e-05 4.56742127e-05 1.02291417e-04 6.41084916e-05 1.12677612e-04 1.36745509e-04 8.54683002e-05 6.38455024e-05 4.50301268e-06 8.58377898e-06 5.83776273e-06 2.20048986e-05 4.74499502e-06 1.49574762e-05 3.70216023e-05 3.46281653e-05 1.03835315e-05 3.98244156e-05 3.14590638e-05 1.32354980e-05 3.49636733e-05 3.99664704e-05 9.06860005e-06 3.28700162e-05 6.73517436e-05 2.11205028e-05 1.71587100e-04 3.31394280e-04 1.32557712e-05 9.13164681e-05 2.72492962e-06 2.31720784e-05 1.85972168e-04 3.63867898e-04 6.03212570e-05 1.26003797e-04 1.73923331e-05 4.13302666e-06 7.60722174e-06 2.81790008e-06 7.80343125e-08 9.75433734e-10 5.05855302e-11
 2008 07 11 12 00 00  3.51313203e-03 2.13102398e-03 1.16557594e-03 8.20767581e-04 5.76104494e-04 3.33124764e-04 2.32581663e-04 1.89578755e-04 3.78933249e-04 1.11778019e-04 2.59656632e-03 3.80297005e-03 2.00196780e-04 5.81023494e-05 3.88111582e-05 1.03067198e-04 2.77296611e-05 4.55094239e-05 1.02074296e-04 6.39913022e-05 1.12341742e-04 1.36316788e-04 8.52848331e-05 6.37625481e-05 4.49824329e-06 8.58725325e-06 5.83596884e-06 2.19802692e-05 4.74244443e-06 1.49395351e-05 3.69267064e-05 3.46006942e-05 1.03276303e-05 3.97340543e-05 3.13093304e-05 1.32269764e-05 3.47846540e-05 3.97234745e-05 9.07149733e-06 3.27395841e-05 6.68197893e-05 2.10218263e-05 1.70677637e-04 3.30014065e-04 1.32005626e-05 9.01754905e-05 2.36664237e-06 2.29810903e-05 1.84135913e-04 3.61987808e-04 5.99105266e-05 1.25009483e-04 1.74969282e-05 4.17115057e-06 7.69571228e-06 2.88314113e-06 8.14244896e-08 1.18591450e-09 7.05320746e-11
 2008 07 12 12 00 00  3.50773516e-03 2.12818000e-03 1.16371388e-03 8.19205848e-04 5.74625994e-04 3.32388487e-04 2.31891045e-04 1.88834217e-04 3.76997331e-04 1.11406834e-04 2.58098892e-03 3.77109498e-03 1.99535116e-04 5.80342007e-05 3.87266965e-05 1.02509163e-04 2.75393744e-05 4.50293766e-05 1.01868891e-04 6.40055048e-05 1.11348541e-04 1.35049192e-04 8.47754544e-05 6.35701889e-05 4.48466999e-06 8.57612977e-06 5.83064721e-06 2.19228272e-05 4.74285916e-06 1.49039756e-05 3.67031271e-05 3.45223554e-05 1.01702171e-05 3.95126045e-05 3.13330209e-05 1.32015353e-05 3.43602548e-05 3.90957735e-05 9.06224741e-06 3.24897475e-05 6.54996369e-05 2.10346625e-05 1.68197489e-04 3.30228963e-04 1.32091585e-05 8.81238429e-05 1.33079584e-06 2.30064979e-05 1.80454737e-04 3.58336752e-04 5.94784065e-05 1.21681189e-04 1.69837145e-05 3.98469123e-06 7.26583991e-06 2.60040210e-06 6.89701007e-08 5.60501379e-10 1.44442402e-11
 2008 07 13 12 00 00  3.51166349e-03 2.13083002e-03 1.16538594e-03 8.20448926e-04 5.75726692e-04 3.32871890e-04 2.32375012e-04 1.89368366e-04 3.78397585e-04 1.11794247e-04 2.59222356e-03 3.79233994e-03 2.00108117e-04 5.81762466e-05 3.88129316e-05 1.02927394e-04 2.76555540e-05 4.53363144e-05 1.02188361e-04 6.41603547e-05 1.11997318e-04 1.35877274e-04 8.51237453e-05 6.37223445e-05 4.49304680e-06 8.57997002e-06 5.83413967e-06 2.19640914e-05 4.74643348e-06 1.49329225e-05 3.68659535e-05 3.45708395e-05 1.02657337e-05 3.96786315e-05 3.15415295e-05 1.32183792e-05 3.46784978e-05 3.95362165e-05 9.06544810e-06 3.27215148e-05 6.64435173e-05 2.11667386e-05 1.69902214e-04 3.32144308e-04 1.32857723e-05 9.00199138e-05 1.98563848e-06 2.32632083e-05 1.83511139e-04 3.61469419e-04 6.00960048e-05 1.23665071e-04 1.71118601e-05 4.03135668e-06 7.37395056e-06 2.67770175e-06 7.28294022e-08 7.89704457e-10 3.59411861e-11
 2008 07 14 12 00 00  3.52076978e-03 2.13588891e-03 1.16866959e-03 8.23113140e-04 5.78205440e-04 3.34086989e-04 2.33527984e-04 1.90615671e-04 3.81653820e-04 1.12470740e-04 2.61841976e-03 3.84545848e-03 2.01262271e-04 5.83265200e-05 3.89651965e-05 1.03863473e-04 2.79586180e-05 4.61191463e-05 1.02590042e-04 6.42016588e-05 1.13634739e-04 1.37967560e-04 8.59702256e-05 6.40412891e-05 4.51478336e-06 8.58638450e-06 5.84293557e-06 2.20573281e-05 4.74743647e-06 1.49924473e-05 3.72356092e-05 3.46964778e-05 1.05156665e-05 4.00438181e-05 3.15997488e-05 1.32606277e-05 3.53891580e-05 4.05759374e-05 9.07078866e-06 3.31460251e-05 6.86308013e-05 2.12023748e-05 1.73946004e-04 3.32677558e-04 1.33071023e-05 9.35873861e-05 3.66497625e-06 2.33327344e-05 1.89750599e-04 3.67666592e-04 6.09278853e-05 1.28607210e-04 1.73551191e-05 4.11985257e-06 7.57853786e-06 2.81891348e-06 7.95374547e-08 1.16457131e-09 7.05708825e-11
 2008 07 15 12 00 00  3.52131994e-03 2.13706764e-03 1.16934465e-03 8.23456205e-04 5.78424243e-04 3.34086324e-04 2.33574155e-04 1.90685622e-04 3.81843893e-04 1.12690794e-04 2.61989560e-03 3.84545662e-03 2.01472958e-04 5.84808209e-05 3.90128752e-05 1.03951264e-04 2.79537664e-05 4.61132004e-05 1.02890503e-04 6.44614105e-05 1.13628825e-04 1.37959848e-04 8.59914099e-05 6.40865053e-05 4.51447777e-06 8.58466155e-06 5.84291010e-06 2.20659273e-05 4.75338420e-06 1.50029926e-05 3.72684466e-05 3.46947811e-05 1.05113832e-05 4.00810365e-05 3.19469924e-05 1.32605739e-05 3.54577732e-05 4.06290360e-05 9.06935966e-06 3.32593830e-05 6.87781501e-05 2.14235246e-05 1.74116986e-04 3.35868770e-04 1.34347508e-05 9.44974339e-05 3.64874795e-06 2.37623215e-05 1.90869345e-04 3.68946600e-04 6.14712920e-05 1.28562351e-04 1.72577428e-05 4.08451360e-06 7.49725748e-06 2.76771747e-06 7.74484196e-08 1.07261182e-09 6.26681373e-11
 2008 07 16 12 00 00  3.51267355e-03 2.13025482e-03 1.16512873e-03 8.20459386e-04 5.75842267e-04 3.33093841e-04 2.32523372e-04 1.89499573e-04 3.78750784e-04 1.11629795e-04 2.59516238e-03 3.80295590e-03 2.00043979e-04 5.79874507e-05 3.87760877e-05 1.02962482e-04 2.76990759e-05 4.54719382e-05 1.01817183e-04 6.38065452e-05 1.12302818e-04 1.36268176e-04 8.52492413e-05 6.37061743e-05 4.49631843e-06 8.57068735e-06 5.83580986e-06 2.19627234e-05 4.73879481e-06 1.49257616e-05 3.68746438e-05 3.45899898e-05 1.03006401e-05 3.96808876e-05 3.10927600e-05 1.32266432e-05 3.47009987e-05 3.96343533e-05 9.05773559e-06 3.26237911e-05 6.65847821e-05 2.08693324e-05 1.70272749e-04 3.28005497e-04 1.31202199e-05 8.93296536e-05 2.26436532e-06 2.26879172e-05 1.82876759e-04 3.60572187e-04 5.94597776e-05 1.23940590e-04 1.66463565e-05 3.86231377e-06 6.98463056e-06 2.42634563e-06 6.21029853e-08 3.37573347e-10 1.00000000e-10
 2008 07 17 12 00 00  3.51521560e-03 2.13279896e-03 1.16666395e-03 8.21444111e-04 5.76630657e-04 3.33337296e-04 2.32815736e-04 1.89842350e-04 3.79653601e-04 1.12051756e-04 2.60234604e-03 3.81357782e-03 2.00550315e-04 5.82206306e-05 3.88692486e-05 1.03266984e-04 2.77547399e-05 4.56224370e-05 1.02297829e-04 6.41559309e-05 1.12624446e-04 1.36678369e-04 8.54470292e-05 6.38330082e-05 4.50035368e-06 8.57472041e-06 5.83754372e-06 2.19934031e-05 4.74670705e-06 1.49517280e-05 3.69919136e-05 3.46133835e-05 1.03462575e-05 3.98064655e-05 3.15552636e-05 1.32350397e-05 3.49343359e-05 3.99140404e-05 9.06109271e-06 3.28639094e-05 6.72208086e-05 2.11660736e-05 1.71337450e-04 3.32258731e-04 1.32903493e-05 9.12423648e-05 2.58367818e-06 2.32638864e-05 1.85609986e-04 3.63523210e-04 6.03426875e-05 1.25062839e-04 1.68033332e-05 3.91940971e-06 7.11657442e-06 2.51680022e-06 6.63567848e-08 5.12594034e-10 1.23642596e-11
 2008 07 18 12 00 00  3.51861881e-03 2.13434653e-03 1.16770385e-03 8.22357240e-04 5.77513886e-04 3.33818010e-04 2.33253504e-04 1.90307465e-04 3.80869797e-04 1.12232832e-04 2.61215301e-03 3.83482352e-03 2.00924578e-04 5.82167244e-05 3.89104338e-05 1.03598019e-04 2.78718886e-05 4.59305680e-05 1.02329406e-04 6.40660524e-05 1.13274292e-04 1.37507996e-04 8.57732027e-05 6.39415136e-05 4.50879161e-06 8.58026833e-06 5.84104055e-06 2.20254870e-05 4.74474400e-06 1.49700783e-05 3.71208937e-05 3.46622110e-05 1.04426312e-05 3.99358378e-05 3.14400473e-05 1.32518937e-05 3.51845039e-05 4.02991491e-05 9.06571149e-06 3.29879106e-05 6.80123313e-05 2.10903265e-05 1.72861185e-04 3.31196912e-04 1.32478765e-05 9.22617509e-05 3.24177236e-06 2.31172424e-05 1.87563478e-04 3.65403242e-04 6.04414795e-05 1.27044022e-04 1.70224555e-05 3.99910157e-06 7.30069406e-06 2.64254693e-06 7.22366714e-08 8.34422231e-10 4.19327767e-11
 2008 07 19 12 00 00  3.51866286e-03 2.13446213e-03 1.16776945e-03 8.22382666e-04 5.77523701e-04 3.33814792e-04 2.33255269e-04 1.90311067e-04 3.80882816e-04 1.12253989e-04 2.61225422e-03 3.83482203e-03 2.00943816e-04 5.82306589e-05 3.89147797e-05 1.03601994e-04 2.78680061e-05 4.59258154e-05 1.02353754e-04 6.40903134e-05 1.13269898e-04 1.37501834e-04 8.57730960e-05 6.39571457e-05 4.50854750e-06 8.59777938e-06 5.84102054e-06 2.20264059e-05 4.74534863e-06 1.49704260e-05 3.71215213e-05 3.46608518e-05 1.04392064e-05 3.99483769e-05 3.14750796e-05 1.32518529e-05 3.51893447e-05 4.02998794e-05 9.08028305e-06 3.30203314e-05 6.80146968e-05 2.11113977e-05 1.72947488e-04 3.31517322e-04 1.32606929e-05 9.23387911e-05 3.22879569e-06 2.31584345e-05 1.87620950e-04 3.65531844e-04 6.04858115e-05 1.27539394e-04 1.77454759e-05 4.26197380e-06 7.90764235e-06 3.05246737e-06 9.10793190e-08 1.84188300e-09 1.33912470e-10
 2008 07 20 12 00 00  3.51695560e-03 2.13372163e-03 1.16726757e-03 8.21918845e-04 5.77064160e-04 3.33567347e-04 2.33031844e-04 1.90073781e-04 3.80268691e-04 1.12168962e-04 2.60729964e-03 3.82419527e-03 2.00760017e-04 5.82354413e-05 3.88951225e-05 1.03429304e-04 2.78016611e-05 4.57622198e-05 1.02338885e-04 6.41415885e-05 1.12935159e-04 1.37074661e-04 8.56057451e-05 6.38990531e-05 4.50383959e-06 8.59219726e-06 5.83923211e-06 2.20080692e-05 4.74654189e-06 1.49600542e-05 3.70504513e-05 3.46337183e-05 1.03841616e-05 3.98792925e-05 3.15446232e-05 1.32433401e-05 3.50575237e-05 4.00968263e-05 9.07564245e-06 3.29541291e-05 6.75926871e-05 2.11552106e-05 1.72130521e-04 3.32155838e-04 1.32862335e-05 9.18013430e-05 2.87376006e-06 2.32436403e-05 1.86564457e-04 3.64509806e-04 6.04353932e-05 1.26345808e-04 1.74879518e-05 4.16841108e-06 7.69193830e-06 2.91059689e-06 8.48303490e-08 1.52810538e-09 1.05773101e-10
 2008 07 21 12 00 00  3.52038521e-03 2.13531056e-03 1.16833150e-03 8.22849620e-04 5.77963035e-04 3.34050440e-04 2.33473176e-04 1.90543563e-04 3.81495269e-04 1.12357979e-04 2.61718937e-03 3.84544171e-03 2.01142503e-04 5.82373411e-05 3.89380860e-05 1.03766618e-04 2.79212400e-05 4.60733252e-05 1.02383080e-04 6.40609767e-05 1.13588046e-04 1.37908142e-04 8.59343101e-05 6.40100397e-05 4.51243031e-06 8.59753854e-06 5.84274130e-06 2.20412399e-05 4.74477310e-06 1.49792786e-05 3.71831540e-05 3.46833956e-05 1.04826773e-05 4.00111060e-05 3.14408971e-05 1.32602217e-05 3.53129363e-05 4.04878017e-05 9.08008878e-06 3.30830633e-05 6.83995479e-05 2.10872153e-05 1.73675174e-04 3.31200135e-04 1.32480054e-05 9.28699212e-05 3.53996802e-06 2.31119615e-05 1.88594467e-04 3.66470515e-04 6.05584157e-05 1.28351052e-04 1.76951495e-05 4.24377570e-06 7.86610799e-06 3.03010277e-06 9.04575998e-08 1.83898248e-09 1.34405664e-10
 2008 07 22 12 00 00  3.51602705e-03 2.13182467e-03 1.16617872e-03 8.21331215e-04 5.76661640e-04 3.33554432e-04 2.32945490e-04 1.89947123e-04 3.79938556e-04 1.11813105e-04 2.60473428e-03 3.82419154e-03 2.00414979e-04 5.79824975e-05 3.88171240e-05 1.03267925e-04 2.77943764e-05 4.57532937e-05 1.01834506e-04 6.37192570e-05 1.12925584e-04 1.37063081e-04 8.55619840e-05 6.38153182e-05 4.50338084e-06 8.58849889e-06 5.83919391e-06 2.19890689e-05 4.73706386e-06 1.49400675e-05 3.69833103e-05 3.46311717e-05 1.03777355e-05 3.98076617e-05 3.09901225e-05 1.32432615e-05 3.49298473e-05 3.99873513e-05 9.07256981e-06 3.27552304e-05 6.72944904e-05 2.07972320e-05 1.71731661e-04 3.27053825e-04 1.30821530e-05 9.02277755e-05 2.84940288e-06 2.25492709e-05 1.84535972e-04 3.62203965e-04 5.95234113e-05 1.25973299e-04 1.72970737e-05 4.09910641e-06 7.53237786e-06 2.80820522e-06 8.05076240e-08 1.32564786e-09 8.80051865e-11
 2008 07 23 12 00 00  3.51127913e-03 2.13032062e-03 1.16508615e-03 8.20180622e-04 5.75461674e-04 3.32824355e-04 2.32314201e-04 1.89290554e-04 3.78233755e-04 1.11693500e-04 2.59094025e-03 3.79231758e-03 1.99997200e-04 5.80948855e-05 3.87883071e-05 1.02821433e-04 2.76060338e-05 4.52756183e-05 1.01991511e-04 6.40349812e-05 1.11935272e-04 1.35798568e-04 8.50815699e-05 6.36848865e-05 4.48992942e-06 8.58552667e-06 5.83388282e-06 2.19445394e-05 4.74417866e-06 1.49180947e-05 3.68032950e-05 3.45535111e-05 1.02220351e-05 3.96390796e-05 3.14061792e-05 1.32178408e-05 3.45926816e-05 3.94326701e-05 9.07009744e-06 3.26522412e-05 6.61741456e-05 2.10650862e-05 1.69542313e-04 3.30881045e-04 1.32352418e-05 8.92736549e-05 1.82004478e-06 2.30689824e-05 1.82253258e-04 3.60166718e-04 5.97365803e-05 1.23048966e-04 1.71601926e-05 4.04937467e-06 7.41772067e-06 2.73275834e-06 7.71817756e-08 1.15844239e-09 7.30048244e-11
 2008 07 24 12 00 00  3.51154346e-03 2.13087204e-03 1.16540251e-03 8.20347200e-04 5.75572636e-04 3.32826158e-04 2.32337797e-04 1.89325705e-04 3.78326955e-04 1.11796822e-04 2.59166173e-03 3.79231758e-03 2.00096958e-04 5.81683553e-05 3.88109726e-05 1.02865903e-04 2.76060338e-05 4.52756183e-05 1.02137391e-04 6.41579973e-05 1.11935363e-04 1.35798568e-04 8.50929568e-05 6.37073196e-05 4.48992942e-06 8.58515486e-06 5.83388282e-06 2.19493312e-05 4.74694352e-06 1.49235042e-05 3.68205737e-05 3.45535111e-05 1.02220351e-05 3.96580421e-05 3.15679150e-05 1.32178408e-05 3.46273140e-05 3.94611867e-05 9.06978967e-06 3.27071766e-05 6.62525168e-05 2.11693943e-05 1.69638205e-04 3.32369102e-04 1.32947641e-05 8.97163616e-05 1.82004478e-06 2.32713312e-05 1.82813841e-04 3.60804008e-04 5.99983132e-05 1.23079410e-04 1.71455147e-05 4.04403681e-06 7.40538809e-06 2.72433920e-06 7.67883552e-08 1.13692789e-09 7.10286108e-11
 2008 07 25 12 00 00  3.50311357e-03 2.12445970e-03 1.16141762e-03 8.17491322e-04 5.73099597e-04 3.31843080e-04 2.31310976e-04 1.88173090e-04 3.75315066e-04 1.10811762e-04 2.56756043e-03 3.74982096e-03 1.98743655e-04 5.77305332e-05 3.85912426e-05 1.01920749e-04 2.73600832e-05 4.46450664e-05 1.01180441e-04 6.35942910e-05 1.10620858e-04 1.34120782e-04 8.43646380e-05 6.33602777e-05 4.47232014e-06 8.58983258e-06 5.82682806e-06 2.18535599e-05 4.73431064e-06 1.48519292e-05 3.64482240e-05 3.44517757e-05 1.00190031e-05 3.92874355e-05 3.08286923e-05 1.31840046e-05 3.39072624e-05 3.85018033e-05 9.07368158e-06 3.21404690e-05 6.41525494e-05 2.06917233e-05 1.66012592e-04 3.25566865e-04 1.30226746e-05 8.49764080e-05 4.64882214e-07 2.23448820e-05 1.75358055e-04 3.53078276e-04 5.81970497e-05 1.19189677e-04 1.73366689e-05 4.11354019e-06 7.56588895e-06 2.83301287e-06 8.18033342e-08 1.40652938e-09 9.56794421e-11
 2008 07 26 12 00 00  3.50370061e-03 2.12568101e-03 1.16211848e-03 8.17861700e-04 5.73347390e-04 3.31847526e-04 2.31363702e-04 1.88251521e-04 3.75522522e-04 1.11040712e-04 2.56916546e-03 3.74982134e-03 1.98964917e-04 5.78936416e-05 3.86415522e-05 1.02020035e-04 2.73605663e-05 4.46456630e-05 1.01505067e-04 6.38672267e-05 1.10621705e-04 1.34121557e-04 8.43901784e-05 6.34111346e-05 4.47235070e-06 8.59044812e-06 5.82683024e-06 2.18644288e-05 4.74043009e-06 1.48640166e-05 3.64869060e-05 3.44519503e-05 1.00194316e-05 3.93305598e-05 3.11867741e-05 1.31840105e-05 3.39846500e-05 3.85658309e-05 9.07419526e-06 3.22642256e-05 6.43283240e-05 2.09230304e-05 1.66235305e-04 3.28861777e-04 1.31544711e-05 8.59615758e-05 4.66507845e-07 2.27935176e-05 1.76608153e-04 3.54502381e-04 5.87786897e-05 1.19302381e-04 1.73570443e-05 4.12096067e-06 7.58308207e-06 2.84533697e-06 8.24206829e-08 1.44333461e-09 9.91345783e-11
 2008 07 27 12 00 00  3.50236627e-03 2.12569219e-03 1.16204859e-03 8.17635459e-04 5.73054003e-04 3.31606608e-04 2.31175987e-04 1.88066323e-04 3.75042671e-04 1.11097056e-04 2.56525000e-03 3.73919718e-03 1.98918917e-04 5.80000682e-05 3.86532060e-05 1.01913894e-04 2.72985955e-05 4.44874342e-05 1.01695815e-04 6.40876591e-05 1.10293041e-04 1.33701348e-04 8.42411613e-05 6.33981700e-05 4.46791819e-06 8.60213768e-06 5.82506436e-06 2.18551639e-05 4.74536428e-06 1.48618983e-05 3.64439520e-05 3.44263477e-05 9.96824674e-06 3.93003647e-05 3.14755132e-05 1.31755456e-05 3.39067019e-05 3.84094401e-05 9.08392030e-06 3.22985406e-05 6.40323994e-05 2.11097664e-05 1.65665876e-04 3.31518934e-04 1.32607574e-05 8.60924739e-05 1.26100713e-07 2.31556638e-05 1.76382650e-04 3.54470517e-04 5.90963949e-05 1.18779070e-04 1.78555809e-05 4.30217715e-06 8.00130430e-06 3.12556018e-06 9.51418578e-08 2.11157047e-09 1.59845537e-10
 2008 07 28 12 00 00  3.50225626e-03 2.12545644e-03 1.16191356e-03 8.17566814e-04 5.73010179e-04 3.31606747e-04 2.31166746e-04 1.88052318e-04 3.75004627e-04 1.11053034e-04 2.56495482e-03 3.73919755e-03 1.98876762e-04 5.79691715e-05 3.86436607e-05 1.01896316e-04 2.72995676e-05 4.44886246e-05 1.01635554e-04 6.40356506e-05 1.10294126e-04 1.33702895e-04 8.42369248e-05 6.33862787e-05 4.46797931e-06 8.59850043e-06 5.82506946e-06 2.18531828e-05 4.74417429e-06 1.48597878e-05 3.64372766e-05 3.44266824e-05 9.96910385e-06 3.92905077e-05 3.14060599e-05 1.31755558e-05 3.38925624e-05 3.83986160e-05 9.08089351e-06 3.22706422e-05 6.40025454e-05 2.10654995e-05 1.65611404e-04 3.30880598e-04 1.32352239e-05 8.59076902e-05 1.29352156e-07 2.30696824e-05 1.76158724e-04 3.54201945e-04 5.89875910e-05 1.18662801e-04 1.77058425e-05 4.24773461e-06 7.87559626e-06 3.04059500e-06 9.12316988e-08 1.90216247e-09 1.40718315e-10
 2008 07 29 12 00 00  3.50564333e-03 2.12693037e-03 1.16291223e-03 8.18473245e-04 5.73900695e-04 3.32093514e-04 2.31606685e-04 1.88518900e-04 3.76218922e-04 1.11221014e-04 2.57474957e-03 3.76044624e-03 1.99240215e-04 5.79571926e-05 3.86822933e-05 1.02230244e-04 2.74235150e-05 4.48050909e-05 1.01655665e-04 6.39307837e-05 1.10952174e-04 1.34543329e-04 8.45659198e-05 6.34859849e-05 4.47684506e-06 8.59209758e-06 5.82860157e-06 2.18859607e-05 4.74180088e-06 1.48787611e-05 3.65700574e-05 3.44778877e-05 1.00714758e-05 3.94135139e-05 3.12673190e-05 1.31924855e-05 3.41443088e-05 3.87899241e-05 9.07556605e-06 3.23749949e-05 6.48095289e-05 2.09764432e-05 1.67102144e-04 3.29604663e-04 1.31841865e-05 8.68614895e-05 8.10177698e-07 2.28968333e-05 1.78138361e-04 3.56059025e-04 5.90672107e-05 1.20362226e-04 1.74380054e-05 4.15036441e-06 7.65081893e-06 2.88927339e-06 8.43108729e-08 1.53473334e-09 1.07237708e-10
 2008 07 30 12 00 00  3.50689121e-03 2.12672378e-03 1.16287053e-03 8.18646735e-04 5.74163645e-04 3.32336050e-04 2.31788108e-04 1.88694137e-04 3.76670120e-04 1.11128420e-04 2.57844174e-03 3.77107151e-03 1.99252043e-04 5.78259177e-05 3.86629403e-05 1.02324141e-04 2.74879130e-05 4.49662941e-05 1.01418377e-04 6.36680867e-05 1.11284340e-04 1.34967392e-04 8.47124720e-05 6.35057170e-05 4.48143073e-06 8.59966822e-06 5.83038018e-06 2.18955585e-05 4.73586952e-06 1.48794638e-05 3.66095703e-05 3.45043431e-05 1.01248035e-05 3.94498976e-05 3.09205265e-05 1.32009751e-05 3.42146499e-05 3.89410536e-05 9.08186266e-06 3.23476678e-05 6.50894063e-05 2.07534802e-05 1.67749596e-04 3.26414928e-04 1.30565971e-05 8.66150931e-05 1.15869907e-06 2.24641626e-05 1.78204061e-04 3.55963214e-04 5.86641927e-05 1.21516872e-04 1.77711841e-05 4.27144932e-06 7.93014583e-06 3.07502463e-06 9.26419659e-08 1.96469463e-09 1.46105861e-10
 2008 07 31 12 00 00  3.50429022e-03 2.12686657e-03 1.16280050e-03 8.18238995e-04 5.73612929e-04 3.31857754e-04 2.31420633e-04 1.88334738e-04 3.75736532e-04 1.11264127e-04 2.57081233e-03 3.74982469e-03 1.99183330e-04 5.80561551e-05 3.86915686e-05 1.02126279e-04 2.73673650e-05 4.46539954e-05 1.01837151e-04 6.41372288e-05 1.10630262e-04 1.34132362e-04 8.44191098e-05 6.34576539e-05 4.47277853e-06 8.58319181e-06 5.82686589e-06 2.18765610e-05 4.74631888e-06 1.48770995e-05 3.65293027e-05 3.44543281e-05 1.00254307e-05 3.93714018e-05 3.15323501e-05 1.31840832e-05 3.40658781e-05 3.86378646e-05 9.06815185e-06 3.23780150e-05 6.45247378e-05 2.11504783e-05 1.66449653e-04 3.32046923e-04 1.32818769e-05 8.69596723e-05 4.89239301e-07 2.32338018e-05 1.77928282e-04 3.55967340e-04 5.93661433e-05 1.19278244e-04 1.70882281e-05 4.02315011e-06 7.35687830e-06 2.68822856e-06 7.48892440e-08 1.01752375e-09 5.96808769e-11
 2008 08 01 12 00 00  3.51003965e-03 2.13045773e-03 1.16509090e-03 8.20021725e-04 5.75235103e-04 3.32594677e-04 2.32141644e-04 1.89125037e-04 3.77795509e-04 1.11775073e-04 2.58734239e-03 3.78169864e-03 1.99979351e-04 5.82231421e-05 3.88065469e-05 1.02741912e-04 2.75557133e-05 4.51316708e-05 1.02237074e-04 6.42889878e-05 1.11621052e-04 1.35396872e-04 8.49426726e-05 6.36767340e-05 4.48622995e-06 8.59000138e-06 5.83217698e-06 2.19396291e-05 4.74966328e-06 1.49195967e-05 3.67744058e-05 3.45319859e-05 1.01811303e-05 3.96151403e-05 3.17283906e-05 1.32095040e-05 3.45346698e-05 3.93009408e-05 9.07381618e-06 3.26960257e-05 6.59428749e-05 2.12786079e-05 1.69028764e-04 3.33852659e-04 1.33541063e-05 8.95615234e-05 1.51859749e-06 2.34820109e-05 1.82339162e-04 3.60439687e-04 6.01477222e-05 1.22480517e-04 1.73883323e-05 4.13221392e-06 7.60846931e-06 2.85548243e-06 8.23868621e-08 1.40417531e-09 9.46262513e-11
 2008 08 02 12 00 00  3.50745660e-03 2.12783417e-03 1.16350989e-03 8.19010377e-04 5.74427014e-04 3.32350062e-04 2.31845020e-04 1.88776148e-04 3.76877416e-04 1.11338064e-04 2.58004138e-03 3.77107710e-03 1.99458124e-04 5.79788010e-05 3.87099590e-05 1.02429536e-04 2.74990802e-05 4.49799845e-05 1.01733104e-04 6.39212027e-05 1.11298419e-04 1.34985148e-04 8.47426186e-05 6.35523885e-05 4.48213359e-06 8.59456559e-06 5.83043839e-06 2.19085001e-05 4.74136032e-06 1.48926467e-05 3.66541060e-05 3.45082546e-05 1.01346588e-05 3.94914558e-05 3.12428951e-05 1.32010973e-05 3.42961813e-05 3.90160182e-05 9.07761132e-06 3.24586488e-05 6.52923363e-05 2.09664504e-05 1.67987886e-04 3.29387168e-04 1.31754867e-05 8.75835491e-05 1.19604802e-06 2.28762583e-05 1.79509164e-04 3.57407541e-04 5.92238072e-05 1.21609044e-04 1.75947123e-05 4.20720430e-06 7.78140134e-06 2.96975073e-06 8.74588917e-08 1.66188343e-09 1.17817900e-10
 2008 08 03 12 00 00  3.51014319e-03 2.13062165e-03 1.16518636e-03 8.20091760e-04 5.75297220e-04 3.32603317e-04 2.32155625e-04 1.89143626e-04 3.77837221e-04 1.11806772e-04 2.58766683e-03 3.78170311e-03 2.00012445e-04 5.82476186e-05 3.88140095e-05 1.02766748e-04 2.75644561e-05 4.51423839e-05 1.02292275e-04 6.43279927e-05 1.11631861e-04 1.35410774e-04 8.49516588e-05 6.36818995e-05 4.48678002e-06 8.58289277e-06 5.83222209e-06 2.19433367e-05 4.75043125e-06 1.49229495e-05 3.67875030e-05 3.45350447e-05 1.01888450e-05 3.96209760e-05 3.17739585e-05 1.32095985e-05 3.45538205e-05 3.93227715e-05 9.06789937e-06 3.27075251e-05 6.60004941e-05 2.13107749e-05 1.69074353e-04 3.34275380e-04 1.33710152e-05 8.97489758e-05 1.54783193e-06 2.35438391e-05 1.82637670e-04 3.60736945e-04 6.02470893e-05 1.22388574e-04 1.71010146e-05 4.02773720e-06 7.36716854e-06 2.69163889e-06 7.47931207e-08 9.93499971e-10 5.70157643e-11
 2008 08 04 12 00 00  3.50361171e-03 2.12537847e-03 1.16194880e-03 8.17818132e-04 5.73354220e-04 3.31864139e-04 2.31366681e-04 1.88251264e-04 3.75504614e-04 1.10986700e-04 2.56901848e-03 3.74983028e-03 1.98918978e-04 5.78617037e-05 3.86314527e-05 1.02022507e-04 2.73795013e-05 4.46688704e-05 1.01460668e-04 6.38088735e-05 1.10645295e-04 1.34151651e-04 8.43961600e-05 6.34037595e-05 4.47354287e-06 8.58670828e-06 5.82692846e-06 2.18676044e-05 4.73878099e-06 1.48649305e-05 3.64940353e-05 3.44585744e-05 1.00361402e-05 3.93279215e-05 3.10923700e-05 1.31842156e-05 3.39859894e-05 3.85800894e-05 9.07107606e-06 3.22390829e-05 6.43621030e-05 2.08707599e-05 1.66276876e-04 3.28004042e-04 1.31201617e-05 8.58499094e-05 5.29825047e-07 2.26903372e-05 1.76599409e-04 3.54436030e-04 5.86903157e-05 1.19438159e-04 1.72514031e-05 4.08243222e-06 7.49353987e-06 2.77799643e-06 7.88347492e-08 1.21497592e-09 7.73706488e-11
 2008 08 05 12 00 00  3.51516958e-03 2.13271552e-03 1.16661703e-03 8.21416936e-04 5.76610761e-04 3.33333965e-04 2.32810947e-04 1.89836362e-04 3.79639224e-04 1.12036707e-04 2.60221361e-03 3.81357633e-03 2.00536286e-04 5.82132387e-05 3.88669082e-05 1.03258781e-04 2.77513405e-05 4.56182694e-05 1.02288831e-04 6.41432474e-05 1.12620575e-04 1.36672964e-04 8.54433131e-05 6.38394499e-05 4.50014013e-06 8.59087231e-06 5.83752590e-06 2.19928778e-05 4.74628396e-06 1.49504125e-05 3.69848515e-05 3.46121931e-05 1.03432583e-05 3.98122556e-05 3.15313548e-05 1.32350033e-05 3.49269928e-05 3.99059105e-05 9.07454159e-06 3.28753453e-05 6.71992423e-05 2.11541745e-05 1.71385118e-04 3.32043206e-04 1.32817282e-05 9.11698481e-05 2.57231259e-06 2.32400736e-05 1.85497326e-04 3.63449398e-04 6.03098275e-05 1.25476111e-04 1.74234271e-05 4.14497545e-06 7.63794542e-06 2.87551383e-06 8.33164766e-08 1.45453973e-09 9.92409599e-11
 2008 08 06 12 00 00  3.51205810e-03 2.13183054e-03 1.16595593e-03 8.20683077e-04 5.75831178e-04 3.32846871e-04 2.32394371e-04 1.89405211e-04 3.78520907e-04 1.11978857e-04 2.59315994e-03 3.79232615e-03 2.00278566e-04 5.83032586e-05 3.88523684e-05 1.02969314e-04 2.76249688e-05 4.52988257e-05 1.02422371e-04 6.43792679e-05 1.11959677e-04 1.35828663e-04 8.51249324e-05 6.37656085e-05 4.49112122e-06 8.60097934e-06 5.83398105e-06 2.19647375e-05 4.75162415e-06 1.49367437e-05 3.68682601e-05 3.45601351e-05 1.02387436e-05 3.97107736e-05 3.18435050e-05 1.32180459e-05 3.47099909e-05 3.95414969e-05 9.08295333e-06 3.28338014e-05 6.64667720e-05 2.13545864e-05 1.70003075e-04 3.34913918e-04 1.33965567e-05 9.06301245e-05 1.88336162e-06 2.36290434e-05 1.84081253e-04 3.62250980e-04 6.05047209e-05 1.23898641e-04 1.78369346e-05 4.29532590e-06 7.98513641e-06 3.11053203e-06 9.41575273e-08 2.03702091e-09 1.52491630e-10
 2008 08 07 12 00 00  3.50920328e-03 2.12868893e-03 1.16407641e-03 8.19496015e-04 5.74891532e-04 3.32592921e-04 2.32069035e-04 1.89015674e-04 3.77502145e-04 1.11443877e-04 2.58507787e-03 3.78170088e-03 1.99660425e-04 5.79875037e-05 3.87338322e-05 1.02604258e-04 2.75600818e-05 4.51370259e-05 1.01770320e-04 6.38937461e-05 1.11626078e-04 1.35403824e-04 8.49088990e-05 6.36019271e-05 4.48650499e-06 8.58509666e-06 5.83219953e-06 2.19251663e-05 4.74077387e-06 1.49030679e-05 3.67233422e-05 3.45335138e-05 1.01849881e-05 3.95524913e-05 3.12084187e-05 1.32095520e-05 3.44277297e-05 3.92158040e-05 9.06974019e-06 3.25133543e-05 6.57076969e-05 2.09434293e-05 1.68716575e-04 3.29068996e-04 1.31627598e-05 8.81654965e-05 1.53321471e-06 2.28317600e-05 1.80600596e-04 3.58433222e-04 5.93148741e-05 1.22221959e-04 1.71460664e-05 4.04422993e-06 7.40579870e-06 2.72419800e-06 7.67519648e-08 1.13274916e-09 7.05913161e-11
 2008 08 08 12 00 00  3.50992617e-03 2.13022145e-03 1.16495525e-03 8.19950011e-04 5.75187110e-04 3.32593900e-04 2.32131452e-04 1.89109838e-04 3.77755284e-04 1.11730742e-04 2.58703215e-03 3.78169864e-03 1.99936468e-04 5.81914004e-05 3.87967596e-05 1.02722691e-04 2.75557133e-05 4.51316708e-05 1.02173523e-04 6.42359024e-05 1.11620734e-04 1.35396872e-04 8.49377831e-05 6.36593537e-05 4.48622995e-06 8.57977575e-06 5.83217698e-06 2.19368797e-05 4.74847948e-06 1.49172686e-05 3.67667697e-05 3.45319859e-05 1.01811303e-05 3.96005040e-05 3.16591002e-05 1.32095040e-05 3.45187225e-05 3.92881342e-05 9.06531641e-06 3.26582654e-05 6.59081359e-05 2.12336730e-05 1.68935067e-04 3.33214859e-04 1.33285944e-05 8.93643583e-05 1.51859749e-06 2.33948915e-05 1.82097663e-04 3.60131009e-04 6.00347429e-05 1.22099302e-04 1.68977042e-05 3.95400193e-06 7.19781378e-06 2.58776752e-06 7.07692347e-08 8.34415181e-10 4.38921177e-11
 2008 08 09 12 00 00  3.51649912e-03 2.13557896e-03 1.16825783e-03 8.22247691e-04 5.77138185e-04 3.33328961e-04 2.32921644e-04 1.90005346e-04 3.80100228e-04 1.12571834e-04 2.60577175e-03 3.81356925e-03 2.01049075e-04 5.85918043e-05 3.89838196e-05 1.03470165e-04 2.77358078e-05 4.55992296e-05 1.03031394e-04 6.47802197e-05 1.12601071e-04 1.36648273e-04 8.54925591e-05 6.39358294e-05 4.49916224e-06 8.56991901e-06 5.83744513e-06 2.20117257e-05 4.76072928e-06 1.49754674e-05 3.70588294e-05 3.46067565e-05 1.03295490e-05 3.98914896e-05 3.23755550e-05 1.32348330e-05 3.50877689e-05 4.00289134e-05 9.05711713e-06 3.31278315e-05 6.75431500e-05 2.16953311e-05 1.71692943e-04 3.39805937e-04 1.35922375e-05 9.33512552e-05 2.52036134e-06 2.42905502e-05 1.88182451e-04 3.66476706e-04 6.16361033e-05 1.24789015e-04 1.64643689e-05 3.79651719e-06 6.83451124e-06 2.34610749e-06 5.99258456e-08 3.28803784e-10 1.00000000e-10
 2008 08 10 12 00 00  3.51455763e-03 2.13155766e-03 1.16594996e-03 8.21021275e-04 5.76312534e-04 3.33311315e-04 2.32745646e-04 1.89744391e-04 3.79412580e-04 1.11817765e-04 2.60044877e-03 3.81356701e-03 2.00319581e-04 5.80543831e-05 3.88180799e-05 1.03139312e-04 2.77309533e-05 4.55932837e-05 1.01960394e-04 6.38815050e-05 1.12594352e-04 1.36640564e-04 8.54064092e-05 6.37709230e-05 4.49885665e-06 8.57340128e-06 5.83742039e-06 2.19753041e-05 4.74059598e-06 1.49350430e-05 3.69283688e-05 3.46050569e-05 1.03252663e-05 3.97512337e-05 3.11974320e-05 1.32347806e-05 3.48299666e-05 3.98133648e-05 9.06001587e-06 3.27259091e-05 6.69521934e-05 2.09338541e-05 1.70968256e-04 3.28964782e-04 1.31585913e-05 9.00894352e-05 2.50413323e-06 2.28137025e-05 1.84020322e-04 3.61759253e-04 5.97149130e-05 1.24534676e-04 1.66091210e-05 3.84914298e-06 6.95600751e-06 2.42803156e-06 6.36821584e-08 4.74565343e-10 1.15148835e-11
 2008 08 11 12 00 00  3.50919850e-03 2.12879063e-03 1.16413287e-03 8.19485317e-04 5.74852910e-04 3.32574879e-04 2.32058840e-04 1.89005833e-04 3.77492024e-04 1.11461535e-04 2.58497774e-03 3.78169157e-03 1.99673108e-04 5.79992515e-05 3.87375783e-05 1.02588694e-04 2.75401748e-05 4.51126252e-05 1.01785561e-04 6.39169535e-05 1.11600910e-04 1.35372183e-04 8.48984130e-05 6.35917563e-05 4.48525243e-06 8.57626947e-06 5.83209621e-06 2.19194338e-05 4.74138433e-06 1.49002521e-05 3.67061063e-05 3.45265464e-05 1.01674217e-05 3.95412945e-05 3.12435877e-05 1.32093337e-05 3.44113198e-05 3.91900388e-05 9.06240311e-06 3.25027847e-05 6.56438556e-05 2.09638412e-05 1.68570119e-04 3.29389720e-04 1.31755888e-05 8.81101737e-05 1.46664615e-06 2.28718258e-05 1.80424343e-04 3.58249932e-04 5.93273782e-05 1.21669792e-04 1.67198122e-05 3.88940631e-06 7.04906505e-06 2.49196397e-06 6.66983478e-08 6.41614772e-10 2.69107292e-11
 2008 08 12 12 00 00  3.50984528e-03 2.13016619e-03 1.16492132e-03 8.19890478e-04 5.75114967e-04 3.32575332e-04 2.32114194e-04 1.89089397e-04 3.77717413e-04 1.11718763e-04 2.58672204e-03 3.78169008e-03 1.99920191e-04 5.81810994e-05 3.87937260e-05 1.02693748e-04 2.75358121e-05 4.51072730e-05 1.02143058e-04 6.42224506e-05 1.11595606e-04 1.35365246e-04 8.49240188e-05 6.36443543e-05 4.48497740e-06 8.57307678e-06 5.83207366e-06 2.19298657e-05 4.74830958e-06 1.49128702e-05 3.67451011e-05 3.45250213e-05 1.01635676e-05 3.95849983e-05 3.16483289e-05 1.32092871e-05 3.44926894e-05 3.92541979e-05 9.05974666e-06 3.26346807e-05 6.58216252e-05 2.12233557e-05 1.68771449e-04 3.33111541e-04 1.33244616e-05 8.91826513e-05 1.45204376e-06 2.33755767e-05 1.81756299e-04 3.59767357e-04 5.99691359e-05 1.21616079e-04 1.65812831e-05 3.83905710e-06 6.93289296e-06 2.41444665e-06 6.32024815e-08 4.59729876e-10 1.04305453e-11
 2008 08 13 12 00 00  3.51077734e-03 2.13213252e-03 1.16604902e-03 8.20476338e-04 5.75499013e-04 3.32578174e-04 2.32195474e-04 1.89211525e-04 3.78044371e-04 1.12086920e-04 2.58924893e-03 3.78168821e-03 2.00274778e-04 5.84426783e-05 3.88744482e-05 1.02847646e-04 2.75319238e-05 4.51025116e-05 1.02660753e-04 6.46611326e-05 1.11591137e-04 1.35359069e-04 8.49621647e-05 6.37249716e-05 4.48473256e-06 8.57475970e-06 5.83205328e-06 2.19459677e-05 4.75818924e-06 1.49314136e-05 3.68028989e-05 3.45236564e-05 1.01601399e-05 3.96526100e-05 3.22261418e-05 1.32092464e-05 3.46122369e-05 3.93500623e-05 9.06114728e-06 3.28327765e-05 6.60862295e-05 2.15954846e-05 1.69105327e-04 3.38426930e-04 1.35370772e-05 9.07376432e-05 1.43905218e-06 2.40975787e-05 1.83700416e-04 3.61995755e-04 6.08952674e-05 1.21769396e-04 1.66538592e-05 3.86543626e-06 6.99376304e-06 2.45512534e-06 6.50414684e-08 5.55749646e-10 1.91394123e-11
 2008 08 14 12 00 00  3.50720771e-03 2.12749498e-03 1.16331123e-03 8.18838864e-04 5.74260535e-04 3.32320215e-04 2.31806705e-04 1.88727209e-04 3.76773654e-04 1.11271621e-04 2.57921940e-03 3.77106294e-03 1.99386079e-04 5.79272999e-05 3.86943293e-05 1.02362855e-04 2.74680118e-05 4.49418963e-05 1.01612288e-04 6.38412894e-05 1.11259136e-04 1.34935765e-04 8.47158337e-05 6.35184112e-05 4.48017745e-06 8.58436251e-06 5.83027722e-06 2.18952714e-05 4.73983491e-06 1.48832335e-05 3.66129734e-05 3.44973756e-05 1.01072401e-05 3.94581224e-05 3.11520416e-05 1.32007583e-05 3.42396575e-05 3.89496777e-05 9.06913774e-06 3.23958785e-05 6.51203942e-05 2.09009377e-05 1.67689008e-04 3.28542620e-04 1.31417048e-05 8.70939944e-05 1.09214561e-06 2.27505981e-05 1.78710657e-04 3.56536934e-04 5.89958756e-05 1.20803958e-04 1.70595931e-05 4.01292840e-06 7.33419874e-06 2.68374947e-06 7.54577268e-08 1.10574552e-09 6.91800728e-11
 2008 08 15 12 00 00  3.51861447e-03 2.13451703e-03 1.16779868e-03 8.22342264e-04 5.77453362e-04 3.33789008e-04 2.33237434e-04 1.90292127e-04 3.80854819e-04 1.12262560e-04 2.61200158e-03 3.83480899e-03 2.00946298e-04 5.82366729e-05 3.89167805e-05 1.03573603e-04 2.78398511e-05 4.58912982e-05 1.02356333e-04 6.41051040e-05 1.13234109e-04 1.37457079e-04 8.57564734e-05 6.39341674e-05 4.50677471e-06 8.57871346e-06 5.84087429e-06 2.20171457e-05 4.74575972e-06 1.49656180e-05 3.70936858e-05 3.46509943e-05 1.04143575e-05 3.99255595e-05 3.14986362e-05 1.32515459e-05 3.51598288e-05 4.02586751e-05 9.06443602e-06 3.29876732e-05 6.79117419e-05 2.11245875e-05 1.72691365e-04 3.31731549e-04 1.32692620e-05 9.21866088e-05 3.13463352e-06 2.31844344e-05 1.87287386e-04 3.65154378e-04 6.04652642e-05 1.26515790e-04 1.68229639e-05 3.92690437e-06 7.13561717e-06 2.55010620e-06 6.93485088e-08 7.81635912e-10 3.96526117e-11
 2008 08 16 12 00 00  3.51876709e-03 2.13483242e-03 1.16797975e-03 8.22438826e-04 5.77518643e-04 3.33790484e-04 2.33251351e-04 1.90312745e-04 3.80909022e-04 1.12321741e-04 2.61242065e-03 3.83480899e-03 2.01003616e-04 5.82789693e-05 3.89298204e-05 1.03599760e-04 2.78403313e-05 4.58918890e-05 1.02440966e-04 6.41757913e-05 1.13235001e-04 1.37457839e-04 8.57633002e-05 6.39539221e-05 4.50680564e-06 8.58786443e-06 5.84087720e-06 2.20206547e-05 4.74733752e-06 1.49688134e-05 3.71042602e-05 3.46511632e-05 1.04147839e-05 3.99423494e-05 3.15910118e-05 1.32515503e-05 3.51811499e-05 4.02762361e-05 9.07204958e-06 3.30316819e-05 6.79594358e-05 2.11844323e-05 1.72796769e-04 3.32581717e-04 1.33032687e-05 9.24495942e-05 3.13624441e-06 2.33004728e-05 1.87615941e-04 3.65556004e-04 6.06165639e-05 1.26838215e-04 1.72184735e-05 4.07065834e-06 7.46732039e-06 2.77164242e-06 7.93539151e-08 1.30331386e-09 8.69492256e-11
 2008 08 17 12 00 00  3.50903505e-03 2.12850794e-03 1.16396905e-03 8.19376845e-04 5.74763278e-04 3.32564953e-04 2.32038929e-04 1.88978648e-04 3.77428419e-04 1.11407423e-04 2.58448492e-03 3.78168710e-03 1.99618031e-04 5.79584314e-05 3.87250889e-05 1.02552847e-04 2.75304657e-05 4.51007247e-05 1.01696855e-04 6.38508471e-05 1.11589174e-04 1.35356747e-04 8.48863482e-05 6.35897938e-05 4.48464125e-06 8.59498177e-06 5.83204601e-06 2.19151351e-05 4.74002809e-06 1.48955318e-05 3.66888206e-05 3.45231470e-05 1.01588528e-05 3.95379128e-05 3.11634707e-05 1.32092289e-05 3.43848671e-05 3.91611077e-05 9.07797075e-06 3.24943278e-05 6.55664629e-05 2.09088612e-05 1.68556541e-04 3.28648491e-04 1.31459396e-05 8.78279999e-05 1.43417501e-06 2.27658558e-05 1.79989328e-04 3.57836691e-04 5.91685052e-05 1.22126862e-04 1.75287532e-05 4.18342772e-06 7.72749861e-06 2.94505339e-06 8.71601131e-08 1.70837273e-09 1.23622834e-10
 2008 08 18 12 00 00  3.51316565e-03 2.13152040e-03 1.16585043e-03 8.20752270e-04 5.75969451e-04 3.33058984e-04 2.32546273e-04 1.89544954e-04 3.78905390e-04 1.11863719e-04 2.59631841e-03 3.80293727e-03 2.00260186e-04 5.81509861e-05 3.88268206e-05 1.03013320e-04 2.76568433e-05 4.54201683e-05 1.02122897e-04 6.40881655e-05 1.12250579e-04 1.36201051e-04 8.52486261e-05 6.37545595e-05 4.49366016e-06 8.58962085e-06 5.83559085e-06 2.19621248e-05 4.74536100e-06 1.49300376e-05 3.68725836e-05 3.45752051e-05 1.02633690e-05 3.97161118e-05 3.14754201e-05 1.32261834e-05 3.47361408e-05 3.96357190e-05 9.07350768e-06 3.27556827e-05 6.66014226e-05 2.11100778e-05 1.70339947e-04 3.31518509e-04 1.32607404e-05 9.00784374e-05 2.12312934e-06 2.31561906e-05 1.83563866e-04 3.61508214e-04 5.99805948e-05 1.24011518e-04 1.73157456e-05 4.10596292e-06 7.54853954e-06 2.82301255e-06 8.14663284e-08 1.39767140e-09 9.50995838e-11
 2008 08 19 12 00 00  3.51817888e-03 2.13357678e-03 1.16725959e-03 8.22069451e-04 5.77280245e-04 3.33791294e-04 2.33201242e-04 1.90236606e-04 3.80703124e-04 1.12086649e-04 2.61083672e-03 3.83481160e-03 2.00777520e-04 5.81112302e-05 3.88780613e-05 1.03504289e-04 2.78456748e-05 4.58984374e-05 1.02108505e-04 6.38941943e-05 1.13241455e-04 1.37466337e-04 8.57407155e-05 6.39038530e-05 4.50714178e-06 8.58691565e-06 5.84090485e-06 2.20112083e-05 4.74101944e-06 1.49574837e-05 3.70706098e-05 3.46530345e-05 1.04194987e-05 3.99005266e-05 3.12213408e-05 1.32516085e-05 3.51079849e-05 4.02192892e-05 9.07125432e-06 3.29067708e-05 6.78011543e-05 2.09457561e-05 1.72601170e-04 3.29180330e-04 1.31672132e-05 9.14741073e-05 3.15411307e-06 2.28375124e-05 1.86409940e-04 3.64168670e-04 6.00272468e-05 1.26805782e-04 1.72137827e-05 4.06886774e-06 7.46277392e-06 2.76371966e-06 7.86430562e-08 1.23941786e-09 8.04688427e-11
 2008 08 20 12 00 00  3.51108208e-03 2.12992370e-03 1.16485857e-03 8.20056310e-04 5.75375430e-04 3.32820393e-04 2.32295498e-04 1.89263550e-04 3.78164097e-04 1.11619188e-04 2.59039212e-03 3.79231647e-03 1.99925222e-04 5.80430407e-05 3.87723057e-05 1.02786783e-04 2.76031205e-05 4.52720473e-05 1.01889616e-04 6.39483915e-05 1.11931465e-04 1.35793941e-04 8.50715835e-05 6.36650896e-05 4.48974606e-06 8.58210478e-06 5.83386754e-06 2.19400292e-05 4.74219560e-06 1.49136927e-05 3.67873225e-05 3.45524924e-05 1.02194645e-05 3.96221439e-05 3.12904187e-05 1.32178087e-05 3.45641613e-05 3.94076913e-05 9.06724890e-06 3.26070279e-05 6.61067524e-05 2.09913676e-05 1.69437001e-04 3.29817211e-04 1.31926884e-05 8.89354879e-05 1.81030537e-06 2.29257785e-05 1.81815267e-04 3.59664257e-04 5.95471108e-05 1.22889100e-04 1.70313961e-05 4.00251681e-06 7.30938040e-06 2.65782980e-06 7.36119787e-08 9.58197943e-10 5.44885137e-11
 2008 08 21 12 00 00  3.51284290e-03 2.13078150e-03 1.16542766e-03 8.20553491e-04 5.75855614e-04 3.33067322e-04 2.32523218e-04 1.89507496e-04 3.78796657e-04 1.11726121e-04 2.59548879e-03 3.80294248e-03 2.00129939e-04 5.80537650e-05 3.87967527e-05 1.02967746e-04 2.76684936e-05 4.54344467e-05 1.01934863e-04 6.39232632e-05 1.12265156e-04 1.36219567e-04 8.52407393e-05 6.37317833e-05 4.49439322e-06 8.59354986e-06 5.83565161e-06 2.19594756e-05 4.74159606e-06 1.49250274e-05 3.68612764e-05 3.45792825e-05 1.02736507e-05 3.96983744e-05 3.12555494e-05 1.32263114e-05 3.47029034e-05 3.96156115e-05 9.07676877e-06 3.26922004e-05 6.65421795e-05 2.09697726e-05 1.70298805e-04 3.29497539e-04 1.31799016e-05 8.95645849e-05 2.16208937e-06 2.28837016e-05 1.82977188e-04 3.60826637e-04 5.96513493e-05 1.24258898e-04 1.75313187e-05 4.18420866e-06 7.72856232e-06 2.93708237e-06 8.61728463e-08 1.60922298e-09 1.13412313e-10
 2008 08 22 12 00 00  3.50906090e-03 2.12844545e-03 1.16393549e-03 8.19401874e-04 5.74813259e-04 3.32583591e-04 2.32051534e-04 1.88992014e-04 3.77447146e-04 1.11397380e-04 2.58464692e-03 3.78169641e-03 1.99613175e-04 5.79531279e-05 3.87233059e-05 1.02572908e-04 2.75508617e-05 4.51257220e-05 1.01696698e-04 6.38380821e-05 1.11615141e-04 1.35389165e-04 8.48979973e-05 6.36068416e-05 4.48592436e-06 8.61065419e-06 5.83215151e-06 2.19218627e-05 4.73960536e-06 1.48988703e-05 3.67075564e-05 3.45302862e-05 1.01768484e-05 3.95551409e-05 3.11395619e-05 1.32094501e-05 3.44049916e-05 3.91901848e-05 9.09099763e-06 3.25185319e-05 6.56390440e-05 2.08969112e-05 1.68747684e-04 3.28432876e-04 1.31373150e-05 8.79244802e-05 1.50236956e-06 2.27419572e-05 1.80218068e-04 3.58100460e-04 5.91792349e-05 1.22924544e-04 1.82735525e-05 4.45397786e-06 8.35100360e-06 3.35239778e-06 1.04901304e-07 2.58353312e-09 2.01689732e-10
 2008 08 23 12 00 00  3.51290745e-03 2.13083229e-03 1.16545858e-03 8.20600737e-04 5.75911228e-04 3.33080953e-04 2.32536432e-04 1.89523337e-04 3.78826604e-04 1.11736918e-04 2.59573087e-03 3.80294919e-03 2.00143949e-04 5.80631116e-05 3.87995232e-05 1.02990034e-04 2.76830571e-05 4.54523019e-05 1.01961640e-04 6.39360514e-05 1.12283987e-04 1.36242711e-04 8.52510435e-05 6.37555216e-05 4.49530999e-06 8.61558365e-06 5.83572692e-06 2.19658385e-05 4.74177032e-06 1.49283638e-05 3.68778201e-05 3.45843815e-05 1.02865022e-05 3.97205587e-05 3.12664401e-05 1.32264700e-05 3.47244008e-05 3.96419184e-05 9.09509836e-06 3.27331596e-05 6.66087809e-05 2.09796752e-05 1.70507566e-04 3.29601305e-04 1.31840522e-05 8.97179319e-05 2.21078899e-06 2.29023164e-05 1.83239640e-04 3.61160703e-04 5.97056457e-05 1.25161706e-04 1.85034572e-05 4.53750051e-06 8.54353484e-06 3.47872261e-06 1.10443180e-07 2.86006303e-09 2.26442420e-10
 2008 08 24 12 00 00  3.50919300e-03 2.12865229e-03 1.16405544e-03 8.19490117e-04 5.74891590e-04 3.32595476e-04 2.32069380e-04 1.89015361e-04 3.77499197e-04 1.11437071e-04 2.58506120e-03 3.78170237e-03 1.99654279e-04 5.79821934e-05 3.87321908e-05 1.02604337e-04 2.75629980e-05 4.51405969e-05 1.01759884e-04 6.38844969e-05 1.11630118e-04 1.35408453e-04 8.49099584e-05 6.36125940e-05 4.48668870e-06 8.59993888e-06 5.83221481e-06 2.19266742e-05 4.74057888e-06 1.49032399e-05 3.67258614e-05 3.45345325e-05 1.01875579e-05 3.95616564e-05 3.11969488e-05 1.32095811e-05 3.44302101e-05 3.92190514e-05 9.08207949e-06 3.25309770e-05 6.57149081e-05 2.09356920e-05 1.68802739e-04 3.28963036e-04 1.31585214e-05 8.81641659e-05 1.54295485e-06 2.28168210e-05 1.80600835e-04 3.58475525e-04 5.93005025e-05 1.22774820e-04 1.78487078e-05 4.29947156e-06 7.99405336e-06 3.10884934e-06 9.35296683e-08 1.96234149e-09 1.44646473e-10
 2008 08 25 12 00 00  3.50559732e-03 2.12951523e-03 1.16432222e-03 8.19069897e-04 5.74189584e-04 3.31878565e-04 2.31544427e-04 1.88515787e-04 3.76205203e-04 1.11761903e-04 2.57444257e-03 3.74983028e-03 1.99667668e-04 5.84130004e-05 3.88015219e-05 1.02357294e-04 2.73804762e-05 4.46700637e-05 1.02555646e-04 6.47317735e-05 1.10647171e-04 1.34153200e-04 8.44821998e-05 6.35717393e-05 4.47360399e-06 8.58267013e-06 5.82693356e-06 2.19037713e-05 4.75951892e-06 1.49056999e-05 3.66246084e-05 3.44589149e-05 1.00369987e-05 3.94699839e-05 3.23055108e-05 1.31842273e-05 3.42467577e-05 3.87954685e-05 9.06771020e-06 3.26503458e-05 6.49537738e-05 2.16532455e-05 1.66995552e-04 3.39165339e-04 1.35666136e-05 8.91767853e-05 5.33076673e-07 2.42082708e-05 1.80818684e-04 3.59227682e-04 6.06556403e-05 1.19664492e-04 1.71221897e-05 4.03536102e-06 7.38440742e-06 2.69900582e-06 7.48262387e-08 9.72456204e-10 5.45245182e-11
 2008 08 26 12 00 00  3.51109293e-03 2.12978653e-03 1.16478387e-03 8.20077172e-04 5.75436352e-04 3.32845122e-04 2.32310918e-04 1.89279483e-04 3.78183143e-04 1.11596313e-04 2.59054954e-03 3.79232839e-03 1.99910494e-04 5.80317669e-05 3.87685736e-05 1.02811083e-04 2.76303064e-05 4.53053712e-05 1.01886036e-04 6.39236649e-05 1.11965714e-04 1.35837148e-04 8.50861148e-05 6.36757710e-05 4.49145773e-06 8.58948479e-06 5.83400870e-06 2.19477809e-05 4.74134577e-06 1.49177287e-05 3.68091052e-05 3.45620036e-05 1.02434547e-05 3.96354898e-05 3.12424934e-05 1.32181056e-05 3.45861507e-05 3.94434227e-05 9.07337890e-06 3.26164497e-05 6.61960969e-05 2.09679609e-05 1.69613890e-04 3.29385691e-04 1.31754276e-05 8.90165235e-05 1.90121627e-06 2.28788223e-05 1.82080127e-04 3.59926104e-04 5.95453206e-05 1.23501137e-04 1.74175071e-05 4.14269682e-06 7.63206888e-06 2.86430842e-06 8.22843756e-08 1.36074685e-09 8.97132202e-11
 2008 08 27 12 00 00  3.51108466e-03 2.12974988e-03 1.16476322e-03 8.20073303e-04 5.75439219e-04 3.32848142e-04 2.32311866e-04 1.89279986e-04 3.78181710e-04 1.11589704e-04 2.59054180e-03 3.79232988e-03 1.99904888e-04 5.80272846e-05 3.87671678e-05 1.02812248e-04 2.76337058e-05 4.53095388e-05 1.01878601e-04 6.39155274e-05 1.11969791e-04 1.35842551e-04 8.50875097e-05 6.36706557e-05 4.49167128e-06 8.58253552e-06 5.83402652e-06 2.19480436e-05 4.74114422e-06 1.49180239e-05 3.68111546e-05 3.45631939e-05 1.02464539e-05 3.96316282e-05 3.12308257e-05 1.32181405e-05 3.45868530e-05 3.94464100e-05 9.06759669e-06 3.26052390e-05 6.62035183e-05 2.09609134e-05 1.69592446e-04 3.29278924e-04 1.31711570e-05 8.90050264e-05 1.91258205e-06 2.28650519e-05 1.82091069e-04 3.59909218e-04 5.95343245e-05 1.23326759e-04 1.71291688e-05 4.03786777e-06 7.39004503e-06 2.70104839e-06 7.47940227e-08 9.61317215e-10 5.32723032e-11
 2008 08 28 12 00 00  3.51135537e-03 2.13030265e-03 1.16508076e-03 8.20245212e-04 5.75557417e-04 3.32851759e-04 2.32337158e-04 1.89317184e-04 3.78278567e-04 1.11693554e-04 2.59129065e-03 3.79233137e-03 2.00005806e-04 5.81018062e-05 3.87901339e-05 1.02859589e-04 2.76356470e-05 4.53119224e-05 1.02028537e-04 6.40398008e-05 1.11972366e-04 1.35845647e-04 8.51001832e-05 6.36951522e-05 4.49179352e-06 8.58388594e-06 5.83403635e-06 2.19535819e-05 4.74390217e-06 1.49238453e-05 3.68302412e-05 3.45638749e-05 1.02481703e-05 3.96527111e-05 3.13923782e-05 1.32181638e-05 3.46238814e-05 3.94781755e-05 9.06871865e-06 3.26635784e-05 6.62901673e-05 2.10659928e-05 1.69709097e-04 3.30766399e-04 1.32306560e-05 8.94638536e-05 1.91908530e-06 2.30687103e-05 1.82683746e-04 3.60583689e-04 5.98023893e-05 1.23437417e-04 1.71899242e-05 4.05994437e-06 7.44095877e-06 2.73473160e-06 7.62921033e-08 1.03766491e-09 6.01490358e-11
 2008 08 29 12 00 00  3.51113364e-03 2.12983084e-03 1.16481039e-03 8.20106529e-04 5.75467949e-04 3.32851561e-04 2.32318236e-04 1.89288645e-04 3.78201529e-04 1.11605382e-04 2.59069314e-03 3.79233174e-03 1.99921193e-04 5.80397390e-05 3.87709625e-05 1.02823702e-04 2.76371022e-05 4.53137036e-05 1.01907059e-04 6.39354694e-05 1.11974175e-04 1.35847954e-04 8.50913819e-05 6.36784170e-05 4.49188556e-06 8.58688509e-06 5.83404362e-06 2.19501285e-05 4.74152548e-06 1.49195212e-05 3.68167638e-05 3.45643843e-05 1.02494530e-05 3.96388832e-05 3.12535354e-05 1.32181784e-05 3.45961178e-05 3.94562425e-05 9.07121503e-06 3.26208037e-05 6.62293522e-05 2.09772639e-05 1.69649524e-04 3.29489994e-04 1.31795998e-05 8.90974330e-05 1.92394764e-06 2.28964171e-05 1.82227805e-04 3.60069934e-04 5.95831804e-05 1.23510176e-04 1.73113478e-05 4.10409720e-06 7.54293128e-06 2.80393767e-06 7.94972514e-08 1.21082555e-09 7.60030872e-11
 2008 08 30 12 00 00  3.51294613e-03 2.13080599e-03 1.16544640e-03 8.20635058e-04 5.75965951e-04 3.33097521e-04 2.32549648e-04 1.89538428e-04 3.78851019e-04 1.11734030e-04 2.59592272e-03 3.80295739e-03 2.00146294e-04 5.80650983e-05 3.87999509e-05 1.03011840e-04 2.77010229e-05 4.54743189e-05 1.01979234e-04 6.39353006e-05 1.12305882e-04 1.36271272e-04 8.52620100e-05 6.37441813e-05 4.49644103e-06 8.59132051e-06 5.83582005e-06 2.19696577e-05 4.74152657e-06 1.49316954e-05 3.68930249e-05 3.45906708e-05 1.03023565e-05 3.97140334e-05 3.12535558e-05 1.32266636e-05 3.47399055e-05 3.96675050e-05 9.07490758e-06 3.27074874e-05 6.66746825e-05 2.09771621e-05 1.70487778e-04 3.29490061e-04 1.31796025e-05 8.98051312e-05 2.27086930e-06 2.28962424e-05 1.83484312e-04 3.61320962e-04 5.97377394e-05 1.24628754e-04 1.74849622e-05 4.16724249e-06 7.68884254e-06 2.90382799e-06 8.41849666e-08 1.46863961e-09 9.97204097e-11
 2008 08 31 12 00 00  3.51493029e-03 2.13213597e-03 1.16628610e-03 8.21272138e-04 5.76537260e-04 3.33345080e-04 2.32796685e-04 1.89811370e-04 3.79561436e-04 1.11929253e-04 2.60162348e-03 3.81358266e-03 2.00435867e-04 5.81380673e-05 3.88436168e-05 1.03229350e-04 2.77654239e-05 4.56355308e-05 1.02146550e-04 6.40147016e-05 1.12638050e-04 1.36695351e-04 8.54402787e-05 6.38191713e-05 4.50102634e-06 8.58791827e-06 5.83759902e-06 2.19919350e-05 4.74330263e-06 1.49474539e-05 3.69805609e-05 3.46171233e-05 1.03556842e-05 3.97970857e-05 3.13575059e-05 1.32351546e-05 3.49057099e-05 3.98975185e-05 9.07207796e-06 3.28198915e-05 6.71717675e-05 2.10444152e-05 1.71351934e-04 3.30446682e-04 1.32178673e-05 9.07963271e-05 2.61940186e-06 2.30266640e-05 1.85109749e-04 3.62966762e-04 6.00625056e-05 1.25538286e-04 1.73319288e-05 4.11163409e-06 7.56059763e-06 2.81897954e-06 8.04109153e-08 1.27627200e-09 8.23928592e-11
 2008 09 01 12 00 00  3.50724133e-03 2.12726093e-03 1.16318336e-03 8.18883854e-04 5.74378136e-04 3.32368370e-04 2.31836751e-04 1.88758021e-04 3.76811518e-04 1.11232376e-04 2.57955125e-03 3.77108678e-03 1.99361163e-04 5.79053481e-05 3.86871491e-05 1.02409996e-04 2.75209284e-05 4.50067630e-05 1.01597512e-04 6.37941121e-05 1.11325212e-04 1.35019873e-04 8.47446291e-05 6.35238775e-05 4.48350875e-06 8.57570631e-06 5.83055189e-06 2.19089363e-05 4.73836990e-06 1.48912447e-05 3.66573260e-05 3.45158973e-05 1.01539379e-05 3.94704438e-05 3.10688047e-05 1.32013345e-05 3.42821476e-05 3.90190885e-05 9.06191926e-06 3.23862009e-05 6.52945537e-05 2.08575875e-05 1.67921736e-04 3.27789771e-04 1.31115908e-05 8.72559039e-05 1.26910527e-06 2.26643664e-05 1.79237950e-04 3.56988965e-04 5.89939804e-05 1.21250400e-04 1.68052891e-05 3.92021627e-06 7.11889987e-06 2.52382251e-06 6.70690824e-08 5.79765524e-10 1.92236005e-11
 2008 09 02 12 00 00  3.50764106e-03 2.12808865e-03 1.16365848e-03 8.19136568e-04 5.74548454e-04 3.32371972e-04 2.31873040e-04 1.88811846e-04 3.76953318e-04 1.11387636e-04 2.58064750e-03 3.77108715e-03 1.99511440e-04 5.80162378e-05 3.87213414e-05 1.02478231e-04 2.75218947e-05 4.50079446e-05 1.01818968e-04 6.39794976e-05 1.11326569e-04 1.35021406e-04 8.47623509e-05 6.35582226e-05 4.48356986e-06 8.57570994e-06 5.83055698e-06 2.19164819e-05 4.74251246e-06 1.48995699e-05 3.66840648e-05 3.45162349e-05 1.01547928e-05 3.94997257e-05 3.13112832e-05 1.32013447e-05 3.43352437e-05 3.90634785e-05 9.06192436e-06 3.24697391e-05 6.54162629e-05 2.10145736e-05 1.68074488e-04 3.30021363e-04 1.32008545e-05 8.79279377e-05 1.27234216e-06 2.29687808e-05 1.80095570e-04 3.57962622e-04 5.93902406e-05 1.21312371e-04 1.67888651e-05 3.91428561e-06 7.10540542e-06 2.51704124e-06 6.69240535e-08 5.84458038e-10 1.99629702e-11
 2008 09 03 12 00 00  3.51136510e-03 2.13027075e-03 1.16506342e-03 8.20255131e-04 5.75578888e-04 3.32860171e-04 2.32342628e-04 1.89322872e-04 3.78286161e-04 1.11688283e-04 2.59135818e-03 3.79233509e-03 2.00002828e-04 5.80986844e-05 3.87891078e-05 1.02868219e-04 2.76448729e-05 4.53232293e-05 1.02026514e-04 6.40328741e-05 1.11983785e-04 1.35860307e-04 8.51053661e-05 6.36936568e-05 4.49237450e-06 8.57917767e-06 5.83408400e-06 2.19558004e-05 4.74369408e-06 1.49253108e-05 3.68383092e-05 3.45671026e-05 1.02563099e-05 3.96528599e-05 3.13805183e-05 1.32182628e-05 3.46314849e-05 3.94904658e-05 9.06481146e-06 3.26576310e-05 6.63211570e-05 2.10596831e-05 1.69735353e-04 3.30658938e-04 1.32263575e-05 8.94960830e-05 1.94993099e-06 2.30561927e-05 1.82782339e-04 3.60657314e-04 5.98047590e-05 1.23351044e-04 1.69237532e-05 3.96334801e-06 7.21878598e-06 2.59478874e-06 7.05816241e-08 7.86274112e-10 3.85447979e-11
 2008 09 04 12 00 00  3.51488615e-03 2.13202045e-03 1.16622053e-03 8.21246648e-04 5.76527371e-04 3.33348299e-04 2.32794908e-04 1.89807745e-04 3.79548386e-04 1.11908092e-04 2.60152206e-03 3.81358415e-03 2.00416618e-04 5.81240937e-05 3.88392614e-05 1.03225348e-04 2.77693034e-05 4.56402864e-05 1.02122105e-04 6.39903708e-05 1.12642599e-04 1.36701513e-04 8.54403857e-05 6.38078850e-05 4.50127081e-06 8.57708292e-06 5.83761903e-06 2.19914408e-05 4.74269800e-06 1.49471048e-05 3.69801375e-05 3.46184795e-05 1.03591097e-05 3.97883392e-05 3.13224882e-05 1.32351968e-05 3.49015463e-05 3.98970928e-05 9.06306959e-06 3.27954998e-05 6.71699327e-05 2.10233076e-05 1.71299980e-04 3.30126361e-04 1.32050544e-05 9.07234451e-05 2.63237853e-06 2.29854137e-05 1.85052087e-04 3.62856235e-04 6.00180414e-05 1.25200233e-04 1.68219241e-05 3.92636316e-06 7.13357421e-06 2.53939106e-06 6.81889798e-08 6.69831612e-10 2.82006918e-11
 2008 09 05 12 00 00  3.50739831e-03 2.12757602e-03 1.16336509e-03 8.18985313e-04 5.74450290e-04 3.32370789e-04 2.31852100e-04 1.88780643e-04 3.76869563e-04 1.11292038e-04 2.57999088e-03 3.77108678e-03 1.99419879e-04 5.79500299e-05 3.87008735e-05 1.02438786e-04 2.75223836e-05 4.50085470e-05 1.01691140e-04 6.38680824e-05 1.11326861e-04 1.35022181e-04 8.47521515e-05 6.35311192e-05 4.48360042e-06 8.56730985e-06 5.83055917e-06 2.19116959e-05 4.73992841e-06 1.48947124e-05 3.66674708e-05 3.45164095e-05 1.01552214e-05 3.94772911e-05 3.11606156e-05 1.32013505e-05 3.43026366e-05 3.90375721e-05 9.05493944e-06 3.24074955e-05 6.53455096e-05 2.09194492e-05 1.67944107e-04 3.28637789e-04 1.31455116e-05 8.75169423e-05 1.27396825e-06 2.27838216e-05 1.79591372e-04 3.57359271e-04 5.91543266e-05 1.20990975e-04 1.63968767e-05 3.77187946e-06 6.77714389e-06 2.30169836e-06 5.74797987e-08 2.23205943e-10 1.00000000e-10
 2008 09 06 12 00 00  3.51515359e-03 2.13257274e-03 1.16653751e-03 8.21415622e-04 5.76641533e-04 3.33351007e-04 2.32819279e-04 1.89843797e-04 3.79643163e-04 1.12011663e-04 2.60225651e-03 3.81358452e-03 2.00516853e-04 5.81978496e-05 3.88620086e-05 1.03271101e-04 2.77702755e-05 4.56414826e-05 1.02269026e-04 6.41136779e-05 1.12643744e-04 1.36703061e-04 8.54524093e-05 6.38260659e-05 4.50133193e-06 8.57038031e-06 5.83762412e-06 2.19961232e-05 4.74546177e-06 1.49527122e-05 3.69981987e-05 3.46188201e-05 1.03599668e-05 3.98038915e-05 3.14842153e-05 1.32352085e-05 3.49366290e-05 3.99268301e-05 9.05749548e-06 3.28424385e-05 6.72516408e-05 2.11277977e-05 1.71369777e-04 3.31614529e-04 1.32645812e-05 9.11691196e-05 2.63563034e-06 2.31880753e-05 1.85627612e-04 3.63487758e-04 6.02821922e-05 1.25026677e-04 1.65154744e-05 3.81501885e-06 6.87684561e-06 2.37018104e-06 6.07095881e-08 3.42031692e-10 1.00000000e-10
 2008 09 07 12 00 00  3.51659820e-03 2.13279712e-03 1.16674244e-03 8.21711047e-04 5.76979511e-04 3.33591795e-04 2.33016368e-04 1.90043227e-04 3.80161535e-04 1.11999394e-04 2.60646874e-03 3.82420868e-03 2.00605205e-04 5.81227487e-05 3.88600232e-05 1.03395099e-04 2.78312742e-05 4.57985181e-05 1.02140354e-04 6.39458594e-05 1.12971868e-04 1.37121722e-04 8.56056765e-05 6.38660876e-05 4.50570333e-06 8.58354033e-06 5.83938527e-06 2.20087723e-05 4.74171393e-06 1.49569561e-05 3.70482949e-05 3.46440822e-05 1.04102946e-05 3.98568448e-05 3.12648277e-05 1.32436617e-05 3.50309217e-05 4.00951781e-05 9.06844652e-06 3.28638827e-05 6.75795971e-05 2.09857055e-05 1.72101665e-04 3.29595350e-04 1.31838140e-05 9.12600668e-05 2.97278566e-06 2.29125522e-05 1.86079089e-04 3.63856284e-04 6.00746483e-05 1.26333417e-04 1.70677615e-05 4.01579467e-06 7.34031215e-06 2.68194925e-06 7.49513408e-08 1.04703541e-09 6.30295927e-11
 2008 09 08 12 00 00  3.51353213e-03 2.13199285e-03 1.16612797e-03 8.21006880e-04 5.76223692e-04 3.33107220e-04 2.32605080e-04 1.89619321e-04 3.79060406e-04 1.11956888e-04 2.59755000e-03 3.80295999e-03 2.00362885e-04 5.82239290e-05 3.88489088e-05 1.03115160e-04 2.77073297e-05 4.54820518e-05 1.02297325e-04 6.42000989e-05 1.12313999e-04 1.36281288e-04 8.52905087e-05 6.37955402e-05 4.49683757e-06 8.59227366e-06 5.83585279e-06 2.19819931e-05 4.74744520e-06 1.49445516e-05 3.69365881e-05 3.45928769e-05 1.03079226e-05 3.97585037e-05 3.15999991e-05 1.32267320e-05 3.48215222e-05 3.97386334e-05 9.07571593e-06 3.28297646e-05 6.68680257e-05 2.12014143e-05 1.70741598e-04 3.32678453e-04 1.33071381e-05 9.08005846e-05 2.29196030e-06 2.33311031e-05 1.84780117e-04 3.62781239e-04 6.03128016e-05 1.24749528e-04 1.74240189e-05 4.14533158e-06 7.63945370e-06 2.88459448e-06 8.43099187e-08 1.55067217e-09 1.09092368e-10
 2008 09 09 12 00 00  3.51135155e-03 2.13023180e-03 1.16504169e-03 8.20248412e-04 5.75578112e-04 3.32861412e-04 2.32342519e-04 1.89322414e-04 3.78283302e-04 1.11681408e-04 2.59133081e-03 3.79233584e-03 1.99997000e-04 5.80952243e-05 3.87880014e-05 1.02867834e-04 2.76463281e-05 4.53250104e-05 1.02023070e-04 6.40264479e-05 1.11985922e-04 1.35862614e-04 8.51055405e-05 6.37016576e-05 4.49246618e-06 8.59221109e-06 5.83409164e-06 2.19568201e-05 4.74348271e-06 1.49252685e-05 3.68383574e-05 3.45676148e-05 1.02575934e-05 3.96601794e-05 3.13685654e-05 1.32182788e-05 3.46319666e-05 3.94915647e-05 9.07566282e-06 3.26712490e-05 6.63232585e-05 2.10536818e-05 1.69803936e-04 3.30551098e-04 1.32220439e-05 8.94853578e-05 1.95479370e-06 2.30442005e-05 1.82771031e-04 3.60679269e-04 5.97939605e-05 1.23740038e-04 1.74281234e-05 4.14680740e-06 7.64278053e-06 2.88589669e-06 8.43022761e-08 1.54522219e-09 1.08468845e-10
 2008 09 10 12 00 00  3.51159564e-03 2.13074334e-03 1.16533521e-03 8.20402211e-04 5.75679999e-04 3.32862644e-04 2.32364121e-04 1.89354741e-04 3.78369335e-04 1.11777274e-04 2.59199526e-03 3.79233547e-03 2.00089517e-04 5.81635580e-05 3.88090804e-05 1.02908645e-04 2.76458421e-05 4.53244109e-05 1.02158934e-04 6.41409075e-05 1.11985445e-04 1.35861839e-04 8.51158056e-05 6.37236029e-05 4.49243562e-06 8.59366774e-06 5.83408910e-06 2.19612467e-05 4.74604931e-06 1.49302022e-05 3.68538727e-05 3.45674431e-05 1.02571648e-05 3.96786908e-05 3.15187295e-05 1.32182729e-05 3.46637525e-05 3.95174010e-05 9.07687281e-06 3.27244616e-05 6.63943643e-05 2.11506805e-05 1.69899125e-04 3.31932858e-04 1.32773143e-05 8.98944321e-05 1.95316770e-06 2.32323378e-05 1.83285353e-04 3.61270810e-04 6.00365987e-05 1.23823156e-04 1.74964879e-05 4.17164301e-06 7.70002495e-06 2.92339966e-06 8.59433730e-08 1.62678493e-09 1.15760956e-10
 2008 09 11 12 00 00  3.51496536e-03 2.13217842e-03 1.16631159e-03 8.21297751e-04 5.76563906e-04 3.33349735e-04 2.32802716e-04 1.89819181e-04 3.79577588e-04 1.11937977e-04 2.60174459e-03 3.81358452e-03 2.00446018e-04 5.81463006e-05 3.88460861e-05 1.03239935e-04 2.77702755e-05 4.56414826e-05 1.02168501e-04 6.40271406e-05 1.12644052e-04 1.36703061e-04 8.54443039e-05 6.38204124e-05 4.50133193e-06 8.58524436e-06 5.83762412e-06 2.19936940e-05 4.74347908e-06 1.49488817e-05 3.69859166e-05 3.46188201e-05 1.03599668e-05 3.97993029e-05 3.13684635e-05 1.32352085e-05 3.49133796e-05 3.99073230e-05 9.06986606e-06 3.28223741e-05 6.71974523e-05 2.10541111e-05 1.71375669e-04 3.30550784e-04 1.32220314e-05 9.08637246e-05 2.63563034e-06 2.30449281e-05 1.85231624e-04 3.63082265e-04 6.00981846e-05 1.25456767e-04 1.71357273e-05 4.04051142e-06 7.39740975e-06 2.72085002e-06 7.67636607e-08 1.14574048e-09 7.20863258e-11
 2008 09 12 12 00 00  3.50767585e-03 2.12816507e-03 1.16370302e-03 8.19159949e-04 5.74564067e-04 3.32370936e-04 2.31876077e-04 1.88816910e-04 3.76967113e-04 1.11402392e-04 2.58074117e-03 3.77108604e-03 1.99526185e-04 5.80289201e-05 3.87252116e-05 1.02484346e-04 2.75204395e-05 4.50061663e-05 1.01848091e-04 6.40003884e-05 1.11324800e-04 1.35019099e-04 8.47631140e-05 6.35618148e-05 4.48347819e-06 8.57769410e-06 5.83054898e-06 2.19169518e-05 4.74288863e-06 1.49001417e-05 3.66840669e-05 3.45157314e-05 1.01535086e-05 3.95031420e-05 3.13338620e-05 1.32013287e-05 3.43386126e-05 3.90656750e-05 9.06358473e-06 3.24791882e-05 6.54229457e-05 2.10315193e-05 1.68089992e-04 3.30232097e-04 1.32092839e-05 8.79850224e-05 1.26747982e-06 2.30011603e-05 1.80165821e-04 3.58048804e-04 5.94322868e-05 1.21310791e-04 1.68012587e-05 3.91896259e-06 7.11703731e-06 2.53468874e-06 6.84348699e-08 7.17481108e-10 3.34129974e-11
 2008 09 13 12 00 00  3.50543324e-03 2.12628548e-03 1.16254807e-03 8.18360424e-04 5.73887275e-04 3.32123368e-04 2.31606826e-04 1.88510328e-04 3.76166062e-04 1.11104245e-04 2.57434273e-03 3.76046188e-03 1.99137547e-04 5.78825184e-05 3.86588890e-05 1.02224593e-04 2.74579827e-05 4.48473409e-05 1.01535078e-04 6.37977733e-05 1.10994897e-04 1.34598116e-04 8.45747119e-05 6.34628928e-05 4.47901475e-06 8.57833365e-06 5.82878056e-06 2.18902640e-05 4.73834843e-06 1.48793487e-05 3.65813158e-05 3.44899570e-05 1.01018944e-05 3.94000848e-05 3.10682080e-05 1.31928595e-05 3.41400916e-05 3.88100015e-05 9.06411879e-06 3.23085587e-05 6.48548010e-05 2.08598372e-05 1.67126041e-04 3.27787555e-04 1.31115022e-05 8.65712940e-05 9.25447057e-07 2.26681863e-05 1.78007062e-04 3.55782106e-04 5.88489316e-05 1.20285723e-04 1.68220223e-05 3.92652572e-06 7.13456701e-06 2.54732349e-06 6.90724708e-08 7.55815133e-10 3.70188463e-11
 2008 09 14 12 00 00  3.50556619e-03 2.12936695e-03 1.16423979e-03 8.19058940e-04 5.74207672e-04 3.31890711e-04 2.31549391e-04 1.88519787e-04 3.76203571e-04 1.11735959e-04 2.57442576e-03 3.74983661e-03 1.99646956e-04 5.83988606e-05 3.87969915e-05 1.02364374e-04 2.73940706e-05 4.46867256e-05 1.02540577e-04 6.47046836e-05 1.10664188e-04 1.34174810e-04 8.44879042e-05 6.35710523e-05 4.47445964e-06 8.58388958e-06 5.82700450e-06 2.19068698e-05 4.75868292e-06 1.49070172e-05 3.66321124e-05 3.44636734e-05 1.00489953e-05 3.94722158e-05 3.22579843e-05 1.31843728e-05 3.42524077e-05 3.88093460e-05 9.06874338e-06 3.26425652e-05 6.49878206e-05 2.16283966e-05 1.67058334e-04 3.38735386e-04 1.35494154e-05 8.91534340e-05 5.78540130e-07 2.41588656e-05 1.80880548e-04 3.59264062e-04 6.06236560e-05 1.19764772e-04 1.70444491e-05 4.00741170e-06 7.32140887e-06 2.67449644e-06 7.49884595e-08 1.07737383e-09 6.65077993e-11
 2008 09 15 12 00 00  3.50733192e-03 2.12745441e-03 1.16329545e-03 8.18943282e-04 5.74418148e-04 3.32367280e-04 2.31844854e-04 1.88770836e-04 3.76845870e-04 1.11269300e-04 2.57979769e-03 3.77108529e-03 1.99397610e-04 5.79349142e-05 3.86962035e-05 1.02425814e-04 2.75189843e-05 4.50043764e-05 1.01662396e-04 6.38430647e-05 1.11323305e-04 1.35016777e-04 8.47475459e-05 6.35449840e-05 4.48338615e-06 8.59606080e-06 5.83054134e-06 2.19115359e-05 4.73932851e-06 1.48929218e-05 3.66605616e-05 3.45152192e-05 1.01522222e-05 3.94889048e-05 3.11257434e-05 1.32013127e-05 3.42942374e-05 3.90277036e-05 9.07887079e-06 3.24310906e-05 6.53183225e-05 2.08979196e-05 1.68048900e-04 3.28318140e-04 1.31327256e-05 8.74179326e-05 1.26260220e-06 2.27418626e-05 1.79426896e-04 3.57266563e-04 5.90949493e-05 1.21797359e-04 1.75542481e-05 4.19274395e-06 7.74923730e-06 2.96241644e-06 8.81498227e-08 1.77559638e-09 1.30117694e-10
 2008 09 16 12 00 00  3.50916361e-03 2.12846873e-03 1.16395405e-03 8.19484272e-04 5.74924916e-04 3.32613367e-04 2.32078101e-04 1.89023385e-04 3.77502516e-04 1.11405385e-04 2.58508078e-03 3.78171131e-03 1.99630051e-04 5.79660044e-05 3.87269482e-05 1.02617440e-04 2.75829021e-05 4.51649976e-05 1.01746931e-04 6.38523838e-05 1.11655305e-04 1.35440097e-04 8.49190026e-05 6.36203237e-05 4.48794162e-06 8.61154258e-06 5.83231813e-06 2.19321528e-05 4.73952277e-06 1.49054998e-05 3.67381967e-05 3.45414999e-05 1.02051250e-05 3.95722208e-05 3.11371987e-05 1.32097979e-05 3.44416407e-05 3.92416329e-05 9.09175360e-06 3.25363834e-05 6.57705204e-05 2.09056918e-05 1.68950318e-04 3.28424011e-04 1.31369604e-05 8.81652234e-05 1.60952368e-06 2.27568613e-05 1.80725744e-04 3.58600306e-04 5.92697328e-05 1.23273908e-04 1.82070818e-05 4.43006452e-06 8.29702543e-06 3.33046975e-06 1.04931338e-07 2.66265117e-09 2.10849560e-10
 2008 09 17 12 00 00  3.51086395e-03 2.12920824e-03 1.16445471e-03 8.19941793e-04 5.75375830e-04 3.32858976e-04 2.32299576e-04 1.89258203e-04 3.78112126e-04 1.11489782e-04 2.59000485e-03 3.79233658e-03 1.99812332e-04 5.79593867e-05 3.87460810e-05 1.02786740e-04 2.76473002e-05 4.53262037e-05 1.01754520e-04 6.37987338e-05 1.11986892e-04 1.35864161e-04 8.50850391e-05 6.36581117e-05 4.49252693e-06 8.59002030e-06 5.83409674e-06 2.19480490e-05 4.73834298e-06 1.49154307e-05 3.68070050e-05 3.45679524e-05 1.02584512e-05 3.96236481e-05 3.10680334e-05 1.32182890e-05 3.45684289e-05 3.94400339e-05 9.07384529e-06 3.25656413e-05 6.61814946e-05 2.08604222e-05 1.69617353e-04 3.27786838e-04 1.31114735e-05 8.86686923e-05 1.95804532e-06 2.26691787e-05 1.81746380e-04 3.59501743e-04 5.93113332e-05 1.23577163e-04 1.72953716e-05 4.09864613e-06 7.53208709e-06 2.81708980e-06 8.15648402e-08 1.43062482e-09 9.87998683e-11
 2008 09 18 12 00 00  3.50577073e-03 2.12692413e-03 1.16291607e-03 8.18578707e-04 5.74051827e-04 3.32135789e-04 2.31642841e-04 1.88561080e-04 3.76291146e-04 1.11225037e-04 2.57531588e-03 3.76046672e-03 1.99257139e-04 5.79703054e-05 3.86858685e-05 1.02290501e-04 2.74691469e-05 4.48610226e-05 1.01716847e-04 6.39424019e-05 1.11009269e-04 1.34615858e-04 8.45950231e-05 6.35009462e-05 4.47971761e-06 8.58877902e-06 5.82883840e-06 2.18999875e-05 4.74148546e-06 1.48878173e-05 3.66123365e-05 3.44938628e-05 1.01117475e-05 3.94340630e-05 3.12524004e-05 1.31929803e-05 3.41935857e-05 3.88609704e-05 9.07281064e-06 3.23915550e-05 6.49908708e-05 2.09815247e-05 1.67359859e-04 3.29485808e-04 1.31794323e-05 8.71664837e-05 9.62780814e-07 2.29036494e-05 1.78821463e-04 3.56714983e-04 5.91774853e-05 1.20793529e-04 1.72571602e-05 4.08472149e-06 7.49977995e-06 2.79343774e-06 8.03466683e-08 1.35571376e-09 9.17162790e-11
 2008 09 19 12 00 00  3.50362510e-03 2.12520719e-03 1.16185538e-03 8.17843678e-04 5.73429597e-04 3.31895041e-04 2.31385819e-04 1.88270944e-04 3.75527956e-04 1.10958043e-04 2.56921380e-03 3.74984518e-03 1.98900366e-04 5.78471646e-05 3.86266595e-05 1.02052593e-04 2.74134887e-05 4.47105267e-05 1.01454474e-04 6.37773075e-05 1.10688128e-04 1.34205664e-04 8.44143110e-05 6.34176010e-05 4.47568164e-06 8.59797510e-06 5.82710491e-06 2.18773878e-05 4.73772197e-06 1.48699593e-05 3.65214716e-05 3.44704691e-05 1.00661302e-05 3.93452221e-05 3.10325588e-05 1.31845853e-05 3.40136500e-05 3.86247334e-05 9.08046059e-06 3.22518394e-05 6.44736013e-05 2.08411002e-05 1.66509202e-04 3.27464927e-04 1.30985971e-05 8.59488072e-05 6.43468047e-07 2.26309581e-05 1.76928319e-04 3.54761769e-04 5.86866386e-05 1.20147575e-04 1.76601918e-05 4.23119652e-06 7.83769869e-06 3.01838144e-06 9.04522363e-08 1.87852986e-09 1.39011447e-10
 2008 09 20 12 00 00  3.50577534e-03 2.12685619e-03 1.16287861e-03 8.18587451e-04 5.74079842e-04 3.32148134e-04 2.31650111e-04 1.88568310e-04 3.76299172e-04 1.11213417e-04 2.57538955e-03 3.76047306e-03 1.99249145e-04 5.79632644e-05 3.86835994e-05 1.02301750e-04 2.74827413e-05 4.48776875e-05 1.01709746e-04 6.39280071e-05 1.11026567e-04 1.34637468e-04 8.46022463e-05 6.35109981e-05 4.48057326e-06 8.59929496e-06 5.82890898e-06 2.19042413e-05 4.74107183e-06 1.48897849e-05 3.66239992e-05 3.44986212e-05 1.01237441e-05 3.94445182e-05 3.12287535e-05 1.31931272e-05 3.42053413e-05 3.88789800e-05 9.08155853e-06 3.24046720e-05 6.50354735e-05 2.09685779e-05 1.67483201e-04 3.29271156e-04 1.31708462e-05 8.72085270e-05 1.00824345e-06 2.28780598e-05 1.78947197e-04 3.56858950e-04 5.91721341e-05 1.21291100e-04 1.77103998e-05 4.24946122e-06 7.87992099e-06 3.04749360e-06 9.18330084e-08 1.95553556e-09 1.46121404e-10
 2008 09 21 12 00 00  3.50590810e-03 2.12709774e-03 1.16301781e-03 8.18673573e-04 5.74147205e-04 3.32154745e-04 2.31665068e-04 1.88588894e-04 3.76348678e-04 1.11259124e-04 2.57577959e-03 3.76047604e-03 1.99294662e-04 5.79960381e-05 3.86936706e-05 1.02328776e-04 2.74890568e-05 4.48854262e-05 1.01777392e-04 6.39817677e-05 1.11034522e-04 1.34647499e-04 8.46112242e-05 6.35233958e-05 4.48097016e-06 8.59940046e-06 5.82894172e-06 2.19082723e-05 4.74225126e-06 1.48933644e-05 3.66379538e-05 3.45008331e-05 1.01293139e-05 3.94558742e-05 3.12979129e-05 1.31931971e-05 3.42274664e-05 3.89011721e-05 9.08164802e-06 3.24317324e-05 6.50943773e-05 2.10139144e-05 1.67564626e-04 3.29908351e-04 1.31963340e-05 8.74436755e-05 1.02934900e-06 2.29658574e-05 1.79281509e-04 3.57224812e-04 5.92981837e-05 1.21381466e-04 1.77035351e-05 4.24699303e-06 7.87435620e-06 3.04531397e-06 9.18456099e-08 1.96463188e-09 1.47162305e-10
 2008 09 22 12 00 00  3.51725160e-03 2.13396512e-03 1.16741708e-03 8.22139112e-04 5.77321495e-04 3.33626619e-04 2.33092205e-04 1.90147458e-04 3.80409678e-04 1.12221480e-04 2.60840710e-03 3.82422395e-03 2.00828325e-04 5.82857690e-05 3.89100268e-05 1.03532079e-04 2.78647756e-05 4.58395836e-05 1.02485274e-04 6.42118684e-05 1.13014935e-04 1.37174977e-04 8.56511489e-05 6.39513446e-05 4.50781226e-06 8.61770168e-06 5.83955880e-06 2.20315627e-05 4.74737717e-06 1.49749988e-05 3.71182410e-05 3.46558081e-05 1.04398576e-05 3.99342739e-05 3.15980520e-05 1.32440255e-05 3.51446760e-05 4.02094247e-05 9.09687733e-06 3.30410429e-05 6.78813604e-05 2.12086466e-05 1.72684977e-04 3.32671155e-04 1.33068462e-05 9.24481534e-05 3.08481722e-06 2.33433791e-05 1.87758602e-04 3.65793419e-04 6.07031106e-05 1.27872189e-04 1.84702145e-05 4.52571128e-06 8.51776001e-06 3.47830750e-06 1.11638244e-07 3.01462624e-09 2.42818921e-10
 2008 09 23 12 00 00  3.51571739e-03 2.13354467e-03 1.16710000e-03 8.21788249e-04 5.76949438e-04 3.33386539e-04 2.32887975e-04 1.89937037e-04 3.79860821e-04 1.12197238e-04 2.60395783e-03 3.81360054e-03 2.00705235e-04 5.83354886e-05 3.89041594e-05 1.03394396e-04 2.78052292e-05 4.56843234e-05 1.02565322e-04 6.43367879e-05 1.12689087e-04 1.36758620e-04 8.54947731e-05 6.39174536e-05 4.50353218e-06 8.62379966e-06 5.83780529e-06 2.20189239e-05 4.75013148e-06 1.49691338e-05 3.70638271e-05 3.46310524e-05 1.03908147e-05 3.98868471e-05 3.17594968e-05 1.32355883e-05 3.50416576e-05 4.00342218e-05 9.10195304e-06 3.30256457e-05 6.75332621e-05 2.13141218e-05 1.72025283e-04 3.34158204e-04 1.33663282e-05 9.22229243e-05 2.75252441e-06 2.35477099e-05 1.87131238e-04 3.65279977e-04 6.08221413e-05 1.27156662e-04 1.87121278e-05 4.61368918e-06 8.72101031e-06 3.61696490e-06 1.18110870e-07 3.36809229e-09 2.75274559e-10
 2008 09 24 12 00 00  3.51740331e-03 2.13424597e-03 1.16757887e-03 8.22237308e-04 5.77397052e-04 3.33633367e-04 2.33108890e-04 1.90170631e-04 3.80466010e-04 1.12274585e-04 2.60884929e-03 3.82422693e-03 2.00881043e-04 5.83239454e-05 3.89217614e-05 1.03562376e-04 2.78710853e-05 4.58473165e-05 1.02563827e-04 6.42746279e-05 1.13022656e-04 1.37185007e-04 8.56609439e-05 6.39586365e-05 4.50820953e-06 8.60852961e-06 5.83959190e-06 2.20353366e-05 4.74875269e-06 1.49789702e-05 3.71330869e-05 3.46580200e-05 1.04454273e-05 3.99413672e-05 3.16787307e-05 1.32440939e-05 3.51682944e-05 4.02332011e-05 9.08924922e-06 3.30597808e-05 6.79450612e-05 2.12615661e-05 1.72726226e-04 3.33414534e-04 1.33365814e-05 9.27094446e-05 3.10592295e-06 2.34458552e-05 1.88133670e-04 3.66176269e-04 6.08483263e-05 1.27662707e-04 1.80541748e-05 4.37454162e-06 8.16916948e-06 3.24812916e-06 1.01433007e-07 2.49700625e-09 1.96261096e-10
 2008 09 25 12 00 00  3.52666716e-03 2.13958742e-03 1.17102537e-03 8.25003921e-04 5.79956960e-04 3.34857008e-04 2.34279955e-04 1.91442666e-04 3.83781214e-04 1.13004571e-04 2.63551146e-03 3.87734957e-03 2.02088623e-04 5.85125029e-05 3.90857931e-05 1.04531030e-04 2.81824090e-05 4.66402707e-05 1.03044561e-04 6.43785752e-05 1.14670194e-04 1.39288418e-04 8.65184755e-05 6.42844907e-05 4.53046559e-06 8.60361688e-06 5.84843001e-06 2.21328048e-05 4.75113120e-06 1.50428436e-05 3.75196591e-05 3.47865425e-05 1.07026441e-05 4.03134391e-05 3.18176084e-05 1.32864327e-05 3.59046083e-05 4.12996380e-05 9.08516158e-06 3.35017306e-05 7.02035476e-05 2.13500563e-05 1.76811975e-04 3.34690938e-04 1.33876375e-05 9.65506125e-05 4.81286625e-06 2.36177410e-05 1.94775760e-04 3.72778506e-04 6.18287887e-05 1.32393269e-04 1.78461174e-05 4.29890970e-06 7.99460490e-06 3.13096248e-06 9.60994836e-08 2.21573888e-09 1.70679226e-10
 2008 09 26 12 00 00  3.51739108e-03 2.13420929e-03 1.16755758e-03 8.22229351e-04 5.77394253e-04 3.33635453e-04 2.33108619e-04 1.90169490e-04 3.80461496e-04 1.12267573e-04 2.60882344e-03 3.82422768e-03 2.00874337e-04 5.83177734e-05 3.89198729e-05 1.03561354e-04 2.78735155e-05 4.58502938e-05 1.02549839e-04 6.42641971e-05 1.13025318e-04 1.37188862e-04 8.56616617e-05 6.39477358e-05 4.50836233e-06 8.59411884e-06 5.83960427e-06 2.20347422e-05 4.74856461e-06 1.49790176e-05 3.71345077e-05 3.46588669e-05 1.04475694e-05 3.99322254e-05 3.16674443e-05 1.32441201e-05 3.51671538e-05 4.02340678e-05 9.07725989e-06 3.30379521e-05 6.79471626e-05 2.12531086e-05 1.72660840e-04 3.33309200e-04 1.33323680e-05 9.26840145e-05 3.11403710e-06 2.34296895e-05 1.88123030e-04 3.66114122e-04 6.08304759e-05 1.27234183e-04 1.74399700e-05 4.15127927e-06 7.65390718e-06 2.90283512e-06 8.57542183e-08 1.67313452e-09 1.21403243e-10
 2008 09 27 12 00 00  3.50586878e-03 2.12695127e-03 1.16293418e-03 8.18651653e-04 5.74149748e-04 3.32165419e-04 2.31666944e-04 1.88588298e-04 3.76338060e-04 1.11232057e-04 2.57572058e-03 3.76048163e-03 1.99270478e-04 5.79753118e-05 3.86872497e-05 1.02329975e-04 2.75011931e-05 4.49003011e-05 1.01736972e-04 6.39454287e-05 1.11049082e-04 1.34666789e-04 8.46157842e-05 6.35047894e-05 4.48173450e-06 8.57555788e-06 5.82900466e-06 2.19090066e-05 4.74146800e-06 1.48941640e-05 3.66457617e-05 3.45050794e-05 1.01400241e-05 3.94414562e-05 3.12518852e-05 1.31933280e-05 3.42290920e-05 3.89106523e-05 9.06181522e-06 3.23902629e-05 6.51173140e-05 2.09833830e-05 1.67490293e-04 3.29483793e-04 1.31793517e-05 8.73853928e-05 1.06993484e-06 2.29068013e-05 1.79291692e-04 3.57133401e-04 5.92431067e-05 1.20741875e-04 1.66552542e-05 3.86602128e-06 6.99549195e-06 2.46073193e-06 6.56163731e-08 6.10174600e-10 2.47000809e-11
 2008 09 28 12 00 00  3.50560705e-03 2.12640091e-03 1.16261834e-03 8.18486588e-04 5.74040774e-04 3.32164507e-04 2.31643905e-04 1.88553672e-04 3.76245660e-04 1.11128873e-04 2.57500933e-03 3.76048200e-03 1.99170866e-04 5.79014267e-05 3.86644617e-05 1.02286341e-04 2.75021652e-05 4.49014915e-05 1.01589580e-04 6.38216850e-05 1.11050321e-04 1.34668338e-04 8.46050090e-05 6.34858116e-05 4.48179562e-06 8.58022249e-06 5.82900975e-06 2.19047681e-05 4.73870678e-06 1.48889266e-05 3.66298670e-05 3.45054199e-05 1.01408812e-05 3.94254449e-05 3.10902542e-05 1.31933397e-05 3.41960480e-05 3.88838013e-05 9.06569694e-06 3.23413033e-05 6.50429363e-05 2.08786296e-05 1.67422273e-04 3.27996139e-04 1.31198456e-05 8.69516671e-05 1.07318647e-06 2.27036944e-05 1.78742662e-04 3.56520372e-04 5.89815697e-05 1.20854199e-04 1.68472043e-05 3.93581086e-06 7.15663771e-06 2.56965842e-06 7.06299250e-08 8.78724826e-10 4.92305752e-11
 2008 09 29 12 00 00  3.50539131e-03 2.12596612e-03 1.16236834e-03 8.18348905e-04 5.73944308e-04 3.32160834e-04 2.31623201e-04 1.88523428e-04 3.76167745e-04 1.11047025e-04 2.57440796e-03 3.76048088e-03 1.99090993e-04 5.78422490e-05 3.86462418e-05 1.02247724e-04 2.74997379e-05 4.48985200e-05 1.01469322e-04 6.37232617e-05 1.11047099e-04 1.34664480e-04 8.45944584e-05 6.34641168e-05 4.48164283e-06 8.57628256e-06 5.82899738e-06 2.18999287e-05 4.73654436e-06 1.48841571e-05 3.66140339e-05 3.45045701e-05 1.01387399e-05 3.94066122e-05 3.09634575e-05 1.31933120e-05 3.41656385e-05 3.88572194e-05 9.06241985e-06 3.22911302e-05 6.49707745e-05 2.07955905e-05 1.67310449e-04 3.26827979e-04 1.30731192e-05 8.65823711e-05 1.06507214e-06 2.25428666e-05 1.78261504e-04 3.55966024e-04 5.87675728e-05 1.20663442e-04 1.66745729e-05 3.87307119e-06 7.01189628e-06 2.47330822e-06 6.63014159e-08 6.54788401e-10 2.89727853e-11
 2008 09 30 12 00 00  3.51301259e-03 2.13068689e-03 1.16538224e-03 8.20694200e-04 5.76077704e-04 3.33139681e-04 2.32578050e-04 1.89568324e-04 3.78893465e-04 1.11714807e-04 2.59630452e-03 3.80297825e-03 2.00137651e-04 5.80527604e-05 3.87958780e-05 1.03056877e-04 2.77471408e-05 4.55308531e-05 1.01971965e-04 6.39065925e-05 1.12362983e-04 1.36344573e-04 8.52886838e-05 6.37384333e-05 4.49934378e-06 8.56663828e-06 5.83605979e-06 2.19809457e-05 4.74069930e-06 1.49393374e-05 3.69354157e-05 3.46068147e-05 1.03430553e-05 3.97156180e-05 3.12062941e-05 1.32271656e-05 3.47804149e-05 3.97307272e-05 9.05439811e-06 3.26813966e-05 6.68343312e-05 2.09513164e-05 1.70619460e-04 3.29061049e-04 1.31624419e-05 8.99950762e-05 2.42509759e-06 2.28451478e-05 1.84007895e-04 3.61726314e-04 5.97620006e-05 1.24274079e-04 1.62552667e-05 3.72067401e-06 6.66027845e-06 2.23880825e-06 5.57348686e-08 2.13207274e-10 1.00000000e-10
 2008 10 01 12 00 00  3.50947765e-03 2.12889848e-03 1.16420334e-03 8.19695227e-04 5.75127414e-04 3.32652779e-04 2.32125477e-04 1.89082673e-04 3.77627731e-04 1.11488037e-04 2.58611095e-03 3.78172956e-03 1.99717761e-04 5.80232931e-05 3.87444455e-05 1.02698983e-04 2.76241655e-05 4.52155771e-05 1.01870479e-04 6.39418140e-05 1.11705698e-04 1.35505675e-04 8.49538187e-05 6.36152876e-05 4.49053878e-06 8.55788530e-06 5.83253204e-06 2.19447425e-05 4.74148874e-06 1.49174787e-05 3.67931572e-05 3.45559441e-05 1.02415390e-05 3.95730019e-05 3.12524906e-05 1.32102461e-05 3.45083624e-05 3.93239170e-05 9.04711487e-06 3.25260221e-05 6.59851742e-05 2.09811653e-05 1.69001658e-04 3.29486144e-04 1.31794457e-05 8.87404582e-05 1.74750858e-06 2.29030382e-05 1.81723973e-04 3.59472999e-04 5.95360331e-05 1.22082255e-04 1.58732772e-05 3.58184236e-06 6.33997466e-06 2.02536835e-06 4.61300331e-08 1.00000000e-10 1.00000000e-10
 2008 10 02 12 00 00  3.50938413e-03 2.12870243e-03 1.16409057e-03 8.19635579e-04 5.75087431e-04 3.32652570e-04 2.32117086e-04 1.89069980e-04 3.77594018e-04 1.11451110e-04 2.58585571e-03 3.78172994e-03 1.99681860e-04 5.79960829e-05 3.87360711e-05 1.02683025e-04 2.76246486e-05 4.52161708e-05 1.01814739e-04 6.38964237e-05 1.11706440e-04 1.35506448e-04 8.49500356e-05 6.36120733e-05 4.49056934e-06 8.56450861e-06 5.83253423e-06 2.19435557e-05 4.74050976e-06 1.49156055e-05 3.67881194e-05 3.45561130e-05 1.02419668e-05 3.95701761e-05 3.11949640e-05 1.32102519e-05 3.44972704e-05 3.93146763e-05 9.05262714e-06 3.25148831e-05 6.59592093e-05 2.09430131e-05 1.69003499e-04 3.28955536e-04 1.31582214e-05 8.85887398e-05 1.74913475e-06 2.28292469e-05 1.81525894e-04 3.59266897e-04 5.94402306e-05 1.22273566e-04 1.61445954e-05 3.68049243e-06 6.56777449e-06 2.17952620e-06 5.32380406e-08 1.34620137e-10 1.00000000e-10
 2008 10 03 12 00 00  3.50800612e-03 2.12863475e-03 1.16397451e-03 8.19379277e-04 5.74769470e-04 3.32410000e-04 2.31924138e-04 1.88877229e-04 3.77096097e-04 1.11492064e-04 2.58180947e-03 3.77110504e-03 1.99619899e-04 5.80893419e-05 3.87437201e-05 1.02567164e-04 2.75612198e-05 4.50561522e-05 1.01974429e-04 6.40956510e-05 1.11375970e-04 1.35083916e-04 8.47983691e-05 6.35963322e-05 4.48604515e-06 8.57772175e-06 5.83076107e-06 2.19331405e-05 4.74506960e-06 1.49123378e-05 3.67421923e-05 3.45300039e-05 1.01894962e-05 3.95370134e-05 3.14611854e-05 1.32017711e-05 3.44129433e-05 3.91516576e-05 9.06362184e-06 3.25420765e-05 6.56452319e-05 2.11126157e-05 1.68418872e-04 3.31402228e-04 1.32560891e-05 8.86211530e-05 1.40385382e-06 2.31586906e-05 1.81187296e-04 3.59115083e-04 5.97098427e-05 1.21769337e-04 1.67032285e-05 3.88356523e-06 7.03649417e-06 2.49424823e-06 6.75731396e-08 7.45871775e-10 3.78653775e-11
 2008 10 04 12 00 00  3.50669079e-03 2.12868517e-03 1.16392721e-03 8.19165182e-04 5.74484372e-04 3.32169211e-04 2.31738175e-04 1.88694656e-04 3.76623117e-04 1.11555809e-04 2.57794647e-03 3.76048051e-03 1.99581117e-04 5.82012345e-05 3.87570552e-05 1.02464335e-04 2.74992490e-05 4.48979234e-05 1.02176257e-04 6.43251755e-05 1.11046822e-04 1.34663707e-04 8.46501705e-05 6.35713141e-05 4.48161227e-06 8.57033810e-06 5.82899484e-06 2.19229842e-05 4.75019879e-06 1.49106138e-05 3.66998052e-05 3.45044013e-05 1.01383106e-05 3.94966760e-05 3.17614205e-05 1.31933077e-05 3.43354615e-05 3.89963668e-05 9.05747947e-06 3.25553431e-05 6.53532326e-05 2.13069899e-05 1.67759353e-04 3.34165413e-04 1.33666165e-05 8.87542127e-05 1.06344669e-06 2.35356070e-05 1.81002848e-04 3.59070441e-04 6.00469216e-05 1.20645491e-04 1.63861915e-05 3.76832843e-06 6.77056941e-06 2.31636444e-06 5.95190768e-08 3.58045193e-10 1.00000000e-10
 2008 10 05 12 00 00  3.51148577e-03 2.13030544e-03 1.16508585e-03 8.20343469e-04 5.75697208e-04 3.32896946e-04 2.32371969e-04 1.89355676e-04 3.78342389e-04 1.11696773e-04 2.59185387e-03 3.79235335e-03 2.00018547e-04 5.81030007e-05 3.87902762e-05 1.02916037e-04 2.76846811e-05 4.53720219e-05 1.02044388e-04 6.40339043e-05 1.12033696e-04 1.35923578e-04 8.51311001e-05 6.37109773e-05 4.49487998e-06 8.58133499e-06 5.83429064e-06 2.19681150e-05 4.74368826e-06 1.49331277e-05 3.68811499e-05 3.45810375e-05 1.02914397e-05 3.96725278e-05 3.13803466e-05 1.32186949e-05 3.46775771e-05 3.95528180e-05 9.06663190e-06 3.26787905e-05 6.64789314e-05 2.10603190e-05 1.69992647e-04 3.30658312e-04 1.32263325e-05 8.97806330e-05 2.08305355e-06 2.30572725e-05 1.83357490e-04 3.61220877e-04 5.98802642e-05 1.23776294e-04 1.68396506e-05 3.93319633e-06 7.15124183e-06 2.57355060e-06 7.13473032e-08 9.57291268e-10 5.74081505e-11
 2008 10 06 12 00 00  3.51300534e-03 2.13068790e-03 1.16538115e-03 8.20685293e-04 5.76065121e-04 3.33138244e-04 2.32575494e-04 1.89564624e-04 3.78886318e-04 1.11713907e-04 2.59626882e-03 3.80297713e-03 2.00134953e-04 5.80478841e-05 3.87944790e-05 1.03052096e-04 2.77456827e-05 4.55290632e-05 1.01953426e-04 6.38997939e-05 1.12361487e-04 1.36342252e-04 8.52875945e-05 6.37471609e-05 4.49925210e-06 8.58003186e-06 5.83605179e-06 2.19811520e-05 4.74073859e-06 1.49388815e-05 3.69361609e-05 3.46063025e-05 1.03417689e-05 3.97220493e-05 3.12074175e-05 1.32271511e-05 3.47803075e-05 3.97284562e-05 9.06554778e-06 3.26969736e-05 6.68274782e-05 2.09471415e-05 1.70678855e-04 3.29065235e-04 1.31626094e-05 8.99873047e-05 2.42022033e-06 2.28380610e-05 1.83964376e-04 3.61721874e-04 5.97443159e-05 1.24641003e-04 1.67795468e-05 3.91135960e-06 7.10089704e-06 2.54043154e-06 6.98880079e-08 8.83977103e-10 5.08323439e-11
 2008 10 07 12 00 00  3.51675425e-03 2.13291251e-03 1.16680986e-03 8.21818459e-04 5.77106824e-04 3.33628770e-04 2.33047856e-04 1.90078989e-04 3.80226859e-04 1.12022152e-04 2.60705299e-03 3.82422693e-03 2.00633406e-04 5.81336236e-05 3.88632964e-05 1.03446743e-04 2.78710853e-05 4.58473165e-05 1.02163946e-04 6.39588397e-05 1.13021421e-04 1.37185007e-04 8.56329185e-05 6.38760436e-05 4.50820953e-06 8.57053965e-06 5.83959190e-06 2.20206121e-05 4.74213521e-06 1.49654049e-05 3.70947540e-05 3.46580200e-05 1.04454273e-05 3.98695161e-05 3.12886812e-05 1.32440939e-05 3.50805503e-05 4.01603205e-05 9.05764973e-06 3.28727868e-05 6.77453208e-05 2.09977792e-05 1.72295604e-04 3.29810651e-04 1.31924261e-05 9.15928923e-05 3.10592295e-06 2.29366589e-05 1.86715642e-04 3.64445243e-04 6.01751109e-05 1.26310343e-04 1.63730582e-05 3.76360642e-06 6.75992364e-06 2.31219622e-06 5.95433747e-08 3.68742770e-10 1.60813585e-12
 2008 10 08 12 00 00  3.51879356e-03 2.13436019e-03 1.16771707e-03 8.22490207e-04 5.77700558e-04 3.33876265e-04 2.33299606e-04 1.90359087e-04 3.80956613e-04 1.12239416e-04 2.61290231e-03 3.83485220e-03 2.00944189e-04 5.82223326e-05 3.89118205e-05 1.03673232e-04 2.79350032e-05 4.60079289e-05 1.02362631e-04 6.40646555e-05 1.13353409e-04 1.37608312e-04 8.58133142e-05 6.39670391e-05 4.51276464e-06 8.58302446e-06 5.84136797e-06 2.20448108e-05 4.74450353e-06 1.49822292e-05 3.71859312e-05 3.46843008e-05 1.04983272e-05 3.99660529e-05 3.14272736e-05 1.32525791e-05 3.52548856e-05 4.03964961e-05 9.06803907e-06 3.30176181e-05 6.82587748e-05 2.10874176e-05 1.73258607e-04 3.31086093e-04 1.32434437e-05 9.26861018e-05 3.45282970e-06 2.31104976e-05 1.88454403e-04 3.66270510e-04 6.05551905e-05 1.27720762e-04 1.68928836e-05 3.95259140e-06 7.19622016e-06 2.60625120e-06 7.30164121e-08 1.05892779e-09 6.69970579e-11
 2008 10 09 12 00 00  3.51916206e-03 2.13514574e-03 1.16816739e-03 8.22721094e-04 5.77849496e-04 3.33876138e-04 2.33331004e-04 1.90406626e-04 3.81085084e-04 1.12386349e-04 2.61389486e-03 3.83485071e-03 2.01085322e-04 5.83264468e-05 3.89439624e-05 1.03732921e-04 2.79320899e-05 4.60043608e-05 1.02567827e-04 6.42395637e-05 1.13350340e-04 1.37603683e-04 8.58276834e-05 6.40104365e-05 4.51258129e-06 8.60011787e-06 5.84135305e-06 2.20518890e-05 4.74845874e-06 1.49893662e-05 3.72082368e-05 3.46832792e-05 1.04957566e-05 4.00023033e-05 3.16585036e-05 1.32525485e-05 3.53028726e-05 4.04334943e-05 9.08226211e-06 3.31175866e-05 6.83605758e-05 2.12359228e-05 1.73467406e-04 3.33212665e-04 1.33285066e-05 9.33088037e-05 3.44309010e-06 2.33987113e-05 1.89210665e-04 3.67191695e-04 6.09218954e-05 1.28278799e-04 1.76159163e-05 4.21542545e-06 7.80287390e-06 3.01354699e-06 9.15650933e-08 2.03772839e-09 1.56036795e-10
 2008 10 10 12 00 00  3.51731291e-03 2.13409259e-03 1.16748648e-03 8.22169087e-04 5.77335953e-04 3.33630376e-04 2.33096381e-04 1.90151879e-04 3.80422286e-04 1.12242971e-04 2.60856596e-03 3.82422581e-03 2.00845873e-04 5.82899868e-05 3.89115646e-05 1.03538596e-04 2.78686610e-05 4.58443450e-05 1.02472584e-04 6.42212166e-05 1.13019485e-04 1.37181152e-04 8.56557278e-05 6.39484067e-05 4.50805674e-06 8.60530199e-06 5.83957917e-06 2.20324172e-05 4.74806839e-06 1.49764921e-05 3.71305899e-05 3.46571673e-05 1.04432860e-05 3.99302820e-05 3.16355377e-05 1.32440691e-05 3.51557280e-05 4.02193134e-05 9.08657530e-06 3.30355332e-05 6.79065463e-05 2.12205516e-05 1.72667289e-04 3.33000655e-04 1.33200262e-05 9.25467834e-05 3.09780880e-06 2.33690080e-05 1.87878007e-04 3.65882267e-04 6.07287812e-05 1.27447904e-04 1.78315572e-05 4.29382333e-06 7.98386790e-06 3.13555914e-06 9.71573144e-08 2.33551365e-09 1.83193793e-10
 2008 10 11 12 00 00  3.52236115e-03 2.13622666e-03 1.16894026e-03 8.23508294e-04 5.78660276e-04 3.34362050e-04 2.33754098e-04 1.90847920e-04 3.82232295e-04 1.12480480e-04 2.62317634e-03 3.85609977e-03 2.01377215e-04 5.82609404e-05 3.89661038e-05 1.04034964e-04 2.80565204e-05 4.63214208e-05 1.02480106e-04 6.40452548e-05 1.14009936e-04 1.38444891e-04 8.61488252e-05 6.41222095e-05 4.52147760e-06 8.63308087e-06 5.84488807e-06 2.20838916e-05 4.74411900e-06 1.50045310e-05 3.73308190e-05 3.47346562e-05 1.05985579e-05 4.01353974e-05 3.14044650e-05 1.32694826e-05 3.55345734e-05 4.08070138e-05 9.10969029e-06 3.32338408e-05 6.91165840e-05 2.10713959e-05 1.75091765e-04 3.30874575e-04 1.32349830e-05 9.40192958e-05 4.12554109e-06 2.30796868e-05 1.90791650e-04 3.68715858e-04 6.08120044e-05 1.31180701e-04 1.90056893e-05 4.72064137e-06 8.96902731e-06 3.79709649e-06 1.27293021e-07 3.92640125e-09 3.27930372e-10
 2008 10 12 12 00 00  3.52082613e-03 2.13580675e-03 1.16862308e-03 8.23156063e-04 5.78286232e-04 3.34121941e-04 2.33549506e-04 1.90636895e-04 3.81682207e-04 1.12456092e-04 2.61872257e-03 3.84547636e-03 2.01253600e-04 5.83095246e-05 3.89599098e-05 1.03896545e-04 2.79969739e-05 4.61661606e-05 1.02555718e-04 6.41685445e-05 1.13683708e-04 1.38028522e-04 8.59924103e-05 6.40781075e-05 4.51719752e-06 8.62480447e-06 5.84313420e-06 2.20702644e-05 4.74688241e-06 1.49986246e-05 3.72764302e-05 3.47099034e-05 1.05495121e-05 4.00791145e-05 3.15661746e-05 1.32610439e-05 3.54300929e-05 4.06309256e-05 9.10280432e-06 3.31995256e-05 6.87666014e-05 2.11758743e-05 1.74358816e-04 3.32362587e-04 1.32945035e-05 9.37830968e-05 3.79323683e-06 2.32823266e-05 1.90158860e-04 3.68152348e-04 6.09274533e-05 1.30020096e-04 1.86471817e-05 4.59033829e-06 8.66837024e-06 3.59640082e-06 1.18236507e-07 3.45477913e-09 2.85186852e-10
 2008 10 13 12 00 00  3.52266789e-03 2.13685801e-03 1.16930270e-03 8.23702423e-04 5.78792165e-04 3.34365457e-04 2.33782268e-04 1.90889516e-04 3.82341337e-04 1.12598946e-04 2.62402057e-03 3.85610014e-03 2.01492001e-04 5.83454936e-05 3.89921740e-05 1.04087806e-04 2.80579756e-05 4.63232078e-05 1.02649100e-04 6.41865015e-05 1.14011924e-04 1.38447200e-04 8.61627908e-05 6.41502732e-05 4.52156892e-06 8.63530295e-06 5.84489535e-06 2.20900045e-05 4.74727567e-06 1.50110149e-05 3.73520426e-05 3.47351655e-05 1.05998421e-05 4.01593910e-05 3.15892452e-05 1.32694971e-05 3.55760948e-05 4.08420708e-05 9.11154057e-06 3.33007683e-05 6.92123623e-05 2.11910141e-05 1.75223884e-04 3.32575157e-04 1.33030063e-05 9.45379478e-05 4.13040361e-06 2.33116429e-05 1.91455410e-04 3.69474731e-04 6.11152444e-05 1.31306702e-04 1.90877627e-05 4.75050501e-06 9.03809595e-06 3.84510619e-06 1.29597207e-07 4.05686809e-09 3.40023432e-10
 2008 10 14 12 00 00  3.52300906e-03 2.13756755e-03 1.16970973e-03 8.23917455e-04 5.78935929e-04 3.34368228e-04 2.33812906e-04 1.90935011e-04 3.82461639e-04 1.12731871e-04 2.62495356e-03 3.85610014e-03 2.01620368e-04 5.84398161e-05 3.90212751e-05 1.04145437e-04 2.80584616e-05 4.63238015e-05 1.02836068e-04 6.43444073e-05 1.14012511e-04 1.38447971e-04 8.61777414e-05 6.41754404e-05 4.52159984e-06 8.62943270e-06 5.84489790e-06 2.20959535e-05 4.75083252e-06 1.50180585e-05 3.73747006e-05 3.47353343e-05 1.06002699e-05 4.01806924e-05 3.17972532e-05 1.32695030e-05 3.56206273e-05 4.08791953e-05 9.10665767e-06 3.33645058e-05 6.93144579e-05 2.13249616e-05 1.75322735e-04 3.34488644e-04 1.33795458e-05 9.51067970e-05 4.13202979e-06 2.35715313e-05 1.92182261e-04 3.70283085e-04 6.14520587e-05 1.31178883e-04 1.88354354e-05 4.65878945e-06 8.82645184e-06 3.70356569e-06 1.23191056e-07 3.72181663e-09 3.09620218e-10
 2008 10 15 12 00 00  3.52511791e-03 2.13917122e-03 1.17070624e-03 8.24632221e-04 5.79555194e-04 3.34614443e-04 2.34069893e-04 1.91223438e-04 3.83215053e-04 1.12978213e-04 2.63098418e-03 3.86672504e-03 2.01958782e-04 5.85490789e-05 3.90761523e-05 1.04382151e-04 2.81204353e-05 4.64820361e-05 1.03074627e-04 6.44849904e-05 1.14341949e-04 1.38868194e-04 8.63601294e-05 6.42679125e-05 4.52603272e-06 8.63608220e-06 5.84666413e-06 2.21205423e-05 4.75399283e-06 1.50360387e-05 3.74686473e-05 3.47609370e-05 1.06514570e-05 4.02782110e-05 3.19821236e-05 1.32779678e-05 3.58020274e-05 4.11201602e-05 9.11219104e-06 3.35164847e-05 6.98419721e-05 2.14441679e-05 1.76272028e-04 3.36189472e-04 1.34475789e-05 9.63085782e-05 4.47244784e-06 2.38027889e-05 1.94052058e-04 3.72243931e-04 6.19025104e-05 1.32391975e-04 1.91050634e-05 4.75683159e-06 9.05288113e-06 3.85718672e-06 1.30302153e-07 4.10573477e-09 3.44764017e-10
 2008 10 16 12 00 00  3.53409738e-03 2.14392107e-03 1.17381349e-03 8.27219942e-04 5.81995778e-04 3.35835712e-04 2.35215498e-04 1.92457707e-04 3.86430314e-04 1.13597459e-04 2.65686921e-03 3.91984731e-03 2.03059539e-04 5.86594309e-05 3.92160442e-05 1.05302944e-04 2.84312729e-05 4.72743937e-05 1.03401217e-04 6.44579413e-05 1.15989274e-04 1.40970835e-04 8.72051628e-05 6.45832795e-05 4.54825822e-06 8.65096881e-06 5.85550006e-06 2.22140169e-05 4.75340385e-06 1.50940416e-05 3.78365292e-05 3.48892965e-05 1.09082459e-05 4.06415011e-05 3.19475599e-05 1.33203008e-05 3.65026732e-05 4.21563351e-05 9.12457981e-06 3.39246464e-05 7.20166170e-05 2.14213942e-05 1.80350909e-04 3.35870852e-04 1.34348341e-05 9.96854420e-05 6.17776896e-06 2.37587068e-05 2.00089228e-04 3.78219001e-04 6.26034373e-05 1.37680196e-04 1.97179600e-05 4.97966985e-06 9.56741478e-06 4.20493831e-06 1.46304666e-07 4.96265287e-09 4.23032187e-10
 2008 10 17 12 00 00  3.52445783e-03 2.13779355e-03 1.16991550e-03 8.24215401e-04 5.79277171e-04 3.34610361e-04 2.34010891e-04 1.91135331e-04 3.82981460e-04 1.12719845e-04 2.62918208e-03 3.86672541e-03 2.01709031e-04 5.83642592e-05 3.90191568e-05 1.04270801e-04 2.81209213e-05 4.64826298e-05 1.02705559e-04 6.41757506e-05 1.14341995e-04 1.38868970e-04 8.63319392e-05 6.42026717e-05 4.52606328e-06 8.62410161e-06 5.84666668e-06 2.21078123e-05 4.74708941e-06 1.50225673e-05 3.74260494e-05 3.47611116e-05 1.06518863e-05 4.02229493e-05 3.15780053e-05 1.32779736e-05 3.57146841e-05 4.10488018e-05 9.10222589e-06 3.33620445e-05 6.96461628e-05 2.11823528e-05 1.75969670e-04 3.32470003e-04 1.32988001e-05 9.51950420e-05 4.47407365e-06 2.32951352e-05 1.92651931e-04 3.70610619e-04 6.12453478e-05 1.31898324e-04 1.85706823e-05 4.56264167e-06 8.60498958e-06 3.56027762e-06 1.17053511e-07 3.42718369e-09 2.83558199e-10
 2008 10 18 12 00 00  3.52165629e-03 2.13754051e-03 1.16961739e-03 8.23678364e-04 5.78633106e-04 3.34127589e-04 2.33623335e-04 1.90746811e-04 3.81973996e-04 1.12780722e-04 2.62098621e-03 3.84547636e-03 2.01566675e-04 5.85393722e-05 3.90308409e-05 1.04035625e-04 2.79969739e-05 4.61661606e-05 1.03009937e-04 6.45536697e-05 1.13683540e-04 1.38028522e-04 8.60281680e-05 6.41360314e-05 4.51719752e-06 8.60647779e-06 5.84313420e-06 2.20841511e-05 4.75558227e-06 1.50155887e-05 3.73306519e-05 3.47099034e-05 1.05495121e-05 4.01279726e-05 3.20748222e-05 1.32610439e-05 3.55371784e-05 4.07195215e-05 9.08756338e-06 3.33489999e-05 6.90107759e-05 2.15027801e-05 1.74573136e-04 3.37040871e-04 1.34816348e-05 9.51617144e-05 3.79323683e-06 2.39167319e-05 1.91915721e-04 3.70094796e-04 6.17466925e-05 1.29535740e-04 1.78185494e-05 4.28924500e-06 7.97403469e-06 3.13758860e-06 9.78701024e-08 2.41988545e-09 1.92052552e-10
 2008 10 19 12 00 00  3.51968405e-03 2.13621561e-03 1.16878009e-03 8.23048069e-04 5.78070527e-04 3.33884027e-04 2.33378768e-04 1.90476188e-04 3.81267150e-04 1.12586138e-04 2.61533112e-03 3.83485332e-03 2.01277740e-04 5.84644333e-05 3.89866009e-05 1.03821795e-04 2.79369473e-05 4.60103154e-05 1.02835253e-04 6.44708751e-05 1.13356879e-04 1.37611408e-04 8.58526556e-05 6.40634085e-05 4.51288724e-06 8.61056542e-06 5.84137815e-06 2.20631467e-05 4.75382622e-06 1.50006009e-05 3.72488392e-05 3.46849789e-05 1.05000421e-05 4.00469937e-05 3.19714454e-05 1.32526009e-05 3.53765925e-05 4.04960580e-05 9.09096198e-06 3.32393068e-05 6.85299195e-05 2.14334475e-05 1.73739424e-04 3.36086422e-04 1.34434569e-05 9.41989952e-05 3.45933295e-06 2.37827800e-05 1.90341849e-04 3.68500630e-04 6.14224899e-05 1.28700182e-04 1.80011656e-05 4.35560560e-06 8.12708888e-06 3.23900367e-06 1.02392135e-07 2.65123510e-09 2.12913887e-10
 2008 10 20 12 00 00  3.52248515e-03 2.13646902e-03 1.16907815e-03 8.23584262e-04 5.78713366e-04 3.34366786e-04 2.33766092e-04 1.90864333e-04 3.82273823e-04 1.12525179e-04 2.62352419e-03 3.85610163e-03 2.01419783e-04 5.82886239e-05 3.89747173e-05 1.04056522e-04 2.80608918e-05 4.63267817e-05 1.02528015e-04 6.40919665e-05 1.14014735e-04 1.38451842e-04 8.61564011e-05 6.41136960e-05 4.52175300e-06 8.60535511e-06 5.84491063e-06 2.20852857e-05 4.74533917e-06 1.50075544e-05 3.73438284e-05 3.47361871e-05 1.06024141e-05 4.01280269e-05 3.14748089e-05 1.32695292e-05 3.55517305e-05 4.08240809e-05 9.08662842e-06 3.32222742e-05 6.91628359e-05 2.11124134e-05 1.75019726e-04 3.31516293e-04 1.32606517e-05 9.42163155e-05 4.14015849e-06 2.31601574e-05 1.91074736e-04 3.68941799e-04 6.09189489e-05 1.30340660e-04 1.77782718e-05 4.27458640e-06 7.94011565e-06 3.11382427e-06 9.67165445e-08 2.35363911e-09 1.85890214e-10
 2008 10 21 12 00 00  3.51721442e-03 2.13386360e-03 1.16735387e-03 8.22104954e-04 5.77297469e-04 3.33634899e-04 2.33089078e-04 1.90139125e-04 3.80385487e-04 1.12199330e-04 2.60831163e-03 3.82422842e-03 2.00803288e-04 5.82544068e-05 3.89006604e-05 1.03523506e-04 2.78744876e-05 4.58514842e-05 1.02394643e-04 6.41618914e-05 1.13026554e-04 1.37190410e-04 8.56544667e-05 6.39359440e-05 4.50842344e-06 8.59849824e-06 5.83960937e-06 2.20314710e-05 4.74692133e-06 1.49751475e-05 3.71311370e-05 3.46592074e-05 1.04484265e-05 3.99196930e-05 3.15672805e-05 1.32441302e-05 3.51470372e-05 4.02151843e-05 9.08092406e-06 3.30044103e-05 6.78930559e-05 2.11717823e-05 1.72626940e-04 3.32366751e-04 1.32946701e-05 9.23876116e-05 3.11728872e-06 2.32753853e-05 1.87699442e-04 3.65643859e-04 6.06127394e-05 1.27239101e-04 1.74812339e-05 4.16662497e-06 7.69101014e-06 2.94754295e-06 8.92132011e-08 1.96291450e-09 1.50478885e-10
 2008 10 22 12 00 00  3.51538688e-03 2.13285091e-03 1.16669605e-03 8.21566497e-04 5.76794033e-04 3.33390151e-04 2.32856731e-04 1.89887480e-04 3.79730277e-04 1.12063491e-04 2.60304482e-03 3.81360389e-03 2.00571167e-04 5.82228798e-05 3.88697888e-05 1.03333261e-04 2.78120307e-05 4.56926558e-05 1.02308481e-04 6.41517632e-05 1.12696304e-04 1.36769429e-04 8.54839413e-05 6.38586541e-05 4.50396001e-06 8.57950872e-06 5.83784058e-06 2.20110447e-05 4.74673143e-06 1.49628348e-05 3.70552044e-05 3.46334360e-05 1.03968123e-05 3.98348132e-05 3.15559591e-05 1.32356610e-05 3.50009721e-05 4.00032823e-05 9.06512505e-06 3.28950557e-05 6.74460330e-05 2.11635124e-05 1.71716729e-04 3.32261328e-04 1.32904531e-05 9.16476144e-05 2.77525578e-06 2.32595412e-05 1.86418887e-04 3.64316506e-04 6.04388543e-05 1.25661784e-04 1.66686075e-05 3.87124467e-06 7.00934565e-06 2.49118241e-06 6.85232081e-08 8.78139617e-10 5.19766008e-11
 2008 10 23 12 00 00  3.51333590e-03 2.13136603e-03 1.16576762e-03 8.20887982e-04 5.76199207e-04 3.33144765e-04 2.32605018e-04 1.89606748e-04 3.78997062e-04 1.11839336e-04 2.59717324e-03 3.80297974e-03 2.00254128e-04 5.81289739e-05 3.88196565e-05 1.03106371e-04 2.77505402e-05 4.55350179e-05 1.02099669e-04 6.40369137e-05 1.12367408e-04 1.36349976e-04 8.53042941e-05 6.37687022e-05 4.49955769e-06 8.56943516e-06 5.83607689e-06 2.19873906e-05 4.74416738e-06 1.49460931e-05 3.69655585e-05 3.46080022e-05 1.03460545e-05 3.97394318e-05 3.14058532e-05 1.32272020e-05 3.48272166e-05 3.97689533e-05 9.05674387e-06 3.27504661e-05 6.69366975e-05 2.10662751e-05 1.70774051e-04 3.30879814e-04 1.32351926e-05 9.05413312e-05 2.43646318e-06 2.30709949e-05 1.84674123e-04 3.62485858e-04 6.00440057e-05 1.24342856e-04 1.62364456e-05 3.71416114e-06 6.64684895e-06 2.24864194e-06 5.75375623e-08 3.38956951e-10 1.00000000e-10
 2008 10 24 12 00 00  3.51695193e-03 2.13331391e-03 1.16703794e-03 8.21938256e-04 5.77186114e-04 3.33633951e-04 2.33065605e-04 1.90103781e-04 3.80291625e-04 1.12095979e-04 2.60759534e-03 3.82422879e-03 2.00703068e-04 5.81791666e-05 3.88774851e-05 1.03478992e-04 2.78754538e-05 4.58526716e-05 1.02241834e-04 6.40362152e-05 1.13026964e-04 1.37191944e-04 8.56436453e-05 6.38942543e-05 4.50848456e-06 8.57151026e-06 5.83961446e-06 2.20251036e-05 4.74417175e-06 1.49698606e-05 3.71148299e-05 3.46595451e-05 1.04492821e-05 3.98842599e-05 3.14059755e-05 1.32441419e-05 3.51107214e-05 4.01865347e-05 9.05847264e-06 3.29136171e-05 6.78150597e-05 2.10658429e-05 1.72397817e-04 3.30880307e-04 1.32352123e-05 9.19312208e-05 3.12052543e-06 2.30702659e-05 1.87143938e-04 3.64925095e-04 6.03469255e-05 1.26344761e-04 1.63143085e-05 3.74248948e-06 6.71234995e-06 2.29398338e-06 5.97005624e-08 4.24484647e-10 1.10098985e-11
 2008 10 25 12 00 00  3.51670451e-03 2.13280185e-03 1.16674385e-03 8.21781476e-04 5.77080182e-04 3.33631822e-04 2.33043079e-04 1.90070296e-04 3.80203483e-04 1.11999821e-04 2.60691628e-03 3.82422879e-03 2.00609860e-04 5.81100429e-05 3.88561809e-05 1.03436578e-04 2.78749707e-05 4.58520808e-05 1.02102939e-04 6.39207428e-05 1.13026283e-04 1.37191184e-04 8.56327354e-05 6.38732925e-05 4.50845400e-06 8.57204359e-06 5.83961191e-06 2.20204785e-05 4.74161097e-06 1.49647121e-05 3.70986107e-05 3.46593763e-05 1.04488550e-05 3.98663523e-05 3.12559743e-05 1.32441361e-05 3.50780529e-05 4.01591890e-05 9.05891648e-06 3.28623537e-05 6.77399709e-05 2.09682272e-05 1.72306808e-04 3.29499128e-04 1.31799651e-05 9.15156547e-05 3.11891454e-06 2.28810779e-05 1.86612368e-04 3.64322388e-04 6.01002859e-05 1.26307802e-04 1.63249849e-05 3.74639903e-06 6.72151230e-06 2.30176382e-06 6.01720059e-08 4.58189575e-10 1.42994172e-11
 2008 10 26 12 00 00  3.50611848e-03 2.12747621e-03 1.16322980e-03 8.18796105e-04 5.74236616e-04 3.32171265e-04 2.31686941e-04 1.88615688e-04 3.76412609e-04 1.11326865e-04 2.57638612e-03 3.76048386e-03 1.99357160e-04 5.80265266e-05 3.87033973e-05 1.02365841e-04 2.75060476e-05 4.49062587e-05 1.01807617e-04 6.40346785e-05 1.11054864e-04 1.34674512e-04 8.46289563e-05 6.35168617e-05 4.48204009e-06 8.56143379e-06 5.82902976e-06 2.19132231e-05 4.74418011e-06 1.48995112e-05 3.66737078e-05 3.45067790e-05 1.01443089e-05 3.94493818e-05 3.14062170e-05 1.31933819e-05 3.42660495e-05 3.89415669e-05 9.05009074e-06 3.24209400e-05 6.51994463e-05 2.10648999e-05 1.67540018e-04 3.30881135e-04 1.32352454e-05 8.77984092e-05 1.08617787e-06 2.30686637e-05 1.79799028e-04 3.57655998e-04 5.94399365e-05 1.20249170e-04 1.58734022e-05 3.58224811e-06 6.34266476e-06 2.04780391e-06 4.86345131e-08 3.66587649e-11 1.00000000e-10
 2008 10 27 12 00 00  3.51193910e-03 2.13122516e-03 1.16560989e-03 8.20621647e-04 5.75883807e-04 3.32907754e-04 2.32413287e-04 1.89414075e-04 3.78494513e-04 1.11866855e-04 2.59310207e-03 3.79235744e-03 2.00180322e-04 5.82122406e-05 3.88242017e-05 1.02991617e-04 2.76934210e-05 4.53827321e-05 1.02240479e-04 6.42184750e-05 1.12044275e-04 1.35937463e-04 8.51550704e-05 6.37371252e-05 4.49543004e-06 8.56148763e-06 5.83433575e-06 2.19768292e-05 4.74833250e-06 1.49432852e-05 3.69233778e-05 3.45840963e-05 1.02991507e-05 3.96936333e-05 3.16489924e-05 1.32187910e-05 3.47429962e-05 3.96106256e-05 9.05013439e-06 3.27449596e-05 6.66344425e-05 2.12209168e-05 1.70106710e-04 3.33114048e-04 1.33245619e-05 9.05411220e-05 2.11227307e-06 2.33714367e-05 1.84345712e-04 3.62264613e-04 6.02876164e-05 1.23228479e-04 1.58743841e-05 3.58260800e-06 6.34351078e-06 2.04854659e-06 4.86809093e-08 3.88705068e-11 1.00000000e-10
 2008 10 28 12 00 00  3.51591689e-03 2.13392229e-03 1.16731017e-03 8.21900200e-04 5.77024253e-04 3.33400306e-04 2.32906635e-04 1.89959636e-04 3.79916977e-04 1.12263935e-04 2.60451546e-03 3.81360725e-03 2.00765053e-04 5.83622553e-05 3.89128217e-05 1.03425774e-04 2.78193096e-05 4.57015878e-05 1.02581067e-04 6.43847510e-05 1.12705204e-04 1.36781006e-04 8.55105158e-05 6.38937056e-05 4.50441839e-06 8.56328625e-06 5.83787842e-06 2.20213593e-05 4.75208908e-06 1.49745863e-05 3.70971555e-05 3.46359855e-05 1.04032399e-05 3.98648037e-05 3.18686216e-05 1.32357411e-05 3.50746594e-05 4.00684572e-05 9.05163251e-06 3.29834727e-05 6.76230752e-05 2.13620660e-05 1.71867832e-04 3.35134055e-04 1.34053622e-05 9.25389739e-05 2.79961278e-06 2.36453561e-05 1.87590476e-04 3.65583355e-04 6.09476075e-05 1.25291704e-04 1.59431292e-05 3.60761579e-06 6.40131718e-06 2.08836709e-06 5.05669899e-08 1.08618181e-10 1.00000000e-10
 2008 10 29 12 00 00  3.51201349e-03 2.13138358e-03 1.16570015e-03 8.20666987e-04 5.75912234e-04 3.32908234e-04 2.32419441e-04 1.89423129e-04 3.78519121e-04 1.11896132e-04 2.59330119e-03 3.79235744e-03 2.00207975e-04 5.82313597e-05 3.88301390e-05 1.03003118e-04 2.76934210e-05 4.53827321e-05 1.02274974e-04 6.42509316e-05 1.12044198e-04 1.35937463e-04 8.51582646e-05 6.37406801e-05 4.49543004e-06 8.55753970e-06 5.83433575e-06 2.19778598e-05 4.74913759e-06 1.49447631e-05 3.69289523e-05 3.45840963e-05 1.02991507e-05 3.96963347e-05 3.16956342e-05 1.32187910e-05 3.47525537e-05 3.96183127e-05 9.04685221e-06 3.27551091e-05 6.66555531e-05 2.12490660e-05 1.70114631e-04 3.33540755e-04 1.33416302e-05 9.06625547e-05 2.11227307e-06 2.34264429e-05 1.84496934e-04 3.62424551e-04 6.03564621e-05 1.23100509e-04 1.56872599e-05 3.51463381e-06 6.18685246e-06 1.94613522e-06 4.42157624e-08 1.00000000e-10 1.00000000e-10
 2008 10 30 12 00 00  3.51118352e-03 2.12965130e-03 1.16470602e-03 8.20143282e-04 5.75563173e-04 3.32902998e-04 2.32345317e-04 1.89312513e-04 3.78225762e-04 1.11571354e-04 2.59103601e-03 3.79235744e-03 1.99894159e-04 5.79994758e-05 3.87586207e-05 1.02863283e-04 2.76939041e-05 4.53833287e-05 1.01812879e-04 6.38628437e-05 1.12044509e-04 1.35938238e-04 8.51227569e-05 6.36700553e-05 4.49546060e-06 8.55823891e-06 5.83433866e-06 2.19628705e-05 4.74045519e-06 1.49278195e-05 3.68755566e-05 3.45842680e-05 1.02995793e-05 3.96365136e-05 3.11874814e-05 1.32187954e-05 3.46442473e-05 3.95292814e-05 9.04743574e-06 3.25819127e-05 6.64106149e-05 2.09203354e-05 1.69813848e-04 3.28864352e-04 1.31545741e-05 8.92729028e-05 2.11389888e-06 2.27889439e-05 1.82737196e-04 3.60421831e-04 5.95315620e-05 1.22995891e-04 1.57141313e-05 3.52440843e-06 6.20944595e-06 1.96168324e-06 4.49511152e-08 1.00000000e-10 1.00000000e-10
 2008 10 31 12 00 00  3.51700116e-03 2.13339957e-03 1.16708560e-03 8.21966370e-04 5.77206989e-04 3.33638601e-04 2.33070864e-04 1.90109957e-04 3.80305999e-04 1.12111106e-04 2.60773897e-03 3.82423066e-03 2.00716816e-04 5.81847914e-05 3.88793144e-05 1.03487715e-04 2.78803112e-05 4.58586233e-05 1.02244329e-04 6.40461862e-05 1.13033195e-04 1.37199668e-04 8.56482456e-05 6.39030510e-05 4.50879015e-06 8.57664127e-06 5.83963956e-06 2.20273638e-05 4.74461049e-06 1.49713934e-05 3.71248632e-05 3.46612447e-05 1.04535669e-05 3.98913573e-05 3.14303383e-05 1.32441943e-05 3.51220187e-05 4.01977211e-05 9.06274654e-06 3.29294606e-05 6.78433552e-05 2.10760772e-05 1.72468007e-04 3.31097578e-04 1.32439031e-05 9.20254192e-05 3.13676865e-06 2.30912497e-05 1.87268529e-04 3.65072410e-04 6.03764736e-05 1.26541811e-04 1.64969584e-05 3.80896820e-06 6.86619322e-06 2.40199724e-06 6.49593680e-08 7.27594918e-10 3.92315014e-11
 2008 11 01 12 00 00  3.52078271e-03 2.13570065e-03 1.16855848e-03 8.23120529e-04 5.78260951e-04 3.34127609e-04 2.33545561e-04 1.90628403e-04 3.81658459e-04 1.12433860e-04 2.61860659e-03 3.84547934e-03 2.01229325e-04 5.82820788e-05 3.89516761e-05 1.03887193e-04 2.80037697e-05 4.61744930e-05 1.02479530e-04 6.41245628e-05 1.13690427e-04 1.38039329e-04 8.59939791e-05 6.40266908e-05 4.51762535e-06 8.55644394e-06 5.84316949e-06 2.20662758e-05 4.74639201e-06 1.49983532e-05 3.72830019e-05 3.47122812e-05 1.05555104e-05 4.00343894e-05 3.15344281e-05 1.32611181e-05 3.54238014e-05 4.06302505e-05 9.04594272e-06 3.30983981e-05 6.87643074e-05 2.11426974e-05 1.74032250e-04 3.32054624e-04 1.32821850e-05 9.36750055e-05 3.81596838e-06 2.32205944e-05 1.90077814e-04 3.67832638e-04 6.08449674e-05 1.27857806e-04 1.56361903e-05 3.49608063e-06 6.14408540e-06 1.91808018e-06 4.29854213e-08 1.00000000e-10 1.00000000e-10
 2008 11 02 12 00 00  3.51790994e-03 2.13529158e-03 1.16817084e-03 8.22538679e-04 5.77588867e-04 3.33645667e-04 2.33152231e-04 1.90230848e-04 3.80626052e-04 1.12465488e-04 2.61022162e-03 3.82423140e-03 2.01058881e-04 5.84359667e-05 3.89568154e-05 1.03640818e-04 2.78812833e-05 4.58598195e-05 1.02741813e-04 6.44668064e-05 1.13035093e-04 1.37201217e-04 8.56878921e-05 6.39905935e-05 4.50885127e-06 8.58977364e-06 5.83964465e-06 2.20449910e-05 4.75409797e-06 1.49901019e-05 3.71859366e-05 3.46615881e-05 1.04544248e-05 3.99653451e-05 3.19851300e-05 1.32442045e-05 3.52434301e-05 4.02976282e-05 9.07367430e-06 3.31368886e-05 6.81168488e-05 2.14330008e-05 1.72876225e-04 3.36200711e-04 1.34480284e-05 9.35587259e-05 3.14001991e-06 2.37838336e-05 1.89200685e-04 3.67311232e-04 6.12730605e-05 1.27098651e-04 1.70426980e-05 4.00737689e-06 7.32425796e-06 2.71086620e-06 7.91213584e-08 1.48213219e-09 1.08053111e-10
 2008 11 03 12 00 00  3.51358270e-03 2.13184980e-03 1.16604300e-03 8.21039492e-04 5.76304883e-04 3.33153786e-04 2.32628819e-04 1.89639462e-04 3.79079998e-04 1.11928666e-04 2.59786496e-03 3.80298309e-03 2.00339298e-04 5.81848525e-05 3.88370297e-05 1.03149269e-04 2.77587911e-05 4.55451343e-05 1.02198141e-04 6.41311286e-05 1.12378432e-04 1.36363090e-04 8.53191397e-05 6.38083437e-05 4.50007719e-06 8.59324355e-06 5.83611982e-06 2.19952281e-05 4.74660228e-06 1.49520632e-05 3.69932098e-05 3.46108922e-05 1.03533370e-05 3.97725890e-05 3.15463461e-05 1.32272922e-05 3.48692451e-05 3.98064116e-05 9.07656358e-06 3.28313452e-05 6.70349019e-05 2.11487844e-05 1.71030250e-04 3.32162263e-04 1.32864905e-05 9.09850301e-05 2.46405707e-06 2.32327351e-05 1.85235834e-04 3.63181067e-04 6.02587390e-05 1.25174591e-04 1.71829629e-05 4.05838119e-06 7.44205948e-06 2.79085648e-06 8.28289618e-08 1.68266023e-09 1.26418342e-10
 2008 11 04 12 00 00  3.52106166e-03 2.13625804e-03 1.16887772e-03 8.23295824e-04 5.78383214e-04 3.34134292e-04 2.33572267e-04 1.90666572e-04 3.81756384e-04 1.12537997e-04 2.61938468e-03 3.84548157e-03 2.01330020e-04 5.83535112e-05 3.89737459e-05 1.03936392e-04 2.80091073e-05 4.61810385e-05 1.02617973e-04 6.42439642e-05 1.13697722e-04 1.38047811e-04 8.60087364e-05 6.40657709e-05 4.51796150e-06 8.57634586e-06 5.84319750e-06 2.20739037e-05 4.74917833e-06 1.50047172e-05 3.73076998e-05 3.47141526e-05 1.05602230e-05 4.00676199e-05 3.16967780e-05 1.32611764e-05 3.54668167e-05 4.06677809e-05 9.06250425e-06 3.31819382e-05 6.88644391e-05 2.12447878e-05 1.74264369e-04 3.33545009e-04 1.33418003e-05 9.41657324e-05 3.83382248e-06 2.34191815e-05 1.90703079e-04 3.68594431e-04 6.11085419e-05 1.28573292e-04 1.64610390e-05 3.79596730e-06 6.83645925e-06 2.38525497e-06 6.44283915e-08 7.17023130e-10 3.87114507e-11
 2008 11 05 12 00 00  3.51148619e-03 2.13025081e-03 1.16504892e-03 8.20332453e-04 5.75695728e-04 3.32911577e-04 2.32374534e-04 1.89353762e-04 3.78330998e-04 1.11683060e-04 2.59188286e-03 3.79236117e-03 2.00001881e-04 5.80744172e-05 3.87818078e-05 1.02916740e-04 2.77011888e-05 4.53922577e-05 1.01955075e-04 6.39882986e-05 1.12054037e-04 1.35949818e-04 8.51395271e-05 6.37055206e-05 4.49591935e-06 8.56965853e-06 5.83437650e-06 2.19707954e-05 4.74345543e-06 1.49348820e-05 3.69041248e-05 3.45868175e-05 1.03060062e-05 3.96665669e-05 3.13618657e-05 1.32188754e-05 3.46911777e-05 3.95712011e-05 9.05694033e-06 3.26589442e-05 6.65223311e-05 2.10281971e-05 1.70021786e-04 3.30462935e-04 1.32185174e-05 8.98010383e-05 2.13825642e-06 2.29991376e-05 1.83421342e-04 3.61220462e-04 5.98113542e-05 1.23468669e-04 1.61765265e-05 3.69254647e-06 6.59777077e-06 2.22523257e-06 5.71572311e-08 3.57086050e-10 3.95155575e-12
 2008 11 06 12 00 00  3.51537866e-03 2.13275327e-03 1.16663786e-03 8.21558659e-04 5.76806194e-04 3.33406176e-04 2.32861776e-04 1.89889468e-04 3.79724914e-04 1.12043934e-04 2.60307678e-03 3.81361172e-03 2.00552388e-04 5.81990868e-05 3.88625845e-05 1.03338883e-04 2.78299907e-05 4.57146758e-05 1.02247194e-04 6.41115534e-05 1.12718820e-04 1.36797973e-04 8.54928009e-05 6.38622122e-05 4.50509069e-06 8.58121639e-06 5.83793371e-06 2.20151609e-05 4.74621884e-06 1.49648436e-05 3.70749148e-05 3.46397224e-05 1.04126637e-05 3.98382798e-05 3.15235811e-05 1.32358575e-05 3.50148137e-05 4.00239680e-05 9.06655769e-06 3.28920362e-05 6.74956780e-05 2.11326580e-05 1.71815575e-04 3.31951014e-04 1.32780406e-05 9.16686459e-05 2.83532099e-06 2.32017454e-05 1.86510726e-04 3.64385706e-04 6.03852460e-05 1.25861260e-04 1.66615141e-05 3.86885667e-06 7.00476115e-06 2.49901340e-06 6.96639212e-08 9.97433314e-10 6.43245235e-11
 2008 11 07 12 00 00  3.51333048e-03 2.13126945e-03 1.16570996e-03 8.20881930e-04 5.76213681e-04 3.33161684e-04 2.32610680e-04 1.89609373e-04 3.78992715e-04 1.11819952e-04 2.59721625e-03 3.80298793e-03 2.00235584e-04 5.81049579e-05 3.88123869e-05 1.03112951e-04 2.77694751e-05 4.55582252e-05 1.02037544e-04 6.39962556e-05 1.12391136e-04 1.36380070e-04 8.53137746e-05 6.37724346e-05 4.50074949e-06 8.57078339e-06 5.83617548e-06 2.19917668e-05 4.74365734e-06 1.49482810e-05 3.69864404e-05 3.46146291e-05 1.03627630e-05 3.97430959e-05 3.13735538e-05 1.32274086e-05 3.48421573e-05 3.97910996e-05 9.05787747e-06 3.27474393e-05 6.69900082e-05 2.10351427e-05 1.70877050e-04 3.30569746e-04 1.32227899e-05 9.05686396e-05 2.49978038e-06 2.30127334e-05 1.84778439e-04 3.62566099e-04 5.99911934e-05 1.24544689e-04 1.62166997e-05 3.70716765e-06 6.63160449e-06 2.24896461e-06 5.83110822e-08 4.01072198e-10 1.01307629e-11
 2008 11 08 12 00 00  3.52078658e-03 2.13563832e-03 1.16852143e-03 8.23122115e-04 5.78278157e-04 3.34141131e-04 2.33551188e-04 1.90632252e-04 3.81659195e-04 1.12421480e-04 2.61866605e-03 3.84548604e-03 2.01218013e-04 5.82665281e-05 3.89469572e-05 1.03894620e-04 2.80188193e-05 4.61929390e-05 1.02440092e-04 6.40977989e-05 1.13709786e-04 1.38063248e-04 8.60018727e-05 6.40441754e-05 4.51857268e-06 8.57674604e-06 5.84324771e-06 2.20712130e-05 4.74605040e-06 1.50002956e-05 3.73000465e-05 3.47175490e-05 1.05687912e-05 4.00498029e-05 3.15128505e-05 1.32612826e-05 3.54385942e-05 4.06498259e-05 9.06283822e-06 3.31232161e-05 6.88113766e-05 2.11221544e-05 1.74214571e-04 3.31847785e-04 1.32739114e-05 9.37236508e-05 3.86629363e-06 2.31821119e-05 1.90183346e-04 3.67982291e-04 6.08149748e-05 1.28644046e-04 1.64630997e-05 3.79675193e-06 6.83844369e-06 2.38862478e-06 6.47282963e-08 7.43887074e-10 4.14346196e-11
 2008 11 09 12 00 00  3.51911792e-03 2.13494245e-03 1.16804582e-03 8.22685187e-04 5.77846714e-04 3.33899676e-04 2.33334361e-04 1.90403107e-04 3.81061530e-04 1.12345296e-04 2.61384487e-03 3.83486263e-03 2.01044208e-04 5.82780292e-05 3.89293329e-05 1.03733205e-04 2.79587926e-05 4.60370939e-05 1.02441539e-04 6.41591556e-05 1.13383200e-04 1.37646131e-04 8.58394538e-05 6.39963322e-05 4.51426240e-06 8.57936902e-06 5.84149166e-06 2.20557279e-05 4.74743392e-06 1.49915795e-05 3.72369423e-05 3.46926303e-05 1.05193212e-05 3.99902462e-05 3.15937534e-05 1.32528381e-05 3.53173789e-05 4.04592352e-05 9.06502173e-06 3.30751972e-05 6.84211659e-05 2.11742095e-05 1.73485256e-04 3.32591948e-04 1.33036779e-05 9.32693839e-05 3.53238975e-06 2.32831226e-05 1.89261941e-04 3.67125230e-04 6.07977222e-05 1.27800315e-04 1.65688441e-05 3.83520434e-06 6.92725761e-06 2.44897145e-06 6.75282013e-08 8.95529273e-10 5.53277812e-11
 2008 11 10 12 00 00  3.52041880e-03 2.13485376e-03 1.16807132e-03 8.22890804e-04 5.78128474e-04 3.34141678e-04 2.33519754e-04 1.90584451e-04 3.81530058e-04 1.12274493e-04 2.61767496e-03 3.84548754e-03 2.01076502e-04 5.81612091e-05 3.89144673e-05 1.03834707e-04 2.80222186e-05 4.61971067e-05 1.02230607e-04 6.39210979e-05 1.13714287e-04 1.38068647e-04 8.59877798e-05 6.40238775e-05 4.51878659e-06 8.59185238e-06 5.84326517e-06 2.20663236e-05 4.74210538e-06 1.49932083e-05 3.72797395e-05 3.47187393e-05 1.05717903e-05 4.00329549e-05 3.12819117e-05 1.32613190e-05 3.53945817e-05 4.06150352e-05 9.07541034e-06 3.30652295e-05 6.87138575e-05 2.09725491e-05 1.74172810e-04 3.29722243e-04 1.31888897e-05 9.31240014e-05 3.87765940e-06 2.28920311e-05 1.89428123e-04 3.67160858e-04 6.04452200e-05 1.29085936e-04 1.70843155e-05 4.02261678e-06 7.35997461e-06 2.74121286e-06 8.09610228e-08 1.61370330e-09 1.20895050e-10
 2008 11 11 12 00 00  3.53393022e-03 2.14347797e-03 1.17355446e-03 8.27106342e-04 5.81937176e-04 3.35855356e-04 2.35206565e-04 1.92436873e-04 3.86363146e-04 1.13511529e-04 2.65647165e-03 3.91985774e-03 2.02974796e-04 5.85802015e-05 3.91919016e-05 1.05280759e-04 2.84545764e-05 4.73029562e-05 1.03214835e-04 6.43262116e-05 1.16017715e-04 1.41007878e-04 8.72098854e-05 6.45548184e-05 4.54972542e-06 8.62549059e-06 5.85562120e-06 2.22144934e-05 4.75118577e-06 1.50933064e-05 3.78536060e-05 3.48974543e-05 1.09288114e-05 4.06170360e-05 3.18132545e-05 1.33205540e-05 3.64978725e-05 4.21644430e-05 9.10340095e-06 3.38510978e-05 7.20302328e-05 2.13158433e-05 1.80281660e-04 3.34611507e-04 1.33844603e-05 9.94302795e-05 6.25570246e-06 2.35578627e-05 1.99856111e-04 3.77822595e-04 6.23639502e-05 1.37018583e-04 1.85025921e-05 4.53819457e-06 8.55004479e-06 3.54082821e-06 1.17421222e-07 3.54106433e-09 2.96309199e-10
 2008 11 12 12 00 00  3.52879166e-03 2.14114852e-03 1.17198847e-03 8.25710101e-04 5.80576415e-04 3.35124367e-04 2.34541287e-04 1.91729139e-04 3.84521187e-04 1.13237347e-04 2.64161917e-03 3.88798453e-03 2.02408113e-04 5.85825266e-05 3.91291240e-05 1.04769846e-04 2.82681722e-05 4.68276645e-05 1.03153650e-04 6.44573651e-05 1.15029680e-04 1.39746449e-04 8.67136428e-05 6.43911058e-05 4.53639586e-06 8.62239685e-06 5.85032030e-06 2.21633239e-05 4.75415291e-06 1.50635976e-05 3.76497669e-05 3.48204747e-05 1.07748237e-05 4.04205322e-05 3.19867017e-05 1.32951551e-05 3.61109281e-05 4.15699822e-05 9.10082745e-06 3.36658397e-05 7.07999236e-05 2.14272091e-05 1.77956965e-04 3.36206666e-04 1.34482666e-05 9.78253967e-05 5.23283306e-06 2.37740038e-05 1.96760243e-04 3.74854606e-04 6.21879984e-05 1.34054979e-04 1.83642311e-05 4.48791600e-06 8.43408369e-06 3.46400890e-06 1.13997172e-07 3.36598598e-09 2.80524559e-10
 2008 11 13 12 00 00  3.53035732e-03 2.14161100e-03 1.17233038e-03 8.26083119e-04 5.80970319e-04 3.35368197e-04 2.34750493e-04 1.91945994e-04 3.85083651e-04 1.13269957e-04 2.64617327e-03 3.89860943e-03 2.02540477e-04 5.85398387e-05 3.91371162e-05 1.04916251e-04 2.83316011e-05 4.69876773e-05 1.03090762e-04 6.43432897e-05 1.15359792e-04 1.40168980e-04 8.68733827e-05 6.44111493e-05 4.54092042e-06 8.59263746e-06 5.85209382e-06 2.21760114e-05 4.75158413e-06 1.50706608e-05 3.77083139e-05 3.48465837e-05 1.08272950e-05 4.04570115e-05 3.18364560e-05 1.33036359e-05 3.62183576e-05 4.17522799e-05 9.07606809e-06 3.36560825e-05 7.11674398e-05 2.13304404e-05 1.78527269e-04 3.34824525e-04 1.33929810e-05 9.80959239e-05 5.57811400e-06 2.35862550e-05 1.97490207e-04 3.75400864e-04 6.20993229e-05 1.34056191e-04 1.70877964e-05 4.02395355e-06 7.36340876e-06 2.74760997e-06 8.15464571e-08 1.66676388e-09 1.26283017e-10
 2008 11 14 12 00 00  3.52656174e-03 2.13930679e-03 1.17085496e-03 8.24917598e-04 5.79900975e-04 3.34875124e-04 2.34272144e-04 1.91423225e-04 3.83723552e-04 1.12946099e-04 2.63524618e-03 3.87735888e-03 2.02025625e-04 5.84407047e-05 3.90642283e-05 1.04510641e-04 2.82037683e-05 4.66664525e-05 1.02848065e-04 6.42628351e-05 1.14696146e-04 1.39322369e-04 8.65247802e-05 6.42596758e-05 4.53181019e-06 8.57661580e-06 5.84854133e-06 2.21333334e-05 4.74981425e-06 1.50427928e-05 3.75449361e-05 3.47940222e-05 1.07214939e-05 4.02897115e-05 3.17327067e-05 1.32866655e-05 3.59077857e-05 4.13108827e-05 9.06273926e-06 3.34371072e-05 7.02251278e-05 2.12625440e-05 1.76751759e-04 3.33868755e-04 1.33547502e-05 9.63894168e-05 4.88429723e-06 2.34547450e-05 1.94611259e-04 3.72458794e-04 6.16182101e-05 1.31535601e-04 1.63946442e-05 3.77201852e-06 6.78209117e-06 2.35944627e-06 6.40215795e-08 7.53483764e-10 4.34945385e-11
 2008 11 15 12 00 00  3.52103184e-03 2.13618587e-03 1.16883441e-03 8.23272959e-04 5.78367701e-04 3.34137508e-04 2.33569752e-04 1.90661362e-04 3.81741660e-04 1.12523280e-04 2.61930653e-03 3.84548306e-03 2.01314424e-04 5.83370258e-05 3.89687803e-05 1.03930584e-04 2.80129956e-05 4.61857999e-05 1.02574379e-04 6.42173167e-05 1.13702488e-04 1.38053988e-04 8.60094223e-05 6.40616673e-05 4.51820597e-06 8.57354462e-06 5.84321751e-06 2.20739193e-05 4.74883600e-06 1.50044772e-05 3.73119150e-05 3.47155117e-05 1.05636507e-05 4.00636116e-05 3.16751888e-05 1.32612186e-05 3.54662793e-05 4.06687321e-05 9.06018613e-06 3.31703309e-05 6.88652007e-05 2.12243118e-05 1.74260540e-04 3.33338170e-04 1.33335268e-05 9.41197484e-05 3.84681371e-06 2.33808154e-05 1.90648638e-04 3.68513842e-04 6.10582513e-05 1.28454312e-04 1.62499407e-05 3.71945182e-06 6.66093430e-06 2.28014496e-06 6.05568157e-08 5.81707948e-10 2.81483087e-11
 2008 11 16 12 00 00  3.51711379e-03 2.13364297e-03 1.16722170e-03 8.22028926e-04 5.77241204e-04 3.33640961e-04 2.33078980e-04 1.90120844e-04 3.80336919e-04 1.12154439e-04 2.60803155e-03 3.82423177e-03 2.00755418e-04 5.82055501e-05 3.88859402e-05 1.03502075e-04 2.78822496e-05 4.58610011e-05 1.02265910e-04 6.40832877e-05 1.13035361e-04 1.37202750e-04 8.56540395e-05 6.39052072e-05 4.50891239e-06 8.56590123e-06 5.83964975e-06 2.20288064e-05 4.74588560e-06 1.49736998e-05 3.71384567e-05 3.46619257e-05 1.04552797e-05 3.98916631e-05 3.15022335e-05 1.32442161e-05 3.51383798e-05 4.02108930e-05 9.05382913e-06 3.29369805e-05 6.78782539e-05 2.11111881e-05 1.72467838e-04 3.31744959e-04 1.32697984e-05 9.22074369e-05 3.14325662e-06 2.31616927e-05 1.87484772e-04 3.65280127e-04 6.04577424e-05 1.26140580e-04 1.59089589e-05 3.59554191e-06 6.37514188e-06 2.09070028e-06 5.21040421e-08 2.28505215e-10 1.00000000e-10
 2008 11 17 12 00 00  3.51865810e-03 2.13410037e-03 1.16755974e-03 8.22385140e-04 5.77612394e-04 3.33878490e-04 2.33282722e-04 1.90331337e-04 3.80888233e-04 1.12185431e-04 2.61249606e-03 3.83485407e-03 2.00884456e-04 5.81606774e-05 3.88933149e-05 1.03639386e-04 2.79388856e-05 4.60126932e-05 1.02194669e-04 6.39669597e-05 1.13357707e-04 1.37614489e-04 8.58093460e-05 6.39429989e-05 4.51300912e-06 8.56494953e-06 5.84138834e-06 2.20412255e-05 4.74333028e-06 1.49793770e-05 3.71911624e-05 3.46856628e-05 1.05017549e-05 3.99420781e-05 3.13523778e-05 1.32526227e-05 3.52410523e-05 4.03838196e-05 9.05303896e-06 3.29613103e-05 6.82208301e-05 2.10130398e-05 1.73142921e-04 3.30364363e-04 1.32145745e-05 9.24467743e-05 3.46582092e-06 2.29715995e-05 1.88109704e-04 3.65812560e-04 6.03515991e-05 1.26964185e-04 1.58575591e-05 3.57688396e-06 6.33220703e-06 2.06340662e-06 5.09711651e-08 1.93677208e-10 1.00000000e-10
 2008 11 18 12 00 00  3.51465008e-03 2.13136171e-03 1.16583488e-03 8.21084964e-04 5.76450759e-04 3.33382655e-04 2.32784627e-04 1.89779516e-04 3.79452365e-04 1.11780016e-04 2.60098227e-03 3.81360278e-03 2.00290441e-04 5.80032134e-05 3.88024520e-05 1.03196804e-04 2.78096035e-05 4.56896843e-05 1.01835412e-04 6.37891702e-05 1.12693356e-04 1.36765570e-04 8.54508447e-05 6.38063162e-05 4.50380721e-06 8.59537831e-06 5.83782821e-06 2.19973280e-05 4.73939144e-06 1.49469567e-05 3.70142124e-05 3.46325862e-05 1.03946710e-05 3.97870278e-05 3.11216281e-05 1.32356348e-05 3.49064402e-05 3.99200132e-05 9.07835856e-06 3.27588618e-05 6.72152430e-05 2.08627636e-05 1.71518074e-04 3.28239582e-04 1.31295833e-05 9.04119731e-05 2.76714127e-06 2.26803822e-05 1.84767125e-04 3.62490451e-04 5.96606649e-05 1.25855295e-04 1.71401890e-05 4.04315170e-06 7.40846257e-06 2.78659630e-06 8.39499506e-08 1.84093047e-09 1.43324841e-10
 2008 11 19 12 00 00  3.51127990e-03 2.12996088e-03 1.16487753e-03 8.20186678e-04 5.75555069e-04 3.32889846e-04 2.32342898e-04 1.89312103e-04 3.78241265e-04 1.11625284e-04 2.59120390e-03 3.79235074e-03 1.99938336e-04 5.80244884e-05 3.87667211e-05 1.02860765e-04 2.76788545e-05 4.53648827e-05 1.01831258e-04 6.39107835e-05 1.12026540e-04 1.35914320e-04 8.51190611e-05 6.37000215e-05 4.49451363e-06 8.59211868e-06 5.83426045e-06 2.19625031e-05 4.74216504e-06 1.49274047e-05 3.68764825e-05 3.45789973e-05 1.02862985e-05 3.96575772e-05 3.12836171e-05 1.32186324e-05 3.46508033e-05 3.95215795e-05 9.07564754e-06 3.26461795e-05 6.63913853e-05 2.09662103e-05 1.69950213e-04 3.29728623e-04 1.31891449e-05 8.94209012e-05 2.06357327e-06 2.28812714e-05 1.82767147e-04 3.60595793e-04 5.96040904e-05 1.23768673e-04 1.69900088e-05 3.98858829e-06 7.28266742e-06 2.70382863e-06 8.03020299e-08 1.65758260e-09 1.26877664e-10
 2008 11 20 12 00 00  3.50746668e-03 2.12761779e-03 1.16337974e-03 8.19009939e-04 5.74478670e-04 3.32397092e-04 2.31863121e-04 1.88787051e-04 3.76874823e-04 1.11294103e-04 2.58023012e-03 3.77110019e-03 1.99416399e-04 5.79198330e-05 3.86921379e-05 1.02452354e-04 2.75515136e-05 4.50442487e-05 1.01577300e-04 6.38210913e-05 1.11363963e-04 1.35068482e-04 8.47699486e-05 6.35600831e-05 4.48543360e-06 8.59410065e-06 5.83071051e-06 2.19207910e-05 4.74020017e-06 1.48992346e-05 3.67130647e-05 3.45266046e-05 1.01809273e-05 3.95000087e-05 3.11683718e-05 1.32016678e-05 3.43402158e-05 3.90797756e-05 9.07729627e-06 3.24471442e-05 6.54469253e-05 2.08905840e-05 1.68262313e-04 3.28666692e-04 1.31466677e-05 8.76977103e-05 1.37138213e-06 2.27348311e-05 1.79853621e-04 3.57669718e-04 5.91041786e-05 1.21826080e-04 1.70739708e-05 4.01910951e-06 7.35311235e-06 2.75110783e-06 8.24539914e-08 1.77105060e-09 1.37197376e-10
 2008 11 21 12 00 00  3.50709016e-03 2.12683077e-03 1.16292802e-03 8.18772252e-04 5.74320441e-04 3.32394952e-04 2.31829562e-04 1.88736883e-04 3.76741654e-04 1.11146514e-04 2.57920297e-03 3.77110057e-03 1.99273775e-04 5.78142687e-05 3.86595836e-05 1.02388986e-04 2.75519968e-05 4.50448482e-05 1.01366472e-04 6.36444136e-05 1.11364013e-04 1.35069257e-04 8.47539757e-05 6.35162376e-05 4.48546452e-06 8.57770065e-06 5.83071305e-06 2.19129614e-05 4.73625551e-06 1.48915783e-05 3.66886614e-05 3.45267705e-05 1.01813559e-05 3.94628548e-05 3.09374504e-05 1.32016721e-05 3.42895558e-05 3.90388568e-05 9.06364876e-06 3.23467825e-05 6.53350133e-05 2.07409947e-05 1.68042031e-04 3.26541329e-04 1.30616531e-05 8.70566979e-05 1.37300785e-06 2.24447780e-05 1.79056647e-04 3.56710773e-04 5.87291072e-05 1.21267977e-04 1.63920207e-05 3.77118122e-06 6.78072657e-06 2.36520310e-06 6.47633961e-08 8.28780899e-10 5.12593135e-11
 2008 11 22 12 00 00  3.50536961e-03 2.12601770e-03 1.16238546e-03 8.18303626e-04 5.73870653e-04 3.32154467e-04 2.31608950e-04 1.88501740e-04 3.76126754e-04 1.11048579e-04 2.57424749e-03 3.76047790e-03 1.99079452e-04 5.78108256e-05 3.86373288e-05 1.02220200e-04 2.74934224e-05 4.48907842e-05 1.01339750e-04 6.36803568e-05 1.11039292e-04 1.34654449e-04 8.45900729e-05 6.34660584e-05 4.48124556e-06 8.58285784e-06 5.82896428e-06 2.18970866e-05 4.73704094e-06 1.48820111e-05 3.66232390e-05 3.45023640e-05 1.01331701e-05 3.94015800e-05 3.09835392e-05 1.31932451e-05 3.41628366e-05 3.88446490e-05 9.06793794e-06 3.22912246e-05 6.49343262e-05 2.07712845e-05 1.67313555e-04 3.26966065e-04 1.30786426e-05 8.65263316e-05 1.04396640e-06 2.25034208e-05 1.78039160e-04 3.55749169e-04 5.86605408e-05 1.20526210e-04 1.66227438e-05 3.85502260e-06 6.97409580e-06 2.49329822e-06 7.04726684e-08 1.12068541e-09 7.75761566e-11
 2008 11 23 12 00 00  3.50946278e-03 2.12895102e-03 1.16422165e-03 8.19656071e-04 5.75062168e-04 3.32648243e-04 2.32113134e-04 1.89063385e-04 3.77591139e-04 1.11490199e-04 2.58598032e-03 3.78172770e-03 1.99707669e-04 5.79935858e-05 3.87360227e-05 1.02674761e-04 2.76197970e-05 4.52102220e-05 1.01747663e-04 6.39011036e-05 1.11700794e-04 1.35498738e-04 8.49507419e-05 6.36309803e-05 4.49026411e-06 8.58228814e-06 5.83250949e-06 2.19437313e-05 4.74197259e-06 1.49157689e-05 3.68043882e-05 3.45544162e-05 1.02376835e-05 3.95800413e-05 3.12722143e-05 1.32102010e-05 3.45096238e-05 3.93155123e-05 9.06746209e-06 3.25510196e-05 6.59588437e-05 2.09582155e-05 1.69107363e-04 3.29622932e-04 1.31849173e-05 8.87116303e-05 1.73290609e-06 2.28658944e-05 1.81536891e-04 3.59347764e-04 5.94374485e-05 1.22553623e-04 1.66100746e-05 3.85038991e-06 6.96326833e-06 2.48445208e-06 6.99564804e-08 1.08490446e-09 7.41050055e-11
 2008 11 24 12 00 00  3.51298774e-03 2.13070241e-03 1.16537959e-03 8.20649853e-04 5.76013568e-04 3.33137701e-04 2.32566231e-04 1.89549035e-04 3.78854535e-04 1.11710232e-04 2.59615938e-03 3.80297713e-03 2.00121683e-04 5.80183451e-05 3.87859869e-05 1.03033122e-04 2.77456827e-05 4.55290632e-05 1.01840687e-04 6.38575002e-05 1.12361051e-04 1.36342252e-04 8.52866778e-05 6.37353138e-05 4.49925210e-06 8.56516999e-06 5.83605179e-06 2.19788061e-05 4.74098342e-06 1.49378204e-05 3.69476698e-05 3.46063025e-05 1.03417689e-05 3.97071151e-05 3.12143995e-05 1.32271511e-05 3.47798403e-05 3.97235631e-05 9.05321576e-06 3.26701876e-05 6.68116463e-05 2.09211634e-05 1.70604316e-04 3.29091294e-04 1.31636518e-05 8.99385538e-05 2.42022015e-06 2.27939672e-05 1.83823878e-04 3.61517849e-04 5.96509560e-05 1.23975170e-04 1.59067777e-05 3.59468012e-06 6.37281672e-06 2.08518419e-06 5.15685826e-08 1.96585859e-10 1.00000000e-10
 2008 11 25 12 00 00  3.51113008e-03 2.12961268e-03 1.16467793e-03 8.20093694e-04 5.75502522e-04 3.32894953e-04 2.32332481e-04 1.89294676e-04 3.78190084e-04 1.11560206e-04 2.59082175e-03 3.79235372e-03 1.99876516e-04 5.79771822e-05 3.87521189e-05 1.02839818e-04 2.76856561e-05 4.53732151e-05 1.01737183e-04 6.38307072e-05 1.12034217e-04 1.35925124e-04 8.51161107e-05 6.36666602e-05 4.49494146e-06 8.56112383e-06 5.83429573e-06 2.19594396e-05 4.74039261e-06 1.49252326e-05 3.68720876e-05 3.45813809e-05 1.02922968e-05 3.96298819e-05 3.11797892e-05 1.32187051e-05 3.46331688e-05 3.95122291e-05 9.04984554e-06 3.25740983e-05 6.63647325e-05 2.08985439e-05 1.69771013e-04 3.28772473e-04 1.31508989e-05 8.91632509e-05 2.08630481e-06 2.27501485e-05 1.82501091e-04 3.60184010e-04 5.94461507e-05 1.22913277e-04 1.57576462e-05 3.54041521e-06 6.24730849e-06 1.99788882e-06 4.73751401e-08 3.89151822e-11 1.00000000e-10
 2008 11 26 12 00 00  3.50934654e-03 2.12868011e-03 1.16406644e-03 8.19584166e-04 5.75021864e-04 3.32652268e-04 2.32105148e-04 1.89050001e-04 3.77551650e-04 1.11439623e-04 2.58568475e-03 3.78172994e-03 1.99659716e-04 5.79570356e-05 3.87247331e-05 1.02658687e-04 2.76251376e-05 4.52167646e-05 1.01675508e-04 6.38391706e-05 1.11707091e-04 1.35507222e-04 8.49484850e-05 6.36123066e-05 4.49060026e-06 8.56833649e-06 5.83253714e-06 2.19420383e-05 4.74059270e-06 1.49140981e-05 3.68012377e-05 3.45562847e-05 1.02423961e-05 3.95647025e-05 3.11914075e-05 1.32102577e-05 3.44970233e-05 3.93088662e-05 9.05584457e-06 3.25083112e-05 6.59393745e-05 2.09057966e-05 1.69020025e-04 3.28879083e-04 1.31551633e-05 8.85186392e-05 1.75076038e-06 2.27642711e-05 1.81331852e-04 3.59060945e-04 5.93154612e-05 1.22207138e-04 1.60812944e-05 3.65802200e-06 6.51854302e-06 2.17743873e-06 5.53686359e-08 3.11941939e-10 1.00000000e-10
 2008 11 27 12 00 00  3.51511231e-03 2.13231113e-03 1.16637907e-03 8.21375571e-04 5.76647412e-04 3.33388843e-04 2.32826927e-04 1.89841472e-04 3.79614680e-04 1.11957619e-04 2.60225363e-03 3.81360427e-03 2.00461861e-04 5.81274262e-05 3.88408022e-05 1.03275770e-04 2.78129999e-05 4.56938520e-05 1.02078751e-04 6.39971404e-05 1.12697098e-04 1.36770973e-04 8.54724973e-05 6.38275469e-05 4.50402149e-06 8.56779734e-06 5.83784567e-06 2.20047421e-05 4.74414883e-06 1.49568225e-05 3.70475601e-05 3.46337736e-05 1.03976701e-05 3.98048174e-05 3.13994184e-05 1.32356712e-05 3.49670350e-05 3.99726091e-05 9.05539564e-06 3.28200851e-05 6.73596603e-05 2.10397920e-05 1.71565758e-04 3.30792615e-04 1.32317046e-05 9.11749421e-05 2.77850704e-06 2.30242396e-05 1.85767276e-04 3.63540071e-04 6.01091581e-05 1.25172290e-04 1.60665719e-05 3.65265099e-06 6.50605145e-06 2.16794202e-06 5.48563522e-08 2.90236635e-10 1.00000000e-10
 2008 11 28 12 00 00  3.50726886e-03 2.12712046e-03 1.16309492e-03 8.18889009e-04 5.74420636e-04 3.32410191e-04 2.31852548e-04 1.88766818e-04 3.76809298e-04 1.11201387e-04 2.57975392e-03 3.77110764e-03 1.99329415e-04 5.78518436e-05 3.86711286e-05 1.02429341e-04 2.75675353e-05 4.50638880e-05 1.01442929e-04 6.37051184e-05 1.11382826e-04 1.35093949e-04 8.47696871e-05 6.35144887e-05 4.48644205e-06 8.54933096e-06 5.83079345e-06 2.19182515e-05 4.73764230e-06 1.48973029e-05 3.67135251e-05 3.45322129e-05 1.01950653e-05 3.94628808e-05 3.10184609e-05 1.32018424e-05 3.43219139e-05 3.90759311e-05 9.04002954e-06 3.23460502e-05 6.54328447e-05 2.07926569e-05 1.68041752e-04 3.27285916e-04 1.30914367e-05 8.73693349e-05 1.42495919e-06 2.25451178e-05 1.79557386e-04 3.57160799e-04 5.88867726e-05 1.20661925e-04 1.52879079e-05 3.36958806e-06 5.85267916e-06 1.72894814e-06 3.48402619e-08 1.00000000e-10 1.00000000e-10
 2008 11 29 12 00 00  3.50533101e-03 2.12587225e-03 1.16230207e-03 8.18281349e-04 5.73872541e-04 3.32165573e-04 2.31610809e-04 1.88500910e-04 3.76115532e-04 1.11021469e-04 2.57419018e-03 3.76048386e-03 1.99054925e-04 5.77889474e-05 3.86305747e-05 1.02221213e-04 2.75060476e-05 4.49062587e-05 1.01295026e-04 6.36423123e-05 1.11054646e-04 1.34674512e-04 8.45949113e-05 6.34527102e-05 4.48204009e-06 8.56503611e-06 5.82902976e-06 2.18983225e-05 4.73626751e-06 1.48828633e-05 3.66322680e-05 3.45067790e-05 1.01443089e-05 3.93912288e-05 3.09377996e-05 1.31933819e-05 3.41657458e-05 3.88550785e-05 9.05309789e-06 3.22589144e-05 6.49592961e-05 2.07397054e-05 1.67272251e-04 3.26542649e-04 1.30617060e-05 8.64742894e-05 1.08617787e-06 2.24425909e-05 1.78050667e-04 3.55681534e-04 5.86025957e-05 1.20171400e-04 1.59515233e-05 3.61082471e-06 6.40949133e-06 2.10287769e-06 5.18763194e-08 1.84528748e-10 1.00000000e-10
 2008 11 30 12 00 00  3.51496714e-03 2.13199925e-03 1.16619949e-03 8.21282866e-04 5.76586999e-04 3.33390012e-04 2.32814468e-04 1.89822104e-04 3.79562249e-04 1.11898784e-04 2.60186253e-03 3.81360538e-03 2.00404720e-04 5.80832880e-05 3.88272251e-05 1.03251719e-04 2.78154272e-05 4.56968235e-05 1.01987280e-04 6.39234437e-05 1.12700115e-04 1.36774830e-04 8.54674829e-05 6.38165535e-05 4.50417392e-06 8.56905026e-06 5.83785841e-06 2.20027054e-05 4.74258813e-06 1.49541206e-05 3.70413078e-05 3.46346264e-05 1.03998114e-05 3.97953668e-05 3.13075318e-05 1.32357003e-05 3.49502471e-05 3.99598332e-05 9.05643756e-06 3.27909415e-05 6.73234231e-05 2.09780934e-05 1.71531166e-04 3.29944216e-04 1.31977686e-05 9.09367948e-05 2.78662137e-06 2.29050551e-05 1.85470466e-04 3.63201414e-04 5.99565479e-05 1.25220506e-04 1.61254475e-05 3.67403943e-06 6.55534960e-06 2.20023729e-06 5.62694140e-08 3.37339090e-10 1.88515314e-12
 2008 12 01 12 00 00  3.51478927e-03 2.13164320e-03 1.16599470e-03 8.21169129e-04 5.76506623e-04 3.33386591e-04 2.32797186e-04 1.89796957e-04 3.79497774e-04 1.11831715e-04 2.60136463e-03 3.81360427e-03 2.00339161e-04 5.80347475e-05 3.88122831e-05 1.03219545e-04 2.78129999e-05 4.56938520e-05 1.01888387e-04 6.38427911e-05 1.12696898e-04 1.36770973e-04 8.54585609e-05 6.37978460e-05 4.50402149e-06 8.56470433e-06 5.83784567e-06 2.19985347e-05 4.74081971e-06 1.49501289e-05 3.70278789e-05 3.46337736e-05 1.03976701e-05 3.97790716e-05 3.12038144e-05 1.32356712e-05 3.49247457e-05 3.99373281e-05 9.05282068e-06 3.27482352e-05 6.72624981e-05 2.09100777e-05 1.71431211e-04 3.28988580e-04 1.31595432e-05 9.06305198e-05 2.77850704e-06 2.27733428e-05 1.85070049e-04 3.62737903e-04 5.97803780e-05 1.25027435e-04 1.59415625e-05 3.60719403e-06 6.40106315e-06 2.09665510e-06 5.15523951e-08 1.71259895e-10 1.00000000e-10
 2008 12 02 12 00 00  3.50733253e-03 2.12727633e-03 1.16318324e-03 8.18925886e-04 5.74437621e-04 3.32407517e-04 2.31855957e-04 1.88772666e-04 3.76828283e-04 1.11229854e-04 2.57990803e-03 3.77110615e-03 1.99355390e-04 5.78698262e-05 3.86767458e-05 1.02436267e-04 2.75641360e-05 4.50597203e-05 1.01473230e-04 6.37363992e-05 1.11379282e-04 1.35088547e-04 8.47706599e-05 6.35387791e-05 4.48622850e-06 8.57619889e-06 5.83077599e-06 2.19202189e-05 4.73845503e-06 1.48980861e-05 3.67166963e-05 3.45310225e-05 1.01920661e-05 3.94825317e-05 3.10653122e-05 1.32018031e-05 3.43308194e-05 3.90797614e-05 9.06238420e-06 3.23949410e-05 6.54430017e-05 2.08200814e-05 1.68185504e-04 3.27713474e-04 1.31085390e-05 8.74860378e-05 1.41359351e-06 2.25988973e-05 1.79655884e-04 3.57365311e-04 5.89467573e-05 1.21476102e-04 1.64306619e-05 3.78498268e-06 6.81138732e-06 2.37174050e-06 6.40514212e-08 7.15106774e-10 3.89921540e-11
 2008 12 03 12 00 00  3.51318354e-03 2.13110198e-03 1.16560716e-03 8.20769758e-04 5.76093298e-04 3.33142028e-04 2.32583862e-04 1.89574030e-04 3.78919980e-04 1.11784067e-04 2.59669648e-03 3.80297862e-03 2.00191799e-04 5.80656748e-05 3.88006896e-05 1.03065423e-04 2.77490821e-05 4.55332309e-05 1.01925525e-04 6.39375590e-05 1.12365799e-04 1.36347655e-04 8.52968358e-05 6.37646048e-05 4.49946601e-06 8.58096246e-06 5.83606925e-06 2.19840716e-05 4.74300323e-06 1.49421533e-05 3.69664045e-05 3.46074929e-05 1.03447681e-05 3.97311909e-05 3.13312077e-05 1.32271860e-05 3.48104176e-05 3.97493268e-05 9.06634887e-06 3.27317693e-05 6.68799800e-05 2.09908700e-05 1.70775235e-04 3.30158935e-04 1.32063574e-05 9.02826162e-05 2.43158574e-06 2.29303550e-05 1.84247146e-04 3.62044839e-04 5.98269153e-05 1.24577022e-04 1.66282661e-05 3.85682459e-06 6.97725296e-06 2.48363597e-06 6.91858116e-08 9.88951121e-10 6.39768460e-11
 2008 12 04 12 00 00  3.51663782e-03 2.13273217e-03 1.16669478e-03 8.21716483e-04 5.77005494e-04 3.33627039e-04 2.33028247e-04 1.90047813e-04 3.80155744e-04 1.11980858e-04 2.60666142e-03 3.82422656e-03 2.00582080e-04 5.80728131e-05 3.88452645e-05 1.03408108e-04 2.78706022e-05 4.58467199e-05 1.01980168e-04 6.38654630e-05 1.13021166e-04 1.37184233e-04 8.56274683e-05 6.38789836e-05 4.50817897e-06 8.58753119e-06 5.83958936e-06 2.20182531e-05 4.74143417e-06 1.49621377e-05 3.71025650e-05 3.46578483e-05 1.04449988e-05 3.98660426e-05 3.12390883e-05 1.32440880e-05 3.50706926e-05 4.01454220e-05 9.07181529e-06 3.28673287e-05 6.77001667e-05 2.09301608e-05 1.72345058e-04 3.29309752e-04 1.31723901e-05 9.13972611e-05 3.10429714e-06 2.28128527e-05 1.86344231e-04 3.64081721e-04 5.99716128e-05 1.26655806e-04 1.68987539e-05 3.95516878e-06 7.20432897e-06 2.63709779e-06 7.62470222e-08 1.36702261e-09 9.85074466e-11
 2008 12 05 12 00 00  3.52244542e-03 2.13647717e-03 1.16907245e-03 8.23532690e-04 5.78640178e-04 3.34359513e-04 2.33751465e-04 1.90842745e-04 3.82231785e-04 1.12519952e-04 2.62332404e-03 3.85609791e-03 2.01403641e-04 5.82583149e-05 3.89660155e-05 1.04028810e-04 2.80536071e-05 4.63178527e-05 1.02411959e-04 6.40495040e-05 1.14004827e-04 1.38440263e-04 8.61507748e-05 6.40893071e-05 4.52129425e-06 8.57643900e-06 5.84487279e-06 2.20798040e-05 4.74558474e-06 1.50050637e-05 3.73470925e-05 3.47336376e-05 1.05959865e-05 4.01014570e-05 3.14818113e-05 1.32694520e-05 3.55414207e-05 4.08071160e-05 9.06258938e-06 3.31743841e-05 6.91169421e-05 2.10863334e-05 1.74828229e-04 3.31542441e-04 1.32616976e-05 9.41066795e-05 4.11580113e-06 2.31158891e-05 1.90829083e-04 3.68594578e-04 6.08118259e-05 1.29216337e-04 1.64061167e-05 3.77614328e-06 6.79139125e-06 2.36308784e-06 6.40003904e-08 7.38268824e-10 4.17536339e-11
 2008 12 06 12 00 00  3.51498227e-03 2.13210923e-03 1.16625990e-03 8.21283929e-04 5.76563605e-04 3.33378634e-04 2.32808489e-04 1.89816317e-04 3.79558445e-04 1.11917557e-04 2.60183945e-03 3.81359942e-03 2.00418639e-04 5.80921349e-05 3.88301229e-05 1.03242536e-04 2.78028048e-05 4.56813519e-05 1.01991872e-04 6.39415637e-05 1.12684571e-04 1.36754768e-04 8.54615929e-05 6.38232662e-05 4.50337939e-06 8.57948253e-06 5.83779292e-06 2.20002928e-05 4.74322878e-06 1.49526027e-05 3.70339939e-05 3.46302055e-05 1.03886727e-05 3.97986381e-05 3.13435768e-05 1.32355606e-05 3.49444127e-05 3.99459415e-05 9.06512432e-06 3.28086683e-05 6.72884641e-05 2.09953869e-05 1.71527666e-04 3.30268387e-04 1.32107355e-05 9.09414079e-05 2.74440990e-06 2.29398342e-05 1.85381950e-04 3.63162344e-04 5.99712214e-05 1.25359918e-04 1.65161277e-05 3.81617913e-06 6.88401701e-06 2.42784891e-06 6.71346601e-08 9.17604503e-10 5.84204018e-11
 2008 12 07 12 00 00  3.51273008e-03 2.13022759e-03 1.16510321e-03 8.20476507e-04 5.75876117e-04 3.33128347e-04 2.32536724e-04 1.89506718e-04 3.78752007e-04 1.11618632e-04 2.59540037e-03 3.80297378e-03 2.00028325e-04 5.79442662e-05 3.87633808e-05 1.02978537e-04 2.77374318e-05 4.55189496e-05 1.01673155e-04 6.37372141e-05 1.12350972e-04 1.36329139e-04 8.52712651e-05 6.37220811e-05 4.49873260e-06 8.57883206e-06 5.83600886e-06 2.19725729e-05 4.73869877e-06 1.49311962e-05 3.69285297e-05 3.46034154e-05 1.03344864e-05 3.96931462e-05 3.10781936e-05 1.32270608e-05 3.47424280e-05 3.96854699e-05 9.06458663e-06 3.26344911e-05 6.67080713e-05 2.08226411e-05 1.70539253e-04 3.27824785e-04 1.31129914e-05 8.94958113e-05 2.39262590e-06 2.26050528e-05 1.83175573e-04 3.60843901e-04 5.93786903e-05 1.24243821e-04 1.64633088e-05 3.79703931e-06 6.84013596e-06 2.40186856e-06 6.62016557e-08 8.87226270e-10 5.61342528e-11
 2008 12 08 12 00 00  3.51283374e-03 2.13046204e-03 1.16523707e-03 8.20539846e-04 5.75912686e-04 3.33126406e-04 2.32544272e-04 1.89518676e-04 3.78786394e-04 1.11662128e-04 2.59566841e-03 3.80297229e-03 2.00069329e-04 5.79741054e-05 3.87726271e-05 1.02993239e-04 2.77345185e-05 4.55153844e-05 1.01729200e-04 6.37879479e-05 1.12347126e-04 1.36324512e-04 8.52742217e-05 6.37239372e-05 4.49854924e-06 8.56970946e-06 5.83599394e-06 2.19730858e-05 4.73989530e-06 1.49328947e-05 3.69330697e-05 3.46023939e-05 1.03319158e-05 3.96941656e-05 3.11478419e-05 1.32270288e-05 3.47530169e-05 3.96924878e-05 9.05699926e-06 3.26443909e-05 6.67286200e-05 2.08661237e-05 1.70516864e-04 3.28463771e-04 1.31385508e-05 8.96570745e-05 2.38288612e-06 2.26896998e-05 1.83367388e-04 3.61040482e-04 5.94811148e-05 1.23923008e-04 1.60554536e-05 3.64883017e-06 6.49830835e-06 2.17539515e-06 5.61051223e-08 3.76004650e-10 9.57223190e-12
 2008 12 09 12 00 00  3.51246343e-03 2.12971172e-03 1.16480567e-03 8.20303646e-04 5.75748263e-04 3.33120780e-04 2.32509071e-04 1.89467040e-04 3.78652811e-04 1.11520902e-04 2.59463894e-03 3.80297080e-03 1.99931628e-04 5.78718826e-05 3.87411504e-05 1.02927431e-04 2.77311221e-05 4.55112167e-05 1.01521585e-04 6.36178418e-05 1.12342814e-04 1.36319109e-04 8.52565036e-05 6.36940827e-05 4.49833533e-06 8.57320847e-06 5.83597612e-06 2.19656362e-05 4.73616092e-06 1.49248087e-05 3.69069150e-05 3.46012035e-05 1.03289167e-05 3.96681800e-05 3.09288327e-05 1.32269925e-05 3.47024805e-05 3.96483154e-05 9.05991401e-06 3.25714677e-05 6.66080123e-05 2.07226229e-05 1.70381105e-04 3.26446025e-04 1.30578410e-05 8.90311465e-05 2.37152035e-06 2.24117874e-05 1.82547296e-04 3.60125246e-04 5.91126983e-05 1.23916870e-04 1.61811997e-05 3.69459426e-06 6.60419719e-06 2.24954420e-06 5.97016770e-08 5.77167947e-10 2.87626423e-11
 2008 12 10 12 00 00  3.51098258e-03 2.12944414e-03 1.16457501e-03 8.19982279e-04 5.75383301e-04 3.32874880e-04 2.32305779e-04 1.89259725e-04 3.78118268e-04 1.11524423e-04 2.59030163e-03 3.79234403e-03 1.99833219e-04 5.79393430e-05 3.87408358e-05 1.02792665e-04 2.76647770e-05 4.53476212e-05 1.01630893e-04 6.37741352e-05 1.12009105e-04 1.35891935e-04 8.50989058e-05 6.36817281e-05 4.49362742e-06 8.60448636e-06 5.83418732e-06 2.19538169e-05 4.73972686e-06 1.49190635e-05 3.68519099e-05 3.45740729e-05 1.02738733e-05 3.96377283e-05 3.11371230e-05 1.32184796e-05 3.46042554e-05 3.94715419e-05 9.08594302e-06 3.26008785e-05 6.62564802e-05 2.08555852e-05 1.69835700e-04 3.28360631e-04 1.31344253e-05 8.88974024e-05 2.01648472e-06 2.26700067e-05 1.81969926e-04 3.59763040e-04 5.92856803e-05 1.23907711e-04 1.74765569e-05 4.16554437e-06 7.69153088e-06 2.98336222e-06 9.33938146e-08 2.37567619e-09 1.92891103e-10
 2008 12 11 12 00 00  3.50882946e-03 2.12776061e-03 1.16353216e-03 8.19237976e-04 5.74740345e-04 3.32626596e-04 2.32043616e-04 1.88964055e-04 3.77347534e-04 1.11262755e-04 2.58413967e-03 3.78171913e-03 1.99479254e-04 5.78181815e-05 3.86823233e-05 1.02546508e-04 2.76008621e-05 4.51870146e-05 1.01366048e-04 6.36142096e-05 1.11677172e-04 1.35468643e-04 8.49136060e-05 6.35834446e-05 4.48907231e-06 8.59564025e-06 5.83241126e-06 2.19277446e-05 4.73618129e-06 1.48998867e-05 3.67538183e-05 3.45477893e-05 1.02209749e-05 3.95349067e-05 3.09294264e-05 1.32099944e-05 3.44154730e-05 3.92231814e-05 9.07858557e-06 3.24366142e-05 6.57092777e-05 2.07203891e-05 1.68849477e-04 3.26448174e-04 1.30579270e-05 8.76154193e-05 1.66958907e-06 2.24079966e-05 1.79986340e-04 3.57669593e-04 5.87903792e-05 1.22571822e-04 1.70823109e-05 4.02227773e-06 7.36108900e-06 2.76427276e-06 8.36148487e-08 1.87461628e-09 1.47689505e-10
 2008 12 12 12 00 00  3.51083696e-03 2.12916640e-03 1.16441446e-03 8.19886941e-04 5.75311307e-04 3.32870342e-04 2.32290227e-04 1.89237445e-04 3.78063101e-04 1.11471568e-04 2.58988206e-03 3.79234254e-03 1.99780520e-04 5.78993292e-05 3.87285685e-05 1.02763934e-04 2.76608946e-05 4.53428656e-05 1.01545369e-04 6.37084304e-05 1.12004303e-04 1.35885772e-04 8.50906152e-05 6.36717850e-05 4.49338295e-06 8.60895016e-06 5.83416731e-06 2.19503769e-05 4.73836844e-06 1.49154937e-05 3.68403759e-05 3.45727138e-05 1.02704478e-05 3.96283965e-05 3.10569216e-05 1.32184374e-05 3.45830101e-05 3.94510223e-05 9.08966176e-06 3.25763014e-05 6.62009072e-05 2.08008511e-05 1.69785734e-04 3.27618976e-04 1.31047590e-05 8.86474004e-05 2.00350787e-06 2.25644471e-05 1.81619942e-04 3.59387354e-04 5.91384158e-05 1.23957141e-04 1.76381938e-05 4.22436722e-06 7.82761980e-06 3.07846842e-06 9.79937823e-08 2.63866822e-09 2.17327711e-10
 2008 12 13 12 00 00  3.51102376e-03 2.12956041e-03 1.16464016e-03 8.20003702e-04 5.75387452e-04 3.32871163e-04 2.32306424e-04 1.89261646e-04 3.78127963e-04 1.11545161e-04 2.59038780e-03 3.79234254e-03 1.99851168e-04 5.79508053e-05 3.87444708e-05 1.02794502e-04 2.76604085e-05 4.53422690e-05 1.01645553e-04 6.37949270e-05 1.12003306e-04 1.35884999e-04 8.50984075e-05 6.36750536e-05 4.49335239e-06 8.59112188e-06 5.83416440e-06 2.19524620e-05 4.74035187e-06 1.49192286e-05 3.68520591e-05 3.45725392e-05 1.02700193e-05 3.96309259e-05 3.11727083e-05 1.32184316e-05 3.46053905e-05 3.94696138e-05 9.07482754e-06 3.25921371e-05 6.62528785e-05 2.08745158e-05 1.69761827e-04 3.28682967e-04 1.31473187e-05 8.89473605e-05 2.00188224e-06 2.27075623e-05 1.82008833e-04 3.59776329e-04 5.93214379e-05 1.23420193e-04 1.68816906e-05 3.94937171e-06 7.19292414e-06 2.65267604e-06 7.86264895e-08 1.61845981e-09 1.24566513e-10
 2008 12 14 12 00 00  3.50902210e-03 2.12819153e-03 1.16377809e-03 8.19355510e-04 5.74809211e-04 3.32623918e-04 2.32057981e-04 1.88986462e-04 3.77411304e-04 1.11342628e-04 2.58464069e-03 3.78171727e-03 1.99554544e-04 5.78723866e-05 3.86991254e-05 1.02574236e-04 2.75964936e-05 4.51816537e-05 1.01466903e-04 6.37063873e-05 1.11671232e-04 1.35461693e-04 8.49196302e-05 6.35844965e-05 4.48879691e-06 8.57479681e-06 5.83238871e-06 2.19286896e-05 4.73838008e-06 1.49031695e-05 3.67633117e-05 3.45462584e-05 1.02171187e-05 3.95347381e-05 3.10572563e-05 1.32099463e-05 3.44356086e-05 3.92372850e-05 9.06124405e-06 3.24500548e-05 6.57501538e-05 2.07995967e-05 1.68793275e-04 3.27620208e-04 1.31048083e-05 8.79145692e-05 1.65497204e-06 2.25623182e-05 1.80349153e-04 3.58028925e-04 5.89780978e-05 1.21887524e-04 1.61889651e-05 3.69755982e-06 6.61173690e-06 2.26278028e-06 6.08919699e-08 6.84260926e-10 3.96256222e-11
 2008 12 15 12 00 00  3.50881427e-03 2.12775841e-03 1.16352953e-03 8.19224341e-04 5.74721616e-04 3.32622496e-04 2.32039366e-04 1.88958717e-04 3.77337819e-04 1.11261417e-04 2.58407304e-03 3.78171727e-03 1.99476057e-04 5.78144261e-05 3.86812500e-05 1.02539144e-04 2.75964936e-05 4.51816537e-05 1.01351383e-04 6.36093959e-05 1.11671140e-04 1.35461693e-04 8.49106764e-05 6.35663028e-05 4.48879691e-06 8.57428458e-06 5.83238871e-06 2.19248617e-05 4.73620967e-06 1.48989108e-05 3.67498066e-05 3.45462584e-05 1.02171187e-05 3.95193162e-05 3.09302268e-05 1.32099463e-05 3.44083222e-05 3.92148071e-05 9.06081841e-06 3.24058085e-05 6.56883881e-05 2.07174337e-05 1.68713836e-04 3.26451219e-04 1.30580487e-05 8.75658900e-05 1.65497204e-06 2.24029805e-05 1.79907580e-04 3.57524544e-04 5.87717112e-05 1.21838854e-04 1.61672507e-05 3.68966640e-06 6.59351905e-06 2.25055846e-06 6.03360576e-08 6.54977172e-10 3.69630382e-11
 2008 12 16 12 00 00  3.51276578e-03 2.13041400e-03 1.16520583e-03 8.20485714e-04 5.75847066e-04 3.33112666e-04 2.32529259e-04 1.89499805e-04 3.78750290e-04 1.11650612e-04 2.59540476e-03 3.80296558e-03 2.00052738e-04 5.79590294e-05 3.87682095e-05 1.02967266e-04 2.77199520e-05 4.54975234e-05 1.01680910e-04 6.37669815e-05 1.12329153e-04 1.36301354e-04 8.52637331e-05 6.37244880e-05 4.49763247e-06 8.58187486e-06 5.83591864e-06 2.19686882e-05 4.73976834e-06 1.49293517e-05 3.69198730e-05 3.45972949e-05 1.03190621e-05 3.96915410e-05 3.11382988e-05 1.32268702e-05 3.47353102e-05 3.96671040e-05 9.06713176e-06 3.26469295e-05 6.66623833e-05 2.08511876e-05 1.70482332e-04 3.28364975e-04 1.31345990e-05 8.95188023e-05 2.33417177e-06 2.26625416e-05 1.83077659e-04 3.60782472e-04 5.94087268e-05 1.24065484e-04 1.65008915e-05 3.81092005e-06 6.87323956e-06 2.43662347e-06 6.86849958e-08 1.08614937e-09 7.59481700e-11
 2008 12 17 12 00 00  3.51617251e-03 2.13192826e-03 1.16622729e-03 8.21403747e-04 5.76744948e-04 3.33599987e-04 2.32970879e-04 1.89968697e-04 3.79970695e-04 1.11825933e-04 2.60525297e-03 3.82421426e-03 2.00423001e-04 5.79512051e-05 3.88081447e-05 1.03304214e-04 2.78443855e-05 4.58145834e-05 1.01707262e-04 6.36692625e-05 1.12987774e-04 1.37142559e-04 8.55938197e-05 6.38248207e-05 4.50652842e-06 8.57366031e-06 5.83945330e-06 2.20017904e-05 4.73760156e-06 1.49487653e-05 3.70548277e-05 3.46486719e-05 1.04218627e-05 3.98148990e-05 3.10113770e-05 1.32438043e-05 3.49899562e-05 4.00609682e-05 9.06029381e-06 3.27530617e-05 6.74761867e-05 2.07685793e-05 1.71973757e-04 3.27196344e-04 1.30878538e-05 9.05501567e-05 3.01662312e-06 2.25024458e-05 1.85098899e-04 3.62681068e-04 5.95043338e-05 1.25726480e-04 1.61700023e-05 3.69059649e-06 6.59532419e-06 2.24775465e-06 5.99197257e-08 6.11251938e-10 3.24347244e-11
 2008 12 18 12 00 00  3.51257612e-03 2.13002076e-03 1.16497975e-03 8.20365036e-04 5.75765355e-04 3.33111352e-04 2.32511962e-04 1.89473954e-04 3.78682202e-04 1.11576626e-04 2.59488418e-03 3.80296558e-03 1.99980844e-04 5.79051447e-05 3.87516152e-05 1.02934599e-04 2.77199520e-05 4.54975234e-05 1.01571231e-04 6.36770914e-05 1.12328686e-04 1.36301354e-04 8.52555549e-05 6.36972792e-05 4.49763247e-06 8.56630577e-06 5.83591864e-06 2.19641709e-05 4.73780456e-06 1.49254369e-05 3.69076241e-05 3.45972949e-05 1.03190621e-05 3.96682488e-05 3.10230855e-05 1.32268702e-05 3.47089731e-05 3.96457479e-05 9.05417546e-06 3.25869242e-05 6.66042763e-05 2.07754405e-05 1.70333102e-04 3.27303133e-04 1.30921253e-05 8.91903182e-05 2.33417177e-06 2.25158976e-05 1.82670534e-04 3.60271664e-04 5.92173286e-05 1.23560834e-04 1.58599705e-05 3.57789243e-06 6.33517783e-06 2.07295706e-06 5.19491984e-08 2.53077292e-10 1.00000000e-10
 2008 12 19 12 00 00  3.51776794e-03 2.13246812e-03 1.16661304e-03 8.21793713e-04 5.77145367e-04 3.33841819e-04 2.33181291e-04 1.90187930e-04 3.80541755e-04 1.11872647e-04 2.60987593e-03 3.83483879e-03 2.00568115e-04 5.79175243e-05 3.88189525e-05 1.03453271e-04 2.79053900e-05 4.59716364e-05 1.01659699e-04 6.35709323e-05 1.13315741e-04 1.37561251e-04 8.57535880e-05 6.38712715e-05 4.51090091e-06 8.57749255e-06 5.84121444e-06 2.20165608e-05 4.73543878e-06 1.49560813e-05 3.71147641e-05 3.46739340e-05 1.04721948e-05 3.98731487e-05 3.08845600e-05 1.32522589e-05 3.51031258e-05 4.02450950e-05 9.06348141e-06 3.27940676e-05 6.78478603e-05 2.06855941e-05 1.72714001e-04 3.26028049e-04 1.30411220e-05 9.08874472e-05 3.35380428e-06 2.23417053e-05 1.85868106e-04 3.63383351e-04 5.94445633e-05 1.26778468e-04 1.63464484e-05 3.75470318e-06 6.74312295e-06 2.34501407e-06 6.42074443e-08 8.26840163e-10 5.17762666e-11
 2008 12 20 12 00 00  3.51239396e-03 2.12962961e-03 1.16475509e-03 8.20249930e-04 5.75691120e-04 3.33112289e-04 2.32496509e-04 1.89450186e-04 3.78617717e-04 1.11503188e-04 2.59439449e-03 3.80296670e-03 1.99909984e-04 5.78516688e-05 3.87351350e-05 1.02904944e-04 2.77223822e-05 4.55005036e-05 1.01463414e-04 6.35874807e-05 1.12331960e-04 1.36305222e-04 8.52489575e-05 6.36902916e-05 4.49778527e-06 8.57752020e-06 5.83593064e-06 2.19621521e-05 4.73583968e-06 1.49220047e-05 3.68987460e-05 3.45981447e-05 1.03212056e-05 3.96623538e-05 3.09078372e-05 1.32268964e-05 3.46882468e-05 3.96295764e-05 9.06350251e-06 3.25633226e-05 6.65583636e-05 2.06998637e-05 1.70335202e-04 3.26241290e-04 1.30496516e-05 8.88971043e-05 2.34230047e-06 2.23695431e-05 1.82299229e-04 3.59879414e-04 5.90310002e-05 1.23932621e-04 1.63628423e-05 3.76062624e-06 6.75661619e-06 2.35198190e-06 6.43744652e-08 8.24325097e-10 5.12607068e-11
 2008 12 21 12 00 00  3.51799963e-03 2.13294306e-03 1.16688521e-03 8.21939296e-04 5.77244043e-04 3.33845130e-04 2.33202551e-04 1.90218993e-04 3.80623030e-04 1.11961468e-04 2.61051373e-03 3.83483954e-03 2.00653825e-04 5.79794499e-05 3.88380764e-05 1.03492912e-04 2.79073283e-05 4.59740142e-05 1.01780729e-04 6.36746292e-05 1.13317982e-04 1.37564333e-04 8.57645627e-05 6.38839118e-05 4.51102278e-06 8.56653205e-06 5.84122463e-06 2.20205153e-05 4.73781874e-06 1.49610541e-05 3.71318590e-05 3.46746179e-05 1.04739069e-05 3.98837776e-05 3.10234871e-05 1.32522793e-05 3.51339962e-05 4.02718767e-05 9.05435663e-06 3.28283041e-05 6.79211683e-05 2.07739300e-05 1.72753804e-04 3.27304677e-04 1.30921871e-05 9.12721825e-05 3.36029261e-06 2.25133321e-05 1.86370678e-04 3.63918737e-04 5.96686198e-05 1.26516434e-04 1.59132946e-05 3.59717174e-06 6.37916438e-06 2.09646991e-06 5.25873709e-08 2.55662114e-10 1.00000000e-10
 2008 12 22 12 00 00  3.50666448e-03 2.12607863e-03 1.16248755e-03 8.18479349e-04 5.74077134e-04 3.32375924e-04 2.31777328e-04 1.88662439e-04 3.76565333e-04 1.10999645e-04 2.57791954e-03 3.77109274e-03 1.99120984e-04 5.76893018e-05 3.86215931e-05 1.02292632e-04 2.75345199e-05 4.50234191e-05 1.01071424e-04 6.34435622e-05 1.11341362e-04 1.35041469e-04 8.47264942e-05 6.34615661e-05 4.48436404e-06 8.55427643e-06 5.83062247e-06 2.18984785e-05 4.73269865e-06 1.48799649e-05 3.66551855e-05 3.45206558e-05 1.01659316e-05 3.94103152e-05 3.07235197e-05 1.32014815e-05 3.42208113e-05 3.89683869e-05 9.04415647e-06 3.22283340e-05 6.51459350e-05 2.05786069e-05 1.67682126e-04 3.24542545e-04 1.29817018e-05 8.62853050e-05 1.31455381e-06 2.21348106e-05 1.77932189e-04 3.55406652e-04 5.82669188e-05 1.20256034e-04 1.54101845e-05 3.41424607e-06 5.95677093e-06 1.81078150e-06 3.94258015e-08 1.00000000e-10 1.00000000e-10
 2008 12 23 12 00 00  3.50886723e-03 2.12787965e-03 1.16359699e-03 8.19252578e-04 5.74734536e-04 3.32622768e-04 2.32042474e-04 1.88962966e-04 3.77351103e-04 1.11282787e-04 2.58420458e-03 3.78171727e-03 1.99494644e-04 5.78239481e-05 3.86843179e-05 1.02544679e-04 2.75964936e-05 4.51816537e-05 1.01358861e-04 6.36268524e-05 1.11670939e-04 1.35461693e-04 8.49129232e-05 6.35650860e-05 4.48879691e-06 8.56478873e-06 5.83238871e-06 2.19250037e-05 4.73685359e-06 1.48998466e-05 3.67557804e-05 3.45462584e-05 1.02171187e-05 3.95169669e-05 3.09663621e-05 1.32099463e-05 3.44150442e-05 3.92196319e-05 9.05290144e-06 3.24053116e-05 6.57014281e-05 2.07343168e-05 1.68685864e-04 3.26775637e-04 1.30710255e-05 8.76468298e-05 1.65497204e-06 2.24370611e-05 1.79998127e-04 3.57604179e-04 5.88081389e-05 1.21626075e-04 1.58725181e-05 3.58226957e-06 6.34438329e-06 2.06858745e-06 5.09919186e-08 1.84516624e-10 1.00000000e-10
 2008 12 24 12 00 00  3.51602009e-03 2.13161588e-03 1.16604652e-03 8.21303950e-04 5.76674735e-04 3.33599321e-04 2.32956270e-04 1.89946510e-04 3.79913037e-04 1.11766397e-04 2.60482923e-03 3.82421464e-03 2.00364052e-04 5.79045402e-05 3.87938477e-05 1.03276350e-04 2.78448715e-05 4.58151801e-05 1.01606141e-04 6.35922013e-05 1.12988470e-04 1.37143333e-04 8.55874807e-05 6.38161084e-05 4.50655898e-06 8.57847044e-06 5.83945621e-06 2.19992958e-05 4.73606087e-06 1.49455993e-05 3.70475567e-05 3.46488407e-05 1.04222920e-05 3.98065687e-05 3.09200550e-05 1.32438101e-05 3.49714270e-05 4.00450535e-05 9.06428395e-06 3.27281110e-05 6.74315722e-05 2.07048171e-05 1.71944867e-04 3.26350049e-04 1.30540020e-05 9.02978264e-05 3.01824857e-06 2.23797586e-05 1.84763064e-04 3.62317427e-04 5.93407377e-05 1.25927207e-04 1.64685818e-05 3.79890689e-06 6.84420660e-06 2.40177746e-06 6.59945389e-08 8.60998384e-10 5.33611044e-11
 2008 12 25 12 00 00  3.51428920e-03 2.13079990e-03 1.16550207e-03 8.20827633e-04 5.76214625e-04 3.33355694e-04 2.32733114e-04 1.89708503e-04 3.79293205e-04 1.11667728e-04 2.59983092e-03 3.81359048e-03 2.00168338e-04 5.79006122e-05 3.87714597e-05 1.03103406e-04 2.77828978e-05 4.56569513e-05 1.01577409e-04 6.36278884e-05 1.12659360e-04 1.36723124e-04 8.54213783e-05 6.37608460e-05 4.50212647e-06 8.57850318e-06 5.83768997e-06 2.19820411e-05 4.73684740e-06 1.49353610e-05 3.69783746e-05 3.46232380e-05 1.03711063e-05 3.97405679e-05 3.09661933e-05 1.32353452e-05 3.48402555e-05 3.98452520e-05 9.06430869e-06 3.26641353e-05 6.70168897e-05 2.07349512e-05 1.71169324e-04 3.26774988e-04 1.30709995e-05 8.97338248e-05 2.67784144e-06 2.24381380e-05 1.83695926e-04 3.61291367e-04 5.92653585e-05 1.24984855e-04 1.64846816e-05 3.80472416e-06 6.85746115e-06 2.40865236e-06 6.61621236e-08 8.58874838e-10 5.28903199e-11
 2008 12 26 12 00 00  3.51823663e-03 2.13345402e-03 1.16717755e-03 8.22086331e-04 5.77336558e-04 3.33844529e-04 2.33222081e-04 1.90248639e-04 3.80704119e-04 1.12056672e-04 2.61114645e-03 3.83483842e-03 2.00744662e-04 5.80455184e-05 3.88585079e-05 1.03530076e-04 2.79049040e-05 4.59710398e-05 1.01907961e-04 6.37860852e-05 1.13315349e-04 1.37560478e-04 8.57735107e-05 6.39127558e-05 4.51086999e-06 8.57811319e-06 5.84121226e-06 2.20249231e-05 4.74040316e-06 1.49655330e-05 3.71464500e-05 3.46737652e-05 1.04717656e-05 3.99073828e-05 3.11741605e-05 1.32522531e-05 3.51647157e-05 4.02949362e-05 9.06398054e-06 3.28942253e-05 6.79846117e-05 2.08690879e-05 1.72888194e-04 3.28688385e-04 1.31475354e-05 9.16717181e-05 3.35217846e-06 2.26983480e-05 1.86847185e-04 3.64506535e-04 5.99010681e-05 1.26949097e-04 1.64874495e-05 3.80568398e-06 6.85945145e-06 2.40733463e-06 6.59113926e-08 8.31268343e-10 5.00151087e-11
 2008 12 27 12 00 00  3.51617905e-03 2.13196805e-03 1.16624795e-03 8.21402114e-04 5.76733927e-04 3.33597323e-04 2.32968569e-04 1.89965693e-04 3.79966898e-04 1.11831962e-04 2.60524647e-03 3.82421315e-03 2.00426326e-04 5.79502421e-05 3.88079856e-05 1.03300106e-04 2.78414722e-05 4.58110153e-05 1.01693950e-04 6.36695302e-05 1.12984312e-04 1.37137932e-04 8.55925694e-05 6.38303066e-05 4.50634543e-06 8.57964551e-06 5.83943802e-06 2.20013783e-05 4.73784858e-06 1.49483680e-05 3.70555394e-05 3.46476503e-05 1.04192928e-05 3.98178995e-05 3.10243428e-05 1.32437723e-05 3.49899802e-05 4.00579922e-05 9.06525675e-06 3.27636937e-05 6.74680942e-05 2.07707999e-05 1.71992587e-04 3.27307946e-04 1.30923178e-05 9.05577773e-05 3.00688298e-06 2.25080221e-05 1.85068823e-04 3.62678685e-04 5.94988699e-05 1.25972357e-04 1.65508535e-05 3.82873583e-06 6.91267413e-06 2.44326172e-06 6.75615023e-08 9.19395848e-10 5.80585469e-11
 2008 12 28 12 00 00  3.51965842e-03 2.13363887e-03 1.16735924e-03 8.22365801e-04 5.77660936e-04 3.34084262e-04 2.33416267e-04 1.90443917e-04 3.81212739e-04 1.12036609e-04 2.61528918e-03 3.84546146e-03 2.00824775e-04 5.79634708e-05 3.88544162e-05 1.03648705e-04 2.79649306e-05 4.61268821e-05 1.01762344e-04 6.36071898e-05 1.13642111e-04 1.37977592e-04 8.59252850e-05 6.39469633e-05 4.51518063e-06 8.58595013e-06 5.84296795e-06 2.20365110e-05 4.73647015e-06 1.49691424e-05 3.71947457e-05 3.46986868e-05 1.05212355e-05 3.99550138e-05 3.09435796e-05 1.32606961e-05 3.52549129e-05 4.04592348e-05 9.07050198e-06 3.29040007e-05 6.83018527e-05 2.07181278e-05 1.73579971e-04 3.26564141e-04 1.30625657e-05 9.17184928e-05 3.68608271e-06 2.24059651e-05 1.87236986e-04 3.64791179e-04 5.96679586e-05 1.28074251e-04 1.68158344e-05 3.92506457e-06 7.13503243e-06 2.59277965e-06 7.43872921e-08 1.28083781e-09 9.09699094e-11
 2008 12 29 12 00 00  3.52200359e-03 2.13575243e-03 1.16864788e-03 8.23228154e-04 5.78373671e-04 3.34329453e-04 2.33692858e-04 1.90762309e-04 3.82048023e-04 1.12378226e-04 2.62195155e-03 3.85608487e-03 2.01254448e-04 5.81401223e-05 3.89301054e-05 1.03922879e-04 2.80239910e-05 4.62815486e-05 1.02132988e-04 6.38611789e-05 1.13967843e-04 1.38393187e-04 8.61163488e-05 6.40551992e-05 4.51943015e-06 8.58665007e-06 5.84471891e-06 2.20642714e-05 4.74220396e-06 1.49915556e-05 3.73016639e-05 3.47232708e-05 1.05698520e-05 4.00653651e-05 3.12788150e-05 1.32691290e-05 3.54645629e-05 4.07217807e-05 9.07108333e-06 3.30983748e-05 6.88898622e-05 2.09336955e-05 1.74571701e-04 3.29647603e-04 1.31859041e-05 9.33063833e-05 4.01676079e-06 2.28242774e-05 1.89582805e-04 3.67283546e-04 6.03542742e-05 1.29123571e-04 1.68609097e-05 3.94141330e-06 7.17258691e-06 2.61587093e-06 7.52863649e-08 1.31678497e-09 9.39489375e-11
 2008 12 30 12 00 00  3.52571114e-03 2.13789638e-03 1.17003067e-03 8.24335829e-04 5.79397406e-04 3.34818401e-04 2.34161179e-04 1.91271123e-04 3.83374558e-04 1.12671565e-04 2.63261940e-03 3.87733355e-03 2.01738659e-04 5.82164781e-05 3.89960097e-05 1.04310244e-04 2.81479384e-05 4.65980178e-05 1.02326768e-04 6.39044272e-05 1.14625716e-04 1.39233633e-04 8.64591488e-05 6.41739960e-05 4.52829590e-06 8.56827610e-06 5.84825139e-06 2.21020787e-05 4.74319495e-06 1.50170662e-05 3.74554425e-05 3.47744790e-05 1.06722262e-05 4.02043233e-05 3.13366880e-05 1.32860587e-05 3.57572028e-05 4.11470244e-05 9.05579218e-06 3.32543309e-05 6.97905479e-05 2.09705249e-05 1.76120186e-04 3.30179419e-04 1.32071768e-05 9.48341618e-05 4.69759761e-06 2.28958248e-05 1.92239002e-04 3.69874718e-04 6.07489294e-05 1.30506975e-04 1.60989439e-05 3.66438951e-06 6.53300383e-06 2.18437351e-06 5.54850612e-08 3.06876613e-10 1.00000000e-10
 2008 12 31 12 00 00  3.51036767e-03 2.12825812e-03 1.16388883e-03 8.19578625e-04 5.75081000e-04 3.32858631e-04 2.32240953e-04 1.89165865e-04 3.77884247e-04 1.11298369e-04 2.58853799e-03 3.79233807e-03 1.99607670e-04 5.77658392e-05 3.86876708e-05 1.02672220e-04 2.76516657e-05 4.53315530e-05 1.01256392e-04 6.34892029e-05 1.11991769e-04 1.35871097e-04 8.50655738e-05 6.36085267e-05 4.49280196e-06 8.57622290e-06 5.83411929e-06 2.19369897e-05 4.73392429e-06 1.49043708e-05 3.68058908e-05 3.45694833e-05 1.02623053e-05 3.95713308e-05 3.07939976e-05 1.32183370e-05 3.45125092e-05 3.93865031e-05 9.06240166e-06 3.24378332e-05 6.60270167e-05 2.06189638e-05 1.69400458e-04 3.25184575e-04 1.30073830e-05 8.78176064e-05 1.97264744e-06 2.22141520e-05 1.80509546e-04 3.58053778e-04 5.86536592e-05 1.22891424e-04 1.64517948e-05 3.79261636e-06 6.82877159e-06 2.38064442e-06 6.42579828e-08 7.11012904e-10 3.82402027e-11
 2009 01 01 12 00 00  3.50855592e-03 2.12728412e-03 1.16325309e-03 8.19049557e-04 5.74582080e-04 3.32613124e-04 2.32009488e-04 1.88915771e-04 3.77234020e-04 1.11169669e-04 2.58330955e-03 3.78171355e-03 1.99382164e-04 5.77391499e-05 3.86583013e-05 1.02483793e-04 2.75882398e-05 4.51715430e-05 1.01179167e-04 6.34874043e-05 1.11660687e-04 1.35448582e-04 8.48952292e-05 6.35427705e-05 4.48827777e-06 8.57142222e-06 5.83234578e-06 2.19175260e-05 4.73393484e-06 1.48922438e-05 3.67307114e-05 3.45433684e-05 1.02098362e-05 3.94959807e-05 3.07943090e-05 1.32098561e-05 3.43693147e-05 3.91758122e-05 9.05840425e-06 3.23507736e-05 6.55829567e-05 2.06178622e-05 1.68563370e-04 3.25185806e-04 1.30074323e-05 8.71114403e-05 1.62737797e-06 2.22122835e-05 1.79253601e-04 3.56801880e-04 5.84956715e-05 1.21772173e-04 1.62702607e-05 3.72657425e-06 6.67608671e-06 2.27517911e-06 5.92425554e-08 4.30341274e-10 1.23027089e-11
