#START
 1993 01 01 12 00 00  3.68871157e-03 2.23482053e-03 1.23235109e-03 8.85118663e-04 6.41358615e-04 3.58543685e-04 2.57125414e-04 2.16969443e-04 4.45379189e-04 1.27561029e-04 3.12714115e-03 4.66625318e-03 2.25352367e-04 6.54939815e-05 4.27407462e-05 1.28238784e-04 3.87451757e-05 6.56755408e-05 1.23445412e-04 7.15353235e-05 1.46542776e-04 1.79884218e-04 1.03367031e-04 7.27473755e-05 5.23471899e-06 8.96616839e-06 6.01013126e-06 2.56281769e-05 4.82919058e-06 1.73449459e-05 4.92518647e-05 3.87731910e-05 1.97647241e-05 4.98580984e-05 3.68914363e-05 1.39777563e-05 5.44117339e-05 6.73341775e-05 9.37897203e-06 4.56994358e-05 1.29963258e-04 2.67335738e-05 2.78055840e-04 3.84015461e-04 1.53606184e-05 2.08415328e-04 4.99903108e-05 3.36247525e-05 4.00559900e-04 5.81705413e-04 9.94815985e-05 3.32229084e-04 8.82738130e-05 2.97682445e-05 6.61369319e-05 3.45912085e-05 9.84348100e-07 8.04852682e-09 1.00000000e-10
 1993 01 02 12 00 00  3.69275140e-03 2.23763619e-03 1.23412004e-03 8.86438366e-04 6.42530378e-04 3.59037981e-04 2.57625461e-04 2.17524697e-04 4.46825651e-04 1.27980797e-04 3.13873404e-03 4.68750224e-03 2.25959880e-04 6.56617689e-05 4.28348040e-05 1.28685409e-04 3.88725195e-05 6.59961603e-05 1.23824794e-04 7.17306975e-05 1.47204720e-04 1.80730040e-04 1.03725903e-04 7.28871179e-05 5.24379830e-06 8.93694232e-06 6.01368120e-06 2.56722432e-05 4.83352451e-06 1.73777582e-05 4.94292047e-05 3.88255867e-05 1.98700931e-05 5.00155754e-05 3.71452974e-05 1.39947209e-05 5.47491655e-05 6.77990692e-05 9.35465796e-06 4.59100325e-05 1.30972436e-04 2.68987525e-05 2.79688953e-04 3.86352857e-04 1.54541143e-05 2.10500290e-04 5.06824872e-05 3.39448859e-05 4.03954660e-04 5.85093899e-04 1.00206365e-04 3.33330738e-04 8.70058459e-05 2.93073932e-05 6.50736047e-05 3.38816716e-05 9.52348950e-07 6.75874645e-09 1.00000000e-10
 1993 01 03 12 00 00  3.70397886e-03 2.24426622e-03 1.23838319e-03 8.89830774e-04 6.45654837e-04 3.60508199e-04 2.59041880e-04 2.19067583e-04 4.50845726e-04 1.28898702e-04 3.17104172e-03 4.75125015e-03 2.27450562e-04 6.59202528e-05 4.30415181e-05 1.29868709e-04 3.92472721e-05 6.69491361e-05 1.24471262e-04 7.19085452e-05 1.49184605e-04 1.83255985e-04 1.04760329e-04 7.33248804e-05 5.27057891e-06 8.98345606e-06 6.02429427e-06 2.57950244e-05 4.83746298e-06 1.74568958e-05 4.99017404e-05 3.89802270e-05 2.01797797e-05 5.05022851e-05 3.73760296e-05 1.40455391e-05 5.56533248e-05 6.90950352e-05 9.39336533e-06 4.65317508e-05 1.33724717e-04 2.70490651e-05 2.84905253e-04 3.88477571e-04 1.55391028e-05 2.15333228e-04 5.27347205e-05 3.42361600e-05 4.12179106e-04 5.93463293e-04 1.01498355e-04 3.40651894e-04 8.89344938e-05 3.00085805e-05 6.66924871e-05 3.49738910e-05 1.00247284e-06 9.05748898e-09 1.00000000e-10
 1993 01 04 12 00 00  3.71735354e-03 2.25538456e-03 1.24522159e-03 8.94576641e-04 6.49678874e-04 3.61991316e-04 2.60649348e-04 2.20895663e-04 4.55623169e-04 1.30657739e-04 3.20920403e-03 4.81499694e-03 2.29753326e-04 6.67778563e-05 4.34330452e-05 1.31412470e-04 3.96200776e-05 6.78997254e-05 1.26307899e-04 7.30896078e-05 1.51160509e-04 1.85778833e-04 1.05886262e-04 7.38811989e-05 5.29723729e-06 8.93882898e-06 6.03489607e-06 2.59505256e-05 4.86391036e-06 1.75797421e-05 5.05098173e-05 3.91341833e-05 2.04877550e-05 5.10892292e-05 3.89237131e-05 1.40963355e-05 5.68279930e-05 7.06158487e-05 9.35624557e-06 4.74841209e-05 1.37099801e-04 2.80496810e-05 2.90442082e-04 4.02719732e-04 1.61087893e-05 2.23700483e-04 5.47804520e-05 3.61767539e-05 4.24945451e-04 6.06724695e-04 1.04921285e-04 3.45392712e-04 8.69537240e-05 2.92887631e-05 6.50321446e-05 3.38719725e-05 9.53210559e-07 6.84899959e-09 1.00000000e-10
 1993 01 05 12 00 00  3.73065983e-03 2.26357665e-03 1.25045665e-03 8.98662582e-04 6.53402014e-04 3.63704453e-04 2.62318103e-04 2.22720886e-04 4.60383580e-04 1.31813698e-04 3.24744284e-03 4.88936715e-03 2.31573287e-04 6.71385146e-05 4.36924933e-05 1.32824283e-04 4.00534045e-05 6.90067594e-05 1.27175359e-04 7.33970664e-05 1.53465433e-04 1.88719596e-04 1.07100023e-04 7.44049286e-05 5.32823724e-06 8.98737198e-06 6.04725683e-06 2.60961389e-05 4.87082361e-06 1.76757538e-05 5.10718617e-05 3.93132359e-05 2.08456302e-05 5.16673354e-05 3.93281196e-05 1.41555822e-05 5.79067173e-05 7.21449734e-05 9.39664751e-06 4.82455911e-05 1.40359366e-04 2.83103989e-05 2.96556332e-04 4.06440231e-04 1.62576092e-05 2.29674300e-04 5.71617275e-05 3.66825465e-05 4.34943561e-04 6.16938593e-04 1.06633948e-04 3.53717336e-04 8.89304825e-05 3.00075313e-05 6.66920429e-05 3.49969227e-05 1.00519835e-06 9.32768671e-09 1.00000000e-10
 1993 01 06 12 00 00  3.74480035e-03 2.27350206e-03 1.25668662e-03 9.03275650e-04 6.57478817e-04 3.65424167e-04 2.64062098e-04 2.24658009e-04 4.65439582e-04 1.33294756e-04 3.28796574e-03 4.96373810e-03 2.33707703e-04 6.77313797e-05 4.40235479e-05 1.34377780e-04 4.04877006e-05 7.01149809e-05 1.28506529e-04 7.40928866e-05 1.55772788e-04 1.91661879e-04 1.08350227e-04 7.50258539e-05 5.35929757e-06 9.07066133e-06 6.05962305e-06 2.62595185e-05 4.88641745e-06 1.77890007e-05 5.16898842e-05 3.94926261e-05 2.12043611e-05 5.23277532e-05 4.02406178e-05 1.42148376e-05 5.90991634e-05 7.37672560e-05 9.46594591e-06 4.92284693e-05 1.43873091e-04 2.89000222e-05 3.03160226e-04 4.14836910e-04 1.65934764e-05 2.37072080e-04 5.95462392e-05 3.78261320e-05 4.46723188e-04 6.29290277e-04 1.09174809e-04 3.63353901e-04 9.24868622e-05 3.13002534e-05 6.96754169e-05 3.69953048e-05 1.09587650e-06 1.40878061e-08 2.15715978e-10
 1993 01 07 12 00 00  3.75839868e-03 2.28228582e-03 1.26226217e-03 9.07548498e-04 6.61332445e-04 3.67141524e-04 2.65758714e-04 2.26524218e-04 4.70306005e-04 1.34562259e-04 3.32701698e-03 5.03810979e-03 2.35636646e-04 6.81735369e-05 4.43080748e-05 1.35841774e-04 4.09234519e-05 7.12249952e-05 1.29540707e-04 7.45358237e-05 1.58080107e-04 1.94606500e-04 1.09577835e-04 7.55540386e-05 5.39044995e-06 9.08819857e-06 6.07199618e-06 2.64091536e-05 4.89627309e-06 1.78913755e-05 5.22711569e-05 3.96725314e-05 2.15643799e-05 5.29099792e-05 4.08177380e-05 1.42741104e-05 6.02145703e-05 7.53296165e-05 9.48051820e-06 5.00125063e-05 1.47224837e-04 2.92747631e-05 3.09235261e-04 4.20149792e-04 1.68059917e-05 2.43521227e-04 6.19356346e-05 3.85525665e-05 4.57368990e-04 6.40146448e-04 1.11180461e-04 3.70939583e-04 9.33617257e-05 3.16179618e-05 7.04071696e-05 3.74682864e-05 1.11610086e-06 1.50558661e-08 3.01268521e-10
 1993 01 08 12 00 00  3.76553973e-03 2.28875460e-03 1.26620459e-03 9.10211627e-04 6.63549286e-04 3.67891493e-04 2.66606451e-04 2.27502392e-04 4.72859294e-04 1.35613146e-04 3.34736740e-03 5.06998599e-03 2.36955569e-04 6.87266443e-05 4.45421038e-05 1.36695623e-04 4.11156856e-05 7.17074377e-05 1.30713090e-04 7.53328553e-05 1.59077036e-04 1.95877205e-04 1.10163374e-04 7.59135525e-05 5.40414621e-06 9.12216128e-06 6.07732800e-06 2.65004356e-05 4.91401370e-06 1.79629368e-05 5.26104185e-05 3.97515483e-05 2.17235094e-05 5.32730479e-05 4.18565847e-05 1.42995734e-05 6.08714546e-05 7.61493753e-05 9.50875037e-06 5.06591935e-05 1.49071178e-04 2.99491396e-05 3.12485629e-04 4.29712952e-04 1.71885181e-05 2.48515893e-04 6.29779941e-05 3.98598931e-05 4.64771490e-04 6.48106304e-04 1.13342359e-04 3.75390559e-04 9.49903853e-05 3.22095439e-05 7.17703650e-05 3.83571023e-05 1.15468001e-06 1.69485759e-08 4.69822847e-10
 1993 01 09 12 00 00  3.77062543e-03 2.29093074e-03 1.26768420e-03 9.11579528e-04 6.64904594e-04 3.68628294e-04 2.67271078e-04 2.28207501e-04 4.74687933e-04 1.35859692e-04 3.36211070e-03 5.10186218e-03 2.37497990e-04 6.87075561e-05 4.45996061e-05 1.37204221e-04 4.13088856e-05 7.21910503e-05 1.30748446e-04 7.51717424e-05 1.60072001e-04 1.97149408e-04 1.10660857e-04 7.60308248e-05 5.41790287e-06 9.06297209e-06 6.08266455e-06 2.65484411e-05 4.91022729e-06 1.79925594e-05 5.28133879e-05 3.98309057e-05 2.18834917e-05 5.34312153e-05 4.16360854e-05 1.43250450e-05 6.12497644e-05 7.67437527e-05 9.45946158e-06 5.07539299e-05 1.50302183e-04 2.98111554e-05 3.14505722e-04 4.27689520e-04 1.71075808e-05 2.50006822e-04 6.40235725e-05 3.95913434e-05 4.67821935e-04 6.50822093e-04 1.13467454e-04 3.76683330e-04 9.27698511e-05 3.14016623e-05 6.99023723e-05 3.70640501e-05 1.09299623e-06 1.34827479e-08 1.49206514e-10
 1993 01 10 12 00 00  3.77492741e-03 2.29426119e-03 1.26974991e-03 9.13068512e-04 6.66199392e-04 3.69128819e-04 2.67797621e-04 2.28801092e-04 4.76231259e-04 1.36376853e-04 3.37444614e-03 5.12311459e-03 2.38201499e-04 6.89472721e-05 4.47157676e-05 1.37700017e-04 4.14410868e-05 7.25176360e-05 1.31278096e-04 7.54860113e-05 1.60741893e-04 1.98002972e-04 1.11033549e-04 7.62424077e-05 5.42728885e-06 9.09971495e-06 6.08623923e-06 2.66029464e-05 4.91710198e-06 1.80314633e-05 5.30127776e-05 3.98849981e-05 2.19931491e-05 5.36501173e-05 4.20393830e-05 1.43420635e-05 6.16318835e-05 7.72466226e-05 9.49000023e-06 5.11079824e-05 1.51411347e-04 3.00760672e-05 3.16594184e-04 4.31406034e-04 1.72562414e-05 2.52586306e-04 6.47320005e-05 4.01042489e-05 4.71822575e-04 6.55102178e-04 1.14454497e-04 3.80150440e-04 9.45614276e-05 3.20523597e-05 7.14014843e-05 3.80378724e-05 1.13499826e-06 1.55222699e-08 3.30260397e-10
 1993 01 11 12 00 00  3.77840726e-03 2.29589637e-03 1.27084204e-03 9.14036569e-04 6.67140680e-04 3.69621072e-04 2.68248807e-04 2.29283090e-04 4.77481685e-04 1.36575715e-04 3.38452054e-03 5.14436588e-03 2.38596385e-04 6.89586869e-05 4.47615572e-05 1.38054242e-04 4.15703718e-05 7.28406420e-05 1.31349314e-04 7.54190434e-05 1.61406888e-04 1.98851888e-04 1.11369304e-04 7.63572335e-05 5.43649039e-06 9.10118470e-06 6.08979935e-06 2.66393489e-05 4.91550236e-06 1.80530960e-05 5.31557650e-05 3.99380777e-05 2.21002338e-05 5.37866424e-05 4.19463962e-05 1.43590500e-05 6.19004933e-05 7.76551380e-05 9.49120367e-06 5.12427457e-05 1.52263617e-04 3.00185056e-05 3.18185235e-04 4.30553561e-04 1.72221424e-05 2.53757749e-04 6.54306845e-05 3.99920857e-05 4.74048208e-04 6.57255264e-04 1.14624798e-04 3.82269411e-04 9.47537406e-05 3.21219573e-05 7.15606068e-05 3.81268147e-05 1.13776280e-06 1.55712423e-08 3.32262173e-10
 1993 01 12 12 00 00  3.77385079e-03 2.29197924e-03 1.26844238e-03 9.12394787e-04 6.65762265e-04 3.69126356e-04 2.67704992e-04 2.28661884e-04 4.75856759e-04 1.35950373e-04 3.37153769e-03 5.12311682e-03 2.37792010e-04 6.86472904e-05 4.46231202e-05 1.37524663e-04 4.14464273e-05 7.25241785e-05 1.30691831e-04 7.49819679e-05 1.60751386e-04 1.98011454e-04 1.10989940e-04 7.62401324e-05 5.42762464e-06 9.22412582e-06 6.08626724e-06 2.65929308e-05 4.90561324e-06 1.80102372e-05 5.29490993e-05 3.98868695e-05 2.19978610e-05 5.36493695e-05 4.13683010e-05 1.43421203e-05 6.15073024e-05 7.71436066e-05 9.59350073e-06 5.10456241e-05 1.51121127e-04 2.96473620e-05 3.16854872e-04 4.25237052e-04 1.70094821e-05 2.50876617e-04 6.47498586e-05 3.92717542e-05 4.69595392e-04 6.52941839e-04 1.13392381e-04 3.84025778e-04 9.99366057e-05 3.40060535e-05 7.59095336e-05 4.10489695e-05 1.27101081e-06 2.26154519e-08 9.73385106e-10
 1993 01 13 12 00 00  3.76219263e-03 2.28447886e-03 1.26367929e-03 9.08728835e-04 6.62447536e-04 3.67648800e-04 2.66247646e-04 2.27059310e-04 4.71682462e-04 1.34868961e-04 3.33803245e-03 5.05936705e-03 2.36142266e-04 6.82719888e-05 4.43804060e-05 1.36265103e-04 4.10668174e-05 7.15652597e-05 1.29811436e-04 7.46094855e-05 1.58767304e-04 1.95477788e-04 1.09934450e-04 7.58216110e-05 5.40053843e-06 9.25845015e-06 6.07562979e-06 2.64663127e-05 4.89733757e-06 1.79216149e-05 5.24469195e-05 3.97305295e-05 2.16838860e-05 5.31784560e-05 4.08836175e-05 1.42912511e-05 6.05515078e-05 7.57991163e-05 9.62207341e-06 5.04387117e-05 1.48233346e-04 2.93323275e-05 3.11867246e-04 4.20774763e-04 1.68309905e-05 2.45364962e-04 6.26813853e-05 3.86611238e-05 4.60415891e-04 6.43742580e-04 1.11677248e-04 3.79015502e-04 1.01300109e-04 3.45019236e-05 7.70550929e-05 4.18302266e-05 1.30746363e-06 2.46048771e-08 1.15602594e-09
 1993 01 14 12 00 00  3.74877571e-03 2.27335122e-03 1.25683330e-03 9.03948654e-04 6.58376935e-04 3.66153496e-04 2.64629165e-04 2.25218143e-04 4.66881856e-04 1.33106588e-04 3.29969089e-03 4.99561504e-03 2.33832378e-04 6.74086176e-05 4.39872417e-05 1.34702817e-04 4.06809035e-05 7.05986109e-05 1.27950984e-04 7.34218454e-05 1.56770865e-04 1.92934116e-04 1.08799916e-04 7.51451870e-05 5.37305532e-06 9.14442790e-06 6.06495960e-06 2.62962262e-05 4.87092802e-06 1.77960395e-05 5.18216769e-05 3.95719835e-05 2.13643463e-05 5.24879682e-05 3.93370225e-05 1.42403107e-05 5.93452044e-05 7.42490972e-05 9.52721821e-06 4.92692618e-05 1.44789326e-04 2.83276779e-05 3.05442889e-04 4.06536632e-04 1.62614653e-05 2.36793177e-04 6.05918351e-05 3.67136759e-05 4.47439508e-04 6.29774209e-04 1.08215705e-04 3.68982848e-04 9.63526756e-05 3.27037493e-05 7.29061397e-05 3.90618266e-05 1.18261872e-06 1.81096851e-08 5.67519098e-10
 1993 01 15 12 00 00  3.74882155e-03 2.27353755e-03 1.25693753e-03 9.03968842e-04 6.58363209e-04 3.66140146e-04 2.64624945e-04 2.25215682e-04 4.66888581e-04 1.33139671e-04 3.29974327e-03 4.99560796e-03 2.33859853e-04 6.74282866e-05 4.39934765e-05 1.34697434e-04 4.06658539e-05 7.05801649e-05 1.27976473e-04 7.34583184e-05 1.56748923e-04 1.92910199e-04 1.08794101e-04 7.50603129e-05 5.37210763e-06 9.02380125e-06 6.06488138e-06 2.62852338e-05 4.87195939e-06 1.77948391e-05 5.18100176e-05 3.95667157e-05 2.13510662e-05 5.24136508e-05 3.93960276e-05 1.42401477e-05 5.93277627e-05 7.42289294e-05 9.42686165e-06 4.91219613e-05 1.44744058e-04 2.83603440e-05 3.04771227e-04 4.07072769e-04 1.62829108e-05 2.36757786e-04 6.05415145e-05 3.67781642e-05 4.47398784e-04 6.29387311e-04 1.08265018e-04 3.64969645e-04 9.11642101e-05 3.08178644e-05 6.85542945e-05 3.61519335e-05 1.05095144e-06 1.12259379e-08 1.00000000e-10
 1993 01 16 12 00 00  3.75342066e-03 2.27763868e-03 1.25944071e-03 9.05629835e-04 6.59726883e-04 3.66620197e-04 2.65164060e-04 2.25834227e-04 4.68520186e-04 1.33798005e-04 3.31276633e-03 5.01684882e-03 2.34691958e-04 6.77610868e-05 4.41386494e-05 1.35221111e-04 4.07732907e-05 7.08763895e-05 1.28668848e-04 7.39345269e-05 1.57389307e-04 1.93724391e-04 1.09166764e-04 7.53326009e-05 5.37993437e-06 9.11750976e-06 6.06832764e-06 2.63422898e-05 4.88286387e-06 1.78362785e-05 5.20128599e-05 3.96121468e-05 2.14388725e-05 5.26798785e-05 4.00326709e-05 1.42568970e-05 5.97370568e-05 7.47352932e-05 9.50484609e-06 4.96123738e-05 1.45867627e-04 2.87657895e-05 3.07138442e-04 4.12923579e-04 1.65169432e-05 2.39818391e-04 6.11671305e-05 3.75657546e-05 4.51798795e-04 6.34347952e-04 1.09549954e-04 3.69726091e-04 9.50384758e-05 3.22264377e-05 7.18065011e-05 3.83476966e-05 1.15183240e-06 1.66159488e-08 4.34948300e-10
 1993 01 17 12 00 00  3.75420028e-03 2.27659048e-03 1.25891168e-03 9.05493822e-04 6.59742215e-04 3.66839670e-04 2.65291070e-04 2.25933828e-04 4.68790711e-04 1.33544612e-04 3.31506989e-03 5.02746440e-03 2.34541338e-04 6.75079286e-05 4.40819813e-05 1.35216093e-04 4.08158434e-05 7.10108201e-05 1.28166631e-04 7.34734116e-05 1.57691380e-04 1.94113733e-04 1.09281828e-04 7.52378780e-05 5.38314453e-06 9.02636530e-06 6.06999347e-06 2.63310947e-05 4.87286488e-06 1.78242434e-05 5.20037200e-05 3.96309508e-05 2.14729196e-05 5.26154266e-05 3.94455565e-05 1.42651494e-05 5.97201720e-05 7.48031156e-05 9.42902261e-06 4.93589427e-05 1.45929574e-04 2.83778354e-05 3.07002481e-04 4.07510356e-04 1.63004143e-05 2.38685597e-04 6.14425982e-05 3.68150795e-05 4.50663730e-04 6.32627961e-04 1.08683495e-04 3.67360731e-04 9.10698987e-05 3.07840664e-05 6.84786533e-05 3.61290250e-05 1.05191158e-06 1.14276069e-08 1.00000000e-10
 1993 01 18 12 00 00  3.74742174e-03 2.27378273e-03 1.25699037e-03 9.03663638e-04 6.57904803e-04 3.65843626e-04 2.64397091e-04 2.24985912e-04 4.66344866e-04 1.33231863e-04 3.29534713e-03 4.98495586e-03 2.33829430e-04 6.75419006e-05 4.40080798e-05 1.34525877e-04 4.05431929e-05 7.03475438e-05 1.28124613e-04 7.37057941e-05 1.56341921e-04 1.92393516e-04 1.08610828e-04 7.49688485e-05 5.36385451e-06 8.94899204e-06 6.06280009e-06 2.62530447e-05 4.87847501e-06 1.77826830e-05 5.17170681e-05 3.95198731e-05 2.12463259e-05 5.23064789e-05 3.97713156e-05 1.42310237e-05 5.91888316e-05 7.39841224e-05 9.36467477e-06 4.90320551e-05 1.44227339e-04 2.85780610e-05 3.03438170e-04 4.10495066e-04 1.64198026e-05 2.36566973e-04 5.99981518e-05 3.72055423e-05 4.46467470e-04 6.28416946e-04 1.08525875e-04 3.60681820e-04 8.75762897e-05 2.95146132e-05 6.55511808e-05 3.41939503e-05 9.65969531e-07 7.21072340e-09 1.00000000e-10
 1993 01 19 12 00 00  3.74149199e-03 2.26997720e-03 1.25457164e-03 9.01750100e-04 6.56145963e-04 3.65081648e-04 2.63644896e-04 2.24155679e-04 4.64203773e-04 1.32677066e-04 3.27819261e-03 4.95307036e-03 2.32982510e-04 6.73348739e-05 4.38810867e-05 1.33855841e-04 4.03286307e-05 6.98377320e-05 1.27618409e-04 7.34937203e-05 1.55316254e-04 1.91087339e-04 1.08065914e-04 7.46752370e-05 5.34875289e-06 8.86640191e-06 6.05735295e-06 2.61747575e-05 4.87423749e-06 1.77327129e-05 5.14397143e-05 3.94330389e-05 2.10674916e-05 5.19950074e-05 3.95202165e-05 1.42053192e-05 5.86698365e-05 7.32644096e-05 9.29598827e-06 4.85778767e-05 1.42664809e-04 2.84026231e-05 3.00277727e-04 4.08167969e-04 1.63267187e-05 2.33521770e-04 5.88811294e-05 3.68679961e-05 4.41425508e-04 6.23047844e-04 1.07566464e-04 3.54602319e-04 8.38535374e-05 2.81618829e-05 6.24315944e-05 3.21310661e-05 8.74291155e-07 4.08688408e-09 1.00000000e-10
 1993 01 20 12 00 00  3.74063261e-03 2.27115221e-03 1.25516343e-03 9.01804130e-04 6.55985856e-04 3.64818783e-04 2.63483348e-04 2.24016279e-04 4.63870847e-04 1.32947342e-04 3.27543126e-03 4.94243316e-03 2.33133640e-04 6.75830128e-05 4.39368416e-05 1.33803562e-04 4.02389880e-05 6.96455769e-05 1.28059799e-04 7.39588111e-05 1.54950128e-04 1.90623135e-04 1.07923009e-04 7.46163838e-05 5.34257779e-06 8.76397899e-06 6.05544337e-06 2.61592843e-05 4.88520636e-06 1.77362954e-05 5.14057333e-05 3.93977447e-05 2.09918842e-05 5.19208131e-05 4.01587109e-05 1.41965545e-05 5.86227361e-05 7.31182472e-05 9.21079918e-06 4.85631820e-05 1.42410301e-04 2.88012467e-05 2.99167342e-04 4.14025809e-04 1.65610323e-05 2.34289568e-04 5.84481750e-05 3.76440119e-05 4.41940893e-04 6.23566103e-04 1.08352288e-04 3.50071465e-04 7.92884506e-05 2.65029580e-05 5.86053146e-05 2.95941829e-05 7.61059621e-07 2.05682227e-10 1.00000000e-10
 1993 01 21 12 00 00  3.73968934e-03 2.26932498e-03 1.25411053e-03 9.01194903e-04 6.55537100e-04 3.64791608e-04 2.63386061e-04 2.23877031e-04 4.63522285e-04 1.32601799e-04 3.27274187e-03 4.94242236e-03 2.32792628e-04 6.73297708e-05 4.38590070e-05 1.33624023e-04 4.02161648e-05 6.96176081e-05 1.27534073e-04 7.35406065e-05 1.54919610e-04 1.90586863e-04 1.07870551e-04 7.44880311e-05 5.34114188e-06 8.70419608e-06 6.05532477e-06 2.61321135e-05 4.87620200e-06 1.77137038e-05 5.13263182e-05 3.93897615e-05 2.09717487e-05 5.18083409e-05 3.96295422e-05 1.41963057e-05 5.84765026e-05 7.29843657e-05 9.16109129e-06 4.82872895e-05 1.42051947e-04 2.84499081e-05 2.98402160e-04 4.09144693e-04 1.63657877e-05 2.32619086e-04 5.83718647e-05 3.69645335e-05 4.39724710e-04 6.20904168e-04 1.07419435e-04 3.47591298e-04 7.65082897e-05 2.54929272e-05 5.62769786e-05 2.80655595e-05 6.93929721e-07 1.00000000e-10 1.00000000e-10
 1993 01 22 12 00 00  3.74070116e-03 2.27152097e-03 1.25536786e-03 9.01824116e-04 6.55930524e-04 3.64785724e-04 2.63468535e-04 2.24003445e-04 4.63869947e-04 1.33011503e-04 3.27543424e-03 4.94241640e-03 2.33183917e-04 6.76172189e-05 4.39478464e-05 1.33781841e-04 4.02020902e-05 6.96003553e-05 1.28092168e-04 7.40252901e-05 1.54901301e-04 1.90564495e-04 1.07906850e-04 7.45431345e-05 5.34025530e-06 8.66410992e-06 6.05525165e-06 2.61442051e-05 4.88730548e-06 1.77324017e-05 5.13810937e-05 3.93848342e-05 2.09593258e-05 5.18526808e-05 4.02777805e-05 1.41961515e-05 5.85948900e-05 7.30737058e-05 9.12776304e-06 4.84466984e-05 1.42303542e-04 2.88626121e-05 2.98503388e-04 4.15101979e-04 1.66040791e-05 2.34257284e-04 5.83247922e-05 3.77662480e-05 4.41740373e-04 6.23103101e-04 1.08424155e-04 3.46186811e-04 7.46259302e-05 2.48091066e-05 5.47008189e-05 2.70330401e-05 6.48753837e-07 1.00000000e-10 1.00000000e-10
 1993 01 23 12 00 00  3.73339189e-03 2.26469799e-03 1.25122238e-03 8.99055380e-04 6.53644356e-04 3.64035065e-04 2.62606095e-04 2.23003252e-04 4.61257811e-04 1.31894335e-04 3.25462786e-03 4.91054095e-03 2.31801198e-04 6.70172387e-05 4.36993510e-05 1.32900190e-04 4.00103454e-05 6.91185240e-05 1.26827838e-04 7.31496024e-05 1.53906378e-04 1.89294592e-04 1.07314326e-04 7.42092829e-05 5.32659069e-06 8.68532152e-06 6.04992310e-06 2.60536007e-05 4.86778408e-06 1.76574697e-05 5.10328111e-05 3.93059861e-05 2.08006284e-05 5.15112496e-05 3.91348702e-05 1.41706958e-05 5.79220875e-05 7.22392461e-05 9.14542470e-06 4.78379476e-05 1.40414111e-04 2.81214423e-05 2.95473597e-04 4.04581840e-04 1.61832736e-05 2.29018522e-04 5.72840800e-05 3.63292900e-05 4.33985994e-04 6.14916113e-04 1.06095866e-04 3.43522341e-04 7.54380801e-05 2.51045405e-05 5.53837145e-05 2.75032174e-05 6.71006887e-07 1.00000000e-10 1.00000000e-10
 1993 01 24 12 00 00  3.72373485e-03 2.25853141e-03 1.24730198e-03 8.96039996e-04 6.50919273e-04 3.62810029e-04 2.61400155e-04 2.21678763e-04 4.57802961e-04 1.31009432e-04 3.22689466e-03 4.85741869e-03 2.30443751e-04 6.67168731e-05 4.35008581e-05 1.31865457e-04 3.97004798e-05 6.83273538e-05 1.26122147e-04 7.28586514e-05 1.52260056e-04 1.87193487e-04 1.06440596e-04 7.38374267e-05 5.30442594e-06 8.67284689e-06 6.04109191e-06 2.59481373e-05 4.86127174e-06 1.75857041e-05 5.06220364e-05 3.91779700e-05 2.05446951e-05 5.11001917e-05 3.87537380e-05 1.41283730e-05 5.71336726e-05 7.11311495e-05 9.13504919e-06 4.72902815e-05 1.38041281e-04 2.78749591e-05 2.91161713e-04 4.01074380e-04 1.60429752e-05 2.24509345e-04 5.55820006e-05 3.58512742e-05 4.26515648e-04 6.07312993e-04 1.04720021e-04 3.38181104e-04 7.48822635e-05 2.49025601e-05 5.49178479e-05 2.71943235e-05 6.57218362e-07 1.00000000e-10 1.00000000e-10
 1993 01 25 12 00 00  3.70655904e-03 2.24784267e-03 1.24048220e-03 8.90745542e-04 6.46109550e-04 3.60609053e-04 2.59249938e-04 2.19324520e-04 4.51660295e-04 1.29494318e-04 3.17755741e-03 4.76180092e-03 2.28076734e-04 6.62336057e-05 4.31612126e-05 1.30041070e-04 3.91456357e-05 6.69068249e-05 1.24971299e-04 7.24299403e-05 1.49301340e-04 1.83416159e-04 1.04878316e-04 7.32114913e-05 5.26471340e-06 8.68548595e-06 6.02521177e-06 2.57651813e-05 4.85158271e-06 1.74612071e-05 4.98986988e-05 3.89485620e-05 2.00865892e-05 5.03977078e-05 3.81872844e-05 1.40522243e-05 5.57472555e-05 6.91644787e-05 9.14556658e-06 4.63938969e-05 1.33844504e-04 2.75110157e-05 2.83669441e-04 3.95864660e-04 1.58345864e-05 2.16769303e-04 5.25280135e-05 3.51449708e-05 4.13539477e-04 5.94265896e-04 1.02451306e-04 3.29766604e-04 7.54106686e-05 2.50946590e-05 5.53613046e-05 2.74929004e-05 6.70876733e-07 1.00000000e-10 1.00000000e-10
 1993 01 26 12 00 00  3.68990363e-03 2.23544890e-03 1.23276018e-03 8.85163685e-04 6.41249678e-04 3.58642998e-04 2.57214351e-04 2.17046708e-04 4.45709716e-04 1.27605281e-04 3.12991050e-03 4.67680693e-03 2.25448759e-04 6.54174392e-05 4.27400663e-05 1.28185174e-04 3.86522792e-05 6.56439341e-05 1.23178726e-04 7.14018592e-05 1.46670672e-04 1.80058268e-04 1.03429738e-04 7.25371200e-05 5.22940281e-06 8.69807918e-06 6.01109459e-06 2.55772780e-05 4.82847281e-06 1.73220893e-05 4.91653332e-05 3.87445878e-05 1.96792404e-05 4.96732733e-05 3.68354231e-05 1.39845346e-05 5.43329794e-05 6.72662832e-05 9.15604178e-06 4.53081681e-05 1.29701637e-04 2.66392744e-05 2.76502355e-04 3.83427295e-04 1.53370918e-05 2.07563631e-04 4.98128182e-05 3.34538461e-05 3.99056339e-04 5.79316242e-04 9.90576905e-05 3.22129881e-04 7.59642951e-05 2.52958613e-05 5.58254613e-05 2.78016430e-05 6.84729790e-07 1.00000000e-10 1.00000000e-10
 1993 01 27 12 00 00  3.67933814e-03 2.23016142e-03 1.22926893e-03 8.82193377e-04 6.38418667e-04 3.57182611e-04 2.55860732e-04 2.15596014e-04 4.41928325e-04 1.26940052e-04 3.09944211e-03 4.61306199e-03 2.24204390e-04 6.53418247e-05 4.25896648e-05 1.27119324e-04 3.82833532e-05 6.46981120e-05 1.22904553e-04 7.15283735e-05 1.44701232e-04 1.77541595e-04 1.02426854e-04 7.22372059e-05 5.20298890e-06 8.76398699e-06 6.00051208e-06 2.54754838e-05 4.83121803e-06 1.72573707e-05 4.87429181e-05 3.85919877e-05 1.93746935e-05 4.93045068e-05 3.69966292e-05 1.39337819e-05 5.35313794e-05 6.60549468e-05 9.21087558e-06 4.49717262e-05 1.27175136e-04 2.67457362e-05 2.72131980e-04 3.84913560e-04 1.53965424e-05 2.03927321e-04 4.77800786e-05 3.36598605e-05 3.92295693e-04 5.72947825e-04 9.84244222e-05 3.18505560e-04 7.87954485e-05 2.63249281e-05 5.82001672e-05 2.93900139e-05 7.56637561e-07 2.74103229e-10 1.00000000e-10
 1993 01 28 12 00 00  3.67888379e-03 2.22917993e-03 1.22870707e-03 8.81910927e-04 6.38241040e-04 3.57184373e-04 2.55823366e-04 2.15539046e-04 4.41772312e-04 1.26756986e-04 3.09822983e-03 4.61306423e-03 2.24029530e-04 6.52138740e-05 4.25501130e-05 1.27048038e-04 3.82886908e-05 6.47046545e-05 1.22656860e-04 7.13126501e-05 1.44708378e-04 1.77550078e-04 1.02410050e-04 7.22165518e-05 5.20332542e-06 8.78841165e-06 6.00054009e-06 2.54702372e-05 4.82625655e-06 1.72488539e-05 4.87174324e-05 3.85938562e-05 1.93794069e-05 4.92881168e-05 3.67070985e-05 1.39338386e-05 5.34780765e-05 6.60139563e-05 9.23119369e-06 4.49081840e-05 1.27059840e-04 2.65618903e-05 2.72114444e-04 3.82253336e-04 1.52901334e-05 2.03193956e-04 4.77979309e-05 3.33026168e-05 3.91384393e-04 5.71973600e-04 9.79755883e-05 3.19287932e-04 7.98612853e-05 2.67122984e-05 5.90938818e-05 2.99855343e-05 7.83434268e-07 1.20274848e-09 1.00000000e-10
 1993 01 29 12 00 00  3.68322260e-03 2.23258839e-03 1.23081775e-03 8.83423739e-04 6.39551826e-04 3.57684729e-04 2.56353207e-04 2.16137731e-04 4.43329230e-04 1.27288924e-04 3.11066553e-03 4.63431701e-03 2.24747519e-04 6.54649278e-05 4.26697559e-05 1.27550180e-04 3.84204061e-05 6.50306407e-05 1.23210532e-04 7.16457784e-05 1.45377550e-04 1.78402866e-04 1.02784085e-04 7.24276599e-05 5.21268012e-06 8.82210734e-06 6.00411258e-06 2.55250984e-05 4.83351905e-06 1.72884686e-05 4.89182681e-05 3.86477797e-05 1.94886350e-05 4.95071107e-05 3.71333095e-05 1.39508527e-05 5.38641600e-05 6.65200291e-05 9.25922868e-06 4.52638631e-05 1.28178211e-04 2.68424919e-05 2.74199523e-04 3.86181771e-04 1.54472708e-05 2.05831784e-04 4.85047494e-05 3.38457729e-05 3.95462419e-04 5.76325495e-04 9.90019545e-05 3.22497030e-04 8.13048224e-05 2.72370039e-05 6.03047518e-05 3.07959739e-05 8.20161972e-07 2.48764707e-09 1.00000000e-10
 1993 01 30 12 00 00  3.68833095e-03 2.23480408e-03 1.23232060e-03 8.84807199e-04 6.40920154e-04 3.58422590e-04 2.57020632e-04 2.16846837e-04 4.45167258e-04 1.27543211e-04 3.12547753e-03 4.66619357e-03 2.25298012e-04 6.54524463e-05 4.27292672e-05 1.28063935e-04 3.86145810e-05 6.55154581e-05 1.23261909e-04 7.14952534e-05 1.46374909e-04 1.79676637e-04 1.03283053e-04 7.25790500e-05 5.22649789e-06 8.81028973e-06 6.00945423e-06 2.55768579e-05 4.82991927e-06 1.73187135e-05 4.91243702e-05 3.87274806e-05 1.96494773e-05 4.96949894e-05 3.69240472e-05 1.39763360e-05 5.42508795e-05 6.71204221e-05 9.24939523e-06 4.54223508e-05 1.29423382e-04 2.67130701e-05 2.76475269e-04 3.84263470e-04 1.53705388e-05 2.07393323e-04 4.95535787e-05 3.35935620e-05 3.98572923e-04 5.79243921e-04 9.91515476e-05 3.25076145e-04 8.08028815e-05 2.70545456e-05 5.98836386e-05 3.05135376e-05 8.07320214e-07 2.03643822e-09 1.00000000e-10
 1993 01 31 12 00 00  3.69380692e-03 2.23780607e-03 1.23427369e-03 8.86419848e-04 6.42434923e-04 3.59160297e-04 2.57719013e-04 2.17602722e-04 4.47132227e-04 1.27944258e-04 3.14127660e-03 4.69806939e-03 2.25989009e-04 6.55426425e-05 4.28205085e-05 1.28636453e-04 3.88058368e-05 6.59967016e-05 1.23513692e-04 7.15175935e-05 1.47371318e-04 1.80945778e-04 1.03796349e-04 7.28328248e-05 5.24013303e-06 8.89804651e-06 6.01478023e-06 2.56410112e-05 4.83028671e-06 1.73560442e-05 4.93558626e-05 3.88061570e-05 1.98077483e-05 4.99687289e-05 3.69463669e-05 1.40017873e-05 5.46942893e-05 6.77617926e-05 9.32241310e-06 4.57886061e-05 1.30777322e-04 2.67308962e-05 2.79379766e-04 3.84473108e-04 1.53789243e-05 2.09630317e-04 5.05926844e-05 3.36274359e-05 4.02432904e-04 5.83332571e-04 9.96633158e-05 3.30803958e-04 8.45256514e-05 2.84078085e-05 6.30070078e-05 3.26090152e-05 9.02643086e-07 5.38788782e-09 1.00000000e-10
 1993 02 01 12 00 00  3.69679402e-03 2.23845235e-03 1.23479720e-03 8.87073340e-04 6.43154822e-04 3.59643446e-04 2.58122608e-04 2.18015380e-04 4.48204541e-04 1.27956943e-04 3.14997458e-03 4.71931770e-03 2.26202098e-04 6.54196137e-05 4.28249010e-05 1.28902036e-04 3.89288121e-05 6.63119718e-05 1.23312643e-04 7.12271081e-05 1.48030786e-04 1.81784662e-04 1.04107609e-04 7.29757030e-05 5.24893730e-06 9.00041778e-06 6.01830798e-06 2.56733256e-05 4.82377181e-06 1.73666852e-05 4.94652417e-05 3.88570246e-05 1.99092625e-05 5.01280364e-05 3.65651707e-05 1.40187054e-05 5.49043175e-05 6.81141616e-05 9.40759419e-06 4.59514393e-05 1.31472543e-04 2.64847040e-05 2.81271724e-04 3.80965559e-04 1.52386223e-05 2.10028714e-04 5.12702565e-05 3.31499148e-05 4.03554060e-04 5.84551544e-04 9.93461443e-05 3.35828052e-04 8.88506820e-05 2.99800380e-05 6.66359727e-05 3.50461302e-05 1.01368184e-06 1.02458703e-08 1.00000000e-10
 1993 02 02 12 00 00  3.70942996e-03 2.24807015e-03 1.24077310e-03 8.91348656e-04 6.46852545e-04 3.61115783e-04 2.59660225e-04 2.19740925e-04 4.52716139e-04 1.29433712e-04 3.18608636e-03 4.78306115e-03 2.28229942e-04 6.60734503e-05 4.31536712e-05 1.30315164e-04 3.92953138e-05 6.72548311e-05 1.24737464e-04 7.20688491e-05 1.50001263e-04 1.84297493e-04 1.05198444e-04 7.35441051e-05 5.27519842e-06 9.06207933e-06 6.02887740e-06 2.58205947e-05 4.84274424e-06 1.74734768e-05 5.00243067e-05 3.90087720e-05 2.02116687e-05 5.07237059e-05 3.76746815e-05 1.40694348e-05 5.59888909e-05 6.95525408e-05 9.45890279e-06 4.68893660e-05 1.34617955e-04 2.71988654e-05 2.87045070e-04 3.91171600e-04 1.56468640e-05 2.17214357e-04 5.32948936e-05 3.45356122e-05 4.14690205e-04 5.96304405e-04 1.02035114e-04 3.43756727e-04 9.14361755e-05 3.09199631e-05 6.88056979e-05 3.65059505e-05 1.08038710e-06 1.37827023e-08 2.00928252e-10
 1993 02 03 12 00 00  3.72649846e-03 2.26136595e-03 1.24901110e-03 8.97186355e-04 6.51870373e-04 3.63078904e-04 2.61728914e-04 2.22069587e-04 4.58807468e-04 1.31490750e-04 3.23482805e-03 4.86805253e-03 2.31017877e-04 6.70064437e-05 4.36109543e-05 1.32234471e-04 3.97823547e-05 6.85099745e-05 1.26755906e-04 7.32942950e-05 1.52627896e-04 1.87645339e-04 1.06661542e-04 7.43566251e-05 5.31011174e-06 9.19470840e-06 6.04296147e-06 2.60237967e-05 4.87042416e-06 1.76201269e-05 5.07849632e-05 3.92105401e-05 2.06134442e-05 5.15637020e-05 3.92930553e-05 1.41370547e-05 5.74681657e-05 7.14946123e-05 9.56926669e-06 4.82520916e-05 1.38876484e-04 2.82390625e-05 2.95073471e-04 4.06056687e-04 1.62422675e-05 2.27194519e-04 5.59889711e-05 3.65542364e-05 4.29987885e-04 6.12646719e-04 1.05836647e-04 3.55905723e-04 9.69955145e-05 3.29409944e-05 7.34710789e-05 3.96451597e-05 1.22385002e-06 2.13908262e-08 8.93979824e-10
 1993 02 04 12 00 00  3.74545687e-03 2.27302356e-03 1.25646158e-03 9.02984688e-04 6.57144620e-04 3.65517250e-04 2.64102659e-04 2.24664181e-04 4.65582875e-04 1.33132124e-04 3.28926735e-03 4.97429147e-03 2.33604800e-04 6.75106112e-05 4.39783214e-05 1.34233688e-04 4.03918937e-05 7.00798177e-05 1.27963103e-04 7.37176451e-05 1.55911396e-04 1.91831325e-04 1.08388384e-04 7.51734500e-05 5.35379913e-06 9.36873039e-06 6.06057110e-06 2.62351589e-05 4.88014484e-06 1.77548632e-05 5.15815172e-05 3.94630042e-05 2.11163118e-05 5.24457905e-05 3.98604054e-05 1.42215897e-05 5.90068843e-05 7.36667684e-05 9.71409172e-06 4.94664662e-05 1.43497070e-04 2.85997230e-05 3.04275946e-04 4.11269900e-04 1.64507960e-05 2.35691995e-04 5.93590259e-05 3.72549664e-05 4.44070871e-04 6.27355602e-04 1.08231492e-04 3.70890854e-04 1.04164572e-04 3.55475255e-05 7.94895151e-05 4.37121814e-05 1.41096073e-06 3.14073048e-08 1.80877482e-09
 1993 02 05 12 00 00  3.76010461e-03 2.28408203e-03 1.26333960e-03 9.07910660e-04 6.61407683e-04 3.67228969e-04 2.65885142e-04 2.26661874e-04 4.70810343e-04 1.34824098e-04 3.33111444e-03 5.04865646e-03 2.35939319e-04 6.82508155e-05 4.43549542e-05 1.35861909e-04 4.08135646e-05 7.11725676e-05 1.29578560e-04 7.46629783e-05 1.58206382e-04 1.94753547e-04 1.09653907e-04 7.59262357e-05 5.38406457e-06 9.58079036e-06 6.07287147e-06 2.64128508e-05 4.90149796e-06 1.78767119e-05 5.22270252e-05 3.96379735e-05 2.14639047e-05 5.32161176e-05 4.11088578e-05 1.42807068e-05 6.02701118e-05 7.53343130e-05 9.89057662e-06 5.07226739e-05 1.47133145e-04 2.94021535e-05 3.11661785e-04 4.22752570e-04 1.69101028e-05 2.43997146e-04 6.17013255e-05 3.88121756e-05 4.56812807e-04 6.41222654e-04 1.11279561e-04 3.84268041e-04 1.12873681e-04 3.87140542e-05 8.68013014e-05 4.86570004e-05 1.63872801e-06 4.36204928e-08 2.92469924e-09
 1993 02 06 12 00 00  3.76812020e-03 2.28969939e-03 1.26686604e-03 9.10497937e-04 6.63680444e-04 3.68199077e-04 2.66868490e-04 2.27752489e-04 4.73668070e-04 1.35658569e-04 3.35402812e-03 5.09114787e-03 2.37143510e-04 6.85775568e-05 4.45405666e-05 1.36726970e-04 4.10483481e-05 7.17894407e-05 1.30306580e-04 7.50436215e-05 1.59516569e-04 1.96413606e-04 1.10358598e-04 7.65089587e-05 5.40097171e-06 9.96062299e-06 6.07986804e-06 2.65231378e-05 4.91022365e-06 1.79381905e-05 5.25762123e-05 3.97358002e-05 2.16570828e-05 5.37844123e-05 4.16182418e-05 1.43144236e-05 6.09681076e-05 7.62540931e-05 1.02066610e-05 5.17038512e-05 1.49109825e-04 2.97263119e-05 3.17038286e-04 4.27433540e-04 1.70973416e-05 2.48305687e-04 6.30191586e-05 3.94419127e-05 4.63283117e-04 6.49035879e-04 1.12670213e-04 3.99778265e-04 1.28655018e-04 4.44515117e-05 1.00047391e-04 5.75893238e-05 2.04832870e-06 6.54468735e-08 4.91557302e-09
 1993 02 07 12 00 00  3.76952938e-03 2.29272179e-03 1.26859800e-03 9.11378891e-04 6.64243007e-04 3.68195920e-04 2.66986840e-04 2.27932448e-04 4.74157204e-04 1.36223462e-04 3.35780838e-03 5.09114191e-03 2.37685149e-04 6.89767754e-05 4.46638553e-05 1.36952490e-04 4.10342705e-05 7.17721821e-05 1.31089252e-04 7.57150701e-05 1.59497882e-04 1.96391220e-04 1.10412022e-04 7.65836012e-05 5.40008514e-06 9.90145563e-06 6.07979491e-06 2.65412622e-05 4.92546242e-06 1.79650587e-05 5.26556841e-05 3.97308700e-05 2.16446584e-05 5.38457950e-05 4.25087550e-05 1.43142694e-05 6.11363940e-05 7.63854250e-05 1.01574784e-05 5.19202465e-05 1.49477853e-04 3.02968547e-05 3.17189759e-04 4.35621791e-04 1.74248716e-05 2.50597316e-04 6.29720686e-05 4.05494968e-05 4.66147029e-04 6.52136162e-04 1.14072449e-04 3.97733640e-04 1.25823544e-04 4.34230154e-05 9.76773375e-05 5.60433327e-05 1.98117293e-06 6.21481007e-08 4.62169112e-09
 1993 02 08 12 00 00  3.76858874e-03 2.29085877e-03 1.26752629e-03 9.10776507e-04 6.63811986e-04 3.68174530e-04 2.66893757e-04 2.27797979e-04 4.73815147e-04 1.35872376e-04 3.35516066e-03 5.09113446e-03 2.37341274e-04 6.87229071e-05 4.45857198e-05 1.36779886e-04 4.10177658e-05 7.17519491e-05 1.30572873e-04 7.52938853e-05 1.59481147e-04 1.96364992e-04 1.10362957e-04 7.66195614e-05 5.39904613e-06 1.00703008e-05 6.07970906e-06 2.65307719e-05 4.91622632e-06 1.79434616e-05 5.25871270e-05 3.97250958e-05 2.16300934e-05 5.38737588e-05 4.19670687e-05 1.43140889e-05 6.10187540e-05 7.62714814e-05 1.02980033e-05 5.19434089e-05 1.49162003e-04 2.99416308e-05 3.17620684e-04 4.30630842e-04 1.72252337e-05 2.49096413e-04 6.29168819e-05 3.98616103e-05 4.64000778e-04 6.50247133e-04 1.13145323e-04 4.02493286e-04 1.32721837e-04 4.59312401e-05 1.03469484e-04 5.99655537e-05 2.16220155e-06 7.18822335e-08 5.51177877e-09
 1993 02 09 12 00 00  3.76959977e-03 2.29028258e-03 1.26726912e-03 9.10789050e-04 6.63930612e-04 3.68396508e-04 2.67042660e-04 2.27930102e-04 4.74170211e-04 1.35708130e-04 3.35810580e-03 5.10175005e-03 2.37277910e-04 6.85358624e-05 4.45493777e-05 1.36816097e-04 4.10612935e-05 7.18875672e-05 1.30208316e-04 7.49425730e-05 1.59786402e-04 1.96755885e-04 1.10488502e-04 7.65968509e-05 5.40231777e-06 1.00532547e-05 6.08137962e-06 2.65289580e-05 4.90857274e-06 1.79363627e-05 5.25948239e-05 3.97442403e-05 2.16649991e-05 5.38710890e-05 4.15178656e-05 1.43223544e-05 6.10403045e-05 7.63693947e-05 1.02838530e-05 5.18341842e-05 1.49303205e-04 2.96457612e-05 3.17952481e-04 4.26490308e-04 1.70596123e-05 2.48402730e-04 6.31956034e-05 3.92889197e-05 4.63374661e-04 6.49328989e-04 1.12514626e-04 4.02406866e-04 1.31766755e-04 4.55846153e-05 1.02672159e-04 5.94624344e-05 2.14160235e-06 7.09695883e-08 5.43317142e-09
 1993 02 10 12 00 00  3.77187469e-03 2.29234509e-03 1.26852586e-03 9.11598298e-04 6.64579561e-04 3.68626678e-04 2.67304276e-04 2.28230286e-04 4.74971126e-04 1.36038360e-04 3.36449984e-03 5.11236638e-03 2.37692004e-04 6.87008064e-05 4.46216223e-05 1.37064812e-04 4.11043322e-05 7.20225915e-05 1.30542630e-04 7.51806016e-05 1.60089803e-04 1.97146012e-04 1.10668248e-04 7.66343055e-05 5.40555920e-06 9.96853487e-06 6.08304799e-06 2.65456513e-05 4.91414976e-06 1.79550739e-05 5.26825627e-05 3.97632190e-05 2.16994784e-05 5.39192414e-05 4.18427226e-05 1.43306126e-05 6.12201530e-05 7.65997700e-05 1.02133912e-05 5.19016056e-05 1.49811708e-04 2.98494677e-05 3.18404670e-04 4.29471838e-04 1.71788735e-05 2.49781529e-04 6.34727010e-05 3.96852993e-05 4.65426498e-04 6.51252172e-04 1.13136938e-04 4.00404638e-04 1.27963482e-04 4.42025930e-05 9.94848460e-05 5.73527517e-05 2.04769715e-06 6.61779964e-08 5.00143287e-09
 1993 02 11 12 00 00  3.76317399e-03 2.28548420e-03 1.26428088e-03 9.08561856e-04 6.61952231e-04 3.67623704e-04 2.66242808e-04 2.27031237e-04 4.71852962e-04 1.34967276e-04 3.33956652e-03 5.06986082e-03 2.36250386e-04 6.81985362e-05 4.43821861e-05 1.36057882e-04 4.08384745e-05 7.13676389e-05 1.29443890e-04 7.45131867e-05 1.58747452e-04 1.95436581e-04 1.09917970e-04 7.61826534e-05 5.38669665e-06 9.86438899e-06 6.07589027e-06 2.64326799e-05 4.89938393e-06 1.78751759e-05 5.22737460e-05 3.96545132e-05 2.14788786e-05 5.34571871e-05 4.09775268e-05 1.42965597e-05 6.04386276e-05 7.55806349e-05 1.01267527e-05 5.11370308e-05 1.47558854e-04 2.92855024e-05 3.14025919e-04 4.21504284e-04 1.68601714e-05 2.44439415e-04 6.20509672e-05 3.85924912e-05 4.57220922e-04 6.42378749e-04 1.11077865e-04 3.92744236e-04 1.23437987e-04 4.25577893e-05 9.56898450e-05 5.48214146e-05 1.93360739e-06 6.02472483e-08 4.46419328e-09
 1993 02 12 12 00 00  3.75083867e-03 2.27663755e-03 1.25874311e-03 9.04461772e-04 6.58327793e-04 3.66131808e-04 2.64718748e-04 2.25331927e-04 4.67431967e-04 1.33632020e-04 3.30415823e-03 5.00610545e-03 2.34351943e-04 6.76387804e-05 4.40827107e-05 1.34674376e-04 4.04481834e-05 7.03956175e-05 1.28182480e-04 7.38346833e-05 1.56739286e-04 1.92885937e-04 1.08827767e-04 7.54137683e-05 5.35893778e-06 9.49196328e-06 6.06519716e-06 2.62643391e-05 4.88443438e-06 1.77711430e-05 5.17077614e-05 3.94944393e-05 2.11554783e-05 5.26878959e-05 4.01011755e-05 1.42455727e-05 5.93438777e-05 7.41288886e-05 9.81689082e-06 4.98566555e-05 1.44398245e-04 2.87126808e-05 3.06664032e-04 4.13432001e-04 1.65372800e-05 2.37500488e-04 5.99467778e-05 3.74828465e-05 4.46502452e-04 6.30189940e-04 1.08691438e-04 3.74725104e-04 1.07540768e-04 3.67792361e-05 8.23539196e-05 4.58877820e-05 1.52818772e-06 3.89611415e-08 2.53055834e-09
 1993 02 13 12 00 00  3.73883336e-03 2.26849668e-03 1.25361027e-03 9.00569194e-04 6.54837144e-04 3.64639122e-04 2.63222762e-04 2.23675386e-04 4.63126782e-04 1.32428984e-04 3.26963818e-03 4.94234934e-03 2.32580748e-04 6.71738138e-05 4.38124824e-05 1.33344410e-04 4.00545046e-05 6.94194459e-05 1.27110739e-04 7.33152439e-05 1.54730118e-04 1.90329911e-04 1.07750037e-04 7.47591545e-05 5.33096572e-06 9.23987682e-06 6.05448658e-06 2.61090417e-05 4.87303478e-06 1.76734239e-05 5.11637357e-05 3.93331720e-05 2.08290832e-05 5.20147945e-05 3.94326489e-05 1.41945493e-05 5.83024074e-05 7.27147360e-05 9.60714533e-06 4.88043677e-05 1.41336586e-04 2.82745255e-05 3.00019238e-04 4.07272645e-04 1.62909058e-05 2.31187650e-04 5.78312436e-05 3.66343098e-05 4.36458994e-04 6.19154185e-04 1.06637266e-04 3.60559528e-04 9.68338500e-05 3.28872025e-05 7.33711448e-05 3.98630005e-05 1.25425038e-06 2.45386470e-08 1.21940520e-09
 1993 02 14 12 00 00  3.73466199e-03 2.26554598e-03 1.25175994e-03 8.99153595e-04 6.53559997e-04 3.64122769e-04 2.62698257e-04 2.23089649e-04 4.61619800e-04 1.31981218e-04 3.25757416e-03 4.92108911e-03 2.31939467e-04 6.69806912e-05 4.37108537e-05 1.32855724e-04 3.99038545e-05 6.90702524e-05 1.26663035e-04 7.30828033e-05 1.54039802e-04 1.89447030e-04 1.07373435e-04 7.46291450e-05 5.32041886e-06 9.30373499e-06 6.05081550e-06 2.60587335e-05 4.86817044e-06 1.76346220e-05 5.09615262e-05 3.92726215e-05 2.07031480e-05 5.18616181e-05 3.91458947e-05 1.41773286e-05 5.79345378e-05 7.22080041e-05 9.66028310e-06 4.86137122e-05 1.40217996e-04 2.80804146e-05 2.98398039e-04 4.04622898e-04 1.61849159e-05 2.28855271e-04 5.70611213e-05 3.62596475e-05 4.32573797e-04 6.15369070e-04 1.05789905e-04 3.60202300e-04 9.95123373e-05 3.38609314e-05 7.56188922e-05 4.13751975e-05 1.32334043e-06 2.82012856e-08 1.55301407e-09
 1993 02 15 12 00 00  3.73835733e-03 2.26786355e-03 1.25323657e-03 9.00234381e-04 6.54506133e-04 3.64581656e-04 2.63147235e-04 2.23578034e-04 4.62921234e-04 1.32303070e-04 3.26804799e-03 4.94232252e-03 2.32441355e-04 6.70687808e-05 4.37807431e-05 1.33212294e-04 3.99947865e-05 6.93462556e-05 1.26851868e-04 7.31534674e-05 1.54654723e-04 1.90234998e-04 1.07698619e-04 7.46974382e-05 5.32720660e-06 9.22287436e-06 6.05417627e-06 2.60835710e-05 4.87024590e-06 1.76551894e-05 5.10885351e-05 3.93122726e-05 2.07763893e-05 5.19520012e-05 3.92642833e-05 1.41939003e-05 5.81953611e-05 7.25871010e-05 9.59300087e-06 4.86890398e-05 1.41004789e-04 2.81443557e-05 2.99459796e-04 4.05696561e-04 1.62278624e-05 2.30250554e-04 5.76315506e-05 3.63862579e-05 4.34901214e-04 6.17471582e-04 1.06180851e-04 3.59218001e-04 9.60878642e-05 3.26160887e-05 7.27456947e-05 3.94467643e-05 1.23555916e-06 2.35722709e-08 1.13200045e-09
 1993 02 16 12 00 00  3.74273181e-03 2.27163337e-03 1.25554573e-03 9.01740629e-04 6.55725606e-04 3.65039465e-04 2.63653720e-04 2.24153761e-04 4.64459353e-04 1.32896571e-04 3.28034745e-03 4.96355370e-03 2.33204114e-04 6.73496823e-05 4.39101561e-05 1.33678370e-04 4.00794117e-05 6.96145231e-05 1.27421254e-04 7.35481444e-05 1.55263286e-04 1.91012935e-04 1.08049798e-04 7.48589349e-05 5.33359744e-06 9.19339582e-06 6.05750538e-06 2.61225082e-05 4.87963480e-06 1.76887908e-05 5.12562566e-05 3.93497146e-05 2.08440601e-05 5.21205586e-05 3.98103613e-05 1.42104007e-05 5.85459016e-05 7.30341896e-05 9.56849253e-06 4.89734238e-05 1.41978108e-04 2.84832902e-05 3.01003406e-04 4.10704032e-04 1.64281613e-05 2.32804303e-04 5.81808854e-05 3.70464957e-05 4.38615866e-04 6.21323523e-04 1.07249440e-04 3.59776292e-04 9.47061813e-05 3.21141477e-05 7.15887296e-05 3.86885388e-05 1.20236124e-06 2.19208694e-08 9.84317783e-10
 1993 02 17 12 00 00  3.74927323e-03 2.27435589e-03 1.25740532e-03 9.03379694e-04 6.57311534e-04 3.65973017e-04 2.64488645e-04 2.25030513e-04 4.66776530e-04 1.33184487e-04 3.29908986e-03 5.00603169e-03 2.33871018e-04 6.72777526e-05 4.39731572e-05 1.34268592e-04 4.02850623e-05 7.01956742e-05 1.27323976e-04 7.32688059e-05 1.56523154e-04 1.92626663e-04 1.08675882e-04 7.49421647e-05 5.34866958e-06 9.05602501e-06 6.06435096e-06 2.61644707e-05 4.87404905e-06 1.77158945e-05 5.14733766e-05 3.94373434e-05 2.10115293e-05 5.22606131e-05 3.94793431e-05 1.42437988e-05 5.89758371e-05 7.37317675e-05 9.45422435e-06 4.89728700e-05 1.43376666e-04 2.82521622e-05 3.03056398e-04 4.07636533e-04 1.63054613e-05 2.34237704e-04 5.94012847e-05 3.66017804e-05 4.41683082e-04 6.23731138e-04 1.07180872e-04 3.58559082e-04 8.86693211e-05 2.99201944e-05 6.65274603e-05 3.53216312e-05 1.05126655e-06 1.41163879e-08 2.78627832e-10
 1993 02 18 12 00 00  3.75145566e-03 2.27636434e-03 1.25862632e-03 9.04115494e-04 6.57868731e-04 3.66182254e-04 2.64728984e-04 2.25304512e-04 4.67528487e-04 1.33501313e-04 3.30511694e-03 5.01663797e-03 2.34264665e-04 6.74250342e-05 4.40402512e-05 1.34480892e-04 4.03057726e-05 7.03033351e-05 1.27600535e-04 7.34831439e-05 1.56800966e-04 1.92981308e-04 1.08840072e-04 7.50353383e-05 5.35050567e-06 9.06502901e-06 6.06590256e-06 2.61796314e-05 4.87951438e-06 1.77294751e-05 5.15427418e-05 3.94485018e-05 2.10263039e-05 5.23515144e-05 3.97950760e-05 1.42518154e-05 5.91376388e-05 7.39284976e-05 9.46175278e-06 4.91456470e-05 1.43794909e-04 2.84392590e-05 3.03841323e-04 4.10520633e-04 1.64208253e-05 2.35474593e-04 5.96037135e-05 3.69681482e-05 4.43324665e-04 6.25531710e-04 1.07710523e-04 3.59181205e-04 8.87949887e-05 2.99664891e-05 6.66372984e-05 3.54304643e-05 1.05874489e-06 1.47011056e-08 3.36630546e-10
 1993 02 19 12 00 00  3.75348658e-03 2.27802267e-03 1.25964731e-03 9.04758942e-04 6.58374561e-04 3.66395722e-04 2.64958910e-04 2.25561498e-04 4.68230362e-04 1.33753154e-04 3.31075833e-03 5.02724573e-03 2.34597169e-04 6.75272298e-05 4.40933811e-05 1.34672572e-04 4.03323036e-05 7.04181264e-05 1.27790474e-04 7.36207410e-05 1.57082135e-04 1.93345181e-04 1.09000744e-04 7.50091987e-05 5.35270701e-06 8.92416356e-06 6.06748545e-06 2.61837727e-05 4.88318874e-06 1.77407759e-05 5.16021066e-05 3.94617004e-05 2.10462124e-05 5.23425109e-05 4.00064600e-05 1.42598947e-05 5.92681037e-05 7.41086233e-05 9.34458294e-06 4.90896658e-05 1.44172635e-04 2.85607442e-05 3.03836254e-04 4.12446859e-04 1.64978743e-05 2.36371069e-04 5.98256069e-05 3.72068869e-05 4.44697230e-04 6.26546218e-04 1.08087787e-04 3.55137649e-04 8.25546027e-05 2.76986832e-05 6.14062216e-05 3.19571986e-05 9.03356226e-07 6.81021675e-09 1.00000000e-10
 1993 02 20 12 00 00  3.75265783e-03 2.27646767e-03 1.25874943e-03 9.04218214e-04 6.57961155e-04 3.66364469e-04 2.64868715e-04 2.25434140e-04 4.67918246e-04 1.33457821e-04 3.30835403e-03 5.02723306e-03 2.34302819e-04 6.73077018e-05 4.40260214e-05 1.34507289e-04 4.03041457e-05 7.03836035e-05 1.27327244e-04 7.32604065e-05 1.57048790e-04 1.93300427e-04 1.08950453e-04 7.49959604e-05 5.35093459e-06 9.01272360e-06 6.06733920e-06 2.61669382e-05 4.87558755e-06 1.77197527e-05 5.15310647e-05 3.94518429e-05 2.10213635e-05 5.23263071e-05 3.95587413e-05 1.42595876e-05 5.91486771e-05 7.39878124e-05 9.41830440e-06 4.90325820e-05 1.43844898e-04 2.82593217e-05 3.03842336e-04 4.08311876e-04 1.63324750e-05 2.34978913e-04 5.97314385e-05 3.66247812e-05 4.42672557e-04 6.24576118e-04 1.07267948e-04 3.57265405e-04 8.60633496e-05 2.89747415e-05 6.43542914e-05 3.39690903e-05 9.97323883e-07 1.18467373e-08 8.67642846e-11
 1993 02 21 12 00 00  3.74575559e-03 2.27338703e-03 1.25667155e-03 9.02310482e-04 6.56075867e-04 3.65370201e-04 2.63964887e-04 2.24470736e-04 4.65429236e-04 1.33093959e-04 3.28830474e-03 4.98472638e-03 2.33541900e-04 6.73046437e-05 4.39406979e-05 1.33797940e-04 4.00344084e-05 6.97239011e-05 1.27212021e-04 7.34304660e-05 1.55705267e-04 1.91584837e-04 1.08275624e-04 7.47818917e-05 5.33182756e-06 9.02669417e-06 6.06016147e-06 2.60932984e-05 4.87981852e-06 1.76760378e-05 5.12419050e-05 3.93417838e-05 2.07973397e-05 5.20641350e-05 3.98037751e-05 1.42254939e-05 5.86129417e-05 7.31636320e-05 9.42996339e-06 4.87986038e-05 1.42123145e-04 2.84069043e-05 3.00712351e-04 4.10553095e-04 1.64221238e-05 2.32719088e-04 5.82967303e-05 3.69132351e-05 4.38235163e-04 6.20366387e-04 1.06983043e-04 3.53441997e-04 8.64084632e-05 2.91007849e-05 6.46480872e-05 3.42001375e-05 1.01027513e-06 1.27132578e-08 1.70224634e-10
 1993 02 22 12 00 00  3.73621528e-03 2.26756505e-03 1.25294515e-03 8.99357057e-04 6.53360497e-04 3.64131387e-04 2.62759803e-04 2.23151412e-04 4.62003087e-04 1.32271082e-04 3.26080659e-03 4.93159741e-03 2.32238670e-04 6.70417555e-05 4.37540019e-05 1.32767400e-04 3.97085212e-05 6.89131033e-05 1.26563675e-04 7.32066750e-05 1.54043131e-04 1.89458294e-04 1.07398620e-04 7.45341144e-05 5.30865545e-06 9.17820944e-06 6.05124733e-06 2.59963344e-05 4.87515317e-06 1.76043161e-05 5.08332099e-05 3.92081594e-05 2.05272721e-05 5.17549441e-05 3.95286101e-05 1.41829994e-05 5.78457831e-05 7.20559387e-05 9.55606010e-06 4.84901936e-05 1.39748442e-04 2.82201683e-05 2.97200365e-04 4.08009913e-04 1.63203965e-05 2.28478162e-04 5.65410941e-05 3.65529006e-05 4.30855644e-04 6.13409986e-04 1.05719701e-04 3.52949287e-04 9.26414292e-05 3.13669923e-05 6.98808290e-05 3.77374773e-05 1.17310701e-06 2.14367450e-08 9.67099734e-10
 1993 02 23 12 00 00  3.72660321e-03 2.26155013e-03 1.24910974e-03 8.96363529e-04 6.50632019e-04 3.62898262e-04 2.61552429e-04 2.21827051e-04 4.58557119e-04 1.31413182e-04 3.23314883e-03 4.87847105e-03 2.30904102e-04 6.67569990e-05 4.35604528e-05 1.31731472e-04 3.93894297e-05 6.81106234e-05 1.25878995e-04 7.29443505e-05 1.52385913e-04 1.87342527e-04 1.06522046e-04 7.41825636e-05 5.28590972e-06 9.19130907e-06 6.04236811e-06 2.58908769e-05 4.86946810e-06 1.75321277e-05 5.04199908e-05 3.90769215e-05 2.02631985e-05 5.13593416e-05 3.91947629e-05 1.41405748e-05 5.70594512e-05 7.09422081e-05 9.56697695e-06 4.79854771e-05 1.37361621e-04 2.79994798e-05 2.92990225e-04 4.04931712e-04 1.61972685e-05 2.24040752e-04 5.48081705e-05 3.61258921e-05 4.23391308e-04 6.05912614e-04 1.04387262e-04 3.48234227e-04 9.30729771e-05 3.15241607e-05 7.02450263e-05 3.79988347e-05 1.18622006e-06 2.22199613e-08 1.04065707e-09
 1993 02 24 12 00 00  3.72309332e-03 2.25983805e-03 1.24797381e-03 8.95377725e-04 6.49683087e-04 3.62408003e-04 2.61099837e-04 2.21342331e-04 4.57297401e-04 1.31200153e-04 3.22300382e-03 4.85722087e-03 2.30496180e-04 6.67359115e-05 4.35116575e-05 1.31374174e-04 3.92625749e-05 6.77905860e-05 1.25790567e-04 7.29946070e-05 1.51725168e-04 1.86497465e-04 1.06186250e-04 7.40996156e-05 5.27686134e-06 9.23732805e-06 6.03882072e-06 2.58576573e-05 4.87066791e-06 1.75102191e-05 5.02783601e-05 3.90246947e-05 2.01582574e-05 5.12501149e-05 3.92645132e-05 1.41236131e-05 5.67936519e-05 7.05359028e-05 9.60528196e-06 4.79065585e-05 1.36512459e-04 2.80426786e-05 2.91641844e-04 4.05571235e-04 1.62228494e-05 2.22855557e-04 5.41176065e-05 3.62100662e-05 4.21123365e-04 6.03853868e-04 1.04185963e-04 3.47649182e-04 9.49204219e-05 3.21959755e-05 7.17968183e-05 3.90543012e-05 1.23526626e-06 2.48818949e-08 1.28467672e-09
 1993 02 25 12 00 00  3.72290644e-03 2.25944416e-03 1.24774813e-03 8.95260726e-04 6.49606594e-04 3.62407178e-04 2.61083581e-04 2.21318026e-04 4.57232339e-04 1.31126539e-04 3.22249755e-03 4.85722125e-03 2.30425455e-04 6.66842378e-05 4.34956999e-05 1.31343484e-04 3.92630609e-05 6.77911856e-05 1.25688626e-04 7.29078311e-05 1.51723105e-04 1.86498240e-04 1.06178454e-04 7.40111941e-05 5.27689153e-06 9.13605618e-06 6.03882290e-06 2.58477940e-05 4.86868594e-06 1.75064772e-05 5.02631600e-05 3.90248635e-05 2.01586867e-05 5.11755525e-05 3.91487818e-05 1.41236189e-05 5.67588047e-05 7.05112632e-05 9.52101909e-06 4.77346961e-05 1.36449349e-04 2.79688422e-05 2.91059401e-04 4.04507468e-04 1.61802987e-05 2.22476579e-04 5.41192247e-05 3.60666600e-05 4.20733537e-04 6.03093903e-04 1.04002314e-04 3.44443732e-04 9.06204141e-05 3.06328924e-05 6.81892207e-05 3.66344883e-05 1.12522802e-06 1.90875049e-08 7.57881580e-10
 1993 02 26 12 00 00  3.71747465e-03 2.25648525e-03 1.24582202e-03 8.93682591e-04 6.48130783e-04 3.61676432e-04 2.60393939e-04 2.20573494e-04 4.55290085e-04 1.30735092e-04 3.20686042e-03 4.82534915e-03 2.29746873e-04 6.66054474e-05 4.34078337e-05 1.30786336e-04 3.90790839e-05 6.73188653e-05 1.25471406e-04 7.29021616e-05 1.50737013e-04 1.85240678e-04 1.05670848e-04 7.37949558e-05 5.26371514e-06 9.09410956e-06 6.03353437e-06 2.57894523e-05 4.86847057e-06 1.74711561e-05 5.00399402e-05 3.89487308e-05 2.00068418e-05 5.09353495e-05 3.91367095e-05 1.40982476e-05 5.63308672e-05 6.98863931e-05 9.48611341e-06 4.74371715e-05 1.35136723e-04 2.79633008e-05 2.88439943e-04 4.04399202e-04 1.61759681e-05 2.20360430e-04 5.31044905e-05 3.60554521e-05 4.17044367e-04 5.99324077e-04 1.03540033e-04 3.40266159e-04 8.88628540e-05 2.99939506e-05 6.67142691e-05 3.56419357e-05 1.07986095e-06 1.66810775e-08 5.38658229e-10
 1993 02 27 12 00 00  3.71183277e-03 2.25309171e-03 1.24364682e-03 8.91972557e-04 6.46566573e-04 3.60943381e-04 2.59685346e-04 2.19801040e-04 4.53274267e-04 1.30262372e-04 3.19064785e-03 4.79347631e-03 2.28989948e-04 6.64697800e-05 4.33024061e-05 1.30193692e-04 3.88941378e-05 6.68453577e-05 1.25142806e-04 7.28011772e-05 1.49749751e-04 1.83981568e-04 1.05153696e-04 7.35639459e-05 5.25047799e-06 9.05731795e-06 6.02824111e-06 2.57274039e-05 4.86607496e-06 1.74314277e-05 4.98018493e-05 3.88722634e-05 1.98541413e-05 5.06827788e-05 3.89973313e-05 1.40728647e-05 5.58750563e-05 6.92379610e-05 9.45550346e-06 4.71021845e-05 1.33759548e-04 2.78766325e-05 2.85764090e-04 4.03120872e-04 1.61248349e-05 2.17893857e-04 5.20864909e-05 3.58866557e-05 4.12905265e-04 5.95058551e-04 1.02873285e-04 3.36181423e-04 8.72900602e-05 2.94222522e-05 6.53949124e-05 3.47584258e-05 1.03978896e-06 1.45788571e-08 3.47736018e-10
 1993 02 28 12 00 00  3.71332545e-03 2.25339623e-03 1.24389871e-03 8.92301077e-04 6.46933186e-04 3.61187166e-04 2.59888700e-04 2.20009150e-04 4.53812633e-04 1.30265777e-04 3.19500837e-03 4.80410159e-03 2.29094765e-04 6.64078612e-05 4.33044265e-05 1.30329066e-04 3.89580498e-05 6.70059759e-05 1.25045125e-04 7.26544007e-05 1.50081006e-04 1.84404873e-04 1.05310550e-04 7.35933467e-05 5.25503310e-06 9.04902627e-06 6.03001754e-06 2.57403478e-05 4.86270183e-06 1.74371016e-05 4.98559445e-05 3.88985442e-05 1.99070389e-05 5.07274461e-05 3.88004672e-05 1.40813499e-05 5.59753383e-05 6.94142041e-05 9.44860076e-06 4.71057432e-05 1.34109449e-04 2.77515675e-05 2.86418503e-04 4.01312091e-04 1.60524837e-05 2.18057833e-04 5.24333969e-05 3.56436416e-05 4.13490162e-04 5.95506306e-04 1.02716122e-04 3.36889513e-04 8.69748797e-05 2.93075946e-05 6.51298525e-05 3.45755889e-05 1.03111134e-06 1.40944934e-08 3.03004555e-10
 1993 03 01 12 00 00  3.71941041e-03 2.25769495e-03 1.24659503e-03 8.94295143e-04 6.48694269e-04 3.61925071e-04 2.60639076e-04 2.20843608e-04 4.55989745e-04 1.30909294e-04 3.21244896e-03 4.83597517e-03 2.30018615e-04 6.66694877e-05 4.34485976e-05 1.31000337e-04 3.91449372e-05 6.74818584e-05 1.25634186e-04 7.29647581e-05 1.51073072e-04 1.85667064e-04 1.05847819e-04 7.39238242e-05 5.26839249e-06 9.17123107e-06 6.03532062e-06 2.58167112e-05 4.86959834e-06 1.74862799e-05 5.01250798e-05 3.89756955e-05 2.00614537e-05 5.10651564e-05 3.92043905e-05 1.41067532e-05 5.64991207e-05 7.01175870e-05 9.55026990e-06 4.76460193e-05 1.35633539e-04 2.80140724e-05 2.89701573e-04 4.05030800e-04 1.62012320e-05 2.21329187e-04 5.34578867e-05 3.61524668e-05 4.18602320e-04 6.01140949e-04 1.03832497e-04 3.43794416e-04 9.22297211e-05 3.12176086e-05 6.95374025e-05 3.75229256e-05 1.16448746e-06 2.10686952e-08 9.35816047e-10
 1993 03 02 12 00 00  3.73166905e-03 2.26648933e-03 1.25209977e-03 8.98336744e-04 6.52247590e-04 3.63400122e-04 2.62146434e-04 2.22522643e-04 4.60372655e-04 1.32232643e-04 3.24756123e-03 4.89972122e-03 2.31900322e-04 6.72164530e-05 4.37443174e-05 1.32355488e-04 3.95172625e-05 6.84318482e-05 1.26854218e-04 7.36260030e-05 1.53053986e-04 1.88189140e-04 1.06925417e-04 7.45524358e-05 5.29502067e-06 9.36095748e-06 6.04592024e-06 2.59670219e-05 4.88439982e-06 1.75861977e-05 5.06672448e-05 3.91294830e-05 2.03689997e-05 5.17128421e-05 4.00706078e-05 1.41575452e-05 5.75517206e-05 7.15291355e-05 9.70812907e-06 4.86723566e-05 1.38697626e-04 2.85742397e-05 2.96015932e-04 4.13002070e-04 1.65200828e-05 2.27980174e-04 5.55019884e-05 3.72388313e-05 4.28994566e-04 6.12431457e-04 1.06148467e-04 3.55788121e-04 1.00292476e-04 3.41484631e-05 7.63017259e-05 4.20591816e-05 1.37070033e-06 3.19222785e-08 1.92243519e-09
 1993 03 03 12 00 00  3.75186363e-03 2.28067113e-03 1.26100128e-03 9.04922534e-04 6.58064769e-04 3.65854015e-04 2.64636047e-04 2.25288139e-04 4.67592871e-04 1.34348934e-04 3.30542227e-03 5.00596389e-03 2.34949611e-04 6.80645474e-05 4.42176021e-05 1.34571957e-04 4.01345664e-05 7.00112083e-05 1.28758958e-04 7.46222679e-05 1.56346848e-04 1.92387466e-04 1.08709556e-04 7.54531389e-05 5.33919629e-06 9.50092654e-06 6.06356989e-06 2.62009132e-05 4.90670027e-06 1.77474480e-05 5.15472890e-05 3.93846625e-05 2.08787213e-05 5.26676847e-05 4.13756759e-05 1.42421632e-05 5.92541315e-05 7.38432449e-05 9.82459096e-06 5.01026595e-05 1.43707952e-04 2.94182217e-05 3.05538914e-04 4.25012012e-04 1.70004805e-05 2.38545464e-04 5.88980096e-05 3.88755987e-05 4.45786820e-04 6.30106655e-04 1.09777350e-04 3.70146482e-04 1.06223398e-04 3.63044230e-05 8.12778278e-05 4.53985888e-05 1.52267612e-06 3.99340621e-08 2.65105342e-09
 1993 03 04 12 00 00  3.76903892e-03 2.29136038e-03 1.26782106e-03 9.10215815e-04 6.62872756e-04 3.68054976e-04 2.66785956e-04 2.27641865e-04 4.73734463e-04 1.35863933e-04 3.35475590e-03 5.10158241e-03 2.37316195e-04 6.85468309e-05 4.45569669e-05 1.36395710e-04 4.06894076e-05 7.14317255e-05 1.29908226e-04 7.50495645e-05 1.59312202e-04 1.96164794e-04 1.10271805e-04 7.62636942e-05 5.37890883e-06 9.74713039e-06 6.07945112e-06 2.64006992e-05 4.91639767e-06 1.78719100e-05 5.22788370e-05 3.96140706e-05 2.13368257e-05 5.35262164e-05 4.19423741e-05 1.43183119e-05 6.06676813e-05 7.58228398e-05 1.00294514e-05 5.13371536e-05 1.47928188e-04 2.97813036e-05 3.14349377e-04 4.30222762e-04 1.72089105e-05 2.46455237e-04 6.19519909e-05 3.95804469e-05 4.58758315e-04 6.43950275e-04 1.12042954e-04 3.86637244e-04 1.16608857e-04 4.00797773e-05 8.99921430e-05 5.12531202e-05 1.78957803e-06 5.40394211e-08 3.93472703e-09
 1993 03 05 12 00 00  3.78398669e-03 2.30020750e-03 1.27350771e-03 9.14719665e-04 6.67009655e-04 3.70007162e-04 2.68667608e-04 2.29690950e-04 4.79080901e-04 1.37088001e-04 3.39772901e-03 5.18657491e-03 2.39301226e-04 6.88890164e-05 4.48319277e-05 1.37961910e-04 4.11803398e-05 7.26916362e-05 1.30756899e-04 7.52847292e-05 1.61939882e-04 1.99518815e-04 1.11645562e-04 7.68107613e-05 5.41406625e-06 9.76239753e-06 6.09355520e-06 2.65586447e-05 4.92174331e-06 1.79757229e-05 5.28998133e-05 3.98171978e-05 2.17420296e-05 5.41425946e-05 4.22546902e-05 1.43859754e-05 6.18591982e-05 7.75349754e-05 1.00421661e-05 5.21011404e-05 1.51559210e-04 2.99811916e-05 3.21014881e-04 4.33094235e-04 1.73237694e-05 2.52812269e-04 6.46590663e-05 3.99685348e-05 4.69595806e-04 6.54838992e-04 1.13744960e-04 3.94813992e-04 1.17185424e-04 4.02895343e-05 9.04770972e-05 5.15882255e-05 1.80552307e-06 5.49323772e-08 4.01726261e-09
 1993 03 06 12 00 00  3.79089902e-03 2.30627440e-03 1.27721699e-03 9.17230512e-04 6.69101936e-04 3.70744529e-04 2.69487881e-04 2.30631216e-04 4.81544800e-04 1.38061830e-04 3.41739332e-03 5.21844514e-03 2.40541718e-04 6.93830564e-05 4.50478932e-05 1.38766025e-04 4.13604343e-05 7.31592008e-05 1.31799425e-04 7.59860326e-05 1.62921114e-04 2.00770215e-04 1.12214952e-04 7.71376737e-05 5.42699854e-06 9.78333774e-06 6.09882336e-06 2.66416393e-05 4.93755433e-06 1.80408474e-05 5.32153413e-05 3.98919685e-05 2.18904490e-05 5.44762970e-05 4.31792927e-05 1.44113059e-05 6.24760366e-05 7.83138382e-05 1.00596088e-05 5.26808799e-05 1.53297359e-04 3.05762369e-05 3.24055902e-04 4.41599225e-04 1.76639690e-05 2.57387587e-04 6.56608259e-05 4.11231187e-05 4.76397403e-04 6.62092580e-04 1.15680217e-04 3.98430069e-04 1.17933477e-04 4.05617942e-05 9.11071187e-05 5.20301423e-05 1.82700925e-06 5.61687614e-08 4.13233039e-09
 1993 03 07 12 00 00  3.78594077e-03 2.30437128e-03 1.27589454e-03 9.15944052e-04 6.67799900e-04 3.70006858e-04 2.68834256e-04 2.29943142e-04 4.79762202e-04 1.37866786e-04 3.40299353e-03 5.18656783e-03 2.40049319e-04 6.94407259e-05 4.50022575e-05 1.38278637e-04 4.11652873e-05 7.26731960e-05 1.31841857e-04 7.62115582e-05 1.61917315e-04 1.99494898e-04 1.11721961e-04 7.68520501e-05 5.41311965e-06 9.59115787e-06 6.09347735e-06 2.65791603e-05 4.94270680e-06 1.80136217e-05 5.30105245e-05 3.98119271e-05 2.17287496e-05 5.41756758e-05 4.34801972e-05 1.43858124e-05 6.20864494e-05 7.77183069e-05 9.89972832e-06 5.22854086e-05 1.52075657e-04 3.07681505e-05 3.20792219e-04 4.44364985e-04 1.77745994e-05 2.55941108e-04 6.46087341e-05 4.14958631e-05 4.73608907e-04 6.58902969e-04 1.15688792e-04 3.89343809e-04 1.09625290e-04 3.75420635e-05 8.41393020e-05 4.73767484e-05 1.61686173e-06 4.52130621e-08 3.13909325e-09
 1993 03 08 12 00 00  3.76542060e-03 2.28958777e-03 1.26664625e-03 9.09147117e-04 6.61819839e-04 3.67538436e-04 2.66308695e-04 2.27127687e-04 4.72420695e-04 1.35636626e-04 3.34418261e-03 5.08031920e-03 2.36886835e-04 6.85103672e-05 4.45036884e-05 1.35996866e-04 4.05343919e-05 7.10771768e-05 1.29766976e-04 7.50801817e-05 1.58607605e-04 1.95274962e-04 1.09916768e-04 7.59294526e-05 5.36808766e-06 9.46462533e-06 6.07575712e-06 2.63366985e-05 4.91746250e-06 1.78438313e-05 5.20985199e-05 3.95519892e-05 2.12070328e-05 5.32007726e-05 4.20023629e-05 1.43010475e-05 6.03326061e-05 7.53526441e-05 9.79448014e-06 5.08037126e-05 1.46927463e-04 2.98103754e-05 3.11150247e-04 4.30762571e-04 1.72305028e-05 2.44809815e-04 6.11672469e-05 3.96388350e-05 4.56009789e-04 6.40374432e-04 1.11747177e-04 3.75017502e-04 1.04025955e-04 3.55072074e-05 7.94454941e-05 4.42594124e-05 1.47733880e-06 3.80347316e-08 2.49075676e-09
 1993 03 09 12 00 00  3.74774738e-03 2.27794416e-03 1.25927610e-03 9.03530939e-04 6.56770822e-04 3.65321722e-04 2.64106442e-04 2.24699354e-04 4.66093690e-04 1.33940840e-04 3.29342072e-03 4.98469509e-03 2.34341178e-04 6.78946965e-05 4.41233587e-05 1.34076719e-04 3.99659562e-05 6.96399948e-05 1.28340314e-04 7.44330813e-05 1.55629558e-04 1.91476036e-04 1.08326026e-04 7.51996859e-05 5.32751910e-06 9.39643869e-06 6.05980640e-06 2.61357935e-05 4.90307539e-06 1.77072119e-05 5.13304376e-05 3.93178256e-05 2.07369332e-05 5.24084182e-05 4.11598070e-05 1.42247489e-05 5.88627047e-05 7.33109165e-05 9.73778006e-06 4.96963996e-05 1.42532275e-04 2.92630051e-05 3.02996233e-04 4.23005907e-04 1.69202363e-05 2.36152831e-04 5.80678228e-05 3.85778025e-05 4.41852469e-04 6.25756084e-04 1.08988238e-04 3.63647656e-04 1.00887705e-04 3.43670124e-05 7.68167544e-05 4.25294721e-05 1.40106729e-06 3.41992660e-08 2.14664340e-09
 1993 03 10 12 00 00  3.74597221e-03 2.27708196e-03 1.25870436e-03 9.03023638e-04 6.56277141e-04 3.65070326e-04 2.63875320e-04 2.24451701e-04 4.65454865e-04 1.33832948e-04 3.28826552e-03 4.97406721e-03 2.34134790e-04 6.78839870e-05 4.40989259e-05 1.33890276e-04 3.98957287e-05 6.94716407e-05 1.28295766e-04 7.44588673e-05 1.55292231e-04 1.91042698e-04 1.08153751e-04 7.51989231e-05 5.32256636e-06 9.48138404e-06 6.05799723e-06 2.61211544e-05 4.90367165e-06 1.76949440e-05 5.12539246e-05 3.92893300e-05 2.06784622e-05 5.23877291e-05 4.11945832e-05 1.42161967e-05 5.87283875e-05 7.31002901e-05 9.80848272e-06 4.97335779e-05 1.42086664e-04 2.92850047e-05 3.02596040e-04 4.23325288e-04 1.69330115e-05 2.35553178e-04 5.76998049e-05 3.86205706e-05 4.40623041e-04 6.24821940e-04 1.08876524e-04 3.65133383e-04 1.04327001e-04 3.56176222e-05 7.97051162e-05 4.44897970e-05 1.49186144e-06 3.91048886e-08 2.59579700e-09
 1993 03 11 12 00 00  3.74332498e-03 2.27440723e-03 1.25709245e-03 9.01965841e-04 6.55414589e-04 3.64812090e-04 2.63565685e-04 2.24087307e-04 4.64507510e-04 1.33385229e-04 3.28072490e-03 4.96343821e-03 2.33599854e-04 6.76309593e-05 4.39997599e-05 1.33556031e-04 3.98245291e-05 6.93020993e-05 1.27767965e-04 7.40792428e-05 1.54952063e-04 1.90607816e-04 1.07943405e-04 7.50872894e-05 5.31755322e-06 9.51541442e-06 6.05618297e-06 2.60870449e-05 4.89518934e-06 1.76646803e-05 5.11183524e-05 3.92604998e-05 2.06191355e-05 5.22729013e-05 4.06980515e-05 1.42076300e-05 5.84737452e-05 7.27917228e-05 9.83680802e-06 4.95221968e-05 1.41374532e-04 2.89635296e-05 3.01608891e-04 4.18755539e-04 1.67502216e-05 2.33456572e-04 5.73285390e-05 3.79971927e-05 4.37533680e-04 6.21616927e-04 1.07900393e-04 3.64932812e-04 1.05687475e-04 3.61123648e-05 8.08479653e-05 4.52679345e-05 1.52807861e-06 4.10748299e-08 2.77648695e-09
 1993 03 12 12 00 00  3.73763846e-03 2.27100478e-03 1.25490927e-03 9.00218601e-04 6.53799700e-04 3.64066374e-04 2.62845231e-04 2.23300554e-04 4.62466170e-04 1.32908877e-04 3.26432124e-03 4.93156016e-03 2.32834926e-04 6.74879394e-05 4.38922425e-05 1.32943282e-04 3.96259915e-05 6.88119326e-05 1.27412555e-04 7.39694806e-05 1.53952930e-04 1.89327108e-04 1.07417288e-04 7.49940874e-05 5.30346006e-06 9.67988017e-06 6.05081914e-06 2.60336838e-05 4.89284321e-06 1.76220719e-05 5.08741031e-05 3.91792710e-05 2.04544398e-05 5.21342854e-05 4.05601080e-05 1.41821016e-05 5.80235457e-05 7.21313600e-05 9.97366224e-06 4.94423372e-05 1.39959272e-04 2.88714655e-05 2.99874175e-04 4.17482493e-04 1.66992997e-05 2.31018451e-04 5.62650966e-05 3.78192432e-05 4.33170198e-04 6.17752402e-04 1.07189270e-04 3.66954099e-04 1.12595771e-04 3.86237609e-05 8.66451415e-05 4.91666886e-05 1.70610883e-06 5.05053038e-08 3.63526986e-09
 1993 03 13 12 00 00  3.72533479e-03 2.26219844e-03 1.24939626e-03 8.96142951e-04 6.50200562e-04 3.62577831e-04 2.61326671e-04 2.21608753e-04 4.58061125e-04 1.31582242e-04 3.22902246e-03 4.86780703e-03 2.30946825e-04 6.69379452e-05 4.35956789e-05 1.31569710e-04 3.92391026e-05 6.78440847e-05 1.26179889e-04 7.33058027e-05 1.51951984e-04 1.86781875e-04 1.06330228e-04 7.43101415e-05 5.27591510e-06 9.42129991e-06 6.04014349e-06 2.58743556e-05 4.87805701e-06 1.75192423e-05 5.03147795e-05 3.90203873e-05 2.01340430e-05 5.14378146e-05 3.96943098e-05 1.41311495e-05 5.69469893e-05 7.06933375e-05 9.75851290e-06 4.83182928e-05 1.36830389e-04 2.83098023e-05 2.93119456e-04 4.09512834e-04 1.63805134e-05 2.24216320e-04 5.41722868e-05 3.67303408e-05 4.22560670e-04 6.06034969e-04 1.04841114e-04 3.52622391e-04 1.01616515e-04 3.46327224e-05 7.74338168e-05 4.29881446e-05 1.42514600e-06 3.57103445e-08 2.29019044e-09
 1993 03 14 12 00 00  3.71635730e-03 2.25474801e-03 1.24481342e-03 8.92933309e-04 6.47461523e-04 3.61574747e-04 2.60241613e-04 2.20374069e-04 4.54846718e-04 1.30400967e-04 3.20334351e-03 4.82530184e-03 2.29399444e-04 6.63579784e-05 4.33322483e-05 1.30517978e-04 3.89751891e-05 6.71915128e-05 1.24928585e-04 7.25077640e-05 1.50611376e-04 1.85075544e-04 1.05569029e-04 7.38185584e-05 5.25717551e-06 9.29239686e-06 6.03299595e-06 2.57552651e-05 4.86032113e-06 1.74339585e-05 4.98885005e-05 3.89123656e-05 1.99151604e-05 5.09420039e-05 3.86556057e-05 1.40971184e-05 5.61280070e-05 6.96456132e-05 9.65124491e-06 4.74651463e-05 1.34499529e-04 2.76348059e-05 2.88520782e-04 3.99950077e-04 1.59980031e-05 2.18398731e-04 5.27570606e-05 3.54219694e-05 4.13786339e-04 5.96439437e-04 1.02507825e-04 3.44320218e-04 9.62495240e-05 3.26815270e-05 7.29292220e-05 3.99521058e-05 1.28603807e-06 2.83061382e-08 1.61503362e-09
 1993 03 15 12 00 00  3.71588805e-03 2.25386871e-03 1.24430648e-03 8.92628897e-04 6.47229501e-04 3.61556142e-04 2.60190724e-04 2.20302664e-04 4.54671861e-04 1.30234461e-04 3.20198315e-03 4.82529476e-03 2.29234126e-04 6.62365815e-05 4.32949537e-05 1.30425060e-04 3.89581983e-05 6.71706919e-05 1.24675427e-04 7.23081350e-05 1.50587855e-04 1.85048543e-04 1.05540029e-04 7.37181402e-05 5.25610631e-06 9.21063111e-06 6.03290755e-06 2.57369892e-05 4.85601231e-06 1.74219736e-05 4.98422830e-05 3.89064196e-05 1.99001646e-05 5.08541026e-05 3.84024665e-05 1.40969336e-05 5.60455663e-05 6.95695379e-05 9.58319215e-06 4.72631361e-05 1.34299582e-04 2.74670136e-05 2.87845356e-04 3.97615412e-04 1.59046165e-05 2.17522619e-04 5.27002441e-05 3.50973976e-05 4.12640432e-04 5.94926107e-04 1.02051346e-04 3.41580171e-04 9.29191672e-05 3.14705801e-05 7.01327083e-05 3.80569597e-05 1.19846477e-06 2.35895069e-08 1.18355405e-09
 1993 03 16 12 00 00  3.72436107e-03 2.26046634e-03 1.24839512e-03 8.95503223e-04 6.49686509e-04 3.62524980e-04 2.61212717e-04 2.21452206e-04 4.57689460e-04 1.31252445e-04 3.22612555e-03 4.86778431e-03 2.30614675e-04 6.66943024e-05 4.35209884e-05 1.31363897e-04 3.91881273e-05 6.77816046e-05 1.25658491e-04 7.29087857e-05 1.51878609e-04 1.86700864e-04 1.06261916e-04 7.39636243e-05 5.27270677e-06 9.06045607e-06 6.03987901e-06 2.58198939e-05 4.86967401e-06 1.74921696e-05 5.02010992e-05 3.90025467e-05 2.00890601e-05 5.11357863e-05 3.92006390e-05 1.41305980e-05 5.67445253e-05 7.05061210e-05 9.45821375e-06 4.76520487e-05 1.36348539e-04 2.79776432e-05 2.90665426e-04 4.04953652e-04 1.61981461e-05 2.22239045e-04 5.40018256e-05 3.60888254e-05 4.20043095e-04 6.02184368e-04 1.03901155e-04 3.40848948e-04 8.67327226e-05 2.92213086e-05 6.49391758e-05 3.45473441e-05 1.03699620e-06 1.49455476e-08 3.94105459e-10
 1993 03 17 12 00 00  3.73548921e-03 2.26700295e-03 1.25260190e-03 8.98823306e-04 6.52729484e-04 3.63976912e-04 2.62610031e-04 2.22971674e-04 4.61663913e-04 1.32150893e-04 3.25807157e-03 4.93152291e-03 2.32081404e-04 6.69356604e-05 4.37225927e-05 1.32514607e-04 3.95434588e-05 6.87107677e-05 1.26257813e-04 7.30620697e-05 1.53833143e-04 1.89195938e-04 1.07282023e-04 7.43624931e-05 5.29826502e-06 9.06603600e-06 6.05039058e-06 2.59331968e-05 4.87325779e-06 1.75665593e-05 5.06509526e-05 3.91503854e-05 2.03816104e-05 5.15859665e-05 3.94094328e-05 1.41812037e-05 5.76173258e-05 7.17650377e-05 9.46282089e-06 4.82046614e-05 1.39006992e-04 2.81087618e-05 2.95538097e-04 4.06870207e-04 1.62748083e-05 2.26838331e-04 5.59891108e-05 3.63439234e-05 4.27885373e-04 6.10048192e-04 1.05104626e-04 3.46856755e-04 8.72187700e-05 2.93973952e-05 6.53426814e-05 3.47838700e-05 1.04529680e-06 1.51973161e-08 4.12293977e-10
 1993 03 18 12 00 00  3.75161593e-03 2.27836256e-03 1.25972937e-03 9.04067158e-04 6.57344774e-04 3.65928371e-04 2.64592392e-04 2.25173447e-04 4.67422716e-04 1.33845254e-04 3.30422162e-03 5.01651056e-03 2.34518663e-04 6.76126730e-05 4.41008879e-05 1.34272437e-04 4.00246761e-05 6.99587748e-05 1.27769382e-04 7.38593866e-05 1.56450291e-04 1.92534513e-04 1.08701553e-04 7.50424520e-05 5.33281127e-06 9.12503310e-06 6.06444482e-06 2.61130754e-05 4.89124541e-06 1.76931960e-05 5.13419274e-05 3.93501075e-05 2.07782432e-05 5.23129535e-05 4.04612452e-05 1.42487610e-05 5.89608437e-05 7.35947594e-05 9.51187249e-06 4.92776670e-05 1.42962357e-04 2.87853618e-05 3.02811714e-04 4.16544991e-04 1.66617997e-05 2.35181144e-04 5.86636947e-05 3.76568292e-05 4.41145308e-04 6.23865446e-04 1.07984738e-04 3.56722416e-04 8.99813052e-05 3.04009793e-05 6.76559588e-05 3.63002374e-05 1.11171436e-06 1.85031762e-08 7.07985981e-10
 1993 03 19 12 00 00  3.76131433e-03 2.28467722e-03 1.26373377e-03 9.07104633e-04 6.60067339e-04 3.67143597e-04 2.65796658e-04 2.26498476e-04 4.70887801e-04 1.34757210e-04 3.33201939e-03 5.06962799e-03 2.35899936e-04 6.79322229e-05 4.43053596e-05 1.35306089e-04 4.03233775e-05 7.07362662e-05 1.28510372e-04 7.41843425e-05 1.58085320e-04 1.94617877e-04 1.09571298e-04 7.54903644e-05 5.35427243e-06 9.23988337e-06 6.07321781e-06 2.62231678e-05 4.89855447e-06 1.77642927e-05 5.17490054e-05 3.94742179e-05 2.10243248e-05 5.27865632e-05 4.08887601e-05 1.42909616e-05 5.97570929e-05 7.46986986e-05 9.60740290e-06 4.99713372e-05 1.45322736e-04 2.90609401e-05 3.07602984e-04 4.20478038e-04 1.68191215e-05 2.39804776e-04 6.03284454e-05 3.81914520e-05 4.48611665e-04 6.31814397e-04 1.09412303e-04 3.65289547e-04 9.50644417e-05 3.22482425e-05 7.19170386e-05 3.91300735e-05 1.23836173e-06 2.50184669e-08 1.29642270e-09
 1993 03 20 12 00 00  3.76156882e-03 2.28526064e-03 1.26406748e-03 9.07261147e-04 6.60156625e-04 3.67136986e-04 2.65814753e-04 2.26527876e-04 4.70973297e-04 1.34865796e-04 3.33267302e-03 5.06962389e-03 2.36002622e-04 6.80086889e-05 4.43290129e-05 1.35341844e-04 4.03141574e-05 7.07249565e-05 1.28657054e-04 7.43141165e-05 1.58071804e-04 1.94603216e-04 1.09577500e-04 7.54534635e-05 5.35369218e-06 9.15828714e-06 6.07317052e-06 2.62201422e-05 4.90152888e-06 1.77682332e-05 5.17556962e-05 3.94709932e-05 2.10161845e-05 5.27537427e-05 4.10624081e-05 1.42908611e-05 5.97751633e-05 7.47106028e-05 9.53948766e-06 4.99206579e-05 1.45362188e-04 2.91714532e-05 3.07234628e-04 4.22073824e-04 1.68829529e-05 2.40158591e-04 6.02976012e-05 3.84061423e-05 4.49073080e-04 6.32113997e-04 1.09671276e-04 3.62780680e-04 9.17676613e-05 3.10494388e-05 6.91482402e-05 3.72499033e-05 1.15120938e-06 2.03043676e-08 8.64675442e-10
 1993 03 21 12 00 00  3.74782408e-03 2.27619647e-03 1.25833105e-03 9.02895207e-04 6.56234501e-04 3.65414254e-04 2.64103007e-04 2.24640498e-04 4.66054261e-04 1.33545690e-04 3.29320347e-03 4.99524996e-03 2.34022235e-04 6.75300739e-05 4.40332403e-05 1.33850302e-04 3.98735458e-05 6.96089875e-05 1.27551214e-04 7.38107075e-05 1.55759490e-04 1.91650872e-04 1.08341082e-04 7.49438824e-05 5.32223421e-06 9.18356527e-06 6.06077156e-06 2.60694684e-05 4.89028462e-06 1.76622286e-05 5.11615721e-05 3.92893882e-05 2.06518816e-05 5.21864048e-05 4.04042366e-05 1.42315359e-05 5.86413520e-05 7.31287378e-05 9.56050499e-06 4.91650007e-05 1.41956587e-04 2.87451927e-05 3.01297539e-04 4.16016242e-04 1.66406497e-05 2.33483409e-04 5.78919600e-05 3.75796022e-05 4.38080649e-04 6.21015073e-04 1.07528097e-04 3.56632465e-04 9.29414184e-05 3.14758676e-05 7.01312697e-05 3.78955133e-05 1.17957787e-06 2.17234721e-08 9.91797222e-10
 1993 03 22 12 00 00  3.73564846e-03 2.26759547e-03 1.25293718e-03 8.98905114e-04 6.52710159e-04 3.63936267e-04 2.62601376e-04 2.22971103e-04 4.61699706e-04 1.32258491e-04 3.25830247e-03 4.93150204e-03 2.32174873e-04 6.70094431e-05 4.37456534e-05 1.32506702e-04 3.94973409e-05 6.86542422e-05 1.26384729e-04 7.31940381e-05 1.53777586e-04 1.89122635e-04 1.07265064e-04 7.44284267e-05 5.29536155e-06 9.14269476e-06 6.05015121e-06 2.59294272e-05 4.87646757e-06 1.75634989e-05 5.06257131e-05 3.91342444e-05 2.03409116e-05 5.16339413e-05 3.95957060e-05 1.41807031e-05 5.76122519e-05 7.17289233e-05 9.52649425e-06 4.83519950e-05 1.38919226e-04 2.82226683e-05 2.95751837e-04 4.08576139e-04 1.63430455e-05 2.27062262e-04 5.58348838e-05 3.65661777e-05 4.27835008e-04 6.10364250e-04 1.05299859e-04 3.49315834e-04 9.12419666e-05 3.08580189e-05 6.87048518e-05 3.69338242e-05 1.13549229e-06 1.93753149e-08 7.77637954e-10
 1993 03 23 12 00 00  3.72828321e-03 2.26342487e-03 1.25023823e-03 8.96719228e-04 6.50677874e-04 3.62956946e-04 2.61667857e-04 2.21958564e-04 4.59062124e-04 1.31693341e-04 3.23709144e-03 4.88900356e-03 2.31226347e-04 6.68706391e-05 4.36181798e-05 1.31738130e-04 3.92475078e-05 6.80189289e-05 1.26020174e-04 7.31315231e-05 1.52455812e-04 1.87438673e-04 1.06580605e-04 7.40940122e-05 5.27750817e-06 9.03836553e-06 6.04307643e-06 2.58449739e-05 4.87509096e-06 1.75131978e-05 5.03161695e-05 3.90311499e-05 2.01344505e-05 5.12736442e-05 3.95150069e-05 1.41468248e-05 5.70174514e-05 7.08741608e-05 9.43969353e-06 4.78659081e-05 1.37113107e-04 2.81699002e-05 2.91945637e-04 4.07832827e-04 1.63133131e-05 2.23992385e-04 5.44667302e-05 3.64639680e-05 4.22607001e-04 6.04844754e-04 1.04557826e-04 3.42099175e-04 8.67748953e-05 2.92342946e-05 6.49577324e-05 3.44255242e-05 1.02179718e-06 1.34160626e-08 2.36557085e-10
 1993 03 24 12 00 00  3.72443819e-03 2.26100460e-03 1.24869635e-03 8.95523222e-04 6.49591732e-04 3.62465721e-04 2.61186199e-04 2.21430187e-04 4.57685340e-04 1.31347837e-04 3.22603949e-03 4.86775413e-03 2.30691012e-04 6.67558919e-05 4.35404702e-05 1.31325824e-04 3.91221023e-05 6.77006727e-05 1.25746108e-04 7.30245840e-05 1.51793021e-04 1.86595917e-04 1.06231126e-04 7.38785741e-05 5.26855038e-06 8.93874894e-06 6.03953667e-06 2.57965422e-05 4.87272991e-06 1.74846430e-05 5.01492061e-05 3.89794324e-05 2.00307943e-05 5.10526340e-05 3.93766066e-05 1.41298791e-05 5.66934750e-05 7.04261792e-05 9.35681819e-06 4.75261687e-05 1.36155736e-04 2.80795764e-05 2.89738846e-04 4.06558124e-04 1.62623250e-05 2.22152592e-04 5.37810265e-05 3.62889579e-05 4.19642347e-04 6.01537758e-04 1.04024811e-04 3.36928468e-04 8.24731183e-05 2.76707408e-05 6.13498896e-05 3.20154125e-05 9.12909928e-07 7.73587203e-09 1.00000000e-10
 1993 03 25 12 00 00  3.72303705e-03 2.26089603e-03 1.24855687e-03 8.95252167e-04 6.49262052e-04 3.62221686e-04 2.60990592e-04 2.21233886e-04 4.57179004e-04 1.31381127e-04 3.22192454e-03 4.85712811e-03 2.30621480e-04 6.68440665e-05 4.35465501e-05 1.31205237e-04 3.90572153e-05 6.75388728e-05 1.25895952e-04 7.32154411e-05 1.51460668e-04 1.86171064e-04 1.06077710e-04 7.38592721e-05 5.26393451e-06 8.95116609e-06 6.03775588e-06 2.57852835e-05 4.87708894e-06 1.74807139e-05 5.01002879e-05 3.89528141e-05 1.99770351e-05 5.10165692e-05 3.96311865e-05 1.41213837e-05 5.66048424e-05 7.02587909e-05 9.36716751e-06 4.75464299e-05 1.35830327e-04 2.82419787e-05 2.89134799e-04 4.08898117e-04 1.63559247e-05 2.22142439e-04 5.34308725e-05 3.66043765e-05 4.19244134e-04 6.01314526e-04 1.04273968e-04 3.36286811e-04 8.28746624e-05 2.78170060e-05 6.16889338e-05 3.22600477e-05 9.25273213e-07 8.48039932e-09 1.00000000e-10
 1993 03 26 12 00 00  3.72066750e-03 2.25877663e-03 1.24726380e-03 8.94370724e-04 6.48523512e-04 3.61969286e-04 2.60707789e-04 2.20908281e-04 4.56331104e-04 1.31037677e-04 3.21515996e-03 4.84650172e-03 2.30188058e-04 6.66650260e-05 4.34701870e-05 1.30920738e-04 3.89903871e-05 6.73746865e-05 1.25515950e-04 7.29590189e-05 1.51125475e-04 1.85743130e-04 1.05881580e-04 7.37553066e-05 5.25919604e-06 8.96196289e-06 6.03596382e-06 2.57558098e-05 4.87137004e-06 1.74567201e-05 4.99859808e-05 3.89255089e-05 1.99215647e-05 5.09088230e-05 3.92963935e-05 1.41128650e-05 5.63874659e-05 6.99844163e-05 9.37617078e-06 4.73618082e-05 1.35211748e-04 2.80249224e-05 2.88154319e-04 4.05816469e-04 1.62326588e-05 2.20504527e-04 5.30742225e-05 3.61835439e-05 4.16778739e-04 5.98736262e-04 1.03568003e-04 3.35418688e-04 8.32051453e-05 2.79374442e-05 6.19683973e-05 3.24650274e-05 9.35855491e-07 9.13283351e-09 1.00000000e-10
 1993 03 27 12 00 00  3.71159425e-03 2.25386453e-03 1.24406278e-03 8.91721350e-04 6.46032298e-04 3.60742102e-04 2.59550861e-04 2.19658675e-04 4.53079972e-04 1.30387547e-04 3.18899274e-03 4.79337685e-03 2.29056075e-04 6.65321129e-05 4.33233765e-05 1.29979644e-04 3.86737258e-05 6.65751926e-05 1.25142444e-04 7.29494321e-05 1.49473549e-04 1.83631235e-04 1.05029497e-04 7.35067537e-05 5.23660347e-06 9.05461784e-06 6.02709770e-06 2.56661240e-05 4.87117723e-06 1.73959943e-05 4.96104733e-05 3.87951121e-05 1.96596360e-05 5.06015010e-05 3.92849644e-05 1.40704695e-05 5.56814257e-05 6.89362081e-05 9.45328502e-06 4.70736906e-05 1.33000953e-04 2.80169828e-05 2.84560044e-04 4.05710620e-04 1.62284248e-05 2.17028915e-04 5.13494189e-05 3.61682556e-05 4.10492792e-04 5.92819247e-04 1.02778306e-04 3.33286892e-04 8.69715468e-05 2.93069588e-05 6.51311880e-05 3.46094558e-05 1.03502362e-06 1.44795639e-08 3.42555095e-10
 1993 03 28 12 00 00  3.71021657e-03 2.25383022e-03 1.24396581e-03 8.91464137e-04 6.45705254e-04 3.60493846e-04 2.59355262e-04 2.19463767e-04 4.52580849e-04 1.30434655e-04 3.18492338e-03 4.78274897e-03 2.28999198e-04 6.66309494e-05 4.33327536e-05 1.29860030e-04 3.86039872e-05 6.64074381e-05 1.25314013e-04 7.31587235e-05 1.49136500e-04 1.83198674e-04 1.04874598e-04 7.35268263e-05 5.23168164e-06 9.12118412e-06 6.02529108e-06 2.56576210e-05 4.87592697e-06 1.73919102e-05 4.95601485e-05 3.87667911e-05 1.96015957e-05 5.05984293e-05 3.95625306e-05 1.40619202e-05 5.55977662e-05 6.87680996e-05 9.50870381e-06 4.71695833e-05 1.32672791e-04 2.81948218e-05 2.84216207e-04 4.08262847e-04 1.63305139e-05 2.17083941e-04 5.09830308e-05 3.65134823e-05 4.10107834e-04 5.92787279e-04 1.03057827e-04 3.34228812e-04 8.95851754e-05 3.02575414e-05 6.73276116e-05 3.61118740e-05 1.10544190e-06 1.83459782e-08 6.98085367e-10
 1993 03 29 12 00 00  3.71423144e-03 2.25667579e-03 1.24574952e-03 8.92759978e-04 6.46836406e-04 3.60975639e-04 2.59845515e-04 2.20007871e-04 4.54009791e-04 1.30858332e-04 3.19638142e-03 4.80399281e-03 2.29606380e-04 6.67978334e-05 4.34266877e-05 1.30290506e-04 3.87177395e-05 6.67114044e-05 1.25680497e-04 7.33558205e-05 1.49783360e-04 1.84022911e-04 1.05225360e-04 7.37160080e-05 5.23990602e-06 9.16858262e-06 6.02877044e-06 2.57026275e-05 4.88049918e-06 1.74222725e-05 4.97282863e-05 3.88144312e-05 1.96949710e-05 5.07956211e-05 3.98291100e-05 1.40787379e-05 5.59301422e-05 6.92169141e-05 9.54817369e-06 4.74747783e-05 1.33638369e-04 2.83631147e-05 2.86163727e-04 4.10710882e-04 1.64284353e-05 2.19147735e-04 5.16297761e-05 3.68407142e-05 4.13324048e-04 5.96236314e-04 1.03760705e-04 3.37417285e-04 9.13633410e-05 3.09044774e-05 6.88234713e-05 3.71473333e-05 1.15483799e-06 2.11214296e-08 9.54837454e-10
 1993 03 30 12 00 00  3.72751171e-03 2.26489825e-03 1.25099916e-03 8.96820489e-04 6.50516648e-04 3.62676233e-04 2.61504062e-04 2.21821250e-04 4.58751243e-04 1.32018025e-04 3.23448012e-03 4.87835705e-03 2.31425412e-04 6.71563112e-05 4.36856432e-05 1.31685338e-04 3.91374662e-05 6.78017794e-05 1.26529280e-04 7.36631802e-05 1.52070317e-04 1.86942051e-04 1.06430953e-04 7.42099302e-05 5.27004959e-06 9.18272199e-06 6.04106099e-06 2.58418818e-05 4.88766127e-06 1.75157872e-05 5.02782802e-05 3.89887253e-05 2.00408496e-05 5.13461695e-05 4.02465375e-05 1.41378376e-05 5.69922213e-05 7.07241657e-05 9.55997602e-06 4.81854172e-05 1.36843408e-04 2.86258350e-05 2.92026879e-04 4.14543230e-04 1.65817292e-05 2.25025290e-04 5.39655797e-05 3.73517076e-05 4.23137438e-04 6.06160028e-04 1.05447455e-04 3.44355008e-04 9.16936940e-05 3.10252093e-05 6.91052629e-05 3.73733341e-05 1.16777598e-06 2.20035737e-08 1.04013242e-09
 1993 03 31 12 00 00  3.73894559e-03 2.27487343e-03 1.25710177e-03 9.00946144e-04 6.53950915e-04 3.63897963e-04 2.62859335e-04 2.23372543e-04 4.62822271e-04 1.33614590e-04 3.26698094e-03 4.93147150e-03 2.33465040e-04 6.79586715e-05 4.40391801e-05 1.33004416e-04 3.94303410e-05 6.85721228e-05 1.28217548e-04 7.47985905e-05 1.53694269e-04 1.89016143e-04 1.07372434e-04 7.46827789e-05 5.29114477e-06 9.12944743e-06 6.04980451e-06 2.59709404e-05 4.91337960e-06 1.76215111e-05 5.07906532e-05 3.91107926e-05 2.02817871e-05 5.18402431e-05 4.17497329e-05 1.41799741e-05 5.79944745e-05 7.19992086e-05 9.51569600e-06 4.90180006e-05 1.39683211e-04 2.95901904e-05 2.96578588e-04 4.28366654e-04 1.71346662e-05 2.32431357e-04 5.56108309e-05 3.92235321e-05 4.34221645e-04 6.17703601e-04 1.08588040e-04 3.47448791e-04 8.91142550e-05 3.00883243e-05 6.69466282e-05 3.59689012e-05 1.10703934e-06 1.90414418e-08 7.76820919e-10
 1993 04 01 12 00 00  3.74880901e-03 2.28158017e-03 1.26132817e-03 9.04079508e-04 6.56720756e-04 3.65108491e-04 2.64073415e-04 2.24713459e-04 4.66336810e-04 1.34598062e-04 3.29518702e-03 4.98458520e-03 2.34911666e-04 6.83224490e-05 4.42574794e-05 1.34057381e-04 3.97227297e-05 6.93418551e-05 1.29029830e-04 7.52004329e-05 1.55317691e-04 1.91089446e-04 1.08245989e-04 7.50400009e-05 5.31220903e-06 9.10356466e-06 6.05854439e-06 2.60729398e-05 4.92272738e-06 1.76949605e-05 5.12019771e-05 3.92326911e-05 2.05222939e-05 5.22361318e-05 4.22946090e-05 1.42221063e-05 5.87935430e-05 7.31052493e-05 9.49421592e-06 4.95563782e-05 1.42057252e-04 2.99335254e-05 3.00687340e-04 4.33369558e-04 1.73347823e-05 2.37221692e-04 5.72544523e-05 3.98912380e-05 4.41961190e-04 6.25522638e-04 1.10166670e-04 3.51090797e-04 8.76175125e-05 2.95451977e-05 6.56977252e-05 3.51856823e-05 1.07534320e-06 1.76682796e-08 6.59486288e-10
 1993 04 02 12 00 00  3.75188077e-03 2.28249239e-03 1.26200138e-03 9.04776925e-04 6.57442564e-04 3.65578979e-04 2.64476223e-04 2.25128586e-04 4.67428828e-04 1.34658581e-04 3.30404243e-03 5.00582717e-03 2.35166256e-04 6.82286812e-05 4.42710825e-05 1.34323915e-04 3.98311415e-05 6.96392788e-05 1.28871498e-04 7.49626372e-05 1.55955182e-04 1.91905187e-04 1.08553348e-04 7.50830034e-05 5.32009690e-06 9.06307105e-06 6.06199646e-06 2.60935543e-05 4.91764586e-06 1.77052353e-05 5.13023095e-05 3.92784539e-05 2.06109573e-05 5.23090781e-05 4.19957592e-05 1.42388657e-05 5.89892048e-05 7.34408712e-05 9.46059663e-06 4.95465384e-05 1.42717392e-04 2.97340768e-05 3.01813566e-04 4.30611679e-04 1.72244671e-05 2.37634249e-04 5.78833220e-05 3.95057170e-05 4.43124240e-04 6.26364195e-04 1.09934123e-04 3.51100195e-04 8.53881376e-05 2.87360241e-05 6.38360914e-05 3.40068471e-05 1.02676318e-06 1.54895556e-08 4.71032457e-10
 1993 04 03 12 00 00  3.74773199e-03 2.27951380e-03 1.26013614e-03 9.03380305e-04 6.56198923e-04 3.65075076e-04 2.63960242e-04 2.24551860e-04 4.65935026e-04 1.34206401e-04 3.29209859e-03 4.98457253e-03 2.34523479e-04 6.80323842e-05 4.41684048e-05 1.33848762e-04 3.96940886e-05 6.93067443e-05 1.28420692e-04 7.47226062e-05 1.55278688e-04 1.91043916e-04 1.08184737e-04 7.48676217e-05 5.31040605e-06 9.00480009e-06 6.05839632e-06 2.60390844e-05 4.91257670e-06 1.76687370e-05 5.11094635e-05 3.92226619e-05 2.04970158e-05 5.20860769e-05 4.16972325e-05 1.42217948e-05 5.86215940e-05 7.29471443e-05 9.41216931e-06 4.91953009e-05 1.41635657e-04 2.95332487e-05 2.99649254e-04 4.27854785e-04 1.71141914e-05 2.35285951e-04 5.71586657e-05 3.91178444e-05 4.39398186e-04 6.22336756e-04 1.09095719e-04 3.46802415e-04 8.25224946e-05 2.76952785e-05 6.14386075e-05 3.24523552e-05 9.59932672e-07 1.22616431e-08 1.84955740e-10
 1993 04 04 12 00 00  3.74006878e-03 2.27478510e-03 1.25711478e-03 9.00999565e-04 6.54017206e-04 3.64084453e-04 2.62994146e-04 2.23493295e-04 4.63184806e-04 1.33535151e-04 3.27002183e-03 4.94206958e-03 2.33469053e-04 6.78143039e-05 4.40166169e-05 1.33020468e-04 3.94340575e-05 6.86589396e-05 1.27888573e-04 7.45300844e-05 1.53946300e-04 1.89343759e-04 1.07482159e-04 7.45689074e-05 5.29190984e-06 8.99129154e-06 6.05126843e-06 2.59523566e-05 4.90847524e-06 1.76108557e-05 5.07762272e-05 3.91160051e-05 2.02815630e-05 5.17545776e-05 4.14559094e-05 1.41878059e-05 5.79899232e-05 7.20516951e-05 9.40098762e-06 4.87630622e-05 1.39716525e-04 2.93718709e-05 2.96146684e-04 4.25627312e-04 1.70250925e-05 2.31753282e-04 5.57564315e-05 3.88059707e-05 4.33439946e-04 6.16279968e-04 1.08057770e-04 3.41992173e-04 8.15379100e-05 2.73383592e-05 6.06196230e-05 3.19593181e-05 9.41562791e-07 1.16000578e-08 1.32563605e-10
 1993 04 05 12 00 00  3.73294841e-03 2.26838971e-03 1.25321438e-03 8.98348295e-04 6.51800304e-04 3.63329388e-04 2.62145757e-04 2.22515774e-04 4.60637503e-04 1.32497892e-04 3.24970525e-03 4.91019152e-03 2.32162456e-04 6.72718542e-05 4.37858869e-05 1.32166488e-04 3.92360031e-05 6.81693724e-05 1.26738026e-04 7.37516035e-05 1.52943962e-04 1.88063827e-04 1.06894519e-04 7.42617121e-05 5.27784759e-06 9.03101609e-06 6.04590678e-06 2.58647993e-05 4.89112354e-06 1.75389524e-05 5.04350415e-05 3.90349451e-05 2.01172967e-05 5.14355355e-05 4.04400140e-05 1.41622819e-05 5.73389021e-05 7.12306692e-05 9.43409395e-06 4.82161021e-05 1.37865357e-04 2.87129951e-05 2.93250541e-04 4.16276206e-04 1.66510483e-05 2.26829627e-04 5.46946074e-05 3.75285745e-05 4.26037210e-04 6.08555336e-04 1.05924720e-04 3.39651281e-04 8.28492690e-05 2.78159437e-05 6.17262631e-05 3.27530163e-05 9.81354032e-07 1.39745918e-08 3.55526053e-10
 1993 04 06 12 00 00  3.72734133e-03 2.26514459e-03 1.25112222e-03 8.96653127e-04 6.50223442e-04 3.62585097e-04 2.61433353e-04 2.21740892e-04 4.58626246e-04 1.32051507e-04 3.23352691e-03 4.87831235e-03 2.31427285e-04 6.71519052e-05 4.36854380e-05 1.31568878e-04 3.90384288e-05 6.76803815e-05 1.26432748e-04 7.36798451e-05 1.51947471e-04 1.86784627e-04 1.06372328e-04 7.42150364e-05 5.26381555e-06 9.25252025e-06 6.04054731e-06 2.58168996e-05 4.88955193e-06 1.74981500e-05 5.01976449e-05 3.89540568e-05 1.99534494e-05 5.13370588e-05 4.03478218e-05 1.41367607e-05 5.69055482e-05 7.05830445e-05 9.61843180e-06 4.82257219e-05 1.36482363e-04 2.86524970e-05 2.91841034e-04 4.15426643e-04 1.66170657e-05 2.24564662e-04 5.36343781e-05 3.74114286e-05 4.21857250e-04 6.05067613e-04 1.05296473e-04 3.43351482e-04 9.19935677e-05 3.11405871e-05 6.94025751e-05 3.79376638e-05 1.21969047e-06 2.67189037e-08 1.51909259e-09
 1993 04 07 12 00 00  3.72095577e-03 2.26024808e-03 1.24808351e-03 8.94470065e-04 6.48329809e-04 3.61839499e-04 2.60653970e-04 2.20865108e-04 4.56343506e-04 1.31296295e-04 3.21524560e-03 4.84643653e-03 2.30395362e-04 6.68137916e-05 4.35176345e-05 1.30844256e-04 3.88452318e-05 6.71967631e-05 1.25696594e-04 7.32416811e-05 1.50950181e-04 1.85512419e-04 1.05818871e-04 7.39349393e-05 5.25005889e-06 9.23976186e-06 6.03521112e-06 2.57406992e-05 4.87966900e-06 1.74420417e-05 4.99052875e-05 3.88747023e-05 1.97934685e-05 5.10419854e-05 3.97699157e-05 1.41112891e-05 5.63486346e-05 6.98450908e-05 9.60784600e-06 4.77652801e-05 1.34860674e-04 2.82806839e-05 2.88972253e-04 4.10110896e-04 1.64044358e-05 2.20849443e-04 5.25888056e-05 3.66899592e-05 4.16067163e-04 5.99009469e-04 1.03896906e-04 3.39659434e-04 9.12425516e-05 3.08680881e-05 6.87760871e-05 3.75461157e-05 1.20394787e-06 2.60456375e-08 1.46183243e-09
 1993 04 08 12 00 00  3.71035671e-03 2.25491520e-03 1.24456673e-03 8.91479191e-04 6.45479633e-04 3.60374094e-04 2.59295551e-04 2.19408899e-04 4.52550773e-04 1.30622860e-04 3.18466852e-03 4.78268825e-03 2.29142943e-04 6.67350232e-05 4.33662256e-05 1.29770508e-04 3.84709623e-05 6.62443810e-05 1.25420899e-04 7.33630906e-05 1.48977360e-04 1.82987237e-04 1.04811795e-04 7.37239537e-05 5.22330811e-06 9.43631821e-06 6.02460095e-06 2.56455558e-05 4.88219557e-06 1.73759828e-05 4.94787243e-05 3.87202308e-05 1.94842054e-05 5.07484255e-05 3.99189361e-05 1.40604738e-05 5.55519320e-05 6.86302789e-05 9.77139789e-06 4.75927839e-05 1.32320678e-04 2.83819565e-05 2.85227530e-04 4.11488447e-04 1.64595379e-05 2.17232937e-04 5.05381904e-05 3.68853507e-05 4.09201924e-04 5.92935882e-04 1.03243242e-04 3.40003145e-04 9.95260823e-05 3.38793612e-05 7.57268277e-05 4.22168882e-05 1.41695973e-06 3.73087275e-08 2.48698733e-09
 1993 04 09 12 00 00  3.69812650e-03 2.24615883e-03 1.23908600e-03 8.87461261e-04 6.41950868e-04 3.58901079e-04 2.57793248e-04 2.17737262e-04 4.48183934e-04 1.29308081e-04 3.14965483e-03 4.71894294e-03 2.27271926e-04 6.61997446e-05 4.30739753e-05 1.28424863e-04 3.81005782e-05 6.52967661e-05 1.24236778e-04 7.27196108e-05 1.47001640e-04 1.80468242e-04 1.03736461e-04 7.31744577e-05 5.19680289e-06 9.35318967e-06 6.01401116e-06 2.55034313e-05 4.86753997e-06 1.72770560e-05 4.89405943e-05 3.85671214e-05 1.91783751e-05 5.01688342e-05 3.90628062e-05 1.40097036e-05 5.45150008e-05 6.72300843e-05 9.70222027e-06 4.67128810e-05 1.29282853e-04 2.78347463e-05 2.79474457e-04 4.03617921e-04 1.61447168e-05 2.10706250e-04 4.85005818e-05 3.58227961e-05 3.98907381e-04 5.82084016e-04 1.00969323e-04 3.31451795e-04 9.60725774e-05 3.26238036e-05 7.28281158e-05 4.02621348e-05 1.32731929e-06 3.25318169e-08 2.05125978e-09
 1993 04 10 12 00 00  3.67952807e-03 2.23251140e-03 1.23056987e-03 8.81272501e-04 6.36544774e-04 3.56687831e-04 2.55515677e-04 2.15194332e-04 4.41541989e-04 1.27239264e-04 3.09643045e-03 4.62332405e-03 2.24371033e-04 6.53263828e-05 4.26139186e-05 1.26361218e-04 3.75428237e-05 6.38726749e-05 1.22317973e-04 7.16372626e-05 1.44039227e-04 1.76686299e-04 1.02111417e-04 7.24390316e-05 5.15690699e-06 9.38419107e-06 5.99811538e-06 2.52951601e-05 4.84300508e-06 1.71231439e-05 4.81204815e-05 3.83366947e-05 1.87177007e-05 4.93740872e-05 3.76288837e-05 1.39335243e-05 5.29412490e-05 6.51074529e-05 9.72801136e-06 4.55432068e-05 1.24658075e-04 2.69153097e-05 2.71533670e-04 3.90432139e-04 1.56172856e-05 2.00589523e-04 4.54368710e-05 3.40380589e-05 3.82904145e-04 5.65653240e-04 9.73050494e-05 3.23386479e-04 9.74164612e-05 3.31122501e-05 7.39551304e-05 4.10143054e-05 1.36125162e-06 3.42981039e-08 2.21132055e-09
 1993 04 11 12 00 00  3.66246106e-03 2.22208973e-03 1.22390370e-03 8.76046471e-04 6.31770994e-04 3.54480176e-04 2.53372065e-04 2.12852375e-04 4.35437338e-04 1.25774399e-04 3.04736184e-03 4.52770218e-03 2.22051914e-04 6.48818163e-05 4.22861843e-05 1.24550991e-04 3.69797315e-05 6.24420354e-05 1.21244709e-04 7.12739478e-05 1.41062418e-04 1.72895841e-04 1.00549579e-04 7.16042447e-05 5.11667458e-06 9.09350420e-06 5.98219231e-06 2.50924318e-05 4.83467593e-06 1.69998334e-05 4.73865841e-05 3.81043967e-05 1.82523130e-05 4.84945047e-05 3.71426606e-05 1.38572868e-05 5.15307608e-05 6.31271915e-05 9.48614397e-06 4.42738525e-05 1.20441054e-04 2.66058982e-05 2.62494971e-04 3.85964030e-04 1.54385612e-05 1.92815295e-04 4.23552818e-05 3.34369717e-05 3.70102602e-04 5.51881837e-04 9.51605821e-05 3.05385862e-04 8.50984568e-05 2.86345074e-05 6.36202105e-05 3.40787421e-05 1.04562224e-06 1.76594156e-08 6.98155844e-10
 1993 04 12 12 00 00  3.65184981e-03 2.21398432e-03 1.21887060e-03 8.72427257e-04 6.28629816e-04 3.53239876e-04 2.52076587e-04 2.11397191e-04 4.31643251e-04 1.24525856e-04 3.01698531e-03 4.47457582e-03 2.20341748e-04 6.43238943e-05 4.20082618e-05 1.23349366e-04 3.66601540e-05 6.16389676e-05 1.20024310e-04 7.05530867e-05 1.39396700e-04 1.70779321e-04 9.96297415e-05 7.09573428e-05 5.09389902e-06 8.81247470e-06 5.97331091e-06 2.49496595e-05 4.81848110e-06 1.69072506e-05 4.68964851e-05 3.79729841e-05 1.79878130e-05 4.78497341e-05 3.61952698e-05 1.38148578e-05 5.05816579e-05 6.18905670e-05 9.25230779e-06 4.31765264e-05 1.17730810e-04 2.59947352e-05 2.56413290e-04 3.77247522e-04 1.50899009e-05 1.86509972e-04 4.06207429e-05 3.22513981e-05 3.60532950e-04 5.41078786e-04 9.28522782e-05 2.91404998e-04 7.32240296e-05 2.43179289e-05 5.36568696e-05 2.73878298e-05 7.40788232e-07 3.17866835e-09 1.00000000e-10
 1993 04 13 12 00 00  3.64672229e-03 2.20895341e-03 1.21583039e-03 8.70419674e-04 6.26985499e-04 3.52728953e-04 2.51474919e-04 2.10693403e-04 4.29810540e-04 1.23690704e-04 3.00238294e-03 4.45332080e-03 2.19331563e-04 6.38620440e-05 4.18235089e-05 1.22713208e-04 3.65226122e-05 6.13058393e-05 1.19059139e-04 6.98667020e-05 1.38717577e-04 1.69917274e-04 9.92187520e-05 7.06116944e-05 5.08417761e-06 8.68629795e-06 5.96970785e-06 2.48731158e-05 4.80308045e-06 1.68508300e-05 4.66339345e-05 3.79170204e-05 1.78734437e-05 4.75170557e-05 3.52942094e-05 1.37977811e-05 5.00774565e-05 6.12878513e-05 9.14731136e-06 4.25362220e-05 1.16353654e-04 2.54129700e-05 2.53534649e-04 3.68956691e-04 1.47582677e-05 1.82478970e-04 3.98944510e-05 3.11229582e-05 3.54752861e-04 5.34516016e-04 9.10641937e-05 2.85167340e-04 6.79434690e-05 2.23982222e-05 4.92252905e-05 2.44047853e-05 6.04379164e-07 1.00000000e-10 1.00000000e-10
 1993 04 14 12 00 00  3.64688169e-03 2.20937413e-03 1.21607009e-03 8.70513735e-04 6.27023083e-04 3.52715986e-04 2.51481396e-04 2.10707183e-04 4.29859706e-04 1.23768333e-04 3.00274894e-03 4.45331372e-03 2.19402932e-04 6.39161241e-05 4.18402973e-05 1.22728222e-04 3.65070766e-05 6.12867996e-05 1.19158546e-04 6.99601427e-05 1.38695947e-04 1.69892582e-04 9.92175945e-05 7.05606859e-05 5.08319972e-06 8.59951324e-06 5.96962709e-06 2.48663853e-05 4.80527196e-06 1.68519596e-05 4.66289797e-05 3.79115809e-05 1.78597358e-05 4.74717992e-05 3.54218268e-05 1.37976138e-05 5.00777489e-05 6.12812815e-05 9.07510839e-06 4.24575325e-05 1.16344663e-04 2.54929473e-05 2.53074061e-04 3.70127941e-04 1.48051177e-05 1.82656262e-04 3.98425036e-05 3.12785967e-05 3.54959527e-04 5.34517033e-04 9.12341582e-05 2.82252630e-04 6.42206687e-05 2.10450489e-05 4.61026076e-05 2.23154253e-05 5.09741227e-07 1.00000000e-10 1.00000000e-10
 1993 04 15 12 00 00  3.64738987e-03 2.21054183e-03 1.21673746e-03 8.70824905e-04 6.27198943e-04 3.52702729e-04 2.51517086e-04 2.10765161e-04 4.30029016e-04 1.23985322e-04 3.00405027e-03 4.45330553e-03 2.19607603e-04 6.40675100e-05 4.18871625e-05 1.22798748e-04 3.64886306e-05 6.12641859e-05 1.19446752e-04 7.02174671e-05 1.38671211e-04 1.69863260e-04 9.92299461e-05 7.05506763e-05 5.08203848e-06 8.52831508e-06 5.96953105e-06 2.48662256e-05 4.81123352e-06 1.68597837e-05 4.66457022e-05 3.79051256e-05 1.78434537e-05 4.74603966e-05 3.57695069e-05 1.37974130e-05 5.01234766e-05 6.13094033e-05 9.01586827e-06 4.24731011e-05 1.16431029e-04 2.57126114e-05 2.52807369e-04 3.73320945e-04 1.49328378e-05 1.83421768e-04 3.97808093e-05 3.17056663e-05 3.55874985e-04 5.35382714e-04 9.17471958e-05 2.79879775e-04 6.12041120e-05 1.99484927e-05 4.35716786e-05 2.06168993e-05 4.32438600e-07 1.00000000e-10 1.00000000e-10
 1993 04 16 12 00 00  3.65213632e-03 2.21218508e-03 1.21790643e-03 8.71962333e-04 6.28348401e-04 3.53410791e-04 2.52135418e-04 2.11408733e-04 4.31719967e-04 1.24128557e-04 3.01772692e-03 4.48516905e-03 2.20041713e-04 6.39677212e-05 4.19200866e-05 1.23225091e-04 3.66527034e-05 6.17120997e-05 1.19298732e-04 6.99280121e-05 1.39631632e-04 1.71089193e-04 9.96977465e-05 7.06913343e-05 5.09396159e-06 8.55099352e-06 5.97471662e-06 2.49057148e-05 4.80496092e-06 1.68783287e-05 4.68074852e-05 3.79742880e-05 1.79777344e-05 4.76337452e-05 3.54011310e-05 1.38225689e-05 5.04448329e-05 6.18344419e-05 9.03473920e-06 4.26043128e-05 1.17476630e-04 2.54691055e-05 2.54975431e-04 3.69924416e-04 1.47969766e-05 1.84335021e-04 4.07289946e-05 3.12345132e-05 3.57939772e-04 5.37290424e-04 9.15445563e-05 2.83118221e-04 6.21568306e-05 2.02948385e-05 4.43711653e-05 2.11545561e-05 4.56988533e-07 1.00000000e-10 1.00000000e-10
 1993 04 17 12 00 00  3.66019233e-03 2.21795114e-03 1.22151680e-03 8.74570104e-04 6.30616347e-04 3.54371051e-04 2.53116674e-04 2.12499180e-04 4.34586484e-04 1.24989922e-04 3.04070032e-03 4.52765524e-03 2.21269137e-04 6.43123484e-05 4.21113011e-05 1.24088225e-04 3.68763198e-05 6.23152824e-05 1.20053773e-04 7.03408034e-05 1.40920433e-04 1.72731484e-04 1.00398401e-04 7.10699322e-05 5.11016551e-06 8.64019967e-06 5.98165570e-06 2.49949500e-05 4.81449424e-06 1.69390914e-05 4.71416535e-05 3.80682060e-05 1.81610580e-05 4.80272318e-05 3.59572179e-05 1.38561620e-05 5.11095843e-05 6.27300530e-05 9.10896779e-06 4.32178527e-05 1.19403882e-04 2.58212240e-05 2.58829761e-04 3.75032362e-04 1.50012945e-05 1.88496801e-04 4.20094788e-05 3.19189363e-05 3.64399841e-04 5.44226525e-04 9.29828178e-05 2.89602649e-04 6.59115940e-05 2.16597991e-05 4.75218785e-05 2.32724269e-05 5.53621055e-07 1.00000000e-10 1.00000000e-10
 1993 04 18 12 00 00  3.66952624e-03 2.22358792e-03 1.22512936e-03 8.77368537e-04 6.33154044e-04 3.55571859e-04 2.54280619e-04 2.13767328e-04 4.37912962e-04 1.25772823e-04 3.06743494e-03 4.58076671e-03 2.22521215e-04 6.45348523e-05 4.22860202e-05 1.25048016e-04 3.71619157e-05 6.30766968e-05 1.20587738e-04 7.05068698e-05 1.42540145e-04 1.74794005e-04 1.01245648e-04 7.15190814e-05 5.13080231e-06 8.80627267e-06 5.99036066e-06 2.50981806e-05 4.81850038e-06 1.70008163e-05 4.75177027e-05 3.81877180e-05 1.83955694e-05 4.84998690e-05 3.61899001e-05 1.38982214e-05 5.18540914e-05 6.37803867e-05 9.24717169e-06 4.38997651e-05 1.21618384e-04 2.59643013e-05 2.63684206e-04 3.77164330e-04 1.50865732e-05 1.92513581e-04 4.36303846e-05 3.21979343e-05 3.70965631e-04 5.51328146e-04 9.40474646e-05 2.99277398e-04 7.27841185e-05 2.41584400e-05 5.32908268e-05 2.71664858e-05 7.32462419e-07 2.96615781e-09 1.00000000e-10
 1993 04 19 12 00 00  3.67760182e-03 2.22939426e-03 1.22876250e-03 8.79987921e-04 6.35429392e-04 3.56532671e-04 2.55263559e-04 2.14860084e-04 4.40785581e-04 1.26641529e-04 3.09046146e-03 4.62325290e-03 2.23755433e-04 6.48836542e-05 4.24785458e-05 1.25914181e-04 3.73860152e-05 6.36804674e-05 1.21349238e-04 7.09268497e-05 1.43829902e-04 1.76437055e-04 1.01947394e-04 7.19092653e-05 5.14703606e-06 8.91097443e-06 5.99730229e-06 2.51888400e-05 4.82824034e-06 1.70620192e-05 4.78545022e-05 3.82818078e-05 1.85793207e-05 4.89033932e-05 3.67577974e-05 1.39318203e-05 5.25234638e-05 6.46793352e-05 9.33432457e-06 4.45354088e-05 1.23553821e-04 2.63228838e-05 2.67628485e-04 3.82379557e-04 1.52951823e-05 1.96718548e-04 4.49124782e-05 3.28951428e-05 3.77467342e-04 5.58351459e-04 9.55017722e-05 3.06093932e-04 7.69778995e-05 2.56835117e-05 5.68136261e-05 2.95639300e-05 8.43966072e-07 7.31612744e-09 1.00000000e-10
 1993 04 20 12 00 00  3.68765700e-03 2.23652942e-03 1.23323451e-03 8.83240774e-04 6.38271199e-04 3.57739689e-04 2.56492361e-04 2.16224415e-04 4.44366231e-04 1.27705096e-04 3.11916957e-03 4.67636436e-03 2.25278513e-04 6.53049671e-05 4.27146075e-05 1.26995910e-04 3.76730604e-05 6.44436572e-05 1.22276565e-04 7.14257534e-05 1.45450858e-04 1.78501860e-04 1.02826453e-04 7.23976604e-05 5.16776381e-06 9.04618282e-06 6.00601488e-06 2.53035205e-05 4.83975818e-06 1.71386842e-05 4.82783963e-05 3.84018349e-05 1.88151142e-05 4.94094961e-05 3.74297029e-05 1.39738928e-05 5.33604989e-05 6.58076577e-05 9.44686981e-06 4.53264076e-05 1.25983496e-04 2.67484313e-05 2.72600903e-04 3.88551539e-04 1.55420616e-05 2.01926135e-04 4.65382269e-05 3.37222737e-05 3.85571993e-04 5.67101447e-04 9.72771325e-05 3.14817899e-04 8.23917937e-05 2.76522844e-05 6.13613603e-05 3.26591397e-05 9.87940166e-07 1.51407821e-08 4.82334972e-10
 1993 04 21 12 00 00  3.69811064e-03 2.24449214e-03 1.23818149e-03 8.86745311e-04 6.41281880e-04 3.58949892e-04 2.57757109e-04 2.17642191e-04 4.48088036e-04 1.28923859e-04 3.14896834e-03 4.72947657e-03 2.26951707e-04 6.58370755e-05 4.29848362e-05 1.28145289e-04 3.79605975e-05 6.52074523e-05 1.23424068e-04 7.21099961e-05 1.47069905e-04 1.80567483e-04 1.03722941e-04 7.28450927e-05 5.18852321e-06 9.07601570e-06 6.01473039e-06 2.54187311e-05 4.85542005e-06 1.72235804e-05 4.87253703e-05 3.85220337e-05 1.90513412e-05 4.98810804e-05 3.83441424e-05 1.40159740e-05 5.42390736e-05 6.69743278e-05 9.47173539e-06 4.60630698e-05 1.28523276e-04 2.73309386e-05 2.77186530e-04 3.96955561e-04 1.58782225e-05 2.07732866e-04 4.81656374e-05 3.48537811e-05 3.94527334e-04 5.76492236e-04 9.94477527e-05 3.20314691e-04 8.33526541e-05 2.80022954e-05 6.21727508e-05 3.32452871e-05 1.01760924e-06 1.69306553e-08 6.50833032e-10
 1993 04 22 12 00 00  3.70655432e-03 2.25104901e-03 1.24224572e-03 8.89598255e-04 6.43717931e-04 3.59915857e-04 2.58774482e-04 2.18785492e-04 4.51092164e-04 1.29933525e-04 3.17301337e-03 4.77196462e-03 2.28322851e-04 6.62867508e-05 4.32084522e-05 1.29075842e-04 3.81876103e-05 6.58147968e-05 1.24386920e-04 7.26981962e-05 1.48360040e-04 1.82215160e-04 1.04442048e-04 7.31725317e-05 5.20494032e-06 9.04859189e-06 6.02168693e-06 2.55082329e-05 4.86890494e-06 1.72927278e-05 4.90844265e-05 3.86171392e-05 1.92376610e-05 5.02321344e-05 3.91313573e-05 1.40496049e-05 5.49449735e-05 6.79099746e-05 9.44896092e-06 4.66019702e-05 1.30564762e-04 2.78318679e-05 2.80609080e-04 4.04189654e-04 1.61675862e-05 2.12473327e-04 4.94574662e-05 3.58269433e-05 4.01835929e-04 5.84015228e-04 1.01265444e-04 3.23035172e-04 8.18874525e-05 2.74704037e-05 6.09486450e-05 3.24654166e-05 9.85109733e-07 1.54430538e-08 5.21264365e-10
 1993 04 23 12 00 00  3.72245476e-03 2.26197299e-03 1.24912145e-03 8.94694218e-04 6.48222654e-04 3.61860893e-04 2.60733023e-04 2.20952979e-04 4.56765572e-04 1.31545040e-04 3.21851463e-03 4.85695004e-03 2.30677696e-04 6.69011405e-05 4.35675443e-05 1.30789554e-04 3.86634900e-05 6.70562556e-05 1.25765057e-04 7.33925379e-05 1.50970487e-04 1.85545265e-04 1.05849053e-04 7.38338628e-05 5.23915078e-06 9.11418101e-06 6.03571316e-06 2.56828617e-05 4.88475744e-06 1.74139115e-05 4.97579109e-05 3.88149958e-05 1.96295849e-05 5.09429253e-05 4.00571473e-05 1.41171025e-05 5.62557686e-05 6.97084621e-05 9.50357498e-06 4.76311892e-05 1.34435377e-04 2.84226408e-05 2.87809332e-04 4.12699256e-04 1.65079702e-05 2.20427260e-04 5.21142152e-05 3.69742920e-05 4.14557843e-04 5.97235156e-04 1.03916172e-04 3.32602714e-04 8.43863456e-05 2.83794527e-05 6.30500634e-05 3.39141384e-05 1.05380781e-06 1.92733488e-08 8.74892248e-10
 1993 04 24 12 00 00  3.73161079e-03 2.26721965e-03 1.25251005e-03 8.97380963e-04 6.50690749e-04 3.63063973e-04 2.61882632e-04 2.22198651e-04 4.60029819e-04 1.32254816e-04 3.24477802e-03 4.91006337e-03 2.31859554e-04 6.70705117e-05 4.37258772e-05 1.31721547e-04 3.89529654e-05 6.78224314e-05 1.26192131e-04 7.34693022e-05 1.52593882e-04 1.87613951e-04 1.06690638e-04 7.42377192e-05 5.26003096e-06 9.23810148e-06 6.04443849e-06 2.57810310e-05 4.88679616e-06 1.74724953e-05 5.01249166e-05 3.89358756e-05 1.98675247e-05 5.13777123e-05 4.01744997e-05 1.41592041e-05 5.69755700e-05 7.07421635e-05 9.60672041e-06 4.82190992e-05 1.36604717e-04 2.84903159e-05 2.92403720e-04 4.13768934e-04 1.65507573e-05 2.24125656e-04 5.37481043e-05 3.71072354e-05 4.20774138e-04 6.03795799e-04 1.04797825e-04 3.40897723e-04 8.93716269e-05 3.01923001e-05 6.72373343e-05 3.67606270e-05 1.18597223e-06 2.64384340e-08 1.53151856e-09
 1993 04 25 12 00 00  3.74304908e-03 2.27442501e-03 1.25709918e-03 9.00892746e-04 6.53853809e-04 3.64515340e-04 2.63305376e-04 2.23756591e-04 4.64109626e-04 1.33277687e-04 3.27755112e-03 4.97380048e-03 2.33444734e-04 6.73973532e-05 4.39539362e-05 1.32920566e-04 3.93053808e-05 6.87480264e-05 1.26953802e-04 7.37669994e-05 1.54543532e-04 1.90104384e-04 1.07722579e-04 7.46254403e-05 5.28540659e-06 9.19603335e-06 6.05493551e-06 2.58959567e-05 4.89376653e-06 1.75527582e-05 5.05924570e-05 3.90826957e-05 2.01575036e-05 5.18185079e-05 4.05805389e-05 1.42097808e-05 5.78820540e-05 7.20280689e-05 9.57176453e-06 4.87688465e-05 1.39340191e-04 2.87450530e-05 2.97137458e-04 4.17495746e-04 1.66998299e-05 2.29204430e-04 5.57256397e-05 3.76028707e-05 4.29238758e-04 6.12208543e-04 1.06302776e-04 3.44999281e-04 8.72687915e-05 2.94286610e-05 6.54785435e-05 3.56242871e-05 1.13741926e-06 2.41173055e-08 1.32646960e-09
 1993 04 26 12 00 00  3.74596251e-03 2.27782617e-03 1.25912366e-03 9.02103540e-04 6.54768066e-04 3.64748981e-04 2.63623351e-04 2.24140956e-04 4.65134720e-04 1.33858548e-04 3.28568228e-03 4.98441570e-03 2.34100398e-04 6.77398913e-05 4.40809858e-05 1.33275646e-04 3.93474504e-05 6.88818574e-05 1.27639681e-04 7.43027253e-05 1.54847487e-04 1.90492966e-04 1.07929329e-04 7.47601689e-05 5.28858618e-06 9.17242069e-06 6.05659734e-06 2.59279808e-05 4.90606544e-06 1.75843904e-05 5.07232450e-05 3.91013338e-05 2.01911243e-05 5.19489770e-05 4.12983849e-05 1.42180288e-05 5.81513510e-05 7.23291410e-05 9.55217256e-06 4.90484022e-05 1.40040393e-04 2.92014243e-05 2.98133206e-04 4.24091839e-04 1.69636735e-05 2.31690977e-04 5.59994893e-05 3.84895568e-05 4.32634520e-04 6.15848121e-04 1.07556574e-04 3.44867536e-04 8.58751670e-05 2.89230047e-05 6.43160422e-05 3.48980999e-05 1.10825019e-06 2.28722094e-08 1.22065069e-09
 1993 04 27 12 00 00  3.74808834e-03 2.27680562e-03 1.25868592e-03 9.02198861e-04 6.55075348e-04 3.65207687e-04 2.63937679e-04 2.24425573e-04 4.65886830e-04 1.33555523e-04 3.29192090e-03 5.00565507e-03 2.34001211e-04 6.73832653e-05 4.40136297e-05 1.33376282e-04 3.94500385e-05 6.91721390e-05 1.26948529e-04 7.36269401e-05 1.55476333e-04 1.91299448e-04 1.08192908e-04 7.46936396e-05 5.29610734e-06 9.09240771e-06 6.06001922e-06 2.59271551e-05 4.89134763e-06 1.75744040e-05 5.07576703e-05 3.91450623e-05 2.02746465e-05 5.19275523e-05 4.04345832e-05 1.42347257e-05 5.82150187e-05 7.25531071e-05 9.48565721e-06 4.87900168e-05 1.40396994e-04 2.86323193e-05 2.98679507e-04 4.16129568e-04 1.66451827e-05 2.30479103e-04 5.66088827e-05 3.73880292e-05 4.31727117e-04 6.14227582e-04 1.06380856e-04 3.43486621e-04 8.20628933e-05 2.75382086e-05 6.11247615e-05 3.28143637e-05 1.01758323e-06 1.84064952e-08 8.22480750e-10
 1993 04 28 12 00 00  3.74678936e-03 2.27703707e-03 1.25873766e-03 9.01979577e-04 6.54741882e-04 3.64945376e-04 2.63739507e-04 2.24230718e-04 4.65402879e-04 1.33649859e-04 3.28798255e-03 4.99501973e-03 2.33984213e-04 6.75089196e-05 4.40315179e-05 1.33254394e-04 3.93642753e-05 6.89847511e-05 1.27153468e-04 7.38856033e-05 1.55115591e-04 1.90841421e-04 1.08033088e-04 7.46163807e-05 5.29017743e-06 9.01896565e-06 6.05813002e-06 2.59066087e-05 4.89755039e-06 1.75695848e-05 5.06977817e-05 3.91111302e-05 2.02024661e-05 5.18393569e-05 4.07950254e-05 1.42260018e-05 5.81157597e-05 7.23658668e-05 9.42462648e-06 4.87176882e-05 1.40027302e-04 2.88548617e-05 2.97574535e-04 4.19433256e-04 1.67773302e-05 2.30537335e-04 5.61889145e-05 3.78217897e-05 4.31352053e-04 6.13801143e-04 1.06734993e-04 3.39619320e-04 7.84248443e-05 2.62169940e-05 5.80814518e-05 3.08442529e-05 9.33117039e-07 1.43453414e-08 4.63070648e-10
 1993 04 29 12 00 00  3.74701123e-03 2.27765014e-03 1.25908484e-03 9.02104494e-04 6.54779772e-04 3.64924398e-04 2.63745467e-04 2.24245844e-04 4.65464972e-04 1.33761590e-04 3.28846621e-03 4.99500856e-03 2.34084515e-04 6.75814188e-05 4.40541687e-05 1.33269835e-04 3.93395167e-05 6.89544016e-05 1.27274576e-04 7.40129733e-05 1.55081689e-04 1.90802068e-04 1.08029826e-04 7.45488209e-05 5.28861856e-06 8.90687515e-06 6.05800124e-06 2.58967572e-05 4.90078783e-06 1.75705903e-05 5.06909978e-05 3.91024660e-05 2.01806179e-05 5.17785755e-05 4.09820990e-05 1.42257326e-05 5.81152611e-05 7.23526636e-05 9.33143019e-06 4.86153390e-05 1.40003688e-04 2.89659569e-05 2.96965447e-04 4.21142456e-04 1.68456983e-05 2.30780244e-04 5.61061199e-05 3.80392768e-05 4.31593249e-04 6.13770971e-04 1.06959385e-04 3.35472690e-04 7.31789460e-05 2.43112355e-05 5.36886257e-05 2.79643859e-05 8.06952602e-07 8.06367666e-09 1.00000000e-10
 1993 04 30 12 00 00  3.73761742e-03 2.27217733e-03 1.25555757e-03 8.99239304e-04 6.52110200e-04 3.63679979e-04 2.62549480e-04 2.22941954e-04 4.62086049e-04 1.33003292e-04 3.26133306e-03 4.94187661e-03 2.32841526e-04 6.73627433e-05 4.38811889e-05 1.32257700e-04 3.90063506e-05 6.81346748e-05 1.26706799e-04 7.38648931e-05 1.53405962e-04 1.88663945e-04 1.07155363e-04 7.41867537e-05 5.26498734e-06 8.88414943e-06 6.04904999e-06 2.57891661e-05 4.89791855e-06 1.75008365e-05 5.02811719e-05 3.89662950e-05 1.99041227e-05 5.13718490e-05 4.08114487e-05 1.41831566e-05 5.73437475e-05 7.12427189e-05 9.31257891e-06 4.81082282e-05 1.37633083e-04 2.88441981e-05 2.92585379e-04 4.19557730e-04 1.67823092e-05 2.26653398e-04 5.43261296e-05 3.78054945e-05 4.24458282e-04 6.06562308e-04 1.05843452e-04 3.29289701e-04 7.18111783e-05 2.38150057e-05 5.25480192e-05 2.72545032e-05 7.78641646e-07 6.87256652e-09 1.00000000e-10
 1993 05 01 12 00 00  3.72539368e-03 2.26356846e-03 1.25015527e-03 8.95207229e-04 6.48528386e-04 3.62188802e-04 2.61034655e-04 2.21256210e-04 4.57701945e-04 1.31711976e-04 3.22622316e-03 4.87812161e-03 2.30984575e-04 6.68316523e-05 4.35906196e-05 1.30891437e-04 3.86160595e-05 6.71626534e-05 1.25499855e-04 7.32350745e-05 1.51406158e-04 1.86113296e-04 1.06069953e-04 7.36590240e-05 5.23722847e-06 8.83652101e-06 6.03835688e-06 2.56439311e-05 4.88417754e-06 1.73990207e-05 4.97335382e-05 3.88062181e-05 1.95807239e-05 5.08061805e-05 4.00051009e-05 1.41321696e-05 5.62979515e-05 6.98191853e-05 9.27298170e-06 4.72751953e-05 1.34534709e-04 2.83136003e-05 2.86919674e-04 4.12125955e-04 1.64850382e-05 2.20115094e-04 5.22219343e-05 3.67783621e-05 4.13966626e-04 5.95637141e-04 1.03560265e-04 3.21391490e-04 6.95685661e-05 2.30003275e-05 5.06703052e-05 2.60251988e-05 7.24911627e-07 4.74225033e-09 1.00000000e-10
 1993 05 02 12 00 00  3.71549635e-03 2.25696295e-03 1.24598059e-03 8.92032759e-04 6.45677561e-04 3.60953301e-04 2.59801287e-04 2.19893177e-04 4.54154203e-04 1.30743132e-04 3.19778241e-03 4.82499562e-03 2.29542412e-04 6.64669333e-05 4.33724317e-05 1.29806532e-04 3.82964878e-05 6.63595973e-05 1.24654048e-04 7.28392100e-05 1.49747962e-04 1.83996798e-04 1.05180844e-04 7.32746948e-05 5.21445290e-06 8.83843750e-06 6.02947548e-06 2.55323773e-05 4.87553953e-06 1.73208987e-05 4.93014112e-05 3.86748026e-05 1.93162283e-05 5.03826785e-05 3.94982257e-05 1.40897420e-05 5.54727823e-05 6.86733932e-05 9.27460133e-06 4.66955611e-05 1.32060344e-04 2.79800908e-05 2.82545153e-04 4.07454253e-04 1.62981701e-05 2.15190608e-04 5.04874217e-05 3.61327606e-05 4.05889106e-04 5.87406637e-04 1.01942730e-04 3.16239785e-04 6.94791210e-05 2.29682220e-05 5.05981958e-05 2.60002337e-05 7.25459867e-07 4.83902056e-09 1.00000000e-10
 1993 05 03 12 00 00  3.71320873e-03 2.25500387e-03 1.24477921e-03 8.91202543e-04 6.44975408e-04 3.60703627e-04 2.59526561e-04 2.19578838e-04 4.53334774e-04 1.30429533e-04 3.19124847e-03 4.81436998e-03 2.29137794e-04 6.63077064e-05 4.33022045e-05 1.29536719e-04 3.82320839e-05 6.61983853e-05 1.24311789e-04 7.26159371e-05 1.49417230e-04 1.83572706e-04 1.04989483e-04 7.32173207e-05 5.20986760e-06 8.90382507e-06 6.02769651e-06 2.55085183e-05 4.87062280e-06 1.72988749e-05 4.91968884e-05 3.86483502e-05 1.92628970e-05 5.03143421e-05 3.92099697e-05 1.40812524e-05 5.52738847e-05 6.84135304e-05 9.32902403e-06 4.65993284e-05 1.31478150e-04 2.77916115e-05 2.81885439e-04 4.04799044e-04 1.61919617e-05 2.13730786e-04 5.01388742e-05 3.57676588e-05 4.03612046e-04 5.85207624e-04 1.01311598e-04 3.17132741e-04 7.21342336e-05 2.39336643e-05 5.28278514e-05 2.75123953e-05 7.95418788e-07 8.13719989e-09 1.00000000e-10
 1993 05 04 12 00 00  3.70952606e-03 2.25290102e-03 1.24342014e-03 8.90111077e-04 6.43965368e-04 3.60216615e-04 2.59061364e-04 2.19074139e-04 4.52017650e-04 1.30143994e-04 3.18065676e-03 4.79312241e-03 2.28661479e-04 6.62367848e-05 4.32379671e-05 1.29154860e-04 3.81100836e-05 6.58843026e-05 1.24129591e-04 7.25814956e-05 1.48762941e-04 1.82735369e-04 1.04648760e-04 7.31323759e-05 5.20112408e-06 8.96696074e-06 6.02417422e-06 2.54745582e-05 4.86982899e-06 1.72741317e-05 4.90477769e-05 3.85978259e-05 1.91622385e-05 5.02044065e-05 3.91636509e-05 1.40643431e-05 5.49906249e-05 6.79955975e-05 9.38157100e-06 4.65059455e-05 1.30594829e-04 2.77622457e-05 2.80584335e-04 4.04373456e-04 1.61749382e-05 2.12277801e-04 4.94645501e-05 3.57105833e-05 4.01023915e-04 5.82825081e-04 1.00939260e-04 3.17109333e-04 7.46981561e-05 2.48659479e-05 5.49809230e-05 2.89725715e-05 8.62969540e-07 1.17811480e-08 2.58602917e-10
 1993 05 05 12 00 00  3.69971560e-03 2.24638261e-03 1.23929925e-03 8.87003037e-04 6.41188719e-04 3.58994956e-04 2.57844791e-04 2.17732667e-04 4.48513028e-04 1.29194078e-04 3.15253177e-03 4.74000201e-03 2.27243186e-04 6.58927850e-05 4.30259312e-05 1.28099331e-04 3.78050725e-05 6.50990813e-05 1.23345135e-04 7.22159690e-05 1.47126109e-04 1.80641972e-04 1.03770940e-04 7.28444340e-05 5.17926528e-06 9.09049777e-06 6.01536849e-06 2.53764820e-05 4.86151184e-06 1.71999517e-05 4.86339424e-05 3.84715066e-05 1.89105893e-05 4.98656576e-05 3.86777829e-05 1.40220742e-05 5.41996000e-05 6.68839969e-05 9.48438174e-06 4.61024823e-05 1.28204787e-04 2.74514809e-05 2.76932617e-04 3.99906600e-04 1.59962640e-05 2.07611972e-04 4.77787020e-05 3.51071940e-05 3.93277893e-04 5.75313793e-04 9.94140563e-05 3.15982230e-04 7.97899786e-05 2.67172294e-05 5.92554698e-05 3.18607927e-05 9.95822325e-07 1.88912029e-08 9.07910636e-10
 1993 05 06 12 00 00  3.69206734e-03 2.24158574e-03 1.23624214e-03 8.84642401e-04 6.39050872e-04 3.58019004e-04 2.56889308e-04 2.16685953e-04 4.45779594e-04 1.28512356e-04 3.13057730e-03 4.69750650e-03 2.26183957e-04 6.56728971e-05 4.28733707e-05 1.27288388e-04 3.75610631e-05 6.44709158e-05 1.22826387e-04 7.20162352e-05 1.45815516e-04 1.78967280e-04 1.03077308e-04 7.25973438e-05 5.16177788e-06 9.14283519e-06 6.00832391e-06 2.52986088e-05 4.85695564e-06 1.71446933e-05 4.83146744e-05 3.83704581e-05 1.87092737e-05 4.95806471e-05 3.84116487e-05 1.39882584e-05 5.35881489e-05 6.60138991e-05 9.52796181e-06 4.57595836e-05 1.26347574e-04 2.72815698e-05 2.73849216e-04 3.97460311e-04 1.58984125e-05 2.04183273e-04 4.64300392e-05 3.47772235e-05 3.87504099e-04 5.69638230e-04 9.83910574e-05 3.13566541e-04 8.17763223e-05 2.74398448e-05 6.09260102e-05 3.30136292e-05 1.05057089e-06 2.19496222e-08 1.19041701e-09
 1993 05 07 12 00 00  3.68046424e-03 2.23413252e-03 1.23150812e-03 8.81017713e-04 6.35783975e-04 3.56551974e-04 2.55443087e-04 2.15097122e-04 4.41631864e-04 1.27441168e-04 3.09727713e-03 4.63376231e-03 2.24547465e-04 6.53078677e-05 4.26336995e-05 1.26047886e-04 3.71926260e-05 6.35256874e-05 1.21977139e-04 7.16582814e-05 1.43848897e-04 1.76451385e-04 1.02029976e-04 7.22808753e-05 5.13539453e-06 9.31169052e-06 5.99774430e-06 2.51846957e-05 4.84884367e-06 1.70587869e-05 4.78282334e-05 3.82180297e-05 1.84051562e-05 4.91981665e-05 3.79375328e-05 1.39375101e-05 5.26616290e-05 6.46962292e-05 9.66848165e-06 4.53383630e-05 1.23523894e-04 2.69775104e-05 2.69622755e-04 3.93100423e-04 1.57240169e-05 1.98876479e-04 4.43989295e-05 3.41870211e-05 3.78544143e-04 5.61077185e-04 9.67278586e-05 3.12871128e-04 8.87780478e-05 2.99854246e-05 6.68031673e-05 3.69787565e-05 1.23253531e-06 3.16563913e-08 2.07607300e-09
 1993 05 08 12 00 00  3.67072956e-03 2.22780535e-03 1.22749677e-03 8.77955981e-04 6.33029326e-04 3.55325151e-04 2.54230502e-04 2.13763354e-04 4.38152350e-04 1.26526902e-04 3.06933395e-03 4.58063968e-03 2.23162608e-04 6.49900687e-05 4.24297569e-05 1.25001087e-04 3.68813024e-05 6.27327419e-05 1.21243322e-04 7.13374466e-05 1.42201001e-04 1.74347987e-04 1.01152175e-04 7.19090676e-05 5.11313810e-06 9.31046743e-06 5.98890583e-06 2.50782971e-05 4.84151096e-06 1.69853233e-05 4.74097587e-05 3.80895042e-05 1.81479409e-05 4.87879047e-05 3.75093223e-05 1.38951713e-05 5.18626151e-05 6.35787295e-05 9.66748703e-06 4.47880373e-05 1.21125595e-04 2.67044612e-05 2.65332013e-04 3.89164645e-04 1.55665858e-05 1.94242201e-04 4.26919956e-05 3.36566882e-05 3.70910264e-04 5.53319802e-04 9.52861887e-05 3.07749471e-04 8.85565987e-05 2.99053314e-05 6.66202845e-05 3.68793125e-05 1.22968393e-06 3.16323607e-08 2.07708730e-09
 1993 05 09 12 00 00  3.66567416e-03 2.22566735e-03 1.22604145e-03 8.76613551e-04 6.31701070e-04 3.54590836e-04 2.53571491e-04 2.13066348e-04 4.36341125e-04 1.26289105e-04 3.05469721e-03 4.54876460e-03 2.22631342e-04 6.50215053e-05 4.23759087e-05 1.24502962e-04 3.66905297e-05 6.22520922e-05 1.21245088e-04 7.15172209e-05 1.41207627e-04 1.73079620e-04 1.00657281e-04 7.17542475e-05 5.09953388e-06 9.31214527e-06 5.98358165e-06 2.50279582e-05 4.84543816e-06 1.69568097e-05 4.72061507e-05 3.80109937e-05 1.79900977e-05 4.85992285e-05 3.77397519e-05 1.38697244e-05 5.14833355e-05 6.29882771e-05 9.66890220e-06 4.46259216e-05 1.19907913e-04 2.68559554e-05 2.63040252e-04 3.91288329e-04 1.56515332e-05 1.92771498e-04 4.16545226e-05 3.39499791e-05 3.67967440e-04 5.50545519e-04 9.52060160e-05 3.04807386e-04 8.84975947e-05 2.98841942e-05 6.65730151e-05 3.68654476e-05 1.23033701e-06 3.17636328e-08 2.09147935e-09
 1993 05 10 12 00 00  3.67122858e-03 2.22893214e-03 1.22814296e-03 8.78267280e-04 6.33214269e-04 3.55313686e-04 2.54267968e-04 2.13823823e-04 4.38324658e-04 1.26737720e-04 3.07063166e-03 4.58063260e-03 2.23363816e-04 6.51428430e-05 4.24769078e-05 1.25074904e-04 3.68647976e-05 6.27125148e-05 1.21547791e-04 7.15952425e-05 1.42182609e-04 1.74321759e-04 1.01165171e-04 7.20069690e-05 5.11209983e-06 9.39305537e-06 5.98881998e-06 2.50886894e-05 4.84722186e-06 1.69933736e-05 4.74293199e-05 3.80837242e-05 1.81333773e-05 4.88694868e-05 3.78438999e-05 1.38949923e-05 5.19238904e-05 6.36164345e-05 9.73623100e-06 4.50011335e-05 1.21231227e-04 2.69223587e-05 2.65854295e-04 3.92245532e-04 1.56898213e-05 1.95099322e-04 4.26368031e-05 3.40789498e-05 3.71844342e-04 5.54670758e-04 9.58045363e-05 3.10087361e-04 9.18725074e-05 3.11111440e-05 6.94055220e-05 3.87736552e-05 1.31770694e-06 3.64093793e-08 2.51498786e-09
 1993 05 11 12 00 00  3.68011955e-03 2.23639588e-03 1.23272916e-03 8.81406733e-04 6.35850402e-04 3.56285837e-04 2.55327991e-04 2.15030001e-04 4.41491444e-04 1.27918427e-04 3.09592092e-03 4.62312214e-03 2.24902192e-04 6.57179816e-05 4.27391204e-05 1.26085420e-04 3.70952126e-05 6.33240154e-05 1.22768635e-04 7.23919482e-05 1.43477438e-04 1.75974841e-04 1.01905321e-04 7.23805187e-05 5.12873121e-06 9.37421137e-06 5.99579362e-06 2.51879305e-05 4.86521276e-06 1.70722343e-05 4.78189689e-05 3.81800201e-05 1.83226948e-05 4.92603364e-05 3.88958288e-05 1.39286596e-05 5.26914816e-05 6.46054085e-05 9.72056368e-06 4.56469060e-05 1.23418133e-04 2.75985891e-05 2.69501083e-04 4.01920809e-04 1.60768324e-05 2.00603815e-04 4.39400057e-05 3.53912299e-05 3.80143994e-04 5.63347044e-04 9.80725786e-05 3.13348114e-04 9.09842705e-05 3.07884737e-05 6.86618278e-05 3.82868886e-05 1.29644026e-06 3.53550718e-08 2.42079885e-09
 1993 05 12 12 00 00  3.68728464e-03 2.24031021e-03 1.23527682e-03 8.83451950e-04 6.37741269e-04 3.57239128e-04 2.56229008e-04 2.16001123e-04 4.44042643e-04 1.28432577e-04 3.11645658e-03 4.66560759e-03 2.25793870e-04 6.58148848e-05 4.28539371e-05 1.26797478e-04 3.73178569e-05 6.39259990e-05 1.23028369e-04 7.23903417e-05 1.44760078e-04 1.77615582e-04 1.02567089e-04 7.25543996e-05 5.14487365e-06 9.28528752e-06 6.00272797e-06 2.52490212e-05 4.86547142e-06 1.71146101e-05 4.80890131e-05 3.82735947e-05 1.85051613e-05 4.94806882e-05 3.89091059e-05 1.39622440e-05 5.32200382e-05 6.53945091e-05 9.64659848e-06 4.58391693e-05 1.25061185e-04 2.75996601e-05 2.72114863e-04 4.02033553e-04 1.60813421e-05 2.03152080e-04 4.52172302e-05 3.53948533e-05 3.84703444e-04 5.67563437e-04 9.86272828e-05 3.13989812e-04 8.70494312e-05 2.93585121e-05 6.53633268e-05 3.60962053e-05 1.19838968e-06 3.03103178e-08 1.96515995e-09
 1993 05 13 12 00 00  3.68390771e-03 2.23624326e-03 1.23286167e-03 8.81920084e-04 6.36522859e-04 3.56956928e-04 2.55842051e-04 2.15526687e-04 4.42822706e-04 1.27720903e-04 3.10681724e-03 4.65496965e-03 2.24997049e-04 6.53665174e-05 4.26947910e-05 1.26320944e-04 3.72257869e-05 6.37308694e-05 1.22089519e-04 7.16891722e-05 1.44389774e-04 1.77147523e-04 1.02314490e-04 7.22735119e-05 5.13854575e-06 9.17562647e-06 6.00080566e-06 2.51866538e-05 4.85015553e-06 1.70663859e-05 4.78871931e-05 3.82374536e-05 1.84274133e-05 4.92189016e-05 3.80104844e-05 1.39534517e-05 5.28398823e-05 6.49733089e-05 9.55539290e-06 4.52872346e-05 1.24052292e-04 2.70088029e-05 2.70023810e-04 3.93751901e-04 1.57500760e-05 1.99691551e-04 4.47761588e-05 3.42509884e-05 3.79866293e-04 5.61967274e-04 9.69275316e-05 3.08782664e-04 8.21396223e-05 2.75743679e-05 6.12484759e-05 3.33708886e-05 1.07695812e-06 2.41046266e-08 1.40575676e-09
 1993 05 14 12 00 00  3.67617874e-03 2.23149997e-03 1.22982844e-03 8.79486130e-04 6.34268969e-04 3.55947338e-04 2.54858844e-04 2.14447824e-04 4.40036546e-04 1.27044472e-04 3.08446204e-03 4.61245775e-03 2.23931586e-04 6.51396148e-05 4.25405013e-05 1.25463899e-04 3.69453657e-05 6.30580704e-05 1.21522040e-04 7.14866328e-05 1.43028867e-04 1.75414951e-04 1.01598520e-04 7.18840733e-05 5.11876642e-06 9.04573681e-06 5.99357190e-06 2.50858066e-05 4.84611119e-06 1.70042625e-05 4.75312360e-05 3.81236547e-05 1.81939642e-05 4.88067755e-05 3.77707998e-05 1.39192402e-05 5.21728149e-05 6.40392138e-05 9.44735293e-06 4.46929279e-05 1.22038542e-04 2.68412725e-05 2.65802069e-04 3.91530428e-04 1.56612171e-05 1.95928553e-04 4.33057314e-05 3.39286722e-05 3.73581931e-04 5.55233169e-04 9.58299813e-05 3.00191489e-04 7.63889142e-05 2.54845073e-05 5.64278220e-05 3.01696869e-05 9.33708981e-07 1.67366892e-08 7.40349293e-10
 1993 05 15 12 00 00  3.66916934e-03 2.22544716e-03 1.22612090e-03 8.76893054e-04 6.32056841e-04 3.55176703e-04 2.54010012e-04 2.13474120e-04 4.37515654e-04 1.26068868e-04 3.06435762e-03 4.58057113e-03 2.22678641e-04 6.46348946e-05 4.23216423e-05 1.24612083e-04 3.67293484e-05 6.25464774e-05 1.20426967e-04 7.07759522e-05 1.41999642e-04 1.74106469e-04 1.01006356e-04 7.14605092e-05 5.10357313e-06 8.91178061e-06 5.98811712e-06 2.49841846e-05 4.83060321e-06 1.69320389e-05 4.71796973e-05 3.80363141e-05 1.80138464e-05 4.83856232e-05 3.68607492e-05 1.38935211e-05 5.15055127e-05 6.31986498e-05 9.33593110e-06 4.39450431e-05 1.20146980e-04 2.62425310e-05 2.61973163e-04 3.83142973e-04 1.53257189e-05 1.91037423e-04 4.21838427e-05 3.27696034e-05 3.66244156e-04 5.47091523e-04 9.38072504e-05 2.92287722e-04 7.04513630e-05 2.33267627e-05 5.14506530e-05 2.68654383e-05 7.85913264e-07 9.13985883e-09 5.43987522e-11
 1993 05 16 12 00 00  3.66713955e-03 2.22417805e-03 1.22531140e-03 8.76211727e-04 6.31408967e-04 3.54905456e-04 2.53744519e-04 2.13180173e-04 4.36772377e-04 1.25881787e-04 3.05840584e-03 4.56993431e-03 2.22389061e-04 6.45605100e-05 4.22778402e-05 1.24364161e-04 3.66392196e-05 6.23537286e-05 1.20233262e-04 7.07003986e-05 1.41632532e-04 1.73641491e-04 1.00812795e-04 7.13027373e-05 5.09736783e-06 8.81221640e-06 5.98620500e-06 2.49475477e-05 4.82930154e-06 1.69116727e-05 4.70675009e-05 3.80008540e-05 1.79378098e-05 4.82283511e-05 3.67821893e-05 1.38847492e-05 5.13044579e-05 6.29258767e-05 9.25312488e-06 4.36885337e-05 1.19544925e-04 2.61817448e-05 2.60441426e-04 3.82407542e-04 1.52963017e-05 1.89845485e-04 4.17492643e-05 3.26537760e-05 3.64283649e-04 5.44797817e-04 9.34422303e-05 2.87631411e-04 6.59696650e-05 2.16982407e-05 4.76949846e-05 2.43811256e-05 6.75446643e-07 4.16842596e-09 1.00000000e-10
 1993 05 17 12 00 00  3.66816209e-03 2.22367620e-03 1.22509483e-03 8.76225413e-04 6.31512437e-04 3.55120434e-04 2.53889648e-04 2.13308534e-04 4.37124921e-04 1.25730087e-04 3.06134074e-03 4.58054617e-03 2.22334858e-04 6.43785903e-05 4.22432061e-05 1.24394481e-04 3.66749737e-05 6.24798296e-05 1.19868490e-04 7.03599770e-05 1.41927199e-04 1.74020040e-04 1.00934808e-04 7.12557371e-05 5.10015088e-06 8.76128252e-06 5.98783517e-06 2.49416239e-05 4.82208161e-06 1.69036588e-05 4.70701315e-05 3.80172831e-05 1.79658615e-05 4.82034209e-05 3.63572035e-05 1.38929288e-05 5.13186312e-05 6.30133734e-05 9.21078099e-06 4.35380780e-05 1.19661226e-04 2.58966669e-05 2.60566822e-04 3.78483763e-04 1.51393505e-05 1.89131462e-04 4.20020107e-05 3.21030326e-05 3.63603877e-04 5.43732539e-04 9.28198755e-05 2.86381224e-04 6.35668192e-05 2.08253638e-05 4.56831819e-05 2.30646030e-05 6.17946540e-07 2.25667947e-09 1.00000000e-10
 1993 05 18 12 00 00  3.66603010e-03 2.22217316e-03 1.22415177e-03 8.75481678e-04 6.30829187e-04 3.54851583e-04 2.53616921e-04 2.13002949e-04 4.36347795e-04 1.25499599e-04 3.05512657e-03 4.56991084e-03 2.22004398e-04 6.42742781e-05 4.21901289e-05 1.24132343e-04 3.65882413e-05 6.22912485e-05 1.19618522e-04 7.02334859e-05 1.41564876e-04 1.73560464e-04 1.00738603e-04 7.11055242e-05 5.09415950e-06 8.68360730e-06 5.98594015e-06 2.49054511e-05 4.81958486e-06 1.68816843e-05 4.69543669e-05 3.79830104e-05 1.78928254e-05 4.80530978e-05 3.62090301e-05 1.38841962e-05 5.11088972e-05 6.27349757e-05 9.14618213e-06 4.32887464e-05 1.19041672e-04 2.57922831e-05 2.59125409e-04 3.77109480e-04 1.50843792e-05 1.87790017e-04 4.15787916e-05 3.19023529e-05 3.61457891e-04 5.41288487e-04 9.23528947e-05 2.82462637e-04 6.00482970e-05 1.95468828e-05 4.27350105e-05 2.11173013e-05 5.31567497e-07 1.00000000e-10 1.00000000e-10
 1993 05 19 12 00 00  3.66488565e-03 2.22272018e-03 1.22438488e-03 8.75360701e-04 6.30563412e-04 3.54591230e-04 2.53433203e-04 2.12829409e-04 4.35919355e-04 1.25653288e-04 3.05161558e-03 4.55927663e-03 2.22045153e-04 6.44428063e-05 4.22212227e-05 1.24037554e-04 3.65034561e-05 6.21050538e-05 1.19910766e-04 7.05636048e-05 1.41206991e-04 1.73103996e-04 1.00585950e-04 7.10852532e-05 5.08828998e-06 8.66854825e-06 5.98405641e-06 2.48918362e-05 4.82736104e-06 1.68801763e-05 4.69069212e-05 3.79494217e-05 1.78215065e-05 4.80127927e-05 3.66617052e-05 1.38754840e-05 5.10367735e-05 6.25687532e-05 9.13368422e-06 4.33282915e-05 1.18726766e-04 2.60751345e-05 2.58377995e-04 3.81262821e-04 1.52505128e-05 1.88148889e-04 4.11620946e-05 3.24529450e-05 3.61421017e-04 5.41436802e-04 9.28609341e-05 2.80695923e-04 5.91979730e-05 1.92382890e-05 4.20252358e-05 2.06701127e-05 5.13311102e-07 1.00000000e-10 1.00000000e-10
 1993 05 20 12 00 00  3.66319680e-03 2.22212561e-03 1.22396324e-03 8.74897217e-04 6.30071254e-04 3.54328025e-04 2.53201417e-04 2.12584023e-04 4.35299547e-04 1.25593193e-04 3.04662321e-03 4.54864241e-03 2.21879788e-04 6.44595966e-05 4.22054917e-05 1.23852023e-04 3.64196341e-05 6.19200349e-05 1.19902756e-04 7.06394145e-05 1.40850626e-04 1.72649053e-04 1.00410337e-04 7.10331321e-05 5.08248231e-06 8.67409035e-06 5.98217594e-06 2.48699015e-05 4.82940595e-06 1.68676646e-05 4.68251838e-05 3.79161705e-05 1.77510403e-05 4.79457342e-05 3.67792469e-05 1.38667820e-05 5.08960847e-05 6.23460195e-05 9.13832409e-06 4.32806135e-05 1.18255345e-04 2.61422363e-05 2.57538810e-04 3.82333349e-04 1.52933340e-05 1.87611161e-04 4.07486194e-05 3.25849192e-05 3.60238500e-04 5.40342218e-04 9.28297378e-05 2.79505568e-04 5.92257053e-05 1.92488661e-05 4.20520645e-05 2.07165408e-05 5.17467799e-07 1.00000000e-10 1.00000000e-10
 1993 05 21 12 00 00  3.66175392e-03 2.21923790e-03 1.22230207e-03 8.73974001e-04 6.29418254e-04 3.54300508e-04 2.53061053e-04 2.12379672e-04 4.34775812e-04 1.25049069e-04 3.04258362e-03 4.54863347e-03 2.21347615e-04 6.40648169e-05 4.20839816e-05 1.23590669e-04 3.64002131e-05 6.18962338e-05 1.19096957e-04 6.99837459e-05 1.40825746e-04 1.72618184e-04 1.00338109e-04 7.09061910e-05 5.08125995e-06 8.67517374e-06 5.98207589e-06 2.48384493e-05 4.81506941e-06 1.68352990e-05 4.67180036e-05 3.79093748e-05 1.77339025e-05 4.78347637e-05 3.59381433e-05 1.38665695e-05 5.06932954e-05 6.21654864e-05 9.13925469e-06 4.29796193e-05 1.17764825e-04 2.55895953e-05 2.56915683e-04 3.74582238e-04 1.49832895e-05 1.85150659e-04 4.06836742e-05 3.15149548e-05 3.56989251e-04 5.36686390e-04 9.13978956e-05 2.78926836e-04 5.90660151e-05 1.91913095e-05 4.19216163e-05 2.06572196e-05 5.16797272e-07 1.00000000e-10 1.00000000e-10
 1993 05 22 12 00 00  3.66332784e-03 2.21984479e-03 1.22272244e-03 8.74338280e-04 6.29767125e-04 3.54525845e-04 2.53259080e-04 2.12584888e-04 4.35326191e-04 1.25105714e-04 3.04705609e-03 4.55924943e-03 2.21496281e-04 6.40316802e-05 4.20952012e-05 1.23719356e-04 3.64432548e-05 6.20312640e-05 1.19031717e-04 6.98910502e-05 1.41131414e-04 1.73008310e-04 1.00487639e-04 7.09540947e-05 5.08450066e-06 8.68906354e-06 5.98374354e-06 2.48486670e-05 4.81337011e-06 1.68395727e-05 4.67645958e-05 3.79283505e-05 1.77683803e-05 4.78910874e-05 3.58364021e-05 1.38748292e-05 5.07919783e-05 6.23248837e-05 9.15084383e-06 4.30289122e-05 1.18073343e-04 2.55141815e-05 2.57611518e-04 3.73633901e-04 1.49453560e-05 1.85418784e-04 4.09607776e-05 3.13706783e-05 3.57540890e-04 5.37208192e-04 9.13161251e-05 2.79897905e-04 5.94311901e-05 1.93245906e-05 4.22318473e-05 2.08960717e-05 5.29872170e-07 1.00000000e-10 1.00000000e-10
 1993 05 23 12 00 00  3.66345537e-03 2.22022706e-03 1.22293756e-03 8.74405479e-04 6.29775778e-04 3.54509927e-04 2.53259500e-04 2.12590026e-04 4.35356983e-04 1.25174462e-04 3.04730816e-03 4.55924086e-03 2.21556195e-04 6.40731198e-05 4.21082492e-05 1.23723154e-04 3.64248030e-05 6.20086503e-05 1.19093591e-04 6.99654978e-05 1.41109651e-04 1.72978990e-04 1.00483565e-04 7.09983809e-05 5.08333942e-06 8.74099496e-06 5.98364823e-06 2.48494042e-05 4.81542338e-06 1.68394893e-05 4.67623051e-05 3.79218953e-05 1.77521011e-05 4.79250973e-05 3.59541620e-05 1.38746283e-05 5.08011853e-05 6.23176938e-05 9.19408412e-06 4.31235039e-05 1.18056492e-04 2.55804451e-05 2.57833121e-04 3.74705213e-04 1.49882085e-05 1.85625753e-04 4.08990862e-05 3.15012265e-05 3.57631779e-04 5.37511293e-04 9.14395107e-05 2.81164726e-04 6.14178511e-05 2.00472787e-05 4.39023536e-05 2.20464886e-05 5.84338358e-07 1.65972622e-09 1.00000000e-10
 1993 05 24 12 00 00  3.67165279e-03 2.22627265e-03 1.22670792e-03 8.77102016e-04 6.32106265e-04 3.55474189e-04 2.54254508e-04 2.13699919e-04 4.38273011e-04 1.26087996e-04 3.07067808e-03 4.60172892e-03 2.22834055e-04 6.44531111e-05 4.23103949e-05 1.24611486e-04 3.66518158e-05 6.26159832e-05 1.19916255e-04 7.04374106e-05 1.42402046e-04 1.74626665e-04 1.01192055e-04 7.13701454e-05 5.09975653e-06 8.80420266e-06 5.99060440e-06 2.49402910e-05 4.82635296e-06 1.69035612e-05 4.71086516e-05 3.80169949e-05 1.79384224e-05 4.83131976e-05 3.65915126e-05 1.39082593e-05 5.14844729e-05 6.32312643e-05 9.24670458e-06 4.37303910e-05 1.20032977e-04 2.59832479e-05 2.61625774e-04 3.80558687e-04 1.52223475e-05 1.90013235e-04 4.21909179e-05 3.22843262e-05 3.64412941e-04 5.44719078e-04 9.30095944e-05 2.86765632e-04 6.38971429e-05 2.09490075e-05 4.59859270e-05 2.34720679e-05 6.51180198e-07 4.10150136e-09 1.00000000e-10
 1993 05 25 12 00 00  3.68295043e-03 2.23320267e-03 1.23113752e-03 8.80521009e-04 6.35200562e-04 3.56922777e-04 2.55662670e-04 2.15236407e-04 4.42298832e-04 1.27058246e-04 3.10305018e-03 4.66546491e-03 2.24366646e-04 6.47386906e-05 4.25258263e-05 1.25783158e-04 3.70022957e-05 6.35391974e-05 1.20588318e-04 7.06673658e-05 1.44351158e-04 1.77114016e-04 1.02216913e-04 7.17997340e-05 5.12500992e-06 8.83640823e-06 6.00109124e-06 2.50568804e-05 4.83197618e-06 1.69805838e-05 4.75694895e-05 3.81631369e-05 1.82266871e-05 4.87881188e-05 3.69176909e-05 1.39588141e-05 5.23793835e-05 6.45030859e-05 9.27352594e-06 4.43495112e-05 1.22726518e-04 2.61819951e-05 2.66676002e-04 3.83545054e-04 1.53418021e-05 1.94900654e-04 4.41619602e-05 3.26722831e-05 3.72548687e-04 5.52999222e-04 9.43663600e-05 2.93263949e-04 6.50956994e-05 2.13850954e-05 4.69943876e-05 2.41716361e-05 6.84657044e-07 5.41131939e-09 1.00000000e-10
 1993 05 26 12 00 00  3.70004966e-03 2.24664712e-03 1.23945794e-03 8.86368845e-04 6.40199094e-04 3.58873754e-04 2.57726176e-04 2.17560715e-04 4.48391084e-04 1.29141153e-04 3.15180618e-03 4.75045033e-03 2.27174988e-04 6.56851309e-05 4.29874399e-05 1.27694950e-04 3.74757481e-05 6.47776935e-05 1.22619116e-04 7.19189120e-05 1.46960576e-04 1.80440270e-04 1.03674295e-04 7.26071286e-05 5.15906650e-06 8.96147540e-06 6.01510510e-06 2.52565143e-05 4.86049867e-06 1.71258923e-05 4.83226926e-05 3.83601495e-05 1.86164703e-05 4.96212234e-05 3.85837688e-05 1.40262855e-05 5.38523052e-05 6.64307911e-05 9.37760924e-06 4.57094641e-05 1.26949887e-04 2.72464356e-05 2.74610475e-04 3.98860788e-04 1.59544315e-05 2.04897431e-04 4.68105893e-05 3.47392837e-05 3.87781276e-04 5.69274618e-04 9.81976934e-05 3.04955192e-04 7.02515408e-05 2.32596504e-05 5.13226577e-05 2.70960152e-05 8.19162941e-07 1.26090878e-08 4.13391987e-10
 1993 05 27 12 00 00  3.70918553e-03 2.25185574e-03 1.24282389e-03 8.89040840e-04 6.42655080e-04 3.60076656e-04 2.58873347e-04 2.18802606e-04 4.51646081e-04 1.29843268e-04 3.17800956e-03 4.80356291e-03 2.28348652e-04 6.58468633e-05 4.31434664e-05 1.28622229e-04 3.77652235e-05 6.55438693e-05 1.23027302e-04 7.19834527e-05 1.48586053e-04 1.82508954e-04 1.04514995e-04 7.30675895e-05 5.17994777e-06 9.16552017e-06 6.02383043e-06 2.53594755e-05 4.86236095e-06 1.71840038e-05 4.86918996e-05 3.84810264e-05 1.88544102e-05 5.01031629e-05 3.86901665e-05 1.40683856e-05 5.45781816e-05 6.74662424e-05 9.54740099e-06 4.63994936e-05 1.29120074e-04 2.73045647e-05 2.79605044e-04 3.99826587e-04 1.59930635e-05 2.08614617e-04 4.84444812e-05 3.48542177e-05 3.93946189e-04 5.76031794e-04 9.90530933e-05 3.15875429e-04 7.87891533e-05 2.63634359e-05 5.84876657e-05 3.19192564e-05 1.03973750e-06 2.43179208e-08 1.48027688e-09
 1993 05 28 12 00 00  3.71387489e-03 2.25615555e-03 1.24543957e-03 8.90755007e-04 6.44049302e-04 3.60556829e-04 2.59419165e-04 2.19430996e-04 4.53305578e-04 1.30537862e-04 3.19126842e-03 4.82480377e-03 2.29214249e-04 6.62014797e-05 4.32954648e-05 1.29158402e-04 3.78721743e-05 6.58394943e-05 1.23755174e-04 7.24973390e-05 1.49226699e-04 1.83322374e-04 1.04891276e-04 7.33711103e-05 5.18774395e-06 9.29153903e-06 6.02727414e-06 2.54200156e-05 4.87428915e-06 1.72271236e-05 4.89031597e-05 3.85262829e-05 1.89417842e-05 5.03948875e-05 3.93856229e-05 1.40851320e-05 5.50028708e-05 6.79830839e-05 9.65226354e-06 4.69513712e-05 1.30270645e-04 2.77434185e-05 2.82168502e-04 4.06212818e-04 1.62485127e-05 2.11845809e-04 4.90684761e-05 3.57075536e-05 3.98518626e-04 5.81292975e-04 1.00416780e-04 3.21676858e-04 8.40670911e-05 2.82821784e-05 6.29169730e-05 3.49002071e-05 1.17601053e-06 3.15479411e-08 2.13896563e-09
 1993 05 29 12 00 00  3.71728444e-03 2.26054775e-03 1.24803345e-03 8.92281716e-04 6.45186549e-04 3.60800881e-04 2.59785313e-04 2.19885070e-04 4.54509166e-04 1.31305024e-04 3.20078811e-03 4.83542271e-03 2.30051576e-04 6.66770659e-05 4.34635071e-05 1.29602870e-04 3.79220117e-05 6.59828482e-05 1.24709627e-04 7.32543995e-05 1.49542905e-04 1.83723294e-04 1.05123410e-04 7.36148324e-05 5.19141322e-06 9.35616335e-06 6.02897744e-06 2.54688616e-05 4.89151644e-06 1.72699773e-05 4.90755158e-05 3.85476364e-05 1.89822604e-05 5.06179882e-05 4.03920538e-05 1.40934630e-05 5.53523723e-05 6.83520032e-05 9.70603942e-06 4.74530436e-05 1.31150660e-04 2.83870788e-05 2.83834200e-04 4.15465508e-04 1.66186203e-05 2.15239470e-04 4.93683037e-05 3.69573187e-05 4.03032481e-04 5.86473797e-04 1.02155894e-04 3.24745341e-04 8.67663310e-05 2.92634782e-05 6.51823347e-05 3.64258326e-05 1.24582717e-06 3.52576023e-08 2.47707206e-09
 1993 05 30 12 00 00  3.72268407e-03 2.26626994e-03 1.25146798e-03 8.94451695e-04 6.46903791e-04 3.61293888e-04 2.60400354e-04 2.20614602e-04 4.56427925e-04 1.32268026e-04 3.21603621e-03 4.85666730e-03 2.31180170e-04 6.72282650e-05 4.36759726e-05 1.30268188e-04 3.80377052e-05 6.62891951e-05 1.25842551e-04 7.40944408e-05 1.50196221e-04 1.84550616e-04 1.05534835e-04 7.40206973e-05 5.19975911e-06 9.53839844e-06 6.03246699e-06 2.55484391e-05 4.91049832e-06 1.73289651e-05 4.93396227e-05 3.85959545e-05 1.90773484e-05 5.09984381e-05 4.15018294e-05 1.41103039e-05 5.58819413e-05 6.89596820e-05 9.85767329e-06 4.82268261e-05 1.32545965e-04 2.91001983e-05 2.86989139e-04 4.25672535e-04 1.70269014e-05 2.19717967e-04 5.00215276e-05 3.83412407e-05 4.09204640e-04 5.93709719e-04 1.04230378e-04 3.32549725e-04 9.44563362e-05 3.20589636e-05 7.16348717e-05 4.07604408e-05 1.44340902e-06 4.56973538e-08 3.42709932e-09
 1993 05 31 12 00 00  3.73230811e-03 2.27239404e-03 1.25536322e-03 8.97443818e-04 6.49605554e-04 3.62514730e-04 2.61600951e-04 2.21932244e-04 4.59868450e-04 1.33144444e-04 3.24365779e-03 4.90978807e-03 2.32528149e-04 6.75215224e-05 4.38723189e-05 1.31293614e-04 3.83432023e-05 6.70750102e-05 1.26530463e-04 7.43745244e-05 1.51836629e-04 1.86644770e-04 1.06404879e-04 7.43772441e-05 5.22164846e-06 9.53589188e-06 6.04127526e-06 2.56511572e-05 4.91682586e-06 1.73994365e-05 4.97445262e-05 3.87224456e-05 1.93294269e-05 5.13961203e-05 4.18717565e-05 1.41525772e-05 5.66612542e-05 7.00578794e-05 9.85561055e-06 4.87465839e-05 1.34893626e-04 2.93379446e-05 2.91191777e-04 4.29074907e-04 1.71629963e-05 2.24152097e-04 5.17089909e-05 3.88026237e-05 4.16565232e-04 6.01145338e-04 1.05574879e-04 3.37223045e-04 9.41883838e-05 3.19619483e-05 7.14128400e-05 4.06336357e-05 1.43923451e-06 4.55976846e-08 3.42108564e-09
 1993 06 01 12 00 00  3.74087138e-03 2.27908278e-03 1.25950654e-03 9.00383534e-04 6.52134722e-04 3.63499151e-04 2.62639789e-04 2.23102597e-04 4.62927157e-04 1.34181218e-04 3.26812407e-03 4.95228469e-03 2.33931333e-04 6.79956800e-05 4.41032669e-05 1.32261296e-04 3.85896390e-05 6.77061616e-05 1.27558607e-04 7.49991101e-05 1.53151144e-04 1.88323328e-04 1.07139193e-04 7.47177678e-05 5.23928829e-06 9.50760223e-06 6.04833258e-06 2.57479011e-05 4.93084481e-06 1.74737954e-05 5.01254729e-05 3.88243439e-05 1.95328859e-05 5.17615398e-05 4.26919723e-05 1.41864191e-05 5.73966795e-05 7.10309610e-05 9.83209975e-06 4.93082600e-05 1.37032118e-04 2.98673811e-05 2.94750080e-04 4.36621664e-04 1.74648666e-05 2.29134226e-04 5.30657824e-05 3.98295902e-05 4.24306182e-04 6.09114649e-04 1.07506496e-04 3.40250726e-04 9.27980193e-05 3.14569937e-05 7.02496093e-05 3.98793160e-05 1.40679733e-06 4.40303779e-08 3.28216530e-09
 1993 06 02 12 00 00  3.74415027e-03 2.28032264e-03 1.26037067e-03 9.01221456e-04 6.52981363e-04 3.63986916e-04 2.63070668e-04 2.23555088e-04 4.64102963e-04 1.34305188e-04 3.27762954e-03 4.97353375e-03 2.34252270e-04 6.79512323e-05 4.41318998e-05 1.32577725e-04 3.87155247e-05 6.80250057e-05 1.27512934e-04 7.48398656e-05 1.53812812e-04 1.89166845e-04 1.07464524e-04 7.48428087e-05 5.24827628e-06 9.55140858e-06 6.05187488e-06 2.57823973e-05 4.92729632e-06 1.74907883e-05 5.02548744e-05 3.88762332e-05 1.96369714e-05 5.19064719e-05 4.24842001e-05 1.42033692e-05 5.76410171e-05 7.14153448e-05 9.86858795e-06 4.94526339e-05 1.37816994e-04 2.97326071e-05 2.96467912e-04 4.34709095e-04 1.73883638e-05 2.29987966e-04 5.37530985e-05 3.95682990e-05 4.26067955e-04 6.10865916e-04 1.07473858e-04 3.43327950e-04 9.43862477e-05 3.20349767e-05 7.15867575e-05 4.08134498e-05 1.45195481e-06 4.66104808e-08 3.52186369e-09
 1993 06 03 12 00 00  3.73552471e-03 2.27628490e-03 1.25767271e-03 8.98859344e-04 6.50698967e-04 3.62772022e-04 2.61959072e-04 2.22370371e-04 4.61015253e-04 1.33819905e-04 3.25273156e-03 4.92041335e-03 2.33282153e-04 6.79372625e-05 4.40216912e-05 1.31720292e-04 3.84090556e-05 6.72379974e-05 1.27381193e-04 7.50272768e-05 1.52170484e-04 1.87071144e-04 1.06636998e-04 7.45416902e-05 5.22632618e-06 9.51522452e-06 6.04306224e-06 2.56951000e-05 4.93142761e-06 1.74406509e-05 4.99126318e-05 3.87494045e-05 1.93840373e-05 5.15564537e-05 4.27263672e-05 1.41610843e-05 5.69876111e-05 7.04217168e-05 9.83851423e-06 4.90877133e-05 1.35758933e-04 2.98908417e-05 2.92434557e-04 4.36939702e-04 1.74775881e-05 2.27198774e-04 5.20623813e-05 3.98748351e-05 4.20821563e-04 6.05705787e-04 1.07122318e-04 3.37289672e-04 9.26159775e-05 3.13920300e-05 7.01055610e-05 3.98519680e-05 1.41053733e-06 4.46035060e-08 3.34381340e-09
 1993 06 04 12 00 00  3.71764089e-03 2.26410123e-03 1.24999582e-03 8.93120543e-04 6.45598717e-04 3.60568871e-04 2.59747313e-04 2.19923719e-04 4.54624941e-04 1.32025074e-04 3.20147638e-03 4.82479669e-03 2.30646000e-04 6.72560123e-05 4.36209341e-05 1.29779432e-04 3.78571218e-05 6.58210542e-05 1.25839056e-04 7.42663397e-05 1.49212078e-04 1.83298457e-04 1.05045733e-04 7.37697086e-05 5.18679699e-06 9.41016915e-06 6.02719629e-06 2.54923091e-05 4.91422288e-06 1.73020827e-05 4.91414058e-05 3.85210151e-05 1.89285056e-05 5.07314994e-05 4.17205505e-05 1.40849690e-05 5.54979687e-05 6.83762573e-05 9.75114017e-06 4.78858888e-05 1.31350250e-04 2.92447949e-05 2.84096921e-04 4.27689206e-04 1.71075683e-05 2.18199914e-04 4.90181556e-05 3.86210217e-05 4.06371207e-04 5.90598306e-04 1.04152274e-04 3.24914911e-04 8.78969777e-05 2.96772583e-05 6.61508757e-05 3.72347328e-05 1.29406756e-06 3.86626269e-08 2.80857542e-09
 1993 06 05 12 00 00  3.70282832e-03 2.25272423e-03 1.24293450e-03 8.88088730e-04 6.41257866e-04 3.58852070e-04 2.57947873e-04 2.17901920e-04 4.49337155e-04 1.30273020e-04 3.15915956e-03 4.75043058e-03 2.28252388e-04 6.64725533e-05 4.32309912e-05 1.28120045e-04 3.74310883e-05 6.47229434e-05 1.24137416e-04 7.32494460e-05 1.46918108e-04 1.80369284e-04 1.03770847e-04 7.31842656e-05 5.15625579e-06 9.45657448e-06 6.01487300e-06 2.53272972e-05 4.89129670e-06 1.71762560e-05 4.84893535e-05 3.83445149e-05 1.85770579e-05 5.01027755e-05 4.03798738e-05 1.40258009e-05 5.42368402e-05 6.66983532e-05 9.78977187e-06 4.69298123e-05 1.27675199e-04 2.83819856e-05 2.77946349e-04 4.15356883e-04 1.66142753e-05 2.09779080e-04 4.66612400e-05 3.69468704e-05 3.93241992e-04 5.77088309e-04 1.00943834e-04 3.19256518e-04 8.97249713e-05 3.03420866e-05 6.76869566e-05 3.82845648e-05 1.34321031e-06 4.13562674e-08 3.05615302e-09
 1993 06 06 12 00 00  3.69464403e-03 2.24678834e-03 1.23922413e-03 8.85391429e-04 6.38901468e-04 3.57875952e-04 2.56946323e-04 2.16785497e-04 4.46415951e-04 1.29378054e-04 3.13575795e-03 4.70793582e-03 2.26987957e-04 6.61007514e-05 4.30315512e-05 1.27221552e-04 3.71909555e-05 6.40995218e-05 1.23316574e-04 7.27947860e-05 1.45608621e-04 1.78700746e-04 1.03056122e-04 7.27934698e-05 5.13901250e-06 9.36965589e-06 6.00784879e-06 2.52315695e-05 4.88101250e-06 1.71105478e-05 4.81343237e-05 3.82448197e-05 1.83791650e-05 4.96963443e-05 3.97786702e-05 1.39920288e-05 5.35435185e-05 6.57682275e-05 9.71745758e-06 4.62937036e-05 1.25658145e-04 2.79959379e-05 2.73974247e-04 4.09827827e-04 1.63931131e-05 2.05368705e-04 4.53255459e-05 3.61976214e-05 3.86362311e-04 5.69718874e-04 9.93855961e-05 3.12577879e-04 8.60015203e-05 2.89886637e-05 6.45636411e-05 3.61940957e-05 1.24847294e-06 3.63920805e-08 2.60545683e-09
 1993 06 07 12 00 00  3.68743031e-03 2.24009066e-03 1.23515332e-03 8.82691546e-04 6.36684341e-04 3.57136543e-04 2.56099438e-04 2.15805660e-04 4.43846788e-04 1.28286270e-04 3.11527367e-03 4.67606522e-03 2.25633958e-04 6.55238788e-05 4.27900085e-05 1.26367345e-04 3.70108639e-05 6.36319688e-05 1.22109747e-04 7.19545118e-05 1.44621389e-04 1.77449344e-04 1.02473754e-04 7.22767681e-05 5.12608094e-06 9.12064643e-06 6.00258027e-06 2.51282308e-05 4.86203171e-06 1.70392817e-05 4.77916474e-05 3.81700520e-05 1.82307471e-05 4.92026206e-05 3.86689353e-05 1.39666983e-05 5.28630695e-05 6.49453263e-05 9.51026886e-06 4.53507993e-05 1.23809641e-04 2.72826845e-05 2.69660979e-04 3.99620935e-04 1.59848374e-05 2.00137345e-04 4.43237834e-05 3.48134607e-05 3.78925420e-04 5.61028395e-04 9.71548020e-05 3.01653341e-04 7.54418985e-05 2.51501336e-05 5.57041552e-05 3.02497265e-05 9.78027805e-07 2.21410644e-08 1.30957840e-09
 1993 06 08 12 00 00  3.67672756e-03 2.23172021e-03 1.22996945e-03 8.79019824e-04 6.33529109e-04 3.55907489e-04 2.54802268e-04 2.14344454e-04 4.40026147e-04 1.26989031e-04 3.08470493e-03 4.62294519e-03 2.23879721e-04 6.49320473e-05 4.25015421e-05 1.25160136e-04 3.67044006e-05 6.28449721e-05 1.20829639e-04 7.11744884e-05 1.42978180e-04 1.75353669e-04 1.01556745e-04 7.17941708e-05 5.10413047e-06 9.07744179e-06 5.99376654e-06 2.50026455e-05 4.84444026e-06 1.69466183e-05 4.73136192e-05 3.80432262e-05 1.79778159e-05 4.86985531e-05 3.76402691e-05 1.39244134e-05 5.19366193e-05 6.37271784e-05 9.47431035e-06 4.45442465e-05 1.21134900e-04 2.66208022e-05 2.64821974e-04 3.90158921e-04 1.56063569e-05 1.93863098e-04 4.26330924e-05 3.35291581e-05 3.69271562e-04 5.50837901e-04 9.47449297e-05 2.95295514e-04 7.36769724e-05 2.45084041e-05 5.42222332e-05 2.92461929e-05 9.31707865e-07 1.96502178e-08 1.08181162e-09
 1993 06 09 12 00 00  3.66291473e-03 2.22246537e-03 1.22412482e-03 8.74615129e-04 6.29595402e-04 3.54191783e-04 2.53088821e-04 2.12452401e-04 4.35087657e-04 1.25634039e-04 3.04508817e-03 4.54857536e-03 2.21867877e-04 6.44300892e-05 4.21984934e-05 1.23663918e-04 3.62720457e-05 6.17391313e-05 1.19683271e-04 7.06302118e-05 1.40676919e-04 1.72414465e-04 1.00321666e-04 7.13001838e-05 5.07319201e-06 9.13093245e-06 5.98141123e-06 2.48547141e-05 4.83219083e-06 1.68403752e-05 4.67222416e-05 3.78645113e-05 1.76207992e-05 4.81457260e-05 3.69238172e-05 1.38651769e-05 5.08028326e-05 6.21497552e-05 9.51880284e-06 4.38103353e-05 1.17737610e-04 2.61591747e-05 2.59044500e-04 3.83567889e-04 1.53427156e-05 1.87109824e-04 4.02550708e-05 3.26335547e-05 3.58207744e-04 5.39725813e-04 9.25302563e-05 2.90127507e-04 7.60564733e-05 2.53731110e-05 5.62167167e-05 3.05691708e-05 9.90801686e-07 2.26814350e-08 1.35535041e-09
 1993 06 10 12 00 00  3.64570405e-03 2.21173397e-03 1.21727954e-03 8.69295537e-04 6.24759764e-04 3.51986148e-04 2.50932686e-04 2.10090562e-04 4.28929258e-04 1.24110248e-04 2.99563098e-03 4.45295498e-03 2.19490888e-04 6.39390139e-05 4.18565023e-05 1.21829213e-04 3.57123441e-05 6.03126420e-05 1.18511676e-04 7.01896846e-05 1.37710857e-04 1.68629400e-04 9.87553612e-05 7.06363243e-05 5.03317315e-06 9.09488517e-06 5.96550526e-06 2.46666681e-05 4.82232172e-06 1.67144645e-05 4.59918159e-05 3.76334006e-05 1.71584063e-05 4.74100730e-05 3.63463128e-05 1.37889758e-05 4.94033402e-05 6.01707293e-05 9.48879751e-06 4.28443392e-05 1.13510566e-04 2.57859123e-05 2.51266933e-04 3.78253664e-04 1.51301465e-05 1.79268943e-04 3.71848379e-05 3.19096289e-05 3.45111646e-04 5.26405978e-04 9.02272071e-05 2.80186528e-04 7.46080601e-05 2.48464057e-05 5.50001238e-05 2.97418771e-05 9.52371659e-07 2.05966550e-08 1.16426264e-09
 1993 06 11 12 00 00  3.63612542e-03 2.20575968e-03 1.21346920e-03 8.66328004e-04 6.22058708e-04 3.50756835e-04 2.49731295e-04 2.08774320e-04 4.25500356e-04 1.23261131e-04 2.96808999e-03 4.39983085e-03 2.18167038e-04 6.36644544e-05 4.16659901e-05 1.20804049e-04 3.53971409e-05 5.95149468e-05 1.17854875e-04 6.99427212e-05 1.36053774e-04 1.66519841e-04 9.78822623e-05 7.01554096e-05 5.01067298e-06 8.92122334e-06 5.95664605e-06 2.45507887e-05 4.81679635e-06 1.66435880e-05 4.55765642e-05 3.75035219e-05 1.68977655e-05 4.69061031e-05 3.60229285e-05 1.37465962e-05 4.86042857e-05 5.90563715e-05 9.34429845e-06 4.21032386e-05 1.11129781e-04 2.55767227e-05 2.46136194e-04 3.75277708e-04 1.50111083e-05 1.74773712e-04 3.54649266e-05 3.15039506e-05 3.37765125e-04 5.18457368e-04 8.89351659e-05 2.69771867e-04 6.72651038e-05 2.21771144e-05 4.88390398e-05 2.56050864e-05 7.63952431e-07 1.06519932e-08 2.59566391e-10
 1993 06 12 12 00 00  3.62745786e-03 2.19890614e-03 1.20923021e-03 8.63318316e-04 6.19467660e-04 3.49763356e-04 2.48678423e-04 2.07585480e-04 4.22400299e-04 1.22192674e-04 2.94329707e-03 4.35733050e-03 2.16730997e-04 6.31667072e-05 4.14278377e-05 1.19811557e-04 3.51414841e-05 5.88724972e-05 1.16773246e-04 6.92804519e-05 1.34722912e-04 1.64826633e-04 9.71386904e-05 6.96718377e-05 4.99245289e-06 8.76604026e-06 5.94954108e-06 2.44377730e-05 4.80200179e-06 1.65658159e-05 4.51758090e-05 3.73983930e-05 1.66861690e-05 4.64187997e-05 3.51569237e-05 1.37126539e-05 4.78290742e-05 5.80511147e-05 9.21518949e-06 4.12780042e-05 1.08914312e-04 2.50159297e-05 2.41560294e-04 3.67307310e-04 1.46922924e-05 1.69475150e-04 3.40773026e-05 3.04165296e-05 3.29723177e-04 5.09588529e-04 8.69062153e-05 2.60669110e-04 6.06184734e-05 1.97611546e-05 4.32636724e-05 2.18732722e-05 5.94819771e-07 2.87315203e-09 1.00000000e-10
 1993 06 13 12 00 00  3.62735176e-03 2.19874093e-03 1.20913420e-03 8.63247008e-04 6.19403957e-04 3.49753840e-04 2.48663962e-04 2.07566490e-04 4.22358023e-04 1.22160840e-04 2.94296309e-03 4.35732566e-03 2.16697845e-04 6.31428748e-05 4.14205621e-05 1.19786035e-04 3.51317751e-05 5.88605879e-05 1.16719388e-04 6.92424772e-05 1.34707587e-04 1.64811198e-04 9.71291013e-05 6.95742578e-05 4.99184171e-06 8.64525500e-06 5.94949088e-06 2.44254491e-05 4.80122690e-06 1.65622989e-05 4.51574713e-05 3.73949937e-05 1.66775993e-05 4.63350137e-05 3.51111463e-05 1.37125491e-05 4.77953382e-05 5.80213645e-05 9.11470634e-06 4.10976921e-05 1.08841251e-04 2.49843899e-05 2.40858075e-04 3.66883648e-04 1.46753459e-05 1.69196809e-04 3.40448343e-05 3.03557579e-05 3.29414158e-04 5.08880773e-04 8.68073507e-05 2.56663077e-04 5.53845945e-05 1.78588543e-05 3.88743892e-05 1.89435707e-05 4.62633056e-07 1.00000000e-10 1.00000000e-10
 1993 06 14 12 00 00  3.62914041e-03 2.19974472e-03 1.20978496e-03 8.63754356e-04 6.19865274e-04 3.49987288e-04 2.48886270e-04 2.07806295e-04 4.22992332e-04 1.22293664e-04 2.94806601e-03 4.36794423e-03 2.16923610e-04 6.31696223e-05 4.14500827e-05 1.19959474e-04 3.51820898e-05 5.90045354e-05 1.16786247e-04 6.92473433e-05 1.35020570e-04 1.65212866e-04 9.72916646e-05 6.95897649e-05 4.99554080e-06 8.58662970e-06 5.95119673e-06 2.44369127e-05 4.80144772e-06 1.65721026e-05 4.52193628e-05 3.74165131e-05 1.67184990e-05 4.63659394e-05 3.51233466e-05 1.37208845e-05 4.79193295e-05 5.82097819e-05 9.06595378e-06 4.10967203e-05 1.09231092e-04 2.49894278e-05 2.41299239e-04 3.66992317e-04 1.46796927e-05 1.69793897e-04 3.43462540e-05 3.03661189e-05 3.30502837e-04 5.09770999e-04 8.69472791e-05 2.55505668e-04 5.27074483e-05 1.68861417e-05 3.66315581e-05 1.74649228e-05 3.97245120e-07 1.00000000e-10 1.00000000e-10
 1993 06 15 12 00 00  3.62958580e-03 2.20075906e-03 1.21036437e-03 8.64026682e-04 6.20021019e-04 3.49977545e-04 2.48918192e-04 2.07857419e-04 4.23140329e-04 1.22481965e-04 2.94921247e-03 4.36793789e-03 2.17101156e-04 6.32996939e-05 4.14903690e-05 1.20022038e-04 3.51680123e-05 5.89872769e-05 1.17032040e-04 6.94684975e-05 1.35002250e-04 1.65190496e-04 9.73035649e-05 6.96019516e-05 4.99465496e-06 8.55475373e-06 5.95112360e-06 2.44392188e-05 4.80662529e-06 1.65792111e-05 4.52373075e-05 3.74115858e-05 1.67060760e-05 4.63740594e-05 3.54249787e-05 1.37207331e-05 4.79642681e-05 5.82383892e-05 9.03946056e-06 4.11478892e-05 1.09315432e-04 2.51786580e-05 2.41232847e-04 3.69760741e-04 1.47904296e-05 1.70488316e-04 3.42991843e-05 3.07343085e-05 3.31317512e-04 5.10626808e-04 8.73913218e-05 2.54251099e-04 5.11473443e-05 1.63195267e-05 3.53262172e-05 1.66176670e-05 3.60753694e-07 1.00000000e-10 1.00000000e-10
 1993 06 16 12 00 00  3.62774701e-03 2.19981485e-03 1.20974297e-03 8.63471757e-04 6.19478709e-04 3.49719056e-04 2.48676331e-04 2.07595369e-04 4.22471027e-04 1.22356960e-04 2.94384038e-03 4.35730703e-03 2.16874773e-04 6.32712942e-05 4.14606444e-05 1.19816385e-04 3.50905088e-05 5.88100113e-05 1.16938288e-04 6.94673392e-05 1.34653710e-04 1.64745607e-04 9.71247658e-05 6.95367000e-05 4.98924383e-06 8.55817852e-06 5.94927660e-06 2.44160532e-05 4.80688032e-06 1.65645106e-05 4.51506363e-05 3.73805495e-05 1.66411832e-05 4.62968074e-05 3.54381773e-05 1.37120995e-05 4.78083203e-05 5.80073027e-05 9.04233239e-06 4.10657468e-05 1.08819154e-04 2.51800055e-05 2.40358713e-04 3.69873238e-04 1.47949295e-05 1.69711333e-04 3.39068298e-05 3.07383976e-05 3.29872356e-04 5.09213221e-04 8.72081565e-05 2.53084079e-04 5.11363211e-05 1.63158940e-05 3.53196543e-05 1.66346923e-05 3.63069384e-07 1.00000000e-10 1.00000000e-10
 1993 06 17 12 00 00  3.62674303e-03 2.19783420e-03 1.20860240e-03 8.62825818e-04 6.19012850e-04 3.49695856e-04 2.48575908e-04 2.07450133e-04 4.22102802e-04 1.21982930e-04 2.94100546e-03 4.35729921e-03 2.16507208e-04 6.29976837e-05 4.13765053e-05 1.19630037e-04 3.50725459e-05 5.87879913e-05 1.16374099e-04 6.90142391e-05 1.34631290e-04 1.64717060e-04 9.70721977e-05 6.94606772e-05 4.98811351e-06 8.57694249e-06 5.94918347e-06 2.43941340e-05 4.79708360e-06 1.65413300e-05 4.50738537e-05 3.73742630e-05 1.66253318e-05 4.62289960e-05 3.48627218e-05 1.37119045e-05 4.76660396e-05 5.78768913e-05 9.05796624e-06 4.08803653e-05 1.08465075e-04 2.47990189e-05 2.39994926e-04 3.64566535e-04 1.45826614e-05 1.68001219e-04 3.38467711e-05 3.00013548e-05 3.27566580e-04 5.06685467e-04 8.62100194e-05 2.53193550e-04 5.17900499e-05 1.65538707e-05 3.58705693e-05 1.70238118e-05 3.82173431e-07 1.00000000e-10 1.00000000e-10
 1993 06 18 12 00 00  3.63680866e-03 2.20497052e-03 1.21307621e-03 8.66088457e-04 6.21868118e-04 3.50905617e-04 2.49807726e-04 2.08818323e-04 4.25690537e-04 1.23047470e-04 2.96976007e-03 4.41041142e-03 2.18032675e-04 6.34220665e-05 4.16134435e-05 1.20717034e-04 3.53625015e-05 5.95547550e-05 1.17312287e-04 6.95171708e-05 1.36253062e-04 1.66786494e-04 9.79532250e-05 6.98714166e-05 5.00902497e-06 8.60032160e-06 5.95791098e-06 2.45025595e-05 4.80857889e-06 1.66186660e-05 4.54964258e-05 3.74953088e-05 1.68636951e-05 4.66699671e-05 3.55339726e-05 1.37540104e-05 4.84946752e-05 5.90045671e-05 9.07743815e-06 4.15286324e-05 1.10897427e-04 2.52270373e-05 2.44415059e-04 3.70736144e-04 1.48294458e-05 1.73159728e-04 3.54822580e-05 3.08326853e-05 3.35726442e-04 5.15149473e-04 8.79996182e-05 2.58574966e-04 5.26358219e-05 1.68616662e-05 3.65826742e-05 1.75215840e-05 4.06257064e-07 1.00000000e-10 1.00000000e-10
 1993 06 19 12 00 00  3.64733652e-03 2.21309008e-03 1.21811329e-03 8.69640108e-04 6.24909969e-04 3.52115876e-04 2.51079011e-04 2.10246010e-04 4.29438811e-04 1.24295716e-04 2.99976046e-03 4.46352288e-03 2.19734408e-04 6.39756646e-05 4.18902932e-05 1.21878881e-04 3.56495497e-05 6.03179506e-05 1.18503275e-04 7.02373101e-05 1.37871421e-04 1.68851315e-04 9.88526587e-05 7.03228801e-05 5.02975272e-06 8.62590387e-06 5.96662358e-06 2.46187580e-05 4.82502655e-06 1.67050310e-05 4.59474934e-05 3.76153359e-05 1.70994899e-05 4.71447586e-05 3.64945066e-05 1.37960844e-05 4.93821668e-05 6.01785262e-05 9.09874943e-06 4.22767314e-05 1.13457649e-04 2.58398155e-05 2.49003261e-04 3.79564948e-04 1.51825979e-05 1.79087809e-04 3.71080183e-05 3.20228079e-05 3.44837398e-04 5.24709855e-04 9.02457946e-05 2.64042588e-04 5.35482470e-05 1.71937562e-05 3.73511597e-05 1.80608557e-05 4.32492516e-07 1.00000000e-10 1.00000000e-10
 1993 06 20 12 00 00  3.65913049e-03 2.21827363e-03 1.22161712e-03 8.72756535e-04 6.27941912e-04 3.53797492e-04 2.52598975e-04 2.11855279e-04 4.33648278e-04 1.24884363e-04 3.03375099e-03 4.53788340e-03 2.20998539e-04 6.39237256e-05 4.20227848e-05 1.23014088e-04 3.60595732e-05 6.13964221e-05 1.18525956e-04 6.98602642e-05 1.40147504e-04 1.71755047e-04 9.99891910e-05 7.07387854e-05 5.05928583e-06 8.71056327e-06 5.97886392e-06 2.47329191e-05 4.81702482e-06 1.67666963e-05 4.63962217e-05 3.77862336e-05 1.74368033e-05 4.76271367e-05 3.60235368e-05 1.38550779e-05 5.02499610e-05 6.15165112e-05 9.16921708e-06 4.27699101e-05 1.16197053e-04 2.55240244e-05 2.54627356e-04 3.75216791e-04 1.50086716e-05 1.82499820e-04 3.94113769e-05 3.14126897e-05 3.51402167e-04 5.31179884e-04 9.04579382e-05 2.72900349e-04 5.69448281e-05 1.84289105e-05 4.02042039e-05 2.00016817e-05 5.22701478e-07 9.36682198e-10 1.00000000e-10
 1993 06 21 12 00 00  3.66774853e-03 2.22522181e-03 1.22590480e-03 8.75716152e-04 6.30440380e-04 3.54760677e-04 2.53629296e-04 2.13018927e-04 4.36710446e-04 1.25966640e-04 3.05824893e-03 4.58036922e-03 2.22438236e-04 6.44231821e-05 4.22618236e-05 1.23969739e-04 3.62822204e-05 6.19984115e-05 1.19582918e-04 7.05330633e-05 1.41433287e-04 1.73395788e-04 1.00713543e-04 7.11095900e-05 5.07542754e-06 8.72276432e-06 5.98579827e-06 2.48270194e-05 4.83250442e-06 1.68387706e-05 4.67650612e-05 3.78798082e-05 1.76192683e-05 4.80137427e-05 3.69268586e-05 1.38886622e-05 5.09798734e-05 6.24674541e-05 9.17939687e-06 4.33988122e-05 1.18279970e-04 2.60974542e-05 2.58294027e-04 3.83516084e-04 1.53406434e-05 1.87549292e-04 4.06886073e-05 3.25269852e-05 3.59037602e-04 5.39212817e-04 9.24473066e-05 2.76920407e-04 5.72693907e-05 1.85473540e-05 4.04798258e-05 2.02130650e-05 5.34220925e-07 1.42929508e-09 1.00000000e-10
 1993 06 22 12 00 00  3.67947221e-03 2.23305475e-03 1.23085258e-03 8.79403633e-04 6.33710123e-04 3.56209557e-04 2.55074405e-04 2.14611318e-04 4.40886414e-04 1.27106157e-04 3.09177412e-03 4.64410409e-03 2.24134051e-04 6.48301917e-05 4.25147026e-05 1.25211646e-04 3.66297842e-05 6.29180518e-05 1.20497776e-04 7.09665474e-05 1.43380361e-04 1.75878509e-04 1.01755261e-04 7.16155008e-05 5.10049758e-06 8.81137967e-06 5.99626910e-06 2.49543549e-05 4.84266275e-06 1.69241467e-05 4.72524552e-05 3.80249316e-05 1.79049646e-05 4.85530460e-05 3.75185453e-05 1.39391836e-05 5.19342548e-05 6.37845893e-05 9.25315253e-06 4.41814731e-05 1.21096513e-04 2.64684437e-05 2.63774205e-04 3.88946501e-04 1.55578600e-05 1.93182363e-04 4.26499144e-05 3.32488678e-05 3.68057238e-04 5.48680878e-04 9.42318435e-05 2.85217789e-04 6.08545482e-05 1.98510098e-05 4.34907302e-05 2.22569459e-05 6.28912636e-07 4.84039973e-09 1.00000000e-10
 1993 06 23 12 00 00  3.69034740e-03 2.23911569e-03 1.23478365e-03 8.82556233e-04 6.36623993e-04 3.57653077e-04 2.56443896e-04 2.16090909e-04 4.44763070e-04 1.27913589e-04 3.12298457e-03 4.70784009e-03 2.25509197e-04 6.50007151e-05 4.26946343e-05 1.26310944e-04 3.69778310e-05 6.38382800e-05 1.20943601e-04 7.10040855e-05 1.45330948e-04 1.78361991e-04 1.02760673e-04 7.21387354e-05 5.12559709e-06 9.02558240e-06 6.00674321e-06 2.50745375e-05 4.84393531e-06 1.69922140e-05 4.76887393e-05 3.81702150e-05 1.81910873e-05 4.91069180e-05 3.75903706e-05 1.39897122e-05 5.27909220e-05 6.50170659e-05 9.43139821e-06 4.49511355e-05 1.23674438e-04 2.65038194e-05 2.69582160e-04 3.89593591e-04 1.55837436e-05 1.97477669e-04 4.46128281e-05 3.33197560e-05 3.75280065e-04 5.56493398e-04 9.51748002e-05 2.97367367e-04 6.98162105e-05 2.31089578e-05 5.10116272e-05 2.73199016e-05 8.60459889e-07 1.71324583e-08 8.84213236e-10
 1993 06 24 12 00 00  3.70492993e-03 2.25009204e-03 1.24161178e-03 8.87433013e-04 6.40836215e-04 3.59357248e-04 2.58215151e-04 2.18073591e-04 4.49958958e-04 1.29588306e-04 3.16460676e-03 4.78220098e-03 2.27823350e-04 6.57227642e-05 4.30658409e-05 1.27919104e-04 3.73917399e-05 6.49215246e-05 1.22508772e-04 7.19218806e-05 1.47616334e-04 1.81271887e-04 1.04019347e-04 7.28888444e-05 5.15537467e-06 9.24132546e-06 6.01900356e-06 2.52491151e-05 4.86495192e-06 1.71115208e-05 4.83263585e-05 3.83424747e-05 1.85318262e-05 4.98724908e-05 3.88173677e-05 1.40487464e-05 5.40409674e-05 6.66677133e-05 9.61092082e-06 4.62011323e-05 1.27265810e-04 2.72852281e-05 2.76923957e-04 4.00869847e-04 1.60347939e-05 2.05658440e-04 4.69291699e-05 3.48376663e-05 3.87797325e-04 5.70143095e-04 9.81491942e-05 3.10897001e-04 7.88727039e-05 2.64013071e-05 5.86115822e-05 3.24318561e-05 1.09394530e-06 2.95047002e-08 2.01099457e-09
 1993 06 25 12 00 00  3.71984367e-03 2.25893297e-03 1.24729240e-03 8.91907724e-04 6.44933310e-04 3.61299929e-04 2.60087588e-04 2.20111402e-04 4.55285153e-04 1.30809524e-04 3.20743298e-03 4.86718938e-03 2.29801913e-04 6.60583979e-05 4.33389395e-05 1.29469565e-04 3.78724741e-05 6.61689381e-05 1.23331884e-04 7.21489836e-05 1.50230493e-04 1.84609715e-04 1.05386348e-04 7.34108681e-05 5.18989036e-06 9.22759064e-06 6.03305489e-06 2.54017973e-05 4.87034376e-06 1.72131363e-05 4.89377031e-05 3.85420310e-05 1.89280370e-05 5.04655157e-05 3.91310110e-05 1.41162978e-05 5.52178992e-05 6.83616806e-05 9.59950339e-06 4.69210174e-05 1.30851128e-04 2.74801685e-05 2.83378972e-04 4.03746336e-04 1.61498534e-05 2.11916601e-04 4.96021530e-05 3.52173549e-05 3.98461662e-04 5.80769784e-04 9.98146660e-05 3.18029018e-04 7.82113089e-05 2.61610719e-05 5.80580304e-05 3.20712706e-05 1.07831875e-06 2.87400084e-08 1.94294820e-09
 1993 06 26 12 00 00  3.73232421e-03 2.26827129e-03 1.25310602e-03 8.96079459e-04 6.48547837e-04 3.62764993e-04 2.61607041e-04 2.21811478e-04 4.59735886e-04 1.32232636e-04 3.24308340e-03 4.93093021e-03 2.31775238e-04 6.66704470e-05 4.36549345e-05 1.30849512e-04 3.82321741e-05 6.71034562e-05 1.24664137e-04 7.29228603e-05 1.52191963e-04 1.87111729e-04 1.06466953e-04 7.39532867e-05 5.21572329e-06 9.27318833e-06 6.04358938e-06 2.55433239e-05 4.88797014e-06 1.73157331e-05 4.94820625e-05 3.86914006e-05 1.92244421e-05 5.10377225e-05 4.01606900e-05 1.41669530e-05 5.62757553e-05 6.97737192e-05 9.63745479e-06 4.78055334e-05 1.33926760e-04 2.81382701e-05 2.88979947e-04 4.13212155e-04 1.65284862e-05 2.18815920e-04 5.16040483e-05 3.64952459e-05 4.09198708e-04 5.92033718e-04 1.02346233e-04 3.25308253e-04 8.00639149e-05 2.68347077e-05 5.96137527e-05 3.31262141e-05 1.12711372e-06 3.13715432e-08 2.18376854e-09
 1993 06 27 12 00 00  3.74906756e-03 2.28089601e-03 1.26095909e-03 9.01712089e-04 6.53427279e-04 3.64724593e-04 2.63646122e-04 2.24096467e-04 4.65712424e-04 1.34163944e-04 3.29093224e-03 5.01592048e-03 2.34441630e-04 6.75144492e-05 4.40847629e-05 1.32713333e-04 3.87177628e-05 6.83568243e-05 1.26505939e-04 7.39994342e-05 1.54815662e-04 1.90457266e-04 1.07915299e-04 7.47100317e-05 5.25054456e-06 9.36757715e-06 6.05766581e-06 2.57377506e-05 4.91229002e-06 1.74555427e-05 5.02188367e-05 3.88926564e-05 1.96249355e-05 5.18305411e-05 4.15825634e-05 1.42345583e-05 5.77072142e-05 7.16769685e-05 9.71600602e-06 4.90497839e-05 1.38080915e-04 2.90521188e-05 2.96686172e-04 4.26289849e-04 1.70515940e-05 2.28222908e-04 5.42932656e-05 3.82686849e-05 4.23796496e-04 6.07461910e-04 1.05828406e-04 3.36156262e-04 8.39571465e-05 2.82501986e-05 6.28820432e-05 3.53341165e-05 1.22864398e-06 3.68031003e-08 2.67973732e-09
 1993 06 28 12 00 00  3.75935622e-03 2.28843577e-03 1.26566523e-03 9.05119134e-04 6.56395934e-04 3.65945973e-04 2.64903199e-04 2.25499250e-04 4.69383081e-04 1.35304744e-04 3.32034321e-03 5.06903864e-03 2.36043016e-04 6.79930456e-05 4.43383693e-05 1.33845847e-04 3.90188885e-05 6.91372785e-05 1.27554749e-04 7.45912781e-05 1.56449770e-04 1.92544469e-04 1.08811703e-04 7.50931846e-05 5.27215925e-06 9.32284020e-06 6.06645153e-06 2.58486223e-05 4.92575418e-06 1.75389546e-05 5.06635086e-05 3.90176137e-05 1.98731548e-05 5.22495475e-05 4.23691876e-05 1.42767851e-05 5.85663614e-05 7.28391569e-05 9.67880114e-06 4.96544464e-05 1.40607509e-04 2.95552862e-05 3.00898103e-04 4.33521793e-04 1.73408717e-05 2.33733142e-04 5.59661130e-05 3.92456393e-05 4.32520655e-04 6.16331986e-04 1.07827790e-04 3.39586331e-04 8.19406832e-05 2.75174789e-05 6.11922870e-05 3.42167278e-05 1.17898485e-06 3.42751619e-08 2.45211798e-09
 1993 06 29 12 00 00  3.74916755e-03 2.28120075e-03 1.26113071e-03 9.01764745e-04 6.53432767e-04 3.64711144e-04 2.63646052e-04 2.24100206e-04 4.65736485e-04 1.34218825e-04 3.29112591e-03 5.01591377e-03 2.34489479e-04 6.75480351e-05 4.40953285e-05 1.32715760e-04 3.87022272e-05 6.83377846e-05 1.26556138e-04 7.40597141e-05 1.54794427e-04 1.90432572e-04 1.07911554e-04 7.46657966e-05 5.24956668e-06 9.29916278e-06 6.05758505e-06 2.57309389e-05 4.91392748e-06 1.74553416e-05 5.02126014e-05 3.88872199e-05 1.96112262e-05 5.17906067e-05 4.16766241e-05 1.42343895e-05 5.77020951e-05 7.16644605e-05 9.65912477e-06 4.89799397e-05 1.38054279e-04 2.91055621e-05 2.96299428e-04 4.27146129e-04 1.70858452e-05 2.28310469e-04 5.42413152e-05 3.83738545e-05 4.23860399e-04 6.07350283e-04 1.05927259e-04 3.33618519e-04 8.07612478e-05 2.70891626e-05 6.02057597e-05 3.35788589e-05 1.15169399e-06 3.29675814e-08 2.33652457e-09
 1993 06 30 12 00 00  3.73527497e-03 2.27182381e-03 1.25521421e-03 8.97304411e-04 6.49448040e-04 3.62988697e-04 2.61921263e-04 2.22192885e-04 4.60764086e-04 1.32839743e-04 3.25125487e-03 4.94154058e-03 2.32451762e-04 6.70255701e-05 4.37860648e-05 1.31199263e-04 3.82630707e-05 6.72236027e-05 1.25358825e-04 7.34831381e-05 1.52480686e-04 1.87482552e-04 1.06669510e-04 7.40547651e-05 5.21820075e-06 9.20238526e-06 6.04519373e-06 2.55698690e-05 4.90111997e-06 1.73464595e-05 4.96072331e-05 3.87061300e-05 1.92482068e-05 5.11378452e-05 4.09265107e-05 1.41750803e-05 5.65373386e-05 7.00620038e-05 9.57863158e-06 4.80300709e-05 1.34597041e-04 2.86179391e-05 2.89695622e-04 4.20240103e-04 1.68096041e-05 2.21308288e-04 5.18405461e-05 3.74287018e-05 4.12559064e-04 5.95507087e-04 1.03630879e-04 3.23400711e-04 7.64474948e-05 2.55215709e-05 5.65901407e-05 3.11816881e-05 1.04470135e-06 2.74857534e-08 1.84200637e-09
 1993 07 01 12 00 00  3.70936458e-03 2.25693313e-03 1.24560010e-03 8.89572233e-04 6.42286070e-04 3.59562818e-04 2.58643790e-04 2.18633115e-04 4.51487871e-04 1.30807091e-04 3.17667017e-03 4.79279757e-03 2.29080079e-04 6.65017284e-05 4.33281418e-05 1.28489602e-04 3.73915711e-05 6.50035858e-05 1.24011844e-04 7.31999695e-05 1.47863863e-04 1.81593341e-04 1.04269728e-04 7.30337898e-05 5.15589600e-06 9.06297209e-06 6.02044711e-06 2.52873473e-05 4.89481135e-06 1.71681158e-05 4.85240666e-05 3.83463281e-05 1.85281766e-05 5.00040075e-05 4.05571132e-05 1.40565360e-05 5.44638733e-05 6.70711072e-05 9.46267464e-06 4.65947444e-05 1.28266461e-04 2.83783011e-05 2.77489615e-04 4.16839746e-04 1.66735898e-05 2.10497245e-04 4.70617844e-05 3.69641115e-05 3.94007668e-04 5.76588715e-04 1.00902272e-04 3.05128088e-04 7.02333049e-05 2.32633734e-05 5.13816512e-05 2.77284379e-05 8.90572898e-07 1.95888845e-08 1.12962617e-09
 1993 07 02 12 00 00  3.69547989e-03 2.24755775e-03 1.23968497e-03 8.85118303e-04 6.38310016e-04 3.57842623e-04 2.56921057e-04 2.16728244e-04 4.46519804e-04 1.29428618e-04 3.13683200e-03 4.71842550e-03 2.27043692e-04 6.59803722e-05 4.30191930e-05 1.26976558e-04 3.69548448e-05 6.38923782e-05 1.22819783e-04 7.26246682e-05 1.45555905e-04 1.78647174e-04 1.03029279e-04 7.25000873e-05 5.12468214e-06 9.07384456e-06 6.00806852e-06 2.51340683e-05 4.88199621e-06 1.70597408e-05 4.79241873e-05 3.81660851e-05 1.81672993e-05 4.94172637e-05 3.98067641e-05 1.39972515e-05 5.33131176e-05 6.54779656e-05 9.47176595e-06 4.57861518e-05 1.24829119e-04 2.78914522e-05 2.71449368e-04 4.09932691e-04 1.63973076e-05 2.03584286e-04 4.46691382e-05 3.60202830e-05 3.82745409e-04 5.65114782e-04 9.86131732e-05 2.98242994e-04 7.03823403e-05 2.33182969e-05 5.15120545e-05 2.78587314e-05 8.99578606e-07 2.02956606e-08 1.19978179e-09
 1993 07 03 12 00 00  3.67587138e-03 2.23463184e-03 1.23150333e-03 8.78899342e-04 6.32727679e-04 3.55387468e-04 2.54480831e-04 2.14037850e-04 4.39503518e-04 1.27547168e-04 3.08054469e-03 4.61218059e-03 2.24219754e-04 6.52987227e-05 4.25972986e-05 1.24854194e-04 3.63317202e-05 6.23058935e-05 1.21243867e-04 7.19082134e-05 1.42259927e-04 1.74439604e-04 1.01267383e-04 7.17583276e-05 5.08013945e-06 9.08985967e-06 5.99038904e-06 2.49194983e-05 4.86602439e-06 1.69096812e-05 4.70823992e-05 3.79088655e-05 1.76524394e-05 4.85965400e-05 3.88716493e-05 1.39125725e-05 5.16995063e-05 6.32276097e-05 9.48513625e-06 4.46804183e-05 1.19988676e-04 2.72850535e-05 2.62909853e-04 4.01325300e-04 1.60530120e-05 1.94091103e-04 4.12536436e-05 3.48446018e-05 3.67146328e-04 5.49285257e-04 9.55687841e-05 2.88563319e-04 7.07448167e-05 2.34508190e-05 5.18216149e-05 2.81098698e-05 9.14128293e-07 2.12980453e-08 1.29690534e-09
 1993 07 04 12 00 00  3.66331031e-03 2.22524284e-03 1.22565618e-03 8.74663213e-04 6.29033610e-04 3.53905053e-04 2.52943076e-04 2.12314975e-04 4.35009719e-04 1.26111547e-04 3.04457708e-03 4.54843156e-03 2.22227691e-04 6.46698038e-05 4.22763757e-05 1.23442723e-04 3.59535683e-05 6.13487558e-05 1.19856117e-04 7.11112923e-05 1.40274944e-04 1.71908272e-04 1.00173738e-04 7.11957631e-05 5.05314492e-06 9.03289401e-06 5.97975923e-06 2.47707424e-05 4.84828306e-06 1.68027299e-05 4.65204306e-05 3.77530378e-05 1.73397551e-05 4.80041599e-05 3.78327735e-05 1.38617150e-05 5.06169236e-05 6.17825924e-05 9.43778941e-06 4.37617026e-05 1.16828205e-04 2.66107440e-05 2.57132510e-04 3.91761916e-04 1.56704766e-05 1.87007386e-04 3.91900627e-05 3.35373945e-05 3.56056917e-04 5.37615413e-04 9.29531162e-05 2.80363525e-04 6.79689743e-05 2.24426349e-05 4.94988810e-05 2.66008003e-05 8.49023985e-07 1.81354103e-08 1.01611359e-09
 1993 07 05 12 00 00  3.64722051e-03 2.21410217e-03 1.21865049e-03 8.69429504e-04 6.24382864e-04 3.51932246e-04 2.50951072e-04 2.10104930e-04 4.29249643e-04 1.24455505e-04 2.99841363e-03 4.46343236e-03 2.19820612e-04 6.40146568e-05 4.19050694e-05 1.21670852e-04 3.54485615e-05 6.00715866e-05 1.18369200e-04 7.03559956e-05 1.37626956e-04 1.68531864e-04 9.87434841e-05 7.04862345e-05 5.01710128e-06 8.93366814e-06 5.96558129e-06 2.45826830e-05 4.83154181e-06 1.66734865e-05 4.58129007e-05 3.75449861e-05 1.69221254e-05 4.72482359e-05 3.68520326e-05 1.37939016e-05 4.92568432e-05 5.99248155e-05 9.35527787e-06 4.26457053e-05 1.12804935e-04 2.59722670e-05 2.49549672e-04 3.82731355e-04 1.53092542e-05 1.78648857e-04 3.64359061e-05 3.23000422e-05 3.42659922e-04 5.23571649e-04 9.01177743e-05 2.68891736e-04 6.34132291e-05 2.07874084e-05 4.56826108e-05 2.40879460e-05 7.38130947e-07 1.25508617e-08 5.14860954e-10
 1993 07 06 12 00 00  3.63661660e-03 2.20603754e-03 1.21363821e-03 8.65808273e-04 6.21229986e-04 3.50689698e-04 2.49653259e-04 2.08646508e-04 4.25451125e-04 1.23212942e-04 2.96803192e-03 4.41030487e-03 2.18113422e-04 6.34546187e-05 4.16266520e-05 1.20464917e-04 3.51265538e-05 5.92655444e-05 1.17132612e-04 6.96336967e-05 1.35962930e-04 1.66411472e-04 9.78226659e-05 6.99716664e-05 4.99417220e-06 8.83977336e-06 5.95668716e-06 2.44513511e-05 4.81560346e-06 1.65805579e-05 4.53298901e-05 3.74127208e-05 1.66554804e-05 4.67143987e-05 3.59178986e-05 1.37514449e-05 4.83271783e-05 5.86947765e-05 9.27719448e-06 4.17915274e-05 1.10104248e-04 2.53622740e-05 2.44414472e-04 3.74127591e-04 1.49651037e-05 1.72471418e-04 3.46932327e-05 3.11182666e-05 3.33061448e-04 5.13313084e-04 8.78011164e-05 2.60499700e-04 5.91348235e-05 1.92328748e-05 4.20981394e-05 2.17235967e-05 6.33488918e-07 7.25757605e-09 3.91268351e-11
 1993 07 07 12 00 00  3.62588151e-03 2.19769638e-03 1.20846783e-03 8.62105635e-04 6.18024352e-04 3.49446291e-04 2.48344141e-04 2.07171340e-04 4.21607732e-04 1.21918906e-04 2.93729556e-03 4.35717739e-03 2.16357045e-04 6.28593942e-05 4.13373501e-05 1.19237759e-04 3.48045549e-05 5.84595022e-05 1.15829464e-04 6.88520842e-05 1.34300309e-04 1.64291104e-04 9.68962150e-05 6.94855353e-05 4.97124420e-06 8.80116713e-06 5.94779340e-06 2.43212948e-05 4.79826958e-06 1.64849809e-05 4.48392878e-05 3.72804585e-05 1.63888413e-05 4.62048088e-05 3.49025009e-05 1.37089926e-05 4.73859270e-05 5.74535071e-05 9.24510896e-06 4.09827532e-05 1.07370305e-04 2.47014803e-05 2.39511687e-04 3.64778232e-04 1.45911293e-05 1.66111208e-04 3.29505914e-05 2.98376137e-05 3.23190098e-04 5.02916485e-04 8.53584903e-05 2.53857617e-04 5.72471481e-05 1.85472851e-05 4.05186920e-05 2.06982102e-05 5.89309244e-07 5.11599900e-09 1.00000000e-10
 1993 07 08 12 00 00  3.62268267e-03 2.19668751e-03 1.20773353e-03 8.61310005e-04 6.17185399e-04 3.48950209e-04 2.47914237e-04 2.06722587e-04 4.20451372e-04 1.21836377e-04 2.92795511e-03 4.33592424e-03 2.16072207e-04 6.29279692e-05 4.13163326e-05 1.18924674e-04 3.46689601e-05 5.81287662e-05 1.15909566e-04 6.90547808e-05 1.33627438e-04 1.63432153e-04 9.65692907e-05 6.93918249e-05 4.96164503e-06 8.79718355e-06 5.94420053e-06 2.42881423e-05 4.80305789e-06 1.64681733e-05 4.47105220e-05 3.72251758e-05 1.62761877e-05 4.60849028e-05 3.51811526e-05 1.36919363e-05 4.71495082e-05 5.70671216e-05 9.24182241e-06 4.09036678e-05 1.06580746e-04 2.48752622e-05 2.37981025e-04 3.67334489e-04 1.46933795e-05 1.65394947e-04 3.22308042e-05 3.01759603e-05 3.21498326e-04 5.01377144e-04 8.54649500e-05 2.51580922e-04 5.68857435e-05 1.84163717e-05 4.02187833e-05 2.05233853e-05 5.83254160e-07 4.94018302e-09 1.00000000e-10
 1993 07 09 12 00 00  3.61831048e-03 2.19323536e-03 1.20559756e-03 8.59775065e-04 6.15853000e-04 3.48445250e-04 2.47379271e-04 2.06117615e-04 4.18881404e-04 1.21296093e-04 2.91540909e-03 4.31466922e-03 2.15345386e-04 6.26715670e-05 4.11950505e-05 1.18413795e-04 3.45323904e-05 5.77968196e-05 1.15344795e-04 6.87133521e-05 1.32951801e-04 1.62571644e-04 9.61913184e-05 6.91667477e-05 4.95198474e-06 8.75028491e-06 5.94060257e-06 2.42305914e-05 4.79559531e-06 1.64272350e-05 4.45026314e-05 3.71695467e-05 1.61626740e-05 4.58538482e-05 3.47433379e-05 1.36748713e-05 4.67539018e-05 5.65507477e-05 9.20282255e-06 4.05229386e-05 1.05436378e-04 2.45875184e-05 2.35792559e-04 3.63299735e-04 1.45319894e-05 1.62682336e-04 3.15077545e-05 2.96188751e-05 3.17312188e-04 4.96867250e-04 8.44120411e-05 2.47789673e-04 5.47405269e-05 1.76369384e-05 3.84216449e-05 1.93390317e-05 5.30913951e-07 2.99045553e-09 1.00000000e-10
 1993 07 10 12 00 00  3.61775410e-03 2.19216285e-03 1.20497913e-03 8.59414589e-04 6.15585582e-04 3.48428650e-04 2.47321306e-04 2.06034718e-04 4.18674599e-04 1.21092990e-04 2.91381800e-03 4.31466289e-03 2.15144445e-04 6.25217106e-05 4.11490188e-05 1.18306856e-04 3.45183129e-05 5.77795610e-05 1.15031262e-04 6.84662315e-05 1.32932162e-04 1.62549274e-04 9.61600525e-05 6.90668825e-05 4.95109853e-06 8.68127609e-06 5.94052945e-06 2.42121691e-05 4.79032024e-06 1.64137993e-05 4.44547238e-05 3.71646223e-05 1.61502510e-05 4.57668046e-05 3.44330183e-05 1.36747170e-05 4.66637752e-05 5.64692267e-05 9.14542397e-06 4.03160458e-05 1.05219640e-04 2.43802875e-05 2.35166541e-04 3.60435829e-04 1.44174331e-05 1.61673067e-04 3.14606819e-05 2.92183307e-05 3.15996081e-04 4.95184008e-04 8.38595871e-05 2.45259200e-04 5.16688545e-05 1.65207024e-05 3.58470180e-05 1.76314800e-05 4.54659967e-07 3.74890163e-10 1.00000000e-10
 1993 07 11 12 00 00  3.62077334e-03 2.19576308e-03 1.20711863e-03 8.60694589e-04 6.16552770e-04 3.48666096e-04 2.47650782e-04 2.06435404e-04 4.19739767e-04 1.21711715e-04 2.92225552e-03 4.32527959e-03 2.15837909e-04 6.28926987e-05 4.12847924e-05 1.18683078e-04 3.45637760e-05 5.79175656e-05 1.15777509e-04 6.90486224e-05 1.33239617e-04 1.62943244e-04 9.63731170e-05 6.91893318e-05 4.95449240e-06 8.62498491e-06 5.94221056e-06 2.42449364e-05 4.80359013e-06 1.64480964e-05 4.45936647e-05 3.71844450e-05 1.61868709e-05 4.58871701e-05 3.52081988e-05 1.36830015e-05 4.69459684e-05 5.67845037e-05 9.09860610e-06 4.05772025e-05 1.05959415e-04 2.48755940e-05 2.36050469e-04 3.67561946e-04 1.47024779e-05 1.64323600e-04 3.17458878e-05 3.01801425e-05 3.19649901e-04 4.99016407e-04 8.52191331e-05 2.44349362e-04 4.91445987e-05 1.56034374e-05 3.37315333e-05 1.62308792e-05 3.92290826e-07 1.00000000e-10 1.00000000e-10
 1993 07 12 12 00 00  3.62578022e-03 2.19792240e-03 1.20858413e-03 8.61998041e-04 6.17820512e-04 3.49380332e-04 2.48294754e-04 2.07115865e-04 4.21524646e-04 1.21951987e-04 2.93666452e-03 4.35714535e-03 2.16366779e-04 6.28621266e-05 4.13390409e-05 1.19156846e-04 3.47327063e-05 5.83714340e-05 1.15769018e-04 6.88741857e-05 1.34206582e-04 1.64176899e-04 9.68546465e-05 6.93630504e-05 4.96672146e-06 8.66237315e-06 5.94742087e-06 2.42913547e-05 4.79988048e-06 1.64726352e-05 4.47769594e-05 3.72553099e-05 1.63254343e-05 4.60892946e-05 3.49898852e-05 1.37082112e-05 4.73066104e-05 5.73444104e-05 9.12973046e-06 4.07807017e-05 1.07098554e-04 2.47294316e-05 2.38414635e-04 3.65546685e-04 1.46218674e-05 1.65692812e-04 3.27103131e-05 2.98977102e-05 3.22307601e-04 5.01630317e-04 8.52702112e-05 2.48077268e-04 5.06265357e-05 1.61423843e-05 3.49766526e-05 1.70805116e-05 4.31967314e-07 1.00000000e-10 1.00000000e-10
 1993 07 13 12 00 00  3.62760626e-03 2.19904079e-03 1.20929927e-03 8.62524635e-04 6.18283152e-04 3.49608741e-04 2.48516904e-04 2.07356853e-04 4.22167553e-04 1.22105346e-04 2.94183837e-03 4.36776131e-03 2.16610309e-04 6.29010498e-05 4.13724029e-05 1.19330926e-04 3.47772002e-05 5.85082395e-05 1.15853962e-04 6.89010369e-05 1.34514318e-04 1.64569322e-04 9.70157980e-05 6.94373503e-05 4.97005385e-06 8.68179268e-06 5.94909652e-06 2.43070346e-05 4.80071867e-06 1.64823498e-05 4.48398751e-05 3.72747949e-05 1.63611970e-05 4.61685412e-05 3.50374758e-05 1.37164854e-05 4.74396451e-05 5.75334127e-05 9.14590128e-06 4.08913483e-05 1.07488053e-04 2.47541408e-05 2.39237729e-04 3.65976996e-04 1.46390799e-05 1.66391453e-04 3.29922681e-05 2.99468782e-05 3.23418298e-04 5.02805858e-04 8.54458745e-05 2.49377425e-04 5.13565405e-05 1.64079726e-05 3.55907331e-05 1.75053586e-05 4.52218539e-07 4.40715553e-10 1.00000000e-10
 1993 07 14 12 00 00  3.62723168e-03 2.19835976e-03 1.20890547e-03 8.62278546e-04 6.18088905e-04 3.49591189e-04 2.48474206e-04 2.07297408e-04 4.22024606e-04 1.21975610e-04 2.94073455e-03 4.36775349e-03 2.16479958e-04 6.28040551e-05 4.13426710e-05 1.19253257e-04 3.47606925e-05 5.84880006e-05 1.15647409e-04 6.87426538e-05 1.34495947e-04 1.64543086e-04 9.69911123e-05 6.94708462e-05 4.96901484e-06 8.77775019e-06 5.94901103e-06 2.43021030e-05 4.79741357e-06 1.64723246e-05 4.48064360e-05 3.72690149e-05 1.63466291e-05 4.61940110e-05 3.48425499e-05 1.37163064e-05 4.73887500e-05 5.74769141e-05 9.22575782e-06 4.09393836e-05 1.07333342e-04 2.46219512e-05 2.39506255e-04 3.64175514e-04 1.45670206e-05 1.65791352e-04 3.29370669e-05 2.96917802e-05 3.22470611e-04 5.02061412e-04 8.50778279e-05 2.52059644e-04 5.53278167e-05 1.78518073e-05 3.89243002e-05 1.97554930e-05 5.55557223e-07 4.11910968e-09 1.00000000e-10
 1993 07 15 12 00 00  3.62725807e-03 2.19850534e-03 1.20898690e-03 8.62287669e-04 6.18068616e-04 3.49577290e-04 2.48468453e-04 2.07292887e-04 4.22025707e-04 1.22001396e-04 2.94073490e-03 4.36774716e-03 2.16500825e-04 6.28200337e-05 4.13477365e-05 1.19245166e-04 3.47451569e-05 5.84689609e-05 1.15669614e-04 6.87726308e-05 1.34477101e-04 1.64518391e-04 9.69842189e-05 6.94872501e-05 4.96803696e-06 8.80167863e-06 5.94892990e-06 2.43001160e-05 4.79823284e-06 1.64706996e-05 4.47967180e-05 3.72635724e-05 1.63329198e-05 4.62056257e-05 3.48896021e-05 1.37161362e-05 4.73833318e-05 5.74614606e-05 9.24568230e-06 4.09770919e-05 1.07294689e-04 2.46485695e-05 2.39560764e-04 3.64603766e-04 1.45841506e-05 1.65818382e-04 3.28851165e-05 2.97441904e-05 3.22390451e-04 5.02077875e-04 8.51126034e-05 2.52552103e-04 5.62382303e-05 1.81830017e-05 3.96899288e-05 2.02835048e-05 5.80608440e-07 5.42456480e-09 1.00000000e-10
 1993 07 16 12 00 00  3.63295105e-03 2.20208428e-03 1.21126716e-03 8.64024520e-04 6.19628507e-04 3.50297966e-04 2.49174724e-04 2.08065655e-04 4.24053653e-04 1.22507884e-04 2.95702553e-03 4.39961329e-03 2.17287286e-04 6.29791952e-05 4.14604981e-05 1.19835996e-04 3.49160313e-05 5.89252159e-05 1.16039522e-04 6.89154316e-05 1.35447404e-04 1.65755144e-04 9.74963087e-05 6.97380757e-05 4.98038826e-06 8.86416601e-06 5.95415113e-06 2.43611782e-05 4.80162926e-06 1.65095526e-05 4.50271016e-05 3.73351184e-05 1.64731988e-05 4.64732745e-05 3.50871269e-05 1.37413677e-05 4.78379955e-05 5.80991457e-05 9.29768939e-06 4.13570229e-05 1.08645784e-04 2.47711985e-05 2.42316229e-04 3.66415076e-04 1.46566030e-05 1.68357984e-04 3.38560465e-05 2.99830659e-05 3.26520652e-04 5.06441883e-04 8.58422760e-05 2.57196980e-04 5.87829576e-05 1.91082881e-05 4.18267532e-05 2.17316497e-05 6.47530365e-07 9.02923851e-09 2.26382402e-10
 1993 07 17 12 00 00  3.63787650e-03 2.20685552e-03 1.21415543e-03 8.65892994e-04 6.21134086e-04 3.50781586e-04 2.49744078e-04 2.08728945e-04 4.25802256e-04 1.23292206e-04 2.97094937e-03 4.42085564e-03 2.18241847e-04 6.34029923e-05 4.16337033e-05 1.20416468e-04 3.50249233e-05 5.92232391e-05 1.16915483e-04 6.95433991e-05 1.36088480e-04 1.66571662e-04 9.78837921e-05 7.00033771e-05 4.98830705e-06 8.90893789e-06 5.95760466e-06 2.44214081e-05 4.81587776e-06 1.65579059e-05 4.52503624e-05 3.73810588e-05 1.65622914e-05 4.67341036e-05 3.59197962e-05 1.37581330e-05 4.82858748e-05 5.86401822e-05 9.33495976e-06 4.18513698e-05 1.09866556e-04 2.53047619e-05 2.44562169e-04 3.74071555e-04 1.49628622e-05 1.71936538e-04 3.44865432e-05 3.10188421e-05 3.31630194e-04 5.12053677e-04 8.74529422e-05 2.60465577e-04 6.05536745e-05 1.97522679e-05 4.33145781e-05 2.27474628e-05 6.95007344e-07 1.16261999e-08 4.64942884e-10
 1993 07 18 12 00 00  3.64506416e-03 2.21077570e-03 1.21670722e-03 8.67955390e-04 6.23048133e-04 3.51741620e-04 2.50650741e-04 2.09706533e-04 4.28364657e-04 1.23808015e-04 2.99157860e-03 4.46334444e-03 2.19136794e-04 6.35015738e-05 4.17489883e-05 1.21137836e-04 3.52548494e-05 5.98341459e-05 1.17182794e-04 6.95432420e-05 1.37383119e-04 1.68223965e-04 9.85502938e-05 7.02604856e-05 5.00490751e-06 8.93209944e-06 5.96457648e-06 2.44920806e-05 4.81612660e-06 1.66017436e-05 4.55312650e-05 3.74771800e-05 1.67511826e-05 4.70258401e-05 3.59328318e-05 1.37917959e-05 4.88345369e-05 5.94464674e-05 9.35425560e-06 4.21942905e-05 1.11549278e-04 2.53067265e-05 2.47791461e-04 3.74183404e-04 1.49673361e-05 1.74611956e-04 3.57881159e-05 3.10239819e-05 3.36299013e-04 5.16725807e-04 8.80242494e-05 2.64720888e-04 6.13800874e-05 2.00530506e-05 4.40106129e-05 2.32358512e-05 7.18764443e-07 1.29940650e-08 5.92266236e-10
 1993 07 19 12 00 00  3.65130322e-03 2.21553162e-03 1.21966168e-03 8.70033061e-04 6.24823907e-04 3.52460281e-04 2.51402353e-04 2.10548472e-04 4.30581456e-04 1.24534331e-04 3.00932987e-03 4.49520797e-03 2.20133724e-04 6.38157197e-05 4.19096250e-05 1.21815233e-04 3.54194111e-05 6.02826534e-05 1.17855241e-04 6.99469703e-05 1.38344348e-04 1.69450658e-04 9.90826353e-05 7.05194201e-05 5.01686118e-06 8.94218829e-06 5.96976461e-06 2.45580211e-05 4.82546384e-06 1.66508842e-05 4.57910273e-05 3.75465112e-05 1.68858896e-05 4.72993841e-05 3.64773965e-05 1.38169562e-05 4.93507618e-05 6.01324878e-05 9.36267097e-06 4.26201932e-05 1.13037565e-04 2.56512139e-05 2.50451063e-04 3.79185121e-04 1.51674048e-05 1.78018580e-04 3.67379165e-05 3.16936435e-05 3.41530756e-04 5.22194491e-04 8.92971822e-05 2.67681453e-04 6.16359957e-05 2.01464871e-05 4.42282722e-05 2.34054617e-05 7.28176158e-07 1.36179047e-08 6.52235421e-10
 1993 07 20 12 00 00  3.66268398e-03 2.22265493e-03 1.22420216e-03 8.73503733e-04 6.27947424e-04 3.53905951e-04 2.52816292e-04 2.12094671e-04 4.34635826e-04 1.25540744e-04 3.04191388e-03 4.55894321e-03 2.21700706e-04 6.41277465e-05 4.21332168e-05 1.22998545e-04 3.57660028e-05 6.12011179e-05 1.18580038e-04 7.02216639e-05 1.40288462e-04 1.71931862e-04 1.00109081e-04 7.09503642e-05 5.04186974e-06 8.96777492e-06 5.98023071e-06 2.46747319e-05 4.83207041e-06 1.67290995e-05 4.62533972e-05 3.76912969e-05 1.71707317e-05 4.77752146e-05 3.68612120e-05 1.38674703e-05 5.02528437e-05 6.14081607e-05 9.38399389e-06 4.32479646e-05 1.15743370e-04 2.58877088e-05 2.55478948e-04 3.82702475e-04 1.53080990e-05 1.83032830e-04 3.86959902e-05 3.21547152e-05 3.49813696e-04 5.30628292e-04 9.07420743e-05 2.73893766e-04 6.24922755e-05 2.04583017e-05 4.49506208e-05 2.39215136e-05 7.53911479e-07 1.51443057e-08 7.95351340e-10
 1993 07 21 12 00 00  3.67125456e-03 2.22671599e-03 1.22690945e-03 8.75817837e-04 6.30156435e-04 3.55099744e-04 2.53910318e-04 2.13259000e-04 4.37689620e-04 1.26027580e-04 3.06655044e-03 4.61205281e-03 2.22665466e-04 6.41367730e-05 4.22421559e-05 1.23826783e-04 3.60496517e-05 6.19601458e-05 1.18682640e-04 7.00313889e-05 1.41902577e-04 1.73991279e-04 1.00922425e-04 7.12542826e-05 5.06238430e-06 9.02364409e-06 5.98892548e-06 2.47562492e-05 4.82820433e-06 1.67748651e-05 4.65759447e-05 3.78101337e-05 1.74035260e-05 4.81244705e-05 3.66325316e-05 1.39095064e-05 5.08845743e-05 6.23678265e-05 9.43052437e-06 4.36243296e-05 1.17714158e-04 2.57297710e-05 2.59481573e-04 3.80585463e-04 1.52234185e-05 1.85692441e-04 4.03103913e-05 3.18504870e-05 3.54733694e-04 5.35514354e-04 9.10446140e-05 2.79863145e-04 6.45535141e-05 2.12083203e-05 4.66852871e-05 2.51276436e-05 8.11823347e-07 1.84251459e-08 1.09949552e-09
 1993 07 22 12 00 00  3.68477238e-03 2.23829076e-03 1.23400415e-03 8.80636461e-04 6.34180170e-04 3.56560869e-04 2.55515735e-04 2.15090241e-04 4.42498714e-04 1.27868340e-04 3.10497344e-03 4.67578769e-03 2.25038517e-04 6.50429371e-05 4.26490140e-05 1.25370829e-04 3.63972154e-05 6.28797861e-05 1.20589204e-04 7.13005196e-05 1.43849178e-04 1.76474000e-04 1.02041433e-04 7.18821238e-05 5.08745325e-06 9.06893110e-06 5.99939740e-06 2.49134445e-05 4.85712189e-06 1.68969710e-05 4.71790968e-05 3.79552570e-05 1.76892238e-05 4.87672597e-05 3.83217150e-05 1.39600292e-05 5.20696223e-05 6.38764229e-05 9.46825530e-06 4.47245744e-05 1.21058855e-04 2.68091215e-05 2.65405686e-04 3.96113879e-04 1.58445551e-05 1.94303034e-04 4.22716985e-05 3.39464052e-05 3.67560245e-04 5.49176807e-04 9.46070867e-05 2.86947555e-04 6.61215756e-05 2.17791710e-05 4.80069411e-05 2.60627571e-05 8.57843582e-07 2.11124419e-08 1.35050628e-09
 1993 07 23 12 00 00  3.69424463e-03 2.24420794e-03 1.23777630e-03 8.83519557e-04 6.36774603e-04 3.57765195e-04 2.56692287e-04 2.16376123e-04 4.45871343e-04 1.28703008e-04 3.13208942e-03 4.72890064e-03 2.26339728e-04 6.52982578e-05 4.28339350e-05 1.26353625e-04 3.66857188e-05 6.36447687e-05 1.21180167e-04 7.15221104e-05 1.45469300e-04 1.78541137e-04 1.02896121e-04 7.22527067e-05 5.10827304e-06 9.10902963e-06 6.00811727e-06 2.50115423e-05 4.86254539e-06 1.69618199e-05 4.75648025e-05 3.80757963e-05 1.79263036e-05 4.91733729e-05 3.86362895e-05 1.40021177e-05 5.28217312e-05 6.49385558e-05 9.50167087e-06 4.52681175e-05 1.23310181e-04 2.70006771e-05 2.69686539e-04 3.98993815e-04 1.59597526e-05 1.98472711e-04 4.39023279e-05 3.43203457e-05 3.74428223e-04 5.56219614e-04 9.57947266e-05 2.92581223e-04 6.74624569e-05 2.22674561e-05 4.91381158e-05 2.68710466e-05 8.98164245e-07 2.35047189e-08 1.57482472e-09
 1993 07 24 12 00 00  3.70519416e-03 2.25319858e-03 1.24331194e-03 8.87334337e-04 6.39992022e-04 3.58980900e-04 2.58001467e-04 2.17859195e-04 4.49765611e-04 1.30113702e-04 3.16324403e-03 4.78201360e-03 2.28197458e-04 6.59633608e-05 4.31452603e-05 1.27586105e-04 3.69756803e-05 6.44115382e-05 1.22584848e-04 7.24295445e-05 1.47089627e-04 1.80610588e-04 1.03815199e-04 7.26898539e-05 5.12918486e-06 9.06498681e-06 6.01684515e-06 2.51314361e-05 4.88337319e-06 1.70571042e-05 4.80457491e-05 3.81968450e-05 1.81646697e-05 4.96360589e-05 3.98519827e-05 1.40442251e-05 5.37598575e-05 6.61577137e-05 9.46508371e-06 4.60104292e-05 1.25996404e-04 2.77736603e-05 2.74093115e-04 4.10164715e-04 1.64065886e-05 2.05065310e-04 4.55378351e-05 3.58221558e-05 3.84441905e-04 5.66578126e-04 9.84442395e-05 2.95779634e-04 6.51778601e-05 2.14379800e-05 4.72285144e-05 2.56469621e-05 8.46586005e-07 2.10971134e-08 1.36376137e-09
 1993 07 25 12 00 00  3.71022125e-03 2.25543659e-03 1.24481983e-03 8.88643057e-04 6.41249788e-04 3.59691213e-04 2.58643278e-04 2.18537191e-04 4.51549684e-04 1.30366902e-04 3.17767428e-03 4.81387675e-03 2.28735557e-04 6.59354500e-05 4.32004993e-05 1.28056254e-04 3.71402362e-05 6.48600515e-05 1.22566216e-04 7.22620403e-05 1.48048178e-04 1.81837296e-04 1.04295301e-04 7.27830484e-05 5.14113890e-06 8.99046354e-06 6.02203327e-06 2.51695300e-05 4.88012083e-06 1.70812940e-05 4.82263578e-05 3.82661790e-05 1.82993768e-05 4.97688294e-05 3.96585645e-05 1.40693868e-05 5.41088703e-05 6.67080670e-05 9.40313912e-06 4.60685782e-05 1.27115187e-04 2.76358682e-05 2.75876198e-04 4.08368875e-04 1.63347550e-05 2.06382210e-04 4.64876503e-05 3.55575496e-05 3.87081605e-04 5.68825276e-04 9.85011720e-05 2.95697402e-04 6.15842813e-05 2.01327158e-05 4.42209606e-05 2.36884408e-05 7.61755268e-07 1.69494641e-08 9.94780347e-10
 1993 07 26 12 00 00  3.71215733e-03 2.25682932e-03 1.24568950e-03 8.89231106e-04 6.41737619e-04 3.59915015e-04 2.58870609e-04 2.18787036e-04 4.52222997e-04 1.30569758e-04 3.18310911e-03 4.82449085e-03 2.29023325e-04 6.60030387e-05 4.32428881e-05 1.28240789e-04 3.71789065e-05 6.49897265e-05 1.22693078e-04 7.23395846e-05 1.48348592e-04 1.82220473e-04 1.04458154e-04 7.28639545e-05 5.14410494e-06 9.00937521e-06 6.02367800e-06 2.51854215e-05 4.88240330e-06 1.70923018e-05 4.82945912e-05 3.82836239e-05 1.83299999e-05 4.98521998e-05 3.97888100e-05 1.40775985e-05 5.42526503e-05 6.69010504e-05 9.41893450e-06 4.61988028e-05 1.27516855e-04 2.77060899e-05 2.76711356e-04 4.09549908e-04 1.63819963e-05 2.07249875e-04 4.67501290e-05 3.56966193e-05 3.88353037e-04 5.70187028e-04 9.87731208e-05 2.96683126e-04 6.19663695e-05 2.02726146e-05 4.45487500e-05 2.39659682e-05 7.78523861e-07 1.81455952e-08 1.11146932e-09
 1993 07 27 12 00 00  3.70712678e-03 2.25487844e-03 1.24433511e-03 8.87885542e-04 6.40362944e-04 3.59162672e-04 2.58200522e-04 2.18078050e-04 4.50400378e-04 1.30362694e-04 3.16842519e-03 4.79260609e-03 2.28512903e-04 6.60431634e-05 4.31921259e-05 1.27724753e-04 3.69682297e-05 6.44846761e-05 1.22679316e-04 7.25407270e-05 1.47330246e-04 1.80920463e-04 1.03953978e-04 7.27072237e-05 5.12924780e-06 9.01132298e-06 6.01825086e-06 2.51299824e-05 4.88744845e-06 1.70612587e-05 4.80819425e-05 3.81981430e-05 1.81545896e-05 4.96573266e-05 4.00807243e-05 1.40519332e-05 5.38633134e-05 6.62874079e-05 9.42061815e-06 4.60410487e-05 1.26240589e-04 2.78809777e-05 2.74334721e-04 4.12218819e-04 1.64887528e-05 2.05774825e-04 4.56460926e-05 3.60386504e-05 3.85249579e-04 5.67271152e-04 9.87000072e-05 2.93275664e-04 6.16036305e-05 2.01418221e-05 4.42520671e-05 2.38279865e-05 7.76639087e-07 1.83777097e-08 1.14097762e-09
 1993 07 28 12 00 00  3.69912208e-03 2.24951427e-03 1.24094543e-03 8.85278642e-04 6.38005222e-04 3.58159492e-04 2.57196349e-04 2.16965266e-04 4.47517987e-04 1.29569838e-04 3.14535059e-03 4.75009829e-03 2.27335933e-04 6.57307533e-05 4.30114727e-05 1.26826330e-04 3.66970315e-05 6.38231752e-05 1.21940452e-04 7.21942051e-05 1.45983469e-04 1.79202552e-04 1.03230880e-04 7.23703575e-05 5.11004946e-06 8.98764411e-06 6.01106549e-06 2.50332425e-05 4.88026417e-06 1.69946720e-05 4.77203415e-05 3.80875805e-05 1.79292823e-05 4.92906819e-05 3.96567601e-05 1.40178236e-05 5.31784146e-05 6.53400745e-05 9.40098180e-06 4.55245116e-05 1.24182192e-04 2.75921542e-05 2.70599974e-04 4.08298981e-04 1.63319592e-05 2.01637618e-04 4.42065066e-05 3.54815420e-05 3.78445745e-04 5.60247173e-04 9.73128013e-05 2.87919248e-04 6.01381156e-05 1.96101966e-05 4.30304350e-05 2.30715991e-05 7.46777690e-07 1.71475524e-08 1.03782076e-09
 1993 07 29 12 00 00  3.68888877e-03 2.24227361e-03 1.23640325e-03 8.81883390e-04 6.34985884e-04 3.56912813e-04 2.55926539e-04 2.15550163e-04 4.43842074e-04 1.28479908e-04 3.11593686e-03 4.69696745e-03 2.25772610e-04 6.52736688e-05 4.27649841e-05 1.25674212e-04 3.63677478e-05 6.30082039e-05 1.20895432e-04 7.16469833e-05 1.44312432e-04 1.77070593e-04 1.02322239e-04 7.19412347e-05 5.08666199e-06 8.97092541e-06 6.00213389e-06 2.49116296e-05 4.86852878e-06 1.69081967e-05 4.72603697e-05 3.79527628e-05 1.76562156e-05 4.88272702e-05 3.89667985e-05 1.39752898e-05 5.23006572e-05 6.41444139e-05 9.38713056e-06 4.48485481e-05 1.21574197e-04 2.71328230e-05 2.65960105e-04 4.01933167e-04 1.60773267e-05 1.96115069e-04 4.24394966e-05 3.45934532e-05 3.69552254e-04 5.51046070e-04 9.53545175e-05 2.81829012e-04 5.90130845e-05 1.92022340e-05 4.20936899e-05 2.25001432e-05 7.24882668e-07 1.63034350e-08 9.68912062e-10
 1993 07 30 12 00 00  3.67743713e-03 2.23247337e-03 1.23039367e-03 8.77723280e-04 6.31463240e-04 3.55660043e-04 2.54549801e-04 2.13975267e-04 4.39739708e-04 1.26911075e-04 3.08321354e-03 4.64383811e-03 2.23748243e-04 6.44783860e-05 4.24140950e-05 1.24320260e-04 3.60408914e-05 6.21962186e-05 1.19184194e-04 7.05324637e-05 1.42643407e-04 1.74942502e-04 1.01362381e-04 7.13916934e-05 5.06342840e-06 8.93195465e-06 5.99321465e-06 2.47670663e-05 4.84393167e-06 1.67971763e-05 4.67209577e-05 3.78188008e-05 1.73852881e-05 4.82628783e-05 3.75251693e-05 1.39327836e-05 5.12622664e-05 6.28192944e-05 9.35476928e-06 4.38875746e-05 1.18610972e-04 2.61915586e-05 2.60768024e-04 3.88655418e-04 1.55462167e-05 1.88541736e-04 4.06806095e-05 3.27698654e-05 3.58103668e-04 5.38858601e-04 9.21940318e-05 2.74860997e-04 5.69187270e-05 1.84419713e-05 4.03441237e-05 2.13868414e-05 6.78589379e-07 1.41927931e-08 7.85320342e-10
 1993 07 31 12 00 00  3.66616523e-03 2.22583595e-03 1.22612274e-03 8.74292162e-04 6.28285780e-04 3.54177572e-04 2.53121197e-04 2.12417339e-04 4.35692476e-04 1.25989379e-04 3.05071277e-03 4.58008461e-03 2.22248781e-04 6.42104390e-05 4.22046861e-05 1.23116046e-04 3.56530392e-05 6.12271833e-05 1.18501292e-04 7.03427475e-05 1.40647486e-04 1.72395737e-04 1.00319235e-04 7.09590478e-05 5.03582232e-06 8.90393494e-06 5.98253428e-06 2.46410573e-05 4.84006232e-06 1.67151756e-05 4.62380608e-05 3.76595737e-05 1.70640327e-05 4.77782579e-05 3.72964074e-05 1.38818228e-05 5.03450934e-05 6.15024815e-05 9.33150950e-06 4.32777599e-05 1.15804165e-04 2.60339613e-05 2.55567300e-04 3.86538091e-04 1.54615237e-05 1.83615939e-04 3.85845575e-05 3.24662251e-05 3.49651591e-04 5.30305464e-04 9.08517406e-05 2.67632379e-04 5.53417971e-05 1.78696713e-05 3.90277658e-05 2.05569280e-05 6.44665877e-07 1.26944876e-08 6.56409060e-10
 1993 08 01 12 00 00  3.65647613e-03 2.21969837e-03 1.22221587e-03 8.71246484e-04 6.25511201e-04 3.52938189e-04 2.51903474e-04 2.11079163e-04 4.32215425e-04 1.25107747e-04 3.02281410e-03 4.52695563e-03 2.20889430e-04 6.39072131e-05 4.20055105e-05 1.22061692e-04 3.53276322e-05 6.04169734e-05 1.17775056e-04 7.00509583e-05 1.38983365e-04 1.70269940e-04 9.94360751e-05 7.06285394e-05 5.01268005e-06 8.95780904e-06 5.97362305e-06 2.45351892e-05 4.83380245e-06 1.66405148e-05 4.58163954e-05 3.75261239e-05 1.67943916e-05 4.73995068e-05 3.69284244e-05 1.38393312e-05 4.95483721e-05 6.03745010e-05 9.37636723e-06 4.28100661e-05 1.13378236e-04 2.57890264e-05 2.51505395e-04 3.83143018e-04 1.53257207e-05 1.79062696e-04 3.68305249e-05 3.19926447e-05 3.41966253e-04 5.22694967e-04 8.94447874e-05 2.64037975e-04 5.74064621e-05 1.86207248e-05 4.07637910e-05 2.17519052e-05 7.01202347e-07 1.58373645e-08 9.46348067e-10
 1993 08 02 12 00 00  3.64857725e-03 2.21449466e-03 1.21892167e-03 8.68716017e-04 6.23225005e-04 3.51943326e-04 2.50914879e-04 2.09987846e-04 4.29380754e-04 1.24347259e-04 3.00008109e-03 4.48445156e-03 2.19748155e-04 6.36254395e-05 4.18340886e-05 1.21191520e-04 3.50646907e-05 5.97656006e-05 1.17115376e-04 6.97523355e-05 1.37648242e-04 1.68565155e-04 9.87218420e-05 7.03370028e-05 4.99400121e-06 8.98105791e-06 5.96647951e-06 2.44458524e-05 4.82733449e-06 1.65774099e-05 4.54665376e-05 3.74184398e-05 1.65763660e-05 4.70731993e-05 3.65485583e-05 1.38053118e-05 4.88875788e-05 5.94519356e-05 9.39573292e-06 4.23795563e-05 1.11383834e-04 2.55378342e-05 2.48086857e-04 3.79640394e-04 1.51856158e-05 1.75154151e-04 3.54185468e-05 3.15066369e-05 3.35483488e-04 5.16170986e-04 8.81756921e-05 2.60504609e-04 5.82420995e-05 1.89248482e-05 4.14674727e-05 2.22446616e-05 7.25103348e-07 1.72086764e-08 1.07388010e-09
 1993 08 03 12 00 00  3.63957007e-03 2.20696870e-03 1.21429523e-03 8.65487341e-04 6.20476327e-04 3.50942643e-04 2.49828153e-04 2.08749801e-04 4.26155643e-04 1.23151669e-04 2.97433045e-03 4.44194824e-03 2.18187042e-04 6.30338828e-05 4.15671008e-05 1.20136034e-04 3.48036963e-05 5.91165968e-05 1.15839905e-04 6.89347915e-05 1.36313492e-04 1.66863449e-04 9.79608581e-05 6.99052790e-05 4.97544461e-06 8.94040204e-06 5.95934725e-06 2.43326340e-05 4.80921553e-06 1.64918747e-05 4.50441147e-05 3.73114395e-05 1.63600547e-05 4.66284537e-05 3.54870688e-05 1.37713098e-05 4.80762318e-05 5.84088862e-05 9.36191936e-06 4.16332584e-05 1.09060619e-04 2.48467521e-05 2.43942507e-04 3.69866253e-04 1.47946501e-05 1.69349984e-04 3.40130588e-05 3.01673426e-05 3.26664482e-04 5.06785375e-04 8.58060937e-05 2.54851970e-04 5.64172444e-05 1.82617356e-05 3.99381583e-05 2.12323709e-05 6.80042189e-07 1.49091886e-08 8.66683258e-10
 1993 08 04 12 00 00  3.63493040e-03 2.20573549e-03 1.21335657e-03 8.64400285e-04 6.19304978e-04 3.50206681e-04 2.49202352e-04 2.08103227e-04 4.24483927e-04 1.23081802e-04 2.96079510e-03 4.41007018e-03 2.17814931e-04 6.31792280e-05 4.15485444e-05 1.19701103e-04 3.46080633e-05 5.86299982e-05 1.16054922e-04 6.93075533e-05 1.35313279e-04 1.65587357e-04 9.74813349e-05 6.97602965e-05 4.96153443e-06 8.90611991e-06 5.95399761e-06 2.42860940e-05 4.81773823e-06 1.64710693e-05 4.48651635e-05 3.72312352e-05 1.61979260e-05 4.64462984e-05 3.59847385e-05 1.37458104e-05 4.77448108e-05 5.78550483e-05 9.33340852e-06 4.15120383e-05 1.07946193e-04 2.51640187e-05 2.41598121e-04 3.74440301e-04 1.49776120e-05 1.68540645e-04 3.29593458e-05 3.07835755e-05 3.24542620e-04 5.04849338e-04 8.61268760e-05 2.50817509e-04 5.48761844e-05 1.77017531e-05 3.86467141e-05 2.03778367e-05 6.42025509e-07 1.29708873e-08 6.92076085e-10
 1993 08 05 12 00 00  3.63445462e-03 2.20478588e-03 1.21281021e-03 8.64095581e-04 6.19088675e-04 3.50197251e-04 2.49155833e-04 2.08035586e-04 4.24310926e-04 1.22902796e-04 2.95946117e-03 4.41006757e-03 2.17639703e-04 6.30491713e-05 4.15085207e-05 1.19614542e-04 3.46012675e-05 5.86216687e-05 1.15788694e-04 6.90916670e-05 1.35303740e-04 1.65576552e-04 9.74573131e-05 6.96950516e-05 4.96110661e-06 8.87296119e-06 5.95396305e-06 2.42734435e-05 4.81302668e-06 1.64603393e-05 4.48285827e-05 3.72288516e-05 1.61919292e-05 4.63896643e-05 3.57082637e-05 1.37457362e-05 4.76741985e-05 5.77933632e-05 9.30581446e-06 4.13699749e-05 1.07780179e-04 2.49821256e-05 2.41219548e-04 3.71892171e-04 1.48756868e-05 1.67706629e-04 3.29366128e-05 3.04314599e-05 3.23467359e-04 5.03539948e-04 8.56546482e-05 2.49645512e-04 5.35036072e-05 1.72027278e-05 3.74945497e-05 1.96001778e-05 6.06314026e-07 1.10641073e-08 5.18055066e-10
 1993 08 06 12 00 00  3.63481744e-03 2.20556965e-03 1.21325945e-03 8.64322459e-04 6.19232265e-04 3.50195339e-04 2.49185880e-04 2.08081657e-04 4.24436913e-04 1.23049349e-04 2.96043071e-03 4.41006534e-03 2.17780190e-04 6.31533189e-05 4.15406801e-05 1.19672060e-04 3.45964130e-05 5.86157199e-05 1.15993773e-04 6.92668778e-05 1.35297729e-04 1.65568841e-04 9.74704388e-05 6.97233604e-05 4.96080174e-06 8.86885100e-06 5.95393722e-06 2.42785730e-05 4.81698044e-06 1.64671048e-05 4.48480976e-05 3.72271548e-05 1.61876451e-05 4.64127084e-05 3.59394500e-05 1.37456853e-05 4.77177714e-05 5.78263458e-05 9.30237220e-06 4.14427207e-05 1.07872595e-04 2.51308200e-05 2.41307680e-04 3.74018676e-04 1.49607470e-05 1.68302266e-04 3.29203845e-05 3.07199953e-05 3.24196761e-04 5.04374210e-04 8.60184492e-05 2.49623423e-04 5.34738636e-05 1.71915687e-05 3.74671111e-05 1.95619324e-05 6.03147618e-07 1.07896350e-08 4.90368501e-10
 1993 08 07 12 00 00  3.63698540e-03 2.20732636e-03 1.21434331e-03 8.65072597e-04 6.19866815e-04 3.50437134e-04 2.49445573e-04 2.08375556e-04 4.25209076e-04 1.23324037e-04 2.96659948e-03 4.42068763e-03 2.18144857e-04 6.32826700e-05 4.16017811e-05 1.19914861e-04 3.46530491e-05 5.87674032e-05 1.16269909e-04 6.94420130e-05 1.35619060e-04 1.65980582e-04 9.76526203e-05 6.97799380e-05 4.96489847e-06 8.81730084e-06 5.95567617e-06 2.42991201e-05 4.82093419e-06 1.64855709e-05 4.49396707e-05 3.72508890e-05 1.62341210e-05 4.64787492e-05 3.61706363e-05 1.37540919e-05 4.78969224e-05 5.80642160e-05 9.25944769e-06 4.15340292e-05 1.08396050e-04 2.52794591e-05 2.41954443e-04 3.76145069e-04 1.50458028e-05 1.69554409e-04 3.32429481e-05 3.10084433e-05 3.26148068e-04 5.06268089e-04 8.65325358e-05 2.49136627e-04 5.15180008e-05 1.64800414e-05 3.58221907e-05 1.84266914e-05 5.49228460e-07 7.77709843e-09 2.12089768e-10
 1993 08 08 12 00 00  3.63618988e-03 2.20570607e-03 1.21341285e-03 8.64568096e-04 6.19519426e-04 3.50425552e-04 2.49371055e-04 2.08266332e-04 4.24925122e-04 1.23019811e-04 2.96439695e-03 4.42068465e-03 2.17849420e-04 6.30654900e-05 4.15348357e-05 1.19775640e-04 3.46462533e-05 5.87590737e-05 1.15834688e-04 6.90797286e-05 1.35609893e-04 1.65969779e-04 9.76148341e-05 6.97008732e-05 4.96447028e-06 8.80166845e-06 5.95564088e-06 2.42818840e-05 4.81284806e-06 1.64683469e-05 4.48818129e-05 3.72485112e-05 1.62281227e-05 4.64104533e-05 3.56972334e-05 1.37540177e-05 4.77860269e-05 5.79691299e-05 9.24640699e-06 4.13500118e-05 1.08137656e-04 2.49727396e-05 2.41545317e-04 3.71787890e-04 1.48715156e-05 1.68197363e-04 3.32202180e-05 3.04137211e-05 3.24401989e-04 5.04255503e-04 8.57490899e-05 2.48616978e-04 5.10916545e-05 1.63244942e-05 3.54604214e-05 1.81515018e-05 5.34374260e-07 6.81825210e-09 1.20435262e-10
 1993 08 09 12 00 00  3.63800749e-03 2.20675085e-03 1.21408800e-03 8.65096208e-04 6.20000779e-04 3.50661875e-04 2.49597827e-04 2.08512107e-04 4.25572371e-04 1.23160887e-04 2.96959501e-03 4.43130471e-03 2.18084367e-04 6.30997703e-05 4.15666264e-05 1.19957029e-04 3.46994813e-05 5.89066010e-05 1.15922002e-04 6.90962712e-05 1.35930267e-04 1.66376102e-04 9.77801665e-05 6.98227208e-05 4.96835310e-06 8.88355789e-06 5.95736201e-06 2.43039008e-05 4.81324823e-06 1.64791816e-05 4.49516363e-05 3.72710550e-05 1.62715965e-05 4.65311009e-05 3.57205165e-05 1.37623865e-05 4.79306856e-05 5.81717297e-05 9.31449831e-06 4.15438917e-05 1.08559160e-04 2.49870092e-05 2.42724300e-04 3.72001086e-04 1.48800435e-05 1.68943912e-04 3.35314078e-05 3.04415589e-05 3.25582268e-04 5.05696591e-04 8.59194842e-05 2.52287039e-04 5.48803306e-05 1.77009591e-05 3.86336769e-05 2.02372873e-05 6.26151879e-07 1.14192490e-08 5.32852829e-10
 1993 08 10 12 00 00  3.64328467e-03 2.20942647e-03 1.21585167e-03 8.66575969e-04 6.21401158e-04 3.51384584e-04 2.50270502e-04 2.09233614e-04 4.27458960e-04 1.23499240e-04 2.98478156e-03 4.46317345e-03 2.18710806e-04 6.31427794e-05 4.16434483e-05 1.20483760e-04 3.48756934e-05 5.93693927e-05 1.16070057e-04 6.90427958e-05 1.36907913e-04 1.67621323e-04 9.82771156e-05 7.00614820e-05 4.98104055e-06 8.97468999e-06 5.96260979e-06 2.43607842e-05 4.81206771e-06 1.65103376e-05 4.51586938e-05 3.73444665e-05 1.64165875e-05 4.67891670e-05 3.56513308e-05 1.37876763e-05 4.83375271e-05 5.87730370e-05 9.39028032e-06 4.18778351e-05 1.09807562e-04 2.49418430e-05 2.45495714e-04 3.71363869e-04 1.48545548e-05 1.70819098e-04 3.45201785e-05 3.03540524e-05 3.28887441e-04 5.09210755e-04 8.62418262e-05 2.58140932e-04 5.90560579e-05 1.92181335e-05 4.21317490e-05 2.25416856e-05 7.27923734e-07 1.65505305e-08 9.93582550e-10
 1993 08 11 12 00 00  3.64810816e-03 2.21673287e-03 1.22012048e-03 8.69001787e-04 6.23150956e-04 3.51641904e-04 2.50766844e-04 2.09881073e-04 4.29169638e-04 1.24814440e-04 2.99819401e-03 4.47379351e-03 2.20080734e-04 6.40154522e-05 4.19338026e-05 1.21173283e-04 3.49294103e-05 5.95175021e-05 1.17829352e-04 7.04621139e-05 1.37230749e-04 1.68028406e-04 9.85722045e-05 7.04613213e-05 4.98495356e-06 9.08499278e-06 5.96433383e-06 2.44396743e-05 4.84384218e-06 1.65828465e-05 4.54247065e-05 3.73671821e-05 1.64604862e-05 4.71456357e-05 3.75107920e-05 1.37960480e-05 4.88793560e-05 5.93024421e-05 9.48201778e-06 4.27387933e-05 1.11125968e-04 2.61442474e-05 2.47933224e-04 3.88475466e-04 1.55390187e-05 1.76623853e-04 3.48329748e-05 3.26859503e-05 3.36460133e-04 5.18016117e-04 8.93980423e-05 2.63153133e-04 6.40132930e-05 2.10194698e-05 4.62860433e-05 2.52906967e-05 8.50234028e-07 2.27874850e-08 1.55544733e-09
 1993 08 12 12 00 00  3.64700571e-03 2.21447981e-03 1.21882744e-03 8.68304624e-04 6.22673908e-04 3.51626494e-04 2.50664455e-04 2.09730959e-04 4.28778251e-04 1.24391922e-04 2.99514897e-03 4.47378978e-03 2.19671278e-04 6.37157666e-05 4.18413752e-05 1.20981992e-04 3.49206704e-05 5.95067919e-05 1.17232158e-04 6.99615746e-05 1.37216677e-04 1.68014520e-04 9.85202064e-05 7.02898347e-05 4.98440349e-06 8.97716454e-06 5.96428799e-06 2.44104073e-05 4.83258191e-06 1.65591191e-05 4.53415425e-05 3.73641204e-05 1.64527766e-05 4.69991997e-05 3.68521491e-05 1.37959549e-05 4.87168874e-05 5.91672922e-05 9.39226084e-06 4.23704277e-05 1.10762575e-04 2.57197535e-05 2.46930775e-04 3.82416094e-04 1.52966437e-05 1.74688051e-04 3.48037545e-05 3.18624108e-05 3.34053307e-04 5.14970046e-04 8.83170825e-05 2.59699132e-04 5.97163138e-05 1.94568134e-05 4.26761571e-05 2.28307986e-05 7.35599559e-07 1.65417308e-08 9.82306236e-10
 1993 08 13 12 00 00  3.64335719e-03 2.20971789e-03 1.21601774e-03 8.66614906e-04 6.21389451e-04 3.51361421e-04 2.50265162e-04 2.09232941e-04 4.27476917e-04 1.23552884e-04 2.98487327e-03 4.46316116e-03 2.18758179e-04 6.31835350e-05 4.16560957e-05 1.20478719e-04 3.48494737e-05 5.93372562e-05 1.16147200e-04 6.91147172e-05 1.36873275e-04 1.67579647e-04 9.82667229e-05 7.00124988e-05 4.97939072e-06 8.89688818e-06 5.96247373e-06 2.43505992e-05 4.81363859e-06 1.65083385e-05 4.51375450e-05 3.73352901e-05 1.63934514e-05 4.67435357e-05 3.57434736e-05 1.37873896e-05 4.83191549e-05 5.87448993e-05 9.32543408e-06 4.18025733e-05 1.09742828e-04 2.50024517e-05 2.44989822e-04 3.72213141e-04 1.48885257e-05 1.70838414e-04 3.44325032e-05 3.04713787e-05 3.28836672e-04 5.08998783e-04 8.63467687e-05 2.55986622e-04 5.65417637e-05 1.83022825e-05 4.00087718e-05 2.10095812e-05 6.50475636e-07 1.18851961e-08 5.54543078e-10
 1993 08 14 12 00 00  3.64115134e-03 2.20798523e-03 1.21494599e-03 8.65833925e-04 6.20705355e-04 3.51102687e-04 2.49993083e-04 2.08925551e-04 4.26683738e-04 1.23281465e-04 2.97852055e-03 4.45253141e-03 2.18392679e-04 6.30559181e-05 4.15956362e-05 1.20215957e-04 3.47743917e-05 5.91629476e-05 1.15866311e-04 6.89457229e-05 1.36525539e-04 1.67138587e-04 9.80733825e-05 6.98583342e-05 4.97413275e-06 8.81706073e-06 5.96063946e-06 2.43161543e-05 4.80989765e-06 1.64865823e-05 4.50241119e-05 3.73051007e-05 1.63306962e-05 4.65917857e-05 3.55242955e-05 1.37787822e-05 4.81076454e-05 5.84735040e-05 9.25898712e-06 4.15377617e-05 1.09139375e-04 2.48596305e-05 2.43565328e-04 3.70194813e-04 1.48077925e-05 1.69398900e-04 3.40482482e-05 3.01946275e-05 3.26651678e-04 5.06488270e-04 8.58115878e-05 2.52429617e-04 5.33343090e-05 1.71359137e-05 3.73146720e-05 1.91775646e-05 5.65372554e-07 7.26841725e-09 1.31374822e-10
 1993 08 15 12 00 00  3.64260716e-03 2.20831620e-03 1.21521040e-03 8.66130103e-04 6.21020007e-04 3.51330377e-04 2.50183816e-04 2.09119367e-04 4.27199181e-04 1.23287954e-04 2.98269806e-03 4.46314886e-03 2.18495671e-04 6.29927960e-05 4.15974553e-05 1.20330596e-04 3.48208327e-05 5.93021396e-05 1.15753595e-04 6.88007509e-05 1.36834143e-04 1.67534119e-04 9.82196123e-05 6.98608834e-05 4.97758701e-06 8.77826169e-06 5.96232567e-06 2.43219043e-05 4.80676244e-06 1.64890474e-05 4.50616027e-05 3.73252638e-05 1.63681747e-05 4.66106529e-05 3.53401294e-05 1.37870782e-05 4.81872673e-05 5.86223091e-05 9.22668260e-06 4.14968942e-05 1.09420717e-04 2.47377291e-05 2.43963068e-04 3.68496537e-04 1.47398615e-05 1.69444270e-04 3.43367137e-05 2.99587904e-05 3.27002470e-04 5.06620668e-04 8.56255830e-05 2.52049997e-04 5.18383144e-05 1.65917465e-05 3.60569705e-05 1.83132091e-05 5.24574398e-07 5.00741013e-09 1.00000000e-10
 1993 08 16 12 00 00  3.64486728e-03 2.21033915e-03 1.21644518e-03 8.66931870e-04 6.21667197e-04 3.51561344e-04 2.50445045e-04 2.09418830e-04 4.27996820e-04 1.23611238e-04 2.98905920e-03 4.47376445e-03 2.18903867e-04 6.31544774e-05 4.16686448e-05 1.20578513e-04 3.48648406e-05 5.94383630e-05 1.16085757e-04 6.90327259e-05 1.37140706e-04 1.67925782e-04 9.83992292e-05 6.99516932e-05 4.98088957e-06 8.76738268e-06 5.96399877e-06 2.43434906e-05 4.81212592e-06 1.65076305e-05 4.51506799e-05 3.73445801e-05 1.64035067e-05 4.67038505e-05 3.56529868e-05 1.37953481e-05 4.83735220e-05 5.88562700e-05 9.21761966e-06 4.16608472e-05 1.09935511e-04 2.49356584e-05 2.44788679e-04 3.71370003e-04 1.48548001e-05 1.70850499e-04 3.46170535e-05 3.03435547e-05 3.29037234e-04 5.08761184e-04 8.62370005e-05 2.52597508e-04 5.14647915e-05 1.64557568e-05 3.57420783e-05 1.80898886e-05 5.13548430e-07 4.36107168e-09 1.00000000e-10
 1993 08 17 12 00 00  3.64969744e-03 2.21214144e-03 1.21770598e-03 8.68123937e-04 6.22857997e-04 3.52272189e-04 2.51072345e-04 2.10075174e-04 4.29719338e-04 1.23784684e-04 3.00297747e-03 4.50562909e-03 2.19368065e-04 6.30773322e-05 4.17085156e-05 1.21021371e-04 3.50313407e-05 5.98892511e-05 1.15985948e-04 6.87804713e-05 1.38104637e-04 1.69155571e-04 9.88718939e-05 7.01120913e-05 4.99296584e-06 8.80736043e-06 5.96919635e-06 2.43862889e-05 4.80663184e-06 1.65282476e-05 4.53199678e-05 3.74145893e-05 1.65399280e-05 4.68944627e-05 3.53304902e-05 1.38205301e-05 4.87093320e-05 5.93943163e-05 9.25088680e-06 4.18317966e-05 1.11015381e-04 2.47232179e-05 2.47087814e-04 3.68397450e-04 1.47358980e-05 1.71920796e-04 3.55733559e-05 2.99323612e-05 3.31303878e-04 5.10945672e-04 8.61181431e-05 2.56406559e-04 5.31312734e-05 1.70616094e-05 3.71407479e-05 1.90322937e-05 5.56708432e-07 6.65682869e-09 7.18315629e-11
 1993 08 18 12 00 00  3.65848309e-03 2.21940755e-03 1.22217738e-03 8.71193098e-04 6.25439525e-04 3.53240947e-04 2.52120670e-04 2.11264494e-04 4.32844855e-04 1.24927420e-04 3.02795938e-03 4.54811752e-03 2.20868034e-04 6.36222830e-05 4.19615058e-05 1.22010184e-04 3.52588453e-05 6.04971952e-05 1.17139673e-04 6.95279567e-05 1.39396152e-04 1.70804050e-04 9.96059922e-05 7.04861788e-05 5.00941387e-06 8.80289153e-06 5.97615508e-06 2.44836823e-05 4.82366559e-06 1.66044744e-05 4.57022064e-05 3.75098636e-05 1.67266830e-05 4.72848979e-05 3.63255152e-05 1.38541654e-05 4.94628139e-05 6.03687532e-05 9.24719207e-06 4.24738090e-05 1.13162283e-04 2.53589533e-05 2.50755311e-04 3.77544426e-04 1.51017770e-05 1.77250952e-04 3.68668407e-05 3.11668642e-05 3.39344024e-04 5.19376585e-04 8.82757047e-05 2.60012443e-04 5.27810206e-05 1.69346740e-05 3.68496488e-05 1.88590293e-05 5.50411380e-07 6.44464979e-09 5.55705260e-11
 1993 08 19 12 00 00  3.65982124e-03 2.21953785e-03 1.22232473e-03 8.71409211e-04 6.25686327e-04 3.53461631e-04 2.52296523e-04 2.11437728e-04 4.33312452e-04 1.24894992e-04 3.03177776e-03 4.55873199e-03 2.20930654e-04 6.35275931e-05 4.19537100e-05 1.22097819e-04 3.52984876e-05 6.06280519e-05 1.16954547e-04 6.93322974e-05 1.39696972e-04 1.71188779e-04 9.97436196e-05 7.04991361e-05 5.01244103e-06 8.79686995e-06 5.97780527e-06 2.44875176e-05 4.81958232e-06 1.66035079e-05 4.57289955e-05 3.75276548e-05 1.67581631e-05 4.73115440e-05 3.60847102e-05 1.38623873e-05 4.95257058e-05 6.04976222e-05 9.24220876e-06 4.24484271e-05 1.13389173e-04 2.51956488e-05 2.51244840e-04 3.75318945e-04 1.50127578e-05 1.77104397e-04 3.71325732e-05 3.08517221e-05 3.39374565e-04 5.19251443e-04 8.79688138e-05 2.60305889e-04 5.23330214e-05 1.67722832e-05 3.64770915e-05 1.86354779e-05 5.42140910e-07 6.15220941e-09 3.26125349e-11
 1993 08 20 12 00 00  3.66659928e-03 2.22543506e-03 1.22593315e-03 8.73824021e-04 6.27681020e-04 3.54181751e-04 2.53094566e-04 2.12349366e-04 4.35716625e-04 1.25834585e-04 3.05098534e-03 4.59059440e-03 2.22132337e-04 6.39915419e-05 4.21606156e-05 1.22863051e-04 3.54606163e-05 6.10735966e-05 1.17919877e-04 6.99877448e-05 1.40655085e-04 1.72411614e-04 1.00297917e-04 7.07963267e-05 5.02424191e-06 8.79666404e-06 5.98298066e-06 2.45619152e-05 4.83466538e-06 1.66633025e-05 4.60225151e-05 3.75961361e-05 1.68907267e-05 4.76168649e-05 3.69648798e-05 1.38875213e-05 5.01099487e-05 6.12381231e-05 9.24207197e-06 4.29734227e-05 1.15028233e-04 2.57543084e-05 2.54039989e-04 3.83405489e-04 1.53362196e-05 1.81401646e-04 3.80742655e-05 3.19373357e-05 3.45722430e-04 5.25963376e-04 8.97726092e-05 2.62949957e-04 5.20881058e-05 1.66838196e-05 3.62756691e-05 1.85327273e-05 5.39796048e-07 6.20443625e-09 4.18177049e-11
 1993 08 21 12 00 00  3.66803714e-03 2.22579981e-03 1.22621370e-03 8.74099322e-04 6.27958639e-04 3.54399560e-04 2.53276738e-04 2.12532890e-04 4.36215487e-04 1.25845232e-04 3.05505336e-03 4.60120700e-03 2.22234831e-04 6.39249421e-05 4.21615639e-05 1.22963164e-04 3.54963733e-05 6.11996977e-05 1.17784679e-04 6.98404445e-05 1.40952512e-04 1.72790164e-04 1.00437819e-04 7.08572751e-05 5.02702533e-06 8.84739566e-06 5.98461083e-06 2.45701770e-05 4.83179210e-06 1.66637846e-05 4.60554318e-05 3.76125594e-05 1.69187784e-05 4.76832912e-05 3.67941015e-05 1.38957024e-05 5.01892395e-05 6.13755561e-05 9.28432564e-06 4.30425161e-05 1.15277045e-04 2.56330299e-05 2.54836971e-04 3.81820361e-04 1.52728144e-05 1.81450574e-04 3.83270031e-05 3.17043654e-05 3.45922936e-04 5.26214143e-04 8.95611168e-05 2.64909837e-04 5.39354719e-05 1.73560839e-05 3.78308264e-05 1.96178742e-05 5.92164625e-07 9.19022902e-09 3.19057980e-10
 1993 08 22 12 00 00  3.66761129e-03 2.22787968e-03 1.22732503e-03 8.74427490e-04 6.27981610e-04 3.54139238e-04 2.53154002e-04 2.12451519e-04 4.36036376e-04 1.26285311e-04 3.05347616e-03 4.59056944e-03 2.22550245e-04 6.42950175e-05 4.22549089e-05 1.22984194e-04 3.54062417e-05 6.10069430e-05 1.18471235e-04 7.05094833e-05 1.40588504e-04 1.72325184e-04 1.00313348e-04 7.09067263e-05 5.02082003e-06 8.84507317e-06 5.98269871e-06 2.45690489e-05 4.84729280e-06 1.66762052e-05 4.60518279e-05 3.75771022e-05 1.68427432e-05 4.77009355e-05 3.76980257e-05 1.38869320e-05 5.02089576e-05 6.12807311e-05 9.28243244e-06 4.32493904e-05 1.15159273e-04 2.62041431e-05 2.54394166e-04 3.90121848e-04 1.56048739e-05 1.83010353e-04 3.78924247e-05 3.28147260e-05 3.47358387e-04 5.28089948e-04 9.07800789e-05 2.63546854e-04 5.35663545e-05 1.72225542e-05 3.75257883e-05 1.94503201e-05 5.87210945e-07 9.13058962e-09 3.18739968e-10
 1993 08 23 12 00 00  3.66469989e-03 2.22476267e-03 1.22545465e-03 8.73189087e-04 6.26963777e-04 3.53864136e-04 2.52810248e-04 2.12040153e-04 4.34980762e-04 1.25751528e-04 3.04512260e-03 4.57993336e-03 2.21925499e-04 6.39715568e-05 4.21343091e-05 1.22588181e-04 3.53185402e-05 6.08171744e-05 1.17779385e-04 7.00171455e-05 1.40226143e-04 1.71864076e-04 1.00083049e-04 7.07303792e-05 5.01476716e-06 8.82481036e-06 5.98079932e-06 2.45220356e-05 4.83672993e-06 1.66380585e-05 4.58876652e-05 3.75424919e-05 1.67688500e-05 4.75278130e-05 3.70770460e-05 1.38781877e-05 4.99027037e-05 6.09195952e-05 9.26561115e-06 4.29112686e-05 1.14309658e-04 2.57908512e-05 2.52952939e-04 3.84392647e-04 1.53757059e-05 1.80397484e-04 3.74659692e-05 3.20156221e-05 3.43538227e-04 5.23919298e-04 8.95325235e-05 2.61254666e-04 5.24285612e-05 1.68096219e-05 3.65759718e-05 1.88512303e-05 5.62702152e-07 8.04639280e-09 2.25405850e-10
 1993 08 24 12 00 00  3.66005210e-03 2.22359873e-03 1.22455298e-03 8.72087979e-04 6.25756793e-04 3.53115335e-04 2.52175713e-04 2.11384090e-04 4.33296555e-04 1.25692736e-04 3.03149495e-03 4.54804972e-03 2.21559597e-04 6.41203539e-05 4.21169916e-05 1.22139148e-04 3.51088325e-05 6.03133230e-05 1.17987852e-04 7.03992206e-05 1.39208239e-04 1.70565612e-04 9.95958832e-05 7.05809295e-05 4.99997113e-06 8.78934370e-06 5.97537728e-06 2.44715232e-05 4.84569573e-06 1.66150634e-05 4.56982202e-05 3.74573574e-05 1.65942998e-05 4.73394963e-05 3.75991891e-05 1.38525356e-05 4.95600356e-05 6.03469234e-05 9.23613625e-06 4.27868084e-05 1.13147727e-04 2.61179346e-05 2.50530492e-04 3.89184346e-04 1.55673738e-05 1.79542723e-04 3.63651779e-05 3.26521375e-05 3.41266798e-04 5.21838294e-04 8.98465385e-05 2.56895919e-04 5.06803406e-05 1.61747102e-05 3.51134168e-05 1.79034068e-05 5.21988812e-07 6.08275723e-09 5.14548848e-11
 1993 08 25 12 00 00  3.65300388e-03 2.21739877e-03 1.22076184e-03 8.69474312e-04 6.23549201e-04 3.52355384e-04 2.51329105e-04 2.10410379e-04 4.30766237e-04 1.24690198e-04 3.01133540e-03 4.51616831e-03 2.20282965e-04 6.35960614e-05 4.18920434e-05 1.21289262e-04 3.49049486e-05 5.98165963e-05 1.16857815e-04 6.96538540e-05 1.38196808e-04 1.69276397e-04 9.90083026e-05 7.02293046e-05 4.98554145e-06 8.75745609e-06 5.96998543e-06 2.43789103e-05 4.82939431e-06 1.65436798e-05 4.53578434e-05 3.73742601e-05 1.64248893e-05 4.69805299e-05 3.66428401e-05 1.38269490e-05 4.89075252e-05 5.95223860e-05 9.20963357e-06 4.21634480e-05 1.11291401e-04 2.54896673e-05 2.47267799e-04 3.80371303e-04 1.52148521e-05 1.74679257e-04 3.52838601e-05 3.14357341e-05 3.33944604e-04 5.14005243e-04 8.77723661e-05 2.52375155e-04 4.91283660e-05 1.56110303e-05 3.38147503e-05 1.70594525e-05 4.85562826e-07 4.31198153e-09 1.00000000e-10
 1993 08 26 12 00 00  3.64595284e-03 2.21396910e-03 1.21848445e-03 8.67475741e-04 6.21614449e-04 3.51366245e-04 2.50415416e-04 2.09430483e-04 4.28227970e-04 1.24261481e-04 2.99091061e-03 4.47366387e-03 2.19461034e-04 6.35474813e-05 4.17926260e-05 1.20560110e-04 3.46420042e-05 5.91652119e-05 1.16655400e-04 6.97464042e-05 1.36861170e-04 1.67571596e-04 9.83305712e-05 6.99877938e-05 4.96686225e-06 8.74899342e-06 5.96284262e-06 2.43028429e-05 4.83183903e-06 1.64978564e-05 4.50638124e-05 3.72665818e-05 1.62068623e-05 4.66960441e-05 3.67836270e-05 1.37929252e-05 4.83549664e-05 5.86895123e-05 9.20261955e-06 4.18685857e-05 1.09544602e-04 2.55711639e-05 2.44002348e-04 3.81654961e-04 1.52661984e-05 1.72169656e-04 3.38718673e-05 3.15957499e-05 3.29249640e-04 5.09418277e-04 8.73351815e-05 2.47943287e-04 4.85734712e-05 1.54097903e-05 3.33525663e-05 1.67762320e-05 4.74611284e-07 3.88079275e-09 1.00000000e-10
 1993 08 27 12 00 00  3.63996496e-03 2.20993908e-03 1.21594005e-03 8.65535699e-04 6.19869059e-04 3.50619301e-04 2.49667522e-04 2.08602363e-04 4.26077409e-04 1.23666772e-04 2.97368073e-03 4.44178581e-03 2.18580771e-04 6.33168146e-05 4.16581468e-05 1.19895284e-04 3.44444386e-05 5.86762384e-05 1.16117791e-04 6.94906572e-05 1.35858602e-04 1.66292436e-04 9.77919516e-05 6.97428127e-05 4.95283057e-06 8.73759273e-06 5.95748352e-06 2.42326216e-05 4.82636460e-06 1.64491201e-05 4.47970459e-05 3.71856935e-05 1.60430223e-05 4.64286960e-05 3.64617124e-05 1.37674055e-05 4.78479562e-05 5.79886129e-05 9.19315717e-06 4.14940065e-05 1.08025355e-04 2.53565755e-05 2.41266931e-04 3.78684490e-04 1.51473796e-05 1.69110703e-04 3.28116759e-05 3.11809068e-05 3.24241509e-04 5.04269251e-04 8.63148089e-05 2.44334245e-04 4.79255820e-05 1.51746700e-05 3.28118138e-05 1.64359551e-05 4.60751542e-07 3.37195516e-09 1.00000000e-10
 1993 08 28 12 00 00  3.63664191e-03 2.20865607e-03 1.21504898e-03 8.64663460e-04 6.18983716e-04 3.50124584e-04 2.49227946e-04 2.08138602e-04 4.24879046e-04 1.23533230e-04 2.96401380e-03 4.42053340e-03 2.18247493e-04 6.33500010e-05 4.16261785e-05 1.19563565e-04 3.43112682e-05 5.83484652e-05 1.16130304e-04 6.96334406e-05 1.35189131e-04 1.65437341e-04 9.74609362e-05 6.96501783e-05 4.94338456e-06 8.74900725e-06 5.95390266e-06 2.41988654e-05 4.82976102e-06 1.64301235e-05 4.46622844e-05 3.71312577e-05 1.59325107e-05 4.63100657e-05 3.66592198e-05 1.37503768e-05 4.75985941e-05 5.75927118e-05 9.20267339e-06 4.14094402e-05 1.07208225e-04 2.54791928e-05 2.39780389e-04 3.80495689e-04 1.52198275e-05 1.68202027e-04 3.21000029e-05 3.14197590e-05 3.22309653e-04 5.02500601e-04 8.62984271e-05 2.42599450e-04 4.82827603e-05 1.53048109e-05 3.31136666e-05 1.66558867e-05 4.72008935e-07 3.96041955e-09 1.00000000e-10
 1993 08 29 12 00 00  3.63170258e-03 2.20398751e-03 1.21221578e-03 8.62773486e-04 6.17424268e-04 3.49621030e-04 2.48645263e-04 2.07460996e-04 4.23111719e-04 1.22765479e-04 2.94994557e-03 4.39928137e-03 2.17302405e-04 6.29323017e-05 4.14550986e-05 1.18961712e-04 3.41805251e-05 5.80236723e-05 1.15248656e-04 6.90208573e-05 1.34522449e-04 1.64586105e-04 9.70615403e-05 6.94292420e-05 4.93409098e-06 8.77429120e-06 5.95033562e-06 2.41371853e-05 4.81616844e-06 1.63783776e-05 4.44242516e-05 3.70776688e-05 1.58241397e-05 4.60832536e-05 3.58630175e-05 1.37333744e-05 4.71404821e-05 5.70260460e-05 9.22372492e-06 4.10041586e-05 1.05920448e-04 2.49612262e-05 2.37778528e-04 3.73164792e-04 1.49265917e-05 1.64598925e-04 3.13964469e-05 3.04158777e-05 3.16969976e-04 4.96889379e-04 8.46794081e-05 2.41096434e-04 4.92553997e-05 1.56586144e-05 3.39314183e-05 1.72182267e-05 4.98575621e-07 5.43446976e-09 7.34536876e-12
 1993 08 30 12 00 00  3.62978346e-03 2.20281406e-03 1.21146470e-03 8.62174008e-04 6.16870823e-04 3.49371243e-04 2.48401901e-04 2.07194135e-04 4.22420644e-04 1.22598800e-04 2.94440391e-03 4.38865498e-03 2.17038866e-04 6.28770496e-05 4.14169704e-05 1.18751509e-04 3.41132079e-05 5.78588923e-05 1.15110286e-04 6.89722947e-05 1.34186271e-04 1.64157396e-04 9.68845519e-05 6.93487403e-05 4.92932122e-06 8.76317936e-06 5.94854209e-06 2.41143019e-05 4.81520692e-06 1.63634868e-05 4.43392791e-05 3.70502006e-05 1.57682414e-05 4.59947816e-05 3.58060177e-05 1.37248513e-05 4.69798008e-05 5.67984637e-05 9.21448591e-06 4.08859354e-05 1.05431388e-04 2.49211356e-05 2.36850802e-04 3.72636199e-04 1.49054480e-05 1.63699950e-04 3.10381729e-05 3.03387904e-05 3.15448592e-04 4.95322414e-04 8.44145557e-05 2.39654533e-04 4.87243738e-05 1.54657235e-05 3.34869165e-05 1.69281800e-05 4.85969102e-07 4.81464451e-09 1.00000000e-10
 1993 08 31 12 00 00  3.62273718e-03 2.19654033e-03 1.20763517e-03 8.59572982e-04 6.14697530e-04 3.48621540e-04 2.47563203e-04 2.06229744e-04 4.19903281e-04 1.21585091e-04 2.92431679e-03 4.35677841e-03 2.15756757e-04 6.23531797e-05 4.11919024e-05 1.17914927e-04 3.39204969e-05 5.73758618e-05 1.14001687e-04 6.82235463e-05 1.33189607e-04 1.62885948e-04 9.63028712e-05 6.90198651e-05 4.91559513e-06 8.75986079e-06 5.94320773e-06 2.40267469e-05 4.79842893e-06 1.62938722e-05 4.40053901e-05 3.69710149e-05 1.56086855e-05 4.56578629e-05 3.48242029e-05 1.36993840e-05 4.63378830e-05 5.59901706e-05 9.21173196e-06 4.03008525e-05 1.03615597e-04 2.42866794e-05 2.33787716e-04 3.63601676e-04 1.45440670e-05 1.58884673e-04 2.99942127e-05 2.91082630e-05 3.08253843e-04 4.87699269e-04 8.23548572e-05 2.36281713e-04 4.85370906e-05 1.53977560e-05 3.33305878e-05 1.68296786e-05 4.81947188e-07 4.63737866e-09 1.00000000e-10
 1993 09 01 12 00 00  3.61329782e-03 2.19088102e-03 1.20400369e-03 8.56688228e-04 6.12042575e-04 3.47390465e-04 2.46371592e-04 2.04928562e-04 4.16518158e-04 1.20793784e-04 2.89713340e-03 4.30365279e-03 2.14486533e-04 6.21153526e-05 4.10128398e-05 1.16908493e-04 3.36023775e-05 5.65745810e-05 1.13409114e-04 6.80397381e-05 1.31532010e-04 1.60771729e-04 9.54342338e-05 6.86369741e-05 4.89291124e-06 8.70771037e-06 5.93433397e-06 2.39204147e-05 4.79452501e-06 1.62253371e-05 4.36025415e-05 3.68401117e-05 1.53454719e-05 4.52357107e-05 3.45944456e-05 1.36569739e-05 4.55681661e-05 5.48929726e-05 9.16835197e-06 3.97472323e-05 1.01276843e-04 2.41327114e-05 2.29313995e-04 3.61480589e-04 1.44592236e-05 1.54695471e-04 2.82645342e-05 2.88107723e-05 3.01162037e-04 4.80423087e-04 8.11912395e-05 2.29592091e-04 4.62487074e-05 1.45660890e-05 3.14119633e-05 1.55529009e-05 4.24617350e-07 2.28722534e-09 1.00000000e-10
 1993 09 02 12 00 00  3.60440211e-03 2.18355432e-03 1.19949321e-03 8.53534705e-04 6.09355023e-04 3.46394976e-04 2.45298143e-04 2.03709211e-04 4.13337544e-04 1.19636653e-04 2.87171581e-03 4.26115133e-03 2.12964800e-04 6.15546202e-05 4.07552538e-05 1.15877322e-04 3.33462289e-05 5.59315318e-05 1.12203077e-04 6.72720722e-05 1.30202502e-04 1.59077733e-04 9.46805783e-05 6.81910822e-05 4.87465986e-06 8.63263995e-06 5.92722608e-06 2.38083502e-05 4.77735957e-06 1.61428330e-05 4.31888424e-05 3.67348053e-05 1.51334418e-05 4.47801996e-05 3.35897785e-05 1.36230243e-05 4.47710601e-05 5.38665474e-05 9.10589661e-06 3.89792947e-05 9.89996846e-05 2.34825347e-05 2.25059052e-04 3.52234548e-04 1.40893819e-05 1.49066780e-04 2.68752774e-05 2.75499508e-05 2.92632688e-04 4.71249561e-04 7.89371530e-05 2.22973173e-04 4.30140616e-05 1.33903853e-05 2.86989880e-05 1.37396190e-05 3.42625061e-07 1.00000000e-10 1.00000000e-10
 1993 09 03 12 00 00  3.59744058e-03 2.18024678e-03 1.19728924e-03 8.51602109e-04 6.07485771e-04 3.45414909e-04 2.44398881e-04 2.02748774e-04 4.10841093e-04 1.19233055e-04 2.85159070e-03 4.21865135e-03 2.12171565e-04 6.15309600e-05 4.06633147e-05 1.15174045e-04 3.30925162e-05 5.52914571e-05 1.12067034e-04 6.74029347e-05 1.28877800e-04 1.57387611e-04 9.40115119e-05 6.79400218e-05 4.85656201e-06 8.59720822e-06 5.92013130e-06 2.37347761e-05 4.78032744e-06 1.61002749e-05 4.29043334e-05 3.66303546e-05 1.49235566e-05 4.44899102e-05 3.37632373e-05 1.35891052e-05 4.42334845e-05 5.30540586e-05 9.07641879e-06 3.86687130e-05 9.73078563e-05 2.35937187e-05 2.21733289e-04 3.53829617e-04 1.41531847e-05 1.46711080e-04 2.54941435e-05 2.77657819e-05 2.88230066e-04 4.66893433e-04 7.85994082e-05 2.17948107e-04 4.14847005e-05 1.28345108e-05 2.74163186e-05 1.28826764e-05 3.03902095e-07 1.00000000e-10 1.00000000e-10
 1993 09 04 12 00 00  3.59389991e-03 2.17849187e-03 1.19612845e-03 8.50595613e-04 6.06517119e-04 3.44920933e-04 2.43941694e-04 2.02258275e-04 4.09569073e-04 1.19011781e-04 2.84134524e-03 4.19739969e-03 2.11754910e-04 6.15040704e-05 4.06127491e-05 1.14808817e-04 3.29617702e-05 5.49666642e-05 1.11965473e-04 6.74441108e-05 1.28210764e-04 1.56536372e-04 9.36723871e-05 6.78145137e-05 4.84726843e-06 8.58730855e-06 5.91656353e-06 2.36963815e-05 4.78133079e-06 1.60772116e-05 4.27556731e-05 3.65767686e-05 1.48151856e-05 4.43440166e-05 3.38214537e-05 1.35721013e-05 4.39549070e-05 5.26368281e-05 9.06818168e-06 3.85117463e-05 9.64325583e-05 2.36292763e-05 2.20068680e-04 3.54362688e-04 1.41745075e-05 1.45429681e-04 2.47905904e-05 2.78351683e-05 2.85865247e-04 4.64563647e-04 7.83715991e-05 2.15639923e-04 4.10716788e-05 1.26843571e-05 2.70696781e-05 1.26491628e-05 2.93211147e-07 1.00000000e-10 1.00000000e-10
 1993 09 05 12 00 00  3.59024181e-03 2.17649923e-03 1.19483132e-03 8.49514976e-04 6.05497282e-04 3.44424855e-04 2.43473451e-04 2.01751720e-04 4.08255504e-04 1.18745968e-04 2.83077391e-03 4.17614728e-03 2.11295106e-04 6.14459278e-05 4.05525395e-05 1.14423044e-04 3.28295719e-05 5.46400843e-05 1.11802394e-04 6.74330979e-05 1.27542291e-04 1.55682826e-04 9.33274539e-05 6.76904217e-05 4.83788317e-06 8.59380234e-06 5.91298813e-06 2.36565656e-05 4.78114634e-06 1.60515585e-05 4.25983730e-05 3.65226762e-05 1.47055325e-05 4.41992085e-05 3.38102604e-05 1.35550828e-05 4.36614972e-05 5.22059796e-05 9.07358335e-06 3.83518985e-05 9.55196097e-05 2.36204578e-05 2.18436627e-04 3.54257712e-04 1.41703085e-05 1.43959461e-04 2.40821682e-05 2.78183928e-05 2.83241056e-04 4.61992855e-04 7.80301229e-05 2.13816095e-04 4.13607584e-05 1.27894074e-05 2.73119791e-05 1.28098571e-05 3.00386802e-07 1.00000000e-10 1.00000000e-10
 1993 09 06 12 00 00  3.59204322e-03 2.17750575e-03 1.19548441e-03 8.50032744e-04 6.05972734e-04 3.44661937e-04 2.43699094e-04 2.01995522e-04 4.08896927e-04 1.18879812e-04 2.83593092e-03 4.18676808e-03 2.11523082e-04 6.14745674e-05 4.05825958e-05 1.14602102e-04 3.28837777e-05 5.47887932e-05 1.11877010e-04 6.74401643e-05 1.27861432e-04 1.56090696e-04 9.34925844e-05 6.77428250e-05 4.84182674e-06 8.58284766e-06 5.91471435e-06 2.36724208e-05 4.78135371e-06 1.60621796e-05 4.26653376e-05 3.65455606e-05 1.47498635e-05 4.42617096e-05 3.38221056e-05 1.35634633e-05 4.37949877e-05 5.24031809e-05 9.06446803e-06 3.84175326e-05 9.59302083e-05 2.36268519e-05 2.19143525e-04 3.54365128e-04 1.41746051e-05 1.44618318e-04 2.43966060e-05 2.78310588e-05 2.84392966e-04 4.63100412e-04 7.81820811e-05 2.14349338e-04 4.09011192e-05 1.26223118e-05 2.69262584e-05 1.25503851e-05 2.88533920e-07 1.00000000e-10 1.00000000e-10
 1993 09 07 12 00 00  3.59626053e-03 2.18074698e-03 1.19749644e-03 8.51459994e-04 6.07200224e-04 3.45148658e-04 2.44210061e-04 2.02569611e-04 4.10401323e-04 1.19378509e-04 2.84796420e-03 4.20801379e-03 2.12204475e-04 6.16975322e-05 4.06937469e-05 1.15071038e-04 3.30014125e-05 5.50975325e-05 1.12361069e-04 6.77297881e-05 1.28511774e-04 1.56921099e-04 9.38540842e-05 6.79096482e-05 4.85029595e-06 8.57237319e-06 5.91821372e-06 2.37184504e-05 4.78787406e-06 1.60972829e-05 4.28470041e-05 3.65945569e-05 1.48466672e-05 4.44406794e-05 3.42034502e-05 1.35803246e-05 4.41504871e-05 5.28760380e-05 9.05575725e-06 3.86909808e-05 9.69635346e-05 2.38725130e-05 2.20889171e-04 3.57873303e-04 1.43149321e-05 1.46992600e-04 2.50563287e-05 2.83076719e-05 2.88080797e-04 4.66903540e-04 7.90893202e-05 2.15945468e-04 4.04196297e-05 1.24473750e-05 2.65229328e-05 1.22848802e-05 2.76822058e-07 1.00000000e-10 1.00000000e-10
 1993 09 08 12 00 00  3.59870421e-03 2.18028609e-03 1.19738442e-03 8.51769515e-04 6.07683721e-04 3.45623711e-04 2.44562866e-04 2.02907952e-04 4.11280320e-04 1.19183496e-04 2.85515816e-03 4.22925949e-03 2.12216112e-04 6.14270083e-05 4.06526577e-05 1.15241834e-04 3.31195304e-05 5.54068480e-05 1.11865238e-04 6.71931019e-05 1.29162522e-04 1.57752259e-04 9.41394288e-05 6.79375372e-05 4.85879464e-06 8.58049098e-06 5.92171600e-06 2.37334936e-05 4.77582944e-06 1.60961498e-05 4.29137246e-05 3.66437220e-05 1.49438958e-05 4.45022394e-05 3.34987737e-05 1.35971874e-05 4.42756818e-05 5.31589549e-05 9.06251880e-06 3.86168079e-05 9.74739085e-05 2.34176041e-05 2.22075877e-04 3.51389485e-04 1.40555794e-05 1.46407993e-04 2.57176580e-05 2.74252816e-05 2.88010498e-04 4.66483150e-04 7.82394094e-05 2.17845936e-04 4.07163289e-05 1.25553424e-05 2.67726798e-05 1.24589747e-05 2.85211883e-07 1.00000000e-10 1.00000000e-10
 1993 09 09 12 00 00  3.59934175e-03 2.18165777e-03 1.19817101e-03 8.52169195e-04 6.07938685e-04 3.45621057e-04 2.44616255e-04 2.02989630e-04 4.11502771e-04 1.19440213e-04 2.85686698e-03 4.22925651e-03 2.12462627e-04 6.16102186e-05 4.07092034e-05 1.15343916e-04 3.31117655e-05 5.53973310e-05 1.12227833e-04 6.75009796e-05 1.29153040e-04 1.57739921e-04 9.41628915e-05 6.79909072e-05 4.85830533e-06 8.58092390e-06 5.92167598e-06 2.37431915e-05 4.78274087e-06 1.61081625e-05 4.29484557e-05 3.66410037e-05 1.49370404e-05 4.45466159e-05 3.39031074e-05 1.35971030e-05 4.43534163e-05 5.32181883e-05 9.06288697e-06 3.87514110e-05 9.76393135e-05 2.36785840e-05 2.22275018e-04 3.55109760e-04 1.42043904e-05 1.47460682e-04 2.56916916e-05 2.79315136e-05 2.89301554e-04 4.67970378e-04 7.88801777e-05 2.17820707e-04 4.06714696e-05 1.25391867e-05 2.67361296e-05 1.24431193e-05 2.85113842e-07 1.00000000e-10 1.00000000e-10
 1993 09 10 12 00 00  3.59507912e-03 2.17840486e-03 1.19615065e-03 8.50707087e-04 6.06664238e-04 3.45120838e-04 2.44093894e-04 2.02402427e-04 4.09975542e-04 1.18938138e-04 2.84464412e-03 4.20800410e-03 2.11774527e-04 6.13835649e-05 4.05970202e-05 1.14856128e-04 3.29795643e-05 5.50707453e-05 1.11729110e-04 6.72079506e-05 1.28484161e-04 1.56886374e-04 9.37919101e-05 6.78101093e-05 4.84892043e-06 8.58141357e-06 5.91810058e-06 2.36919389e-05 4.77623980e-06 1.60701238e-05 4.27516571e-05 3.65869113e-05 1.48273888e-05 4.43539287e-05 3.35223158e-05 1.35800859e-05 4.39801100e-05 5.27216950e-05 9.06330606e-06 3.84560306e-05 9.65462152e-05 2.34308274e-05 2.20389322e-04 3.51603644e-04 1.40641458e-05 1.44972922e-04 2.49832694e-05 2.74513412e-05 2.85393239e-04 4.63915601e-04 7.79386286e-05 2.15646313e-04 4.06154524e-05 1.25190078e-05 2.66904505e-05 1.24230001e-05 2.84955891e-07 1.00000000e-10 1.00000000e-10
 1993 09 11 12 00 00  3.59305248e-03 2.17703056e-03 1.19528416e-03 8.50038692e-04 6.06058565e-04 3.44866379e-04 2.43838948e-04 2.02119524e-04 4.09245253e-04 1.18733655e-04 2.83879117e-03 4.19737548e-03 2.11473735e-04 6.13018201e-05 4.05507345e-05 1.14624939e-04 3.29078845e-05 5.49006159e-05 1.11537566e-04 6.71156507e-05 1.28142665e-04 1.56450731e-04 9.36080391e-05 6.77247780e-05 4.84387638e-06 8.57759442e-06 5.91628414e-06 2.36664809e-05 4.77429057e-06 1.60524507e-05 4.26559390e-05 3.65579093e-05 1.47676328e-05 4.42609245e-05 3.34075128e-05 1.35715163e-05 4.38027568e-05 5.24774777e-05 9.06014029e-06 3.83252489e-05 9.60126140e-05 2.33536033e-05 2.19436968e-04 3.50543414e-04 1.40217366e-05 1.43889674e-04 2.46103911e-05 2.73021869e-05 2.83609564e-04 4.62082064e-04 7.75727012e-05 2.14354139e-04 4.03789619e-05 1.24332194e-05 2.64933180e-05 1.23009600e-05 2.80139130e-07 1.00000000e-10 1.00000000e-10
 1993 09 12 12 00 00  3.59239518e-03 2.17572286e-03 1.19453219e-03 8.49618597e-04 6.05759869e-04 3.44852195e-04 2.43774485e-04 2.02026236e-04 4.09007126e-04 1.18487422e-04 2.83694601e-03 4.19737026e-03 2.11232963e-04 6.11243885e-05 4.04961042e-05 1.14505296e-04 3.28972033e-05 5.48875192e-05 1.11177143e-04 6.68209745e-05 1.28128908e-04 1.56433749e-04 9.35741956e-05 6.76631256e-05 4.84320371e-06 8.57307823e-06 5.91622847e-06 2.36514124e-05 4.76779933e-06 1.60374904e-05 4.26047870e-05 3.65541695e-05 1.47582061e-05 4.42071120e-05 3.30269919e-05 1.35713999e-05 4.37083199e-05 5.23928096e-05 9.05639172e-06 3.81820809e-05 9.57834768e-05 2.31048340e-05 2.19117949e-04 3.47038328e-04 1.38815331e-05 1.42762163e-04 2.45746662e-05 2.68202915e-05 2.82119103e-04 4.60393943e-04 7.69257322e-05 2.13928462e-04 4.01154482e-05 1.23376021e-05 2.62734677e-05 1.21633216e-05 2.74587197e-07 1.00000000e-10 1.00000000e-10
 1993 09 13 12 00 00  3.59898543e-03 2.18115467e-03 1.19787627e-03 8.51923472e-04 6.07704283e-04 3.45581642e-04 2.44562717e-04 2.02920422e-04 4.11354143e-04 1.19341654e-04 2.85570196e-03 4.22923788e-03 2.12356353e-04 6.15324626e-05 4.06856024e-05 1.15250162e-04 3.30709823e-05 5.53473365e-05 1.12045126e-04 6.73796341e-05 1.29102194e-04 1.57675102e-04 9.41264430e-05 6.79640885e-05 4.85573873e-06 8.59721549e-06 5.92146425e-06 2.37271242e-05 4.78046240e-06 1.60951458e-05 4.28944111e-05 3.66267312e-05 1.49010535e-05 4.45177857e-05 3.37670848e-05 1.35966606e-05 4.42786549e-05 5.31291787e-05 9.07648646e-06 3.86998708e-05 9.74067167e-05 2.35794054e-05 2.22024241e-04 3.53843923e-04 1.41537569e-05 1.46786844e-04 2.55553168e-05 2.77414860e-05 2.88182545e-04 4.66833953e-04 7.85457302e-05 2.17563779e-04 4.10587094e-05 1.26806794e-05 2.70662396e-05 1.27062563e-05 3.00080748e-07 1.00000000e-10 1.00000000e-10
 1993 09 14 12 00 00  3.60944557e-03 2.18627657e-03 1.20127168e-03 8.54823649e-04 6.10473271e-04 3.47032523e-04 2.45902181e-04 2.04352640e-04 4.15094269e-04 1.19975202e-04 2.88584068e-03 4.29297835e-03 2.13568017e-04 6.15851867e-05 4.08289997e-05 1.16291113e-04 3.34302022e-05 5.62812609e-05 1.12270832e-04 6.72165188e-05 1.31061824e-04 1.60176354e-04 9.51197789e-05 6.83195056e-05 4.88154110e-06 8.62442321e-06 5.93199657e-06 2.38305945e-05 4.77693575e-06 1.61563830e-05 4.33045866e-05 3.67759290e-05 1.51970336e-05 4.49323244e-05 3.35599238e-05 1.36473114e-05 4.50689102e-05 5.43217297e-05 9.09914088e-06 3.91365868e-05 9.98805130e-05 2.34422492e-05 2.26781350e-04 3.51933548e-04 1.40773419e-05 1.50287714e-04 2.75555911e-05 2.74761493e-05 2.94638807e-04 4.73164908e-04 7.90831578e-05 2.23921882e-04 4.20994246e-05 1.30592614e-05 2.79413411e-05 1.33089255e-05 3.28615344e-07 1.00000000e-10 1.00000000e-10
 1993 09 15 12 00 00  3.62395729e-03 2.19705924e-03 1.20799088e-03 8.59662248e-04 6.14675177e-04 3.48742418e-04 2.47671645e-04 2.06331109e-04 4.20272058e-04 1.21615105e-04 2.92730892e-03 4.36734296e-03 2.15851558e-04 6.22869653e-05 4.11938162e-05 1.17894904e-04 3.38509009e-05 5.73728234e-05 1.13805486e-04 6.80980389e-05 1.33351398e-04 1.63097028e-04 9.63789316e-05 6.89454552e-05 4.91174615e-06 8.67435374e-06 5.94429148e-06 2.39949482e-05 4.79691989e-06 1.62752785e-05 4.39361815e-05 3.69505608e-05 1.55437679e-05 4.55947685e-05 3.47278779e-05 1.37064184e-05 4.62968048e-05 5.59651240e-05 9.14070843e-06 4.01533568e-05 1.03457866e-04 2.41911097e-05 2.33286175e-04 3.62673555e-04 1.45069422e-05 1.58255574e-04 2.98946368e-05 2.89297779e-05 3.07078831e-04 4.86192069e-04 8.19934793e-05 2.32273120e-04 4.40621156e-05 1.37730900e-05 2.95906897e-05 1.44367911e-05 3.81454728e-07 1.11981393e-09 1.00000000e-10
 1993 09 16 12 00 00  3.63412966e-03 2.20439732e-03 1.21258012e-03 8.62992014e-04 6.17580053e-04 3.49956843e-04 2.48914572e-04 2.07714551e-04 4.23897407e-04 1.22717280e-04 2.95636949e-03 4.42045778e-03 2.17413620e-04 6.27363114e-05 4.14384755e-05 1.19001921e-04 3.41452309e-05 5.81449538e-05 1.14791371e-04 6.86425192e-05 1.34979627e-04 1.65173437e-04 9.72668108e-05 6.93918167e-05 4.93293301e-06 8.73394602e-06 5.95304191e-06 2.41087121e-05 4.80941635e-06 1.63553430e-05 4.43714329e-05 3.70731432e-05 1.57859904e-05 4.60661295e-05 3.54573043e-05 1.37485724e-05 4.71467285e-05 5.71114261e-05 9.19031809e-06 4.08703678e-05 1.05938054e-04 2.46549200e-05 2.37952810e-04 3.69376190e-04 1.47750476e-05 1.63625080e-04 3.15447658e-05 2.98308994e-05 3.15493835e-04 4.95048250e-04 8.38793366e-05 2.38829697e-04 4.64050451e-05 1.46252098e-05 3.15595648e-05 1.57830883e-05 4.44522310e-07 3.43416211e-09 1.00000000e-10
 1993 09 17 12 00 00  3.63798331e-03 2.20696321e-03 1.21420062e-03 8.64178337e-04 6.18619664e-04 3.50429985e-04 2.49384877e-04 2.08230800e-04 4.25260990e-04 1.23086702e-04 2.96733923e-03 4.44169827e-03 2.17964690e-04 6.28589780e-05 4.15189400e-05 1.19396006e-04 3.42507294e-05 5.84388035e-05 1.15055374e-04 6.87684515e-05 1.35613919e-04 1.65984551e-04 9.76063345e-05 6.95059844e-05 4.94063752e-06 8.69654614e-06 5.95647871e-06 2.41429579e-05 4.81266106e-06 1.63811429e-05 4.45221761e-05 3.71178903e-05 1.58720824e-05 4.61976103e-05 3.56445933e-05 1.37652998e-05 4.74436423e-05 5.75278852e-05 9.15922210e-06 4.10321906e-05 1.06820744e-04 2.47651275e-05 2.39368432e-04 3.71086084e-04 1.48434434e-05 1.65344141e-04 3.21639032e-05 3.00468819e-05 3.18279121e-04 4.97766828e-04 8.44148552e-05 2.39276616e-04 4.46488569e-05 1.39872246e-05 3.00890559e-05 1.48197735e-05 4.02374128e-07 2.01626733e-09 1.00000000e-10
 1993 09 18 12 00 00  3.63837094e-03 2.20789543e-03 1.21473126e-03 8.64409381e-04 6.18735648e-04 3.50414526e-04 2.49407946e-04 2.08270091e-04 4.25383360e-04 1.23258516e-04 2.96829636e-03 4.44168933e-03 2.18123973e-04 6.29741447e-05 4.15547323e-05 1.19442789e-04 3.42308223e-05 5.84144029e-05 1.15263584e-04 6.89664739e-05 1.35589001e-04 1.65952910e-04 9.76127169e-05 6.95327141e-05 4.93938423e-06 8.69241194e-06 5.95637575e-06 2.41444357e-05 4.81747593e-06 1.63861981e-05 4.45337621e-05 3.71109199e-05 1.58545168e-05 4.62165397e-05 3.59240104e-05 1.37650830e-05 4.74799757e-05 5.75441963e-05 9.15580385e-06 4.11088514e-05 1.06871599e-04 2.49360426e-05 2.39393009e-04 3.73645117e-04 1.49458047e-05 1.65947357e-04 3.20973311e-05 3.03803594e-05 3.18911512e-04 4.98518278e-04 8.47985197e-05 2.38861665e-04 4.43306830e-05 1.38719077e-05 2.98245632e-05 1.46619088e-05 3.96601362e-07 1.87811651e-09 1.00000000e-10
 1993 09 19 12 00 00  3.63632665e-03 2.20655472e-03 1.21388096e-03 8.63720680e-04 6.18093793e-04 3.50150193e-04 2.49144591e-04 2.07977161e-04 4.24636995e-04 1.23058256e-04 2.96233579e-03 4.43105586e-03 2.17822905e-04 6.28893963e-05 4.15077139e-05 1.19197388e-04 3.41484614e-05 5.82311768e-05 1.15050555e-04 6.88725326e-05 1.35233854e-04 1.65500282e-04 9.74225356e-05 6.94372198e-05 4.93366788e-06 8.67888302e-06 5.95450329e-06 2.41150857e-05 4.81578463e-06 1.63665597e-05 4.44303696e-05 3.70781840e-05 1.57853356e-05 4.61125041e-05 3.58224934e-05 1.37563999e-05 4.72920197e-05 5.72838121e-05 9.14456687e-06 4.09621069e-05 1.06296895e-04 2.48598633e-05 2.38332646e-04 3.72697765e-04 1.49079106e-05 1.64803884e-04 3.16887337e-05 3.02347937e-05 3.16979851e-04 4.96511072e-04 8.44086232e-05 2.37084718e-04 4.36186800e-05 1.36134187e-05 2.92295741e-05 1.42816612e-05 3.80665757e-07 1.38050353e-09 1.00000000e-10
 1993 09 20 12 00 00  3.63208355e-03 2.20341617e-03 1.21192213e-03 8.62259228e-04 6.16794740e-04 3.49640746e-04 2.48616524e-04 2.07383623e-04 4.23104201e-04 1.22574864e-04 2.95010252e-03 4.40979898e-03 2.17147506e-04 6.26670357e-05 4.13971131e-05 1.18700234e-04 3.40060651e-05 5.78920939e-05 1.14538446e-04 6.85907784e-05 1.34550350e-04 1.64630527e-04 9.70470808e-05 6.92051110e-05 4.92364125e-06 8.60701548e-06 5.95087513e-06 2.40565453e-05 4.80996387e-06 1.63273064e-05 4.42283238e-05 3.70205176e-05 1.56666865e-05 4.58734180e-05 3.54788557e-05 1.37392693e-05 4.69071999e-05 5.67723835e-05 9.08478614e-06 4.05766206e-05 1.05168470e-04 2.46251991e-05 2.36036803e-04 3.69519850e-04 1.47807940e-05 1.62277064e-04 3.09462164e-05 2.97822611e-05 3.12995136e-04 4.92170566e-04 8.34711174e-05 2.32488296e-04 4.04561885e-05 1.24640955e-05 2.65782283e-05 1.25184616e-05 3.01580013e-07 1.00000000e-10 1.00000000e-10
 1993 09 21 12 00 00  3.62967468e-03 2.20129150e-03 1.21062228e-03 8.61342003e-04 6.16007032e-04 3.49377875e-04 2.48322625e-04 2.07043976e-04 4.22230668e-04 1.22227885e-04 2.94316464e-03 4.39916737e-03 2.16705550e-04 6.24776242e-05 4.13177911e-05 1.18396439e-04 3.39280727e-05 5.77142288e-05 1.14118385e-04 6.83209510e-05 1.34200766e-04 1.64184854e-04 9.68434516e-05 6.90852842e-05 4.91819956e-06 8.60186410e-06 5.94902594e-06 2.40221960e-05 4.80432209e-06 1.63007908e-05 4.41052555e-05 3.69893096e-05 1.56013615e-05 4.57492256e-05 3.51462484e-05 1.37306313e-05 4.66756441e-05 5.64784850e-05 9.08051370e-06 4.03642711e-05 1.04499795e-04 2.43999035e-05 2.34906103e-04 3.66446285e-04 1.46578514e-05 1.60537263e-04 3.05522350e-05 2.93474441e-05 3.10324832e-04 4.89339598e-04 8.27150126e-05 2.30999722e-04 4.01410573e-05 1.23497739e-05 2.63154961e-05 1.23554398e-05 2.95116895e-07 1.00000000e-10 1.00000000e-10
 1993 09 22 12 00 00  3.62682880e-03 2.20102930e-03 1.21031624e-03 8.60768331e-04 6.15313141e-04 3.48882451e-04 2.47923363e-04 2.06641407e-04 4.21198223e-04 1.22285196e-04 2.93478002e-03 4.37791236e-03 2.16555411e-04 6.26458593e-05 4.13275211e-05 1.18141467e-04 3.37905338e-05 5.73811005e-05 1.14396135e-04 6.86907792e-05 1.33525442e-04 1.63322808e-04 9.65307290e-05 6.90174670e-05 4.90847815e-06 8.59084757e-06 5.94542362e-06 2.39945516e-05 4.81286188e-06 1.62909491e-05 4.39976302e-05 3.69333429e-05 1.54869922e-05 4.56507255e-05 3.56444070e-05 1.37135532e-05 4.64833542e-05 5.61275116e-05 9.07135254e-06 4.03517988e-05 1.03808532e-04 2.47153657e-05 2.33459550e-04 3.71022190e-04 1.48408876e-05 1.60404381e-04 2.98259431e-05 2.99606094e-05 3.09366557e-04 4.88623642e-04 8.31735065e-05 2.28650578e-04 3.96371955e-05 1.21667028e-05 2.58933867e-05 1.20772540e-05 2.82822479e-07 1.00000000e-10 1.00000000e-10
 1993 09 23 12 00 00  3.62222686e-03 2.19710395e-03 1.20790857e-03 8.59087755e-04 6.13881737e-04 3.48375046e-04 2.47367276e-04 2.06005206e-04 4.19546359e-04 1.21656071e-04 2.92160142e-03 4.35665771e-03 2.15742430e-04 6.23257794e-05 4.11866129e-05 1.17590934e-04 3.36529949e-05 5.70479722e-05 1.13704294e-04 6.82430225e-05 1.32850562e-04 1.62460778e-04 9.61423594e-05 6.88293758e-05 4.89875674e-06 8.62232555e-06 5.94182056e-06 2.39376775e-05 4.80303497e-06 1.62451631e-05 4.37765203e-05 3.68773850e-05 1.53726258e-05 4.54504874e-05 3.50680930e-05 1.36964780e-05 4.60651977e-05 5.55891025e-05 9.09754672e-06 4.00269797e-05 1.02600253e-04 2.43376722e-05 2.31579680e-04 3.65712398e-04 1.46284959e-05 1.57356673e-04 2.90996686e-05 2.92291632e-05 3.04683125e-04 4.83797963e-04 8.18925359e-05 2.27372925e-04 4.09518943e-05 1.26446573e-05 2.69967617e-05 1.28203445e-05 3.16829238e-07 1.00000000e-10 1.00000000e-10
 1993 09 24 12 00 00  3.61887049e-03 2.19577709e-03 1.20699216e-03 8.58193336e-04 6.12974787e-04 3.47875719e-04 2.46922571e-04 2.05535152e-04 4.18334925e-04 1.21514158e-04 2.91182419e-03 4.33540232e-03 2.15400297e-04 6.23536266e-05 4.11530078e-05 1.17250488e-04 3.35149671e-05 5.67142561e-05 1.13706819e-04 6.83775288e-05 1.32177946e-04 1.61597958e-04 9.58074016e-05 6.88152008e-05 4.88900514e-06 8.74767284e-06 5.93821533e-06 2.39095552e-05 4.80623057e-06 1.62248411e-05 4.36385906e-05 3.68212466e-05 1.52578301e-05 4.53974994e-05 3.52539559e-05 1.36793955e-05 4.58197105e-05 5.51894222e-05 9.20184175e-06 4.00864340e-05 1.01769161e-04 2.44531402e-05 2.30635663e-04 3.67416897e-04 1.46966759e-05 1.56457986e-04 2.83717556e-05 2.94540660e-05 3.02643087e-04 4.82275052e-04 8.18496096e-05 2.29239519e-04 4.62586731e-05 1.45737466e-05 3.14492812e-05 1.58090071e-05 4.52887528e-07 4.41712835e-09 1.00000000e-10
 1993 09 25 12 00 00  3.61107125e-03 2.19077092e-03 1.20381187e-03 8.55727292e-04 6.10735000e-04 3.46882861e-04 2.45943913e-04 2.04458339e-04 4.15537115e-04 1.20791067e-04 2.88937211e-03 4.29289863e-03 2.14295868e-04 6.20996607e-05 4.09901324e-05 1.16398849e-04 3.32534837e-05 5.60646586e-05 1.13106032e-04 6.81248959e-05 1.30847085e-04 1.59895482e-04 9.50982161e-05 6.85993958e-05 4.87041798e-06 8.86355920e-06 5.93107907e-06 2.38285063e-05 4.80073832e-06 1.61640050e-05 4.32987400e-05 3.67140776e-05 1.50410880e-05 4.51354137e-05 3.49315436e-05 1.36453906e-05 4.51826798e-05 5.42842551e-05 9.29826856e-06 3.97993341e-05 9.98179346e-05 2.42404698e-05 2.27731998e-04 3.64444702e-04 1.45777881e-05 1.52781551e-04 2.69646465e-05 2.90424883e-05 2.96388304e-04 4.76299154e-04 8.06812101e-05 2.28747146e-04 5.11572416e-05 1.63544646e-05 3.55594363e-05 1.85689265e-05 5.78608612e-07 1.10537099e-08 5.53853852e-10
 1993 09 26 12 00 00  3.60483760e-03 2.18622721e-03 1.20097348e-03 8.53634087e-04 6.08888928e-04 3.46133817e-04 2.45174425e-04 2.03598318e-04 4.13301655e-04 1.20100566e-04 2.87147383e-03 4.26101983e-03 2.13323748e-04 6.18029176e-05 4.08352225e-05 1.15693540e-04 3.30554263e-05 5.55750739e-05 1.12442692e-04 6.77580480e-05 1.29848473e-04 1.58615522e-04 9.45487638e-05 6.84634303e-05 4.85635501e-06 9.03337568e-06 5.92571778e-06 2.37655986e-05 4.79267765e-06 1.61102281e-05 4.30199938e-05 3.66330176e-05 1.48768173e-05 4.49603615e-05 3.44588974e-05 1.36198651e-05 4.46618395e-05 5.35655941e-05 9.43956838e-06 3.96120153e-05 9.82419100e-05 2.39309462e-05 2.25824701e-04 3.60090321e-04 1.44036129e-05 1.49430815e-04 2.59028020e-05 2.84430134e-05 2.90862968e-04 4.71128763e-04 7.94238265e-05 2.30881321e-04 5.83268768e-05 1.89607758e-05 4.15752766e-05 2.26096648e-05 7.62758464e-07 2.07809929e-08 1.43897596e-09
 1993 09 27 12 00 00  3.60106173e-03 2.18399697e-03 1.19953991e-03 8.52478625e-04 6.07816933e-04 3.45635616e-04 2.44694944e-04 2.03075412e-04 4.11945904e-04 1.19790132e-04 2.86057488e-03 4.23976704e-03 2.12820533e-04 6.17129534e-05 4.07652045e-05 1.15286848e-04 3.29217757e-05 5.52467187e-05 1.12215693e-04 6.76940195e-05 1.29177829e-04 1.57759667e-04 9.41980048e-05 6.83204092e-05 4.84687807e-06 9.02816901e-06 5.92213510e-06 2.37224976e-05 4.79130904e-06 1.60819645e-05 4.28534243e-05 3.65784130e-05 1.47658793e-05 4.47994126e-05 3.43784137e-05 1.36028306e-05 4.43506565e-05 5.31196089e-05 9.43523992e-06 3.94119542e-05 9.72883900e-05 2.38772438e-05 2.24082392e-04 3.59347614e-04 1.43739046e-05 1.47752280e-04 2.51895195e-05 2.83392030e-05 2.87976662e-04 4.68225236e-04 7.89668650e-05 2.28626670e-04 5.80822223e-05 1.88718981e-05 4.13704235e-05 2.24754908e-05 7.56889688e-07 2.04895130e-08 1.41292160e-09
 1993 09 28 12 00 00  3.60312668e-03 2.18555561e-03 1.20050932e-03 8.53161481e-04 6.08401134e-04 3.45874476e-04 2.44943787e-04 2.03353697e-04 4.12679171e-04 1.20027154e-04 2.86644834e-03 4.25038785e-03 2.13147713e-04 6.18138210e-05 4.08175709e-05 1.15509567e-04 3.29759758e-05 5.53954160e-05 1.12432336e-04 6.78223209e-05 1.29499854e-04 1.58167526e-04 9.43744794e-05 6.84733710e-05 4.85082201e-06 9.12642936e-06 5.92386095e-06 2.37502303e-05 4.79429254e-06 1.60979503e-05 4.29414829e-05 3.66012973e-05 1.48102074e-05 4.49467710e-05 3.45523295e-05 1.36112110e-05 4.45302968e-05 5.33506754e-05 9.51700204e-06 3.96754634e-05 9.77868725e-05 2.39868561e-05 2.25443277e-04 3.60944474e-04 1.44377790e-05 1.48924626e-04 2.55039427e-05 2.85523711e-05 2.89683199e-04 4.70302852e-04 7.93766053e-05 2.32603753e-04 6.22214106e-05 2.03766020e-05 4.48436638e-05 2.48096999e-05 8.63360060e-07 2.61205464e-08 1.92548715e-09
 1993 09 29 12 00 00  3.60378508e-03 2.18696837e-03 1.20131897e-03 8.53573276e-04 6.08664081e-04 3.45872809e-04 2.44999066e-04 2.03437834e-04 4.12907911e-04 1.20291255e-04 2.86821414e-03 4.25038487e-03 2.13401006e-04 6.20007717e-05 4.08753001e-05 1.15614958e-04 3.29691771e-05 5.53870865e-05 1.12800421e-04 6.81367121e-05 1.29493957e-04 1.58156719e-04 9.43993296e-05 6.85946004e-05 4.85039418e-06 9.21844476e-06 5.92382567e-06 2.37664767e-05 4.80141462e-06 1.61104815e-05 4.29819233e-05 3.65989195e-05 1.48042091e-05 4.50482460e-05 3.49685957e-05 1.36111368e-05 4.46213034e-05 5.34178940e-05 9.59356330e-06 3.99347643e-05 9.79694898e-05 2.42538896e-05 2.26121341e-04 3.64772434e-04 1.45908973e-05 1.50074522e-04 2.54812127e-05 2.90706841e-05 2.91020633e-04 4.72127701e-04 8.00328261e-05 2.35511367e-04 6.61204100e-05 2.17939358e-05 4.81149646e-05 2.70050326e-05 9.63269053e-07 3.13874864e-08 2.40447999e-09
 1993 09 30 12 00 00  3.60184664e-03 2.18575418e-03 1.20054509e-03 8.52962933e-04 6.08104380e-04 3.45622483e-04 2.44754214e-04 2.03168997e-04 4.12211394e-04 1.20117303e-04 2.86262159e-03 4.23975773e-03 2.13130942e-04 6.19419890e-05 4.08360482e-05 1.15402137e-04 3.29013827e-05 5.52217243e-05 1.12658893e-04 6.80818805e-05 1.29159347e-04 1.57727251e-04 9.42212719e-05 6.85728216e-05 4.84559423e-06 9.29150556e-06 5.92202923e-06 2.37486797e-05 4.80024137e-06 1.60951727e-05 4.28970281e-05 3.65712767e-05 1.47478830e-05 4.50095729e-05 3.48995993e-05 1.36026094e-05 4.44663536e-05 5.31920380e-05 9.65435174e-06 3.99235089e-05 9.74816381e-05 2.42078851e-05 2.25611865e-04 3.64135776e-04 1.45654310e-05 1.49198566e-04 2.51213263e-05 2.89817544e-05 2.89460607e-04 4.70780888e-04 7.97539480e-05 2.36753193e-04 6.92257096e-05 2.29227266e-05 5.07201765e-05 2.87520616e-05 1.04268233e-06 3.55668902e-08 2.78438979e-09
 1993 10 01 12 00 00  3.59812016e-03 2.18360627e-03 1.19915893e-03 8.51839669e-04 6.07059433e-04 3.45128119e-04 2.44280906e-04 2.02654212e-04 4.10874231e-04 1.19822449e-04 2.85187326e-03 4.21850644e-03 2.12643437e-04 6.18627657e-05 4.07693320e-05 1.15006335e-04 3.27716116e-05 5.48981130e-05 1.12453388e-04 6.80352736e-05 1.28492484e-04 1.56877561e-04 9.38746430e-05 6.84042788e-05 4.83636213e-06 9.24334163e-06 5.91846656e-06 2.37046511e-05 4.79926930e-06 1.60684382e-05 4.27358986e-05 3.65180313e-05 1.46403705e-05 4.48273815e-05 3.48422909e-05 1.35856157e-05 4.41601338e-05 5.27540304e-05 9.61427286e-06 3.96775422e-05 9.65506817e-05 2.41689922e-05 2.23688506e-04 3.63606109e-04 1.45442444e-05 1.47582539e-04 2.44210183e-05 2.89067073e-05 2.86709638e-04 4.67890892e-04 7.93411670e-05 2.33239587e-04 6.72075386e-05 2.21890435e-05 4.90265233e-05 2.76123488e-05 9.90590041e-07 3.28038055e-08 2.53267718e-09
 1993 10 02 12 00 00  3.59144195e-03 2.18089120e-03 1.19729410e-03 8.50083878e-04 6.05306487e-04 3.44150384e-04 2.43406566e-04 2.01730623e-04 4.08475846e-04 1.19529383e-04 2.83251868e-03 4.17600684e-03 2.11956250e-04 6.19155715e-05 4.07010330e-05 1.14349806e-04 3.25183792e-05 5.42586378e-05 1.12466498e-04 6.82946469e-05 1.27172980e-04 1.55188210e-04 9.32180190e-05 6.83024696e-05 4.81829484e-06 9.38204612e-06 5.91137468e-06 2.36476442e-05 4.80521958e-06 1.60316882e-05 4.24766534e-05 3.64137493e-05 1.44309146e-05 4.46628552e-05 3.51896102e-05 1.35517010e-05 4.36786193e-05 5.19813771e-05 9.72968046e-06 3.96546258e-05 9.49598694e-05 2.43899151e-05 2.21356900e-04 3.66797680e-04 1.46719072e-05 1.45817225e-04 2.30415142e-05 2.93359102e-05 2.82903683e-04 4.64756136e-04 7.92774617e-05 2.33760292e-04 7.31055130e-05 2.43329781e-05 5.39746248e-05 3.09301385e-05 1.14137838e-06 4.07376348e-08 3.25381677e-09
 1993 10 03 12 00 00  3.58626965e-03 2.17851810e-03 1.19570272e-03 8.48664866e-04 6.03923250e-04 3.43414779e-04 2.42735996e-04 2.01016334e-04 4.06620304e-04 1.19246763e-04 2.81755373e-03 4.14413102e-03 2.11380481e-04 6.19120479e-05 4.06364695e-05 1.13829839e-04 3.23271175e-05 5.37773944e-05 1.12392411e-04 6.84167841e-05 1.26178683e-04 1.53919054e-04 9.27178182e-05 6.81305320e-05 4.80465933e-06 9.37299264e-06 5.90604759e-06 2.35942453e-05 4.80798990e-06 1.60006368e-05 4.22661897e-05 3.63350729e-05 1.42726421e-05 4.44588957e-05 3.53515235e-05 1.35262497e-05 4.32829510e-05 5.13769437e-05 9.72215566e-06 3.94546593e-05 9.37040700e-05 2.44936877e-05 2.18965166e-04 3.68286497e-04 1.47314599e-05 1.44141880e-04 2.20023998e-05 2.95373524e-05 2.79697251e-04 4.61653321e-04 7.90733811e-05 2.30511861e-04 7.26671093e-05 2.41737446e-05 5.36077433e-05 3.06914505e-05 1.13105663e-06 4.02342920e-08 3.20907532e-09
 1993 10 04 12 00 00  3.59193641e-03 2.18198466e-03 1.19792051e-03 8.50391581e-04 6.05494197e-04 3.44143657e-04 2.43445343e-04 2.01791417e-04 4.08645863e-04 1.19733583e-04 2.83382029e-03 4.17600162e-03 2.12151108e-04 6.20607356e-05 4.07458719e-05 1.14424962e-04 3.25072120e-05 5.42449474e-05 1.12750522e-04 6.85395848e-05 1.27157539e-04 1.55170453e-04 9.32335535e-05 6.82975622e-05 4.81759162e-06 9.31980176e-06 5.91131611e-06 2.36497478e-05 4.81075622e-06 1.60402940e-05 4.24975384e-05 3.64098465e-05 1.44210600e-05 4.46575877e-05 3.55133030e-05 1.35515787e-05 4.37285193e-05 5.20176716e-05 9.67791566e-06 3.96764130e-05 9.50661999e-05 2.45978590e-05 2.21167641e-04 3.69774710e-04 1.47909884e-05 1.46581153e-04 2.30041653e-05 2.97394668e-05 2.83860807e-04 4.65672635e-04 7.97779451e-05 2.31618583e-04 7.02866555e-05 2.33087247e-05 5.16126980e-05 2.93699716e-05 1.07216595e-06 3.72239718e-08 2.93769453e-09
 1993 10 05 12 00 00  3.60025936e-03 2.18819901e-03 1.20179033e-03 8.53175925e-04 6.07910931e-04 3.45122886e-04 2.44460054e-04 2.02926690e-04 4.11615616e-04 1.20680562e-04 2.85760778e-03 4.21849638e-03 2.13465762e-04 6.24681835e-05 4.09563267e-05 1.15347735e-04 3.27497633e-05 5.48713375e-05 1.13639729e-04 6.90538902e-05 1.28468529e-04 1.56842839e-04 9.39554933e-05 6.86568308e-05 4.83498734e-06 9.34690470e-06 5.91835342e-06 2.37446394e-05 4.82243413e-06 1.61091348e-05 4.28625180e-05 3.65103857e-05 1.46210921e-05 4.50377385e-05 3.61956889e-05 1.35853785e-05 4.44356930e-05 5.29625751e-05 9.70048786e-06 4.02609844e-05 9.71256763e-05 2.50349171e-05 2.24899998e-04 3.76049116e-04 1.50419646e-05 1.51188418e-04 2.43479633e-05 3.05879570e-05 2.91049413e-04 4.73196351e-04 8.14673932e-05 2.36327047e-04 7.12822173e-05 2.36709892e-05 5.24506127e-05 2.99532681e-05 1.10022020e-06 3.88167081e-08 3.08542596e-09
 1993 10 06 12 00 00  3.60738060e-03 2.19189334e-03 1.20421498e-03 8.55204737e-04 6.09828682e-04 3.46095692e-04 2.45368767e-04 2.03903623e-04 4.14163577e-04 1.21155755e-04 2.87812615e-03 4.26099226e-03 2.14325755e-04 6.25414062e-05 4.10636334e-05 1.16070461e-04 3.29942559e-05 5.55000966e-05 1.13867555e-04 6.90079061e-05 1.29778754e-04 1.58518300e-04 9.46266724e-05 6.88370547e-05 4.85250457e-06 9.26707653e-06 5.92540091e-06 2.38112075e-05 4.82145806e-06 1.61536772e-05 4.31467233e-05 3.66116059e-05 1.48228370e-05 4.52669159e-05 3.61382554e-05 1.36192000e-05 4.49753489e-05 5.37748701e-05 9.63408238e-06 4.04539541e-05 9.88252171e-05 2.49964069e-05 2.27652566e-04 3.75518799e-04 1.50207520e-05 1.53715702e-04 2.56982486e-05 3.05135502e-05 2.95710069e-04 4.77505947e-04 8.19685384e-05 2.37553355e-04 6.77941209e-05 2.24032775e-05 4.95258784e-05 2.80050020e-05 1.01259701e-06 3.42760245e-08 2.67447273e-09
 1993 10 07 12 00 00  3.60462898e-03 2.18894947e-03 1.20244993e-03 8.54085563e-04 6.08940303e-04 3.45844665e-04 2.45054432e-04 2.03529969e-04 4.13184239e-04 1.20658499e-04 2.87034122e-03 4.25036773e-03 2.13745330e-04 6.22546958e-05 4.09539913e-05 1.15725836e-04 3.29317932e-05 5.53412654e-05 1.13278250e-04 6.85700332e-05 1.29447763e-04 1.58097302e-04 9.44163463e-05 6.86697327e-05 4.84804077e-06 9.23323169e-06 5.92363212e-06 2.37730455e-05 4.81157367e-06 1.61225008e-05 4.30090108e-05 3.65858345e-05 1.47712213e-05 4.51062750e-05 3.55603086e-05 1.36107308e-05 4.47062850e-05 5.34626038e-05 9.60592151e-06 4.01315704e-05 9.81033159e-05 2.46247801e-05 2.26324386e-04 3.70202962e-04 1.48081185e-05 1.51417974e-04 2.53562059e-05 2.97923922e-05 2.92476741e-04 4.73908078e-04 8.08848070e-05 2.35370298e-04 6.63566563e-05 2.18807497e-05 4.83198904e-05 2.71961279e-05 9.75817875e-07 3.23395724e-08 2.49842778e-09
 1993 10 08 12 00 00  3.60292390e-03 2.18817366e-03 1.20192922e-03 8.53627633e-04 6.08497068e-04 3.45602997e-04 2.44834973e-04 2.03297035e-04 4.12575765e-04 1.20567839e-04 2.86542534e-03 4.23974469e-03 2.13558318e-04 6.22580300e-05 4.09337995e-05 1.15559566e-04 3.28717695e-05 5.51854260e-05 1.13267211e-04 6.86171348e-05 1.29119662e-04 1.57680189e-04 9.42523709e-05 6.85768709e-05 4.84373086e-06 9.17675861e-06 5.92187607e-06 2.37531333e-05 4.81254319e-06 1.61130955e-05 4.29407229e-05 3.65609128e-05 1.47217506e-05 4.50089319e-05 3.56175529e-05 1.36022878e-05 4.45738621e-05 5.32653003e-05 9.55892247e-06 3.99994428e-05 9.76976264e-05 2.46639771e-05 2.25279837e-04 3.70732428e-04 1.48292971e-05 1.50864588e-04 2.50223005e-05 2.98679661e-05 2.91486300e-04 4.72790840e-04 8.08375116e-05 2.32726461e-04 6.40356018e-05 2.10368455e-05 4.63712642e-05 2.58785566e-05 9.15145961e-07 2.90875803e-08 2.20132463e-09
 1993 10 09 12 00 00  3.60466443e-03 2.18898995e-03 1.20247527e-03 8.54113862e-04 6.08970971e-04 3.45848931e-04 2.45061094e-04 2.03539033e-04 4.13203086e-04 1.20667503e-04 2.87046799e-03 4.25036997e-03 2.13756692e-04 6.22659980e-05 4.09573448e-05 1.15737849e-04 3.29361676e-05 5.53466263e-05 1.13310990e-04 6.85869309e-05 1.29450453e-04 1.58104256e-04 9.44201590e-05 6.85953359e-05 4.84831580e-06 9.12315300e-06 5.92365468e-06 2.37678197e-05 4.81172465e-06 1.61239463e-05 4.30093828e-05 3.65873624e-05 1.47750776e-05 4.50446424e-05 3.55705182e-05 1.36107774e-05 4.47021025e-05 5.34667408e-05 9.51431066e-06 3.99959477e-05 9.81188575e-05 2.46372045e-05 2.25797173e-04 3.70304221e-04 1.48121688e-05 1.51415601e-04 2.53708218e-05 2.98152940e-05 2.92606469e-04 4.73706834e-04 8.09294334e-05 2.32080120e-04 6.18289130e-05 2.02345326e-05 4.45187179e-05 2.46264476e-05 8.57523844e-07 2.60016989e-08 1.91946334e-09
 1993 10 10 12 00 00  3.61030105e-03 2.19234439e-03 1.20463011e-03 8.55826225e-04 6.10547063e-04 3.46585097e-04 2.45772252e-04 2.04314712e-04 4.15223025e-04 1.21134270e-04 2.88669171e-03 4.28224429e-03 2.14510333e-04 6.24023525e-05 4.10628539e-05 1.16334967e-04 3.31245130e-05 5.58243017e-05 1.13651119e-04 6.86871819e-05 1.30439689e-04 1.59368765e-04 9.49388694e-05 6.87626403e-05 4.86176723e-06 9.07058857e-06 5.92896613e-06 2.38249980e-05 4.81387651e-06 1.61641552e-05 4.32449488e-05 3.66650231e-05 1.49307787e-05 4.52446397e-05 3.56970355e-05 1.36361967e-05 4.51498035e-05 5.41147276e-05 9.47056396e-06 4.02132570e-05 9.94983622e-05 2.47213757e-05 2.28031756e-04 3.71471397e-04 1.48588559e-05 1.53823084e-04 2.64001777e-05 2.99780426e-05 2.96781121e-04 4.77727736e-04 8.16015198e-05 2.33449529e-04 5.96752658e-05 1.94514785e-05 4.27105166e-05 2.34028716e-05 8.01112026e-07 2.29729707e-08 1.64263110e-09
 1993 10 11 12 00 00  3.61886729e-03 2.19622588e-03 1.20724039e-03 8.58156430e-04 6.12819464e-04 3.47803606e-04 2.46881894e-04 2.05495618e-04 4.18295648e-04 1.21591571e-04 2.91145656e-03 4.33536693e-03 2.15455905e-04 6.24007813e-05 4.11681456e-05 1.17188151e-04 3.34353565e-05 5.66166593e-05 1.13761180e-04 6.84718718e-05 1.32084460e-04 1.61471418e-04 9.57661220e-05 6.89753469e-05 4.88399346e-06 8.99117294e-06 5.93780169e-06 2.39049235e-05 4.80891249e-06 1.62137845e-05 4.35813837e-05 3.67933768e-05 1.51875691e-05 4.55216458e-05 3.54074320e-05 1.36785296e-05 4.57859690e-05 5.51018097e-05 9.40447862e-06 4.04121602e-05 1.01542831e-04 2.45377858e-05 2.31476503e-04 3.68810948e-04 1.47524379e-05 1.56446246e-04 2.81055138e-05 2.96212384e-05 3.01954174e-04 4.82427105e-04 8.19023180e-05 2.35767679e-04 5.63591979e-05 1.82459306e-05 3.99274616e-05 2.15284641e-05 7.15324410e-07 1.84139733e-08 1.22709620e-09
 1993 10 12 12 00 00  3.62612876e-03 2.20019590e-03 1.20982456e-03 8.60277221e-04 6.14804819e-04 3.48779174e-04 2.47804980e-04 2.06493648e-04 4.20896864e-04 1.22119314e-04 2.93237343e-03 4.37786318e-03 2.16368192e-04 6.25145987e-05 4.12878911e-05 1.17937794e-04 3.36817873e-05 5.72478049e-05 1.14076633e-04 6.84926810e-05 1.33397027e-04 1.63149965e-04 9.64443629e-05 6.91639130e-05 4.90163293e-06 8.90489682e-06 5.94485937e-06 2.39742559e-05 4.80928975e-06 1.62615441e-05 4.38746836e-05 3.68952838e-05 1.53910267e-05 4.57585249e-05 3.54300340e-05 1.37123716e-05 4.63444350e-05 5.59316406e-05 9.33268821e-06 4.06273318e-05 1.03290562e-04 2.45546777e-05 2.34256433e-04 3.69021839e-04 1.47608736e-05 1.59209765e-04 2.94622849e-05 2.96535291e-05 3.06940554e-04 4.87086516e-04 8.25495458e-05 2.36938062e-04 5.27315380e-05 1.69271652e-05 3.68833357e-05 1.94817163e-05 6.21899335e-07 1.34678700e-08 7.76749776e-10
 1993 10 13 12 00 00  3.63137206e-03 2.20275890e-03 1.21152455e-03 8.61739019e-04 6.16205377e-04 3.49508246e-04 2.48478383e-04 2.07214318e-04 4.22775188e-04 1.22437230e-04 2.94750063e-03 4.40973528e-03 2.16976714e-04 6.25439746e-05 4.13604490e-05 1.18464598e-04 3.38652753e-05 5.77195256e-05 1.14200557e-04 6.84149272e-05 1.34379991e-04 1.64406755e-04 9.69436161e-05 6.92957088e-05 4.91477913e-06 8.85114932e-06 5.95014499e-06 2.40229175e-05 4.80750423e-06 1.62930177e-05 4.40808795e-05 3.69712390e-05 1.55424423e-05 4.59277216e-05 3.53258161e-05 1.37377385e-05 4.67369152e-05 5.65309799e-05 9.28796144e-06 4.07608950e-05 1.04537941e-04 2.44884373e-05 2.36315495e-04 3.68064166e-04 1.47225667e-05 1.60946956e-04 3.04754038e-05 2.95248261e-05 3.10237082e-04 4.90114340e-04 8.28338077e-05 2.38126531e-04 5.04950758e-05 1.61140854e-05 3.50062150e-05 1.82163756e-05 5.63909441e-07 1.03802826e-08 4.95181274e-10
 1993 10 14 12 00 00  3.63834671e-03 2.20894418e-03 1.21530253e-03 8.64291362e-04 6.18329505e-04 3.50247380e-04 2.49305448e-04 2.08164444e-04 4.25263398e-04 1.23433775e-04 2.96734543e-03 4.44160625e-03 2.18240119e-04 6.30560556e-05 4.15819286e-05 1.19281366e-04 3.40468250e-05 5.81888715e-05 1.15282454e-04 6.91456953e-05 1.35360960e-04 1.65660459e-04 9.75164508e-05 6.95696514e-05 4.92780237e-06 8.78854407e-06 5.95542115e-06 2.41020634e-05 4.82389005e-06 1.63596638e-05 4.43983321e-05 3.70465190e-05 1.56921436e-05 4.62168149e-05 3.62845720e-05 1.37630850e-05 4.73541004e-05 5.73143856e-05 9.23586194e-06 4.12463404e-05 1.06292153e-04 2.51077348e-05 2.38960020e-04 3.76886187e-04 1.50754475e-05 1.65575722e-04 3.14820325e-05 3.07260110e-05 3.17190006e-04 4.97284094e-04 8.48346745e-05 2.39305934e-04 4.79115550e-05 1.51747782e-05 3.28374245e-05 1.67514197e-05 4.96556217e-07 6.77804426e-09 1.66275727e-10
 1993 10 15 12 00 00  3.63983663e-03 2.20928304e-03 1.21557315e-03 8.64614607e-04 6.18680770e-04 3.50484981e-04 2.49504934e-04 2.08368536e-04 4.25796919e-04 1.23442905e-04 2.97166599e-03 4.45222817e-03 2.18348590e-04 6.29968922e-05 4.15848647e-05 1.19410616e-04 3.41039471e-05 5.83411485e-05 1.15185778e-04 6.90050190e-05 1.35684739e-04 1.66072959e-04 9.76696701e-05 6.96265754e-05 4.93192965e-06 8.82043169e-06 5.95716228e-06 2.41158108e-05 4.82072974e-06 1.63643270e-05 4.44482891e-05 3.70704220e-05 1.57390459e-05 4.62836183e-05 3.60997219e-05 1.37714975e-05 4.74533035e-05 5.74838231e-05 9.26238645e-06 4.13028188e-05 1.06623612e-04 2.49884702e-05 2.39784042e-04 3.75185493e-04 1.50074197e-05 1.65747279e-04 3.18062084e-05 3.04946559e-05 3.17708445e-04 4.97797499e-04 8.46777812e-05 2.41198833e-04 4.93074055e-05 1.56820797e-05 3.40077878e-05 1.75307032e-05 5.31580136e-07 8.59114468e-09 3.30322036e-10
 1993 10 16 12 00 00  3.63934732e-03 2.20829610e-03 1.21500521e-03 8.64301281e-04 6.18460801e-04 3.50477195e-04 2.49457885e-04 2.08299524e-04 4.25619048e-04 1.23256818e-04 2.97030173e-03 4.45222594e-03 2.18166616e-04 6.28609328e-05 4.15430287e-05 1.19322656e-04 3.40990868e-05 5.83351939e-05 1.14906640e-04 6.87791500e-05 1.35677388e-04 1.66065233e-04 9.76460626e-05 6.95539711e-05 4.93162406e-06 8.77838538e-06 5.95713682e-06 2.41027872e-05 4.81582756e-06 1.63535611e-05 4.44126331e-05 3.70687223e-05 1.57347618e-05 4.62208993e-05 3.58118850e-05 1.37714422e-05 4.73815424e-05 5.74225557e-05 9.22740364e-06 4.11456422e-05 1.06458410e-04 2.47984019e-05 2.39365366e-04 3.72531739e-04 1.49012695e-05 1.64888337e-04 3.17899656e-05 3.01268534e-05 3.16617065e-04 4.96436750e-04 8.41878132e-05 2.39742067e-04 4.75228301e-05 1.50333728e-05 3.25105621e-05 1.65263349e-05 4.85900640e-07 6.18523099e-09 1.11575815e-10
 1993 10 17 12 00 00  3.63415385e-03 2.20588399e-03 1.21339091e-03 8.62867533e-04 6.17065656e-04 3.49740997e-04 2.48784824e-04 2.07581568e-04 4.23754608e-04 1.22966542e-04 2.95527392e-03 4.42035049e-03 2.17582888e-04 6.28506376e-05 4.14764121e-05 1.18797994e-04 3.39073478e-05 5.78533567e-05 1.14816196e-04 6.88903790e-05 1.34682209e-04 1.64795334e-04 9.71446982e-05 6.93722186e-05 4.91795872e-06 8.75776968e-06 5.95180827e-06 2.40480807e-05 4.81841307e-06 1.63219759e-05 4.42006778e-05 3.69898771e-05 1.55760645e-05 4.60082419e-05 3.59626021e-05 1.37459880e-05 4.69817117e-05 5.68145691e-05 9.21025130e-06 4.09265243e-05 1.05193383e-04 2.48934171e-05 2.36904607e-04 3.73915626e-04 1.49566250e-05 1.63168528e-04 3.07492533e-05 3.03116307e-05 3.13356656e-04 4.93239682e-04 8.39594672e-05 2.36152575e-04 4.66365446e-05 1.47112273e-05 3.17671786e-05 1.60292057e-05 4.63402114e-07 5.00864292e-09 4.81326090e-12
 1993 10 18 12 00 00  3.62982015e-03 2.20247632e-03 1.21128111e-03 8.61359271e-04 6.15761113e-04 3.49242018e-04 2.48256404e-04 2.06984655e-04 4.22200930e-04 1.22435055e-04 2.94286055e-03 4.39909920e-03 2.16865970e-04 6.26008237e-05 4.13571265e-05 1.18298298e-04 3.37770878e-05 5.75291575e-05 1.14267244e-04 6.85588457e-05 1.34014642e-04 1.63944868e-04 9.67716439e-05 6.91554359e-05 4.90869606e-06 8.71533775e-06 5.94824269e-06 2.39931447e-05 4.81114148e-06 1.62826864e-05 4.40007046e-05 3.69364599e-05 1.54681213e-05 4.57848291e-05 3.55361262e-05 1.37289899e-05 4.65963519e-05 5.63104830e-05 9.17494908e-06 4.05602552e-05 1.04080500e-04 2.46137934e-05 2.34784098e-04 3.69986228e-04 1.47994491e-05 1.60536710e-04 3.00473213e-05 2.97701336e-05 3.09304874e-04 4.88886546e-04 8.29392955e-05 2.32682805e-04 4.48157259e-05 1.40493929e-05 3.02398857e-05 1.50073943e-05 4.17125315e-07 2.82095698e-09 1.00000000e-10
 1993 10 19 12 00 00  3.62749419e-03 2.20047275e-03 1.21005354e-03 8.60502358e-04 6.15031111e-04 3.48986384e-04 2.47975133e-04 2.06662254e-04 4.21365216e-04 1.22112658e-04 2.93619455e-03 4.38847058e-03 2.16451442e-04 6.24349846e-05 4.12848973e-05 1.18017298e-04 3.37063742e-05 5.73602156e-05 1.13908709e-04 6.83256425e-05 1.33674739e-04 1.63510758e-04 9.65753759e-05 6.90584868e-05 4.90371312e-06 8.73050449e-06 5.94643097e-06 2.39637142e-05 4.80603412e-06 1.62590136e-05 4.38869470e-05 3.69077985e-05 1.54092224e-05 4.56819786e-05 3.52365169e-05 1.37204319e-05 4.63825061e-05 5.60361184e-05 9.18757069e-06 4.03920104e-05 1.03462831e-04 2.44171679e-05 2.33822320e-04 3.67225506e-04 1.46890202e-05 1.58966535e-04 2.96776852e-05 2.93893943e-05 3.06893409e-04 4.86396794e-04 8.22753431e-05 2.31992255e-04 4.54397374e-05 1.42762733e-05 3.07637596e-05 1.53615181e-05 4.33425359e-07 3.45923485e-09 1.00000000e-10
 1993 10 20 12 00 00  3.62283830e-03 2.19920143e-03 1.20909288e-03 8.59404782e-04 6.13853553e-04 3.48251187e-04 2.47348163e-04 2.06013620e-04 4.19687522e-04 1.22035544e-04 2.92261759e-03 4.35659401e-03 2.16072291e-04 6.25745045e-05 4.12645551e-05 1.17579938e-04 3.35117191e-05 5.68748103e-05 1.14112159e-04 6.86886720e-05 1.32678814e-04 1.62236227e-04 9.60956546e-05 6.89976458e-05 4.88986443e-06 8.81518863e-06 5.94108751e-06 2.39248630e-05 4.81436437e-06 1.62379891e-05 4.37116953e-05 3.68279318e-05 1.52479552e-05 4.55708729e-05 3.57227982e-05 1.36949413e-05 4.60622440e-05 5.54877139e-05 9.25803688e-06 4.04235101e-05 1.02357433e-04 2.47264019e-05 2.32082406e-04 3.71693907e-04 1.48677563e-05 1.58210480e-04 2.86272290e-05 2.99901905e-05 3.04742372e-04 4.84796747e-04 8.25771306e-05 2.31739352e-04 4.89964207e-05 1.55692463e-05 3.37483970e-05 1.73688181e-05 5.25089257e-07 8.31507290e-09 3.06890247e-10
 1993 10 21 12 00 00  3.62060153e-03 2.19739392e-03 1.20797737e-03 8.58602779e-04 6.13156910e-04 3.47994824e-04 2.47073886e-04 2.05701984e-04 4.18881825e-04 1.21749587e-04 2.91618649e-03 4.34596427e-03 2.15692295e-04 6.24336553e-05 4.12000651e-05 1.17312355e-04 3.34395474e-05 5.67040697e-05 1.13800965e-04 6.84978033e-05 1.32337302e-04 1.61799785e-04 9.59024679e-05 6.89136813e-05 4.88478909e-06 8.83816174e-06 5.93926852e-06 2.38971629e-05 4.81025309e-06 1.62159211e-05 4.36032153e-05 3.67987581e-05 1.51877684e-05 4.54786563e-05 3.54811957e-05 1.36863673e-05 4.58599457e-05 5.52214868e-05 9.27715664e-06 4.02842093e-05 1.01762148e-04 2.45660398e-05 2.31186342e-04 3.69465426e-04 1.47786171e-05 1.56791758e-04 2.82527035e-05 2.96800397e-05 3.02504782e-04 4.82532515e-04 8.20004250e-05 2.31279436e-04 4.99373675e-05 1.59113697e-05 3.45384178e-05 1.79034579e-05 5.49741640e-07 9.63889271e-09 4.27896296e-10
 1993 10 22 12 00 00  3.61471350e-03 2.19356121e-03 1.20554687e-03 8.56727687e-04 6.11458679e-04 3.47249901e-04 2.46336074e-04 2.04888587e-04 4.16768600e-04 1.21192321e-04 2.89923910e-03 4.31408659e-03 2.14849065e-04 6.22312303e-05 4.10742507e-05 1.16666337e-04 3.32434342e-05 5.62168774e-05 1.13322915e-04 6.82886748e-05 1.31335838e-04 1.60522931e-04 9.53689119e-05 6.86565373e-05 4.87084872e-06 8.79662912e-06 5.93391705e-06 2.38272391e-05 4.80575072e-06 1.61694685e-05 4.33425506e-05 3.67183791e-05 1.50252148e-05 4.52013301e-05 3.52166098e-05 1.36608622e-05 4.53638061e-05 5.45318282e-05 9.24260748e-06 3.98921151e-05 1.00274875e-04 2.43903531e-05 2.28340860e-04 3.67024824e-04 1.46809930e-05 1.53884176e-04 2.71973753e-05 2.93402700e-05 2.97726691e-04 4.77551718e-04 8.10821414e-05 2.26840020e-04 4.81212098e-05 1.52513093e-05 3.30156131e-05 1.68892479e-05 5.04140849e-07 7.27685023e-09 2.14146301e-10
 1993 10 23 12 00 00  3.60976545e-03 2.18889006e-03 1.20271206e-03 8.54831396e-04 6.09890812e-04 3.46743655e-04 2.45751280e-04 2.04208649e-04 4.14997319e-04 1.20423969e-04 2.88513532e-03 4.29283381e-03 2.13902890e-04 6.18133367e-05 4.09031200e-05 1.16061065e-04 3.31097777e-05 5.58885164e-05 1.12440197e-04 6.76761905e-05 1.30664749e-04 1.59667063e-04 9.49676394e-05 6.84133609e-05 4.86137178e-06 8.79229701e-06 5.93033437e-06 2.37627436e-05 4.79215778e-06 1.61171562e-05 4.31004486e-05 3.66637745e-05 1.49142739e-05 4.49553456e-05 3.44203960e-05 1.36438277e-05 4.48992380e-05 5.39591362e-05 9.23901316e-06 3.94468736e-05 9.89728974e-05 2.38724562e-05 2.26170123e-04 3.59693950e-04 1.43877580e-05 1.50241001e-04 2.64840754e-05 2.83365051e-05 2.92345549e-04 4.71808932e-04 7.94579993e-05 2.24391536e-04 4.78643381e-05 1.51581091e-05 3.28013557e-05 1.67555176e-05 4.98777962e-07 7.04867436e-09 1.94777261e-10
 1993 10 24 12 00 00  3.59617428e-03 2.18294869e-03 1.19869039e-03 8.51175471e-04 6.06296187e-04 3.44789265e-04 2.43983846e-04 2.02332935e-04 4.10121574e-04 1.19742905e-04 2.84580444e-03 4.20783535e-03 2.12438477e-04 6.18542935e-05 4.07464905e-05 1.14712286e-04 3.26062291e-05 5.46131225e-05 1.12342229e-04 6.80854428e-05 1.28021854e-04 1.56292978e-04 9.36457943e-05 6.79830246e-05 4.82542018e-06 8.78118008e-06 5.91616408e-06 2.36264654e-05 4.80146227e-06 1.60393211e-05 4.25589667e-05 3.64562322e-05 1.44979305e-05 4.44357060e-05 3.49640497e-05 1.35760274e-05 4.38769775e-05 5.23777047e-05 9.22977488e-06 3.89727521e-05 9.57047001e-05 2.42203459e-05 2.19965585e-04 3.64692309e-04 1.45876923e-05 1.46132847e-04 2.37347951e-05 2.90119409e-05 2.84270590e-04 4.64104632e-04 7.91033488e-05 2.16298020e-04 4.73185958e-05 1.49599049e-05 3.23447589e-05 1.64593587e-05 4.86037443e-07 6.43266329e-09 1.40164880e-10
 1993 10 25 12 00 00  3.58319665e-03 2.16988610e-03 1.19081238e-03 8.46063308e-04 6.02164328e-04 3.43537166e-04 2.42478418e-04 2.00563441e-04 4.05491502e-04 1.17564957e-04 2.80898106e-03 4.15471196e-03 2.09830678e-04 6.06319292e-05 4.02636444e-05 1.13113895e-04 3.22915148e-05 5.38160210e-05 1.09798812e-04 6.62521925e-05 1.26366730e-04 1.54184192e-04 9.26265006e-05 6.72838602e-05 4.80295021e-06 8.71081575e-06 5.90730815e-06 2.34553945e-05 4.76041059e-06 1.58988704e-05 4.19262960e-05 3.63265193e-05 1.42377176e-05 4.37469020e-05 3.25616798e-05 1.35336537e-05 4.26435801e-05 5.09019550e-05 9.17123616e-06 3.76532480e-05 9.23256511e-05 2.26671749e-05 2.14106827e-04 3.42585039e-04 1.37034016e-05 1.36009434e-04 2.20165108e-05 2.59997178e-05 2.69708024e-04 4.48255873e-04 7.44368995e-05 2.08532809e-04 4.42683173e-05 1.38512559e-05 2.97867268e-05 1.47521157e-05 4.09018966e-07 2.69729306e-09 1.00000000e-10
 1993 10 26 12 00 00  3.58246668e-03 2.17396396e-03 1.19299913e-03 8.46831884e-04 6.02387806e-04 3.43066774e-04 2.42275099e-04 2.00449959e-04 4.05214558e-04 1.18437418e-04 2.80643316e-03 4.13346142e-03 2.10471811e-04 6.13849673e-05 4.04536097e-05 1.13226330e-04 3.21656204e-05 5.34971594e-05 1.11251898e-04 6.75978663e-05 1.25707350e-04 1.53340646e-04 9.24109730e-05 6.74150010e-05 4.79396222e-06 8.72178789e-06 5.90376585e-06 2.34708796e-05 4.79062437e-06 1.59340461e-05 4.19652079e-05 3.62746301e-05 1.41336292e-05 4.38190770e-05 3.43292864e-05 1.35167022e-05 4.27392348e-05 5.07954004e-05 9.18037040e-06 3.81119832e-05 9.23016827e-05 2.38079214e-05 2.13612414e-04 3.58848483e-04 1.43539393e-05 1.39462836e-04 2.13291700e-05 2.82125082e-05 2.73352547e-04 4.52821142e-04 7.69937409e-05 2.07352114e-04 4.47062924e-05 1.40105293e-05 3.01546534e-05 1.50027302e-05 4.20690564e-07 3.12013206e-09 1.00000000e-10
 1993 10 27 12 00 00  3.59114747e-03 2.17808245e-03 1.19574526e-03 8.49234213e-04 6.04708704e-04 3.44286494e-04 2.43395114e-04 2.01646177e-04 4.08327500e-04 1.18939081e-04 2.83151211e-03 4.18658443e-03 2.11460206e-04 6.14146658e-05 4.05685508e-05 1.14098971e-04 3.24769469e-05 5.42901165e-05 1.11424120e-04 6.74348965e-05 1.27354333e-04 1.55444060e-04 9.32434071e-05 6.76812635e-05 4.81621828e-06 8.70356671e-06 5.91260396e-06 2.35569939e-05 4.78684742e-06 1.59860785e-05 4.23115356e-05 3.64031584e-05 1.43908459e-05 4.41414083e-05 3.41090898e-05 1.35590410e-05 4.33972349e-05 5.17985168e-05 9.16520439e-06 3.84147740e-05 9.43871923e-05 2.36688036e-05 2.17413712e-04 3.56826215e-04 1.42730486e-05 1.42319376e-04 2.30361169e-05 2.79420376e-05 2.78771532e-04 4.57988930e-04 7.74067516e-05 2.11600700e-04 4.39670517e-05 1.37417280e-05 2.95338581e-05 1.45816135e-05 4.01201456e-07 2.41961295e-09 1.00000000e-10
 1993 10 28 12 00 00  3.58967589e-03 2.17778179e-03 1.19549708e-03 8.48923557e-04 6.04366478e-04 3.44048595e-04 2.43197424e-04 2.01444972e-04 4.07801535e-04 1.18937423e-04 2.82724201e-03 4.17596176e-03 2.11359334e-04 6.14805045e-05 4.05676449e-05 1.13973249e-04 3.24193417e-05 5.41372399e-05 1.11537011e-04 6.75864692e-05 1.27031200e-04 1.55030786e-04 9.30907320e-05 6.76604867e-05 4.81206007e-06 8.71935772e-06 5.91086064e-06 2.35466322e-05 4.79019327e-06 1.59817597e-05 4.22631629e-05 3.63790867e-05 1.43435143e-05 4.41051809e-05 3.43051594e-05 1.35506241e-05 4.33049261e-05 5.16330115e-05 9.17833386e-06 3.84257886e-05 9.40646513e-05 2.37968125e-05 2.16835883e-04 3.58632085e-04 1.43452834e-05 1.42209800e-04 2.27103112e-05 2.81900371e-05 2.78293151e-04 4.57673616e-04 7.75860839e-05 2.11283792e-04 4.47028252e-05 1.40090305e-05 3.01500344e-05 1.49859679e-05 4.18945362e-07 3.01355243e-09 1.00000000e-10
 1993 10 29 12 00 00  3.58971990e-03 2.17782667e-03 1.19552421e-03 8.48955828e-04 6.04402069e-04 3.44055950e-04 2.43205655e-04 2.01455265e-04 4.07821977e-04 1.18946785e-04 2.82740001e-03 4.17596549e-03 2.11370703e-04 6.14891986e-05 4.05702410e-05 1.13987437e-04 3.24271095e-05 5.41467627e-05 1.11561279e-04 6.75991934e-05 1.27042258e-04 1.55043140e-04 9.30966520e-05 6.77017886e-05 4.81254938e-06 8.76930862e-06 5.91090065e-06 2.35527472e-05 4.79036789e-06 1.59837653e-05 4.22732295e-05 3.63818021e-05 1.43503712e-05 4.41412862e-05 3.43160616e-05 1.35507085e-05 4.33215385e-05 5.16501404e-05 9.21987885e-06 3.85006936e-05 9.41070477e-05 2.38066801e-05 2.17144490e-04 3.58735919e-04 1.43494367e-05 1.42333565e-04 2.27362951e-05 2.82085937e-05 2.78457845e-04 4.58001499e-04 7.76277557e-05 2.13039296e-04 4.69391716e-05 1.48216824e-05 3.20242927e-05 1.62273253e-05 4.74257365e-07 5.71960435e-09 7.29847516e-11
 1993 10 30 12 00 00  3.59371027e-03 2.18049111e-03 1.19720753e-03 8.50248351e-04 6.05569706e-04 3.44557394e-04 2.43705595e-04 2.02008206e-04 4.09255366e-04 1.19339008e-04 2.83889587e-03 4.19721976e-03 2.11953758e-04 6.16386245e-05 4.06585624e-05 1.14432388e-04 3.25627072e-05 5.44775045e-05 1.11909553e-04 6.77621167e-05 1.27715269e-04 1.55902088e-04 9.34576618e-05 6.78592611e-05 4.82214855e-06 8.76754784e-06 5.91449352e-06 2.35998592e-05 4.79389601e-06 1.60167159e-05 4.24546725e-05 3.64370877e-05 1.44630249e-05 4.43147235e-05 3.45232518e-05 1.35677648e-05 4.36614618e-05 5.21214993e-05 9.21839091e-06 3.87377169e-05 9.51301007e-05 2.39437170e-05 2.18939492e-04 3.60646428e-04 1.44258571e-05 1.44371750e-04 2.34560794e-05 2.84737238e-05 2.81819968e-04 4.61424761e-04 7.82988863e-05 2.15229406e-04 4.70184672e-05 1.48501387e-05 3.20881743e-05 1.62490702e-05 4.73727843e-07 5.57711237e-09 5.71228842e-11
 1993 10 31 12 00 00  3.59929153e-03 2.18365879e-03 1.19925653e-03 8.51930966e-04 6.07146249e-04 3.45304596e-04 2.44418086e-04 2.02782504e-04 4.11261420e-04 1.19771732e-04 2.85502477e-03 4.22909930e-03 2.12677399e-04 6.17515819e-05 4.07567702e-05 1.15029734e-04 3.27636692e-05 5.49706514e-05 1.12209342e-04 6.78208773e-05 1.28721618e-04 1.57186649e-04 9.39805053e-05 6.80610446e-05 4.83639415e-06 8.76603663e-06 5.91987045e-06 2.36625961e-05 4.79504633e-06 1.60575243e-05 4.26986030e-05 3.65191663e-05 1.46298626e-05 4.45454145e-05 3.45915760e-05 1.35933224e-05 4.41166683e-05 5.27818780e-05 9.21710598e-06 3.90099831e-05 9.65371774e-05 2.39921283e-05 2.21476209e-04 3.61280467e-04 1.44512187e-05 1.46746969e-04 2.45276402e-05 2.85667396e-05 2.85983751e-04 4.65566567e-04 7.89061021e-05 2.18437283e-04 4.71577097e-05 1.49002676e-05 3.22015027e-05 1.62972208e-05 4.73912792e-07 5.43552838e-09 4.04123401e-11
 1993 11 01 12 00 00  3.60211397e-03 2.18665166e-03 1.20105340e-03 8.53106211e-04 6.08102838e-04 3.45570249e-04 2.44748085e-04 2.03175732e-04 4.12278060e-04 1.20280702e-04 2.86308463e-03 4.23973054e-03 2.13274723e-04 6.20532992e-05 4.08708072e-05 1.15401389e-04 3.28416674e-05 5.51485282e-05 1.12846520e-04 6.82795129e-05 1.29071179e-04 1.57632339e-04 9.42019381e-05 6.82112265e-05 4.84183547e-06 8.76228660e-06 5.92171964e-06 2.37038096e-05 4.80505878e-06 1.60924279e-05 4.28499030e-05 3.65503773e-05 1.46951876e-05 4.46943879e-05 3.51791183e-05 1.36019604e-05 4.44019714e-05 5.31198100e-05 9.21394749e-06 3.92989440e-05 9.73269161e-05 2.43785689e-05 2.22714432e-04 3.66695458e-04 1.46678183e-05 1.49173463e-04 2.49216362e-05 2.93148449e-05 2.89520040e-04 4.69363118e-04 8.00635330e-05 2.19835122e-04 4.72642342e-05 1.49383547e-05 3.22863125e-05 1.63177048e-05 4.72225402e-07 5.14898844e-09 9.34696764e-12
 1993 11 02 12 00 00  3.60017158e-03 2.18529446e-03 1.20020193e-03 8.52507623e-04 6.07592162e-04 3.45339751e-04 2.44515430e-04 2.02919637e-04 4.11595504e-04 1.20083013e-04 2.85759127e-03 4.22911346e-03 2.12988850e-04 6.19849568e-05 4.08283266e-05 1.15207918e-04 3.27957154e-05 5.50099299e-05 1.12707269e-04 6.82030921e-05 1.28762716e-04 1.57237580e-04 9.40350252e-05 6.81588805e-05 4.83841104e-06 8.78628707e-06 5.92003635e-06 2.36885785e-05 4.80301787e-06 1.60801881e-05 4.27784604e-05 3.65303771e-05 1.46581384e-05 4.46335639e-05 3.50616814e-05 1.35936687e-05 4.42569237e-05 5.29188714e-05 9.23387270e-06 3.92231682e-05 9.69033311e-05 2.43110859e-05 2.22060401e-04 3.65625265e-04 1.46250106e-05 1.48306786e-04 2.46347918e-05 2.91822304e-05 2.88158557e-04 4.68046803e-04 7.97799592e-05 2.20021693e-04 4.85880408e-05 1.54188390e-05 3.33917203e-05 1.70174174e-05 5.01040716e-07 6.43964349e-09 1.20935773e-10
 1993 11 03 12 00 00  3.60219943e-03 2.18663249e-03 1.20104934e-03 8.53181833e-04 6.08214165e-04 3.45599547e-04 2.44774237e-04 2.03206929e-04 4.12331649e-04 1.20281853e-04 2.86348000e-03 4.23974507e-03 2.13286601e-04 6.20660540e-05 4.08743032e-05 1.15445489e-04 3.28732247e-05 5.51872072e-05 1.12906203e-04 6.82924350e-05 1.29111728e-04 1.57682497e-04 9.42219773e-05 6.82509404e-05 4.84382181e-06 8.79551080e-06 5.92188298e-06 2.37160512e-05 4.80473536e-06 1.60987615e-05 4.28778353e-05 3.65614222e-05 1.47230356e-05 4.47330648e-05 3.51639581e-05 1.36023024e-05 4.44390541e-05 5.31711249e-05 9.24148844e-06 3.93640855e-05 9.74571861e-05 2.43844464e-05 2.23067505e-04 3.66575528e-04 1.46630211e-05 1.49409651e-04 2.50271638e-05 2.93230114e-05 2.90005280e-04 4.69965853e-04 8.01507975e-05 2.21806824e-04 4.93925999e-05 1.57103135e-05 3.40596364e-05 1.74088552e-05 5.14771244e-07 6.85546633e-09 1.50947543e-10
 1993 11 04 12 00 00  3.60300615e-03 2.18541161e-03 1.20042899e-03 8.53087617e-04 6.08327821e-04 3.45852761e-04 2.44925092e-04 2.03332923e-04 4.12638437e-04 1.20001452e-04 2.86604512e-03 4.25037704e-03 2.13122211e-04 6.18068610e-05 4.08152827e-05 1.15479303e-04 3.29526723e-05 5.53668535e-05 1.12431175e-04 6.78115408e-05 1.29463053e-04 1.58130482e-04 9.43573251e-05 6.82483703e-05 4.84935517e-06 8.81884480e-06 5.92374017e-06 2.37227030e-05 4.79361006e-06 1.60926213e-05 4.28991867e-05 3.65931395e-05 1.47896426e-05 4.47529640e-05 3.45151027e-05 1.36109564e-05 4.44638791e-05 5.32947057e-05 9.26084904e-06 3.92669973e-05 9.76562459e-05 2.39740752e-05 2.23704501e-04 3.60616071e-04 1.44246428e-05 1.48479714e-04 2.54260114e-05 2.85252521e-05 2.89280138e-04 4.68994123e-04 7.93120445e-05 2.23846080e-04 5.07671632e-05 1.62090596e-05 3.52062722e-05 1.81253945e-05 5.43572892e-07 8.08660392e-09 2.55633958e-10
 1993 11 05 12 00 00  3.60587466e-03 2.18848452e-03 1.20227248e-03 8.54293982e-04 6.09310302e-04 3.46120958e-04 2.45260767e-04 2.03734033e-04 4.13673562e-04 1.20525887e-04 2.87424466e-03 4.26101014e-03 2.13735464e-04 6.21209483e-05 4.09330924e-05 1.15861274e-04 3.30330979e-05 5.55477105e-05 1.13096599e-04 6.82901358e-05 1.29816078e-04 1.58580038e-04 9.45820066e-05 6.84139247e-05 4.85494929e-06 8.82995591e-06 5.92560173e-06 2.37664016e-05 4.80400377e-06 1.61288326e-05 4.30553729e-05 3.66252061e-05 1.48571125e-05 4.49153746e-05 3.51253315e-05 1.36196220e-05 4.47584558e-05 5.36415235e-05 9.27004439e-06 3.95856520e-05 9.84690486e-05 2.43768707e-05 2.25046919e-04 3.66241864e-04 1.46496745e-05 1.50998921e-04 2.58281332e-05 2.93047313e-05 2.92939285e-04 4.72973419e-04 8.05165850e-05 2.25808446e-04 5.15863406e-05 1.65060052e-05 3.58875778e-05 1.85347949e-05 5.58766314e-07 8.62823271e-09 2.98320435e-10
 1993 11 06 12 00 00  3.61143352e-03 2.19157390e-03 1.20427884e-03 8.55968597e-04 6.10892959e-04 3.46871600e-04 2.45974626e-04 2.04509660e-04 4.15678221e-04 1.20945433e-04 2.89034067e-03 4.29289155e-03 2.14449083e-04 6.22297973e-05 4.10298901e-05 1.16460763e-04 3.32379481e-05 5.60456072e-05 1.13400040e-04 6.83399674e-05 1.30827344e-04 1.59870779e-04 9.51059205e-05 6.86158553e-05 4.86943936e-06 8.82897584e-06 5.93099903e-06 2.38299756e-05 4.80470917e-06 1.61698453e-05 4.32986569e-05 3.67086410e-05 1.50273772e-05 4.51473121e-05 3.51691415e-05 1.36452218e-05 4.52130968e-05 5.43048427e-05 9.26916691e-06 3.98559976e-05 9.98834740e-05 2.44156981e-05 2.27595147e-04 3.66658205e-04 1.46663282e-05 1.53347348e-04 2.69126816e-05 2.93778634e-05 2.97107501e-04 4.77118953e-04 8.11126443e-05 2.29251870e-04 5.19809550e-05 1.66484076e-05 3.62111599e-05 1.86920750e-05 5.61618938e-07 8.45389287e-09 2.74237566e-10
 1993 11 07 12 00 00  3.61856577e-03 2.19516307e-03 1.20664770e-03 8.58018572e-04 6.12864434e-04 3.47863043e-04 2.46896355e-04 2.05500976e-04 4.18245419e-04 1.21404037e-04 2.91099457e-03 4.33539674e-03 2.15300098e-04 6.22991452e-05 4.11357144e-05 1.17204673e-04 3.35028337e-05 5.66993782e-05 1.13643084e-04 6.82819926e-05 1.32164648e-04 1.61578671e-04 9.57881480e-05 6.88423026e-05 4.88824080e-06 8.80417356e-06 5.93815203e-06 2.39058523e-05 4.80305753e-06 1.62175800e-05 4.35989419e-05 3.68170004e-05 1.52471184e-05 4.54187978e-05 3.50746617e-05 1.36792631e-05 4.57744203e-05 5.51472629e-05 9.24846900e-06 4.01263761e-05 1.01657321e-04 2.43636576e-05 2.30729988e-04 3.65800068e-04 1.46320027e-05 1.55975505e-04 2.83311703e-05 2.92750687e-05 3.01988644e-04 4.81818390e-04 8.16269249e-05 2.32846871e-04 5.13559502e-05 1.64201897e-05 3.56794483e-05 1.82767863e-05 5.38515332e-07 6.91885402e-09 1.26601929e-10
 1993 11 08 12 00 00  3.62844308e-03 2.20169314e-03 1.21078033e-03 8.61184345e-04 6.15720034e-04 3.49103283e-04 2.48131143e-04 2.06864832e-04 4.21790333e-04 1.22359596e-04 2.93940904e-03 4.38852534e-03 2.16731338e-04 6.26566621e-05 4.13516008e-05 1.18291387e-04 3.38277430e-05 5.75089827e-05 1.14480368e-04 6.86643063e-05 1.33828177e-04 1.63703666e-04 9.66791739e-05 6.91879752e-05 4.91135215e-06 8.74710968e-06 5.94706071e-06 2.40149159e-05 4.81127681e-06 1.62960756e-05 4.40316358e-05 3.69502784e-05 1.55163289e-05 4.58102166e-05 3.55577504e-05 1.37217488e-05 4.65950172e-05 5.62950391e-05 9.20092280e-06 4.06319607e-05 1.04138144e-04 2.46847310e-05 2.34841228e-04 3.70256536e-04 1.48102614e-05 1.60842691e-04 3.00835556e-05 2.98959611e-05 3.10076173e-04 4.89885885e-04 8.32257845e-05 2.36545003e-04 4.93967116e-05 1.57068826e-05 3.40277345e-05 1.71053672e-05 4.80676249e-07 3.58807988e-09 1.00000000e-10
 1993 11 09 12 00 00  3.62759359e-03 2.19984809e-03 1.20972481e-03 8.60658050e-04 6.15392601e-04 3.49107672e-04 2.48062292e-04 2.06759621e-04 4.21500524e-04 1.22015920e-04 2.93715120e-03 4.38853055e-03 2.16403878e-04 6.24180146e-05 4.12777889e-05 1.18159889e-04 3.38389102e-05 5.75226673e-05 1.14021375e-04 6.82613347e-05 1.33841061e-04 1.63721422e-04 9.66483754e-05 6.90947803e-05 4.91205537e-06 8.71310040e-06 5.94711928e-06 2.40003128e-05 4.80193521e-06 1.62803515e-05 4.39818872e-05 3.69541929e-05 1.55261834e-05 4.57332143e-05 3.50130256e-05 1.37218711e-05 4.64878123e-05 5.62161009e-05 9.17256402e-06 4.04125299e-05 1.03919721e-04 2.43407005e-05 2.34406410e-04 3.65254035e-04 1.46101614e-05 1.59422698e-04 3.01209016e-05 2.92270677e-05 3.08387857e-04 4.87844474e-04 8.23897959e-05 2.35803011e-04 4.83879836e-05 1.53391618e-05 3.31739674e-05 1.64730630e-05 4.47632772e-07 2.22935270e-09 1.00000000e-10
 1993 11 10 12 00 00  3.62510059e-03 2.19738331e-03 1.20823666e-03 8.59708401e-04 6.14635731e-04 3.48867248e-04 2.47776705e-04 2.06426386e-04 4.20619454e-04 1.21609844e-04 2.93012190e-03 4.37791049e-03 2.15914743e-04 6.21996514e-05 4.11891046e-05 1.17867809e-04 3.37861653e-05 5.73757454e-05 1.13578043e-04 6.79353310e-05 1.33522918e-04 1.63315872e-04 9.64542272e-05 6.89672154e-05 4.90820348e-06 8.69922005e-06 5.94540033e-06 2.39707914e-05 4.79438386e-06 1.62558739e-05 4.38683679e-05 3.69318150e-05 1.54831374e-05 4.56075391e-05 3.45726701e-05 1.37135066e-05 4.62617117e-05 5.59452280e-05 9.16096906e-06 4.01726682e-05 1.03307772e-04 2.40624213e-05 2.33321957e-04 3.61209834e-04 1.44483934e-05 1.57593637e-04 2.98113446e-05 2.86860508e-05 3.05795849e-04 4.85026252e-04 8.15624385e-05 2.34644607e-04 4.81206216e-05 1.52412029e-05 3.29441279e-05 1.62747919e-05 4.35443496e-07 1.65492224e-09 1.00000000e-10
 1993 11 11 12 00 00  3.62577504e-03 2.19872697e-03 1.20901065e-03 8.60142517e-04 6.14945791e-04 3.48880288e-04 2.47843184e-04 2.06523345e-04 4.20866983e-04 1.21863704e-04 2.93201673e-03 4.37791459e-03 2.16164073e-04 6.23866410e-05 4.12465950e-05 1.17991744e-04 3.37953883e-05 5.73870551e-05 1.13965065e-04 6.82451588e-05 1.33534221e-04 1.63330535e-04 9.64880803e-05 6.90122933e-05 4.90878374e-06 8.67727431e-06 5.94544799e-06 2.39842628e-05 4.80103590e-06 1.62710949e-05 4.39166220e-05 3.69350455e-05 1.54912777e-05 4.56475686e-05 3.49637034e-05 1.37136085e-05 4.63540740e-05 5.60290129e-05 9.14266566e-06 4.02874315e-05 1.03536658e-04 2.43225499e-05 2.33503099e-04 3.64817343e-04 1.45926937e-05 1.58731378e-04 2.98421888e-05 2.91890348e-05 3.07326557e-04 4.86687714e-04 8.22394715e-05 2.34396110e-04 4.74881788e-05 1.50105901e-05 3.24083887e-05 1.58744267e-05 4.14286710e-07 7.75585818e-10 1.00000000e-10
 1993 11 12 12 00 00  3.62522234e-03 2.19750998e-03 1.20831567e-03 8.59803540e-04 6.14741255e-04 3.48884966e-04 2.47800197e-04 2.06457264e-04 4.20682078e-04 1.21637835e-04 2.93056330e-03 4.37791869e-03 2.15950335e-04 6.22328228e-05 4.11989384e-05 1.17909415e-04 3.38046171e-05 5.73983591e-05 1.13676449e-04 6.79842662e-05 1.33546216e-04 1.63345195e-04 9.64690687e-05 6.89841680e-05 4.90936472e-06 8.69989817e-06 5.94549638e-06 2.39783013e-05 4.79484588e-06 1.62612093e-05 4.38858051e-05 3.69382731e-05 1.54994181e-05 4.56256952e-05 3.46036017e-05 1.37137074e-05 4.62901131e-05 5.59826191e-05 9.16144054e-06 4.02038329e-05 1.03405820e-04 2.40986396e-05 2.33456831e-04 3.61514775e-04 1.44605910e-05 1.57842367e-04 2.98730331e-05 2.87529430e-05 3.06255904e-04 4.85526736e-04 8.17022884e-05 2.35393350e-04 4.87975095e-05 1.54857069e-05 3.35008969e-05 1.65594625e-05 4.42001260e-07 1.59135567e-09 1.00000000e-10
 1993 11 13 12 00 00  3.62586782e-03 2.19600793e-03 1.20753197e-03 8.59601296e-04 6.14765685e-04 3.49129125e-04 2.47931425e-04 2.06556135e-04 4.20925135e-04 1.21303352e-04 2.93264252e-03 4.38854694e-03 2.15730609e-04 6.19314857e-05 4.11270433e-05 1.17907634e-04 3.38753249e-05 5.75673010e-05 1.13107801e-04 6.74352515e-05 1.33887234e-04 1.63779291e-04 9.65929392e-05 6.89859083e-05 4.91434766e-06 8.75069672e-06 5.94730809e-06 2.39814499e-05 4.78237598e-06 1.62504885e-05 4.38917413e-05 3.69669346e-05 1.55583140e-05 4.56474946e-05 3.38749582e-05 1.37222654e-05 4.62905556e-05 5.60790147e-05 9.20366001e-06 4.01093276e-05 1.03531404e-04 2.36320528e-05 2.34131144e-04 3.54815252e-04 1.41926101e-05 1.56640920e-04 3.02426604e-05 2.78471183e-05 3.05103016e-04 4.84173167e-04 8.07020101e-05 2.38125602e-04 5.12853074e-05 1.63892478e-05 3.55824163e-05 1.79103261e-05 5.00169514e-07 3.48544624e-09 1.00000000e-10
 1993 11 14 12 00 00  3.62881055e-03 2.19930839e-03 1.20950403e-03 8.60847627e-04 6.15753106e-04 3.49386800e-04 2.48267081e-04 2.06960326e-04 4.21979018e-04 1.21869018e-04 2.94098565e-03 4.39917408e-03 2.16380144e-04 6.22720099e-05 4.12531350e-05 1.18291675e-04 3.39436083e-05 5.77332743e-05 1.13815995e-04 6.79609017e-05 1.34224941e-04 1.64209545e-04 9.68145350e-05 6.91522201e-05 4.91917781e-06 8.75661572e-06 5.94910634e-06 2.40229809e-05 4.79398768e-06 1.62865004e-05 4.40436430e-05 3.69947462e-05 1.56150709e-05 4.58084706e-05 3.45554581e-05 1.37308001e-05 4.65855831e-05 5.64182726e-05 9.20853927e-06 4.04379281e-05 1.04327394e-04 2.40760754e-05 2.35414290e-04 3.61082449e-04 1.44432979e-05 1.59255143e-04 3.06041853e-05 2.87074159e-05 3.08809245e-04 4.88218474e-04 8.19838843e-05 2.39772575e-04 5.18589796e-05 1.65970108e-05 3.60581801e-05 1.81852838e-05 5.09495736e-07 3.66694337e-09 1.00000000e-10
 1993 11 15 12 00 00  3.63093711e-03 2.20372025e-03 1.21203702e-03 8.62192869e-04 6.16658268e-04 3.49404007e-04 2.48459591e-04 2.07246609e-04 4.22734224e-04 1.22696917e-04 2.94681282e-03 4.39917557e-03 2.17181686e-04 6.28651588e-05 4.14360054e-05 1.18654179e-04 3.39465216e-05 5.77368424e-05 1.15004451e-04 6.89523818e-05 1.34232325e-04 1.64214175e-04 9.69076767e-05 6.94166350e-05 4.91936080e-06 8.86834459e-06 5.94912199e-06 2.40699561e-05 4.81606803e-06 1.63305326e-05 4.41865187e-05 3.69957677e-05 1.56176407e-05 4.60327317e-05 3.58483230e-05 1.37308321e-05 4.68779529e-05 5.66575825e-05 9.30145907e-06 4.10328794e-05 1.04979314e-04 2.49150675e-05 2.36781959e-04 3.72983676e-04 1.49193471e-05 1.62901127e-04 3.06139264e-05 3.03339126e-05 3.13360208e-04 4.93750102e-04 8.40992631e-05 2.43872623e-04 5.68981128e-05 1.84280656e-05 4.02808178e-05 2.09772085e-05 6.33546858e-07 9.82702630e-09 3.37828920e-10
 1993 11 16 12 00 00  3.62038984e-03 2.19570129e-03 1.20705394e-03 8.58616384e-04 6.13558254e-04 3.48172026e-04 2.47173797e-04 2.05803449e-04 4.18965375e-04 1.21464942e-04 2.91664661e-03 4.34605256e-03 2.15489045e-04 6.23183148e-05 4.11614709e-05 1.17469161e-04 3.36356839e-05 5.69444848e-05 1.13809706e-04 6.82487909e-05 1.32584547e-04 1.62111522e-04 9.59950945e-05 6.89710387e-05 4.89713530e-06 8.85742775e-06 5.94028534e-06 2.39481749e-05 4.80026974e-06 1.62404245e-05 4.37166397e-05 3.68674111e-05 1.53608504e-05 4.55587623e-05 3.49240785e-05 1.36884992e-05 4.59722622e-05 5.54523876e-05 9.29233938e-06 4.03036726e-05 1.02339965e-04 2.43186194e-05 2.32142215e-04 3.64479918e-04 1.45791967e-05 1.56900118e-04 2.89085961e-05 2.91769364e-05 3.03995100e-04 4.84006213e-04 8.18437643e-05 2.38644124e-04 5.66961637e-05 1.83540303e-05 4.01068955e-05 2.08247227e-05 6.24035107e-07 9.13159024e-09 2.69668110e-10
 1993 11 17 12 00 00  3.60793450e-03 2.18931631e-03 1.20285518e-03 8.55064633e-04 6.10182004e-04 3.46459437e-04 2.45578220e-04 2.04088819e-04 4.14502767e-04 1.20647232e-04 2.88070506e-03 4.27168049e-03 2.13994486e-04 6.21981930e-05 4.09762590e-05 1.16196323e-04 3.31965333e-05 5.58303087e-05 1.13418315e-04 6.83450548e-05 1.30273607e-04 1.59161527e-04 9.48149894e-05 6.85453898e-05 4.86576937e-06 8.84425463e-06 5.92789474e-06 2.38189128e-05 4.80244489e-06 1.61610356e-05 4.32063512e-05 3.66863213e-05 1.49978383e-05 4.50626359e-05 3.50512390e-05 1.36291899e-05 4.50045114e-05 5.40097225e-05 9.28135123e-06 3.97687742e-05 9.93182598e-05 2.44003342e-05 2.26492936e-04 3.65649466e-04 1.46259787e-05 1.52363780e-04 2.65078561e-05 2.93355202e-05 2.95753751e-04 4.75920326e-04 8.09792909e-05 2.31579493e-04 5.63345204e-05 1.82220976e-05 3.98000942e-05 2.05918514e-05 6.11497214e-07 8.32430569e-09 1.92543381e-10
 1993 11 18 12 00 00  3.60028914e-03 2.18458908e-03 1.19983682e-03 8.52701242e-04 6.08024296e-04 3.45473389e-04 2.44617416e-04 2.03037146e-04 4.11765271e-04 1.19977697e-04 2.85870891e-03 4.22917940e-03 2.12944438e-04 6.19861388e-05 4.08261930e-05 1.15377381e-04 3.29413568e-05 5.51884470e-05 1.12909750e-04 6.81605306e-05 1.28948655e-04 1.57469068e-04 9.41157120e-05 6.82868580e-05 4.84757911e-06 8.88000941e-06 5.92079195e-06 2.37371948e-05 4.79829650e-06 1.61043047e-05 4.28776972e-05 3.65813583e-05 1.47866638e-05 4.47658121e-05 3.48085945e-05 1.35952519e-05 4.43835511e-05 5.31252930e-05 9.31108952e-06 3.94093292e-05 9.74260520e-05 2.42438706e-05 2.23268594e-04 3.63417113e-04 1.45366845e-05 1.48906848e-04 2.51218327e-05 2.90319847e-05 2.89891745e-04 4.70130000e-04 7.99679170e-05 2.28742649e-04 5.79283853e-05 1.88012982e-05 4.11360076e-05 2.14775452e-05 6.51026772e-07 1.03495077e-08 3.75234777e-10
 1993 11 19 12 00 00  3.59800272e-03 2.18266455e-03 1.19865480e-03 8.51869694e-04 6.07312300e-04 3.45218479e-04 2.44340009e-04 2.02720392e-04 4.10944028e-04 1.19670223e-04 2.85215372e-03 4.21855152e-03 2.12544539e-04 6.18312535e-05 4.07573349e-05 1.15103579e-04 3.28711350e-05 5.50201046e-05 1.12573539e-04 6.79454883e-05 1.28608563e-04 1.57035745e-04 9.39214046e-05 6.81705266e-05 4.84262637e-06 8.86311755e-06 5.91898315e-06 2.37065310e-05 4.79358023e-06 1.60815145e-05 4.27658069e-05 3.65528686e-05 1.47281971e-05 4.46466791e-05 3.45320004e-05 1.35866983e-05 4.41718565e-05 5.28542128e-05 9.29703529e-06 3.92074814e-05 9.68187603e-05 2.40625057e-05 2.22160511e-04 3.60868580e-04 1.44347432e-05 1.47382817e-04 2.47538352e-05 2.86807743e-05 2.87569361e-04 4.67641376e-04 7.93435633e-05 2.27068379e-04 5.72066952e-05 1.85389695e-05 4.05306031e-05 2.10720794e-05 6.32632552e-07 9.38421891e-09 2.87559865e-10
 1993 11 20 12 00 00  3.60003028e-03 2.18414406e-03 1.19957899e-03 8.52529424e-04 6.07881656e-04 3.45457098e-04 2.44585667e-04 2.02993958e-04 4.11664610e-04 1.19892537e-04 2.85792629e-03 4.22917232e-03 2.12857717e-04 6.19221817e-05 4.08066216e-05 1.15320315e-04 3.29253380e-05 5.51688136e-05 1.12770575e-04 6.80570200e-05 1.28927714e-04 1.57443615e-04 9.40962723e-05 6.82403092e-05 4.84657103e-06 8.85016634e-06 5.92070901e-06 2.37263392e-05 4.79616356e-06 1.60967473e-05 4.28477830e-05 3.65757500e-05 1.47725281e-05 4.47239398e-05 3.46826331e-05 1.35950788e-05 4.43348430e-05 5.30756363e-05 9.28627414e-06 3.93168024e-05 9.72959364e-05 2.41577058e-05 2.22941606e-04 3.62252020e-04 1.44900808e-05 1.48418793e-04 2.50682730e-05 2.88658543e-05 2.89198497e-04 4.69282734e-04 7.97176914e-05 2.27494378e-04 5.65555312e-05 1.83025087e-05 3.99860330e-05 2.07206815e-05 6.17651364e-07 8.67069332e-09 2.24601404e-10
 1993 11 21 12 00 00  3.60177047e-03 2.18503294e-03 1.20016358e-03 8.53006047e-04 6.08325667e-04 3.45692843e-04 2.44804679e-04 2.03227977e-04 4.12281731e-04 1.20003691e-04 2.86290599e-03 4.23979238e-03 2.13062700e-04 6.19322467e-05 4.08310137e-05 1.15486918e-04 3.29785747e-05 5.53163351e-05 1.12802754e-04 6.80337893e-05 1.29244622e-04 1.57849940e-04 9.42582496e-05 6.82598167e-05 4.85045312e-06 8.80171210e-06 5.92242977e-06 2.37382762e-05 4.79580158e-06 1.61059199e-05 4.29099438e-05 3.65982967e-05 1.48160019e-05 4.47582638e-05 3.46604706e-05 1.36034476e-05 4.44559117e-05 5.32628752e-05 9.24597625e-06 3.93191172e-05 9.76809399e-05 2.41393253e-05 2.23431305e-04 3.62042987e-04 1.44817195e-05 1.48947036e-04 2.53794569e-05 2.88310432e-05 2.90203197e-04 4.70104620e-04 7.98030716e-05 2.26724767e-04 5.43667349e-05 1.75071792e-05 3.81519424e-05 1.95084563e-05 5.63821652e-07 5.93387472e-09 1.00000000e-10
 1993 11 22 12 00 00  3.60557923e-03 2.18744538e-03 1.20169893e-03 8.54172514e-04 6.09371716e-04 3.46173670e-04 2.45276860e-04 2.03745062e-04 4.13638498e-04 1.20346318e-04 2.87380437e-03 4.26103659e-03 2.13591843e-04 6.20418254e-05 4.09072564e-05 1.15883273e-04 3.30928102e-05 5.56208950e-05 1.13056083e-04 6.81347679e-05 1.29891425e-04 1.58674939e-04 9.46003845e-05 6.84153424e-05 4.85870769e-06 8.82594759e-06 5.92591168e-06 2.37781640e-05 4.79819682e-06 1.61321400e-05 4.30641752e-05 3.66461056e-05 1.49098050e-05 4.49269704e-05 3.47998488e-05 1.36202711e-05 4.47591857e-05 5.36889356e-05 9.26616267e-06 3.95516244e-05 9.85849416e-05 2.42259950e-05 2.25186577e-04 3.63321294e-04 1.45328518e-05 1.50651614e-04 2.60278117e-05 2.89998366e-05 2.92987676e-04 4.72991839e-04 8.03023989e-05 2.29224782e-04 5.52496654e-05 1.78284809e-05 3.88952063e-05 2.00270228e-05 5.88843204e-07 7.36017558e-09 1.10693366e-10
 1993 11 23 12 00 00  3.60993722e-03 2.19100039e-03 1.20388994e-03 8.55685521e-04 6.10649645e-04 3.46658686e-04 2.45798391e-04 2.04335533e-04 4.15189392e-04 1.20903129e-04 2.88620450e-03 4.28228118e-03 2.14327986e-04 6.23039957e-05 4.10305653e-05 1.16372540e-04 3.32075288e-05 5.59260545e-05 1.13613080e-04 6.84910803e-05 1.30539000e-04 1.59500712e-04 9.49664331e-05 6.86167596e-05 4.86699319e-06 8.84839246e-06 5.92939614e-06 2.38280747e-05 4.80631788e-06 1.61696739e-05 4.32545573e-05 3.66940803e-05 1.50040374e-05 4.51345982e-05 3.52742121e-05 1.36371003e-05 4.51346437e-05 5.41748223e-05 9.28485897e-06 3.98968124e-05 9.96532833e-05 2.45290459e-05 2.27138323e-04 3.67681966e-04 1.47072786e-05 1.53276494e-04 2.66777904e-05 2.95883277e-05 2.96942053e-04 4.77204365e-04 8.13458912e-05 2.31755658e-04 5.60503775e-05 1.81199094e-05 3.95695989e-05 2.05002353e-05 6.11862717e-07 8.68561827e-09 2.34069142e-10
 1993 11 24 12 00 00  3.61174281e-03 2.19200851e-03 1.20454389e-03 8.56205975e-04 6.11128603e-04 3.46897113e-04 2.46024967e-04 2.04580292e-04 4.15832378e-04 1.21037240e-04 2.89137812e-03 4.29290310e-03 2.14556342e-04 6.23323251e-05 4.10605323e-05 1.16553048e-04 3.32631927e-05 5.60765562e-05 1.13686614e-04 6.84975181e-05 1.30860164e-04 1.59910902e-04 9.51324934e-05 6.86751352e-05 4.87102843e-06 8.84620968e-06 5.93112927e-06 2.38449085e-05 4.80652998e-06 1.61805643e-05 4.33235168e-05 3.67174740e-05 1.50496548e-05 4.52025101e-05 3.52861854e-05 1.36454953e-05 4.52707036e-05 5.43746279e-05 9.28306399e-06 3.99730705e-05 1.00070095e-04 2.45350588e-05 2.27899653e-04 3.67789964e-04 1.47115985e-05 1.53950508e-04 2.69971060e-05 2.96003418e-05 2.98112807e-04 4.78352152e-04 8.14991350e-05 2.32469164e-04 5.58114531e-05 1.80334082e-05 3.93716570e-05 2.03875024e-05 6.08177942e-07 8.60040004e-09 2.29081887e-10
 1993 11 25 12 00 00  3.61146695e-03 2.18864862e-03 1.20269196e-03 8.55415813e-04 6.10741452e-04 3.47125718e-04 2.46067885e-04 2.04550099e-04 4.15742710e-04 1.20353038e-04 2.89088943e-03 4.30352688e-03 2.13995392e-04 6.17781994e-05 4.09107981e-05 1.16386515e-04 3.33237083e-05 5.62330009e-05 1.12603780e-04 6.75280404e-05 1.31185601e-04 1.60328807e-04 9.52113890e-05 6.85274352e-05 4.87537000e-06 8.80460575e-06 5.93288823e-06 2.38224523e-05 4.78481888e-06 1.61494990e-05 4.32595616e-05 3.67425673e-05 1.50995562e-05 4.50967159e-05 3.40156839e-05 1.36539442e-05 4.51333175e-05 5.43537146e-05 9.24846827e-06 3.95606663e-05 9.98805658e-05 2.37136876e-05 2.27714804e-04 3.56098530e-04 1.42439412e-05 1.51120115e-04 2.73326470e-05 2.80073698e-05 2.94906682e-04 4.74381800e-04 7.95849553e-05 2.31673623e-04 5.38959446e-05 1.73374644e-05 3.77671538e-05 1.93316815e-05 5.61633689e-07 6.26029451e-09 1.91431315e-11
 1993 11 26 12 00 00  3.61545800e-03 2.19415436e-03 1.20592806e-03 8.57319665e-04 6.12160465e-04 3.47388316e-04 2.46495235e-04 2.05091382e-04 4.17162916e-04 1.21331160e-04 2.90207764e-03 4.31415290e-03 2.15041739e-04 6.24094688e-05 4.11266583e-05 1.16943667e-04 3.33895674e-05 5.63960057e-05 1.13882733e-04 6.85415813e-05 1.31518783e-04 1.60755207e-04 9.54768792e-05 6.87310346e-05 4.88004735e-06 8.74155958e-06 5.93467485e-06 2.38778116e-05 4.80751696e-06 1.62065702e-05 4.34770033e-05 3.67695291e-05 1.51541710e-05 4.52893257e-05 3.53439245e-05 1.36624512e-05 4.55569529e-05 5.47992363e-05 9.19604136e-06 4.00136156e-05 1.00972274e-04 2.45723873e-05 2.29025753e-04 3.68321310e-04 1.47328524e-05 1.55438080e-04 2.76860577e-05 2.96727347e-05 3.00806563e-04 4.80699393e-04 8.19000428e-05 2.30897237e-04 5.10177542e-05 1.62917023e-05 3.53558775e-05 1.77418826e-05 4.91323182e-07 3.11994235e-09 1.00000000e-10
 1993 11 27 12 00 00  3.61938411e-03 2.19669878e-03 1.20754220e-03 8.58570387e-04 6.13296112e-04 3.47887124e-04 2.46988156e-04 2.05634486e-04 4.18572282e-04 1.21700649e-04 2.91338700e-03 4.33540605e-03 2.15602197e-04 6.25423000e-05 4.12098855e-05 1.17375803e-04 3.35227407e-05 5.67237788e-05 1.14195921e-04 6.86772342e-05 1.32187187e-04 1.61610313e-04 9.58338673e-05 6.88391697e-05 4.88949372e-06 8.68186980e-06 5.93825534e-06 2.39193021e-05 4.81045681e-06 1.62378639e-05 4.36505417e-05 3.68239678e-05 1.52646855e-05 4.54212571e-05 3.55165917e-05 1.36794784e-05 4.58804826e-05 5.52575473e-05 9.14640113e-06 4.01581817e-05 1.01962928e-04 2.46865064e-05 2.30491649e-04 3.69913334e-04 1.47965334e-05 1.57323947e-04 2.83977424e-05 2.98935483e-05 3.04010717e-04 4.83756896e-04 8.25086237e-05 2.30978493e-04 4.83021926e-05 1.53050094e-05 3.30806995e-05 1.62406010e-05 4.24838692e-07 8.65637162e-10 1.00000000e-10
 1993 11 28 12 00 00  3.62325582e-03 2.19912482e-03 1.20908887e-03 8.59788112e-04 6.14411744e-04 3.48386019e-04 2.47476787e-04 2.06171153e-04 4.19963789e-04 1.22048268e-04 2.92455234e-03 4.35665920e-03 2.16142066e-04 6.26607816e-05 4.12886531e-05 1.17799843e-04 3.36563942e-05 5.70521457e-05 1.14484027e-04 6.87884458e-05 1.32858856e-04 1.62466182e-04 9.61887691e-05 6.90174056e-05 4.89897066e-06 8.72622913e-06 5.94183803e-06 2.39667650e-05 4.81279385e-06 1.62681416e-05 4.38235146e-05 3.68785724e-05 1.53756249e-05 4.56126458e-05 3.56542907e-05 1.36965158e-05 4.62080125e-05 5.57159664e-05 9.18332807e-06 4.04282506e-05 1.02949051e-04 2.47794640e-05 2.32468987e-04 3.71185396e-04 1.48474158e-05 1.59189093e-04 2.91110366e-05 3.00730200e-05 3.07108099e-04 4.87016612e-04 8.30662596e-05 2.34373256e-04 5.00662372e-05 1.59465383e-05 3.45627388e-05 1.72510565e-05 4.71965566e-07 2.57602011e-09 1.00000000e-10
 1993 11 29 12 00 00  3.63140213e-03 2.20487761e-03 1.21269651e-03 8.62470079e-04 6.16788182e-04 3.49378136e-04 2.48484267e-04 2.07291713e-04 4.22880915e-04 1.22910608e-04 2.94793292e-03 4.39916104e-03 2.17379571e-04 6.30118975e-05 4.14815580e-05 1.18706339e-04 3.39144783e-05 5.76975639e-05 1.15273980e-04 6.92048110e-05 1.34188947e-04 1.64163242e-04 9.69111398e-05 6.93562150e-05 4.91734390e-06 8.74240286e-06 5.94895573e-06 2.40618065e-05 4.82205796e-06 1.63355732e-05 4.41880428e-05 3.69845482e-05 1.55893649e-05 4.59781571e-05 3.61968036e-05 1.37304829e-05 4.69020592e-05 5.66608624e-05 9.19680097e-06 4.09601332e-05 1.05004282e-04 2.51317222e-05 2.36157415e-04 3.76179635e-04 1.50471854e-05 1.63526666e-04 3.05067690e-05 3.07558803e-05 3.14064174e-04 4.94205483e-04 8.45764953e-05 2.38930423e-04 5.06432661e-05 1.61565551e-05 3.50487365e-05 1.75920694e-05 4.88554001e-07 3.20875664e-09 1.00000000e-10
 1993 11 30 12 00 00  3.64122236e-03 2.21132686e-03 1.21678065e-03 8.65593724e-04 6.19602613e-04 3.50613089e-04 2.49710052e-04 2.08643291e-04 4.26399147e-04 1.23849587e-04 2.97615778e-03 4.45228703e-03 2.18792014e-04 6.33529302e-05 4.16924947e-05 1.19776816e-04 3.42340500e-05 5.85006259e-05 1.16069110e-04 6.95616705e-05 1.35850883e-04 1.66279754e-04 9.77969171e-05 6.98384295e-05 4.94011947e-06 8.88822033e-06 5.95783713e-06 2.41814730e-05 4.82992764e-06 1.64120530e-05 4.46207367e-05 3.71159636e-05 1.58538634e-05 4.64843085e-05 3.66580702e-05 1.37729105e-05 4.77328298e-05 5.78055243e-05 9.31813338e-06 4.17148599e-05 1.07468452e-04 2.54330516e-05 2.41257237e-04 3.80428257e-04 1.52171303e-05 1.68418156e-04 3.22412990e-05 3.13396362e-05 3.21968744e-04 5.02691566e-04 8.61107461e-05 2.48553420e-04 5.67937092e-05 1.83923834e-05 4.02095045e-05 2.10592959e-05 6.46626322e-07 1.12212922e-08 4.82485030e-10
 1993 12 01 12 00 00  3.64849531e-03 2.21522977e-03 1.21932855e-03 8.67729595e-04 6.21624702e-04 3.51602815e-04 2.50642371e-04 2.09651037e-04 4.29012940e-04 1.24366325e-04 2.99717873e-03 4.49479073e-03 2.19697822e-04 6.34615794e-05 4.18105058e-05 1.20541117e-04 3.44960252e-05 5.91508171e-05 1.16386175e-04 6.95705356e-05 1.37187537e-04 1.67983004e-04 9.84836898e-05 7.01587509e-05 4.95873755e-06 8.98146754e-06 5.96497484e-06 2.42667563e-05 4.82987634e-06 1.64622224e-05 4.49322143e-05 3.72233073e-05 1.60710333e-05 4.68350577e-05 3.66566062e-05 1.38069197e-05 4.83229327e-05 5.86651847e-05 9.39571182e-06 4.21658650e-05 1.09284984e-04 2.54384970e-05 2.45032900e-04 3.80422750e-04 1.52169100e-05 1.71352585e-04 3.36500409e-05 3.13488796e-05 3.27116907e-04 5.08056261e-04 8.67616020e-05 2.55563597e-04 6.08039200e-05 1.98500017e-05 4.35730961e-05 2.33084641e-05 7.48402834e-07 1.65427494e-08 9.65322577e-10
 1993 12 02 12 00 00  3.65299850e-03 2.21892158e-03 1.22160325e-03 8.69350977e-04 6.23025156e-04 3.52113520e-04 2.51192220e-04 2.10276879e-04 4.30633259e-04 1.24952360e-04 3.01011012e-03 4.51604761e-03 2.20470698e-04 6.37527213e-05 4.19424254e-05 1.21079172e-04 3.46379325e-05 5.94893005e-05 1.17025178e-04 6.99686469e-05 1.37867272e-04 1.68851987e-04 9.88700714e-05 7.03227492e-05 4.96873363e-06 8.92658281e-06 5.96860045e-06 2.43214836e-05 4.83850054e-06 1.65066229e-05 4.51490829e-05 3.72807990e-05 1.61892560e-05 4.70156609e-05 3.71630915e-05 1.38240444e-05 4.87287698e-05 5.91973427e-05 9.35002972e-06 4.24397192e-05 1.10475899e-04 2.57733831e-05 2.46778212e-04 3.85092840e-04 1.54037136e-05 1.74229062e-04 3.43909313e-05 3.19968211e-05 3.31633101e-04 5.12611010e-04 8.79452469e-05 2.56208867e-04 5.85839236e-05 1.90427528e-05 4.17086803e-05 2.20427692e-05 6.89758409e-07 1.33725003e-08 6.75016398e-10
 1993 12 03 12 00 00  3.65441453e-03 2.21896362e-03 1.22170708e-03 8.69640114e-04 6.23395664e-04 3.52372641e-04 2.51397999e-04 2.10484065e-04 4.31154300e-04 1.24908371e-04 3.01434359e-03 4.52668108e-03 2.20534458e-04 6.36602115e-05 4.19348482e-05 1.21216042e-04 3.47193272e-05 5.96713449e-05 1.16878746e-04 6.97669049e-05 1.38220848e-04 1.69303078e-04 9.90326667e-05 7.03608768e-05 4.97438923e-06 8.93547112e-06 5.97046783e-06 2.43386972e-05 4.83370750e-06 1.65131773e-05 4.52121435e-05 3.73132032e-05 1.62575801e-05 4.70704222e-05 3.68842884e-05 1.38327203e-05 4.88335434e-05 5.93881614e-05 9.35740827e-06 4.24483197e-05 1.10859577e-04 2.56001833e-05 2.47578618e-04 3.82536091e-04 1.53014436e-05 1.74313220e-04 3.47962952e-05 3.16594640e-05 3.32210506e-04 5.13064140e-04 8.77038231e-05 2.57705544e-04 5.90684178e-05 1.92186134e-05 4.21133207e-05 2.22995058e-05 7.00377279e-07 1.38519610e-08 7.16584614e-10
 1993 12 04 12 00 00  3.65482794e-03 2.21972420e-03 1.22214632e-03 8.69910376e-04 6.23606186e-04 3.52390881e-04 2.51444240e-04 2.10548619e-04 4.31310590e-04 1.25052905e-04 3.01555409e-03 4.52668816e-03 2.20678990e-04 6.37671666e-05 4.19676598e-05 1.21300271e-04 3.47363180e-05 5.96921658e-05 1.17104813e-04 6.99420401e-05 1.38241961e-04 1.69330078e-04 9.90592705e-05 7.03901123e-05 4.97545843e-06 8.92262178e-06 5.97055550e-06 2.43498567e-05 4.83741314e-06 1.65240495e-05 4.52513222e-05 3.73191462e-05 1.62725730e-05 4.70979829e-05 3.71024798e-05 1.38329066e-05 4.88986715e-05 5.94536044e-05 9.34670679e-06 4.25169707e-05 1.11034803e-04 2.57467764e-05 2.47750287e-04 3.84550882e-04 1.53820353e-05 1.75034220e-04 3.48531059e-05 3.19426268e-05 3.33242504e-04 5.14161057e-04 8.81083394e-05 2.57628566e-04 5.86019856e-05 1.90488729e-05 4.17206374e-05 2.20252765e-05 6.87127505e-07 1.30954149e-08 6.46310827e-10
 1993 12 05 12 00 00  3.65368042e-03 2.22005850e-03 1.22226362e-03 8.69807963e-04 6.23415034e-04 3.52161368e-04 2.51279254e-04 2.10394414e-04 4.30903246e-04 1.25171059e-04 3.01220192e-03 4.51606885e-03 2.20695849e-04 6.39200288e-05 4.19935246e-05 1.21235032e-04 3.46855086e-05 5.95476187e-05 1.17395750e-04 7.02376885e-05 1.37925709e-04 1.68927609e-04 9.89240765e-05 7.03493055e-05 4.97172878e-06 8.86983034e-06 5.96884747e-06 2.43427171e-05 4.84389784e-06 1.65273306e-05 4.52270071e-05 3.72974522e-05 1.62312412e-05 4.70459757e-05 3.74828000e-05 1.38245610e-05 4.88465635e-05 5.93282151e-05 9.30276728e-06 4.25056500e-05 1.10823599e-04 2.59961351e-05 2.46976785e-04 3.88055073e-04 1.55222029e-05 1.75437026e-04 3.45500361e-05 3.24255205e-05 3.33514008e-04 5.14471348e-04 8.86070057e-05 2.55315040e-04 5.64613056e-05 1.82704794e-05 3.99229295e-05 2.08056388e-05 6.30671713e-07 1.00475315e-08 3.67310071e-10
 1993 12 06 12 00 00  3.65053755e-03 2.21625431e-03 1.22000582e-03 8.68445517e-04 6.22377199e-04 3.51914705e-04 2.50933902e-04 2.09972488e-04 4.29789551e-04 1.24513210e-04 3.00338392e-03 4.50544804e-03 2.19962195e-04 6.35197473e-05 4.18487938e-05 1.20830530e-04 3.46308167e-05 5.93983044e-05 1.16585123e-04 6.96081959e-05 1.37605599e-04 1.68518966e-04 9.87009123e-05 7.01856826e-05 4.96775392e-06 8.88625000e-06 5.96711907e-06 2.43026962e-05 4.82965843e-06 1.64892160e-05 4.50715686e-05 3.72743991e-05 1.61864809e-05 4.68895376e-05 3.66503780e-05 1.38161777e-05 4.85372040e-05 5.89859605e-05 9.31642644e-06 4.21663634e-05 1.10014456e-04 2.54616287e-05 2.45798599e-04 3.80399467e-04 1.52159787e-05 1.72533193e-04 3.42339714e-05 3.13881348e-05 3.29516924e-04 5.10142379e-04 8.71300145e-05 2.54760474e-04 5.71821480e-05 1.85324539e-05 4.05272911e-05 2.12077748e-05 6.48725205e-07 1.09805866e-08 4.51691884e-10
 1993 12 07 12 00 00  3.64918058e-03 2.21618890e-03 1.21989334e-03 8.68208929e-04 6.22086431e-04 3.51677618e-04 2.50747022e-04 2.09787524e-04 4.29305917e-04 1.24556108e-04 2.99943135e-03 4.49482575e-03 2.19905072e-04 6.36193003e-05 4.18582413e-05 1.20725295e-04 3.45732144e-05 5.92454337e-05 1.16769407e-04 6.98156655e-05 1.37283689e-04 1.68105691e-04 9.85531853e-05 7.02074077e-05 4.96359644e-06 8.94837358e-06 5.96537539e-06 2.42975152e-05 4.83417061e-06 1.64872960e-05 4.50310886e-05 3.72503215e-05 1.61391508e-05 4.68897447e-05 3.69152433e-05 1.38077594e-05 4.84645019e-05 5.88353122e-05 9.36811339e-06 4.22616306e-05 1.09730835e-04 2.56362982e-05 2.45498849e-04 3.82841099e-04 1.53136440e-05 1.72646818e-04 3.39081715e-05 3.17261845e-05 3.29289400e-04 5.10253960e-04 8.74285553e-05 2.55877932e-04 5.98304843e-05 1.94951183e-05 4.27489964e-05 2.26965424e-05 7.16320866e-07 1.45321533e-08 7.74381448e-10
 1993 12 08 12 00 00  3.64915285e-03 2.21611169e-03 1.21984991e-03 8.68194003e-04 6.22082741e-04 3.51680087e-04 2.50746426e-04 2.09785960e-04 4.29298865e-04 1.24542226e-04 2.99937210e-03 4.49482724e-03 2.19892874e-04 6.36111237e-05 4.18556660e-05 1.20723727e-04 3.45761247e-05 5.92490076e-05 1.16757348e-04 6.98010554e-05 1.37286816e-04 1.68110321e-04 9.85535051e-05 7.01912099e-05 4.96377943e-06 8.92830867e-06 5.96539030e-06 2.42965054e-05 4.83375879e-06 1.64871676e-05 4.50303372e-05 3.72513430e-05 1.61417222e-05 4.68767056e-05 3.68916604e-05 1.38077914e-05 4.84607390e-05 5.88350671e-05 9.35141434e-06 4.22295234e-05 1.09730310e-04 2.56232102e-05 2.45400554e-04 3.82626805e-04 1.53050722e-05 1.72593726e-04 3.39179096e-05 3.17003607e-05 3.29260959e-04 5.10152771e-04 8.74030339e-05 2.55299565e-04 5.90068077e-05 1.91956381e-05 4.20574690e-05 2.22288241e-05 6.94773394e-07 1.33764807e-08 6.68780586e-10
 1993 12 09 12 00 00  3.64536960e-03 2.21100392e-03 1.21684324e-03 8.66424750e-04 6.20764179e-04 3.51424210e-04 2.50340921e-04 2.09275771e-04 4.27955899e-04 1.23639434e-04 2.98877990e-03 4.48420346e-03 2.18921097e-04 6.30351979e-05 4.16568114e-05 1.20206774e-04 3.45160981e-05 5.90931508e-05 1.15592281e-04 6.88787200e-05 1.36956731e-04 1.67693193e-04 9.82999893e-05 6.98870563e-05 4.95946879e-06 8.82637760e-06 5.96363388e-06 2.42356871e-05 4.81301722e-06 1.64351844e-05 4.48255787e-05 3.72264185e-05 1.60922486e-05 4.66005365e-05 3.56784120e-05 1.37993484e-05 4.80511512e-05 5.84109358e-05 9.26660578e-06 4.16012937e-05 1.08703268e-04 2.48410710e-05 2.43356551e-04 3.71464994e-04 1.48585998e-05 1.68526832e-04 3.35839926e-05 3.01830092e-05 3.23856283e-04 5.03865115e-04 8.52929769e-05 2.50840299e-04 5.46734993e-05 1.76204620e-05 3.84220238e-05 1.97910640e-05 5.83971433e-07 7.54584359e-09 1.38790668e-10
 1993 12 10 12 00 00  3.64035163e-03 2.20891123e-03 1.21541402e-03 8.65107113e-04 6.19460973e-04 3.50695838e-04 2.49687950e-04 2.08585982e-04 4.26159246e-04 1.23410241e-04 2.97426993e-03 4.45233136e-03 2.18399024e-04 6.30716186e-05 4.16044943e-05 1.19718804e-04 3.43316322e-05 5.86202426e-05 1.15603300e-04 6.90660963e-05 1.35970035e-04 1.66434857e-04 9.78099574e-05 6.97020269e-05 4.94626256e-06 8.77850980e-06 5.95834317e-06 2.41843692e-05 4.81714851e-06 1.64082627e-05 4.46289103e-05 3.71501199e-05 1.59399773e-05 4.63866260e-05 3.59205849e-05 1.37739713e-05 4.76765319e-05 5.78298248e-05 9.22677427e-06 4.13827960e-05 1.07511298e-04 2.49992881e-05 2.40857654e-04 3.73695623e-04 1.49478249e-05 1.67099205e-04 3.25676257e-05 3.04895162e-05 3.21040208e-04 5.01072289e-04 8.52405002e-05 2.46533603e-04 5.26619893e-05 1.68892139e-05 3.67340580e-05 1.86559833e-05 5.32148560e-07 4.80137814e-09 1.00000000e-10
 1993 12 11 12 00 00  3.63258075e-03 2.20387580e-03 1.21221961e-03 8.62667608e-04 6.17265485e-04 3.49716405e-04 2.48719952e-04 2.07521356e-04 4.23380859e-04 1.22683501e-04 2.95196674e-03 4.40983437e-03 2.17295508e-04 6.28191013e-05 4.14418985e-05 1.18884771e-04 3.40847182e-05 5.79884974e-05 1.15016660e-04 6.88123750e-05 1.34652974e-04 1.64755538e-04 9.71095353e-05 6.93668139e-05 4.92859144e-06 8.72055462e-06 5.95128331e-06 2.40963404e-05 4.81141396e-06 1.63500833e-05 4.42961626e-05 3.70480469e-05 1.57360890e-05 4.60261214e-05 3.55853233e-05 1.37401235e-05 4.70354326e-05 5.69373545e-05 9.17854632e-06 4.08728827e-05 1.05598586e-04 2.47838907e-05 2.37151438e-04 3.70612117e-04 1.48244847e-05 1.63386691e-04 3.12092248e-05 3.00714921e-05 3.14980103e-04 4.94744772e-04 8.40971798e-05 2.40805676e-04 5.02441491e-05 1.60102089e-05 3.47048137e-05 1.72889744e-05 4.69561950e-07 2.30153105e-09 1.00000000e-10
 1993 12 12 12 00 00  3.61738743e-03 2.19455184e-03 1.20625835e-03 8.58005566e-04 6.13012572e-04 3.47757238e-04 2.46813129e-04 2.05436252e-04 4.17944070e-04 1.21369361e-04 2.90829501e-03 4.32483889e-03 2.15221739e-04 6.24112601e-05 4.11467465e-05 1.17272135e-04 3.35879566e-05 5.67214447e-05 1.14032385e-04 6.84686762e-05 1.32017453e-04 1.61392242e-04 9.57221853e-05 6.87854811e-05 4.89306767e-06 8.68820571e-06 5.93714867e-06 2.39312699e-05 4.80371600e-06 1.62404156e-05 4.36544075e-05 3.68428853e-05 1.53257424e-05 4.53797574e-05 3.51348630e-05 1.36723975e-05 4.58057518e-05 5.51904791e-05 9.15162454e-06 4.00354867e-05 1.01874656e-04 2.44926923e-05 2.30279307e-04 3.66466926e-04 1.46586770e-05 1.56594394e-04 2.84826616e-05 2.95067352e-05 3.03568144e-04 4.83162112e-04 8.21533005e-05 2.31965417e-04 4.89173825e-05 1.55278070e-05 3.35908855e-05 1.65353948e-05 4.34832866e-07 1.05983560e-09 1.00000000e-10
 1993 12 13 12 00 00  3.60884941e-03 2.18793750e-03 1.20215778e-03 8.55081277e-04 6.10488232e-04 3.46769065e-04 2.45774797e-04 2.04267916e-04 4.14893722e-04 1.20346544e-04 2.88388164e-03 4.28234003e-03 2.13831577e-04 6.19482421e-05 4.09192291e-05 1.16306275e-04 3.33371543e-05 5.60849498e-05 1.13026706e-04 6.78631419e-05 1.30695464e-04 1.59706746e-04 9.49867117e-05 6.83901376e-05 4.87515281e-06 8.63929017e-06 5.93006880e-06 2.38288704e-05 4.79008268e-06 1.61660114e-05 4.32684068e-05 3.67394503e-05 1.51184271e-05 4.49679681e-05 3.43374908e-05 1.36385075e-05 4.50620466e-05 5.42108233e-05 9.11092138e-06 3.93769087e-05 9.97232621e-05 2.39790577e-05 2.26315843e-04 3.59131664e-04 1.43652665e-05 1.51594251e-04 2.71112716e-05 2.85102084e-05 2.95849438e-04 4.74982204e-04 8.02542974e-05 2.26341754e-04 4.68644920e-05 1.47815092e-05 3.18681485e-05 1.53765623e-05 3.81898860e-07 1.00000000e-10 1.00000000e-10
 1993 12 14 12 00 00  3.59801871e-03 2.18213447e-03 1.19836926e-03 8.51939318e-04 6.07531004e-04 3.45301569e-04 2.44393918e-04 2.02777996e-04 4.11013969e-04 1.19583694e-04 2.85265802e-03 4.21859287e-03 2.12490754e-04 6.18004102e-05 4.07466452e-05 1.15189972e-04 3.29624047e-05 5.51319798e-05 1.12601069e-04 6.78704586e-05 1.28716759e-04 1.57180816e-04 9.39693853e-05 6.80145744e-05 4.84837183e-06 8.63260793e-06 5.91945682e-06 2.37159267e-05 4.79028859e-06 1.60950045e-05 4.28228241e-05 3.65848129e-05 1.48087405e-05 4.45340165e-05 3.43492924e-05 1.35876893e-05 4.42140412e-05 5.29597248e-05 9.10536255e-06 3.88900342e-05 9.70924697e-05 2.39856090e-05 2.21449332e-04 3.59238900e-04 1.43695560e-05 1.47452580e-04 2.50590558e-05 2.85231363e-05 2.88468067e-04 4.67694667e-04 7.93563226e-05 2.20295559e-04 4.65747243e-05 1.46761907e-05 3.16251451e-05 1.52143891e-05 3.74583541e-07 1.00000000e-10 1.00000000e-10
 1993 12 15 12 00 00  3.59433472e-03 2.18006631e-03 1.19702912e-03 8.50843682e-04 6.06507125e-04 3.44808813e-04 2.43925208e-04 2.02269701e-04 4.09692720e-04 1.19303966e-04 2.84203230e-03 4.19734195e-03 2.12018299e-04 6.17323451e-05 4.06833517e-05 1.14802606e-04 3.28340888e-05 5.48101612e-05 1.12419140e-04 6.78421929e-05 1.28052069e-04 1.56333434e-04 9.36253348e-05 6.78594404e-05 4.83923104e-06 8.59809152e-06 5.91590142e-06 2.36739416e-05 4.78970724e-06 1.60693469e-05 4.26659218e-05 3.65320797e-05 1.47025130e-05 4.43634854e-05 3.43149441e-05 1.35707145e-05 4.39158466e-05 5.25288128e-05 9.07664435e-06 3.86703425e-05 9.61799459e-05 2.39620887e-05 2.19618551e-04 3.58921176e-04 1.43568470e-05 1.45919760e-04 2.43636125e-05 2.84777896e-05 2.85820619e-04 4.64960266e-04 7.89853068e-05 2.17210150e-04 4.51028066e-05 1.41411535e-05 3.03903534e-05 1.43870204e-05 3.37022618e-07 1.00000000e-10 1.00000000e-10
 1993 12 16 12 00 00  3.59222710e-03 2.17849867e-03 1.19605207e-03 8.50125935e-04 6.05875497e-04 3.44557747e-04 2.43665180e-04 2.01978051e-04 4.08935710e-04 1.19063554e-04 2.83597756e-03 4.18671519e-03 2.11683767e-04 6.16252243e-05 4.06292131e-05 1.14561023e-04 3.27667774e-05 5.46453812e-05 1.12178839e-04 6.77066331e-05 1.27715636e-04 1.55904724e-04 9.34402297e-05 6.77576586e-05 4.83446202e-06 8.57931882e-06 5.91410717e-06 2.36471545e-05 4.78676629e-06 1.60506133e-05 4.25681328e-05 3.65046028e-05 1.46466118e-05 4.42570112e-05 3.41422565e-05 1.35621915e-05 4.37295941e-05 5.22805694e-05 9.06102287e-06 3.85032837e-05 9.56345330e-05 2.38480177e-05 2.18581623e-04 3.57329017e-04 1.42931607e-05 1.44700275e-04 2.40053385e-05 2.82570632e-05 2.83901672e-04 4.62918881e-04 7.85354172e-05 2.15548660e-04 4.43140150e-05 1.38544017e-05 2.97284337e-05 1.39418942e-05 3.16699087e-07 1.00000000e-10 1.00000000e-10
 1993 12 17 12 00 00  3.59762398e-03 2.18141348e-03 1.19795260e-03 8.51680578e-04 6.07327854e-04 3.45283439e-04 2.44349261e-04 2.02715778e-04 4.10863969e-04 1.19446509e-04 2.85149723e-03 4.21858467e-03 2.12353211e-04 6.16983880e-05 4.07153597e-05 1.15108711e-04 3.29454138e-05 5.51111472e-05 1.12383526e-04 6.77036645e-05 1.28693593e-04 1.57153803e-04 9.39435778e-05 6.79300945e-05 4.84730263e-06 8.56482438e-06 5.91936841e-06 2.36998525e-05 4.78678412e-06 1.60845072e-05 4.27826023e-05 3.65788670e-05 1.47937462e-05 4.44594584e-05 3.41427571e-05 1.35875045e-05 4.41430000e-05 5.28922437e-05 9.04895714e-06 3.87209797e-05 9.69153296e-05 2.38461973e-05 2.20873471e-04 3.57330920e-04 1.42932368e-05 1.46709892e-04 2.50022247e-05 2.82539724e-05 2.87474593e-04 4.66395765e-04 7.89695069e-05 2.17937482e-04 4.37465299e-05 1.36480028e-05 2.92515041e-05 1.36154322e-05 3.01381527e-07 1.00000000e-10 1.00000000e-10
 1993 12 18 12 00 00  3.60330613e-03 2.18492055e-03 1.20019255e-03 8.53414275e-04 6.08899727e-04 3.46011938e-04 2.45058927e-04 2.03491285e-04 4.12892053e-04 1.19940208e-04 2.86779721e-03 4.25045490e-03 2.13129324e-04 6.18490823e-05 4.08254485e-05 1.15704375e-04 3.31250194e-05 5.55781124e-05 1.12740305e-04 6.78306678e-05 1.29673686e-04 1.58404416e-04 9.44597089e-05 6.81500155e-05 4.86020363e-06 8.58243584e-06 5.92463439e-06 2.37600395e-05 4.78977381e-06 1.61243407e-05 4.30181297e-05 3.66534659e-05 1.49417334e-05 4.47019906e-05 3.43168475e-05 1.36128307e-05 4.45980736e-05 5.35374411e-05 9.06360729e-06 3.90400335e-05 9.82862882e-05 2.39550107e-05 2.23439667e-04 3.58928273e-04 1.43571309e-05 1.49220455e-04 2.60023517e-05 2.84657755e-05 2.91655992e-04 4.70662385e-04 7.96817740e-05 2.21365578e-04 4.45087478e-05 1.39250402e-05 2.98907403e-05 1.40422221e-05 3.20646947e-07 1.00000000e-10 1.00000000e-10
 1993 12 19 12 00 00  3.60451264e-03 2.18466880e-03 1.20012416e-03 8.53558561e-04 6.09131422e-04 3.46247614e-04 2.45233005e-04 2.03657507e-04 4.13325288e-04 1.19838574e-04 2.87134381e-03 4.26107720e-03 2.13130728e-04 6.17107901e-05 4.08039830e-05 1.15785730e-04 3.31821386e-05 5.57303953e-05 1.12485765e-04 6.75575982e-05 1.29997309e-04 1.58816929e-04 9.46007216e-05 6.81809900e-05 4.86433091e-06 8.61211884e-06 5.92637480e-06 2.37684640e-05 4.78365473e-06 1.61231934e-05 4.30496563e-05 3.66773689e-05 1.49886357e-05 4.47468067e-05 3.39587772e-05 1.36212417e-05 4.46599087e-05 5.36761400e-05 9.08830043e-06 3.90340822e-05 9.85333400e-05 2.37236251e-05 2.24147755e-04 3.55633361e-04 1.42253344e-05 1.48915383e-04 2.63265421e-05 2.80169974e-05 2.91571865e-04 4.70482521e-04 7.92431621e-05 2.23137223e-04 4.58009257e-05 1.43946807e-05 3.09742988e-05 1.47646627e-05 3.53185177e-07 1.00000000e-10 1.00000000e-10
 1993 12 20 12 00 00  3.61187082e-03 2.19164528e-03 1.20435544e-03 8.56351375e-04 6.11417024e-04 3.46991516e-04 2.46094813e-04 2.04658568e-04 4.15947473e-04 1.20982972e-04 2.89224061e-03 4.29294929e-03 2.14536538e-04 6.23256733e-05 4.10572179e-05 1.16667381e-04 3.33661155e-05 5.62027155e-05 1.13768931e-04 6.84607076e-05 1.30984664e-04 1.60074491e-04 9.51913195e-05 6.85774925e-05 4.87750767e-06 8.67428244e-06 5.93166333e-06 2.38632592e-05 4.80401104e-06 1.61979575e-05 4.33991850e-05 3.67534987e-05 1.51404805e-05 4.51393953e-05 3.51492083e-05 1.36466144e-05 4.53425965e-05 5.45100806e-05 9.14001575e-06 3.97627490e-05 1.00419580e-04 2.44898576e-05 2.27582265e-04 3.66583767e-04 1.46633507e-05 1.54273669e-04 2.73412850e-05 2.95037316e-05 2.99349237e-04 4.78973353e-04 8.16148883e-05 2.28309591e-04 4.84949258e-05 1.53738381e-05 3.32335599e-05 1.62726019e-05 4.21219721e-07 5.04879694e-10 1.00000000e-10
 1993 12 21 12 00 00  3.61429455e-03 2.19111045e-03 1.20420148e-03 8.56650239e-04 6.11902306e-04 3.47471706e-04 2.46448602e-04 2.04996784e-04 4.16821579e-04 1.20774443e-04 2.89940475e-03 4.31419797e-03 2.14536285e-04 6.20454483e-05 4.10131084e-05 1.16838930e-04 3.34900600e-05 5.65191789e-05 1.13255765e-04 6.79068267e-05 1.31643429e-04 1.60914924e-04 9.54788112e-05 6.86246551e-05 4.88637343e-06 8.70945441e-06 5.93519580e-06 2.38811853e-05 4.79156843e-06 1.61972019e-05 4.34704741e-05 3.68047040e-05 1.52428518e-05 4.52177672e-05 3.44213215e-05 1.36635426e-05 4.54724256e-05 5.47994771e-05 9.16926947e-06 3.97202454e-05 1.00944554e-04 2.40202731e-05 2.28928057e-04 3.59886818e-04 1.43954727e-05 1.53685705e-04 2.80221109e-05 2.85928138e-05 2.99283801e-04 4.78633120e-04 8.07391522e-05 2.31213481e-04 5.00579739e-05 1.59418506e-05 3.45437204e-05 1.71418564e-05 4.60061521e-07 1.83828845e-09 1.00000000e-10
 1993 12 22 12 00 00  3.62464571e-03 2.19869779e-03 1.20893796e-03 8.60106252e-04 6.14929471e-04 3.48705446e-04 2.47719109e-04 2.06416401e-04 4.20524574e-04 1.21926250e-04 2.92905522e-03 4.36732173e-03 2.16152967e-04 6.25373787e-05 4.12706353e-05 1.17994649e-04 3.38042941e-05 5.73156925e-05 1.14347558e-04 6.85173494e-05 1.33297832e-04 1.63022953e-04 9.63847043e-05 6.91224715e-05 4.90881284e-06 8.81343294e-06 5.94404955e-06 2.40064455e-05 4.80517301e-06 1.62838136e-05 4.39323078e-05 3.69342510e-05 1.55026370e-05 4.57361185e-05 3.52178700e-05 1.37059120e-05 4.63645569e-05 5.59927298e-05 9.25577333e-06 4.05334097e-05 1.03545894e-04 2.45369651e-05 2.33983885e-04 3.67218991e-04 1.46887596e-05 1.59428582e-04 2.97387858e-05 2.95945385e-05 3.08269089e-04 4.88236936e-04 8.28031754e-05 2.39634528e-04 5.45571250e-05 1.75771225e-05 3.83169513e-05 1.96612337e-05 5.73797757e-07 6.68781155e-09 5.26071631e-11
 1993 12 23 12 00 00  3.63577616e-03 2.20509442e-03 1.21306839e-03 8.63441113e-04 6.18025279e-04 3.50179425e-04 2.49129803e-04 2.07949575e-04 4.24514317e-04 1.22801222e-04 2.96112365e-03 4.43107150e-03 2.17603963e-04 6.27674625e-05 4.14685125e-05 1.19166374e-04 3.41839012e-05 5.82746230e-05 1.14943829e-04 6.86462736e-05 1.35284890e-04 1.65556620e-04 9.74174749e-05 6.95840201e-05 4.93589869e-06 8.90288866e-06 5.95468700e-06 2.41315835e-05 4.80790441e-06 1.63616785e-05 4.44029407e-05 3.70905880e-05 1.58166120e-05 4.62437514e-05 3.53786425e-05 1.37567826e-05 4.72638993e-05 5.72866418e-05 9.33019255e-06 4.11917894e-05 1.06289162e-04 2.46448966e-05 2.39406185e-04 3.68703488e-04 1.47481395e-05 1.64138367e-04 3.18072562e-05 2.98030383e-05 3.16335615e-04 4.96552221e-04 8.40002984e-05 2.48443723e-04 5.84368665e-05 1.89872422e-05 4.15705594e-05 2.18324508e-05 6.71728878e-07 1.17840829e-08 5.14396215e-10
 1993 12 24 12 00 00  3.65116855e-03 2.21477814e-03 1.21923816e-03 8.68235219e-04 6.22383632e-04 3.52147889e-04 2.51059686e-04 2.10066939e-04 4.30028367e-04 1.24184230e-04 3.00538520e-03 4.51607071e-03 2.19747411e-04 6.32281702e-05 4.17798376e-05 1.20821089e-04 3.46893910e-05 5.95523743e-05 1.16044239e-04 6.90759975e-05 1.37933147e-04 1.68933774e-04 9.88179293e-05 7.02321443e-05 4.97197288e-06 9.00197265e-06 5.96886748e-06 2.43070085e-05 4.81733914e-06 1.64767077e-05 4.50653454e-05 3.72988114e-05 1.62346667e-05 4.69482195e-05 3.59319471e-05 1.38246047e-05 4.85327968e-05 5.90695963e-05 9.41262042e-06 4.21587890e-05 1.10106673e-04 2.50074198e-05 2.46734058e-04 3.73801158e-04 1.49520463e-05 1.71328286e-04 3.45630135e-05 3.05051246e-05 3.28256438e-04 5.08904645e-04 8.61438300e-05 2.59619820e-04 6.27343579e-05 2.05491944e-05 4.51744920e-05 2.42374220e-05 7.80201262e-07 1.74287614e-08 1.02587414e-09
 1993 12 25 12 00 00  3.66112930e-03 2.22430947e-03 1.22501532e-03 8.72064718e-04 6.25528621e-04 3.53152042e-04 2.52230271e-04 2.11430903e-04 4.33589596e-04 1.25755667e-04 3.03372671e-03 4.55857292e-03 2.21671174e-04 6.40882353e-05 4.21296508e-05 1.22035293e-04 3.49469978e-05 6.01972162e-05 1.17855007e-04 7.03433587e-05 1.39266268e-04 1.70630102e-04 9.96182463e-05 7.08076034e-05 4.99031594e-06 9.13003605e-06 5.97598264e-06 2.44424892e-05 4.84552183e-06 1.65813273e-05 4.55492563e-05 3.74046213e-05 1.64479847e-05 4.75142970e-05 3.75824078e-05 1.38585674e-05 4.94756529e-05 6.02158807e-05 9.51916154e-06 4.32199588e-05 1.12710788e-04 2.60795234e-05 2.51658747e-04 3.88995440e-04 1.55598176e-05 1.78781400e-04 3.59571597e-05 3.25833244e-05 3.39074463e-04 5.20845830e-04 8.94643412e-05 2.68130694e-04 6.82731061e-05 2.25623273e-05 4.98196257e-05 2.73393101e-05 9.20259299e-07 2.47286820e-08 1.68763528e-09
 1993 12 26 12 00 00  3.66488940e-03 2.22649945e-03 1.22642673e-03 8.73212546e-04 6.26598783e-04 3.53650618e-04 2.52709262e-04 2.11953107e-04 4.34942247e-04 1.26059153e-04 3.04459037e-03 4.57982644e-03 2.22168646e-04 6.41756478e-05 4.21988245e-05 1.22441095e-04 3.50811373e-05 6.05261826e-05 1.18082638e-04 7.04023929e-05 1.39939882e-04 1.71486743e-04 9.99685913e-05 7.10145974e-05 4.99982380e-06 9.22603576e-06 5.97956823e-06 2.44914483e-05 4.84667107e-06 1.66093950e-05 4.57168062e-05 3.74594005e-05 1.65593534e-05 4.77297226e-05 3.76507000e-05 1.38756091e-05 4.97943581e-05 6.06655814e-05 9.59902245e-06 4.35364835e-05 1.13670426e-04 2.61281035e-05 2.53858934e-04 3.89629411e-04 1.55851764e-05 1.80495482e-04 3.66720808e-05 3.26766254e-05 3.41940345e-04 5.24008905e-04 8.99118781e-05 2.73303227e-04 7.24534946e-05 2.40816791e-05 5.33250748e-05 2.96763335e-05 1.02550576e-06 3.01932246e-08 2.18247607e-09
 1993 12 27 12 00 00  3.66287772e-03 2.22502307e-03 1.22550533e-03 8.72566069e-04 6.26047442e-04 3.53416522e-04 2.52467829e-04 2.11684627e-04 4.34230747e-04 1.25838118e-04 3.03888584e-03 4.56920788e-03 2.21858304e-04 6.40873087e-05 4.21502711e-05 1.22231522e-04 3.50317860e-05 6.03834167e-05 1.17897609e-04 7.02939520e-05 1.39632669e-04 1.71086584e-04 9.97969211e-05 7.11098790e-05 4.99618545e-06 9.46701475e-06 5.97786675e-06 2.44880954e-05 4.84406955e-06 1.65951890e-05 4.56460955e-05 3.74382100e-05 1.65193065e-05 4.77929751e-05 3.74995405e-05 1.38672811e-05 4.96607728e-05 6.04635646e-05 9.79951146e-06 4.37286142e-05 1.13234630e-04 2.60347995e-05 2.54268704e-04 3.88243934e-04 1.55297574e-05 1.79647548e-04 3.63738742e-05 3.24947585e-05 3.40391165e-04 5.23155001e-04 8.95534933e-05 2.80102469e-04 8.27850865e-05 2.78370495e-05 6.19913118e-05 3.54756023e-05 1.28823922e-06 4.39541083e-08 3.43166207e-09
 1993 12 28 12 00 00  3.66718107e-03 2.22831866e-03 1.22755207e-03 8.74059478e-04 6.27356455e-04 3.53922776e-04 2.52997942e-04 2.12281927e-04 4.35778390e-04 1.26349480e-04 3.05125518e-03 4.59046289e-03 2.22558049e-04 6.43243986e-05 4.22655540e-05 1.22732962e-04 3.51702940e-05 6.07177324e-05 1.18426231e-04 7.06023886e-05 1.40307791e-04 1.71950161e-04 1.00172936e-04 7.12483901e-05 5.00596725e-06 9.40122482e-06 5.98147490e-06 2.45375745e-05 4.85072960e-06 1.66350157e-05 4.58471137e-05 3.74945172e-05 1.66345286e-05 4.79514270e-05 3.78907920e-05 1.38843679e-05 5.00368260e-05 6.09693014e-05 9.74475770e-06 4.39465988e-05 1.14354472e-04 2.62940681e-05 2.55867730e-04 3.91852272e-04 1.56740909e-05 1.82174625e-04 3.71033995e-05 3.29962873e-05 3.44452147e-04 5.27165441e-04 9.05399571e-05 2.80326324e-04 8.00929492e-05 2.68581971e-05 5.97309398e-05 3.39455672e-05 1.21766422e-06 4.01624106e-08 3.08502912e-09
 1993 12 29 12 00 00  3.66860604e-03 2.22839672e-03 1.22767658e-03 8.74353725e-04 6.27725898e-04 3.54178891e-04 2.53203100e-04 2.12489155e-04 4.36301963e-04 1.26312214e-04 3.05549994e-03 4.60109450e-03 2.22627865e-04 6.42373944e-05 4.22596773e-05 1.22869324e-04 3.52482894e-05 6.08956034e-05 1.18290294e-04 7.04102335e-05 1.40654627e-04 1.72395851e-04 1.00334166e-04 7.12174520e-05 5.01140930e-06 9.31354080e-06 5.98332444e-06 2.45478171e-05 4.84612901e-06 1.66413116e-05 4.59045690e-05 3.75257252e-05 1.66998536e-05 4.79475654e-05 3.76233918e-05 1.38930060e-05 5.01299965e-05 6.11520280e-05 9.67179003e-06 4.38307281e-05 1.14721595e-04 2.61288165e-05 2.56162662e-04 3.89401147e-04 1.55760459e-05 1.82203013e-04 3.74973955e-05 3.26742214e-05 3.45023464e-04 5.27318131e-04 9.03127682e-05 2.78726424e-04 7.64453711e-05 2.55320945e-05 5.66694168e-05 3.18816963e-05 1.12306805e-06 3.51250193e-08 2.62563198e-09
 1993 12 30 12 00 00  3.67145033e-03 2.23142967e-03 1.22949660e-03 8.75543260e-04 6.28693661e-04 3.54445576e-04 2.53535565e-04 2.12885799e-04 4.37326831e-04 1.26828785e-04 3.06362413e-03 4.61172648e-03 2.23232784e-04 6.45446840e-05 4.23754213e-05 1.23245461e-04 3.53272539e-05 6.10746676e-05 1.18940826e-04 7.08780019e-05 1.41010417e-04 1.72843075e-04 1.00557044e-04 7.15091580e-05 5.01691138e-06 9.50657122e-06 5.98517872e-06 2.46024938e-05 4.85633718e-06 1.66767999e-05 4.60639590e-05 3.75572738e-05 1.67660357e-05 4.82167034e-05 3.82224185e-05 1.39016542e-05 5.04394277e-05 6.15034160e-05 9.83238933e-06 4.43799245e-05 1.15538924e-04 2.65229115e-05 2.58416675e-04 3.94922054e-04 1.57968822e-05 1.84797867e-04 3.78946308e-05 3.34371231e-05 3.48614826e-04 5.31779518e-04 9.14914220e-05 2.86175664e-04 8.47093899e-05 2.85359625e-05 6.36015527e-05 3.65221520e-05 1.33341817e-06 4.61510794e-08 3.62678065e-09
 1993 12 31 12 00 00  3.66967546e-03 2.23042746e-03 1.22884815e-03 8.75048643e-04 6.28249905e-04 3.54215758e-04 2.53317190e-04 2.12650998e-04 4.36701683e-04 1.26697213e-04 3.05858235e-03 4.60110940e-03 2.23010087e-04 6.45218058e-05 4.23470050e-05 1.23078897e-04 3.52808187e-05 6.09354873e-05 1.18888374e-04 7.08781823e-05 1.40700827e-04 1.72447557e-04 1.00397089e-04 7.14546537e-05 5.01345639e-06 9.50933827e-06 5.98349288e-06 2.45887193e-05 4.85608762e-06 1.66678811e-05 4.60031196e-05 3.75371135e-05 1.67285587e-05 4.81540857e-05 3.82093771e-05 1.38933596e-05 5.03138785e-05 6.13186706e-05 9.83468126e-06 4.43091447e-05 1.15160810e-04 2.65209674e-05 2.57715592e-04 3.94810161e-04 1.57924065e-05 1.84195571e-04 3.76061769e-05 3.34320124e-05 3.47598572e-04 5.30784186e-04 9.13697517e-05 2.85545574e-04 8.49046810e-05 2.86067658e-05 6.37640627e-05 3.66204967e-05 1.33712333e-06 4.62883051e-08 3.63778767e-09
 1994 01 01 12 00 00  3.67295431e-03 2.23159506e-03 1.22967368e-03 8.75895289e-04 6.29125157e-04 3.54713706e-04 2.53754954e-04 2.13111076e-04 4.37886903e-04 1.26809594e-04 3.06814763e-03 4.62236404e-03 2.23324071e-04 6.44745168e-05 4.23745798e-05 1.23406541e-04 3.54178745e-05 6.12680102e-05 1.18851979e-04 7.07108818e-05 1.41378090e-04 1.73308830e-04 1.00728214e-04 7.16259047e-05 5.02314724e-06 9.61287587e-06 5.98709375e-06 2.46301800e-05 4.85208802e-06 1.66865257e-05 4.61413160e-05 3.75929085e-05 1.68424987e-05 4.83399691e-05 3.79769015e-05 1.39104319e-05 5.05722658e-05 6.17204960e-05 9.92081841e-06 4.45339938e-05 1.15987727e-04 2.63771333e-05 2.59790681e-04 3.92678955e-04 1.57071582e-05 1.85114445e-04 3.83308390e-05 3.31517309e-05 3.49472255e-04 5.32832308e-04 9.13412848e-05 2.90889660e-04 8.93711935e-05 3.02302058e-05 6.75101463e-05 3.91235752e-05 1.45025547e-06 5.21933373e-08 4.17331627e-09
