#START
 2003 01 01 12 00 00  3.84161111e-03 2.32966949e-03 1.29283118e-03 9.38347086e-04 6.93130202e-04 3.79616312e-04 2.77596089e-04 2.39681752e-04 5.01869122e-04 1.41722782e-04 3.58048047e-03 5.44337966e-03 2.47273575e-04 7.13219040e-05 4.60533463e-05 1.48139002e-04 4.66957310e-05 8.14266154e-05 1.38828665e-04 7.74782500e-05 1.74864818e-04 2.16006362e-04 1.18408258e-04 7.94563032e-05 5.77400897e-06 8.71638040e-06 6.15683821e-06 2.82453035e-05 4.92842664e-06 1.91151584e-05 5.86769223e-05 4.18415904e-05 2.65251118e-05 5.74717391e-05 4.29069303e-05 1.46328966e-05 6.99420300e-05 8.90784471e-05 9.16980716e-06 5.53013019e-05 1.78842130e-04 3.14886362e-05 3.60284319e-04 4.40456027e-04 1.76182411e-05 3.01188315e-04 8.62991263e-05 4.26681276e-05 5.65076400e-04 7.46632124e-04 1.29573196e-04 4.45986955e-04 8.69970632e-05 2.92818211e-05 6.49056233e-05 3.24872888e-05 7.96731973e-07 1.00000000e-10 1.00000000e-10
 2003 01 02 12 00 00  3.84327808e-03 2.33061563e-03 1.29344123e-03 9.38754312e-04 6.93463063e-04 3.79821077e-04 2.77788847e-04 2.39884891e-04 5.02435340e-04 1.41839587e-04 3.58508794e-03 5.45398444e-03 2.47472510e-04 7.13231168e-05 4.60754726e-05 1.48261626e-04 4.67154692e-05 8.15330714e-05 1.38807795e-04 7.74492219e-05 1.75142826e-04 2.16359431e-04 1.18549714e-04 7.95506942e-05 5.77578285e-06 8.79228464e-06 6.15838508e-06 2.82549982e-05 4.92859435e-06 1.91179615e-05 5.87155485e-05 4.18524054e-05 2.65390292e-05 5.75635167e-05 4.29117179e-05 1.46409031e-05 7.00428622e-05 8.92212472e-05 9.23305706e-06 5.54495308e-05 1.79109027e-04 3.14708013e-05 3.61217260e-04 4.40473847e-04 1.76189539e-05 3.01601430e-04 8.64982838e-05 4.26378596e-05 5.65602445e-04 7.47359694e-04 1.29582764e-04 4.48313744e-04 8.95559355e-05 3.02135782e-05 6.70638489e-05 3.40258985e-05 8.73243027e-07 3.53722385e-11 1.00000000e-10
 2003 01 03 12 00 00  3.84765980e-03 2.33445996e-03 1.29579031e-03 9.40256986e-04 6.94660795e-04 3.80270950e-04 2.78290169e-04 2.40454924e-04 5.03967265e-04 1.42445163e-04 3.59735705e-03 5.47521189e-03 2.48243087e-04 7.16069120e-05 4.62059516e-05 1.48719288e-04 4.67913487e-05 8.17906286e-05 1.39371436e-04 7.78516987e-05 1.75748714e-04 2.17123481e-04 1.18896665e-04 7.99414622e-05 5.78162326e-06 9.08827642e-06 6.16166799e-06 2.83128134e-05 4.93843581e-06 1.91503809e-05 5.88887750e-05 4.18867916e-05 2.65989860e-05 5.79245682e-05 4.34825197e-05 1.46573089e-05 7.04224619e-05 8.96740890e-05 9.47942463e-06 5.61575690e-05 1.80085404e-04 3.18186445e-05 3.64380545e-04 4.45700000e-04 1.78280000e-05 3.04361352e-04 8.70183925e-05 4.33168374e-05 5.69239282e-04 7.52139222e-04 1.30651130e-04 4.58620477e-04 1.01491754e-04 3.45538467e-05 7.70885482e-05 4.08365914e-05 1.18918011e-06 1.28584738e-08 1.00000000e-10
 2003 01 04 12 00 00  3.84938358e-03 2.33559167e-03 1.29650631e-03 9.40696676e-04 6.94997173e-04 3.80464735e-04 2.78482326e-04 2.40660654e-04 5.04549846e-04 1.42596284e-04 3.60206840e-03 5.48581183e-03 2.48473039e-04 7.16337939e-05 4.62360359e-05 1.48843152e-04 4.67984704e-05 8.18816246e-05 1.39400424e-04 7.78673973e-05 1.76012242e-04 2.17456531e-04 1.19034067e-04 8.00740478e-05 5.78260369e-06 9.21280662e-06 6.16315010e-06 2.83235829e-05 4.93958614e-06 1.91526664e-05 5.89211810e-05 4.18931973e-05 2.66017654e-05 5.80470922e-05 4.35449299e-05 1.46651772e-05 7.05262267e-05 8.98099499e-05 9.58311794e-06 5.63841455e-05 1.80335317e-04 3.18385515e-05 3.65517672e-04 4.46248719e-04 1.78499488e-05 3.04876283e-04 8.71753728e-05 4.33596579e-05 5.69787025e-04 7.53075267e-04 1.30732731e-04 4.62417525e-04 1.06225037e-04 3.62757532e-05 8.10691685e-05 4.35825392e-05 1.31951189e-06 2.01338310e-08 6.20032914e-10
 2003 01 05 12 00 00  3.84588286e-03 2.33423177e-03 1.29556381e-03 9.39686922e-04 6.93933950e-04 3.79923459e-04 2.78000373e-04 2.40146726e-04 5.03261041e-04 1.42443182e-04 3.59168178e-03 5.46453595e-03 2.48107402e-04 7.16441008e-05 4.61974700e-05 1.48440353e-04 4.66152909e-05 8.14925530e-05 1.39334200e-04 7.79826310e-05 1.75282053e-04 2.16521943e-04 1.18669530e-04 8.00135646e-05 5.77000937e-06 9.30393871e-06 6.15930985e-06 2.82787644e-05 4.94289343e-06 1.91230256e-05 5.87386965e-05 4.18212556e-05 2.64471222e-05 5.79481570e-05 4.37340030e-05 1.46476043e-05 7.02254038e-05 8.93359520e-05 9.65901199e-06 5.63691634e-05 1.79315577e-04 3.19421932e-05 3.64123465e-04 4.47965308e-04 1.79186123e-05 3.03615526e-04 8.62964720e-05 4.35644935e-05 5.67034574e-04 7.50727229e-04 1.30564228e-04 4.62297754e-04 1.09609780e-04 3.75072916e-05 8.39172056e-05 4.55592716e-05 1.41417838e-06 2.54793541e-08 1.11516618e-09
 2003 01 06 12 00 00  3.84573267e-03 2.33426433e-03 1.29557471e-03 9.39563999e-04 6.93751640e-04 3.79868332e-04 2.77956008e-04 2.40096279e-04 5.03177261e-04 1.42443733e-04 3.59099771e-03 5.46450950e-03 2.48092750e-04 7.16362680e-05 4.61955494e-05 1.48367364e-04 4.65555786e-05 8.14193685e-05 1.39284856e-04 7.79816648e-05 1.75212770e-04 2.16427045e-04 1.18632194e-04 8.01457136e-05 5.76625062e-06 9.52207047e-06 6.15900062e-06 2.82748102e-05 4.94339583e-06 1.91116472e-05 5.86882942e-05 4.18003561e-05 2.63944297e-05 5.80512283e-05 4.37601673e-05 1.46469567e-05 7.01846793e-05 8.92558443e-05 9.84055296e-06 5.66275299e-05 1.79104375e-04 3.19457089e-05 3.64881428e-04 4.48189318e-04 1.79275727e-05 3.03381332e-04 8.60967848e-05 4.35740745e-05 5.66195530e-04 7.50580733e-04 1.30450874e-04 4.68185973e-04 1.18559517e-04 4.07613323e-05 9.14311688e-05 5.06420655e-05 1.64838957e-06 3.80446785e-08 2.26342998e-09
 2003 01 07 12 00 00  3.85098211e-03 2.33710646e-03 1.29742905e-03 9.41008445e-04 6.95063686e-04 3.80555653e-04 2.78606224e-04 2.40794549e-04 5.05034555e-04 1.42809804e-04 3.60593101e-03 5.49635962e-03 2.48736254e-04 7.16941635e-05 4.62772724e-05 1.48858725e-04 4.66929429e-05 8.18345405e-05 1.39440074e-04 7.79608847e-05 1.76140827e-04 2.17610500e-04 1.19107864e-04 8.03504245e-05 5.77649298e-06 9.58276796e-06 6.16404723e-06 2.83191238e-05 4.94326741e-06 1.91368511e-05 5.88615791e-05 4.18601674e-05 2.65051407e-05 5.82757938e-05 4.37505951e-05 1.46718216e-05 7.05559374e-05 8.98037563e-05 9.89110558e-06 5.69139196e-05 1.80219903e-04 3.19308921e-05 3.67296657e-04 4.48090454e-04 1.79236182e-05 3.05106515e-04 8.69556447e-05 4.35471185e-05 5.69105689e-04 7.53619709e-04 1.30770439e-04 4.72124725e-04 1.20781407e-04 4.15698534e-05 9.33013749e-05 5.19451846e-05 1.71114880e-06 4.16137482e-08 2.59461519e-09
 2003 01 08 12 00 00  3.84916296e-03 2.33914039e-03 1.29843988e-03 9.41076142e-04 6.94756707e-04 3.80040540e-04 2.78285895e-04 2.40517925e-04 5.04357591e-04 1.43296780e-04 3.60023337e-03 5.47509119e-03 2.48996736e-04 7.21730193e-05 4.63828656e-05 1.48758282e-04 4.65257908e-05 8.14651081e-05 1.40336591e-04 7.88543955e-05 1.75432881e-04 2.16701378e-04 1.18824117e-04 8.04790418e-05 5.76490711e-06 9.73219212e-06 6.16029065e-06 2.83133338e-05 4.96343091e-06 1.91441433e-05 5.87980752e-05 4.17938340e-05 2.63646391e-05 5.83410079e-05 4.49295883e-05 1.46544218e-05 7.04921711e-05 8.95352875e-05 1.00154699e-05 5.73286179e-05 1.79758401e-04 3.26891692e-05 3.66897657e-04 4.58934810e-04 1.83573924e-05 3.06740339e-04 8.61303182e-05 4.50185442e-05 5.70102045e-04 7.55687328e-04 1.32289041e-04 4.74464705e-04 1.26866729e-04 4.37825343e-05 9.84112574e-05 5.54081826e-05 1.87118002e-06 5.02335524e-08 3.38317498e-09
 2003 01 09 12 00 00  3.87700659e-03 2.35822138e-03 1.31045591e-03 9.50017112e-04 7.02680324e-04 3.83453743e-04 2.81722387e-04 2.44322375e-04 5.14304968e-04 1.46112979e-04 3.67997325e-03 5.62382229e-03 2.53119271e-04 7.32545476e-05 4.70129710e-05 1.51772945e-04 4.73686581e-05 8.36500316e-05 1.42783032e-04 8.00759764e-05 1.80015560e-04 2.22545102e-04 1.21292408e-04 8.16879682e-05 5.82540924e-06 9.91444103e-06 6.18488921e-06 2.86265715e-05 4.99088455e-06 1.93581822e-05 5.99840667e-05 4.21436154e-05 2.70593970e-05 5.96313824e-05 4.65355755e-05 1.47726561e-05 7.28019002e-05 9.27012713e-05 1.01671612e-05 5.92223206e-05 1.86577742e-04 3.37249308e-05 3.79896077e-04 4.73710377e-04 1.89484151e-05 3.20758355e-04 9.08133399e-05 4.70278290e-05 5.92520742e-04 7.79186308e-04 1.36961355e-04 4.93554875e-04 1.34238138e-04 4.64629711e-05 1.04601985e-04 5.96108999e-05 2.06590991e-06 6.07605770e-08 4.34715943e-09
 2003 01 10 12 00 00  3.89179980e-03 2.36962533e-03 1.31753266e-03 9.55034599e-04 7.06994282e-04 3.85158620e-04 2.83514590e-04 2.46337137e-04 5.19583461e-04 1.47869925e-04 3.72218734e-03 5.69818318e-03 2.55515914e-04 7.40442003e-05 4.74048295e-05 1.53421288e-04 4.77815949e-05 8.47320771e-05 1.44498819e-04 8.11046979e-05 1.82294917e-04 2.25453453e-04 1.22559712e-04 8.23193704e-05 5.85512535e-06 9.94208312e-06 6.19714410e-06 2.87927904e-05 5.01399154e-06 1.94819079e-05 6.06244294e-05 4.23155318e-05 2.73992831e-05 6.02987338e-05 4.78873262e-05 1.48316802e-05 7.40578768e-05 9.43645793e-05 1.01902107e-05 6.02680577e-05 1.90213967e-04 3.45970708e-05 3.86352423e-04 4.86147339e-04 1.94458936e-05 3.29168014e-04 9.31264367e-05 4.87196230e-05 6.05511961e-04 7.92781095e-04 1.40171117e-04 5.01009985e-04 1.35051940e-04 4.67596547e-05 1.05290920e-04 6.01223081e-05 2.09271234e-06 6.24396534e-08 4.50660309e-09
 2003 01 11 12 00 00  3.91713267e-03 2.38613677e-03 1.32800016e-03 9.63016147e-04 7.14171473e-04 3.88343479e-04 2.86669344e-04 2.49810157e-04 5.28645160e-04 1.50260355e-04 3.79489919e-03 5.83629906e-03 2.59131710e-04 7.48895744e-05 4.79407794e-05 1.56148406e-04 4.85852972e-05 8.67867202e-05 1.46462539e-04 8.19692388e-05 1.86573689e-04 2.30913197e-04 1.24840077e-04 8.33249769e-05 5.91263124e-06 1.00050864e-05 6.22009466e-06 2.90725784e-05 5.03332776e-06 1.96728524e-05 6.17059944e-05 4.26476909e-05 2.80629843e-05 6.14007459e-05 4.90190578e-05 1.49416985e-05 7.61387663e-05 9.72689378e-05 1.02426704e-05 6.17760789e-05 1.96446708e-04 3.53293406e-05 3.97793826e-04 4.96562526e-04 1.98625010e-05 3.41283929e-04 9.75453178e-05 5.01396717e-05 6.25398152e-04 8.13164469e-04 1.43974689e-04 5.15623082e-04 1.37462954e-04 4.76367077e-05 1.07318239e-04 6.15183171e-05 2.15879703e-06 6.61160172e-08 4.84582223e-09
 2003 01 12 12 00 00  3.93062363e-03 2.39465215e-03 1.33342214e-03 9.67223691e-04 7.17993679e-04 3.90067539e-04 2.88360157e-04 2.51665445e-04 5.33476327e-04 1.51477922e-04 3.83369174e-03 5.91067374e-03 2.61013909e-04 7.52956331e-05 4.82141417e-05 1.57599899e-04 4.90293023e-05 8.79068451e-05 1.47424511e-04 8.23505048e-05 1.88885308e-04 2.33870913e-04 1.26067310e-04 8.36789046e-05 5.94430276e-06 9.79268516e-06 6.23251108e-06 2.92072825e-05 5.04180171e-06 1.97741333e-05 6.22805786e-05 4.28304804e-05 2.84302863e-05 6.18371578e-05 4.95153421e-05 1.50010586e-05 7.72221569e-05 9.88181514e-05 1.00659716e-05 6.22320309e-05 1.99770142e-04 3.56518256e-05 4.02701848e-04 5.01131469e-04 2.00452587e-05 3.47416961e-04 9.99622978e-05 5.07647637e-05 6.35881588e-04 8.23090915e-04 1.45864295e-04 5.15818412e-04 1.28245421e-04 4.42865441e-05 9.95883705e-05 5.63607264e-05 1.92622217e-06 5.40170930e-08 3.74960649e-09
 2003 01 13 12 00 00  3.91929749e-03 2.38778839e-03 1.32902598e-03 9.63772411e-04 7.14838780e-04 3.88600629e-04 2.86937581e-04 2.50112341e-04 5.29425026e-04 1.50516954e-04 3.80113785e-03 5.84692806e-03 2.59483255e-04 7.50085050e-05 4.79985231e-05 1.56404305e-04 4.86589182e-05 8.69592302e-05 1.46726429e-04 8.21234367e-05 1.86910587e-04 2.31351909e-04 1.25030897e-04 8.32257489e-05 5.91779717e-06 9.73725546e-06 6.22192165e-06 2.90832798e-05 5.03665833e-06 1.96936195e-05 6.18040521e-05 4.26773709e-05 2.81244516e-05 6.13387097e-05 4.92146995e-05 1.49502885e-05 7.63070827e-05 9.75165935e-05 1.00198726e-05 6.15756233e-05 1.97001687e-04 3.54589632e-05 3.97426134e-04 4.98366829e-04 1.99346731e-05 3.42421895e-04 9.79246688e-05 5.03904128e-05 6.27491265e-04 8.14487546e-04 1.44475901e-04 5.08117222e-04 1.25753827e-04 4.33811620e-05 9.75003573e-05 5.49790965e-05 1.86475469e-06 5.08830567e-08 3.46728264e-09
 2003 01 14 12 00 00  3.92949786e-03 2.39231978e-03 1.33208622e-03 9.66518671e-04 7.17523145e-04 3.90055151e-04 2.88259100e-04 2.51516824e-04 5.33083984e-04 1.51042241e-04 3.83061215e-03 5.91067150e-03 2.60594694e-04 7.49928387e-05 4.81205956e-05 1.57410849e-04 4.90239589e-05 8.79003026e-05 1.46834054e-04 8.18425498e-05 1.88873209e-04 2.33862430e-04 1.26016100e-04 8.34421013e-05 5.94396624e-06 9.60005345e-06 6.23248343e-06 2.91731014e-05 5.03008778e-06 1.97505530e-05 6.21930700e-05 4.28286119e-05 2.84255715e-05 6.16380041e-05 4.88319085e-05 1.50010004e-05 7.70493258e-05 9.86807353e-05 9.90572153e-06 6.17428601e-05 1.99404054e-04 3.52186646e-05 4.01277050e-04 4.94853280e-04 1.97941312e-05 3.45393663e-04 9.99444397e-05 4.99229005e-05 6.33477207e-04 8.19757553e-04 1.44774599e-04 5.09393709e-04 1.19882773e-04 4.12471001e-05 9.25754724e-05 5.16819347e-05 1.71526784e-06 4.30452054e-08 2.75556467e-09
 2003 01 15 12 00 00  3.92304966e-03 2.38733712e-03 1.32899761e-03 9.64293860e-04 7.15589666e-04 3.89301662e-04 2.87470349e-04 2.50629370e-04 5.30776580e-04 1.50270535e-04 3.81212564e-03 5.87879121e-03 2.59545391e-04 7.46436548e-05 4.79494036e-05 1.56670152e-04 4.88225109e-05 8.74065619e-05 1.46073185e-04 8.13870516e-05 1.87861262e-04 2.32577080e-04 1.25455684e-04 8.30361905e-05 5.92969045e-06 9.41919643e-06 6.22710431e-06 2.90827548e-05 5.01980830e-06 1.96920621e-05 6.18841912e-05 4.27463645e-05 2.82583060e-05 6.12353118e-05 4.82308445e-05 1.49754385e-05 7.64603693e-05 9.79173923e-05 9.75524235e-06 6.10520587e-05 1.97723181e-04 3.48320988e-05 3.97486607e-04 4.89324672e-04 1.95729869e-05 3.41446100e-04 9.88712418e-05 4.91727784e-05 6.27489264e-04 8.12977254e-04 1.43323000e-04 5.00449793e-04 1.12178952e-04 3.84467636e-05 8.61125811e-05 4.73502860e-05 1.51853307e-06 3.27038300e-08 1.81584561e-09
 2003 01 16 12 00 00  3.92833765e-03 2.38731141e-03 1.32928709e-03 9.65162017e-04 7.16706094e-04 3.90244422e-04 2.88206555e-04 2.51354697e-04 5.32672140e-04 1.50047902e-04 3.82756109e-03 5.92127815e-03 2.59728231e-04 7.42222755e-05 4.79041836e-05 1.57071492e-04 4.90475795e-05 8.80115142e-05 1.45315555e-04 8.05157353e-05 1.89145108e-04 2.34221660e-04 1.26037870e-04 8.30182276e-05 5.94598496e-06 9.28623922e-06 6.23405067e-06 2.91076151e-05 5.00026217e-06 1.96964977e-05 6.20294711e-05 4.28407860e-05 2.84429087e-05 6.12946836e-05 4.70872328e-05 1.50090476e-05 7.67392258e-05 9.85051303e-05 9.64462306e-06 6.07943538e-05 1.98814811e-04 3.40936269e-05 3.99191973e-04 4.78801935e-04 1.91520774e-05 3.40826805e-04 1.00156572e-04 4.77403839e-05 6.28109143e-04 8.12566915e-04 1.42032533e-04 4.99540093e-04 1.06500214e-04 3.63825813e-05 8.13488356e-05 4.41595585e-05 1.37376751e-06 2.51056207e-08 1.12568710e-09
 2003 01 17 12 00 00  3.90214769e-03 2.37200184e-03 1.31943018e-03 9.57243020e-04 7.09373774e-04 3.86789878e-04 2.84889850e-04 2.47744488e-04 5.23285633e-04 1.47934899e-04 3.75208558e-03 5.77252284e-03 2.56272799e-04 7.36409642e-05 4.74286916e-05 1.54293368e-04 4.81464638e-05 8.57552048e-05 1.43845101e-04 8.01413844e-05 1.84493518e-04 2.28285402e-04 1.23610762e-04 8.20354587e-05 5.88181647e-06 9.23836415e-06 6.20914943e-06 2.88185015e-05 4.99199668e-06 1.95084116e-05 6.09056479e-05 4.24706202e-05 2.76967505e-05 6.01888950e-05 4.66028199e-05 1.48901832e-05 7.46165756e-05 9.54519875e-05 9.60479592e-06 5.94265563e-05 1.92318764e-04 3.37774283e-05 3.87198354e-04 4.74340497e-04 1.89736199e-05 3.29547316e-04 9.52787872e-05 4.71277803e-05 6.08721030e-04 7.93057645e-04 1.39055181e-04 4.83932019e-04 1.04416994e-04 3.56254375e-05 7.96019340e-05 4.29947298e-05 1.32129545e-06 2.23800878e-08 8.78848461e-10
 2003 01 18 12 00 00  3.87858452e-03 2.35666034e-03 1.30970551e-03 9.49743228e-04 7.02583166e-04 3.83804988e-04 2.81937808e-04 2.44492034e-04 5.14836568e-04 1.45705995e-04 3.68426507e-03 5.64500950e-03 2.52902640e-04 7.28419018e-05 4.69285083e-05 1.51709535e-04 4.73561813e-05 8.37992877e-05 1.41974054e-04 7.93208252e-05 1.80482926e-04 2.23168709e-04 1.21473102e-04 8.10762635e-05 5.82568828e-06 9.17174402e-06 6.18771373e-06 2.85440414e-05 4.97389519e-06 1.93218626e-05 5.98551874e-05 4.21470701e-05 2.70413846e-05 5.91393628e-05 4.55418398e-05 1.47881030e-05 7.26353130e-05 9.26908482e-05 9.54937568e-06 5.79887541e-05 1.86361339e-04 3.30845040e-05 3.76286457e-04 4.64568327e-04 1.85827331e-05 3.17956242e-04 9.10379691e-05 4.57853545e-05 5.89577962e-04 7.73422627e-04 1.35406564e-04 4.69334526e-04 1.01508485e-04 3.45683637e-05 7.71631346e-05 4.13698184e-05 1.24819063e-06 1.85898717e-08 5.35767386e-10
 2003 01 19 12 00 00  3.84347699e-03 2.33405423e-03 1.29535329e-03 9.38649920e-04 6.92526924e-04 3.79343336e-04 2.77538802e-04 2.39652522e-04 5.02254071e-04 1.42440047e-04 3.58325187e-03 5.45374602e-03 2.47925857e-04 7.16998811e-05 4.61955711e-05 1.47885766e-04 4.61862917e-05 8.08844401e-05 1.39287794e-04 7.81817362e-05 1.74486428e-04 2.15518355e-04 1.18284859e-04 7.96564554e-05 5.74247315e-06 9.06580826e-06 6.15563986e-06 2.81402795e-05 4.94869564e-06 1.90490408e-05 5.83074090e-05 4.16671828e-05 2.60720495e-05 5.75832407e-05 4.40652599e-05 1.46351522e-05 6.97054123e-05 8.85938929e-05 9.46123764e-06 5.58728769e-05 1.77543458e-04 3.21219908e-05 3.60053220e-04 4.50970614e-04 1.80388246e-05 3.00996137e-04 8.47286836e-05 4.39202820e-05 5.61499719e-04 7.44642366e-04 1.30157685e-04 4.47535016e-04 9.69765109e-05 3.29210414e-05 7.33615068e-05 3.88245079e-05 1.13277994e-06 1.25378403e-08 1.00000000e-10
 2003 01 20 12 00 00  3.81526865e-03 2.31473695e-03 1.28319343e-03 9.29444360e-04 6.84280031e-04 3.75842509e-04 2.74024064e-04 2.35756893e-04 4.92139894e-04 1.39573409e-04 3.50210857e-03 5.30497320e-03 2.43734633e-04 7.05804699e-05 4.55543059e-05 1.44740982e-04 4.52492473e-05 7.85840850e-05 1.36734202e-04 7.69129838e-05 1.69792620e-04 2.09524973e-04 1.15752236e-04 7.85934597e-05 5.67604329e-06 9.15605196e-06 6.13055308e-06 2.78142317e-05 4.92052059e-06 1.88147224e-05 5.70260461e-05 4.12844412e-05 2.52941798e-05 5.64046726e-05 4.24150290e-05 1.45158949e-05 6.73057816e-05 8.52850380e-05 9.53633426e-06 5.42672180e-05 1.70350144e-04 3.10490286e-05 3.47835797e-04 4.35777161e-04 1.74310864e-05 2.86350735e-04 7.97307468e-05 4.18406300e-05 5.37528342e-04 7.20426631e-04 1.25210807e-04 4.35514109e-04 1.00741984e-04 3.42899759e-05 7.65217882e-05 4.09533577e-05 1.23024026e-06 1.77192000e-08 4.58501814e-10
 2003 01 21 12 00 00  3.81052655e-03 2.31087426e-03 1.28081701e-03 9.27654187e-04 6.82677615e-04 3.75275793e-04 2.73424913e-04 2.35074137e-04 4.90415022e-04 1.38952437e-04 3.48827428e-03 5.28368950e-03 2.42916792e-04 7.02675129e-05 4.54158949e-05 1.44121365e-04 4.50471387e-05 7.81718059e-05 1.36037940e-04 7.64875731e-05 1.69035375e-04 2.08560291e-04 1.15324507e-04 7.83428556e-05 5.66225681e-06 9.13203621e-06 6.12661606e-06 2.77349056e-05 4.91130886e-06 1.87573567e-05 5.67381608e-05 4.12058725e-05 2.51228281e-05 5.61437579e-05 4.18740237e-05 1.44981168e-05 6.68147747e-05 8.46486079e-05 9.51636466e-06 5.38480533e-05 1.68896761e-04 3.06912145e-05 3.45296534e-04 4.30788630e-04 1.72315452e-05 2.82898785e-04 7.87885219e-05 4.11483459e-05 5.32024268e-04 7.14641560e-04 1.23858273e-04 4.31660840e-04 9.96365383e-05 3.38883436e-05 7.55958159e-05 4.03440108e-05 1.20337619e-06 1.63684064e-08 3.37313422e-10
 2003 01 22 12 00 00  3.81162867e-03 2.31083454e-03 1.28086316e-03 9.27703563e-04 6.82725167e-04 3.75441358e-04 2.73552146e-04 2.35191195e-04 4.90779342e-04 1.38885269e-04 3.49120127e-03 5.29427603e-03 2.42934785e-04 7.01510057e-05 4.54016028e-05 1.44128542e-04 4.50275489e-05 7.82300602e-05 1.35795471e-04 7.62645213e-05 1.69259261e-04 2.08850848e-04 1.15421405e-04 7.82521255e-05 5.66155541e-06 9.02199827e-06 6.12795848e-06 2.77128058e-05 4.90663879e-06 1.87436128e-05 5.66942729e-05 4.12029272e-05 2.51020392e-05 5.60756148e-05 4.15987306e-05 1.45056954e-05 6.67910191e-05 8.46734683e-05 9.42482147e-06 5.36457130e-05 1.68862730e-04 3.05049296e-05 3.44869823e-04 4.28244866e-04 1.71297946e-05 2.82167186e-04 7.88561651e-05 4.07887681e-05 5.31080551e-04 7.13224067e-04 1.23384069e-04 4.28026099e-04 9.48735318e-05 3.21571724e-05 7.16013307e-05 3.76771254e-05 1.08299715e-06 1.00970151e-08 1.00000000e-10
 2003 01 23 12 00 00  3.81898652e-03 2.31264464e-03 1.28227595e-03 9.29238003e-04 6.84338668e-04 3.76580435e-04 2.74514096e-04 2.36172908e-04 4.93388443e-04 1.38947905e-04 3.51231424e-03 5.34736402e-03 2.43480498e-04 6.98612767e-05 4.54185753e-05 1.44717558e-04 4.52597422e-05 7.89260201e-05 1.35294645e-04 7.55818386e-05 1.70809794e-04 2.10828507e-04 1.16155969e-04 7.84794769e-05 5.67883035e-06 9.12682153e-06 6.13638695e-06 2.77625404e-05 4.89171362e-06 1.87576616e-05 5.68935353e-05 4.13037575e-05 2.52894271e-05 5.63539021e-05 4.07230720e-05 1.45471728e-05 6.72298461e-05 8.54410883e-05 9.51205948e-06 5.38402956e-05 1.70321036e-04 2.99295411e-05 3.48412473e-04 4.20175224e-04 1.68070090e-05 2.82722022e-04 8.02985160e-05 3.96747724e-05 5.33018124e-04 7.14990023e-04 1.22544319e-04 4.34857855e-04 9.91743791e-05 3.37209212e-05 7.52122083e-05 4.01196721e-05 1.19554644e-06 1.61351407e-08 3.20647953e-10
 2003 01 24 12 00 00  3.82804023e-03 2.31799930e-03 1.28572204e-03 9.31840322e-04 6.86661313e-04 3.77730149e-04 2.75626778e-04 2.37379398e-04 4.96594526e-04 1.39674497e-04 3.53804991e-03 5.40044978e-03 2.44666831e-04 7.00430657e-05 4.55810281e-05 1.45590817e-04 4.54909517e-05 7.96207809e-05 1.35727129e-04 7.56889873e-05 1.72355711e-04 2.12804574e-04 1.16963067e-04 7.87408670e-05 5.69604417e-06 9.07666181e-06 6.14480959e-06 2.78327821e-05 4.89457016e-06 1.88062695e-05 5.71984903e-05 4.14042413e-05 2.54759478e-05 5.66608846e-05 4.08874475e-05 1.45886399e-05 6.78741999e-05 8.63826436e-05 9.47036169e-06 5.41864694e-05 1.72264684e-04 3.00241081e-05 3.51789240e-04 4.21673265e-04 1.68669306e-05 2.86013878e-04 8.17375549e-05 3.98605829e-05 5.38542047e-04 7.20357680e-04 1.23383087e-04 4.36996395e-04 9.67925358e-05 3.28557066e-05 7.32182268e-05 3.88167417e-05 1.13878196e-06 1.33336073e-08 7.07053083e-11
 2003 01 25 12 00 00  3.81911290e-03 2.31385114e-03 1.28294974e-03 9.29247161e-04 6.84075258e-04 3.76431421e-04 2.74442031e-04 2.36109499e-04 4.93355808e-04 1.39160629e-04 3.51191813e-03 5.34728840e-03 2.43646901e-04 6.99983988e-05 4.54620481e-05 1.44611680e-04 4.50941850e-05 7.87230907e-05 1.35484261e-04 7.58428359e-05 1.70598676e-04 2.10565362e-04 1.16075875e-04 7.83574108e-05 5.66841009e-06 8.98190265e-06 6.13552766e-06 2.77129274e-05 4.89864760e-06 1.87374521e-05 5.67624679e-05 4.12458088e-05 2.51433317e-05 5.62279555e-05 4.11221496e-05 1.45453727e-05 6.71085826e-05 8.52404790e-05 9.39156816e-06 5.36914053e-05 1.69830102e-04 3.01596709e-05 3.46894585e-04 4.23812800e-04 1.69525120e-05 2.82490266e-04 7.97448796e-05 4.01268393e-05 5.31876533e-04 7.13609324e-04 1.22792081e-04 4.27903591e-04 9.24096859e-05 3.12633692e-05 6.95472974e-05 3.64036707e-05 1.03259144e-06 8.00914748e-09 1.00000000e-10
 2003 01 26 12 00 00  3.82600328e-03 2.31755765e-03 1.28537055e-03 9.31090793e-04 6.85726725e-04 3.77325245e-04 2.75286065e-04 2.37012512e-04 4.95778998e-04 1.39630347e-04 3.53141565e-03 5.38974553e-03 2.44480142e-04 7.00567238e-05 4.55654505e-05 1.45227763e-04 4.52532346e-05 7.92471168e-05 1.35633652e-04 7.57890928e-05 1.71803575e-04 2.12105016e-04 1.16692943e-04 7.85536364e-05 5.68054857e-06 8.97276623e-06 6.14213204e-06 2.77578469e-05 4.89821286e-06 1.87654097e-05 5.69658791e-05 4.13171249e-05 2.52696744e-05 5.64581467e-05 4.10920009e-05 1.45782658e-05 6.75625505e-05 8.59243553e-05 9.38402227e-06 5.39361253e-05 1.71200741e-04 3.01205058e-05 3.49495671e-04 4.23510702e-04 1.69404281e-05 2.84496976e-04 8.08094279e-05 4.00549354e-05 5.35305997e-04 7.16929511e-04 1.23117538e-04 4.30082405e-04 9.16323055e-05 3.09817173e-05 6.89017758e-05 3.60240340e-05 1.01916605e-06 7.69807968e-09 1.00000000e-10
 2003 01 27 12 00 00  3.82481198e-03 2.31837048e-03 1.28574835e-03 9.30911557e-04 6.85317236e-04 3.77007402e-04 2.75065800e-04 2.36801146e-04 4.95302648e-04 1.39828244e-04 3.52748977e-03 5.37908264e-03 2.44547967e-04 7.02492188e-05 4.56044334e-05 1.45075395e-04 4.51053347e-05 7.89835642e-05 1.35937980e-04 7.61718606e-05 1.71365707e-04 2.11548230e-04 1.16505648e-04 7.84937641e-05 5.67070711e-06 8.92306562e-06 6.13991942e-06 2.77248561e-05 4.90767125e-06 1.87541983e-05 5.68639033e-05 4.12614434e-05 2.51426594e-05 5.63752114e-05 4.16400551e-05 1.45688682e-05 6.74341779e-05 8.56722896e-05 9.34272830e-06 5.39262540e-05 1.70671748e-04 3.04521294e-05 3.48239669e-04 4.28525561e-04 1.71410224e-05 2.84621365e-04 8.01816699e-05 4.07027692e-05 5.34624450e-04 7.16379034e-04 1.23620099e-04 4.26322750e-04 8.91140051e-05 3.00672722e-05 6.67959915e-05 3.46674685e-05 9.61499080e-07 5.85662292e-09 1.00000000e-10
 2003 01 28 12 00 00  3.84014674e-03 2.32835926e-03 1.29208055e-03 9.35627564e-04 6.89495527e-04 3.78911569e-04 2.76951402e-04 2.38870341e-04 5.00751192e-04 1.41259654e-04 3.57124909e-03 5.46405017e-03 2.46716897e-04 7.07253476e-05 4.59213150e-05 1.46658618e-04 4.55404341e-05 8.01750459e-05 1.37007997e-04 7.66442041e-05 1.73924640e-04 2.14813531e-04 1.17867181e-04 7.90939030e-05 5.70235024e-06 8.98022045e-06 6.15373574e-06 2.78779154e-05 4.91909486e-06 1.88580149e-05 5.74701757e-05 4.14450275e-05 2.54985964e-05 5.70272861e-05 4.23033460e-05 1.46359249e-05 6.86405484e-05 8.73577858e-05 9.39034144e-06 5.48293968e-05 1.74244720e-04 3.08593037e-05 3.54985456e-04 4.34602217e-04 1.73840887e-05 2.91533956e-04 8.27020558e-05 4.14969138e-05 5.45773625e-04 7.27876424e-04 1.25721911e-04 4.34959435e-04 9.11346535e-05 3.08027651e-05 6.84982375e-05 3.58648954e-05 1.01995336e-06 8.23905282e-09 1.00000000e-10
 2003 01 29 12 00 00  3.83666132e-03 2.32693726e-03 1.29110280e-03 9.34631097e-04 6.88465828e-04 3.78386581e-04 2.76478594e-04 2.38364988e-04 4.99471989e-04 1.41095321e-04 3.56097488e-03 5.44278324e-03 2.46343062e-04 7.07248171e-05 4.58793790e-05 1.46269569e-04 4.53752204e-05 7.98079942e-05 1.36919608e-04 7.67390477e-05 1.73214888e-04 2.13907491e-04 1.17512557e-04 7.89805504e-05 5.69088697e-06 8.99030420e-06 6.14998862e-06 2.78325338e-05 4.92202271e-06 1.88310446e-05 5.73030404e-05 4.13793779e-05 2.53598089e-05 5.68851537e-05 4.24697471e-05 1.46185484e-05 6.83471323e-05 8.69034548e-05 9.39878373e-06 5.47101946e-05 1.73276454e-04 3.09463067e-05 3.53274789e-04 4.36107736e-04 1.74443094e-05 2.90281628e-04 8.18832137e-05 4.16698953e-05 5.43189685e-04 7.25431854e-04 1.25542850e-04 4.32592113e-04 9.11941355e-05 3.08252685e-05 6.85544677e-05 3.59531166e-05 1.02759855e-06 8.91589558e-09 1.00000000e-10
 2003 01 30 12 00 00  3.81822059e-03 2.31656349e-03 1.28437977e-03 9.29131819e-04 6.83324783e-04 3.75923857e-04 2.74131202e-04 2.35816721e-04 4.92850021e-04 1.39688326e-04 3.50777615e-03 5.33653051e-03 2.43969588e-04 7.03690520e-05 4.55583755e-05 1.44324652e-04 4.47351049e-05 7.82006769e-05 1.35961600e-04 7.65741279e-05 1.69896212e-04 2.09672922e-04 1.15792132e-04 7.82849731e-05 5.64527472e-06 8.93316901e-06 6.13222001e-06 2.76297401e-05 4.91900355e-06 1.87022847e-05 5.65265177e-05 4.11162095e-05 2.48299562e-05 5.60989612e-05 4.22888959e-05 1.45336817e-05 6.68677903e-05 8.47534797e-05 9.35128483e-06 5.37554636e-05 1.68719528e-04 3.08121525e-05 3.44711934e-04 4.34421863e-04 1.73768745e-05 2.82658487e-04 7.84109114e-05 4.14132635e-05 5.29884195e-04 7.12032272e-04 1.23639069e-04 4.20613164e-04 8.84836740e-05 2.98406758e-05 6.62853440e-05 3.44700626e-05 9.62962133e-07 6.38861124e-09 1.00000000e-10
 2003 01 31 12 00 00  3.80370990e-03 2.30593092e-03 1.27773829e-03 9.24270233e-04 6.79057122e-04 3.74195234e-04 2.72346823e-04 2.33820338e-04 4.87647323e-04 1.38070962e-04 3.46618138e-03 5.26215583e-03 2.41696999e-04 6.96649596e-05 4.51933678e-05 1.42695511e-04 4.42940101e-05 7.70841143e-05 1.34379320e-04 7.56970199e-05 1.67581803e-04 2.06719806e-04 1.14522382e-04 7.76772282e-05 5.61378583e-06 8.91423697e-06 6.11981959e-06 2.74615341e-05 4.89998747e-06 1.85801714e-05 5.58873675e-05 4.09344386e-05 2.44652241e-05 5.54462563e-05 4.11722285e-05 1.44743492e-05 6.56302365e-05 8.30848513e-05 9.33555712e-06 5.27780387e-05 1.65076141e-04 3.00742191e-05 3.38268695e-04 4.24126047e-04 1.69650419e-05 2.74664079e-04 7.60036462e-05 3.99854121e-05 5.17209312e-04 6.98877232e-04 1.20698170e-04 4.12740711e-04 8.75101048e-05 2.94871823e-05 6.54714573e-05 3.39473856e-05 9.40865991e-07 5.68905563e-09 1.00000000e-10
 2003 02 01 12 00 00  3.79181717e-03 2.29796446e-03 1.27270329e-03 9.20445258e-04 6.75623691e-04 3.72715892e-04 2.70865012e-04 2.32180503e-04 4.83378596e-04 1.36899289e-04 3.43200786e-03 5.19840680e-03 2.39955670e-04 6.92131557e-05 4.49273381e-05 1.41389152e-04 4.39144002e-05 7.61252013e-05 1.33322619e-04 7.51997053e-05 1.65598524e-04 2.04186150e-04 1.13456716e-04 7.72637460e-05 5.58669963e-06 8.98257567e-06 6.10918214e-06 2.73323905e-05 4.88945298e-06 1.84864258e-05 5.53768947e-05 4.07781044e-05 2.41512491e-05 5.49771423e-05 4.05520666e-05 1.44234786e-05 6.46488251e-05 8.17157764e-05 9.39242964e-06 5.21660376e-05 1.62117814e-04 2.96578684e-05 3.33370326e-04 4.18399890e-04 1.67359956e-05 2.68777727e-04 7.39351846e-05 3.91811191e-05 5.07484939e-04 6.89168308e-04 1.18715924e-04 4.08762407e-04 9.03274164e-05 3.05114982e-05 6.78365583e-05 3.55453499e-05 1.01436340e-06 8.61959570e-09 1.00000000e-10
 2003 02 02 12 00 00  3.77468397e-03 2.28743260e-03 1.26596854e-03 9.15164239e-04 6.70798079e-04 3.70507568e-04 2.68711307e-04 2.29822520e-04 4.77236691e-04 1.35410293e-04 3.38272473e-03 5.10278493e-03 2.37607960e-04 6.87367631e-05 4.45901259e-05 1.39559076e-04 4.33513080e-05 7.46945560e-05 1.32159816e-04 7.47870072e-05 1.62630909e-04 2.00395709e-04 1.11891944e-04 7.66802760e-05 5.54646758e-06 9.05060297e-06 6.09325871e-06 2.71512880e-05 4.88066471e-06 1.83613793e-05 5.46566649e-05 4.05458035e-05 2.36858614e-05 5.43072606e-05 4.00349963e-05 1.43472411e-05 6.32691068e-05 7.97453147e-05 9.44903804e-06 5.13512860e-05 1.57909479e-04 2.93119665e-05 3.26137282e-04 4.13627086e-04 1.65450834e-05 2.61124873e-04 7.08536070e-05 3.85126710e-05 4.94486839e-04 6.76290738e-04 1.16464554e-04 4.01961281e-04 9.31682276e-05 3.15442669e-05 7.02207476e-05 3.71510779e-05 1.08785150e-06 1.25247666e-08 4.46831017e-11
 2003 02 03 12 00 00  3.76569289e-03 2.28268561e-03 1.26285961e-03 9.12560812e-04 6.68335181e-04 3.69284317e-04 2.67561290e-04 2.28581642e-04 4.74008464e-04 1.34789442e-04 3.35678018e-03 5.04966080e-03 2.36502168e-04 6.86167314e-05 4.44474516e-05 1.38629859e-04 4.30385233e-05 7.38998118e-05 1.31796648e-04 7.48004357e-05 1.60982224e-04 1.98289964e-04 1.11045353e-04 7.63945949e-05 5.52411984e-06 9.07856083e-06 6.08441260e-06 2.70595763e-05 4.88133192e-06 1.83026540e-05 5.42918206e-05 4.04167688e-05 2.34273582e-05 5.39671838e-05 4.00717807e-05 1.43048877e-05 6.25710631e-05 7.87069433e-05 9.47230146e-06 5.09963587e-05 1.55726496e-04 2.93263787e-05 3.22264625e-04 4.13953900e-04 1.65581560e-05 2.57750089e-04 6.91417779e-05 3.85425577e-05 4.88376482e-04 6.70372190e-04 1.15730010e-04 3.97965288e-04 9.43420067e-05 3.19709758e-05 7.12057477e-05 3.78135917e-05 1.11810960e-06 1.41279797e-08 1.90689509e-10
 2003 02 04 12 00 00  3.77203167e-03 2.28753649e-03 1.26587074e-03 9.14709482e-04 6.70190362e-04 3.70021688e-04 2.68331753e-04 2.29446345e-04 4.76269440e-04 1.35535099e-04 3.37489182e-03 5.08153364e-03 2.37522354e-04 6.89460318e-05 4.46126296e-05 1.39339140e-04 4.32229921e-05 7.43727374e-05 1.32508949e-04 7.52258289e-05 1.61970147e-04 1.99548326e-04 1.11592282e-04 7.67127262e-05 5.53732643e-06 9.15325363e-06 6.08970295e-06 2.71366594e-05 4.89104059e-06 1.83565676e-05 5.45764611e-05 4.04930703e-05 2.35796339e-05 5.42931875e-05 4.06388019e-05 1.43302663e-05 6.31219731e-05 7.94319154e-05 9.53444178e-06 5.15275303e-05 1.57312327e-04 2.96882907e-05 3.25388766e-04 4.19165858e-04 1.67666343e-05 2.61408584e-04 7.01581768e-05 3.92454123e-05 4.93987929e-04 6.76434879e-04 1.17086015e-04 4.03373744e-04 9.75640423e-05 3.31420881e-05 7.39080829e-05 3.96192732e-05 1.19972271e-06 1.83879543e-08 5.77029802e-10
 2003 02 05 12 00 00  3.80949589e-03 2.31257101e-03 1.28168595e-03 9.26649363e-04 6.80864850e-04 3.74682883e-04 2.72982466e-04 2.34580470e-04 4.89666084e-04 1.39197176e-04 3.48236919e-03 5.28339818e-03 2.42968930e-04 7.02974200e-05 4.54317487e-05 1.43399227e-04 4.44014528e-05 7.73803622e-05 1.35602360e-04 7.66837504e-05 1.68228525e-04 2.07534027e-04 1.14945990e-04 7.82166133e-05 5.62161258e-06 9.23527987e-06 6.12326621e-06 2.75537953e-05 4.92383333e-06 1.86450417e-05 5.61909000e-05 4.09798668e-05 2.45530333e-05 5.59315845e-05 4.25569160e-05 1.44911013e-05 6.62233456e-05 8.37282513e-05 9.60268080e-06 5.38144047e-05 1.66561939e-04 3.09246709e-05 3.42239857e-04 4.36812183e-04 1.74724873e-05 2.79853638e-04 7.66292971e-05 4.16440103e-05 5.23999903e-04 7.07282492e-04 1.23065140e-04 4.24868322e-04 1.01119746e-04 3.44344382e-05 7.68899782e-05 4.16094115e-05 1.28950409e-06 2.30614535e-08 1.00054454e-09
 2003 02 06 12 00 00  3.84633238e-03 2.33633965e-03 1.29677373e-03 9.38189635e-04 6.91260188e-04 3.79333177e-04 2.77573170e-04 2.39627067e-04 5.02837028e-04 1.42621237e-04 3.58809785e-03 5.48525788e-03 2.48183595e-04 7.14778821e-05 4.61982116e-05 1.47347492e-04 4.55726287e-05 8.03790463e-05 1.38351136e-04 7.78571237e-05 1.74478972e-04 2.15508133e-04 1.18268885e-04 7.97054979e-05 5.70544034e-06 9.37416626e-06 6.15679091e-06 2.79612854e-05 4.95032436e-06 1.89196403e-05 5.77605608e-05 4.14641167e-05 2.55200022e-05 5.75562549e-05 4.41058481e-05 1.46518549e-05 6.92430557e-05 8.79504755e-05 9.71824556e-06 5.60438515e-05 1.75607542e-04 3.19205603e-05 3.59112562e-04 4.51059000e-04 1.80423600e-05 2.97268627e-04 8.30760458e-05 4.35765862e-05 5.52614730e-04 7.36729131e-04 1.28425223e-04 4.47876218e-04 1.06971142e-04 3.65615721e-05 8.17999352e-05 4.49090518e-05 1.44000197e-06 3.10203731e-08 1.72498957e-09
 2003 02 07 12 00 00  3.86243337e-03 2.34766064e-03 1.30387758e-03 9.43413476e-04 6.95856125e-04 3.81283079e-04 2.79551501e-04 2.41822992e-04 5.08582729e-04 1.44307401e-04 3.63416350e-03 5.57024479e-03 2.50611329e-04 7.21454319e-05 4.65736796e-05 1.49097781e-04 4.60523850e-05 8.16252606e-05 1.39835652e-04 7.86398072e-05 1.77092629e-04 2.18844388e-04 1.19686532e-04 8.03372573e-05 5.73989455e-06 9.37217555e-06 6.17083788e-06 2.81361635e-05 4.96814864e-06 1.90454585e-05 5.84484508e-05 4.16633295e-05 2.59153487e-05 5.82422866e-05 4.51470783e-05 1.47193976e-05 7.05760461e-05 8.97720822e-05 9.71660993e-06 5.70276334e-05 1.79543523e-04 3.25861241e-05 3.66061713e-04 4.60631116e-04 1.84252446e-05 3.05522638e-04 8.57457635e-05 4.48689505e-05 5.65794292e-04 7.50256433e-04 1.31271070e-04 4.55508507e-04 1.06749938e-04 3.64814890e-05 8.16167025e-05 4.48048732e-05 1.43661195e-06 3.09435677e-08 1.72058705e-09
 2003 02 08 12 00 00  3.87354734e-03 2.35423103e-03 1.30810113e-03 9.46716720e-04 6.98867714e-04 3.82726046e-04 2.80941459e-04 2.43333795e-04 5.12543681e-04 1.45210409e-04 3.66601770e-03 5.63397929e-03 2.52078652e-04 7.23850005e-05 4.67748971e-05 1.50236161e-04 4.63980046e-05 8.25425202e-05 1.40417330e-04 7.87930680e-05 1.79032201e-04 2.21324015e-04 1.20700985e-04 8.06560832e-05 5.76484126e-06 9.27380024e-06 6.18129925e-06 2.82397166e-05 4.97198089e-06 1.91181125e-05 5.88882591e-05 4.18077747e-05 2.61993264e-05 5.86235194e-05 4.53688786e-05 1.47698986e-05 7.14292697e-05 9.10115459e-05 9.63479906e-06 5.74366950e-05 1.82156012e-04 3.27192800e-05 3.70354969e-04 4.62659339e-04 1.85063736e-05 3.10006203e-04 8.77005630e-05 4.51293075e-05 5.73507820e-04 7.57656391e-04 1.32455902e-04 4.57727590e-04 1.02281993e-04 3.48580552e-05 7.78732012e-05 4.23337545e-05 1.32710739e-06 2.53936896e-08 1.22151107e-09
 2003 02 09 12 00 00  3.87581745e-03 2.35639856e-03 1.30941466e-03 9.47511370e-04 6.99472128e-04 3.82939000e-04 2.81192013e-04 2.43622278e-04 5.13330414e-04 1.45557882e-04 3.67230485e-03 5.64458705e-03 2.52503550e-04 7.25567395e-05 4.68494616e-05 1.50467242e-04 4.64221113e-05 8.26543372e-05 1.40748778e-04 7.90470862e-05 1.79313912e-04 2.21684063e-04 1.20870722e-04 8.07463371e-05 5.76689126e-06 9.26831490e-06 6.18286940e-06 2.82564806e-05 4.97821093e-06 1.91340174e-05 5.89645107e-05 4.18201264e-05 2.62171001e-05 5.87130508e-05 4.57300950e-05 1.47779516e-05 7.16032371e-05 9.12214156e-05 9.63028142e-06 5.76078026e-05 1.82610201e-04 3.29389673e-05 3.71115429e-04 4.65966072e-04 1.86386429e-05 3.11388114e-04 8.79143598e-05 4.55582223e-05 5.75373437e-04 7.59655501e-04 1.33076581e-04 4.57893963e-04 1.01717389e-04 3.46536108e-05 7.74052069e-05 4.20652837e-05 1.31816793e-06 2.51697056e-08 1.20740680e-09
 2003 02 10 12 00 00  3.86547768e-03 2.35186516e-03 1.30634794e-03 9.44656438e-04 6.96633337e-04 3.81437393e-04 2.79832654e-04 2.42175020e-04 5.09599425e-04 1.45028324e-04 3.64222447e-03 5.58082014e-03 2.51376313e-04 7.25659148e-05 4.67257251e-05 1.49398658e-04 4.60060925e-05 8.16507847e-05 1.40603300e-04 7.93265528e-05 1.77282052e-04 2.19092512e-04 1.19853184e-04 8.03610892e-05 5.73751240e-06 9.20153616e-06 6.17204278e-06 2.81377361e-05 4.98503723e-06 1.90672376e-05 5.85181417e-05 4.16510418e-05 2.58709915e-05 5.82647309e-05 4.61261225e-05 1.47266837e-05 7.07833465e-05 8.99681472e-05 9.57478696e-06 5.71453234e-05 1.79988983e-04 3.31804389e-05 3.65921362e-04 4.69592095e-04 1.87836838e-05 3.07940205e-04 8.57241161e-05 4.60295414e-05 5.68661491e-04 7.53026843e-04 1.32680264e-04 4.49194274e-04 9.84075406e-05 3.34515924e-05 7.46364728e-05 4.02731309e-05 1.24134742e-06 2.14774303e-08 8.80677575e-10
 2003 02 11 12 00 00  3.86872278e-03 2.35334434e-03 1.30734036e-03 9.45442983e-04 6.97352727e-04 3.81878214e-04 2.80232051e-04 2.42593667e-04 5.10730805e-04 1.45190852e-04 3.65138654e-03 5.60204685e-03 2.51719139e-04 7.25355475e-05 4.67592757e-05 1.49664548e-04 4.60805197e-05 8.19065550e-05 1.40542055e-04 7.92030070e-05 1.77878303e-04 2.19854253e-04 1.20150421e-04 8.04484580e-05 5.74326186e-06 9.20921884e-06 6.17531769e-06 2.81557097e-05 4.98302070e-06 1.90762176e-05 5.86066376e-05 4.16849129e-05 2.59296707e-05 5.83690864e-05 4.60034644e-05 1.47430750e-05 7.09824547e-05 9.02819855e-05 9.58125456e-06 5.72386798e-05 1.80597328e-04 3.30819719e-05 3.67188213e-04 4.68439405e-04 1.87375762e-05 3.08601984e-04 8.62393645e-05 4.58425260e-05 5.69878856e-04 7.54161960e-04 1.32626904e-04 4.50323579e-04 9.82048472e-05 3.33791779e-05 7.44754965e-05 4.02376107e-05 1.24494470e-06 2.20603141e-08 9.43651202e-10
 2003 02 12 12 00 00  3.85677791e-03 2.34550160e-03 1.30237220e-03 9.41568799e-04 6.93820749e-04 3.80361182e-04 2.78725197e-04 2.40927568e-04 5.06425720e-04 1.44039354e-04 3.61688915e-03 5.53827845e-03 2.49988053e-04 7.20959141e-05 4.64972600e-05 1.48318533e-04 4.56596521e-05 8.08970595e-05 1.39490749e-04 7.87335390e-05 1.75839703e-04 2.17255010e-04 1.19061197e-04 7.99231386e-05 5.71357741e-06 9.14026168e-06 6.16446705e-06 2.80060920e-05 4.97331857e-06 1.89757585e-05 5.80542402e-05 4.15141316e-05 2.55792780e-05 5.78005462e-05 4.54307185e-05 1.46917562e-05 6.99489679e-05 8.88487572e-05 9.52395494e-06 5.64365737e-05 1.77482593e-04 3.26909358e-05 3.61366659e-04 4.63142866e-04 1.85257146e-05 3.02450330e-04 8.40329099e-05 4.50884254e-05 5.59697736e-04 7.43587540e-04 1.30627409e-04 4.41198992e-04 9.47428776e-05 3.21220034e-05 7.15801591e-05 3.83687036e-05 1.16522107e-06 1.82595002e-08 6.08178796e-10
 2003 02 13 12 00 00  3.84068416e-03 2.33457443e-03 1.29548123e-03 9.36308180e-04 6.89083607e-04 3.78356104e-04 2.76712042e-04 2.38694732e-04 5.00637900e-04 1.42417997e-04 3.57053277e-03 5.45326322e-03 2.47602364e-04 7.14520302e-05 4.61299201e-05 1.46512623e-04 4.51191998e-05 7.95764383e-05 1.37988781e-04 7.80065893e-05 1.73149707e-04 2.13822266e-04 1.17612397e-04 7.92744134e-05 5.67530296e-06 9.13536351e-06 6.15010504e-06 2.78146150e-05 4.95790373e-06 1.88412863e-05 5.73254626e-05 4.12936759e-05 2.51303718e-05 5.70893113e-05 4.45233309e-05 1.46235558e-05 6.85733048e-05 8.69501600e-05 9.51996408e-06 5.54447615e-05 1.73353096e-04 3.20821884e-05 3.54088698e-04 4.54765171e-04 1.81906069e-05 2.94069570e-04 8.11602222e-05 4.39123833e-05 5.45951026e-04 7.29517641e-04 1.27785238e-04 4.32078656e-04 9.39434116e-05 3.18328061e-05 7.09195853e-05 3.80066483e-05 1.15458650e-06 1.81395418e-08 6.08435080e-10
 2003 02 14 12 00 00  3.81061509e-03 2.31410921e-03 1.28258191e-03 9.26535958e-04 6.80325424e-04 3.74625431e-04 2.72965951e-04 2.34543362e-04 4.89849457e-04 1.39387715e-04 3.48407132e-03 5.29387370e-03 2.43150365e-04 7.02666904e-05 4.54474212e-05 1.43175499e-04 4.41366894e-05 7.71380845e-05 1.35256227e-04 7.66711484e-05 1.68145102e-04 2.07434900e-04 1.14916506e-04 7.80847608e-05 5.60547887e-06 9.14029297e-06 6.12333824e-06 2.74668926e-05 4.92887302e-06 1.85958985e-05 5.59855947e-05 4.08911059e-05 2.43158895e-05 5.57841852e-05 4.28190833e-05 1.44960140e-05 6.60308007e-05 8.34422243e-05 9.52414193e-06 5.36284857e-05 1.65743731e-04 3.09580035e-05 3.40702482e-04 4.39054297e-04 1.75621719e-05 2.78613694e-04 7.58770737e-05 4.17367468e-05 5.20711845e-04 7.03733234e-04 1.22573694e-04 4.16242515e-04 9.36226003e-05 3.17174570e-05 7.06595248e-05 3.79048369e-05 1.15518122e-06 1.85652240e-08 6.57139676e-10
 2003 02 15 12 00 00  3.78313194e-03 2.29630038e-03 1.27128307e-03 9.17777466e-04 6.72370917e-04 3.71134167e-04 2.69514765e-04 2.30740102e-04 4.79980616e-04 1.36800934e-04 3.40490056e-03 5.14510423e-03 2.39225701e-04 6.93331525e-05 4.48637734e-05 1.40148765e-04 4.32049856e-05 7.48442835e-05 1.33045489e-04 7.57162168e-05 1.63453285e-04 2.01450003e-04 1.12417809e-04 7.69474142e-05 5.53938480e-06 9.04065819e-06 6.09827839e-06 2.71424720e-05 4.90832026e-06 1.83768050e-05 5.47568251e-05 4.05102357e-05 2.35427317e-05 5.45415706e-05 4.16112394e-05 1.43768164e-05 6.37119708e-05 8.02074842e-05 9.44131098e-06 5.19206370e-05 1.58759571e-04 3.01558408e-05 3.27818824e-04 4.27912679e-04 1.71165072e-05 2.65063623e-04 7.08969892e-05 4.01854224e-05 4.98272083e-04 6.80649827e-04 1.18302733e-04 3.98109066e-04 8.89035849e-05 3.00032307e-05 6.67087776e-05 3.53217746e-05 1.04253363e-06 1.29968425e-08 1.60110547e-10
 2003 02 16 12 00 00  3.77234734e-03 2.28822370e-03 1.26625677e-03 9.14015083e-04 6.69019693e-04 3.69832385e-04 2.68168567e-04 2.29226598e-04 4.76088519e-04 1.35550948e-04 3.37373921e-03 5.09194806e-03 2.37496258e-04 6.87623530e-05 4.45824935e-05 1.38863214e-04 4.28189029e-05 7.39596959e-05 1.31755989e-04 7.49880390e-05 1.61708905e-04 1.99227772e-04 1.11456102e-04 7.64057626e-05 5.51242229e-06 8.94535624e-06 6.08905248e-06 2.69913344e-05 4.89266386e-06 1.82713543e-05 5.42097474e-05 4.03555372e-05 2.32195365e-05 5.39758048e-05 4.06910578e-05 1.43336656e-05 6.27110212e-05 7.88778250e-05 9.36207289e-06 5.10336055e-05 1.55805953e-04 2.95442936e-05 3.22288933e-04 4.19424077e-04 1.67769631e-05 2.58448198e-04 6.89400360e-05 3.90028115e-05 4.87744676e-04 6.69476527e-04 1.15854554e-04 3.88802856e-04 8.44563872e-05 2.83875990e-05 6.29845688e-05 3.28786266e-05 9.35382764e-07 7.65254740e-09 1.00000000e-10
 2003 02 17 12 00 00  3.73872697e-03 2.26606000e-03 1.25223216e-03 9.03234484e-04 6.59276070e-04 3.65591185e-04 2.63959042e-04 2.24581248e-04 4.64029001e-04 1.32311801e-04 3.27695268e-03 4.91129868e-03 2.32640270e-04 6.75713230e-05 4.38557765e-05 1.35153226e-04 4.16872004e-05 7.11739296e-05 1.28981945e-04 7.37290538e-05 1.56011394e-04 1.91959847e-04 1.08411181e-04 7.50089446e-05 5.43214337e-06 8.83090906e-06 6.05862078e-06 2.65937185e-05 4.86492936e-06 1.80005100e-05 5.26954216e-05 3.98929289e-05 2.22803967e-05 5.24554850e-05 3.90652160e-05 1.41889206e-05 5.98617138e-05 7.49241466e-05 9.26689390e-06 4.89198049e-05 1.47255553e-04 2.84814509e-05 3.06579948e-04 4.04448007e-04 1.61779203e-05 2.41587420e-04 6.28916314e-05 3.69439425e-05 4.60014646e-04 6.40924198e-04 1.10457761e-04 3.67163895e-04 7.92861894e-05 2.65089388e-05 5.86522410e-05 3.00152725e-05 8.08237735e-07 3.15393578e-09 1.00000000e-10
 2003 02 18 12 00 00  3.74759592e-03 2.27102066e-03 1.25545289e-03 9.05722215e-04 6.61525626e-04 3.66740549e-04 2.65056174e-04 2.25764422e-04 4.67171916e-04 1.32965033e-04 3.30219215e-03 4.96438481e-03 2.33756580e-04 6.77026120e-05 4.40026048e-05 1.35997091e-04 4.19193821e-05 7.18698720e-05 1.29318006e-04 7.37510622e-05 1.57558903e-04 1.93937450e-04 1.09210830e-04 7.52671323e-05 5.44941831e-06 8.79797008e-06 6.06704962e-06 2.66620320e-05 4.86579629e-06 1.80455120e-05 5.29888368e-05 3.99937504e-05 2.24677773e-05 5.27601264e-05 3.91136127e-05 1.42303979e-05 6.04841648e-05 7.58479794e-05 9.23951520e-06 4.92502492e-05 1.49149589e-04 2.85031827e-05 3.09980246e-04 4.04881430e-04 1.61952572e-05 2.44583770e-04 6.43339183e-05 3.69880581e-05 4.65161142e-04 6.45914331e-04 1.11117374e-04 3.69863607e-04 7.76844756e-05 2.59271904e-05 5.73119314e-05 2.91440747e-05 7.70622748e-07 1.92417673e-09 1.00000000e-10
 2003 02 19 12 00 00  3.75222214e-03 2.27269796e-03 1.25663772e-03 9.06766914e-04 6.62534725e-04 3.67400852e-04 2.65639259e-04 2.26369659e-04 4.68801690e-04 1.33111815e-04 3.31532129e-03 4.99622487e-03 2.34183959e-04 6.76066617e-05 4.40369494e-05 1.36366721e-04 4.20315133e-05 7.22541241e-05 1.29164038e-04 7.34763395e-05 1.58455721e-04 1.95080822e-04 1.09646642e-04 7.54304454e-05 5.45807197e-06 8.87974384e-06 6.07196562e-06 2.66900865e-05 4.85993442e-06 1.80545926e-05 5.30994006e-05 4.00447316e-05 2.25562166e-05 5.29465518e-05 3.87688167e-05 1.42549892e-05 6.07567234e-05 7.62985771e-05 9.30757524e-06 4.94389286e-05 1.50005371e-04 2.82728288e-05 3.12143622e-04 4.01699217e-04 1.60679687e-05 2.45227463e-04 6.51083945e-05 3.65428510e-05 4.66550557e-04 6.47351898e-04 1.10850304e-04 3.74220640e-04 8.10032447e-05 2.71339533e-05 6.00989258e-05 3.10344740e-05 8.58097835e-07 5.06787146e-09 1.00000000e-10
 2003 02 20 12 00 00  3.74653129e-03 2.26960214e-03 1.25462570e-03 9.04996583e-04 6.60816332e-04 3.66603749e-04 2.64891019e-04 2.25556872e-04 4.66736337e-04 1.32689342e-04 3.29866103e-03 4.96432036e-03 2.33459183e-04 6.75012732e-05 4.39413463e-05 1.35712125e-04 4.17761679e-05 7.16943294e-05 1.28862816e-04 7.34392670e-05 1.57382402e-04 1.93709817e-04 1.09091013e-04 7.52431954e-05 5.44040304e-06 8.92604367e-06 6.06630638e-06 2.66145533e-05 4.85940400e-06 1.80041848e-05 5.28029924e-05 3.99436249e-05 2.23413925e-05 5.27211140e-05 3.87359178e-05 1.42288394e-05 6.02510242e-05 7.55611875e-05 9.34611235e-06 4.92104183e-05 1.48402776e-04 2.82438996e-05 3.09520082e-04 4.01386911e-04 1.60554764e-05 2.42586676e-04 6.38549973e-05 3.64883221e-05 4.61710435e-04 6.42709147e-04 1.10188843e-04 3.71838982e-04 8.28709361e-05 2.78131076e-05 6.16675575e-05 3.21000910e-05 9.07523270e-07 6.84936197e-09 1.00000000e-10
 2003 02 21 12 00 00  3.74096356e-03 2.26394120e-03 1.25121782e-03 9.02688778e-04 6.58888868e-04 3.66044534e-04 2.64224396e-04 2.24769471e-04 4.64723465e-04 1.31731692e-04 3.28262996e-03 4.94304299e-03 2.32318324e-04 6.69463225e-05 4.37282661e-05 1.34962494e-04 4.15886228e-05 7.12999026e-05 1.27686054e-04 7.26069324e-05 1.56644526e-04 1.92768295e-04 1.08635219e-04 7.49641973e-05 5.42753405e-06 8.95812482e-06 6.06244394e-06 2.65274229e-05 4.84112170e-06 1.79318266e-05 5.24765204e-05 3.98701581e-05 2.21828974e-05 5.24375739e-05 3.76638694e-05 1.42112200e-05 5.96688501e-05 7.48563234e-05 9.37282166e-06 4.86894522e-05 1.46753627e-04 2.75416765e-05 3.07034988e-04 3.91510145e-04 1.56604058e-05 2.37817238e-04 6.29614864e-05 3.51283117e-05 4.54564540e-04 6.35195050e-04 1.07997119e-04 3.69775361e-04 8.41275783e-05 2.82701587e-05 6.27236605e-05 3.28229392e-05 9.41434479e-07 8.61918146e-09 1.00000000e-10
 2003 02 22 12 00 00  3.72932990e-03 2.25675659e-03 1.24663128e-03 8.99019689e-04 6.55497179e-04 3.64524546e-04 2.62746017e-04 2.23148178e-04 4.60537441e-04 1.30706053e-04 3.24898460e-03 4.87927198e-03 2.30711965e-04 6.66083709e-05 4.34973680e-05 1.33671896e-04 4.11619258e-05 7.02832593e-05 1.26858244e-04 7.23054574e-05 1.54595807e-04 1.90159793e-04 1.07556460e-04 7.43820799e-05 5.39748326e-06 8.77069469e-06 6.05156274e-06 2.63747963e-05 4.83467011e-06 1.78372634e-05 5.19300574e-05 3.96973366e-05 2.18273693e-05 5.18218308e-05 3.72844661e-05 1.41598372e-05 5.86579847e-05 7.34446197e-05 9.21687970e-06 4.78035492e-05 1.43706818e-04 2.72887322e-05 3.00690712e-04 3.88009223e-04 1.55203689e-05 2.32102035e-04 6.07355498e-05 3.46393295e-05 4.45042318e-04 6.25028559e-04 1.06345812e-04 3.57274369e-04 7.61180783e-05 2.53587699e-05 5.60047703e-05 2.83232246e-05 7.37319209e-07 9.39026279e-10 1.00000000e-10
 2003 02 23 12 00 00  3.73128268e-03 2.25832048e-03 1.24759925e-03 8.99614443e-04 6.55954649e-04 3.64724434e-04 2.62963780e-04 2.23391415e-04 4.61212103e-04 1.30940800e-04 3.25436464e-03 4.88987416e-03 2.31027245e-04 6.67046608e-05 4.35486089e-05 1.33843701e-04 4.11738962e-05 7.03802099e-05 1.27044924e-04 7.24339159e-05 1.54860662e-04 1.90500550e-04 1.07706297e-04 7.44001544e-05 5.39876892e-06 8.70280346e-06 6.05306923e-06 2.63788603e-05 4.83790100e-06 1.78451542e-05 5.19710498e-05 3.97054362e-05 2.18344299e-05 5.18491659e-05 3.74713563e-05 1.41677607e-05 5.87741919e-05 7.36025140e-05 9.16039207e-06 4.78313772e-05 1.44025645e-04 2.74005026e-05 3.00952224e-04 3.89717663e-04 1.55887065e-05 2.32888475e-04 6.09087583e-05 3.48579604e-05 4.46153772e-04 6.26012411e-04 1.06677540e-04 3.55525931e-04 7.32213117e-05 2.43058079e-05 5.35747002e-05 2.66951706e-05 6.63424154e-07 1.00000000e-10 1.00000000e-10
 2003 02 24 12 00 00  3.74512465e-03 2.26789369e-03 1.25362143e-03 9.04018069e-04 6.59813899e-04 3.66399449e-04 2.64657023e-04 2.25265350e-04 4.66139562e-04 1.32351757e-04 3.29385829e-03 4.96422276e-03 2.33082408e-04 6.72423334e-05 4.38630014e-05 1.35310008e-04 4.15610964e-05 7.14307011e-05 1.28239733e-04 7.30466098e-05 1.57105984e-04 1.93367970e-04 1.08919295e-04 7.49063984e-05 5.42686503e-06 8.67172785e-06 6.06519097e-06 2.65172283e-05 4.85198943e-06 1.79457708e-05 5.25283795e-05 3.98683420e-05 2.21515991e-05 5.24056053e-05 3.82935454e-05 1.42265038e-05 5.98808224e-05 7.51278688e-05 9.13453550e-06 4.86075200e-05 1.47293400e-04 2.79226340e-05 3.06627691e-04 3.97271898e-04 1.58908759e-05 2.39611364e-04 6.31357776e-05 3.58725287e-05 4.56894052e-04 6.36936406e-04 1.08953877e-04 3.60951777e-04 7.19076841e-05 2.38282810e-05 5.24724999e-05 2.59550699e-05 6.29711741e-07 1.00000000e-10 1.00000000e-10
 2003 02 25 12 00 00  3.74891374e-03 2.27033647e-03 1.25517242e-03 9.05165893e-04 6.60826557e-04 3.66869149e-04 2.65121011e-04 2.25773351e-04 4.67482623e-04 1.32698809e-04 3.30464618e-03 4.98546213e-03 2.33612539e-04 6.73528290e-05 4.39396412e-05 1.35693023e-04 4.16631985e-05 7.17203890e-05 1.28486254e-04 7.31517561e-05 1.57736756e-04 1.94173694e-04 1.09254312e-04 7.50351679e-05 5.43435563e-06 8.66169794e-06 6.06860995e-06 2.65513948e-05 4.85460951e-06 1.79698866e-05 5.26710367e-05 3.99119046e-05 2.22346964e-05 5.25493462e-05 3.84452549e-05 1.42431934e-05 6.01691807e-05 7.55349118e-05 9.12618270e-06 4.87945276e-05 1.48150510e-04 2.80139066e-05 3.08139643e-04 3.98659434e-04 1.59463774e-05 2.41235209e-04 6.37435587e-05 3.60509555e-05 4.59528956e-04 6.39583040e-04 1.09439361e-04 3.62378393e-04 7.15387370e-05 2.36940303e-05 5.21619807e-05 2.57389888e-05 6.19324555e-07 1.00000000e-10 1.00000000e-10
 2003 02 26 12 00 00  3.74341076e-03 2.26736100e-03 1.25323339e-03 9.03531122e-04 6.59274068e-04 3.66117659e-04 2.64413060e-04 2.25007299e-04 4.65502476e-04 1.32301862e-04 3.28870894e-03 4.95357960e-03 2.32922482e-04 6.72657211e-05 4.38494262e-05 1.35105264e-04 4.14568902e-05 7.12207053e-05 1.28237830e-04 7.31370470e-05 1.56726682e-04 1.92880633e-04 1.08732084e-04 7.49211463e-05 5.41977352e-06 8.77530765e-06 6.06320609e-06 2.64960963e-05 4.85444616e-06 1.79299676e-05 5.24309145e-05 3.98279546e-05 2.20631424e-05 5.23917358e-05 3.84346728e-05 1.42175806e-05 5.97320313e-05 7.48821681e-05 9.22069812e-06 4.86891559e-05 1.46761037e-04 2.80028209e-05 3.06174124e-04 3.98556720e-04 1.59422688e-05 2.39055368e-04 6.26541267e-05 3.60303326e-05 4.55489055e-04 6.35953055e-04 1.08916062e-04 3.62859800e-04 7.64511562e-05 2.54795184e-05 5.62818609e-05 2.84902868e-05 7.43563965e-07 1.09623528e-09 1.00000000e-10
 2003 02 27 12 00 00  3.73798226e-03 2.26450858e-03 1.25136546e-03 9.01945359e-04 6.57763230e-04 3.65371932e-04 2.63714561e-04 2.24253743e-04 4.63550910e-04 1.31928339e-04 3.27300044e-03 4.92170043e-03 2.32256256e-04 6.71952991e-05 4.37643259e-05 1.34534229e-04 4.12564114e-05 7.07281521e-05 1.28024717e-04 7.31493172e-05 1.55724609e-04 1.91596831e-04 1.08216075e-04 7.48331584e-05 5.40555775e-06 8.91571835e-06 6.05783098e-06 2.64453688e-05 4.85487217e-06 1.78923642e-05 5.22014282e-05 3.97460506e-05 2.18967325e-05 5.22570163e-05 3.84586485e-05 1.41920289e-05 5.93118012e-05 7.42460267e-05 9.33752381e-06 4.86330056e-05 1.45414032e-04 2.80144654e-05 3.04402296e-04 3.98772581e-04 1.59509032e-05 2.37029902e-04 6.15841884e-05 3.60537088e-05 4.51654996e-04 6.32624557e-04 1.08460919e-04 3.64208224e-04 8.24267092e-05 2.76516412e-05 6.12949603e-05 3.18509723e-05 8.96252490e-07 6.45592593e-09 1.00000000e-10
 2003 02 28 12 00 00  3.74246082e-03 2.26833596e-03 1.25371256e-03 9.03533266e-04 6.59085385e-04 3.65854276e-04 2.64245081e-04 2.24858687e-04 4.65143105e-04 1.32536025e-04 3.28571368e-03 4.94294316e-03 2.33040835e-04 6.74939377e-05 4.38989010e-05 1.35041175e-04 4.13672475e-05 7.10285502e-05 1.28654327e-04 7.35672715e-05 1.56369981e-04 1.92416443e-04 1.08585316e-04 7.51168210e-05 5.41359914e-06 9.03849650e-06 6.06129543e-06 2.65030663e-05 4.86437566e-06 1.79318461e-05 5.23992899e-05 3.97926662e-05 2.19875379e-05 5.25335138e-05 3.90139001e-05 1.42088145e-05 5.97106767e-05 7.47452587e-05 9.43968189e-06 4.91367262e-05 1.46515721e-04 2.83697533e-05 3.06889162e-04 4.03877527e-04 1.61551011e-05 2.39915640e-04 6.22211897e-05 3.67435161e-05 4.55834372e-04 6.37418528e-04 1.09628415e-04 3.69963464e-04 8.76196686e-05 2.95393678e-05 6.56520677e-05 3.47762854e-05 1.02947658e-06 1.31961121e-08 2.00723083e-10
 2003 03 01 12 00 00  3.76176945e-03 2.28350841e-03 1.26310483e-03 9.10171155e-04 6.64781347e-04 3.68063671e-04 2.66582956e-04 2.27494445e-04 4.72036927e-04 1.34891301e-04 3.34084731e-03 5.03855757e-03 2.36218283e-04 6.85764262e-05 4.44233962e-05 1.37220581e-04 4.19152901e-05 7.24407379e-05 1.30998224e-04 7.49999541e-05 1.59326794e-04 1.96182952e-04 1.10235973e-04 7.60863169e-05 5.45288312e-06 9.25272761e-06 6.07714137e-06 2.67380208e-05 4.89656886e-06 1.80991197e-05 5.32622857e-05 4.00196965e-05 2.24396441e-05 5.35261000e-05 4.08971566e-05 1.42848890e-05 6.13952678e-05 7.69453168e-05 9.61794431e-06 5.07774317e-05 1.51345790e-04 2.95844686e-05 3.16291316e-04 4.21204156e-04 1.68481663e-05 2.51366335e-04 6.52524177e-05 3.90999281e-05 4.73285203e-04 6.56278260e-04 1.14020820e-04 3.85693340e-04 9.66330912e-05 3.28160115e-05 7.32155261e-05 3.98608619e-05 1.26150880e-06 2.54761048e-08 1.31871838e-09
 2003 03 02 12 00 00  3.78354355e-03 2.29822522e-03 1.27238913e-03 9.17135592e-04 6.70983840e-04 3.70754471e-04 2.69279182e-04 2.30475013e-04 4.79821128e-04 1.37053227e-04 3.40326647e-03 5.15542254e-03 2.39410789e-04 6.93907088e-05 4.49074636e-05 1.39579983e-04 4.25882579e-05 7.41705939e-05 1.32853283e-04 7.58983835e-05 1.62936619e-04 2.00791485e-04 1.12176445e-04 7.69112033e-05 5.50109544e-06 9.22942127e-06 6.09652416e-06 2.69741564e-05 4.91670398e-06 1.82666535e-05 5.41912765e-05 4.02982725e-05 2.29949845e-05 5.44354170e-05 4.20753378e-05 1.43779034e-05 6.31871380e-05 7.94267762e-05 9.59856407e-06 5.20263593e-05 1.56691253e-04 3.03457695e-05 3.25671336e-04 4.32045557e-04 1.72818223e-05 2.62120681e-04 6.89677778e-05 4.05764848e-05 4.90771649e-04 6.74060301e-04 1.17581209e-04 3.95722437e-04 9.55579833e-05 3.24254068e-05 7.23150104e-05 3.92685577e-05 1.23541765e-06 2.41658476e-08 1.20121157e-09
 2003 03 03 12 00 00  3.80594734e-03 2.31424286e-03 1.28242028e-03 9.24498674e-04 6.77456051e-04 3.73451309e-04 2.72032876e-04 2.33540759e-04 4.87829244e-04 1.39459301e-04 3.46741507e-03 5.27228676e-03 2.42839845e-04 7.03797934e-05 4.54454169e-05 1.42047416e-04 4.32631612e-05 7.59028189e-05 1.35060341e-04 7.70888699e-05 1.66554951e-04 2.05403056e-04 1.14145038e-04 7.79539208e-05 5.54942890e-06 9.43500345e-06 6.11591749e-06 2.72372294e-05 4.94334454e-06 1.84473701e-05 5.51694505e-05 4.05775267e-05 2.35520303e-05 5.55294155e-05 4.36344650e-05 1.44709382e-05 6.50868800e-05 8.19902728e-05 9.76963202e-06 5.37067271e-05 1.62251083e-04 3.13542288e-05 3.36459134e-04 4.46393656e-04 1.78557462e-05 2.74086122e-04 7.26895814e-05 4.25321894e-05 5.09614139e-04 6.94092103e-04 1.21766673e-04 4.13051990e-04 1.04182505e-04 3.55607315e-05 7.95525594e-05 4.41374903e-05 1.45785665e-06 3.59567565e-08 2.27514967e-09
 2003 03 04 12 00 00  3.84312174e-03 2.33868358e-03 1.29789522e-03 9.36256496e-04 6.88007067e-04 3.78108333e-04 2.76656979e-04 2.38636008e-04 5.01124198e-04 1.43010335e-04 3.57409452e-03 5.47414869e-03 2.48179246e-04 7.16537348e-05 4.62406166e-05 1.46057912e-04 4.44391917e-05 7.89074635e-05 1.38001519e-04 7.84171105e-05 1.72808047e-04 2.13384876e-04 1.17485013e-04 7.93736159e-05 5.63356189e-06 9.43618579e-06 6.14946766e-06 2.76432361e-05 4.97316214e-06 1.87296254e-05 5.67596389e-05 4.10634733e-05 2.45232834e-05 5.70969287e-05 4.53789282e-05 1.46317470e-05 6.81397015e-05 8.62482756e-05 9.77062955e-06 5.58256483e-05 1.71400099e-04 3.24801571e-05 3.52779732e-04 4.62444284e-04 1.84977714e-05 2.91987215e-04 7.91525585e-05 4.47162136e-05 5.38997621e-04 7.23971950e-04 1.27465610e-04 4.31806533e-04 1.04135703e-04 3.55439504e-05 7.95149543e-05 4.41255560e-05 1.45827000e-06 3.60506831e-08 2.28551968e-09
 2003 03 05 12 00 00  3.86601480e-03 2.35295734e-03 1.30699968e-03 9.43306452e-04 6.94401850e-04 3.81037197e-04 2.79519580e-04 2.41770055e-04 5.09307064e-04 1.45033731e-04 3.63982360e-03 5.60163707e-03 2.51336313e-04 7.22981879e-05 4.66935917e-05 1.48483229e-04 4.51726781e-05 8.07937700e-05 1.39530127e-04 7.89905200e-05 1.76746332e-04 2.18411307e-04 1.19564443e-04 8.02402488e-05 5.68611504e-06 9.46793880e-06 6.17060869e-06 2.78884986e-05 4.98623594e-06 1.88945431e-05 5.77206642e-05 4.13671456e-05 2.51285237e-05 5.80597690e-05 4.61425690e-05 1.47332103e-05 6.99877733e-05 8.88640096e-05 9.79707547e-06 5.70816021e-05 1.76977570e-04 3.29678878e-05 3.62983614e-04 4.69463994e-04 1.87785598e-05 3.02311508e-04 8.32034508e-05 4.56633512e-05 5.56221847e-04 7.41440015e-04 1.30482463e-04 4.44336300e-04 1.05307098e-04 3.59701842e-05 8.05007654e-05 4.48110212e-05 1.49118371e-06 3.79154287e-08 2.45838994e-09
 2003 03 06 12 00 00  3.88897529e-03 2.36738865e-03 1.31619323e-03 9.50395637e-04 7.00816611e-04 3.83964677e-04 2.82386404e-04 2.44910745e-04 5.17510106e-04 1.47085819e-04 3.70572184e-03 5.72912358e-03 2.54519593e-04 7.29600695e-05 4.71520170e-05 1.50916737e-04 4.59042087e-05 8.26776726e-05 1.41086705e-04 7.95942266e-05 1.80682156e-04 2.23434605e-04 1.21645748e-04 8.11121678e-05 5.73854522e-06 9.49913156e-06 6.19174098e-06 2.81343500e-05 5.00012793e-06 1.90605033e-05 5.86858861e-05 4.16701310e-05 2.57320411e-05 5.90262364e-05 4.69532562e-05 1.48346517e-05 7.18435746e-05 9.14843478e-05 9.82305428e-06 5.83511234e-05 1.82568022e-04 3.34824523e-05 3.73200506e-04 4.76912157e-04 1.90764863e-05 3.12743780e-04 8.72478005e-05 4.66632657e-05 5.73562066e-04 7.59044176e-04 1.33559794e-04 4.56834501e-04 1.06455162e-04 3.63879355e-05 8.14669907e-05 4.54832839e-05 1.52349272e-06 3.97479809e-08 2.62832458e-09
 2003 03 07 12 00 00  3.90743173e-03 2.37809033e-03 1.32309254e-03 9.55868632e-04 7.05846644e-04 3.86385922e-04 2.84706937e-04 2.47429866e-04 5.24098753e-04 1.48546177e-04 3.75871718e-03 5.83535582e-03 2.56927161e-04 7.33313572e-05 4.74785685e-05 1.52818234e-04 4.64986952e-05 8.42290581e-05 1.42015593e-04 7.97986984e-05 1.83942646e-04 2.27596659e-04 1.23343167e-04 8.17733822e-05 5.78128529e-06 9.51869952e-06 6.20927094e-06 2.83225293e-05 5.00515380e-06 1.91828191e-05 5.94340909e-05 4.19173244e-05 2.62216257e-05 5.97740066e-05 4.72446205e-05 1.49190208e-05 7.32895140e-05 9.35754838e-05 9.83936407e-06 5.92597963e-05 1.86977657e-04 3.36593832e-05 3.81356085e-04 4.79579052e-04 1.91831621e-05 3.20265571e-04 9.05675173e-05 4.70087689e-05 5.86441307e-04 7.71939363e-04 1.35460644e-04 4.66713730e-04 1.07074846e-04 3.66136994e-05 8.19905087e-05 4.58633592e-05 1.54285685e-06 4.09247043e-08 2.73929004e-09
 2003 03 08 12 00 00  3.90798926e-03 2.37667830e-03 1.32235086e-03 9.55580629e-04 7.05729339e-04 3.86589731e-04 2.84804613e-04 2.47489491e-04 5.24278103e-04 1.48221956e-04 3.76033090e-03 5.84596395e-03 2.56702375e-04 7.30206206e-05 4.74043810e-05 1.52760398e-04 4.65257093e-05 8.43444432e-05 1.41380352e-04 7.92456907e-05 1.84227378e-04 2.27961307e-04 1.23440596e-04 8.17186010e-05 5.78351792e-06 9.51323163e-06 6.21085637e-06 2.83086679e-05 4.99345224e-06 1.91639444e-05 5.94032208e-05 4.19306918e-05 2.62419664e-05 5.97399870e-05 4.65556135e-05 1.49271058e-05 7.32417204e-05 9.36037722e-05 9.83483405e-06 5.90733089e-05 1.86931387e-04 3.31964984e-05 3.81497832e-04 4.73216776e-04 1.89286710e-05 3.18782625e-04 9.07910406e-05 4.61146381e-05 5.84680187e-04 7.69810280e-04 1.34369079e-04 4.66790434e-04 1.06706956e-04 3.64802940e-05 8.16841926e-05 4.56764874e-05 1.53569665e-06 4.06486350e-08 2.71675233e-09
 2003 03 09 12 00 00  3.90193874e-03 2.37267147e-03 1.31981457e-03 9.53584686e-04 7.03899503e-04 3.85819842e-04 2.84036783e-04 2.46637786e-04 5.22087664e-04 1.47628019e-04 3.74280478e-03 5.81407510e-03 2.55814640e-04 7.27817635e-05 4.72677013e-05 1.52062098e-04 4.63033823e-05 8.38251202e-05 1.40801424e-04 7.89826736e-05 1.83194973e-04 2.26642800e-04 1.22886449e-04 8.14979516e-05 5.76792736e-06 9.54785210e-06 6.20536885e-06 2.82337201e-05 4.98826812e-06 1.91103464e-05 5.91168407e-05 4.18411364e-05 2.60562781e-05 5.94882719e-05 4.62479162e-05 1.49013154e-05 7.27138863e-05 9.28670250e-05 9.86365994e-06 5.87489995e-05 1.85318755e-04 3.29795002e-05 3.78850889e-04 4.70362675e-04 1.88145070e-05 3.15595552e-04 8.96480400e-05 4.56975307e-05 5.79303230e-04 7.64446358e-04 1.33286442e-04 4.64342838e-04 1.08043834e-04 3.69665771e-05 8.28080816e-05 4.64485804e-05 1.57211872e-06 4.26655859e-08 2.90263529e-09
 2003 03 10 12 00 00  3.88011688e-03 2.35815548e-03 1.31063688e-03 9.46561203e-04 6.97567638e-04 3.83083354e-04 2.81308733e-04 2.43622523e-04 5.14255363e-04 1.45497701e-04 3.68001242e-03 5.69718853e-03 2.52637855e-04 7.19773066e-05 4.67872172e-05 1.49651267e-04 4.55804198e-05 8.20339832e-05 1.38923449e-04 7.81123934e-05 1.79519360e-04 2.21954827e-04 1.20918047e-04 8.05729714e-05 5.71656856e-06 9.44821368e-06 6.18572667e-06 2.79755530e-05 4.96946122e-06 1.89347301e-05 5.81443516e-05 4.15450631e-05 2.54568178e-05 5.84857307e-05 4.51431202e-05 1.48077597e-05 7.08669154e-05 9.03110439e-05 9.78076423e-06 5.73333495e-05 1.79789413e-04 3.22478125e-05 3.68579376e-04 4.60174230e-04 1.84069692e-05 3.04572058e-04 8.57655134e-05 4.42820834e-05 5.61257426e-04 7.45761500e-04 1.29692026e-04 4.49733669e-04 1.03749912e-04 3.54058560e-05 7.92066738e-05 4.40415858e-05 1.46328662e-06 3.69817705e-08 2.38708644e-09
 2003 03 11 12 00 00  3.86562777e-03 2.34776717e-03 1.30413303e-03 9.41701564e-04 6.93246461e-04 3.81321988e-04 2.79509176e-04 2.41613478e-04 5.09047351e-04 1.43924176e-04 3.63832364e-03 5.62279820e-03 2.50400583e-04 7.13055645e-05 4.64323519e-05 1.48000347e-04 4.51029104e-05 8.08727869e-05 1.37395621e-04 7.72952160e-05 1.77157990e-04 2.18943845e-04 1.19630441e-04 7.99227078e-05 5.68278774e-06 9.37436489e-06 6.17313708e-06 2.77950142e-05 4.95183631e-06 1.88081556e-05 5.74732329e-05 4.13505448e-05 2.50599522e-05 5.77924543e-05 4.41075885e-05 1.47480328e-05 6.95990009e-05 8.85969100e-05 9.71932532e-06 5.62945725e-05 1.76035763e-04 3.15610610e-05 3.61680277e-04 4.50623428e-04 1.80249371e-05 2.96503180e-04 8.32364836e-05 4.29537584e-05 5.48334664e-04 7.32242487e-04 1.26811534e-04 4.39807996e-04 1.00577191e-04 3.42526389e-05 7.65454824e-05 4.22616596e-05 1.38271230e-06 3.27664949e-08 2.00455652e-09
 2003 03 12 12 00 00  3.82233407e-03 2.31926561e-03 1.28608988e-03 9.27899594e-04 6.80809066e-04 3.75879683e-04 2.74103460e-04 2.35650553e-04 4.93532251e-04 1.39768330e-04 3.51386121e-03 5.38903847e-03 2.44159907e-04 6.97860106e-05 4.54984444e-05 1.43268719e-04 4.36880451e-05 7.73285865e-05 1.33858068e-04 7.56951456e-05 1.69849600e-04 2.09617261e-04 1.15724837e-04 7.82132314e-05 5.58202446e-06 9.32334733e-06 6.13401280e-06 2.73031597e-05 4.91663741e-06 1.84686847e-05 5.55749994e-05 4.07692685e-05 2.38884459e-05 5.59129173e-05 4.20438824e-05 1.45612561e-05 6.59879498e-05 8.35700321e-05 9.67688466e-06 5.37282431e-05 1.65195364e-04 3.02106811e-05 3.42174101e-04 4.31612358e-04 1.72644943e-05 2.75210164e-04 7.55753019e-05 4.03381506e-05 5.13297011e-04 6.96457920e-04 1.19980855e-04 4.15730109e-04 9.83526646e-05 3.34441471e-05 7.46801613e-05 4.10184716e-05 1.32675410e-06 2.98632131e-08 1.74170562e-09
 2003 03 13 12 00 00  3.78478335e-03 2.29435551e-03 1.27033605e-03 9.15873044e-04 6.69983668e-04 3.71172895e-04 2.69416628e-04 2.30474954e-04 4.80070444e-04 1.36122683e-04 3.40589863e-03 5.18715307e-03 2.38713156e-04 6.84299309e-05 4.46785113e-05 1.39148815e-04 4.24600701e-05 7.42602744e-05 1.30706765e-04 7.42419914e-05 1.63529436e-04 2.01552870e-04 1.12341746e-04 7.67017591e-05 5.49462166e-06 9.25088098e-06 6.10019342e-06 2.68719250e-05 4.88481019e-06 1.81713033e-05 5.39207893e-05 4.02651349e-05 2.28713514e-05 5.42586013e-05 4.01769823e-05 1.43998841e-05 6.28411571e-05 7.92020354e-05 9.61660335e-06 5.14411460e-05 1.55763033e-04 2.89854419e-05 3.25094402e-04 4.14409800e-04 1.65763920e-05 2.56518826e-04 6.89385983e-05 3.79656907e-05 4.82633168e-04 6.65018631e-04 1.13918375e-04 3.93912107e-04 9.51822514e-05 3.22919030e-05 7.20218685e-05 3.92482209e-05 1.24717559e-06 2.57423395e-08 1.36882257e-09
 2003 03 14 12 00 00  3.76662310e-03 2.28193691e-03 1.26251360e-03 9.09924989e-04 6.64640193e-04 3.68917123e-04 2.67148516e-04 2.27958343e-04 4.73544778e-04 1.34276363e-04 3.35361079e-03 5.09151146e-03 2.36009637e-04 6.76948161e-05 4.42618210e-05 1.37111149e-04 4.18523123e-05 7.27748964e-05 1.29006050e-04 7.34047731e-05 1.60503604e-04 1.97691446e-04 1.10709652e-04 7.59701039e-05 5.45157855e-06 9.24544438e-06 6.08403789e-06 2.66558370e-05 4.86680510e-06 1.80190650e-05 5.30951578e-05 4.00172052e-05 2.23665498e-05 5.34570420e-05 3.91187496e-05 1.43231606e-05 6.12860538e-05 7.70611165e-05 9.61210244e-06 5.03193252e-05 1.51104079e-04 2.82822759e-05 3.16884192e-04 4.04647883e-04 1.61859153e-05 2.47002279e-04 6.57076656e-05 3.66058841e-05 4.67073347e-04 6.49097630e-04 1.10680757e-04 3.84033734e-04 9.47994944e-05 3.21531319e-05 7.17033562e-05 3.90553875e-05 1.23990387e-06 2.54724398e-08 1.34715137e-09
 2003 03 15 12 00 00  3.75243381e-03 2.27498374e-03 1.25790430e-03 9.05868659e-04 6.60707639e-04 3.66923351e-04 2.65305931e-04 2.25980483e-04 4.68432699e-04 1.33400757e-04 3.31245587e-03 5.00649475e-03 2.34345466e-04 6.75864483e-05 4.40595738e-05 1.35627358e-04 4.13099158e-05 7.14518887e-05 1.28576833e-04 7.35734124e-05 1.57810939e-04 1.94255595e-04 1.09341922e-04 7.54582580e-05 5.41318150e-06 9.20072343e-06 6.06966678e-06 2.64962181e-05 4.87129291e-06 1.79234421e-05 5.24856353e-05 3.97960655e-05 2.19159265e-05 5.28615630e-05 3.93770111e-05 1.42549368e-05 6.01540483e-05 7.53642699e-05 9.57491720e-06 4.96792531e-05 1.47531995e-04 2.84310314e-05 3.10094894e-04 4.07001711e-04 1.62800684e-05 2.41785741e-04 6.28284761e-05 3.68981418e-05 4.57369868e-04 6.39525440e-04 1.09741057e-04 3.74247200e-04 9.27222178e-05 3.13984545e-05 6.99636350e-05 3.79129037e-05 1.18970902e-06 2.29620049e-08 1.12228280e-09
 2003 03 16 12 00 00  3.73652658e-03 2.26441071e-03 1.25121937e-03 9.00733231e-04 6.56067199e-04 3.64923178e-04 2.63313295e-04 2.23777625e-04 4.62718821e-04 1.31847652e-04 3.26664077e-03 4.92148176e-03 2.32029015e-04 6.69981201e-05 4.37091884e-05 1.33859781e-04 4.07733518e-05 7.01360404e-05 1.27200242e-04 7.29369640e-05 1.55125117e-04 1.90829043e-04 1.07903210e-04 7.48044652e-05 5.37515152e-06 9.16320132e-06 6.05532587e-06 2.63073022e-05 4.85759010e-06 1.77934954e-05 5.17680410e-05 3.95769719e-05 2.14704531e-05 5.21473174e-05 3.85717431e-05 1.41867800e-05 5.88015572e-05 7.34896776e-05 9.54373245e-06 4.86870815e-05 1.43469448e-04 2.78963649e-05 3.02735976e-04 3.99573831e-04 1.59829533e-05 2.33707189e-04 5.99688035e-05 3.58641002e-05 4.44077341e-04 6.25871627e-04 1.07099501e-04 3.64437334e-04 9.08819184e-05 3.07300830e-05 6.84239119e-05 3.69139781e-05 1.14671946e-06 2.08820929e-08 9.37851574e-10
 2003 03 17 12 00 00  3.71767667e-03 2.25327129e-03 1.24405733e-03 8.94974136e-04 6.50730910e-04 3.62441934e-04 2.60922311e-04 2.21169473e-04 4.55950193e-04 1.30297228e-04 3.21226074e-03 4.81522083e-03 2.29515129e-04 6.65449395e-05 4.33581149e-05 1.31836216e-04 4.01157566e-05 6.85073028e-05 1.26052445e-04 7.26106460e-05 1.51784440e-04 1.86566686e-04 1.06156162e-04 7.40720468e-05 5.32843878e-06 9.10792078e-06 6.03746703e-06 2.60929314e-05 4.85078599e-06 1.76541114e-05 5.09476020e-05 3.93076829e-05 2.09251739e-05 5.13286564e-05 3.81704565e-05 1.41017226e-05 5.72550244e-05 7.12742848e-05 9.49777459e-06 4.76515441e-05 1.38739052e-04 2.76240607e-05 2.93942046e-04 3.95864974e-04 1.58345989e-05 2.25365014e-04 5.64380432e-05 3.53386480e-05 4.29778477e-04 6.11385777e-04 1.04820634e-04 3.52256310e-04 8.82601707e-05 2.97777147e-05 6.62290438e-05 3.54793653e-05 1.08418715e-06 1.77934833e-08 6.62231692e-10
 2003 03 18 12 00 00  3.71716630e-03 2.25241841e-03 1.24356218e-03 8.94632718e-04 6.50440408e-04 3.62406275e-04 2.60857418e-04 2.21081864e-04 4.55748765e-04 1.30133328e-04 3.21069718e-03 4.81520481e-03 2.29346662e-04 6.64201748e-05 4.33199936e-05 1.31720045e-04 4.00803110e-05 6.84638508e-05 1.25776009e-04 7.24098412e-05 1.51737205e-04 1.86510338e-04 1.06115831e-04 7.39493110e-05 5.32620761e-06 9.00673549e-06 6.03728367e-06 2.60677311e-05 4.84673219e-06 1.76386519e-05 5.08847850e-05 3.92952788e-05 2.08938975e-05 5.12191789e-05 3.79305042e-05 1.41013385e-05 5.71518550e-05 7.11693167e-05 9.41361941e-06 4.74138167e-05 1.38466182e-04 2.74575956e-05 2.93062832e-04 3.93642650e-04 1.57457060e-05 2.24366446e-04 5.63195092e-05 3.50181421e-05 4.28374469e-04 6.09549963e-04 1.04326916e-04 3.48396577e-04 8.37267036e-05 2.81303327e-05 6.24296467e-05 3.29633910e-05 9.72113290e-07 1.20683278e-08 1.46206469e-10
 2003 03 19 12 00 00  3.70553061e-03 2.24513277e-03 1.23891817e-03 8.90966316e-04 6.47076069e-04 3.60902923e-04 2.59386917e-04 2.19467119e-04 4.51566538e-04 1.29089224e-04 3.17711931e-03 4.75144237e-03 2.27725260e-04 6.60663434e-05 4.30841668e-05 1.30440716e-04 3.96720658e-05 6.74698327e-05 1.24917272e-04 7.20794313e-05 1.49712143e-04 1.83931167e-04 1.05046498e-04 7.33853737e-05 5.29731878e-06 8.84241308e-06 6.02649743e-06 2.59211080e-05 4.83970252e-06 1.75464760e-05 5.03559785e-05 3.91289155e-05 2.05546487e-05 5.06209875e-05 3.75168747e-05 1.40501550e-05 5.61572799e-05 6.97811713e-05 9.27693327e-06 4.65531014e-05 1.35476592e-04 2.71807221e-05 2.86930088e-04 3.89824451e-04 1.55929780e-05 2.18699680e-04 5.41552727e-05 3.44831205e-05 4.18988544e-04 5.99561098e-04 1.02647776e-04 3.36677441e-04 7.64829389e-05 2.54978108e-05 5.63568913e-05 2.89265790e-05 7.91171107e-07 4.04748235e-09 1.00000000e-10
 2003 03 20 12 00 00  3.68724469e-03 2.23236569e-03 1.23089996e-03 8.84951287e-04 6.41716415e-04 3.58657832e-04 2.57116104e-04 2.16943652e-04 4.45009633e-04 1.27180424e-04 3.12456202e-03 4.65580635e-03 2.24967129e-04 6.52954776e-05 4.26561799e-05 1.28396115e-04 3.90769303e-05 6.59999147e-05 1.23165523e-04 7.11779343e-05 1.46697552e-04 1.80089794e-04 1.03415553e-04 7.25191939e-05 5.25506948e-06 8.66252449e-06 6.01040774e-06 2.56948642e-05 4.81983407e-06 1.73936020e-05 4.95234008e-05 3.88854009e-05 2.00609851e-05 4.97091512e-05 3.63522122e-05 1.39735697e-05 5.45757413e-05 6.76341982e-05 9.12729083e-06 4.51744330e-05 1.30805848e-04 2.64195958e-05 2.77847087e-04 3.79096735e-04 1.51638694e-05 2.08885755e-04 5.09665464e-05 3.30086710e-05 4.03298804e-04 5.82914716e-04 9.92978076e-05 3.21395206e-04 6.86169789e-05 2.26390230e-05 4.97614597e-05 2.45338803e-05 5.93663790e-07 1.00000000e-10 1.00000000e-10
 2003 03 21 12 00 00  3.67741543e-03 2.22601841e-03 1.22687160e-03 8.81812130e-04 6.38856604e-04 3.57403896e-04 2.55878703e-04 2.15580250e-04 4.41477520e-04 1.26258625e-04 3.09621656e-03 4.60267067e-03 2.23565990e-04 6.49638670e-05 4.24483230e-05 1.27307480e-04 3.87364766e-05 6.51712646e-05 1.22377157e-04 7.08410866e-05 1.45010465e-04 1.77940096e-04 1.02518591e-04 7.20607106e-05 5.23097988e-06 8.55727194e-06 6.00141830e-06 2.55722677e-05 4.81259412e-06 1.73140356e-05 4.90747853e-05 3.87466804e-05 1.97780653e-05 4.92202467e-05 3.59266502e-05 1.39309152e-05 5.37326439e-05 6.64643774e-05 9.03974360e-06 4.44712755e-05 1.28277330e-04 2.61367182e-05 2.72847150e-04 3.75170941e-04 1.50068376e-05 2.03961323e-04 4.91621962e-05 3.24616558e-05 3.95193418e-04 5.74367962e-04 9.77672234e-05 3.12633024e-04 6.39684948e-05 2.09496945e-05 4.58645800e-05 2.19446196e-05 4.77688894e-07 1.00000000e-10 1.00000000e-10
 2003 03 22 12 00 00  3.66882351e-03 2.21946184e-03 1.22279967e-03 8.78838343e-04 6.36248820e-04 3.56389369e-04 2.54820086e-04 2.14389042e-04 4.38391305e-04 1.25243449e-04 3.07151967e-03 4.56015915e-03 2.22175129e-04 6.45001277e-05 4.22208704e-05 1.26308361e-04 3.84570303e-05 6.44996471e-05 1.21348503e-04 7.02407677e-05 1.43652422e-04 1.76209067e-04 1.01765975e-04 7.16519076e-05 5.21126203e-06 8.50337528e-06 5.99418890e-06 2.54610652e-05 4.79942682e-06 1.72344888e-05 4.86635516e-05 3.86332220e-05 1.95454719e-05 4.87925394e-05 3.51544266e-05 1.38967152e-05 5.29605819e-05 6.54425271e-05 8.99492079e-06 4.37964744e-05 1.26019079e-04 2.56303960e-05 2.68696590e-04 3.68055883e-04 1.47222353e-05 1.98806035e-04 4.76950197e-05 3.14811477e-05 3.87102376e-04 5.65811417e-04 9.58256514e-05 3.06368898e-04 6.15249925e-05 2.00618344e-05 4.38172040e-05 2.05925701e-05 4.19336459e-07 1.00000000e-10 1.00000000e-10
 2003 03 23 12 00 00  3.68241587e-03 2.22841890e-03 1.22846996e-03 8.83091310e-04 6.40034657e-04 3.58078064e-04 2.56499419e-04 2.16237685e-04 4.43238044e-04 1.26540153e-04 3.11040652e-03 4.63451594e-03 2.24123726e-04 6.49573147e-05 4.25103274e-05 1.27745324e-04 3.88612243e-05 6.55709766e-05 1.22391156e-04 7.07156665e-05 1.45920932e-04 1.79103517e-04 1.02977001e-04 7.21948305e-05 5.24042844e-06 8.55079052e-06 6.00639905e-06 2.56043179e-05 4.81033894e-06 1.73323193e-05 4.92210758e-05 3.88020766e-05 1.98776412e-05 4.93825056e-05 3.57912970e-05 1.39556447e-05 5.40553134e-05 6.69660276e-05 9.03438777e-06 4.46198149e-05 1.29272549e-04 2.60350324e-05 2.74765270e-04 3.73907566e-04 1.49563027e-05 2.05197481e-04 4.99788788e-05 3.22673732e-05 3.97455376e-04 5.76494391e-04 9.78403022e-05 3.14339388e-04 6.34309974e-05 2.07549387e-05 4.54181363e-05 2.16810950e-05 4.68290347e-07 1.00000000e-10 1.00000000e-10
 2003 03 24 12 00 00  3.68682417e-03 2.23219345e-03 1.23078498e-03 8.84628103e-04 6.41296087e-04 3.58544975e-04 2.57015409e-04 2.16825381e-04 4.44797945e-04 1.27136657e-04 3.12285473e-03 4.65575121e-03 2.24893695e-04 6.52467996e-05 4.26421888e-05 1.28227893e-04 3.89555527e-05 6.58511359e-05 1.22994600e-04 7.11213565e-05 1.46544763e-04 1.79896872e-04 1.03334686e-04 7.24467910e-05 5.24742973e-06 8.64214599e-06 6.00977801e-06 2.56544537e-05 4.81966490e-06 1.73680971e-05 4.93998278e-05 3.88429209e-05 1.99538787e-05 4.96300504e-05 3.63355386e-05 1.39722499e-05 5.44294116e-05 6.74354505e-05 9.11041643e-06 4.50686535e-05 1.30299158e-04 2.63807364e-05 2.76983913e-04 3.78908187e-04 1.51563275e-05 2.07910041e-04 5.05606644e-05 3.29391012e-05 4.01346049e-04 5.80897188e-04 9.89510810e-05 3.18821553e-04 6.71838356e-05 2.21194232e-05 4.85688380e-05 2.38117127e-05 5.66420468e-07 1.00000000e-10 1.00000000e-10
 2003 03 25 12 00 00  3.70755796e-03 2.24762077e-03 1.24039791e-03 8.91542815e-04 6.47296650e-04 3.60984045e-04 2.59542192e-04 2.19651512e-04 4.52196454e-04 1.29484105e-04 3.18209075e-03 4.76198494e-03 2.28160500e-04 6.62550926e-05 4.31650961e-05 1.30517966e-04 3.95524694e-05 6.74055016e-05 1.25202823e-04 7.23903708e-05 1.49813249e-04 1.84062798e-04 1.05131505e-04 7.34171706e-05 5.29032222e-06 8.81972883e-06 6.02732180e-06 2.58952985e-05 4.84833508e-06 1.75375110e-05 5.03008449e-05 3.90909641e-05 2.04456068e-05 5.06405298e-05 3.80117621e-05 1.40566466e-05 5.61916928e-05 6.97839857e-05 9.25818822e-06 4.66628317e-05 1.35408662e-04 2.74579623e-05 2.86796663e-04 3.94325068e-04 1.57730027e-05 2.19360113e-04 5.38885070e-05 3.50296148e-05 4.19098839e-04 5.99829298e-04 1.03122071e-04 3.34139881e-04 7.46274476e-05 2.48254610e-05 5.48154981e-05 2.80149228e-05 7.58508853e-07 3.30446071e-09 1.00000000e-10
 2003 03 26 12 00 00  3.73768476e-03 2.26582241e-03 1.25206224e-03 9.00695386e-04 6.55660478e-04 3.64885641e-04 2.63324085e-04 2.23778754e-04 4.62969919e-04 1.32027239e-04 3.26864920e-03 4.93196808e-03 2.32221636e-04 6.70079747e-05 4.37361623e-05 1.33686357e-04 4.05294733e-05 6.99193799e-05 1.27038868e-04 7.29759806e-05 1.55069595e-04 1.90763133e-04 1.07886477e-04 7.47243564e-05 5.36033112e-06 9.12055621e-06 6.05550485e-06 2.62318595e-05 4.86158642e-06 1.77492354e-05 5.15614874e-05 3.94955161e-05 2.12517334e-05 5.20527605e-05 3.87863838e-05 1.41919183e-05 5.86296457e-05 7.32409834e-05 9.50848989e-06 4.85952826e-05 1.42749871e-04 2.79552391e-05 3.01563986e-04 4.01448924e-04 1.60579570e-05 2.32631076e-04 5.92864177e-05 3.59947589e-05 4.41228059e-04 6.22979180e-04 1.06762482e-04 3.59062684e-04 8.73865136e-05 2.94635072e-05 6.55202734e-05 3.51971309e-05 1.08525055e-06 1.88985286e-08 7.89307641e-10
 2003 03 27 12 00 00  3.75046055e-03 2.27574989e-03 1.25821664e-03 9.05060324e-04 6.59414637e-04 3.66355022e-04 2.64873042e-04 2.25522590e-04 4.67532304e-04 1.33562553e-04 3.30513177e-03 4.99570966e-03 2.34306307e-04 6.77067756e-05 4.40787475e-05 1.35121856e-04 4.08915977e-05 7.08568725e-05 1.28559823e-04 7.38928444e-05 1.57039496e-04 1.93269001e-04 1.08981092e-04 7.54390725e-05 5.38631721e-06 9.37097211e-06 6.06605245e-06 2.63930155e-05 4.88211117e-06 1.78583841e-05 5.21300468e-05 3.96457355e-05 2.15502805e-05 5.27721610e-05 3.99875484e-05 1.42426012e-05 5.97486383e-05 7.46988548e-05 9.71684494e-06 4.98109148e-05 1.45941970e-04 2.87319708e-05 3.08327012e-04 4.12502559e-04 1.65001024e-05 2.40168155e-04 6.12964272e-05 3.75011266e-05 4.52637787e-04 6.35640400e-04 1.09603628e-04 3.72927505e-04 9.80302122e-05 3.33325414e-05 7.44498792e-05 4.11851960e-05 1.35744243e-06 3.32233896e-08 2.09143973e-09
 2003 03 28 12 00 00  3.77512813e-03 2.29368631e-03 1.26942573e-03 9.13237516e-04 6.66575357e-04 3.69300047e-04 2.67898454e-04 2.28898542e-04 4.76350262e-04 1.36274427e-04 3.37574157e-03 5.12319990e-03 2.38131916e-04 6.88488744e-05 4.46850355e-05 1.37853653e-04 4.16294497e-05 7.27485225e-05 1.31094830e-04 7.52966211e-05 1.60986218e-04 1.98302357e-04 1.11139267e-04 7.65226307e-05 5.43914575e-06 9.49126625e-06 6.08721639e-06 2.66778204e-05 4.91347892e-06 1.80604230e-05 5.32096651e-05 3.99509299e-05 2.21593742e-05 5.39202226e-05 4.18235693e-05 1.43441110e-05 6.18410650e-05 7.75167785e-05 9.81693374e-06 5.15564932e-05 1.52070376e-04 2.99207226e-05 3.19657314e-04 4.29400288e-04 1.71760115e-05 2.53537150e-04 6.53619121e-05 3.98062373e-05 4.73692434e-04 6.57738692e-04 1.14396224e-04 3.88707843e-04 1.03141781e-04 3.51906256e-05 7.87382928e-05 4.40611395e-05 1.48818472e-06 4.01051459e-08 2.71701950e-09
 2003 03 29 12 00 00  3.80578495e-03 2.31288540e-03 1.28166546e-03 9.22734749e-04 6.75201337e-04 3.73221559e-04 2.71737641e-04 2.33106571e-04 4.87322088e-04 1.39006669e-04 3.46383482e-03 5.29319048e-03 2.42381031e-04 6.97409998e-05 4.52988540e-05 1.41126943e-04 4.26244107e-05 7.52844149e-05 1.33221270e-04 7.61110976e-05 1.66261018e-04 2.05031227e-04 1.13926369e-04 7.77604211e-05 5.51028534e-06 9.62785489e-06 6.11549331e-06 2.70180480e-05 4.93161533e-06 1.82855543e-05 5.45130629e-05 4.03617683e-05 2.29813508e-05 5.52770142e-05 4.28855390e-05 1.44795791e-05 6.43442052e-05 8.10453742e-05 9.93058420e-06 5.33827917e-05 1.59610461e-04 3.06099217e-05 3.33873885e-04 4.39176085e-04 1.75670434e-05 2.67626390e-04 7.08198757e-05 4.11423331e-05 4.97111246e-04 6.81803038e-04 1.18557366e-04 4.08763038e-04 1.08921254e-04 3.72915529e-05 8.35874655e-05 4.73164966e-05 1.63641644e-06 4.79256556e-08 3.42839748e-09
 2003 03 30 12 00 00  3.81303793e-03 2.31959000e-03 1.28574319e-03 9.25468402e-04 6.77464600e-04 3.73971852e-04 2.72595182e-04 2.34099503e-04 4.89914813e-04 1.40101756e-04 3.48448880e-03 5.32506667e-03 2.43742596e-04 7.03257294e-05 4.55426351e-05 1.41999382e-04 4.28161584e-05 7.57662579e-05 1.34456410e-04 7.69611157e-05 1.67256644e-04 2.06301154e-04 1.14516479e-04 7.81089651e-05 5.52395104e-06 9.63509665e-06 6.12082149e-06 2.71094829e-05 4.95053973e-06 1.83593450e-05 5.48582759e-05 4.04406193e-05 2.31400511e-05 5.56311887e-05 4.39936644e-05 1.45050348e-05 6.50125013e-05 8.18751846e-05 9.93661524e-06 5.40157135e-05 1.61485855e-04 3.13291588e-05 3.37028317e-04 4.49376843e-04 1.79750737e-05 2.72789303e-04 7.18606112e-05 4.25366394e-05 5.04747836e-04 6.89939585e-04 1.20831085e-04 4.12216683e-04 1.09187655e-04 3.73884906e-05 8.38116768e-05 4.74725119e-05 1.64391588e-06 4.83511243e-08 3.46785356e-09
 2003 03 31 12 00 00  3.83811404e-03 2.33551683e-03 1.29587655e-03 9.33292438e-04 6.84551289e-04 3.77162461e-04 2.75731425e-04 2.37542817e-04 4.98890694e-04 1.42383525e-04 3.55653877e-03 5.46318628e-03 2.47255760e-04 7.10954693e-05 4.60551720e-05 1.44690184e-04 4.36281232e-05 7.78310234e-05 1.36275951e-04 7.76972040e-05 1.71545887e-04 2.11774025e-04 1.16790052e-04 7.91000416e-05 5.58197535e-06 9.70540132e-06 6.14381497e-06 2.73872385e-05 4.96689499e-06 1.85461930e-05 5.59295717e-05 4.07756714e-05 2.38110428e-05 5.67219739e-05 4.49515646e-05 1.46151404e-05 6.70665134e-05 8.47626354e-05 9.99512486e-06 5.54802718e-05 1.67669225e-04 3.19517276e-05 3.48452123e-04 4.58195752e-04 1.83278301e-05 2.84497695e-04 7.63071002e-05 4.37433831e-05 5.24163120e-04 7.09795757e-04 1.24376817e-04 4.27250791e-04 1.12087574e-04 3.84428351e-05 8.62460978e-05 4.91170960e-05 1.71954171e-06 5.23968623e-08 3.83727965e-09
 2003 04 01 12 00 00  3.83765392e-03 2.33456905e-03 1.29533285e-03 9.33002202e-04 6.84354940e-04 3.77157140e-04 2.75689378e-04 2.37480881e-04 4.98728143e-04 1.42205946e-04 3.55527409e-03 5.46318516e-03 2.47084057e-04 7.09698706e-05 4.60164208e-05 1.44611430e-04 4.36256960e-05 7.78280490e-05 1.36026677e-04 7.74871325e-05 1.71541188e-04 2.11770175e-04 1.16768981e-04 7.90187426e-05 5.58182292e-06 9.64829815e-06 6.14380260e-06 2.73745313e-05 4.96215034e-06 1.85364647e-05 5.58953166e-05 4.07748186e-05 2.38089022e-05 5.66532245e-05 4.46741265e-05 1.46151142e-05 6.69982307e-05 8.47070808e-05 9.94762377e-06 5.53084622e-05 1.67520101e-04 3.17734142e-05 3.47979242e-04 4.55644062e-04 1.82257625e-05 2.83683753e-04 7.62989861e-05 4.33973386e-05 5.23169962e-04 7.08489601e-04 1.23925480e-04 4.25290353e-04 1.09574523e-04 3.75295345e-05 8.41392311e-05 4.77160174e-05 1.65670094e-06 4.91535857e-08 3.54408733e-09
 2003 04 02 12 00 00  3.83392065e-03 2.33245383e-03 1.29396455e-03 9.31871192e-04 6.83291465e-04 3.76655261e-04 2.75211325e-04 2.36961221e-04 4.97384804e-04 1.41916563e-04 3.54447014e-03 5.44193052e-03 2.46599915e-04 7.08938855e-05 4.59507620e-05 1.44208182e-04 4.34876711e-05 7.74943328e-05 1.35824488e-04 7.74475047e-05 1.70866501e-04 2.10907366e-04 1.16417795e-04 7.89181761e-05 5.57207131e-06 9.69892426e-06 6.14019809e-06 2.73346962e-05 4.96138564e-06 1.85084561e-05 5.57299498e-05 4.07186832e-05 2.36941065e-05 5.65275633e-05 4.46286431e-05 1.45980332e-05 6.66953097e-05 8.42629842e-05 9.98976175e-06 5.51901754e-05 1.66570536e-04 3.17408558e-05 3.46515602e-04 4.55221564e-04 1.82088626e-05 2.82104030e-04 7.55710877e-05 4.33348439e-05 5.20334479e-04 7.05825197e-04 1.23512221e-04 4.24684772e-04 1.11620119e-04 3.82733720e-05 8.58572206e-05 4.88826064e-05 1.71077462e-06 5.20783175e-08 3.81195022e-09
 2003 04 03 12 00 00  3.82407386e-03 2.32599853e-03 1.28987558e-03 9.28726285e-04 6.80448245e-04 3.75412625e-04 2.73978677e-04 2.35601551e-04 4.93852256e-04 1.40975511e-04 3.51613304e-03 5.38880005e-03 2.45183106e-04 7.05495404e-05 4.57388862e-05 1.43126226e-04 4.31598368e-05 7.66811369e-05 1.35017479e-04 7.70869839e-05 1.69197253e-04 2.08777702e-04 1.15526593e-04 7.85175371e-05 5.54877588e-06 9.67302622e-06 6.13127268e-06 2.72201980e-05 4.95353706e-06 1.84302682e-05 5.52929500e-05 4.05843835e-05 2.34223204e-05 5.60891676e-05 4.41679731e-05 1.45555154e-05 6.58676219e-05 8.31110728e-05 9.96822564e-06 5.45868008e-05 1.64083466e-04 3.14372766e-05 3.41975933e-04 4.50975181e-04 1.80390072e-05 2.77229516e-04 7.38089264e-05 4.27472725e-05 5.12299099e-04 6.97578654e-04 1.21954694e-04 4.18642335e-04 1.10447348e-04 3.78472363e-05 8.48745507e-05 4.82335035e-05 1.68197887e-06 5.06164440e-08 3.68042556e-09
 2003 04 04 12 00 00  3.80959742e-03 2.31550517e-03 1.28331625e-03 9.23889447e-04 6.76183032e-04 3.73670350e-04 2.72192628e-04 2.33607530e-04 4.88664682e-04 1.39385561e-04 3.47458732e-03 5.31441905e-03 2.42937255e-04 6.98744609e-05 4.53826905e-05 1.41497368e-04 4.27032122e-05 7.55455345e-05 1.33506651e-04 7.62585027e-05 1.66862821e-04 2.05799909e-04 1.14250363e-04 7.78930194e-05 5.51630910e-06 9.62974809e-06 6.11879150e-06 2.70474801e-05 4.93523366e-06 1.83069992e-05 5.46373871e-05 4.03971702e-05 2.30438818e-05 5.54219622e-05 4.30952990e-05 1.44960170e-05 6.46191663e-05 8.14264427e-05 9.93222056e-06 5.35884095e-05 1.60403471e-04 3.07374226e-05 3.35340290e-04 4.41096177e-04 1.76438471e-05 2.69247825e-04 7.13497284e-05 4.13912756e-05 4.99606084e-04 6.84364372e-04 1.19089749e-04 4.09930841e-04 1.08572403e-04 3.71657687e-05 8.33021582e-05 4.71839268e-05 1.63461837e-06 4.81503065e-08 3.45692186e-09
 2003 04 05 12 00 00  3.78964864e-03 2.30478139e-03 1.27631875e-03 9.18060436e-04 6.70683241e-04 3.70962997e-04 2.69642840e-04 2.30853497e-04 4.81507873e-04 1.37968905e-04 3.41700388e-03 5.19754067e-03 2.40456263e-04 6.95859768e-05 4.50610952e-05 1.39419615e-04 4.19982069e-05 7.37764174e-05 1.32675032e-04 7.62468844e-05 1.63207731e-04 2.01140483e-04 1.12371972e-04 7.70568234e-05 5.46608098e-06 9.42615079e-06 6.09924246e-06 2.68215244e-05 4.93530060e-06 1.81723719e-05 5.37955061e-05 4.01073805e-05 2.24602700e-05 5.44984390e-05 4.30972199e-05 1.44026548e-05 6.30193935e-05 7.90903987e-05 9.76282972e-06 5.24273232e-05 1.55478247e-04 3.07302893e-05 3.25320904e-04 4.41103341e-04 1.76441336e-05 2.61334382e-04 6.75272604e-05 4.13791771e-05 4.85712527e-04 6.70040015e-04 1.17356445e-04 3.92563513e-04 9.98625606e-05 3.39998340e-05 7.59959379e-05 4.22921668e-05 1.41281271e-06 3.65189145e-08 2.40068623e-09
 2003 04 06 12 00 00  3.76017579e-03 2.28259178e-03 1.26251163e-03 9.08066417e-04 6.61972258e-04 3.67494213e-04 2.66034533e-04 2.26805713e-04 4.70957516e-04 1.34564869e-04 3.33258395e-03 5.04878834e-03 2.35752498e-04 6.80763575e-05 4.42994094e-05 1.36089675e-04 4.11063083e-05 7.15313945e-05 1.29342155e-04 7.43194018e-05 1.58561260e-04 1.95218843e-04 1.09808130e-04 7.56509671e-05 5.40249239e-06 9.17790167e-06 6.07438960e-06 2.64614631e-05 4.89255835e-06 1.79180820e-05 5.24637930e-05 3.97404423e-05 2.17222419e-05 5.30341423e-05 4.05933708e-05 1.42838893e-05 6.04533693e-05 7.56833296e-05 9.55628566e-06 5.01070061e-05 1.48014723e-04 2.91007600e-05 3.11141551e-04 4.18048809e-04 1.67219523e-05 2.44436548e-04 6.26802852e-05 3.82210739e-05 4.59398175e-04 6.42002270e-04 1.11090447e-04 3.70231942e-04 8.92490223e-05 3.01419108e-05 6.70926986e-05 3.63302551e-05 1.14241932e-06 2.23347428e-08 1.11251177e-09
 2003 04 07 12 00 00  3.73081157e-03 2.26347780e-03 1.25039184e-03 8.98751870e-04 6.53555959e-04 3.63785588e-04 2.62362605e-04 2.22760194e-04 4.60432144e-04 1.31790722e-04 3.24814500e-03 4.88940813e-03 2.31554413e-04 6.70807357e-05 4.36751661e-05 1.32889228e-04 4.01427329e-05 6.91162539e-05 1.27006170e-04 7.32964254e-05 1.53576567e-04 1.88861586e-04 1.07152424e-04 7.44110273e-05 5.33385974e-06 9.02083120e-06 6.04771994e-06 2.61211407e-05 4.87016368e-06 1.76898815e-05 5.11777338e-05 3.93445021e-05 2.09244623e-05 5.16896710e-05 3.92796996e-05 1.41565528e-05 5.79997321e-05 7.22675744e-05 9.42561237e-06 4.82283516e-05 1.40660652e-04 2.82383204e-05 2.97282754e-04 4.05943630e-04 1.62377452e-05 2.30097437e-04 5.74604550e-05 3.65511660e-05 4.35837908e-04 6.17593860e-04 1.06579623e-04 3.49949495e-04 8.24607168e-05 2.76745979e-05 6.13995256e-05 3.25278424e-05 9.70682058e-07 1.33799794e-08 3.00638936e-10
 2003 04 08 12 00 00  3.71674140e-03 2.25392103e-03 1.24436656e-03 8.94160909e-04 6.49426813e-04 3.62033268e-04 2.60604417e-04 2.20811104e-04 4.55376869e-04 1.30374026e-04 3.20763437e-03 4.81502078e-03 2.29470850e-04 6.65230183e-05 4.33553844e-05 1.31315157e-04 3.96720250e-05 6.79633929e-05 1.25711822e-04 7.26683706e-05 1.51223525e-04 1.85861404e-04 1.05886390e-04 7.37880424e-05 5.30050747e-06 8.93406177e-06 6.03516601e-06 2.59491986e-05 4.85666060e-06 1.75728678e-05 5.05382131e-05 3.91523645e-05 2.05335979e-05 5.10209216e-05 3.84860497e-05 1.40969001e-05 5.67901749e-05 7.06066284e-05 9.35343051e-06 4.72590884e-05 1.37051783e-04 2.77108542e-05 2.90506813e-04 3.98622271e-04 1.59448908e-05 2.22736730e-04 5.49541670e-05 3.55311611e-05 4.23868931e-04 6.05101929e-04 1.04114361e-04 3.39718913e-04 7.86773295e-05 2.62995479e-05 5.82270600e-05 3.04134783e-05 8.75510787e-07 8.44220374e-09 1.00000000e-10
 2003 04 09 12 00 00  3.69858630e-03 2.24143230e-03 1.23650656e-03 8.88224784e-04 6.44116109e-04 3.59789432e-04 2.58344323e-04 2.18303199e-04 4.48862332e-04 1.28516429e-04 3.15542684e-03 4.71938401e-03 2.26760748e-04 6.57844060e-05 4.29374423e-05 1.29290445e-04 3.90773668e-05 6.64940686e-05 1.24017009e-04 7.18218973e-05 1.48212979e-04 1.82020780e-04 1.04261301e-04 7.30282058e-05 5.25828873e-06 8.88530340e-06 6.01907850e-06 2.57338750e-05 4.83821241e-06 1.74226300e-05 4.97206494e-05 3.89090215e-05 2.00403578e-05 5.01979327e-05 3.74033465e-05 1.40203192e-05 5.52405033e-05 6.84807406e-05 9.31287213e-06 4.60810411e-05 1.32432281e-04 2.69978977e-05 2.82142365e-04 3.88642746e-04 1.55457098e-05 2.13229088e-04 5.17670414e-05 3.41511273e-05 4.08444813e-04 5.89171705e-04 1.00881814e-04 3.28703578e-04 7.65438841e-05 2.55241752e-05 5.64382377e-05 2.92222711e-05 8.21964431e-07 5.92818310e-09 1.00000000e-10
 2003 04 10 12 00 00  3.68536084e-03 2.23361053e-03 1.23147803e-03 8.84170149e-04 6.40353260e-04 3.58046442e-04 2.56664250e-04 2.16469616e-04 4.44109211e-04 1.27425753e-04 3.11724535e-03 4.64499928e-03 2.24993823e-04 6.54614545e-05 4.26900002e-05 1.27863013e-04 3.86105501e-05 6.53459807e-05 1.23195875e-04 7.15854752e-05 1.45865073e-04 1.79026802e-04 1.03033685e-04 7.24762064e-05 5.22518021e-06 8.79580475e-06 6.00654348e-06 2.55782391e-05 4.83337135e-06 1.73235047e-05 4.91381883e-05 3.87182459e-05 1.96529247e-05 4.95902692e-05 3.71172559e-05 1.39607087e-05 5.41439932e-05 6.69159072e-05 9.23841944e-06 4.52848892e-05 1.29086659e-04 2.68013508e-05 2.75683930e-04 3.85995551e-04 1.54398221e-05 2.07290969e-04 4.92737629e-05 3.37723264e-05 3.98310215e-04 5.78750086e-04 9.92573481e-05 3.18566222e-04 7.26436532e-05 2.41066529e-05 5.31677619e-05 2.70422992e-05 7.23819414e-07 2.52451287e-09 1.00000000e-10
 2003 04 11 12 00 00  3.68787011e-03 2.23621787e-03 1.23304575e-03 8.85121671e-04 6.41080172e-04 3.58269840e-04 2.56941650e-04 2.16795656e-04 4.44986856e-04 1.27856929e-04 3.12423354e-03 4.65561077e-03 2.25502592e-04 6.56956798e-05 4.27837199e-05 1.28143073e-04 3.86443600e-05 6.54696953e-05 1.23660287e-04 7.19417294e-05 1.46158469e-04 1.79402256e-04 1.03218752e-04 7.25733684e-05 5.22784030e-06 8.76733393e-06 6.00816384e-06 2.56004603e-05 4.84174088e-06 1.73456997e-05 4.92363071e-05 3.87339940e-05 1.96792622e-05 4.96870350e-05 3.76046315e-05 1.39688680e-05 5.43539229e-05 6.71628233e-05 9.21474420e-06 4.54773340e-05 1.29640802e-04 2.71064142e-05 2.76462811e-04 3.90467959e-04 1.56187184e-05 2.09080375e-04 4.95200104e-05 3.43660417e-05 4.00774184e-04 5.81343724e-04 1.00113831e-04 3.18340842e-04 7.13404241e-05 2.36331467e-05 5.20760072e-05 2.63229235e-05 6.92036548e-07 1.45037973e-09 1.00000000e-10
 2003 04 12 12 00 00  3.68075492e-03 2.23270016e-03 1.23071809e-03 8.83081856e-04 6.39106557e-04 3.57271972e-04 2.56018594e-04 2.15804478e-04 4.42424973e-04 1.27411797e-04 3.10360014e-03 4.61310223e-03 2.24663903e-04 6.56381165e-05 4.26815189e-05 1.27398109e-04 3.83721956e-05 6.48070127e-05 1.23442443e-04 7.20200595e-05 1.44811196e-04 1.77682812e-04 1.02533518e-04 7.23227804e-05 5.20858157e-06 8.75457990e-06 6.00097301e-06 2.55207380e-05 4.84377124e-06 1.72973829e-05 4.89287807e-05 3.86230880e-05 1.94530978e-05 4.93939011e-05 3.77217570e-05 1.39347467e-05 5.37852907e-05 6.63116434e-05 9.20413222e-06 4.51666141e-05 1.27847265e-04 2.71750672e-05 2.73103721e-04 3.91536876e-04 1.56614750e-05 2.06442771e-04 4.80771938e-05 3.45006440e-05 3.95877851e-04 5.76541161e-04 9.96296952e-05 3.13798641e-04 7.07939373e-05 2.34345051e-05 5.16176000e-05 2.60161218e-05 6.78133642e-07 9.64026015e-10 1.00000000e-10
 2003 04 13 12 00 00  3.68199942e-03 2.23256224e-03 1.23071411e-03 8.83246988e-04 6.39341956e-04 3.57502613e-04 2.56192929e-04 2.15972590e-04 4.42868219e-04 1.27330857e-04 3.10722264e-03 4.62372191e-03 2.24683668e-04 6.55133575e-05 4.26642828e-05 1.27480979e-04 3.84234911e-05 6.49521535e-05 1.23210352e-04 7.17709423e-05 1.45126985e-04 1.78086055e-04 1.02673148e-04 7.23411362e-05 5.21234178e-06 8.76233316e-06 6.00268359e-06 2.55269186e-05 4.83825861e-06 1.72961937e-05 4.89577453e-05 3.86449479e-05 1.94948574e-05 4.94268804e-05 3.73987394e-05 1.39430951e-05 5.38456336e-05 6.64460464e-05 9.21056417e-06 4.51416888e-05 1.28085332e-04 2.69645476e-05 2.73684620e-04 3.88562330e-04 1.55424932e-05 2.06174851e-04 4.83818876e-05 3.40927101e-05 3.95822130e-04 5.76343277e-04 9.92311275e-05 3.14897347e-04 7.12622314e-05 2.36044008e-05 5.20081004e-05 2.62589994e-05 6.87807579e-07 1.24090462e-09 1.00000000e-10
 2003 04 14 12 00 00  3.68937456e-03 2.23680350e-03 1.23345305e-03 8.85436468e-04 6.41363038e-04 3.58473672e-04 2.57123081e-04 2.16982657e-04 4.45506316e-04 1.27908834e-04 3.12842258e-03 4.66621593e-03 2.25642895e-04 6.56618860e-05 4.27947909e-05 1.28244958e-04 3.86640982e-05 6.55761512e-05 1.23591575e-04 7.18511117e-05 1.46434537e-04 1.79755339e-04 1.03353273e-04 7.26008136e-05 5.22961491e-06 8.76151753e-06 6.00971107e-06 2.56024071e-05 4.84002994e-06 1.73454643e-05 4.92566125e-05 3.87448119e-05 1.96931753e-05 4.97226109e-05 3.75025469e-05 1.39768730e-05 5.44237827e-05 6.72852242e-05 9.20985331e-06 4.54951839e-05 1.29856622e-04 2.70322693e-05 2.76911663e-04 3.89518368e-04 1.55807347e-05 2.09173581e-04 4.97191737e-05 3.42239218e-05 4.00997991e-04 5.81504353e-04 9.99937646e-05 3.18838483e-04 7.14471369e-05 2.36710907e-05 5.21594630e-05 2.63304519e-05 6.88893070e-07 1.17944694e-09 1.00000000e-10
 2003 04 15 12 00 00  3.69142881e-03 2.23832093e-03 1.23440101e-03 8.86118152e-04 6.41954585e-04 3.58713864e-04 2.57373277e-04 2.17262941e-04 4.46241713e-04 1.28139561e-04 3.13428607e-03 4.67683747e-03 2.25966337e-04 6.57639154e-05 4.28473781e-05 1.28470277e-04 3.87197593e-05 6.57266472e-05 1.23821242e-04 7.19796168e-05 1.46755139e-04 1.80165520e-04 1.03530072e-04 7.26623000e-05 5.23365015e-06 8.73018726e-06 6.01144420e-06 2.56221191e-05 4.84276352e-06 1.73615739e-05 4.93386220e-05 3.87682056e-05 1.97387897e-05 4.97932779e-05 3.76634067e-05 1.39852680e-05 5.45889334e-05 6.75109871e-05 9.18373844e-06 4.55904803e-05 1.30346641e-04 2.71399564e-05 2.77612928e-04 3.91003246e-04 1.56401298e-05 2.10248153e-04 5.00384776e-05 3.44320113e-05 4.02715308e-04 5.83198907e-04 1.00407353e-04 3.19036839e-04 7.04528142e-05 2.33088437e-05 5.13194846e-05 2.57210117e-05 6.57868634e-07 1.00000000e-10 1.00000000e-10
 2003 04 16 12 00 00  3.69181409e-03 2.23630093e-03 1.23332063e-03 8.85752317e-04 6.41864373e-04 3.58951470e-04 2.57479425e-04 2.17326060e-04 4.46393328e-04 1.27708278e-04 3.13563812e-03 4.68746349e-03 2.25652957e-04 6.53962103e-05 4.27549810e-05 1.28422365e-04 3.87851323e-05 6.58890523e-05 1.23123319e-04 7.13197223e-05 1.47087138e-04 1.80591146e-04 1.03639996e-04 7.25783217e-05 5.23829731e-06 8.69281503e-06 6.01322863e-06 2.56135339e-05 4.82770629e-06 1.73448685e-05 4.93191234e-05 3.87949985e-05 1.97929767e-05 4.97422212e-05 3.67839821e-05 1.39937707e-05 5.45417231e-05 6.75684481e-05 9.15257915e-06 4.53278630e-05 1.30371369e-04 2.65785609e-05 2.77714065e-04 3.82919500e-04 1.53167800e-05 2.08542459e-04 5.03902615e-05 3.33417614e-05 4.00976317e-04 5.80919300e-04 9.91616123e-05 3.18979719e-04 6.93091439e-05 2.28920508e-05 5.03523655e-05 2.50116045e-05 6.21241549e-07 1.00000000e-10 1.00000000e-10
 2003 04 17 12 00 00  3.70752165e-03 2.24664937e-03 1.23987319e-03 8.90748105e-04 6.46357342e-04 3.60919546e-04 2.59437359e-04 2.19486295e-04 4.52021711e-04 1.29216739e-04 3.18075753e-03 4.77246158e-03 2.27918591e-04 6.59506838e-05 4.30951417e-05 1.30130717e-04 3.92877118e-05 6.71632471e-05 1.24417901e-04 7.19057163e-05 1.49731319e-04 1.83963701e-04 1.05052557e-04 7.32368193e-05 5.27418815e-06 8.76642298e-06 6.02739274e-06 2.57925212e-05 4.84045922e-06 1.74660700e-05 4.99967336e-05 3.90022004e-05 2.02084644e-05 5.04553165e-05 3.75325500e-05 1.40615608e-05 5.58466434e-05 6.93810339e-05 9.21375758e-06 4.63319441e-05 1.34272940e-04 2.70719698e-05 2.85011168e-04 3.89819839e-04 1.55927936e-05 2.16240126e-04 5.31363068e-05 3.42967338e-05 4.13558975e-04 5.93964537e-04 1.01632806e-04 3.29655460e-04 7.29045443e-05 2.41978805e-05 5.33607485e-05 2.69651046e-05 7.05442940e-07 1.19437971e-09 1.00000000e-10
 2003 04 18 12 00 00  3.71380729e-03 2.25126986e-03 1.24275888e-03 8.92882510e-04 6.48243866e-04 3.61671699e-04 2.60215227e-04 2.20358557e-04 4.54284429e-04 1.29923757e-04 3.19882897e-03 4.80434112e-03 2.28910220e-04 6.62673846e-05 4.32560066e-05 1.30851746e-04 3.94886825e-05 6.76563941e-05 1.25140287e-04 7.23033096e-05 1.50739776e-04 1.85248274e-04 1.05605797e-04 7.35496905e-05 5.28843411e-06 8.83235989e-06 6.03277003e-06 2.58728826e-05 4.84883858e-06 1.75215202e-05 5.02846342e-05 3.90842819e-05 2.03753036e-05 5.07807821e-05 3.80261336e-05 1.40871183e-05 5.64003560e-05 7.01217525e-05 9.26852081e-06 4.68455228e-05 1.35898621e-04 2.74044927e-05 2.88147298e-04 3.94378708e-04 1.57751483e-05 2.19844624e-04 5.42078807e-05 3.49388574e-05 4.19249961e-04 6.00068714e-04 1.02962026e-04 3.35461576e-04 7.63958527e-05 2.54653425e-05 5.62779954e-05 2.88271178e-05 7.83299896e-07 3.61673429e-09 1.00000000e-10
 2003 04 19 12 00 00  3.72022704e-03 2.25616758e-03 1.24580318e-03 8.95100336e-04 6.50185844e-04 3.62425610e-04 2.61005078e-04 2.21248305e-04 4.56593295e-04 1.30682421e-04 3.21726652e-03 4.83622141e-03 2.29951342e-04 6.66192627e-05 4.34277522e-05 1.31595097e-04 3.96906195e-05 6.81507227e-05 1.25929590e-04 7.27600534e-05 1.51749258e-04 1.86534384e-04 1.06165303e-04 7.38676203e-05 5.30274156e-06 8.89017974e-06 6.03815170e-06 2.59553248e-05 4.85861347e-06 1.75798048e-05 5.05826171e-05 3.91666952e-05 2.05429998e-05 5.11106013e-05 3.86009517e-05 1.41126846e-05 5.69716831e-05 7.08775523e-05 9.31655231e-06 4.73748799e-05 1.37565626e-04 2.77877029e-05 2.91297725e-04 3.99682859e-04 1.59873144e-05 2.23669475e-04 5.52826852e-05 3.56796721e-05 4.25227238e-04 6.06466885e-04 1.04418644e-04 3.40933228e-04 7.93935704e-05 2.65537359e-05 5.87836881e-05 3.04334829e-05 8.50999419e-07 5.74969121e-09 1.00000000e-10
 2003 04 20 12 00 00  3.74385461e-03 2.27186666e-03 1.25573066e-03 9.02628720e-04 6.56934761e-04 3.65373680e-04 2.63943871e-04 2.24492396e-04 4.65051729e-04 1.32976463e-04 3.28509229e-03 4.96371686e-03 2.33376923e-04 6.74673203e-05 4.39432017e-05 1.34161759e-04 4.04396415e-05 7.00560748e-05 1.27890263e-04 7.36688031e-05 1.55708852e-04 1.91585496e-04 1.08284457e-04 7.48435224e-05 5.35627187e-06 8.97887221e-06 6.05937348e-06 2.62221116e-05 4.87868892e-06 1.77621511e-05 5.16014025e-05 3.94758041e-05 2.11619496e-05 5.21689058e-05 3.97774274e-05 1.42143152e-05 5.89325097e-05 7.35958781e-05 9.39028469e-06 4.88641212e-05 1.43418427e-04 2.85553455e-05 3.02135632e-04 4.10517946e-04 1.64207179e-05 2.35299916e-04 5.93855220e-05 3.71669885e-05 4.44179239e-04 6.26060436e-04 1.08179054e-04 3.56015886e-04 8.35986682e-05 2.80812684e-05 6.23041176e-05 3.27346592e-05 9.51314070e-07 1.01882026e-08 1.00000000e-10
 2003 04 21 12 00 00  3.75310997e-03 2.27997295e-03 1.26068952e-03 9.06010607e-04 6.59768576e-04 3.66365535e-04 2.65047442e-04 2.25758758e-04 4.68360787e-04 1.34280324e-04 3.31147277e-03 5.00621423e-03 2.35040538e-04 6.81368355e-05 4.42342755e-05 1.35251217e-04 4.06889856e-05 7.06907827e-05 1.29319610e-04 7.46185717e-05 1.57031835e-04 1.93268671e-04 1.09050117e-04 7.53708553e-05 5.37409542e-06 9.12437172e-06 6.06644571e-06 2.63438058e-05 4.89976810e-06 1.78512119e-05 5.20328297e-05 3.95787240e-05 2.13679770e-05 5.26928251e-05 4.10121429e-05 1.42481891e-05 5.97785955e-05 7.46567111e-05 9.51130278e-06 4.98034237e-05 1.45789641e-04 2.93584424e-05 3.06845595e-04 4.21886126e-04 1.68754451e-05 2.41566266e-04 6.07520284e-05 3.87235195e-05 4.53432885e-04 6.36300800e-04 1.10808558e-04 3.65020690e-04 9.00846189e-05 3.04382213e-05 6.77403817e-05 3.63388588e-05 1.11217526e-06 1.84296681e-08 6.98822866e-10
 2003 04 22 12 00 00  3.77965438e-03 2.29619819e-03 1.27107032e-03 9.14144413e-04 6.67196579e-04 3.69792743e-04 2.68380924e-04 2.29403119e-04 4.77862704e-04 1.36563683e-04 3.38778209e-03 5.15495576e-03 2.38654884e-04 6.88425489e-05 4.47482431e-05 1.38067246e-04 4.15570918e-05 7.29066436e-05 1.31033669e-04 7.52058695e-05 1.61644189e-04 1.99152505e-04 1.11475486e-04 7.64323098e-05 5.43618626e-06 9.24601991e-06 6.09117524e-06 2.66359901e-05 4.91276151e-06 1.80421634e-05 5.31522436e-05 3.99373384e-05 2.20850139e-05 5.38612998e-05 4.17735049e-05 1.43666970e-05 6.19303213e-05 7.77111978e-05 9.61248879e-06 5.13481985e-05 1.52297320e-04 2.98547122e-05 3.19178190e-04 4.28897418e-04 1.71558967e-05 2.53421904e-04 6.55194570e-05 3.96851479e-05 4.73314845e-04 6.56683052e-04 1.14178406e-04 3.82738557e-04 9.54670930e-05 3.23942691e-05 7.22524092e-05 3.93355607e-05 1.24630562e-06 2.53310631e-08 1.32216069e-09
 2003 04 23 12 00 00  3.78730164e-03 2.30095751e-03 1.27410790e-03 9.16510086e-04 6.69349852e-04 3.70773147e-04 2.69339903e-04 2.30454030e-04 4.80601839e-04 1.37239705e-04 3.40976427e-03 5.19745424e-03 2.39711206e-04 6.90628282e-05 4.49007938e-05 1.38884126e-04 4.18059557e-05 7.35407695e-05 1.31564415e-04 7.54042645e-05 1.62963245e-04 2.00834922e-04 1.12171609e-04 7.67459414e-05 5.45397925e-06 9.28733643e-06 6.09824565e-06 2.67213339e-05 4.91707797e-06 1.80981733e-05 5.34762264e-05 4.00400924e-05 2.22906165e-05 5.42043096e-05 4.20268683e-05 1.44005651e-05 6.25544652e-05 7.85922455e-05 9.64685023e-06 5.18117548e-05 1.54179198e-04 3.00217449e-05 3.22762070e-04 4.31233023e-04 1.72493209e-05 2.56921753e-04 6.68843626e-05 4.00084333e-05 4.79143090e-04 6.62693823e-04 1.15208067e-04 3.88057020e-04 9.73228272e-05 3.30685991e-05 7.38075823e-05 4.03648032e-05 1.29210963e-06 2.76675507e-08 1.53266750e-09
 2003 04 24 12 00 00  3.79779033e-03 2.30885638e-03 1.27902266e-03 9.20051018e-04 6.72426573e-04 3.72003867e-04 2.70620521e-04 2.31889867e-04 4.84351388e-04 1.38449561e-04 3.43977089e-03 5.25057539e-03 2.41382951e-04 6.95957692e-05 4.51710016e-05 1.40059689e-04 4.21158213e-05 7.43319280e-05 1.32734443e-04 7.60842639e-05 1.64608287e-04 2.02935997e-04 1.13081169e-04 7.71453339e-05 5.47614363e-06 9.23851549e-06 6.10707648e-06 2.68380121e-05 4.93226762e-06 1.81870006e-05 5.39388105e-05 4.01681056e-05 2.25465454e-05 5.46389238e-05 4.29159845e-05 1.44428879e-05 6.34453623e-05 7.97871502e-05 9.60622419e-06 5.24536651e-05 1.56793563e-04 3.05975438e-05 3.27069160e-04 4.39416080e-04 1.75766432e-05 2.62784766e-04 6.85864186e-05 4.11249377e-05 4.88383244e-04 6.72121774e-04 1.17411813e-04 3.91610170e-04 9.52857870e-05 3.23280356e-05 7.20979391e-05 3.92131372e-05 1.23938518e-06 2.48644874e-08 1.27715065e-09
 2003 04 25 12 00 00  3.80314739e-03 2.31446347e-03 1.28239192e-03 9.22196769e-04 6.74135608e-04 3.72500547e-04 2.71234184e-04 2.32616243e-04 4.86257917e-04 1.39391536e-04 3.45492374e-03 5.27182259e-03 2.42492553e-04 7.01331843e-05 4.53791662e-05 1.40721689e-04 4.22358804e-05 7.46436301e-05 1.33843824e-04 7.69001897e-05 1.65267377e-04 2.03770255e-04 1.13493016e-04 7.75572057e-05 5.48476492e-06 9.43353371e-06 6.11058858e-06 2.69187952e-05 4.95064414e-06 1.82457399e-05 5.42036886e-05 4.02179518e-05 2.26454897e-05 5.50252702e-05 4.39907308e-05 1.44597754e-05 6.39738123e-05 8.03963903e-05 9.76849624e-06 5.32345961e-05 1.58191247e-04 3.12896853e-05 3.30295223e-04 4.49302785e-04 1.79721114e-05 2.67209788e-04 6.92542526e-05 4.24678350e-05 4.94505435e-04 6.79329271e-04 1.19443188e-04 3.99849139e-04 1.03501402e-04 3.53146252e-05 7.89917485e-05 4.38460744e-05 1.45070190e-06 3.60402339e-08 2.29441355e-09
 2003 04 26 12 00 00  3.81658062e-03 2.32296595e-03 1.28780352e-03 9.26357795e-04 6.77894733e-04 3.74207917e-04 2.72910022e-04 2.34453808e-04 4.91057757e-04 1.40604586e-04 3.49347228e-03 5.34618944e-03 2.44365174e-04 7.05317437e-05 4.56504059e-05 1.42148042e-04 4.26619226e-05 7.57417409e-05 1.34778628e-04 7.72730273e-05 1.67562750e-04 2.06699438e-04 1.14708476e-04 7.80775314e-05 5.51530611e-06 9.46328219e-06 6.12291115e-06 2.70635554e-05 4.95916647e-06 1.83432942e-05 5.47685611e-05 4.03944519e-05 2.29969373e-05 5.55989983e-05 4.44884005e-05 1.45189406e-05 6.50621226e-05 8.19290293e-05 9.79325850e-06 5.39990877e-05 1.61463445e-04 3.16069985e-05 3.36324653e-04 4.53876922e-04 1.81550769e-05 2.73368233e-04 7.16111739e-05 4.30841523e-05 5.04702989e-04 6.89730613e-04 1.21281178e-04 4.07529654e-04 1.04699405e-04 3.57502628e-05 7.99979611e-05 4.45299195e-05 1.48244109e-06 3.77600252e-08 2.45199736e-09
 2003 04 27 12 00 00  3.83289108e-03 2.33191584e-03 1.29362292e-03 9.31098411e-04 6.82314272e-04 3.76393710e-04 2.74976569e-04 2.36685806e-04 4.96886241e-04 1.41791983e-04 3.54039155e-03 5.44180349e-03 2.46411751e-04 7.07765958e-05 4.59166773e-05 1.43816314e-04 4.32065775e-05 7.71497726e-05 1.35443444e-04 7.73056701e-05 1.70512607e-04 2.10460588e-04 1.16228186e-04 7.87450369e-05 5.55437691e-06 9.61609330e-06 6.13873999e-06 2.72387302e-05 4.96021967e-06 1.84485586e-05 5.54341514e-05 4.06202947e-05 2.34460487e-05 5.63346138e-05 4.45480284e-05 1.45949787e-05 6.63453294e-05 8.37974844e-05 9.92042915e-06 5.49299083e-05 1.65385494e-04 3.16373131e-05 3.44290014e-04 4.54415343e-04 1.81766137e-05 2.79744027e-04 7.46310863e-05 4.31446388e-05 5.15739591e-04 7.01102130e-04 1.22687733e-04 4.20743230e-04 1.11006341e-04 3.80433146e-05 8.52924375e-05 4.81060681e-05 1.64685036e-06 4.65524479e-08 3.25478098e-09
 2003 04 28 12 00 00  3.82456744e-03 2.32588028e-03 1.28984921e-03 9.28293374e-04 6.79827851e-04 3.75388402e-04 2.73944825e-04 2.35532158e-04 4.93894403e-04 1.40874082e-04 3.51645360e-03 5.39929494e-03 2.45115189e-04 7.03784308e-05 4.57094955e-05 1.42866125e-04 4.29353793e-05 7.64882774e-05 1.34540935e-04 7.68147351e-05 1.69166442e-04 2.08742662e-04 1.15491364e-04 7.84014100e-05 5.53517857e-06 9.61928017e-06 6.13155426e-06 2.71380853e-05 4.94964843e-06 1.83755277e-05 5.50510083e-05 4.05097264e-05 2.32207385e-05 5.59624113e-05 4.39268217e-05 1.45608676e-05 6.56210917e-05 8.28174296e-05 9.92310888e-06 5.43845333e-05 1.63236305e-04 3.12248769e-05 3.40571912e-04 4.48685292e-04 1.79474117e-05 2.75091953e-04 7.31914886e-05 4.23469930e-05 5.08271500e-04 6.93413220e-04 1.20993676e-04 4.16381736e-04 1.10948400e-04 3.80227139e-05 8.52471404e-05 4.81021634e-05 1.64857763e-06 4.67871786e-08 3.27976934e-09
 2003 04 29 12 00 00  3.82920149e-03 2.32736030e-03 1.29092133e-03 9.29350549e-04 6.80900856e-04 3.76085921e-04 2.74546201e-04 2.36152950e-04 4.95535609e-04 1.40984579e-04 3.52976345e-03 5.43115288e-03 2.45513227e-04 7.02490708e-05 4.57334957e-05 1.43262146e-04 4.30887681e-05 7.69230945e-05 1.34318133e-04 7.64792028e-05 1.70113507e-04 2.09951600e-04 1.15948766e-04 7.85331975e-05 5.54642975e-06 9.64680075e-06 6.13668381e-06 2.71728752e-05 4.94264859e-06 1.83901626e-05 5.51994759e-05 4.05751489e-05 2.33455910e-05 5.61260583e-05 4.35140362e-05 1.45859070e-05 6.59209319e-05 8.33167227e-05 9.94604197e-06 5.44973215e-05 1.64213791e-04 3.09448573e-05 3.42671933e-04 4.44870227e-04 1.77948091e-05 2.75795391e-04 7.41039403e-05 4.18066367e-05 5.09986379e-04 6.94956849e-04 1.20672492e-04 4.19454620e-04 1.11878177e-04 3.83612663e-05 8.60313046e-05 4.86608505e-05 1.67633650e-06 4.84265257e-08 3.43331550e-09
 2003 04 30 12 00 00  3.80393746e-03 2.31402208e-03 1.28219160e-03 9.22005199e-04 6.73934819e-04 3.72634032e-04 2.71307588e-04 2.32659497e-04 4.86465102e-04 1.39238468e-04 3.45677721e-03 5.28239533e-03 2.42407815e-04 6.99191752e-05 4.53358017e-05 1.40631381e-04 4.21837671e-05 7.46620237e-05 1.33326887e-04 7.65289704e-05 1.65458174e-04 2.04009147e-04 1.13559482e-04 7.76516391e-05 5.48201606e-06 9.63085186e-06 6.11176292e-06 2.69013493e-05 4.94434753e-06 1.82202543e-05 5.41384568e-05 4.02036210e-05 2.25959986e-05 5.51037780e-05 4.36098489e-05 1.44669990e-05 6.39213322e-05 8.03595009e-05 9.93280410e-06 5.33637028e-05 1.57980066e-04 3.09918571e-05 3.31167038e-04 4.45733178e-04 1.78293271e-05 2.66077193e-04 6.92131580e-05 4.19008662e-05 4.92493986e-04 6.77712085e-04 1.18589141e-04 4.04807193e-04 1.10968301e-04 3.80310770e-05 8.52719353e-05 4.81833703e-05 1.65691662e-06 4.75769923e-08 3.36047101e-09
 2003 05 01 12 00 00  3.77592859e-03 2.29220031e-03 1.26866956e-03 9.12310676e-04 6.65534796e-04 3.69389916e-04 2.67888924e-04 2.28804783e-04 4.76431141e-04 1.35847487e-04 3.37654077e-03 5.14425933e-03 2.37812447e-04 6.83504597e-05 4.45772057e-05 1.37414615e-04 4.13349102e-05 7.25520309e-05 1.29888899e-04 7.44639779e-05 1.61122226e-04 1.98477635e-04 1.11140457e-04 7.64201621e-05 5.42166854e-06 9.58649835e-06 6.08857845e-06 2.65620952e-05 4.89867562e-06 1.79681183e-05 5.28494371e-05 3.98556615e-05 2.18924484e-05 5.38036231e-05 4.09336324e-05 1.43564903e-05 6.14588406e-05 7.71099914e-05 9.89593391e-06 5.13193700e-05 1.50811805e-04 2.92470650e-05 3.18608642e-04 4.21087696e-04 1.68435079e-05 2.49390660e-04 6.46432862e-05 3.85200197e-05 4.66517287e-04 6.50543026e-04 1.12146663e-04 3.89450945e-04 1.08851604e-04 3.72622004e-05 8.35000865e-05 4.70268778e-05 1.60662710e-06 4.51025272e-08 3.13991180e-09
 2003 05 02 12 00 00  3.75865338e-03 2.28159479e-03 1.26188939e-03 9.06926403e-04 6.60578660e-04 3.67144195e-04 2.65703316e-04 2.26410235e-04 4.70223907e-04 1.34342315e-04 3.32669865e-03 5.04861921e-03 2.35440976e-04 6.78628461e-05 4.42367319e-05 1.35531919e-04 4.07315179e-05 7.10719964e-05 1.28690488e-04 7.40391377e-05 1.58101114e-04 1.94623137e-04 1.09548771e-04 7.57352045e-05 5.37890046e-06 9.54011557e-06 6.07244547e-06 2.63607467e-05 4.88970945e-06 1.78347144e-05 5.20817907e-05 3.96092568e-05 2.13914987e-05 5.30431791e-05 4.04055580e-05 1.42798148e-05 6.00181709e-05 7.50683401e-05 9.85737206e-06 5.03284744e-05 1.46426622e-04 2.88916548e-05 3.10538562e-04 4.16210700e-04 1.66484280e-05 2.41340762e-04 6.14269520e-05 3.78336234e-05 4.52889280e-04 6.36680452e-04 1.09795086e-04 3.78430331e-04 1.06665288e-04 3.64679789e-05 8.16695470e-05 4.58287488e-05 1.55428136e-06 4.25074759e-08 2.90807627e-09
 2003 05 03 12 00 00  3.75090892e-03 2.27688169e-03 1.25887246e-03 9.04478475e-04 6.58297855e-04 3.66124407e-04 2.64713274e-04 2.25324175e-04 4.67427624e-04 1.33670779e-04 3.30425221e-03 5.00610173e-03 2.34377812e-04 6.76390368e-05 4.40834637e-05 1.34664032e-04 4.04399354e-05 7.03855068e-05 1.28126009e-04 7.38437462e-05 1.56729900e-04 1.92872821e-04 1.08826373e-04 7.54449381e-05 5.35841864e-06 9.55306314e-06 6.06515423e-06 2.62661008e-05 4.88587248e-06 1.77707513e-05 5.17197729e-05 3.94915493e-05 2.11481980e-05 5.27133644e-05 4.01777186e-05 1.42454825e-05 5.93557138e-05 7.41259119e-05 9.86817540e-06 4.99196516e-05 1.44387057e-04 2.87305738e-05 3.06982094e-04 4.14096867e-04 1.65638747e-05 2.37623212e-04 5.99191815e-05 3.75240634e-05 4.46479190e-04 6.30273811e-04 1.08692065e-04 3.74209570e-04 1.07001548e-04 3.65907215e-05 8.19553235e-05 4.60496772e-05 1.56643156e-06 4.33060762e-08 2.98470901e-09
 2003 05 04 12 00 00  3.73550802e-03 2.26733454e-03 1.25277773e-03 8.99666826e-04 6.53883308e-04 3.64131673e-04 2.62768899e-04 2.23192262e-04 4.61897211e-04 1.32310982e-04 3.25984614e-03 4.92109023e-03 2.32250123e-04 6.71915619e-05 4.37764318e-05 1.32986803e-04 3.99077340e-05 6.90750079e-05 1.27036572e-04 7.34415080e-05 1.54047641e-04 1.89453193e-04 1.07411744e-04 7.47771454e-05 5.32066333e-06 9.43347113e-06 6.05083551e-06 2.60823051e-05 4.87727120e-06 1.76518486e-05 5.10349314e-05 3.92739836e-05 2.07065736e-05 5.19882886e-05 3.96718940e-05 1.41773722e-05 5.80639353e-05 7.23075789e-05 9.76868760e-06 4.89269467e-05 1.40481814e-04 2.83931528e-05 2.99413222e-04 4.09429105e-04 1.63771642e-05 2.30349571e-04 5.70741016e-05 3.68718116e-05 4.34309508e-04 6.17636422e-04 1.06557286e-04 3.62042292e-04 1.01795906e-04 3.46987386e-05 7.75901110e-05 4.31391863e-05 1.43533881e-06 3.64980096e-08 2.36816575e-09
 2003 05 05 12 00 00  3.71237862e-03 2.25283218e-03 1.24353465e-03 8.92442782e-04 6.47293513e-04 3.61161128e-04 2.59860996e-04 2.20001983e-04 4.53603833e-04 1.30239549e-04 3.19325853e-03 4.79358323e-03 2.29033778e-04 6.65022610e-05 4.33100948e-05 1.30483685e-04 3.91300797e-05 6.71345624e-05 1.25382111e-04 7.28032202e-05 1.50050148e-04 1.84356579e-04 1.05299277e-04 7.37772242e-05 5.26532967e-06 9.25471541e-06 6.02946529e-06 2.58115411e-05 4.86333120e-06 1.74758287e-05 5.00213410e-05 3.89548513e-05 2.00623530e-05 5.09054710e-05 3.88539280e-05 1.40754302e-05 5.61375830e-05 6.96030942e-05 9.61996557e-06 4.74315573e-05 1.34680775e-04 2.78552965e-05 2.88154944e-04 4.01890675e-04 1.60756270e-05 2.19436464e-04 5.28755016e-05 3.58305551e-05 4.16181137e-04 5.98780373e-04 1.03319479e-04 3.44143186e-04 9.41348442e-05 3.19140578e-05 7.11638957e-05 3.88385145e-05 1.24047126e-06 2.62895838e-08 1.44141206e-09
 2003 05 06 12 00 00  3.68821496e-03 2.23609394e-03 1.23301103e-03 8.84574326e-04 6.40297840e-04 3.58195418e-04 2.56867923e-04 2.16681476e-04 4.44953765e-04 1.27750689e-04 3.12391091e-03 4.66608107e-03 2.25418202e-04 6.55192057e-05 4.27529985e-05 1.27817800e-04 3.83655279e-05 6.52101880e-05 1.23155218e-04 7.16700859e-05 1.46069970e-04 1.79280789e-04 1.03149036e-04 7.27266153e-05 5.21082075e-06 9.12632095e-06 6.00816202e-06 2.55286548e-05 4.83809672e-06 1.72804992e-05 4.89513485e-05 3.86403088e-05 1.94296968e-05 4.97820279e-05 3.73763731e-05 1.39736294e-05 5.40903010e-05 6.68060408e-05 9.51314214e-06 4.57841013e-05 1.28619044e-04 2.68964446e-05 2.76835509e-04 3.88289291e-04 1.55315717e-05 2.06851679e-04 4.87207348e-05 3.39716935e-05 3.95978551e-04 5.77687981e-04 9.90534509e-05 3.27844908e-04 8.86432043e-05 2.99179022e-05 6.65572337e-05 3.57540576e-05 1.10060355e-06 1.89542188e-08 7.75275133e-10
 2003 05 07 12 00 00  3.66625163e-03 2.22108481e-03 1.22355795e-03 8.77485076e-04 6.33984331e-04 3.55486250e-04 2.54146082e-04 2.13667950e-04 4.37096681e-04 1.25533120e-04 3.06089724e-03 4.54920866e-03 2.22168533e-04 6.46665283e-05 4.22571595e-05 1.25413684e-04 3.76736309e-05 6.34571188e-05 1.21218379e-04 7.07102183e-05 1.42430774e-04 1.74642189e-04 1.01190656e-04 7.17262247e-05 5.16141736e-06 8.93195102e-06 5.98868064e-06 2.52701200e-05 4.81657917e-06 1.71065576e-05 4.79866003e-05 3.83551058e-05 1.88576509e-05 4.87223092e-05 3.61173152e-05 1.38804098e-05 5.22364136e-05 6.42697076e-05 9.35141798e-06 4.42120056e-05 1.23139284e-04 2.60830275e-05 2.66182150e-04 3.76703862e-04 1.50681545e-05 1.95597274e-04 4.49420942e-05 3.23940301e-05 3.77940210e-04 5.58641828e-04 9.53275274e-05 3.10660220e-04 8.03915014e-05 2.69183463e-05 5.96342426e-05 3.11102543e-05 8.89419255e-07 7.83273784e-09 1.00000000e-10
 2003 05 08 12 00 00  3.64504299e-03 2.20761474e-03 1.21498942e-03 8.70876025e-04 6.28002005e-04 3.52787101e-04 2.51495031e-04 2.10758634e-04 4.29510626e-04 1.23604981e-04 2.99997305e-03 4.43233848e-03 2.19200486e-04 6.40226829e-05 4.18256480e-05 1.23142158e-04 3.69870715e-05 6.17106096e-05 1.19704130e-04 7.00982986e-05 1.38799221e-04 1.70012073e-04 9.92675592e-05 7.08099995e-05 5.11235012e-06 8.76361009e-06 5.96922800e-06 2.50285014e-05 4.80273447e-06 1.69488632e-05 4.70751066e-05 3.80717684e-05 1.82903197e-05 4.77349836e-05 3.53079988e-05 1.37872470e-05 5.04878698e-05 6.18230385e-05 9.21134852e-06 4.28318363e-05 1.17903264e-04 2.55634252e-05 2.55966584e-04 3.69260849e-04 1.47704340e-05 1.85636837e-04 4.11813089e-05 3.13855649e-05 3.61557715e-04 5.41549241e-04 9.23521556e-05 2.94489323e-04 7.32624665e-05 2.43268457e-05 5.36528383e-05 2.70956327e-05 7.06673961e-07 1.02107691e-09 1.00000000e-10
 2003 05 09 12 00 00  3.64174194e-03 2.20629790e-03 1.21408281e-03 8.70028925e-04 6.27159649e-04 3.52303188e-04 2.51065287e-04 2.10306888e-04 4.28332079e-04 1.23467700e-04 2.99043404e-03 4.41109054e-03 2.18868867e-04 6.40612163e-05 4.17950842e-05 1.22827253e-04 3.68655543e-05 6.13971206e-05 1.19746396e-04 7.02459656e-05 1.38142427e-04 1.69175495e-04 9.89435495e-05 7.06672448e-05 5.10363752e-06 8.69864816e-06 5.96570753e-06 2.49934397e-05 4.80585368e-06 1.69321025e-05 4.69455834e-05 3.80214129e-05 1.81900890e-05 4.75766788e-05 3.54916905e-05 1.37703450e-05 5.02411724e-05 6.14408317e-05 9.15728669e-06 4.26527942e-05 1.17124317e-04 2.56869884e-05 2.54155003e-04 3.70957289e-04 1.48382915e-05 1.84741710e-04 4.05085942e-05 3.16242076e-05 3.59798510e-04 5.39716920e-04 9.23686702e-05 2.90655108e-04 7.05845714e-05 2.33532192e-05 5.14047742e-05 2.55767208e-05 6.36810961e-07 1.00000000e-10 1.00000000e-10
 2003 05 10 12 00 00  3.64920998e-03 2.21062980e-03 1.21687683e-03 8.72287161e-04 6.29257657e-04 3.53290312e-04 2.52013229e-04 2.11339180e-04 4.31013990e-04 1.24064815e-04 3.01197090e-03 4.45359237e-03 2.19851782e-04 6.42281171e-05 4.19310622e-05 1.23621889e-04 3.71231552e-05 6.20419567e-05 1.20178370e-04 7.03528058e-05 1.39469022e-04 1.70871797e-04 9.96364774e-05 7.08740143e-05 5.12198021e-06 8.61053268e-06 5.97282306e-06 2.50693857e-05 4.80796734e-06 1.69856998e-05 4.72600654e-05 3.81272257e-05 1.84034026e-05 4.78310377e-05 3.56171018e-05 1.38043077e-05 5.08344445e-05 6.23070469e-05 9.08395887e-06 4.29079928e-05 1.18968817e-04 2.57751963e-05 2.57057090e-04 3.72120255e-04 1.48848102e-05 1.87874445e-04 4.19027230e-05 3.17938160e-05 3.65328725e-04 5.44963881e-04 9.32200288e-05 2.91964302e-04 6.69192666e-05 2.20206737e-05 4.83283712e-05 2.35027819e-05 5.41750831e-07 1.00000000e-10 1.00000000e-10
 2003 05 11 12 00 00  3.66094582e-03 2.21825062e-03 1.22171135e-03 8.76008740e-04 6.32623607e-04 3.54773740e-04 2.53481747e-04 2.12957151e-04 4.35222744e-04 1.25170352e-04 3.04572470e-03 4.51734439e-03 2.21527828e-04 6.46256264e-05 4.21804798e-05 1.24901704e-04 3.75085860e-05 6.30080118e-05 1.21114860e-04 7.07601605e-05 1.41460508e-04 1.73414709e-04 1.00698350e-04 7.13023624e-05 5.14943313e-06 8.57958948e-06 5.98349070e-06 2.51993099e-05 4.81678726e-06 1.70768348e-05 4.77699587e-05 3.82856029e-05 1.87225160e-05 4.83119627e-05 3.61350831e-05 1.38552423e-05 5.18045235e-05 6.36677469e-05 9.05819761e-06 4.35353355e-05 1.21899617e-04 2.61178153e-05 2.62118721e-04 3.76896575e-04 1.50758630e-05 1.93532427e-04 4.39906580e-05 3.24566907e-05 3.74740262e-04 5.54423085e-04 9.50207270e-05 2.97180526e-04 6.57204213e-05 2.15846090e-05 4.73205961e-05 2.28110619e-05 5.09162459e-07 1.00000000e-10 1.00000000e-10
 2003 05 12 12 00 00  3.66643422e-03 2.22121860e-03 1.22364739e-03 8.77636651e-04 6.34167610e-04 3.55519951e-04 2.54186997e-04 2.13721074e-04 4.37200112e-04 1.25566684e-04 3.06160812e-03 4.54922467e-03 2.22217854e-04 6.47171597e-05 4.22719815e-05 1.25485721e-04 3.77090677e-05 6.35005650e-05 1.21381177e-04 7.07819418e-05 1.42467080e-04 1.74698523e-04 1.01216973e-04 7.15194510e-05 5.16364817e-06 8.61148947e-06 5.98886509e-06 2.52625769e-05 4.81690950e-06 1.71157911e-05 4.80062170e-05 3.83675069e-05 1.88889273e-05 4.85564898e-05 3.61444894e-05 1.38807940e-05 5.22500876e-05 6.43195263e-05 9.08471702e-06 4.38317409e-05 1.23282194e-04 2.61332490e-05 2.64787892e-04 3.76994856e-04 1.50797942e-05 1.95774298e-04 4.50606138e-05 3.24846944e-05 3.78720035e-04 5.58457147e-04 9.55489432e-05 3.01391483e-04 6.72389508e-05 2.21362132e-05 4.85917888e-05 2.36412515e-05 5.45298019e-07 1.00000000e-10 1.00000000e-10
 2003 05 13 12 00 00  3.67296993e-03 2.22635549e-03 1.22682798e-03 8.79925647e-04 6.36156418e-04 3.56275935e-04 2.54987131e-04 2.14625569e-04 4.39547899e-04 1.26369594e-04 3.08036269e-03 4.58110571e-03 2.23301020e-04 6.50977791e-05 4.24526488e-05 1.26248020e-04 3.79124656e-05 6.39966922e-05 1.22222364e-04 7.12872948e-05 1.43477690e-04 1.75986954e-04 1.01782212e-04 7.18269361e-05 5.17804729e-06 8.64305985e-06 5.99425402e-06 2.53456444e-05 4.82789364e-06 1.71765768e-05 4.83134904e-05 3.84504325e-05 1.90579085e-05 4.88777249e-05 3.67893401e-05 1.39063777e-05 5.28352068e-05 6.50879851e-05 9.11095558e-06 4.43473257e-05 1.24984416e-04 2.65586481e-05 2.67857307e-04 3.82939515e-04 1.53175806e-05 1.99777288e-04 4.61402960e-05 3.33079603e-05 3.84944882e-04 5.65041591e-04 9.71113514e-05 3.05820865e-04 6.87847833e-05 2.26976435e-05 4.98851778e-05 2.44806645e-05 5.81445460e-07 1.00000000e-10 1.00000000e-10
 2003 05 14 12 00 00  3.69026893e-03 2.23713920e-03 1.23370813e-03 8.85316046e-04 6.41080370e-04 3.58501163e-04 2.57163620e-04 2.17012657e-04 4.45753682e-04 1.27906513e-04 3.13016977e-03 4.67673503e-03 2.25698080e-04 6.56068844e-05 4.27998945e-05 1.28117724e-04 3.84930376e-05 6.54487521e-05 1.23453670e-04 7.17522227e-05 1.46469369e-04 1.79805169e-04 1.03363138e-04 7.24865661e-05 5.21937945e-06 8.65571419e-06 6.01026877e-06 2.55394244e-05 4.83787007e-06 1.73073497e-05 4.90626890e-05 3.86888481e-05 1.95387183e-05 4.96135467e-05 3.73758085e-05 1.39828058e-05 5.42585037e-05 6.71021046e-05 9.12144533e-06 4.53024566e-05 1.29302995e-04 2.69489421e-05 2.75649615e-04 3.88350365e-04 1.55340146e-05 2.07797679e-04 4.92803112e-05 3.40626022e-05 3.98432561e-04 5.78694942e-04 9.95059282e-05 3.15554122e-04 6.95915545e-05 2.29902650e-05 5.05574107e-05 2.48946496e-05 5.97615002e-07 1.00000000e-10 1.00000000e-10
 2003 05 15 12 00 00  3.69434667e-03 2.23989066e-03 1.23544535e-03 8.86675593e-04 6.42323032e-04 3.59016493e-04 2.57680525e-04 2.17587427e-04 4.47230765e-04 1.28317738e-04 3.14198417e-03 4.69799563e-03 2.26305230e-04 6.57774863e-05 4.28944990e-05 1.28592367e-04 3.86432046e-05 6.57973520e-05 1.23864376e-04 7.19461241e-05 1.47161827e-04 1.80687277e-04 1.03735478e-04 7.26859029e-05 5.22989503e-06 8.69791256e-06 6.01393695e-06 2.55949906e-05 4.84171542e-06 1.73442598e-05 4.92599395e-05 3.87492328e-05 1.96642271e-05 4.98254272e-05 3.76038981e-05 1.40000193e-05 5.46244961e-05 6.76038826e-05 9.15650890e-06 4.56156751e-05 1.30403620e-04 2.71091121e-05 2.77771304e-04 3.90465183e-04 1.56186073e-05 2.10044345e-04 5.00488095e-05 3.43706197e-05 4.02128517e-04 5.82604407e-04 1.00270833e-04 3.19451599e-04 7.17195220e-05 2.37629930e-05 5.23369532e-05 2.60422293e-05 6.46486541e-07 1.00000000e-10 1.00000000e-10
 2003 05 16 12 00 00  3.70119729e-03 2.24562522e-03 1.23897064e-03 8.89168945e-04 6.44465817e-04 3.59783454e-04 2.58514225e-04 2.18539477e-04 4.49695973e-04 1.29233894e-04 3.16164584e-03 4.72988114e-03 2.27500739e-04 6.62414490e-05 4.31007623e-05 1.29416279e-04 3.88563116e-05 6.63053768e-05 1.24880004e-04 7.25886435e-05 1.48185406e-04 1.81991153e-04 1.04319314e-04 7.30407538e-05 5.24490570e-06 8.75480182e-06 6.01937609e-06 2.56880260e-05 4.85563178e-06 1.74128775e-05 4.95955417e-05 3.88355576e-05 1.98417780e-05 5.01882414e-05 3.84211948e-05 1.40257092e-05 5.52605399e-05 6.84199513e-05 9.20379243e-06 4.62307342e-05 1.32232560e-04 2.76495703e-05 2.81133590e-04 3.98001240e-04 1.59200496e-05 2.14613006e-04 5.11609775e-05 3.54162999e-05 4.09111317e-04 5.90111940e-04 1.02143367e-04 3.24948237e-04 7.44827561e-05 2.47666176e-05 5.46492677e-05 2.75455887e-05 7.11423161e-07 4.64707739e-10 1.00000000e-10
 2003 05 17 12 00 00  3.71751927e-03 2.25720330e-03 1.24622921e-03 8.94554773e-04 6.49232804e-04 3.61764470e-04 2.60531464e-04 2.20785380e-04 4.55544119e-04 1.30973178e-04 3.20848250e-03 4.81488332e-03 2.29990968e-04 6.69593621e-05 4.34913148e-05 1.31234565e-04 3.93686001e-05 6.75914751e-05 1.26500255e-04 7.34468573e-05 1.50840318e-04 1.85379127e-04 1.05763352e-04 7.37078296e-05 5.28140772e-06 8.76597915e-06 6.03359185e-06 2.58765425e-05 4.87450816e-06 1.75479525e-05 5.03200780e-05 3.90461588e-05 2.02658339e-05 5.09100137e-05 3.95279523e-05 1.40936027e-05 5.66468410e-05 7.03076416e-05 9.21305182e-06 4.72787001e-05 1.36340088e-04 2.83738424e-05 2.88390175e-04 4.08196893e-04 1.63278757e-05 2.23318443e-04 5.39394852e-05 3.68191511e-05 4.23074105e-04 6.04506070e-04 1.05211571e-04 3.33732820e-04 7.52397653e-05 2.50411203e-05 5.52795255e-05 2.79296537e-05 7.26104687e-07 8.52533333e-10 1.00000000e-10
 2003 05 18 12 00 00  3.73964129e-03 2.26971977e-03 1.25433072e-03 9.01135342e-04 6.55360969e-04 3.64709695e-04 2.63339210e-04 2.23831874e-04 4.63472884e-04 1.32670899e-04 3.27222972e-03 4.94238175e-03 2.32841739e-04 6.73813241e-05 4.38753149e-05 1.33552630e-04 4.01258643e-05 6.95069262e-05 1.27613370e-04 7.36413640e-05 1.54809293e-04 1.90443339e-04 1.07821887e-04 7.45456470e-05 5.33545754e-06 8.84207548e-06 6.05485657e-06 2.61170581e-05 4.87859943e-06 1.77005510e-05 5.12480197e-05 3.93581518e-05 2.08920625e-05 5.18526049e-05 3.97689641e-05 1.41953235e-05 5.84152438e-05 7.28727955e-05 9.27633446e-06 4.84325457e-05 1.41769617e-04 2.85364396e-05 2.98650039e-04 4.10423157e-04 1.64169263e-05 2.32433276e-04 5.80698950e-05 3.71330942e-05 4.38892817e-04 6.20466424e-04 1.07467343e-04 3.48122841e-04 7.86980350e-05 2.62976804e-05 5.81770232e-05 2.98420390e-05 8.10829084e-07 3.72690891e-09 1.00000000e-10
 2003 05 19 12 00 00  3.75409052e-03 2.28024135e-03 1.26090424e-03 9.05947826e-04 6.59585087e-04 3.66438582e-04 2.65115182e-04 2.25814681e-04 4.68643011e-04 1.34264715e-04 3.31363356e-03 5.01675643e-03 2.35087492e-04 6.80568042e-05 4.42317621e-05 1.35165070e-04 4.05679370e-05 7.06246763e-05 1.29116357e-04 7.44735647e-05 1.57127782e-04 1.93397991e-04 1.09089418e-04 7.52295971e-05 5.36700791e-06 8.97384889e-06 6.06726280e-06 2.62912959e-05 4.89712947e-06 1.78212293e-05 5.18931844e-05 3.95402662e-05 2.12576502e-05 5.25675458e-05 4.08540247e-05 1.42546633e-05 5.96588140e-05 7.45407413e-05 9.38595549e-06 4.95440290e-05 1.45404254e-04 2.92406301e-05 3.05652851e-04 4.20411502e-04 1.68164601e-05 2.40397469e-04 6.04803965e-05 3.84982501e-05 4.51399896e-04 6.33782584e-04 1.10313011e-04 3.59520087e-04 8.44414504e-05 2.83851001e-05 6.29930625e-05 3.30521021e-05 9.55341574e-07 9.61465538e-09 1.00000000e-10
 2003 05 20 12 00 00  3.76082512e-03 2.28587955e-03 1.26437017e-03 9.08354361e-04 6.61626631e-04 3.67182709e-04 2.65925226e-04 2.26737688e-04 4.71052432e-04 1.35159965e-04 3.33286167e-03 5.04863039e-03 2.36255740e-04 6.85000618e-05 4.44318988e-05 1.35948585e-04 4.07567626e-05 7.11029395e-05 1.30071163e-04 7.50870269e-05 1.58120206e-04 1.94663262e-04 1.09655691e-04 7.55515945e-05 5.38048916e-06 9.00611121e-06 6.07257680e-06 2.63742172e-05 4.91071733e-06 1.78840339e-05 5.22024702e-05 3.96180927e-05 2.14137763e-05 5.28988691e-05 4.16500785e-05 1.42800898e-05 6.02595012e-05 7.53123210e-05 9.41279068e-06 5.01024165e-05 1.47119541e-04 2.97591294e-05 3.08727546e-04 4.27741862e-04 1.71096745e-05 2.44702806e-04 6.15113764e-05 3.95030365e-05 4.57915774e-04 6.40730393e-04 1.12078149e-04 3.63714960e-04 8.58643380e-05 2.89022024e-05 6.41859191e-05 3.38449490e-05 9.90872738e-07 1.14461942e-08 4.88056706e-11
 2003 05 21 12 00 00  3.76491505e-03 2.28881080e-03 1.26620571e-03 9.09705827e-04 6.62817039e-04 3.67675177e-04 2.66428927e-04 2.27299114e-04 4.72516778e-04 1.35601512e-04 3.34458372e-03 5.06988019e-03 2.36884222e-04 6.86845057e-05 4.45310799e-05 1.36402586e-04 4.08816821e-05 7.14206020e-05 1.30485789e-04 7.53103755e-05 1.58781029e-04 1.95505258e-04 1.10015481e-04 7.57472717e-05 5.38941676e-06 9.05003544e-06 6.07611400e-06 2.64233950e-05 4.91563442e-06 1.79175725e-05 5.23826395e-05 3.96696385e-05 2.15170090e-05 5.31036201e-05 4.19383374e-05 1.42970282e-05 6.06091792e-05 7.57833889e-05 9.44934582e-06 5.04193474e-05 1.48143247e-04 2.99476524e-05 3.10739333e-04 4.30397161e-04 1.72158864e-05 2.46915260e-04 6.21954561e-05 3.98682139e-05 4.61401245e-04 6.44453476e-04 1.12858104e-04 3.67070843e-04 8.76696087e-05 2.95585747e-05 6.57015218e-05 3.48697351e-05 1.03806273e-06 1.39755809e-08 2.79891843e-10
 2003 05 22 12 00 00  3.78257885e-03 2.29771646e-03 1.27207903e-03 9.14693749e-04 6.67567144e-04 3.70112190e-04 2.68691871e-04 2.29726601e-04 4.78841543e-04 1.36728427e-04 3.39553125e-03 5.17612249e-03 2.38977152e-04 6.88257402e-05 4.47863750e-05 1.38191633e-04 4.14994691e-05 7.30005500e-05 1.30979477e-04 7.51238840e-05 1.62070320e-04 1.99704344e-04 1.11690821e-04 7.63416940e-05 5.43362330e-06 9.06598434e-06 6.09376584e-06 2.66030666e-05 4.91149804e-06 1.80270066e-05 5.30954058e-05 3.99249868e-05 2.20271555e-05 5.37991202e-05 4.16960247e-05 1.43816520e-05 6.19673786e-05 7.78183026e-05 9.46263317e-06 5.11553881e-05 1.52391602e-04 2.97899824e-05 3.18698376e-04 4.28166151e-04 1.71266460e-05 2.53156897e-04 6.55930955e-05 3.95626383e-05 4.72817177e-04 6.55617236e-04 1.13971075e-04 3.77062416e-04 8.82300919e-05 2.97625935e-05 6.61737589e-05 3.52024769e-05 1.05434402e-06 1.49197461e-08 3.67932751e-10
 2003 05 23 12 00 00  3.78277016e-03 2.29818065e-03 1.27234381e-03 9.14808879e-04 6.67624861e-04 3.70103378e-04 2.68703112e-04 2.29746262e-04 4.78903087e-04 1.36814320e-04 3.39600159e-03 5.17611764e-03 2.39057179e-04 6.88850954e-05 4.48047807e-05 1.38214789e-04 4.14883049e-05 7.29868712e-05 1.31090076e-04 7.52255961e-05 1.62055715e-04 1.99686602e-04 1.11693292e-04 7.63369583e-05 5.43292008e-06 9.03973050e-06 6.09370836e-06 2.66019379e-05 4.91389001e-06 1.80293649e-05 5.30983832e-05 3.99210810e-05 2.20173039e-05 5.37935652e-05 4.18352982e-05 1.43815312e-05 6.19815238e-05 7.78235830e-05 9.44080602e-06 5.11612786e-05 1.52410858e-04 2.98770989e-05 3.18580324e-04 4.29444078e-04 1.71777631e-05 2.53436219e-04 6.55557611e-05 3.97321914e-05 4.73124942e-04 6.55908717e-04 1.14166627e-04 3.76046855e-04 8.69978327e-05 2.93149395e-05 6.51419396e-05 3.45264853e-05 1.02476263e-06 1.34494995e-08 2.36484121e-10
 2003 05 24 12 00 00  3.79120593e-03 2.30466532e-03 1.27636821e-03 9.17662227e-04 6.70077900e-04 3.71077662e-04 2.69724888e-04 2.30893786e-04 4.81910263e-04 1.37811578e-04 3.42007028e-03 5.21860979e-03 2.40419108e-04 6.93283700e-05 4.50263187e-05 1.39152065e-04 4.17245406e-05 7.36055081e-05 1.32048142e-04 7.58009148e-05 1.63357653e-04 2.01348940e-04 1.12416831e-04 7.66721081e-05 5.44991817e-06 9.02042520e-06 6.10071256e-06 2.66942739e-05 4.92695290e-06 1.80996620e-05 5.34639205e-05 4.00194171e-05 2.22117640e-05 5.41524200e-05 4.25986393e-05 1.44152626e-05 6.26939134e-05 7.87705109e-05 9.42475453e-06 5.17101813e-05 1.54480156e-04 3.03660083e-05 3.22086013e-04 4.36462757e-04 1.74585103e-05 2.58189155e-04 6.68784371e-05 4.06813342e-05 4.80501497e-04 6.63519223e-04 1.15974245e-04 3.79287560e-04 8.60867534e-05 2.89839731e-05 6.43791364e-05 3.40273382e-05 1.00296442e-06 1.23695857e-08 1.40027412e-10
 2003 05 25 12 00 00  3.79387388e-03 2.30751909e-03 1.27807970e-03 9.18721777e-04 6.70902066e-04 3.71314918e-04 2.70024193e-04 2.31248872e-04 4.82852583e-04 1.38290603e-04 3.42755996e-03 5.22922762e-03 2.40978225e-04 6.96000940e-05 4.51314538e-05 1.39470979e-04 4.17724368e-05 7.37464812e-05 1.32599294e-04 7.62166688e-05 1.63671244e-04 2.01746779e-04 1.12616021e-04 7.68542915e-05 5.45346520e-06 9.08908696e-06 6.10240604e-06 2.67294115e-05 4.93646839e-06 1.81271007e-05 5.35857053e-05 4.00400924e-05 2.22505245e-05 5.43235668e-05 4.31542227e-05 1.44235746e-05 6.29449445e-05 7.90572188e-05 9.48190063e-06 5.20613314e-05 1.55134856e-04 3.07199487e-05 3.23488204e-04 4.41568823e-04 1.76627529e-05 2.60338753e-04 6.71717688e-05 4.13688540e-05 4.83430484e-04 6.66909600e-04 1.16983774e-04 3.82298420e-04 8.88952365e-05 3.00051342e-05 6.67372176e-05 3.56236801e-05 1.07660989e-06 1.63271391e-08 5.01844744e-10
 2003 05 26 12 00 00  3.78401760e-03 2.30099128e-03 1.27395065e-03 9.15575885e-04 6.68073917e-04 3.70080170e-04 2.68795521e-04 2.29892887e-04 4.79322154e-04 1.37337008e-04 3.39923951e-03 5.17610162e-03 2.39551892e-04 6.92490302e-05 4.49174137e-05 1.38394990e-04 4.14533453e-05 7.29440129e-05 1.31787263e-04 7.58428359e-05 1.62016478e-04 1.99631043e-04 1.11728944e-04 7.65519486e-05 5.43071983e-06 9.19945960e-06 6.09352646e-06 2.66259303e-05 4.92820000e-06 1.80499578e-05 5.31586311e-05 3.99088487e-05 2.19864567e-05 5.39697008e-05 4.26697312e-05 1.43811500e-05 6.21365845e-05 7.79222336e-05 9.57373559e-06 5.16341255e-05 1.52685324e-04 3.04040819e-05 3.19681963e-04 4.37107071e-04 1.74842829e-05 2.55557252e-04 6.54388685e-05 4.07568034e-05 4.75454760e-04 6.59135629e-04 1.15414340e-04 3.80693805e-04 9.35789616e-05 3.17077078e-05 7.06667910e-05 3.82598346e-05 1.19651314e-06 2.26430387e-08 1.07610427e-09
 2003 05 27 12 00 00  3.78344515e-03 2.29984329e-03 1.27329080e-03 9.15210857e-04 6.67817034e-04 3.70069215e-04 2.68740201e-04 2.29812469e-04 4.79115665e-04 1.37121031e-04 3.39763973e-03 5.17609827e-03 2.39341147e-04 6.90937202e-05 4.48695782e-05 1.38292086e-04 4.14455804e-05 7.29344960e-05 1.31473505e-04 7.55845744e-05 1.62008101e-04 1.99618689e-04 1.11700261e-04 7.65452715e-05 5.43023052e-06 9.26011489e-06 6.09348645e-06 2.66174323e-05 4.92249237e-06 1.80371454e-05 5.31172175e-05 3.99061246e-05 2.19795998e-05 5.39626672e-05 4.23352409e-05 1.43810670e-05 6.20622527e-05 7.78537325e-05 9.62419872e-06 5.15948762e-05 1.52496691e-04 3.01858934e-05 3.19740088e-04 4.34026588e-04 1.73610635e-05 2.54621604e-04 6.54128904e-05 4.03340469e-05 4.74170504e-04 6.57881631e-04 1.14850286e-04 3.82446025e-04 9.61926175e-05 3.26576988e-05 7.28589273e-05 3.97249836e-05 1.26276246e-06 2.61031580e-08 1.38995855e-09
 2003 05 28 12 00 00  3.77586139e-03 2.29523685e-03 1.27034130e-03 9.12885387e-04 6.65685822e-04 3.69085322e-04 2.67785344e-04 2.28769017e-04 4.76399036e-04 1.36473839e-04 3.37581607e-03 5.13359867e-03 2.38312465e-04 6.88958750e-05 4.47239255e-05 1.37483894e-04 4.11923480e-05 7.22950208e-05 1.30989886e-04 7.54239387e-05 1.60684130e-04 1.97929335e-04 1.11004632e-04 7.62509553e-05 5.41216323e-06 9.23807020e-06 6.08639421e-06 2.65334886e-05 4.91895080e-06 1.79818925e-05 5.27933231e-05 3.98018456e-05 2.17701439e-05 5.36355447e-05 4.21276636e-05 1.43471509e-05 6.14449777e-05 7.69752985e-05 9.60584803e-06 5.11720219e-05 1.50622771e-04 3.00502667e-05 3.16254562e-04 4.32114690e-04 1.72845876e-05 2.51232890e-04 6.40333805e-05 4.00713063e-05 4.68448406e-04 6.52066253e-04 1.13893141e-04 3.77804570e-04 9.53055687e-05 3.23351334e-05 7.21138731e-05 3.92185215e-05 1.23924859e-06 2.48284991e-08 1.27314834e-09
 2003 05 29 12 00 00  3.77516188e-03 2.29381380e-03 1.26952414e-03 9.12441729e-04 6.65379843e-04 3.69074833e-04 2.67719678e-04 2.28672854e-04 4.76149269e-04 1.36206653e-04 3.37387817e-03 5.13359569e-03 2.38052953e-04 6.87051843e-05 4.46651450e-05 1.37361264e-04 4.11860383e-05 7.22872850e-05 1.30607169e-04 7.51058978e-05 1.60673881e-04 1.97919305e-04 1.10971235e-04 7.61320493e-05 5.41176560e-06 9.15668861e-06 6.08636110e-06 2.65138187e-05 4.91185056e-06 1.79667034e-05 5.27400545e-05 3.97996366e-05 2.17645749e-05 5.35339945e-05 4.17119998e-05 1.43470825e-05 6.13400669e-05 7.68877957e-05 9.53812923e-06 5.09200621e-05 1.50388114e-04 2.97809864e-05 3.15549601e-04 4.28288924e-04 1.71315570e-05 2.49993738e-04 6.40122744e-05 3.95491748e-05 4.66910536e-04 6.50078761e-04 1.13204728e-04 3.75099631e-04 9.18994228e-05 3.10968573e-05 6.92553573e-05 3.72944061e-05 1.15126585e-06 2.01588421e-08 8.47677928e-10
 2003 05 30 12 00 00  3.75853669e-03 2.28153388e-03 1.26186530e-03 9.06872457e-04 6.60512112e-04 3.67101896e-04 2.65681886e-04 2.26393587e-04 4.70202447e-04 1.34337500e-04 3.32627097e-03 5.04859835e-03 2.35441097e-04 6.78990345e-05 4.42472223e-05 1.35502420e-04 4.06849111e-05 7.10148655e-05 1.28822822e-04 7.40969670e-05 1.58030816e-04 1.94549063e-04 1.09519925e-04 7.53848466e-05 5.37596607e-06 9.06473215e-06 6.07220354e-06 2.63175310e-05 4.88937476e-06 1.78270445e-05 5.20008866e-05 3.95929441e-05 2.13503721e-05 5.27460861e-05 4.03960061e-05 1.42793084e-05 5.99135189e-05 7.49776206e-05 9.46160726e-06 4.97050421e-05 1.46219271e-04 2.89271731e-05 3.07823041e-04 4.16175059e-04 1.66470024e-05 2.40752351e-04 6.12710952e-05 3.78939061e-05 4.52412032e-04 6.34808265e-04 1.09836999e-04 3.64125369e-04 8.80641219e-05 2.97025317e-05 6.60364466e-05 3.51258255e-05 1.05196985e-06 1.48786279e-08 3.66322794e-10
 2003 05 31 12 00 00  3.72427085e-03 2.26042119e-03 1.24837545e-03 8.96330079e-04 6.50898412e-04 3.62687323e-04 2.61381351e-04 2.21688725e-04 4.57939166e-04 1.31355357e-04 3.22776192e-03 4.85735536e-03 2.30749524e-04 6.69639484e-05 4.35777735e-05 1.31856016e-04 3.95606592e-05 6.81559730e-05 1.26572417e-04 7.32953777e-05 1.52092080e-04 1.86971259e-04 1.06391529e-04 7.40520263e-05 5.29562458e-06 8.96904021e-06 6.04036686e-06 2.59415117e-05 4.87141151e-06 1.75777615e-05 5.05450479e-05 3.91290290e-05 2.04213095e-05 5.12701847e-05 3.93448980e-05 1.41268552e-05 5.71287056e-05 7.10291457e-05 9.38198209e-06 4.77741126e-05 1.37794262e-04 2.82479450e-05 2.92181451e-04 4.06502871e-04 1.62601149e-05 2.25305300e-04 5.51144360e-05 3.65765416e-05 4.26511947e-04 6.08434627e-04 1.05391114e-04 3.43375445e-04 8.40393433e-05 2.82394041e-05 6.26591016e-05 3.28552132e-05 9.48339093e-07 9.39317069e-09 1.00000000e-10
 2003 06 01 12 00 00  3.70081768e-03 2.24507302e-03 1.23865174e-03 8.88917733e-04 6.44233835e-04 3.59740551e-04 2.58460069e-04 2.18471170e-04 4.49548678e-04 1.29128669e-04 3.16042767e-03 4.72986102e-03 2.27391428e-04 6.61705602e-05 4.30790335e-05 1.29322728e-04 3.88116459e-05 6.62506267e-05 1.24734449e-04 7.24763668e-05 1.48134292e-04 1.81920159e-04 1.04279931e-04 7.31389654e-05 5.24209390e-06 8.94425393e-06 6.01914471e-06 2.56823817e-05 4.85305245e-06 1.73991613e-05 4.95363821e-05 3.88199202e-05 1.98023612e-05 5.02655872e-05 3.82706377e-05 1.40252218e-05 5.51967249e-05 6.83335891e-05 9.36135984e-06 4.64097880e-05 1.32001822e-04 2.75539031e-05 2.81729605e-04 3.96617867e-04 1.58647147e-05 2.14012839e-04 5.10116108e-05 3.52304138e-05 4.07955759e-04 5.89502778e-04 1.01822484e-04 3.30653866e-04 8.29796318e-05 2.78542088e-05 6.17701611e-05 3.22599451e-05 9.21341675e-07 7.97695421e-09 1.00000000e-10
 2003 06 02 12 00 00  3.68587410e-03 2.23629637e-03 1.23300419e-03 8.84411592e-04 6.40077578e-04 3.57778709e-04 2.56573289e-04 2.16417257e-04 4.44198322e-04 1.27916847e-04 3.11741736e-03 4.64486331e-03 2.25415547e-04 6.58357309e-05 4.28064244e-05 1.27748773e-04 3.83100327e-05 6.49776252e-05 1.23894985e-04 7.22556608e-05 1.45495484e-04 1.78549154e-04 1.02900834e-04 7.26531525e-05 5.20626381e-06 9.01742242e-06 6.00498461e-06 2.55275163e-05 4.84812081e-06 1.72939528e-05 4.89098511e-05 3.86130589e-05 1.93877306e-05 4.96995827e-05 3.79819685e-05 1.39574433e-05 5.40071441e-05 6.66129631e-05 9.42224506e-06 4.57626374e-05 1.28346808e-04 2.73670041e-05 2.75463069e-04 3.93961135e-04 1.57584454e-05 2.07698592e-04 4.82688192e-05 3.48679983e-05 3.97034624e-04 5.78814832e-04 1.00131348e-04 3.25041591e-04 8.60395945e-05 2.89666401e-05 6.43381942e-05 3.39888679e-05 1.00042301e-06 1.21759728e-08 1.20908616e-10
 2003 06 03 12 00 00  3.67183338e-03 2.22656821e-03 1.22688811e-03 8.79863394e-04 6.36047862e-04 3.56061013e-04 2.54839354e-04 2.14494834e-04 4.39179601e-04 1.26473217e-04 3.07717701e-03 4.57049347e-03 2.23318135e-04 6.52710611e-05 4.24840245e-05 1.26214060e-04 3.78771976e-05 6.38711848e-05 1.22623389e-04 7.16063718e-05 1.43189933e-04 1.75609179e-04 1.01655690e-04 7.20394874e-05 5.17529515e-06 8.93225515e-06 5.99262676e-06 2.53662599e-05 4.83349868e-06 1.71829881e-05 4.82987748e-05 3.84341780e-05 1.90302861e-05 4.90458317e-05 3.71267961e-05 1.38982025e-05 5.28284853e-05 6.50032947e-05 9.35138814e-06 4.47979544e-05 1.24867519e-04 2.68162345e-05 2.68893595e-04 3.86094236e-04 1.54437694e-05 2.00470399e-04 4.58891765e-05 3.37993988e-05 3.85484750e-04 5.66714389e-04 9.76923956e-05 3.15367464e-04 8.23869550e-05 2.76389657e-05 6.12743441e-05 3.19387739e-05 9.07556696e-07 7.31296410e-09 1.00000000e-10
 2003 06 04 12 00 00  3.66417750e-03 2.22173384e-03 1.22381034e-03 8.77500620e-04 6.33915457e-04 3.55088094e-04 2.53885269e-04 2.13449387e-04 4.36446304e-04 1.25785063e-04 3.05521999e-03 4.52799872e-03 2.22253952e-04 6.50481781e-05 4.23304845e-05 1.25405222e-04 3.76365846e-05 6.32471696e-05 1.22101780e-04 7.14006368e-05 1.41880031e-04 1.73939863e-04 1.00963489e-04 7.16936695e-05 5.15802167e-06 8.84467518e-06 5.98559927e-06 2.52800706e-05 4.82872820e-06 1.71280771e-05 4.79769795e-05 3.83343140e-05 1.88319638e-05 4.86776468e-05 3.68486420e-05 1.38644260e-05 5.22038205e-05 6.41297424e-05 9.27851579e-06 4.42723725e-05 1.23006320e-04 2.66405841e-05 2.65110482e-04 3.83539860e-04 1.53415944e-05 1.96944854e-04 4.45518584e-05 3.34578799e-05 3.79728895e-04 5.60624784e-04 9.66631020e-05 3.08781007e-04 7.86824801e-05 2.62923284e-05 5.81661410e-05 2.98519879e-05 8.12522541e-07 3.84355303e-09 1.00000000e-10
 2003 06 05 12 00 00  3.67037850e-03 2.22623486e-03 1.22662364e-03 8.79571088e-04 6.35738956e-04 3.55832954e-04 2.54649559e-04 2.14302804e-04 4.38667926e-04 1.26467133e-04 3.07300849e-03 4.55987565e-03 2.23216800e-04 6.53382503e-05 4.24833763e-05 1.26101498e-04 3.78302735e-05 6.37313991e-05 1.22751406e-04 7.17572286e-05 1.42880162e-04 1.75212883e-04 1.01509280e-04 7.20208167e-05 5.17180961e-06 8.94740006e-06 5.99093801e-06 2.53590268e-05 4.83659933e-06 1.71805760e-05 4.82584084e-05 3.84138402e-05 1.89923812e-05 4.90137201e-05 3.73099785e-05 1.38899020e-05 5.27457222e-05 6.48531671e-05 9.36398719e-06 4.48099870e-05 1.24584224e-04 2.69417505e-05 2.68371600e-04 3.87788840e-04 1.55115536e-05 2.00411771e-04 4.55990958e-05 3.40413622e-05 3.85146562e-04 5.66528433e-04 9.78905014e-05 3.15126875e-04 8.30483885e-05 2.78793566e-05 6.18289565e-05 3.23082662e-05 9.24178133e-07 8.17455472e-09 1.00000000e-10
 2003 06 06 12 00 00  3.69182932e-03 2.24017765e-03 1.23546584e-03 8.86339349e-04 6.41839331e-04 3.58537346e-04 2.57325738e-04 2.17248892e-04 4.46346365e-04 1.28485469e-04 3.13462351e-03 4.67674732e-03 2.26274813e-04 6.60520389e-05 4.29363103e-05 1.28419995e-04 3.85207095e-05 6.54826697e-05 1.24417711e-04 7.24840676e-05 1.46517652e-04 1.79849148e-04 1.03444840e-04 7.29860499e-05 5.22112132e-06 9.15473720e-06 6.01041174e-06 2.56088062e-05 4.85275923e-06 1.73439048e-05 4.91874142e-05 3.86985368e-05 1.95631379e-05 5.00440933e-05 3.82563681e-05 1.39831056e-05 5.45322858e-05 6.73332373e-05 9.53650087e-06 4.62919154e-05 1.29909595e-04 2.75565806e-05 2.78893359e-04 3.96501452e-04 1.58600581e-05 2.10813805e-04 4.93728556e-05 3.52331495e-05 4.02096737e-04 5.84377849e-04 1.01118268e-04 3.32621216e-04 9.18477812e-05 3.10780100e-05 6.92114962e-05 3.72607105e-05 1.14942608e-06 2.00387493e-08 8.36170777e-10
 2003 06 07 12 00 00  3.71562690e-03 2.25619916e-03 1.24557784e-03 8.93974656e-04 6.48666968e-04 3.61492680e-04 2.60282142e-04 2.20517182e-04 4.54864639e-04 1.30839662e-04 3.20293594e-03 4.80424576e-03 2.29758835e-04 6.69400087e-05 4.34641051e-05 1.31018431e-04 3.92765272e-05 6.73963455e-05 1.26454538e-04 7.34592730e-05 1.50487193e-04 1.84911067e-04 1.05574808e-04 7.40156571e-05 5.27507982e-06 9.29998132e-06 6.03166918e-06 2.58839365e-05 4.87443722e-06 1.75305753e-05 5.02261501e-05 3.90100176e-05 2.01880830e-05 5.11488603e-05 3.95259238e-05 1.40848118e-05 5.65266543e-05 7.00808168e-05 9.65734798e-06 4.78855485e-05 1.35837598e-04 2.83814676e-05 2.90119161e-04 4.08189416e-04 1.63275766e-05 2.22778311e-04 5.34984167e-05 3.68320965e-05 4.21453933e-04 6.04578905e-04 1.05032255e-04 3.49267407e-04 9.80259207e-05 3.33237818e-05 7.43946081e-05 4.07357888e-05 1.30734205e-06 2.83460324e-08 1.59121551e-09
 2003 06 08 12 00 00  3.72664127e-03 2.26512944e-03 1.25108637e-03 8.97853477e-04 6.51988521e-04 3.62736692e-04 2.61615719e-04 2.22029232e-04 4.58806704e-04 1.32244186e-04 3.23443021e-03 4.85737175e-03 2.31621866e-04 6.76145828e-05 4.37778780e-05 1.32291992e-04 3.95970681e-05 6.82006008e-05 1.27918840e-04 7.43737677e-05 1.52155789e-04 1.87029128e-04 1.06512545e-04 7.47392994e-05 5.29791650e-06 9.63937491e-06 6.04055604e-06 2.60383380e-05 4.89472659e-06 1.76316908e-05 5.07424384e-05 3.91417765e-05 2.04534401e-05 5.18595925e-05 4.07144311e-05 1.41272481e-05 5.75347812e-05 7.13656199e-05 9.93973226e-06 4.91450020e-05 1.38677861e-04 2.91546865e-05 2.96650139e-04 4.19132367e-04 1.67652947e-05 2.29802081e-04 5.52361947e-05 3.83306819e-05 4.31908617e-04 6.16570219e-04 1.07755027e-04 3.65235918e-04 1.12480180e-04 3.85779053e-05 8.65206179e-05 4.88633978e-05 1.67650654e-06 4.77530477e-08 3.35477566e-09
 2003 06 09 12 00 00  3.75979858e-03 2.28668798e-03 1.26475794e-03 9.08318049e-04 6.61420274e-04 3.66916355e-04 2.65752434e-04 2.26583498e-04 4.70676293e-04 1.35365592e-04 3.32967214e-03 5.03799245e-03 2.36350269e-04 6.87199898e-05 4.44785541e-05 1.35876648e-04 4.06642037e-05 7.09072221e-05 1.30499795e-04 7.55006506e-05 1.57776623e-04 1.94194444e-04 1.09504189e-04 7.62067210e-05 5.37413143e-06 9.92427376e-06 6.07065158e-06 2.64222167e-05 4.91974861e-06 1.78842620e-05 5.21772343e-05 3.95817857e-05 2.13356034e-05 5.34314191e-05 4.21800127e-05 1.42712917e-05 6.02929129e-05 7.51975291e-05 1.01767655e-05 5.13910236e-05 1.46907111e-04 3.01076449e-05 3.12732183e-04 4.32625843e-04 1.73050337e-05 2.45865225e-04 6.10686897e-05 4.01777332e-05 4.58120654e-04 6.44066923e-04 1.12751301e-04 3.91234825e-04 1.24672977e-04 4.30098456e-05 9.67484206e-05 5.57105957e-05 1.98692950e-06 6.40279040e-08 4.83258802e-09
 2003 06 10 12 00 00  3.76954402e-03 2.29294233e-03 1.26873247e-03 9.11400768e-04 6.64220713e-04 3.68155712e-04 2.66975494e-04 2.27929881e-04 4.74174807e-04 1.36269525e-04 3.35772678e-03 5.09112179e-03 2.37731724e-04 6.90409247e-05 4.46831521e-05 1.36941251e-04 4.09891247e-05 7.17168383e-05 1.31266024e-04 7.58216775e-05 1.59444016e-04 1.96319464e-04 1.10389534e-04 7.66491994e-05 5.39724351e-06 1.00209116e-05 6.07956063e-06 2.65388721e-05 4.92658437e-06 1.79600592e-05 5.26058040e-05 3.97150696e-05 2.16048153e-05 5.39052314e-05 4.25821985e-05 1.43137790e-05 6.11121796e-05 7.63387350e-05 1.02571474e-05 5.20673529e-05 1.49362809e-04 3.03767098e-05 3.17578585e-04 4.36338193e-04 1.74535277e-05 2.50611989e-04 6.28210895e-05 4.06976906e-05 4.65928755e-04 6.52283563e-04 1.14219813e-04 3.99527752e-04 1.28951544e-04 4.45647149e-05 1.00335022e-04 5.80923142e-05 2.09350783e-06 6.95097000e-08 5.32765583e-09
 2003 06 11 12 00 00  3.79194275e-03 2.30885311e-03 1.27870511e-03 9.18769959e-04 6.70725881e-04 3.70867056e-04 2.69737573e-04 2.31004048e-04 4.82191175e-04 1.38657505e-04 3.42193975e-03 5.20799309e-03 2.41148054e-04 7.00212186e-05 4.52182181e-05 1.39421755e-04 4.16800438e-05 7.34686968e-05 1.33469786e-04 7.69936887e-05 1.63085092e-04 2.00956505e-04 1.12366206e-04 7.77684345e-05 5.44658542e-06 1.03286598e-05 6.09903691e-06 2.68127543e-05 4.95258682e-06 1.81429495e-05 5.35985252e-05 3.99999291e-05 2.21760012e-05 5.50662951e-05 4.41053417e-05 1.44069883e-05 6.30335600e-05 7.89271754e-05 1.05131847e-05 5.38812712e-05 1.54981568e-04 3.13676486e-05 3.28963007e-04 4.50362344e-04 1.80144938e-05 2.62671742e-04 6.65964733e-05 4.26182436e-05 4.84907367e-04 6.72758077e-04 1.18396060e-04 4.20454685e-04 1.42177210e-04 4.93719610e-05 1.11428304e-04 6.55114432e-05 2.42932092e-06 8.70748835e-08 6.92159503e-09
 2003 06 12 12 00 00  3.79623574e-03 2.30937467e-03 1.27923565e-03 9.19638629e-04 6.71749104e-04 3.71598468e-04 2.70331559e-04 2.31603949e-04 4.83740708e-04 1.38594126e-04 3.43452055e-03 5.23986965e-03 2.41391394e-04 6.97821652e-05 4.52078535e-05 1.39797234e-04 4.18732467e-05 7.39523210e-05 1.33066309e-04 7.64641387e-05 1.64070865e-04 2.02228726e-04 1.12829544e-04 7.75699317e-05 5.46034280e-06 9.92379937e-06 6.10437346e-06 2.68237741e-05 4.94050109e-06 1.81563588e-05 5.37389676e-05 4.00792866e-05 2.23359850e-05 5.49577323e-05 4.33994690e-05 1.44324586e-05 6.32715905e-05 7.94184975e-05 1.01762940e-05 5.33561700e-05 1.55945420e-04 3.09171272e-05 3.28930330e-04 4.43874026e-04 1.77549610e-05 2.62605424e-04 6.76420634e-05 4.17432893e-05 4.86278171e-04 6.72483859e-04 1.17737367e-04 4.10695208e-04 1.25190527e-04 4.31966915e-05 9.71734045e-05 5.59219960e-05 1.99124341e-06 6.38550631e-08 4.80672675e-09
 2003 06 13 12 00 00  3.76701411e-03 2.29032550e-03 1.26716058e-03 9.10438201e-04 6.63479731e-04 3.67925214e-04 2.66693972e-04 2.27600152e-04 4.73291729e-04 1.35837315e-04 3.35066053e-03 5.08050546e-03 2.37222191e-04 6.88110475e-05 4.45906951e-05 1.36655181e-04 4.09475353e-05 7.15835893e-05 1.30814680e-04 7.54726643e-05 1.59130959e-04 1.95931630e-04 1.10199594e-04 7.62735424e-05 5.39409375e-06 9.66085063e-06 6.07789989e-06 2.64892149e-05 4.91817227e-06 1.79365246e-05 5.24855597e-05 3.96966003e-05 2.15716194e-05 5.35722481e-05 4.20936092e-05 1.43055368e-05 6.08525169e-05 7.60608764e-05 9.95748560e-06 5.13673148e-05 1.48744742e-04 3.00760817e-05 3.14771466e-04 4.31861128e-04 1.72744451e-05 2.48518198e-04 6.25488465e-05 4.01115045e-05 4.63377142e-04 6.48414364e-04 1.13364998e-04 3.87776332e-04 1.14193670e-04 3.91988531e-05 8.79444318e-05 4.97086116e-05 1.70704154e-06 4.87646219e-08 3.43161517e-09
 2003 06 14 12 00 00  3.75465230e-03 2.28133167e-03 1.26154125e-03 9.06330754e-04 6.59878262e-04 3.66446831e-04 2.65176060e-04 2.25906203e-04 4.68871510e-04 1.34476457e-04 3.31525467e-03 5.01675792e-03 2.35303749e-04 6.82376078e-05 4.42868203e-05 1.35280697e-04 4.05722996e-05 7.06300256e-05 1.29540607e-04 7.47675309e-05 1.57143503e-04 1.93404929e-04 1.09116051e-04 7.55562874e-05 5.36728257e-06 9.35872304e-06 6.06728572e-06 2.63289845e-05 4.90238344e-06 1.78341061e-05 5.19306972e-05 3.95417941e-05 2.12615036e-05 5.28489735e-05 4.11696237e-05 1.42547113e-05 5.97724590e-05 7.46289778e-05 9.70607944e-06 5.01742660e-05 1.45630898e-04 2.94786878e-05 3.07831091e-04 4.23358422e-04 1.69343369e-05 2.41614568e-04 6.04950066e-05 3.89529276e-05 4.52742993e-04 6.36511977e-04 1.10950291e-04 3.72330138e-04 1.01533050e-04 3.45962264e-05 7.73196143e-05 4.25589814e-05 1.38026637e-06 3.14324986e-08 1.85270466e-09
 2003 06 15 12 00 00  3.74476253e-03 2.27472641e-03 1.25736777e-03 9.03164050e-04 6.57038265e-04 3.65213160e-04 2.63945027e-04 2.24546297e-04 4.65329612e-04 1.33508387e-04 3.28684868e-03 4.96363305e-03 2.33863658e-04 6.78760101e-05 4.40695263e-05 1.34199987e-04 4.02546662e-05 6.98293443e-05 1.28705976e-04 7.43758865e-05 1.55485373e-04 1.91291499e-04 1.08228280e-04 7.51073896e-05 5.34462924e-06 9.26691719e-06 6.05841415e-06 2.62120770e-05 4.89372142e-06 1.77564692e-05 5.14967052e-05 3.94110597e-05 2.09987193e-05 5.23711537e-05 4.06620675e-05 1.42123055e-05 5.89396888e-05 7.34819826e-05 9.62967897e-06 4.94760732e-05 1.43157193e-04 2.91477772e-05 3.02989973e-04 4.18684302e-04 1.67473721e-05 2.36646500e-04 5.87669667e-05 3.83117265e-05 4.44707332e-04 6.28041935e-04 1.09345632e-04 3.64461284e-04 9.77360098e-05 3.32157319e-05 7.41322606e-05 4.04072106e-05 1.28142161e-06 2.61523944e-08 1.37075968e-09
 2003 06 16 12 00 00  3.74030904e-03 2.27111496e-03 1.25514033e-03 9.01577232e-04 6.55668449e-04 3.64705903e-04 2.63401895e-04 2.23929700e-04 4.63730300e-04 1.32938169e-04 3.27407246e-03 4.94237728e-03 2.33107576e-04 6.75984392e-05 4.39417235e-05 1.33674095e-04 4.01161553e-05 6.94950228e-05 1.28098117e-04 7.39993062e-05 1.54805311e-04 1.90427906e-04 1.07845800e-04 7.48204082e-05 5.33484672e-06 9.14225457e-06 6.05480600e-06 2.61475031e-05 4.88546939e-06 1.77136050e-05 5.12794613e-05 3.93547525e-05 2.08834943e-05 5.20872430e-05 4.01780359e-05 1.41952187e-05 5.85238470e-05 7.29505515e-05 9.52595146e-06 4.89783456e-05 1.41975695e-04 2.88302224e-05 3.00364835e-04 4.14224297e-04 1.65689719e-05 2.33742589e-04 5.80374268e-05 3.76968150e-05 4.40333112e-04 6.23086507e-04 1.08214349e-04 3.58313909e-04 9.24543532e-05 3.12957851e-05 6.97008843e-05 3.74332672e-05 1.14607113e-06 1.90165384e-08 7.21788052e-10
 2003 06 17 12 00 00  3.73956967e-03 2.26964861e-03 1.25429687e-03 9.01103908e-04 6.55330334e-04 3.64689393e-04 2.63328908e-04 2.23824174e-04 4.63461605e-04 1.32661871e-04 3.27199298e-03 4.94237170e-03 2.32837038e-04 6.73986886e-05 4.38802405e-05 1.33538703e-04 4.01035330e-05 6.94795453e-05 1.27690657e-04 7.36678310e-05 1.54788450e-04 1.90407842e-04 1.07807414e-04 7.47335484e-05 5.33405182e-06 9.11212337e-06 6.05474052e-06 2.61287503e-05 4.87819816e-06 1.76966787e-05 5.12209804e-05 3.93503404e-05 2.08723548e-05 5.20115717e-05 3.97515920e-05 1.41950819e-05 5.84146526e-05 7.28532753e-05 9.50088215e-06 4.87852992e-05 1.41713629e-04 2.85506452e-05 2.99875172e-04 4.10295235e-04 1.64118094e-05 2.32456542e-04 5.79952146e-05 3.71553964e-05 4.38649155e-04 6.21105637e-04 1.07485393e-04 3.57096155e-04 9.11692781e-05 3.08286641e-05 6.86228346e-05 3.67109389e-05 1.11328013e-06 1.72940524e-08 5.65296077e-10
 2003 06 18 12 00 00  3.74150365e-03 2.27096593e-03 1.25512736e-03 9.01702172e-04 6.55849285e-04 3.64922106e-04 2.63563286e-04 2.24082482e-04 4.64146474e-04 1.32853328e-04 3.27748386e-03 4.95299026e-03 2.33119057e-04 6.74671986e-05 4.39226545e-05 1.33735221e-04 4.01519152e-05 6.96211238e-05 1.27840462e-04 7.37429073e-05 1.55100698e-04 1.90806470e-04 1.07975246e-04 7.48059716e-05 5.33762905e-06 9.11448296e-06 6.05643618e-06 2.61463732e-05 4.87999860e-06 1.77091933e-05 5.12925671e-05 3.93711845e-05 2.09115460e-05 5.20900434e-05 3.98562290e-05 1.42033969e-05 5.85626914e-05 7.30581375e-05 9.50284448e-06 4.88968211e-05 1.42146469e-04 2.86152354e-05 3.00669849e-04 4.11254228e-04 1.64501691e-05 2.33333881e-04 5.82901877e-05 3.72812967e-05 4.40030172e-04 6.22529377e-04 1.07771151e-04 3.57997051e-04 9.12723117e-05 3.08661121e-05 6.87092309e-05 3.67684979e-05 1.11586961e-06 1.74282988e-08 5.77447423e-10
 2003 06 19 12 00 00  3.74719826e-03 2.27454642e-03 1.25740796e-03 9.03438945e-04 6.57408845e-04 3.65643626e-04 2.64269682e-04 2.24855071e-04 4.66173773e-04 1.33359769e-04 3.29377959e-03 4.98485640e-03 2.33905058e-04 6.76246436e-05 4.40349168e-05 1.34326038e-04 4.03237529e-05 7.00785662e-05 1.28203077e-04 7.38831353e-05 1.56069713e-04 1.92044726e-04 1.08487891e-04 7.49882004e-05 5.35004183e-06 9.08059374e-06 6.06166213e-06 2.62013594e-05 4.88340884e-06 1.77481703e-05 5.15218014e-05 3.94430623e-05 2.10526778e-05 5.22995125e-05 4.00541496e-05 1.42286386e-05 5.90084244e-05 7.36921915e-05 9.47466615e-06 4.91505222e-05 1.43491531e-04 2.87362753e-05 3.02940628e-04 4.13066905e-04 1.65226762e-05 2.35814125e-04 5.92643337e-05 3.75174714e-05 4.44165598e-04 6.26597775e-04 1.08496897e-04 3.59611683e-04 8.97083155e-05 3.02978855e-05 6.73992213e-05 3.59069404e-05 1.07792380e-06 1.55231964e-08 4.06605993e-10
 2003 06 20 12 00 00  3.74646119e-03 2.27311687e-03 1.25658419e-03 9.02962829e-04 6.57058524e-04 3.65622713e-04 2.64193780e-04 2.24746328e-04 4.65901370e-04 1.33089414e-04 3.29167890e-03 4.98484895e-03 2.33638263e-04 6.74263293e-05 4.39739686e-05 1.34185891e-04 4.03062790e-05 7.00571458e-05 1.27791181e-04 7.35556241e-05 1.56046301e-04 1.92016954e-04 1.08447081e-04 7.48876509e-05 5.34894170e-06 9.03261243e-06 6.06157155e-06 2.61801389e-05 4.87636353e-06 1.77305592e-05 5.14601150e-05 3.94369476e-05 2.10372571e-05 5.22112475e-05 3.96400632e-05 1.42284494e-05 5.88943412e-05 7.35879732e-05 9.43475679e-06 4.89341874e-05 1.43212509e-04 2.84611859e-05 3.02337586e-04 4.09247139e-04 1.63698856e-05 2.34508846e-04 5.92058874e-05 3.69854795e-05 4.42435969e-04 6.24518803e-04 1.07767058e-04 3.57709694e-04 8.75784899e-05 2.95239015e-05 6.56139433e-05 3.47221297e-05 1.02495782e-06 1.28029585e-08 1.61042690e-10
 2003 06 21 12 00 00  3.74330339e-03 2.27225633e-03 1.25593391e-03 9.02188782e-04 6.56216284e-04 3.65116806e-04 2.63762066e-04 2.24297874e-04 4.64754761e-04 1.33033893e-04 3.28240181e-03 4.96358983e-03 2.33377052e-04 6.75136760e-05 4.39588076e-05 1.33871438e-04 4.01595142e-05 6.97127078e-05 1.27903836e-04 7.37917144e-05 1.55358689e-04 1.91140249e-04 1.08116157e-04 7.47743572e-05 5.33863931e-06 8.99850202e-06 6.05792047e-06 2.61429336e-05 4.88195146e-06 1.77130676e-05 5.13237854e-05 3.93777533e-05 2.09147474e-05 5.20732203e-05 3.99652112e-05 1.42112724e-05 5.86518365e-05 7.31906068e-05 9.40639802e-06 4.88259828e-05 1.42397847e-04 2.86636990e-05 3.00612449e-04 4.12229610e-04 1.64891844e-05 2.33818407e-04 5.84487512e-05 3.73798219e-05 4.40738179e-04 6.22906289e-04 1.07923911e-04 3.54384223e-04 8.59698072e-05 2.89395164e-05 6.42670519e-05 3.38406629e-05 9.86454256e-07 1.08947201e-08 1.00000000e-10
 2003 06 22 12 00 00  3.73002427e-03 2.26424653e-03 1.25079975e-03 8.98107679e-04 6.52458617e-04 3.63384918e-04 2.62084184e-04 2.22464341e-04 4.59990682e-04 1.31909525e-04 3.24413524e-03 4.88921031e-03 2.31581362e-04 6.71700327e-05 4.37048418e-05 1.32445971e-04 3.97053140e-05 6.85800915e-05 1.27052369e-04 7.35176785e-05 1.53027082e-04 1.88166337e-04 1.06892766e-04 7.42338065e-05 5.30632569e-06 8.92935641e-06 6.04545130e-06 2.59909570e-05 4.87608595e-06 1.76146392e-05 5.07476305e-05 3.91913956e-05 2.05384538e-05 5.14775787e-05 3.96203104e-05 1.41517987e-05 5.75594560e-05 7.16369264e-05 9.34888740e-06 4.80432589e-05 1.39078093e-04 2.84337730e-05 2.94300802e-04 4.09047039e-04 1.63618815e-05 2.27830752e-04 5.59976907e-05 3.69353336e-05 4.30605637e-04 6.12517810e-04 1.06243123e-04 3.44991637e-04 8.28833498e-05 2.78179275e-05 6.16801743e-05 3.21261259e-05 9.09971226e-07 6.99357940e-09 1.00000000e-10
 2003 06 23 12 00 00  3.73360126e-03 2.26625469e-03 1.25210131e-03 8.99121398e-04 6.53379783e-04 3.63851836e-04 2.62528552e-04 2.22943535e-04 4.61258464e-04 1.32175076e-04 3.25433766e-03 4.91044819e-03 2.32032537e-04 6.72226921e-05 4.37636459e-05 1.32792312e-04 3.98059579e-05 6.88679924e-05 1.27184183e-04 7.35261652e-05 1.53657227e-04 1.88969726e-04 1.07217885e-04 7.43800730e-05 5.31372461e-06 8.97173159e-06 6.04886300e-06 2.60242813e-05 4.87653342e-06 1.76342189e-05 5.08766409e-05 3.92344431e-05 2.06202603e-05 5.16363974e-05 3.96449235e-05 1.41684752e-05 5.78242805e-05 7.20218128e-05 9.38417288e-06 4.82521016e-05 1.39872414e-04 2.84430949e-05 2.95994977e-04 4.09265273e-04 1.63706109e-05 2.29130051e-04 5.66005765e-05 3.69547692e-05 4.32779091e-04 6.14796363e-04 1.06520289e-04 3.47827900e-04 8.44886159e-05 2.84019165e-05 6.30302771e-05 3.30582828e-05 9.54271553e-07 9.45631591e-09 1.00000000e-10
 2003 06 24 12 00 00  3.72974348e-03 2.26390262e-03 1.25059558e-03 8.97907629e-04 6.52252982e-04 3.63346424e-04 2.62036961e-04 2.22404262e-04 4.59866686e-04 1.31840290e-04 3.24317356e-03 4.88919206e-03 2.31502666e-04 6.71108236e-05 4.36870131e-05 1.32363893e-04 3.96650226e-05 6.85306964e-05 1.26902365e-04 7.34279107e-05 1.52977934e-04 1.88102290e-04 1.06859812e-04 7.42432021e-05 5.30378966e-06 8.98803701e-06 6.04524212e-06 2.59790495e-05 4.87461839e-06 1.76031740e-05 5.07013184e-05 3.91772919e-05 2.05028962e-05 5.14792061e-05 3.95310984e-05 1.41513607e-05 5.74996583e-05 7.15585825e-05 9.39777528e-06 4.80615687e-05 1.38872425e-04 2.83622096e-05 2.94297448e-04 4.08208714e-04 1.63283486e-05 2.27311360e-04 5.58629399e-05 3.67994071e-05 4.29641935e-04 6.11685102e-04 1.05976472e-04 3.45984152e-04 8.49377479e-05 2.85657612e-05 6.34112660e-05 3.33471512e-05 9.69804580e-07 1.04551987e-08 1.00000000e-10
 2003 06 25 12 00 00  3.72255742e-03 2.26015756e-03 1.24813989e-03 8.95831088e-04 6.50278915e-04 3.62359974e-04 2.61114904e-04 2.21411270e-04 4.57288344e-04 1.31354229e-04 3.22241112e-03 4.84668911e-03 2.30628474e-04 6.70278724e-05 4.35768251e-05 1.31618616e-04 3.94059607e-05 6.78840734e-05 1.26646121e-04 7.34605652e-05 1.51648143e-04 1.86403655e-04 1.06178303e-04 7.40193454e-05 5.28535456e-06 9.02058091e-06 6.03812005e-06 2.59044167e-05 4.87542275e-06 1.75552797e-05 5.03998770e-05 3.90709698e-05 2.02882948e-05 5.12114948e-05 3.95777082e-05 1.41173819e-05 5.69357491e-05 7.07185114e-05 9.42488768e-06 4.77914352e-05 1.37103409e-04 2.83904752e-05 2.91209041e-04 4.08635287e-04 1.63454115e-05 2.24612508e-04 5.44639304e-05 3.68546142e-05 4.24716896e-04 6.06950355e-04 1.05419818e-04 3.42835561e-04 8.60784059e-05 2.89809759e-05 6.43723870e-05 3.40248688e-05 1.00299995e-06 1.23826116e-08 1.41494683e-10
 2003 06 26 12 00 00  3.72411464e-03 2.26065259e-03 1.24849944e-03 8.96194930e-04 6.50652331e-04 3.62595827e-04 2.61318912e-04 2.21622695e-04 4.57843629e-04 1.31392191e-04 3.22690279e-03 4.85731028e-03 2.30763887e-04 6.69880850e-05 4.35857767e-05 1.31756800e-04 3.94606526e-05 6.80333818e-05 1.26585016e-04 7.33530382e-05 1.51969241e-04 1.86812300e-04 1.06333167e-04 7.40908592e-05 5.28932942e-06 9.06756977e-06 6.03984772e-06 2.59196874e-05 4.87306424e-06 1.75609634e-05 5.04531058e-05 3.90940259e-05 2.03330535e-05 5.12905980e-05 3.94394010e-05 1.41257668e-05 5.70435964e-05 7.08927774e-05 9.46401706e-06 4.78792949e-05 1.37448128e-04 2.82997906e-05 2.92124333e-04 4.07360942e-04 1.62944377e-05 2.24900734e-04 5.47799980e-05 3.66789958e-05 4.25354014e-04 6.07642298e-04 1.05328836e-04 3.44978957e-04 8.78397810e-05 2.96218081e-05 6.58541520e-05 3.50507894e-05 1.05195620e-06 1.51344395e-08 3.96087385e-10
 2003 06 27 12 00 00  3.73215283e-03 2.26627404e-03 1.25202987e-03 8.98801552e-04 6.52951540e-04 3.63572270e-04 2.62308384e-04 2.22720785e-04 4.60714755e-04 1.32228555e-04 3.24991425e-03 4.89980504e-03 2.31972359e-04 6.73191486e-05 4.37726190e-05 1.32632322e-04 3.97022348e-05 6.86585729e-05 1.27327284e-04 7.37390015e-05 1.53280407e-04 1.88483135e-04 1.07042352e-04 7.44672453e-05 5.30666366e-06 9.15425262e-06 6.04688030e-06 2.60131046e-05 4.88175938e-06 1.76239045e-05 5.07992958e-05 3.91942245e-05 2.05322300e-05 5.16857667e-05 3.99479090e-05 1.41595563e-05 5.77185985e-05 7.18088810e-05 9.53618073e-06 4.84812148e-05 1.39426314e-04 2.86272145e-05 2.96049887e-04 4.12038689e-04 1.64815475e-05 2.29068631e-04 5.61205379e-05 3.73142771e-05 4.31939511e-04 6.14661390e-04 1.06743707e-04 3.51414233e-04 9.12431124e-05 3.08596047e-05 6.87142210e-05 3.70071712e-05 1.14365268e-06 2.01692380e-08 8.59056026e-10
 2003 06 28 12 00 00  3.72782479e-03 2.26286669e-03 1.24992103e-03 8.97299018e-04 6.51654958e-04 3.63074664e-04 2.61781690e-04 2.22126180e-04 4.59165374e-04 1.31697651e-04 3.23752665e-03 4.87855375e-03 2.31256965e-04 6.70715839e-05 4.36539738e-05 1.32135716e-04 3.95734300e-05 6.83361548e-05 1.26787690e-04 7.34104950e-05 1.52617029e-04 1.87634979e-04 1.06670299e-04 7.43168241e-05 5.29749195e-06 9.20513849e-06 6.04332272e-06 2.59647781e-05 4.87447069e-06 1.75849764e-05 5.06028296e-05 3.91413196e-05 2.04255717e-05 5.15192926e-05 3.95209674e-05 1.41425757e-05 5.73445585e-05 7.13120177e-05 9.57854572e-06 4.82366662e-05 1.38328702e-04 2.83494534e-05 2.94414275e-04 4.08107701e-04 1.63243081e-05 2.26511167e-04 5.54234779e-05 3.67759523e-05 4.27918699e-04 6.10623816e-04 1.05732896e-04 3.50778178e-04 9.32261912e-05 3.15808940e-05 7.03810218e-05 3.81495121e-05 1.19734953e-06 2.31288968e-08 1.13148344e-09
 2003 06 29 12 00 00  3.73766829e-03 2.26939209e-03 1.25404784e-03 9.00434154e-04 6.54468426e-04 3.64305806e-04 2.63006947e-04 2.23478020e-04 4.62688400e-04 1.32650199e-04 3.26579227e-03 4.93167825e-03 2.32680965e-04 6.74204229e-05 4.38673859e-05 1.33205885e-04 3.98886361e-05 6.91338733e-05 1.27592211e-04 7.37816445e-05 1.54270326e-04 1.89744567e-04 1.07554821e-04 7.47117524e-05 5.31999249e-06 9.22714898e-06 6.05218120e-06 2.60756152e-05 4.88275437e-06 1.76612929e-05 5.10304519e-05 3.92712071e-05 2.06862154e-05 5.19507810e-05 4.00059012e-05 1.41849552e-05 5.81623590e-05 7.24473514e-05 9.59686949e-06 4.88342767e-05 1.40774207e-04 2.86636758e-05 2.98870992e-04 4.12571020e-04 1.65028408e-05 2.31350035e-04 5.71434095e-05 3.73852032e-05 4.35829794e-04 6.18742515e-04 1.07289266e-04 3.56439394e-04 9.40899812e-05 3.18950570e-05 7.11069363e-05 3.86461161e-05 1.22062946e-06 2.44074155e-08 1.24905499e-09
 2003 06 30 12 00 00  3.74352632e-03 2.27314776e-03 1.25643453e-03 9.02291666e-04 6.56159206e-04 3.65052724e-04 2.63743399e-04 2.24288758e-04 4.64792480e-04 1.33193307e-04 3.28266933e-03 4.96355705e-03 2.33511205e-04 6.76133058e-05 4.39902307e-05 1.33848904e-04 4.00871766e-05 6.96240342e-05 1.28052941e-04 7.39742536e-05 1.55274133e-04 1.91025270e-04 1.08088343e-04 7.49476370e-05 5.33408602e-06 9.24286069e-06 6.05754540e-06 2.61439302e-05 4.88685619e-06 1.77074735e-05 5.12901713e-05 3.93524329e-05 2.08509111e-05 5.22107170e-05 4.02472011e-05 1.42104851e-05 5.86535789e-05 7.31354841e-05 9.60994730e-06 4.91850171e-05 1.42257732e-04 2.88251060e-05 3.01586492e-04 4.14798403e-04 1.65919361e-05 2.34195148e-04 5.82068518e-05 3.76971671e-05 4.40566150e-04 6.23586425e-04 1.08176956e-04 3.60021257e-04 9.47151442e-05 3.21224094e-05 7.16321528e-05 3.90041521e-05 1.23732387e-06 2.53177106e-08 1.33260531e-09
 2003 07 01 12 00 00  3.74809750e-03 2.27695995e-03 1.25877907e-03 9.03958354e-04 6.57596553e-04 3.65567003e-04 2.64301350e-04 2.24925843e-04 4.66439435e-04 1.33802432e-04 3.29580406e-03 4.98481542e-03 2.34307587e-04 6.79222607e-05 4.41275975e-05 1.34401680e-04 4.02324862e-05 6.99666911e-05 1.28731958e-04 7.44012592e-05 1.55960422e-04 1.91899671e-04 1.08479420e-04 7.51808083e-05 5.34429637e-06 9.27650108e-06 6.06118811e-06 2.62065760e-05 4.89605809e-06 1.77537627e-05 5.15163734e-05 3.94111150e-05 2.09721373e-05 5.24506346e-05 4.07879445e-05 1.42276476e-05 5.90799578e-05 7.36837714e-05 9.63793063e-06 4.95880119e-05 1.43487908e-04 2.91839009e-05 3.03824799e-04 4.19785994e-04 1.67914398e-05 2.37251375e-04 5.89591276e-05 3.83911160e-05 4.45259776e-04 6.28607374e-04 1.09428538e-04 3.63448845e-04 9.61851652e-05 3.26566716e-05 7.28647468e-05 3.98252108e-05 1.27424997e-06 2.72311539e-08 1.50577915e-09
 2003 07 02 12 00 00  3.76253640e-03 2.28733721e-03 1.26527383e-03 9.08777377e-04 6.61862667e-04 3.67313907e-04 2.66087858e-04 2.26919396e-04 4.71620003e-04 1.35371998e-04 3.33728048e-03 5.05919904e-03 2.36536430e-04 6.85872318e-05 4.44805426e-05 1.36030671e-04 4.06944513e-05 7.11088360e-05 1.30233651e-04 7.52107531e-05 1.58302931e-04 1.94885950e-04 1.09756820e-04 7.58417990e-05 5.37709930e-06 9.37385485e-06 6.07369766e-06 2.63836652e-05 4.91372739e-06 1.78771025e-05 5.21735697e-05 3.96001909e-05 2.13552892e-05 5.31500904e-05 4.18247306e-05 1.42872042e-05 6.03326297e-05 7.53741019e-05 9.71891859e-06 5.06496455e-05 1.47179775e-04 2.98659259e-05 3.10747348e-04 4.29341364e-04 1.71736545e-05 2.45218689e-04 6.14361838e-05 3.97114200e-05 4.57933816e-04 6.41956539e-04 1.12263485e-04 3.73975580e-04 1.00431501e-04 3.41999777e-05 7.64253803e-05 4.21980958e-05 1.38104417e-06 3.27709301e-08 2.00730028e-09
 2003 07 03 12 00 00  3.77583625e-03 2.29531603e-03 1.27039251e-03 9.12878978e-04 6.65656431e-04 3.69056981e-04 2.67774439e-04 2.28762826e-04 4.76399485e-04 1.36492141e-04 3.37566401e-03 5.13358451e-03 2.38331838e-04 6.89314744e-05 4.47345487e-05 1.37470460e-04 4.11607907e-05 7.22563360e-05 1.31096412e-04 7.54828099e-05 1.60646644e-04 1.97879178e-04 1.10987394e-04 7.62990236e-05 5.41017653e-06 9.32138864e-06 6.08623013e-06 2.65312941e-05 4.91935534e-06 1.79776908e-05 5.27560327e-05 3.97908007e-05 2.17422959e-05 5.36774976e-05 4.21569508e-05 1.43468074e-05 6.14236321e-05 7.69392377e-05 9.67523883e-06 5.12762454e-05 1.50532973e-04 3.00925836e-05 3.16507628e-04 4.32413474e-04 1.72965390e-05 2.51186721e-04 6.39278500e-05 4.01485537e-05 4.68223306e-04 6.52117095e-04 1.13962941e-04 3.79713250e-04 9.83782053e-05 3.34531725e-05 7.46997240e-05 4.10167057e-05 1.32560259e-06 2.97217198e-08 1.72679062e-09
 2003 07 04 12 00 00  3.77228922e-03 2.29331263e-03 1.26909619e-03 9.11891636e-04 6.64771369e-04 3.68598235e-04 2.67338333e-04 2.28293908e-04 4.75150296e-04 1.36229182e-04 3.36559190e-03 5.11234999e-03 2.37886731e-04 6.88855916e-05 4.46776784e-05 1.37138353e-04 4.10688895e-05 7.19791511e-05 1.30991287e-04 7.54828798e-05 1.60029339e-04 1.97089678e-04 1.10668105e-04 7.62089869e-05 5.40332803e-06 9.35217540e-06 6.08286391e-06 2.65056899e-05 4.91885839e-06 1.79600362e-05 5.26362810e-05 3.97508091e-05 2.16682020e-05 5.35682273e-05 4.21309436e-05 1.43302284e-05 6.11763402e-05 7.65725421e-05 9.70082110e-06 5.11690555e-05 1.49782907e-04 3.00885178e-05 3.15239600e-04 4.32190047e-04 1.72876019e-05 2.50005750e-04 6.33541786e-05 4.01380385e-05 4.66203758e-04 6.50220386e-04 1.13720729e-04 3.79320004e-04 9.99238349e-05 3.40144474e-05 7.59923708e-05 4.18510925e-05 1.36119555e-06 3.14185925e-08 1.87656184e-09
 2003 07 05 12 00 00  3.77673472e-03 2.29681490e-03 1.27126446e-03 9.13484066e-04 6.66173769e-04 3.69118712e-04 2.67889491e-04 2.28918932e-04 4.76758271e-04 1.36781298e-04 3.37842222e-03 5.13361245e-03 2.38630546e-04 6.91564893e-05 4.48032064e-05 1.37677018e-04 4.12219641e-05 7.23313191e-05 1.31602012e-04 7.58442038e-05 1.60724694e-04 1.97976416e-04 1.11057790e-04 7.64156020e-05 5.41402733e-06 9.36082943e-06 6.08654736e-06 2.65664936e-05 4.92645377e-06 1.80048701e-05 5.28589807e-05 3.98122123e-05 2.17962792e-05 5.37868761e-05 4.25784790e-05 1.43474725e-05 6.15891822e-05 7.71158980e-05 9.70799156e-06 5.15137850e-05 1.50998377e-04 3.03905428e-05 3.17341837e-04 4.36324313e-04 1.74529725e-05 2.52852132e-04 6.41324208e-05 4.07211686e-05 4.70703907e-04 6.54930201e-04 1.14847228e-04 3.82161251e-04 1.00501137e-04 3.42237994e-05 7.64731119e-05 4.21448097e-05 1.37248421e-06 3.18569413e-08 1.91245473e-09
 2003 07 06 12 00 00  3.77566686e-03 2.29442955e-03 1.26990095e-03 9.12827320e-04 6.65784247e-04 3.69134808e-04 2.67808776e-04 2.28792251e-04 4.76399277e-04 1.36337800e-04 3.37563597e-03 5.13362326e-03 2.38210515e-04 6.88491734e-05 4.47080797e-05 1.37520599e-04 4.12476948e-05 7.23628560e-05 1.31015566e-04 7.53232045e-05 1.60754594e-04 1.98017300e-04 1.11025112e-04 7.62745402e-05 5.41564659e-06 9.28517911e-06 6.08668088e-06 2.65489348e-05 4.91431856e-06 1.79867107e-05 5.28049777e-05 3.98212200e-05 2.18189845e-05 5.36721620e-05 4.18711919e-05 1.43477533e-05 6.14595213e-05 7.70294488e-05 9.64502033e-06 5.11897336e-05 1.50756669e-04 2.99452600e-05 3.16688259e-04 4.29830711e-04 1.71932284e-05 2.51068773e-04 6.42184517e-05 3.98551172e-05 4.68680646e-04 6.52334361e-04 1.13787281e-04 3.80061940e-04 9.74716468e-05 3.31221210e-05 7.39283088e-05 4.04128480e-05 1.29192496e-06 2.74789699e-08 1.51098583e-09
 2003 07 07 12 00 00  3.77956210e-03 2.29682369e-03 1.27143251e-03 9.14069576e-04 6.66941781e-04 3.69645358e-04 2.68307240e-04 2.29340534e-04 4.77809534e-04 1.36681603e-04 3.38693326e-03 5.15488237e-03 2.38751404e-04 6.89708183e-05 4.47876242e-05 1.37961155e-04 4.13939735e-05 7.27066945e-05 1.31325095e-04 7.54360517e-05 1.61439950e-04 1.98893230e-04 1.11387576e-04 7.63973369e-05 5.42591879e-06 9.24461347e-06 6.09032941e-06 2.65947347e-05 4.91639694e-06 1.80193336e-05 5.29849145e-05 3.98802425e-05 2.19410635e-05 5.38189735e-05 4.19956079e-05 1.43649231e-05 6.17900511e-05 7.75023623e-05 9.61124751e-06 5.13548445e-05 1.51782993e-04 3.00371641e-05 3.18302725e-04 4.30989894e-04 1.72395958e-05 2.52945958e-04 6.49739639e-05 4.00309917e-05 4.71953872e-04 6.55508130e-04 1.14372445e-04 3.81143624e-04 9.58974339e-05 3.25495294e-05 7.26050399e-05 3.95049577e-05 1.24917898e-06 2.51178001e-08 1.29352404e-09
 2003 07 08 12 00 00  3.78369044e-03 2.29972709e-03 1.27325563e-03 9.15456717e-04 6.68189039e-04 3.70153976e-04 2.68824427e-04 2.29917727e-04 4.79299776e-04 1.37120406e-04 3.39884825e-03 5.17613962e-03 2.39382949e-04 6.91592580e-05 4.48878119e-05 1.38437692e-04 4.15363669e-05 7.30457657e-05 1.31765181e-04 7.56615889e-05 1.62122688e-04 1.99762986e-04 1.11758075e-04 7.65995896e-05 5.43594579e-06 9.28833324e-06 6.09395756e-06 2.66492635e-05 4.92105319e-06 1.80561807e-05 5.31796847e-05 3.99379060e-05 2.20597154e-05 5.40323884e-05 4.22704936e-05 1.43820536e-05 6.21571551e-05 7.79998020e-05 9.64760911e-06 5.16792724e-05 1.52874026e-04 3.02249857e-05 3.20413359e-04 4.33532136e-04 1.73412854e-05 2.55261147e-04 6.57164783e-05 4.03931655e-05 4.75686749e-04 6.59475142e-04 1.15190091e-04 3.84833457e-04 9.78609914e-05 3.32630398e-05 7.42505791e-05 4.05940198e-05 1.29764645e-06 2.75902423e-08 1.51628221e-09
 2003 07 09 12 00 00  3.77854303e-03 2.29448260e-03 1.27009687e-03 9.13450916e-04 6.66596047e-04 3.69669760e-04 2.68236429e-04 2.29226560e-04 4.77475608e-04 1.36248061e-04 3.38432842e-03 5.15489802e-03 2.38344493e-04 6.86753412e-05 4.46959992e-05 1.37822039e-04 4.14284412e-05 7.27489416e-05 1.30775260e-04 7.49321538e-05 1.61483137e-04 1.98948019e-04 1.11361543e-04 7.63259893e-05 5.42808812e-06 9.25910281e-06 6.09050803e-06 2.65863353e-05 4.90441162e-06 1.80034804e-05 5.29419804e-05 3.98923061e-05 2.19714813e-05 5.37652589e-05 4.12985159e-05 1.43653000e-05 6.16821732e-05 7.74369703e-05 9.62327758e-06 5.11581538e-05 1.51592607e-04 2.96044454e-05 3.18169011e-04 4.24597574e-04 1.69839029e-05 2.51323472e-04 6.50892267e-05 3.91880661e-05 4.70123821e-04 6.53390083e-04 1.13365621e-04 3.81989021e-04 9.66930773e-05 3.28383201e-05 7.32694783e-05 3.99259128e-05 1.26654367e-06 2.58979846e-08 1.36104976e-09
 2003 07 10 12 00 00  3.74992080e-03 2.27665777e-03 1.25872492e-03 9.04630688e-04 6.58587727e-04 3.66004570e-04 2.64654747e-04 2.25304912e-04 4.67240689e-04 1.33721162e-04 3.30212548e-03 4.99553606e-03 2.34398546e-04 6.78687521e-05 4.41295501e-05 1.34784579e-04 4.05070983e-05 7.03855709e-05 1.28855110e-04 7.42151460e-05 1.56553009e-04 1.92657873e-04 1.08759675e-04 7.51949583e-05 5.36211483e-06 9.15571072e-06 6.06405811e-06 2.62742333e-05 4.88819460e-06 1.77965319e-05 5.17358069e-05 3.95111478e-05 2.12109720e-05 5.25205774e-05 4.03504964e-05 1.42384204e-05 5.93615377e-05 7.41575817e-05 9.53724593e-06 4.95020737e-05 1.44598201e-04 2.89956486e-05 3.05066673e-04 4.15878872e-04 1.66351549e-05 2.38355176e-04 6.00106257e-05 3.80065176e-05 4.48533762e-04 6.31293965e-04 1.09585406e-04 3.64130087e-04 9.23367654e-05 3.12546877e-05 6.96140549e-05 3.74693976e-05 1.15450367e-06 1.99730692e-08 8.21751112e-10
 2003 07 11 12 00 00  3.74169444e-03 2.27067707e-03 1.25498777e-03 9.01903083e-04 6.56198456e-04 3.65021563e-04 2.63645550e-04 2.24178985e-04 4.64300522e-04 1.32817028e-04 3.27857466e-03 4.95303869e-03 2.33123268e-04 6.74890170e-05 4.39277332e-05 1.33872950e-04 4.02596896e-05 6.97532319e-05 1.28013857e-04 7.37487979e-05 1.55235866e-04 1.90977766e-04 1.08039376e-04 7.48405000e-05 5.34441351e-06 9.12544347e-06 6.05699570e-06 2.61795510e-05 4.87772959e-06 1.77289400e-05 5.13742148e-05 3.94089060e-05 2.10066544e-05 5.21435143e-05 3.97382188e-05 1.42045683e-05 5.86633816e-05 7.32166617e-05 9.51205511e-06 4.89330836e-05 1.42551128e-04 2.86003720e-05 3.01330674e-04 4.10245221e-04 1.64098088e-05 2.33896565e-04 5.86505921e-05 3.72397946e-05 4.41499843e-04 6.23945375e-04 1.07988681e-04 3.59201868e-04 9.11042403e-05 3.08065322e-05 6.85790995e-05 3.67679860e-05 1.12208891e-06 1.82270266e-08 6.62017108e-10
 2003 07 12 12 00 00  3.73958981e-03 2.26910852e-03 1.25401109e-03 9.01189379e-04 6.55572611e-04 3.64770998e-04 2.63386658e-04 2.23889051e-04 4.63546890e-04 1.32577014e-04 3.27253521e-03 4.94241193e-03 2.32790036e-04 6.73844382e-05 4.38743247e-05 1.33633550e-04 4.01928643e-05 6.95890514e-05 1.27783458e-04 7.36168004e-05 1.54900602e-04 1.90549833e-04 1.07854661e-04 7.47543736e-05 5.33967504e-06 9.12811302e-06 6.05520399e-06 2.61544271e-05 4.87476718e-06 1.77103911e-05 5.12765809e-05 3.93816037e-05 2.09511854e-05 5.20507474e-05 3.95649113e-05 1.41960525e-05 5.84798404e-05 7.29706112e-05 9.51427282e-06 4.87950001e-05 1.42010844e-04 2.84884882e-05 3.00405803e-04 4.08650600e-04 1.63460240e-05 2.32697972e-04 5.82939421e-05 3.70227761e-05 4.39599722e-04 6.21990852e-04 1.07547569e-04 3.58239302e-04 9.12495016e-05 3.08592584e-05 6.87004204e-05 3.68450003e-05 1.12527713e-06 1.83712100e-08 6.74524259e-10
 2003 07 13 12 00 00  3.75069327e-03 2.27834146e-03 1.25968941e-03 9.05112061e-04 6.58887685e-04 3.65998411e-04 2.64717319e-04 2.25401472e-04 4.67507088e-04 1.34035596e-04 3.30417745e-03 4.99553047e-03 2.34699118e-04 6.80911346e-05 4.41982511e-05 1.34904780e-04 4.04944789e-05 7.03700993e-05 1.29290681e-04 7.45899335e-05 1.56538877e-04 1.92637809e-04 1.08786432e-04 7.52977928e-05 5.36132029e-06 9.20926323e-06 6.06399226e-06 2.62885686e-05 4.89670492e-06 1.78106004e-05 5.17777421e-05 3.95067327e-05 2.11998340e-05 5.26056225e-05 4.08478110e-05 1.42382851e-05 5.94591699e-05 7.42279274e-05 9.58180099e-06 4.97360116e-05 1.44793088e-04 2.93141609e-05 3.05561725e-04 4.20451487e-04 1.68180595e-05 2.39658849e-04 5.99684194e-05 3.86248576e-05 4.50064177e-04 6.33234055e-04 1.10359348e-04 3.65804592e-04 9.46386026e-05 3.20913567e-05 7.15447606e-05 3.87606010e-05 1.21294425e-06 2.30296425e-08 1.09911120e-09
 2003 07 14 12 00 00  3.75470946e-03 2.28118747e-03 1.26147335e-03 9.06408784e-04 6.60020018e-04 3.66480653e-04 2.65207881e-04 2.25945896e-04 4.68936532e-04 1.34459352e-04 3.31564051e-03 5.01677468e-03 2.35306418e-04 6.82579337e-05 4.42921581e-05 1.35335736e-04 4.06087143e-05 7.06746650e-05 1.29656420e-04 7.47868384e-05 1.57185116e-04 1.93462809e-04 1.09137500e-04 7.54532688e-05 5.36957450e-06 9.20805105e-06 6.06747417e-06 2.63305628e-05 4.90127823e-06 1.78410529e-05 5.19450197e-05 3.95545387e-05 2.12936357e-05 5.27741001e-05 4.11144225e-05 1.42551085e-05 5.97870631e-05 7.46750745e-05 9.58080491e-06 4.99791614e-05 1.45756148e-04 2.94823316e-05 3.07263990e-04 4.22899656e-04 1.69159862e-05 2.41694164e-04 6.06167712e-05 3.89518798e-05 4.53286675e-04 6.36543032e-04 1.11062685e-04 3.67575358e-04 9.44924706e-05 3.20384626e-05 7.14237837e-05 3.86924154e-05 1.21077610e-06 2.29858685e-08 1.09691696e-09
 2003 07 15 12 00 00  3.76575789e-03 2.28753124e-03 1.26556985e-03 9.09680220e-04 6.63037921e-04 3.67936412e-04 2.66600362e-04 2.27456848e-04 4.72884610e-04 1.35321934e-04 3.34738933e-03 5.08051552e-03 2.36739464e-04 6.84736680e-05 4.44858340e-05 1.36476447e-04 4.09688946e-05 7.16097711e-05 1.30206035e-04 7.48964434e-05 1.59145254e-04 1.95965578e-04 1.10156672e-04 7.58340172e-05 5.39543835e-06 9.19970480e-06 6.07801157e-06 2.64426860e-05 4.90387320e-06 1.79144659e-05 5.23933781e-05 3.97040771e-05 2.15904685e-05 5.32101707e-05 4.12654015e-05 1.43057696e-05 6.06514858e-05 7.59305606e-05 9.57387529e-06 5.04926987e-05 1.48404209e-04 2.95763573e-05 3.12062502e-04 4.24284506e-04 1.69713802e-05 2.46159632e-04 6.26202789e-05 3.91349662e-05 4.60999212e-04 6.44192483e-04 1.12182154e-04 3.72931697e-04 9.40397738e-05 3.18741399e-05 7.10456718e-05 3.84522638e-05 1.20082435e-06 2.25349655e-08 1.05777858e-09
 2003 07 16 12 00 00  3.76060494e-03 2.28526781e-03 1.26403953e-03 9.08266927e-04 6.61637825e-04 3.67190370e-04 2.65925190e-04 2.26738676e-04 4.71028889e-04 1.35058542e-04 3.33242159e-03 5.04863486e-03 2.36178927e-04 6.84811605e-05 4.44247939e-05 1.35949806e-04 4.07659856e-05 7.11142493e-05 1.30146000e-04 7.50396925e-05 1.58140027e-04 1.94677925e-04 1.09651279e-04 7.57632459e-05 5.38107015e-06 9.33314586e-06 6.07262446e-06 2.63958744e-05 4.90726597e-06 1.78821624e-05 5.21797792e-05 3.96213174e-05 2.14219166e-05 5.30899389e-05 4.14628332e-05 1.42801902e-05 6.02648359e-05 7.53206983e-05 9.68492677e-06 5.04836588e-05 1.47130502e-04 2.96992512e-05 3.10345927e-04 4.26095391e-04 1.70438156e-05 2.44585643e-04 6.15422206e-05 3.93742870e-05 4.57728184e-04 6.41483002e-04 1.12001133e-04 3.73940938e-04 9.95389835e-05 3.38735399e-05 7.56622292e-05 4.15716801e-05 1.34431927e-06 3.02151321e-08 1.75916455e-09
 2003 07 17 12 00 00  3.76484058e-03 2.28861965e-03 1.26611249e-03 9.09697857e-04 6.62845486e-04 3.67666643e-04 2.66431019e-04 2.27307995e-04 4.72531296e-04 1.35576256e-04 3.34444570e-03 5.06987609e-03 2.36874792e-04 6.87134508e-05 4.45389782e-05 1.36410979e-04 4.08719759e-05 7.14087102e-05 1.30637093e-04 7.53479835e-05 1.58777798e-04 1.95489836e-04 1.10007539e-04 7.59851998e-05 5.38880558e-06 9.40103491e-06 6.07606380e-06 2.64442274e-05 4.91442297e-06 1.79159523e-05 5.23570546e-05 3.96662392e-05 2.15084423e-05 5.33134669e-05 4.18800977e-05 1.42969235e-05 6.06226947e-05 7.57846465e-05 9.74144059e-06 5.08634284e-05 1.48139132e-04 2.99625332e-05 3.12440451e-04 4.29927022e-04 1.71970809e-05 2.47016575e-04 6.21629995e-05 3.98862408e-05 4.61343355e-04 6.45470524e-04 1.12926071e-04 3.77754320e-04 1.02239757e-04 3.48557254e-05 7.79312330e-05 4.31185330e-05 1.41645294e-06 3.41488175e-08 2.12022560e-09
 2003 07 18 12 00 00  3.78018515e-03 2.29839975e-03 1.27233135e-03 9.14441625e-04 6.67110648e-04 3.69605668e-04 2.68338444e-04 2.29399906e-04 4.78006657e-04 1.36973020e-04 3.38841673e-03 5.15486039e-03 2.39021364e-04 6.91739722e-05 4.48506416e-05 1.38028737e-04 4.13454225e-05 7.26471888e-05 1.31706372e-04 7.57853908e-05 1.61384391e-04 1.98816076e-04 1.11389336e-04 7.65819903e-05 5.42286289e-06 9.44236672e-06 6.09007730e-06 2.66065042e-05 4.92455874e-06 1.80254017e-05 5.29919738e-05 3.98632488e-05 2.18982241e-05 5.39689116e-05 4.24711383e-05 1.43643963e-05 6.18564177e-05 7.75188450e-05 9.77585078e-06 5.17460024e-05 1.51834894e-04 3.03359353e-05 3.19298915e-04 4.35355021e-04 1.74142008e-05 2.54018063e-04 6.48116169e-05 4.06122097e-05 4.72862109e-04 6.57255801e-04 1.15025511e-04 3.86545565e-04 1.03846022e-04 3.54399714e-05 7.92814031e-05 4.40445327e-05 1.46002678e-06 3.65539137e-08 2.34168951e-09
 2003 07 19 12 00 00  3.79947203e-03 2.31083484e-03 1.28022498e-03 9.20437755e-04 6.72488772e-04 3.72032560e-04 2.70733017e-04 2.32029320e-04 4.84887827e-04 1.38758093e-04 3.44367804e-03 5.26109226e-03 2.41742319e-04 6.97758084e-05 4.52483193e-05 1.40069759e-04 4.19399090e-05 7.41985685e-05 1.33093671e-04 7.63759832e-05 1.64649323e-04 2.02978114e-04 1.13122530e-04 7.74296312e-05 5.46560259e-06 9.62292106e-06 6.10760835e-06 2.68203037e-05 4.93827938e-06 1.81647064e-05 5.37995446e-05 4.01104422e-05 2.23878058e-05 5.48742259e-05 4.32709872e-05 1.44487669e-05 6.34282150e-05 7.97077535e-05 9.92610949e-06 5.30396353e-05 1.56505711e-04 3.08403920e-05 3.28581456e-04 4.42699574e-04 1.77079830e-05 2.63038121e-04 6.81313220e-05 4.15931689e-05 4.87501507e-04 6.72655742e-04 1.17747818e-04 4.01612439e-04 1.11300149e-04 3.81501070e-05 8.55388666e-05 4.82708300e-05 1.65430437e-06 4.69420527e-08 3.29012835e-09
 2003 07 20 12 00 00  3.80174828e-03 2.31293463e-03 1.28150128e-03 9.21242566e-04 6.73123168e-04 3.72258285e-04 2.70991287e-04 2.32325572e-04 4.85683555e-04 1.39094076e-04 3.45004576e-03 5.27170599e-03 2.42159540e-04 6.99408720e-05 4.53207133e-05 1.40312864e-04 4.19780903e-05 7.43276381e-05 1.33420645e-04 7.66161014e-05 1.64952420e-04 2.03360507e-04 1.13299798e-04 7.76277387e-05 5.46853735e-06 9.76397714e-06 6.10925126e-06 2.68503639e-05 4.94409214e-06 1.81826848e-05 5.38919615e-05 4.01277182e-05 2.24179952e-05 5.50569121e-05 4.36084782e-05 1.44569727e-05 6.36287379e-05 7.99433156e-05 1.00435122e-05 5.34028977e-05 1.57019219e-04 3.10474279e-05 3.30160411e-04 4.45791341e-04 1.78316536e-05 2.64557082e-04 6.83921680e-05 4.19969932e-05 4.89501307e-04 6.75231787e-04 1.18365093e-04 4.06599259e-04 1.17021270e-04 4.02304169e-05 9.03433458e-05 5.15301866e-05 1.80516266e-06 5.50854224e-08 4.03554061e-09
 2003 07 21 12 00 00  3.80136977e-03 2.31228879e-03 1.28112606e-03 9.20988908e-04 6.72910256e-04 3.72234524e-04 2.70944122e-04 2.32261106e-04 4.85533743e-04 1.38969810e-04 3.44889519e-03 5.27169518e-03 2.42031985e-04 6.98447294e-05 4.52913514e-05 1.40227851e-04 4.19547898e-05 7.42990815e-05 1.33206631e-04 7.64610770e-05 1.64922915e-04 2.03323474e-04 1.13271424e-04 7.75868515e-05 5.46707051e-06 9.75913354e-06 6.10913048e-06 2.68369317e-05 4.94101514e-06 1.81715795e-05 5.38508487e-05 4.01195604e-05 2.23974333e-05 5.50183439e-05 4.34259855e-05 1.44567195e-05 6.35620020e-05 7.98725524e-05 1.00395220e-05 5.33170135e-05 1.56831889e-04 3.09193507e-05 3.29881726e-04 4.44099334e-04 1.77639734e-05 2.63868230e-04 6.83142513e-05 4.17506846e-05 4.88478040e-04 6.74098892e-04 1.17991259e-04 4.05898074e-04 1.16533755e-04 4.00538753e-05 8.99391694e-05 5.12976955e-05 1.79736811e-06 5.48846486e-08 4.02260589e-09
 2003 07 22 12 00 00  3.78392180e-03 2.30118997e-03 1.27406546e-03 9.15505455e-04 6.67925889e-04 3.70008725e-04 2.68754780e-04 2.29854793e-04 4.79276320e-04 1.37374058e-04 3.39868501e-03 5.17606661e-03 2.39578504e-04 6.92945727e-05 4.49314233e-05 1.38333889e-04 4.13747010e-05 7.28476094e-05 1.31895261e-04 7.59271206e-05 1.61930979e-04 1.99506033e-04 1.11684333e-04 7.68919151e-05 5.42576927e-06 9.71504414e-06 6.09311865e-06 2.66385365e-05 4.92945146e-06 1.80378423e-05 5.30909824e-05 3.98813165e-05 2.19170513e-05 5.42529082e-05 4.27468680e-05 1.43802972e-05 6.21161201e-05 7.78414139e-05 1.00028774e-05 5.22893259e-05 1.52467928e-04 3.04702233e-05 3.21876557e-04 4.37837264e-04 1.75134906e-05 2.55578465e-04 6.51758572e-05 4.08817257e-05 4.74681205e-04 6.59993971e-04 1.15450807e-04 3.95152164e-04 1.14381844e-04 3.92723094e-05 8.81385773e-05 5.01282786e-05 1.74694844e-06 5.24378592e-08 3.80543845e-09
 2003 07 23 12 00 00  3.76528228e-03 2.28760917e-03 1.26558073e-03 9.09270631e-04 6.62439864e-04 3.67774347e-04 2.66458726e-04 2.27289624e-04 4.72598177e-04 1.35313134e-04 3.34521986e-03 5.08043617e-03 2.36675650e-04 6.84132447e-05 4.44693372e-05 1.36238901e-04 4.07941203e-05 7.13955436e-05 1.29924498e-04 7.48388702e-05 1.58935044e-04 1.95687792e-04 1.10045657e-04 7.60135196e-05 5.38443637e-06 9.55701908e-06 6.07710426e-06 2.64108709e-05 4.90544808e-06 1.78796468e-05 5.22495251e-05 3.96429037e-05 2.14362386e-05 5.33321345e-05 4.13399306e-05 1.43038691e-05 6.05017265e-05 7.56752774e-05 9.87142776e-06 5.08632526e-05 1.47738412e-04 2.95512582e-05 3.12847869e-04 4.24878582e-04 1.69951433e-05 2.45215903e-04 6.20358158e-05 3.91014095e-05 4.58352231e-04 6.42654652e-04 1.11730096e-04 3.80674662e-04 1.07447209e-04 3.67520588e-05 8.23244551e-05 4.62592340e-05 1.57322431e-06 4.34571973e-08 2.99320817e-09
 2003 07 24 12 00 00  3.72597515e-03 2.26443718e-03 1.25067695e-03 8.97384673e-04 6.51478944e-04 3.62620146e-04 2.61495101e-04 2.21882677e-04 4.58517996e-04 1.32105458e-04 3.23206748e-03 4.85731587e-03 2.31460246e-04 6.75094278e-05 4.37462204e-05 1.32087283e-04 3.94732750e-05 6.80488534e-05 1.27653927e-04 7.42200878e-05 1.51989898e-04 1.86832364e-04 1.06419914e-04 7.43667729e-05 5.29012395e-06 9.23987245e-06 6.03991357e-06 2.59683958e-05 4.89189115e-06 1.76011188e-05 5.05836013e-05 3.90984438e-05 2.03441930e-05 5.15306538e-05 4.05447470e-05 1.41259050e-05 5.73128660e-05 7.11186218e-05 9.60757170e-06 4.84805443e-05 1.38058233e-04 2.90294993e-05 2.93756898e-04 4.17551491e-04 1.67020597e-05 2.28159126e-04 5.48222044e-05 3.80910846e-05 4.29457452e-04 6.12769062e-04 1.07198636e-04 3.49846825e-04 9.38192094e-05 3.17985705e-05 7.08936879e-05 3.86141758e-05 1.22716939e-06 2.53551086e-08 1.35051819e-09
 2003 07 25 12 00 00  3.70944584e-03 2.25238999e-03 1.24315059e-03 8.91872388e-04 6.46639149e-04 3.60643009e-04 2.59462823e-04 2.19612946e-04 4.52601249e-04 1.30279183e-04 3.18469516e-03 4.77231666e-03 2.28888071e-04 6.67320331e-05 4.33372343e-05 1.30239712e-04 3.89668101e-05 6.67699031e-05 1.25920119e-04 7.32606684e-05 1.49335967e-04 1.83453647e-04 1.04969969e-04 7.35093565e-05 5.25398827e-06 8.98449434e-06 6.02572836e-06 2.57617617e-05 4.87061880e-06 1.74626524e-05 4.98420053e-05 3.88898770e-05 1.99252783e-05 5.06487910e-05 3.92986025e-05 1.40580727e-05 5.58779358e-05 6.92037106e-05 9.39509555e-06 4.70707486e-05 1.33885509e-04 2.82184134e-05 2.85208069e-04 4.06077418e-04 1.62430967e-05 2.18958242e-04 5.20631787e-05 3.65191838e-05 4.15111862e-04 5.97173198e-04 1.03926155e-04 3.33583353e-04 8.29044155e-05 2.78311335e-05 6.17376733e-05 3.24825198e-05 9.49042999e-07 1.07626645e-08 2.51984211e-11
 2003 07 26 12 00 00  3.69334559e-03 2.24117592e-03 1.23610459e-03 8.86637894e-04 6.42003920e-04 3.58677650e-04 2.57474756e-04 2.17406749e-04 4.46843731e-04 1.28610645e-04 3.13854592e-03 4.68732081e-03 2.26471774e-04 6.60712110e-05 4.29640625e-05 1.28473915e-04 3.84700543e-05 6.55028445e-05 1.24430433e-04 7.24936428e-05 1.46696551e-04 1.80090351e-04 1.03543545e-04 7.27513827e-05 5.21846450e-06 8.81461237e-06 6.01159372e-06 2.55711484e-05 4.85344972e-06 1.73343989e-05 4.91372242e-05 3.86847154e-05 1.95149303e-05 4.98530484e-05 3.82938219e-05 1.39903466e-05 5.45149791e-05 6.73518636e-05 9.25375280e-06 4.58621944e-05 1.29879390e-04 2.75686296e-05 2.77300888e-04 3.96830907e-04 1.58732363e-05 2.10554561e-04 4.93366213e-05 3.52590287e-05 4.01772733e-04 5.82966003e-04 1.01081499e-04 3.20216497e-04 7.56541196e-05 2.51956882e-05 5.56554958e-05 2.84079561e-05 7.64122450e-07 2.93742062e-09 1.00000000e-10
 2003 07 27 12 00 00  3.70235852e-03 2.24596774e-03 1.23923699e-03 8.89249993e-04 6.44469467e-04 3.59903124e-04 2.58625991e-04 2.18648355e-04 4.50074306e-04 1.29238483e-04 3.16454533e-03 4.74044532e-03 2.27582416e-04 6.61896129e-05 4.31063717e-05 1.29404622e-04 3.87852575e-05 6.63005572e-05 1.24777835e-04 7.24788290e-05 1.48348051e-04 1.82199927e-04 1.04392284e-04 7.30338756e-05 5.24096467e-06 8.77900893e-06 6.02045257e-06 2.56631135e-05 4.85303790e-06 1.73937283e-05 4.95085570e-05 3.88146000e-05 1.97755755e-05 5.01895479e-05 3.82702361e-05 1.40327276e-05 5.52177442e-05 6.83946617e-05 9.22413747e-06 4.62103969e-05 1.32073337e-04 2.75554135e-05 2.81156816e-04 3.96616390e-04 1.58646556e-05 2.13963667e-04 5.10565413e-05 3.52329807e-05 4.07924088e-04 5.88902046e-04 1.01816743e-04 3.23948786e-04 7.40864851e-05 2.46259750e-05 5.43412521e-05 2.75340773e-05 7.24934839e-07 1.58562159e-09 1.00000000e-10
 2003 07 28 12 00 00  3.71464473e-03 2.25473372e-03 1.24472757e-03 8.93316390e-04 6.48064513e-04 3.61391585e-04 2.60143554e-04 2.20338808e-04 4.54475078e-04 1.30558015e-04 3.19980138e-03 4.80419844e-03 2.29464391e-04 6.67365401e-05 4.34019417e-05 1.30776435e-04 3.91721493e-05 6.72684051e-05 1.26006430e-04 7.31368491e-05 1.50342945e-04 1.84745172e-04 1.05478605e-04 7.35478647e-05 5.26850999e-06 8.80209482e-06 6.03112821e-06 2.58068386e-05 4.86761019e-06 1.74962508e-05 5.00586449e-05 3.89734865e-05 2.00959752e-05 5.07427026e-05 3.91239795e-05 1.40836768e-05 5.62670767e-05 6.98190520e-05 9.24334381e-06 4.70224836e-05 1.35175850e-04 2.81115586e-05 2.86705614e-04 4.04477961e-04 1.61791184e-05 2.20581304e-04 5.31493686e-05 3.63107043e-05 4.18504048e-04 5.99853726e-04 1.04153126e-04 3.30885512e-04 7.50757301e-05 2.49855511e-05 5.51710453e-05 2.80894284e-05 7.50099554e-07 2.46587604e-09 1.00000000e-10
 2003 07 29 12 00 00  3.71833149e-03 2.25673209e-03 1.24602984e-03 8.94420986e-04 6.49116971e-04 3.61895807e-04 2.60619432e-04 2.20854575e-04 4.55805086e-04 1.30826161e-04 3.21049531e-03 4.82545495e-03 2.29929354e-04 6.67994394e-05 4.34635057e-05 1.31175155e-04 3.93130846e-05 6.76056952e-05 1.26187672e-04 7.31535489e-05 1.51021512e-04 1.85612608e-04 1.05829303e-04 7.36516700e-05 5.27844495e-06 8.76129343e-06 6.03474837e-06 2.58472787e-05 4.86776189e-06 1.75237563e-05 5.02227740e-05 3.90306406e-05 2.02133422e-05 5.08719136e-05 3.91342182e-05 1.41007913e-05 5.65668537e-05 7.02623997e-05 9.20938401e-06 4.71433990e-05 1.36122167e-04 2.81238637e-05 2.88216400e-04 4.04579332e-04 1.61831733e-05 2.22096288e-04 5.38870052e-05 3.63333995e-05 4.21272595e-04 6.02464101e-04 1.04523223e-04 3.31811982e-04 7.34254991e-05 2.43854835e-05 5.37851311e-05 2.71485609e-05 7.06504724e-07 8.96548613e-10 1.00000000e-10
 2003 07 30 12 00 00  3.71518979e-03 2.25566444e-03 1.24526733e-03 8.93679418e-04 6.48367957e-04 3.61426588e-04 2.60211088e-04 2.20430620e-04 4.54688403e-04 1.30736452e-04 3.20145535e-03 4.80421409e-03 2.29646711e-04 6.68716843e-05 4.34432697e-05 1.30897777e-04 3.92066169e-05 6.73106522e-05 1.26301810e-04 7.33551919e-05 1.50384637e-04 1.84799961e-04 1.05519924e-04 7.35530303e-05 5.27067969e-06 8.73579265e-06 6.03130684e-06 2.58214898e-05 4.87205871e-06 1.75122911e-05 5.01177949e-05 3.89855501e-05 2.01263931e-05 5.07528500e-05 3.93870316e-05 1.40840522e-05 5.63564833e-05 6.99180524e-05 9.18816004e-06 4.70471814e-05 1.35440392e-04 2.82928959e-05 2.86740607e-04 4.06912788e-04 1.62765115e-05 2.21525050e-04 5.32646372e-05 3.66600667e-05 4.19973981e-04 6.01242829e-04 1.04682350e-04 3.29397294e-04 7.23919415e-05 2.40096616e-05 5.29171589e-05 2.65596262e-05 6.79238741e-07 1.00000000e-10 1.00000000e-10
 2003 07 31 12 00 00  3.73018384e-03 2.26448724e-03 1.25094316e-03 8.98223280e-04 6.52567249e-04 3.63397603e-04 2.62107833e-04 2.22496939e-04 4.60062999e-04 1.31958183e-04 3.24465151e-03 4.88921665e-03 2.31635173e-04 6.72163947e-05 4.37188102e-05 1.32488867e-04 3.97179392e-05 6.85955631e-05 1.27170633e-04 7.35900656e-05 1.53038511e-04 1.88186403e-04 1.06906225e-04 7.41248192e-05 5.30712059e-06 8.77544808e-06 6.04551678e-06 2.59871891e-05 4.87715697e-06 1.76199215e-05 5.07579509e-05 3.91958136e-05 2.05495933e-05 5.13934557e-05 3.96863878e-05 1.41519369e-05 5.75714018e-05 7.16620865e-05 9.22115651e-06 4.78509123e-05 1.39151619e-04 2.84905545e-05 2.93648759e-04 4.09672682e-04 1.63869073e-05 2.28019221e-04 5.60399028e-05 3.70425521e-05 4.31092487e-04 6.12480080e-04 1.06421913e-04 3.38630866e-04 7.40574164e-05 2.46151170e-05 5.43147657e-05 2.74995800e-05 7.22162343e-07 1.43277390e-09 1.00000000e-10
 2003 08 01 12 00 00  3.73277042e-03 2.26700668e-03 1.25246730e-03 8.99246687e-04 6.53416199e-04 3.63659389e-04 2.62414855e-04 2.22856422e-04 4.60993008e-04 1.32377677e-04 3.25205119e-03 4.89984602e-03 2.32144645e-04 6.74518622e-05 4.38124792e-05 1.32817533e-04 3.97935015e-05 6.87704480e-05 1.27670953e-04 7.39388750e-05 1.53387168e-04 1.88628193e-04 1.07116220e-04 7.43172634e-05 5.31240876e-06 8.86189446e-06 6.04735360e-06 2.60292403e-05 4.88482583e-06 1.76496025e-05 5.08956969e-05 3.92261747e-05 2.06127705e-05 5.15778515e-05 4.01360041e-05 1.41605487e-05 5.78336351e-05 7.19757738e-05 9.29308735e-06 4.82058475e-05 1.39871102e-04 2.87848932e-05 2.95248785e-04 4.13814739e-04 1.65525895e-05 2.30103530e-04 5.64257440e-05 3.76126467e-05 4.34098730e-04 6.15949759e-04 1.07340862e-04 3.42578892e-04 7.77022218e-05 2.59400908e-05 5.73731062e-05 2.95545018e-05 8.15861119e-07 4.73728861e-09 1.00000000e-10
 2003 08 02 12 00 00  3.74631267e-03 2.27560456e-03 1.25793698e-03 9.03488135e-04 6.57267839e-04 3.65387775e-04 2.64112369e-04 2.24720520e-04 4.65844065e-04 1.33610980e-04 3.29100252e-03 4.97422367e-03 2.34042979e-04 6.78692054e-05 4.40892976e-05 1.34280854e-04 4.02418780e-05 6.98959338e-05 1.28659508e-04 7.43382960e-05 1.55712024e-04 1.91592888e-04 1.08347928e-04 7.48909684e-05 5.34435603e-06 8.94954355e-06 6.05979258e-06 2.61855625e-05 4.89369086e-06 1.77525265e-05 5.14863950e-05 3.94104922e-05 2.09839287e-05 5.22006163e-05 4.06552834e-05 1.42199584e-05 5.89584609e-05 7.35511440e-05 9.36603974e-06 4.90652468e-05 1.43251107e-04 2.91226344e-05 3.01725236e-04 4.18595826e-04 1.67438331e-05 2.36529967e-04 5.88573632e-05 3.82672442e-05 4.44727018e-04 6.26963981e-04 1.09277179e-04 3.52281375e-04 8.12497105e-05 2.72300448e-05 6.03523462e-05 3.15766880e-05 9.09533355e-07 8.80914541e-09 1.00000000e-10
 2003 08 03 12 00 00  3.75467765e-03 2.28182828e-03 1.26181436e-03 9.06306405e-04 6.59730571e-04 3.66379179e-04 2.65138005e-04 2.25868733e-04 4.68836674e-04 1.34561250e-04 3.31496801e-03 5.01672439e-03 2.35364617e-04 6.82821233e-05 4.43013011e-05 1.35221961e-04 4.04975377e-05 7.05383834e-05 1.29570947e-04 7.48587365e-05 1.57042203e-04 1.93286095e-04 1.09078460e-04 7.53327551e-05 5.36257612e-06 9.08569855e-06 6.06689755e-06 2.62917487e-05 4.90533239e-06 1.78240858e-05 5.18670812e-05 3.95156239e-05 2.11955266e-05 5.26531025e-05 4.13366448e-05 1.42538993e-05 5.96919562e-05 7.45225625e-05 9.47937224e-06 4.97983400e-05 1.45374416e-04 2.95634585e-05 3.06094408e-04 4.24866314e-04 1.69946526e-05 2.41307456e-04 6.02449814e-05 3.91221169e-05 4.52124188e-04 6.35026731e-04 1.11004272e-04 3.60461670e-04 8.67166271e-05 2.92180604e-05 6.49443485e-05 3.46998473e-05 1.05465297e-06 1.66846537e-08 5.72745940e-10
 2003 08 04 12 00 00  3.74678730e-03 2.27652139e-03 1.25846422e-03 9.03792218e-04 6.57491012e-04 3.65402866e-04 2.64161144e-04 2.24789656e-04 4.66016891e-04 1.33783671e-04 3.29235501e-03 4.97422963e-03 2.34212552e-04 6.79924220e-05 4.41272333e-05 1.34370354e-04 4.02549864e-05 6.99120050e-05 1.28910795e-04 7.45423080e-05 1.55733448e-04 1.91613725e-04 1.08375144e-04 7.50678631e-05 5.34518113e-06 9.14288175e-06 6.05986061e-06 2.62100696e-05 4.89822269e-06 1.77640271e-05 5.15341474e-05 3.94150818e-05 2.09954975e-05 5.23531454e-05 4.09207103e-05 1.42200995e-05 5.90505172e-05 7.36282017e-05 9.52700357e-06 4.94094112e-05 1.43449641e-04 2.92951736e-05 3.02954558e-04 4.21039563e-04 1.68415825e-05 2.37478335e-04 5.89012052e-05 3.86016734e-05 4.45842616e-04 6.28780446e-04 1.09735489e-04 3.58075536e-04 8.87728627e-05 2.99664061e-05 6.66758613e-05 3.59121917e-05 1.11344660e-06 2.00571478e-08 8.86370266e-10
 2003 08 05 12 00 00  3.74470957e-03 2.27499709e-03 1.25751188e-03 9.03093510e-04 6.56876669e-04 3.65155491e-04 2.63905270e-04 2.24503058e-04 4.65270677e-04 1.33551311e-04 3.28639560e-03 4.96360399e-03 2.33886118e-04 6.78897394e-05 4.40744726e-05 1.34135830e-04 4.01915546e-05 6.97519863e-05 1.28679227e-04 7.44138611e-05 1.55405700e-04 1.91191183e-04 1.08193323e-04 7.50755070e-05 5.34065657e-06 9.27656511e-06 6.05808673e-06 2.61946476e-05 4.89548875e-06 1.77463980e-05 5.14467677e-05 3.93889670e-05 2.09430247e-05 5.23402631e-05 4.07598505e-05 1.42116201e-05 5.88870707e-05 7.33954266e-05 9.63829880e-06 4.94430132e-05 1.42938276e-04 2.91875360e-05 3.02727121e-04 4.19554730e-04 1.67821892e-05 2.36415963e-04 5.85559057e-05 3.83936684e-05 4.44013924e-04 6.27290543e-04 1.09307764e-04 3.60904301e-04 9.39867636e-05 3.18628025e-05 7.10581303e-05 3.89149446e-05 1.25454955e-06 2.78312434e-08 1.60187330e-09
 2003 08 06 12 00 00  3.73608287e-03 2.26822440e-03 1.25331870e-03 9.00108527e-04 6.54302462e-04 3.64163565e-04 2.62856237e-04 2.23319438e-04 4.62183916e-04 1.32497663e-04 3.26171646e-03 4.92110401e-03 2.32464025e-04 6.74007446e-05 4.38390506e-05 1.33150213e-04 3.99373530e-05 6.91113120e-05 1.27613130e-04 7.37664930e-05 1.54080449e-04 1.89500268e-04 1.07452248e-04 7.47010575e-05 5.32252743e-06 9.27050569e-06 6.05098867e-06 2.60923788e-05 4.88110381e-06 1.76696153e-05 5.10552642e-05 3.92843445e-05 2.07327088e-05 5.19454507e-05 3.99173558e-05 1.41776924e-05 5.81340947e-05 7.24037023e-05 9.63329803e-06 4.88191609e-05 1.40752443e-04 2.86399882e-05 2.98934456e-04 4.11798291e-04 1.64719316e-05 2.31286451e-04 5.71731420e-05 3.73323448e-05 4.36063974e-04 6.18979226e-04 1.07312960e-04 3.56342532e-04 9.34467818e-05 3.16671914e-05 7.06099487e-05 3.86530576e-05 1.24542678e-06 2.75611789e-08 1.58265578e-09
 2003 08 07 12 00 00  3.73008851e-03 2.26412097e-03 1.25073463e-03 8.98171832e-04 6.52578290e-04 3.63424996e-04 2.62113507e-04 2.22496816e-04 4.60039039e-04 1.31890857e-04 3.24451889e-03 4.88923043e-03 2.31575656e-04 6.71661082e-05 4.37031932e-05 1.32493670e-04 3.97490076e-05 6.86336542e-05 1.27080779e-04 7.35013222e-05 1.53092080e-04 1.88235785e-04 1.06918140e-04 7.45302652e-05 5.30907637e-06 9.36218858e-06 6.04567867e-06 2.60312697e-05 4.87518701e-06 1.76221164e-05 5.07968126e-05 3.92066897e-05 2.05770135e-05 5.17429594e-05 3.95709911e-05 1.41522745e-05 5.76433482e-05 7.17191338e-05 9.70960900e-06 4.85770379e-05 1.39270758e-04 2.84155103e-05 2.96766934e-04 4.08610257e-04 1.63444103e-05 2.28305243e-04 5.61438035e-05 3.68971028e-05 4.31135377e-04 6.14216942e-04 1.06290183e-04 3.56066782e-04 9.71532238e-05 3.30149564e-05 7.37227598e-05 4.07665287e-05 1.34337160e-06 3.28574359e-08 2.06768114e-09
 2003 08 08 12 00 00  3.72099593e-03 2.25913452e-03 1.24749176e-03 8.95513158e-04 6.50090844e-04 3.62202952e-04 2.60957915e-04 2.21247684e-04 4.56784238e-04 1.31227367e-04 3.21832574e-03 4.83610779e-03 2.30432312e-04 6.70246677e-05 4.35536994e-05 1.31554077e-04 3.94381699e-05 6.78412849e-05 1.26693467e-04 7.34762230e-05 1.51445376e-04 1.86133133e-04 1.06068233e-04 7.42239292e-05 5.28685050e-06 9.37424629e-06 6.03684202e-06 2.59374965e-05 4.87458747e-06 1.75618091e-05 5.04221441e-05 3.90783331e-05 2.03202202e-05 5.13875248e-05 3.95361189e-05 1.41099415e-05 5.69306118e-05 7.06721081e-05 9.71964837e-06 4.81796455e-05 1.37065108e-04 2.83939327e-05 2.92783704e-04 4.08290518e-04 1.63316207e-05 2.24756566e-04 5.44384704e-05 3.68550594e-05 4.24859829e-04 6.08051067e-04 1.05478359e-04 3.51546285e-04 9.76017707e-05 3.31781561e-05 7.41001688e-05 4.10283587e-05 1.35590282e-06 3.35644572e-08 2.13315587e-09
 2003 08 09 12 00 00  3.72074945e-03 2.25862158e-03 1.24719773e-03 8.95358312e-04 6.49987680e-04 3.62200841e-04 2.60935881e-04 2.21215042e-04 4.56697809e-04 1.31131407e-04 3.21765241e-03 4.83610705e-03 2.30339812e-04 6.69571401e-05 4.35328528e-05 1.31512679e-04 3.94376868e-05 6.78406912e-05 1.26560004e-04 7.33630499e-05 1.51442638e-04 1.86132359e-04 1.06057366e-04 7.41459682e-05 5.28682031e-06 9.29536982e-06 6.03683948e-06 2.59277588e-05 4.87201323e-06 1.75567170e-05 5.04028598e-05 3.90781614e-05 2.03197924e-05 5.13217780e-05 3.93857335e-05 1.41099372e-05 5.68895414e-05 7.06409444e-05 9.65402869e-06 4.80242893e-05 1.36983365e-04 2.82977242e-05 2.92288559e-04 4.06907907e-04 1.62763163e-05 2.24290411e-04 5.44368406e-05 3.66682623e-05 4.24335817e-04 6.07208533e-04 1.05236782e-04 3.48989713e-04 9.42068456e-05 3.19441873e-05 7.12526962e-05 3.91246868e-05 1.26978732e-06 2.90639036e-08 1.72485493e-09
 2003 08 10 12 00 00  3.73624407e-03 2.26857472e-03 1.25352035e-03 9.00211155e-04 6.54368169e-04 3.64161635e-04 2.62869704e-04 2.23340583e-04 4.62241775e-04 1.32563690e-04 3.26214717e-03 4.92110252e-03 2.32527978e-04 6.74501760e-05 4.38542604e-05 1.33176366e-04 3.99339537e-05 6.91071444e-05 1.27715425e-04 7.38491653e-05 1.54077074e-04 1.89494865e-04 1.07457452e-04 7.47369892e-05 5.32231352e-06 9.30531096e-06 6.05097157e-06 2.60967799e-05 4.88286096e-06 1.76725180e-05 5.10626598e-05 3.92831571e-05 2.07297096e-05 5.19764999e-05 4.00207646e-05 1.41776574e-05 5.81558872e-05 7.24187070e-05 9.66230582e-06 4.88956141e-05 1.40793496e-04 2.87092524e-05 2.99155355e-04 4.12752897e-04 1.65101159e-05 2.31572323e-04 5.71617740e-05 3.74661788e-05 4.36387471e-04 6.19450690e-04 1.07482882e-04 3.57166736e-04 9.45806929e-05 3.20802003e-05 7.15671763e-05 3.93422300e-05 1.28015505e-06 2.96457159e-08 1.77866006e-09
 2003 08 11 12 00 00  3.74396821e-03 2.27629859e-03 1.25818205e-03 9.03238882e-04 6.56816801e-04 3.64909423e-04 2.63766075e-04 2.24393009e-04 4.64997514e-04 1.33849199e-04 3.28405869e-03 4.95297536e-03 2.34071836e-04 6.81695489e-05 4.41396290e-05 1.34123097e-04 4.01193916e-05 6.95812574e-05 1.29214121e-04 7.49258907e-05 1.55064097e-04 1.90754764e-04 1.08064594e-04 7.51005688e-05 5.33558195e-06 9.27844158e-06 6.05626774e-06 2.61929490e-05 4.90693128e-06 1.77550763e-05 5.14326250e-05 3.93597962e-05 2.08828409e-05 5.23424524e-05 4.14295995e-05 1.42030462e-05 5.88777664e-05 7.32897563e-05 9.63995699e-06 4.95833032e-05 1.42785798e-04 2.96211394e-05 3.02278876e-04 4.25718698e-04 1.70287479e-05 2.37488950e-04 5.81813976e-05 3.92344780e-05 4.44968752e-04 6.28571727e-04 1.10227220e-04 3.59539740e-04 9.33888998e-05 3.16470947e-05 7.05681645e-05 3.86791193e-05 1.25050315e-06 2.81222249e-08 1.64111409e-09
 2003 08 12 12 00 00  3.74443422e-03 2.27447521e-03 1.25721240e-03 9.02918295e-04 6.56746401e-04 3.65144430e-04 2.63876393e-04 2.24462944e-04 4.65171608e-04 1.33453392e-04 3.28560508e-03 4.96359952e-03 2.33790231e-04 6.78221655e-05 4.40536315e-05 1.34083416e-04 4.01813624e-05 6.97394833e-05 1.28545122e-04 7.43018871e-05 1.55390293e-04 1.91174972e-04 1.08176208e-04 7.49794256e-05 5.34001483e-06 9.18432415e-06 6.05803361e-06 2.61810220e-05 4.89290760e-06 1.77394355e-05 5.14160569e-05 3.93853988e-05 2.09340273e-05 5.22595333e-05 4.06092557e-05 1.42115096e-05 5.88330934e-05 7.33482385e-05 9.56166186e-06 4.92580159e-05 1.42816557e-04 2.90920550e-05 3.02107816e-04 4.18171224e-04 1.67268490e-05 2.35870816e-04 5.85218077e-05 3.82081053e-05 4.43354400e-04 6.26248611e-04 1.09050948e-04 3.57263599e-04 8.92913253e-05 3.01578399e-05 6.71321439e-05 3.63882728e-05 1.14732803e-06 2.27646083e-08 1.15594023e-09
 2003 08 13 12 00 00  3.74464954e-03 2.27494408e-03 1.25748143e-03 9.03053473e-04 6.56831451e-04 3.65142406e-04 2.63894024e-04 2.24490323e-04 4.65246942e-04 1.33541240e-04 3.28617836e-03 4.96359840e-03 2.33874597e-04 6.78855658e-05 4.40731884e-05 1.34117414e-04 4.01774771e-05 6.97347277e-05 1.28672473e-04 7.44084362e-05 1.55388126e-04 1.91168811e-04 1.08183488e-04 7.50697398e-05 5.33976963e-06 9.28655791e-06 6.05801361e-06 2.61906562e-05 4.89527119e-06 1.77433406e-05 5.14294303e-05 3.93840397e-05 2.09306003e-05 5.23357558e-05 4.07477171e-05 1.42114674e-05 5.88689785e-05 7.33718720e-05 9.64673891e-06 4.94366255e-05 1.42878180e-04 2.91821401e-05 3.02688709e-04 4.19446106e-04 1.67778442e-05 2.36291274e-04 5.85088332e-05 3.83827050e-05 4.43782846e-04 6.27059443e-04 1.09270591e-04 3.60392493e-04 9.35353803e-05 3.17008162e-05 7.06944615e-05 3.87909774e-05 1.25754252e-06 2.86403029e-08 1.69195395e-09
 2003 08 14 12 00 00  3.74112225e-03 2.27319133e-03 1.25632302e-03 9.02058757e-04 6.55878929e-04 3.64652062e-04 2.63440522e-04 2.24004404e-04 4.63983234e-04 1.33321130e-04 3.27599106e-03 4.94234785e-03 2.33460658e-04 6.78617138e-05 4.40234881e-05 1.33758534e-04 4.00506164e-05 6.94146904e-05 1.28582745e-04 7.44534889e-05 1.54726199e-04 1.90323734e-04 1.07846951e-04 7.49527262e-05 5.33072052e-06 9.28687659e-06 6.05446658e-06 2.61542290e-05 4.89625272e-06 1.77211348e-05 5.12841727e-05 3.93318129e-05 2.08256562e-05 5.21981012e-05 4.08053165e-05 1.41945056e-05 5.85958235e-05 7.29615664e-05 9.64701248e-06 4.92947209e-05 1.42020401e-04 2.92200799e-05 3.01100435e-04 4.19977049e-04 1.67990820e-05 2.35047520e-04 5.78182575e-05 3.84561397e-05 4.41486635e-04 6.24827125e-04 1.09058463e-04 3.58401205e-04 9.34843873e-05 3.16824349e-05 7.06527874e-05 3.87718621e-05 1.25730900e-06 2.86759985e-08 1.69641670e-09
 2003 08 15 12 00 00  3.74227442e-03 2.27282282e-03 1.25618735e-03 9.02168238e-04 6.56087891e-04 3.64888229e-04 2.63609928e-04 2.24163340e-04 4.64396749e-04 1.33197432e-04 3.27939113e-03 4.95297089e-03 2.33440597e-04 6.77067321e-05 4.39968913e-05 1.33830851e-04 4.01087076e-05 6.95681607e-05 1.28293318e-04 7.41525611e-05 1.55050798e-04 1.90737796e-04 1.07986119e-04 7.49730366e-05 5.33490966e-06 9.30852693e-06 6.05621281e-06 2.61613382e-05 4.88954938e-06 1.77189814e-05 5.13132070e-05 3.93560593e-05 2.08734171e-05 5.22339694e-05 4.04128339e-05 1.42029283e-05 5.86505236e-05 7.30950905e-05 9.66503285e-06 4.92658941e-05 1.42253172e-04 2.89654301e-05 3.01753077e-04 4.16364189e-04 1.66545676e-05 2.34647536e-04 5.81456930e-05 3.79624544e-05 4.41291438e-04 6.24491169e-04 1.08562281e-04 3.59864017e-04 9.43564823e-05 3.19995599e-05 7.13852622e-05 3.92696334e-05 1.28040948e-06 2.99275072e-08 1.81108710e-09
 2003 08 16 12 00 00  3.73659325e-03 2.26935162e-03 1.25396677e-03 9.00431455e-04 6.54503564e-04 3.64154857e-04 2.62897190e-04 2.23384569e-04 4.62364966e-04 1.32709641e-04 3.26306637e-03 4.92109731e-03 2.32668319e-04 6.75581487e-05 4.38875268e-05 1.33230290e-04 3.99237557e-05 6.90946472e-05 1.27934389e-04 7.40305346e-05 1.54062768e-04 1.89478657e-04 1.07467254e-04 7.47185455e-05 5.32167214e-06 9.24357009e-06 6.05091882e-06 2.60966497e-05 4.88677870e-06 1.76783917e-05 5.10727690e-05 3.92795861e-05 2.07207107e-05 5.19611378e-05 4.02509148e-05 1.41775454e-05 5.81868875e-05 7.24408023e-05 9.61098995e-06 4.88854971e-05 1.40860965e-04 2.88617244e-05 2.98919877e-04 4.14875372e-04 1.65950149e-05 2.32095794e-04 5.71276760e-05 3.77611315e-05 4.37060602e-04 6.20033911e-04 1.07850465e-04 3.54872365e-04 9.15685489e-05 3.09861976e-05 6.90467674e-05 3.77051672e-05 1.20956126e-06 2.62189936e-08 1.47449217e-09
 2003 08 17 12 00 00  3.73431754e-03 2.26739428e-03 1.25276746e-03 8.99611878e-04 6.53816014e-04 3.63908403e-04 2.62625788e-04 2.23074407e-04 4.61553145e-04 1.32397090e-04 3.25658477e-03 4.91047427e-03 2.32266205e-04 6.74018353e-05 4.38181306e-05 1.32966219e-04 3.98627570e-05 6.89376087e-05 1.27601763e-04 7.38109928e-05 1.53731325e-04 1.89060008e-04 1.07278186e-04 7.45233508e-05 5.31730002e-06 9.11355091e-06 6.04915804e-06 2.60612132e-05 4.88183978e-06 1.76571281e-05 5.09649784e-05 3.92543268e-05 2.06703873e-05 5.17770021e-05 3.99620185e-05 1.41690907e-05 5.79713763e-05 7.21767779e-05 9.50281537e-06 4.85362461e-05 1.40275456e-04 2.86755385e-05 2.97285962e-04 4.12217610e-04 1.64887044e-05 2.30534516e-04 5.67905314e-05 3.73999152e-05 4.34844889e-04 6.17291613e-04 1.07233850e-04 3.49726573e-04 8.60050421e-05 2.89639249e-05 6.43798654e-05 3.45806938e-05 1.06790195e-06 1.87914068e-08 8.00024846e-10
 2003 08 18 12 00 00  3.73259057e-03 2.26657994e-03 1.25222374e-03 8.99137832e-04 6.53358828e-04 3.63666094e-04 2.62403443e-04 2.22837166e-04 4.60934493e-04 1.32298624e-04 3.25160144e-03 4.89985049e-03 2.32070699e-04 6.73972731e-05 4.37955572e-05 1.32794505e-04 3.98022385e-05 6.87811640e-05 1.27570311e-04 7.38455856e-05 1.53402973e-04 1.88642095e-04 1.07112992e-04 7.44394259e-05 5.31295882e-06 9.07352587e-06 6.04739907e-06 2.60417419e-05 4.88263322e-06 1.76471470e-05 5.08964469e-05 3.92292335e-05 2.06204830e-05 5.16869848e-05 4.00083431e-05 1.41606433e-05 5.78376767e-05 7.19770724e-05 9.46952641e-06 4.84193366e-05 1.39862325e-04 2.87050032e-05 2.96315979e-04 4.12643332e-04 1.65057333e-05 2.29953032e-04 5.64549759e-05 3.74571595e-05 4.33794984e-04 6.16153966e-04 1.07158729e-04 3.47463932e-04 8.42144082e-05 2.83132356e-05 6.28791318e-05 3.35865645e-05 1.02359383e-06 1.65260779e-08 5.95794436e-10
 2003 08 19 12 00 00  3.73031628e-03 2.26466012e-03 1.25104409e-03 8.98313743e-04 6.52656572e-04 3.63415182e-04 2.62128676e-04 2.22523029e-04 4.60117404e-04 1.31991846e-04 3.24509345e-03 4.88922484e-03 2.31671681e-04 6.72409849e-05 4.37262857e-05 1.32524755e-04 3.97363881e-05 6.86181767e-05 1.27228827e-04 7.36279821e-05 1.53068009e-04 1.88215722e-04 1.06921453e-04 7.43150987e-05 5.30828183e-06 9.04422122e-06 6.04561283e-06 2.60115019e-05 4.87793150e-06 1.76251472e-05 5.07896029e-05 3.92022717e-05 2.05658725e-05 5.15615589e-05 3.97321564e-05 1.41521363e-05 5.76297394e-05 7.17118858e-05 9.44516796e-06 4.82014885e-05 1.39270132e-04 2.85220623e-05 2.95172460e-04 4.10096299e-04 1.64038520e-05 2.28448990e-04 5.61015913e-05 3.71032656e-05 4.31526819e-04 6.13673411e-04 1.06536745e-04 3.45331144e-04 8.28033260e-05 2.78006952e-05 6.16981322e-05 3.28172515e-05 9.90253966e-07 1.48945452e-08 4.50611459e-10
 2003 08 20 12 00 00  3.72647156e-03 2.26227647e-03 1.24952155e-03 8.97113083e-04 6.51555631e-04 3.62919087e-04 2.61643531e-04 2.21990692e-04 4.58735494e-04 1.31652093e-04 3.23401162e-03 4.86797281e-03 2.31139596e-04 6.71269939e-05 4.36489130e-05 1.32106691e-04 3.96056392e-05 6.82933722e-05 1.26948010e-04 7.35240930e-05 1.52398946e-04 1.87364468e-04 1.06569210e-04 7.41106290e-05 5.29898789e-06 8.96198035e-06 6.04204470e-06 2.59627154e-05 4.87580037e-06 1.75957891e-05 5.06202121e-05 3.91486858e-05 2.04575015e-05 5.13487295e-05 3.96062591e-05 1.41351338e-05 5.73039992e-05 7.12578649e-05 9.37676887e-06 4.78837081e-05 1.38296770e-04 2.84356560e-05 2.93028875e-04 4.08931474e-04 1.63572590e-05 2.26608767e-04 5.53980237e-05 3.69367248e-05 4.28506406e-04 6.10365745e-04 1.05999920e-04 3.40537353e-04 7.90995909e-05 2.64548676e-05 5.85944272e-05 3.07644342e-05 8.98991232e-07 1.02463643e-08 3.20196314e-11
 2003 08 21 12 00 00  3.71592224e-03 2.25433007e-03 1.24457674e-03 8.93525242e-04 6.48423300e-04 3.61676455e-04 2.60350095e-04 2.20538859e-04 4.54955168e-04 1.30431437e-04 3.20377491e-03 4.81484495e-03 2.29453127e-04 6.65816056e-05 4.33750402e-05 1.30909038e-04 3.92831571e-05 6.74867420e-05 1.25740166e-04 7.28266372e-05 1.50739416e-04 1.85243313e-04 1.05650491e-04 7.37418592e-05 5.27602897e-06 9.06531786e-06 6.03314802e-06 2.58450880e-05 4.86046338e-06 1.75038872e-05 5.01467752e-05 3.90162517e-05 2.01904317e-05 5.09378831e-05 3.87070206e-05 1.40926742e-05 5.64019144e-05 7.00430221e-05 9.46279106e-06 4.72995129e-05 1.35628787e-04 2.78470892e-05 2.88915703e-04 4.00647405e-04 1.60258962e-05 2.20651953e-04 5.36537438e-05 3.57967365e-05 4.19016108e-04 6.00845280e-04 1.03735140e-04 3.38358982e-04 8.32138428e-05 2.79510815e-05 6.20508757e-05 3.31203345e-05 1.00881894e-06 1.62331535e-08 5.81468473e-10
 2003 08 22 12 00 00  3.73308727e-03 2.26505327e-03 1.25141392e-03 8.98805695e-04 6.53205501e-04 3.63869405e-04 2.62493868e-04 2.22885554e-04 4.61086319e-04 1.31951392e-04 3.25303515e-03 4.91045937e-03 2.31821382e-04 6.70637402e-05 4.37144866e-05 1.32722628e-04 3.98292614e-05 6.88965607e-05 1.26877414e-04 7.32561224e-05 1.53689043e-04 1.89006770e-04 1.07207773e-04 7.44168373e-05 5.31519145e-06 9.12658434e-06 6.04898378e-06 2.60302496e-05 4.87039651e-06 1.76268599e-05 5.08663291e-05 3.92426009e-05 2.06408266e-05 5.16803353e-05 3.92863381e-05 1.41687269e-05 5.77885884e-05 7.20009401e-05 9.51380716e-06 4.82884022e-05 1.39800498e-04 2.82135617e-05 2.96738834e-04 4.05968346e-04 1.62387338e-05 2.28402355e-04 5.66785107e-05 3.65091459e-05 4.31880270e-04 6.14006365e-04 1.05988805e-04 3.48770806e-04 8.55313734e-05 2.87942004e-05 6.40000986e-05 3.44666636e-05 1.07283869e-06 1.98154357e-08 9.12506160e-10
 2003 08 23 12 00 00  3.73978155e-03 2.27072085e-03 1.25489206e-03 9.01172680e-04 6.55184566e-04 3.64597306e-04 2.63289396e-04 2.23791089e-04 4.63466340e-04 1.32848986e-04 3.27205754e-03 4.94232513e-03 2.32985102e-04 6.74997966e-05 4.39126935e-05 1.33481539e-04 4.00006131e-05 6.93533919e-05 1.27793737e-04 7.38628034e-05 1.54657070e-04 1.90244255e-04 1.07763229e-04 7.46638578e-05 5.32757331e-06 9.06466375e-06 6.05420646e-06 2.61014972e-05 4.88427177e-06 1.76862398e-05 5.11594229e-05 3.93143157e-05 2.07815290e-05 5.19448588e-05 4.00965306e-05 1.41939614e-05 5.83620250e-05 7.27408628e-05 9.46232467e-06 4.87135698e-05 1.41437979e-04 2.87299510e-05 2.99234865e-04 4.13414673e-04 1.65365869e-05 2.32537887e-04 5.76510327e-05 3.75121570e-05 4.38133442e-04 6.20395342e-04 1.07706120e-04 3.49548496e-04 8.26336925e-05 2.77415143e-05 6.15736277e-05 3.28758793e-05 1.00314597e-06 1.63453091e-08 6.02087802e-10
 2003 08 24 12 00 00  3.75348697e-03 2.27981188e-03 1.26064064e-03 9.05503176e-04 6.59050309e-04 3.66303455e-04 2.64987623e-04 2.25662860e-04 4.68359920e-04 1.34171864e-04 3.31133192e-03 5.01669124e-03 2.34962711e-04 6.79754585e-05 4.42077620e-05 1.34950665e-04 4.04232589e-05 7.04473350e-05 1.28878255e-04 7.43655779e-05 1.56947407e-04 1.93168039e-04 1.08988651e-04 7.51824258e-05 5.35790095e-06 9.06164278e-06 6.06651265e-06 2.62481579e-05 4.89576851e-06 1.77888786e-05 5.17386461e-05 3.94896226e-05 2.11299790e-05 5.25168282e-05 4.07678192e-05 1.42530931e-05 5.94801116e-05 7.42968529e-05 9.45984866e-06 4.94905717e-05 1.44776884e-04 2.91578763e-05 3.05182320e-04 4.19584461e-04 1.67833784e-05 2.39122861e-04 5.99965977e-05 3.83433333e-05 4.48876629e-04 6.31317549e-04 1.09814157e-04 3.56052059e-04 8.22401704e-05 2.75991007e-05 6.12480238e-05 3.26938170e-05 9.97480976e-07 1.62443257e-08 5.97912386e-10
 2003 08 25 12 00 00  3.75978778e-03 2.28461754e-03 1.26362553e-03 9.07626314e-04 6.60879398e-04 3.67034846e-04 2.65751837e-04 2.26520021e-04 4.70605638e-04 1.34908820e-04 3.32931459e-03 5.04856035e-03 2.35973418e-04 6.82991867e-05 4.43712349e-05 1.35649399e-04 4.06014064e-05 7.09125074e-05 1.29578049e-04 7.47825485e-05 1.57925327e-04 1.94416328e-04 1.09530681e-04 7.54391778e-05 5.37070991e-06 9.05875495e-06 6.07177099e-06 2.63178860e-05 4.90527709e-06 1.78411783e-05 5.20126949e-05 3.95637122e-05 2.12766812e-05 5.27907278e-05 4.13232105e-05 1.42784018e-05 6.00130068e-05 7.50059042e-05 9.45747670e-06 4.99103563e-05 1.46324766e-04 2.95125530e-05 3.07866849e-04 4.24689810e-04 1.69875924e-05 2.42652986e-04 6.09918439e-05 3.90321045e-05 4.54358427e-04 6.36996808e-04 1.11140630e-04 3.58745306e-04 8.19034240e-05 2.74772025e-05 6.09691807e-05 3.25361150e-05 9.92420053e-07 1.61371332e-08 5.92208149e-10
 2003 08 26 12 00 00  3.77258611e-03 2.29178317e-03 1.26827012e-03 9.11387546e-04 6.64375354e-04 3.68740087e-04 2.67371997e-04 2.28273944e-04 4.75182022e-04 1.35871381e-04 3.36613913e-03 5.12292869e-03 2.37604477e-04 6.85190451e-05 4.45873487e-05 1.36970339e-04 4.10298817e-05 7.20136042e-05 1.30157976e-04 7.48559250e-05 1.60224443e-04 1.97349380e-04 1.10720040e-04 7.59313138e-05 5.40140427e-06 9.12557953e-06 6.08410592e-06 2.64540764e-05 4.90708771e-06 1.79260533e-05 5.25394954e-05 3.97410680e-05 2.16302738e-05 5.33410052e-05 4.14281560e-05 1.43375946e-05 6.10237802e-05 7.64748086e-05 9.51310067e-06 5.05889426e-05 1.49419252e-04 2.95761158e-05 3.13863048e-04 4.25650147e-04 1.70260059e-05 2.47776467e-04 6.33568969e-05 3.91562557e-05 4.63227100e-04 6.45990977e-04 1.12345915e-04 3.67443841e-04 8.45732729e-05 2.84481115e-05 6.32119880e-05 3.40634401e-05 1.06352451e-06 2.00059787e-08 9.47104262e-10
 2003 08 27 12 00 00  3.77876719e-03 2.29635135e-03 1.27111827e-03 9.13433627e-04 6.66149167e-04 3.69468904e-04 2.68124315e-04 2.29113853e-04 4.77383853e-04 1.36563492e-04 3.38378392e-03 5.15479743e-03 2.38571153e-04 6.88099293e-05 4.47407256e-05 1.37646960e-04 4.12060908e-05 7.24763959e-05 1.30790605e-04 7.52184831e-05 1.61201603e-04 1.98594604e-04 1.11255905e-04 7.62248920e-05 5.41409172e-06 9.18779551e-06 6.08935443e-06 2.65253570e-05 4.91542050e-06 1.79756120e-05 5.28065061e-05 3.98144795e-05 2.17752633e-05 5.36453706e-05 4.19144810e-05 1.43628829e-05 6.15464919e-05 7.71717887e-05 9.56487784e-06 5.10704377e-05 1.50931478e-04 2.98850500e-05 3.16824482e-04 4.30118615e-04 1.72047446e-05 2.51144888e-04 6.43456704e-05 3.97565309e-05 4.68435201e-04 6.51570363e-04 1.13552932e-04 3.72240788e-04 8.71352468e-05 2.93796009e-05 6.53627931e-05 3.55170178e-05 1.13040982e-06 2.35873095e-08 1.27420376e-09
 2003 08 28 12 00 00  3.77970769e-03 2.29835597e-03 1.27226683e-03 9.14021642e-04 6.66527676e-04 3.69469135e-04 2.68204281e-04 2.29234647e-04 4.77710401e-04 1.36938083e-04 3.38631641e-03 5.15479408e-03 2.38930490e-04 6.90736971e-05 4.48221927e-05 1.37798773e-04 4.11992922e-05 7.24680664e-05 1.31306117e-04 7.56619556e-05 1.61190990e-04 1.98583799e-04 1.11292899e-04 7.62363848e-05 5.41366389e-06 9.09168884e-06 6.08931950e-06 2.65344147e-05 4.92552135e-06 1.79938717e-05 5.28605887e-05 3.98120988e-05 2.17692650e-05 5.36535831e-05 4.25045379e-05 1.43628087e-05 6.16550491e-05 7.72598394e-05 9.48490560e-06 5.11431171e-05 1.51179821e-04 3.02621746e-05 3.16649221e-04 4.35542987e-04 1.74217195e-05 2.52642792e-04 6.43229345e-05 4.04888269e-05 4.70364259e-04 6.53487711e-04 1.14483565e-04 3.69333228e-04 8.31182802e-05 2.79192520e-05 6.19915651e-05 3.32470234e-05 1.02655636e-06 1.80712018e-08 7.71506414e-10
 2003 08 29 12 00 00  3.77151758e-03 2.29249070e-03 1.26859395e-03 9.11311148e-04 6.64136658e-04 3.68481062e-04 2.67194380e-04 2.28108970e-04 4.74776935e-04 1.36054261e-04 3.36283011e-03 5.11229485e-03 2.37672176e-04 6.87043695e-05 4.46237082e-05 1.36886652e-04 4.09460597e-05 7.18285912e-05 1.30475489e-04 7.52150605e-05 1.59866501e-04 1.96894448e-04 1.10571133e-04 7.58821398e-05 5.39559660e-06 9.05706183e-06 6.08222690e-06 2.64384979e-05 4.91568899e-06 1.79261258e-05 5.24982578e-05 3.97078169e-05 2.15598106e-05 5.32748966e-05 4.19280550e-05 1.43288926e-05 6.09573888e-05 7.63151136e-05 9.45606444e-06 5.05780534e-05 1.49123957e-04 2.98850035e-05 3.12875332e-04 4.30232433e-04 1.72092973e-05 2.48229075e-04 6.29434362e-05 3.97582597e-05 4.63343917e-04 6.46161315e-04 1.12916973e-04 3.64311948e-04 8.18477431e-05 2.74569232e-05 6.09221860e-05 3.25023704e-05 9.90725573e-07 1.60358329e-08 5.82692072e-10
 2003 08 30 12 00 00  3.76520865e-03 2.29052522e-03 1.26716031e-03 9.09791313e-04 6.62547894e-04 3.67508520e-04 2.66355099e-04 2.27236984e-04 4.72512203e-04 1.35902413e-04 3.34450157e-03 5.06979600e-03 2.37122817e-04 6.88600457e-05 4.45870719e-05 1.36295795e-04 4.06957406e-05 7.11926899e-05 1.30697150e-04 7.56455411e-05 1.58546127e-04 1.95209729e-04 1.09931933e-04 7.56830099e-05 5.37771230e-06 9.01121384e-06 6.07514994e-06 2.63770624e-05 4.92536819e-06 1.78973917e-05 5.22589880e-05 3.96045536e-05 2.13529245e-05 5.30281668e-05 4.24942409e-05 1.42950099e-05 6.05070047e-05 7.55769774e-05 9.41785620e-06 5.03949210e-05 1.47635791e-04 3.02500383e-05 3.09752622e-04 4.35441347e-04 1.74176539e-05 2.46968671e-04 6.15736644e-05 4.04664228e-05 4.60354401e-04 6.43390356e-04 1.13222984e-04 3.59449119e-04 8.03425570e-05 2.69087220e-05 5.96517944e-05 3.15897716e-05 9.44875154e-07 1.32930074e-08 3.24997762e-10
 2003 08 31 12 00 00  3.76692001e-03 2.29130065e-03 1.26768195e-03 9.10256307e-04 6.63001040e-04 3.67751586e-04 2.66576637e-04 2.27472802e-04 4.73126151e-04 1.35993761e-04 3.34944735e-03 5.08041978e-03 2.37311827e-04 6.88600619e-05 4.46082237e-05 1.36465863e-04 4.07572254e-05 7.13503221e-05 1.30719922e-04 7.56030378e-05 1.58872760e-04 1.95629149e-04 1.10096946e-04 7.56850471e-05 5.38211425e-06 8.93543838e-06 6.07691327e-06 2.63890016e-05 4.92437212e-06 1.79071976e-05 5.23236567e-05 3.96299874e-05 2.14036787e-05 5.30485484e-05 4.24362137e-05 1.43034689e-05 6.06273054e-05 7.57705101e-05 9.35474382e-06 5.03603177e-05 1.48037033e-04 3.02136643e-05 3.10130203e-04 4.34908792e-04 1.73963517e-05 2.47450609e-04 6.19124388e-05 4.03956423e-05 4.61381021e-04 6.44151567e-04 1.13283125e-04 3.58343610e-04 7.75676179e-05 2.58989533e-05 5.73160940e-05 2.99624741e-05 8.66514932e-07 8.83755078e-09 1.00000000e-10
 2003 09 01 12 00 00  3.75963555e-03 2.28448177e-03 1.26354083e-03 9.07509290e-04 6.60744640e-04 3.67007735e-04 2.65721027e-04 2.26481073e-04 4.70529291e-04 1.34878736e-04 3.32874839e-03 5.04854769e-03 2.35934082e-04 6.82655213e-05 4.43612804e-05 1.35595956e-04 4.05727682e-05 7.08774081e-05 1.29476128e-04 7.47342245e-05 1.57885502e-04 1.94370815e-04 1.09509271e-04 7.53138160e-05 5.36890730e-06 8.89417643e-06 6.07162219e-06 2.62968498e-05 4.90481107e-06 1.78338630e-05 5.19795812e-05 3.95536888e-05 2.12514060e-05 5.26759675e-05 4.12921829e-05 1.42780904e-05 5.99564248e-05 7.49452006e-05 9.32032490e-06 4.96812429e-05 1.46173611e-04 2.94767146e-05 3.06823652e-04 4.24384533e-04 1.69753813e-05 2.42230590e-04 6.08960749e-05 3.89658497e-05 4.53754038e-04 6.35921497e-04 1.10983393e-04 3.54329085e-04 7.64267961e-05 2.54827954e-05 5.63484821e-05 2.92297197e-05 8.27170493e-07 6.33518908e-09 1.00000000e-10
 2003 09 02 12 00 00  3.73449716e-03 2.26832576e-03 1.25328074e-03 8.99659785e-04 6.53673431e-04 3.63830037e-04 2.62588960e-04 2.23040664e-04 4.61546230e-04 1.32557210e-04 3.25661287e-03 4.91043516e-03 2.32389007e-04 6.74771788e-05 4.38427076e-05 1.32910856e-04 3.97753727e-05 6.88305008e-05 1.27643940e-04 7.39619660e-05 1.53615398e-04 1.88921115e-04 1.07240592e-04 7.43445577e-05 5.31179976e-06 8.85037589e-06 6.04870438e-06 2.60238669e-05 4.88717560e-06 1.76479626e-05 5.09130003e-05 3.92237387e-05 2.05932709e-05 5.16054861e-05 4.02622391e-05 1.41681419e-05 5.79070756e-05 7.20716373e-05 9.28371519e-06 4.82477276e-05 1.40023364e-04 2.88196141e-05 2.95577239e-04 4.14917729e-04 1.65967092e-05 2.30471599e-04 5.64983056e-05 3.76896496e-05 4.34362744e-04 6.16174802e-04 1.07388832e-04 3.41096285e-04 7.57272222e-05 2.52257188e-05 5.57416403e-05 2.86637450e-05 7.89999302e-07 4.50254873e-09 1.00000000e-10
 2003 09 03 12 00 00  3.71918111e-03 2.25858520e-03 1.24708602e-03 8.94937958e-04 6.49430205e-04 3.61893437e-04 2.60686227e-04 2.20955313e-04 4.56085117e-04 1.31168820e-04 3.21273806e-03 4.82545048e-03 2.30252253e-04 6.70260579e-05 4.35338558e-05 1.31301685e-04 3.93043476e-05 6.75949850e-05 1.26601854e-04 7.35389942e-05 1.51014404e-04 1.85598721e-04 1.05861292e-04 7.38217970e-05 5.27789489e-06 8.90125302e-06 6.03470326e-06 2.58689783e-05 4.87720426e-06 1.75395159e-05 5.02833295e-05 3.90275789e-05 2.02056297e-05 5.10120108e-05 3.96818097e-05 1.41006953e-05 5.66884516e-05 7.03488200e-05 9.32589683e-06 4.75008853e-05 1.36354151e-04 2.84571317e-05 2.89205508e-04 4.09592445e-04 1.63836978e-05 2.23587786e-04 5.38577850e-05 3.69840185e-05 4.22937588e-04 6.04807193e-04 1.05325002e-04 3.35911613e-04 7.89412965e-05 2.63915366e-05 5.84200762e-05 3.03159552e-05 8.54745889e-07 6.29983745e-09 1.00000000e-10
 2003 09 04 12 00 00  3.72136300e-03 2.26006244e-03 1.24801877e-03 8.95727324e-04 6.50183877e-04 3.62181615e-04 2.60975579e-04 2.21280513e-04 4.56895105e-04 1.31397542e-04 3.21919514e-03 4.83609550e-03 2.30588022e-04 6.71367448e-05 4.35886145e-05 1.31591721e-04 3.94119532e-05 6.78091485e-05 1.26885991e-04 7.36706308e-05 1.51401659e-04 1.86091459e-04 1.06070461e-04 7.39456825e-05 5.28520031e-06 8.92471071e-06 6.03670596e-06 2.59081955e-05 4.87942307e-06 1.75655383e-05 5.04150685e-05 3.90691595e-05 2.02970841e-05 5.11426783e-05 3.98161414e-05 1.41096563e-05 5.69140481e-05 7.06567305e-05 9.34525888e-06 4.76961521e-05 1.37051167e-04 2.85626273e-05 2.90488125e-04 4.10851969e-04 1.64340787e-05 2.25025222e-04 5.43507980e-05 3.71847738e-05 4.25389584e-04 6.07410250e-04 1.05842439e-04 3.39036428e-04 8.10321828e-05 2.71489710e-05 6.01554839e-05 3.13300004e-05 8.90068202e-07 7.16159505e-09 1.00000000e-10
 2003 09 05 12 00 00  3.72058597e-03 2.25823300e-03 1.24697629e-03 8.95260164e-04 6.49936765e-04 3.62206789e-04 2.60925699e-04 2.21197920e-04 4.56645441e-04 1.31059631e-04 3.21724508e-03 4.83611114e-03 2.30272974e-04 6.69085064e-05 4.35177542e-05 1.31492176e-04 3.94454517e-05 6.78502140e-05 1.26467168e-04 7.32796849e-05 1.51441727e-04 1.86144712e-04 1.06054351e-04 7.38395689e-05 5.28730852e-06 8.85280751e-06 6.03687949e-06 2.58984223e-05 4.87001234e-06 1.75544869e-05 5.03851307e-05 3.90808826e-05 2.03266492e-05 5.10574333e-05 3.92694492e-05 1.41100201e-05 5.68286066e-05 7.06122380e-05 9.28525769e-06 4.74476564e-05 1.36922376e-04 2.82259803e-05 2.89994059e-04 4.05842214e-04 1.62336886e-05 2.23752054e-04 5.44628303e-05 3.65284126e-05 4.24061927e-04 6.05634957e-04 1.05074051e-04 3.37970686e-04 7.92043849e-05 2.64816230e-05 5.86009751e-05 3.01194629e-05 8.22945327e-07 4.12972270e-09 1.00000000e-10
 2003 09 06 12 00 00  3.72127208e-03 2.25947411e-03 1.24769482e-03 8.95713222e-04 6.50297116e-04 3.62239289e-04 2.61004761e-04 2.21308146e-04 4.56909669e-04 1.31296650e-04 3.21927391e-03 4.83612493e-03 2.30512073e-04 6.70881173e-05 4.35727511e-05 1.31636125e-04 3.94760398e-05 6.78877055e-05 1.26855231e-04 7.35723646e-05 1.51478766e-04 1.86193321e-04 1.06099758e-04 7.38607111e-05 5.28923447e-06 8.78552673e-06 6.03703811e-06 2.59148101e-05 4.87601792e-06 1.75729600e-05 5.04489818e-05 3.90915870e-05 2.03536372e-05 5.10795674e-05 3.96242802e-05 1.41103534e-05 5.69334452e-05 7.07221607e-05 9.22913241e-06 4.75101929e-05 1.37218530e-04 2.84694135e-05 2.90051466e-04 4.09124992e-04 1.63649997e-05 2.24927065e-04 5.45651070e-05 3.69976333e-05 4.25809861e-04 6.07376505e-04 1.05754624e-04 3.37089031e-04 7.73649735e-05 2.58105485e-05 5.70402898e-05 2.89332679e-05 7.58978638e-07 1.42023708e-09 1.00000000e-10
 2003 09 07 12 00 00  3.71867647e-03 2.25947599e-03 1.24754888e-03 8.95324674e-04 6.49805541e-04 3.61783528e-04 2.60651895e-04 2.20964326e-04 4.55995065e-04 1.31409336e-04 3.21178342e-03 4.81488891e-03 2.30429070e-04 6.73099245e-05 4.35984723e-05 1.31461648e-04 3.93802504e-05 6.76057476e-05 1.27281530e-04 7.40211515e-05 1.50856975e-04 1.85397645e-04 1.05819453e-04 7.38524476e-05 5.28214077e-06 8.81180822e-06 6.03365188e-06 2.59053660e-05 4.88559090e-06 1.75742663e-05 5.03878702e-05 3.90502391e-05 2.02761148e-05 5.10378806e-05 4.01874306e-05 1.40937293e-05 5.68077272e-05 7.04534306e-05 9.25087297e-06 4.76036940e-05 1.36739176e-04 2.88456940e-05 2.89089424e-04 4.14322533e-04 1.65729013e-05 2.25331756e-04 5.39784436e-05 3.77248769e-05 4.25778626e-04 6.07761832e-04 1.06459995e-04 3.37145211e-04 7.93746922e-05 2.65389594e-05 5.87110479e-05 2.99314966e-05 7.95563056e-07 2.30042758e-09 1.00000000e-10
 2003 09 08 12 00 00  3.71561667e-03 2.25575907e-03 1.24534431e-03 8.94024370e-04 6.48835871e-04 3.61549818e-04 2.60322074e-04 2.20562216e-04 4.54921203e-04 1.30769997e-04 3.20326282e-03 4.80427407e-03 2.29718094e-04 6.69284318e-05 4.34593376e-05 1.31084201e-04 3.93391529e-05 6.74731098e-05 1.26522537e-04 7.34193309e-05 1.50550133e-04 1.85010611e-04 1.05606916e-04 7.35926379e-05 5.27902230e-06 8.67596682e-06 6.03199442e-06 2.58606502e-05 4.87168800e-06 1.75398387e-05 5.02422928e-05 3.90319445e-05 2.02433512e-05 5.08018572e-05 3.93764494e-05 1.40854929e-05 5.65030060e-05 7.01300093e-05 9.13775439e-06 4.70870951e-05 1.35984883e-04 2.83322937e-05 2.87230718e-04 4.06873341e-04 1.62749336e-05 2.22498047e-04 5.37078362e-05 3.67269386e-05 4.22090446e-04 6.03299266e-04 1.05067706e-04 3.32441764e-04 7.42468577e-05 2.46734235e-05 5.43979377e-05 2.69507772e-05 6.53710589e-07 1.00000000e-10 1.00000000e-10
 2003 09 09 12 00 00  3.71095012e-03 2.25153554e-03 1.24277119e-03 8.92320978e-04 6.47439677e-04 3.61065806e-04 2.59775538e-04 2.19933780e-04 4.53265858e-04 1.30088888e-04 3.19004216e-03 4.78303060e-03 2.28863787e-04 6.65810799e-05 4.33096588e-05 1.30547353e-04 3.92278278e-05 6.71721122e-05 1.25803527e-04 7.29189662e-05 1.49905542e-04 1.84190224e-04 1.05229344e-04 7.33331782e-05 5.27095035e-06 8.60678119e-06 6.02852742e-06 2.58030804e-05 4.86017816e-06 1.74965346e-05 5.00317194e-05 3.89851572e-05 2.01521165e-05 5.05457743e-05 3.87047796e-05 1.40687000e-05 5.60844074e-05 6.96130219e-05 9.08013171e-06 4.66182552e-05 1.34832465e-04 2.79058528e-05 2.84941914e-04 4.00702254e-04 1.60280902e-05 2.19334033e-04 5.30692167e-05 3.58982914e-05 4.17521826e-04 5.98241647e-04 1.03724410e-04 3.28623441e-04 7.17134099e-05 2.37515304e-05 5.22655020e-05 2.54650703e-05 5.82166382e-07 1.00000000e-10 1.00000000e-10
 2003 09 10 12 00 00  3.70141430e-03 2.24560708e-03 1.23898786e-03 8.89383315e-04 6.44770710e-04 3.59843809e-04 2.58581751e-04 2.18626770e-04 4.49855239e-04 1.29248883e-04 3.16265171e-03 4.72991019e-03 2.27550398e-04 6.63132250e-05 4.31211704e-05 1.29535091e-04 3.89203924e-05 6.63839281e-05 1.25164882e-04 7.26818806e-05 1.48264002e-04 1.82093007e-04 1.04362097e-04 7.30187336e-05 5.24893912e-06 8.65770780e-06 6.01970860e-06 2.57046217e-05 4.85484379e-06 1.74275914e-05 4.96326273e-05 3.88579880e-05 1.98983267e-05 5.01832903e-05 3.83927720e-05 1.40264048e-05 5.53203514e-05 6.85243603e-05 9.12247706e-06 4.61809512e-05 1.32509351e-04 2.77047773e-05 2.81008596e-04 3.97831855e-04 1.59132742e-05 2.15075608e-04 5.13752748e-05 3.55081895e-05 4.10330468e-04 5.91154992e-04 1.02467739e-04 3.25485999e-04 7.40691743e-05 2.46074050e-05 5.42386086e-05 2.67620474e-05 6.39239153e-07 1.00000000e-10 1.00000000e-10
 2003 09 11 12 00 00  3.69013886e-03 2.23612577e-03 1.23316347e-03 8.85340799e-04 6.41342196e-04 3.58598898e-04 2.57225491e-04 2.17080702e-04 4.45822011e-04 1.27741305e-04 3.13045049e-03 4.67678383e-03 2.25588262e-04 6.55659330e-05 4.27849470e-05 1.28218633e-04 3.86008149e-05 6.55808602e-05 1.23559877e-04 7.16453069e-05 1.46603527e-04 1.79976480e-04 1.03413617e-04 7.24680447e-05 5.22616356e-06 8.58814892e-06 6.01082720e-06 2.55633775e-05 4.83178301e-06 1.73212797e-05 4.91080700e-05 3.87265754e-05 1.96338297e-05 4.96183430e-05 3.70423368e-05 1.39839758e-05 5.43070432e-05 6.72264139e-05 9.06455316e-06 4.52239593e-05 1.29620245e-04 2.68278236e-05 2.75757595e-04 3.85399953e-04 1.54159981e-05 2.07796204e-04 4.96407331e-05 3.38082231e-05 3.99332233e-04 5.79393809e-04 9.94870965e-05 3.18251590e-04 7.14532533e-05 2.36556893e-05 5.20381220e-05 2.52398195e-05 5.66690983e-07 1.00000000e-10 1.00000000e-10
 2003 09 12 12 00 00  3.68672622e-03 2.23471741e-03 1.23219863e-03 8.84405999e-04 6.40396614e-04 3.58094308e-04 2.56772239e-04 2.16599148e-04 4.44585469e-04 1.27583004e-04 3.12048911e-03 4.65552583e-03 2.25227993e-04 6.55787459e-05 4.27468100e-05 1.27862879e-04 3.84574494e-05 6.52405899e-05 1.23522907e-04 7.17564311e-05 1.45920543e-04 1.79105179e-04 1.03073461e-04 7.23463677e-05 5.21607544e-06 8.57265986e-06 6.00719432e-06 2.55235375e-05 4.83461772e-06 1.72989948e-05 4.89592306e-05 3.86685715e-05 1.95143206e-05 4.94735084e-05 3.72060545e-05 1.39668366e-05 5.40357678e-05 6.68065517e-05 9.05170018e-06 4.50854537e-05 1.28741603e-04 2.69248325e-05 2.74050800e-04 3.86895442e-04 1.54758177e-05 2.06697261e-04 4.88949707e-05 3.39981780e-05 3.97116170e-04 5.77238983e-04 9.93841579e-05 3.15454748e-04 7.05600036e-05 2.33315526e-05 5.12927538e-05 2.47721305e-05 5.47744793e-07 1.00000000e-10 1.00000000e-10
 2003 09 13 12 00 00  3.68858346e-03 2.23595049e-03 1.23297721e-03 8.84945392e-04 6.40851571e-04 3.58316288e-04 2.56992325e-04 2.16838711e-04 4.45232038e-04 1.27756260e-04 3.12570626e-03 4.66613956e-03 2.25487504e-04 6.56269827e-05 4.27831955e-05 1.28034130e-04 3.84946645e-05 6.53684721e-05 1.23614384e-04 7.18013791e-05 1.46219274e-04 1.79486053e-04 1.03232178e-04 7.24246359e-05 5.21895017e-06 8.59855063e-06 6.00883177e-06 2.55381347e-05 4.83609583e-06 1.73082374e-05 4.90204172e-05 3.86855070e-05 1.95436587e-05 4.95549595e-05 3.72896699e-05 1.39750322e-05 5.41685952e-05 6.69896750e-05 9.07331414e-06 4.52077033e-05 1.29116546e-04 2.69668177e-05 2.74885028e-04 3.87649813e-04 1.55059925e-05 2.07434717e-04 4.91525861e-05 3.40820960e-05 3.98215038e-04 5.78425632e-04 9.95842850e-05 3.16568500e-04 7.11540662e-05 2.35487063e-05 5.17998295e-05 2.51814699e-05 5.71338461e-07 1.00000000e-10 1.00000000e-10
 2003 09 14 12 00 00  3.68437960e-03 2.23296026e-03 1.23110214e-03 8.83503653e-04 6.39546625e-04 3.57796563e-04 2.56461875e-04 2.16244714e-04 4.43707584e-04 1.27299705e-04 3.11352770e-03 4.64487709e-03 2.24835257e-04 6.54226681e-05 4.26782439e-05 1.27534596e-04 3.83406179e-05 6.50151167e-05 1.23132738e-04 7.15520699e-05 1.45522568e-04 1.78597763e-04 1.02852391e-04 7.22324593e-05 5.20818976e-06 8.58408457e-06 6.00514359e-06 2.54810149e-05 4.83108124e-06 1.72681805e-05 4.88131066e-05 3.86237662e-05 1.94147215e-05 4.93487322e-05 3.69927235e-05 1.39577765e-05 5.37861631e-05 6.64706554e-05 9.06135538e-06 4.49026136e-05 1.27968408e-04 2.67602911e-05 2.72839790e-04 3.84899009e-04 1.53959603e-05 2.04985904e-04 4.83711017e-05 3.36845609e-05 3.94214119e-04 5.74257104e-04 9.86941257e-05 3.13314334e-04 6.99864688e-05 2.31255990e-05 5.08297448e-05 2.46065865e-05 5.50650060e-07 1.00000000e-10 1.00000000e-10
 2003 09 15 12 00 00  3.68211753e-03 2.23121989e-03 1.23002068e-03 8.82671789e-04 6.38792581e-04 3.57522798e-04 2.56173974e-04 2.15917367e-04 4.42878002e-04 1.27023265e-04 3.10692802e-03 4.63423952e-03 2.24457672e-04 6.52805025e-05 4.26136330e-05 1.27244374e-04 3.82495171e-05 6.48211746e-05 1.22796856e-04 7.13643094e-05 1.45157703e-04 1.78131254e-04 1.02648300e-04 7.21532901e-05 5.20192298e-06 8.62451489e-06 6.00322637e-06 2.54488380e-05 4.82744836e-06 1.72428188e-05 4.86911204e-05 3.85879655e-05 1.93378306e-05 4.92574470e-05 3.67766188e-05 1.39489945e-05 5.35690244e-05 6.61782357e-05 9.09507144e-06 4.47779291e-05 1.27305751e-04 2.66059476e-05 2.71932387e-04 3.82892053e-04 1.53156821e-05 2.03493036e-04 4.79332812e-05 3.33882461e-05 3.91736779e-04 5.71804007e-04 9.80880882e-05 3.12801740e-04 7.11732524e-05 2.35582713e-05 5.18345220e-05 2.53531327e-05 5.89820479e-07 1.00000000e-10 1.00000000e-10
 2003 09 16 12 00 00  3.67965299e-03 2.22904689e-03 1.22869151e-03 8.81713827e-04 6.37957998e-04 3.57248982e-04 2.55869027e-04 2.15564301e-04 4.41978703e-04 1.26666111e-04 3.09978467e-03 4.62360308e-03 2.24002875e-04 6.50821094e-05 4.25316384e-05 1.26921823e-04 3.81598744e-05 6.46290253e-05 1.22352129e-04 7.10818451e-05 1.44794708e-04 1.77667060e-04 1.02436247e-04 7.20602193e-05 5.19574824e-06 8.66896880e-06 6.00131607e-06 2.54136553e-05 4.82163159e-06 1.72135395e-05 4.85567084e-05 3.85526771e-05 1.92622261e-05 4.91546954e-05 3.64330888e-05 1.39402298e-05 5.33267160e-05 6.58660905e-05 9.13212498e-06 4.46166772e-05 1.26588358e-04 2.63708382e-05 2.70977247e-04 3.79714452e-04 1.51885781e-05 2.01667086e-04 4.75003326e-05 3.29349597e-05 3.88846320e-04 5.68891696e-04 9.72833701e-05 3.12457088e-04 7.26050781e-05 2.40798418e-05 5.30436135e-05 2.62265624e-05 6.34029783e-07 1.00000000e-10 1.00000000e-10
 2003 09 17 12 00 00  3.67950743e-03 2.22887671e-03 1.22858874e-03 8.81606283e-04 6.37844412e-04 3.57228966e-04 2.55843329e-04 2.15531058e-04 4.41910351e-04 1.26630721e-04 3.09927638e-03 4.62359339e-03 2.23961026e-04 6.50475049e-05 4.25212881e-05 1.26876748e-04 3.81389982e-05 6.46034372e-05 1.22258736e-04 7.10298889e-05 1.44771388e-04 1.77633871e-04 1.02419143e-04 7.21250618e-05 5.19443420e-06 8.78353385e-06 6.00120875e-06 2.54128025e-05 4.82093892e-06 1.72074871e-05 4.85373259e-05 3.85453721e-05 1.92438019e-05 4.92055336e-05 3.63896572e-05 1.39400043e-05 5.33050659e-05 6.58293721e-05 9.22749023e-06 4.47354113e-05 1.26488073e-04 2.63307156e-05 2.71405375e-04 3.79299700e-04 1.51719880e-05 2.01451930e-04 4.74305125e-05 3.28596274e-05 3.88330493e-04 5.68701879e-04 9.71330968e-05 3.15555159e-04 7.71646821e-05 2.57380196e-05 5.68742367e-05 2.88377324e-05 7.55774164e-07 1.36009817e-09 1.00000000e-10
 2003 09 18 12 00 00  3.69649164e-03 2.24204942e-03 1.23675408e-03 8.87384511e-04 6.42806013e-04 3.59184003e-04 2.57899456e-04 2.17842995e-04 4.47965182e-04 1.28663302e-04 3.14774368e-03 4.70858067e-03 2.26722280e-04 6.59593152e-05 4.29721644e-05 1.28773693e-04 3.86177911e-05 6.58484758e-05 1.24224273e-04 7.22222612e-05 1.47385745e-04 1.80968604e-04 1.03874333e-04 7.28760643e-05 5.22882765e-06 8.84268666e-06 6.01524989e-06 2.56074316e-05 4.84806551e-06 1.73511946e-05 4.92850082e-05 3.87442473e-05 1.96382971e-05 4.99919166e-05 3.79744830e-05 1.40075339e-05 5.47598384e-05 6.77480369e-05 9.27673318e-06 4.59839982e-05 1.30688000e-04 2.73444399e-05 2.78988420e-04 3.93870063e-04 1.57548025e-05 2.11223588e-04 5.00970054e-05 3.48278903e-05 4.03367253e-04 5.84535634e-04 1.00848543e-04 3.25200671e-04 7.94946018e-05 2.65853955e-05 5.88320982e-05 3.01758628e-05 8.18414506e-07 3.64387205e-09 1.00000000e-10
 2003 09 19 12 00 00  3.70714188e-03 2.25037388e-03 1.24190934e-03 8.91016133e-04 6.45914910e-04 3.60403432e-04 2.59185969e-04 2.19290835e-04 4.51759779e-04 1.29950404e-04 3.17811704e-03 4.76169661e-03 2.28463288e-04 6.65401512e-05 4.32573756e-05 1.29962500e-04 3.89140594e-05 6.66229753e-05 1.25471637e-04 7.29865860e-05 1.49016083e-04 1.83048085e-04 1.04783794e-04 7.33501244e-05 5.25013638e-06 8.88232171e-06 6.02401014e-06 2.57291031e-05 4.86549907e-06 1.74413022e-05 4.97526122e-05 3.88675049e-05 1.98822308e-05 5.04867459e-05 3.89927300e-05 1.40497097e-05 5.56718560e-05 6.89473683e-05 9.30972383e-06 4.67758502e-05 1.33314164e-04 2.79946165e-05 2.83739494e-04 4.03230034e-04 1.61292013e-05 2.17385133e-04 5.17536129e-05 3.60905222e-05 4.12811678e-04 5.94501245e-04 1.03205693e-04 3.31304374e-04 8.10931731e-05 2.71666904e-05 6.01747111e-05 3.10879821e-05 8.60723614e-07 5.16901082e-09 1.00000000e-10
 2003 09 20 12 00 00  3.73122471e-03 2.26435778e-03 1.25092327e-03 8.98199379e-04 6.52534510e-04 3.63568682e-04 2.62221335e-04 2.22588828e-04 4.60369447e-04 1.31864863e-04 3.24734869e-03 4.89980653e-03 2.31614543e-04 6.70401621e-05 4.36870034e-05 1.32466497e-04 3.97056283e-05 6.86627405e-05 1.26731939e-04 7.32767279e-05 1.53279255e-04 1.88488525e-04 1.07003997e-04 7.42492642e-05 5.30687721e-06 8.94672994e-06 6.04689812e-06 2.59829018e-05 4.87226498e-06 1.76048394e-05 5.07454852e-05 3.91954149e-05 2.05352262e-05 5.14954496e-05 3.93869937e-05 1.41595941e-05 5.75807788e-05 7.17013094e-05 9.36332071e-06 4.80271340e-05 1.39136773e-04 2.82426481e-05 2.94664983e-04 4.06849565e-04 1.62739826e-05 2.27380540e-04 5.61318884e-05 3.65729793e-05 4.29920853e-04 6.11765148e-04 1.05763909e-04 3.45783043e-04 8.37845879e-05 2.81451425e-05 6.24334820e-05 3.26090038e-05 9.30317591e-07 7.92898511e-09 1.00000000e-10
 2003 09 21 12 00 00  3.73165371e-03 2.26533388e-03 1.25148055e-03 8.98461075e-04 6.52683943e-04 3.63559696e-04 2.62252059e-04 2.22637852e-04 4.60511353e-04 1.32045887e-04 3.24845339e-03 4.89980057e-03 2.31785008e-04 6.71643491e-05 4.37254865e-05 1.32526573e-04 3.96925228e-05 6.86466752e-05 1.26965841e-04 7.34880508e-05 1.53264885e-04 1.88467703e-04 1.07015691e-04 7.43363864e-05 5.30605248e-06 9.02020984e-06 6.04682937e-06 2.59920163e-05 4.87725047e-06 1.76117254e-05 5.07667482e-05 3.91908281e-05 2.05236604e-05 5.15666703e-05 3.96772200e-05 1.41594501e-05 5.76354725e-05 7.17346750e-05 9.42446859e-06 4.82140557e-05 1.39228911e-04 2.84237933e-05 2.95133280e-04 4.09512163e-04 1.63804865e-05 2.28119340e-04 5.60880697e-05 3.69256246e-05 4.30705989e-04 6.12917291e-04 1.06188755e-04 3.47947284e-04 8.68316771e-05 2.92529552e-05 6.49911638e-05 3.43345601e-05 1.00950335e-06 1.21529469e-08 1.06101616e-10
 2003 09 22 12 00 00  3.73959369e-03 2.27079363e-03 1.25491658e-03 9.01000797e-04 6.54925098e-04 3.64529282e-04 2.63228680e-04 2.23718448e-04 4.63342497e-04 1.32850846e-04 3.27116077e-03 4.94229272e-03 2.32960720e-04 6.74701609e-05 4.39046411e-05 1.33378968e-04 3.99273064e-05 6.92635367e-05 1.27649479e-04 7.38336414e-05 1.54566111e-04 1.90127745e-04 1.07717123e-04 7.46643856e-05 5.32295926e-06 9.05041015e-06 6.05382702e-06 2.60781569e-05 4.88518563e-06 1.76716601e-05 5.11004658e-05 3.92886490e-05 2.07168385e-05 5.19190968e-05 4.01403784e-05 1.41931654e-05 5.82870303e-05 7.26287406e-05 9.44960630e-06 4.87243540e-05 1.41151061e-04 2.87182076e-05 2.98700311e-04 4.13767993e-04 1.65507197e-05 2.32071019e-04 5.74058911e-05 3.74976487e-05 4.37016384e-04 6.19472235e-04 1.07504823e-04 3.52673091e-04 8.80554942e-05 2.96979608e-05 6.60189173e-05 3.50319499e-05 1.04179317e-06 1.38968025e-08 2.65748223e-10
 2003 09 23 12 00 00  3.75259366e-03 2.27839077e-03 1.25980856e-03 9.04888264e-04 6.58502036e-04 3.66234125e-04 2.64865859e-04 2.25498247e-04 4.67989059e-04 1.33894121e-04 3.30852698e-03 5.01665920e-03 2.34669267e-04 6.77472921e-05 4.41384329e-05 1.34732350e-04 4.03538346e-05 7.03622412e-05 1.28342197e-04 7.40032818e-05 1.56862702e-04 1.93057691e-04 1.08914154e-04 7.51695081e-05 5.35353065e-06 9.11020397e-06 6.06615213e-06 2.62170854e-05 4.88917103e-06 1.77603938e-05 5.16386749e-05 3.94653238e-05 2.10687154e-05 5.24797843e-05 4.03724407e-05 1.42523379e-05 5.93221234e-05 7.41166869e-05 9.49935566e-06 4.94379228e-05 1.44298826e-04 2.88634736e-05 3.04724651e-04 4.15897498e-04 1.66358999e-05 2.37524148e-04 5.97644364e-05 3.77803575e-05 4.46296208e-04 6.28923194e-04 1.08911293e-04 3.61283690e-04 9.05941562e-05 3.06207843e-05 6.81487982e-05 3.64605983e-05 1.10676124e-06 1.73180190e-08 5.76790526e-10
 2003 09 24 12 00 00  3.76877197e-03 2.28983439e-03 1.26698394e-03 9.10164682e-04 6.63144657e-04 3.68190305e-04 2.66854651e-04 2.27708165e-04 4.73766242e-04 1.35604083e-04 3.35483476e-03 5.10165021e-03 2.37121950e-04 6.84336269e-05 4.45196225e-05 1.36501280e-04 4.08399093e-05 7.16162089e-05 1.29870885e-04 7.48158607e-05 1.59487774e-04 1.96404005e-04 1.10338407e-04 7.59050480e-05 5.38838249e-06 9.24096457e-06 6.08023147e-06 2.64037244e-05 4.90756756e-06 1.78886966e-05 5.23401749e-05 3.96667514e-05 2.14696352e-05 5.32543353e-05 4.14477661e-05 1.43199475e-05 6.06837334e-05 7.59614264e-05 9.60814286e-06 5.06132807e-05 1.48290331e-04 2.95535632e-05 3.12408462e-04 4.25786487e-04 1.70314595e-05 2.46009669e-04 6.24552718e-05 3.91197798e-05 4.59698405e-04 6.43108744e-04 1.11832647e-04 3.73340178e-04 9.62308870e-05 3.26695732e-05 7.28764172e-05 3.96200829e-05 1.24960142e-06 2.47767510e-08 1.25330217e-09
 2003 09 25 12 00 00  3.78205088e-03 2.29798573e-03 1.27219491e-03 9.14231311e-04 6.66849686e-04 3.69901036e-04 2.68519401e-04 2.29527978e-04 4.78514759e-04 1.36751931e-04 3.39298531e-03 5.17601930e-03 2.38933060e-04 6.87870870e-05 4.47768963e-05 1.37905912e-04 4.12708061e-05 7.27202627e-05 1.30720049e-04 7.51120504e-05 1.61788579e-04 1.99340901e-04 1.11549726e-04 7.63966396e-05 5.41922964e-06 9.24569686e-06 6.09258022e-06 2.65453506e-05 4.91429782e-06 1.79837843e-05 5.28978011e-05 3.98449512e-05 2.18253699e-05 5.38041409e-05 4.18410287e-05 1.43791680e-05 6.17527628e-05 7.74823814e-05 9.61204860e-06 5.13149304e-05 1.51530091e-04 2.98053055e-05 3.18276133e-04 4.29402258e-04 1.71760903e-05 2.51904287e-04 6.48284273e-05 3.96085321e-05 4.69613338e-04 6.53108533e-04 1.13516673e-04 3.80477857e-04 9.66478008e-05 3.28206082e-05 7.32224918e-05 3.98226261e-05 1.25668323e-06 2.49889808e-08 1.26852093e-09
 2003 09 26 12 00 00  3.78854661e-03 2.30314994e-03 1.27538757e-03 9.16483524e-04 6.68780188e-04 3.70640411e-04 2.69305670e-04 2.30416298e-04 4.80835910e-04 1.37557478e-04 3.41154025e-03 5.20789176e-03 2.40012960e-04 6.91636682e-05 4.49565448e-05 1.38645088e-04 4.14562383e-05 7.31943641e-05 1.31535095e-04 7.56152207e-05 1.62775138e-04 2.00600768e-04 1.12103938e-04 7.66556118e-05 5.43249698e-06 9.21712999e-06 6.09787603e-06 2.66190098e-05 4.92554354e-06 1.80411655e-05 5.31881729e-05 3.99215904e-05 2.19784968e-05 5.40807852e-05 4.24992468e-05 1.44045567e-05 6.23136471e-05 7.82207346e-05 9.58824239e-06 5.17460870e-05 1.53157685e-04 3.02314147e-05 3.20935256e-04 4.35460019e-04 1.74184007e-05 2.55761852e-04 6.58480334e-05 4.04348102e-05 4.75583763e-04 6.59262874e-04 1.15040500e-04 3.82845012e-04 9.57068512e-05 3.24779145e-05 7.24283875e-05 3.92527187e-05 1.22808688e-06 2.32808240e-08 1.10809193e-09
 2003 09 27 12 00 00  3.78909655e-03 2.30425651e-03 1.27602406e-03 9.16835075e-04 6.69027249e-04 3.70649911e-04 2.69358661e-04 2.30493727e-04 4.81035156e-04 1.37765925e-04 3.41307531e-03 5.20789474e-03 2.40216613e-04 6.93149458e-05 4.50031122e-05 1.38743954e-04 4.14625509e-05 7.32020941e-05 1.31843273e-04 7.58666429e-05 1.62782322e-04 2.00610800e-04 1.12130906e-04 7.66779629e-05 5.43289461e-06 9.17842917e-06 6.09790877e-06 2.66282563e-05 4.93104235e-06 1.80533550e-05 5.32269660e-05 3.99237993e-05 2.19840673e-05 5.41004962e-05 4.28218569e-05 1.44046237e-05 6.23861923e-05 7.82863585e-05 9.55599389e-06 5.18133366e-05 1.53338007e-04 3.04433459e-05 3.20971041e-04 4.38432952e-04 1.75373181e-05 2.56672881e-04 6.58691395e-05 4.08451364e-05 4.76813488e-04 6.60538696e-04 1.15587469e-04 3.82036575e-04 9.43932182e-05 3.19996127e-05 7.13206249e-05 3.84645276e-05 1.18899621e-06 2.09771770e-08 8.92436347e-10
 2003 09 28 12 00 00  3.78285179e-03 2.29953254e-03 1.27308755e-03 9.14751789e-04 6.67236018e-04 3.69923772e-04 2.68602852e-04 2.29647841e-04 4.78814066e-04 1.37045305e-04 3.39527553e-03 5.17602786e-03 2.39223850e-04 6.90058147e-05 4.48440430e-05 1.38060250e-04 4.12897411e-05 7.27434759e-05 1.31181032e-04 7.54724431e-05 1.61813821e-04 1.99370994e-04 1.11594062e-04 7.65022209e-05 5.42042144e-06 9.28576774e-06 6.09267809e-06 2.65678442e-05 4.92189938e-06 1.80030034e-05 5.29628847e-05 3.98515811e-05 2.18420770e-05 5.38961075e-05 4.22887126e-05 1.43793732e-05 6.18752621e-05 7.75955554e-05 9.64525389e-06 5.15429814e-05 1.51834014e-04 3.01067514e-05 3.18864449e-04 4.33537017e-04 1.73414807e-05 2.53318153e-04 6.48917397e-05 4.01906786e-05 4.71505674e-04 6.55373400e-04 1.14319649e-04 3.82804160e-04 9.93058700e-05 3.37845469e-05 7.54361186e-05 4.11763796e-05 1.30881581e-06 2.70225215e-08 1.43534731e-09
 2003 09 29 12 00 00  3.76950207e-03 2.29115236e-03 1.26774850e-03 9.10650392e-04 6.63533479e-04 3.68224064e-04 2.66939553e-04 2.27827151e-04 4.74051172e-04 1.35856769e-04 3.35699944e-03 5.10166436e-03 2.37378192e-04 6.86294041e-05 4.45794863e-05 1.36656323e-04 4.08714666e-05 7.16548879e-05 1.30302332e-04 7.51341286e-05 1.59528734e-04 1.96454161e-04 1.10386244e-04 7.60046703e-05 5.39036846e-06 9.27438959e-06 6.08039554e-06 2.64279783e-05 4.91392202e-06 1.79083334e-05 5.24084292e-05 3.96777934e-05 2.14974847e-05 5.33431050e-05 4.18243872e-05 1.43202895e-05 6.08051459e-05 7.60829899e-05 9.63574057e-06 5.08218233e-05 1.48614042e-04 2.98168161e-05 3.12996143e-04 4.29277022e-04 1.71710809e-05 2.47330151e-04 6.25608023e-05 3.96262592e-05 4.61566990e-04 6.45312826e-04 1.12570073e-04 3.75996568e-04 9.91403729e-05 3.37236277e-05 7.52918190e-05 4.10360753e-05 1.29930521e-06 2.62854108e-08 1.36233886e-09
 2003 09 30 12 00 00  3.75683332e-03 2.28415369e-03 1.26320380e-03 9.06983460e-04 6.60133026e-04 3.66534310e-04 2.65340851e-04 2.26101374e-04 4.69534015e-04 1.34928299e-04 3.32061490e-03 5.02730273e-03 2.35786130e-04 6.84415560e-05 4.43729909e-05 1.35373288e-04 4.04590130e-05 7.05734303e-05 1.29806847e-04 7.51095940e-05 1.57250402e-04 1.93546572e-04 1.09210784e-04 7.55443736e-05 5.36068328e-06 9.23232001e-06 6.06814283e-06 2.63001289e-05 4.91282190e-06 1.78284835e-05 5.19008107e-05 3.95060517e-05 2.11580278e-05 5.28230391e-05 4.17633943e-05 1.42612713e-05 5.98250437e-05 7.46498984e-05 9.60069083e-06 5.02027026e-05 1.45612362e-04 2.97914696e-05 3.07251933e-04 4.28733407e-04 1.71493363e-05 2.42476231e-04 6.02493295e-05 3.95742012e-05 4.53134065e-04 6.36856957e-04 1.11499270e-04 3.68407027e-04 9.76786210e-05 3.31914931e-05 7.40598781e-05 4.01652864e-05 1.25650856e-06 2.37904061e-08 1.12938201e-09
 2003 10 01 12 00 00  3.75132879e-03 2.28089360e-03 1.26111075e-03 9.05377347e-04 6.58685636e-04 3.65824300e-04 2.64658965e-04 2.25362778e-04 4.67585357e-04 1.34484391e-04 3.30490350e-03 4.99544144e-03 2.35065559e-04 6.83362244e-05 4.42765693e-05 1.34827029e-04 4.02983394e-05 7.01296842e-05 1.29566064e-04 7.50527310e-05 1.56293782e-04 1.92326057e-04 1.08712139e-04 7.53336950e-05 5.34897335e-06 9.20054008e-06 6.06297472e-06 2.62474556e-05 4.91091596e-06 1.77951111e-05 5.16878839e-05 3.94380797e-05 2.10267506e-05 5.25921937e-05 4.16557450e-05 1.42361532e-05 5.94048210e-05 7.40475842e-05 9.57421071e-06 4.99032408e-05 1.44354695e-04 2.97380640e-05 3.04770813e-04 4.27763040e-04 1.71105216e-05 2.40297205e-04 5.93125180e-05 3.94672825e-05 4.49522723e-04 6.33157500e-04 1.10972466e-04 3.65004025e-04 9.66007257e-05 3.27990225e-05 7.31508875e-05 3.95183945e-05 1.22441681e-06 2.18985843e-08 9.52265466e-10
 2003 10 02 12 00 00  3.74336674e-03 2.27528473e-03 1.25759369e-03 9.02837182e-04 6.56477402e-04 3.64868749e-04 2.63690370e-04 2.24290529e-04 4.64760931e-04 1.33654548e-04 3.28222280e-03 4.95295748e-03 2.33872232e-04 6.80216755e-05 4.40944328e-05 1.33987377e-04 4.00790945e-05 6.95318682e-05 1.28887740e-04 7.46875186e-05 1.55011303e-04 1.90690717e-04 1.08017830e-04 7.49859611e-05 5.33304519e-06 9.14134289e-06 6.05605856e-06 2.61633085e-05 4.90210114e-06 1.77370616e-05 5.13608047e-05 3.93456925e-05 2.08472833e-05 5.22265392e-05 4.11438174e-05 1.42026067e-05 5.87578857e-05 7.31697397e-05 9.52492337e-06 4.93503744e-05 1.42474280e-04 2.94233876e-05 3.01123223e-04 4.23072578e-04 1.69229031e-05 2.36324678e-04 5.80466527e-05 3.88536399e-05 4.43326902e-04 6.26608973e-04 1.09644478e-04 3.59674168e-04 9.43090956e-05 3.19654686e-05 7.12244628e-05 3.81958324e-05 1.16208753e-06 1.84513564e-08 6.34673825e-10
 2003 10 03 12 00 00  3.74289299e-03 2.27411988e-03 1.25693214e-03 9.02559347e-04 6.56347666e-04 3.64890724e-04 2.63664838e-04 2.24245808e-04 4.64616183e-04 1.33440874e-04 3.28107629e-03 4.95297015e-03 2.33676025e-04 6.78820102e-05 4.40509227e-05 1.33934818e-04 4.01067664e-05 6.95657858e-05 1.28642859e-04 7.44457881e-05 1.55042565e-04 1.90734702e-04 1.08011775e-04 7.48598600e-05 5.33478742e-06 9.01463209e-06 6.05620189e-06 2.61539056e-05 4.89604936e-06 1.77314336e-05 5.13437295e-05 3.93553782e-05 2.08717029e-05 5.21254304e-05 4.07935964e-05 1.42029065e-05 5.87017395e-05 7.31476220e-05 9.41945909e-06 4.90846419e-05 1.42411531e-04 2.92133045e-05 3.00437917e-04 4.19870216e-04 1.67948086e-05 2.35508700e-04 5.81391971e-05 3.84428306e-05 4.42595724e-04 6.25322255e-04 1.09182815e-04 3.56141730e-04 8.91828677e-05 3.01014390e-05 6.69193239e-05 3.52733608e-05 1.02668909e-06 1.11326614e-08 1.00000000e-10
 2003 10 04 12 00 00  3.73900502e-03 2.27144024e-03 1.25524783e-03 9.01356073e-04 6.55309774e-04 3.64423536e-04 2.63195446e-04 2.23729235e-04 4.63245512e-04 1.33051127e-04 3.27004741e-03 4.93173264e-03 2.33107616e-04 6.77473786e-05 4.39666731e-05 1.33541315e-04 4.00080637e-05 6.92802656e-05 1.28361580e-04 7.42980163e-05 1.54414775e-04 1.89934391e-04 1.07674299e-04 7.46881267e-05 5.32751073e-06 8.97345817e-06 6.05280075e-06 2.61157350e-05 4.89218510e-06 1.77059183e-05 5.11930010e-05 3.93130089e-05 2.07916091e-05 5.19464474e-05 4.05708764e-05 1.41862532e-05 5.83969169e-05 7.27321702e-05 9.38516168e-06 4.88130003e-05 1.41533245e-04 2.90835189e-05 2.98642664e-04 4.17838455e-04 1.67135382e-05 2.33695382e-04 5.75427955e-05 3.81881953e-05 4.39802937e-04 6.22337820e-04 1.08613696e-04 3.53379206e-04 8.77063234e-05 2.95640555e-05 6.56758777e-05 3.44020899e-05 9.84391141e-07 8.70320740e-09 1.00000000e-10
 2003 10 05 12 00 00  3.74228106e-03 2.27253639e-03 1.25603442e-03 9.02207644e-04 6.56208255e-04 3.64931168e-04 2.63639031e-04 2.24195309e-04 4.64437009e-04 1.33151552e-04 3.27965837e-03 4.95299175e-03 2.33413458e-04 6.76949437e-05 4.39925317e-05 1.33878128e-04 4.01558005e-05 6.96258910e-05 1.28323259e-04 7.41194235e-05 1.55099781e-04 1.90812646e-04 1.08010834e-04 7.47039042e-05 5.33787388e-06 8.85624831e-06 6.05645655e-06 2.61455940e-05 4.88775440e-06 1.77260378e-05 5.13318826e-05 3.93725408e-05 2.09149759e-05 5.20025768e-05 4.03142680e-05 1.42034405e-05 5.86394515e-05 7.31361278e-05 9.28760128e-06 4.87487356e-05 1.42373020e-04 2.89286458e-05 2.99644872e-04 4.15490895e-04 1.66196358e-05 2.34487080e-04 5.83031739e-05 3.78855562e-05 4.41770822e-04 6.23787649e-04 1.08581350e-04 3.52051340e-04 8.29840199e-05 2.78468553e-05 6.17096188e-05 3.17068448e-05 8.59320033e-07 3.75961520e-09 1.00000000e-10
 2003 10 06 12 00 00  3.73339165e-03 2.26783907e-03 1.25296237e-03 8.99692410e-04 6.53858289e-04 3.63729951e-04 2.62514304e-04 2.22986954e-04 4.61270402e-04 1.32545612e-04 3.25413127e-03 4.89987917e-03 2.32333207e-04 6.76031624e-05 4.38580477e-05 1.32993237e-04 3.98663222e-05 6.88597094e-05 1.28058668e-04 7.41715834e-05 1.53479267e-04 1.88743943e-04 1.07180756e-04 7.44003408e-05 5.31699261e-06 8.84099063e-06 6.04773122e-06 2.60595146e-05 4.88844635e-06 1.76730116e-05 5.09837724e-05 3.92516638e-05 2.06770332e-05 5.16533442e-05 4.03576851e-05 1.41613389e-05 5.79655349e-05 7.21370070e-05 9.27486981e-06 4.83591546e-05 1.40294118e-04 2.89688964e-05 2.95701512e-04 4.15905692e-04 1.66362277e-05 2.31308788e-04 5.66692732e-05 3.79611127e-05 4.36134668e-04 6.18223455e-04 1.07974443e-04 3.47207995e-04 8.26033407e-05 2.77078367e-05 6.13856517e-05 3.14529518e-05 8.45142108e-07 3.14018678e-09 1.00000000e-10
 2003 10 07 12 00 00  3.73646178e-03 2.26853722e-03 1.25351986e-03 9.00411472e-04 6.54659217e-04 3.64231337e-04 2.62936657e-04 2.23422785e-04 4.62386273e-04 1.32570909e-04 3.26315514e-03 4.92113605e-03 2.32565049e-04 6.74962882e-05 4.38671606e-05 1.33290976e-04 4.00087156e-05 6.91987923e-05 1.27909619e-04 7.39029958e-05 1.54160898e-04 1.89613698e-04 1.07505661e-04 7.44922608e-05 5.32701961e-06 8.85708214e-06 6.05135938e-06 2.60929155e-05 4.88205296e-06 1.76881684e-05 5.11091167e-05 3.93093273e-05 2.07956866e-05 5.17731762e-05 3.99858662e-05 1.41784694e-05 5.81911114e-05 7.25187181e-05 9.28823938e-06 4.84258043e-05 1.41068292e-04 2.87382078e-05 2.97280123e-04 4.12496290e-04 1.64998516e-05 2.31831990e-04 5.74117934e-05 3.75117175e-05 4.37618318e-04 6.19544744e-04 1.07740636e-04 3.49886377e-04 8.34245142e-05 2.80060101e-05 6.20722290e-05 3.18945786e-05 8.63865108e-07 3.73558748e-09 1.00000000e-10
 2003 10 08 12 00 00  3.72835296e-03 2.26272212e-03 1.24988058e-03 8.97766880e-04 6.52349950e-04 3.63260630e-04 2.61945454e-04 2.22320572e-04 4.59497224e-04 1.31699761e-04 3.23999062e-03 4.87864427e-03 2.31326043e-04 6.71450941e-05 4.36739684e-05 1.32411190e-04 3.97739350e-05 6.85819250e-05 1.27139534e-04 7.34809670e-05 1.52860508e-04 1.87953669e-04 1.06796970e-04 7.41742231e-05 5.31011356e-06 8.86121488e-06 6.04436245e-06 2.60060031e-05 4.87232464e-06 1.76248229e-05 5.07645728e-05 3.92115006e-05 2.06025114e-05 5.14295050e-05 3.94182862e-05 1.41447541e-05 5.75207891e-05 7.16083045e-05 9.29166854e-06 4.79251840e-05 1.39099827e-04 2.83783622e-05 2.93825043e-04 4.07282138e-04 1.62912855e-05 2.27620665e-04 5.60939778e-05 3.68123554e-05 4.30956358e-04 6.12695497e-04 1.06262148e-04 3.46215792e-04 8.36607216e-05 2.80917266e-05 6.22693552e-05 3.20184820e-05 8.68900881e-07 3.88500183e-09 1.00000000e-10
 2003 10 09 12 00 00  3.73483609e-03 2.26781322e-03 1.25303261e-03 9.00015464e-04 6.54291949e-04 3.64006992e-04 2.62734852e-04 2.23211559e-04 4.61818678e-04 1.32492514e-04 3.25854884e-03 4.91052158e-03 2.32395854e-04 6.75144355e-05 4.38513026e-05 1.33154907e-04 3.99671379e-05 6.90655608e-05 1.27946335e-04 7.39702082e-05 1.53856540e-04 1.89225918e-04 1.07354664e-04 7.44255027e-05 5.32387057e-06 8.82404929e-06 6.04969937e-06 2.60808736e-05 4.88315418e-06 1.76830441e-05 5.10595377e-05 3.92908609e-05 2.07624966e-05 5.17014649e-05 4.00527962e-05 1.41702258e-05 5.80846055e-05 7.23545565e-05 9.26074281e-06 4.83388711e-05 1.40747131e-04 2.87918112e-05 2.96475706e-04 4.13125112e-04 1.65250045e-05 2.31467005e-04 5.71395911e-05 3.76135373e-05 4.36970499e-04 6.18845009e-04 1.07770950e-04 3.48210241e-04 8.20947482e-05 2.75224547e-05 6.09553353e-05 3.11354444e-05 8.28626838e-07 2.46417926e-09 1.00000000e-10
 2003 10 10 12 00 00  3.73813497e-03 2.26909154e-03 1.25391939e-03 9.00867368e-04 6.55149580e-04 3.64494913e-04 2.63167962e-04 2.23667477e-04 4.63003002e-04 1.32624071e-04 3.26811197e-03 4.93177101e-03 2.32724691e-04 6.74769685e-05 4.38820514e-05 1.33475639e-04 4.00930265e-05 6.93844049e-05 1.27917440e-04 7.38222385e-05 1.54517333e-04 1.90069433e-04 1.07680863e-04 7.45277146e-05 5.33285856e-06 8.83200773e-06 6.05324167e-06 2.61134786e-05 4.87978832e-06 1.77004858e-05 5.11884218e-05 3.93427501e-05 2.08665835e-05 5.18270589e-05 3.98561446e-05 1.41871758e-05 5.83276610e-05 7.27394795e-05 9.26737484e-06 4.84425255e-05 1.41535317e-04 2.86660157e-05 2.98016996e-04 4.11317137e-04 1.64526855e-05 2.32331483e-04 5.78269071e-05 3.73692921e-05 4.38780567e-04 6.20546192e-04 1.07762508e-04 3.50312279e-04 8.23586699e-05 2.76185714e-05 6.11780328e-05 3.12949544e-05 8.36609655e-07 2.77829173e-09 1.00000000e-10
 2003 10 11 12 00 00  3.73537851e-03 2.26614821e-03 1.25215356e-03 8.99742524e-04 6.54253190e-04 3.64242923e-04 2.62851993e-04 2.23291478e-04 4.62019115e-04 1.32126229e-04 3.26030401e-03 4.92114536e-03 2.32142561e-04 6.71872444e-05 4.37715479e-05 1.33127956e-04 4.00295889e-05 6.92243746e-05 1.27316089e-04 7.33801513e-05 1.54183699e-04 1.89646875e-04 1.07469810e-04 7.43207072e-05 5.32833401e-06 8.74379621e-06 6.05146815e-06 2.60713297e-05 4.86992794e-06 1.76690130e-05 5.10491862e-05 3.93166294e-05 2.08141078e-05 5.16323451e-05 3.92788817e-05 1.41786950e-05 5.80518639e-05 7.24225067e-05 9.19398881e-06 4.80472484e-05 1.40803027e-04 2.82917928e-05 2.96406350e-04 4.06003763e-04 1.62401505e-05 2.29986831e-04 5.74815960e-05 3.66437365e-05 4.35519226e-04 6.16748390e-04 1.06667689e-04 3.46355093e-04 7.85431161e-05 2.62317560e-05 5.79780800e-05 2.91581676e-05 7.40132080e-07 1.00000000e-10 1.00000000e-10
 2003 10 12 12 00 00  3.70505584e-03 2.24488511e-03 1.23880521e-03 8.89838620e-04 6.45489360e-04 3.60550238e-04 2.59108266e-04 2.19132738e-04 4.51171635e-04 1.28952469e-04 3.17337007e-03 4.76177596e-03 2.27566121e-04 6.59141414e-05 4.30614217e-05 1.29787986e-04 3.90907750e-05 6.68395776e-05 1.24450698e-04 7.18866824e-05 1.49230132e-04 1.83328956e-04 1.04785632e-04 7.30158717e-05 5.26125987e-06 8.60582659e-06 6.02492692e-06 2.57213085e-05 4.83659569e-06 1.74247259e-05 4.97189430e-05 3.89293622e-05 2.00381764e-05 5.02374315e-05 3.73276125e-05 1.40516291e-05 5.54922380e-05 6.89355310e-05 9.07920548e-06 4.59901462e-05 1.33244897e-04 2.70274206e-05 2.82413070e-04 3.88044103e-04 1.55217641e-05 2.14107512e-04 5.23445546e-05 3.41921899e-05 4.10154643e-04 5.90285409e-04 1.01202408e-04 3.26844174e-04 7.25987184e-05 2.40711315e-05 5.29923600e-05 2.58257796e-05 5.89444778e-07 1.00000000e-10 1.00000000e-10
 2003 10 13 12 00 00  3.69529467e-03 2.23859060e-03 1.23480857e-03 8.86748218e-04 6.42687007e-04 3.59311261e-04 2.57884707e-04 2.17785640e-04 4.47669990e-04 1.28041598e-04 3.14527974e-03 4.70864773e-03 2.26178923e-04 6.55906018e-05 4.28559644e-05 1.28722478e-04 3.87663458e-05 6.60305610e-05 1.23684515e-04 7.15605973e-05 1.47564352e-04 1.81204722e-04 1.03899874e-04 7.25996913e-05 5.23817871e-06 8.54742320e-06 6.01602005e-06 2.56070791e-05 4.82954165e-06 1.73487316e-05 4.92897778e-05 3.87962442e-05 1.97693938e-05 4.97862663e-05 3.69132671e-05 1.40091492e-05 5.46749890e-05 6.77953736e-05 9.03062755e-06 4.53612758e-05 1.30790417e-04 2.67532043e-05 2.77757050e-04 3.84223307e-04 1.53689323e-05 2.09361482e-04 5.05937845e-05 3.36616882e-05 4.02325981e-04 5.82164325e-04 9.97243629e-05 3.19805571e-04 7.00082510e-05 2.31297417e-05 5.08209239e-05 2.43844435e-05 5.24992612e-07 1.00000000e-10 1.00000000e-10
 2003 10 14 12 00 00  3.67957015e-03 2.22827019e-03 1.22827180e-03 8.81739232e-04 6.38168579e-04 3.57332146e-04 2.55919999e-04 2.15618733e-04 4.42032782e-04 1.26538114e-04 3.10006633e-03 4.62364405e-03 2.23916308e-04 6.50416017e-05 4.25175082e-05 1.27003712e-04 3.82516300e-05 6.47414941e-05 1.22401040e-04 7.09852669e-05 1.44905872e-04 1.77812890e-04 1.02480334e-04 7.19624029e-05 5.20152425e-06 8.50576907e-06 6.00179264e-06 2.54269097e-05 4.81697462e-06 1.72255887e-05 4.86007571e-05 3.85847961e-05 1.93431959e-05 4.90893880e-05 3.61759245e-05 1.39412266e-05 5.33619424e-05 6.59677813e-05 8.99599254e-06 4.44002669e-05 1.26850374e-04 2.62683927e-05 2.70553234e-04 3.77427876e-04 1.50971150e-05 2.01633020e-04 4.78071626e-05 3.27231130e-05 3.89615311e-04 5.69110959e-04 9.72536854e-05 3.10220679e-04 6.80807530e-05 2.24294627e-05 4.92065300e-05 2.33233461e-05 4.79382447e-07 1.00000000e-10 1.00000000e-10
 2003 10 15 12 00 00  3.67862138e-03 2.22640737e-03 1.22719880e-03 8.81128036e-04 6.37725219e-04 3.57308883e-04 2.55824309e-04 2.15480670e-04 4.41683927e-04 1.26186149e-04 3.09738046e-03 4.62363586e-03 2.23569980e-04 6.47837624e-05 4.24382321e-05 1.26826368e-04 3.82331811e-05 6.47188805e-05 1.21868263e-04 7.05586514e-05 1.44883025e-04 1.77783569e-04 1.02429893e-04 7.18954765e-05 5.20036301e-06 8.53141682e-06 6.00169697e-06 2.54063176e-05 4.80777016e-06 1.72034754e-05 4.85273208e-05 3.85783409e-05 1.93269152e-05 4.90293689e-05 3.56351404e-05 1.39410258e-05 5.32272250e-05 6.58430564e-05 9.01736421e-06 4.42347466e-05 1.26511776e-04 2.59098364e-05 2.70242890e-04 3.72440263e-04 1.48976105e-05 2.00018848e-04 4.77454771e-05 3.20295687e-05 3.87423094e-04 5.66732220e-04 9.63109965e-05 3.10490039e-04 6.89470096e-05 2.27448875e-05 4.99371194e-05 2.38439019e-05 5.04172806e-07 1.00000000e-10 1.00000000e-10
 2003 10 16 12 00 00  3.67812662e-03 2.22833074e-03 1.22822090e-03 8.81414374e-04 6.37724394e-04 3.57049852e-04 2.55696644e-04 2.15391489e-04 4.41482245e-04 1.26597275e-04 3.09562579e-03 4.61299941e-03 2.23858194e-04 6.51342772e-05 4.25255095e-05 1.26837800e-04 3.81449907e-05 6.45285123e-05 1.22519126e-04 7.11943256e-05 1.44522779e-04 1.77321674e-04 1.02303460e-04 7.19770562e-05 5.19427958e-06 8.58188068e-06 5.99979467e-06 2.54079079e-05 4.82247087e-06 1.72147755e-05 4.85219654e-05 3.85435589e-05 1.92525928e-05 4.90746090e-05 3.64925596e-05 1.39322772e-05 5.32447599e-05 6.57459548e-05 9.05938941e-06 4.44962082e-05 1.26384786e-04 2.64522561e-05 2.70052800e-04 3.80315513e-04 1.52126205e-05 2.01502418e-04 4.73173830e-05 3.30839946e-05 3.88732234e-04 5.68623590e-04 9.74627226e-05 3.10805537e-04 7.08285081e-05 2.34294495e-05 5.15201332e-05 2.49415006e-05 5.56659353e-07 1.00000000e-10 1.00000000e-10
 2003 10 17 12 00 00  3.69752895e-03 2.24103741e-03 1.23626966e-03 8.87480749e-04 6.43140367e-04 3.59472700e-04 2.58098770e-04 2.18033545e-04 4.48401384e-04 1.28432744e-04 3.15117768e-03 4.71922904e-03 2.26626469e-04 6.57712606e-05 4.29340746e-05 1.28893997e-04 3.87341337e-05 6.60733494e-05 1.23971826e-04 7.18448544e-05 1.47777157e-04 1.81475230e-04 1.04038865e-04 7.27249511e-05 5.23668277e-06 8.61055742e-06 6.01729771e-06 2.56125217e-05 4.83758267e-06 1.73557008e-05 4.93282474e-05 3.87888809e-05 1.97374640e-05 4.98948463e-05 3.73735384e-05 1.40165896e-05 5.48118480e-05 6.79329391e-05 9.08328511e-06 4.56153389e-05 1.31059040e-04 2.70078919e-05 2.78578291e-04 3.88405080e-04 1.55362032e-05 2.10604027e-04 5.06192329e-05 3.41644685e-05 4.03569994e-04 5.83788844e-04 1.00302574e-04 3.21024055e-04 7.17932855e-05 2.37807577e-05 5.23338964e-05 2.55219684e-05 5.85547093e-07 1.00000000e-10 1.00000000e-10
 2003 10 18 12 00 00  3.71588644e-03 2.25438273e-03 1.24460780e-03 8.93500902e-04 6.48375695e-04 3.61653078e-04 2.60336837e-04 2.20526617e-04 4.54940170e-04 1.30441631e-04 3.20358506e-03 4.81483303e-03 2.29460569e-04 6.65967827e-05 4.33796698e-05 1.30889282e-04 3.92574235e-05 6.74551993e-05 1.25775705e-04 7.28542334e-05 1.50700975e-04 1.85202416e-04 1.05635713e-04 7.35633883e-05 5.27440934e-06 8.76192353e-06 6.03301487e-06 2.58193563e-05 4.86080025e-06 1.74998757e-05 5.01110936e-05 3.90072440e-05 2.01677234e-05 5.07717244e-05 3.87284585e-05 1.40923934e-05 5.63478101e-05 6.99954783e-05 9.20926759e-06 4.69750325e-05 1.35521171e-04 2.78681458e-05 2.87187421e-04 4.00853684e-04 1.60341473e-05 2.20364009e-04 5.35676954e-05 3.58360936e-05 4.18759955e-04 5.99933562e-04 1.03747339e-04 3.34186091e-04 7.79428950e-05 2.60168486e-05 5.74980253e-05 2.90238355e-05 7.47524382e-07 3.00853742e-10 1.00000000e-10
 2003 10 19 12 00 00  3.73907808e-03 2.26942771e-03 1.25415008e-03 9.00723994e-04 6.54840839e-04 3.64561903e-04 2.63212371e-04 2.23686029e-04 4.63212023e-04 1.32606336e-04 3.27000855e-03 4.94230986e-03 2.32746465e-04 6.73344182e-05 4.38616854e-05 1.33343088e-04 3.99666314e-05 6.93117327e-05 1.27468406e-04 7.35896640e-05 1.54613516e-04 1.90190242e-04 1.07715427e-04 7.45790558e-05 5.32543418e-06 8.97184727e-06 6.05403038e-06 2.60752547e-05 4.87790494e-06 1.76674266e-05 5.10798037e-05 3.93024180e-05 2.07515390e-05 5.18562048e-05 3.97254800e-05 1.41935947e-05 5.82364044e-05 7.26216909e-05 9.38397134e-06 4.85287903e-05 1.41126468e-04 2.84964743e-05 2.98288875e-04 4.10008226e-04 1.64003291e-05 2.31253921e-04 5.75373939e-05 3.70580266e-05 4.36390790e-04 6.18474258e-04 1.07063146e-04 3.51998749e-04 8.65835651e-05 2.91584460e-05 6.47520085e-05 3.39268354e-05 9.73170336e-07 8.89668534e-09 1.00000000e-10
 2003 10 20 12 00 00  3.73505938e-03 2.26686463e-03 1.25251939e-03 8.99396205e-04 6.53600327e-04 3.64036853e-04 2.62694893e-04 2.23113317e-04 4.61749825e-04 1.32229319e-04 3.25830388e-03 4.92104366e-03 2.32169422e-04 6.71864063e-05 4.37741465e-05 1.32869332e-04 3.98053002e-05 6.89494482e-05 1.27097083e-04 7.34359084e-05 1.53912010e-04 1.89290379e-04 1.07339856e-04 7.45199692e-05 5.31421538e-06 9.12070536e-06 6.05030436e-06 2.60303437e-05 4.87506841e-06 1.76301671e-05 5.08834982e-05 3.92381247e-05 2.06161785e-05 5.17610634e-05 3.95557785e-05 1.41762575e-05 5.78900346e-05 7.21219636e-05 9.50786998e-06 4.84799777e-05 1.40026178e-04 2.83712230e-05 2.97105734e-04 4.08427082e-04 1.63370833e-05 2.29209204e-04 5.67315437e-05 3.68183217e-05 4.32722064e-04 6.15217485e-04 1.06362803e-04 3.54011544e-04 9.26084855e-05 3.13492554e-05 6.98118398e-05 3.73612343e-05 1.13225905e-06 1.74938787e-08 5.63180613e-10
 2003 10 21 12 00 00  3.74306784e-03 2.27262256e-03 1.25612140e-03 9.01962717e-04 6.55811834e-04 3.64983969e-04 2.63663151e-04 2.24187749e-04 4.64587453e-04 1.33086645e-04 3.28107103e-03 4.96352464e-03 2.33387528e-04 6.75211306e-05 4.39625416e-05 1.33710183e-04 4.00148419e-05 6.95353723e-05 1.27816039e-04 7.38363364e-05 1.55189778e-04 1.90910311e-04 1.08031162e-04 7.50761015e-05 5.32953272e-06 9.46869113e-06 6.05717032e-06 2.61317321e-05 4.88467304e-06 1.76878653e-05 5.12136969e-05 3.93271155e-05 2.07870806e-05 5.23019462e-05 4.01138997e-05 1.42096993e-05 5.85659002e-05 7.30073821e-05 9.79745091e-06 4.94213133e-05 1.41917377e-04 2.87157454e-05 3.02192114e-04 4.13542685e-04 1.65417074e-05 2.33430223e-04 5.79649699e-05 3.74898547e-05 4.38938933e-04 6.22706858e-04 1.07747888e-04 3.68252682e-04 1.07086051e-04 3.66126662e-05 8.19632683e-05 4.55526741e-05 1.50769201e-06 3.74850501e-08 2.38629383e-09
 2003 10 22 12 00 00  3.75223720e-03 2.27797911e-03 1.25957017e-03 9.04648722e-04 6.58254006e-04 3.66175203e-04 2.64806222e-04 2.25426899e-04 4.67846503e-04 1.33815020e-04 3.30730335e-03 5.01663089e-03 2.34582840e-04 6.76986831e-05 4.41235830e-05 1.34632010e-04 4.02912061e-05 7.02854770e-05 1.28246719e-04 7.39303243e-05 1.56801850e-04 1.92958150e-04 1.08866516e-04 7.56212251e-05 5.34958854e-06 9.79037432e-06 6.06582726e-06 2.62395477e-05 4.88735859e-06 1.77448139e-05 5.15788125e-05 3.94434028e-05 2.10134473e-05 5.28533560e-05 4.02674719e-05 1.42516583e-05 5.92990068e-05 7.40358678e-05 1.00651334e-05 5.02733261e-05 1.44067042e-04 2.88001786e-05 3.07733053e-04 4.14937296e-04 1.65974918e-05 2.37253320e-04 5.95549995e-05 3.76566662e-05 4.45056759e-04 6.29805137e-04 1.08641356e-04 3.82666701e-04 1.20549409e-04 4.15071627e-05 9.32620425e-05 5.31581433e-05 1.85546762e-06 5.59435392e-08 4.06812788e-09
 2003 10 23 12 00 00  3.76503362e-03 2.28805517e-03 1.26580533e-03 9.09013174e-04 6.61974068e-04 3.67630113e-04 2.66346847e-04 2.27162077e-04 4.72401679e-04 1.35375127e-04 3.34375359e-03 5.08036539e-03 2.36684999e-04 6.84063254e-05 4.44691791e-05 1.36054284e-04 4.06373088e-05 7.12033361e-05 1.29764356e-04 7.48670194e-05 1.58757302e-04 1.95438547e-04 1.09953706e-04 7.64914723e-05 5.37456581e-06 1.02599035e-05 6.07629117e-06 2.64109714e-05 4.90876118e-06 1.78519879e-05 5.21458940e-05 3.95880168e-05 2.12978572e-05 5.37007465e-05 4.15173447e-05 1.43021651e-05 6.04327300e-05 7.54864031e-05 1.04558210e-05 5.17804397e-05 1.47233211e-04 2.95973005e-05 3.15541509e-04 4.26425249e-04 1.70570100e-05 2.44933750e-04 6.15114288e-05 3.92048649e-05 4.56345650e-04 6.43044910e-04 1.11493998e-04 4.03112390e-04 1.40344532e-04 4.87031693e-05 1.09872072e-04 6.43187255e-05 2.36437364e-06 8.28464692e-08 6.51666170e-09
 2003 10 24 12 00 00  3.77754898e-03 2.29750671e-03 1.27168281e-03 9.13203022e-04 6.65588509e-04 3.69089249e-04 2.67865694e-04 2.28862984e-04 4.76860540e-04 1.36818666e-04 3.37946647e-03 5.14410362e-03 2.38676069e-04 6.90312841e-05 4.47892305e-05 1.37434253e-04 4.09902190e-05 7.21295190e-05 1.31116116e-04 7.56640686e-05 1.60708129e-04 1.97929769e-04 1.11032296e-04 7.69760446e-05 5.39997163e-06 1.02213489e-05 6.08679038e-06 2.65458703e-05 4.92699910e-06 1.79543338e-05 5.26849725e-05 3.97350028e-05 2.15882654e-05 5.42227670e-05 4.25822014e-05 1.43527446e-05 6.14814641e-05 7.68894011e-05 1.04237464e-05 5.25633516e-05 1.50289959e-04 3.02757981e-05 3.20692845e-04 4.36211838e-04 1.74484735e-05 2.51821351e-04 6.34905999e-05 4.05227911e-05 4.67094678e-04 6.54079339e-04 1.14062123e-04 4.07710433e-04 1.38676482e-04 4.80968960e-05 1.08473154e-04 6.33846461e-05 2.32220295e-06 8.06489226e-08 6.31745820e-09
 2003 10 25 12 00 00  3.78967281e-03 2.30609654e-03 1.27706737e-03 9.17150911e-04 6.69055540e-04 3.70552335e-04 2.69353779e-04 2.30516254e-04 4.81186488e-04 1.38101768e-04 3.41414755e-03 5.20784408e-03 2.40514628e-04 6.95446342e-05 4.50747532e-05 1.38755047e-04 4.13504022e-05 7.30646367e-05 1.32257461e-04 7.62723677e-05 1.62679861e-04 2.00432554e-04 1.12097790e-04 7.77600973e-05 5.42583548e-06 1.06466890e-05 6.09732670e-06 2.67058385e-05 4.94086489e-06 1.80497182e-05 5.32175047e-05 3.98845441e-05 2.18851026e-05 5.49992940e-05 4.33921261e-05 1.44034057e-05 6.25326099e-05 7.82828506e-05 1.07776417e-05 5.38716561e-05 1.53296914e-04 3.07931768e-05 3.28096821e-04 4.43657135e-04 1.77462854e-05 2.58375708e-04 6.54941192e-05 4.15274902e-05 4.77082475e-04 6.65672431e-04 1.16242411e-04 4.26961147e-04 1.56770961e-04 5.46742864e-05 1.23653375e-04 7.35621215e-05 2.78467237e-06 1.04975942e-07 8.52849027e-09
 2003 10 26 12 00 00  3.81472083e-03 2.32482348e-03 1.28872915e-03 9.25565939e-04 6.76374147e-04 3.73501243e-04 2.72413094e-04 2.33942130e-04 4.90136629e-04 1.40961213e-04 3.48579566e-03 5.33533543e-03 2.44482058e-04 7.07890015e-05 4.57126476e-05 1.41550320e-04 4.20897151e-05 7.49580853e-05 1.34993285e-04 7.78478454e-05 1.66636612e-04 2.05468245e-04 1.14273095e-04 7.91005320e-05 5.47875534e-06 1.10796012e-05 6.11849900e-06 2.70182394e-05 4.97620604e-06 1.82596697e-05 5.43340173e-05 4.01902536e-05 2.24954827e-05 5.63641060e-05 4.54598950e-05 1.45049315e-05 6.47091394e-05 8.11592675e-05 1.11378358e-05 5.61066322e-05 1.59570813e-04 3.21284606e-05 3.41167188e-04 4.62683383e-04 1.85073353e-05 2.72591185e-04 6.95644878e-05 4.41174663e-05 4.98945532e-04 6.89661913e-04 1.21402682e-04 4.52676366e-04 1.75204668e-04 6.13749457e-05 1.39117891e-04 8.39278649e-05 3.25552855e-06 1.29731421e-07 1.07781410e-08
 2003 10 27 12 00 00  3.85092321e-03 2.34718216e-03 1.30301141e-03 9.36716999e-04 6.86537665e-04 3.78159579e-04 2.76955488e-04 2.38913498e-04 5.03095154e-04 1.44123395e-04 3.58986623e-03 5.53720072e-03 2.49448922e-04 7.17895309e-05 4.64233850e-05 1.45405388e-04 4.32744768e-05 7.79734284e-05 1.37404277e-04 7.87160126e-05 1.72911431e-04 2.13463935e-04 1.17575720e-04 8.07484585e-05 5.56343839e-06 1.15132250e-05 6.15209428e-06 2.74370969e-05 4.99552261e-06 1.85232961e-05 5.58797068e-05 4.06792591e-05 2.34744439e-05 5.81259416e-05 4.65910387e-05 1.46658334e-05 6.76859961e-05 8.53453765e-05 1.14986113e-05 5.85893687e-05 1.68499751e-04 3.28629598e-05 3.59371922e-04 4.73096420e-04 1.89238568e-05 2.89169049e-04 7.60566851e-05 4.55412955e-05 5.26350935e-04 7.18618409e-04 1.26139301e-04 4.85131160e-04 1.93731454e-04 6.81092908e-05 1.54659412e-04 9.43366511e-05 3.72772213e-06 1.54510542e-07 1.30287560e-08
 2003 10 28 12 00 00  3.92543976e-03 2.39350436e-03 1.33257312e-03 9.59735853e-04 7.07486550e-04 3.87723388e-04 2.86297944e-04 2.49145362e-04 5.29766787e-04 1.50694306e-04 3.80404990e-03 5.95155805e-03 2.59721377e-04 7.38997419e-05 4.78997087e-05 1.53353283e-04 4.57069604e-05 8.41635512e-05 1.42457522e-04 8.05926567e-05 1.85770805e-04 2.29877127e-04 1.24363999e-04 8.35543754e-05 5.73729885e-06 1.15727344e-05 6.22105654e-06 2.82465558e-05 5.03731717e-06 1.90687152e-05 5.90415497e-05 4.16832190e-05 2.54844170e-05 6.12549477e-05 4.90382663e-05 1.49961168e-05 7.37369070e-05 9.39188627e-05 1.15481074e-05 6.26396626e-05 1.86813305e-04 3.44509899e-05 3.92591096e-04 4.95623815e-04 1.98249526e-05 3.22994392e-04 8.93847668e-05 4.86199220e-05 5.83044676e-04 7.75971803e-04 1.36064151e-04 5.25607018e-04 1.96385456e-04 6.90737379e-05 1.56883881e-04 9.58112949e-05 3.79352587e-06 1.57880999e-07 1.33327788e-08
 2003 10 29 12 00 00  3.87650820e-03 2.36399499e-03 1.31365868e-03 9.44879917e-04 6.93903556e-04 3.81379685e-04 2.80153471e-04 2.42441613e-04 5.12270070e-04 1.46575045e-04 3.66344830e-03 5.67533374e-03 2.53135240e-04 7.26891196e-05 4.69756269e-05 1.48207718e-04 4.41150856e-05 8.00733105e-05 1.39511246e-04 7.96623179e-05 1.77243942e-04 2.18982335e-04 1.19886055e-04 8.19878913e-05 5.62326641e-06 1.18612254e-05 6.17523692e-06 2.77498649e-05 5.01612521e-06 1.87246752e-05 5.70128682e-05 4.10243345e-05 2.41707123e-05 5.94315107e-05 4.78003232e-05 1.47762534e-05 6.98563090e-05 8.83382286e-05 1.17881245e-05 6.05245923e-05 1.74951377e-04 3.36598256e-05 3.72538041e-04 4.84243411e-04 1.93697365e-05 3.01976964e-04 8.05989548e-05 4.70836385e-05 5.47114637e-04 7.40814886e-04 1.30186309e-04 5.09574885e-04 2.08771358e-04 7.35757749e-05 1.67272995e-04 1.02761131e-04 4.10821665e-06 1.74350379e-07 1.48275092e-08
 2003 10 30 12 00 00  3.87493778e-03 2.36338854e-03 1.31323893e-03 9.44518834e-04 6.93559086e-04 3.81155269e-04 2.79956437e-04 2.42237655e-04 5.11722044e-04 1.46518719e-04 3.65899159e-03 5.66471890e-03 2.52987350e-04 7.27232257e-05 4.69646883e-05 1.48080765e-04 4.40730189e-05 7.99394678e-05 1.39577063e-04 7.97562767e-05 1.76929886e-04 2.18593764e-04 1.19737187e-04 8.16728540e-05 5.62008645e-06 1.14732407e-05 6.17357364e-06 2.77155817e-05 5.01781651e-06 1.87206243e-05 5.69556601e-05 4.10056993e-05 2.41370930e-05 5.91496172e-05 4.79018578e-05 1.47680053e-05 6.97195228e-05 8.81615610e-05 1.14652750e-05 5.99858278e-05 1.74612425e-04 3.37360165e-05 3.69943714e-04 4.85190943e-04 1.94076377e-05 3.01469429e-04 8.03251169e-05 4.72292246e-05 5.46581191e-04 7.39148634e-04 1.30272650e-04 4.96853075e-04 1.92511890e-04 6.76648258e-05 1.53628032e-04 9.35793423e-05 3.68857186e-06 1.52093247e-07 1.27999641e-08
 2003 10 31 12 00 00  3.86861496e-03 2.35843661e-03 1.31017323e-03 9.42392003e-04 6.91757994e-04 3.80438703e-04 2.79199546e-04 2.41387263e-04 5.09479517e-04 1.45756517e-04 3.64103061e-03 5.63285574e-03 2.51957386e-04 7.23864023e-05 4.67969747e-05 1.47393059e-04 4.39113704e-05 7.94945227e-05 1.38863948e-04 7.93133455e-05 1.75965439e-04 2.17371674e-04 1.19202749e-04 8.12174306e-05 5.60831540e-06 1.11975838e-05 6.16840116e-06 2.76316429e-05 5.00746464e-06 1.86702391e-05 5.66835126e-05 4.09373868e-05 2.40049529e-05 5.87107938e-05 4.72987449e-05 1.47428742e-05 6.91663319e-05 8.74569273e-05 1.12358866e-05 5.91947781e-05 1.73084623e-04 3.33571748e-05 3.65914796e-04 4.79654812e-04 1.91861925e-05 2.97753999e-04 7.93850340e-05 4.64922166e-05 5.41206680e-04 7.32686145e-04 1.28922015e-04 4.85606627e-04 1.81028849e-04 6.34901298e-05 1.43990246e-04 8.70844367e-05 3.39104190e-06 1.36261281e-07 1.13564290e-08
 2003 11 01 12 00 00  3.85117041e-03 2.34705540e-03 1.30295956e-03 9.36939997e-04 6.86882278e-04 3.78256144e-04 2.77037298e-04 2.39009337e-04 5.03254903e-04 1.44114039e-04 3.59106559e-03 5.53724840e-03 2.49473565e-04 7.18169828e-05 4.64305354e-05 1.45542110e-04 4.33788577e-05 7.81013747e-05 1.37552965e-04 7.87354889e-05 1.73019111e-04 2.13629845e-04 1.17640445e-04 8.01413515e-05 5.57000822e-06 1.06064414e-05 6.15263561e-06 2.74102465e-05 4.99416819e-06 1.85433827e-05 5.59413574e-05 4.07157961e-05 2.35665560e-05 5.76310456e-05 4.65228164e-05 1.46669699e-05 6.76976837e-05 8.54588892e-05 1.07440013e-05 5.74507714e-05 1.68822576e-04 3.28646536e-05 3.55359450e-04 4.72525941e-04 1.89010376e-05 2.89212437e-04 7.64057389e-05 4.55351314e-05 5.27860396e-04 7.17295755e-04 1.26377766e-04 4.58607929e-04 1.56141786e-04 5.44429939e-05 1.23106972e-04 7.30477157e-05 2.75063953e-06 1.02380633e-07 8.27216340e-09
 2003 11 02 12 00 00  3.81295718e-03 2.32311370e-03 1.28769832e-03 9.25154464e-04 6.76208608e-04 3.73379599e-04 2.72263633e-04 2.33780297e-04 4.89597620e-04 1.40713334e-04 3.48138109e-03 5.32477163e-03 2.44185235e-04 7.07217255e-05 4.56690429e-05 1.41493716e-04 4.21622186e-05 7.49646919e-05 1.34960273e-04 7.77436537e-05 1.66453791e-04 2.05261766e-04 1.14175240e-04 7.84474186e-05 5.48278731e-06 1.02104903e-05 6.11743017e-06 2.69794685e-05 4.97159381e-06 1.82680910e-05 5.43309282e-05 4.02117206e-05 2.25629687e-05 5.58159522e-05 4.52040054e-05 1.44979291e-05 6.45784737e-05 8.10828494e-05 1.04145169e-05 5.48947313e-05 1.59495282e-04 3.20213352e-05 3.36614848e-04 4.60401598e-04 1.84160639e-05 2.71692214e-04 6.96737785e-05 4.38976800e-05 4.99073671e-04 6.87011100e-04 1.21283406e-04 4.26971690e-04 1.39579907e-04 4.84220323e-05 1.09207677e-04 6.36904168e-05 2.32266020e-06 7.96579286e-08 6.20161345e-09
 2003 11 03 12 00 00  3.77370058e-03 2.29423333e-03 1.26967899e-03 9.12093429e-04 6.64818101e-04 3.68722907e-04 2.67462396e-04 2.28417091e-04 4.75578180e-04 1.36332284e-04 3.36909548e-03 5.12291640e-03 2.38049094e-04 6.88613783e-05 4.46927623e-05 1.37146661e-04 4.10022069e-05 7.19796866e-05 1.30864196e-04 7.54298642e-05 1.60209691e-04 1.97305400e-04 1.10753853e-04 7.65656675e-05 5.39966204e-06 9.80873228e-06 6.08396258e-06 2.65136045e-05 4.91941355e-06 1.79454912e-05 5.26043097e-05 3.97313794e-05 2.16058543e-05 5.38603604e-05 4.21526871e-05 1.43372949e-05 6.12221373e-05 7.66000489e-05 1.00802048e-05 5.18140521e-05 1.49742171e-04 3.00580112e-05 3.17563608e-04 4.32334357e-04 1.72933743e-05 2.50071456e-04 6.32643583e-05 4.00880614e-05 4.65419968e-04 6.50989478e-04 1.13517724e-04 3.95592549e-04 1.22748511e-04 4.23031552e-05 9.50826627e-05 5.41848563e-05 1.88816537e-06 5.66092382e-08 4.10186018e-09
 2003 11 04 12 00 00  3.73996789e-03 2.27131409e-03 1.25523179e-03 9.01282651e-04 6.55204466e-04 3.64563144e-04 2.63289171e-04 2.23801872e-04 4.63523467e-04 1.32959404e-04 3.27241384e-03 4.94230762e-03 2.33086168e-04 6.75852177e-05 4.39390875e-05 1.33488795e-04 3.99612909e-05 6.93051959e-05 1.27968004e-04 7.40105461e-05 1.54619188e-04 1.90181759e-04 1.07751002e-04 7.49891097e-05 5.32509803e-06 9.43322011e-06 6.05400310e-06 2.61202938e-05 4.88739061e-06 1.76849067e-05 5.11476926e-05 3.93005466e-05 2.07468285e-05 5.22007966e-05 4.02802281e-05 1.41935350e-05 5.83977560e-05 7.27347258e-05 9.76774390e-06 4.93280039e-05 1.41417460e-04 2.88535550e-05 3.00936261e-04 4.15111158e-04 1.66044463e-05 2.33041468e-04 5.75195416e-05 3.77508783e-05 4.38233154e-04 6.22044883e-04 1.07948697e-04 3.67139772e-04 1.06935079e-04 3.65545471e-05 8.18133460e-05 4.52664746e-05 1.48132212e-06 3.50883482e-08 2.14282601e-09
 2003 11 05 12 00 00  3.71973775e-03 2.25701623e-03 1.24626605e-03 8.94681106e-04 6.49391022e-04 3.62114354e-04 2.60800635e-04 2.21036725e-04 4.56297798e-04 1.30822938e-04 3.21449255e-03 4.83606756e-03 2.30020409e-04 6.67278373e-05 4.34627920e-05 1.31273544e-04 3.93498136e-05 6.77329837e-05 1.26054896e-04 7.29964289e-05 1.51327578e-04 1.85992691e-04 1.05968371e-04 7.39181222e-05 5.28128876e-06 9.05759371e-06 6.03638364e-06 2.58720632e-05 4.86444842e-06 1.75238499e-05 5.02607346e-05 3.90474015e-05 2.02422481e-05 5.11035381e-05 3.89390829e-05 1.41089811e-05 5.66697537e-05 7.04125457e-05 9.45518987e-06 4.75821527e-05 1.36394473e-04 2.79924483e-05 2.90227924e-04 4.02777089e-04 1.61110835e-05 2.22274749e-04 5.41429908e-05 3.60796170e-05 4.21432700e-04 6.03616455e-04 1.04293228e-04 3.45523262e-04 9.11067807e-05 3.08005578e-05 6.85317275e-05 3.63412172e-05 1.07426513e-06 1.35636856e-08 1.83638216e-10
 2003 11 06 12 00 00  3.69958472e-03 2.24291179e-03 1.23741021e-03 8.88124794e-04 6.43597851e-04 3.59661242e-04 2.58315965e-04 2.18278680e-04 4.49095733e-04 1.28721989e-04 3.15675484e-03 4.72982526e-03 2.26987287e-04 6.58941214e-05 4.29938607e-05 1.29066479e-04 3.87329957e-05 6.61542232e-05 1.24183086e-04 7.20232318e-05 1.48027004e-04 1.81795151e-04 1.04186296e-04 7.27886660e-05 5.23714334e-06 8.59231513e-06 6.01873653e-06 2.56179728e-05 4.84251104e-06 1.73636056e-05 4.93723080e-05 3.87923938e-05 1.97329588e-05 4.99559158e-05 3.76562006e-05 1.40243676e-05 5.49386518e-05 6.80873837e-05 9.06804780e-06 4.57352591e-05 1.31369026e-04 2.71667435e-05 2.79065378e-04 3.90976336e-04 1.56390534e-05 2.11566206e-04 5.07486053e-05 3.44774773e-05 4.04745803e-04 5.85050559e-04 1.00714770e-04 3.21009601e-04 7.14343541e-05 2.36492897e-05 5.20256266e-05 2.52582617e-05 5.69459081e-07 1.00000000e-10 1.00000000e-10
 2003 11 07 12 00 00  3.67726309e-03 2.22712167e-03 1.22750884e-03 8.80810188e-04 6.37142445e-04 3.56955740e-04 2.55564784e-04 2.15219449e-04 4.41112876e-04 1.26357988e-04 3.09278711e-03 4.61295545e-03 2.23596842e-04 6.49351857e-05 4.24652548e-05 1.26605690e-04 3.80478916e-05 6.44094951e-05 1.22033821e-04 7.08848820e-05 1.44398136e-04 1.77167345e-04 1.02215975e-04 7.18132751e-05 5.18816705e-06 8.47371921e-06 5.99929081e-06 2.53594975e-05 4.81705865e-06 1.71831967e-05 4.83932874e-05 3.85095685e-05 1.91669096e-05 4.89176709e-05 3.61664919e-05 1.39312237e-05 5.30511024e-05 6.55244890e-05 8.96936181e-06 4.41869256e-05 1.25810283e-04 2.62026297e-05 2.68699650e-04 3.77266372e-04 1.50906549e-05 1.99775016e-04 4.69926861e-05 3.26078734e-05 3.85995086e-04 5.65415587e-04 9.66214055e-05 3.06272132e-04 6.64578298e-05 2.18401452e-05 4.78494339e-05 2.24489634e-05 4.45263959e-07 1.00000000e-10 1.00000000e-10
 2003 11 08 12 00 00  3.66345043e-03 2.21790211e-03 1.22168347e-03 8.76402240e-04 6.33196109e-04 3.55234761e-04 2.53848149e-04 2.13324138e-04 4.36170854e-04 1.25008916e-04 3.05314253e-03 4.53858376e-03 2.21589001e-04 6.44359863e-05 4.21631190e-05 1.25104463e-04 3.76097189e-05 6.32965181e-05 1.20887769e-04 7.03465717e-05 1.42088439e-04 1.74218899e-04 1.00977893e-04 7.12863141e-05 5.15686261e-06 8.48217023e-06 5.98690494e-06 2.52071039e-05 4.80502349e-06 1.70761296e-05 4.77962845e-05 3.83288221e-05 1.88047547e-05 4.83359239e-05 3.54620803e-05 1.38719246e-05 5.19084377e-05 6.39374643e-05 8.97637728e-06 4.33948206e-05 1.22390464e-04 2.57467269e-05 2.62663935e-04 3.70783516e-04 1.48313407e-05 1.92979755e-04 4.45951970e-05 3.17237922e-05 3.74878343e-04 5.54117734e-04 9.44084915e-05 2.99625678e-04 6.69337420e-05 2.20128626e-05 4.82467045e-05 2.26993980e-05 4.54689223e-07 1.00000000e-10 1.00000000e-10
 2003 11 09 12 00 00  3.65155347e-03 2.20989071e-03 1.21662770e-03 8.72587253e-04 6.29786107e-04 3.53757347e-04 2.52370676e-04 2.11691124e-04 4.31913958e-04 1.23832094e-04 3.01899581e-03 4.47483435e-03 2.19847885e-04 6.39938082e-05 4.18997427e-05 1.23806676e-04 3.72320501e-05 6.23399683e-05 1.19876898e-04 6.98615273e-05 1.40106000e-04 1.71688309e-04 9.99131164e-05 7.08282639e-05 5.12989827e-06 8.48780764e-06 5.97627732e-06 2.50748137e-05 4.79417031e-06 1.69829056e-05 4.72788492e-05 3.81731661e-05 1.84924938e-05 4.78316631e-05 3.48268921e-05 1.38210729e-05 5.09197005e-05 6.25682972e-05 8.98105209e-06 4.27021062e-05 1.19435646e-04 2.53358507e-05 2.57450352e-04 3.64938146e-04 1.45975259e-05 1.87053649e-04 4.25332168e-05 3.09269846e-05 3.65211688e-04 5.44276831e-04 9.24575755e-05 2.93852922e-04 6.72844635e-05 2.21400875e-05 4.85390387e-05 2.28802272e-05 4.61273498e-07 1.00000000e-10 1.00000000e-10
 2003 11 10 12 00 00  3.63847042e-03 2.20220462e-03 1.21168232e-03 8.68639294e-04 6.26143572e-04 3.52039152e-04 2.50718327e-04 2.09892302e-04 4.27229308e-04 1.22770473e-04 2.98133461e-03 4.40046117e-03 2.18117488e-04 6.37001213e-05 4.16609963e-05 1.22427111e-04 3.67914443e-05 6.12240110e-05 1.19140463e-04 6.96674397e-05 1.37793911e-04 1.68735997e-04 9.87052173e-05 7.03741386e-05 5.09844067e-06 8.51138175e-06 5.96387908e-06 2.49361257e-05 4.78982874e-06 1.68904709e-05 4.67274042e-05 3.79915611e-05 1.81281939e-05 4.73114455e-05 3.45728156e-05 1.37617491e-05 4.98723530e-05 6.10578642e-05 9.00065352e-06 4.20828773e-05 1.16226525e-04 2.51714606e-05 2.51749198e-04 3.62599922e-04 1.45039969e-05 1.81486419e-04 4.01276018e-05 3.06081958e-05 3.55626758e-04 5.34774760e-04 9.09726686e-05 2.87748932e-04 6.83773516e-05 2.25371394e-05 4.94543689e-05 2.34815968e-05 4.85467638e-07 1.00000000e-10 1.00000000e-10
 2003 11 11 12 00 00  3.63789698e-03 2.20105585e-03 1.21102221e-03 8.68274117e-04 6.25886599e-04 3.52027771e-04 2.50662900e-04 2.09811908e-04 4.27022997e-04 1.22554487e-04 2.97973201e-03 4.40045707e-03 2.17906903e-04 6.35455455e-05 4.16133741e-05 1.22324132e-04 3.67831934e-05 6.12139062e-05 1.18829084e-04 6.94102724e-05 1.37783805e-04 1.68722884e-04 9.86762483e-05 7.03358809e-05 5.09792117e-06 8.52789090e-06 5.96383616e-06 2.49246386e-05 4.78411421e-06 1.68775911e-05 4.66838244e-05 3.79886740e-05 1.81209107e-05 4.72777351e-05 3.42381332e-05 1.37616589e-05 4.97928207e-05 6.09864950e-05 9.01437888e-06 4.19860065e-05 1.16032292e-04 2.49539444e-05 2.51579438e-04 3.59518677e-04 1.43807471e-05 1.80519223e-04 4.01000056e-05 3.01865832e-05 3.54339220e-04 5.33381816e-04 9.04101562e-05 2.88132117e-04 6.91483301e-05 2.28172275e-05 5.00999919e-05 2.39050618e-05 5.03494135e-07 1.00000000e-10 1.00000000e-10
 2003 11 12 12 00 00  3.63645840e-03 2.20090357e-03 1.21085677e-03 8.67976445e-04 6.25529094e-04 3.51778182e-04 2.50460842e-04 2.09607514e-04 4.26500170e-04 1.22578974e-04 2.97548771e-03 4.38982844e-03 2.17827283e-04 6.36263589e-05 4.16172367e-05 1.22192420e-04 3.67124769e-05 6.10449526e-05 1.18960529e-04 6.95900701e-05 1.37445045e-04 1.68288758e-04 9.85182047e-05 7.03379665e-05 5.09293750e-06 8.57430641e-06 5.96202444e-06 2.49134242e-05 4.78828988e-06 1.68720787e-05 4.66290829e-05 3.79600096e-05 1.80620103e-05 4.72584552e-05 3.44815577e-05 1.37530995e-05 4.96986792e-05 6.08095346e-05 9.05298948e-06 4.20455699e-05 1.15680819e-04 2.51075078e-05 2.51104588e-04 3.61753919e-04 1.44701567e-05 1.80457084e-04 3.97303549e-05 3.04851856e-05 3.53809714e-04 5.33135323e-04 9.06248830e-05 2.88624669e-04 7.11831488e-05 2.35567457e-05 5.18060597e-05 2.50406443e-05 5.54502782e-07 1.00000000e-10 1.00000000e-10
 2003 11 13 12 00 00  3.64441205e-03 2.20640198e-03 1.21431448e-03 8.70523335e-04 6.27771684e-04 3.52746525e-04 2.51437678e-04 2.10688758e-04 4.29334574e-04 1.23390835e-04 2.99822382e-03 4.43231948e-03 2.19008976e-04 6.39360248e-05 4.17976141e-05 1.23045437e-04 3.69458081e-05 6.16600271e-05 1.19649449e-04 6.99426280e-05 1.38745162e-04 1.69946484e-04 9.92194664e-05 7.06868682e-05 5.10975296e-06 8.63173555e-06 5.96901373e-06 2.50011906e-05 4.79643240e-06 1.69320687e-05 4.69638044e-05 3.80573241e-05 1.82539035e-05 4.76280371e-05 3.49565438e-05 1.37867988e-05 5.03539543e-05 6.17045888e-05 9.10077215e-06 4.25952520e-05 1.17604791e-04 2.54082552e-05 2.54807881e-04 3.66116941e-04 1.46446776e-05 1.84446595e-04 4.10433044e-05 3.10697593e-05 3.60133185e-04 5.39795982e-04 9.19529587e-05 2.94242650e-04 7.36332799e-05 2.44473586e-05 5.38614560e-05 2.64177139e-05 6.17008635e-07 1.00000000e-10 1.00000000e-10
 2003 11 14 12 00 00  3.66047034e-03 2.21764179e-03 1.22137211e-03 8.75720815e-04 6.32348529e-04 3.54694415e-04 2.53411664e-04 2.12878828e-04 4.35065796e-04 1.25062009e-04 3.04416765e-03 4.51730601e-03 2.21422350e-04 6.45942992e-05 4.21701963e-05 1.24787976e-04 3.74236261e-05 6.29038783e-05 1.21117385e-04 7.07097352e-05 1.41355372e-04 1.73279667e-04 1.00634283e-04 7.12863914e-05 5.14408493e-06 8.58927669e-06 5.98305014e-06 2.51722282e-05 4.81385032e-06 1.70567851e-05 4.76453616e-05 3.82558646e-05 1.86475401e-05 4.82866158e-05 3.59743397e-05 1.38543197e-05 5.16755086e-05 6.35172888e-05 9.06544665e-06 4.35186516e-05 1.21518964e-04 2.60601490e-05 2.61524454e-04 3.75475300e-04 1.50190120e-05 1.92599010e-04 4.37065435e-05 3.23353102e-05 3.73211511e-04 5.53090666e-04 9.47622754e-05 3.00668969e-04 7.18206733e-05 2.37884857e-05 5.23408929e-05 2.53991314e-05 5.70786244e-07 1.00000000e-10 1.00000000e-10
 2003 11 15 12 00 00  3.66528566e-03 2.22221287e-03 1.22414462e-03 8.77516891e-04 6.33796940e-04 3.55172886e-04 2.53968461e-04 2.13524627e-04 4.36772361e-04 1.25808185e-04 3.05776708e-03 4.53854688e-03 2.22338571e-04 6.49895412e-05 4.23346517e-05 1.25345587e-04 3.75276722e-05 6.31959469e-05 1.21931736e-04 7.12910667e-05 1.41988950e-04 1.74088487e-04 1.01014518e-04 7.15028312e-05 5.15169813e-06 8.57901905e-06 5.98647930e-06 2.52255928e-05 4.82712712e-06 1.71021891e-05 4.78563268e-05 3.83001025e-05 1.87323487e-05 4.85050526e-05 3.67497007e-05 1.38710326e-05 5.20997574e-05 6.40375561e-05 9.05691559e-06 4.39194207e-05 1.22686649e-04 2.65548035e-05 2.63424907e-04 3.82602045e-04 1.53040818e-05 1.95946422e-04 4.43208235e-05 3.32960102e-05 3.78042210e-04 5.58229400e-04 9.62645797e-05 3.02209245e-04 7.13573851e-05 2.36201457e-05 5.19526862e-05 2.51425380e-05 5.59391401e-07 1.00000000e-10 1.00000000e-10
 2003 11 16 12 00 00  3.68382695e-03 2.23307248e-03 1.23113580e-03 8.83047030e-04 6.38871951e-04 3.57596944e-04 2.56298607e-04 2.16057627e-04 4.43394764e-04 1.27299007e-04 3.11101131e-03 4.64477986e-03 2.24777156e-04 6.53855706e-05 4.26687470e-05 1.27264939e-04 3.81245802e-05 6.47503010e-05 1.22917437e-04 7.15357368e-05 1.45254809e-04 1.78254381e-04 1.02716861e-04 7.22359225e-05 5.19459027e-06 8.68736824e-06 6.00402273e-06 2.54218592e-05 4.83291406e-06 1.72266521e-05 4.86133771e-05 3.85481457e-05 1.92240739e-05 4.93142387e-05 3.70864349e-05 1.39554293e-05 5.35676138e-05 6.61456648e-05 9.14707489e-06 4.49635421e-05 1.27138358e-04 2.67646392e-05 2.72074599e-04 3.85690901e-04 1.54276361e-05 2.03675726e-04 4.76486399e-05 3.37045931e-05 3.91133217e-04 5.71639975e-04 9.82558292e-05 3.15034916e-04 7.58982442e-05 2.52709219e-05 5.57633706e-05 2.77067460e-05 6.76583602e-07 1.00000000e-10 1.00000000e-10
 2003 11 17 12 00 00  3.68965092e-03 2.23699691e-03 1.23361237e-03 8.84859914e-04 6.40461101e-04 3.58307487e-04 2.57010022e-04 2.16841177e-04 4.45461762e-04 1.27868891e-04 3.12760168e-03 4.67664003e-03 2.25621400e-04 6.55872254e-05 4.27947399e-05 1.27867577e-04 3.82833125e-05 6.51916722e-05 1.23364102e-04 7.17524206e-05 1.46214389e-04 1.79471818e-04 1.03228308e-04 7.26197728e-05 5.20617759e-06 8.92246171e-06 6.00918065e-06 2.54934042e-05 4.83811709e-06 1.72664760e-05 4.88484278e-05 3.86154366e-05 1.93536398e-05 4.96922594e-05 3.73887917e-05 1.39805255e-05 5.40487806e-05 6.67909502e-05 9.34269556e-06 4.55987083e-05 1.28506124e-04 2.69511249e-05 2.75696685e-04 3.88462034e-04 1.55384814e-05 2.06523366e-04 4.85789671e-05 3.40681174e-05 3.95432101e-04 5.76762417e-04 9.91199249e-05 3.24996013e-04 8.57943432e-05 2.88684310e-05 6.40674270e-05 3.32885125e-05 9.31256224e-07 6.28818384e-09 1.00000000e-10
 2003 11 18 12 00 00  3.71927687e-03 2.25705011e-03 1.24625933e-03 8.94300774e-04 6.48843157e-04 3.61958838e-04 2.60669133e-04 2.20884054e-04 4.56037689e-04 1.30810911e-04 3.21243645e-03 4.83599193e-03 2.29961915e-04 6.66846381e-05 4.34511235e-05 1.31054937e-04 3.91818321e-05 6.75270800e-05 1.25847888e-04 7.29613472e-05 1.51123285e-04 1.85725705e-04 1.05861612e-04 7.40269427e-05 5.27071497e-06 9.29726957e-06 6.03551198e-06 2.58355487e-05 4.86564531e-06 1.74907599e-05 5.01110312e-05 3.89886060e-05 2.00940151e-05 5.11668463e-05 3.89969005e-05 1.41071563e-05 5.65128982e-05 7.01636915e-05 9.65457293e-06 4.78222341e-05 1.35751615e-04 2.79791158e-05 2.90438960e-04 4.03245615e-04 1.61298246e-05 2.21304314e-04 5.35812695e-05 3.60642181e-05 4.18947197e-04 6.01944711e-04 1.03904023e-04 3.51180358e-04 1.01556485e-04 3.45984468e-05 7.72940779e-05 4.21812048e-05 1.33714157e-06 2.72031237e-08 1.41851144e-09
 2003 11 19 12 00 00  3.74427018e-03 2.27583546e-03 1.25794962e-03 9.02664728e-04 6.56076056e-04 3.64881353e-04 2.63707749e-04 2.24286379e-04 4.64950532e-04 1.33677838e-04 3.28379628e-03 4.96346951e-03 2.33928052e-04 6.79270010e-05 4.40887138e-05 1.33816104e-04 3.98925011e-05 6.93854119e-05 1.28553990e-04 7.45401951e-05 1.55038392e-04 1.90715857e-04 1.08019727e-04 7.51987459e-05 5.32183185e-06 9.50839094e-06 6.05653586e-06 2.61249409e-05 4.90146303e-06 1.76955213e-05 5.11962773e-05 3.92842921e-05 2.06791170e-05 5.23843599e-05 4.10901179e-05 1.42083707e-05 5.86383947e-05 7.29867580e-05 9.83025529e-06 4.97565174e-05 1.41897882e-04 2.93205725e-05 3.02218517e-04 4.22493143e-04 1.68997257e-05 2.35219455e-04 5.75558399e-05 3.86682892e-05 4.40431726e-04 6.24876473e-04 1.09017634e-04 3.69421513e-04 1.10367402e-04 3.78016461e-05 8.46888464e-05 4.71622762e-05 1.56516077e-06 3.93241606e-08 2.52338399e-09
 2003 11 20 12 00 00  3.77996164e-03 2.30014837e-03 1.27327021e-03 9.14086677e-04 6.66209690e-04 3.69270457e-04 2.68115261e-04 2.29160732e-04 4.77695924e-04 1.37255879e-04 3.38601667e-03 5.15469462e-03 2.39184882e-04 6.92798888e-05 4.48873892e-05 1.37670972e-04 4.09779139e-05 7.21967139e-05 1.31610998e-04 7.60493916e-05 1.60933328e-04 1.98231935e-04 1.11189458e-04 7.67673868e-05 5.39972862e-06 9.77179006e-06 6.08817099e-06 2.65278173e-05 4.93569751e-06 1.79685639e-05 5.27200660e-05 3.97346128e-05 2.15739055e-05 5.40537036e-05 4.30907938e-05 1.43604033e-05 6.15993571e-05 7.70488788e-05 1.00494348e-05 5.22096211e-05 1.50639688e-04 3.06028262e-05 3.19047809e-04 4.40889764e-04 1.76355905e-05 2.53084200e-04 6.35826320e-05 4.11574059e-05 4.69014610e-04 6.54915396e-04 1.14896549e-04 3.95122437e-04 1.21406496e-04 4.18147823e-05 9.39528560e-05 5.33959997e-05 1.85006022e-06 5.44341674e-08 3.89983903e-09
 2003 11 21 12 00 00  3.80080095e-03 2.31581172e-03 1.28301744e-03 9.21064902e-04 6.72246869e-04 3.71708449e-04 2.70649787e-04 2.31998753e-04 4.85128436e-04 1.39646820e-04 3.44552640e-03 5.26092686e-03 2.42492342e-04 7.03165167e-05 4.54191095e-05 1.39975874e-04 4.15728835e-05 7.37486873e-05 1.33869186e-04 7.73668697e-05 1.64197943e-04 2.02394747e-04 1.12989800e-04 7.77060559e-05 5.44249924e-06 9.89263790e-06 6.10570496e-06 2.67662936e-05 4.96557768e-06 1.81398091e-05 5.36258776e-05 3.99819750e-05 2.20639165e-05 5.50366301e-05 4.48370352e-05 1.44447768e-05 6.33684171e-05 7.94033181e-05 1.01500009e-05 5.37516475e-05 1.55768385e-04 3.17221420e-05 3.28601656e-04 4.56947063e-04 1.82778825e-05 2.64668872e-04 6.69039611e-05 4.33301961e-05 4.86965540e-04 6.73902027e-04 1.19166729e-04 4.08641321e-04 1.26429666e-04 4.36409984e-05 9.81690269e-05 5.62388163e-05 1.98039904e-06 6.13779179e-08 4.53316709e-09
 2003 11 22 12 00 00  3.80948348e-03 2.32284289e-03 1.28735500e-03 9.24071844e-04 6.74793438e-04 3.72679166e-04 2.71690862e-04 2.33176606e-04 4.88220561e-04 1.40746172e-04 3.47024406e-03 5.30341640e-03 2.43951720e-04 7.08325520e-05 4.56631210e-05 1.40950582e-04 4.18032985e-05 7.43602053e-05 1.34970688e-04 7.80649425e-05 1.65494201e-04 2.04047858e-04 1.13720974e-04 7.81030998e-05 5.45913026e-06 9.93221547e-06 6.11267824e-06 2.68654916e-05 4.98140726e-06 1.82143701e-05 5.40042479e-05 4.00782708e-05 2.22532399e-05 5.54472352e-05 4.57621820e-05 1.44784470e-05 6.41149193e-05 8.03726201e-05 1.01829544e-05 5.44294065e-05 1.57898397e-04 3.23152053e-05 3.32469473e-04 4.65454158e-04 1.86181663e-05 2.69861972e-04 6.82071841e-05 4.44814272e-05 4.94818266e-04 6.82248662e-04 1.21224788e-04 4.13647787e-04 1.27945584e-04 4.41924389e-05 9.94436657e-05 5.71163253e-05 2.02192437e-06 6.36869629e-08 4.74619810e-09
 2003 11 23 12 00 00  3.82577403e-03 2.33452026e-03 1.29466553e-03 9.29421496e-04 6.79486580e-04 3.74635275e-04 2.73690095e-04 2.35402554e-04 4.94039913e-04 1.42500612e-04 3.51686106e-03 5.38840629e-03 2.46448268e-04 7.15536300e-05 4.60549596e-05 1.42739556e-04 4.22883983e-05 7.56129681e-05 1.36573238e-04 7.89350423e-05 1.68114836e-04 2.07392608e-04 1.15149573e-04 7.87574934e-05 5.49392134e-06 9.93850699e-06 6.12675358e-06 2.70459012e-05 5.00096066e-06 1.83449206e-05 5.47069186e-05 4.02793521e-05 2.26533040e-05 5.61540917e-05 4.69060207e-05 1.45460450e-05 6.54770011e-05 8.22221316e-05 1.01882099e-05 5.54631554e-05 1.61909460e-04 3.30529350e-05 3.39556696e-04 4.75977834e-04 1.90391134e-05 2.78451646e-04 7.08947598e-05 4.59125557e-05 5.08462594e-04 6.96316069e-04 1.24267096e-04 4.21625199e-04 1.28061433e-04 4.42349146e-05 9.95434570e-05 5.72039866e-05 2.02740164e-06 6.40879236e-08 4.78550604e-09
 2003 11 24 12 00 00  3.83592119e-03 2.34170998e-03 1.29917328e-03 9.32746573e-04 6.82418320e-04 3.75863235e-04 2.74939866e-04 2.36792535e-04 4.97668427e-04 1.43577458e-04 3.54593227e-03 5.44152819e-03 2.47991333e-04 7.19915522e-05 4.62958676e-05 1.43857041e-04 4.25977807e-05 7.64035445e-05 1.37553669e-04 7.94561056e-05 1.69759673e-04 2.09492938e-04 1.16044171e-04 7.91418035e-05 5.51605517e-06 9.91096895e-06 6.13558150e-06 2.71575864e-05 5.01259929e-06 1.84266791e-05 5.51475759e-05 4.04072023e-05 2.29088066e-05 5.65760793e-05 4.75872977e-05 1.45883620e-05 6.63249626e-05 8.33805457e-05 1.01653146e-05 5.60598299e-05 1.64422686e-04 3.34941549e-05 3.43844252e-04 4.82248098e-04 1.92899239e-05 2.83754652e-04 7.25952152e-05 4.67680948e-05 5.16972563e-04 7.04974528e-04 1.26131764e-04 4.25674033e-04 1.26775225e-04 4.37676459e-05 9.84663644e-05 5.64975446e-05 1.99642968e-06 6.25440094e-08 4.64734846e-09
 2003 11 25 12 00 00  3.83943720e-03 2.34342363e-03 1.30031033e-03 9.33737119e-04 6.83373654e-04 3.76355289e-04 2.75394001e-04 2.37279044e-04 4.98931266e-04 1.43790953e-04 3.55610265e-03 5.46277910e-03 2.48400186e-04 7.20132000e-05 4.63448209e-05 1.44216890e-04 4.27265826e-05 7.67259626e-05 1.37643841e-04 7.94063963e-05 1.70421417e-04 2.10341098e-04 1.16381236e-04 7.91854044e-05 5.52522688e-06 9.81084959e-06 6.13913944e-06 2.71878590e-05 5.01139657e-06 1.84489821e-05 5.52894647e-05 4.04601073e-05 2.30154648e-05 5.66527687e-05 4.75174631e-05 1.46053440e-05 6.65872382e-05 8.37871132e-05 1.00820318e-05 5.60664570e-05 1.65274452e-04 3.34512966e-05 3.44930457e-04 4.81608306e-04 1.92643322e-05 2.84917643e-04 7.32922810e-05 4.66845057e-05 5.19270288e-04 7.06885930e-04 1.26337866e-04 4.24400685e-04 1.22385655e-04 4.21723398e-05 9.47860088e-05 5.40478994e-05 1.88639954e-06 5.68530723e-08 4.13257233e-09
 2003 11 26 12 00 00  3.83570571e-03 2.34116896e-03 1.29886563e-03 9.32619809e-04 6.82361452e-04 3.75875439e-04 2.74929046e-04 2.36772617e-04 4.97602256e-04 1.43477996e-04 3.54541785e-03 5.44153489e-03 2.47899912e-04 7.19250641e-05 4.62751817e-05 1.43834091e-04 4.26128332e-05 7.64219905e-05 1.37434046e-04 7.93411455e-05 1.69775543e-04 2.09516871e-04 1.16042683e-04 7.90446685e-05 5.51700286e-06 9.79930701e-06 6.13566008e-06 2.71503235e-05 5.00978713e-06 1.84244169e-05 5.51408777e-05 4.04124701e-05 2.29220896e-05 5.64969848e-05 4.74241853e-05 1.45885249e-05 6.62956858e-05 8.33705990e-05 1.00724290e-05 5.58651049e-05 1.64395987e-04 3.33947857e-05 3.43271560e-04 4.80754668e-04 1.92301867e-05 2.83351485e-04 7.26455590e-05 4.65741294e-05 5.16654886e-04 7.04223830e-04 1.25915501e-04 4.22198550e-04 1.21881808e-04 4.19892192e-05 9.43635268e-05 5.37664039e-05 1.87373444e-06 5.61963930e-08 4.07313010e-09
 2003 11 27 12 00 00  3.84052513e-03 2.34275810e-03 1.30000936e-03 9.33822867e-04 6.83616374e-04 3.76615260e-04 2.75572790e-04 2.37445268e-04 4.99340184e-04 1.43615158e-04 3.55946030e-03 5.47341257e-03 2.48338228e-04 7.18293508e-05 4.63089886e-05 1.44302420e-04 4.28113679e-05 7.69121514e-05 1.37322198e-04 7.90505321e-05 1.70779948e-04 2.10797549e-04 1.16531456e-04 7.92195538e-05 5.53109567e-06 9.85380757e-06 6.14102319e-06 2.72022566e-05 5.00302485e-06 1.84493462e-05 5.53338201e-05 4.04936931e-05 2.30867823e-05 5.67052379e-05 4.70300060e-05 1.46140563e-05 6.66547585e-05 8.39486042e-05 1.01177713e-05 5.60496515e-05 1.65575132e-04 3.31464573e-05 3.45799936e-04 4.77135495e-04 1.90854198e-05 2.84482174e-04 7.37089722e-05 4.60911775e-05 5.19188989e-04 7.06682663e-04 1.25775070e-04 4.26888568e-04 1.24223189e-04 4.28402627e-05 9.63274186e-05 5.50799482e-05 1.93319709e-06 5.93072457e-08 4.35543654e-09
 2003 11 28 12 00 00  3.84029605e-03 2.34217827e-03 1.29968007e-03 9.33689241e-04 6.83558535e-04 3.76628709e-04 2.75561827e-04 2.37424834e-04 4.99271011e-04 1.43508827e-04 3.55891838e-03 5.47342077e-03 2.48240944e-04 7.17592801e-05 4.62871599e-05 1.44279016e-04 4.28278756e-05 7.69323844e-05 1.37198874e-04 7.89289712e-05 1.70798711e-04 2.10823790e-04 1.16530140e-04 7.91515280e-05 5.53213467e-06 9.78251992e-06 6.14110977e-06 2.71978235e-05 5.00000242e-06 1.84470374e-05 5.53281136e-05 4.04994702e-05 2.31013488e-05 5.66508299e-05 4.68550017e-05 1.46142353e-05 6.66289311e-05 8.39412269e-05 1.00584504e-05 5.59069297e-05 1.65553283e-04 3.30409966e-05 3.45433750e-04 4.75534739e-04 1.90213896e-05 2.84087073e-04 7.37641763e-05 4.58850613e-05 5.18859499e-04 7.06047258e-04 1.25547646e-04 4.24851772e-04 1.21251086e-04 4.17597512e-05 9.38329593e-05 5.33992846e-05 1.85623131e-06 5.52136797e-08 3.98223854e-09
 2003 11 29 12 00 00  3.82919520e-03 2.33571613e-03 1.29551644e-03 9.30386889e-04 6.80523529e-04 3.75173490e-04 2.74165688e-04 2.35908294e-04 4.95306659e-04 1.42624584e-04 3.52703509e-03 5.40968031e-03 2.46787889e-04 7.15300966e-05 4.60892843e-05 1.43131339e-04 4.24686616e-05 7.59984599e-05 1.36626173e-04 7.87961530e-05 1.68837979e-04 2.08322554e-04 1.15509222e-04 7.87165754e-05 5.50633231e-06 9.72165508e-06 6.13057782e-06 2.70805454e-05 4.99679772e-06 1.83727343e-05 5.48741052e-05 4.03502723e-05 2.28053716e-05 5.61695113e-05 4.66688536e-05 1.45635859e-05 6.57508460e-05 8.26779254e-05 1.00077996e-05 5.52913007e-05 1.62886849e-04 3.29265575e-05 3.40268101e-04 4.73829165e-04 1.89531666e-05 2.79490527e-04 7.17639108e-05 4.56619018e-05 5.11051219e-04 6.98069309e-04 1.24380829e-04 4.17294348e-04 1.18723960e-04 4.08409853e-05 9.17117864e-05 5.19686533e-05 1.79061119e-06 5.17156792e-08 3.66313948e-09
 2003 11 30 12 00 00  3.82007296e-03 2.32781234e-03 1.29067731e-03 9.27099295e-04 6.77777128e-04 3.74192748e-04 2.73081390e-04 2.34668095e-04 4.92055666e-04 1.41361039e-04 3.50108202e-03 5.36718741e-03 2.45168061e-04 7.08963878e-05 4.58090341e-05 1.42076540e-04 4.22304787e-05 7.53774366e-05 1.35285478e-04 7.79025897e-05 1.67528023e-04 2.06657121e-04 1.14755098e-04 7.81743410e-05 5.48921125e-06 9.53476629e-06 6.12356307e-06 2.69617111e-05 4.97663459e-06 1.82880975e-05 5.44562819e-05 4.02512582e-05 2.26091972e-05 5.56352614e-05 4.54898807e-05 1.45298342e-05 6.49254684e-05 8.16439367e-05 9.85229926e-06 5.43278132e-05 1.60588381e-04 3.21682455e-05 3.35449561e-04 4.62984854e-04 1.85193942e-05 2.73446330e-04 7.04347272e-05 4.41904180e-05 5.02198843e-04 6.88139697e-04 1.21892400e-04 4.07383575e-04 1.10799839e-04 3.79604840e-05 8.50634507e-05 4.75077208e-05 1.58764475e-06 4.10195483e-08 2.69049245e-09
 2003 12 01 12 00 00  3.79451446e-03 2.31082720e-03 1.27993864e-03 9.18977058e-04 6.70507877e-04 3.71006361e-04 2.69906957e-04 2.31165874e-04 4.82915922e-04 1.38882248e-04 3.42775825e-03 5.22907153e-03 2.41467527e-04 6.99898059e-05 4.52541653e-05 1.39312439e-04 4.14267706e-05 7.33227818e-05 1.33202529e-04 7.69351260e-05 1.63246237e-04 2.01197364e-04 1.12465021e-04 7.70680568e-05 5.43170609e-06 9.36095239e-06 6.10061252e-06 2.66706070e-05 4.95491222e-06 1.80925787e-05 5.33557423e-05 3.99190991e-05 2.19454887e-05 5.44490341e-05 4.42190532e-05 1.44198173e-05 6.28030499e-05 7.87096188e-05 9.70768742e-06 5.26241439e-05 1.54278649e-04 3.13481141e-05 3.23361820e-04 4.51292189e-04 1.80516876e-05 2.60878625e-04 6.60158345e-05 4.25995473e-05 4.81840441e-04 6.66862285e-04 1.17870054e-04 3.89011362e-04 1.03357838e-04 3.52554105e-05 7.88208647e-05 4.33289480e-05 1.39822926e-06 3.10913336e-08 1.78903949e-09
 2003 12 02 12 00 00  3.77126568e-03 2.29310723e-03 1.26892966e-03 9.11076948e-04 6.63660673e-04 3.68294091e-04 2.67072480e-04 2.27982625e-04 4.74604957e-04 1.36156361e-04 3.36125565e-03 5.11220247e-03 2.37727224e-04 6.87724938e-05 4.46458778e-05 1.36694685e-04 4.07411892e-05 7.15774717e-05 1.30538279e-04 7.53645087e-05 1.59617151e-04 1.96568823e-04 1.10454507e-04 7.60327429e-05 5.38269996e-06 9.27125875e-06 6.08116425e-06 2.63969402e-05 4.91979117e-06 1.78930997e-05 5.23169949e-05 3.96361051e-05 2.13790176e-05 5.33601578e-05 4.21634875e-05 1.43266676e-05 6.07966147e-05 7.60473468e-05 9.63307320e-06 5.09176754e-05 1.48445549e-04 3.00178712e-05 3.12798862e-04 4.32374744e-04 1.72949898e-05 2.47550743e-04 6.22583262e-05 4.00199380e-05 4.61115185e-04 6.45064360e-04 1.12856011e-04 3.74911804e-04 9.94484266e-05 3.38345539e-05 7.55426983e-05 4.11439425e-05 1.29986417e-06 2.59867832e-08 1.32686733e-09
 2003 12 03 12 00 00  3.74385197e-03 2.27513956e-03 1.25754750e-03 9.02389331e-04 6.55843034e-04 3.64849964e-04 2.63655022e-04 2.24216324e-04 4.64790008e-04 1.33545312e-04 3.28251758e-03 4.96345460e-03 2.33793292e-04 6.78317888e-05 4.40595245e-05 1.33722539e-04 3.98609438e-05 6.93467329e-05 1.28348696e-04 7.43862998e-05 1.54985871e-04 1.90665697e-04 1.07985419e-04 7.48003843e-05 5.31984551e-06 9.01658641e-06 6.05637179e-06 2.60771116e-05 4.89813137e-06 1.76826630e-05 5.11272990e-05 3.92732472e-05 2.06512705e-05 5.20450713e-05 4.08944383e-05 1.42080273e-05 5.85081168e-05 7.28771119e-05 9.42119077e-06 4.90189785e-05 1.41629782e-04 2.91911419e-05 2.99406289e-04 4.20688750e-04 1.68275500e-05 2.34125124e-04 5.74503094e-05 3.84178624e-05 4.39282811e-04 6.22080409e-04 1.08631816e-04 3.52812228e-04 8.85237248e-05 2.98636112e-05 6.63790628e-05 3.50126386e-05 1.02214696e-06 1.14455652e-08 6.95781210e-12
 2003 12 04 12 00 00  3.72682380e-03 2.26210196e-03 1.24945136e-03 8.96557491e-04 6.50775131e-04 3.62861928e-04 2.61573546e-04 2.21875383e-04 4.58691820e-04 1.31532375e-04 3.23374285e-03 4.87845168e-03 2.31038312e-04 6.69191924e-05 4.36089283e-05 1.31783647e-04 3.93462251e-05 6.80576661e-05 1.26339936e-04 7.32025364e-05 1.52324723e-04 1.87273854e-04 1.06509703e-04 7.39909411e-05 5.28318997e-06 8.89050425e-06 6.04214438e-06 2.58676314e-05 4.87194811e-06 1.75328045e-05 5.03510996e-05 3.90617963e-05 2.02250711e-05 5.12023773e-05 3.93602211e-05 1.41401048e-05 5.70153854e-05 7.09044014e-05 9.31630711e-06 4.76740982e-05 1.37294742e-04 2.81909190e-05 2.91290581e-04 4.06560094e-04 1.62624038e-05 2.24155647e-04 5.46636817e-05 3.64797510e-05 4.23802108e-04 6.05610944e-04 1.04866478e-04 3.40375306e-04 8.30189181e-05 2.78629373e-05 6.17632671e-05 3.19373050e-05 8.83791165e-07 5.26365085e-09 1.00000000e-10
 2003 12 05 12 00 00  3.69414366e-03 2.24159947e-03 1.23638406e-03 8.86388165e-04 6.41522074e-04 3.58676267e-04 2.57473921e-04 2.17378996e-04 4.46984515e-04 1.28607720e-04 3.13975462e-03 4.69782576e-03 2.26497005e-04 6.59515201e-05 4.29508465e-05 1.28270667e-04 3.82688973e-05 6.53385359e-05 1.24026583e-04 7.23085541e-05 1.46696583e-04 1.80092333e-04 1.03533342e-04 7.27100026e-05 5.20633403e-06 8.81166125e-06 6.01199499e-06 2.55032224e-05 4.85228484e-06 1.72885623e-05 4.89460665e-05 3.86182161e-05 1.93339118e-05 4.97865835e-05 3.82073282e-05 1.39959520e-05 5.43340463e-05 6.71215754e-05 9.25072745e-06 4.57986922e-05 1.29193993e-04 2.74364633e-05 2.76383625e-04 3.95939479e-04 1.58375792e-05 2.09006625e-04 4.87970887e-05 3.50184331e-05 3.98510355e-04 5.79825174e-04 1.00346620e-04 3.20764700e-04 7.95220396e-05 2.65921535e-05 5.88320366e-05 2.99916058e-05 7.96783002e-07 2.27362591e-09 1.00000000e-10
 2003 12 06 12 00 00  3.66967004e-03 2.22419573e-03 1.22547839e-03 8.78324420e-04 6.34400857e-04 3.55711937e-04 2.54454637e-04 2.14018296e-04 4.38225305e-04 1.25994051e-04 3.06957449e-03 4.57032658e-03 2.22761209e-04 6.48783151e-05 4.23659496e-05 1.25554579e-04 3.75082280e-05 6.34189229e-05 1.21619505e-04 7.10241846e-05 1.42722395e-04 1.75022730e-04 1.01371748e-04 7.16677227e-05 5.15206993e-06 8.73164245e-06 5.99071282e-06 2.52187630e-05 4.82370378e-06 1.70873774e-05 4.78612597e-05 3.83050297e-05 1.87046855e-05 4.86705063e-05 3.65336484e-05 1.38941934e-05 5.22542463e-05 6.42981929e-05 9.18416263e-06 4.41484478e-05 1.23056222e-04 2.63498019e-05 2.65215994e-04 3.80532135e-04 1.52212854e-05 1.95941676e-04 4.46553167e-05 3.29119095e-05 3.77676680e-04 5.58153799e-04 9.57658157e-05 3.05938950e-04 7.60249412e-05 2.53211709e-05 5.58997650e-05 2.80383973e-05 7.08943210e-07 1.00000000e-10 1.00000000e-10
 2003 12 07 12 00 00  3.64799348e-03 2.20981463e-03 1.21638423e-03 8.71411759e-04 6.28195165e-04 3.53000720e-04 2.51755467e-04 2.11039531e-04 4.30464865e-04 1.23893214e-04 3.00731806e-03 4.45345156e-03 2.19622292e-04 6.41057230e-05 4.18949047e-05 1.23193844e-04 3.68119596e-05 6.16605044e-05 1.19834458e-04 7.01999117e-05 1.39077904e-04 1.70377168e-04 9.94234466e-05 7.06936012e-05 5.10239115e-06 8.54060709e-06 5.97120852e-06 2.49644519e-05 4.80537528e-06 1.69186379e-05 4.69130498e-05 3.80182988e-05 1.81287818e-05 4.76319237e-05 3.54602875e-05 1.38009273e-05 5.04354110e-05 6.17873111e-05 9.02521788e-06 4.26408987e-05 1.17647375e-04 2.56525382e-05 2.54664600e-04 3.70650624e-04 1.48260250e-05 1.85160079e-04 4.08620515e-05 3.15603189e-05 3.60199668e-04 5.39767259e-04 9.23199694e-05 2.88822264e-04 6.78769680e-05 2.23594117e-05 4.90644486e-05 2.34585902e-05 5.01042155e-07 1.00000000e-10 1.00000000e-10
 2003 12 08 12 00 00  3.63865704e-03 2.20158086e-03 1.21135284e-03 8.67978875e-04 6.25317581e-04 3.52000469e-04 2.50641466e-04 2.09760233e-04 4.27127175e-04 1.22565764e-04 2.98068692e-03 4.41094972e-03 2.17935375e-04 6.34229328e-05 4.15996986e-05 1.22086564e-04 3.65538726e-05 6.10150804e-05 1.18383878e-04 6.92284433e-05 1.37746765e-04 1.68680106e-04 9.86497999e-05 7.02361478e-05 5.08401790e-06 8.50229189e-06 5.96409081e-06 2.48462319e-05 4.78367656e-06 1.68268246e-05 4.64704367e-05 3.79123201e-05 1.79150418e-05 4.71661357e-05 3.41901323e-05 1.37669587e-05 4.95830121e-05 6.07126912e-05 8.99333900e-06 4.18293144e-05 1.15236625e-04 2.48299475e-05 2.50423956e-04 3.58960511e-04 1.43584204e-05 1.78812751e-04 3.94663191e-05 2.99652747e-05 3.50715871e-04 5.29627309e-04 8.96285895e-05 2.83296990e-04 6.62445565e-05 2.17660305e-05 4.76949896e-05 2.25407797e-05 4.60845638e-07 1.00000000e-10 1.00000000e-10
 2003 12 09 12 00 00  3.62500000e-03 2.19271111e-03 1.20572806e-03 8.63668091e-04 6.21429386e-04 3.50276173e-04 2.48936646e-04 2.07883886e-04 4.22238964e-04 1.21282152e-04 2.94144809e-03 4.33657542e-03 2.15990056e-04 6.29711511e-05 4.13121964e-05 1.20608547e-04 3.61108425e-05 5.98961487e-05 1.17331865e-04 6.87701220e-05 1.35430124e-04 1.65723935e-04 9.74159182e-05 6.96961587e-05 5.05240750e-06 8.47595729e-06 5.95167985e-06 2.46931963e-05 4.77341309e-06 1.67223067e-05 4.58779548e-05 3.77298711e-05 1.75486013e-05 4.65731265e-05 3.35895340e-05 1.37076073e-05 4.84533162e-05 5.91346991e-05 8.97142672e-06 4.10237946e-05 1.11844960e-04 2.44416500e-05 2.44244630e-04 3.53433648e-04 1.41373459e-05 1.72245176e-04 3.70525871e-05 2.92122073e-05 3.39892722e-04 5.18562777e-04 8.75769867e-05 2.75441218e-04 6.51311071e-05 2.13612729e-05 4.67607533e-05 2.19134896e-05 4.34778417e-07 1.00000000e-10 1.00000000e-10
 2003 12 10 12 00 00  3.61383199e-03 2.18623387e-03 1.20155231e-03 8.60311781e-04 6.18321255e-04 3.48801534e-04 2.47523115e-04 2.06346796e-04 4.18238292e-04 1.20392670e-04 2.90928121e-03 4.27282527e-03 2.14525907e-04 6.27333745e-05 4.11118901e-05 1.19431718e-04 3.57307494e-05 5.89366304e-05 1.16725774e-04 6.86277112e-05 1.33443550e-04 1.63189491e-04 9.63812950e-05 6.92620573e-05 5.02529001e-06 8.42893933e-06 5.94103985e-06 2.45701322e-05 4.77026333e-06 1.66436762e-05 4.54044716e-05 3.75733594e-05 1.72341985e-05 4.60889900e-05 3.34049808e-05 1.36567309e-05 4.75528250e-05 5.78385273e-05 8.93230390e-06 4.04142711e-05 1.09093969e-04 2.43213173e-05 2.39020956e-04 3.51734097e-04 1.40693639e-05 1.67500700e-04 3.49824899e-05 2.89790449e-05 3.31752669e-04 5.10299023e-04 8.63505716e-05 2.68026292e-04 6.31483012e-05 2.06404759e-05 4.50969957e-05 2.07956581e-05 3.88284195e-07 1.00000000e-10 1.00000000e-10
 2003 12 11 12 00 00  3.61179874e-03 2.18485668e-03 1.20068449e-03 8.59639715e-04 6.17710876e-04 3.48544850e-04 2.47266829e-04 2.06062647e-04 4.17506088e-04 1.20187839e-04 2.90340325e-03 4.26219553e-03 2.14224787e-04 6.26528044e-05 4.10659447e-05 1.19198534e-04 3.56566394e-05 5.87635208e-05 1.16538228e-04 6.85373961e-05 1.33097747e-04 1.62749981e-04 9.61958959e-05 6.91408982e-05 5.02009316e-06 8.37587941e-06 5.93921104e-06 2.45407919e-05 4.76830246e-06 1.66255775e-05 4.53040809e-05 3.75435106e-05 1.71723004e-05 4.59655421e-05 3.32898344e-05 1.36481351e-05 4.73674737e-05 5.75882374e-05 8.88815775e-06 4.02186982e-05 1.08546928e-04 2.42453156e-05 2.37802544e-04 3.50672546e-04 1.40269018e-05 1.66369616e-04 3.46014858e-05 2.88319658e-05 3.29940715e-04 5.08287832e-04 8.59845748e-05 2.65209612e-04 6.08905277e-05 1.98197707e-05 4.32028638e-05 1.95258224e-05 3.35634445e-07 1.00000000e-10 1.00000000e-10
 2003 12 12 12 00 00  3.61751568e-03 2.18847561e-03 1.20298817e-03 8.61393051e-04 6.19285006e-04 3.49267023e-04 2.47976222e-04 2.06839733e-04 4.19543969e-04 1.20702144e-04 2.91976772e-03 4.29406241e-03 2.15019453e-04 6.28185223e-05 4.11806981e-05 1.19795025e-04 3.58289661e-05 5.92215627e-05 1.16923160e-04 6.86906744e-05 1.34068540e-04 1.63989040e-04 9.67097725e-05 6.93566521e-05 5.03253614e-06 8.38581618e-06 5.94443882e-06 2.45992736e-05 4.77188587e-06 1.66651436e-05 4.55352136e-05 3.76155600e-05 1.73138658e-05 4.62038355e-05 3.34986136e-05 1.36733783e-05 4.78207517e-05 5.82277550e-05 8.89643416e-06 4.05351368e-05 1.09905106e-04 2.43764240e-05 2.40306176e-04 3.52588921e-04 1.41035568e-05 1.68918044e-04 3.55772820e-05 2.90870346e-05 3.34137417e-04 5.12562143e-04 8.67393289e-05 2.68258804e-04 6.12498174e-05 1.99505245e-05 4.35053728e-05 1.97373141e-05 3.44927037e-07 1.00000000e-10 1.00000000e-10
 2003 12 13 12 00 00  3.61961791e-03 2.19018236e-03 1.20404095e-03 8.62093663e-04 6.19860657e-04 3.49495139e-04 2.48222100e-04 2.07116788e-04 4.20284121e-04 1.20965783e-04 2.92568711e-03 4.30467762e-03 2.15369252e-04 6.29366566e-05 4.12384932e-05 1.20014329e-04 3.58710298e-05 5.93553938e-05 1.17166138e-04 6.88503555e-05 1.34373126e-04 1.64377607e-04 9.68815792e-05 6.94481579e-05 5.03571609e-06 8.39702043e-06 5.94610137e-06 2.46188648e-05 4.77568065e-06 1.66802049e-05 4.56134778e-05 3.76341952e-05 1.73474851e-05 4.62975345e-05 3.37193313e-05 1.36816278e-05 4.79872311e-05 5.84432058e-05 8.90577357e-06 4.06929586e-05 1.10368562e-04 2.45135219e-05 2.41177437e-04 3.54612980e-04 1.41845192e-05 1.70069432e-04 3.58511170e-05 2.93540797e-05 3.35817279e-04 5.14364523e-04 8.71932161e-05 2.69291224e-04 6.15980287e-05 2.00774072e-05 4.37997037e-05 1.99522074e-05 3.54895815e-07 1.00000000e-10 1.00000000e-10
 2003 12 14 12 00 00  3.62178010e-03 2.19200799e-03 1.20516214e-03 8.62832671e-04 6.20463754e-04 3.49724550e-04 2.48473907e-04 2.07402425e-04 4.21046144e-04 1.21251843e-04 2.93177525e-03 4.31529358e-03 2.15741027e-04 6.30710790e-05 4.13012985e-05 1.20244612e-04 3.59140744e-05 5.94904181e-05 1.17442964e-04 6.90370565e-05 1.34680476e-04 1.64767738e-04 9.70564764e-05 6.95868317e-05 5.03895753e-06 8.46727780e-06 5.94776975e-06 2.46436508e-05 4.78006441e-06 1.66966323e-05 4.56980952e-05 3.76531738e-05 1.73819644e-05 4.64314035e-05 3.39746213e-05 1.36898860e-05 4.81684212e-05 5.86693279e-05 8.96425699e-06 4.09400226e-05 1.10858320e-04 2.46733747e-05 2.42376597e-04 3.56955727e-04 1.42782291e-05 1.71362184e-04 3.61282233e-05 2.96651706e-05 3.37633473e-04 5.16501290e-04 8.77064267e-05 2.72159700e-04 6.43989300e-05 2.10959921e-05 4.61527212e-05 2.15554642e-05 4.22923779e-07 1.00000000e-10 1.00000000e-10
 2003 12 15 12 00 00  3.64178413e-03 2.20590161e-03 1.21389500e-03 8.69287443e-04 6.26160612e-04 3.52160823e-04 2.50936417e-04 2.10132078e-04 4.28187320e-04 1.23311825e-04 2.98902759e-03 4.42152768e-03 2.18730403e-04 6.38739471e-05 4.17608447e-05 1.22413063e-04 3.65134096e-05 6.10477524e-05 1.19241704e-04 6.99619821e-05 1.37950597e-04 1.68937503e-04 9.88231013e-05 7.04640473e-05 5.08200283e-06 8.60334476e-06 5.96532591e-06 2.48690414e-05 4.80103954e-06 1.68514152e-05 4.65526488e-05 3.79020668e-05 1.78758317e-05 4.73636060e-05 3.52004485e-05 1.37743074e-05 4.98325135e-05 6.09398359e-05 9.07751455e-06 4.23243499e-05 1.15754432e-04 2.54591607e-05 2.51721571e-04 3.68227640e-04 1.47291056e-05 1.81566044e-04 3.94641684e-05 3.11905140e-05 3.53854735e-04 5.33547580e-04 9.11496821e-05 2.85928530e-04 6.98663134e-05 2.30841655e-05 5.07450401e-05 2.46782552e-05 5.63152577e-07 1.00000000e-10 1.00000000e-10
 2003 12 16 12 00 00  3.66600370e-03 2.22300100e-03 1.22462036e-03 8.77171291e-04 6.33095603e-04 3.55088659e-04 2.53912630e-04 2.13438538e-04 4.36835442e-04 1.25864452e-04 3.05833392e-03 4.54901084e-03 2.22396855e-04 6.48966547e-05 4.23305195e-05 1.25054689e-04 3.72357230e-05 6.29203627e-05 1.21522156e-04 7.11700704e-05 1.41877143e-04 1.73946168e-04 1.00953920e-04 7.14914990e-05 5.13385276e-06 8.70536169e-06 5.98641018e-06 2.51402788e-05 4.82832329e-06 1.70420195e-05 4.75920242e-05 3.82018246e-05 1.84712146e-05 4.84617716e-05 3.67956731e-05 1.38756499e-05 5.18532412e-05 6.36885250e-05 9.16245481e-06 4.39496445e-05 1.21697939e-04 2.64845905e-05 2.62718435e-04 3.82899978e-04 1.53159991e-05 1.94136814e-04 4.34777001e-05 3.31804564e-05 3.73808303e-04 5.54359434e-04 9.54964783e-05 3.00572196e-04 7.37920693e-05 2.45121775e-05 5.40456143e-05 2.69477360e-05 6.70354873e-07 1.00000000e-10 1.00000000e-10
 2003 12 17 12 00 00  3.68566454e-03 2.23618511e-03 1.23294587e-03 8.83408957e-04 6.38645815e-04 3.57521692e-04 2.56343886e-04 2.16121865e-04 4.43854729e-04 1.27791298e-04 3.11464376e-03 4.65524457e-03 2.25257296e-04 6.56043295e-05 4.27607172e-05 1.27164386e-04 3.78340948e-05 6.44765038e-05 1.23130870e-04 7.19358854e-05 1.45146974e-04 1.78114385e-04 1.02705257e-04 7.23684676e-05 5.17683693e-06 8.88496288e-06 6.00396088e-06 2.53619565e-05 4.84574848e-06 1.71896341e-05 4.84248059e-05 3.84503801e-05 1.89642247e-05 4.93940691e-05 3.78136843e-05 1.39600612e-05 5.34761132e-05 6.59228215e-05 9.31197792e-06 4.53161753e-05 1.26492830e-04 2.71356897e-05 2.72154834e-04 3.92259143e-04 1.56903657e-05 2.03791297e-04 4.68103914e-05 3.44446598e-05 3.89291777e-04 5.70692923e-04 9.85993904e-05 3.15423834e-04 8.08126431e-05 2.70656545e-05 5.99460906e-05 3.09884243e-05 8.60066160e-07 5.32403845e-09 1.00000000e-10
 2003 12 18 12 00 00  3.71731856e-03 2.25761310e-03 1.24645961e-03 8.93519163e-04 6.47634789e-04 3.61427969e-04 2.60258265e-04 2.20447982e-04 4.55161513e-04 1.30937898e-04 3.20533747e-03 4.82522547e-03 2.29898747e-04 6.67834049e-05 4.34633603e-05 1.30583444e-04 3.88047891e-05 6.69826462e-05 1.25803641e-04 7.32369372e-05 1.50390970e-04 1.84804706e-04 1.05522745e-04 7.36657892e-05 5.24644929e-06 8.99465304e-06 6.03211192e-06 2.57120979e-05 4.87522666e-06 1.74316823e-05 4.97754586e-05 3.88527231e-05 1.97647838e-05 5.07975889e-05 3.95366194e-05 1.40952674e-05 5.60897986e-05 6.95267328e-05 9.40332757e-06 4.73132966e-05 1.34248338e-04 2.82408088e-05 2.86485913e-04 4.08102955e-04 1.63241182e-05 2.19479365e-04 5.21872193e-05 3.65897373e-05 4.14597031e-04 5.96861705e-04 1.03749952e-04 3.34075042e-04 8.48816106e-05 2.85461607e-05 6.33699547e-05 3.33656102e-05 9.73965405e-07 1.09250191e-08 1.07868381e-11
 2003 12 19 12 00 00  3.74128931e-03 2.27420150e-03 1.25689072e-03 9.01243449e-04 6.54459784e-04 3.64353610e-04 2.63211215e-04 2.23719734e-04 4.63719002e-04 1.33394078e-04 3.27395616e-03 4.95270789e-03 2.33470941e-04 6.77346819e-05 4.40110711e-05 1.33181162e-04 3.95266165e-05 6.88546686e-05 1.27935627e-04 7.43262644e-05 1.54314418e-04 1.89812597e-04 1.07642575e-04 7.46053232e-05 5.29826866e-06 9.00672385e-06 6.05319292e-06 2.59726580e-05 4.89996855e-06 1.76170538e-05 5.07967279e-05 3.91523121e-05 2.03597388e-05 5.18214887e-05 4.09823842e-05 1.41966026e-05 5.80683308e-05 7.22430297e-05 9.41348335e-06 4.87646390e-05 1.40106856e-04 2.91665929e-05 2.96933021e-04 4.21396107e-04 1.68558443e-05 2.31570577e-04 5.61991183e-05 3.83870531e-05 4.34007997e-04 6.16764882e-04 1.07842816e-04 3.45557121e-04 8.46003288e-05 2.84458121e-05 6.31475923e-05 3.33252039e-05 9.79951267e-07 1.18307499e-08 1.08110987e-10
 2003 12 20 12 00 00  3.76293843e-03 2.28875404e-03 1.26607609e-03 9.08115457e-04 6.60568934e-04 3.67030661e-04 2.65886758e-04 2.26672668e-04 4.71444470e-04 1.35522069e-04 3.33595138e-03 5.06956540e-03 2.36624299e-04 6.85151149e-05 4.44849884e-05 1.35503661e-04 4.01855010e-05 7.05672603e-05 1.29700678e-04 7.51729764e-05 1.57909987e-04 1.94398728e-04 1.09570331e-04 7.55132008e-05 5.34559440e-06 9.12748874e-06 6.07250331e-06 2.62118328e-05 4.91940991e-06 1.77798701e-05 5.17143037e-05 3.94259579e-05 2.09026519e-05 5.27995115e-05 4.21170931e-05 1.42894642e-05 5.98491349e-05 7.46995250e-05 9.51415859e-06 5.01647028e-05 1.45380739e-04 2.98879109e-05 3.06938166e-04 4.31822577e-04 1.72729031e-05 2.42174802e-04 5.98673709e-05 3.97885073e-05 4.51076931e-04 6.34511488e-04 1.11265925e-04 3.58980323e-04 8.83778395e-05 2.98221938e-05 6.63400081e-05 3.56514965e-05 1.09904370e-06 1.91063720e-08 7.95051580e-10
 2003 12 21 12 00 00  3.78076229e-03 2.30096014e-03 1.27376134e-03 9.13801706e-04 6.65589599e-04 3.69211354e-04 2.68079553e-04 2.29097182e-04 4.77797673e-04 1.37317988e-04 3.38692311e-03 5.16517088e-03 2.39254017e-04 6.91901794e-05 4.48841230e-05 1.37412886e-04 4.07131563e-05 7.19544536e-05 1.31208492e-04 7.59294489e-05 1.60836922e-04 1.98132838e-04 1.11146447e-04 7.62469069e-05 5.38359527e-06 9.20363746e-06 6.08824266e-06 2.64050658e-05 4.93688822e-06 1.79137417e-05 5.24630157e-05 3.96458490e-05 2.13367661e-05 5.35902938e-05 4.31366119e-05 1.43653175e-05 6.13100330e-05 7.67057743e-05 9.57769371e-06 5.13038911e-05 1.49690402e-04 3.05332651e-05 3.14993566e-04 4.41187249e-04 1.76474900e-05 2.50997232e-04 6.28304319e-05 4.10429551e-05 4.65174705e-04 6.49134905e-04 1.14180780e-04 3.69038641e-04 9.03814891e-05 3.05534753e-05 6.80421246e-05 3.69616456e-05 1.17073951e-06 2.37964688e-08 1.24465434e-09
 2003 12 22 12 00 00  3.79851493e-03 2.31311457e-03 1.28141457e-03 9.19434687e-04 6.70546359e-04 3.71376605e-04 2.70257256e-04 2.31503484e-04 4.84116662e-04 1.39102534e-04 3.43762340e-03 5.26076928e-03 2.41868330e-04 6.98542424e-05 4.52800154e-05 1.39296558e-04 4.12243069e-05 7.33214198e-05 1.32683372e-04 7.66710262e-05 1.63743280e-04 2.01840717e-04 1.12710962e-04 7.69749831e-05 5.42055750e-06 9.28436857e-06 6.10389689e-06 2.65930098e-05 4.95420463e-06 1.80438437e-05 5.31944893e-05 3.98599659e-05 2.17563109e-05 5.43737413e-05 4.41456184e-05 1.44409903e-05 6.27500376e-05 7.86838225e-05 9.64504870e-06 5.24355733e-05 1.53927530e-04 3.11674201e-05 3.22963851e-04 4.50449611e-04 1.80179844e-05 2.59668216e-04 6.57383003e-05 4.22765908e-05 4.78975119e-04 6.63471535e-04 1.17033097e-04 3.78991223e-04 9.25235319e-05 3.13352009e-05 6.98613216e-05 3.83580217e-05 1.24691019e-06 2.87640034e-08 1.72054051e-09
 2003 12 23 12 00 00  3.80089779e-03 2.31548494e-03 1.28284449e-03 9.20301583e-04 6.71207341e-04 3.71595993e-04 2.70520555e-04 2.31809166e-04 4.84944450e-04 1.39488114e-04 3.44424270e-03 5.27137928e-03 2.42330874e-04 7.00518664e-05 4.53625586e-05 1.39550429e-04 4.12547204e-05 7.34409667e-05 1.33066568e-04 7.69676699e-05 1.64035025e-04 2.02210767e-04 1.12888800e-04 7.71345079e-05 5.42300368e-06 9.36999859e-06 6.10549905e-06 2.66191923e-05 4.96142929e-06 1.80628824e-05 5.32866181e-05 3.98745178e-05 2.17796493e-05 5.45243532e-05 4.45648097e-05 1.44491103e-05 6.29528512e-05 7.89177840e-05 9.71649933e-06 5.27377612e-05 1.54441550e-04 3.14235600e-05 3.24267582e-04 4.54288495e-04 1.81715398e-05 2.61308837e-04 6.59731741e-05 4.27764142e-05 4.81127165e-04 6.66027378e-04 1.17755975e-04 3.81295418e-04 9.47303930e-05 3.21408275e-05 7.17373507e-05 3.98121259e-05 1.32711665e-06 3.40505359e-08 2.22812915e-09
 2003 12 24 12 00 00  3.81782864e-03 2.32584130e-03 1.28946691e-03 9.25420829e-04 6.75844421e-04 3.73769662e-04 2.72631959e-04 2.34112389e-04 4.90978359e-04 1.40936368e-04 3.49276307e-03 5.36698475e-03 2.44623195e-04 7.04754654e-05 4.56842184e-05 1.41306185e-04 4.17814095e-05 7.48269842e-05 1.34065462e-04 7.73043954e-05 1.66957860e-04 2.05943357e-04 1.14425927e-04 7.77201888e-05 5.46094416e-06 9.34660347e-06 6.12123404e-06 2.67892472e-05 4.96966386e-06 1.81782342e-05 5.39751331e-05 4.00940713e-05 2.22129078e-05 5.51891178e-05 4.50424326e-05 1.45249534e-05 6.42859745e-05 8.08210318e-05 9.69721586e-06 5.35587709e-05 1.58472614e-04 3.17145779e-05 3.31482171e-04 4.58661413e-04 1.83464565e-05 2.68565213e-04 6.89330045e-05 4.33444773e-05 4.93306615e-04 6.78159093e-04 1.19775458e-04 3.88035178e-04 9.24577602e-05 3.13177696e-05 6.98526317e-05 3.87231874e-05 1.29020602e-06 3.30585664e-08 2.16208562e-09
 2003 12 25 12 00 00  3.81701113e-03 2.32432547e-03 1.28859042e-03 9.24884249e-04 6.75428145e-04 3.73736682e-04 2.72541109e-04 2.33984423e-04 4.90667056e-04 1.40647656e-04 3.49037528e-03 5.36697134e-03 2.44333920e-04 7.02581019e-05 4.56175943e-05 1.41139895e-04 4.17513074e-05 7.47900922e-05 1.33600069e-04 7.69486767e-05 1.66919787e-04 2.05895504e-04 1.14375099e-04 7.76438619e-05 5.45904913e-06 9.35340140e-06 6.12107760e-06 2.67665887e-05 4.96228458e-06 1.81571124e-05 5.39017333e-05 4.00835357e-05 2.21863433e-05 5.51204248e-05 4.46069782e-05 1.45246275e-05 6.41580149e-05 8.06943379e-05 9.70303663e-06 5.33880321e-05 1.58132897e-04 3.14180506e-05 3.31071599e-04 4.54635503e-04 1.81854201e-05 2.67130356e-04 6.88323402e-05 4.27724910e-05 4.91280232e-04 6.75907180e-04 1.18961539e-04 3.86901792e-04 9.15960809e-05 3.10072941e-05 6.91494492e-05 3.84091114e-05 1.28726077e-06 3.37592454e-08 2.24749570e-09
 2003 12 26 12 00 00  3.80471287e-03 2.31563045e-03 1.28313633e-03 9.20797640e-04 6.71788634e-04 3.72234865e-04 2.71013135e-04 2.32281851e-04 4.86248563e-04 1.39338565e-04 3.45500558e-03 5.30321114e-03 2.42456072e-04 6.97103204e-05 4.53220260e-05 1.39750677e-04 4.13498579e-05 7.38043978e-05 1.32348497e-04 7.62938522e-05 1.64906424e-04 2.03327142e-04 1.13280701e-04 7.71199233e-05 5.43058813e-06 9.32794719e-06 6.11032665e-06 2.66183841e-05 4.94819105e-06 1.80521532e-05 5.33421549e-05 3.99195531e-05 2.18530957e-05 5.45569605e-05 4.37787094e-05 1.44735182e-05 6.30966624e-05 7.92494339e-05 9.68198583e-06 5.25627790e-05 1.54978078e-04 3.08679824e-05 3.25439516e-04 4.46995299e-04 1.78798120e-05 2.60455345e-04 6.66908338e-05 4.17086965e-05 4.80523553e-04 6.64752823e-04 1.16604056e-04 3.79046522e-04 8.96126770e-05 3.02884719e-05 6.75009162e-05 3.74269956e-05 1.25149537e-06 3.25473692e-08 2.15435101e-09
 2003 12 27 12 00 00  3.77952765e-03 2.29957649e-03 1.27292599e-03 9.12892474e-04 6.64616021e-04 3.69029357e-04 2.67857513e-04 2.28813367e-04 4.77220929e-04 1.37030220e-04 3.38257364e-03 5.16508520e-03 2.38911291e-04 6.89140027e-05 4.48015473e-05 1.37025811e-04 4.05223662e-05 7.17205869e-05 1.30455473e-04 7.55178975e-05 1.60596483e-04 1.97829581e-04 1.10994363e-04 7.60837184e-05 5.37158521e-06 9.21737301e-06 6.08725277e-06 2.63316961e-05 4.93132138e-06 1.78607667e-05 5.22527701e-05 3.95790645e-05 2.11683946e-05 5.34259864e-05 4.27884079e-05 1.43632424e-05 6.10131573e-05 7.63279429e-05 9.59008903e-06 5.10159655e-05 1.48707393e-04 3.02147731e-05 3.13698142e-04 4.37866010e-04 1.75146404e-05 2.48500423e-04 6.21923944e-05 4.04445280e-05 4.60720211e-04 6.44340133e-04 1.12943860e-04 3.61930364e-04 8.41816391e-05 2.83160112e-05 6.29570503e-05 3.44800107e-05 1.12473863e-06 2.64201930e-08 1.61119100e-09
 2003 12 28 12 00 00  3.74961589e-03 2.27921570e-03 1.26009335e-03 9.03241646e-04 6.56006209e-04 3.65333257e-04 2.64146089e-04 2.24704335e-04 4.66511997e-04 1.34024196e-04 3.29672338e-03 5.00571206e-03 2.34493992e-04 6.77562562e-05 4.41271342e-05 1.33747769e-04 3.95767478e-05 6.93274545e-05 1.27808887e-04 7.42197561e-05 1.55633964e-04 1.91500842e-04 1.08324349e-04 7.47968859e-05 5.30408361e-06 9.06050627e-06 6.06067661e-06 2.59860024e-05 4.90257153e-06 1.76238667e-05 5.09448273e-05 3.91894137e-05 2.03864620e-05 5.20455086e-05 4.11040237e-05 1.42361023e-05 5.85006848e-05 7.28754284e-05 9.45965076e-06 4.90160888e-05 1.41246674e-04 2.91176053e-05 2.99729860e-04 4.22355638e-04 1.68942255e-05 2.33280522e-04 5.70326112e-05 3.83183651e-05 4.36156464e-04 6.18730960e-04 1.07881101e-04 3.41447726e-04 7.69520992e-05 2.56893816e-05 5.69014142e-05 3.04961071e-05 9.49182333e-07 1.75990266e-08 8.19954415e-10
 2003 12 29 12 00 00  3.72213433e-03 2.26109249e-03 1.24862219e-03 8.94512243e-04 6.48164716e-04 3.61890866e-04 2.60723799e-04 2.20930188e-04 4.56674232e-04 1.31384192e-04 3.21781087e-03 4.85696606e-03 2.30532685e-04 6.67951830e-05 4.35344788e-05 1.30766065e-04 3.86989297e-05 6.70997018e-05 1.25581500e-04 7.32069777e-05 1.51010013e-04 1.85601585e-04 1.05853590e-04 7.36786339e-05 5.24138122e-06 8.97811769e-06 6.03589688e-06 2.56767241e-05 4.88011865e-06 1.74123744e-05 4.97577278e-05 3.88273998e-05 1.96608584e-05 5.08283151e-05 3.97886644e-05 1.41174896e-05 5.62229073e-05 6.97093721e-05 9.39120073e-06 4.73224931e-05 1.34433680e-04 2.82614230e-05 2.87204507e-04 4.10244146e-04 1.64097659e-05 2.19858252e-04 5.22327260e-05 3.66590772e-05 4.14200706e-04 5.96115167e-04 1.03587854e-04 3.24336079e-04 7.27459019e-05 2.41620929e-05 5.33846751e-05 2.82342212e-05 8.53302839e-07 1.30768841e-08 4.22185131e-10
 2003 12 30 12 00 00  3.69707083e-03 2.24520371e-03 1.23851030e-03 8.86694955e-04 6.41078949e-04 3.58698593e-04 2.57587585e-04 2.17487403e-04 4.47701511e-04 1.29109306e-04 3.14578580e-03 4.71884608e-03 2.27025560e-04 6.60297590e-05 4.30232970e-05 1.28075655e-04 3.78850265e-05 6.50325499e-05 1.23768473e-04 7.24785903e-05 1.46717379e-04 1.80125636e-04 1.03579556e-04 7.26613660e-05 5.18323432e-06 8.87228307e-06 6.01289321e-06 2.53963371e-05 4.86396675e-06 1.72255054e-05 4.86847415e-05 3.84916697e-05 1.89881554e-05 4.97154943e-05 3.88425018e-05 1.40073622e-05 5.41653487e-05 6.68189240e-05 9.30316746e-06 4.58116067e-05 1.28244323e-04 2.76456412e-05 2.75596180e-04 4.01532206e-04 1.60612882e-05 2.08142457e-04 4.77797497e-05 3.54656659e-05 3.94794035e-04 5.76153977e-04 1.00054872e-04 3.07968453e-04 6.80744841e-05 2.24644232e-05 4.94685232e-05 2.56317795e-05 7.36710570e-07 7.06952950e-09 1.00000000e-10
 2003 12 31 12 00 00  3.67163129e-03 2.22572116e-03 1.22641327e-03 8.78027202e-04 6.33573552e-04 3.55737780e-04 2.54487685e-04 2.14003653e-04 4.38606894e-04 1.26107036e-04 3.07301914e-03 4.59135100e-03 2.22917195e-04 6.46811747e-05 4.23533670e-05 1.25205627e-04 3.71355301e-05 6.31266215e-05 1.20820709e-04 7.07310159e-05 1.42758583e-04 1.75073776e-04 1.01382118e-04 7.15873342e-05 5.12967345e-06 8.86023481e-06 5.99166888e-06 2.51015875e-05 4.82490286e-06 1.70060894e-05 4.75479252e-05 3.81823978e-05 1.83687822e-05 4.85739409e-05 3.65560438e-05 1.39057243e-05 5.19742701e-05 6.39086917e-05 9.29313683e-06 4.40479212e-05 1.21861157e-04 2.61656358e-05 2.64472503e-04 3.80489420e-04 1.52195768e-05 1.93527464e-04 4.36753151e-05 3.25957080e-05 3.72006813e-04 5.52447540e-04 9.45093244e-05 2.95364538e-04 6.76035694e-05 2.22931450e-05 4.90727397e-05 2.53607380e-05 7.23984664e-07 6.36917079e-09 1.00000000e-10
 2004 01 01 12 00 00  3.66458651e-03 2.22221892e-03 1.22409832e-03 8.76044415e-04 6.31677338e-04 3.54760223e-04 2.53582964e-04 2.13034236e-04 4.36083499e-04 1.25667441e-04 3.05268413e-03 4.54885215e-03 2.22090334e-04 6.46331257e-05 4.22538613e-05 1.24491489e-04 3.68852081e-05 6.24907145e-05 1.20641008e-04 7.08201551e-05 1.41442046e-04 1.73389038e-04 1.00711220e-04 7.14396757e-05 5.11178878e-06 8.97762075e-06 5.98459119e-06 2.50373856e-05 4.82687065e-06 1.69623186e-05 4.72649429e-05 3.80791345e-05 1.81618932e-05 4.83715067e-05 3.66713764e-05 1.38718402e-05 5.14442257e-05 6.30993053e-05 9.39079036e-06 4.39210381e-05 1.20169803e-04 2.62409216e-05 2.61910062e-04 3.81551620e-04 1.52620648e-05 1.91141154e-04 4.23055375e-05 3.27415648e-05 3.67460051e-04 5.48398381e-04 9.40892092e-05 2.95270236e-04 7.26982045e-05 2.41448176e-05 5.33451160e-05 2.82113253e-05 8.52523530e-07 1.30556096e-08 4.20752366e-10
