#START
 1992 01 01 12 00 00  4.00544754e-03 2.43618687e-03 1.36048248e-03 9.94657086e-04 7.46396796e-04 4.01149370e-04 2.99003708e-04 2.63545684e-04 5.62121283e-04 1.57747927e-04 4.06120372e-03 6.28374815e-03 2.71474041e-04 7.83709715e-05 4.98686837e-05 1.68543147e-04 5.39010391e-05 9.67578206e-05 1.57011068e-04 8.53206031e-05 2.03823649e-04 2.52874287e-04 1.33895026e-04 8.80457565e-05 6.26957917e-06 1.04914703e-05 6.30834766e-06 3.08418924e-05 5.06038486e-06 2.08143995e-05 6.75240054e-05 4.46725957e-05 3.26068286e-05 6.66334637e-05 5.08976984e-05 1.53266868e-05 8.56821337e-05 1.10836111e-04 1.06395200e-05 6.86299572e-05 2.27261789e-04 3.77717894e-05 4.51774701e-04 5.15387913e-04 2.06155165e-05 3.97527409e-04 1.20914786e-04 5.46233088e-05 7.29144324e-04 9.20138160e-04 1.62587475e-04 6.46987026e-04 2.13104819e-04 7.50015348e-05 1.69835868e-04 9.59193085e-05 3.18120394e-06 7.90458472e-08 4.98362951e-09
 1992 01 02 12 00 00  4.03002134e-03 2.45094439e-03 1.36994928e-03 1.00217803e-03 7.53319162e-04 4.04354207e-04 3.02106524e-04 2.66934435e-04 5.70934535e-04 1.59813530e-04 4.13198235e-03 6.42187595e-03 2.74785143e-04 7.89943999e-05 5.03358119e-05 1.71167772e-04 5.47324191e-05 9.88463755e-05 1.58562088e-04 8.58064974e-05 2.08139987e-04 2.58378011e-04 1.36157022e-04 8.90792940e-05 6.32882584e-06 1.06736923e-05 6.33144155e-06 3.11230453e-05 5.07073673e-06 2.09937927e-05 6.85789484e-05 4.50144405e-05 3.32949567e-05 6.77632261e-05 5.15067484e-05 1.54370035e-05 8.76957814e-05 1.13699888e-04 1.07910790e-05 7.01385295e-05 2.33369279e-04 3.81790800e-05 4.63675985e-04 5.21009564e-04 2.08403826e-05 4.08512052e-04 1.25426194e-04 5.54104103e-05 7.47681759e-04 9.39311081e-04 1.65637686e-04 6.66053094e-04 2.21239841e-04 7.79577233e-05 1.76654119e-04 1.00438172e-04 3.38277291e-06 8.93640447e-08 5.91419642e-09
 1992 01 03 12 00 00  4.07165890e-03 2.47611954e-03 1.38608129e-03 1.01492623e-03 7.65017591e-04 4.09764975e-04 3.07352965e-04 2.72665975e-04 5.85854657e-04 1.63344132e-04 4.25182279e-03 6.65562525e-03 2.80416640e-04 8.00668070e-05 5.11319433e-05 1.75603247e-04 5.61249442e-05 1.02363201e-04 1.61201791e-04 8.66622780e-05 2.15426483e-04 2.67669083e-04 1.39979738e-04 9.08300435e-05 6.42818341e-06 1.09830777e-05 6.37044868e-06 3.15958790e-05 5.08937883e-06 2.12962790e-05 7.03588707e-05 4.55878995e-05 3.44467553e-05 6.96737085e-05 5.26009069e-05 1.56235372e-05 9.11003560e-05 1.18533244e-04 1.10484420e-05 7.27023871e-05 2.43673155e-04 3.88998073e-05 4.83771253e-04 5.31094982e-04 2.12437993e-05 4.27154902e-04 1.33012689e-04 5.68054442e-05 7.79014567e-04 9.71744382e-04 1.70843289e-04 6.97986176e-04 2.34784491e-04 8.28803226e-05 1.88010727e-04 1.07999764e-04 3.72260574e-06 1.06955329e-07 7.50580114e-09
 1992 01 04 12 00 00  4.09941783e-03 2.49469229e-03 1.39781365e-03 1.02384193e-03 7.73021283e-04 4.13229074e-04 3.10811713e-04 2.76488790e-04 5.95802694e-04 1.66070707e-04 4.33159586e-03 6.80438131e-03 2.84467555e-04 8.10937445e-05 5.17447066e-05 1.78649838e-04 5.70246135e-05 1.04617735e-04 1.63574459e-04 8.77805578e-05 2.20074433e-04 2.73603064e-04 1.42473748e-04 9.18788427e-05 6.49226131e-06 1.09333509e-05 6.39534264e-06 3.19072391e-05 5.11395447e-06 2.15165198e-05 7.15766340e-05 4.59575589e-05 3.51916358e-05 7.08364006e-05 5.40419074e-05 1.57423885e-05 9.34163941e-05 1.21749903e-04 1.10070141e-05 7.42751067e-05 2.50624516e-04 3.98433738e-05 4.95837232e-04 5.44370358e-04 2.17748143e-05 4.40999975e-04 1.37885637e-04 5.86329377e-05 8.01753867e-04 9.94777873e-04 1.75401857e-04 7.11002536e-04 2.33048248e-04 8.22482889e-05 1.86547626e-04 1.06966989e-04 3.67194432e-06 1.04008507e-07 7.23081186e-09
 1992 01 05 12 00 00  4.11880211e-03 2.50697035e-03 1.40562863e-03 1.02993639e-03 7.78574345e-04 4.15710029e-04 3.13248350e-04 2.79166145e-04 6.02758197e-04 1.67834255e-04 4.38741591e-03 6.91064075e-03 2.87186368e-04 8.16985897e-05 5.21425896e-05 1.80760252e-04 5.76778431e-05 1.06241135e-04 1.65020616e-04 8.83615168e-05 2.23404983e-04 2.77858494e-04 1.44241566e-04 9.25209160e-05 6.53869793e-06 1.07990330e-05 6.41317820e-06 3.21178805e-05 5.12648840e-06 2.16662505e-05 7.24225007e-05 4.62253171e-05 3.57330631e-05 7.15781266e-05 5.47783158e-05 1.58273979e-05 9.50098710e-05 1.24007991e-04 1.08952147e-05 7.51749724e-05 2.55482446e-04 4.03316371e-05 5.03841527e-04 5.51162252e-04 2.20464901e-05 4.50103258e-04 1.41401798e-04 5.95773745e-05 8.17150699e-04 1.00993553e-03 1.78214441e-04 7.17264165e-04 2.27628521e-04 8.02775001e-05 1.81995741e-04 1.03874964e-04 3.52854449e-06 9.62465407e-08 6.51978596e-09
 1992 01 06 12 00 00  4.13534615e-03 2.51891889e-03 1.41310034e-03 1.03546639e-03 7.83462085e-04 4.17708321e-04 3.15293185e-04 2.81448290e-04 6.08689397e-04 1.69643519e-04 4.43492869e-03 6.99565038e-03 2.89746985e-04 8.24641954e-05 5.25478140e-05 1.82627193e-04 5.82076027e-05 1.07548642e-04 1.66735220e-04 8.92972166e-05 2.26076333e-04 2.81274229e-04 1.45704170e-04 9.30564650e-05 6.57630007e-06 1.05961284e-05 6.42748346e-06 3.23008078e-05 5.14715211e-06 2.18081829e-05 7.31710437e-05 4.64420358e-05 3.61725368e-05 7.21906310e-05 5.59893379e-05 1.58954819e-05 9.64162227e-05 1.25930326e-04 1.07263615e-05 7.59859891e-05 2.59688989e-04 4.11219953e-05 5.10179147e-04 5.62315735e-04 2.24926294e-05 4.59074327e-04 1.44238735e-04 6.11086609e-05 8.31719514e-04 1.02431224e-03 1.81479531e-04 7.19505820e-04 2.19221041e-04 7.72208266e-05 1.74938521e-04 9.91128300e-05 3.30994351e-06 8.45808259e-08 5.45527996e-09
 1992 01 07 12 00 00  4.15128670e-03 2.52964040e-03 1.41986812e-03 1.04061499e-03 7.88087539e-04 4.19696838e-04 3.17281518e-04 2.83648049e-04 6.14406635e-04 1.71222812e-04 4.48077081e-03 7.08065778e-03 2.92084781e-04 8.30676266e-05 5.29030060e-05 1.84388873e-04 5.87310642e-05 1.08848431e-04 1.68131134e-04 8.99620820e-05 2.28747513e-04 2.84679986e-04 1.47137541e-04 9.37594253e-05 6.61350568e-06 1.07018590e-05 6.44175743e-06 3.24913205e-05 5.16168438e-06 2.19369432e-05 7.38833511e-05 4.66565485e-05 3.66064516e-05 7.29442564e-05 5.68419520e-05 1.59634976e-05 9.77708061e-05 1.27795375e-04 1.08143111e-05 7.70750121e-05 2.63726131e-04 4.16823314e-05 5.17833035e-04 5.70173053e-04 2.28069221e-05 4.67225189e-04 1.47054601e-04 6.21935003e-05 8.44961732e-04 1.03814917e-03 1.84156898e-04 7.31235452e-04 2.23860853e-04 7.89070677e-05 1.78828619e-04 1.01701508e-04 3.42617718e-06 9.05895035e-08 5.99871584e-09
 1992 01 08 12 00 00  4.15534910e-03 2.53242647e-03 1.42162198e-03 1.04195558e-03 7.89295756e-04 4.20203170e-04 3.17790514e-04 2.84213239e-04 6.15868317e-04 1.71638365e-04 4.49248637e-03 7.10191429e-03 2.92691728e-04 8.32346925e-05 5.29967188e-05 1.84850053e-04 5.88715135e-05 1.09185127e-04 1.68518097e-04 9.01534397e-05 2.29426711e-04 2.85546635e-04 1.47504165e-04 9.39262671e-05 6.62340972e-06 1.07048254e-05 6.44537504e-06 3.25413028e-05 5.16579239e-06 2.19720540e-05 7.40732666e-05 4.67135338e-05 3.67233879e-05 7.31267085e-05 5.70834440e-05 1.59806063e-05 9.81241371e-05 1.28280801e-04 1.08167791e-05 7.73312601e-05 2.64786143e-04 4.18429961e-05 5.19703734e-04 5.72400974e-04 2.28960389e-05 4.69397259e-04 1.47790613e-04 6.25041546e-05 8.48520538e-04 1.04179419e-03 1.84897636e-04 7.33531833e-04 2.23991092e-04 7.89544043e-05 1.78937825e-04 1.01774173e-04 3.42943952e-06 9.07581182e-08 6.01396550e-09
 1992 01 09 12 00 00  4.13275677e-03 2.51601297e-03 1.41136472e-03 1.03447608e-03 7.82748139e-04 4.17504631e-04 3.15020548e-04 2.81123575e-04 6.07796197e-04 1.69158762e-04 4.42782742e-03 6.98504820e-03 2.89192596e-04 8.21961348e-05 5.24434395e-05 1.82352225e-04 5.81961242e-05 1.07452297e-04 1.66219454e-04 8.88794719e-05 2.25811174e-04 2.80934258e-04 1.45527205e-04 9.29644869e-05 6.57504570e-06 1.06368636e-05 6.42597952e-06 3.22837372e-05 5.13715131e-06 2.17874882e-05 7.30850907e-05 4.64341021e-05 3.61659069e-05 7.21019382e-05 5.54080703e-05 1.58875642e-05 9.62132934e-05 1.25703460e-04 1.07602420e-05 7.57901421e-05 2.59182428e-04 4.07627231e-05 5.09544526e-04 5.56987316e-04 2.22794927e-05 4.57206388e-04 1.44067151e-04 6.04084809e-05 8.29285098e-04 1.02173663e-03 1.80533973e-04 7.20368814e-04 2.21042685e-04 7.78827860e-05 1.76465252e-04 1.00124282e-04 3.35503107e-06 8.68865968e-08 5.66317055e-09
 1992 01 10 12 00 00  4.08114945e-03 2.48382637e-03 1.39083355e-03 1.01853482e-03 7.68264526e-04 4.10895369e-04 3.08558040e-04 2.74044514e-04 5.89331968e-04 1.64589060e-04 4.27955674e-03 6.69819191e-03 2.82064594e-04 8.07230506e-05 5.14174920e-05 1.76857569e-04 5.65252849e-05 1.03182986e-04 1.62703246e-04 8.75570055e-05 2.16916375e-04 2.69592254e-04 1.40833636e-04 9.07810237e-05 6.45551117e-06 1.02577964e-05 6.37830453e-06 3.17043913e-05 5.10754835e-06 2.14113511e-05 7.08947488e-05 4.57436719e-05 3.47860274e-05 6.97340876e-05 5.36756415e-05 1.56590526e-05 9.19959096e-05 1.19765430e-04 1.04448452e-05 7.25385595e-05 2.46508310e-04 3.96424002e-05 4.84884982e-04 5.41044775e-04 2.16417910e-05 4.33561618e-04 1.34884124e-04 5.82357810e-05 7.90112708e-04 9.81038946e-04 1.73638131e-04 6.81927797e-04 2.04918007e-04 7.20214190e-05 1.62937554e-04 9.10545519e-05 2.94288525e-06 6.52057494e-08 3.69261954e-09
 1992 01 11 12 00 00  4.03448866e-03 2.45076829e-03 1.37010838e-03 1.00325457e-03 7.54796312e-04 4.05248466e-04 3.02812750e-04 2.67655891e-04 5.72651831e-04 1.59639608e-04 4.14589231e-03 6.45383298e-03 2.74972549e-04 7.87164429e-05 5.03116170e-05 1.71723970e-04 5.51037898e-05 9.95483948e-05 1.58214687e-04 8.51715275e-05 2.09338745e-04 2.59933412e-04 1.36720069e-04 8.86391530e-05 6.35379838e-06 9.86448576e-06 6.33770178e-06 3.11575488e-05 5.05404460e-06 2.10359403e-05 6.88519357e-05 4.51561587e-05 3.36121680e-05 6.74789439e-05 5.05451520e-05 1.54644134e-05 8.80433083e-05 1.14414388e-04 1.01176040e-05 6.91101728e-05 2.34910153e-04 3.76206706e-05 4.62531083e-04 5.12239908e-04 2.04895963e-05 4.08853840e-04 1.27067592e-04 5.43143833e-05 7.51033183e-04 9.39643674e-04 1.65088721e-04 6.46549448e-04 1.88166758e-04 6.59323428e-05 1.48884560e-04 8.16354654e-05 2.51506831e-06 4.27159293e-08 1.64893308e-09
 1992 01 12 12 00 00  4.00144579e-03 2.42930545e-03 1.35649581e-03 9.92876010e-04 7.45464781e-04 4.01091171e-04 2.98699389e-04 2.63130388e-04 5.60837580e-04 1.56539017e-04 4.05107867e-03 6.27322271e-03 2.70271307e-04 7.76319600e-05 4.96171322e-05 1.68179271e-04 5.40604349e-05 9.68709239e-05 1.55694634e-04 8.40740860e-05 2.03746083e-04 2.52805887e-04 1.33745668e-04 8.71391930e-05 6.27908084e-06 9.51509719e-06 6.30772920e-06 3.07778034e-05 5.02934927e-06 2.07890949e-05 6.74400663e-05 4.47244762e-05 3.27509973e-05 6.58837423e-05 4.91007289e-05 1.53206274e-05 8.53105214e-05 1.10621621e-04 9.82690253e-06 6.68014561e-05 2.26784194e-04 3.66899010e-05 4.46281056e-04 4.98951860e-04 1.99580744e-05 3.92991123e-04 1.21314637e-04 5.25086129e-05 7.25282217e-04 9.12415807e-04 1.60199766e-04 6.18867011e-04 1.73289973e-04 6.05246234e-05 1.36404028e-04 7.32698034e-05 2.13505974e-06 2.27364680e-08 1.00000000e-10
 1992 01 13 12 00 00  3.98692132e-03 2.41845280e-03 1.34973618e-03 9.88029913e-04 7.41268488e-04 3.99389060e-04 2.96932190e-04 2.61152730e-04 5.55656057e-04 1.54885881e-04 4.00960661e-03 6.19886294e-03 2.67975800e-04 7.69180483e-05 4.92485928e-05 1.66577965e-04 5.36484760e-05 9.57900833e-05 1.54132667e-04 8.31715006e-05 2.01465845e-04 2.49899116e-04 1.32490460e-04 8.64688764e-05 6.24942550e-06 9.40364771e-06 6.29547940e-06 3.06112915e-05 5.00899041e-06 2.06710494e-05 6.68145597e-05 4.45529033e-05 3.24119756e-05 6.51846060e-05 4.79102251e-05 1.52616136e-05 8.40813660e-05 1.08984313e-04 9.73416973e-06 6.56987548e-05 2.23223191e-04 3.59239901e-05 4.39503659e-04 4.88001208e-04 1.95200483e-05 3.84977754e-04 1.19004818e-04 5.10224258e-05 7.12876038e-04 8.99211878e-04 1.57260424e-04 6.08577602e-04 1.68574607e-04 5.88105129e-05 1.32447672e-04 7.06137567e-05 2.01411365e-06 1.63552087e-08 1.00000000e-10
 1992 01 14 12 00 00  3.96319024e-03 2.40231052e-03 1.33955990e-03 9.80455732e-04 7.34555643e-04 3.96475488e-04 2.94004635e-04 2.57915283e-04 5.47182299e-04 1.52512686e-04 3.94167919e-03 6.07138537e-03 2.64484098e-04 7.60202328e-05 4.87174395e-05 1.64025631e-04 5.29382960e-05 9.39323450e-05 1.52098837e-04 8.21712194e-05 1.97555192e-04 2.44909739e-04 1.30386937e-04 8.54995771e-05 6.19834027e-06 9.32298135e-06 6.27445916e-06 3.03532885e-05 4.98646477e-06 2.04920174e-05 6.58194523e-05 4.42573917e-05 3.18273029e-05 6.41369508e-05 4.65928082e-05 1.51604050e-05 8.21363477e-05 1.06304223e-04 9.66702137e-06 6.42002139e-05 2.17462840e-04 3.50754883e-05 4.28858948e-04 4.75882060e-04 1.90352824e-05 3.73263336e-04 1.15031889e-04 4.93761676e-05 6.94047579e-04 8.79713726e-04 1.53377831e-04 5.94679209e-04 1.65362216e-04 5.76422794e-05 1.29748902e-04 6.87744114e-05 1.92837521e-06 1.29477058e-08 1.00000000e-10
 1992 01 15 12 00 00  3.94281970e-03 2.39033845e-03 1.33185352e-03 9.74388707e-04 7.29002772e-04 3.93823712e-04 2.91449790e-04 2.55136613e-04 5.39907172e-04 1.50867414e-04 3.88323436e-03 5.95453605e-03 2.61797711e-04 7.55750473e-05 4.83470390e-05 1.61926706e-04 5.22978604e-05 9.22423671e-05 1.50989525e-04 8.18848901e-05 1.93983796e-04 2.40352939e-04 1.28523737e-04 8.47206306e-05 6.15217577e-06 9.23376065e-06 6.25524408e-06 3.01436891e-05 4.97992514e-06 2.03576576e-05 6.50059097e-05 4.39902040e-05 3.13006720e-05 6.32706913e-05 4.62109194e-05 1.50677457e-05 8.05410386e-05 1.04009176e-04 9.59275640e-06 6.30953594e-05 2.12624116e-04 3.48318543e-05 4.19587991e-04 4.72371869e-04 1.88948748e-05 3.64854575e-04 1.11425330e-04 4.89029917e-05 6.79810602e-04 8.65210894e-04 1.51180048e-04 5.81817801e-04 1.61792368e-04 5.63440892e-05 1.26750134e-04 6.67330443e-05 1.83339332e-06 9.51065999e-09 1.00000000e-10
 1992 01 16 12 00 00  3.92786267e-03 2.38125000e-03 1.32603150e-03 9.69892670e-04 7.24932603e-04 3.91907884e-04 2.89586483e-04 2.53103904e-04 5.34572569e-04 1.49600455e-04 3.84040762e-03 5.86956218e-03 2.59779344e-04 7.52018868e-05 4.80623255e-05 1.60387580e-04 5.18472341e-05 9.10318515e-05 1.50089791e-04 8.15912616e-05 1.91402059e-04 2.37062975e-04 1.27170385e-04 8.40535113e-05 6.11955547e-06 9.04116678e-06 6.24134918e-06 2.99841970e-05 4.97318033e-06 2.02591028e-05 6.44137476e-05 4.38011833e-05 3.09310301e-05 6.25575257e-05 4.58172290e-05 1.50005202e-05 7.93601104e-05 1.02337144e-04 9.43247433e-06 6.20937162e-05 2.09097981e-04 3.45816748e-05 4.12218342e-04 4.68754532e-04 1.87501813e-05 3.58448241e-04 1.08853017e-04 4.84168879e-05 6.69281659e-04 8.54035029e-04 1.49427998e-04 5.68671323e-04 1.53858616e-04 5.34595290e-05 1.20089744e-04 6.22321491e-05 1.62631738e-06 2.12281464e-09 1.00000000e-10
 1992 01 17 12 00 00  3.92355003e-03 2.37760549e-03 1.32379157e-03 9.68419414e-04 7.23732131e-04 3.91453429e-04 2.89084878e-04 2.52533996e-04 5.33050011e-04 1.49028757e-04 3.82827337e-03 5.84833175e-03 2.59035472e-04 7.49285839e-05 4.79354195e-05 1.59929627e-04 5.17660053e-05 9.07677459e-05 1.49519588e-04 8.12108512e-05 1.90794273e-04 2.36290413e-04 1.26823570e-04 8.38016473e-05 6.11337891e-06 8.93445758e-06 6.23803789e-06 2.99380727e-05 4.96445355e-06 2.02270217e-05 6.42527525e-05 4.37649258e-05 3.08663526e-05 6.23112363e-05 4.53078275e-05 1.49840547e-05 7.90070230e-05 1.01893469e-04 9.34365453e-06 6.16441959e-05 2.08138286e-04 3.42576677e-05 4.10022694e-04 4.64073561e-04 1.85629425e-05 3.55912855e-04 1.08315039e-04 4.77874186e-05 6.65695691e-04 8.49905451e-04 1.48395041e-04 5.63956923e-04 1.49563145e-04 5.18975336e-05 1.16481903e-04 5.97799328e-05 1.51248555e-06 1.00000000e-10 1.00000000e-10
 1992 01 18 12 00 00  3.93183335e-03 2.38346326e-03 1.32746269e-03 9.71200406e-04 7.26225672e-04 3.92475476e-04 2.90120441e-04 2.53687802e-04 5.36029431e-04 1.49913118e-04 3.85216870e-03 5.89084849e-03 2.60301428e-04 7.52970984e-05 4.81334909e-05 1.60883177e-04 5.20561298e-05 9.14524484e-05 1.50357180e-04 8.16505461e-05 1.92162478e-04 2.38038420e-04 1.27568393e-04 8.40995901e-05 6.13376833e-06 8.86690032e-06 6.24532258e-06 3.00383578e-05 4.97407964e-06 2.03016418e-05 6.46503696e-05 4.38821269e-05 3.11083684e-05 6.26459551e-05 4.58724797e-05 1.50183725e-05 7.97342176e-05 1.02888984e-04 9.28740628e-06 6.20947785e-05 2.10325961e-04 3.46283574e-05 4.13494480e-04 4.69276655e-04 1.87710662e-05 3.60492201e-04 1.09817937e-04 4.85051685e-05 6.73211173e-04 8.57408790e-04 1.50014305e-04 5.66557740e-04 1.46952612e-04 5.09479702e-05 1.14287300e-04 5.82725549e-05 1.44139675e-06 1.00000000e-10 1.00000000e-10
 1992 01 19 12 00 00  3.94687195e-03 2.39503428e-03 1.33464185e-03 9.76397907e-04 7.30757787e-04 3.94236959e-04 2.91964960e-04 2.55764352e-04 5.41422270e-04 1.51706145e-04 3.89532278e-03 5.96523732e-03 2.62747017e-04 7.61170847e-05 4.85342914e-05 1.62619098e-04 5.25297539e-05 9.26088833e-05 1.52162813e-04 8.27186799e-05 1.94520379e-04 2.41043242e-04 1.28877620e-04 8.48296769e-05 6.16730540e-06 8.98479702e-06 6.25789253e-06 3.02305256e-05 4.99770249e-06 2.04387303e-05 6.53593079e-05 4.40752861e-05 3.15018056e-05 6.34042943e-05 4.72567132e-05 1.50780572e-05 8.10769930e-05 1.04659301e-04 9.38546582e-06 6.33087010e-05 2.14232332e-04 3.55308584e-05 4.20802344e-04 4.82024267e-04 1.92809707e-05 3.69501081e-04 1.12333987e-04 5.02539275e-05 6.87237410e-04 8.72340769e-04 1.53420583e-04 5.78059029e-04 1.52205391e-04 5.28567993e-05 1.18690008e-04 6.11918707e-05 1.57171609e-06 1.00000000e-10 1.00000000e-10
 1992 01 20 12 00 00  3.96455131e-03 2.40650752e-03 1.34191749e-03 9.82030894e-04 7.35869868e-04 3.96483143e-04 2.94183845e-04 2.58208759e-04 5.47765625e-04 1.53372387e-04 3.94624509e-03 6.06087670e-03 2.65271427e-04 7.67134833e-05 4.89084718e-05 1.64564643e-04 5.31307189e-05 9.40859376e-05 1.53565673e-04 8.33276135e-05 1.97540869e-04 2.44893875e-04 1.30485430e-04 8.56124523e-05 6.20992068e-06 9.11981697e-06 6.27401241e-06 3.04441836e-05 5.01106770e-06 2.05799284e-05 6.61567998e-05 4.43208351e-05 3.20006104e-05 6.42460603e-05 4.80405230e-05 1.51547065e-05 8.25788767e-05 1.06745582e-04 9.49778332e-06 6.45000852e-05 2.18736206e-04 3.60445207e-05 4.29462582e-04 4.89245688e-04 1.95698275e-05 3.78280053e-04 1.15542184e-04 5.12487022e-05 7.01680851e-04 8.87413838e-04 1.56158625e-04 5.91865772e-04 1.58114606e-04 5.50044222e-05 1.23644669e-04 6.44910848e-05 1.72000718e-06 4.99954638e-09 1.00000000e-10
 1992 01 21 12 00 00  3.97685001e-03 2.41517327e-03 1.34735294e-03 9.86114328e-04 7.39512189e-04 3.97991895e-04 2.95713648e-04 2.59911491e-04 5.52180811e-04 1.54674859e-04 3.98163409e-03 6.12463951e-03 2.67142025e-04 7.72497648e-05 4.92006069e-05 1.65955469e-04 5.35399420e-05 9.50811605e-05 1.54783932e-04 8.39637010e-05 1.99565787e-04 2.47474606e-04 1.31583823e-04 8.61883461e-05 6.23887099e-06 9.22198888e-06 6.28480338e-06 3.05990142e-05 5.02502116e-06 2.06857720e-05 6.67285199e-05 4.44875361e-05 3.23407177e-05 6.48544501e-05 4.88588470e-05 1.52058972e-05 8.36547612e-05 1.08203221e-04 9.58277524e-06 6.54169351e-05 2.21919157e-04 3.65810178e-05 4.35530050e-04 4.96785416e-04 1.98714166e-05 3.85017999e-04 1.17709686e-04 5.22876449e-05 7.12476007e-04 8.98808321e-04 1.58489739e-04 6.01652679e-04 1.62593786e-04 5.66323000e-05 1.27400179e-04 6.69908030e-05 1.83229068e-06 8.88157672e-09 1.00000000e-10
 1992 01 22 12 00 00  3.98124018e-03 2.41856276e-03 1.34945412e-03 9.87666367e-04 7.40883461e-04 3.98513623e-04 2.96258818e-04 2.60526608e-04 5.53763456e-04 1.55204316e-04 3.99430642e-03 6.14590198e-03 2.67861861e-04 7.74976278e-05 4.93191781e-05 1.66482111e-04 5.36949548e-05 9.54357034e-05 1.55335495e-04 8.42879643e-05 2.00263056e-04 2.48364409e-04 1.31972085e-04 8.63775586e-05 6.24969252e-06 9.21298706e-06 6.28849666e-06 3.06578701e-05 5.03208612e-06 2.07295581e-05 6.69520877e-05 4.45496175e-05 3.24705092e-05 6.50574889e-05 4.92735009e-05 1.52231645e-05 8.40608128e-05 1.08741524e-04 9.57527373e-06 6.57250740e-05 2.23120127e-04 3.68541252e-05 4.37534040e-04 5.00607465e-04 2.00242986e-05 3.87761509e-04 1.18494395e-04 5.28162753e-05 7.16848341e-04 9.03311368e-04 1.59540117e-04 6.03851109e-04 1.62289608e-04 5.65215407e-05 1.27143632e-04 6.68080334e-05 1.82321027e-06 8.52706137e-09 1.00000000e-10
 1992 01 23 12 00 00  3.97741115e-03 2.41604147e-03 1.34785759e-03 9.86492111e-04 7.39851268e-04 3.98043223e-04 2.95790715e-04 2.60012513e-04 5.52405052e-04 1.54842236e-04 3.98340497e-03 6.12466335e-03 2.67316710e-04 7.73752681e-05 4.92389077e-05 1.66091333e-04 5.35923755e-05 9.51454276e-05 1.55062826e-04 8.41633533e-05 1.99631402e-04 2.47557953e-04 1.31635100e-04 8.62372982e-05 6.24217209e-06 9.21115134e-06 6.28507551e-06 3.06220447e-05 5.02908115e-06 2.07045279e-05 6.68066356e-05 4.45058919e-05 3.23869870e-05 6.49036151e-05 4.90989769e-05 1.52064691e-05 8.37657860e-05 1.08328908e-04 9.57374505e-06 6.55148579e-05 2.22248275e-04 3.67467786e-05 4.35944396e-04 4.99008367e-04 1.99603347e-05 3.86061637e-04 1.17885030e-04 5.26069547e-05 7.14120215e-04 9.00525720e-04 1.59012184e-04 6.02091457e-04 1.62225138e-04 5.64980735e-05 1.27089316e-04 6.67697524e-05 1.82133635e-06 8.45509192e-09 1.00000000e-10
 1992 01 24 12 00 00  3.97442792e-03 2.41251968e-03 1.34576297e-03 9.85234427e-04 7.38897935e-04 3.97805543e-04 2.95464130e-04 2.59616273e-04 5.51352137e-04 1.54238127e-04 3.97506270e-03 6.11404479e-03 2.66637161e-04 7.70144547e-05 4.91062790e-05 1.65720682e-04 5.35464205e-05 9.50068235e-05 1.54336370e-04 8.35981453e-05 1.99323975e-04 2.47163156e-04 1.31423316e-04 8.61364225e-05 6.23874730e-06 9.29477610e-06 6.28339185e-06 3.05915651e-05 5.01620816e-06 2.06708972e-05 6.66705382e-05 4.44858917e-05 3.23499349e-05 6.48016747e-05 4.83469892e-05 1.51981774e-05 8.34907827e-05 1.08018204e-04 9.64332794e-06 6.52954563e-05 2.21519962e-04 3.62661289e-05 4.35211358e-04 4.92095311e-04 1.96838125e-05 3.83488092e-04 1.17598148e-04 5.16736472e-05 7.10538012e-04 8.96855286e-04 1.57688228e-04 6.03736910e-04 1.65744829e-04 5.77775809e-05 1.30042773e-04 6.87550513e-05 1.91192131e-06 1.16525683e-08 1.00000000e-10
 1992 01 25 12 00 00  3.98166477e-03 2.41914901e-03 1.34979931e-03 9.87963341e-04 7.41171443e-04 3.98561491e-04 2.96324278e-04 2.60611598e-04 5.53945024e-04 1.55320335e-04 3.99570780e-03 6.14592433e-03 2.67988869e-04 7.75935778e-05 4.93482171e-05 1.66597045e-04 5.37444721e-05 9.54964024e-05 1.55572592e-04 8.44367722e-05 2.00336827e-04 2.48443114e-04 1.32016014e-04 8.67439202e-05 6.25280954e-06 9.66488587e-06 6.28875350e-06 3.07081097e-05 5.03470183e-06 2.07453056e-05 6.70293347e-05 4.45669517e-05 3.25142057e-05 6.53762677e-05 4.94310108e-05 1.52237029e-05 8.41992634e-05 1.08872745e-04 9.95127848e-06 6.63998251e-05 2.23444871e-04 3.69742746e-05 4.40238055e-04 5.02079851e-04 2.00831940e-05 3.88878238e-04 1.18659995e-04 5.30455087e-05 7.18205747e-04 9.06139138e-04 1.59949836e-04 6.18680586e-04 1.81436060e-04 6.34815155e-05 1.43207730e-04 7.75887460e-05 2.31385679e-06 3.08228490e-08 5.34759437e-10
 1992 01 26 12 00 00  3.98894334e-03 2.42308593e-03 1.35236720e-03 9.90103112e-04 7.43191072e-04 3.99546910e-04 2.97255432e-04 2.61619081e-04 5.56561105e-04 1.55843705e-04 4.01672820e-03 6.18842654e-03 2.68900919e-04 7.77092647e-05 4.94683698e-05 1.67360187e-04 5.40015928e-05 9.61406447e-05 1.55907130e-04 8.44576047e-05 2.01668672e-04 2.50138655e-04 1.32700537e-04 8.70988285e-05 6.27112167e-06 9.80755649e-06 6.29586648e-06 3.07955728e-05 5.03482988e-06 2.07949912e-05 6.73373700e-05 4.46725957e-05 3.27270944e-05 6.57561923e-05 4.94405685e-05 1.52576598e-05 8.47913111e-05 1.09729649e-04 1.00699850e-05 6.69169611e-05 2.25253423e-04 3.69891204e-05 4.44242680e-04 5.02178669e-04 2.00871468e-05 3.91845237e-04 1.20052509e-04 5.30725229e-05 7.23334810e-04 9.11644319e-04 1.60617489e-04 6.27152360e-04 1.87495885e-04 6.56842989e-05 1.48291740e-04 8.09985895e-05 2.46889543e-06 3.89853710e-08 1.27681421e-09
 1992 01 27 12 00 00  4.00108691e-03 2.43156975e-03 1.35769730e-03 9.94082492e-04 7.46726384e-04 4.01030514e-04 2.98759540e-04 2.63290996e-04 5.60914446e-04 1.57111245e-04 4.05158730e-03 6.25217706e-03 2.70733517e-04 7.82239829e-05 4.97539156e-05 1.68707723e-04 5.43841103e-05 9.71031375e-05 1.57081327e-04 8.50611832e-05 2.03662274e-04 2.52676938e-04 1.33778485e-04 8.77176637e-05 6.29839124e-06 9.99658660e-06 6.30651848e-06 3.09465927e-05 5.04797754e-06 2.08941296e-05 6.78770552e-05 4.48299514e-05 3.30436334e-05 6.63985505e-05 5.02122391e-05 1.53085639e-05 8.58354056e-05 1.11141957e-04 1.02272796e-05 6.79163796e-05 2.28317105e-04 3.74974421e-05 4.50560954e-04 5.09291556e-04 2.03716622e-05 3.98326130e-04 1.22130697e-04 5.40564128e-05 7.33595088e-04 9.22752548e-04 1.62830536e-04 6.39163727e-04 1.95438521e-04 6.85717063e-05 1.54956846e-04 8.54807002e-05 2.67353912e-06 4.98237178e-08 2.26375771e-09
 1992 01 28 12 00 00  4.02387651e-03 2.44546584e-03 1.36659092e-03 1.00108561e-03 7.53140260e-04 4.03982052e-04 3.01628164e-04 2.66427738e-04 5.69080533e-04 1.59067887e-04 4.11716720e-03 6.37967587e-03 2.73835125e-04 7.88313264e-05 5.01950678e-05 1.71140234e-04 5.51433128e-05 9.90209519e-05 1.58567338e-04 8.55654071e-05 2.07639085e-04 2.57744217e-04 1.35866784e-04 8.87565382e-05 6.35256365e-06 1.02769809e-05 6.32779338e-06 3.12130860e-05 5.05896896e-06 2.10606865e-05 6.88557957e-05 4.51426225e-05 3.36715719e-05 6.75123704e-05 5.08572790e-05 1.54103051e-05 8.77139230e-05 1.13791849e-04 1.04606057e-05 6.94733270e-05 2.33969574e-04 3.79221514e-05 4.62119522e-04 5.15237066e-04 2.06094826e-05 4.08697976e-04 1.26267585e-04 5.48785087e-05 7.50850334e-04 9.40963841e-04 1.65749000e-04 6.59787929e-04 2.07149911e-04 7.28293438e-05 1.64785735e-04 9.21000730e-05 2.97646076e-06 6.59193660e-08 3.73075117e-09
 1992 01 29 12 00 00  4.05986151e-03 2.47009184e-03 1.38209899e-03 1.01271950e-03 7.63503592e-04 4.08418973e-04 3.06089038e-04 2.71368587e-04 5.81958753e-04 1.62710097e-04 4.22042929e-03 6.57092407e-03 2.79167995e-04 8.02402330e-05 5.10105339e-05 1.75086881e-04 5.62792236e-05 1.01894164e-04 1.61774256e-04 8.71572120e-05 2.13602503e-04 2.65340575e-04 1.39075290e-04 9.05003069e-05 6.43363965e-06 1.07399945e-05 6.35969118e-06 3.16474868e-05 5.09446400e-06 2.13468457e-05 7.04429531e-05 4.56106151e-05 3.46109213e-05 6.93383156e-05 5.29353740e-05 1.55628863e-05 9.07708419e-05 1.17959264e-04 1.08458778e-05 7.22430675e-05 2.42975830e-04 3.92695132e-05 4.80325533e-04 5.34364954e-04 2.13745981e-05 4.27293857e-04 1.32463244e-04 5.74907986e-05 7.80508796e-04 9.72725044e-04 1.71898216e-04 6.92386134e-04 2.26632036e-04 7.99116584e-05 1.81133801e-04 1.03089924e-04 3.47796122e-06 9.24594048e-08 6.14698052e-09
 1992 01 30 12 00 00  4.09268431e-03 2.49368238e-03 1.39686016e-03 1.02359009e-03 7.73079933e-04 4.12375894e-04 3.10132629e-04 2.75874973e-04 5.93703509e-04 1.66266679e-04 4.31453267e-03 6.74092546e-03 2.84217842e-04 8.17189469e-05 5.18051877e-05 1.78741167e-04 5.72970079e-05 1.04458013e-04 1.65074525e-04 8.89499555e-05 2.18909842e-04 2.72105718e-04 1.41967482e-04 9.20150327e-05 6.50621587e-06 1.09997898e-05 6.38808633e-06 3.20409837e-05 5.13450832e-06 2.16194063e-05 7.19110644e-05 4.60294425e-05 3.54530348e-05 7.09324211e-05 5.52793907e-05 1.56986047e-05 9.35880395e-05 1.21756236e-04 1.10620582e-05 7.46806923e-05 2.51240109e-04 4.07875254e-05 4.96086048e-04 5.55938504e-04 2.22375402e-05 4.45141156e-04 1.37997523e-04 6.04343135e-05 8.08709662e-04 1.00256060e-03 1.78182842e-04 7.16832031e-04 2.37522894e-04 8.38709020e-05 1.90273360e-04 1.09239511e-04 3.75898721e-06 1.07361851e-07 7.50447384e-09
 1992 01 31 12 00 00  4.11845645e-03 2.50815953e-03 1.40623862e-03 1.03124239e-03 7.80223110e-04 4.15821449e-04 3.13408489e-04 2.79426095e-04 6.02939093e-04 1.68223054e-04 4.38883604e-03 6.88967928e-03 2.87520291e-04 8.21878477e-05 5.22460584e-05 1.81443511e-04 5.81913337e-05 1.06706005e-04 1.66320186e-04 8.91375006e-05 2.23560795e-04 2.78031213e-04 1.44373082e-04 9.31834004e-05 6.56995689e-06 1.13605172e-05 6.41295192e-06 3.23411107e-05 5.13863924e-06 2.17979917e-05 7.30116501e-05 4.63972305e-05 3.61932034e-05 7.21944191e-05 5.55215229e-05 1.58173963e-05 9.56836079e-05 1.24771497e-04 1.13622191e-05 7.63694966e-05 2.57619762e-04 4.09458473e-05 5.09484929e-04 5.58168887e-04 2.23267555e-05 4.55912210e-04 1.42852624e-04 6.07409922e-05 8.27151830e-04 1.02197388e-03 1.80750083e-04 7.41978650e-04 2.52693088e-04 8.93857239e-05 2.03003271e-04 1.17798203e-04 4.14962651e-06 1.28040961e-07 9.38726927e-09
 1992 02 01 12 00 00  4.14005982e-03 2.52238770e-03 1.41524316e-03 1.03810472e-03 7.86392565e-04 4.18533828e-04 3.16100493e-04 2.82393307e-04 6.10669277e-04 1.70294058e-04 4.45088895e-03 7.00655505e-03 2.90628836e-04 8.29337689e-05 5.27089916e-05 1.83790081e-04 5.88895404e-05 1.08466810e-04 1.68038283e-04 8.99182574e-05 2.27196356e-04 2.82679847e-04 1.46319197e-04 9.38368108e-05 6.61975791e-06 1.11136891e-05 6.43246603e-06 3.25657697e-05 5.15622633e-06 2.19653556e-05 7.39460904e-05 4.66846395e-05 3.67708213e-05 7.29616080e-05 5.65500814e-05 1.59106843e-05 9.74490188e-05 1.27254181e-04 1.11568908e-05 7.72843265e-05 2.62970103e-04 4.16081748e-05 5.17792807e-04 5.67630587e-04 2.27052235e-05 4.66282858e-04 1.46652362e-04 6.20260544e-05 8.44468718e-04 1.03880371e-03 1.84106244e-04 7.45095330e-04 2.41915277e-04 8.54686266e-05 1.93966069e-04 1.11777212e-04 3.87876053e-06 1.13999019e-07 8.11626535e-09
 1992 02 02 12 00 00  4.15343170e-03 2.53080613e-03 1.42060528e-03 1.04222274e-03 7.90109807e-04 4.20234170e-04 3.17766805e-04 2.84218517e-04 6.15442811e-04 1.71490461e-04 4.48923363e-03 7.08091855e-03 2.92483181e-04 8.33185293e-05 5.29760555e-05 1.85199721e-04 5.93082979e-05 1.09555968e-04 1.68939578e-04 9.02697328e-05 2.29482984e-04 2.85597450e-04 1.47528241e-04 9.43619562e-05 6.64984036e-06 1.11628469e-05 6.44475076e-06 3.27087070e-05 5.16437467e-06 2.20606162e-05 7.45021529e-05 4.68585960e-05 3.71158414e-05 7.35389068e-05 5.70252305e-05 1.59697724e-05 9.85259350e-05 1.28771796e-04 1.11978661e-05 7.80576501e-05 2.66202358e-04 4.19082586e-05 5.23864448e-04 5.71994147e-04 2.28797659e-05 4.72334269e-04 1.48984930e-04 6.26095047e-05 8.54468970e-04 1.04904256e-03 1.85885087e-04 7.52951553e-04 2.43484193e-04 8.60401782e-05 1.95291250e-04 1.12737083e-04 3.92751751e-06 1.16952037e-07 8.39451886e-09
 1992 02 03 12 00 00  4.14532152e-03 2.52523795e-03 1.41710021e-03 1.03955274e-03 7.87708428e-04 4.19225981e-04 3.16752498e-04 2.83092328e-04 6.12526690e-04 1.70660413e-04 4.46586350e-03 7.03840852e-03 2.91271352e-04 8.29853010e-05 5.27888784e-05 1.84283416e-04 5.90322539e-05 1.08888547e-04 1.68167152e-04 8.98876577e-05 2.28124179e-04 2.83871840e-04 1.46798129e-04 9.38500194e-05 6.63033716e-06 1.09090208e-05 6.43754029e-06 3.25940145e-05 5.15615466e-06 2.19913596e-05 7.41197763e-05 4.67463309e-05 3.68862500e-05 7.30248399e-05 5.65421185e-05 1.59356088e-05 9.77986952e-05 1.27795842e-04 1.09867447e-05 7.72178884e-05 2.64078208e-04 4.15873306e-05 5.18893477e-04 5.67537679e-04 2.27015071e-05 4.67859615e-04 1.47529133e-04 6.19888713e-05 8.47423139e-04 1.04103527e-03 1.84413989e-04 7.40254520e-04 2.32195594e-04 8.19379115e-05 1.85829175e-04 1.06460372e-04 3.64712819e-06 1.02567549e-07 7.09640204e-09
 1992 02 04 12 00 00  4.11907714e-03 2.50981630e-03 1.40717635e-03 1.03159342e-03 7.80344983e-04 4.15773117e-04 3.13429897e-04 2.79472181e-04 6.03114642e-04 1.68524738e-04 4.39023253e-03 6.88965321e-03 2.87791749e-04 8.23802186e-05 5.23062115e-05 1.81493325e-04 5.81335567e-05 1.06635178e-04 1.66632642e-04 8.94751342e-05 2.23468540e-04 2.77939380e-04 1.44369870e-04 9.26680689e-05 6.56632037e-06 1.05904372e-05 6.41265215e-06 3.22865359e-05 5.14736494e-06 2.18022917e-05 7.29899646e-05 4.63770091e-05 3.61422222e-05 7.17499723e-05 5.60249900e-05 1.58167677e-05 9.56432557e-05 1.24725410e-04 1.07217216e-05 7.54804009e-05 2.57545501e-04 4.12415335e-05 5.05517063e-04 5.62764606e-04 2.25105842e-05 4.56311708e-04 1.42659422e-04 6.13205950e-05 8.27910347e-04 1.02052974e-03 1.81358938e-04 7.15927986e-04 2.18312989e-04 7.68923353e-05 1.74188123e-04 9.87007843e-05 3.29777401e-06 8.44357828e-08 5.45466818e-09
 1992 02 05 12 00 00  4.07845805e-03 2.48118995e-03 1.38921665e-03 1.01825674e-03 7.68536114e-04 4.10830738e-04 3.08410371e-04 2.73890439e-04 5.88571335e-04 1.64238773e-04 4.27370831e-03 6.67715147e-03 2.81631194e-04 8.06378195e-05 5.13457654e-05 1.76990680e-04 5.68625459e-05 1.03431859e-04 1.62704723e-04 8.74135061e-05 2.16841598e-04 2.69484888e-04 1.40772853e-04 9.09647488e-05 6.47567649e-06 1.04863451e-05 6.37716439e-06 3.18164644e-05 5.10167374e-06 2.14699362e-05 7.11929074e-05 4.58538998e-05 3.50906514e-05 6.99177291e-05 5.33482176e-05 1.56471375e-05 9.22002700e-05 1.20035229e-04 1.06351690e-05 7.28018778e-05 2.47357695e-04 3.94988107e-05 4.87102152e-04 5.38116975e-04 2.15246790e-05 4.34832927e-04 1.35745620e-04 5.79432526e-05 7.93508357e-04 9.84867684e-04 1.73885900e-04 6.91946675e-04 2.13488602e-04 7.51396037e-05 1.70147527e-04 9.60459665e-05 3.18103646e-06 7.85895963e-08 4.93079995e-09
 1992 02 06 12 00 00  4.04033300e-03 2.45776154e-03 1.37424010e-03 1.00649455e-03 7.57778898e-04 4.05905409e-04 3.03614305e-04 2.68641791e-04 5.74910168e-04 1.60927451e-04 4.16399787e-03 6.46464974e-03 2.76412689e-04 7.95913118e-05 5.05999271e-05 1.72909350e-04 5.55915292e-05 1.00228516e-04 1.60164036e-04 8.65163107e-05 2.10215195e-04 2.61030371e-04 1.37283288e-04 8.94648621e-05 6.38503261e-06 1.03677085e-05 6.34167664e-06 3.13909947e-05 5.08202829e-06 2.11887000e-05 6.95571713e-05 4.53307934e-05 3.40390805e-05 6.82580477e-05 5.21958456e-05 1.54775043e-05 8.90825558e-05 1.15613783e-04 1.05365187e-05 7.06271315e-05 2.37909306e-04 3.87423759e-05 4.69535309e-04 5.27498241e-04 2.10999296e-05 4.17525234e-04 1.28831819e-04 5.64785791e-05 7.64407030e-04 9.55195242e-04 1.68890627e-04 6.67886851e-04 2.08029440e-04 7.31561704e-05 1.65574677e-04 9.30364895e-05 3.04834100e-06 7.19159516e-08 4.33202842e-09
 1992 02 07 12 00 00  4.01232817e-03 2.44144817e-03 1.36372821e-03 9.98040393e-04 7.49946472e-04 4.02211322e-04 3.00067020e-04 2.64780499e-04 5.64868013e-04 1.58678847e-04 4.08329857e-03 6.30527139e-03 2.72723834e-04 7.89711453e-05 5.00914429e-05 1.69942830e-04 5.46337687e-05 9.78205004e-05 1.58580398e-04 8.61205743e-05 2.05242826e-04 2.54682325e-04 1.34689152e-04 8.84688921e-05 6.31676667e-06 1.03889572e-05 6.31503790e-06 3.10885911e-05 5.07363802e-06 2.09891572e-05 6.83695181e-05 4.49368934e-05 3.32464377e-05 6.71212327e-05 5.17019769e-05 1.53502318e-05 8.68300050e-05 1.12361095e-04 1.05542407e-05 6.92646259e-05 2.30993355e-04 3.84110026e-05 4.57117064e-04 5.22938432e-04 2.09175373e-05 4.05594436e-04 1.23631430e-04 5.58384054e-05 7.43784459e-04 9.34666027e-04 1.65725246e-04 6.53360594e-04 2.08638523e-04 7.33782756e-05 1.66090706e-04 9.34227808e-05 3.06879617e-06 7.32111431e-08 4.45531185e-09
 1992 02 08 12 00 00  4.00897096e-03 2.43738623e-03 1.36131665e-03 9.96523708e-04 7.48748551e-04 4.01934969e-04 2.99685025e-04 2.64311792e-04 5.63658033e-04 1.57968637e-04 4.07374121e-03 6.29463643e-03 2.71929942e-04 7.85244330e-05 4.99327591e-05 1.69474516e-04 5.45480056e-05 9.76331125e-05 1.57647117e-04 8.54209706e-05 2.04877288e-04 2.54224296e-04 1.34440663e-04 8.81031568e-05 6.31083603e-06 1.01576064e-05 6.31314833e-06 3.10202549e-05 5.05831413e-06 2.09422075e-05 6.81703852e-05 4.49029612e-05 3.31742573e-05 6.67887816e-05 5.08030760e-05 1.53415080e-05 8.64443116e-05 1.11943726e-04 1.03617938e-05 6.85558143e-05 2.29998569e-04 3.78211145e-05 4.54445775e-04 5.14655616e-04 2.05862246e-05 4.02099392e-04 1.23211474e-04 5.46961732e-05 7.39043166e-04 9.28783136e-04 1.64040575e-04 6.44346148e-04 1.98479370e-04 6.96861593e-05 1.57573210e-04 8.77556495e-05 2.81440072e-06 6.00651290e-08 3.26648646e-09
 1992 02 09 12 00 00  4.01559653e-03 2.44015989e-03 1.36321037e-03 9.98230493e-04 7.50418605e-04 4.02886791e-04 3.00539281e-04 2.65212646e-04 5.66020708e-04 1.58269393e-04 4.09281641e-03 6.33712411e-03 2.72616398e-04 7.84704426e-05 5.00009934e-05 1.70098039e-04 5.47730830e-05 9.82380821e-05 1.57611662e-04 8.51660792e-05 2.06168704e-04 2.55868908e-04 1.35080449e-04 8.83960192e-05 6.32713127e-06 1.03022321e-05 6.32009396e-06 3.10873552e-05 5.05283424e-06 2.09738921e-05 6.84137883e-05 4.49973886e-05 3.33588716e-05 6.71108047e-05 5.04810363e-05 1.53751185e-05 8.69281537e-05 1.12689341e-04 1.04822007e-05 6.89372391e-05 2.31510665e-04 3.76070529e-05 4.58062723e-04 5.11684786e-04 2.04673915e-05 4.03902161e-04 1.24496827e-04 5.42822352e-05 7.42481384e-04 9.32430608e-04 1.64060982e-04 6.52023650e-04 2.04127608e-04 7.17405095e-05 1.62320391e-04 9.10073262e-05 2.96712183e-06 6.84735824e-08 4.04023375e-09
 1992 02 10 12 00 00  4.02158638e-03 2.44440217e-03 1.36587037e-03 1.00015116e-03 7.52088343e-04 4.03602468e-04 3.01268162e-04 2.66021157e-04 5.68149759e-04 1.58899565e-04 4.10988285e-03 6.36898726e-03 2.73520471e-04 7.87169532e-05 5.01407550e-05 1.70732879e-04 5.49361925e-05 9.86848143e-05 1.58151583e-04 8.54565878e-05 2.07130341e-04 2.57093319e-04 1.35601315e-04 8.86973075e-05 6.33899399e-06 1.04030893e-05 6.32527517e-06 3.11543172e-05 5.05959833e-06 2.10177515e-05 6.86583492e-05 4.50662134e-05 3.34922952e-05 6.74203733e-05 5.08752535e-05 1.54002642e-05 8.74199492e-05 1.13351241e-04 1.05661624e-05 6.94285499e-05 2.32929048e-04 3.78553086e-05 4.61085462e-04 5.15304139e-04 2.06121655e-05 4.06947732e-04 1.25441793e-04 5.47650678e-05 7.47175171e-04 9.37566804e-04 1.65090473e-04 6.57675456e-04 2.08095925e-04 7.31837703e-05 1.65655092e-04 9.32871248e-05 3.07388882e-06 7.43293683e-08 4.57853844e-09
 1992 02 11 12 00 00  4.00930777e-03 2.43570883e-03 1.36041961e-03 9.96083617e-04 7.48475194e-04 4.02105666e-04 2.99745993e-04 2.64326147e-04 5.63745244e-04 1.57592367e-04 4.07460133e-03 6.30522892e-03 2.71647429e-04 7.81757909e-05 4.98470812e-05 1.69353938e-04 5.45400719e-05 9.77056450e-05 1.56923616e-04 8.48105527e-05 2.05118189e-04 2.54533398e-04 1.34510540e-04 8.80241787e-05 6.31086878e-06 1.01604390e-05 6.31455114e-06 3.09939303e-05 5.04545424e-06 2.09140565e-05 6.80956328e-05 4.49040934e-05 3.31637508e-05 6.67313472e-05 5.00455557e-05 1.53492132e-05 8.63419830e-05 1.11904767e-04 1.03643040e-05 6.83289798e-05 2.29778748e-04 3.73106479e-05 4.54377164e-04 5.07658831e-04 2.03063532e-05 4.00176840e-04 1.23318098e-04 5.37104555e-05 7.36524261e-04 9.25866077e-04 1.62762196e-04 6.43542688e-04 1.97533142e-04 6.93447426e-05 1.56797654e-04 8.73815387e-05 2.80789925e-06 6.05161716e-08 3.32761836e-09
 1992 02 12 12 00 00  4.00393151e-03 2.43301021e-03 1.35863799e-03 9.94525014e-04 7.46968086e-04 4.01354104e-04 2.99047828e-04 2.63574688e-04 5.61805900e-04 1.57246360e-04 4.05899769e-03 6.27334639e-03 2.71005019e-04 7.81211741e-05 4.97669789e-05 1.68784585e-04 5.43327944e-05 9.72047681e-05 1.56728965e-04 8.48514144e-05 2.04097917e-04 2.53238796e-04 1.33993247e-04 8.76698498e-05 6.29622446e-06 9.92581772e-06 6.30914219e-06 3.09177939e-05 5.04670788e-06 2.08765033e-05 6.78541842e-05 4.48198087e-05 3.29913426e-05 6.63703702e-05 5.01168368e-05 1.53235873e-05 8.58845975e-05 1.11246449e-04 1.01691301e-05 6.77902068e-05 2.28389963e-04 3.73480667e-05 4.50683562e-04 5.08303817e-04 2.03321527e-05 3.97974756e-04 1.22225436e-04 5.37848042e-05 7.32730965e-04 9.21425618e-04 1.62354858e-04 6.32806279e-04 1.87282130e-04 6.56191183e-05 1.48202267e-04 8.16557316e-05 2.55037235e-06 4.71702940e-08 2.11973532e-09
 1992 02 13 12 00 00  3.99514902e-03 2.42599054e-03 1.35430146e-03 9.91435725e-04 7.44301875e-04 4.00348805e-04 2.97977934e-04 2.62363577e-04 5.58657509e-04 1.56145250e-04 4.03383143e-03 6.23083971e-03 2.69533771e-04 7.75969074e-05 4.95207795e-05 1.67762102e-04 5.40649926e-05 9.65474348e-05 1.55583745e-04 8.41476431e-05 2.02750472e-04 2.51526285e-04 1.33238438e-04 8.71374119e-05 6.27724075e-06 9.72116322e-06 6.30197392e-06 3.07962266e-05 5.03115880e-06 2.07946498e-05 6.74355716e-05 4.47104278e-05 3.27690301e-05 6.58401164e-05 4.92056250e-05 1.52895140e-05 8.50803386e-05 1.10210833e-04 9.99890253e-06 6.68743377e-05 2.26097039e-04 3.67535657e-05 4.45754586e-04 4.99911929e-04 1.99964771e-05 3.92423945e-04 1.20797218e-04 5.26329386e-05 7.24333394e-04 9.12016711e-04 1.60214790e-04 6.21751956e-04 1.78221163e-04 6.23262797e-05 1.40606719e-04 7.66118557e-05 2.32466703e-06 3.55613615e-08 1.07132010e-09
 1992 02 14 12 00 00  4.00253345e-03 2.43030640e-03 1.35708068e-03 9.93623552e-04 7.46303937e-04 4.01312395e-04 2.98903523e-04 2.63368733e-04 5.61290871e-04 1.56735493e-04 4.05500980e-03 6.27333075e-03 2.70501328e-04 7.77490865e-05 4.96525750e-05 1.68518715e-04 5.42973517e-05 9.71613277e-05 1.55960041e-04 8.42366659e-05 2.04049520e-04 2.53182476e-04 1.33914679e-04 8.74471582e-05 6.29399437e-06 9.79487668e-06 6.30895811e-06 3.08744063e-05 5.03337615e-06 2.08428598e-05 6.77325944e-05 4.48074046e-05 3.29600705e-05 6.61770128e-05 4.93339903e-05 1.53232031e-05 8.56617957e-05 1.11043944e-04 1.00602745e-05 6.73231989e-05 2.27850401e-04 3.68308305e-05 4.49326733e-04 5.01085977e-04 2.00434391e-05 3.95467298e-04 1.22106925e-04 5.27839642e-05 7.29441900e-04 9.17336400e-04 1.60980380e-04 6.27564980e-04 1.81072118e-04 6.33632913e-05 1.43003394e-04 7.82576421e-05 2.40225635e-06 3.98545659e-08 1.46689922e-09
 1992 02 15 12 00 00  4.00101744e-03 2.42722550e-03 1.35531028e-03 9.92659078e-04 7.45636217e-04 4.01290126e-04 2.98760495e-04 2.63158893e-04 5.60746567e-04 1.56156248e-04 4.05080416e-03 6.27332404e-03 2.69937603e-04 7.73322789e-05 4.95241710e-05 1.68251327e-04 5.42842492e-05 9.71452624e-05 1.55118405e-04 8.35422601e-05 2.04032450e-04 2.53161636e-04 1.33842570e-04 8.73128932e-05 6.29317001e-06 9.79632023e-06 6.30889044e-06 3.08433101e-05 5.01802169e-06 2.08099282e-05 6.76245209e-05 4.48028179e-05 3.29485047e-05 6.60618593e-05 4.84342512e-05 1.53230620e-05 8.54536761e-05 1.10863459e-04 1.00615551e-05 6.70031340e-05 2.27358259e-04 3.62441322e-05 4.48711237e-04 4.92800117e-04 1.97120047e-05 3.92897275e-04 1.22063083e-04 5.16471511e-05 7.26100371e-04 9.13548551e-04 1.59478163e-04 6.26802594e-04 1.80578622e-04 6.31852283e-05 1.42598885e-04 7.80623128e-05 2.39884175e-06 4.00874761e-08 1.49854333e-09
 1992 02 16 12 00 00  4.00839450e-03 2.43150368e-03 1.35806889e-03 9.94845338e-04 7.47644473e-04 4.02256760e-04 2.99687614e-04 2.64165560e-04 5.63380545e-04 1.56740115e-04 4.07198196e-03 6.31581619e-03 2.70900416e-04 7.74818861e-05 4.96551047e-05 1.69010318e-04 5.45200019e-05 9.77633172e-05 1.55493679e-04 8.36258871e-05 2.05332801e-04 2.54823212e-04 1.34520260e-04 8.75405241e-05 6.31013681e-06 9.75815929e-06 6.31589210e-06 3.09149563e-05 5.02002113e-06 2.08585016e-05 6.79195646e-05 4.49009822e-05 3.31425370e-05 6.63307167e-05 4.85504861e-05 1.53567846e-05 8.60246455e-05 1.11694377e-04 1.00298887e-05 6.73003985e-05 2.29109881e-04 3.63160303e-05 4.51729384e-04 4.93865630e-04 1.97546252e-05 3.95861181e-04 1.23384153e-04 5.17872686e-05 7.31228867e-04 9.18523722e-04 1.60238808e-04 6.28904537e-04 1.78362789e-04 6.23811829e-05 1.40750076e-04 7.69038013e-05 2.35202870e-06 3.80654107e-08 1.32594611e-09
 1992 02 17 12 00 00  4.00164783e-03 2.42589780e-03 1.35461998e-03 9.92425896e-04 7.45577236e-04 4.01503766e-04 2.98871249e-04 2.63235629e-04 5.60961162e-04 1.55849846e-04 4.05267456e-03 6.28393888e-03 2.69734244e-04 7.70400900e-05 4.94555175e-05 1.68216563e-04 5.43214672e-05 9.72731563e-05 1.54535593e-04 8.30170291e-05 2.04331608e-04 2.53542537e-04 1.33948451e-04 8.73098807e-05 6.29604401e-06 9.86179075e-06 6.31052826e-06 3.08380779e-05 5.00665519e-06 2.07940792e-05 6.76061758e-05 4.48197534e-05 3.29778442e-05 6.60759749e-05 4.77666792e-05 1.53312561e-05 8.54293921e-05 1.10915929e-04 1.01162004e-05 6.69130478e-05 2.27372478e-04 3.58024205e-05 4.49296528e-04 4.86644254e-04 1.94657701e-05 3.91603008e-04 1.22320733e-04 5.07925812e-05 7.24599787e-04 9.11873321e-04 1.58465282e-04 6.28451325e-04 1.82158033e-04 6.37622263e-05 1.43944578e-04 7.91293964e-05 2.45919696e-06 4.41587119e-08 1.89133260e-09
 1992 02 18 12 00 00  3.99051975e-03 2.41953781e-03 1.35050925e-03 9.89088463e-04 7.42469574e-04 4.00025374e-04 2.97457711e-04 2.61699345e-04 5.56967912e-04 1.54980825e-04 4.02058595e-03 6.22018650e-03 2.68287077e-04 7.68116520e-05 4.92582307e-05 1.67040217e-04 5.39369998e-05 9.63082828e-05 1.53936714e-04 8.28923658e-05 2.02341040e-04 2.51001157e-04 1.32913264e-04 8.69189458e-05 6.26865149e-06 9.87774329e-06 6.29986534e-06 3.07184461e-05 5.00414790e-06 2.07155367e-05 6.71358258e-05 4.46617167e-05 3.26595880e-05 6.56281895e-05 4.76181827e-05 1.52803317e-05 8.45378312e-05 1.09621085e-04 1.01295875e-05 6.63865076e-05 2.24623144e-04 3.56991513e-05 4.44391606e-04 4.85268672e-04 1.94107469e-05 3.86953806e-04 1.20236026e-04 5.05937962e-05 7.16488539e-04 9.03821879e-04 1.57267930e-04 6.22362835e-04 1.82037769e-04 6.37204183e-05 1.43857370e-04 7.91801649e-05 2.46936637e-06 4.52875696e-08 2.00901393e-09
 1992 02 19 12 00 00  3.97897892e-03 2.41231228e-03 1.34590184e-03 9.85490975e-04 7.39189744e-04 3.98545028e-04 2.96007664e-04 2.60108408e-04 5.52829155e-04 1.53949595e-04 3.98737374e-03 6.15643412e-03 2.66683348e-04 7.64675001e-05 4.90252538e-05 1.65794904e-04 5.35535102e-05 9.53445910e-05 1.53106174e-04 8.25738884e-05 2.00347077e-04 2.48461297e-04 1.31860787e-04 8.63696300e-05 6.24132081e-06 9.72154667e-06 6.28920752e-06 3.05802961e-05 4.99729795e-06 2.06286701e-05 6.66342955e-05 4.45040176e-05 3.23421817e-05 6.50465629e-05 4.72156069e-05 1.52294189e-05 8.35748759e-05 1.08274154e-04 9.99974000e-06 6.55477531e-05 2.21738269e-04 3.54316580e-05 4.38462553e-04 4.81555023e-04 1.92622009e-05 3.81501044e-04 1.18154567e-04 5.00765163e-05 7.07508540e-04 8.94243921e-04 1.55659938e-04 6.10805793e-04 1.74600531e-04 6.10188541e-05 1.37631536e-04 7.51144511e-05 2.29241705e-06 3.65687100e-08 1.23153479e-09
 1992 02 20 12 00 00  3.98167656e-03 2.41520968e-03 1.34763804e-03 9.86569068e-04 7.40030492e-04 3.98785979e-04 2.96311005e-04 2.60468336e-04 5.53781833e-04 1.54436628e-04 3.99495719e-03 6.16705418e-03 2.67250375e-04 7.67432310e-05 4.91316460e-05 1.66120594e-04 5.36052859e-05 9.54903371e-05 1.53663504e-04 8.29961558e-05 2.00666568e-04 2.48865330e-04 1.32063259e-04 8.65831835e-05 6.24511231e-06 9.83448772e-06 6.29092101e-06 3.06197096e-05 5.00702445e-06 2.06571989e-05 6.67633750e-05 4.45260521e-05 3.23843735e-05 6.52454410e-05 4.77831287e-05 1.52377717e-05 8.38373670e-05 1.08570768e-04 1.00938116e-05 6.59566124e-05 2.22416692e-04 3.57916520e-05 4.40124147e-04 4.86768773e-04 1.94707509e-05 3.83735339e-04 1.18460890e-04 5.07761142e-05 7.10525839e-04 8.97843500e-04 1.56690288e-04 6.14819405e-04 1.78700392e-04 6.25108474e-05 1.41083161e-04 7.75249318e-05 2.40888662e-06 4.32192365e-08 1.84929192e-09
 1992 02 21 12 00 00  4.00209889e-03 2.42990163e-03 1.35683031e-03 9.93292927e-04 7.45927796e-04 4.01236947e-04 2.98817408e-04 2.63259902e-04 5.61076460e-04 1.56647222e-04 4.05340963e-03 6.27329424e-03 2.70388205e-04 7.76541904e-05 4.96244453e-05 1.68369403e-04 5.42177295e-05 9.70637309e-05 1.55683780e-04 8.40995985e-05 2.03955523e-04 2.53055904e-04 1.33854668e-04 8.75616368e-05 6.28898197e-06 1.00637306e-05 6.30854556e-06 3.08620848e-05 5.03193332e-06 2.08223450e-05 6.76587220e-05 4.47795319e-05 3.28898052e-05 6.62660729e-05 4.92395717e-05 1.53223358e-05 8.55756046e-05 1.10907279e-04 1.02846723e-05 6.75435096e-05 2.27485647e-04 3.67281638e-05 4.50166779e-04 5.00164953e-04 2.00065981e-05 3.94727546e-04 1.21840648e-04 5.25934331e-05 7.27745389e-04 9.16266088e-04 1.60537700e-04 6.31328456e-04 1.87575182e-04 6.57389526e-05 1.48543631e-04 8.26467356e-05 2.65025938e-06 5.65683706e-08 3.07913197e-09
 1992 02 22 12 00 00  4.02845528e-03 2.44857744e-03 1.36853820e-03 1.00191559e-03 7.53522594e-04 4.04424817e-04 3.02060694e-04 2.66865809e-04 5.70494913e-04 1.59442297e-04 4.12889030e-03 6.41140863e-03 2.74392847e-04 7.87846742e-05 5.02484370e-05 1.71264017e-04 5.50170720e-05 9.91130248e-05 1.58208839e-04 8.54429440e-05 2.08235167e-04 2.58508723e-04 1.36176860e-04 8.88197025e-05 6.34621247e-06 1.03613384e-05 6.33147283e-06 3.11745675e-05 5.06216020e-06 2.10335748e-05 6.88117786e-05 4.51101660e-05 3.35496588e-05 6.75812162e-05 5.10075479e-05 1.54323061e-05 8.78122340e-05 1.13928194e-04 1.05323939e-05 6.95694636e-05 2.34028991e-04 3.78674682e-05 4.63162101e-04 5.16429741e-04 2.06571896e-05 4.08702608e-04 1.26244931e-04 5.48037817e-05 7.49756339e-04 9.39794167e-04 1.65351550e-04 6.53098792e-04 1.99515256e-04 7.00809211e-05 1.58573002e-04 8.94693789e-05 2.96737444e-06 7.37850471e-08 4.65752166e-09
 1992 02 23 12 00 00  4.05232345e-03 2.46486300e-03 1.37879740e-03 1.00958208e-03 7.60334642e-04 4.07363829e-04 3.05012374e-04 2.70131560e-04 5.79023691e-04 1.61843047e-04 4.19729895e-03 6.53889775e-03 2.77915273e-04 7.96980998e-05 5.07843517e-05 1.73856558e-04 5.57544350e-05 1.01004075e-04 1.60275900e-04 8.64658970e-05 2.12184440e-04 2.63541291e-04 1.38300297e-04 8.99315021e-05 6.39900973e-06 1.06217616e-05 6.35263495e-06 3.14534683e-05 5.08529993e-06 2.12189933e-05 6.98464236e-05 4.54151974e-05 3.41583189e-05 6.87527216e-05 5.23602357e-05 1.55338115e-05 8.98148563e-05 1.16665464e-04 1.07491651e-05 7.13245373e-05 2.39928655e-04 3.87360546e-05 4.74912549e-04 5.28870061e-04 2.11548024e-05 4.20819356e-04 1.30308792e-04 5.64895454e-05 7.69083076e-04 9.60342587e-04 1.69332076e-04 6.72689822e-04 2.09961965e-04 7.38798346e-05 1.67348004e-04 9.54389438e-05 3.24485418e-06 8.88510215e-08 6.03876771e-09
 1992 02 24 12 00 00  4.08233338e-03 2.48556564e-03 1.39182077e-03 1.01927827e-03 7.68931438e-04 4.11041131e-04 3.08719477e-04 2.74239285e-04 5.89749531e-04 1.64909460e-04 4.28330305e-03 6.69826120e-03 2.82382902e-04 8.08888030e-05 5.14692749e-05 1.77129846e-04 5.66786912e-05 1.03371032e-04 1.62960746e-04 8.78254417e-05 2.17119156e-04 2.69836085e-04 1.40963454e-04 9.11932319e-05 6.46516783e-06 1.07427222e-05 6.37910052e-06 3.17927254e-05 5.11592989e-06 2.14547474e-05 7.11461021e-05 4.57973714e-05 3.49214039e-05 7.01087743e-05 5.41515357e-05 1.56607202e-05 9.23213916e-05 1.20099108e-04 1.08498483e-05 7.32917995e-05 2.47345210e-04 3.98894306e-05 4.88633474e-04 5.45348157e-04 2.18139263e-05 4.36130106e-04 1.35397131e-04 5.87273738e-05 7.93641752e-04 9.85858830e-04 1.74484789e-04 6.91177604e-04 2.14829436e-04 7.56498372e-05 1.71436308e-04 9.82179759e-05 3.37387421e-06 9.58447430e-08 6.67966731e-09
 1992 02 25 12 00 00  4.11013810e-03 2.50446760e-03 1.40373435e-03 1.02819822e-03 7.76866541e-04 4.14471114e-04 3.12160563e-04 2.78045217e-04 5.99687163e-04 1.67692430e-04 4.36301001e-03 6.84699938e-03 2.86475953e-04 8.19432042e-05 5.20909919e-05 1.80149467e-04 5.75404847e-05 1.05579151e-04 1.65350711e-04 8.89993855e-05 2.21720429e-04 2.75709870e-04 1.43439815e-04 9.22606955e-05 6.52686067e-06 1.07262182e-05 6.40379658e-06 3.20969586e-05 5.14241801e-06 2.16704665e-05 7.23414918e-05 4.61537711e-05 3.56328674e-05 7.12810403e-05 5.57003834e-05 1.57791568e-05 9.46199152e-05 1.23274122e-04 1.08361506e-05 7.49156479e-05 2.54191819e-04 4.08856635e-05 5.00701150e-04 5.59594617e-04 2.23837847e-05 4.49989923e-04 1.40143454e-04 6.06605317e-05 8.16119791e-04 1.00876934e-03 1.79090257e-04 7.04325604e-04 2.13879940e-04 7.53052842e-05 1.70643973e-04 9.77205886e-05 3.35370767e-06 9.49678451e-08 6.60463826e-09
 1992 02 26 12 00 00  4.12950575e-03 2.51695491e-03 1.41166164e-03 1.03425712e-03 7.82321745e-04 4.16915770e-04 3.14573104e-04 2.80696637e-04 6.06609681e-04 1.69489835e-04 4.41858624e-03 6.95324019e-03 2.89214830e-04 8.25597066e-05 5.24929610e-05 1.82221155e-04 5.81539061e-05 1.07153750e-04 1.66783457e-04 8.96098092e-05 2.25004330e-04 2.79902021e-04 1.45186294e-04 9.29849209e-05 6.57079290e-06 1.07218482e-05 6.42142622e-06 3.23051618e-05 5.15627144e-06 2.18141410e-05 7.31620464e-05 4.64075973e-05 3.61391634e-05 7.20858085e-05 5.65099530e-05 1.58637340e-05 9.61963243e-05 1.25486324e-04 1.08325621e-05 7.59805266e-05 2.58929548e-04 4.14043549e-05 5.09166616e-04 5.67038570e-04 2.26815428e-05 4.59063362e-04 1.43526483e-04 6.16674486e-05 8.31107864e-04 1.02394108e-03 1.81890471e-04 7.13727431e-04 2.13356078e-04 7.51156680e-05 1.70210281e-04 9.74760243e-05 3.34592009e-06 9.48093998e-08 6.59661694e-09
 1992 02 27 12 00 00  4.13714112e-03 2.52178306e-03 1.41473554e-03 1.03660531e-03 7.84434676e-04 4.17882407e-04 3.15522296e-04 2.81736699e-04 6.09333804e-04 1.70176585e-04 4.44045992e-03 6.99573159e-03 2.90276501e-04 8.27822997e-05 5.26464293e-05 1.83022100e-04 5.83877205e-05 1.07769412e-04 1.67301858e-04 8.98159982e-05 2.26300011e-04 2.81560503e-04 1.45874105e-04 9.31697406e-05 6.58763747e-06 1.05927596e-05 6.42841769e-06 3.23750906e-05 5.16103937e-06 2.18677321e-05 7.34696728e-05 4.65050776e-05 3.63314786e-05 7.23180875e-05 5.67880285e-05 1.58974392e-05 9.67902304e-05 1.26338114e-04 1.07252330e-05 7.62136280e-05 2.60743361e-04 4.15802846e-05 5.11807370e-04 5.69592678e-04 2.27837071e-05 4.62396064e-04 1.44841056e-04 6.20094419e-05 8.36767520e-04 1.02924514e-03 1.82908255e-04 7.13029936e-04 2.07334023e-04 7.29278992e-05 1.65167206e-04 9.41674649e-05 3.20079787e-06 8.75699840e-08 5.94865526e-09
 1992 02 28 12 00 00  4.13231059e-03 2.51741886e-03 1.41207540e-03 1.03477790e-03 7.82894668e-04 4.17367311e-04 3.14942449e-04 2.81066914e-04 6.07598396e-04 1.69464732e-04 4.42662766e-03 6.97447360e-03 2.89382149e-04 8.24030502e-05 5.24873121e-05 1.82428017e-04 5.82433830e-05 1.07427966e-04 1.66487891e-04 8.92703945e-05 2.25611101e-04 2.80687697e-04 1.45472379e-04 9.28091879e-05 6.57748897e-06 1.04169842e-05 6.42478044e-06 3.22987287e-05 5.14904605e-06 2.18163361e-05 7.32215573e-05 4.64467419e-05 3.62111197e-05 7.19721609e-05 5.60848042e-05 1.58802897e-05 9.63151002e-05 1.25755855e-04 1.05790670e-05 7.55643047e-05 2.59426398e-04 4.11198940e-05 5.08756657e-04 5.63114255e-04 2.25245702e-05 4.58812103e-04 1.44092063e-04 6.11177529e-05 8.31542122e-04 1.02315372e-03 1.81406510e-04 7.04684215e-04 1.99258907e-04 6.99939992e-05 1.58402892e-04 8.97140586e-05 3.00431275e-06 7.76785214e-08 5.06092022e-09
 1992 02 29 12 00 00  4.11462875e-03 2.50307202e-03 1.40322777e-03 1.02853179e-03 7.77536366e-04 4.15365601e-04 3.12798084e-04 2.78635130e-04 6.01266949e-04 1.67206157e-04 4.37602794e-03 6.88946545e-03 2.86388348e-04 8.13169994e-05 5.19832259e-05 1.80372587e-04 5.77184663e-05 1.06126384e-04 1.64132936e-04 8.77976010e-05 2.22933749e-04 2.77279617e-04 1.43963247e-04 9.18539480e-05 6.54019168e-06 1.01719204e-05 6.41049919e-06 3.20669908e-05 5.11633989e-06 2.16517530e-05 7.23895718e-05 4.62317141e-05 3.57759214e-05 7.10060098e-05 5.41691552e-05 1.58122566e-05 9.47161944e-05 1.23693816e-04 1.03752551e-05 7.39231093e-05 2.54854989e-04 3.98743781e-05 4.99744219e-04 5.45477110e-04 2.18190844e-05 4.47646689e-04 1.41271309e-04 5.87036368e-05 8.14596613e-04 1.00465301e-03 1.77007558e-04 6.87929853e-04 1.88223125e-04 6.59839210e-05 1.49154971e-04 8.35973318e-05 2.73237392e-06 6.38277427e-08 3.81357665e-09
 1992 03 01 12 00 00  4.08934084e-03 2.48969210e-03 1.39447445e-03 1.02117189e-03 7.70559036e-04 4.11911811e-04 3.09556791e-04 2.75138304e-04 5.92188557e-04 1.65452432e-04 4.30297116e-03 6.74070716e-03 2.83275674e-04 8.09830402e-05 5.15842615e-05 1.77737196e-04 5.68115269e-05 1.03862933e-04 1.63133360e-04 8.78405117e-05 2.18268951e-04 2.71334085e-04 1.41571944e-04 9.07743072e-05 6.47565612e-06 9.88572501e-06 6.38556812e-06 3.17769140e-05 5.11783001e-06 2.14811274e-05 7.13164116e-05 4.58595110e-05 3.50246148e-05 6.98169806e-05 5.42531023e-05 1.56933267e-05 9.26833771e-05 1.20717889e-04 1.01372178e-05 7.24268056e-05 2.48583173e-04 3.99151148e-05 4.86846562e-04 5.46232690e-04 2.18493076e-05 4.37704884e-04 1.36374042e-04 5.87854360e-05 7.97042752e-04 9.86488782e-04 1.74906202e-04 6.64468976e-04 1.75441865e-04 6.13393462e-05 1.38442619e-04 7.64981911e-05 2.41575067e-06 4.76232167e-08 2.35222419e-09
 1992 03 02 12 00 00  4.03881495e-03 2.45448987e-03 1.37235720e-03 1.00465374e-03 7.55882276e-04 4.05725096e-04 3.03299103e-04 2.68189206e-04 5.74092783e-04 1.60203184e-04 4.15794435e-03 6.47507459e-03 2.75677232e-04 7.88823682e-05 5.04075987e-05 1.72142596e-04 5.52112237e-05 9.98446252e-05 1.58372557e-04 8.53947946e-05 2.09966211e-04 2.60747607e-04 1.37080396e-04 8.85341140e-05 6.36162513e-06 9.57507727e-06 6.34114913e-06 3.11791416e-05 5.06368015e-06 2.10692090e-05 6.90707474e-05 4.52015898e-05 3.36999743e-05 6.74318101e-05 5.10805054e-05 1.54811612e-05 8.83844894e-05 1.14858435e-04 9.87885069e-06 6.88933876e-05 2.35869639e-04 3.78481636e-05 4.62943601e-04 5.17017862e-04 2.06807145e-05 4.11128502e-04 1.27693231e-04 5.47800504e-05 7.54473588e-04 9.41862482e-04 1.65823038e-04 6.28551242e-04 1.61516737e-04 5.62792196e-05 1.26772401e-04 6.87710197e-05 2.07160996e-06 3.00482313e-08 7.68269537e-10
 1992 03 03 12 00 00  3.98306446e-03 2.41683343e-03 1.34860089e-03 9.86680022e-04 7.39788939e-04 3.98798459e-04 2.96363460e-04 2.60515845e-04 5.54119217e-04 1.54655334e-04 3.99778617e-03 6.17756434e-03 2.67485907e-04 7.67646259e-05 4.91622766e-05 1.66014775e-04 5.34152961e-05 9.53397190e-05 1.53505069e-04 8.30498175e-05 2.00664103e-04 2.48885062e-04 1.32084134e-04 8.61278398e-05 6.23368396e-06 9.27087021e-06 6.29138085e-06 3.05268334e-05 5.01192917e-06 2.06245165e-05 6.66089825e-05 4.44634614e-05 3.22132080e-05 6.48466873e-05 4.80473769e-05 1.52434979e-05 8.36816701e-05 1.08384067e-04 9.62585400e-06 6.51694847e-05 2.21871998e-04 3.58677411e-05 4.36687072e-04 4.89081811e-04 1.95632725e-05 3.82789273e-04 1.17958710e-04 5.09432226e-05 7.08542537e-04 8.94014564e-04 1.56481919e-04 5.89790508e-04 1.47783675e-04 5.12891074e-05 1.15264734e-04 6.11640378e-05 1.73373678e-06 1.30785224e-08 1.00000000e-10
 1992 03 04 12 00 00  3.93974608e-03 2.38555492e-03 1.32903895e-03 9.72241429e-04 7.27049628e-04 3.93577222e-04 2.91017823e-04 2.54550968e-04 5.38597843e-04 1.49923585e-04 3.87347423e-03 5.95442429e-03 2.60786294e-04 7.47666543e-05 4.81020756e-05 1.61150773e-04 5.20507456e-05 9.19394661e-05 1.49029254e-04 8.06090771e-05 1.93668906e-04 2.39960160e-04 1.28262967e-04 8.43026586e-05 6.13662123e-06 9.20038365e-06 6.25396206e-06 3.00158382e-05 4.95800050e-06 2.02577059e-05 6.46556563e-05 4.39037074e-05 3.10825999e-05 6.28879829e-05 4.48869861e-05 1.50650580e-05 7.99607868e-05 1.03351492e-04 9.56732692e-06 6.22672603e-05 2.10886160e-04 3.38059093e-05 4.17153891e-04 4.59975876e-04 1.83990351e-05 3.59078071e-04 1.10598956e-04 4.69483348e-05 6.70742965e-04 8.54836417e-04 1.47992108e-04 5.65058767e-04 1.43949721e-04 4.98974487e-05 1.12062576e-04 5.91313923e-05 1.64959350e-06 1.05030523e-08 1.00000000e-10
 1992 03 05 12 00 00  3.91916540e-03 2.37370685e-03 1.32139014e-03 9.65993988e-04 7.21211990e-04 3.90836880e-04 2.88393601e-04 2.51693929e-04 5.31196367e-04 1.48291943e-04 3.81400796e-03 5.83753139e-03 2.58087601e-04 7.43151118e-05 4.77305721e-05 1.58938025e-04 5.13141858e-05 9.01316700e-05 1.47844494e-04 8.03324452e-05 1.89977307e-04 2.35250577e-04 1.26341011e-04 8.34978240e-05 6.08440605e-06 9.12835967e-06 6.23425003e-06 2.97785078e-05 4.95264612e-06 2.01056066e-05 6.37542277e-05 4.36028728e-05 3.04711430e-05 6.19861523e-05 4.45685029e-05 1.49713538e-05 7.82693023e-05 1.00913631e-04 9.50750400e-06 6.11428621e-05 2.05684482e-04 3.35784891e-05 4.07417578e-04 4.57018121e-04 1.82807249e-05 3.50122345e-04 1.06670952e-04 4.65117162e-05 6.55211935e-04 8.39110018e-04 1.45635398e-04 5.50848033e-04 1.40154454e-04 4.85196053e-05 1.08891098e-04 5.71050848e-05 1.56471369e-06 7.85453267e-09 1.00000000e-10
 1992 03 06 12 00 00  3.91179968e-03 2.36981747e-03 1.31884464e-03 9.63781081e-04 7.19077392e-04 3.89814809e-04 2.87434232e-04 2.50654890e-04 5.28529680e-04 1.47773951e-04 3.79256828e-03 5.79501241e-03 2.57170861e-04 7.41984447e-05 4.76104305e-05 1.58128832e-04 5.10172627e-05 8.94386263e-05 1.47486889e-04 8.03178933e-05 1.88599364e-04 2.33491766e-04 1.25632160e-04 8.32343648e-05 6.06358808e-06 9.13722033e-06 6.22693042e-06 2.96890280e-05 4.95297900e-06 2.00486201e-05 6.34132157e-05 4.34832968e-05 3.02231289e-05 6.16785245e-05 4.45839105e-05 1.49369618e-05 7.76522438e-05 1.00004962e-04 9.51495531e-06 6.08052542e-05 2.03739440e-04 3.35716060e-05 4.03955805e-04 4.57138790e-04 1.82855516e-05 3.47024251e-04 1.05145341e-04 4.65018384e-05 6.49553745e-04 8.33548291e-04 1.44906991e-04 5.46239259e-04 1.39975417e-04 4.84558523e-05 1.08750423e-04 5.70867951e-05 1.56935449e-06 8.26953652e-09 1.00000000e-10
 1992 03 07 12 00 00  3.92009238e-03 2.37620077e-03 1.32280496e-03 9.66524694e-04 7.21397862e-04 3.90758592e-04 2.88425065e-04 2.51764527e-04 5.31465257e-04 1.48748095e-04 3.81608625e-03 5.83748966e-03 2.58500548e-04 7.46162079e-05 4.78244753e-05 1.59013307e-04 5.12209779e-05 9.00174142e-05 1.48366427e-04 8.08583281e-05 1.89862747e-04 2.35102425e-04 1.26332698e-04 8.36140841e-05 6.07853835e-06 9.20666280e-06 6.23376618e-06 2.97759389e-05 4.96574721e-06 2.01113456e-05 6.37485880e-05 4.35702474e-05 3.03888868e-05 6.20697134e-05 4.53270157e-05 1.49703395e-05 7.83318001e-05 1.00899698e-04 9.57279553e-06 6.14408744e-05 2.05671040e-04 3.40349914e-05 4.07700523e-04 4.63955713e-04 1.85582285e-05 3.51525047e-04 1.06359262e-04 4.74040455e-05 6.56325687e-04 8.40813812e-04 1.46579205e-04 5.51613559e-04 1.42506001e-04 4.93767373e-05 1.10880692e-04 5.85729357e-05 1.64105418e-06 1.09788715e-08 1.00000000e-10
 1992 03 08 12 00 00  3.93901552e-03 2.38799095e-03 1.33032579e-03 9.72281724e-04 7.26583283e-04 3.93165400e-04 2.90776889e-04 2.54335281e-04 5.38207432e-04 1.50410350e-04 3.87026407e-03 5.94371259e-03 2.61097703e-04 7.51272904e-05 4.81943340e-05 1.60977169e-04 5.17960405e-05 9.15449811e-05 1.49561942e-04 8.13011196e-05 1.93107771e-04 2.39233597e-04 1.28040176e-04 8.45541524e-05 6.12005606e-06 9.56542135e-06 6.25119719e-06 2.99896780e-05 4.97634865e-06 2.02404863e-05 6.45227658e-05 4.38106421e-05 3.08613293e-05 6.30502870e-05 4.59431845e-05 1.50544991e-05 7.98603672e-05 1.03033908e-04 9.87134845e-06 6.28925551e-05 2.10189431e-04 3.44158034e-05 4.17659550e-04 4.69603871e-04 1.87841549e-05 3.60011818e-04 1.09614024e-04 4.81462077e-05 6.70021542e-04 8.55734369e-04 1.48950744e-04 5.71884622e-04 1.57382468e-04 5.47852922e-05 1.23367789e-04 6.69975461e-05 2.02766727e-06 3.05048790e-08 8.80066153e-10
 1992 03 09 12 00 00  3.95605206e-03 2.39861372e-03 1.33710130e-03 9.77466724e-04 7.31252737e-04 3.95331493e-04 2.92894058e-04 2.56649787e-04 5.44277555e-04 1.51908597e-04 3.91903919e-03 6.03931472e-03 2.63437372e-04 7.55890936e-05 4.85277694e-05 1.62745668e-04 5.23135008e-05 9.29196947e-05 1.50638286e-04 8.17026477e-05 1.96016817e-04 2.42951527e-04 1.29577106e-04 8.50841584e-05 6.15741592e-06 9.44522762e-06 6.26688416e-06 3.01532348e-05 4.98594673e-06 2.03568201e-05 6.52063037e-05 4.40269650e-05 3.12864489e-05 6.36655367e-05 4.65011166e-05 1.51302433e-05 8.11903048e-05 1.04932820e-04 9.77137970e-06 6.36203951e-05 2.14216369e-04 3.47609952e-05 4.24368195e-04 4.74718668e-04 1.89887467e-05 3.67366167e-04 1.12542999e-04 4.88188845e-05 6.82359746e-04 8.67801796e-04 1.51091402e-04 5.76242190e-04 1.52007946e-04 5.28322649e-05 1.18863360e-04 6.40133101e-05 1.89463350e-06 2.37012291e-08 2.66629741e-10
 1992 03 10 12 00 00  3.96621877e-03 2.40605567e-03 1.34174705e-03 9.80782464e-04 7.34114010e-04 3.96528251e-04 2.94125994e-04 2.58021838e-04 5.47889497e-04 1.53028073e-04 3.94799184e-03 6.09241948e-03 2.65010643e-04 7.60465783e-05 4.87751307e-05 1.63835336e-04 5.25884097e-05 9.36680124e-05 1.51624798e-04 8.22650967e-05 1.97617853e-04 2.44997041e-04 1.30454687e-04 8.54478110e-05 6.17737969e-06 9.39474849e-06 6.27553309e-06 3.02546344e-05 4.99908419e-06 2.04340317e-05 6.56232543e-05 4.41427430e-05 3.15115321e-05 6.40638732e-05 4.72665881e-05 1.51721848e-05 8.20138863e-05 1.06048459e-04 9.72942289e-06 6.41932210e-05 2.16623393e-04 3.52420058e-05 4.28376188e-04 4.81745362e-04 1.92698145e-05 3.72611881e-04 1.14128168e-04 4.97546105e-05 6.90588007e-04 8.76146202e-04 1.52979089e-04 5.79021518e-04 1.49562522e-04 5.19440569e-05 1.16816894e-04 6.26820205e-05 1.83707166e-06 2.08948688e-08 1.71908709e-11
 1992 03 11 12 00 00  3.97048979e-03 2.40955707e-03 1.34390325e-03 9.82227630e-04 7.35307977e-04 3.96993693e-04 2.94627932e-04 2.58588366e-04 5.49395607e-04 1.53572054e-04 3.96005064e-03 6.11365512e-03 2.65727815e-04 7.62932186e-05 4.88939054e-05 1.64291202e-04 5.26822521e-05 9.39475722e-05 1.52130706e-04 8.26005999e-05 1.98237033e-04 2.45789623e-04 1.30806176e-04 8.55772933e-05 6.18435079e-06 9.33117699e-06 6.27890986e-06 3.02918284e-05 5.00707720e-06 2.04667917e-05 6.57906060e-05 4.41834127e-05 3.15873418e-05 6.42067757e-05 4.77313908e-05 1.51887842e-05 8.23540855e-05 1.06494178e-04 9.67655142e-06 6.44098410e-05 2.17591558e-04 3.55302240e-05 4.29754331e-04 4.86007193e-04 1.94402877e-05 3.74989089e-04 1.14708324e-04 5.03161224e-05 6.94162586e-04 8.79709830e-04 1.53938954e-04 5.78579829e-04 1.46703671e-04 5.09052265e-05 1.14421126e-04 6.10969146e-05 1.76656404e-06 1.73008353e-08 1.00000000e-10
 1992 03 12 12 00 00  3.97480523e-03 2.41313865e-03 1.34610590e-03 9.83701937e-04 7.36525003e-04 3.97461243e-04 2.95134950e-04 2.59161961e-04 5.50918711e-04 1.54131331e-04 3.97224038e-03 6.13489188e-03 2.66460394e-04 7.65513510e-05 4.90162022e-05 1.64756289e-04 5.27780503e-05 9.42295417e-05 1.52661645e-04 8.29548575e-05 1.98859664e-04 2.46585357e-04 1.31160597e-04 8.57372585e-05 6.19144412e-06 9.30420501e-06 6.28229609e-06 3.03327365e-05 5.01545874e-06 2.05007362e-05 6.59633312e-05 4.42247692e-05 3.16648744e-05 6.43757505e-05 4.82191099e-05 1.52054083e-05 8.27053202e-05 1.06949015e-04 9.65412619e-06 6.46838505e-05 2.18582500e-04 3.58340621e-05 4.31344676e-04 4.90480944e-04 1.96192378e-05 3.77468880e-04 1.15295046e-04 5.09077567e-05 6.97849233e-04 8.83511424e-04 1.54942394e-04 5.79348904e-04 1.45439498e-04 5.04459747e-05 1.13362556e-04 6.04031638e-05 1.73618858e-06 1.57897844e-08 1.00000000e-10
 1992 03 13 12 00 00  3.98124761e-03 2.41836341e-03 1.34932747e-03 9.85902060e-04 7.38368076e-04 3.98175084e-04 2.95900408e-04 2.60026127e-04 5.53201108e-04 1.54944226e-04 3.99050920e-03 6.16675168e-03 2.67538189e-04 7.69233900e-05 4.91948176e-05 1.65460839e-04 5.29358105e-05 9.46697197e-05 1.53439633e-04 8.34576203e-05 1.99812816e-04 2.47801232e-04 1.31698164e-04 8.60231312e-05 6.20297069e-06 9.32820185e-06 6.28744892e-06 3.04014387e-05 5.02720286e-06 2.05530226e-05 6.62328035e-05 4.42917197e-05 3.17935803e-05 6.46703611e-05 4.89033817e-05 1.52304972e-05 8.32450708e-05 1.07648980e-04 9.67410815e-06 6.51719538e-05 2.20110307e-04 3.62640305e-05 4.34116621e-04 4.96762223e-04 1.98704889e-05 3.81210521e-04 1.16222096e-04 5.17442066e-05 7.03442567e-04 8.89454592e-04 1.56413041e-04 5.82742803e-04 1.46349178e-04 5.07769118e-05 1.14127635e-04 6.09313031e-05 1.76128140e-06 1.71923780e-08 1.00000000e-10
 1992 03 14 12 00 00  3.98621362e-03 2.42051572e-03 1.35078581e-03 9.87170158e-04 7.39587478e-04 3.98877962e-04 2.96533229e-04 2.60692880e-04 5.54961280e-04 1.55181055e-04 4.00474066e-03 6.19861186e-03 2.68059128e-04 7.68844920e-05 4.92466927e-05 1.65915522e-04 5.30926045e-05 9.51087102e-05 1.53398607e-04 8.32728401e-05 2.00763524e-04 2.49015588e-04 1.32171625e-04 8.61630681e-05 6.21443542e-06 9.32601979e-06 6.29259594e-06 3.04412295e-05 5.02355360e-06 2.05749269e-05 6.64046959e-05 4.43583354e-05 3.19214363e-05 6.48413390e-05 4.86868230e-05 1.52555745e-05 8.35878258e-05 1.08186906e-04 9.67231754e-06 6.53156513e-05 2.21194241e-04 3.61115206e-05 4.36204853e-04 4.94753745e-04 1.97901498e-05 3.82457880e-04 1.17145921e-04 5.14510029e-05 7.05891591e-04 8.91736119e-04 1.56418949e-04 5.85022803e-04 1.46082336e-04 5.06803295e-05 1.13906754e-04 6.08070075e-05 1.75734593e-06 1.71147384e-08 1.00000000e-10
 1992 03 15 12 00 00  3.97893992e-03 2.41671928e-03 1.34829544e-03 9.85022420e-04 7.37524447e-04 3.97872341e-04 2.95590789e-04 2.59674393e-04 5.52334904e-04 1.54681809e-04 3.98362991e-03 6.15610033e-03 2.67164501e-04 7.67823537e-05 4.91309168e-05 1.65135045e-04 5.28131495e-05 9.44370986e-05 1.53078366e-04 8.32793710e-05 1.99409124e-04 2.47284561e-04 1.31475768e-04 8.59552374e-05 6.19471757e-06 9.39432502e-06 6.28536727e-06 3.03618177e-05 5.02426010e-06 2.05222216e-05 6.60859683e-05 4.42448771e-05 3.16888414e-05 6.45824636e-05 4.87247366e-05 1.52213717e-05 8.30021723e-05 1.07313131e-04 9.72917042e-06 6.50771709e-05 2.19336624e-04 3.61216924e-05 4.33165307e-04 4.95084678e-04 1.98033871e-05 3.79590912e-04 1.15678750e-04 5.14736865e-05 7.00576176e-04 8.86722668e-04 1.55767841e-04 5.82811763e-04 1.48841183e-04 5.16835280e-05 1.16223786e-04 6.23805372e-05 1.83029389e-06 2.10612193e-08 4.55873561e-11
 1992 03 16 12 00 00  3.96931366e-03 2.40803779e-03 1.34300095e-03 9.81387928e-04 7.34463035e-04 3.96847969e-04 2.94435938e-04 2.58340052e-04 5.48874545e-04 1.53266237e-04 3.95607713e-03 6.11358583e-03 2.65383297e-04 7.60252069e-05 4.88131655e-05 1.63954650e-04 5.25307842e-05 9.37619014e-05 1.51448326e-04 8.21905734e-05 1.98045575e-04 2.45548868e-04 1.30677027e-04 8.54178495e-05 6.17481564e-06 9.28574082e-06 6.27812333e-06 3.02271182e-05 5.00050846e-06 2.04208867e-05 6.56071514e-05 4.41303942e-05 3.14536737e-05 6.40441848e-05 4.73308988e-05 1.51871383e-05 8.20876008e-05 1.06172486e-04 9.63886414e-06 6.41125974e-05 2.16754477e-04 3.52044503e-05 4.28341706e-04 4.82238068e-04 1.92895227e-05 3.72657048e-04 1.14201789e-04 4.96981025e-05 6.90234461e-04 8.75438772e-04 1.52780525e-04 5.74530482e-04 1.43944913e-04 4.99043823e-05 1.12120837e-04 5.96676175e-05 1.70974347e-06 1.49258675e-08 1.00000000e-10
 1992 03 17 12 00 00  3.95817138e-03 2.40178096e-03 1.33894532e-03 9.78028203e-04 7.31300307e-04 3.95349648e-04 2.93008862e-04 2.56789107e-04 5.44861877e-04 1.52413718e-04 3.92384153e-03 6.04982525e-03 2.63945311e-04 7.58021644e-05 4.86178015e-05 1.62756473e-04 5.21244830e-05 9.27702698e-05 1.50839996e-04 8.20802699e-05 1.96026290e-04 2.42972810e-04 1.29629927e-04 8.49842718e-05 6.14604942e-06 9.24395063e-06 6.26734764e-06 3.00977557e-05 4.99866292e-06 2.03389283e-05 6.51186373e-05 4.39647119e-05 3.11161450e-05 6.35554499e-05 4.72190499e-05 1.51359796e-05 8.11727241e-05 1.04845763e-04 9.60413890e-06 6.35148588e-05 2.13926718e-04 3.51161580e-05 4.23026660e-04 4.81188808e-04 1.92475523e-05 3.67900150e-04 1.12044066e-04 4.95301676e-05 6.81889847e-04 8.67012496e-04 1.51572590e-04 5.66725495e-04 1.41859332e-04 4.91470006e-05 1.10376435e-04 5.85401795e-05 1.66154127e-06 1.27104940e-08 1.00000000e-10
 1992 03 18 12 00 00  3.96600681e-03 2.40434351e-03 1.34079086e-03 9.79873257e-04 7.33184814e-04 3.96533976e-04 2.94033664e-04 2.57851331e-04 5.47650359e-04 1.52618426e-04 3.94644065e-03 6.10293299e-03 2.64635073e-04 7.56061341e-05 4.86636066e-05 1.63454900e-04 5.24032803e-05 9.35233547e-05 1.50524742e-04 8.15486594e-05 1.97633173e-04 2.45024514e-04 1.30409067e-04 8.52001070e-05 6.16625839e-06 9.26549255e-06 6.27601767e-06 3.01622433e-05 4.98733389e-06 2.03688734e-05 6.53900683e-05 4.40818520e-05 3.13446537e-05 6.38287224e-05 4.65525547e-05 1.51779648e-05 8.17013499e-05 1.05717946e-04 9.62210470e-06 6.36926635e-05 2.15659822e-04 3.46705259e-05 4.26559068e-04 4.75037064e-04 1.90014826e-05 3.69293539e-04 1.13642239e-04 4.86689416e-05 6.85193826e-04 8.69964959e-04 1.51139377e-04 5.71449070e-04 1.42473515e-04 4.93709822e-05 1.10896877e-04 5.89304304e-05 1.68224862e-06 1.39330822e-08 1.00000000e-10
 1992 03 19 12 00 00  3.97448530e-03 2.41101537e-03 1.34491909e-03 9.82742324e-04 7.35617786e-04 3.97494407e-04 2.95049991e-04 2.58994516e-04 5.50660563e-04 1.53648309e-04 3.97054455e-03 6.14541806e-03 2.66023021e-04 7.60662215e-05 4.88905599e-05 1.64384428e-04 5.26239804e-05 9.41229577e-05 1.51499560e-04 8.21564230e-05 1.98919127e-04 2.46662159e-04 1.31126390e-04 8.56327896e-05 6.18227787e-06 9.38252488e-06 6.28294147e-06 3.02600499e-05 5.00145106e-06 2.04377748e-05 6.57522834e-05 4.41747485e-05 3.15254059e-05 6.42672532e-05 4.73755586e-05 1.52115244e-05 8.24226995e-05 1.06656480e-04 9.71953050e-06 6.44282458e-05 2.17704226e-04 3.51896335e-05 4.30699316e-04 4.82594299e-04 1.93037720e-05 3.74173377e-04 1.14912959e-04 4.96783759e-05 6.92509330e-04 8.77959271e-04 1.52986532e-04 5.78603888e-04 1.47096833e-04 5.10524176e-05 1.14781663e-04 6.15835515e-05 1.80630549e-06 2.07229828e-08 3.83000298e-11
 1992 03 20 12 00 00  3.98578049e-03 2.41797953e-03 1.34936743e-03 9.86156602e-04 7.38697540e-04 3.98936837e-04 2.96454428e-04 2.60527248e-04 5.54682083e-04 1.54624332e-04 4.00287906e-03 6.20915145e-03 2.67559478e-04 7.63550016e-05 4.91070330e-05 1.65550278e-04 5.29676676e-05 9.50378482e-05 1.52173988e-04 8.23931186e-05 2.00859700e-04 2.49138731e-04 1.32147640e-04 8.60596891e-05 6.20710343e-06 9.41556937e-06 6.29339265e-06 3.03748563e-05 5.00728420e-06 2.05138023e-05 6.62075330e-05 4.43185098e-05 3.18076782e-05 6.47394605e-05 4.77136229e-05 1.52620065e-05 8.33122755e-05 1.07919445e-04 9.74709692e-06 6.50453725e-05 2.20375559e-04 3.53945681e-05 4.35720683e-04 4.85688215e-04 1.94275286e-05 3.79041878e-04 1.16861297e-04 5.00786409e-05 7.00580749e-04 8.86173177e-04 1.54344960e-04 5.84796271e-04 1.47993687e-04 5.13796413e-05 1.15542783e-04 6.21634243e-05 1.83766352e-06 2.27508039e-08 2.32211139e-10
 1992 03 21 12 00 00  3.99506285e-03 2.42634369e-03 1.35446595e-03 9.89530550e-04 7.41462069e-04 3.99900540e-04 2.97541065e-04 2.61775770e-04 5.57973858e-04 1.55970931e-04 4.02916418e-03 6.25163540e-03 2.69252360e-04 7.70393169e-05 4.94031909e-05 1.66612718e-04 5.31859347e-05 9.56344651e-05 1.53590228e-04 8.33770086e-05 2.02139706e-04 2.50772507e-04 1.32898328e-04 8.64720319e-05 6.22297011e-06 9.40991522e-06 6.30030409e-06 3.04786289e-05 5.02990479e-06 2.05987995e-05 6.66169740e-05 4.44105564e-05 3.19862826e-05 6.51606647e-05 4.90337494e-05 1.52955414e-05 8.41244429e-05 1.08935377e-04 9.74247087e-06 6.57868708e-05 2.22639006e-04 3.62330029e-05 4.39522810e-04 4.97817528e-04 1.99127011e-05 3.85181701e-04 1.18123903e-04 5.17078093e-05 7.09577447e-04 8.95699448e-04 1.56987720e-04 5.88032137e-04 1.47192887e-04 5.10898855e-05 1.14880558e-04 6.17960432e-05 1.82648283e-06 2.25791780e-08 2.27188668e-10
 1992 03 22 12 00 00  4.00402691e-03 2.43126823e-03 1.35766661e-03 9.92086543e-04 7.43818116e-04 4.01091261e-04 2.98665993e-04 2.62987554e-04 5.61159957e-04 1.56618183e-04 4.05483793e-03 6.30474314e-03 2.70369192e-04 7.71581914e-05 4.95461483e-05 1.67500102e-04 5.34632767e-05 9.63857747e-05 1.53899122e-04 8.33728234e-05 2.03741996e-04 2.52821921e-04 1.33725344e-04 8.66951011e-05 6.24308741e-06 9.30957613e-06 6.30896611e-06 3.05553243e-05 5.03042502e-06 2.06516511e-05 6.69571115e-05 4.45271900e-05 3.22135165e-05 6.54405672e-05 4.90604376e-05 1.53375106e-05 8.47870880e-05 1.09921305e-04 9.65908184e-06 6.60380615e-05 2.24690805e-04 3.62345454e-05 4.42846811e-04 4.98043373e-04 1.99217349e-05 3.88381684e-04 1.19717210e-04 5.17140375e-05 7.15263848e-04 9.00976707e-04 1.57674019e-04 5.88807969e-04 1.42259833e-04 4.92982950e-05 1.10753404e-04 5.91198800e-05 1.71141674e-06 1.70204324e-08 1.00000000e-10
 1992 03 23 12 00 00  4.00911841e-03 2.43373050e-03 1.35930117e-03 9.93428723e-04 7.45072248e-04 4.01787937e-04 2.99305564e-04 2.63666290e-04 5.62958940e-04 1.56911995e-04 4.06937329e-03 6.33659959e-03 2.70942617e-04 7.71572233e-05 4.96098268e-05 1.67968800e-04 5.36123000e-05 9.68152366e-05 1.53926435e-04 8.32535385e-05 2.04685137e-04 2.54023923e-04 1.34200187e-04 8.69033644e-05 6.25406319e-06 9.39510574e-06 6.31407311e-06 3.06009819e-05 5.02838338e-06 2.06750050e-05 6.71343293e-05 4.45910817e-05 3.23345157e-05 6.56690109e-05 4.89370897e-05 1.53625035e-05 8.51497665e-05 1.10467105e-04 9.73036658e-06 6.63170466e-05 2.25794659e-04 3.61386861e-05 4.45393010e-04 4.96888130e-04 1.98755252e-05 3.89878593e-04 1.20615074e-04 5.15314518e-05 7.17905668e-04 9.03745832e-04 1.57804588e-04 5.93268082e-04 1.45042326e-04 5.03117828e-05 1.13102420e-04 6.08118129e-05 1.79672355e-06 2.21441763e-08 2.16357687e-10
 1992 03 24 12 00 00  4.01404371e-03 2.43868164e-03 1.36228574e-03 9.95275868e-04 7.46507067e-04 4.02245894e-04 2.99857789e-04 2.64310857e-04 5.64684594e-04 1.57725310e-04 4.08314718e-03 6.35782853e-03 2.71914824e-04 7.75889380e-05 4.97859080e-05 1.68521510e-04 5.36930398e-05 9.70787369e-05 1.54784567e-04 8.39028275e-05 2.05293871e-04 2.54795669e-04 1.34573058e-04 8.72462986e-05 6.26020919e-06 9.56168005e-06 6.31738076e-06 3.06614379e-05 5.04375093e-06 2.07192118e-05 6.73431600e-05 4.46271646e-05 3.23987508e-05 6.59910748e-05 4.98312700e-05 1.53789617e-05 8.55905669e-05 1.10977939e-04 9.86911764e-06 6.69643780e-05 2.26934818e-04 3.66956199e-05 4.48125181e-04 5.05090127e-04 2.02036051e-05 3.93472612e-04 1.21151377e-04 5.26159420e-05 7.22735859e-04 9.09455225e-04 1.59407026e-04 5.99315228e-04 1.51032943e-04 5.24920033e-05 1.18146973e-04 6.43437157e-05 1.96799798e-06 3.19681774e-08 1.12992486e-09
 1992 03 25 12 00 00  4.00876717e-03 2.43636063e-03 1.36071435e-03 9.93760274e-04 7.44975465e-04 4.01470698e-04 2.99152424e-04 2.63555138e-04 5.62759084e-04 1.57445689e-04 4.06767478e-03 6.32593408e-03 2.71326862e-04 7.75699357e-05 4.97172012e-05 1.67942878e-04 5.34590567e-05 9.65451298e-05 1.54632404e-04 8.40108609e-05 2.04250923e-04 2.53458638e-04 1.34046216e-04 8.71945655e-05 6.24388485e-06 9.75067815e-06 6.31183357e-06 3.06074529e-05 5.04709933e-06 2.06797785e-05 6.71036371e-05 4.45335347e-05 3.22027830e-05 6.58818085e-05 5.00215101e-05 1.53530476e-05 8.51717753e-05 1.10317377e-04 1.00265395e-05 6.69954130e-05 2.25527936e-04 3.67948320e-05 4.46498016e-04 5.06811014e-04 2.02724406e-05 3.91656183e-04 1.19969435e-04 5.28132601e-05 7.18890816e-04 9.06307946e-04 1.59091836e-04 6.00930187e-04 1.57890742e-04 5.49876542e-05 1.23920528e-04 6.83762291e-05 2.16287361e-06 4.30981359e-08 2.16382503e-09
 1992 03 26 12 00 00  3.99502005e-03 2.42758104e-03 1.35513135e-03 9.89361590e-04 7.40942580e-04 3.99705577e-04 2.97413412e-04 2.61638670e-04 5.57805539e-04 1.56172147e-04 4.02796167e-03 6.25153929e-03 2.69375901e-04 7.71078285e-05 4.94271422e-05 1.66407650e-04 5.29718411e-05 9.53720417e-05 1.53510153e-04 8.35472718e-05 2.01877133e-04 2.50432236e-04 1.32785548e-04 8.65910481e-05 6.20949431e-06 9.66494845e-06 6.29919305e-06 3.04369239e-05 5.03761112e-06 2.05669808e-05 6.64739248e-05 4.43356199e-05 3.17973580e-05 6.52281837e-05 4.94607957e-05 1.52932160e-05 8.39927250e-05 1.08669946e-04 9.95538066e-06 6.60858233e-05 2.21961009e-04 3.64094682e-05 4.39771047e-04 5.01622518e-04 2.00649007e-05 3.84798220e-04 1.17407949e-04 5.20705944e-05 7.07448257e-04 8.94420582e-04 1.56945256e-04 5.89752500e-04 1.53034491e-04 5.32252827e-05 1.19867137e-04 6.58239927e-05 2.05879883e-06 3.85224801e-08 1.77077961e-09
 1992 03 27 12 00 00  3.97338953e-03 2.41356623e-03 1.34623783e-03 9.82447868e-04 7.34652556e-04 3.96955372e-04 2.94692930e-04 2.58638775e-04 5.50028994e-04 1.54133411e-04 3.96560777e-03 6.13464527e-03 2.66282133e-04 7.63628604e-05 4.89652231e-05 1.64013828e-04 5.22323709e-05 9.35606717e-05 1.51734808e-04 8.27808573e-05 1.98184088e-04 2.45718026e-04 1.30816834e-04 8.57680596e-05 6.15709578e-06 9.69660687e-06 6.27946647e-06 3.01863003e-05 5.02143266e-06 2.03928966e-05 6.55063106e-05 4.40337666e-05 3.11833282e-05 6.43104320e-05 4.85079421e-05 1.51994784e-05 8.21725890e-05 1.06119925e-04 9.98187315e-06 6.48740987e-05 2.16446899e-04 3.57682758e-05 4.30162097e-04 4.92822594e-04 1.97129038e-05 3.74143328e-04 1.13470224e-04 5.08322497e-05 6.89651520e-04 8.76433202e-04 1.53540638e-04 5.78360396e-04 1.53321005e-04 5.33319613e-05 1.20125668e-04 6.61422995e-05 2.08369742e-06 4.06204357e-08 1.98147454e-09
 1992 03 28 12 00 00  3.95432746e-03 2.40213652e-03 1.33890341e-03 9.76537137e-04 7.29167517e-04 3.94450989e-04 2.92268546e-04 2.55986604e-04 5.43166214e-04 1.52524611e-04 3.91052235e-03 6.02837354e-03 2.63703144e-04 7.58574691e-05 4.85984047e-05 1.61931156e-04 5.15509804e-05 9.19027545e-05 1.50455502e-04 8.23739392e-05 1.94817287e-04 2.41417823e-04 1.29048297e-04 8.51191690e-05 6.10888528e-06 9.79444085e-06 6.26148321e-06 2.99715396e-05 5.01335489e-06 2.02456723e-05 6.46613292e-05 4.37561539e-05 3.06170521e-05 6.35586065e-05 4.80289018e-05 1.51141634e-05 8.05975338e-05 1.03858684e-04 1.00634235e-05 6.39895390e-05 2.11590205e-04 3.54320830e-05 4.21955930e-04 4.88381215e-04 1.95352486e-05 3.65492307e-04 1.09859882e-04 5.01857023e-05 6.74667158e-04 8.61675294e-04 1.51044988e-04 5.70101173e-04 1.56436208e-04 5.44668432e-05 1.22757073e-04 6.80496372e-05 2.18066966e-06 4.64996049e-08 2.53558117e-09
 1992 03 29 12 00 00  3.93246164e-03 2.38764649e-03 1.32973703e-03 9.69474309e-04 7.22773936e-04 3.91696562e-04 2.89525737e-04 2.52954244e-04 5.35305781e-04 1.50396693e-04 3.84751461e-03 5.91147840e-03 2.60522767e-04 7.50493270e-05 4.81170093e-05 1.59495794e-04 5.08085999e-05 9.00878280e-05 1.48555058e-04 8.15021573e-05 1.91122995e-04 2.36699000e-04 1.27067947e-04 8.43445044e-05 6.05630412e-06 9.92127898e-06 6.24174063e-06 2.97221287e-05 4.99480520e-06 2.00663840e-05 6.36786305e-05 4.34532762e-05 3.00004554e-05 6.26811103e-05 4.69373743e-05 1.50203981e-05 7.87543439e-05 1.01284541e-04 1.01690857e-05 6.28551189e-05 2.06006404e-04 3.47015273e-05 4.12729002e-04 4.78305558e-04 1.91322223e-05 3.54500543e-04 1.05912425e-04 4.87739890e-05 6.56348382e-04 8.43401303e-04 1.47410851e-04 5.61745993e-04 1.60921184e-04 5.60993198e-05 1.26535320e-04 7.07072822e-05 2.31039868e-06 5.40008330e-08 3.23454721e-09
 1992 03 30 12 00 00  3.90834225e-03 2.36843399e-03 1.31786116e-03 9.60991468e-04 7.15439671e-04 3.88930668e-04 2.86583412e-04 2.49623382e-04 5.26650999e-04 1.47383823e-04 3.77837126e-03 5.79458475e-03 2.56488307e-04 7.36104374e-05 4.74410361e-05 1.56683570e-04 5.00705792e-05 8.82782275e-05 1.45398459e-04 7.95739470e-05 1.87426366e-04 2.31987081e-04 1.24992756e-04 8.31843842e-05 6.00399690e-06 9.77734526e-06 6.22201987e-06 2.94150616e-05 4.95256390e-06 1.98415303e-05 6.25448234e-05 4.31519351e-05 2.93877092e-05 6.14777699e-05 4.44596692e-05 1.49266751e-05 7.65907052e-05 9.84587797e-05 1.00494362e-05 6.08943483e-05 1.99742101e-04 3.30756593e-05 4.01311464e-04 4.55475036e-04 1.82190014e-05 3.39562256e-04 1.01979531e-04 4.56257258e-05 6.33280545e-04 8.18872740e-04 1.41536951e-04 5.44679718e-04 1.54042379e-04 5.36006588e-05 1.20777349e-04 6.69502157e-05 2.14711273e-06 4.59733812e-08 2.51921506e-09
 1992 03 31 12 00 00  3.88905569e-03 2.35926577e-03 1.31175083e-03 9.55562488e-04 7.10153801e-04 3.86201811e-04 2.84076697e-04 2.46940745e-04 5.19708947e-04 1.46254994e-04 3.72245449e-03 5.67769334e-03 2.54276418e-04 7.35184802e-05 4.71804041e-05 1.54691845e-04 4.93369298e-05 8.64739879e-05 1.44934376e-04 7.98983499e-05 1.83744184e-04 2.27282116e-04 1.23128061e-04 8.26382725e-05 5.95196543e-06 9.91175912e-06 6.20232240e-06 2.92155839e-05 4.96062130e-06 1.97163651e-05 6.17357735e-05 4.28521162e-05 2.87788222e-05 6.07955358e-05 4.49262967e-05 1.48330015e-05 7.50925068e-05 9.61748272e-05 1.01613870e-05 6.03108446e-05 1.94953059e-04 3.33570584e-05 3.93119390e-04 4.59743628e-04 1.83897451e-05 3.32918401e-04 9.80612589e-05 4.61756514e-05 6.20525877e-04 8.06940112e-04 1.40464615e-04 5.37154663e-04 1.58959716e-04 5.53900369e-05 1.24916427e-04 6.98347287e-05 2.28606712e-06 5.38780398e-08 3.25277014e-09
 1992 04 01 12 00 00  3.87607646e-03 2.34925797e-03 1.30554056e-03 9.51036558e-04 7.06189492e-04 3.84679021e-04 2.82478074e-04 2.45137520e-04 5.15039271e-04 1.44697807e-04 3.68513885e-03 5.61392456e-03 2.52153774e-04 7.27899445e-05 4.68292606e-05 1.53172601e-04 4.89175087e-05 8.54662678e-05 1.43309135e-04 7.89450249e-05 1.81707132e-04 2.24685163e-04 1.21995019e-04 8.20279653e-05 5.92237302e-06 9.85012011e-06 6.19147831e-06 2.90479154e-05 4.94005872e-06 1.95949239e-05 6.11173268e-05 4.26818413e-05 2.84297101e-05 6.01557470e-05 4.37181676e-05 1.47816972e-05 7.39251553e-05 9.46319590e-05 1.01102167e-05 5.92984891e-05 1.91536216e-04 3.25558765e-05 3.86961277e-04 4.48600935e-04 1.79440374e-05 3.25040249e-04 9.58596531e-05 4.46259917e-05 6.08161374e-04 7.93889053e-04 1.37438314e-04 5.27908771e-04 1.55531017e-04 5.41456217e-05 1.22053765e-04 6.80257539e-05 2.21180376e-06 5.05711853e-08 2.96744282e-09
 1992 04 02 12 00 00  3.86955715e-03 2.34433753e-03 1.30247822e-03 9.48738918e-04 7.04139368e-04 3.83896234e-04 2.81662479e-04 2.44217386e-04 5.12676771e-04 1.43931377e-04 3.66628067e-03 5.58203086e-03 2.51096301e-04 7.24256523e-05 4.66540045e-05 1.52386120e-04 4.86845034e-05 8.49338481e-05 1.42468593e-04 7.84745091e-05 1.80650136e-04 2.23349671e-04 1.21415147e-04 8.14585046e-05 5.90611016e-06 9.46136861e-06 6.18593549e-06 2.89339181e-05 4.93036277e-06 1.95302125e-05 6.07795293e-05 4.25885461e-05 2.82345980e-05 5.96084897e-05 4.31455934e-05 1.47557919e-05 7.32835608e-05 9.38094272e-05 9.78688040e-06 5.83154062e-05 1.89710719e-04 3.21642030e-05 3.81935984e-04 4.43305023e-04 1.77322009e-05 3.20762445e-04 9.46809596e-05 4.38708055e-05 6.01692121e-04 7.85966903e-04 1.35894149e-04 5.11425021e-04 1.38178360e-04 4.78398311e-05 1.07509856e-04 5.83862816e-05 1.78179936e-06 2.85575716e-08 9.82051418e-10
 1992 04 03 12 00 00  3.85361656e-03 2.33656580e-03 1.29732099e-03 9.44187529e-04 6.99720925e-04 3.81653375e-04 2.79590929e-04 2.41994164e-04 5.06931455e-04 1.42955264e-04 3.62003740e-03 5.48638813e-03 2.49231939e-04 7.23078387e-05 4.64277962e-05 1.50719261e-04 4.80743096e-05 8.34454899e-05 1.41989325e-04 7.86716875e-05 1.77620735e-04 2.19484380e-04 1.19877408e-04 8.08791753e-05 5.86291353e-06 9.40824102e-06 6.16976758e-06 2.87544146e-05 4.93567968e-06 1.94230333e-05 6.00961575e-05 4.23397723e-05 2.77276558e-05 5.89362143e-05 4.34511807e-05 1.46790437e-05 7.20127642e-05 9.19023387e-05 9.74278810e-06 5.75903010e-05 1.85697142e-04 3.23387096e-05 3.74295504e-04 4.46088290e-04 1.78435316e-05 3.14926688e-04 9.14418953e-05 4.42140037e-05 5.90814207e-04 7.75213779e-04 1.34852603e-04 4.99894172e-04 1.35137885e-04 4.67364718e-05 1.04972438e-04 5.67917878e-05 1.71702469e-06 2.57303920e-08 7.39826334e-10
 1992 04 04 12 00 00  3.83787637e-03 2.32645399e-03 1.29089666e-03 9.39144751e-04 6.95107197e-04 3.79637999e-04 2.77602587e-04 2.39802097e-04 5.01262839e-04 1.41485829e-04 3.57458535e-03 5.40136695e-03 2.46990047e-04 7.17719421e-05 4.60938431e-05 1.48962707e-04 4.75197827e-05 8.21076217e-05 1.40696499e-04 7.81279174e-05 1.74911130e-04 2.16029280e-04 1.18436580e-04 8.01993810e-05 5.82375287e-06 9.32300973e-06 6.15533354e-06 2.85605438e-05 4.92442086e-06 1.92938869e-05 5.93759777e-05 4.21143835e-05 2.72663281e-05 5.81974204e-05 4.27866733e-05 1.46106890e-05 7.06643898e-05 9.00202554e-05 9.67199667e-06 5.65663032e-05 1.81621429e-04 3.18856066e-05 3.66669973e-04 4.39943844e-04 1.75977538e-05 3.07055265e-04 8.85221583e-05 4.33400972e-05 5.77701812e-04 7.61639494e-04 1.32374157e-04 4.87926666e-04 1.30643136e-04 4.51046935e-05 1.01216497e-04 5.43924473e-05 1.61654857e-06 2.10910493e-08 3.34569528e-10
 1992 04 05 12 00 00  3.82252868e-03 2.31439822e-03 1.28343198e-03 9.33730683e-04 6.90378714e-04 3.77852685e-04 2.75714818e-04 2.37666569e-04 4.95737696e-04 1.39596982e-04 3.53045182e-03 5.32696694e-03 2.44441686e-04 7.08688880e-05 4.56678822e-05 1.47148846e-04 4.70223720e-05 8.09220364e-05 1.38689447e-04 7.69286242e-05 1.72526506e-04 2.12986666e-04 1.17101676e-04 7.95277017e-05 5.78871950e-06 9.33397241e-06 6.14263990e-06 2.83644815e-05 4.89857593e-06 1.91468612e-05 5.86374847e-05 4.19129006e-05 2.68519012e-05 5.74837608e-05 4.12680150e-05 1.45507467e-05 6.92783912e-05 8.81920834e-05 9.68125532e-06 5.54515117e-05 1.77556408e-04 3.08779010e-05 3.59791306e-04 4.25936395e-04 1.70374558e-05 2.97557588e-04 8.59265740e-05 4.13910893e-05 5.62768061e-04 7.46110522e-04 1.28643043e-04 4.79601564e-04 1.30143324e-04 4.49253183e-05 1.00813738e-04 5.42545308e-05 1.61979041e-06 2.19798697e-08 4.33592273e-10
 1992 04 06 12 00 00  3.82865477e-03 2.31916654e-03 1.28638546e-03 9.35710942e-04 6.92013706e-04 3.78533956e-04 2.76433228e-04 2.38469068e-04 4.97886423e-04 1.40320029e-04 3.54769161e-03 5.35881296e-03 2.45422381e-04 7.11673243e-05 4.58241885e-05 1.47770377e-04 4.71466396e-05 8.13211605e-05 1.39289422e-04 7.73163280e-05 1.73432350e-04 2.14149331e-04 1.17608276e-04 7.96349473e-05 5.79813714e-06 9.15945930e-06 6.14761884e-06 2.84055367e-05 4.90825369e-06 1.91878813e-05 5.88561493e-05 4.19681281e-05 2.69510492e-05 5.76225791e-05 4.18282347e-05 1.45754704e-05 6.97316734e-05 8.88051880e-05 9.53618292e-06 5.56091480e-05 1.78864795e-04 3.12146090e-05 3.61273340e-04 4.31059743e-04 1.72423897e-05 3.00563004e-04 8.67416384e-05 4.20493539e-05 5.67378822e-04 7.50372192e-04 1.29805824e-04 4.75717832e-04 1.21833621e-04 4.19068343e-05 9.38575546e-05 4.97119154e-05 1.42208859e-06 1.22387469e-08 1.00000000e-10
 1992 04 07 12 00 00  3.84267175e-03 2.32920762e-03 1.29267016e-03 9.40208272e-04 6.95900233e-04 3.80197244e-04 2.78131662e-04 2.40353674e-04 5.02857887e-04 1.41814706e-04 3.58757323e-03 5.43315597e-03 2.47550809e-04 7.17515490e-05 4.61533107e-05 1.49248325e-04 4.75197652e-05 8.23544047e-05 1.40546125e-04 7.80127710e-05 1.75659989e-04 2.16994387e-04 1.18821480e-04 8.01509644e-05 5.82534703e-06 9.12985415e-06 6.15966710e-06 2.85430409e-05 4.92483850e-06 1.92898355e-05 5.94190869e-05 4.21261095e-05 2.72558042e-05 5.81843542e-05 4.27926629e-05 1.46340622e-05 7.08522514e-05 9.03306942e-05 9.51166294e-06 5.64169981e-05 1.82136156e-04 3.18128237e-05 3.66957454e-04 4.39903009e-04 1.75961204e-05 3.07544574e-04 8.89215909e-05 4.32147528e-05 5.78325436e-04 7.61545360e-04 1.32232721e-04 4.80441805e-04 1.19774605e-04 4.11602850e-05 9.21438608e-05 4.86723013e-05 1.38271664e-06 1.07620735e-08 1.00000000e-10
 1992 04 08 12 00 00  3.86479917e-03 2.34218704e-03 1.30102252e-03 9.46744874e-04 7.01861166e-04 3.83075856e-04 2.80897868e-04 2.43356563e-04 5.10737364e-04 1.43589007e-04 3.65096622e-03 5.56062087e-03 2.50451789e-04 7.22038017e-05 4.65475927e-05 1.51500350e-04 4.82037198e-05 8.41800007e-05 1.41648098e-04 7.82766379e-05 1.79539103e-04 2.21942079e-04 1.20842267e-04 8.10325570e-05 5.87478316e-06 9.28874942e-06 6.18055274e-06 2.87694902e-05 4.93175539e-06 1.94319846e-05 6.02987272e-05 4.24124446e-05 2.78173364e-05 5.91515282e-05 4.31912689e-05 1.47349871e-05 7.25778025e-05 9.28073017e-05 9.64397332e-06 5.76792415e-05 1.87340276e-04 3.20447230e-05 3.77282431e-04 4.43538794e-04 1.77415518e-05 3.16561469e-04 9.28068475e-05 4.36698232e-05 5.93462838e-04 7.77134262e-04 1.34497664e-04 4.95850810e-04 1.25804219e-04 4.33538071e-05 9.72148604e-05 5.21719352e-05 1.54892563e-06 2.00477594e-08 3.03582048e-10
 1992 04 09 12 00 00  3.88518881e-03 2.35715431e-03 1.31036257e-03 9.53414357e-04 7.07618798e-04 3.85475044e-04 2.83369751e-04 2.46111063e-04 5.17983970e-04 1.45844093e-04 3.70905099e-03 5.66683523e-03 2.53615386e-04 7.31309602e-05 4.70460360e-05 1.53693749e-04 4.87593701e-05 8.56837840e-05 1.43648147e-04 7.94207852e-05 1.82747043e-04 2.26042409e-04 1.22602871e-04 8.17245633e-05 5.91507851e-06 9.13139811e-06 6.19788188e-06 2.89711214e-05 4.95841596e-06 1.95883638e-05 6.11392019e-05 4.26460436e-05 2.82726483e-05 5.99194452e-05 4.47450206e-05 1.48189341e-05 7.42306655e-05 9.50490414e-05 9.51315233e-06 5.87609350e-05 1.92183818e-04 3.30226641e-05 3.85061833e-04 4.57803522e-04 1.83121409e-05 3.27121448e-04 9.59966914e-05 4.55719244e-05 6.10088769e-04 7.93823031e-04 1.38324848e-04 4.99632034e-04 1.18406773e-04 4.06664953e-05 9.10208877e-05 4.81154236e-05 1.37151979e-06 1.12388157e-08 1.00000000e-10
 1992 04 10 12 00 00  3.90109895e-03 2.36836249e-03 1.31739360e-03 9.58490792e-04 7.12031236e-04 3.87380464e-04 2.85304923e-04 2.48254815e-04 5.23633002e-04 1.47503482e-04 3.75436581e-03 5.75180203e-03 2.56003330e-04 7.37678194e-05 4.74125515e-05 1.55370879e-04 4.91915504e-05 8.68716859e-05 1.45033136e-04 8.01631017e-05 1.85301113e-04 2.29303055e-04 1.23987673e-04 8.23342939e-05 5.94653757e-06 9.13573022e-06 6.21168147e-06 2.91303978e-05 4.97597684e-06 1.97035271e-05 6.17796400e-05 4.28286061e-05 2.86260096e-05 6.05794665e-05 4.57669114e-05 1.48859588e-05 7.55048832e-05 9.67901517e-05 9.51685361e-06 5.97130740e-05 1.95912871e-04 3.36593308e-05 3.91738647e-04 4.67177149e-04 1.86870860e-05 3.34956277e-04 9.85073042e-05 4.68116341e-05 6.22429348e-04 8.06510815e-04 1.40995513e-04 5.06458496e-04 1.17909296e-04 4.04872882e-05 9.06152110e-05 4.79366607e-05 1.37010604e-06 1.16712648e-08 1.00000000e-10
 1992 04 11 12 00 00  3.91120352e-03 2.37308838e-03 1.32055213e-03 9.61134325e-04 7.14526112e-04 3.88776497e-04 2.86581057e-04 2.49607427e-04 5.27212487e-04 1.48056073e-04 3.78325510e-03 5.81551641e-03 2.57120058e-04 7.37492591e-05 4.75345695e-05 1.56302428e-04 4.94930020e-05 8.77348008e-05 1.45071458e-04 7.98939203e-05 1.87188786e-04 2.31712489e-04 1.24935791e-04 8.26650390e-05 5.96870414e-06 9.18734440e-06 6.22191365e-06 2.92137900e-05 4.97082838e-06 1.97493036e-05 6.21244291e-05 4.29575855e-05 2.88710115e-05 6.09640395e-05 4.54602297e-05 1.49359810e-05 7.62092758e-05 9.78725200e-05 9.55989235e-06 6.01086294e-05 1.98100504e-04 3.34385433e-05 3.96203674e-04 4.64326765e-04 1.85730706e-05 3.37752266e-04 1.00314408e-04 4.63880744e-05 6.27605921e-04 8.11581473e-04 1.41198843e-04 5.12439392e-04 1.19452090e-04 4.10496566e-05 9.19207156e-05 4.89012029e-05 1.42036116e-06 1.48002233e-08 1.00000000e-10
 1992 04 12 12 00 00  3.91898855e-03 2.37854593e-03 1.32397910e-03 9.63548930e-04 7.16589911e-04 3.89695295e-04 2.87514925e-04 2.50638605e-04 5.29959095e-04 1.48855109e-04 3.80528385e-03 5.85798323e-03 2.58275496e-04 7.40416224e-05 4.77100691e-05 1.57083915e-04 4.96729219e-05 8.82844266e-05 1.45692244e-04 8.02286086e-05 1.88420909e-04 2.33285342e-04 1.25602179e-04 8.29616675e-05 5.98215738e-06 9.20869279e-06 6.22862572e-06 2.92822398e-05 4.97907458e-06 1.97983945e-05 6.24051534e-05 4.30362095e-05 2.90157768e-05 6.12821932e-05 4.59381641e-05 1.49690983e-05 7.67993850e-05 9.86803332e-05 9.57774610e-06 6.05755654e-05 1.99803316e-04 3.37283127e-05 3.99397363e-04 4.68700757e-04 1.87480303e-05 3.41320513e-04 1.01448782e-04 4.69540217e-05 6.33103115e-04 8.17293706e-04 1.42389263e-04 5.15773190e-04 1.19714601e-04 4.11466235e-05 9.21520113e-05 4.91445630e-05 1.43777427e-06 1.61962141e-08 4.19069224e-12
 1992 04 13 12 00 00  3.91992381e-03 2.37805652e-03 1.32376568e-03 9.63492455e-04 7.16590642e-04 3.89878899e-04 2.87634954e-04 2.50738541e-04 5.30264322e-04 1.48702853e-04 3.80782671e-03 5.86858019e-03 2.58212506e-04 7.38557437e-05 4.76744705e-05 1.57073039e-04 4.96746972e-05 8.83688626e-05 1.45302339e-04 7.98881752e-05 1.88675355e-04 2.33609866e-04 1.25702860e-04 8.29679462e-05 5.98280094e-06 9.25318527e-06 6.23008018e-06 2.92721764e-05 4.97210349e-06 1.97838944e-05 6.23775245e-05 4.30407381e-05 2.90138385e-05 6.12979424e-05 4.55261994e-05 1.49769112e-05 7.67869113e-05 9.87205877e-05 9.61485348e-06 6.05322593e-05 1.99796350e-04 3.34452838e-05 3.99807905e-04 4.64888916e-04 1.85955567e-05 3.40450828e-04 1.01587863e-04 4.64085577e-05 6.31946044e-04 8.16048984e-04 1.41703661e-04 5.16829433e-04 1.20994356e-04 4.16132805e-05 9.32361510e-05 4.99552327e-05 1.48064427e-06 1.89069954e-08 2.62140176e-10
 1992 04 14 12 00 00  3.92023032e-03 2.37900272e-03 1.32430064e-03 9.63658339e-04 7.16610641e-04 3.89833891e-04 2.87634538e-04 2.50751327e-04 5.30342759e-04 1.48874594e-04 3.80841779e-03 5.86855710e-03 2.58364032e-04 7.39676945e-05 4.77095087e-05 1.57081314e-04 4.96227585e-05 8.83052009e-05 1.45488745e-04 8.00870010e-05 1.88613828e-04 2.33527316e-04 1.25689198e-04 8.30806654e-05 5.97953149e-06 9.38949743e-06 6.22981097e-06 2.92730677e-05 4.97716210e-06 1.97828668e-05 6.23620664e-05 4.30225569e-05 2.89680000e-05 6.13856272e-05 4.58184775e-05 1.49763451e-05 7.68035213e-05 9.86950525e-05 9.72834969e-06 6.07756143e-05 1.99736066e-04 3.36187484e-05 4.00359140e-04 4.67559126e-04 1.87023650e-05 3.40942585e-04 1.01414172e-04 4.67481703e-05 6.32131898e-04 8.16789443e-04 1.42029486e-04 5.20123291e-04 1.26221155e-04 4.35146008e-05 9.76309295e-05 5.29799058e-05 1.62371654e-06 2.68582241e-08 9.95610172e-10
 1992 04 15 12 00 00  3.92404951e-03 2.38166352e-03 1.32597223e-03 9.64810281e-04 7.17579554e-04 3.90280406e-04 2.88086992e-04 2.51248696e-04 5.31680259e-04 1.49259388e-04 3.81916245e-03 5.88978343e-03 2.58922944e-04 7.40984426e-05 4.77926797e-05 1.57447029e-04 4.96991153e-05 8.85633286e-05 1.45753539e-04 8.02320894e-05 1.89210963e-04 2.34292098e-04 1.26012180e-04 8.31694410e-05 5.98540173e-06 9.33072224e-06 6.23309606e-06 2.92977671e-05 4.98104164e-06 1.98039431e-05 6.24862723e-05 4.30571090e-05 2.90283788e-05 6.14921621e-05 4.60416428e-05 1.49927568e-05 7.70720357e-05 9.90701400e-05 9.67953310e-06 6.09013947e-05 2.00515500e-04 3.37468868e-05 4.01509509e-04 4.69592498e-04 1.87836999e-05 3.42527675e-04 1.01935875e-04 4.70000086e-05 6.34594942e-04 8.19128152e-04 1.42551588e-04 5.19217956e-04 1.23115204e-04 4.23870264e-05 9.50356007e-05 5.13226875e-05 1.55437178e-06 2.36607388e-08 7.16429760e-10
 1992 04 16 12 00 00  3.93483700e-03 2.39047480e-03 1.33140165e-03 9.68510588e-04 7.20675070e-04 3.91469955e-04 2.89367608e-04 2.52696528e-04 5.35503909e-04 1.50634095e-04 3.84974946e-03 5.94288446e-03 2.60739197e-04 7.47349775e-05 4.80954039e-05 1.58630639e-04 4.99614107e-05 8.92961805e-05 1.47088198e-04 8.10971076e-05 1.90801110e-04 2.36317583e-04 1.26909981e-04 8.37140808e-05 6.00457170e-06 9.46474902e-06 6.24168024e-06 2.94191829e-05 5.00112146e-06 1.98920844e-05 6.29396949e-05 4.31684719e-05 2.92423269e-05 6.20421248e-05 4.72123182e-05 1.50345615e-05 7.79870711e-05 1.00246107e-04 9.79114848e-06 6.18436017e-05 2.03083717e-04 3.44856060e-05 4.06625544e-04 4.80342647e-04 1.92137059e-05 3.48907590e-04 1.03478844e-04 4.84364311e-05 6.44026947e-04 8.29433385e-04 1.45059399e-04 5.27452448e-04 1.28115353e-04 4.42062679e-05 9.92424519e-05 5.42390619e-05 1.69379695e-06 3.15163554e-08 1.44365355e-09
 1992 04 17 12 00 00  3.94417440e-03 2.39629006e-03 1.33511093e-03 9.71293163e-04 7.23149846e-04 3.92645620e-04 2.90515927e-04 2.53948281e-04 5.38812082e-04 1.51446547e-04 3.87635432e-03 5.99598214e-03 2.62010755e-04 7.49691253e-05 4.82740732e-05 1.59565602e-04 5.02193288e-05 9.00236715e-05 1.47619876e-04 8.12897692e-05 1.92393078e-04 2.38336098e-04 1.27743034e-04 8.43522559e-05 6.02346590e-06 9.90518529e-06 6.25024259e-06 2.95329504e-05 5.00621536e-06 1.99498896e-05 6.33050301e-05 4.32783039e-05 2.94524187e-05 6.26702665e-05 4.75056324e-05 1.50763197e-05 7.87410176e-05 1.01275351e-04 1.01577200e-05 6.28827326e-05 2.05235800e-04 3.46552872e-05 4.12744121e-04 4.83016842e-04 1.93206737e-05 3.53049996e-04 1.05007191e-04 4.87696205e-05 6.50337854e-04 8.37144319e-04 1.46128338e-04 5.44970584e-04 1.46038054e-04 5.07231603e-05 1.14292507e-04 6.44405702e-05 2.16536939e-06 5.69273652e-08 3.76857408e-09
 1992 04 18 12 00 00  3.95592102e-03 2.40437258e-03 1.34019702e-03 9.74977842e-04 7.26358686e-04 3.94063408e-04 2.91944920e-04 2.55525622e-04 5.42977370e-04 1.52629373e-04 3.90978110e-03 6.05970249e-03 2.63739236e-04 7.54011478e-05 4.85349777e-05 1.60783208e-04 5.05324162e-05 9.09010589e-05 1.48563944e-04 8.17724271e-05 1.94303607e-04 2.40764033e-04 1.28767916e-04 8.50387526e-05 6.04636552e-06 1.02565697e-05 6.26053443e-06 2.96688275e-05 5.01782706e-06 2.00309139e-05 6.37750309e-05 4.34113637e-05 2.97076971e-05 6.33579386e-05 4.81802155e-05 1.51264685e-05 7.97005641e-05 1.02564723e-04 1.04502098e-05 6.40116980e-05 2.07974784e-04 3.50708520e-05 4.19401932e-04 4.89198764e-04 1.95679506e-05 3.58820290e-04 1.06853223e-04 4.95798129e-05 6.59101721e-04 8.47196239e-04 1.47953101e-04 5.60612346e-04 1.60101083e-04 5.58372227e-05 1.26105742e-04 7.24817310e-05 2.53947641e-06 7.72644825e-08 5.63368587e-09
 1992 04 19 12 00 00  3.97314244e-03 2.41556260e-03 1.34729365e-03 9.80264122e-04 7.31042623e-04 3.96202605e-04 2.94062305e-04 2.57848549e-04 5.49096064e-04 1.54230859e-04 3.95891719e-03 6.15528971e-03 2.66170422e-04 7.59314000e-05 4.88898003e-05 1.62557592e-04 5.10188111e-05 9.22376872e-05 1.49757988e-04 8.22950620e-05 1.97178929e-04 2.44432576e-04 1.30296747e-04 8.57220578e-05 6.08176961e-06 1.03405364e-05 6.27605987e-06 2.98409520e-05 5.03045048e-06 2.01466951e-05 6.44525166e-05 4.36168106e-05 3.01053951e-05 6.40990132e-05 4.89132537e-05 1.52018707e-05 8.10532438e-05 1.04454705e-04 1.05202045e-05 6.50430017e-05 2.11977592e-04 3.55212425e-05 4.27066506e-04 4.95914809e-04 1.98365923e-05 3.66552054e-04 1.09678309e-04 5.04581549e-05 6.71558853e-04 8.60085161e-04 1.50293432e-04 5.70564807e-04 1.62751181e-04 5.68027412e-05 1.28344817e-04 7.41089596e-05 2.62249167e-06 8.23166772e-08 6.11027318e-09
 1992 04 20 12 00 00  3.99563305e-03 2.42942650e-03 1.35615250e-03 9.87023582e-04 7.37117980e-04 3.99062245e-04 2.96850268e-04 2.60890455e-04 5.57096844e-04 1.56170045e-04 4.02320533e-03 6.28274381e-03 2.69226649e-04 7.65034069e-05 4.93210889e-05 1.64855164e-04 5.16789849e-05 9.40341270e-05 1.51093733e-04 8.27627548e-05 2.01024131e-04 2.49342470e-04 1.32320924e-04 8.65118691e-05 6.12970762e-06 1.03348037e-05 6.29682108e-06 3.00573363e-05 5.04190102e-06 2.02931196e-05 6.53292999e-05 4.38948191e-05 3.06459406e-05 6.49864394e-05 4.95773216e-05 1.53025379e-05 8.27909341e-05 1.06932780e-04 1.05155661e-05 6.61667791e-05 2.17201575e-04 3.59255617e-05 4.36568486e-04 5.01994464e-04 2.00797786e-05 3.76019799e-04 1.13484042e-04 5.12474566e-05 6.87281344e-04 8.75875963e-04 1.52948393e-04 5.80420977e-04 1.61580184e-04 5.63792932e-05 1.27378302e-04 7.35877280e-05 2.60793026e-06 8.22399073e-08 6.12079702e-09
 1992 04 21 12 00 00  4.00847829e-03 2.44000111e-03 1.36266472e-03 9.91386455e-04 7.40721849e-04 4.00455446e-04 2.98359763e-04 2.62597196e-04 5.61633910e-04 1.57817198e-04 4.05947443e-03 6.34644777e-03 2.71395436e-04 7.72635272e-05 4.96834417e-05 1.66230947e-04 5.19566354e-05 9.48680681e-05 1.52669543e-04 8.38012376e-05 2.02878015e-04 2.51714057e-04 1.33374821e-04 8.69346275e-05 6.15037643e-06 1.01937396e-05 6.30693030e-06 3.01720624e-05 5.06619253e-06 2.03917740e-05 6.58269469e-05 4.40154690e-05 3.08699411e-05 6.54463197e-05 5.09924779e-05 1.53523011e-05 8.38166492e-05 1.08271659e-04 1.03983271e-05 6.68847990e-05 2.20110917e-04 3.68139619e-05 4.40948047e-04 5.14983862e-04 2.05993545e-05 3.83231645e-04 1.15211541e-04 5.29758865e-05 6.98077205e-04 8.86792994e-04 1.55889999e-04 5.80288308e-04 1.54665056e-04 5.38678083e-05 1.21592576e-04 6.98337131e-05 2.44634224e-06 7.44195518e-08 5.42727783e-09
 1992 04 22 12 00 00  4.01046206e-03 2.44192368e-03 1.36383014e-03 9.91972780e-04 7.41085795e-04 4.00611036e-04 2.98553381e-04 2.62816945e-04 5.62289226e-04 1.58113354e-04 4.06470178e-03 6.35702759e-03 2.71755644e-04 7.73914970e-05 4.97449835e-05 1.66365672e-04 5.19195746e-05 9.49049136e-05 1.52878256e-04 8.39941262e-05 2.03077906e-04 2.51976874e-04 1.33500606e-04 8.68486980e-05 6.14857490e-06 9.99391341e-06 6.30818176e-06 3.01551275e-05 5.07153381e-06 2.03933439e-05 6.58296586e-05 4.40064090e-05 3.08337301e-05 6.53786610e-05 5.12987492e-05 1.53596906e-05 8.38875279e-05 1.08364048e-04 1.02321879e-05 6.67433162e-05 2.20270856e-04 3.69858288e-05 4.40309784e-04 5.17769547e-04 2.07107819e-05 3.83875140e-04 1.15220773e-04 5.33146027e-05 6.98806973e-04 8.87020842e-04 1.56266734e-04 5.73166589e-04 1.45299183e-04 5.04653544e-05 1.13749967e-04 6.46939683e-05 2.22130277e-06 6.32249993e-08 4.42615757e-09
 1992 04 23 12 00 00  3.99544924e-03 2.43354940e-03 1.35840005e-03 9.87375915e-04 7.36708771e-04 3.98564208e-04 2.96611138e-04 2.60704599e-04 5.56863161e-04 1.56967448e-04 4.02106671e-03 6.27198741e-03 2.69818472e-04 7.70873186e-05 4.94826834e-05 1.64703584e-04 5.13247505e-05 9.35176504e-05 1.52035159e-04 8.38446082e-05 2.00315921e-04 2.48457699e-04 1.32070321e-04 8.61642985e-05 6.10687785e-06 9.82355996e-06 6.29353963e-06 2.99588430e-05 5.06917022e-06 2.02736699e-05 6.51192022e-05 4.37669165e-05 3.03368404e-05 6.46310663e-05 5.11543883e-05 1.52908964e-05 8.25952222e-05 1.06506310e-04 1.00905636e-05 6.57661802e-05 2.16279597e-04 3.68673005e-05 4.32316476e-04 5.16409547e-04 2.06563819e-05 3.77084229e-04 1.12166256e-04 5.30899211e-05 6.86913847e-04 8.74665948e-04 1.54552868e-04 5.58207293e-04 1.37250193e-04 4.75414399e-05 1.07011080e-04 6.02855807e-05 2.02887613e-06 5.36990896e-08 3.57550789e-09
 1992 04 24 12 00 00  3.96905850e-03 2.41538797e-03 1.34697338e-03 9.78682104e-04 7.28895359e-04 3.95285048e-04 2.93312112e-04 2.57041828e-04 5.47378788e-04 1.54258901e-04 3.94502586e-03 6.13382868e-03 2.65871063e-04 7.60024264e-05 4.88736394e-05 1.61721644e-04 5.04249183e-05 9.13451891e-05 1.49537310e-04 8.25986150e-05 1.95912817e-04 2.42845202e-04 1.29694695e-04 8.49532617e-05 6.04332199e-06 9.62815466e-06 6.27008922e-06 2.96262291e-05 5.04210548e-06 2.00477057e-05 6.38884344e-05 4.34011105e-05 2.95883103e-05 6.33421260e-05 4.95654123e-05 1.51798376e-05 8.02909380e-05 1.03360293e-04 9.92806745e-06 6.38656851e-05 2.09419526e-04 3.58185935e-05 4.19333479e-04 5.01760559e-04 2.00704224e-05 3.62902610e-04 1.07425952e-04 5.10604645e-05 6.63945958e-04 8.50559550e-04 1.49758554e-04 5.37460127e-04 1.28325059e-04 4.42985929e-05 9.95339000e-05 5.53562770e-05 1.81091233e-06 4.26888633e-08 2.58637076e-09
 1992 04 25 12 00 00  3.93831123e-03 2.39647970e-03 1.33488951e-03 9.69088436e-04 7.20065750e-04 3.91288132e-04 2.89421938e-04 2.52779413e-04 5.36332035e-04 1.51573345e-04 3.85630558e-03 5.96379973e-03 2.61645841e-04 7.51316186e-05 4.82670940e-05 1.58366906e-04 4.93474246e-05 8.87081318e-05 1.47402992e-04 8.18367582e-05 1.90534764e-04 2.35985133e-04 1.26861027e-04 8.36990898e-05 5.96698665e-06 9.50204485e-06 6.24138484e-06 2.92636508e-05 5.02589864e-06 1.98092359e-05 6.25144591e-05 4.29613836e-05 2.86935014e-05 6.19597217e-05 4.86117642e-05 1.50434716e-05 7.77164115e-05 9.97188132e-05 9.82322235e-06 6.20381153e-05 2.01594956e-04 3.51801922e-05 4.04727319e-04 4.92957501e-04 1.97183000e-05 3.48493113e-04 1.01691973e-04 4.98268637e-05 6.39614307e-04 8.25663814e-04 1.45555470e-04 5.16286251e-04 1.22384156e-04 4.21404324e-05 9.45596905e-05 5.21001165e-05 1.66861963e-06 3.56321593e-08 1.95587546e-09
 1992 04 26 12 00 00  3.90304713e-03 2.37366430e-03 1.32041329e-03 9.57883872e-04 7.09899420e-04 3.86808196e-04 2.84998001e-04 2.47907449e-04 5.23680764e-04 1.48265465e-04 3.75476888e-03 5.77252805e-03 2.56622314e-04 7.39531755e-05 4.75231685e-05 1.54499287e-04 4.81586030e-05 8.57700768e-05 1.44624503e-04 8.06415919e-05 1.84512643e-04 2.28304694e-04 1.23656230e-04 8.22111602e-05 5.88258044e-06 9.32690527e-06 6.20921346e-06 2.88474321e-05 4.99978232e-06 1.95304728e-05 6.09412735e-05 4.24748694e-05 2.77074578e-05 6.03430553e-05 4.70794592e-05 1.48903157e-05 7.47452113e-05 9.55772564e-05 9.67756641e-06 5.97965791e-05 1.92663288e-04 3.41729756e-05 3.87992328e-04 4.78836054e-04 1.91534422e-05 3.31182369e-04 9.53193812e-05 4.78768779e-05 6.11023657e-04 7.96116716e-04 1.40151499e-04 4.91740700e-04 1.14484962e-04 3.92701264e-05 8.79404102e-05 4.77236032e-05 1.47416392e-06 2.57368114e-08 1.06497726e-09
 1992 04 27 12 00 00  3.87187751e-03 2.35371208e-03 1.30773508e-03 9.48039382e-04 7.00951331e-04 3.82833064e-04 2.81084996e-04 2.43604092e-04 5.12501722e-04 1.45387485e-04 3.66502686e-03 5.60251176e-03 2.52219218e-04 7.29520520e-05 4.68761325e-05 1.51096848e-04 4.71082894e-05 8.31663492e-05 1.42253385e-04 7.96552689e-05 1.79169032e-04 2.21487830e-04 1.20818434e-04 8.09403496e-05 5.80795677e-06 9.22067557e-06 6.18064878e-06 2.84856046e-05 4.97816945e-06 1.92872108e-05 5.95604141e-05 4.20446566e-05 2.68366392e-05 5.89509022e-05 4.58117516e-05 1.47542451e-05 7.21370136e-05 9.19255491e-05 9.58922683e-06 5.79057711e-05 1.84801379e-04 3.33412609e-05 3.73465147e-04 4.67155120e-04 1.86862048e-05 3.16137066e-04 8.96763115e-05 4.62663476e-05 5.86043734e-04 7.70487161e-04 1.35521867e-04 4.71632562e-04 1.09632468e-04 3.75070280e-05 8.38751615e-05 4.50436655e-05 1.35566661e-06 1.97513700e-08 5.27265698e-10
 1992 04 28 12 00 00  3.84945142e-03 2.33515779e-03 1.29631933e-03 9.40025768e-04 6.94102072e-04 3.80319111e-04 2.78371125e-04 2.40517630e-04 5.04471166e-04 1.42447810e-04 3.60085238e-03 5.49624600e-03 2.48363124e-04 7.15138252e-05 4.62211473e-05 1.48466681e-04 4.64414625e-05 8.15262902e-05 1.39151769e-04 7.76804111e-05 1.75813162e-04 2.17210788e-04 1.18912573e-04 7.98362410e-05 5.76066304e-06 9.07729045e-06 6.16274338e-06 2.81981032e-05 4.93421066e-06 1.90734621e-05 5.84940994e-05 4.17721400e-05 2.62832182e-05 5.78174194e-05 4.32376924e-05 1.46690872e-05 7.01048532e-05 8.93083916e-05 9.46996443e-06 5.60064069e-05 1.78974515e-04 3.16703081e-05 3.62852495e-04 4.43459453e-04 1.77383781e-05 3.01725461e-04 8.61146778e-05 4.30271000e-05 5.64095639e-04 7.47036699e-04 1.29718914e-04 4.56013975e-04 1.03266078e-04 3.51934652e-05 7.85386964e-05 4.15023222e-05 1.19737006e-06 1.16227859e-08 1.00000000e-10
 1992 04 29 12 00 00  3.82822258e-03 2.32185979e-03 1.28784319e-03 9.33383063e-04 6.88032907e-04 3.77587656e-04 2.75698591e-04 2.37585277e-04 4.96855310e-04 1.40547506e-04 3.53969991e-03 5.37936017e-03 2.45411269e-04 7.08802485e-05 4.57932051e-05 1.46160696e-04 4.57194692e-05 7.97363464e-05 1.37629089e-04 7.70941435e-05 1.72142075e-04 2.12524363e-04 1.16970268e-04 7.90475623e-05 5.70936500e-06 9.09912342e-06 6.14310557e-06 2.79591679e-05 4.92145919e-06 1.89103054e-05 5.75612873e-05 4.14764072e-05 2.56846135e-05 5.69320266e-05 4.24891594e-05 1.45755432e-05 6.83481218e-05 8.68243006e-05 9.48816523e-06 5.48724955e-05 1.73637619e-04 3.11767304e-05 3.53422969e-04 4.36559203e-04 1.74623681e-05 2.91780020e-04 8.22353992e-05 4.20718367e-05 5.47343711e-04 7.30191020e-04 1.26731478e-04 4.45190096e-04 1.03941231e-04 3.54394904e-05 7.91094547e-05 4.19196632e-05 1.21883049e-06 1.29402196e-08 1.00000000e-10
 1992 04 30 12 00 00  3.81319641e-03 2.31029511e-03 1.28066658e-03 9.28191513e-04 6.83508174e-04 3.75830602e-04 2.73856389e-04 2.35510599e-04 4.91465018e-04 1.38755020e-04 3.49659146e-03 5.30497432e-03 2.42965789e-04 7.00567192e-05 4.53913815e-05 1.44428009e-04 4.52507084e-05 7.85858720e-05 1.35810827e-04 7.60202995e-05 1.69792410e-04 2.09527294e-04 1.15664067e-04 7.83785919e-05 5.67613497e-06 9.06351925e-06 6.13056109e-06 2.77736750e-05 4.89786944e-06 1.87740252e-05 5.68617230e-05 4.12849535e-05 2.52954662e-05 5.62251473e-05 4.11058543e-05 1.45159109e-05 6.70197537e-05 8.50652156e-05 9.45857319e-06 5.37684543e-05 1.69756246e-04 3.02707253e-05 3.46563886e-04 4.23815039e-04 1.69526015e-05 2.82855050e-04 7.97356188e-05 4.03171376e-05 5.33368358e-04 7.15563962e-04 1.23321558e-04 4.36354526e-04 1.02213079e-04 3.48118134e-05 7.76632986e-05 4.09792914e-05 1.17820076e-06 1.09617314e-08 1.00000000e-10
 1992 05 01 12 00 00  3.79623646e-03 2.29748503e-03 1.27269804e-03 9.22393372e-04 6.78436428e-04 3.73830658e-04 2.71773031e-04 2.33170192e-04 4.85380785e-04 1.36782675e-04 3.44793297e-03 5.21996431e-03 2.40245363e-04 6.91678420e-05 4.49482917e-05 1.42487802e-04 4.47223953e-05 7.72801344e-05 1.33835960e-04 7.48798833e-05 1.67118687e-04 2.06113840e-04 1.14184244e-04 7.76963559e-05 5.63862413e-06 9.11070383e-06 6.11626238e-06 2.75730948e-05 4.87292491e-06 1.86235894e-05 5.60860823e-05 4.10687411e-05 2.48572731e-05 5.54874600e-05 3.96425021e-05 1.44478414e-05 6.55445568e-05 8.30913086e-05 9.49787063e-06 5.26651972e-05 1.65413857e-04 2.93094548e-05 3.39288963e-04 4.10329891e-04 1.64131956e-05 2.73084640e-04 7.69035367e-05 3.84559768e-05 5.17901547e-04 6.99678237e-04 1.19622711e-04 4.29123123e-04 1.03949395e-04 3.54436150e-05 7.91246063e-05 4.19960704e-05 1.22707065e-06 1.37338578e-08 1.00000000e-10
 1992 05 02 12 00 00  3.79017768e-03 2.29344134e-03 1.27014102e-03 9.20393717e-04 6.76609764e-04 3.73063779e-04 2.71006191e-04 2.32319084e-04 4.83189088e-04 1.36182142e-04 3.43039894e-03 5.18807620e-03 2.39352088e-04 6.89246953e-05 4.48102621e-05 1.41790766e-04 4.45034617e-05 7.67649733e-05 1.33250846e-04 7.46090256e-05 1.66091806e-04 2.04800702e-04 1.13631489e-04 7.75114529e-05 5.62324713e-06 9.19779632e-06 6.11079304e-06 2.75022617e-05 4.86753852e-06 1.85702927e-05 5.58033955e-05 4.09803732e-05 2.46745767e-05 5.52669435e-05 3.93230817e-05 1.44220903e-05 6.50235341e-05 8.23604566e-05 9.57039156e-06 5.24048450e-05 1.63813956e-04 2.90855853e-05 3.36924398e-04 4.07368778e-04 1.62947511e-05 2.69924755e-04 7.57718866e-05 3.80253827e-05 5.12536374e-04 6.94473613e-04 1.18529687e-04 4.28170133e-04 1.07254548e-04 3.66460024e-05 8.19042880e-05 4.39143614e-05 1.31817376e-06 1.88233553e-08 4.69436312e-10
 1992 05 03 12 00 00  3.79083646e-03 2.29503540e-03 1.27104719e-03 9.20783040e-04 6.76800164e-04 3.73036890e-04 2.71044125e-04 2.32383914e-04 4.83393601e-04 1.36475120e-04 3.43201493e-03 5.18806092e-03 2.39622386e-04 6.91177263e-05 4.48703399e-05 1.41867783e-04 4.44689940e-05 7.67227262e-05 1.33591127e-04 7.49420549e-05 1.66044999e-04 2.04745932e-04 1.13641991e-04 7.74546090e-05 5.62107780e-06 9.04897315e-06 6.11061405e-06 2.74952116e-05 4.87579418e-06 1.85787062e-05 5.58198682e-05 4.09683154e-05 2.46441603e-05 5.52121847e-05 3.98013071e-05 1.44217163e-05 6.50703172e-05 8.23798732e-05 9.44662243e-06 5.23476455e-05 1.63883934e-04 2.93743360e-05 3.36242667e-04 4.11743979e-04 1.64697592e-05 2.70853029e-04 7.56566296e-05 3.85896012e-05 5.13592653e-04 6.95286212e-04 1.19172657e-04 4.22876985e-04 1.00528517e-04 3.42020156e-05 7.62683087e-05 4.01897541e-05 1.15281246e-06 1.04185496e-08 1.00000000e-10
 1992 05 04 12 00 00  3.79487987e-03 2.29810518e-03 1.27295175e-03 9.22074159e-04 6.77874366e-04 3.73496664e-04 2.71520784e-04 2.32913297e-04 4.84808241e-04 1.36935586e-04 3.44341090e-03 5.20929396e-03 2.40254401e-04 6.92949568e-05 4.49679542e-05 1.42276252e-04 4.45584679e-05 7.69969309e-05 1.33939382e-04 7.51647342e-05 1.66663607e-04 2.05531561e-04 1.13981357e-04 7.77032581e-05 5.62777350e-06 9.18165606e-06 6.11396754e-06 2.75395412e-05 4.88170881e-06 1.86059547e-05 5.59793654e-05 4.10074514e-05 2.47161137e-05 5.54537560e-05 4.01416852e-05 1.44382691e-05 6.53991419e-05 8.28046138e-05 9.55708019e-06 5.27711208e-05 1.64785724e-04 2.95706646e-05 3.38517457e-04 4.14846447e-04 1.65938579e-05 2.72965566e-04 7.62221694e-05 3.89752619e-05 5.16610279e-04 6.98830390e-04 1.19883150e-04 4.28316938e-04 1.05744356e-04 3.60990089e-05 8.06514407e-05 4.31870028e-05 1.29322732e-06 1.81233769e-08 4.21364277e-10
 1992 05 05 12 00 00  3.79820988e-03 2.29967970e-03 1.27399835e-03 9.22915676e-04 6.78650730e-04 3.73952904e-04 2.71934289e-04 2.33348168e-04 4.85971321e-04 1.37115820e-04 3.45286440e-03 5.23052737e-03 2.40615947e-04 6.92723412e-05 4.50039186e-05 1.42565407e-04 4.46493999e-05 7.72729225e-05 1.33888992e-04 7.50527135e-05 1.67280183e-04 2.06319517e-04 1.14290740e-04 7.77910729e-05 5.63456124e-06 9.17447396e-06 6.11732903e-06 2.75620982e-05 4.88012083e-06 1.86187848e-05 5.60894997e-05 4.10471024e-05 2.47893506e-05 5.55593813e-05 4.00431250e-05 1.44548379e-05 6.56209093e-05 8.31470356e-05 9.55115975e-06 5.28618591e-05 1.65467228e-04 2.94833793e-05 3.39823600e-04 4.13910020e-04 1.65564008e-05 2.73792897e-04 7.67925871e-05 3.88108368e-05 5.18124564e-04 7.00225650e-04 1.19884163e-04 4.29284478e-04 1.05044801e-04 3.58456586e-05 8.00712996e-05 4.28519302e-05 1.28187929e-06 1.78193694e-08 4.01172207e-10
 1992 05 06 12 00 00  3.80555557e-03 2.30402997e-03 1.27679047e-03 9.25059849e-04 6.80583838e-04 3.74901938e-04 2.72844587e-04 2.34333748e-04 4.88570484e-04 1.37707942e-04 3.47383573e-03 5.27301058e-03 2.41576597e-04 6.94105119e-05 4.51318250e-05 1.43295234e-04 4.48662206e-05 7.78677699e-05 1.34200778e-04 7.51249434e-05 1.68556896e-04 2.07950999e-04 1.14957196e-04 7.80164491e-05 5.65033661e-06 9.13765543e-06 6.12423246e-06 2.76278396e-05 4.88268379e-06 1.86636989e-05 5.63748351e-05 4.11386369e-05 2.49666773e-05 5.58200809e-05 4.01872589e-05 1.44883597e-05 6.61760036e-05 8.39498282e-05 9.52057744e-06 5.31582592e-05 1.67145807e-04 2.95523816e-05 3.42744561e-04 4.15206081e-04 1.66082432e-05 2.76661053e-04 7.80503382e-05 3.89496505e-05 5.22964983e-04 7.04935805e-04 1.20583408e-04 4.31360197e-04 1.03115149e-04 3.51450935e-05 7.84586658e-05 4.18204288e-05 1.23858297e-06 1.58119837e-08 2.25583907e-10
 1992 05 07 12 00 00  3.81637649e-03 2.31282107e-03 1.28220740e-03 9.28781811e-04 6.83715467e-04 3.76108303e-04 2.74135177e-04 2.35791000e-04 4.92406900e-04 1.39078445e-04 3.50457831e-03 5.32611981e-03 2.43390241e-04 7.00376055e-05 4.54316907e-05 1.44493849e-04 4.51469590e-05 7.86232413e-05 1.35508347e-04 7.59727729e-05 1.70166175e-04 2.10005816e-04 1.15865924e-04 7.84563268e-05 5.67066782e-06 9.11303505e-06 6.13291195e-06 2.77439795e-05 4.90261373e-06 1.87548546e-05 5.68446839e-05 4.12564608e-05 2.51969061e-05 5.62818133e-05 4.13477828e-05 1.45303653e-05 6.70936241e-05 8.51439266e-05 9.50013346e-06 5.39010476e-05 1.69764256e-04 3.02785076e-05 3.47157606e-04 4.25855217e-04 1.70342087e-05 2.83029099e-04 7.96550128e-05 4.03628772e-05 5.32594088e-04 7.14946197e-04 1.23087943e-04 4.35126872e-04 1.01779654e-04 3.46603243e-05 7.73431946e-05 4.11119655e-05 1.20922583e-06 1.44819282e-08 1.10137588e-10
 1992 05 08 12 00 00  3.82339436e-03 2.31646388e-03 1.28459482e-03 9.30722888e-04 6.85521196e-04 3.77058202e-04 2.75018570e-04 2.36735755e-04 4.94894196e-04 1.39538813e-04 3.52467512e-03 5.36860488e-03 2.44225300e-04 7.00846569e-05 4.55314053e-05 1.45172489e-04 4.53671761e-05 7.92222447e-05 1.35647599e-04 7.58911832e-05 1.71453554e-04 2.11642684e-04 1.16520026e-04 7.88361026e-05 5.68665710e-06 9.32987678e-06 6.13983357e-06 2.78212673e-05 4.90159655e-06 1.87935869e-05 5.71179297e-05 4.13491827e-05 2.53772305e-05 5.66737625e-05 4.12832393e-05 1.45639220e-05 6.76345567e-05 8.59286241e-05 9.68058885e-06 5.44619884e-05 1.71380580e-04 3.02160683e-05 3.51264524e-04 4.25235350e-04 1.70094140e-05 2.85523954e-04 8.09241203e-05 4.02460631e-05 5.36776946e-04 7.19691246e-04 1.23466523e-04 4.45261854e-04 1.10751745e-04 3.79223064e-05 8.48745880e-05 4.61958733e-05 1.44272670e-06 2.69524207e-08 1.24832269e-09
 1992 05 09 12 00 00  3.82272379e-03 2.31523120e-03 1.28387954e-03 9.30276789e-04 6.85169372e-04 3.77031430e-04 2.74942320e-04 2.36627644e-04 4.94632584e-04 1.39302410e-04 3.52270311e-03 5.36859371e-03 2.43986059e-04 6.98998694e-05 4.54749083e-05 1.45032369e-04 4.53429035e-05 7.91924889e-05 1.35237566e-04 7.55902729e-05 1.71416960e-04 2.11604107e-04 1.16478517e-04 7.86101981e-05 5.68512951e-06 9.10002273e-06 6.13970769e-06 2.77872617e-05 4.89563827e-06 1.87761422e-05 5.70544519e-05 4.13406844e-05 2.53558042e-05 5.64767305e-05 4.09297645e-05 1.45636586e-05 6.75063966e-05 8.58130744e-05 9.48936868e-06 5.40207396e-05 1.71079877e-04 2.99675827e-05 3.49729071e-04 4.21957587e-04 1.68783035e-05 2.84192295e-04 8.08429497e-05 3.97682656e-05 5.35092328e-04 7.17114816e-04 1.22779406e-04 4.37490003e-04 1.00794306e-04 3.43031790e-05 7.65239434e-05 4.06217442e-05 1.19119916e-06 1.38546756e-08 6.12789819e-11
 1992 05 10 12 00 00  3.82748172e-03 2.31972316e-03 1.28660361e-03 9.32028447e-04 6.86573194e-04 3.77504992e-04 2.75489592e-04 2.37260086e-04 4.96310128e-04 1.40031756e-04 3.53610836e-03 5.38983122e-03 2.44882424e-04 7.02759136e-05 4.56336316e-05 1.45572528e-04 4.54420893e-05 7.94786087e-05 1.35997320e-04 7.61421921e-05 1.72043119e-04 2.12405188e-04 1.16853722e-04 7.87852329e-05 5.69243675e-06 9.04018380e-06 6.14311211e-06 2.78348284e-05 4.90858802e-06 1.88195264e-05 5.72595156e-05 4.13832255e-05 2.54363287e-05 5.66583157e-05 4.16839554e-05 1.45803191e-05 6.79151689e-05 8.63179812e-05 9.43960185e-06 5.43436412e-05 1.72208451e-04 3.04400659e-05 3.51333697e-04 4.28878926e-04 1.71551570e-05 2.87398051e-04 8.14409752e-05 4.06877167e-05 5.39733845e-04 7.21894071e-04 1.24209263e-04 4.37313065e-04 9.81069777e-05 3.33266664e-05 7.42718595e-05 3.91312237e-05 1.12486387e-06 1.04706263e-08 1.00000000e-10
 1992 05 11 12 00 00  3.83696154e-03 2.32567762e-03 1.29039633e-03 9.34913728e-04 6.89162296e-04 3.78706276e-04 2.76664765e-04 2.38544738e-04 4.99682684e-04 1.40872849e-04 3.56322686e-03 5.44294231e-03 2.46188607e-04 7.05342974e-05 4.58195488e-05 1.46553266e-04 4.57271963e-05 8.02394352e-05 1.36590203e-04 7.63698888e-05 1.73658725e-04 2.14466941e-04 1.17706972e-04 7.91484168e-05 5.71304263e-06 9.06767018e-06 6.15181416e-06 2.79313526e-05 4.91422470e-06 1.88840291e-05 5.76432050e-05 4.15025774e-05 2.56704137e-05 5.70570258e-05 4.20105061e-05 1.46223712e-05 6.86646696e-05 8.73760396e-05 9.46248983e-06 5.48749646e-05 1.74450120e-04 3.06374248e-05 3.55535207e-04 4.31866681e-04 1.72746672e-05 2.91565178e-04 8.30602599e-05 4.10733133e-05 5.46584194e-04 7.28894285e-04 1.25403439e-04 4.42684678e-04 9.91462399e-05 3.37047524e-05 7.51459682e-05 3.97350501e-05 1.15358217e-06 1.20779806e-08 1.00000000e-10
 1992 05 12 12 00 00  3.85022441e-03 2.33396549e-03 1.29568117e-03 9.38954835e-04 6.92799983e-04 3.80390906e-04 2.78312631e-04 2.40346771e-04 5.04408787e-04 1.42043122e-04 3.60119750e-03 5.51729798e-03 2.48013329e-04 7.08976868e-05 4.60801684e-05 1.47931077e-04 4.61294461e-05 8.13083781e-05 1.37437676e-04 7.66890880e-05 1.75923150e-04 2.17358294e-04 1.18902779e-04 7.96206603e-05 5.74208643e-06 9.05557827e-06 6.16401376e-06 2.80640847e-05 4.92181571e-06 1.89747517e-05 5.81776296e-05 4.16707509e-05 2.60008674e-05 5.75861496e-05 4.24520083e-05 1.46812788e-05 6.97090079e-05 8.88582562e-05 9.45243810e-06 5.55517148e-05 1.77593083e-04 3.09115188e-05 3.61169977e-04 4.35915292e-04 1.74366117e-05 2.97359967e-04 8.53376172e-05 4.16072347e-05 5.56207568e-04 7.38568739e-04 1.27082753e-04 4.48734130e-04 9.85601175e-05 3.34918663e-05 7.46554742e-05 3.94159983e-05 1.13978938e-06 1.14057080e-08 1.00000000e-10
 1992 05 13 12 00 00  3.85298819e-03 2.33715639e-03 1.29758258e-03 9.40062701e-04 6.93615912e-04 3.80607682e-04 2.78608087e-04 2.40702139e-04 5.05371765e-04 1.42582872e-04 3.60883888e-03 5.52790575e-03 2.48624723e-04 7.12082229e-05 4.61974994e-05 1.48246799e-04 4.61540389e-05 8.14207888e-05 1.38049124e-04 7.71748833e-05 1.76205985e-04 2.17719101e-04 1.19094046e-04 7.97626089e-05 5.74416626e-06 9.06107744e-06 6.16558682e-06 2.80907931e-05 4.93316111e-06 1.90008807e-05 5.82859666e-05 4.16832714e-05 2.60190660e-05 5.77194104e-05 4.31130669e-05 1.46893392e-05 6.99490706e-05 8.91228435e-05 9.45702632e-06 5.58432605e-05 1.78197178e-04 3.13269586e-05 3.62169670e-04 4.41983575e-04 1.76793430e-05 2.99578972e-04 8.55530263e-05 4.24154045e-05 5.59132227e-04 7.41814794e-04 1.28197708e-04 4.49515420e-04 9.87112753e-05 3.35470091e-05 7.47837066e-05 3.95132955e-05 1.14502566e-06 1.17427266e-08 1.00000000e-10
 1992 05 14 12 00 00  3.85386217e-03 2.33644165e-03 1.29724291e-03 9.39977579e-04 6.93627192e-04 3.80805426e-04 2.78731687e-04 2.40803385e-04 5.05666103e-04 1.42390491e-04 3.61129407e-03 5.53850979e-03 2.48527998e-04 7.09985795e-05 4.61543786e-05 1.48239958e-04 4.61718329e-05 8.15248641e-05 1.37626559e-04 7.67907244e-05 1.76479913e-04 2.18069090e-04 1.19200388e-04 7.97506193e-05 5.74581791e-06 9.07955837e-06 6.16712277e-06 2.80822171e-05 4.92495274e-06 1.89874248e-05 5.82650510e-05 4.16934083e-05 2.60312634e-05 5.77217207e-05 4.26302839e-05 1.46973238e-05 6.99374492e-05 8.91756690e-05 9.47241060e-06 5.57567508e-05 1.78221125e-04 3.10047501e-05 3.62501856e-04 4.37528226e-04 1.75011291e-05 2.98625791e-04 8.57456878e-05 4.17925912e-05 5.57994895e-04 7.40491717e-04 1.27449267e-04 4.50345560e-04 9.94355281e-05 3.38104246e-05 7.53923692e-05 3.99298384e-05 1.16456296e-06 1.28164661e-08 1.00000000e-10
 1992 05 15 12 00 00  3.85399064e-03 2.33699485e-03 1.29755369e-03 9.40034872e-04 6.93582300e-04 3.80761871e-04 2.78717586e-04 2.40795183e-04 5.05685594e-04 1.42489458e-04 3.61141793e-03 5.53848743e-03 2.48610885e-04 7.10616470e-05 4.61742561e-05 1.48222068e-04 4.61227988e-05 8.14647647e-05 1.37720862e-04 7.69064587e-05 1.76416791e-04 2.17991158e-04 1.19180573e-04 7.97049486e-05 5.74273145e-06 9.01116873e-06 6.16686884e-06 2.80674149e-05 4.92800827e-06 1.89832213e-05 5.82329672e-05 4.16762487e-05 2.59879947e-05 5.76755536e-05 4.28062485e-05 1.46967883e-05 6.99112535e-05 8.91245901e-05 9.41551843e-06 5.56993588e-05 1.78099450e-04 3.11066367e-05 3.61956506e-04 4.39132653e-04 1.75653061e-05 2.98692220e-04 8.55817227e-05 4.19926422e-05 5.57837954e-04 7.40215056e-04 1.27604020e-04 4.47580091e-04 9.64609857e-05 3.27293279e-05 7.28980211e-05 3.82664359e-05 1.08961904e-06 8.92271572e-09 1.00000000e-10
 1992 05 16 12 00 00  3.85992186e-03 2.34129055e-03 1.30024115e-03 9.41906106e-04 6.95169335e-04 3.81449025e-04 2.79425814e-04 2.41581228e-04 5.07780251e-04 1.43127312e-04 3.62818738e-03 5.57033643e-03 2.49515330e-04 7.13117341e-05 4.63153212e-05 1.48823658e-04 4.62548312e-05 8.18734115e-05 1.38252430e-04 7.72086496e-05 1.77334238e-04 2.19166173e-04 1.19682866e-04 7.98502999e-05 5.75263839e-06 8.90482625e-06 6.17188780e-06 2.81119100e-05 4.93520092e-06 1.90216245e-05 5.84418372e-05 4.17341944e-05 2.60940025e-05 5.78483498e-05 4.32245317e-05 1.47215978e-05 7.03507039e-05 8.97310989e-05 9.32703333e-06 5.59143780e-05 1.79385310e-04 3.13661760e-05 3.63744951e-04 4.42968180e-04 1.77187272e-05 3.01439049e-04 8.64227710e-05 4.24982398e-05 5.62146000e-04 7.44353351e-04 1.28600747e-04 4.46599945e-04 9.19763095e-05 3.10990425e-05 6.91349628e-05 3.57381477e-05 9.74345636e-07 4.65820875e-09 1.00000000e-10
 1992 05 17 12 00 00  3.86843080e-03 2.34540126e-03 1.30297507e-03 9.44171754e-04 6.97297516e-04 3.82612592e-04 2.80499141e-04 2.42723823e-04 5.10801636e-04 1.43621976e-04 3.65251893e-03 5.62343225e-03 2.50481681e-04 7.13285020e-05 4.64267684e-05 1.49619130e-04 4.65054705e-05 8.25919851e-05 1.38363279e-04 7.70362851e-05 1.78904157e-04 2.21173125e-04 1.20476522e-04 8.00646508e-05 5.77107458e-06 8.84716210e-06 6.18041231e-06 2.81766796e-05 4.93172811e-06 1.90617109e-05 5.87276698e-05 4.18414740e-05 2.62976624e-05 5.81174329e-05 4.30189131e-05 1.47632745e-05 7.09375104e-05 9.06376893e-05 9.27904330e-06 5.61373043e-05 1.81226733e-04 3.12233489e-05 3.66978054e-04 4.41063625e-04 1.76425450e-05 3.03853880e-04 8.79267696e-05 4.22232726e-05 5.66673083e-04 7.48528690e-04 1.28880691e-04 4.48890334e-04 8.96026928e-05 3.02360351e-05 6.71422756e-05 3.43912923e-05 9.12361784e-07 2.44598937e-09 1.00000000e-10
 1992 05 18 12 00 00  3.88054539e-03 2.35426322e-03 1.30851084e-03 9.48093892e-04 7.00665358e-04 3.84028627e-04 2.81960941e-04 2.44351890e-04 5.15102426e-04 1.44952446e-04 3.68694747e-03 5.68714961e-03 2.52354608e-04 7.18735107e-05 4.67223743e-05 1.50899918e-04 4.68137092e-05 8.34634178e-05 1.39543785e-04 7.77068024e-05 1.80801667e-04 2.23593335e-04 1.21514794e-04 8.05849018e-05 5.79366824e-06 8.91639647e-06 6.19067869e-06 2.83000383e-05 4.94722008e-06 1.91498172e-05 5.92053461e-05 4.19728371e-05 2.65486568e-05 5.86639833e-05 4.39225900e-05 1.48133709e-05 7.19113990e-05 9.19474645e-05 9.33664924e-06 5.69834684e-05 1.84037298e-04 3.17953702e-05 3.72304808e-04 4.49364172e-04 1.79745669e-05 3.10049468e-04 8.97565682e-05 4.33351757e-05 5.76208318e-04 7.58620611e-04 1.31097168e-04 4.56308622e-04 9.25426231e-05 3.13047205e-05 6.96087953e-05 3.60456919e-05 9.87591397e-07 5.08966025e-09 1.00000000e-10
 1992 05 19 12 00 00  3.88665235e-03 2.35898088e-03 1.31144078e-03 9.50075175e-04 7.02312088e-04 3.84706939e-04 2.82680501e-04 2.45158080e-04 5.17258026e-04 1.45669520e-04 3.70415670e-03 5.71899265e-03 2.53334507e-04 7.21833886e-05 4.68818622e-05 1.51525143e-04 4.69345716e-05 8.38583859e-05 1.40200292e-04 7.81100534e-05 1.81713888e-04 2.24750595e-04 1.22018913e-04 8.09852149e-05 5.80287160e-06 9.14910706e-06 6.19564016e-06 2.83671517e-05 4.95656095e-06 1.91903964e-05 5.94246893e-05 4.20268741e-05 2.66448071e-05 5.90517697e-05 4.44672565e-05 1.48380568e-05 7.24005715e-05 9.25764673e-05 9.53028211e-06 5.76801307e-05 1.85373460e-04 3.21395783e-05 3.75827908e-04 4.54366404e-04 1.81746562e-05 3.13293037e-04 9.05602647e-05 4.40043688e-05 5.80811113e-04 7.64169408e-04 1.32288725e-04 4.65813613e-04 1.02364248e-04 3.48750938e-05 7.78499150e-05 4.15815793e-05 1.23991418e-06 1.68024272e-08 3.38975914e-10
 1992 05 20 12 00 00  3.88974937e-03 2.36020635e-03 1.31229043e-03 9.50773228e-04 7.02962545e-04 3.85134620e-04 2.83063183e-04 2.45556203e-04 5.18341970e-04 1.45786204e-04 3.71288073e-03 5.74021302e-03 2.53634095e-04 7.21309707e-05 4.69084357e-05 1.51762651e-04 4.69954073e-05 8.40974797e-05 1.40112949e-04 7.79490569e-05 1.82295877e-04 2.25490712e-04 1.22302813e-04 8.11358231e-05 5.80776468e-06 9.26240100e-06 6.19884522e-06 2.83863480e-05 4.95326967e-06 1.91947799e-05 5.94900242e-05 4.20559867e-05 2.66914867e-05 5.92089938e-05 4.42727352e-05 1.48542997e-05 7.25799487e-05 9.28638371e-05 9.62454578e-06 5.78884880e-05 1.85909898e-04 3.20057792e-05 3.77503923e-04 4.52566310e-04 1.81026524e-05 3.13753648e-04 9.10300354e-05 4.37465380e-05 5.81643632e-04 7.65240878e-04 1.32131886e-04 4.70489222e-04 1.07189954e-04 3.66292372e-05 8.18982982e-05 4.42949715e-05 1.36315264e-06 2.32805959e-08 9.27649602e-10
 1992 05 21 12 00 00  3.88762425e-03 2.35890637e-03 1.31146295e-03 9.50026086e-04 7.02227213e-04 3.84833435e-04 2.82775378e-04 2.45238250e-04 5.17558471e-04 1.45592855e-04 3.70654345e-03 5.72956204e-03 2.53334054e-04 7.20583330e-05 4.68651922e-05 1.51479048e-04 4.68727521e-05 8.38648702e-05 1.39926362e-04 7.78802030e-05 1.81892962e-04 2.24974058e-04 1.22088399e-04 8.11018839e-05 5.79951229e-06 9.35310090e-06 6.19676430e-06 2.83524317e-05 4.95192980e-06 1.91682170e-05 5.93465211e-05 4.20091470e-05 2.65867478e-05 5.91530564e-05 4.41930810e-05 1.48451771e-05 7.23611931e-05 9.25506106e-05 9.70000983e-06 5.78682975e-05 1.85199428e-04 3.19491141e-05 3.76739058e-04 4.51826849e-04 1.80730739e-05 3.12463453e-04 9.04866960e-05 4.36377042e-05 5.79238353e-04 7.63114177e-04 1.31721846e-04 4.71612232e-04 1.11050099e-04 3.80324060e-05 8.51367058e-05 4.64659084e-05 1.46178446e-06 2.84676112e-08 1.39905447e-09
 1992 05 22 12 00 00  3.88413635e-03 2.35754076e-03 1.31052199e-03 9.49036393e-04 7.01192821e-04 3.84293755e-04 2.82298901e-04 2.44732933e-04 5.16286819e-04 1.45441797e-04 3.69622732e-03 5.70828728e-03 2.52975290e-04 7.20828563e-05 4.68307147e-05 1.51087015e-04 4.66910307e-05 8.34775856e-05 1.39914029e-04 7.80155708e-05 1.81163745e-04 2.24041789e-04 1.21725240e-04 8.10181142e-05 5.78701038e-06 9.40755708e-06 6.19293278e-06 2.83063556e-05 4.95511995e-06 1.91393663e-05 5.91588714e-05 4.19377204e-05 2.64333939e-05 5.90364306e-05 4.43788012e-05 1.48276202e-05 7.20577896e-05 9.20791173e-05 9.74533104e-06 5.78123779e-05 1.84189220e-04 3.20651132e-05 3.75165108e-04 4.53530766e-04 1.81412306e-05 3.11208135e-04 8.96126730e-05 4.38635179e-05 5.76573692e-04 7.60757833e-04 1.31600472e-04 4.70665961e-04 1.13279448e-04 3.88429882e-05 8.70084966e-05 4.77327710e-05 1.52021026e-06 3.16058362e-08 1.68592909e-09
 1992 05 23 12 00 00  3.87431484e-03 2.35132809e-03 1.30657110e-03 9.45899197e-04 6.98304322e-04 3.83018893e-04 2.81052649e-04 2.43363052e-04 5.12753844e-04 1.44545169e-04 3.66781631e-03 5.65514006e-03 2.51595725e-04 7.17748098e-05 4.66301101e-05 1.49986359e-04 4.63272707e-05 8.26203555e-05 1.39176914e-04 7.77205802e-05 1.79449184e-04 2.21855015e-04 1.20816610e-04 8.06044160e-05 5.76145321e-06 9.37000514e-06 6.18382182e-06 2.81826399e-05 4.94863052e-06 1.90569522e-05 5.86900865e-05 4.17908392e-05 2.61299021e-05 5.85836177e-05 4.39983385e-05 1.47847109e-05 7.12045771e-05 9.08850646e-05 9.71411791e-06 5.72024729e-05 1.81599425e-04 3.18161532e-05 3.70394240e-04 4.50025948e-04 1.80010379e-05 3.06295428e-04 8.77303595e-05 4.33812995e-05 5.68315979e-04 7.52298834e-04 1.30116593e-04 4.63736623e-04 1.11473634e-04 3.81870675e-05 8.54970904e-05 4.67479487e-05 1.47750982e-06 2.95145696e-08 1.49979122e-09
 1992 05 24 12 00 00  3.85393380e-03 2.33982977e-03 1.29913010e-03 9.39795976e-04 6.92590533e-04 3.80285453e-04 2.78454212e-04 2.40544059e-04 5.05442256e-04 1.42983722e-04 3.60896103e-03 5.53825013e-03 2.48972543e-04 7.13913078e-05 4.62791501e-05 1.47822157e-04 4.55965375e-05 8.08196899e-05 1.38164853e-04 7.75520573e-05 1.75763335e-04 2.17154693e-04 1.18906366e-04 7.97716935e-05 5.70960474e-06 9.23166081e-06 6.16413963e-06 2.79468360e-05 4.94488741e-06 1.89101998e-05 5.77959382e-05 4.14920389e-05 2.55235849e-05 5.76617665e-05 4.37790761e-05 1.46910694e-05 6.95345115e-05 8.84742519e-05 9.59905155e-06 5.60375032e-05 1.76475238e-04 3.16736317e-05 3.60416944e-04 4.48007307e-04 1.79202923e-05 2.97649577e-04 8.38218490e-05 4.31050459e-05 5.53325448e-04 7.36976463e-04 1.28002930e-04 4.47876743e-04 1.05297704e-04 3.59427953e-05 8.03208219e-05 4.33172811e-05 1.32447804e-06 2.16807297e-08 7.93274868e-10
 1992 05 25 12 00 00  3.83160707e-03 2.32423960e-03 1.28934212e-03 9.32468786e-04 6.86070688e-04 3.77544022e-04 2.75684936e-04 2.37469010e-04 4.97447030e-04 1.40655979e-04 3.54482080e-03 5.42136244e-03 2.45610781e-04 7.04631644e-05 4.57601338e-05 1.45334934e-04 4.48716281e-05 7.90261780e-05 1.36073493e-04 7.64705765e-05 1.72082969e-04 2.12463631e-04 1.16915310e-04 7.87427680e-05 5.65812370e-06 9.05247944e-06 6.14448654e-06 2.76743822e-05 4.92059589e-06 1.87244231e-05 5.67781050e-05 4.11952875e-05 2.49224075e-05 5.65751055e-05 4.23580292e-05 1.45974918e-05 6.76092309e-05 8.58585193e-05 9.45002903e-06 5.44089462e-05 1.70787968e-04 3.07567709e-05 3.49541910e-04 4.34932791e-04 1.73973117e-05 2.85727701e-04 7.99328089e-05 4.13265021e-05 5.34257116e-04 7.16864536e-04 1.23957677e-04 4.30389780e-04 9.72417085e-05 3.30154533e-05 7.35697355e-05 3.88503207e-05 1.12576253e-06 1.15500075e-08 1.00000000e-10
 1992 05 26 12 00 00  3.80447295e-03 2.30699725e-03 1.27837455e-03 9.23949674e-04 6.78326589e-04 3.74078125e-04 2.72280338e-04 2.33729080e-04 4.87722068e-04 1.38179629e-04 3.46673729e-03 5.27260341e-03 2.41802119e-04 6.96198505e-05 4.52039224e-05 1.42391985e-04 4.39651631e-05 7.67633028e-05 1.34073539e-04 7.56593654e-05 1.67423498e-04 2.06518830e-04 1.14444740e-04 7.76561779e-05 5.59361761e-06 8.97728096e-06 6.11955838e-06 2.73647436e-05 4.90268867e-06 1.85161990e-05 5.55888130e-05 4.08232445e-05 2.41715243e-05 5.53809120e-05 4.13084956e-05 1.44785663e-05 6.53561919e-05 8.26949725e-05 9.38752928e-06 5.28036289e-05 1.63991235e-04 3.00716347e-05 3.37036053e-04 4.25266469e-04 1.70106588e-05 2.72834682e-04 7.50371255e-05 3.99991026e-05 5.12809185e-04 6.94923397e-04 1.20040570e-04 4.13388090e-04 9.35657103e-05 3.16803575e-05 7.04939583e-05 3.68534047e-05 1.03971585e-06 7.63011627e-09 1.00000000e-10
 1992 05 27 12 00 00  3.78024311e-03 2.29020801e-03 1.26781971e-03 9.16032325e-04 6.71273014e-04 3.71098332e-04 2.69273545e-04 2.30392083e-04 4.79040873e-04 1.35679810e-04 3.39713997e-03 5.14509529e-03 2.38172126e-04 6.86269000e-05 4.46438985e-05 1.39702906e-04 4.31855675e-05 7.48204766e-05 1.31818435e-04 7.45127385e-05 1.63425843e-04 2.01419135e-04 1.12283870e-04 7.66358994e-05 5.53816244e-06 8.90447627e-06 6.09817725e-06 2.70803615e-05 4.87728394e-06 1.83174196e-05 5.45042551e-05 4.05034370e-05 2.35255924e-05 5.42812144e-05 3.98201606e-05 1.43766039e-05 6.32949320e-05 7.98746362e-05 9.32699404e-06 5.12145120e-05 1.57867739e-04 2.91024335e-05 3.25901135e-04 4.11561610e-04 1.64624644e-05 2.60143177e-04 7.08320469e-05 3.81208723e-05 4.92334797e-04 6.73721663e-04 1.15717763e-04 3.98468865e-04 9.01947871e-05 3.04556706e-05 6.76706373e-05 3.49979522e-05 9.58096913e-07 4.88864487e-09 1.00000000e-10
 1992 05 28 12 00 00  3.76268019e-03 2.27890609e-03 1.26064224e-03 9.10474633e-04 6.66229353e-04 3.68865614e-04 2.67070857e-04 2.27967770e-04 4.72740860e-04 1.34045734e-04 3.34658833e-03 5.04946262e-03 2.35680459e-04 6.80500763e-05 4.42757624e-05 1.37785096e-04 4.25986800e-05 7.33606750e-05 1.30452975e-04 7.39351264e-05 1.60424829e-04 1.97590873e-04 1.10688322e-04 7.59157905e-05 5.49643300e-06 8.84116453e-06 6.08213086e-06 2.68769161e-05 4.86473145e-06 1.81804268e-05 5.37301703e-05 4.02628095e-05 2.30392121e-05 5.34938806e-05 3.90832138e-05 1.43001074e-05 6.18267657e-05 7.78216982e-05 9.27436558e-06 5.01377335e-05 1.53447118e-04 2.86162220e-05 3.17721597e-04 4.04767880e-04 1.61907152e-05 2.51634218e-04 6.76709227e-05 3.71799280e-05 4.78241015e-04 6.59231913e-04 1.13071947e-04 3.86966629e-04 8.71536875e-05 2.93510539e-05 6.51252899e-05 3.33389887e-05 8.86135052e-07 2.51979344e-09 1.00000000e-10
 1992 05 29 12 00 00  3.74836623e-03 2.26876861e-03 1.25428523e-03 9.05735421e-04 6.62022058e-04 3.67123071e-04 2.65297276e-04 2.25992397e-04 4.67605539e-04 1.32521250e-04 3.30546884e-03 4.97508161e-03 2.33495822e-04 6.74168496e-05 4.39325961e-05 1.36179724e-04 4.21406032e-05 7.22233031e-05 1.29014898e-04 7.31781882e-05 1.58087285e-04 1.94610783e-04 1.09418314e-04 7.52672355e-05 5.46387455e-06 8.74734469e-06 6.06964131e-06 2.67032755e-05 4.84824777e-06 1.80601617e-05 5.30846845e-05 4.00750927e-05 2.26594886e-05 5.28057954e-05 3.81157617e-05 1.42405916e-05 6.05937262e-05 7.61497455e-05 9.19635349e-06 4.91039775e-05 1.49804252e-04 2.79787986e-05 3.10884178e-04 3.95850153e-04 1.58340061e-05 2.43885783e-04 6.52068586e-05 3.59461701e-05 4.65862506e-04 6.46212954e-04 1.10355967e-04 3.76436881e-04 8.28165073e-05 2.77753041e-05 6.14925766e-05 3.09507697e-05 7.81018133e-07 1.00000000e-10 1.00000000e-10
 1992 05 30 12 00 00  3.74436774e-03 2.26613970e-03 1.25261985e-03 9.04430638e-04 6.60829156e-04 3.66614468e-04 2.64791486e-04 2.25432515e-04 4.66161619e-04 1.32134042e-04 3.29390665e-03 4.95382398e-03 2.32914236e-04 6.72660392e-05 4.38440008e-05 1.35724896e-04 4.19972319e-05 7.18830328e-05 1.28650592e-04 7.30155851e-05 1.57401717e-04 1.93739481e-04 1.09052914e-04 7.50296537e-05 5.45378680e-06 8.64138419e-06 6.06600806e-06 2.66468089e-05 4.84496704e-06 1.80258649e-05 5.28951673e-05 4.00170917e-05 2.25399795e-05 5.25630919e-05 3.79215431e-05 1.42234523e-05 6.02361769e-05 7.56619315e-05 9.10824820e-06 4.87224915e-05 1.48742994e-04 2.78440129e-05 3.08501059e-04 3.94051357e-04 1.57620543e-05 2.41744456e-04 6.44610845e-05 3.56866658e-05 4.62400704e-04 6.42353079e-04 1.09670534e-04 3.70584788e-04 7.79203696e-05 2.59964709e-05 5.73916534e-05 2.82544501e-05 6.62319422e-07 1.00000000e-10 1.00000000e-10
 1992 05 31 12 00 00  3.74289008e-03 2.26598194e-03 1.25244762e-03 9.04097680e-04 6.60423165e-04 3.66354407e-04 2.64578457e-04 2.25214296e-04 4.65613615e-04 1.32155053e-04 3.28949068e-03 4.94319052e-03 2.32826266e-04 6.73368937e-05 4.38450232e-05 1.35574149e-04 4.19153541e-05 7.17003946e-05 1.28743213e-04 7.31825479e-05 1.57047556e-04 1.93287619e-04 1.08887381e-04 7.49877033e-05 5.44810064e-06 8.63593814e-06 6.06413887e-06 2.66283453e-05 4.84921620e-06 1.80178453e-05 5.28303163e-05 3.99845216e-05 2.24712247e-05 5.25043511e-05 3.81670630e-05 1.42147706e-05 6.01239326e-05 7.54635233e-05 9.10376111e-06 4.87032060e-05 1.48337873e-04 2.79896951e-05 3.07695263e-04 3.96294367e-04 1.58517747e-05 2.41555962e-04 6.40540966e-05 3.59718950e-05 4.61668258e-04 6.41730008e-04 1.09836417e-04 3.69022576e-04 7.73736116e-05 2.57984759e-05 5.69383552e-05 2.79936186e-05 6.53567685e-07 1.00000000e-10 1.00000000e-10
 1992 06 01 12 00 00  3.73710123e-03 2.25964996e-03 1.24865541e-03 9.01658297e-04 6.58462865e-04 3.65829995e-04 2.63909406e-04 2.24411907e-04 4.63531709e-04 1.31072450e-04 3.27301213e-03 4.92193103e-03 2.31570506e-04 6.66861480e-05 4.36023428e-05 1.34812092e-04 4.17681062e-05 7.13553629e-05 1.27374971e-04 7.21849385e-05 1.56359111e-04 1.92410138e-04 1.08442816e-04 7.46702947e-05 5.43776805e-06 8.63292153e-06 6.06048561e-06 2.65447945e-05 4.82742071e-06 1.79462400e-05 5.25261623e-05 3.99251585e-05 2.23482901e-05 5.21924411e-05 3.68882378e-05 1.41975892e-05 5.95401479e-05 7.47824164e-05 9.10129529e-06 4.80823828e-05 1.46741401e-04 2.71490018e-05 3.05155200e-04 3.84508838e-04 1.53803535e-05 2.36472950e-04 6.32953423e-05 3.43443156e-05 4.54356733e-04 6.33820037e-04 1.07366618e-04 3.66141926e-04 7.69363483e-05 2.56402657e-05 5.65768114e-05 2.77934575e-05 6.47512348e-07 1.00000000e-10 1.00000000e-10
 1992 06 02 12 00 00  3.72795550e-03 2.25472568e-03 1.24544167e-03 8.98945907e-04 6.55885434e-04 3.64582836e-04 2.62732652e-04 2.23137830e-04 4.60236419e-04 1.30416142e-04 3.24653068e-03 4.86879684e-03 2.30424240e-04 6.65379113e-05 4.34511662e-05 1.33836980e-04 4.14300797e-05 7.05296814e-05 1.26941953e-04 7.21561722e-05 1.54679438e-04 1.90264293e-04 1.07576522e-04 7.43858691e-05 5.41383124e-06 8.68953575e-06 6.05150890e-06 2.64455969e-05 4.82733849e-06 1.78808519e-05 5.21318384e-05 3.97872820e-05 2.20675094e-05 5.18502494e-05 3.68799781e-05 1.41549608e-05 5.88061352e-05 7.36970892e-05 9.14845223e-06 4.77321649e-05 1.44436156e-04 2.71292694e-05 3.01246694e-04 3.84414855e-04 1.53765942e-05 2.32803881e-04 6.14991121e-05 3.43090214e-05 4.47700259e-04 6.27416363e-04 1.06495274e-04 3.62463020e-04 7.89786884e-05 2.63835374e-05 5.82964882e-05 2.89964713e-05 7.05781213e-07 1.00000000e-10 1.00000000e-10
 1992 06 03 12 00 00  3.65957142e-03 2.22244999e-03 1.22414083e-03 8.77351085e-04 6.33276418e-04 3.55143648e-04 2.54071525e-04 2.13842094e-04 4.36314465e-04 1.25899832e-04 3.06177341e-03 4.54223230e-03 2.22282690e-04 6.55382007e-05 4.23312875e-05 1.24878572e-04 3.73634626e-05 6.24732464e-05 1.23806045e-04 7.23338628e-05 1.40305788e-04 1.71934410e-04 1.00237846e-04 7.14702557e-05 5.14074381e-06 8.77701095e-06 5.98096049e-06 2.52394596e-05 4.83202239e-06 1.71071187e-05 4.74087220e-05 3.82343569e-05 1.84924065e-05 4.84028389e-05 3.71497445e-05 1.38293195e-05 5.15507858e-05 6.31183645e-05 9.22127510e-06 4.39501052e-05 1.20809588e-04 2.72856443e-05 2.60302465e-04 3.86874711e-04 1.54749884e-05 1.94451648e-04 4.23243124e-05 3.46160115e-05 3.76248619e-04 5.57157394e-04 9.77646425e-05 3.06168142e-04 8.24002533e-05 2.76280005e-05 6.11721173e-05 3.09653921e-05 7.98199048e-07 3.50163987e-10 1.00000000e-10
 1992 06 04 12 00 00  3.66975152e-03 2.22942442e-03 1.22855917e-03 8.80585036e-04 6.36138109e-04 3.56408972e-04 2.55345981e-04 2.15247824e-04 4.39963751e-04 1.26937770e-04 3.09087138e-03 4.59481403e-03 2.23797765e-04 6.59099096e-05 4.25575122e-05 1.25913649e-04 3.76381475e-05 6.32265990e-05 1.24597194e-04 7.27402279e-05 1.41913469e-04 1.73983992e-04 1.01097889e-04 7.18650565e-05 5.16065193e-06 8.81252345e-06 5.98910083e-06 2.53376798e-05 4.84184129e-06 1.71766827e-05 4.78191779e-05 3.83496081e-05 1.87305355e-05 4.88353506e-05 3.77199089e-05 1.38708332e-05 5.23478878e-05 6.42239271e-05 9.25087079e-06 4.45847660e-05 1.23198181e-04 2.76358740e-05 2.64739531e-04 3.92098490e-04 1.56839396e-05 1.99306494e-04 4.39821481e-05 3.52990406e-05 3.83898359e-04 5.65146746e-04 9.93461228e-05 3.11732430e-04 8.35842069e-05 2.80591499e-05 6.21709873e-05 3.16797681e-05 8.33877320e-07 1.75097057e-09 1.00000000e-10
 1992 06 05 12 00 00  3.68822332e-03 2.24203956e-03 1.23655487e-03 8.86520029e-04 6.41432987e-04 3.58729937e-04 2.57679212e-04 2.17825892e-04 4.46626403e-04 1.28817867e-04 3.14401464e-03 4.69028465e-03 2.26550624e-04 6.65959850e-05 4.29689217e-05 1.27826682e-04 3.81678576e-05 6.46250672e-05 1.26091608e-04 7.34919275e-05 1.44852132e-04 1.77728503e-04 1.02669328e-04 7.26248151e-05 5.19876194e-06 8.92249882e-06 6.00398598e-06 2.55290437e-05 4.85934761e-06 1.73092555e-05 4.85893764e-05 3.85697203e-05 1.91884974e-05 4.96608880e-05 3.87402368e-05 1.39460215e-05 5.38259416e-05 6.62702225e-05 9.34242198e-06 4.58073141e-05 1.27638451e-04 2.82783032e-05 2.73159792e-04 4.01466207e-04 1.60586483e-05 2.08323441e-04 4.70732251e-05 3.65485204e-05 3.98214737e-04 5.80212714e-04 1.02298347e-04 3.23799012e-04 8.79199088e-05 2.96360089e-05 6.58142597e-05 3.41692376e-05 9.50373050e-07 5.99639165e-09 1.00000000e-10
 1992 06 06 12 00 00  3.70478149e-03 2.25335285e-03 1.24372498e-03 8.91831573e-04 6.46166204e-04 3.60807246e-04 2.59768064e-04 2.20133367e-04 4.52593553e-04 1.30503603e-04 3.19160791e-03 4.77585755e-03 2.29017807e-04 6.72094980e-05 4.33375917e-05 1.29537063e-04 3.86386790e-05 6.58746227e-05 1.27423638e-04 7.41639233e-05 1.47483537e-04 1.81081813e-04 1.04076571e-04 7.32988783e-05 5.23266972e-06 9.01336680e-06 6.01731481e-06 2.56987745e-05 4.87507969e-06 1.74272808e-05 4.92764653e-05 3.87656182e-05 1.95957022e-05 5.03944971e-05 3.96566873e-05 1.40134391e-05 5.51466045e-05 6.80992619e-05 9.41807739e-06 4.68915153e-05 1.31604919e-04 2.88532843e-05 2.80650924e-04 4.09877707e-04 1.63951083e-05 2.16378321e-04 4.98334528e-05 3.76672571e-05 4.10992102e-04 5.93638596e-04 1.04934135e-04 3.34293813e-04 9.14326632e-05 3.09137469e-05 6.87673037e-05 3.61973428e-05 1.04600435e-06 1.04361309e-08 1.00000000e-10
 1992 06 07 12 00 00  3.71075156e-03 2.25745448e-03 1.24632224e-03 8.93708834e-04 6.47814981e-04 3.61542080e-04 2.60509495e-04 2.20949881e-04 4.54721856e-04 1.31113226e-04 3.20857328e-03 4.80667576e-03 2.29905232e-04 6.74241407e-05 4.34699953e-05 1.30134040e-04 3.87907610e-05 6.63073559e-05 1.27870206e-04 7.43981102e-05 1.48418758e-04 1.82276425e-04 1.04577802e-04 7.34788931e-05 5.24377247e-06 8.96696947e-06 6.02205473e-06 2.57490569e-05 4.88092774e-06 1.74662499e-05 4.95082093e-05 3.88300483e-05 1.97279063e-05 5.06035184e-05 3.99951445e-05 1.40378223e-05 5.55992479e-05 6.87332737e-05 9.37951845e-06 4.71718528e-05 1.32970072e-04 2.90566793e-05 2.82871513e-04 4.12973011e-04 1.65189204e-05 2.19129657e-04 5.07818186e-05 3.80649057e-05 4.15352835e-04 5.97990092e-04 1.05837815e-04 3.35248895e-04 8.91452339e-05 3.00830099e-05 6.68536612e-05 3.49572379e-05 9.92739976e-07 7.86746313e-09 1.00000000e-10
 1992 06 08 12 00 00  3.71480873e-03 2.26025470e-03 1.24809414e-03 8.94963076e-04 6.48902611e-04 3.62033417e-04 2.61006705e-04 2.21495972e-04 4.56155045e-04 1.31528556e-04 3.21999168e-03 4.82759997e-03 2.30507104e-04 6.75662839e-05 4.35596734e-05 1.30528530e-04 3.88840621e-05 6.65913045e-05 1.28155051e-04 7.45526573e-05 1.49048237e-04 1.83080064e-04 1.04914929e-04 7.36104852e-05 5.25067953e-06 8.95345656e-06 6.02523978e-06 2.57811345e-05 4.88500009e-06 1.74906942e-05 4.96585194e-05 3.88703047e-05 1.98094422e-05 5.07521332e-05 4.02297272e-05 1.40544362e-05 5.59000853e-05 6.91528595e-05 9.36832148e-06 4.73820902e-05 1.33866732e-04 2.91926786e-05 2.84428330e-04 4.15112008e-04 1.66044803e-05 2.20954232e-04 5.13996929e-05 3.83318926e-05 4.18176379e-04 6.00865107e-04 1.06425415e-04 3.36273035e-04 8.82500506e-05 2.97583720e-05 6.61081398e-05 3.45012101e-05 9.75170505e-07 7.31442924e-09 1.00000000e-10
 1992 06 09 12 00 00  3.72694561e-03 2.26855133e-03 1.25335194e-03 8.98849405e-04 6.52361343e-04 3.63553450e-04 2.62535642e-04 2.23184472e-04 4.60524596e-04 1.32764509e-04 3.25484114e-03 4.89031672e-03 2.32315122e-04 6.80147762e-05 4.38298063e-05 1.31778582e-04 3.92259186e-05 6.75039308e-05 1.29125238e-04 7.50437262e-05 1.50974615e-04 1.85535330e-04 1.05945282e-04 7.40955118e-05 5.27532648e-06 9.00821469e-06 6.03499757e-06 2.59037248e-05 4.89656377e-06 1.75765450e-05 5.01593050e-05 3.90127592e-05 2.01052273e-05 5.12816237e-05 4.09029512e-05 1.41038647e-05 5.68641020e-05 7.04890115e-05 9.41390972e-06 4.81610071e-05 1.36762485e-04 2.96134065e-05 2.89844150e-04 4.21289005e-04 1.68515602e-05 2.26832293e-04 5.34142717e-05 3.91508511e-05 4.27496643e-04 6.10627926e-04 1.08348818e-04 3.43604269e-04 9.03854945e-05 3.05350741e-05 6.79029780e-05 3.57310735e-05 1.03296534e-06 1.03657804e-08 1.00000000e-10
 1992 06 10 12 00 00  3.73929000e-03 2.27699019e-03 1.25869980e-03 9.02801615e-04 6.55878371e-04 3.65099264e-04 2.64090555e-04 2.24901617e-04 4.64968537e-04 1.34021623e-04 3.29028354e-03 4.95410599e-03 2.34154020e-04 6.84708395e-05 4.41045527e-05 1.33049720e-04 3.95733572e-05 6.84319064e-05 1.30112031e-04 7.55430607e-05 1.52935292e-04 1.88032367e-04 1.06993164e-04 7.46312326e-05 5.30037905e-06 9.12327087e-06 6.04492125e-06 2.60322010e-05 4.90832826e-06 1.76638109e-05 5.06702542e-05 3.91575566e-05 2.04058553e-05 5.18559693e-05 4.15877992e-05 1.41541401e-05 5.78506022e-05 7.18506984e-05 9.50966787e-06 4.90309817e-05 1.39712429e-04 3.00412765e-05 2.95653611e-04 4.27572522e-04 1.71029009e-05 2.32848687e-04 5.54626109e-05 3.99837387e-05 4.36972720e-04 6.20738873e-04 1.10304426e-04 3.52927531e-04 9.50835283e-05 3.22432921e-05 7.18477237e-05 3.84026839e-05 1.15629936e-06 1.69996124e-08 4.73594497e-10
 1992 06 11 12 00 00  3.75991515e-03 2.29106453e-03 1.26762154e-03 9.09447565e-04 6.61819646e-04 3.67697931e-04 2.66701688e-04 2.27788013e-04 4.72419568e-04 1.36119975e-04 3.34972022e-03 5.06072417e-03 2.37228865e-04 6.92401935e-05 4.45641872e-05 1.35195700e-04 4.01737285e-05 7.00023840e-05 1.31796919e-04 7.63864839e-05 1.56221119e-04 1.92220673e-04 1.08750900e-04 7.54489759e-05 5.34349820e-06 9.19960512e-06 6.06157482e-06 2.62457306e-05 4.92778745e-06 1.78136468e-05 5.15356686e-05 3.94064497e-05 2.09245758e-05 5.27531737e-05 4.27230261e-05 1.42380566e-05 5.95037386e-05 7.41439667e-05 9.57323355e-06 5.03376629e-05 1.44694972e-04 3.07605718e-05 3.04858448e-04 4.38000783e-04 1.75200313e-05 2.42936432e-04 5.89376490e-05 4.13817586e-05 4.53082166e-04 6.37536015e-04 1.13624333e-04 3.65038884e-04 9.79497730e-05 3.32860891e-05 7.42588662e-05 4.00713257e-05 1.23587365e-06 2.14687194e-08 8.86976537e-10
 1992 06 12 12 00 00  3.76589998e-03 2.29517328e-03 1.27022360e-03 9.11334473e-04 6.63480171e-04 3.68436451e-04 2.67446505e-04 2.28608589e-04 4.74556206e-04 1.36730861e-04 3.36675284e-03 5.09162322e-03 2.38118765e-04 6.94562418e-05 4.46969857e-05 1.35796765e-04 4.03285288e-05 7.04385457e-05 1.32249145e-04 7.66223238e-05 1.57160697e-04 1.93420152e-04 1.09254182e-04 7.56448590e-05 5.35477666e-06 9.17546931e-06 6.06633548e-06 2.62983311e-05 4.93362568e-06 1.78531873e-05 5.17704114e-05 3.94718634e-05 2.10590457e-05 5.29764621e-05 4.30612563e-05 1.42624893e-05 5.99617795e-05 7.47834322e-05 9.55322757e-06 5.06465405e-05 1.46072974e-04 3.09649884e-05 3.07209913e-04 4.41095460e-04 1.76438184e-05 2.45721983e-04 5.98945771e-05 4.17811447e-05 4.57486320e-04 6.41991828e-04 1.14536435e-04 3.66569453e-04 9.63968876e-05 3.27228676e-05 7.29651013e-05 3.92758730e-05 1.20490600e-06 2.02309007e-08 7.84406584e-10
 1992 06 13 12 00 00  3.78036850e-03 2.30505751e-03 1.27648811e-03 9.15977962e-04 6.67619509e-04 3.70252452e-04 2.69272447e-04 2.30625790e-04 4.79771675e-04 1.38203750e-04 3.40835161e-03 5.16639873e-03 2.40274713e-04 6.99927255e-05 4.50191634e-05 1.37292478e-04 4.07409942e-05 7.15314702e-05 1.33413974e-04 7.72099942e-05 1.59457409e-04 1.96351140e-04 1.10484202e-04 7.61421911e-05 5.38447275e-06 9.12800024e-06 6.07798574e-06 2.64386838e-05 4.94736232e-06 1.79565319e-05 5.23677191e-05 3.96434130e-05 2.14157350e-05 5.35405157e-05 4.38615680e-05 1.43213925e-05 6.11033186e-05 7.63764311e-05 9.51380425e-06 5.14259284e-05 1.49530340e-04 3.14676465e-05 3.13115506e-04 4.48441670e-04 1.79376668e-05 2.52681777e-04 6.23092579e-05 4.27590392e-05 4.68665925e-04 6.53336094e-04 1.16842381e-04 3.71609511e-04 9.38707481e-05 3.18058192e-05 7.08544982e-05 3.79301210e-05 1.14874159e-06 1.76532470e-08 5.59695401e-10
 1992 06 14 12 00 00  3.78421955e-03 2.30771613e-03 1.27817038e-03 9.17167356e-04 6.68650143e-04 3.70718400e-04 2.69744040e-04 2.31143673e-04 4.81131355e-04 1.38598033e-04 3.41918428e-03 5.18625900e-03 2.40845943e-04 7.01274464e-05 4.51042687e-05 1.37666327e-04 4.08290245e-05 7.18004594e-05 1.33683395e-04 7.73564330e-05 1.60054676e-04 1.97113513e-04 1.10804017e-04 7.62700321e-05 5.39099492e-06 9.12093747e-06 6.08100672e-06 2.64693143e-05 4.95123386e-06 1.79796269e-05 5.25101174e-05 3.96814372e-05 2.14926884e-05 5.36842876e-05 4.40844742e-05 1.43371653e-05 6.13889593e-05 7.67742779e-05 9.50799513e-06 5.16311781e-05 1.50380066e-04 3.15966143e-05 3.14621068e-04 4.50473924e-04 1.80189569e-05 2.54413920e-04 6.28943264e-05 4.30122891e-05 4.71338572e-04 6.56069878e-04 1.17398719e-04 3.72630793e-04 9.30965525e-05 3.15255273e-05 7.02131114e-05 3.75648824e-05 1.13680704e-06 1.73776353e-08 5.43588641e-10
 1992 06 15 12 00 00  3.78826539e-03 2.31051104e-03 1.27993865e-03 9.18413955e-04 6.69728405e-04 3.71206825e-04 2.70238578e-04 2.31686554e-04 4.82558018e-04 1.39012402e-04 3.43054964e-03 5.20712063e-03 2.41445908e-04 7.02684734e-05 4.51936442e-05 1.38057558e-04 4.09201341e-05 7.20816723e-05 1.33963648e-04 7.75096647e-05 1.60680586e-04 1.97913328e-04 1.11139528e-04 7.63851369e-05 5.39776011e-06 9.08630245e-06 6.08417504e-06 2.64992863e-05 4.95531458e-06 1.80036104e-05 5.26578634e-05 3.97209078e-05 2.15723965e-05 5.38187013e-05 4.43192810e-05 1.43537400e-05 6.16850560e-05 7.71892539e-05 9.47923254e-06 5.18118769e-05 1.51265900e-04 3.17318016e-05 3.16057599e-04 4.52613816e-04 1.81045526e-05 2.56208238e-04 6.35053497e-05 4.32779023e-05 4.74127254e-04 6.58842809e-04 1.17979567e-04 3.72914243e-04 9.12366097e-05 3.08503561e-05 6.86593450e-05 3.65760185e-05 1.09567655e-06 1.55014108e-08 3.80359255e-10
 1992 06 16 12 00 00  3.78191902e-03 2.30623100e-03 1.27722050e-03 9.16284123e-04 6.67770629e-04 3.70375488e-04 2.69408863e-04 2.30763730e-04 4.80213364e-04 1.38370837e-04 3.41182381e-03 5.17423600e-03 2.40495022e-04 7.00170352e-05 4.50510401e-05 1.37353038e-04 4.06957464e-05 7.15585076e-05 1.33371050e-04 7.72319851e-05 1.59643564e-04 1.96592213e-04 1.10584864e-04 7.61146659e-05 5.38197455e-06 9.05676716e-06 6.07890543e-06 2.64202843e-05 4.94971864e-06 1.79494636e-05 5.23608913e-05 3.96303978e-05 2.13799998e-05 5.35217914e-05 4.39879921e-05 1.43280922e-05 6.11415696e-05 7.64351820e-05 9.45470601e-06 5.13862323e-05 1.49602929e-04 3.15016892e-05 3.13021079e-04 4.49545287e-04 1.79818115e-05 2.52874713e-04 6.23310159e-05 4.28349071e-05 4.68618115e-04 6.53108990e-04 1.16853353e-04 3.68216727e-04 8.96449617e-05 3.02725874e-05 6.73297871e-05 3.57304566e-05 1.06055227e-06 1.39029629e-08 2.41407117e-10
 1992 06 17 12 00 00  3.77535867e-03 2.30180567e-03 1.27441012e-03 9.14084252e-04 6.65749535e-04 3.69516778e-04 2.68551725e-04 2.29810513e-04 4.77790761e-04 1.37707554e-04 3.39247597e-03 5.14024422e-03 2.39512169e-04 6.97574344e-05 4.49036567e-05 1.36625678e-04 4.04646184e-05 7.10185210e-05 1.32761712e-04 7.69453065e-05 1.58577320e-04 1.95227235e-04 1.10011786e-04 7.59801615e-05 5.36570878e-06 9.22841064e-06 6.07346083e-06 2.63520798e-05 4.94392661e-06 1.78936578e-05 5.20606602e-05 3.95371346e-05 2.11818013e-05 5.33375711e-05 4.36451635e-05 1.43015728e-05 6.06016682e-05 7.56669269e-05 9.59756362e-06 5.12117556e-05 1.47905362e-04 3.12640041e-05 3.10914909e-04 4.46370373e-04 1.78548149e-05 2.49567319e-04 6.11192721e-05 4.23772406e-05 4.62934691e-04 6.47822634e-04 1.15691346e-04 3.69757914e-04 9.66305748e-05 3.28126316e-05 7.31957376e-05 3.97064929e-05 1.24433846e-06 2.38057414e-08 1.14742162e-09
 1992 06 18 12 00 00  3.77518352e-03 2.30172263e-03 1.27435386e-03 9.13966644e-04 6.65605648e-04 3.69471845e-04 2.68510622e-04 2.29761011e-04 4.77690025e-04 1.37692689e-04 3.39165622e-03 5.13928272e-03 2.39482624e-04 6.97402947e-05 4.48989060e-05 1.36575595e-04 4.04309452e-05 7.09764019e-05 1.32692388e-04 7.69250502e-05 1.58525922e-04 1.95168339e-04 1.09986906e-04 7.58268453e-05 5.36352818e-06 9.03684631e-06 6.07321381e-06 2.63285256e-05 4.94404339e-06 1.78865894e-05 5.20255814e-05 3.95249896e-05 2.11537699e-05 5.32024875e-05 4.36485134e-05 1.43009835e-05 6.05430317e-05 7.56031568e-05 9.43820633e-06 5.09403108e-05 1.47752270e-04 3.12515593e-05 3.09739278e-04 4.46382910e-04 1.78553164e-05 2.49193156e-04 6.10140560e-05 4.23561287e-05 4.62399907e-04 6.46696477e-04 1.15587716e-04 3.63167094e-04 8.82730725e-05 2.97751543e-05 6.61878410e-05 3.50365499e-05 1.03418203e-06 1.29056914e-08 1.60667168e-10
 1992 06 19 12 00 00  3.76251288e-03 2.29312915e-03 1.26890118e-03 9.09795495e-04 6.61820759e-04 3.67842376e-04 2.66879178e-04 2.27951706e-04 4.73058535e-04 1.36407884e-04 3.35468769e-03 5.07370234e-03 2.37588715e-04 6.92523469e-05 4.46153190e-05 1.35211230e-04 4.00208257e-05 6.99700322e-05 1.31580186e-04 7.63880031e-05 1.56480619e-04 1.92561643e-04 1.08892703e-04 7.53134865e-05 5.33441671e-06 8.99525912e-06 6.06283138e-06 2.61842632e-05 4.93249718e-06 1.77861660e-05 5.14623426e-05 3.93575931e-05 2.08009660e-05 5.26368094e-05 4.29698790e-05 1.42496094e-05 5.94924474e-05 7.41445138e-05 9.40363170e-06 5.01287859e-05 1.44557283e-04 3.08005314e-05 3.03930682e-04 4.40122631e-04 1.76049053e-05 2.42764816e-04 5.87698363e-05 4.14839305e-05 4.51928329e-04 6.35826802e-04 1.13439201e-04 3.55121419e-04 8.63210156e-05 2.90660138e-05 6.45533125e-05 3.39657066e-05 9.87322736e-07 1.05767846e-08 1.00000000e-10
 1992 06 20 12 00 00  3.74796182e-03 2.28324966e-03 1.26263357e-03 9.05023109e-04 6.57501403e-04 3.65977742e-04 2.65011131e-04 2.25881168e-04 4.67750636e-04 1.34931536e-04 3.31232455e-03 4.99840602e-03 2.35414722e-04 6.86950730e-05 4.42898933e-05 1.33653667e-04 3.95581766e-05 6.88226894e-05 1.30318604e-04 7.57750648e-05 1.54137516e-04 1.89574887e-04 1.07639009e-04 7.47360761e-05 5.30151447e-06 8.96008642e-06 6.05093846e-06 2.60221261e-05 4.91915525e-06 1.76725297e-05 5.08223104e-05 3.91682726e-05 2.04026946e-05 5.19984464e-05 4.21867415e-05 1.41905752e-05 5.82944527e-05 7.24801512e-05 9.37438090e-06 4.92167376e-05 1.40916474e-04 3.02844070e-05 2.97360470e-04 4.32903717e-04 1.73161487e-05 2.35438201e-04 5.62146364e-05 4.04849910e-05 4.40018742e-04 6.23498423e-04 1.10993826e-04 3.46451706e-04 8.47228053e-05 2.84853028e-05 6.32142519e-05 3.30818757e-05 9.48163930e-07 8.59269136e-09 1.00000000e-10
 1992 06 21 12 00 00  3.73321549e-03 2.27323364e-03 1.25627977e-03 9.00193167e-04 6.53133955e-04 3.64090503e-04 2.63120016e-04 2.23785484e-04 4.62375422e-04 1.33435061e-04 3.26942611e-03 4.92210537e-03 2.33211911e-04 6.81314262e-05 4.39601818e-05 1.32078565e-04 3.90923436e-05 6.76630007e-05 1.29046577e-04 7.51552870e-05 1.51767470e-04 1.86550508e-04 1.06369540e-04 7.42226500e-05 5.26836193e-06 9.02312677e-06 6.03889748e-06 2.58652344e-05 4.90560415e-06 1.75579806e-05 5.01789969e-05 3.89774737e-05 2.00015755e-05 5.14125190e-05 4.13917209e-05 1.41307362e-05 5.70933264e-05 7.08021114e-05 9.42684128e-06 4.84230183e-05 1.37245823e-04 2.97620310e-05 2.91217656e-04 4.25577208e-04 1.70230883e-05 2.28095750e-04 5.36331499e-05 3.94736184e-05 4.27991398e-04 6.11353230e-04 1.08523607e-04 3.40834785e-04 8.73393179e-05 2.94365685e-05 6.54104763e-05 3.45632446e-05 1.01612046e-06 1.22158994e-08 1.04583275e-10
 1992 06 22 12 00 00  3.70833311e-03 2.25630800e-03 1.24554522e-03 8.92085364e-04 6.45828764e-04 3.60921778e-04 2.59942049e-04 2.20266500e-04 4.53331278e-04 1.30907937e-04 3.19725748e-03 4.79339734e-03 2.29497341e-04 6.71876642e-05 4.34044331e-05 1.29442714e-04 3.83259670e-05 6.57259719e-05 1.26935956e-04 7.41184980e-05 1.47778155e-04 1.81463343e-04 1.04234338e-04 7.32799604e-05 5.21367110e-06 9.01352032e-06 6.01865177e-06 2.55993221e-05 4.88254409e-06 1.73686828e-05 4.91050875e-05 3.86624306e-05 1.93409942e-05 5.03619062e-05 4.00413002e-05 1.40296819e-05 5.50713492e-05 6.79886080e-05 9.41884500e-06 4.69385248e-05 1.31105335e-04 2.88849464e-05 2.80348537e-04 4.13145261e-04 1.65258104e-05 2.15741171e-04 4.93293337e-05 3.77734250e-05 4.07970703e-04 5.90766864e-04 1.04407351e-04 3.28021838e-04 8.69500001e-05 2.92950039e-05 6.50835271e-05 3.43413933e-05 1.00584866e-06 1.16611663e-08 5.37987432e-11
 1992 06 23 12 00 00  3.68749769e-03 2.24213407e-03 1.23655598e-03 8.85298229e-04 6.39714712e-04 3.58269159e-04 2.57281561e-04 2.17320653e-04 4.45759309e-04 1.28791749e-04 3.13683689e-03 4.68562394e-03 2.26387031e-04 6.63977278e-05 4.29390960e-05 1.27236593e-04 3.76851502e-05 6.41049177e-05 1.25171059e-04 7.32507615e-05 1.44440525e-04 1.77204327e-04 1.02446732e-04 7.25535229e-05 5.16793225e-06 9.09280643e-06 6.00170279e-06 2.53826541e-05 4.86322606e-06 1.72103575e-05 4.82091899e-05 3.83989478e-05 1.87886049e-05 4.95354426e-05 3.89101042e-05 1.39450567e-05 5.33881821e-05 6.56382378e-05 9.48480811e-06 4.58104767e-05 1.25974664e-04 2.81507178e-05 2.71695695e-04 4.02732090e-04 1.61092836e-05 2.05459019e-04 4.57279297e-05 3.63500498e-05 3.91218965e-04 5.73813505e-04 1.00962987e-04 3.20073574e-04 9.03673106e-05 3.05371008e-05 6.79496928e-05 3.62569335e-05 1.09245541e-06 1.61839328e-08 4.64026417e-10
 1992 06 24 12 00 00  3.66878576e-03 2.22940511e-03 1.22848312e-03 8.79202114e-04 6.34222738e-04 3.55886632e-04 2.54892014e-04 2.14674770e-04 4.38958628e-04 1.26891263e-04 3.08257053e-03 4.58883494e-03 2.23593682e-04 6.56881881e-05 4.25211792e-05 1.25254959e-04 3.71093251e-05 6.26487599e-05 1.23584467e-04 7.24713202e-05 1.41439893e-04 1.73379117e-04 1.00841201e-04 7.18188679e-05 5.12683546e-06 9.04900371e-06 5.98647930e-06 2.51804659e-05 4.84588018e-06 1.70681046e-05 4.74008838e-05 3.81621998e-05 1.82922551e-05 4.87236019e-05 3.78943427e-05 1.38690593e-05 5.18642418e-05 6.35212173e-05 9.44835410e-06 4.46467865e-05 1.21355215e-04 2.74912454e-05 2.63337744e-04 3.93381298e-04 1.57352519e-05 1.96146975e-04 4.24927362e-05 3.50716437e-05 3.76170107e-04 5.58226878e-04 9.78688283e-05 3.09326780e-04 8.85651474e-05 2.98818630e-05 6.64367333e-05 3.52342008e-05 1.04537901e-06 1.36620503e-08 2.33661357e-10
 1992 06 25 12 00 00  3.66475856e-03 2.22666291e-03 1.22674426e-03 8.77894532e-04 6.33047501e-04 3.55375514e-04 2.54379108e-04 2.14107126e-04 4.37497711e-04 1.26482026e-04 3.07091404e-03 4.56800759e-03 2.22992746e-04 6.55362423e-05 4.24312922e-05 1.24830771e-04 3.69874586e-05 6.23374362e-05 1.23247582e-04 7.23045145e-05 1.40797626e-04 1.72557537e-04 1.00496378e-04 7.17222810e-05 5.11812214e-06 9.12485557e-06 5.98321058e-06 2.51431810e-05 4.84212651e-06 1.70379076e-05 4.72310785e-05 3.81119753e-05 1.81871364e-05 4.86012110e-05 3.76747921e-05 1.38526957e-05 5.15469591e-05 6.30723951e-05 9.51146503e-06 4.45085118e-05 1.20375621e-04 2.73497746e-05 2.61982303e-04 3.91361536e-04 1.56544615e-05 1.94210869e-04 4.18019190e-05 3.47971712e-05 3.72960041e-04 5.55164527e-04 9.72083519e-05 3.09709110e-04 9.17879566e-05 3.10533709e-05 6.91405483e-05 3.70475071e-05 1.12781601e-06 1.80014208e-08 6.28133368e-10
 1992 06 26 12 00 00  3.65010977e-03 2.21669324e-03 1.22042181e-03 8.73130016e-04 6.28760120e-04 3.53513281e-04 2.52510865e-04 2.12038988e-04 4.32178565e-04 1.24993838e-04 3.02847182e-03 4.49224263e-03 2.20806386e-04 6.49821417e-05 4.21042331e-05 1.23283533e-04 3.65403510e-05 6.12011820e-05 1.22011245e-04 7.16960058e-05 1.38447465e-04 1.69565943e-04 9.92407590e-05 7.10514242e-05 5.08618286e-06 8.95551275e-06 5.97130675e-06 2.49772751e-05 4.82850992e-06 1.69272904e-05 4.65970172e-05 3.79279285e-05 1.78016067e-05 4.78853255e-05 3.68779176e-05 1.37931842e-05 5.03429261e-05 6.14126723e-05 9.37056466e-06 4.34212136e-05 1.16758632e-04 2.68343167e-05 2.54768179e-04 3.84028177e-04 1.53611271e-05 1.86852213e-04 3.92789749e-05 3.37975478e-05 3.61230201e-04 5.42590627e-04 9.47957812e-05 2.97061697e-04 8.46005149e-05 2.84406782e-05 6.31104194e-05 3.30023796e-05 9.43840217e-07 8.31151645e-09 1.00000000e-10
 1992 06 27 12 00 00  3.63352227e-03 2.20540975e-03 1.21326567e-03 8.67725364e-04 6.23890658e-04 3.51400998e-04 2.50392404e-04 2.09693232e-04 4.26149590e-04 1.23309148e-04 2.98036309e-03 4.40644063e-03 2.18330128e-04 6.43530424e-05 4.17337498e-05 1.21526540e-04 3.60295991e-05 5.99100313e-05 1.20604033e-04 7.10049120e-05 1.35786737e-04 1.66174767e-04 9.78174020e-05 7.03843344e-05 5.04973250e-06 8.89326693e-06 5.95781021e-06 2.47964359e-05 4.81313582e-06 1.68011265e-05 4.58795769e-05 3.77179618e-05 1.73613589e-05 4.71519236e-05 3.59776139e-05 1.37258161e-05 4.89893466e-05 5.95345173e-05 9.31874310e-06 4.23605300e-05 1.12660648e-04 2.62496527e-05 2.47237723e-04 3.75740078e-04 1.50296031e-05 1.78580685e-04 3.64102714e-05 3.26641835e-05 3.47885668e-04 5.28702490e-04 9.20521124e-05 2.86917328e-04 8.21719603e-05 2.75573678e-05 6.10692404e-05 3.16038810e-05 8.78132218e-07 5.50223831e-09 1.00000000e-10
 1992 06 28 12 00 00  3.64174246e-03 2.21101669e-03 1.21682012e-03 8.70378296e-04 6.26264933e-04 3.52438266e-04 2.51434369e-04 2.10845318e-04 4.29121758e-04 1.24145249e-04 3.00407331e-03 4.44893762e-03 2.19555854e-04 6.46603917e-05 4.19169946e-05 1.22383998e-04 3.62708262e-05 6.05379057e-05 1.21278757e-04 7.13419460e-05 1.37096272e-04 1.67845618e-04 9.85186301e-05 7.06746422e-05 5.06704164e-06 8.87209317e-06 5.96445498e-06 2.48788180e-05 4.82087271e-06 1.68612387e-05 4.62244510e-05 3.78178433e-05 1.75697060e-05 4.74794736e-05 3.64291744e-05 1.37592520e-05 4.96445146e-05 6.04482956e-05 9.30113019e-06 4.28154486e-05 1.14648108e-04 2.65367591e-05 2.50651681e-04 3.79889433e-04 1.51955773e-05 1.82578407e-04 3.78004101e-05 3.32219934e-05 3.54333242e-04 5.35266870e-04 9.33804083e-05 2.90231703e-04 8.12403336e-05 2.72187935e-05 6.02881937e-05 3.10844432e-05 8.54831907e-07 4.69815333e-09 1.00000000e-10
 1992 06 29 12 00 00  3.64592011e-03 2.21387396e-03 1.21863072e-03 8.71713481e-04 6.27451619e-04 3.52960535e-04 2.51959865e-04 2.11425482e-04 4.30624279e-04 1.24570802e-04 3.01605578e-03 4.47052307e-03 2.20178048e-04 6.48143307e-05 4.20099445e-05 1.22812966e-04 3.63873143e-05 6.08508533e-05 1.21610629e-04 7.15104339e-05 1.37758983e-04 1.68689783e-04 9.88728803e-05 7.08522415e-05 5.07545010e-06 8.90647498e-06 5.96780956e-06 2.49216435e-05 4.82486430e-06 1.68905498e-05 4.63963894e-05 3.78664612e-05 1.76705435e-05 4.76705945e-05 3.66614433e-05 1.37762705e-05 4.99769476e-05 6.09075630e-05 9.32974872e-06 4.31033956e-05 1.15642445e-04 2.66813178e-05 2.52589806e-04 3.82019789e-04 1.52807916e-05 1.84605246e-04 3.84907238e-05 3.35035118e-05 3.57524946e-04 5.38659181e-04 9.40393492e-05 2.93216698e-04 8.26169113e-05 2.77193885e-05 6.14445326e-05 3.18714766e-05 8.91442181e-07 6.02252825e-09 1.00000000e-10
 1992 06 30 12 00 00  3.66238604e-03 2.22509970e-03 1.22574776e-03 8.77036618e-04 6.32221377e-04 3.55041664e-04 2.54049834e-04 2.13736933e-04 4.36583412e-04 1.26245163e-04 3.06359628e-03 4.55565751e-03 2.22633802e-04 6.54315560e-05 4.23771279e-05 1.24535263e-04 3.68747540e-05 6.21128245e-05 1.22972097e-04 7.21874996e-05 1.40390977e-04 1.72040124e-04 1.00278986e-04 7.16051090e-05 5.11038998e-06 9.10265589e-06 5.98113475e-06 2.51035895e-05 4.84031880e-06 1.70118196e-05 4.70976441e-05 3.80680227e-05 1.80913834e-05 4.84723438e-05 3.75640433e-05 1.38432282e-05 5.13179167e-05 6.27551091e-05 9.49300083e-06 4.43275144e-05 1.19659342e-04 2.72573641e-05 2.60662208e-04 3.90316306e-04 1.56126522e-05 1.92794606e-04 4.12865425e-05 3.46222427e-05 3.70499090e-04 5.52603346e-04 9.67112441e-05 3.07338989e-04 9.07985306e-05 3.06938202e-05 6.83112526e-05 3.64976642e-05 1.10327387e-06 1.67439111e-08 5.14690779e-10
 1992 07 01 12 00 00  3.68497344e-03 2.24049888e-03 1.23551074e-03 8.84338465e-04 6.38763979e-04 3.57896394e-04 2.56916691e-04 2.16907589e-04 4.44757769e-04 1.28542004e-04 3.12880897e-03 4.67244089e-03 2.26002503e-04 6.62782040e-05 4.28808194e-05 1.26897715e-04 3.75432865e-05 6.38438330e-05 1.24838367e-04 7.31162087e-05 1.43997984e-04 1.76635904e-04 1.02207790e-04 7.25433198e-05 5.15831271e-06 9.23961707e-06 5.99941268e-06 2.53445169e-05 4.86152021e-06 1.71781494e-05 4.80555139e-05 3.83444771e-05 1.86685807e-05 4.94922074e-05 3.88022541e-05 1.39350814e-05 5.31434648e-05 6.52826794e-05 9.60698817e-06 4.58335478e-05 1.25156933e-04 2.80475302e-05 2.71062315e-04 4.01697695e-04 1.60679078e-05 2.03940391e-04 4.51214379e-05 3.61568353e-05 3.88294919e-04 5.71319213e-04 1.00376144e-04 3.22554448e-04 9.64066967e-05 3.27329255e-05 7.30199179e-05 3.96844135e-05 1.25023005e-06 2.46364912e-08 1.23615269e-09
 1992 07 02 12 00 00  3.69119590e-03 2.24476409e-03 1.23821253e-03 8.86311640e-04 6.40507755e-04 3.58668481e-04 2.57694592e-04 2.17765379e-04 4.46986194e-04 1.29176602e-04 3.14657671e-03 4.70457748e-03 2.26928377e-04 6.65047966e-05 4.30190483e-05 1.27528551e-04 3.77095304e-05 6.43026491e-05 1.25319728e-04 7.33638415e-05 1.44982232e-04 1.77887339e-04 1.02732904e-04 7.28577401e-05 5.17037588e-06 9.36543875e-06 6.00438216e-06 2.54107919e-05 4.86753815e-06 1.72203339e-05 4.83082462e-05 3.84143437e-05 1.88127684e-05 4.98183934e-05 3.91515088e-05 1.39604628e-05 5.36401224e-05 6.59616528e-05 9.71172485e-06 4.63559765e-05 1.26621079e-04 2.82612396e-05 2.74297874e-04 4.04896519e-04 1.61958608e-05 2.06966956e-04 4.61303920e-05 3.65737942e-05 3.92947709e-04 5.76499049e-04 1.01338442e-04 3.29104689e-04 1.01411256e-04 3.45529255e-05 7.72244178e-05 4.25508791e-05 1.38390880e-06 3.19270541e-08 1.90534699e-09
 1992 07 03 12 00 00  3.71377794e-03 2.26016075e-03 1.24797381e-03 8.93609922e-04 6.47045977e-04 3.61521842e-04 2.60560204e-04 2.20934543e-04 4.55157500e-04 1.31472991e-04 3.21176453e-03 4.82133180e-03 2.30296177e-04 6.73509247e-05 4.35225932e-05 1.29889482e-04 3.83770384e-05 6.60323771e-05 1.27182925e-04 7.42919394e-05 1.48584727e-04 1.82481331e-04 1.04660954e-04 7.37093123e-05 5.21823240e-06 9.38242883e-06 6.02265354e-06 2.56435505e-05 4.88874357e-06 1.73864493e-05 4.92615887e-05 3.86904314e-05 1.93891159e-05 5.07649455e-05 4.03898215e-05 1.40522956e-05 5.54519088e-05 6.84814930e-05 9.72590060e-06 4.77036408e-05 1.32103367e-04 2.90510332e-05 2.84081415e-04 4.16278221e-04 1.66511288e-05 2.18025689e-04 4.99620917e-05 3.81077465e-05 4.10727306e-04 5.94823990e-04 1.05000196e-04 3.40488386e-04 1.01858968e-04 3.47163270e-05 7.76047341e-05 4.28434711e-05 1.39991153e-06 3.29733325e-08 2.00563406e-09
 1992 07 04 12 00 00  3.72213701e-03 2.26587721e-03 1.25159622e-03 8.96282675e-04 6.49422198e-04 3.62567289e-04 2.61612028e-04 2.22095873e-04 4.58164568e-04 1.32324416e-04 3.23574642e-03 4.86452281e-03 2.31541193e-04 6.76591472e-05 4.37085890e-05 1.30748416e-04 3.86106753e-05 6.66591106e-05 1.27847456e-04 7.46293226e-05 1.49909443e-04 1.84170864e-04 1.05369958e-04 7.40187838e-05 5.23509261e-06 9.38746598e-06 6.02936670e-06 2.57252513e-05 4.89672602e-06 1.74452099e-05 4.96040952e-05 3.87879059e-05 1.95913351e-05 5.11087800e-05 4.08543070e-05 1.40863471e-05 5.61108389e-05 6.93978529e-05 9.73012648e-06 4.81956676e-05 1.34088737e-04 2.93404039e-05 2.87637637e-04 4.20538888e-04 1.68215555e-05 2.22041901e-04 5.13447972e-05 3.86712083e-05 4.17121255e-04 6.01418282e-04 1.06320123e-04 3.44407253e-04 1.01830377e-04 3.47065157e-05 7.75849076e-05 4.28633844e-05 1.40320632e-06 3.33271792e-08 2.04237871e-09
 1992 07 05 12 00 00  3.73219927e-03 2.27275197e-03 1.25595329e-03 8.99510946e-04 6.52299306e-04 3.63829841e-04 2.62881565e-04 2.23498315e-04 4.61791070e-04 1.33348802e-04 3.26467117e-03 4.91652526e-03 2.33040510e-04 6.80320548e-05 4.39326330e-05 1.31788060e-04 3.88970220e-05 6.74186856e-05 1.28658096e-04 7.50377891e-05 1.51510921e-04 1.86208841e-04 1.06225212e-04 7.44906908e-05 5.25571268e-06 9.52999108e-06 6.03746739e-06 2.58341609e-05 4.90628372e-06 1.75169797e-05 5.00244429e-05 3.89070367e-05 1.98389796e-05 5.16073440e-05 4.14111273e-05 1.41273136e-05 5.69227305e-05 7.05140305e-05 9.84874860e-06 4.89686044e-05 1.36507948e-04 2.96898681e-05 2.92635650e-04 4.25649699e-04 1.70259880e-05 2.26995752e-04 5.30227728e-05 3.93511320e-05 4.24889192e-04 6.09850224e-04 1.07922485e-04 3.53505286e-04 1.07637559e-04 3.68180512e-05 8.24611868e-05 4.61676638e-05 1.55587429e-06 4.15482560e-08 2.79440933e-09
 1992 07 06 12 00 00  3.74246256e-03 2.27976575e-03 1.26039833e-03 9.02800805e-04 6.55229393e-04 3.65116514e-04 2.64175555e-04 2.24927577e-04 4.65488226e-04 1.34393794e-04 3.29415877e-03 4.96956408e-03 2.34569618e-04 6.84119127e-05 4.41611145e-05 1.32846940e-04 3.91877198e-05 6.81920676e-05 1.29481948e-04 7.54537876e-05 1.53142215e-04 1.88286408e-04 1.07097074e-04 7.49358567e-05 5.27665725e-06 9.62526101e-06 6.04572488e-06 2.59415368e-05 4.91604696e-06 1.75899058e-05 5.04506277e-05 3.90280649e-05 2.00904426e-05 5.20850721e-05 4.19796823e-05 1.41691053e-05 5.77444210e-05 7.16483205e-05 9.92804999e-06 4.96910746e-05 1.38966404e-04 3.00460088e-05 2.97472284e-04 4.30867389e-04 1.72346956e-05 2.32007712e-04 5.47306496e-05 4.00441932e-05 4.32793254e-04 6.18276992e-04 1.09553242e-04 3.61202966e-04 1.11443657e-04 3.82021670e-05 8.56585139e-05 4.83450314e-05 1.65724368e-06 4.70640018e-08 3.30038255e-09
 1992 07 07 12 00 00  3.76101515e-03 2.29241916e-03 1.26841997e-03 9.08790055e-04 6.60590674e-04 3.67458217e-04 2.66527748e-04 2.27528483e-04 4.72197338e-04 1.36280750e-04 3.34767976e-03 5.06547913e-03 2.37336097e-04 6.91058881e-05 4.45747143e-05 1.34783089e-04 3.97329713e-05 6.96099713e-05 1.31007363e-04 7.62148353e-05 1.56101560e-04 1.92058091e-04 1.08679991e-04 7.56821444e-05 5.31577425e-06 9.70596520e-06 6.06072426e-06 2.61360937e-05 4.93349871e-06 1.77257409e-05 5.12334560e-05 3.92537826e-05 2.05613440e-05 5.29017636e-05 4.29984677e-05 1.42445671e-05 5.92372018e-05 7.37180859e-05 9.99523472e-06 5.08846092e-05 1.43466391e-04 3.06941743e-05 3.05836033e-04 4.40229330e-04 1.76091732e-05 2.41119444e-04 5.78702835e-05 4.13034169e-05 4.47356439e-04 6.33496591e-04 1.12553290e-04 3.72602854e-04 1.14625716e-04 3.93594555e-05 8.83323757e-05 5.01720502e-05 1.74273608e-06 5.17478270e-08 3.73082685e-09
 1992 07 08 12 00 00  3.77130235e-03 2.29944426e-03 1.27287266e-03 9.12096003e-04 6.63540478e-04 3.68751044e-04 2.67827365e-04 2.28964514e-04 4.75908263e-04 1.37327767e-04 3.37727956e-03 5.11864871e-03 2.38869238e-04 6.94880919e-05 4.48038432e-05 1.35848826e-04 4.00282879e-05 7.03891157e-05 1.31839375e-04 7.66336161e-05 1.57735797e-04 1.94143712e-04 1.09555254e-04 7.60345882e-05 5.33701823e-06 9.66863954e-06 6.06901449e-06 2.62363331e-05 4.94324522e-06 1.77996361e-05 5.16596410e-05 3.93764756e-05 2.08166501e-05 5.33018915e-05 4.35665570e-05 1.42864403e-05 6.00502733e-05 7.48530688e-05 9.96421149e-06 5.14359543e-05 1.45931062e-04 3.10520205e-05 3.10025182e-04 4.45445229e-04 1.78178092e-05 2.46077519e-04 5.95925841e-05 4.19993681e-05 4.55333799e-04 6.41583318e-04 1.14198251e-04 3.76193233e-04 1.12807107e-04 3.86989359e-05 8.68106222e-05 4.91833488e-05 1.70007968e-06 4.96755277e-08 3.54683571e-09
 1992 07 09 12 00 00  3.78159609e-03 2.30647253e-03 1.27732749e-03 9.15406318e-04 6.66495632e-04 3.70045540e-04 2.69128501e-04 2.30402387e-04 4.79622944e-04 1.38375347e-04 3.40690968e-03 5.17185442e-03 2.40403480e-04 6.98709242e-05 4.50331499e-05 1.36916427e-04 4.03248501e-05 7.11698201e-05 1.32675223e-04 7.70531420e-05 1.59375831e-04 1.96231529e-04 1.10431447e-04 7.65007906e-05 5.35834297e-06 9.78924436e-06 6.07731527e-06 2.63472881e-05 4.95298809e-06 1.78737930e-05 5.20916927e-05 3.94996168e-05 2.10729908e-05 5.37983333e-05 4.41345357e-05 1.43283338e-05 6.08813351e-05 7.59980600e-05 1.00645862e-05 5.21953089e-05 1.48415437e-04 3.14103294e-05 3.15025620e-04 4.50660815e-04 1.80264326e-05 2.51149355e-04 6.13187673e-05 4.26961051e-05 4.63330941e-04 6.50181683e-04 1.15847047e-04 3.84795839e-04 1.17740459e-04 4.04926926e-05 9.09527993e-05 5.19874289e-05 1.82944073e-06 5.66269492e-08 4.18236183e-09
 1992 07 10 12 00 00  3.78572860e-03 2.30930851e-03 1.27912364e-03 9.16711053e-04 6.67644996e-04 3.70556171e-04 2.69643362e-04 2.30969740e-04 4.81099400e-04 1.38797074e-04 3.41868025e-03 5.19319177e-03 2.41018064e-04 7.00204186e-05 4.51248721e-05 1.37332410e-04 4.04325896e-05 7.14718481e-05 1.32990750e-04 7.72163796e-05 1.60030292e-04 1.97060464e-04 1.10779258e-04 7.67789884e-05 5.36618536e-06 9.96996678e-06 6.08060582e-06 2.63967906e-05 4.95701097e-06 1.79012684e-05 5.22604570e-05 3.95450799e-05 2.11665465e-05 5.40730330e-05 4.43676952e-05 1.43452024e-05 6.12191125e-05 7.64507189e-05 1.02149701e-05 5.26699605e-05 1.49388283e-04 3.15516663e-05 3.17656679e-04 4.52794618e-04 1.81117847e-05 2.53208928e-04 6.19817816e-05 4.29721549e-05 4.66383844e-04 6.53891990e-04 1.16479097e-04 3.92256052e-04 1.25305976e-04 4.32430712e-05 9.73019283e-05 5.62609235e-05 2.02483689e-06 6.69964052e-08 5.12713392e-09
 1992 07 11 12 00 00  3.78520848e-03 2.30897421e-03 1.27890967e-03 9.16508791e-04 6.67442244e-04 3.70477684e-04 2.69566789e-04 2.30882788e-04 4.80890262e-04 1.38745825e-04 3.41700290e-03 5.19047081e-03 2.40938570e-04 6.99950197e-05 4.51128039e-05 1.37260246e-04 4.04012681e-05 7.14159396e-05 1.32918011e-04 7.71876948e-05 1.59936896e-04 1.96941620e-04 1.10729293e-04 7.67527479e-05 5.36407060e-06 9.96745657e-06 6.08012597e-06 2.63861157e-05 4.95668028e-06 1.78942075e-05 5.22261946e-05 3.95331241e-05 2.11400853e-05 5.40434392e-05 4.43464174e-05 1.43431549e-05 6.11634522e-05 7.63732579e-05 1.02128899e-05 5.26310626e-05 1.49209932e-04 3.15299403e-05 3.17350173e-04 4.52588832e-04 1.81035533e-05 2.52862447e-04 6.18512626e-05 4.29316628e-05 4.65752183e-04 6.53247694e-04 1.16352651e-04 3.91702949e-04 1.25144063e-04 4.31843468e-05 9.71670384e-05 5.61780327e-05 2.02161333e-06 6.68678737e-08 5.11649390e-09
 1992 07 12 12 00 00  3.74511183e-03 2.28860578e-03 1.26481648e-03 9.08797175e-04 6.62155606e-04 3.64896910e-04 2.64211564e-04 2.25230489e-04 4.65930813e-04 1.36620145e-04 3.29264900e-03 4.87940609e-03 2.36374130e-04 7.05121681e-05 4.47071152e-05 1.36361467e-04 4.14600101e-05 7.06486346e-05 1.34110655e-04 7.88723351e-05 1.55006868e-04 1.90633570e-04 1.08388422e-04 7.66882917e-05 5.41624649e-06 1.00229896e-05 6.05310815e-06 2.68076577e-05 4.99486669e-06 1.81927847e-05 5.34025086e-05 3.98016738e-05 2.20904170e-05 5.37527978e-05 4.65782388e-05 1.41630764e-05 6.11214949e-05 7.55570235e-05 1.02591104e-05 5.26817069e-05 1.49319519e-04 3.29610193e-05 3.14486830e-04 4.73111868e-04 1.89244747e-05 2.59889765e-04 6.17323618e-05 4.57095448e-05 4.79798454e-04 6.67858949e-04 1.20830007e-04 4.01027555e-04 1.27400006e-04 4.40046420e-05 9.90614695e-05 5.74626985e-05 2.08103704e-06 7.00728506e-08 5.40979812e-09
 1992 07 13 12 00 00  3.72567604e-03 2.27621025e-03 1.25693460e-03 9.02671592e-04 6.56585045e-04 3.62416946e-04 2.61771296e-04 2.22547397e-04 4.58958612e-04 1.34834909e-04 3.23669652e-03 4.77314815e-03 2.33635023e-04 6.98928411e-05 4.43047334e-05 1.34243998e-04 4.08082415e-05 6.90270332e-05 1.32637524e-04 7.82666379e-05 1.51676363e-04 1.86380472e-04 1.06619146e-04 7.59926686e-05 5.36990119e-06 1.00868805e-05 6.03528024e-06 2.65919098e-05 4.98173104e-06 1.80422212e-05 5.25519690e-05 3.95344279e-05 2.15502805e-05 5.29658597e-05 4.58069029e-05 1.40780845e-05 5.95149171e-05 7.32917678e-05 1.03122860e-05 5.16804007e-05 1.44444759e-04 3.24514025e-05 3.06111138e-04 4.66000056e-04 1.86400022e-05 2.50657353e-04 5.82210836e-05 4.47234401e-05 4.64307869e-04 6.52378068e-04 1.17967609e-04 3.92692432e-04 1.30003835e-04 4.49514147e-05 1.01247886e-04 5.89441819e-05 2.14948018e-06 7.37580194e-08 5.74689096e-09
 1992 07 14 12 00 00  3.72997873e-03 2.27978750e-03 1.25913480e-03 9.04137415e-04 6.57790851e-04 3.62880460e-04 2.62275403e-04 2.23117918e-04 4.60476609e-04 1.35393375e-04 3.24883524e-03 4.79438268e-03 2.34366327e-04 7.01515329e-05 4.44271986e-05 1.34704484e-04 4.08996624e-05 6.93036360e-05 1.33170714e-04 7.86222634e-05 1.52294375e-04 1.87169228e-04 1.06970762e-04 7.61754913e-05 5.37671949e-06 1.00935446e-05 6.03864391e-06 2.66337315e-05 4.99010421e-06 1.80753443e-05 5.27206112e-05 3.95742478e-05 2.16239525e-05 5.31536300e-05 4.62944066e-05 1.40946606e-05 5.98646224e-05 7.37416414e-05 1.03178310e-05 5.19975404e-05 1.45422087e-04 3.27560818e-05 3.07845179e-04 4.70473091e-04 1.88189236e-05 2.53129898e-04 5.87931601e-05 4.53165092e-05 4.67936224e-04 6.56231365e-04 1.18966019e-04 3.94547613e-04 1.30278171e-04 4.50511583e-05 1.01478198e-04 5.90998374e-05 2.15664297e-06 7.41415818e-08 5.78192427e-09
 1992 07 15 12 00 00  3.74812965e-03 2.28989212e-03 1.26569096e-03 9.09415350e-04 6.62679773e-04 3.65293029e-04 2.64565176e-04 2.25593204e-04 4.66954719e-04 1.36741424e-04 3.30096574e-03 4.90061119e-03 2.36663965e-04 7.04429926e-05 4.47291547e-05 1.36549369e-04 4.14868613e-05 7.08460924e-05 1.33937647e-04 7.86942721e-05 1.55542063e-04 1.91319691e-04 1.08651255e-04 7.67104962e-05 5.41900044e-06 9.97377429e-06 6.05613714e-06 2.68054318e-05 4.99217131e-06 1.81904223e-05 5.34384000e-05 3.98188946e-05 2.21071066e-05 5.37935402e-05 4.64125595e-05 1.41789511e-05 6.12504662e-05 7.57837569e-05 1.02181890e-05 5.26619498e-05 1.49705893e-04 3.28208494e-05 3.15140979e-04 4.71545768e-04 1.88618307e-05 2.60032975e-04 6.20885054e-05 4.54445195e-05 4.80108015e-04 6.67909629e-04 1.20571601e-04 4.00014350e-04 1.25115766e-04 4.31747698e-05 9.71483894e-05 5.62061399e-05 2.02581373e-06 6.73096338e-08 5.16225178e-09
 1992 07 16 12 00 00  3.76678079e-03 2.29825194e-03 1.27132216e-03 9.14393157e-04 6.67509485e-04 3.67939952e-04 2.66967618e-04 2.28142111e-04 4.73617804e-04 1.37708111e-04 3.35472979e-03 5.01746424e-03 2.38693438e-04 7.03964191e-05 4.49480222e-05 1.38359111e-04 4.21350647e-05 7.25455931e-05 1.34052378e-04 7.81583600e-05 1.59115785e-04 1.95888842e-04 1.10444340e-04 7.71555834e-05 5.46565389e-06 9.79913020e-06 6.07539187e-06 2.69681142e-05 4.98061891e-06 1.82904055e-05 5.41426735e-05 4.00888006e-05 2.26405944e-05 5.43765348e-05 4.57337534e-05 1.42716963e-05 6.25996542e-05 7.78887910e-05 1.00728961e-05 5.30602728e-05 1.54031036e-04 3.23705259e-05 3.22473294e-04 4.65284863e-04 1.86113945e-05 2.65399161e-04 6.57210359e-05 4.45735204e-05 4.90726718e-04 6.77460907e-04 1.21033227e-04 4.04470622e-04 1.17574598e-04 4.04338018e-05 9.08237011e-05 5.19810601e-05 1.83492270e-06 5.73512850e-08 4.25926601e-09
 1992 07 17 12 00 00  3.78253216e-03 2.30335366e-03 1.27500799e-03 9.18158561e-04 6.71389987e-04 3.70335722e-04 2.69042907e-04 2.30297996e-04 4.79249454e-04 1.38118673e-04 3.40030809e-03 5.12369312e-03 2.40085778e-04 7.00210841e-05 4.50442793e-05 1.39799870e-04 4.27217805e-05 7.40874559e-05 1.33492947e-04 7.71140447e-05 1.62355803e-04 2.00038541e-04 1.12021215e-04 7.73131092e-05 5.50790428e-06 9.44056374e-06 6.09288254e-06 2.70803762e-05 4.95760250e-06 1.83563049e-05 5.46959132e-05 4.03332757e-05 2.31233207e-05 5.46974262e-05 4.43845900e-05 1.43559810e-05 6.36453433e-05 7.96591360e-05 9.77458039e-06 5.29077996e-05 1.57579254e-04 3.14888137e-05 3.27663799e-04 4.52857617e-04 1.81143047e-05 2.68121687e-04 6.90147688e-05 4.28654777e-05 4.97804922e-04 6.82593880e-04 1.20262835e-04 4.01969749e-04 1.02161565e-04 3.48315043e-05 7.78957829e-05 4.33353904e-05 1.44362594e-06 3.68864505e-08 2.40226505e-09
 1992 07 18 12 00 00  3.80296648e-03 2.31822081e-03 1.28429810e-03 9.24879372e-04 6.77242727e-04 3.72762635e-04 2.71537201e-04 2.33078661e-04 4.86536729e-04 1.40360145e-04 3.45867570e-03 5.22992089e-03 2.43247461e-04 7.09526172e-05 4.55435958e-05 1.42030707e-04 4.33075300e-05 7.56281312e-05 1.35539113e-04 7.82567484e-05 1.65600410e-04 2.04186710e-04 1.13799360e-04 7.79841756e-05 5.55009428e-06 9.23824264e-06 6.11036812e-06 2.72881013e-05 4.98352711e-06 1.85180415e-05 5.55569811e-05 4.05774103e-05 2.36051943e-05 5.54532246e-05 4.58995870e-05 1.44402584e-05 6.53203298e-05 8.19421409e-05 9.60625985e-06 5.39424943e-05 1.62529794e-04 3.24597087e-05 3.35375990e-04 4.66788322e-04 1.86715329e-05 2.78795064e-04 7.23052653e-05 4.47502011e-05 5.14825809e-04 6.99537141e-04 1.24144292e-04 4.05135896e-04 9.34282505e-05 3.16572230e-05 7.05712029e-05 3.84419410e-05 1.22250792e-06 2.53489816e-08 1.35603244e-09
 1992 07 19 12 00 00  3.80137070e-03 2.30392844e-03 1.27639828e-03 9.21396347e-04 6.75430161e-04 3.73645589e-04 2.71649643e-04 2.32877994e-04 4.85991232e-04 1.37461371e-04 3.45524165e-03 5.27240187e-03 2.40840449e-04 6.86195800e-05 4.49089049e-05 1.41258654e-04 4.35185211e-05 7.62158306e-05 1.30963986e-04 7.41892902e-05 1.66863828e-04 2.05808935e-04 1.14077680e-04 7.73675534e-05 5.56550331e-06 9.09705050e-06 6.11724172e-06 2.71831079e-05 4.89256563e-06 1.83794601e-05 5.52439009e-05 4.06669104e-05 2.37773798e-05 5.50030390e-05 4.05758299e-05 1.44737132e-05 6.46858917e-05 8.17681352e-05 9.48879097e-06 5.22321230e-05 1.61532424e-04 2.90146825e-05 3.34423976e-04 4.17793814e-04 1.67117526e-05 2.66602203e-04 7.35435344e-05 3.80695477e-05 5.00697494e-04 6.82341190e-04 1.16026715e-04 4.02706846e-04 8.73818133e-05 2.94594221e-05 6.54992783e-05 3.50469722e-05 1.06863246e-06 1.72844889e-08 6.23822327e-10
 1992 07 20 12 00 00  3.79624051e-03 2.29903442e-03 1.27343409e-03 9.19377124e-04 6.73737845e-04 3.73111807e-04 2.71035268e-04 2.32162037e-04 4.84146607e-04 1.36650027e-04 3.44052109e-03 5.25113568e-03 2.39847590e-04 6.81733184e-05 4.47291209e-05 1.40603157e-04 4.33557405e-05 7.58517592e-05 1.30020546e-04 7.35335692e-05 1.66157876e-04 2.04906765e-04 1.13653541e-04 7.71506976e-05 5.55419283e-06 9.15774581e-06 6.11350770e-06 2.71122617e-05 4.87798061e-06 1.83195317e-05 5.49658497e-05 4.06021078e-05 2.36407330e-05 5.47759732e-05 3.97217227e-05 1.44563630e-05 6.41821164e-05 8.11430991e-05 9.53929630e-06 5.18381620e-05 1.60093568e-04 2.84599606e-05 3.32369573e-04 4.09930944e-04 1.63972378e-05 2.62637698e-04 7.27328181e-05 3.69942485e-05 4.94700117e-04 6.76167120e-04 1.14257074e-04 4.01962977e-04 8.99297538e-05 3.03856859e-05 6.76374392e-05 3.64851523e-05 1.13432013e-06 2.07651933e-08 9.40820843e-10
 1992 07 21 12 00 00  3.77473053e-03 2.28513906e-03 1.26461873e-03 9.12565618e-04 6.67564266e-04 3.70377279e-04 2.68339751e-04 2.29196501e-04 4.76440429e-04 1.34640050e-04 3.37861732e-03 5.13424948e-03 2.36793118e-04 6.74716270e-05 4.42799460e-05 1.38254689e-04 4.26322891e-05 7.40600342e-05 1.28379884e-04 7.28308689e-05 1.62478582e-04 2.00218037e-04 1.11698430e-04 7.61624712e-05 5.50280347e-06 8.93268443e-06 6.09386334e-06 2.68521463e-05 4.86217759e-06 1.81506796e-05 5.40011805e-05 4.03058628e-05 2.30408448e-05 5.37230610e-05 3.87973472e-05 1.43628000e-05 6.23603820e-05 7.86152754e-05 9.35202406e-06 5.03258642e-05 1.54649512e-04 2.78640655e-05 3.21567667e-04 4.01426760e-04 1.60570704e-05 2.52058894e-04 6.88486733e-05 3.58382036e-05 4.77377711e-04 6.57915764e-04 1.11020465e-04 3.83571307e-04 8.04520947e-05 2.69403010e-05 5.96845736e-05 3.11399815e-05 8.90480891e-07 7.86673660e-09 1.00000000e-10
 1992 07 22 12 00 00  3.75177495e-03 2.26824713e-03 1.25408388e-03 9.04841763e-04 6.60777605e-04 3.67629784e-04 2.65513512e-04 2.26037141e-04 4.68223081e-04 1.32068358e-04 3.31275273e-03 5.01736030e-03 2.33195554e-04 6.63704035e-05 4.37075311e-05 1.35660507e-04 4.19054355e-05 7.22641242e-05 1.25945679e-04 7.14597933e-05 1.58797736e-04 1.95523863e-04 1.09679275e-04 7.51407286e-05 5.45119910e-06 8.83507237e-06 6.07420079e-06 2.65731422e-05 4.83136646e-06 1.79517804e-05 5.29429504e-05 4.00084245e-05 2.24379517e-05 5.26413701e-05 3.69949441e-05 1.42692006e-05 6.03598380e-05 7.59335991e-05 9.27079673e-06 4.86778821e-05 1.48777942e-04 2.67015595e-05 3.10862705e-04 3.84844069e-04 1.53937628e-05 2.39134897e-04 6.49531255e-05 3.35830671e-05 4.56961256e-04 6.36544698e-04 1.06355525e-04 3.68917018e-04 7.63840373e-05 2.54613515e-05 5.62702644e-05 2.88393284e-05 7.85106752e-07 3.73784559e-09 1.00000000e-10
 1992 07 23 12 00 00  3.72990976e-03 2.25647735e-03 1.24641131e-03 8.98418051e-04 6.54700642e-04 3.64648749e-04 2.62711711e-04 2.23011526e-04 4.60378812e-04 1.30510538e-04 3.24955220e-03 4.88984361e-03 2.30475131e-04 6.60584634e-05 4.33574442e-05 1.33361987e-04 4.11064160e-05 7.02974969e-05 1.25058640e-04 7.14536873e-05 1.54776098e-04 1.90393300e-04 1.07610319e-04 7.43043883e-05 5.39452121e-06 8.73771205e-06 6.05271889e-06 2.63258063e-05 4.83115291e-06 1.77990568e-05 5.19903410e-05 3.96818185e-05 2.17748806e-05 5.16962293e-05 3.69829271e-05 1.41670258e-05 5.85903090e-05 7.33442313e-05 9.18977312e-06 4.75591824e-05 1.43297957e-04 2.66957562e-05 3.00375225e-04 3.84735938e-04 1.53894375e-05 2.30354759e-04 6.06830989e-05 3.35714023e-05 4.41385861e-04 6.20899929e-04 1.04424806e-04 3.53657947e-04 7.23534853e-05 2.39959689e-05 5.28869576e-05 2.65557991e-05 6.80246930e-07 5.87760951e-12 1.00000000e-10
 1992 07 24 12 00 00  3.71684709e-03 2.24632787e-03 1.24012688e-03 8.93854995e-04 6.50713919e-04 3.63113468e-04 2.61105528e-04 2.21202202e-04 4.55695750e-04 1.28931298e-04 3.21200191e-03 4.82606962e-03 2.28336505e-04 6.53366346e-05 4.30079263e-05 1.31832258e-04 4.06734092e-05 6.92731177e-05 1.23487823e-04 7.05079059e-05 1.52723923e-04 1.87774761e-04 1.06466801e-04 7.37368153e-05 5.36407315e-06 8.74245452e-06 6.04180423e-06 2.61584850e-05 4.80980234e-06 1.76746476e-05 5.13460822e-05 3.95067909e-05 2.14137821e-05 5.10935086e-05 3.57345532e-05 1.41155746e-05 5.74062133e-05 7.17810109e-05 9.19369195e-06 4.66291027e-05 1.39829158e-04 2.58930464e-05 2.94445325e-04 3.73253581e-04 1.49301432e-05 2.22362773e-04 5.84360561e-05 3.20137246e-05 4.28818716e-04 6.07882134e-04 1.01392251e-04 3.47083811e-04 7.27454550e-05 2.41379964e-05 5.32125362e-05 2.67480656e-05 6.87111259e-07 1.60618185e-10 1.00000000e-10
 1992 07 25 12 00 00  3.71337230e-03 2.24503005e-03 1.23922619e-03 8.92875549e-04 6.49678031e-04 3.62565625e-04 2.60627430e-04 2.20697349e-04 4.54430605e-04 1.28793750e-04 3.20169498e-03 4.80479077e-03 2.27990942e-04 6.53764118e-05 4.29780684e-05 1.31439207e-04 4.04824619e-05 6.88745233e-05 1.23513566e-04 7.06688792e-05 1.51981183e-04 1.86827825e-04 1.06099481e-04 7.35976284e-05 5.35099025e-06 8.71839875e-06 6.03792505e-06 2.61054407e-05 4.81334100e-06 1.76449652e-05 5.11463123e-05 3.94321309e-05 2.12522835e-05 5.09295604e-05 3.59420548e-05 1.40979173e-05 5.70887422e-05 7.12960628e-05 9.17365469e-06 4.64769313e-05 1.38789315e-04 2.60288827e-05 2.92427553e-04 3.75165188e-04 1.50066075e-05 2.21061242e-04 5.75311657e-05 3.22768232e-05 4.26128315e-04 6.05280024e-04 1.01309033e-04 3.43742144e-04 7.18767682e-05 2.38218583e-05 5.24811079e-05 2.62365398e-05 6.62345221e-07 1.00000000e-10 1.00000000e-10
 1992 07 26 12 00 00  3.71749875e-03 2.24837801e-03 1.24129742e-03 8.94232180e-04 6.50779519e-04 3.63001371e-04 2.61105459e-04 2.21237957e-04 4.55887835e-04 1.29310660e-04 3.21325684e-03 4.82601114e-03 2.28680927e-04 6.56190424e-05 4.30954178e-05 1.31856819e-04 4.05442668e-05 6.91148161e-05 1.24032630e-04 7.09989574e-05 1.52562837e-04 1.87569488e-04 1.06428291e-04 7.37822780e-05 5.35594409e-06 8.75544138e-06 6.04113447e-06 2.61390786e-05 4.82062133e-06 1.76708209e-05 5.12724342e-05 3.94615869e-05 2.12998173e-05 5.11175473e-05 3.63687694e-05 1.41141718e-05 5.73945921e-05 7.16928006e-05 9.20445746e-06 4.68027454e-05 1.39630662e-04 2.63076130e-05 2.94098034e-04 3.79095481e-04 1.51638192e-05 2.23202372e-04 5.80041902e-05 3.28168011e-05 4.29192179e-04 6.08653403e-04 1.02200087e-04 3.46287335e-04 7.35818761e-05 2.44413612e-05 5.39093819e-05 2.71764416e-05 7.03782672e-07 6.17220053e-10 1.00000000e-10
 1992 07 27 12 00 00  3.72243354e-03 2.25057738e-03 1.24278702e-03 8.95487115e-04 6.51967763e-04 3.63680611e-04 2.61727874e-04 2.21897470e-04 4.57643334e-04 1.29558835e-04 3.22733050e-03 4.85785902e-03 2.29213695e-04 6.56054993e-05 4.31548519e-05 1.32297734e-04 4.06748382e-05 6.95216761e-05 1.24068150e-04 7.08564068e-05 1.53480605e-04 1.88742168e-04 1.06886978e-04 7.39116060e-05 5.36575862e-06 8.74751786e-06 6.04614615e-06 2.61719880e-05 4.81722309e-06 1.76889850e-05 5.14112714e-05 3.95190204e-05 2.14045373e-05 5.12792185e-05 3.61711980e-05 1.41389624e-05 5.77108229e-05 7.21959876e-05 9.19785307e-06 4.69390076e-05 1.40630120e-04 2.61851383e-05 2.96008147e-04 3.77283924e-04 1.50913570e-05 2.24345933e-04 5.88403433e-05 3.25781904e-05 4.31426629e-04 6.10735605e-04 1.02249583e-04 3.48266976e-04 7.33189883e-05 2.43456227e-05 5.36875617e-05 2.70175789e-05 6.95833543e-07 3.04494563e-10 1.00000000e-10
 1992 07 28 12 00 00  3.72557826e-03 2.25458044e-03 1.24515923e-03 8.96845654e-04 6.52953397e-04 3.63892757e-04 2.62057625e-04 2.22307166e-04 4.58751592e-04 1.30253803e-04 3.23601033e-03 4.86846268e-03 2.29978628e-04 6.60412806e-05 4.33105199e-05 1.32680471e-04 4.06911771e-05 6.96239702e-05 1.24954726e-04 7.15493225e-05 1.53751169e-04 1.89089848e-04 1.07090482e-04 7.40264335e-05 5.36731932e-06 8.67192502e-06 6.04767592e-06 2.61988379e-05 4.83258664e-06 1.77221806e-05 5.15277613e-05 3.95286479e-05 2.14154497e-05 5.13913174e-05 3.70711816e-05 1.41469311e-05 5.79842699e-05 7.24885648e-05 9.13495824e-06 4.72066556e-05 1.41319327e-04 2.67709256e-05 2.96690475e-04 3.85570725e-04 1.54228290e-05 2.27137792e-04 5.90281445e-05 3.37134523e-05 4.35148686e-04 6.14653733e-04 1.03791818e-04 3.46525045e-04 7.00997391e-05 2.31754249e-05 5.09868571e-05 2.52073796e-05 6.13611425e-07 1.00000000e-10 1.00000000e-10
 1992 07 29 12 00 00  3.72966635e-03 2.25771539e-03 1.24710893e-03 8.98183549e-04 6.54077488e-04 3.64351014e-04 2.62543284e-04 2.22852051e-04 4.60201553e-04 1.30731467e-04 3.24756718e-03 4.88969497e-03 2.30634569e-04 6.62523405e-05 4.34180845e-05 1.33107563e-04 4.07782296e-05 6.98952179e-05 1.25411832e-04 7.18233176e-05 1.54364181e-04 1.89871653e-04 1.07430651e-04 7.42048599e-05 5.37386259e-06 8.70010772e-06 6.05101668e-06 2.62374231e-05 4.83870099e-06 1.77505741e-05 5.16744641e-05 3.95669427e-05 2.14852626e-05 5.15767750e-05 3.74291092e-05 1.41634591e-05 5.83035216e-05 7.29117090e-05 9.15840865e-06 4.75079539e-05 1.42224803e-04 2.70028773e-05 2.98430312e-04 3.88865189e-04 1.55546076e-05 2.29259025e-04 5.95855992e-05 3.41631909e-05 4.38323705e-04 6.18063822e-04 1.04609712e-04 3.48975211e-04 7.12851965e-05 2.36063737e-05 5.19816152e-05 2.58761464e-05 6.44132598e-07 1.00000000e-10 1.00000000e-10
 1992 07 30 12 00 00  3.73551012e-03 2.26167344e-03 1.24960773e-03 9.00015957e-04 6.55686062e-04 3.65060501e-04 2.63258150e-04 2.23641694e-04 4.62282911e-04 1.31309541e-04 3.26422440e-03 4.92155477e-03 2.31489439e-04 6.64681676e-05 4.35482638e-05 1.33717450e-04 4.09355038e-05 7.03347963e-05 1.25900789e-04 7.20617420e-05 1.55315597e-04 1.91086769e-04 1.07942249e-04 7.44133675e-05 5.38535824e-06 8.68829447e-06 6.05616660e-06 2.62931790e-05 4.84402699e-06 1.77908242e-05 5.18980364e-05 3.96337244e-05 2.16135450e-05 5.18079417e-05 3.77408724e-05 1.41885408e-05 5.87592658e-05 7.35455251e-05 9.14858610e-06 4.78248774e-05 1.43573891e-04 2.72047677e-05 3.00793178e-04 3.91734513e-04 1.56693805e-05 2.31976455e-04 6.05110487e-05 3.45546723e-05 4.42684727e-04 6.22491603e-04 1.05518420e-04 3.51201395e-04 7.07420555e-05 2.34090369e-05 5.15266473e-05 2.55766747e-05 6.30924512e-07 1.00000000e-10 1.00000000e-10
 1992 07 31 12 00 00  3.74166958e-03 2.26626723e-03 1.25247079e-03 9.02046921e-04 6.57432030e-04 3.65776527e-04 2.64002880e-04 2.24474355e-04 4.64475296e-04 1.32006488e-04 3.28175887e-03 4.95341718e-03 2.32459263e-04 6.67662541e-05 4.37038469e-05 1.34382584e-04 4.10976354e-05 7.07803469e-05 1.26551004e-04 7.24376878e-05 1.56275961e-04 1.92309634e-04 1.08469944e-04 7.47255000e-05 5.39715948e-06 8.78254868e-06 6.06134199e-06 2.63627408e-05 4.85253149e-06 1.78381309e-05 5.21507076e-05 3.97022086e-05 2.17461144e-05 5.21269526e-05 3.82380240e-05 1.42136763e-05 5.92714439e-05 7.42246153e-05 9.22702166e-06 4.83457739e-05 1.45040603e-04 2.75239930e-05 3.03837987e-04 3.96306680e-04 1.58522672e-05 2.35301991e-04 6.14527555e-05 3.51742259e-05 4.47746085e-04 6.28034709e-04 1.06728420e-04 3.56837701e-04 7.46644298e-05 2.48350395e-05 5.48187932e-05 2.77958101e-05 7.32622311e-07 1.66177898e-09 1.00000000e-10
 1992 08 01 12 00 00  3.75450744e-03 2.27357881e-03 1.25719891e-03 9.05830743e-04 6.60926454e-04 3.67471061e-04 2.65621324e-04 2.26229166e-04 4.69062863e-04 1.32996160e-04 3.31864384e-03 5.02777994e-03 2.34114745e-04 6.70074488e-05 4.39265553e-05 1.35702690e-04 4.15139657e-05 7.18665367e-05 1.27174017e-04 7.25482882e-05 1.58561352e-04 1.95223344e-04 1.09654740e-04 7.52609701e-05 5.42708913e-06 8.90720476e-06 6.07361471e-06 2.65004463e-05 4.85511991e-06 1.79222257e-05 5.26704769e-05 3.98753124e-05 2.20889880e-05 5.27125355e-05 3.83888226e-05 1.42727367e-05 6.02841274e-05 7.56858400e-05 9.33074916e-06 4.91111721e-05 1.48115609e-04 2.76186183e-05 3.10081045e-04 3.97690769e-04 1.59076308e-05 2.40506144e-04 6.37771736e-05 3.53583397e-05 4.56607301e-04 6.37231317e-04 1.07990703e-04 3.67298757e-04 7.98990919e-05 2.67380169e-05 5.92115401e-05 3.07502438e-05 8.67545896e-07 6.42979003e-09 1.00000000e-10
 1992 08 02 12 00 00  3.77216239e-03 2.28532233e-03 1.26462322e-03 9.11423967e-04 6.65919980e-04 3.69666118e-04 2.67809576e-04 2.28642847e-04 4.75370992e-04 1.34708411e-04 3.36924626e-03 5.12339398e-03 2.36670185e-04 6.76313684e-05 4.43096336e-05 1.37600636e-04 4.20586177e-05 7.32745801e-05 1.28603864e-04 7.32140557e-05 1.61513905e-04 1.98984507e-04 1.11232410e-04 7.61040202e-05 5.46616066e-06 9.14333868e-06 6.08944247e-06 2.67057954e-05 4.87014368e-06 1.80551578e-05 5.34237081e-05 4.01011523e-05 2.25381038e-05 5.35974488e-05 3.92672897e-05 1.43487763e-05 6.17517231e-05 7.77041821e-05 9.52722548e-06 5.04347873e-05 1.52446314e-04 2.81836197e-05 3.18965866e-04 4.05770977e-04 1.62308391e-05 2.49192492e-04 6.67970977e-05 3.64547130e-05 4.70517719e-04 6.52137517e-04 1.10745022e-04 3.83458623e-04 8.98974846e-05 3.03725710e-05 6.76004153e-05 3.63809364e-05 1.12386978e-06 1.97838016e-08 8.40662207e-10
 1992 08 03 12 00 00  3.79000154e-03 2.29742628e-03 1.27225369e-03 9.17132587e-04 6.70995605e-04 3.71867188e-04 2.70016001e-04 2.31081970e-04 4.81743401e-04 1.36487843e-04 3.42036786e-03 5.21900952e-03 2.39290542e-04 6.83001843e-05 4.47066006e-05 1.39531713e-04 4.26086073e-05 7.46891543e-05 1.30118009e-04 7.39548996e-05 1.64470623e-04 2.02754112e-04 1.12820742e-04 7.68929027e-05 5.50556761e-06 9.28022637e-06 6.10529823e-06 2.69092660e-05 4.88696787e-06 1.81925101e-05 5.41919649e-05 4.03288606e-05 2.29919213e-05 5.44366832e-05 4.02503967e-05 1.44248697e-05 6.32374654e-05 7.97437827e-05 9.64112696e-06 5.16661191e-05 1.56837930e-04 2.88132171e-05 3.27441162e-04 4.14810269e-04 1.65924108e-05 2.58132121e-04 6.98348333e-05 3.76769865e-05 4.84851733e-04 6.67206114e-04 1.13668552e-04 3.96581190e-04 9.56702897e-05 3.24711213e-05 7.24443301e-05 3.96354198e-05 1.27225269e-06 2.76266910e-08 1.55444049e-09
 1992 08 04 12 00 00  3.80164944e-03 2.30499588e-03 1.27705341e-03 9.20782440e-04 6.74271872e-04 3.73331420e-04 2.71464001e-04 2.32674228e-04 4.85903651e-04 1.37580130e-04 3.45377128e-03 5.28275259e-03 2.40945949e-04 6.86781003e-05 4.49503135e-05 1.40776073e-04 4.29736509e-05 7.56302208e-05 1.30989045e-04 7.43355602e-05 1.66437566e-04 2.05264618e-04 1.13868246e-04 7.73393451e-05 5.53173704e-06 9.29024100e-06 6.11586001e-06 2.70346976e-05 4.89569284e-06 1.82788185e-05 5.46848187e-05 4.04800987e-05 2.32930412e-05 5.49286036e-05 4.07597487e-05 1.44755846e-05 6.41862508e-05 8.10708687e-05 9.64946739e-06 5.23291083e-05 1.59680117e-04 2.91373843e-05 3.32579421e-04 4.19491060e-04 1.67796424e-05 2.63624011e-04 7.18545867e-05 3.83067352e-05 4.93870905e-04 6.76391199e-04 1.15373537e-04 4.02695784e-04 9.60386777e-05 3.26051701e-05 7.27543765e-05 3.98511665e-05 1.28262365e-06 2.82150744e-08 1.60900555e-09
 1992 08 05 12 00 00  3.81179079e-03 2.31222404e-03 1.28157971e-03 9.24094333e-04 6.77176651e-04 3.74553503e-04 2.72707903e-04 2.34056638e-04 4.89519947e-04 1.38661858e-04 3.48278085e-03 5.33587113e-03 2.42489488e-04 6.91113393e-05 4.51899946e-05 1.41883212e-04 4.32767149e-05 7.64130556e-05 1.31942057e-04 7.48520368e-05 1.68075044e-04 2.07354904e-04 1.14759283e-04 7.77382050e-05 5.55347287e-06 9.28442678e-06 6.12465592e-06 2.71457877e-05 4.90760649e-06 1.83593922e-05 5.51243310e-05 4.06057370e-05 2.35429747e-05 5.53604752e-05 4.14547889e-05 1.45178317e-05 6.50320456e-05 8.22212670e-05 9.64464707e-06 5.29534682e-05 1.62171489e-04 2.95778300e-05 3.36945589e-04 4.25875814e-04 1.70350326e-05 2.68916083e-04 7.35339301e-05 3.91627749e-05 5.02285770e-04 6.85026706e-04 1.17215741e-04 4.07346102e-04 9.56737993e-05 3.24728149e-05 7.24502796e-05 3.96633568e-05 1.27524606e-06 2.79143769e-08 1.58389462e-09
 1992 08 06 12 00 00  3.82174130e-03 2.31905813e-03 1.28587962e-03 9.27285205e-04 6.79999398e-04 3.75773824e-04 2.73934340e-04 2.35413141e-04 4.93068150e-04 1.39669568e-04 3.51126607e-03 5.38898930e-03 2.43961227e-04 6.94913094e-05 4.54132594e-05 1.42957523e-04 4.35792957e-05 7.71952851e-05 1.32788844e-04 7.52795546e-05 1.69714925e-04 2.09444402e-04 1.15641846e-04 7.82066330e-05 5.57517924e-06 9.39876190e-06 6.13344891e-06 2.72610933e-05 4.91755127e-06 1.84359788e-05 5.55548958e-05 4.07311978e-05 2.37924774e-05 5.58509535e-05 4.20344440e-05 1.45600730e-05 6.58651239e-05 8.33564901e-05 9.73979331e-06 5.36953655e-05 1.64615706e-04 2.99431005e-05 3.41850506e-04 4.31198098e-04 1.72479239e-05 2.73966767e-04 7.52116321e-05 3.98731412e-05 5.10289571e-04 6.93569193e-04 1.18867710e-04 4.15744976e-04 1.00422463e-04 3.41992436e-05 7.64361082e-05 4.23513949e-05 1.39852652e-06 3.44849461e-08 2.18325660e-09
 1992 08 07 12 00 00  3.83312225e-03 2.32607848e-03 1.29036279e-03 9.30763170e-04 6.83156963e-04 3.77236163e-04 2.75357353e-04 2.36967899e-04 4.97130418e-04 1.40657987e-04 3.54393133e-03 5.45273237e-03 2.45514885e-04 6.97913302e-05 4.56330347e-05 1.44154564e-04 4.39443334e-05 7.81363458e-05 1.33497629e-04 7.55308603e-05 1.71683301e-04 2.11954899e-04 1.16677821e-04 7.86734825e-05 5.60134868e-06 9.46928922e-06 6.14401142e-06 2.73854491e-05 4.92354811e-06 1.85167191e-05 5.60340824e-05 4.08824388e-05 2.40935944e-05 5.63593884e-05 4.23831196e-05 1.46107879e-05 6.67857411e-05 8.46574764e-05 9.79848846e-06 5.43811385e-05 1.67382935e-04 3.01590713e-05 3.47199200e-04 4.34394863e-04 1.73757945e-05 2.79049910e-04 7.72313739e-05 4.02939419e-05 5.18727091e-04 7.02280307e-04 1.20296972e-04 4.23691917e-04 1.03326565e-04 3.52551206e-05 7.88741292e-05 4.39991069e-05 1.47434624e-06 3.85447791e-08 2.55406256e-09
 1992 08 08 12 00 00  3.84684825e-03 2.33521241e-03 1.29613452e-03 9.35103148e-04 6.87026766e-04 3.78943712e-04 2.77056871e-04 2.38840903e-04 5.02027662e-04 1.41987962e-04 3.58325793e-03 5.52709922e-03 2.47498077e-04 7.02676833e-05 4.59284070e-05 1.45625600e-04 4.43684403e-05 7.92320934e-05 1.34575688e-04 7.60357303e-05 1.73976636e-04 2.14881015e-04 1.17904857e-04 7.92263286e-05 5.63176764e-06 9.50939502e-06 6.15632453e-06 2.75355231e-05 4.93527987e-06 1.86198616e-05 5.66193627e-05 4.10582637e-05 2.44433322e-05 5.69593190e-05 4.30670421e-05 1.46699327e-05 6.79127602e-05 8.62194016e-05 9.83186910e-06 5.52204852e-05 1.70735162e-04 3.05903261e-05 3.53381193e-04 4.40674843e-04 1.76269937e-05 2.85699916e-04 7.95818225e-05 4.11325746e-05 5.29509004e-04 7.13385649e-04 1.22411596e-04 4.31711952e-04 1.04956818e-04 3.58479021e-05 8.02431152e-05 4.49273139e-05 1.51727163e-06 4.08591958e-08 2.76584835e-09
 1992 08 09 12 00 00  3.85849387e-03 2.34281760e-03 1.30095313e-03 9.38746870e-04 6.90286312e-04 3.80402176e-04 2.78500838e-04 2.40428687e-04 5.06182024e-04 1.43085874e-04 3.61662175e-03 5.59083894e-03 2.49156609e-04 7.06468099e-05 4.61725898e-05 1.46863382e-04 4.47271712e-05 8.01654125e-05 1.35440607e-04 7.64202035e-05 1.75933065e-04 2.17381482e-04 1.18948985e-04 7.95995425e-05 5.65753944e-06 9.41828694e-06 6.16685356e-06 2.76526161e-05 4.94423148e-06 1.87051964e-05 5.71049840e-05 4.12072957e-05 2.47388816e-05 5.73879422e-05 4.35887952e-05 1.47205763e-05 6.88462865e-05 8.75330747e-05 9.75606963e-06 5.57513952e-05 1.73546952e-04 3.09188879e-05 3.57972609e-04 4.45465154e-04 1.78186062e-05 2.91107302e-04 8.15804640e-05 4.17715957e-05 5.38461021e-04 7.22196438e-04 1.24112671e-04 4.34583781e-04 1.01047075e-04 3.44267826e-05 7.69636533e-05 4.27332577e-05 1.41790622e-06 3.56575413e-08 2.29372095e-09
 1992 08 10 12 00 00  3.86352476e-03 2.34501875e-03 1.30244226e-03 9.40064796e-04 6.91565240e-04 3.81118302e-04 2.79147475e-04 2.41112501e-04 5.07974749e-04 1.43333767e-04 3.63110121e-03 5.62270582e-03 2.49692731e-04 7.06202591e-05 4.62281002e-05 1.47341740e-04 4.48980369e-05 8.06216616e-05 1.35436886e-04 7.62525480e-05 1.76899303e-04 2.18618217e-04 1.19432534e-04 7.96877639e-05 5.66989147e-06 9.33194897e-06 6.17207334e-06 2.76918465e-05 4.94073138e-06 1.87304513e-05 5.72884664e-05 4.12788359e-05 2.48791592e-05 5.75175993e-05 4.33823821e-05 1.47458064e-05 6.91987718e-05 8.80916390e-05 9.68423483e-06 5.57983913e-05 1.74687299e-04 3.07789509e-05 3.59725396e-04 4.43557555e-04 1.77423022e-05 2.92438571e-04 8.25513736e-05 4.15015325e-05 5.41179984e-04 7.24494729e-04 1.24181588e-04 4.34512526e-04 9.73602397e-05 3.30866411e-05 7.38708467e-05 4.06616075e-05 1.32390613e-06 3.07232327e-08 1.84551432e-09
 1992 08 11 12 00 00  3.85312824e-03 2.33738591e-03 1.29767839e-03 9.36575889e-04 6.88501776e-04 3.79876754e-04 2.77868500e-04 2.39682401e-04 5.04251040e-04 1.42172546e-04 3.60128797e-03 5.56957796e-03 2.48064674e-04 7.01199979e-05 4.59680851e-05 1.46171519e-04 4.45755490e-05 7.98150199e-05 1.34323101e-04 7.56298890e-05 1.75236019e-04 2.16497048e-04 1.18520417e-04 7.92262349e-05 5.64693255e-06 9.28561858e-06 6.16317775e-06 2.75673773e-05 4.92694853e-06 1.86417530e-05 5.68191592e-05 4.11464018e-05 2.46120879e-05 5.70285053e-05 4.25748382e-05 1.47033468e-05 6.83007723e-05 8.68860468e-05 9.64569408e-06 5.50525202e-05 1.72051955e-04 3.02527536e-05 3.54904996e-04 4.36121168e-04 1.74448467e-05 2.86640613e-04 8.08070879e-05 4.04818711e-05 5.32024945e-04 7.14897491e-04 1.22076292e-04 4.27817675e-04 9.53360526e-05 3.23509710e-05 7.21735834e-05 3.95309648e-05 1.27305306e-06 2.80878076e-08 1.60699045e-09
 1992 08 12 12 00 00  3.84232608e-03 2.33169491e-03 1.29395261e-03 9.33446875e-04 6.85537442e-04 3.78401522e-04 2.76485351e-04 2.38191332e-04 5.00375895e-04 1.41429629e-04 3.57009985e-03 5.50582670e-03 2.46740513e-04 6.99841499e-05 4.57992898e-05 1.45052426e-04 4.41920623e-05 7.88513513e-05 1.33913768e-04 7.56593072e-05 1.73245563e-04 2.13957234e-04 1.17499794e-04 7.88291394e-05 5.61960187e-06 9.24658234e-06 6.15251920e-06 2.74505570e-05 4.92777253e-06 1.85700885e-05 5.63680746e-05 4.09887027e-05 2.42946902e-05 5.65746824e-05 4.26220184e-05 1.46524340e-05 6.74468657e-05 8.56253906e-05 9.61320548e-06 5.45309479e-05 1.69399053e-04 3.02790373e-05 3.49840513e-04 4.36550069e-04 1.74620028e-05 2.82506787e-04 7.87256518e-05 4.05337167e-05 5.24624051e-04 7.07510783e-04 1.21208908e-04 4.20705084e-04 9.37402729e-05 3.17707463e-05 7.08337094e-05 3.86237793e-05 1.23119154e-06 2.58375401e-08 1.40124357e-09
 1992 08 13 12 00 00  3.82548022e-03 2.32178239e-03 1.28757608e-03 9.28352995e-04 6.80835689e-04 3.76189153e-04 2.74356699e-04 2.35873144e-04 4.94341510e-04 1.40058496e-04 3.52159299e-03 5.41020148e-03 2.44508575e-04 6.96008793e-05 4.54906250e-05 1.43271354e-04 4.36221657e-05 7.74123764e-05 1.32951804e-04 7.54011853e-05 1.70267893e-04 2.10155974e-04 1.15943944e-04 7.82231316e-05 5.57894127e-06 9.24943088e-06 6.13656084e-06 2.72690969e-05 4.92206309e-06 1.84502446e-05 5.56543356e-05 4.07540298e-05 2.38233013e-05 5.58864066e-05 4.22874873e-05 1.45761209e-05 6.60917687e-05 8.36750244e-05 9.61555779e-06 5.36941642e-05 1.65252272e-04 3.00609390e-05 3.42344582e-04 4.33469361e-04 1.73387745e-05 2.75281941e-04 7.56213267e-05 4.01111145e-05 5.12215424e-04 6.95120492e-04 1.19275038e-04 4.11959694e-04 9.39933527e-05 3.18624254e-05 7.10437638e-05 3.87465861e-05 1.23547435e-06 2.59648210e-08 1.41032288e-09
 1992 08 14 12 00 00  3.81005928e-03 2.31205254e-03 1.28138155e-03 9.23544476e-04 6.76466880e-04 3.74216616e-04 2.72423782e-04 2.33752833e-04 4.88821083e-04 1.38667925e-04 3.47724794e-03 5.32520041e-03 2.42358972e-04 6.91404624e-05 4.51792806e-05 1.41612065e-04 4.31123015e-05 7.61292526e-05 1.31862731e-04 7.49711704e-05 1.67616620e-04 2.06771854e-04 1.14540030e-04 7.76405342e-05 5.54259241e-06 9.24491615e-06 6.12235817e-06 2.70984593e-05 4.91238134e-06 1.83341866e-05 5.49864626e-05 4.05442755e-05 2.34013889e-05 5.52374892e-05 4.17212403e-05 1.45082537e-05 6.48251016e-05 8.18888813e-05 9.61177939e-06 5.28482417e-05 1.61423722e-04 2.96961865e-05 3.35463027e-04 4.28260268e-04 1.71304107e-05 2.68100275e-04 7.28509389e-05 3.94034403e-05 5.00219982e-04 6.82993075e-04 1.17123529e-04 4.03878198e-04 9.39471571e-05 3.18452856e-05 7.10025110e-05 3.86989776e-05 1.23187529e-06 2.56670432e-08 1.38050433e-09
 1992 08 15 12 00 00  3.79468957e-03 2.30243874e-03 1.27525380e-03 9.18768423e-04 6.72117632e-04 3.72242698e-04 2.70494772e-04 2.31638927e-04 4.83318834e-04 1.37299195e-04 3.43303635e-03 5.24019860e-03 2.40230377e-04 6.86964724e-05 4.48729931e-05 1.39960547e-04 4.26004990e-05 7.48437538e-05 1.30807705e-04 7.45687401e-05 1.64963700e-04 2.03384655e-04 1.13137334e-04 7.70831551e-05 5.50612094e-06 9.27087531e-06 6.10814532e-06 2.69302760e-05 4.90328493e-06 1.82189386e-05 5.43207426e-05 4.03338432e-05 2.29777637e-05 5.46100046e-05 4.11894522e-05 1.44403646e-05 6.35667475e-05 8.01074408e-05 9.63337297e-06 5.20522727e-05 1.57607447e-04 2.93545454e-05 3.28746144e-04 4.23369302e-04 1.69347721e-05 2.61020735e-04 7.00740668e-05 3.87404085e-05 4.88320895e-04 6.71070762e-04 1.15027248e-04 3.96665703e-04 9.50951387e-05 3.22624752e-05 7.19648529e-05 3.93382077e-05 1.26049290e-06 2.71399607e-08 1.51355124e-09
 1992 08 16 12 00 00  3.78354490e-03 2.29606773e-03 1.27113942e-03 9.15426054e-04 6.69004623e-04 3.70757757e-04 2.69078786e-04 2.30101569e-04 4.79325359e-04 1.36429775e-04 3.40089149e-03 5.17644286e-03 2.38784522e-04 6.84765657e-05 4.46781744e-05 1.38781447e-04 4.22087556e-05 7.38699629e-05 1.30241841e-04 7.44572375e-05 1.62966262e-04 2.00831713e-04 1.12097731e-04 7.67520194e-05 5.47827076e-06 9.36804572e-06 6.09744493e-06 2.68142343e-05 4.90070051e-06 1.81393017e-05 5.38414042e-05 4.01732570e-05 2.26530799e-05 5.42121710e-05 4.10387671e-05 1.43893601e-05 6.26752102e-05 7.88069018e-05 9.71422196e-06 5.16381008e-05 1.54842101e-04 2.92593584e-05 3.24205722e-04 4.21985482e-04 1.68794193e-05 2.56387855e-04 6.79650169e-05 3.85553401e-05 4.80148791e-04 6.63243951e-04 1.13845551e-04 3.93645865e-04 9.92291052e-05 3.37651827e-05 7.54330067e-05 4.16633772e-05 1.36614746e-06 3.26974813e-08 2.01865831e-09
 1992 08 17 12 00 00  3.77232404e-03 2.28676559e-03 1.26542010e-03 9.11421227e-04 6.65587811e-04 3.69499760e-04 2.67722887e-04 2.28560740e-04 4.75314539e-04 1.34957102e-04 3.36879624e-03 5.12331016e-03 2.36856411e-04 6.77635239e-05 4.43523774e-05 1.37468985e-04 4.18741343e-05 7.30484491e-05 1.28719247e-04 7.34780217e-05 1.61287922e-04 1.98691269e-04 1.11143890e-04 7.62295172e-05 5.45454786e-06 9.33919582e-06 6.08848604e-06 2.66731433e-05 4.87855068e-06 1.80323132e-05 5.33040551e-05 4.00365796e-05 2.23753013e-05 5.36717761e-05 3.97439144e-05 1.43467696e-05 6.16606562e-05 7.74988075e-05 9.69022949e-06 5.07439276e-05 1.51929346e-04 2.84278998e-05 3.19106350e-04 4.10077001e-04 1.64030800e-05 2.49197550e-04 6.61801605e-05 3.69416375e-05 4.69179206e-04 6.51658348e-04 1.10960313e-04 3.87210286e-04 9.79162098e-05 3.32881466e-05 7.43330286e-05 4.09376056e-05 1.33401014e-06 3.10705914e-08 1.87240907e-09
 1992 08 18 12 00 00  3.75826869e-03 2.27997265e-03 1.26091086e-03 9.07471457e-04 6.61768930e-04 3.67520811e-04 2.65904823e-04 2.26616587e-04 4.70273328e-04 1.34116890e-04 3.32811396e-03 5.03830053e-03 2.35236273e-04 6.76990843e-05 4.41631745e-05 1.36029669e-04 4.13467933e-05 7.17439048e-05 1.28419435e-04 7.37126975e-05 1.58613494e-04 1.95279361e-04 1.09789813e-04 7.57115101e-05 5.41709815e-06 9.26737848e-06 6.07419206e-06 2.65187286e-05 4.88365004e-06 1.79419576e-05 5.27062061e-05 3.98207078e-05 2.19379610e-05 5.30765705e-05 4.00432997e-05 1.42787103e-05 6.05522786e-05 7.58352656e-05 9.63048660e-06 5.00962111e-05 1.48447160e-04 2.86254362e-05 3.12299531e-04 4.12836984e-04 1.65134794e-05 2.44224765e-04 6.33513147e-05 3.73239192e-05 4.59954765e-04 6.42508140e-04 1.10191279e-04 3.76847833e-04 9.47764269e-05 3.21470287e-05 7.17003822e-05 3.91841311e-05 1.25516395e-06 2.69859761e-08 1.50276396e-09
 1992 08 19 12 00 00  3.74418131e-03 2.27036703e-03 1.25486242e-03 9.02881308e-04 6.57650939e-04 3.65766407e-04 2.64147895e-04 2.24670941e-04 4.65224178e-04 1.32694170e-04 3.28757790e-03 4.96391281e-03 2.33151400e-04 6.71509128e-05 4.38460328e-05 1.34459182e-04 4.08736581e-05 7.05880695e-05 1.27172312e-04 7.30973494e-05 1.56261464e-04 1.92275340e-04 1.08521870e-04 7.51983833e-05 5.38359272e-06 9.33859628e-06 6.06162503e-06 2.63566861e-05 4.86982535e-06 1.78246222e-05 5.20614821e-05 3.96277203e-05 2.15449589e-05 5.25032440e-05 3.92345421e-05 1.42190343e-05 5.93533807e-05 7.41785223e-05 9.68976601e-06 4.93306454e-05 1.44844930e-04 2.81037239e-05 3.06306349e-04 4.05396120e-04 1.62158448e-05 2.36938942e-04 6.08369184e-05 3.63118714e-05 4.47982340e-04 6.30501383e-04 1.07750310e-04 3.71518246e-04 9.76466916e-05 3.31907589e-05 7.41111035e-05 4.08221887e-05 1.33116728e-06 3.11024813e-08 1.87991471e-09
 1992 08 20 12 00 00  3.73204899e-03 2.26208247e-03 1.24964820e-03 8.98907509e-04 6.54076677e-04 3.64250595e-04 2.62631060e-04 2.22990618e-04 4.60872538e-04 1.31464685e-04 3.25262391e-03 4.90014516e-03 2.31352582e-04 6.66753963e-05 4.35724854e-05 1.33095007e-04 4.04552120e-05 6.95815485e-05 1.26093172e-04 7.25621998e-05 1.54236174e-04 1.89679952e-04 1.07425933e-04 7.49439721e-05 5.35406180e-06 9.66841180e-06 6.05078603e-06 2.62310792e-05 4.85777127e-06 1.77211648e-05 5.15014831e-05 3.94577917e-05 2.11967112e-05 5.21671396e-05 3.85295803e-05 1.41677403e-05 5.83365249e-05 7.27499650e-05 9.96419694e-06 4.90167241e-05 1.41726033e-04 2.76497536e-05 3.02450881e-04 3.98911070e-04 1.59564428e-05 2.30749570e-04 5.86385780e-05 3.54310643e-05 4.37498477e-04 6.20823691e-04 1.05618004e-04 3.75275719e-04 1.11573128e-04 3.82533040e-05 8.57963617e-05 4.86707519e-05 1.68883621e-06 4.99942928e-08 3.59892063e-09
 1992 08 21 12 00 00  3.72568850e-03 2.25746268e-03 1.24676669e-03 8.96729965e-04 6.52126784e-04 3.63467067e-04 2.61835070e-04 2.22101886e-04 4.58587013e-04 1.30759933e-04 3.23424111e-03 4.86824997e-03 2.30362507e-04 6.63780563e-05 4.34173624e-05 1.32347224e-04 4.02197766e-05 6.90461544e-05 1.25430806e-04 7.21980468e-05 1.53175496e-04 1.88340601e-04 1.06851784e-04 7.43668304e-05 5.33764614e-06 9.24575506e-06 6.04523084e-06 2.61181254e-05 4.84944721e-06 1.76599752e-05 5.11598608e-05 3.93636496e-05 2.09994556e-05 5.16162455e-05 3.80435085e-05 1.41418073e-05 5.77076763e-05 7.19419997e-05 9.61253536e-06 4.80318737e-05 1.39945528e-04 2.73398357e-05 2.97289937e-04 3.94443632e-04 1.57777453e-05 2.26720265e-04 5.74517529e-05 3.48291214e-05 4.31434522e-04 6.13282158e-04 1.04298537e-04 3.58328907e-04 9.35767064e-05 3.17115953e-05 7.06986832e-05 3.85508071e-05 1.22913901e-06 2.58250125e-08 1.40252840e-09
 1992 08 22 12 00 00  3.71382607e-03 2.24976525e-03 1.24188896e-03 8.92924699e-04 6.48658054e-04 3.61949140e-04 2.60340237e-04 2.20455520e-04 4.54328807e-04 1.29640191e-04 3.20000506e-03 4.80448082e-03 2.28668744e-04 6.59805666e-05 4.31679071e-05 1.31025311e-04 3.97969648e-05 6.80342724e-05 1.24501362e-04 7.17942661e-05 1.51133263e-04 1.85738274e-04 1.05765222e-04 7.38127800e-05 5.30783982e-06 9.12526521e-06 6.03436893e-06 2.59669545e-05 4.84035882e-06 1.75614477e-05 5.06001602e-05 3.91921873e-05 2.06473531e-05 5.10262806e-05 3.75119154e-05 1.40904667e-05 5.66757573e-05 7.05143711e-05 9.51229740e-06 4.71850258e-05 1.36851428e-04 2.69973621e-05 2.91219854e-04 3.89553293e-04 1.55821317e-05 2.20676172e-04 5.52388025e-05 3.41646723e-05 4.21487130e-04 6.02825820e-04 1.02437674e-04 3.47909740e-04 8.83607729e-05 2.98158047e-05 6.63243606e-05 3.56303999e-05 1.09732165e-06 1.89581240e-08 7.80113307e-10
 1992 08 23 12 00 00  3.70537061e-03 2.24358189e-03 1.23803279e-03 8.90038167e-04 6.46088167e-04 3.60918555e-04 2.59287188e-04 2.19278322e-04 4.51291626e-04 1.28695855e-04 3.17561893e-03 4.76196036e-03 2.27345516e-04 6.55758266e-05 4.29585566e-05 1.30040700e-04 3.94985778e-05 6.73394534e-05 1.23600012e-04 7.12935929e-05 1.49748446e-04 1.83977142e-04 1.05008762e-04 7.33258017e-05 5.28693017e-06 8.95025150e-06 6.02704240e-06 2.58458868e-05 4.82909891e-06 1.74823543e-05 5.01737895e-05 3.90720990e-05 2.03980511e-05 5.05316976e-05 3.68533132e-05 1.40560616e-05 5.58936050e-05 6.94783298e-05 9.36669385e-06 4.63835084e-05 1.34567076e-04 2.65727780e-05 2.86405553e-04 3.83494099e-04 1.53397640e-05 2.15633507e-04 5.37082902e-05 3.33409873e-05 4.13563689e-04 5.94126223e-04 1.00674204e-04 3.37678507e-04 8.08232546e-05 2.70761176e-05 6.00024006e-05 3.14044971e-05 9.06202422e-07 8.97335788e-09 1.00000000e-10
 1992 08 24 12 00 00  3.69949970e-03 2.23998895e-03 1.23573884e-03 8.88165498e-04 6.44337694e-04 3.60138736e-04 2.58533933e-04 2.18452836e-04 4.49174909e-04 1.28182527e-04 3.15856496e-03 4.73006517e-03 2.26538823e-04 6.54103494e-05 4.28442090e-05 1.29373115e-04 3.92636284e-05 6.68046530e-05 1.23193297e-04 7.11512927e-05 1.48695242e-04 1.82638567e-04 1.04455932e-04 7.29767681e-05 5.27054544e-06 8.78820574e-06 6.02148939e-06 2.57588029e-05 4.82594805e-06 1.74311399e-05 4.98745422e-05 3.89781286e-05 2.02012248e-05 5.01730600e-05 3.66687309e-05 1.40301345e-05 5.53571612e-05 6.87366259e-05 9.23188636e-06 4.58413836e-05 1.32955959e-04 2.64525210e-05 2.82756536e-04 3.81794391e-04 1.52717756e-05 2.12596398e-04 5.25230949e-05 3.31079442e-05 4.08525814e-04 5.88559873e-04 9.98270930e-05 3.28925300e-04 7.37908329e-05 2.45201452e-05 5.41049857e-05 2.74695939e-05 7.28764664e-07 2.03149000e-09 1.00000000e-10
 1992 08 25 12 00 00  3.69572704e-03 2.23515816e-03 1.23288699e-03 8.86385799e-04 6.42940560e-04 3.59841649e-04 2.58107131e-04 2.17923204e-04 4.47816807e-04 1.27328587e-04 3.14780317e-03 4.71942089e-03 2.25604389e-04 6.48678299e-05 4.26559217e-05 1.28824418e-04 3.91579611e-05 6.65928528e-05 1.22077472e-04 7.02928810e-05 1.48308588e-04 1.82148883e-04 1.04179300e-04 7.26826190e-05 5.26336189e-06 8.71050361e-06 6.01949650e-06 2.56881491e-05 4.80682429e-06 1.73731564e-05 4.96327495e-05 3.89372319e-05 2.01114788e-05 4.98995844e-05 3.55489668e-05 1.40211952e-05 5.49173531e-05 6.82580201e-05 9.16725985e-06 4.52512286e-05 1.31793193e-04 2.57260690e-05 2.80611213e-04 3.71486911e-04 1.48594764e-05 2.08468259e-04 5.20365487e-05 3.16995807e-05 4.02764855e-04 5.82042710e-04 9.77685761e-05 3.24565551e-04 7.03205467e-05 2.32590806e-05 5.11964393e-05 2.55421017e-05 6.42799560e-07 1.00000000e-10 1.00000000e-10
 1992 08 26 12 00 00  3.69820060e-03 2.23771572e-03 1.23442848e-03 8.87319544e-04 6.43652836e-04 3.60058354e-04 2.58380167e-04 2.18245253e-04 4.48686713e-04 1.27751904e-04 3.15468121e-03 4.73002978e-03 2.26107011e-04 6.51045598e-05 4.27502694e-05 1.29098041e-04 3.91844951e-05 6.67076500e-05 1.22560164e-04 7.06523773e-05 1.48591197e-04 1.82512785e-04 1.04359119e-04 7.27284941e-05 5.26556360e-06 8.61735316e-06 6.02107866e-06 2.57039611e-05 4.81492680e-06 1.73938423e-05 4.97163747e-05 3.89504334e-05 2.01313916e-05 4.99537533e-05 3.60228179e-05 1.40292745e-05 5.51092814e-05 6.84893905e-05 9.08977381e-06 4.53522800e-05 1.32310955e-04 2.60310742e-05 2.81009213e-04 3.75845747e-04 1.50338299e-05 2.10142309e-04 5.22584654e-05 3.22913867e-05 4.05124211e-04 5.84328460e-04 9.86195228e-05 3.22187411e-04 6.62260485e-05 2.17710331e-05 4.77636468e-05 2.32586228e-05 5.40333656e-07 1.00000000e-10 1.00000000e-10
 1992 08 27 12 00 00  3.70438482e-03 2.24238562e-03 1.23733442e-03 8.89363571e-04 6.45400066e-04 3.60770992e-04 2.59124847e-04 2.19078811e-04 4.50885042e-04 1.28462554e-04 3.17226372e-03 4.76188958e-03 2.27088764e-04 6.54109986e-05 4.29084798e-05 1.29763744e-04 3.93427414e-05 6.71484275e-05 1.23222219e-04 7.10433349e-05 1.49544493e-04 1.83729444e-04 1.04885866e-04 7.29812633e-05 5.27712073e-06 8.62633533e-06 6.02623368e-06 2.57673782e-05 4.82384094e-06 1.74410962e-05 4.99654528e-05 3.90175555e-05 2.02605297e-05 5.02218013e-05 3.65434913e-05 1.40543663e-05 5.56130538e-05 6.91619153e-05 9.09725859e-06 4.57671462e-05 1.33764699e-04 2.63636262e-05 2.83609855e-04 3.80631984e-04 1.52252794e-05 2.13444754e-04 5.31871570e-05 3.29371716e-05 4.10201263e-04 5.89634126e-04 9.98541087e-05 3.25101226e-04 6.65278008e-05 2.18809136e-05 4.80181783e-05 2.34402632e-05 5.49378433e-07 1.00000000e-10 1.00000000e-10
 1992 08 28 12 00 00  3.71063358e-03 2.24714182e-03 1.24029048e-03 8.91451137e-04 6.47189630e-04 3.61491963e-04 2.59879434e-04 2.19924738e-04 4.53109332e-04 1.29189867e-04 3.19005912e-03 4.79375459e-03 2.28088344e-04 6.57291625e-05 4.30702660e-05 1.30446470e-04 3.95097275e-05 6.75999210e-05 1.23910261e-04 7.14525057e-05 1.50509328e-04 1.84960008e-04 1.05419898e-04 7.32566392e-05 5.28922719e-06 8.65676266e-06 6.03143453e-06 2.58355798e-05 4.83314652e-06 1.74908492e-05 5.02269520e-05 3.90877336e-05 2.03973788e-05 5.05099463e-05 3.70871683e-05 1.40795557e-05 5.61341195e-05 6.98533428e-05 9.12257965e-06 4.62230396e-05 1.35266465e-04 2.67114548e-05 2.86387250e-04 3.85630500e-04 1.54252200e-05 2.16887484e-04 5.41450805e-05 3.36125202e-05 4.15486001e-04 5.95224591e-04 1.01143537e-04 3.28843561e-04 6.77956594e-05 2.23418469e-05 4.90822908e-05 2.41573237e-05 5.82223555e-07 1.00000000e-10 1.00000000e-10
 1992 08 29 12 00 00  3.71961099e-03 2.25196080e-03 1.24343573e-03 8.94031461e-04 6.49603880e-04 3.62701788e-04 2.61018264e-04 2.21152221e-04 4.56317209e-04 1.29820857e-04 3.21588032e-03 4.84687127e-03 2.29197182e-04 6.58459796e-05 4.32122624e-05 1.31356739e-04 3.98079399e-05 6.83768070e-05 1.24241672e-04 7.14388851e-05 1.52140375e-04 1.87042584e-04 1.06258316e-04 7.35569291e-05 5.31065816e-06 8.65339534e-06 6.04020424e-06 2.59245633e-05 4.83297699e-06 1.75470506e-05 5.05842693e-05 3.92116752e-05 2.06430297e-05 5.08584963e-05 3.70764232e-05 1.41217504e-05 5.68233586e-05 7.08725520e-05 9.11977986e-06 4.66084757e-05 1.37399327e-04 2.67010386e-05 2.90309313e-04 3.85527204e-04 1.54210881e-05 2.20222226e-04 5.58081956e-05 3.35930294e-05 4.21408213e-04 6.01042420e-04 1.01849474e-04 3.33413351e-04 6.76413052e-05 2.22857641e-05 4.89529861e-05 2.40721519e-05 5.78462576e-07 1.00000000e-10 1.00000000e-10
 1992 08 30 12 00 00  3.72520698e-03 2.25807875e-03 1.24709761e-03 8.96326465e-04 6.51408528e-04 3.63198323e-04 2.61652115e-04 2.21909138e-04 4.58306529e-04 1.30858248e-04 3.23167558e-03 4.86811697e-03 2.30398231e-04 6.64504660e-05 4.34411463e-05 1.32057085e-04 3.99260607e-05 6.86861225e-05 1.25480341e-04 7.23676407e-05 1.52791899e-04 1.87873744e-04 1.06679455e-04 7.38438955e-05 5.31915721e-06 8.64570611e-06 6.04370689e-06 2.59959534e-05 4.85392957e-06 1.76103979e-05 5.08573612e-05 3.92608403e-05 2.07402583e-05 5.11389028e-05 3.83015984e-05 1.41386176e-05 5.73605508e-05 7.14948534e-05 9.11339739e-06 4.71738342e-05 1.38842824e-04 2.74891849e-05 2.92582375e-04 3.96796699e-04 1.58718680e-05 2.24909320e-04 5.64695220e-05 3.51223774e-05 4.28018389e-04 6.08179426e-04 1.04117230e-04 3.35268478e-04 6.72125761e-05 2.21301638e-05 4.85950508e-05 2.38460746e-05 5.69189893e-07 1.00000000e-10 1.00000000e-10
 1992 08 31 12 00 00  3.73052239e-03 2.26080229e-03 1.24888773e-03 8.97828792e-04 6.52830471e-04 3.63927804e-04 2.62330408e-04 2.22636731e-04 4.60205125e-04 1.31204962e-04 3.24698722e-03 4.89998870e-03 2.31032608e-04 6.64949367e-05 4.35184845e-05 1.32592803e-04 4.01095487e-05 6.91578432e-05 1.25624167e-04 7.23165926e-05 1.53777165e-04 1.89130536e-04 1.07181778e-04 7.40454384e-05 5.33230268e-06 8.68173302e-06 6.04899251e-06 2.60515585e-05 4.85298333e-06 1.76432055e-05 5.10735806e-05 3.93367984e-05 2.08916739e-05 5.13662838e-05 3.82450147e-05 1.41639845e-05 5.77725263e-05 7.21060164e-05 9.14338889e-06 4.74382259e-05 1.40117934e-04 2.74475606e-05 2.95127253e-04 3.96269651e-04 1.58507860e-05 2.26824376e-04 5.74826438e-05 3.50426912e-05 4.31447045e-04 6.11633126e-04 1.04457624e-04 3.39166323e-04 6.86270732e-05 2.26446192e-05 4.97837559e-05 2.46591819e-05 6.07300254e-07 1.00000000e-10 1.00000000e-10
 1992 09 01 12 00 00  3.73484721e-03 2.26424766e-03 1.25101547e-03 8.99321290e-04 6.54104580e-04 3.64420013e-04 2.62852143e-04 2.23225100e-04 4.61744890e-04 1.31741072e-04 3.25932581e-03 4.92123775e-03 2.31749459e-04 6.67396195e-05 4.36364202e-05 1.33080771e-04 4.02325240e-05 6.94731250e-05 1.26143768e-04 7.26429920e-05 1.54435666e-04 1.89969432e-04 1.07550644e-04 7.42621824e-05 5.34110804e-06 8.72618330e-06 6.05252026e-06 2.61043007e-05 4.86053250e-06 1.76811069e-05 5.12709078e-05 3.93876631e-05 2.09931910e-05 5.15870986e-05 3.86853062e-05 1.41809025e-05 5.81525455e-05 7.25995244e-05 9.18037258e-06 4.78056637e-05 1.41203127e-04 2.77260813e-05 2.97220180e-04 4.00313651e-04 1.60125460e-05 2.29424796e-04 5.81602275e-05 3.55841155e-05 4.35388057e-04 6.15886067e-04 1.05452376e-04 3.42594838e-04 7.05171682e-05 2.33316762e-05 5.13694515e-05 2.57224227e-05 6.55623148e-07 1.00000000e-10 1.00000000e-10
 1992 09 02 12 00 00  3.73499886e-03 2.26456721e-03 1.25119673e-03 8.99412033e-04 6.54161125e-04 3.64422267e-04 2.62864690e-04 2.23243002e-04 4.61793322e-04 1.31799631e-04 3.25973261e-03 4.92123775e-03 2.31804168e-04 6.67753602e-05 4.36475746e-05 1.33103816e-04 4.02339792e-05 6.94749062e-05 1.26204015e-04 7.27041624e-05 1.54439510e-04 1.89971741e-04 1.07557891e-04 7.43305007e-05 5.34119936e-06 8.80249063e-06 6.05252753e-06 2.61121863e-05 4.86216559e-06 1.76842537e-05 5.12872689e-05 3.93881724e-05 2.09944759e-05 5.16438333e-05 3.87792505e-05 1.41809185e-05 5.81822936e-05 7.26210970e-05 9.24386113e-06 4.79371591e-05 1.41257717e-04 2.77800806e-05 2.97673396e-04 4.01169751e-04 1.60467900e-05 2.29730561e-04 5.81650995e-05 3.56902368e-05 4.35698983e-04 6.16476855e-04 1.05584467e-04 3.45045045e-04 7.37772745e-05 2.45166997e-05 5.41042527e-05 2.75540479e-05 7.38716085e-07 2.66252158e-09 1.00000000e-10
 1992 09 03 12 00 00  3.73936199e-03 2.26805727e-03 1.25335071e-03 9.00930979e-04 6.55462717e-04 3.64920450e-04 2.63392906e-04 2.23839318e-04 4.63349117e-04 1.32344532e-04 3.27220330e-03 4.94248867e-03 2.32530848e-04 6.70264339e-05 4.37674470e-05 1.33602828e-04 4.03632701e-05 6.97979180e-05 1.26738614e-04 7.30401604e-05 1.55106061e-04 1.90820673e-04 1.07931665e-04 7.45552558e-05 5.35040163e-06 8.85254194e-06 6.05608766e-06 2.61675860e-05 4.86990757e-06 1.77237966e-05 5.14926002e-05 3.94412520e-05 2.11015606e-05 5.18723290e-05 3.92309827e-05 1.41979035e-05 5.85726268e-05 7.31268504e-05 9.28551235e-06 4.83186869e-05 1.42374210e-04 2.80665525e-05 2.99840975e-04 4.05319689e-04 1.62127876e-05 2.32411774e-04 5.88637835e-05 3.62469757e-05 4.39773376e-04 6.20882729e-04 1.06611314e-04 3.48695409e-04 7.58584534e-05 2.52733293e-05 5.58510680e-05 2.87317597e-05 7.92704944e-07 4.57980533e-09 1.00000000e-10
 1992 09 04 12 00 00  3.74213212e-03 2.26820388e-03 1.25358605e-03 9.01445639e-04 6.56099920e-04 3.65411673e-04 2.63780414e-04 2.24224700e-04 4.64342945e-04 1.32262724e-04 3.28033984e-03 4.96374220e-03 2.32652576e-04 6.68298002e-05 4.37492267e-05 1.33835756e-04 4.04969236e-05 7.01262907e-05 1.26380910e-04 7.26263737e-05 1.55775386e-04 1.91676540e-04 1.08239054e-04 7.45858844e-05 5.35987856e-06 8.82095483e-06 6.05967107e-06 2.61896648e-05 4.86087665e-06 1.77312767e-05 5.15960072e-05 3.94958566e-05 2.12125000e-05 5.19368124e-05 3.87010572e-05 1.42149380e-05 5.87490048e-05 7.34617737e-05 9.25923378e-06 4.82589636e-05 1.43023387e-04 2.77179206e-05 3.01025918e-04 4.00435618e-04 1.60174247e-05 2.32377876e-04 5.95770834e-05 3.55720811e-05 4.40497220e-04 6.21210882e-04 1.06050723e-04 3.49602210e-04 7.45006437e-05 2.47797941e-05 5.47121841e-05 2.79701277e-05 7.58234518e-07 3.37597115e-09 1.00000000e-10
 1992 09 05 12 00 00  3.75717914e-03 2.27718479e-03 1.25934867e-03 9.06012472e-04 6.60296437e-04 3.67378063e-04 2.65676616e-04 2.26291028e-04 4.69725146e-04 1.33511503e-04 3.32363578e-03 5.04874177e-03 2.34662630e-04 6.71842541e-05 4.40280211e-05 1.35426286e-04 4.10029024e-05 7.14046473e-05 1.27249883e-04 7.28809915e-05 1.58427145e-04 1.95054482e-04 1.09624820e-04 7.52888691e-05 5.39598332e-06 9.03890177e-06 6.07385336e-06 2.63662355e-05 4.86685458e-06 1.78390209e-05 5.22450610e-05 3.97042488e-05 2.16309883e-05 5.26859532e-05 3.90491623e-05 1.42827645e-05 5.99867335e-05 7.52131127e-05 9.44059066e-06 4.93066118e-05 1.46747149e-04 2.79359199e-05 3.08837231e-04 4.03630144e-04 1.61452058e-05 2.39064381e-04 6.23344793e-05 3.59963247e-05 4.51648018e-04 6.33051561e-04 1.07821247e-04 3.64305149e-04 8.36386129e-05 2.81017897e-05 6.23807005e-05 3.31297225e-05 9.94005336e-07 1.43026787e-08 3.76777409e-10
 1992 09 06 12 00 00  3.76672545e-03 2.28305373e-03 1.26309628e-03 9.08955394e-04 6.62987347e-04 3.68615815e-04 2.66877380e-04 2.27603140e-04 4.73138414e-04 1.34339465e-04 3.35111080e-03 5.10187075e-03 2.35965026e-04 6.74353915e-05 4.42114509e-05 1.36447977e-04 4.13278147e-05 7.22142635e-05 1.27847847e-04 7.30893225e-05 1.60100570e-04 1.97179503e-04 1.10501494e-04 7.58850488e-05 5.41909540e-06 9.37613368e-06 6.08276241e-06 2.64943095e-05 4.87185862e-06 1.79103311e-05 5.26755130e-05 3.98375298e-05 2.19002002e-05 5.32872408e-05 3.93398921e-05 1.43252502e-05 6.08069902e-05 7.63435788e-05 9.72120979e-06 5.02518754e-05 1.49160430e-04 2.81152257e-05 3.14840523e-04 4.06294667e-04 1.62517867e-05 2.43630283e-04 6.40868908e-05 3.63458501e-05 4.58973181e-04 6.41458913e-04 1.09047998e-04 3.79840906e-04 9.77606016e-05 3.32357051e-05 7.42320713e-05 4.11060577e-05 1.35866085e-06 3.36511739e-08 2.13955538e-09
 1992 09 07 12 00 00  3.77281704e-03 2.28452168e-03 1.26424196e-03 9.10333797e-04 6.64489478e-04 3.69596824e-04 2.67699967e-04 2.28446618e-04 4.75322039e-04 1.34396563e-04 3.36887291e-03 5.14437370e-03 2.36421851e-04 6.72030873e-05 4.42246036e-05 1.37004785e-04 4.15893010e-05 7.28638610e-05 1.27458143e-04 7.25311285e-05 1.61431957e-04 1.98881983e-04 1.11137042e-04 7.59874773e-05 5.43768219e-06 9.30786919e-06 6.08989722e-06 2.65468357e-05 4.85968958e-06 1.79358898e-05 5.29112485e-05 3.99447017e-05 2.21169423e-05 5.34514551e-05 3.86257540e-05 1.43592566e-05 6.12265638e-05 7.70656880e-05 9.66444641e-06 5.02400586e-05 1.50605041e-04 2.76450533e-05 3.17359297e-04 3.99712366e-04 1.59884946e-05 2.44471645e-04 6.54939970e-05 3.54357471e-05 4.61557798e-04 6.43398524e-04 1.08489748e-04 3.81351910e-04 9.46107526e-05 3.20913141e-05 7.15937453e-05 3.93708185e-05 1.28222973e-06 2.98134360e-08 1.79539139e-09
 1992 09 08 12 00 00  3.77117943e-03 2.28387479e-03 1.26379175e-03 9.09910729e-04 6.64067292e-04 3.69360704e-04 2.67486246e-04 2.28219946e-04 4.74729397e-04 1.34327867e-04 3.36414183e-03 5.13375327e-03 2.36253361e-04 6.72113234e-05 4.42061400e-05 1.36847660e-04 4.15350980e-05 7.27151462e-05 1.27437221e-04 7.25883292e-05 1.61111079e-04 1.98474110e-04 1.10978910e-04 7.58996201e-05 5.43373790e-06 9.25055792e-06 6.08817209e-06 2.65291252e-05 4.86134595e-06 1.79283747e-05 5.28575027e-05 3.99218174e-05 2.20726084e-05 5.33574883e-05 3.87203589e-05 1.43508747e-05 6.11085527e-05 7.68818795e-05 9.61679179e-06 5.01167284e-05 1.50233324e-04 2.76966166e-05 3.16368796e-04 4.00570929e-04 1.60228371e-05 2.44038401e-04 6.51795592e-05 3.55377240e-05 4.60717052e-04 6.42429354e-04 1.08473328e-04 3.78531295e-04 9.19540586e-05 3.11261201e-05 6.93686768e-05 3.79089218e-05 1.21795158e-06 2.65947385e-08 1.50697694e-09
 1992 09 09 12 00 00  3.77375960e-03 2.28646857e-03 1.26535355e-03 9.10915987e-04 6.64874214e-04 3.69611329e-04 2.67783781e-04 2.28567862e-04 4.75642162e-04 1.34757970e-04 3.37144733e-03 5.14437854e-03 2.36766675e-04 6.74434556e-05 4.42990943e-05 1.37160081e-04 4.15985298e-05 7.28751649e-05 1.27902921e-04 7.29364809e-05 1.61437435e-04 1.98896644e-04 1.11182307e-04 7.58920275e-05 5.43826245e-06 9.06107744e-06 6.08994560e-06 2.65495591e-05 4.86951358e-06 1.79559959e-05 5.29813736e-05 3.99479293e-05 2.21250812e-05 5.33693374e-05 3.91960610e-05 1.43593570e-05 6.13332747e-05 7.71649286e-05 9.45916254e-06 5.01083627e-05 1.50884168e-04 2.79946515e-05 3.16504005e-04 4.04936548e-04 1.61974619e-05 2.45900336e-04 6.55248470e-05 3.61176993e-05 4.63568579e-04 6.44892567e-04 1.09367103e-04 3.73539858e-04 8.37247489e-05 2.81351472e-05 6.24676522e-05 3.33052253e-05 1.01041637e-06 1.58031970e-08 5.29338706e-10
 1992 09 10 12 00 00  3.77508505e-03 2.28926472e-03 1.26695559e-03 9.11745490e-04 6.65415583e-04 3.69616777e-04 2.67898830e-04 2.28739970e-04 4.76103318e-04 1.35280490e-04 3.37503711e-03 5.14437668e-03 2.37268575e-04 6.78100251e-05 4.44123143e-05 1.37377337e-04 4.15946415e-05 7.28703977e-05 1.28619268e-04 7.35522364e-05 1.61432325e-04 1.98890466e-04 1.11237374e-04 7.59847340e-05 5.43801834e-06 9.03262699e-06 6.08992523e-06 2.65706724e-05 4.88358492e-06 1.79824672e-05 5.30663130e-05 3.99465731e-05 2.21216527e-05 5.34463524e-05 4.00177727e-05 1.43593134e-05 6.15018662e-05 7.73013350e-05 9.43550185e-06 5.03485044e-05 1.51261015e-04 2.85186659e-05 3.16831550e-04 4.12489082e-04 1.64995633e-05 2.48092961e-04 6.55118492e-05 3.71354661e-05 4.66328825e-04 6.47956068e-04 1.10669357e-04 3.72749411e-04 8.24433439e-05 2.76695235e-05 6.13938468e-05 3.25950256e-05 9.78844548e-07 1.41953215e-08 3.84545062e-10
 1992 09 11 12 00 00  3.77295506e-03 2.28769593e-03 1.26597485e-03 9.11005262e-04 6.64752749e-04 3.69360199e-04 2.67632013e-04 2.28439316e-04 4.75329534e-04 1.35037835e-04 3.36888012e-03 5.13374731e-03 2.36928163e-04 6.76942990e-05 4.43557112e-05 1.37123648e-04 4.15215036e-05 7.26984872e-05 1.28346349e-04 7.34050991e-05 1.61089730e-04 1.98452515e-04 1.11048261e-04 7.59120021e-05 5.43288297e-06 9.05739871e-06 6.08810114e-06 2.65445839e-05 4.88071055e-06 1.79623035e-05 5.29668241e-05 3.99170618e-05 2.20606162e-05 5.33622154e-05 3.98469710e-05 1.43507277e-05 6.13137902e-05 7.70451055e-05 9.45610445e-06 5.02347438e-05 1.50692781e-04 2.83974892e-05 3.15980115e-04 4.10903863e-04 1.64361545e-05 2.46850614e-04 6.51341106e-05 3.69026733e-05 4.64287827e-04 6.45929093e-04 1.10183228e-04 3.72418344e-04 8.35552679e-05 2.80735716e-05 6.23256909e-05 3.32118322e-05 1.00630083e-06 1.55964024e-08 5.10789633e-10
 1992 09 12 12 00 00  3.77503511e-03 2.28932586e-03 1.26698515e-03 9.11696334e-04 6.65332150e-04 3.69592164e-04 2.67878937e-04 2.28716958e-04 4.76066641e-04 1.35288129e-04 3.37476526e-03 5.14436476e-03 2.37267150e-04 6.78062032e-05 4.44114864e-05 1.37344281e-04 4.15679446e-05 7.28376734e-05 1.28584643e-04 7.35527545e-05 1.61399080e-04 1.98848035e-04 1.11221389e-04 7.59824837e-05 5.43633760e-06 9.03936889e-06 6.08978698e-06 2.65631174e-05 4.88407859e-06 1.79775867e-05 5.30449480e-05 3.99372249e-05 2.20980903e-05 5.34389584e-05 4.00436838e-05 1.43590238e-05 6.14772269e-05 7.72624514e-05 9.44109124e-06 5.03513541e-05 1.51161690e-04 2.85230926e-05 3.16714440e-04 4.12712106e-04 1.65084843e-05 2.47956115e-04 6.54225703e-05 3.71465954e-05 4.65968816e-04 6.47637920e-04 1.10619997e-04 3.72741427e-04 8.28760583e-05 2.78264677e-05 6.17543687e-05 3.28167857e-05 9.87485510e-07 1.45413942e-08 4.13244594e-10
 1992 09 13 12 00 00  3.77596690e-03 2.29135970e-03 1.26815094e-03 9.12278494e-04 6.65695273e-04 3.69583608e-04 2.67954424e-04 2.28833933e-04 4.76389546e-04 1.35668404e-04 3.37723986e-03 5.14435694e-03 2.37631192e-04 6.80773380e-05 4.44951991e-05 1.37489651e-04 4.15514369e-05 7.28174404e-05 1.29120415e-04 7.40093063e-05 1.61382581e-04 1.98821793e-04 1.11253009e-04 7.61660809e-05 5.43529859e-06 9.18780061e-06 6.08970113e-06 2.65856353e-05 4.89435151e-06 1.79944394e-05 5.30959045e-05 3.99314478e-05 2.20835253e-05 5.35921775e-05 4.06445528e-05 1.43588448e-05 6.16025280e-05 7.73501223e-05 9.56458680e-06 5.07435405e-05 1.51401318e-04 2.89102987e-05 3.17731450e-04 4.18239864e-04 1.67295946e-05 2.49582133e-04 6.53673662e-05 3.78978060e-05 4.67812686e-04 6.50238016e-04 1.11560943e-04 3.77377051e-04 8.92057553e-05 3.01272914e-05 6.70643559e-05 3.63747446e-05 1.14901087e-06 2.30266888e-08 1.18416743e-09
 1992 09 14 12 00 00  3.77887848e-03 2.29191576e-03 1.26862215e-03 9.12881125e-04 6.66363171e-04 3.70054855e-04 2.68345584e-04 2.29231588e-04 4.77431556e-04 1.35663732e-04 3.38567994e-03 5.16559929e-03 2.37825405e-04 6.79432291e-05 4.44962096e-05 1.37734215e-04 4.16617870e-05 7.31172389e-05 1.28894480e-04 7.37020397e-05 1.62021962e-04 1.99640616e-04 1.11554512e-04 7.61821788e-05 5.44330869e-06 9.12347459e-06 6.09316303e-06 2.66025772e-05 4.88743644e-06 1.80018574e-05 5.31839157e-05 3.99778946e-05 2.21738985e-05 5.36426518e-05 4.02401143e-05 1.43756261e-05 6.17756048e-05 7.76704008e-05 9.51104666e-06 5.06755240e-05 1.52020401e-04 2.86497001e-05 3.18682112e-04 4.14519275e-04 1.65807710e-05 2.49718573e-04 6.60027261e-05 3.73922143e-05 4.68675150e-04 6.50679127e-04 1.11184936e-04 3.77124942e-04 8.66171615e-05 2.91859804e-05 6.48901422e-05 3.48968372e-05 1.08039843e-06 1.93075508e-08 8.43350545e-10
 1992 09 15 12 00 00  3.76096342e-03 2.27975743e-03 1.26095861e-03 9.07117227e-04 6.61221238e-04 3.67836583e-04 2.66123241e-04 2.26773679e-04 4.71024255e-04 1.33872736e-04 3.33426986e-03 5.06997593e-03 2.35189732e-04 6.72651140e-05 4.40964935e-05 1.35776503e-04 4.10933542e-05 7.16800627e-05 1.27354669e-04 7.29489955e-05 1.59044685e-04 1.95841702e-04 1.09953381e-04 7.54550751e-05 5.40274086e-06 9.08504808e-06 6.07721158e-06 2.63994566e-05 4.87043471e-06 1.78604231e-05 5.23984293e-05 3.97437310e-05 2.17038018e-05 5.28528663e-05 3.92460293e-05 1.42993289e-05 6.02765509e-05 7.56046411e-05 9.47904919e-06 4.95608567e-05 1.47558383e-04 2.80105596e-05 3.10586748e-04 4.05375837e-04 1.62150335e-05 2.40678757e-04 6.29033137e-05 3.61519313e-05 4.54024870e-04 6.35604125e-04 1.08201249e-04 3.66962339e-04 8.51545010e-05 2.86538872e-05 6.36601077e-05 3.40486408e-05 1.04016259e-06 1.70631331e-08 6.36111874e-10
 1992 09 16 12 00 00  3.75131625e-03 2.27643095e-03 1.25859237e-03 9.04724319e-04 6.58763220e-04 3.66374581e-04 2.64847932e-04 2.25442132e-04 4.67565062e-04 1.33574853e-04 3.30627478e-03 5.00622690e-03 2.34298892e-04 6.74525071e-05 4.40272337e-05 1.34859957e-04 4.07156884e-05 7.07235129e-05 1.27603694e-04 7.35168753e-05 1.57065301e-04 1.93311116e-04 1.08985554e-04 7.52512686e-05 5.37577616e-06 9.17573780e-06 6.06658432e-06 2.63138925e-05 4.88304431e-06 1.78133641e-05 5.20285236e-05 3.95880692e-05 2.13915424e-05 5.25642781e-05 3.99845856e-05 1.42484801e-05 5.95912929e-05 7.44830646e-05 9.55447758e-06 4.94523742e-05 1.45280473e-04 2.84907874e-05 3.06636974e-04 4.12175656e-04 1.64870262e-05 2.38581113e-04 6.08413364e-05 3.70827271e-05 4.49147411e-04 6.31483060e-04 1.08491075e-04 3.64287771e-04 8.92121830e-05 3.01283890e-05 6.70608468e-05 3.63013533e-05 1.14056273e-06 2.21960395e-08 1.09886322e-09
 1992 09 17 12 00 00  3.73015422e-03 2.26304059e-03 1.25007055e-03 8.98147430e-04 6.52808288e-04 3.63677987e-04 2.62202821e-04 2.22541146e-04 4.59998420e-04 1.31662299e-04 3.24549293e-03 4.88935784e-03 2.31347167e-04 6.68218869e-05 4.35997406e-05 1.32599290e-04 4.00315563e-05 6.89799781e-05 1.26121380e-04 7.29261374e-05 1.53438678e-04 1.88684870e-04 1.07065735e-04 7.43912208e-05 5.32686208e-06 9.07819267e-06 6.04714332e-06 2.60784622e-05 4.86957360e-06 1.76570078e-05 5.11232937e-05 3.93055845e-05 2.08263518e-05 5.16248012e-05 3.91977723e-05 1.41553450e-05 5.78579009e-05 7.20482765e-05 9.47328153e-06 4.81766657e-05 1.40073255e-04 2.79882923e-05 2.96809688e-04 4.04942996e-04 1.61977198e-05 2.28751924e-04 5.70886710e-05 3.61069106e-05 4.32891806e-04 6.14755977e-04 1.05565491e-04 3.50539711e-04 8.53052474e-05 2.87076269e-05 6.37789929e-05 3.40678565e-05 1.03668201e-06 1.65511580e-08 5.81227866e-10
 1992 09 18 12 00 00  3.73269599e-03 2.26273994e-03 1.25005278e-03 8.98525331e-04 6.53352130e-04 3.64159495e-04 2.62568797e-04 2.22897720e-04 4.60919068e-04 1.31498854e-04 3.25299296e-03 4.91060652e-03 2.31392338e-04 6.65786929e-05 4.35669384e-05 1.32794000e-04 4.01559868e-05 6.92970410e-05 1.25691129e-04 7.24328391e-05 1.54095942e-04 1.89526078e-04 1.07358593e-04 7.43882676e-05 5.33575840e-06 9.02803076e-06 6.05067835e-06 2.60933055e-05 4.85827113e-06 1.76588629e-05 5.11977506e-05 3.93569673e-05 2.09291538e-05 5.16615498e-05 3.85379302e-05 1.41722790e-05 5.79940565e-05 7.23471701e-05 9.43151244e-06 4.80489732e-05 1.40628658e-04 2.75682542e-05 2.97765122e-04 3.98879145e-04 1.59551658e-05 2.28308471e-04 5.77711267e-05 3.52909265e-05 4.33099763e-04 6.14464708e-04 1.04820185e-04 3.50913123e-04 8.34114669e-05 2.80186594e-05 6.21861070e-05 3.29670787e-05 9.84298788e-07 1.36171426e-08 3.10027914e-10
 1992 09 19 12 00 00  3.73622478e-03 2.26729456e-03 1.25274451e-03 9.00140514e-04 6.54577456e-04 3.64415480e-04 2.62954283e-04 2.23377969e-04 4.62178946e-04 1.32299578e-04 3.26291277e-03 4.92123030e-03 2.32268192e-04 6.70882278e-05 4.37451577e-05 1.33273224e-04 4.02179576e-05 6.94552669e-05 1.26735833e-04 7.32420362e-05 1.54423628e-04 1.89946275e-04 1.07602183e-04 7.45392889e-05 5.34019091e-06 8.94507102e-06 6.05244459e-06 2.61381749e-05 4.87619000e-06 1.77060637e-05 5.13789556e-05 3.93825700e-05 2.09803373e-05 5.18094335e-05 3.95877927e-05 1.41807439e-05 5.83516175e-05 7.27374515e-05 9.36246215e-06 4.83833809e-05 1.41571283e-04 2.82521534e-05 2.98781153e-04 4.08546632e-04 1.63418653e-05 2.31833270e-04 5.81115193e-05 3.66162218e-05 4.38004499e-04 6.19607406e-04 1.06693893e-04 3.49671348e-04 8.00584014e-05 2.67993917e-05 5.93700645e-05 3.10550054e-05 8.95680154e-07 8.82467326e-09 1.00000000e-10
 1992 09 20 12 00 00  3.74319059e-03 2.27063397e-03 1.25496808e-03 9.02078122e-04 6.56446103e-04 3.65390400e-04 2.63852512e-04 2.24338776e-04 4.64679246e-04 1.32709941e-04 3.28303583e-03 4.96372804e-03 2.33068519e-04 6.71215260e-05 4.38399885e-05 1.33975913e-04 4.04658524e-05 7.00881996e-05 1.26897634e-04 7.31270004e-05 1.55737398e-04 1.91627155e-04 1.08268460e-04 7.46879879e-05 5.35792278e-06 8.83752291e-06 6.05950954e-06 2.62012259e-05 4.87337893e-06 1.77480455e-05 5.16521009e-05 3.94849805e-05 2.11850827e-05 5.20131762e-05 3.94247181e-05 1.42146018e-05 5.88698188e-05 7.35363758e-05 9.27295623e-06 4.85097831e-05 1.43234918e-04 2.81527435e-05 3.01349462e-04 4.07053605e-04 1.62821442e-05 2.34091420e-04 5.94731828e-05 3.64221865e-05 4.42386929e-04 6.23512327e-04 1.07055163e-04 3.50230616e-04 7.56410825e-05 2.51933068e-05 5.56614819e-05 2.85470130e-05 7.80161309e-07 3.94829485e-09 1.00000000e-10
 1992 09 21 12 00 00  3.74119143e-03 2.26645669e-03 1.25257281e-03 9.00821378e-04 6.55612625e-04 3.65376818e-04 2.63675044e-04 2.24074636e-04 4.63977632e-04 1.31928053e-04 3.27758716e-03 4.96372804e-03 2.32314866e-04 6.65690448e-05 4.36694673e-05 1.33641663e-04 4.04658524e-05 7.00881996e-05 1.25808034e-04 7.22010096e-05 1.55737548e-04 1.91627155e-04 1.08182359e-04 7.45413774e-05 5.35792278e-06 8.87126298e-06 6.05950954e-06 2.61671583e-05 4.85241035e-06 1.77072227e-05 5.15206726e-05 3.94849805e-05 2.11850827e-05 5.18896110e-05 3.81990714e-05 1.42146018e-05 5.86107274e-05 7.33226134e-05 9.30100286e-06 4.81368970e-05 1.42646388e-04 2.73663027e-05 3.00779850e-04 3.95782319e-04 1.58312928e-05 2.30765185e-04 5.94731828e-05 3.48957285e-05 4.38160479e-04 6.18809034e-04 1.05085504e-04 3.51118002e-04 7.72582653e-05 2.57807227e-05 5.70150882e-05 2.94296671e-05 8.18479981e-07 5.21118935e-09 1.00000000e-10
 1992 09 22 12 00 00  3.74448149e-03 2.27050192e-03 1.25497206e-03 9.02285818e-04 6.56740044e-04 3.65633357e-04 2.64040034e-04 2.24523613e-04 4.65153118e-04 1.32633192e-04 3.28686326e-03 4.97435369e-03 2.33098493e-04 6.70093972e-05 4.38263624e-05 1.34081732e-04 4.05302533e-05 7.02494115e-05 1.26714722e-04 7.28942745e-05 1.56071221e-04 1.92051234e-04 1.08416914e-04 7.47562691e-05 5.36250809e-06 8.90558367e-06 6.06128851e-06 2.62158953e-05 4.86777099e-06 1.77498327e-05 5.16924734e-05 3.95114301e-05 2.12384097e-05 5.20915543e-05 3.90989851e-05 1.42230929e-05 5.89512336e-05 7.36959712e-05 9.32953262e-06 4.85745761e-05 1.43536141e-04 2.79522996e-05 3.02317117e-04 4.04068806e-04 1.61627522e-05 2.33971959e-04 5.98217128e-05 3.60313512e-05 4.42573948e-04 6.23751742e-04 1.06716914e-04 3.53558692e-04 7.88934341e-05 2.63746928e-05 5.83838978e-05 3.03234276e-05 8.57369301e-07 6.49714451e-09 1.00000000e-10
 1992 09 23 12 00 00  3.74400485e-03 2.26947917e-03 1.25438693e-03 9.01990030e-04 6.56552747e-04 3.65633673e-04 2.64000378e-04 2.24463723e-04 4.64989965e-04 1.32442641e-04 3.28558699e-03 4.97435592e-03 2.32916622e-04 6.68775180e-05 4.37855730e-05 1.34006479e-04 4.05341358e-05 7.02541787e-05 1.26461432e-04 7.26718456e-05 1.56076123e-04 1.92057411e-04 1.08398408e-04 7.47218659e-05 5.36275293e-06 8.91204472e-06 6.06130852e-06 2.62087819e-05 4.86260033e-06 1.77406983e-05 5.16631045e-05 3.95127892e-05 2.12418396e-05 5.20632377e-05 3.87975946e-05 1.42231336e-05 5.88919229e-05 7.36500517e-05 9.33487318e-06 4.84852881e-05 1.43408768e-04 2.77622865e-05 3.02191071e-04 4.01301390e-04 1.60520556e-05 2.33187370e-04 5.98346989e-05 3.56618402e-05 4.41608681e-04 6.22670782e-04 1.06251304e-04 3.53920765e-04 7.94168838e-05 2.65643754e-05 5.88187850e-05 3.05810065e-05 8.66627278e-07 6.72880454e-09 1.00000000e-10
 1992 09 24 12 00 00  3.74752965e-03 2.27119208e-03 1.25552534e-03 9.02990806e-04 6.57522454e-04 3.66127622e-04 2.64457493e-04 2.24954434e-04 4.66260844e-04 1.32657170e-04 3.29579996e-03 4.99560758e-03 2.33328461e-04 6.69043174e-05 4.38360069e-05 1.34371840e-04 4.06648789e-05 7.05789716e-05 1.26572135e-04 7.26292608e-05 1.56742906e-04 1.92908650e-04 1.08736879e-04 7.48389683e-05 5.37204651e-06 8.90975134e-06 6.06487665e-06 2.62463107e-05 4.86135723e-06 1.77635593e-05 5.18081373e-05 3.95663752e-05 2.13502077e-05 5.22023808e-05 3.87265929e-05 1.42401375e-05 5.91666535e-05 7.40654561e-05 9.33291958e-06 4.86264648e-05 1.44280138e-04 2.77238054e-05 3.03784975e-04 4.00657255e-04 1.60262902e-05 2.34436681e-04 6.05382607e-05 3.55856755e-05 4.43957943e-04 6.24954513e-04 1.06476700e-04 3.56089120e-04 7.96385892e-05 2.66442034e-05 5.89993114e-05 3.06583870e-05 8.67001756e-07 6.57789911e-09 1.00000000e-10
 1992 09 25 12 00 00  3.75173625e-03 2.27432306e-03 1.25747765e-03 9.04422152e-04 6.58780587e-04 3.66626670e-04 2.64975939e-04 2.25536431e-04 4.67773116e-04 1.33137620e-04 3.30787779e-03 5.01685962e-03 2.33997450e-04 6.71210294e-05 4.39450032e-05 1.34852731e-04 4.07961052e-05 7.09043641e-05 1.27062210e-04 7.29043677e-05 1.57412045e-04 1.93760662e-04 1.09104977e-04 7.50560484e-05 5.38137065e-06 8.96522033e-06 6.06844660e-06 2.63001862e-05 4.86721619e-06 1.78004605e-05 5.19995296e-05 3.96201329e-05 2.14590080e-05 5.24262301e-05 3.90713132e-05 1.42571444e-05 5.95371307e-05 7.45580599e-05 9.37902369e-06 4.89864035e-05 1.45360900e-04 2.79543863e-05 3.05927290e-04 4.03839155e-04 1.61535662e-05 2.36868032e-04 6.12434407e-05 3.60312755e-05 4.47760240e-04 6.29071693e-04 1.07379007e-04 3.60200695e-04 8.23334702e-05 2.76230000e-05 6.12544199e-05 3.21244812e-05 9.30323176e-07 9.59286410e-09 1.00000000e-10
 1992 09 26 12 00 00  3.75583702e-03 2.27444864e-03 1.25778148e-03 9.05170606e-04 6.59723131e-04 3.67355468e-04 2.65552514e-04 2.26110904e-04 4.69255777e-04 1.33000332e-04 3.31993135e-03 5.04873469e-03 2.34169702e-04 6.68310045e-05 4.39188853e-05 1.35195767e-04 4.09878528e-05 7.13862013e-05 1.26563774e-04 7.22892932e-05 1.58406808e-04 1.95030562e-04 1.09559292e-04 7.51436707e-05 5.39503599e-06 8.98379876e-06 6.07377515e-06 2.63350202e-05 4.85314122e-06 1.78097802e-05 5.21381868e-05 3.96989781e-05 2.16177068e-05 5.25596506e-05 3.82495287e-05 1.42826015e-05 5.97930188e-05 7.50483688e-05 9.39444726e-06 4.89762396e-05 1.46303080e-04 2.74307909e-05 3.07971407e-04 3.96286531e-04 1.58514613e-05 2.36757264e-04 6.22841588e-05 3.50142276e-05 4.48717473e-04 6.29645975e-04 1.06535848e-04 3.63726323e-04 8.33598409e-05 2.79955244e-05 6.21114395e-05 3.26667879e-05 9.52642668e-07 1.05914271e-08 4.78372897e-13
 1992 09 27 12 00 00  3.75568816e-03 2.27690122e-03 1.25911502e-03 9.05698731e-04 6.59944435e-04 3.67125809e-04 2.65474178e-04 2.26088175e-04 4.69201628e-04 1.33515946e-04 3.31928165e-03 5.03811240e-03 2.34570256e-04 6.72707391e-05 4.40331920e-05 1.35295505e-04 4.09292785e-05 7.12321314e-05 1.27431321e-04 7.30654458e-05 1.58084250e-04 1.94615756e-04 1.09463141e-04 7.52716210e-05 5.39081702e-06 9.04874396e-06 6.07202637e-06 2.63519620e-05 4.87025791e-06 1.78325585e-05 5.21740431e-05 3.96745658e-05 2.15695196e-05 5.26500664e-05 3.92528164e-05 1.42741745e-05 5.98778871e-05 7.50274654e-05 9.44846324e-06 4.93302798e-05 1.46376606e-04 2.80861859e-05 3.08126382e-04 4.05527490e-04 1.62210996e-05 2.38897092e-04 6.19551109e-05 3.62839084e-05 4.51059701e-04 6.32698746e-04 1.08043014e-04 3.65223719e-04 8.62778130e-05 2.90558459e-05 6.45567915e-05 3.42850545e-05 1.02465134e-06 1.42639776e-08 3.31341399e-10
 1992 09 28 12 00 00  3.75456128e-03 2.27453600e-03 1.25775987e-03 9.04993188e-04 6.59480893e-04 3.67119068e-04 2.65375399e-04 2.25941077e-04 4.68809166e-04 1.33073943e-04 3.31622073e-03 5.03811203e-03 2.34145416e-04 6.69611893e-05 4.39375792e-05 1.35109442e-04 4.09302476e-05 7.12333247e-05 1.26826010e-04 7.25457328e-05 1.58083343e-04 1.94617290e-04 1.09415119e-04 7.51277968e-05 5.39087778e-06 8.98177386e-06 6.07203183e-06 2.63275081e-05 4.85836317e-06 1.78097517e-05 5.20968492e-05 3.96749034e-05 2.15703752e-05 5.25292674e-05 3.85583087e-05 1.42741847e-05 5.97232231e-05 7.49040699e-05 9.39271777e-06 4.90080068e-05 1.46040852e-04 2.76437466e-05 3.07371458e-04 3.99144707e-04 1.59657883e-05 2.36968390e-04 6.19583472e-05 3.54244869e-05 4.48695970e-04 6.29800190e-04 1.06939665e-04 3.63074802e-04 8.35919029e-05 2.80791197e-05 6.23006747e-05 3.27501566e-05 9.53299855e-07 1.03894706e-08 1.00000000e-10
 1992 09 29 12 00 00  3.75640678e-03 2.27558572e-03 1.25843995e-03 9.05545324e-04 6.59995102e-04 3.67363110e-04 2.65609751e-04 2.26196175e-04 4.69473188e-04 1.33217384e-04 3.32153931e-03 5.04873656e-03 2.34385770e-04 6.70011385e-05 4.39709868e-05 1.35303806e-04 4.09917353e-05 7.13909627e-05 1.26934511e-04 7.25693128e-05 1.58412033e-04 1.95036743e-04 1.09585938e-04 7.51963338e-05 5.39528046e-06 8.98516664e-06 6.07379516e-06 2.63471379e-05 4.85872370e-06 1.78223785e-05 5.21712234e-05 3.97003401e-05 2.16211338e-05 5.26068661e-05 3.85804393e-05 1.42826437e-05 5.98689624e-05 7.51162379e-05 9.39551173e-06 4.91029611e-05 1.46489986e-04 2.76623381e-05 3.08202279e-04 3.99353717e-04 1.59741487e-05 2.37727714e-04 6.22971449e-05 3.54596647e-05 4.50018207e-04 6.31134569e-04 1.07140771e-04 3.64303530e-04 8.39415887e-05 2.82057417e-05 6.25905248e-05 3.29164011e-05 9.58832950e-07 1.05278453e-08 1.00000000e-10
 1992 09 30 12 00 00  3.76307235e-03 2.28110119e-03 1.26183566e-03 9.07908156e-04 6.62002327e-04 3.68102844e-04 2.66411965e-04 2.27108794e-04 4.71857995e-04 1.34089722e-04 3.34056344e-03 5.08060902e-03 2.35531536e-04 6.74295778e-05 4.41665386e-05 1.36073456e-04 4.11761983e-05 7.18638767e-05 1.27861024e-04 7.31583044e-05 1.59397603e-04 1.96295076e-04 1.10146989e-04 7.54737271e-05 5.40848705e-06 8.96296988e-06 6.07908660e-06 2.64242218e-05 4.87170691e-06 1.78832165e-05 5.24699188e-05 3.97766387e-05 2.17734079e-05 5.28999057e-05 3.93414986e-05 1.43080208e-05 6.04514754e-05 7.58723726e-05 9.37701043e-06 4.95779247e-05 1.48166955e-04 2.81596469e-05 3.10950946e-04 4.06363755e-04 1.62545502e-05 2.41873289e-04 6.33135147e-05 3.64230509e-05 4.56357486e-04 6.37727758e-04 1.08845972e-04 3.66855660e-04 8.32269421e-05 2.79454173e-05 6.19870420e-05 3.24804047e-05 9.36761256e-07 9.19611658e-09 1.00000000e-10
 1992 10 01 12 00 00  3.75875698e-03 2.27769327e-03 1.25972884e-03 9.06419807e-04 6.60725616e-04 3.67608055e-04 2.65889437e-04 2.26519978e-04 4.70319638e-04 1.33560241e-04 3.32823619e-03 5.05935922e-03 2.34820183e-04 6.71887380e-05 4.40498248e-05 1.35584469e-04 4.10503126e-05 7.15450326e-05 1.27346982e-04 7.28390587e-05 1.58737293e-04 1.95451562e-04 1.09777027e-04 7.53081601e-05 5.39949906e-06 8.98790095e-06 6.07554393e-06 2.63754323e-05 4.86436511e-06 1.78450912e-05 5.22732824e-05 3.97247553e-05 2.16693210e-05 5.27214769e-05 3.89130291e-05 1.42910707e-05 6.00779584e-05 7.53797856e-05 9.39772726e-06 4.93056179e-05 1.47081950e-04 2.78875756e-05 3.09199321e-04 4.02427037e-04 1.60970815e-05 2.39328851e-04 6.26262045e-05 3.58943798e-05 4.52409316e-04 6.33696058e-04 1.07860962e-04 3.65717306e-04 8.44753153e-05 2.83987567e-05 6.30311378e-05 3.31547382e-05 9.65555279e-07 1.05711614e-08 1.00000000e-10
 1992 10 02 12 00 00  3.75719474e-03 2.28003434e-03 1.26092071e-03 9.06667369e-04 6.60604399e-04 3.67130755e-04 2.65612390e-04 2.26297354e-04 4.69752876e-04 1.34108241e-04 3.32342051e-03 5.03810942e-03 2.35149350e-04 6.77154805e-05 4.41698832e-05 1.35558473e-04 4.09229659e-05 7.12244015e-05 1.28359303e-04 7.38049042e-05 1.58076126e-04 1.94605725e-04 1.09524924e-04 7.53767608e-05 5.39041976e-06 9.01079111e-06 6.07199399e-06 2.63763497e-05 4.88584883e-06 1.78631514e-05 5.22547289e-05 3.96723597e-05 2.15639506e-05 5.27412146e-05 4.01711208e-05 1.42741046e-05 6.00640735e-05 7.51825926e-05 9.41675462e-06 4.96073832e-05 1.46809359e-04 2.87046627e-05 3.08448534e-04 4.14009018e-04 1.65603607e-05 2.41394188e-04 6.19340048e-05 3.74782743e-05 4.54293688e-04 6.36300762e-04 1.09607555e-04 3.64878995e-04 8.55703598e-05 2.87965171e-05 6.39477371e-05 3.37526822e-05 9.91532792e-07 1.18474905e-08 9.45871825e-11
 1992 10 03 12 00 00  3.75821366e-03 2.28219246e-03 1.26215976e-03 9.07310660e-04 6.61025922e-04 3.67131181e-04 2.65701028e-04 2.26431646e-04 4.70113223e-04 1.34513149e-04 3.32617980e-03 5.03810607e-03 2.35540280e-04 6.80075039e-05 4.42599139e-05 1.35727100e-04 4.09156841e-05 7.12154666e-05 1.28945062e-04 7.42939766e-05 1.58067731e-04 1.94594146e-04 1.09565082e-04 7.54723353e-05 5.38996137e-06 9.02303364e-06 6.07195580e-06 2.63940431e-05 4.89667873e-06 1.78831235e-05 5.23135419e-05 3.96698073e-05 2.15575245e-05 5.28216663e-05 4.08056570e-05 1.42740275e-05 6.01930568e-05 7.52845404e-05 9.42692350e-06 4.98394342e-05 1.47091806e-04 2.91180069e-05 3.08849527e-04 4.19852082e-04 1.67940833e-05 2.43096476e-04 6.19096507e-05 3.82792816e-05 4.56410669e-04 6.38769499e-04 1.10635154e-04 3.65435367e-04 8.62192459e-05 2.90320842e-05 6.44899212e-05 3.40986776e-05 1.00599481e-06 1.25130269e-08 1.52659130e-10
 1992 10 04 12 00 00  3.76836477e-03 2.28945114e-03 1.26670637e-03 9.10634895e-04 6.63940558e-04 3.68349088e-04 2.66945975e-04 2.27817521e-04 4.73739416e-04 1.35602375e-04 3.35521523e-03 5.09122312e-03 2.37093229e-04 6.84548249e-05 4.45037646e-05 1.36837608e-04 4.12139023e-05 7.19923584e-05 1.29942820e-04 7.48325081e-05 1.59701643e-04 1.96676736e-04 1.10454094e-04 7.59400250e-05 5.41139234e-06 9.11214811e-06 6.08072696e-06 2.65106392e-05 4.90871280e-06 1.79634668e-05 5.27481843e-05 3.97937460e-05 2.18031753e-05 5.33124243e-05 4.15100279e-05 1.43162208e-05 6.10453870e-05 7.64355606e-05 9.50105241e-06 5.05936221e-05 1.49583109e-04 2.95740523e-05 3.13674865e-04 4.26334714e-04 1.70533886e-05 2.48461199e-04 6.35727716e-05 3.91635927e-05 4.64839959e-04 6.47732664e-04 1.12516419e-04 3.73198153e-04 9.01268077e-05 3.04522151e-05 6.77661445e-05 3.62792655e-05 1.10393481e-06 1.75782748e-08 6.10828943e-10
 1992 10 05 12 00 00  3.77575371e-03 2.29376483e-03 1.26948613e-03 9.12830010e-04 6.65953059e-04 3.69313218e-04 2.67873535e-04 2.28825800e-04 4.76379037e-04 1.36193364e-04 3.37641873e-03 5.13371378e-03 2.38063303e-04 6.86122232e-05 4.46370562e-05 1.37598115e-04 4.14467417e-05 7.26068451e-05 1.30339033e-04 7.49289349e-05 1.61001339e-04 1.98333684e-04 1.11130802e-04 7.62513358e-05 5.42817688e-06 9.18472724e-06 6.08771297e-06 2.65891722e-05 4.91088686e-06 1.80119575e-05 5.30436771e-05 3.98908916e-05 2.19946392e-05 5.36509877e-05 4.16371680e-05 1.43499143e-05 6.16272059e-05 7.72702162e-05 9.56142831e-06 5.10457786e-05 1.51341127e-04 2.96558690e-05 3.17242359e-04 4.27504151e-04 1.71001660e-05 2.51515031e-04 6.48840971e-05 3.93223483e-05 4.69980010e-04 6.53094562e-04 1.13299257e-04 3.79256831e-04 9.32950876e-05 3.16036998e-05 7.04227606e-05 3.80493418e-05 1.18357362e-06 2.17074714e-08 9.84599424e-10
 1992 10 06 12 00 00  3.78362854e-03 2.29910186e-03 1.27285257e-03 9.15330180e-04 6.68165710e-04 3.70279324e-04 2.68843548e-04 2.29897683e-04 4.79188688e-04 1.36975827e-04 3.39894062e-03 5.17620370e-03 2.39217667e-04 6.89050019e-05 4.48121390e-05 1.38438873e-04 4.16781259e-05 7.32195389e-05 1.31002396e-04 7.52524880e-05 1.62300516e-04 1.99988312e-04 1.11827686e-04 7.66355563e-05 5.44486902e-06 9.30160822e-06 6.09469280e-06 2.66790458e-05 4.91820429e-06 1.80701761e-05 5.33714108e-05 3.99875251e-05 2.21848153e-05 5.40509378e-05 4.20649274e-05 1.43835961e-05 6.22763952e-05 7.81576776e-05 9.65867366e-06 5.16574829e-05 1.53242608e-04 2.99305830e-05 3.21208278e-04 4.31438227e-04 1.72575291e-05 2.55409118e-04 6.61905447e-05 3.98555130e-05 4.76135788e-04 6.59752765e-04 1.14562534e-04 3.86728547e-04 9.82942589e-05 3.34208476e-05 7.46163179e-05 4.08572080e-05 1.31089989e-06 2.83851676e-08 1.59101390e-09
 1992 10 07 12 00 00  3.79019018e-03 2.30449079e-03 1.27617218e-03 9.17616777e-04 6.70093774e-04 3.71005512e-04 2.69627898e-04 2.30787075e-04 4.81525276e-04 1.37822071e-04 3.41760624e-03 5.20806909e-03 2.40333023e-04 6.93084336e-05 4.50001989e-05 1.39177100e-04 4.18485113e-05 7.36751943e-05 1.31861887e-04 7.58036622e-05 1.63268770e-04 2.01224263e-04 1.12376957e-04 7.69121134e-05 5.45718940e-06 9.29496673e-06 6.09991039e-06 2.67514218e-05 4.93066182e-06 1.81268116e-05 5.36548408e-05 4.00588964e-05 2.23246636e-05 5.43405533e-05 4.27932449e-05 1.44088190e-05 6.28371080e-05 7.88853071e-05 9.65314321e-06 5.21305532e-05 1.54844502e-04 3.03985027e-05 3.23929381e-04 4.38136720e-04 1.75254688e-05 2.59359160e-04 6.71598304e-05 4.07636020e-05 4.82114693e-04 6.66012255e-04 1.16160456e-04 3.89434683e-04 9.80408520e-05 3.33286651e-05 7.44032230e-05 4.07103581e-05 1.30394022e-06 2.79974131e-08 1.55522155e-09
 1992 10 08 12 00 00  3.78410086e-03 2.30025974e-03 1.27351330e-03 9.15614499e-04 6.68305477e-04 3.70255295e-04 2.68870396e-04 2.29945621e-04 4.79340641e-04 1.37190220e-04 3.40009375e-03 5.17619029e-03 2.39417361e-04 6.90542787e-05 4.48584191e-05 1.38494867e-04 4.16480267e-05 7.31826411e-05 1.31281390e-04 7.55083107e-05 1.62258740e-04 1.99940474e-04 1.11832481e-04 7.65527348e-05 5.44297436e-06 9.13544500e-06 6.09453709e-06 2.66690835e-05 4.92417494e-06 1.80756822e-05 5.33730677e-05 3.99769895e-05 2.21582552e-05 5.39764434e-05 4.24128404e-05 1.43832658e-05 6.22987628e-05 7.81626479e-05 9.52041737e-06 5.15426549e-05 1.53273597e-04 3.01493186e-05 3.20386258e-04 4.34632082e-04 1.73852833e-05 2.56027695e-04 6.60898979e-05 4.02810110e-05 4.76878920e-04 6.60154454e-04 1.15050824e-04 3.81229501e-04 9.12474166e-05 3.08592491e-05 6.87040499e-05 3.68903644e-05 1.13042850e-06 1.88756072e-08 7.26295113e-10
 1992 10 09 12 00 00  3.76938990e-03 2.28922159e-03 1.26664298e-03 9.10635183e-04 6.63962035e-04 3.68519795e-04 2.67068504e-04 2.27925654e-04 4.74076170e-04 1.35499293e-04 3.35795236e-03 5.10181338e-03 2.37076758e-04 6.83097707e-05 4.44807035e-05 1.36834566e-04 4.12006222e-05 7.20583485e-05 1.29640025e-04 7.45614001e-05 1.59934587e-04 1.96977339e-04 1.10550918e-04 7.58766077e-05 5.41108857e-06 9.04639892e-06 6.08210248e-06 2.64915266e-05 4.90307866e-06 1.79489236e-05 5.27075127e-05 3.97930096e-05 2.17879540e-05 5.32672676e-05 4.11776622e-05 1.43238678e-05 6.10213568e-05 7.64620120e-05 9.44633430e-06 5.04339450e-05 1.49548947e-04 2.93479738e-05 3.13476759e-04 4.23262155e-04 1.69304862e-05 2.47642379e-04 6.36615325e-05 3.87274515e-05 4.63773025e-04 6.46304962e-04 1.11951244e-04 3.71144656e-04 8.74172201e-05 2.94670639e-05 6.54914586e-05 3.47422532e-05 1.03323114e-06 1.37940438e-08 2.65236322e-10
 1992 10 10 12 00 00  3.75182515e-03 2.28061985e-03 1.26094105e-03 9.05699958e-04 6.59217588e-04 3.66068905e-04 2.64805409e-04 2.25501987e-04 4.67775757e-04 1.34427283e-04 3.30719605e-03 4.99556288e-03 2.35031902e-04 6.82030007e-05 4.42362280e-05 1.35047967e-04 4.05668106e-05 7.04587612e-05 1.29199358e-04 7.48094812e-05 1.56621958e-04 1.92752772e-04 1.08871545e-04 7.51964606e-05 5.36587322e-06 8.90388037e-06 6.06436734e-06 2.63011495e-05 4.90884631e-06 1.78392265e-05 5.19858671e-05 3.95320531e-05 2.12636674e-05 5.24967734e-05 4.15138435e-05 1.42390709e-05 5.96513690e-05 7.44110352e-05 9.32777039e-06 4.95523046e-05 1.45267129e-04 2.95599108e-05 3.04831616e-04 4.26348997e-04 1.70539599e-05 2.41447774e-04 6.02103071e-05 3.91395908e-05 4.52418416e-04 6.34848496e-04 1.10939155e-04 3.56819676e-04 8.12415503e-05 2.72224613e-05 6.03123635e-05 3.12853843e-05 8.77259302e-07 6.09808097e-09 1.00000000e-10
 1992 10 11 12 00 00  3.72940757e-03 2.26470145e-03 1.25096466e-03 8.98319408e-04 6.52697665e-04 3.63351321e-04 2.62039291e-04 2.22423859e-04 4.59753133e-04 1.32038216e-04 3.24290989e-03 4.87868749e-03 2.31614268e-04 6.72251062e-05 4.37018671e-05 1.32561308e-04 3.98690870e-05 6.86985673e-05 1.27006688e-04 7.36417831e-05 1.52978975e-04 1.88104916e-04 1.06890570e-04 7.42585448e-05 5.31610349e-06 8.85376357e-06 6.04485613e-06 2.60421333e-05 4.88281839e-06 1.76551137e-05 5.09923399e-05 3.92448070e-05 2.06864832e-05 5.14887692e-05 3.99899523e-05 1.41457873e-05 5.77490019e-05 7.18253999e-05 9.28609443e-06 4.80729492e-05 1.39646823e-04 2.85716058e-05 2.94716876e-04 4.12321936e-04 1.64928774e-05 2.29513967e-04 5.64121874e-05 3.72235139e-05 4.33356419e-04 6.15094131e-04 1.06759909e-04 3.43909745e-04 7.89583200e-05 2.63928615e-05 5.83994499e-05 3.00235663e-05 8.21410003e-07 4.20583177e-09 1.00000000e-10
 1992 10 12 12 00 00  3.70646088e-03 2.24768219e-03 1.24035566e-03 8.90602966e-04 6.45951711e-04 3.60630515e-04 2.59225338e-04 2.19274141e-04 4.51541342e-04 1.29442211e-04 3.17717518e-03 4.76181246e-03 2.27995880e-04 6.60971439e-05 4.31212711e-05 1.29984242e-04 3.91718524e-05 6.69389497e-05 1.24510327e-04 7.22235069e-05 1.49336238e-04 1.83457821e-04 1.04887030e-04 7.32713472e-05 5.26636359e-06 8.79784420e-06 6.02534747e-06 2.57731085e-05 4.85128694e-06 1.74601626e-05 4.99658673e-05 3.89577355e-05 2.01097224e-05 5.04385788e-05 3.81433289e-05 1.40525080e-05 5.57773647e-05 6.91827214e-05 9.23958723e-06 4.64749245e-05 1.33869545e-04 2.73719052e-05 2.84379961e-04 3.95321538e-04 1.58128615e-05 2.16689754e-04 5.26156742e-05 3.48980073e-05 4.13165115e-04 5.94035782e-04 1.02048080e-04 3.30741361e-04 7.64322091e-05 2.54749660e-05 5.62827136e-05 2.86245382e-05 7.59285831e-07 2.09144417e-09 1.00000000e-10
 1992 10 13 12 00 00  3.68940266e-03 2.23733724e-03 1.23372989e-03 8.85372350e-04 6.41154494e-04 3.58415790e-04 2.57076460e-04 2.16925905e-04 4.45429063e-04 1.27989309e-04 3.12807834e-03 4.66618761e-03 2.25683791e-04 6.56529310e-05 4.27938756e-05 1.28165069e-04 3.86009895e-05 6.54988049e-05 1.23421568e-04 7.18642550e-05 1.46357652e-04 1.79655040e-04 1.03321521e-04 7.26570366e-05 5.22564260e-06 8.81707674e-06 6.00938329e-06 2.55884589e-05 4.84343109e-06 1.73357662e-05 4.92392005e-05 3.87227221e-05 1.96374822e-05 4.97431411e-05 3.76824581e-05 1.39761876e-05 5.43956481e-05 6.72087142e-05 9.25561471e-06 4.56120605e-05 1.29657058e-04 2.70690973e-05 2.76886182e-04 3.91074349e-04 1.56429740e-05 2.09115907e-04 4.95081360e-05 3.43117426e-05 4.00287290e-04 5.81154976e-04 9.98968932e-05 3.22242919e-04 7.70832479e-05 2.57120188e-05 5.68317653e-05 2.90155005e-05 7.78696679e-07 2.84872783e-09 1.00000000e-10
 1992 10 14 12 00 00  3.68461903e-03 2.23578954e-03 1.23261166e-03 8.84196957e-04 6.39929230e-04 3.57680630e-04 2.56439277e-04 2.16261969e-04 4.43709137e-04 1.27861073e-04 3.11416286e-03 4.63431105e-03 2.25256385e-04 6.57586450e-05 4.27630408e-05 1.27708440e-04 3.84073006e-05 6.50145754e-05 1.23562179e-04 7.21698336e-05 1.45359539e-04 1.78382027e-04 1.02836808e-04 7.24923575e-05 5.21185466e-06 8.77413113e-06 6.00404455e-06 2.55392669e-05 4.85035525e-06 1.73123270e-05 4.90512727e-05 3.86431930e-05 1.94770662e-05 4.95453449e-05 3.80871701e-05 1.39507101e-05 5.40455770e-05 6.66413740e-05 9.21992469e-06 4.54469360e-05 1.28505519e-04 2.73286656e-05 2.74454895e-04 3.94796057e-04 1.57918423e-05 2.08063612e-04 4.84609045e-05 3.48155852e-05 3.97883276e-04 5.78857758e-04 1.00078548e-04 3.17773780e-04 7.49540319e-05 2.49387649e-05 5.50506564e-05 2.78626922e-05 7.29286793e-07 1.25101423e-09 1.00000000e-10
 1992 10 15 12 00 00  3.68099308e-03 2.23103203e-03 1.22980595e-03 8.82526093e-04 6.38670463e-04 3.57421896e-04 2.56045983e-04 2.15771211e-04 4.42420785e-04 1.27023879e-04 3.10398321e-03 4.62368540e-03 2.24347387e-04 6.52302794e-05 4.25788598e-05 1.27215349e-04 3.83428996e-05 6.48533693e-05 1.22491928e-04 7.13276386e-05 1.45023740e-04 1.77957964e-04 1.02587819e-04 7.21922732e-05 5.20726899e-06 8.66051560e-06 6.00226558e-06 2.54794749e-05 4.83138538e-06 1.72629934e-05 4.88522381e-05 3.86167434e-05 1.94237407e-05 4.92723353e-05 3.69777379e-05 1.39422191e-05 5.36519708e-05 6.62282552e-05 9.12539981e-06 4.48364341e-05 1.27510833e-04 2.66142335e-05 2.72387612e-04 3.84590284e-04 1.53836114e-05 2.04243552e-04 4.81123861e-05 3.34294222e-05 3.92779782e-04 5.72884789e-04 9.81310401e-05 3.12882456e-04 7.00730308e-05 2.31646216e-05 5.09565893e-05 2.51243716e-05 6.05325349e-07 1.00000000e-10 1.00000000e-10
 1992 10 16 12 00 00  3.68135021e-03 2.23174155e-03 1.23021554e-03 8.82758063e-04 6.38837839e-04 3.57428382e-04 2.56081655e-04 2.15823558e-04 4.42554051e-04 1.27158501e-04 3.10499022e-03 4.62368764e-03 2.24480399e-04 6.53319369e-05 4.26100614e-05 1.27282085e-04 3.83472710e-05 6.48587302e-05 1.22707178e-04 7.14955444e-05 1.45029751e-04 1.77964915e-04 1.02605493e-04 7.22343913e-05 5.20754402e-06 8.67581475e-06 6.00228850e-06 2.54883148e-05 4.83488438e-06 1.72710489e-05 4.88769104e-05 3.86182714e-05 1.94275985e-05 4.93096137e-05 3.71841044e-05 1.39422671e-05 5.37029418e-05 6.62734934e-05 9.13812473e-06 4.49313877e-05 1.27633651e-04 2.67543248e-05 2.72618045e-04 3.86497704e-04 1.54599082e-05 2.04863157e-04 4.81270050e-05 3.36997444e-05 3.93595659e-04 5.73850169e-04 9.84970817e-05 3.13499893e-04 7.07571200e-05 2.34132099e-05 5.15299332e-05 2.55042233e-05 6.22258980e-07 1.00000000e-10 1.00000000e-10
 1992 10 17 12 00 00  3.68310119e-03 2.23252201e-03 1.23074402e-03 8.83259513e-04 6.39341166e-04 3.57681941e-04 2.56314481e-04 2.16073724e-04 4.43194249e-04 1.27253456e-04 3.11011115e-03 4.63431664e-03 2.24678208e-04 6.53429039e-05 4.26343427e-05 1.27471827e-04 3.84199229e-05 6.50300528e-05 1.22773446e-04 7.14672788e-05 1.45374637e-04 1.78402091e-04 1.02778031e-04 7.23592611e-05 5.21264919e-06 8.76765844e-06 6.00411004e-06 2.55150200e-05 4.83380609e-06 1.72833971e-05 4.89546429e-05 3.86476138e-05 1.94882043e-05 4.94374179e-05 3.71237460e-05 1.39508469e-05 5.38532073e-05 6.64942136e-05 9.21451792e-06 4.51208279e-05 1.28099114e-04 2.67266936e-05 2.73919296e-04 3.85956552e-04 1.54382621e-05 2.05547326e-04 4.85031225e-05 3.36438068e-05 3.94829940e-04 5.75329745e-04 9.86091696e-05 3.17600846e-04 7.48252331e-05 2.48915957e-05 5.49400867e-05 2.77685293e-05 7.23565839e-07 9.83726522e-10 1.00000000e-10
 1992 10 18 12 00 00  3.69441580e-03 2.23923755e-03 1.23506091e-03 8.86720407e-04 6.42542919e-04 3.59165620e-04 2.57748166e-04 2.17639153e-04 4.47259616e-04 1.28190526e-04 3.14273902e-03 4.69807051e-03 2.26193743e-04 6.56246365e-05 4.28479361e-05 1.28685601e-04 3.88087501e-05 6.60002755e-05 1.23490310e-04 7.16791605e-05 1.47373481e-04 1.80950406e-04 1.03823533e-04 7.28425909e-05 5.24031639e-06 8.86144044e-06 6.01479551e-06 2.56464504e-05 4.83804470e-06 1.73664759e-05 4.94417534e-05 3.88071785e-05 1.98103182e-05 4.99655689e-05 3.73748771e-05 1.40018179e-05 5.47832251e-05 6.78203928e-05 9.29249218e-06 4.58257756e-05 1.30928615e-04 2.69020122e-05 2.79474785e-04 3.88283739e-04 1.55313496e-05 2.10590996e-04 5.06024284e-05 3.39811435e-05 4.03391308e-04 5.84208472e-04 1.00000763e-04 3.26920143e-04 7.92001962e-05 2.64809868e-05 5.86038203e-05 3.01721599e-05 8.28995309e-07 4.51052458e-09 1.00000000e-10
 1992 10 19 12 00 00  3.70739047e-03 2.24938205e-03 1.24134688e-03 8.91232790e-04 6.46456598e-04 3.60665092e-04 2.59333508e-04 2.19429443e-04 4.51915936e-04 1.29771321e-04 3.17992732e-03 4.76182699e-03 2.28333211e-04 6.63680235e-05 4.32038310e-05 1.30184487e-04 3.92024376e-05 6.69764588e-05 1.25133978e-04 7.26621656e-05 1.49381491e-04 1.83506443e-04 1.04943084e-04 7.35372236e-05 5.26828881e-06 9.04999833e-06 6.02550608e-06 2.58156962e-05 4.85942837e-06 1.74842897e-05 5.00425850e-05 3.89684457e-05 2.01367162e-05 5.06736012e-05 3.86301137e-05 1.40528413e-05 5.59440983e-05 6.93369540e-05 9.44931307e-06 4.70032535e-05 1.34275690e-04 2.77296320e-05 2.86150036e-04 3.99854885e-04 1.59941954e-05 2.18490912e-04 5.27179684e-05 3.55829165e-05 4.15528221e-04 5.97443552e-04 1.03042444e-04 3.39597605e-04 8.76810038e-05 2.95626856e-05 6.57108575e-05 3.48742164e-05 1.03813829e-06 1.39698884e-08 2.79129031e-10
 1992 10 20 12 00 00  3.71633882e-03 2.25390800e-03 1.24433285e-03 8.93822202e-04 6.48949842e-04 3.61907869e-04 2.60491831e-04 2.20677175e-04 4.55143045e-04 1.30353460e-04 3.20586213e-03 4.81496006e-03 2.29408204e-04 6.64663866e-05 4.33395739e-05 1.31125654e-04 3.95370618e-05 6.77979668e-05 1.25474350e-04 7.26072351e-05 1.51062169e-04 1.85646888e-04 1.05799138e-04 7.39525744e-05 5.29201134e-06 9.19960294e-06 6.03446497e-06 2.59240218e-05 4.85751079e-06 1.75452525e-05 5.04259645e-05 3.91051290e-05 2.04144962e-05 5.11262887e-05 3.85221385e-05 1.40954347e-05 5.66709725e-05 7.04074857e-05 9.57371230e-06 4.75846929e-05 1.36532207e-04 2.76774168e-05 2.91016681e-04 3.98883310e-04 1.59553324e-05 2.21960149e-04 5.45028306e-05 3.54780146e-05 4.21749274e-04 6.04005465e-04 1.03729784e-04 3.49828840e-04 9.45846143e-05 3.20708783e-05 7.14933481e-05 3.86773208e-05 1.20564676e-06 2.23803934e-08 1.03336317e-09
 1992 10 21 12 00 00  3.72474652e-03 2.26010056e-03 1.24819828e-03 8.96684563e-04 6.51481649e-04 3.62915565e-04 2.61533161e-04 2.21844853e-04 4.58169134e-04 1.31301865e-04 3.23004701e-03 4.85746823e-03 2.30736071e-04 6.68902929e-05 4.35545938e-05 1.32093802e-04 3.98101984e-05 6.84618426e-05 1.26437818e-04 7.31398759e-05 1.52414119e-04 1.87367882e-04 1.06540606e-04 7.43963880e-05 5.31133264e-06 9.32366238e-06 6.04166125e-06 2.60351836e-05 4.86883400e-06 1.76203728e-05 5.08182057e-05 3.92163725e-05 2.06415192e-05 5.15836770e-05 3.91884882e-05 1.41295648e-05 5.74206176e-05 7.14059059e-05 9.67686137e-06 4.83175304e-05 1.38725797e-04 2.81236804e-05 2.95420872e-04 4.05034561e-04 1.62013824e-05 2.26843617e-04 5.59489068e-05 3.63403175e-05 4.29427164e-04 6.12333680e-04 1.05516659e-04 3.58465633e-04 1.00365434e-04 3.41710203e-05 7.63345000e-05 4.18542341e-05 1.34505491e-06 2.93395047e-08 1.65636251e-09
 1992 10 22 12 00 00  3.73112016e-03 2.26484771e-03 1.25115756e-03 8.98878126e-04 6.53423474e-04 3.63677545e-04 2.62323827e-04 2.22733427e-04 4.60466971e-04 1.32033279e-04 3.24840260e-03 4.88935336e-03 2.31753409e-04 6.72245274e-05 4.37208089e-05 1.32837052e-04 4.00213641e-05 6.89674867e-05 1.27199447e-04 7.35650770e-05 1.53437824e-04 1.88668678e-04 1.07102906e-04 7.47860552e-05 5.32622034e-06 9.48651286e-06 6.04709057e-06 2.61260202e-05 4.87779835e-06 1.76790086e-05 5.11233648e-05 3.93020222e-05 2.08173573e-05 5.19758953e-05 3.97165073e-05 1.41552329e-05 5.80035555e-05 7.21735895e-05 9.81230041e-06 4.89724116e-05 1.40417730e-04 2.84793117e-05 2.99135667e-04 4.09911422e-04 1.63964569e-05 2.30679830e-04 5.70545904e-05 3.70270864e-05 4.35388838e-04 6.19013817e-04 1.06923456e-04 3.67246805e-04 1.07696637e-04 3.68349693e-05 8.24780430e-05 4.59179832e-05 1.52574439e-06 3.85443713e-08 2.48535983e-09
 1992 10 23 12 00 00  3.73758071e-03 2.26978966e-03 1.25422841e-03 9.01125815e-04 6.55397742e-04 3.64437895e-04 2.63121116e-04 2.23632543e-04 4.62794655e-04 1.32801078e-04 3.26698491e-03 4.92123589e-03 2.32805431e-04 6.75848007e-05 4.38950639e-05 1.33593274e-04 4.02300939e-05 6.94701390e-05 1.28009923e-04 7.40342308e-05 1.54451337e-04 1.89965566e-04 1.07667683e-04 7.49840073e-05 5.34095489e-06 9.37161894e-06 6.05250789e-06 2.61997127e-05 4.88775004e-06 1.77391008e-05 5.14236560e-05 3.93868133e-05 2.09910475e-05 5.22057937e-05 4.03023121e-05 1.41808749e-05 5.85669499e-05 7.29335907e-05 9.71664995e-06 4.92817269e-05 1.42102229e-04 2.88722134e-05 3.01456451e-04 4.15319854e-04 1.66127942e-05 2.34473153e-04 5.81521017e-05 3.77861579e-05 4.41515784e-04 6.25023726e-04 1.08419283e-04 3.67260356e-04 1.03201774e-04 3.52001362e-05 7.87003859e-05 4.33315569e-05 1.40434939e-06 3.18666252e-08 1.87101641e-09
 1992 10 24 12 00 00  3.73798983e-03 2.27051202e-03 1.25464753e-03 9.01398307e-04 6.55619876e-04 3.64459683e-04 2.63169976e-04 2.23700209e-04 4.62954730e-04 1.32939634e-04 3.26820953e-03 4.92124557e-03 2.32946431e-04 6.76914926e-05 4.39276855e-05 1.33681939e-04 4.02509730e-05 6.94957387e-05 1.28245261e-04 7.42072240e-05 1.54478969e-04 1.89998754e-04 1.07696134e-04 7.50590164e-05 5.34226929e-06 9.42029146e-06 6.05261594e-06 2.62159757e-05 4.89122067e-06 1.77505140e-05 5.14658482e-05 3.93941184e-05 2.10094702e-05 5.22728146e-05 4.05078463e-05 1.41811004e-05 5.86404581e-05 7.30069402e-05 9.75709336e-06 4.94327123e-05 1.42295471e-04 2.90154334e-05 3.01956822e-04 4.17224185e-04 1.66889674e-05 2.35237716e-04 5.82219276e-05 3.80617828e-05 4.42585649e-04 6.26354627e-04 1.08826915e-04 3.69385002e-04 1.05644010e-04 3.60870094e-05 8.07429135e-05 4.46501380e-05 1.46060879e-06 3.45497128e-08 2.10786055e-09
 1992 10 25 12 00 00  3.74006096e-03 2.27192927e-03 1.25554108e-03 9.02101731e-04 6.56265242e-04 3.64721123e-04 2.63433798e-04 2.23994696e-04 4.63708227e-04 1.33153787e-04 3.27422650e-03 4.93187793e-03 2.33259845e-04 6.77850618e-05 4.39774675e-05 1.33928779e-04 4.03299375e-05 6.96747971e-05 1.28474411e-04 7.43167941e-05 1.54835294e-04 1.90445992e-04 1.07885713e-04 7.53070301e-05 5.34777173e-06 9.64277860e-06 6.05447021e-06 2.62585700e-05 4.89331833e-06 1.77702121e-05 5.15749577e-05 3.94256727e-05 2.10756523e-05 5.25047823e-05 4.06328210e-05 1.41897501e-05 5.88514759e-05 7.32765614e-05 9.94216171e-06 4.98613028e-05 1.42886906e-04 2.91053235e-05 3.04072980e-04 4.18385652e-04 1.67354261e-05 2.36557518e-04 5.86191658e-05 3.82342434e-05 4.44542193e-04 6.29055125e-04 1.09243665e-04 3.77850470e-04 1.15441633e-04 3.96476758e-05 8.89568477e-05 5.01116157e-05 1.70550593e-06 4.71845112e-08 3.24992904e-09
 1992 10 26 12 00 00  3.74765931e-03 2.27650145e-03 1.25847382e-03 9.04445034e-04 6.58429290e-04 3.65713979e-04 2.64396262e-04 2.25047235e-04 4.66439246e-04 1.33796509e-04 3.29614458e-03 4.97438200e-03 2.34288292e-04 6.79855343e-05 4.41237474e-05 1.34749842e-04 4.05928819e-05 7.03261816e-05 1.28979098e-04 7.44786405e-05 1.56174974e-04 1.92150777e-04 1.08587014e-04 7.57024593e-05 5.36645057e-06 9.79975521e-06 6.06161339e-06 2.63543009e-05 4.89660415e-06 1.78272301e-05 5.19094498e-05 3.95333569e-05 2.12936764e-05 5.29191255e-05 4.08271822e-05 1.42237725e-05 5.94914709e-05 7.41760554e-05 1.00727280e-05 5.04666291e-05 1.44809864e-04 2.92396435e-05 3.08296485e-04 4.20185030e-04 1.68074012e-05 2.40082923e-04 6.00311439e-05 3.84929590e-05 4.50396941e-04 6.35428526e-04 1.10222066e-04 3.87122898e-04 1.22421072e-04 4.21840015e-05 9.48070285e-05 5.39926185e-05 1.87889422e-06 5.60810875e-08 4.05282989e-09
 1992 10 27 12 00 00  3.75998686e-03 2.28534459e-03 1.26401002e-03 9.08540819e-04 6.62048252e-04 3.67203205e-04 2.65918731e-04 2.26745106e-04 4.70858050e-04 1.35131371e-04 3.33152356e-03 5.03813513e-03 2.36186402e-04 6.85468240e-05 4.44236664e-05 1.36131027e-04 4.09802509e-05 7.12946116e-05 1.30243353e-04 7.51597108e-05 1.58170749e-04 1.94696771e-04 1.09675383e-04 7.62275313e-05 5.39402536e-06 9.83121427e-06 6.07229085e-06 2.64996145e-05 4.91153878e-06 1.79307564e-05 5.24612893e-05 3.96924093e-05 2.16145010e-05 5.34819022e-05 4.17031173e-05 1.42747274e-05 6.05471306e-05 7.56063211e-05 1.00988618e-05 5.13012697e-05 1.47928365e-04 2.98140425e-05 3.13903437e-04 4.28255746e-04 1.71302298e-05 2.46778559e-04 6.21255720e-05 3.96052841e-05 4.61082037e-04 6.46533180e-04 1.12608792e-04 3.94543805e-04 1.24043669e-04 4.27731404e-05 9.61634185e-05 5.48631253e-05 1.91565234e-06 5.78032882e-08 4.20398969e-09
 1992 10 28 12 00 00  3.76653163e-03 2.28771267e-03 1.26567796e-03 9.10219670e-04 6.63770890e-04 3.68190174e-04 2.66787544e-04 2.27657662e-04 4.73217132e-04 1.35360938e-04 3.35056981e-03 5.08064032e-03 2.36815870e-04 6.84524653e-05 4.44790089e-05 1.36775265e-04 4.12446505e-05 7.19477830e-05 1.30160157e-04 7.48279388e-05 1.59509118e-04 1.96403875e-04 1.10332045e-04 7.64566699e-05 5.41279624e-06 9.88226238e-06 6.07944166e-06 2.65695595e-05 4.90377170e-06 1.79663821e-05 5.27253958e-05 3.98005970e-05 2.18338144e-05 5.37557591e-05 4.12506750e-05 1.43087644e-05 6.10390269e-05 7.63884158e-05 1.01413010e-05 5.15460720e-05 1.49533038e-04 2.95301666e-05 3.17205761e-04 4.24103077e-04 1.69641231e-05 2.48470686e-04 6.35424280e-05 3.90529516e-05 4.64710183e-04 6.50036525e-04 1.12539546e-04 4.00290488e-04 1.26459540e-04 4.36507329e-05 9.81860132e-05 5.61857636e-05 1.97334994e-06 6.06567440e-08 4.45872352e-09
 1992 10 29 12 00 00  3.77332058e-03 2.29616835e-03 1.27068713e-03 9.13284952e-04 6.66136398e-04 3.68716111e-04 2.67542335e-04 2.28589193e-04 4.75646987e-04 1.36840492e-04 3.36974720e-03 5.10189682e-03 2.38452758e-04 6.93828403e-05 4.48080481e-05 1.37699841e-04 4.13860776e-05 7.22856785e-05 1.32075102e-04 7.62954180e-05 1.60186573e-04 1.97272110e-04 1.10816678e-04 7.67454568e-05 5.42276248e-06 9.72677808e-06 6.08306436e-06 2.66594135e-05 4.93626139e-06 1.80575978e-05 5.30864724e-05 3.98579228e-05 2.19516136e-05 5.40423141e-05 4.31542285e-05 1.43258832e-05 6.17333475e-05 7.71620191e-05 1.00118974e-05 5.21689253e-05 1.51392612e-04 3.07703653e-05 3.19280541e-04 4.41632001e-04 1.76652800e-05 2.55111856e-04 6.42817176e-05 4.14562353e-05 4.74085044e-04 6.59816183e-04 1.15997941e-04 3.98227994e-04 1.20102003e-04 4.13391386e-05 9.28480076e-05 5.25718034e-05 1.80660131e-06 5.16943587e-08 3.63930077e-09
 1992 10 30 12 00 00  3.77078539e-03 2.29078170e-03 1.26760025e-03 9.11698253e-04 6.65109866e-04 3.68712960e-04 2.67325229e-04 2.28261972e-04 4.74764925e-04 1.35833576e-04 3.36290807e-03 5.10190427e-03 2.37485998e-04 6.86730613e-05 4.45888553e-05 1.37288167e-04 4.14016104e-05 7.23047182e-05 1.30682362e-04 7.51027314e-05 1.60202203e-04 1.97296804e-04 1.10715518e-04 7.64502771e-05 5.42374037e-06 9.61411497e-06 6.08314549e-06 2.66100556e-05 4.90913626e-06 1.80079801e-05 5.29275222e-05 3.98633623e-05 2.19653215e-05 5.37957080e-05 4.15694667e-05 1.43260520e-05 6.13999055e-05 7.69024806e-05 9.91813431e-06 5.14897299e-05 1.50680193e-04 2.97564548e-05 3.17844961e-04 4.27061996e-04 1.70824799e-05 2.50823291e-04 6.43336680e-05 3.94876493e-05 4.68859341e-04 6.53481785e-04 1.13489897e-04 3.94593994e-04 1.15473037e-04 3.96561058e-05 8.89617620e-05 4.99438916e-05 1.68557522e-06 4.52062707e-08 3.04651877e-09
 1992 10 31 12 00 00  3.76963048e-03 2.29107537e-03 1.26769673e-03 9.11597674e-04 6.64930142e-04 3.68485680e-04 2.67162528e-04 2.28110931e-04 4.74361818e-04 1.35945745e-04 3.35956017e-03 5.09128571e-03 2.37499820e-04 6.88278944e-05 4.46151721e-05 1.37227125e-04 4.13532311e-05 7.21631455e-05 1.30989729e-04 7.53996312e-05 1.59886702e-04 1.96898188e-04 1.10581295e-04 7.63453026e-05 5.42016314e-06 9.47369699e-06 6.08144983e-06 2.65979002e-05 4.91536666e-06 1.80116016e-05 5.28990757e-05 3.98425182e-05 2.19261303e-05 5.36912503e-05 4.19366086e-05 1.43177356e-05 6.13386149e-05 7.67753177e-05 9.80130644e-06 5.13606196e-05 1.50468072e-04 3.00045300e-05 3.16634079e-04 4.30453891e-04 1.72181556e-05 2.51162395e-04 6.40387065e-05 3.99665587e-05 4.69158982e-04 6.53538828e-04 1.13996473e-04 3.89451985e-04 1.09469175e-04 3.74737576e-05 8.39253897e-05 4.65714327e-05 1.53262754e-06 3.71833856e-08 2.31790800e-09
 1992 11 01 12 00 00  3.76559891e-03 2.28818708e-03 1.26589053e-03 9.10296075e-04 6.63800104e-04 3.68003426e-04 2.66672112e-04 2.27567078e-04 4.72932016e-04 1.35515340e-04 3.34806718e-03 5.07004149e-03 2.36888019e-04 6.86616985e-05 4.45213301e-05 1.36796751e-04 4.12389985e-05 7.18585798e-05 1.30635358e-04 7.52023072e-05 1.59238950e-04 1.96073191e-04 1.10229597e-04 7.61462040e-05 5.41190857e-06 9.41720791e-06 6.07796719e-06 2.65520514e-05 4.91054743e-06 1.79809731e-05 5.27264163e-05 3.97947093e-05 2.18323286e-05 5.34871547e-05 4.16570692e-05 1.43009122e-05 6.10019284e-05 7.63239736e-05 9.75430958e-06 5.10377426e-05 1.49496764e-04 2.98340456e-05 3.14631648e-04 4.27894366e-04 1.71157746e-05 2.49064505e-04 6.33903546e-05 3.96338117e-05 4.65924251e-04 6.50030545e-04 1.13292918e-04 3.85783436e-04 1.07050659e-04 3.65946584e-05 8.18966550e-05 4.52133923e-05 1.47106912e-06 3.39567180e-08 2.02493382e-09
 1992 11 02 12 00 00  3.76109681e-03 2.28434961e-03 1.26353874e-03 9.08694691e-04 6.62460586e-04 3.67513095e-04 2.66136701e-04 2.26957542e-04 4.71332781e-04 1.34906399e-04 3.33526310e-03 5.04879430e-03 2.36102211e-04 6.83670667e-05 4.43879239e-05 1.36282479e-04 4.11194167e-05 7.15474656e-05 1.30020910e-04 7.47912156e-05 1.58583311e-04 1.95239680e-04 1.09854856e-04 7.58779713e-05 5.40331748e-06 9.32162584e-06 6.07445763e-06 2.64936708e-05 4.90100429e-06 1.79399525e-05 5.25179536e-05 3.97450320e-05 2.17338093e-05 5.32236471e-05 4.11006768e-05 1.42840305e-05 6.05956012e-05 7.58130960e-05 9.67478336e-06 5.05655909e-05 1.48365295e-04 2.94829690e-05 3.12229598e-04 4.22785077e-04 1.69114031e-05 2.46140714e-04 6.27241272e-05 3.89511464e-05 4.61642135e-04 6.45220877e-04 1.12124478e-04 3.80745384e-04 1.02967594e-04 3.51104931e-05 7.84714940e-05 4.29193176e-05 1.36699116e-06 2.84944903e-08 1.52880162e-09
 1992 11 03 12 00 00  3.75903734e-03 2.28285876e-03 1.26260840e-03 9.08014000e-04 6.61863600e-04 3.67264222e-04 2.65883811e-04 2.26676454e-04 4.70599857e-04 1.34682092e-04 3.32936329e-03 5.03816865e-03 2.35786049e-04 6.82780964e-05 4.43392191e-05 1.36054378e-04 4.10540466e-05 7.13850779e-05 1.29830018e-04 7.46839505e-05 1.58247186e-04 1.94814068e-04 1.09672868e-04 7.57205026e-05 5.39867106e-06 9.21931423e-06 6.07267393e-06 2.64630585e-05 4.89839622e-06 1.79226411e-05 5.24191714e-05 3.97182390e-05 2.16796238e-05 5.30716601e-05 4.09493281e-05 1.42755292e-05 6.04074998e-05 7.55687696e-05 9.58965393e-06 5.02993112e-05 1.47834619e-04 2.93903810e-05 3.10793312e-04 4.21398928e-04 1.68559571e-05 2.44952764e-04 6.23723492e-05 3.87705048e-05 4.59866795e-04 6.43076584e-04 1.11739213e-04 3.76498325e-04 9.86385769e-05 3.35368290e-05 7.48392960e-05 4.04809389e-05 1.25595972e-06 2.26365710e-08 9.95945815e-10
 1992 11 04 12 00 00  3.74926193e-03 2.27648734e-03 1.25857053e-03 9.04922809e-04 6.59077248e-04 3.66030950e-04 2.64663880e-04 2.25333485e-04 4.67101857e-04 1.33758745e-04 3.30127622e-03 4.98504266e-03 2.34390469e-04 6.79522600e-05 4.41328672e-05 1.34994913e-04 4.07359272e-05 7.05837854e-05 1.29075771e-04 7.43512122e-05 1.56593369e-04 1.92699850e-04 1.08789791e-04 7.54172386e-05 5.37598644e-06 9.31851682e-06 6.06380017e-06 2.63607133e-05 4.89088416e-06 1.78473829e-05 5.19960674e-05 3.95873329e-05 2.14164087e-05 5.27178138e-05 4.05100960e-05 1.42331177e-05 5.96088407e-05 7.44434639e-05 9.67219021e-06 4.98748233e-05 1.45412307e-04 2.91079807e-05 3.06963911e-04 4.17358958e-04 1.66943583e-05 2.40302823e-04 6.06426736e-05 3.82224855e-05 4.52084919e-04 6.35486112e-04 1.10259484e-04 3.74594173e-04 1.02881849e-04 3.50792134e-05 7.83987626e-05 4.28642007e-05 1.36402911e-06 2.83041352e-08 1.51062309e-09
 1992 11 05 12 00 00  3.73904168e-03 2.26920717e-03 1.25401091e-03 9.01549740e-04 6.56097548e-04 3.64791577e-04 2.63402516e-04 2.23929683e-04 4.63445341e-04 1.32664838e-04 3.27195966e-03 4.93191630e-03 2.32829386e-04 6.75047901e-05 4.38890199e-05 1.33857961e-04 4.04144113e-05 6.97783427e-05 1.28076680e-04 7.38154806e-05 1.54930404e-04 1.90580258e-04 1.07885801e-04 7.49430863e-05 5.35308864e-06 9.23302068e-06 6.05490859e-06 2.62373412e-05 4.87883335e-06 1.77625500e-05 5.15355367e-05 3.94552422e-05 2.11501974e-05 5.22190286e-05 3.98052274e-05 1.41906698e-05 5.87299638e-05 7.32565417e-05 9.60105172e-06 4.91153748e-05 1.42830305e-04 2.86536466e-05 3.02012681e-04 4.10874356e-04 1.64349743e-05 2.34777926e-04 5.89016534e-05 3.73410672e-05 4.43330311e-04 6.26221476e-04 1.08341532e-04 3.66762742e-04 9.92647414e-05 3.37643380e-05 7.53638740e-05 4.08267436e-05 1.27124911e-06 2.34087921e-08 1.06531770e-09
 1992 11 06 12 00 00  3.73076234e-03 2.26321308e-03 1.25026408e-03 8.98781175e-04 6.53653055e-04 3.63792829e-04 2.62379954e-04 2.22788332e-04 4.60478269e-04 1.31756753e-04 3.24818755e-03 4.88941111e-03 2.31546198e-04 6.71205093e-05 4.36859258e-05 1.32924184e-04 4.01500176e-05 6.91251829e-05 1.27217176e-04 7.33448134e-05 1.53591147e-04 1.88873148e-04 1.07154436e-04 7.45585347e-05 5.33431812e-06 9.17094658e-06 6.04775851e-06 2.61352515e-05 4.86839417e-06 1.76915245e-05 5.11558108e-05 3.93470516e-05 2.09308870e-05 5.18140749e-05 3.91936861e-05 1.41566314e-05 5.80089756e-05 7.22870387e-05 9.54940115e-06 4.84953815e-05 1.40711626e-04 2.82557128e-05 2.98010179e-04 4.05243526e-04 1.62097411e-05 2.30173652e-04 5.74847974e-05 3.65698419e-05 4.36038056e-04 6.18518998e-04 1.06704015e-04 3.60601613e-04 9.66504140e-05 3.28139604e-05 7.31701520e-05 3.93523688e-05 1.20399311e-06 1.98513362e-08 7.41489670e-10
 1992 11 07 12 00 00  3.72152998e-03 2.25805486e-03 1.24691922e-03 8.96023006e-04 6.51063483e-04 3.62551769e-04 2.61200919e-04 2.21509345e-04 4.57161822e-04 1.31058687e-04 3.22151639e-03 4.83627990e-03 2.30363586e-04 6.69494681e-05 4.35275188e-05 1.31943831e-04 3.98192700e-05 6.83084247e-05 1.26754734e-04 7.32748013e-05 1.51919732e-04 1.86738870e-04 1.06288211e-04 7.42445632e-05 5.31084006e-06 9.19273589e-06 6.03881890e-06 2.60343504e-05 4.86706012e-06 1.76255314e-05 5.07577194e-05 3.92117276e-05 2.06565324e-05 5.14485869e-05 3.91141919e-05 1.41140816e-05 5.72646571e-05 7.12003275e-05 9.56753211e-06 4.80842151e-05 1.38402538e-04 2.81983346e-05 2.93925618e-04 4.04504558e-04 1.61801823e-05 2.26354789e-04 5.57129155e-05 3.64597945e-05 4.29284045e-04 6.11888299e-04 1.05759250e-04 3.56158826e-04 9.75550391e-05 3.31428470e-05 7.39294646e-05 3.98644968e-05 1.22748424e-06 2.11036337e-08 8.55729887e-10
 1992 11 08 12 00 00  3.71144156e-03 2.25112303e-03 1.24255631e-03 8.92723649e-04 6.48109432e-04 3.61303096e-04 2.59944244e-04 2.20115157e-04 4.53541742e-04 1.30027938e-04 3.19249813e-03 4.78314757e-03 2.28859019e-04 6.65408716e-05 4.32958571e-05 1.30817455e-04 3.94865900e-05 6.74892915e-05 1.25817569e-04 7.28076324e-05 1.50244077e-04 1.84601509e-04 1.05384094e-04 7.38154372e-05 5.28723904e-06 9.15673663e-06 6.02986947e-06 2.59135492e-05 4.85684868e-06 1.75417265e-05 5.03006882e-05 3.90757254e-05 2.03804637e-05 5.09853336e-05 3.85150721e-05 1.40715129e-05 5.64006371e-05 7.00157701e-05 9.53758499e-06 4.74179255e-05 1.35827784e-04 2.78046035e-05 2.89220597e-04 3.98983248e-04 1.59593299e-05 2.21058465e-04 5.39345376e-05 3.56975099e-05 4.20694482e-04 6.02992090e-04 1.03965796e-04 3.49732347e-04 9.59919862e-05 3.25747491e-05 7.26186943e-05 3.89900221e-05 1.18805881e-06 1.90532639e-08 6.69973010e-10
 1992 11 09 12 00 00  3.70769750e-03 2.24900534e-03 1.24118606e-03 8.91584066e-04 6.47034340e-04 3.60798064e-04 2.59463413e-04 2.19592238e-04 4.52192657e-04 1.29737729e-04 3.18164877e-03 4.76189107e-03 2.28373148e-04 6.64636584e-05 4.32298499e-05 1.30409564e-04 3.93451686e-05 6.71514019e-05 1.25610115e-04 7.27666775e-05 1.49563774e-04 1.83733302e-04 1.05030685e-04 7.36757065e-05 5.27727316e-06 9.15397686e-06 6.02624641e-06 2.58691601e-05 4.85609198e-06 1.75130194e-05 5.01304216e-05 3.90184025e-05 2.02626703e-05 5.08258725e-05 3.84698156e-05 1.40543940e-05 5.60882642e-05 6.95635638e-05 9.53529452e-06 4.72285804e-05 1.34859459e-04 2.77712330e-05 2.87463843e-04 3.98561645e-04 1.59424658e-05 2.19418335e-04 5.31952712e-05 3.56336415e-05 4.17805809e-04 6.00111927e-04 1.03543363e-04 3.47460387e-04 9.58426519e-05 3.25205416e-05 7.24939563e-05 3.89107642e-05 1.18477175e-06 1.89041071e-08 6.57019417e-10
 1992 11 10 12 00 00  3.70969270e-03 2.25044347e-03 1.24208534e-03 8.92219829e-04 6.47579230e-04 3.61032920e-04 2.59703626e-04 2.19858585e-04 4.52898013e-04 1.29951486e-04 3.18731101e-03 4.77251038e-03 2.28676377e-04 6.65460458e-05 4.32765807e-05 1.30616616e-04 3.93954921e-05 6.72953553e-05 1.25784617e-04 7.28651998e-05 1.49879895e-04 1.84135011e-04 1.05202145e-04 7.37933230e-05 5.28097262e-06 9.21205792e-06 6.02795226e-06 2.58919429e-05 4.85850178e-06 1.75270004e-05 5.02103172e-05 3.90399277e-05 2.03035757e-05 5.09425100e-05 3.86095984e-05 1.40627322e-05 5.62518717e-05 6.97800894e-05 9.58362725e-06 4.74250212e-05 1.35320906e-04 2.78563908e-05 2.88575404e-04 3.99841452e-04 1.59936581e-05 2.20438435e-04 5.34967345e-05 3.57998681e-05 4.19325142e-04 6.01860536e-04 1.03882344e-04 3.50100862e-04 9.82541944e-05 3.33972852e-05 7.45181202e-05 4.02759535e-05 1.24739012e-06 2.22420603e-08 9.61518509e-10
 1992 11 11 12 00 00  3.71758897e-03 2.25575205e-03 1.24543662e-03 8.94738299e-04 6.49824520e-04 3.62011024e-04 2.60681910e-04 2.20939250e-04 4.55720526e-04 1.30729476e-04 3.20994779e-03 4.81500626e-03 2.29829210e-04 6.68359152e-05 4.34506921e-05 1.31470536e-04 3.96399846e-05 6.79241144e-05 1.26445834e-04 7.31816224e-05 1.51192049e-04 1.85810476e-04 1.05906721e-04 7.40855170e-05 5.29849058e-06 9.19531958e-06 6.03499902e-06 2.59768064e-05 4.86561221e-06 1.75874392e-05 5.05464852e-05 3.91411508e-05 2.05053220e-05 5.12664934e-05 3.90255300e-05 1.40965523e-05 5.68996509e-05 7.06793795e-05 9.56970543e-06 4.78638478e-05 1.37256714e-04 2.81246728e-05 2.91935221e-04 4.03668203e-04 1.61467281e-05 2.24306895e-04 5.48470183e-05 3.63203115e-05 4.25634655e-04 6.08245751e-04 1.05154706e-04 3.53482479e-04 9.75132052e-05 3.31280031e-05 7.38969672e-05 3.98634629e-05 1.22893094e-06 2.12925638e-08 8.75766570e-10
 1992 11 12 12 00 00  3.71954486e-03 2.25703894e-03 1.24625191e-03 8.95357857e-04 6.50380622e-04 3.62255348e-04 2.60925259e-04 2.21207732e-04 4.56421223e-04 1.30916797e-04 3.21556069e-03 4.82563004e-03 2.30111033e-04 6.69048816e-05 4.34931035e-05 1.31681824e-04 3.97009862e-05 6.80811645e-05 1.26606417e-04 7.32544577e-05 1.51517121e-04 1.86229150e-04 1.06082027e-04 7.40787178e-05 5.30286161e-06 9.08162328e-06 6.03676053e-06 2.59905800e-05 4.86717800e-06 1.76022026e-05 5.06251498e-05 3.91664158e-05 2.05556498e-05 5.12802401e-05 3.91175621e-05 1.41050070e-05 5.70474490e-05 7.08966873e-05 9.47510271e-06 4.78266138e-05 1.37725298e-04 2.81858433e-05 2.92209809e-04 4.04517139e-04 1.61806856e-05 2.25171441e-04 5.51841804e-05 3.64385894e-05 4.27178605e-04 6.09464212e-04 1.05459418e-04 3.50900062e-04 9.27006733e-05 3.13785775e-05 6.98591145e-05 3.71529955e-05 1.10552721e-06 1.47831825e-08 2.83684543e-10
 1992 11 13 12 00 00  3.72493383e-03 2.25988134e-03 1.24811258e-03 8.96913058e-04 6.51850219e-04 3.62989368e-04 2.61613786e-04 2.21949753e-04 4.58352688e-04 1.31287352e-04 3.23110440e-03 4.85750437e-03 2.30771323e-04 6.69718028e-05 4.35772209e-05 1.32236330e-04 3.98888486e-05 6.85582461e-05 1.26806489e-04 7.32387998e-05 1.52505596e-04 1.87492890e-04 1.06589813e-04 7.42232124e-05 5.31628320e-06 9.02683678e-06 6.04206907e-06 2.60429419e-05 4.86677163e-06 1.76372512e-05 5.08445356e-05 3.92439018e-05 2.07109217e-05 5.14606777e-05 3.90941277e-05 1.41304205e-05 5.74622036e-05 7.15171468e-05 9.42950574e-06 4.79892024e-05 1.39029308e-04 2.81721208e-05 2.94339224e-04 4.04303338e-04 1.61721335e-05 2.27161146e-04 5.62119181e-05 3.64116888e-05 4.30820166e-04 6.12872956e-04 1.05883894e-04 3.52160991e-04 9.04612538e-05 3.05643242e-05 6.79788123e-05 3.58798752e-05 1.04677782e-06 1.16249684e-08 1.00000000e-10
 1992 11 14 12 00 00  3.72781031e-03 2.26306184e-03 1.25001513e-03 8.98115568e-04 6.52802803e-04 3.63243942e-04 2.61941802e-04 2.22343277e-04 4.59380992e-04 1.31830090e-04 3.23925147e-03 4.86812964e-03 2.31397702e-04 6.72948886e-05 4.36979705e-05 1.32606446e-04 3.99542158e-05 6.87206397e-05 1.27476883e-04 7.37360446e-05 1.52839717e-04 1.87918502e-04 1.06807037e-04 7.43860525e-05 5.32092963e-06 9.03795226e-06 6.04385277e-06 2.60828022e-05 4.87780308e-06 1.76714818e-05 5.09902752e-05 3.92706948e-05 2.07651057e-05 5.16184483e-05 3.97403230e-05 1.41389231e-05 5.77469738e-05 7.18457282e-05 9.43873456e-06 4.83092057e-05 1.39796580e-04 2.85925373e-05 2.95610812e-04 4.10253057e-04 1.64101223e-05 2.29660794e-04 5.65636903e-05 3.72264942e-05 4.34357604e-04 6.16743048e-04 1.07099794e-04 3.53790483e-04 9.10738572e-05 3.07866736e-05 6.84903566e-05 3.62037337e-05 1.06011896e-06 1.22228752e-08 4.66227945e-11
 1992 11 15 12 00 00  3.74036276e-03 2.26963998e-03 1.25432700e-03 9.01734044e-04 6.56229293e-04 3.64956859e-04 2.63547628e-04 2.24073723e-04 4.63883662e-04 1.32685460e-04 3.27547028e-03 4.94250245e-03 2.32930803e-04 6.74480922e-05 4.38932491e-05 1.33899031e-04 4.03928861e-05 6.98342163e-05 1.27946458e-04 7.36935763e-05 1.55150143e-04 1.90867747e-04 1.07991120e-04 7.48206955e-05 5.35226573e-06 9.04986227e-06 6.05624155e-06 2.62139095e-05 4.87655816e-06 1.77529557e-05 5.15034552e-05 3.94516188e-05 2.11276958e-05 5.21227679e-05 3.96692863e-05 1.41982251e-05 5.87262674e-05 7.32988527e-05 9.44862331e-06 4.88665502e-05 1.42847931e-04 2.85541260e-05 3.01283933e-04 4.09608787e-04 1.63843515e-05 2.34361012e-04 5.89628296e-05 3.71504604e-05 4.42825016e-04 6.25092913e-04 1.08078624e-04 3.61080610e-04 9.17202724e-05 3.10213130e-05 6.90302635e-05 3.65466036e-05 1.07432371e-06 1.28661851e-08 1.02453601e-10
 1992 11 16 12 00 00  3.75184685e-03 2.27678264e-03 1.25888577e-03 9.05292368e-04 6.59472391e-04 3.66431502e-04 2.64989346e-04 2.25653747e-04 4.67998662e-04 1.33700429e-04 3.30849867e-03 5.00625148e-03 2.34517061e-04 6.77791009e-05 4.41222391e-05 1.35129672e-04 4.07705462e-05 7.07907544e-05 1.28745727e-04 7.39914540e-05 1.57136320e-04 1.93398308e-04 1.09038123e-04 7.53520038e-05 5.37922933e-06 9.19485610e-06 6.06686917e-06 2.63486772e-05 4.88303122e-06 1.78378317e-05 5.19965680e-05 3.96072719e-05 2.14399523e-05 5.26893794e-05 4.00492689e-05 1.42490768e-05 5.96761893e-05 7.46314498e-05 9.56925142e-06 4.96722811e-05 1.45695750e-04 2.88048584e-05 3.07109616e-04 4.13111859e-04 1.65244744e-05 2.39696757e-04 6.10247836e-05 3.76356766e-05 4.51631039e-04 6.34427393e-04 1.09631787e-04 3.71678898e-04 9.79726125e-05 3.32938551e-05 7.42741751e-05 4.00508478e-05 1.23273051e-06 2.11362401e-08 8.52513615e-10
 1992 11 17 12 00 00  3.77111603e-03 2.29176869e-03 1.26817489e-03 9.11917089e-04 6.65191875e-04 3.68655673e-04 2.67333508e-04 2.28294827e-04 4.74891221e-04 1.36023341e-04 3.36361072e-03 5.10187410e-03 2.37669042e-04 6.88451930e-05 4.46414415e-05 1.37318207e-04 4.13350994e-05 7.22231867e-05 1.31075916e-04 7.53921573e-05 1.60114748e-04 1.97191086e-04 1.10695652e-04 7.63463763e-05 5.41955342e-06 9.44392814e-06 6.08280061e-06 2.65896330e-05 4.91416795e-06 1.80067049e-05 5.28689780e-05 3.98400793e-05 2.19066278e-05 5.37060756e-05 4.18728014e-05 1.43253288e-05 6.13708533e-05 7.68501142e-05 9.77647287e-06 5.13504178e-05 1.50570566e-04 2.99896667e-05 3.16755122e-04 4.29899844e-04 1.71959937e-05 2.51140995e-04 6.41112449e-05 3.99322889e-05 4.69158569e-04 6.53448271e-04 1.13987483e-04 3.88837421e-04 1.08654613e-04 3.71765826e-05 8.32342755e-05 4.60462968e-05 1.50431803e-06 3.53583133e-08 2.14350067e-09
 1992 11 18 12 00 00  3.78621725e-03 2.30085835e-03 1.27400412e-03 9.16527915e-04 6.69425094e-04 3.70619550e-04 2.69236404e-04 2.30372850e-04 4.80302783e-04 1.37295193e-04 3.40706815e-03 5.18687181e-03 2.39705069e-04 6.92282264e-05 4.49287884e-05 1.38922666e-04 4.18376818e-05 7.34973815e-05 1.32024557e-04 7.56919500e-05 1.62761160e-04 2.00563623e-04 1.12082069e-04 7.70218599e-05 5.45544426e-06 9.61685728e-06 6.09696472e-06 2.67638875e-05 4.92062900e-06 1.81154158e-05 5.35114071e-05 4.00472840e-05 2.23221141e-05 5.44335478e-05 4.22524841e-05 1.43931189e-05 6.26069326e-05 7.86018686e-05 9.92034184e-06 5.23537188e-05 1.54300072e-04 3.02415778e-05 3.24336169e-04 4.33401796e-04 1.73360718e-05 2.57886211e-04 6.68572786e-05 4.04195220e-05 4.80443190e-04 6.65312486e-04 1.15849372e-04 4.02269160e-04 1.16106619e-04 3.98851806e-05 8.94844412e-05 5.02236399e-05 1.69319978e-06 4.52230466e-08 3.03828500e-09
 1992 11 19 12 00 00  3.79809482e-03 2.30882741e-03 1.27903687e-03 9.20333717e-04 6.72831430e-04 3.72096001e-04 2.70712750e-04 2.32004702e-04 4.84556029e-04 1.38464921e-04 3.44116614e-03 5.25062010e-03 2.41440508e-04 6.96691662e-05 4.51917004e-05 1.40218744e-04 4.22143698e-05 7.44527264e-05 1.33040332e-04 7.61740725e-05 1.64742625e-04 2.03092634e-04 1.13145520e-04 7.74855756e-05 5.48234711e-06 9.61988626e-06 6.10758725e-06 2.68963190e-05 4.93125117e-06 1.82082092e-05 5.40252021e-05 4.02026024e-05 2.26335134e-05 5.49427735e-05 4.28751431e-05 1.44439589e-05 6.35928947e-05 7.99685629e-05 9.92284185e-06 5.30565682e-05 1.57248441e-04 3.06486007e-05 3.29579530e-04 4.39137265e-04 1.75654906e-05 2.63785508e-04 6.89159788e-05 4.12079797e-05 4.90075221e-04 6.75150545e-04 1.17792734e-04 4.08490962e-04 1.16377783e-04 3.99834093e-05 8.97094942e-05 5.03550634e-05 1.69777103e-06 4.53576945e-08 3.04783576e-09
 1992 11 20 12 00 00  3.80679955e-03 2.31579082e-03 1.28333986e-03 9.23368015e-04 6.75431947e-04 3.73083225e-04 2.71766627e-04 2.33197289e-04 4.87670320e-04 1.39554513e-04 3.46603897e-03 5.29311746e-03 2.42896946e-04 7.01860597e-05 4.54357050e-05 1.41214712e-04 4.24627506e-05 7.50862528e-05 1.34164310e-04 7.68685306e-05 1.66059506e-04 2.04774274e-04 1.13886961e-04 7.78351696e-05 5.50010882e-06 9.58445817e-06 6.11465512e-06 2.69959060e-05 4.94660562e-06 1.82858628e-05 5.44143962e-05 4.03051818e-05 2.28386867e-05 5.53165342e-05 4.37748880e-05 1.44778212e-05 6.43470429e-05 8.09595168e-05 9.89334294e-06 5.36419597e-05 1.59436302e-04 3.12353281e-05 3.33160648e-04 4.47423215e-04 1.78969286e-05 2.69006819e-04 7.02792604e-05 4.23448480e-05 4.98152127e-04 6.83485514e-04 1.19877223e-04 4.11594455e-04 1.15022821e-04 3.94905128e-05 8.85701558e-05 4.95703916e-05 1.66061760e-06 4.32902084e-08 2.85705362e-09
 1992 11 21 12 00 00  3.80869505e-03 2.31695929e-03 1.28408669e-03 9.23947999e-04 6.75958912e-04 3.73326247e-04 2.72003763e-04 2.33456689e-04 4.88348141e-04 1.39719287e-04 3.47147962e-03 5.30374162e-03 2.43156359e-04 7.02377334e-05 4.54728147e-05 1.41414387e-04 4.25227830e-05 7.52421096e-05 1.34288646e-04 7.69129023e-05 1.66386156e-04 2.05191430e-04 1.14059164e-04 7.79008979e-05 5.50442019e-06 9.57911107e-06 6.11641153e-06 2.70153595e-05 4.94759042e-06 1.82992238e-05 5.44921777e-05 4.03301034e-05 2.28881632e-05 5.53911355e-05 4.38325631e-05 1.44862643e-05 6.44977176e-05 8.11744995e-05 9.88888496e-06 5.37345690e-05 1.59893666e-04 3.12728458e-05 3.33959670e-04 4.47954248e-04 1.79181699e-05 2.69839450e-04 7.06131977e-05 4.24175611e-05 4.99555075e-04 6.84884599e-04 1.20119446e-04 4.12434410e-04 1.14863459e-04 3.94324228e-05 8.84352932e-05 4.94706662e-05 1.65541602e-06 4.29659814e-08 2.82630026e-09
 1992 11 22 12 00 00  3.81183132e-03 2.31791891e-03 1.28479051e-03 9.24696642e-04 6.76742365e-04 3.73809562e-04 2.72420670e-04 2.33889564e-04 4.89474215e-04 1.39791028e-04 3.48058420e-03 5.32498918e-03 2.43426869e-04 7.01583322e-05 4.54906338e-05 1.41705333e-04 4.26447863e-05 7.55561981e-05 1.34177227e-04 7.66951940e-05 1.67044538e-04 2.06028771e-04 1.14376357e-04 7.80584712e-05 5.51316371e-06 9.68396998e-06 6.11993310e-06 2.70503781e-05 4.94264059e-06 1.83128281e-05 5.46097702e-05 4.03806363e-05 2.29888188e-05 5.55629599e-05 4.35433903e-05 1.45031721e-05 6.47266514e-05 8.15420432e-05 9.97612588e-06 5.39327457e-05 1.60630977e-04 3.10877862e-05 3.35913886e-04 4.45295546e-04 1.78118218e-05 2.70488153e-04 7.12875219e-05 4.20582684e-05 5.00990869e-04 6.86473384e-04 1.19955535e-04 4.17595221e-04 1.19355569e-04 4.10652414e-05 9.22033785e-05 5.19926742e-05 1.76970927e-06 4.89548228e-08 3.37002248e-09
 1992 11 23 12 00 00  3.81925107e-03 2.32501111e-03 1.28909017e-03 9.27533137e-04 6.79063260e-04 3.74554413e-04 2.73289702e-04 2.34901604e-04 4.92123254e-04 1.40958380e-04 3.50166258e-03 5.35686165e-03 2.44856821e-04 7.07947557e-05 4.57503928e-05 1.42600785e-04 4.28292493e-05 7.60291121e-05 1.35514612e-04 7.76329020e-05 1.68035075e-04 2.07287117e-04 1.14969892e-04 7.85306736e-05 5.52637030e-06 9.84479266e-06 6.12522417e-06 2.71530551e-05 4.96354187e-06 1.83890539e-05 5.49641773e-05 4.04569320e-05 2.31410944e-05 5.60206080e-05 4.47671075e-05 1.45285507e-05 6.54274466e-05 8.23886521e-05 1.01099264e-05 5.48039366e-05 1.62547895e-04 3.18814302e-05 3.39874564e-04 4.56559669e-04 1.82623868e-05 2.76017583e-04 7.23039033e-05 4.35969443e-05 5.08922743e-04 6.95444278e-04 1.22402426e-04 4.25903259e-04 1.26261288e-04 4.35753358e-05 9.79957771e-05 5.58673797e-05 1.94514676e-06 5.81355891e-08 4.20323261e-09
 1992 11 24 12 00 00  3.82816394e-03 2.32963944e-03 1.29212770e-03 9.30078466e-04 6.81471186e-04 3.75772154e-04 2.74427957e-04 2.36125908e-04 4.95314468e-04 1.41554839e-04 3.52735359e-03 5.40998206e-03 2.45935173e-04 7.08897247e-05 4.58855398e-05 1.43508423e-04 4.31366847e-05 7.68172904e-05 1.35810924e-04 7.75804394e-05 1.69677389e-04 2.09384327e-04 1.15810300e-04 7.88200316e-05 5.54838225e-06 9.83154241e-06 6.13404263e-06 2.72426603e-05 4.96235516e-06 1.84452550e-05 5.53235659e-05 4.05840954e-05 2.33948784e-05 5.63615137e-05 4.46977327e-05 1.45708458e-05 6.61137808e-05 8.34120814e-05 1.00988946e-05 5.51624645e-05 1.64690052e-04 3.18368810e-05 3.43767872e-04 4.55921668e-04 1.82368667e-05 2.79257799e-04 7.39978335e-05 4.35104885e-05 5.14794025e-04 7.01153041e-04 1.23043089e-04 4.30308600e-04 1.25748596e-04 4.33888496e-05 9.75647868e-05 5.55714516e-05 1.93119754e-06 5.73639113e-08 4.13213321e-09
 1992 11 25 12 00 00  3.83608044e-03 2.33498643e-03 1.29550174e-03 9.32611479e-04 6.83728259e-04 3.76750445e-04 2.75408623e-04 2.37210246e-04 4.98146036e-04 1.42340496e-04 3.55005016e-03 5.45247793e-03 2.47096122e-04 7.11870330e-05 4.60618996e-05 1.44366931e-04 4.33811831e-05 7.74460554e-05 1.36490118e-04 7.79087946e-05 1.70987161e-04 2.11059807e-04 1.16515765e-04 7.90470475e-05 5.56589948e-06 9.72109701e-06 6.14109013e-06 2.73218602e-05 4.96964494e-06 1.85061598e-05 5.56572623e-05 4.06853243e-05 2.35966261e-05 5.66307235e-05 4.51247150e-05 1.46046659e-05 6.67541548e-05 8.43089935e-05 1.00069985e-05 5.54832388e-05 1.66623877e-04 3.21145519e-05 3.46657479e-04 4.59852879e-04 1.83941152e-05 2.83098925e-04 7.53481349e-05 4.40486619e-05 5.21154085e-04 7.07305170e-04 1.24341088e-04 4.30776499e-04 1.21064489e-04 4.16861296e-05 9.36348401e-05 5.29346834e-05 1.81124024e-06 5.10431818e-08 3.55738479e-09
 1992 11 26 12 00 00  3.83260568e-03 2.33335191e-03 1.29441046e-03 9.31648063e-04 6.82793363e-04 3.76259556e-04 2.74958875e-04 2.36730071e-04 4.96898916e-04 1.42142083e-04 3.53999842e-03 5.43122813e-03 2.46702334e-04 7.11769570e-05 4.60164909e-05 1.44015219e-04 4.32533474e-05 7.71248364e-05 1.36423425e-04 7.79774971e-05 1.70322023e-04 2.10213195e-04 1.16180982e-04 7.88783025e-05 5.55678926e-06 9.64264400e-06 6.13753728e-06 2.72809474e-05 4.97123401e-06 1.84848554e-05 5.55130483e-05 4.06327541e-05 2.34908279e-05 5.64488439e-05 4.52174048e-05 1.45876969e-05 6.64791398e-05 8.38990557e-05 9.94172879e-06 5.52494347e-05 1.65770872e-04 3.21731786e-05 3.44683020e-04 4.60704189e-04 1.84281675e-05 2.81888695e-04 7.46543170e-05 4.41626325e-05 5.18955085e-04 7.04942455e-04 1.24177290e-04 4.26321037e-04 1.17689509e-04 4.04594039e-05 9.08040747e-05 5.10419373e-05 1.72560201e-06 4.65662708e-08 3.15119522e-09
 1992 11 27 12 00 00  3.81944712e-03 2.32270345e-03 1.28784136e-03 9.27037041e-04 6.78853744e-04 3.74774834e-04 2.73369028e-04 2.34929153e-04 4.92196221e-04 1.40470857e-04 3.50241097e-03 5.36747947e-03 2.44483601e-04 7.03816392e-05 4.56441998e-05 1.42505283e-04 4.28771396e-05 7.61700852e-05 1.34707858e-04 7.69013248e-05 1.68338376e-04 2.07684943e-04 1.15062605e-04 7.82406948e-05 5.52991733e-06 9.54991847e-06 6.12691729e-06 2.71195367e-05 4.94716114e-06 1.83659674e-05 5.49120832e-05 4.04776074e-05 2.31798535e-05 5.57930271e-05 4.38084826e-05 1.45368613e-05 6.53158327e-05 8.23903236e-05 9.86459127e-06 5.41610512e-05 1.62436447e-04 3.12616321e-05 3.38510724e-04 4.47738119e-04 1.79095247e-05 2.73785138e-04 7.25972233e-05 4.23949125e-05 5.06618609e-04 6.91745488e-04 1.20971218e-04 4.17122166e-04 1.13656449e-04 3.89935887e-05 8.74220837e-05 4.87866007e-05 1.62398869e-06 4.12869049e-08 2.67303459e-09
 1992 11 28 12 00 00  3.79538290e-03 2.30609550e-03 1.27739344e-03 9.19235792e-04 6.71924087e-04 3.71822519e-04 2.70391456e-04 2.31627896e-04 4.83586244e-04 1.38007169e-04 3.43339415e-03 5.23998402e-03 2.40895062e-04 6.94160926e-05 4.50924417e-05 1.39865988e-04 4.21266683e-05 7.42629578e-05 1.32519410e-04 7.57952454e-05 1.64375799e-04 2.02631526e-04 1.12923909e-04 7.71991357e-05 5.47629497e-06 9.42009501e-06 6.10568750e-06 2.68418965e-05 4.92251529e-06 1.81745695e-05 5.38607708e-05 4.01679921e-05 2.25596203e-05 5.46791610e-05 4.23654623e-05 1.44352132e-05 6.32920169e-05 7.96213276e-05 9.75659568e-06 5.25295051e-05 1.56447155e-04 3.03255569e-05 3.27292366e-04 4.34455175e-04 1.73782070e-05 2.61394549e-04 6.84895262e-05 4.05801344e-05 4.86740621e-04 6.70981412e-04 1.16788701e-04 4.00869246e-04 1.07981376e-04 3.69310463e-05 8.26636319e-05 4.56171430e-05 1.48146505e-06 3.39029789e-08 2.00479828e-09
 1992 11 29 12 00 00  3.77809359e-03 2.29524121e-03 1.27047645e-03 9.13862553e-04 6.67040300e-04 3.69610187e-04 2.68224514e-04 2.29251668e-04 4.77395737e-04 1.36459489e-04 3.38368935e-03 5.14436103e-03 2.38492945e-04 6.89061241e-05 4.47446993e-05 1.38012048e-04 4.15601768e-05 7.28281448e-05 1.31303401e-04 7.53247296e-05 1.61398317e-04 1.98835680e-04 1.11350706e-04 7.64467591e-05 5.43584829e-06 9.27355140e-06 6.08974660e-06 2.66433844e-05 4.91207393e-06 1.80460791e-05 5.31169033e-05 3.99345066e-05 2.20912349e-05 5.38679596e-05 4.17538831e-05 1.43589394e-05 6.18656754e-05 7.76195283e-05 9.63469647e-06 5.14000928e-05 1.52164694e-04 2.99277162e-05 3.18890958e-04 4.28824166e-04 1.71529666e-05 2.53333237e-04 6.53965864e-05 3.98090662e-05 4.73414821e-04 6.57062952e-04 1.14409079e-04 3.87142178e-04 1.01545549e-04 3.45920884e-05 7.72678057e-05 4.20271202e-05 1.32031765e-06 2.55761677e-08 1.25179938e-09
 1992 11 30 12 00 00  3.76406563e-03 2.28562337e-03 1.26442040e-03 9.09312475e-04 6.62983002e-04 3.67880645e-04 2.66483752e-04 2.27322241e-04 4.72370855e-04 1.35034332e-04 3.34341411e-03 5.06998524e-03 2.36408555e-04 6.83486760e-05 4.44247311e-05 1.36466560e-04 4.11142275e-05 7.17056508e-05 1.30030668e-04 7.46913080e-05 1.59078030e-04 1.95874880e-04 1.10099313e-04 7.58786927e-05 5.40405454e-06 9.25492568e-06 6.07732036e-06 2.64831351e-05 4.89810554e-06 1.79334458e-05 5.25002896e-05 3.97510361e-05 2.17222245e-05 5.32503241e-05 4.09351254e-05 1.42995574e-05 6.06865027e-05 7.59977671e-05 9.61923506e-06 5.05243952e-05 1.48652814e-04 2.93928490e-05 3.12601543e-04 4.21282826e-04 1.68513131e-05 2.46140778e-04 6.29731221e-05 3.87728825e-05 4.61761975e-04 6.45076991e-04 1.11978921e-04 3.79236022e-04 1.00494445e-04 3.42106268e-05 7.63904222e-05 4.14742629e-05 1.29774173e-06 2.45809581e-08 1.16623102e-09
 1992 12 01 12 00 00  3.75162336e-03 2.27654330e-03 1.25874832e-03 9.05144474e-04 6.59315474e-04 3.66390192e-04 2.64950878e-04 2.25609025e-04 4.67911628e-04 1.33655110e-04 3.30772082e-03 5.00623137e-03 2.34467603e-04 6.77561205e-05 4.41151624e-05 1.35065892e-04 4.07263666e-05 7.07366038e-05 1.28703947e-04 7.39578798e-05 1.57079324e-04 1.93328089e-04 1.09005751e-04 7.52808474e-05 5.37644883e-06 9.13535696e-06 6.06663998e-06 2.63298748e-05 4.88198384e-06 1.78275137e-05 5.19377453e-05 3.95918061e-05 2.14009662e-05 5.26259618e-05 3.99898010e-05 1.42485951e-05 5.96061799e-05 7.45500855e-05 9.51978582e-06 4.95506588e-05 1.45490731e-04 2.87739735e-05 3.06500931e-04 4.12574065e-04 1.65029626e-05 2.39193938e-04 6.08770410e-05 3.75742180e-05 4.50830790e-04 6.33420309e-04 1.09479931e-04 3.69042576e-04 9.51572962e-05 3.22711585e-05 7.19171535e-05 3.85094501e-05 1.16548493e-06 1.78101942e-08 5.55580337e-10
 1992 12 02 12 00 00  3.73992784e-03 2.26903618e-03 1.25397859e-03 9.01446302e-04 6.55956770e-04 3.64902214e-04 2.63483361e-04 2.23993987e-04 4.63714910e-04 1.32570530e-04 3.27405387e-03 4.94247675e-03 2.32810660e-04 6.73734054e-05 4.38703385e-05 1.33788948e-04 4.03355982e-05 6.97640004e-05 1.27794325e-04 7.35762063e-05 1.55079507e-04 1.90776690e-04 1.07942855e-04 7.48089533e-05 5.34865940e-06 9.10235613e-06 6.05594432e-06 2.61951503e-05 4.87376092e-06 1.77364765e-05 5.14240235e-05 3.94315633e-05 2.10771410e-05 5.21076471e-05 3.95066076e-05 1.41976037e-05 5.86306640e-05 7.31838320e-05 9.49235400e-06 4.88479608e-05 1.42549389e-04 2.84532929e-05 3.01102167e-04 4.08117194e-04 1.63246877e-05 2.33549853e-04 5.87712449e-05 3.69540008e-05 4.41460458e-04 6.23819377e-04 1.07724003e-04 3.61707251e-04 9.35700913e-05 3.16946436e-05 7.05887247e-05 3.76438707e-05 1.12795619e-06 1.59723324e-08 3.92000610e-10
 1992 12 03 12 00 00  3.72538495e-03 2.25838918e-03 1.24733066e-03 8.96567054e-04 6.51666519e-04 3.63162531e-04 2.61692459e-04 2.21991683e-04 4.58503391e-04 1.30951531e-04 3.23233717e-03 4.86809723e-03 2.30536754e-04 6.66757210e-05 4.35071990e-05 1.32150195e-04 3.98823671e-05 6.86325715e-05 1.26235566e-04 7.27098377e-05 1.52748514e-04 1.87804297e-04 1.06665502e-04 7.41572982e-05 5.31640653e-06 9.02902320e-06 6.04348024e-06 2.60200338e-05 4.85468227e-06 1.76122572e-05 5.07670402e-05 3.92455462e-05 2.07017001e-05 5.14177254e-05 3.83881474e-05 1.41381417e-05 5.73731128e-05 7.14945329e-05 9.43135747e-06 4.77947301e-05 1.38856613e-04 2.77219428e-05 2.94307031e-04 3.97814527e-04 1.59125811e-05 2.25443030e-04 5.63234091e-05 3.55373282e-05 4.28646945e-04 6.10363789e-04 1.04784471e-04 3.52004046e-04 9.03171089e-05 3.05124937e-05 6.78619437e-05 3.58339505e-05 1.04702470e-06 1.18142570e-08 1.65989889e-11
 1992 12 04 12 00 00  3.70819784e-03 2.24780596e-03 1.24056662e-03 8.91250632e-04 6.46801906e-04 3.60942922e-04 2.59529022e-04 2.19622712e-04 4.52340758e-04 1.29452920e-04 3.18286203e-03 4.77247015e-03 2.28178415e-04 6.61956394e-05 4.31688375e-05 1.30304201e-04 3.93071328e-05 6.71870483e-05 1.25066482e-04 7.22921337e-05 1.49761542e-04 1.83994566e-04 1.05092163e-04 7.34518990e-05 5.27541088e-06 8.93598262e-06 6.02749424e-06 2.58244932e-05 4.84567427e-06 1.74845437e-05 5.00264849e-05 3.90090019e-05 2.02256022e-05 5.06438327e-05 3.78588826e-05 1.40617718e-05 5.59599267e-05 6.94952858e-05 9.35395001e-06 4.67594133e-05 1.34581021e-04 2.73709185e-05 2.86172168e-04 3.92933054e-04 1.57173222e-05 2.17569218e-04 5.32012549e-05 3.48583708e-05 4.15447079e-04 5.96783128e-04 1.02500449e-04 3.39993268e-04 8.63213361e-05 2.90601092e-05 6.45103689e-05 3.35920639e-05 9.45523428e-07 6.81091876e-09 1.00000000e-10
 1992 12 05 12 00 00  3.69365930e-03 2.23712505e-03 1.23390034e-03 8.86377970e-04 6.42528772e-04 3.59209863e-04 2.57742407e-04 2.17624914e-04 4.47134954e-04 1.27828348e-04 3.14119113e-03 4.69809398e-03 2.25901141e-04 6.54954393e-05 4.28048526e-05 1.28672269e-04 3.88611836e-05 6.60645426e-05 1.23508053e-04 7.14199501e-05 1.47439906e-04 1.81033743e-04 1.03818766e-04 7.28085217e-05 5.24361676e-06 8.87112474e-06 6.01506763e-06 2.56519208e-05 4.82638134e-06 1.73614389e-05 4.93755986e-05 3.88255285e-05 1.98565875e-05 4.99618982e-05 3.67284141e-05 1.40023869e-05 5.47091618e-05 6.78160927e-05 9.29999005e-06 4.57186158e-05 1.30913352e-04 2.66339601e-05 2.79457436e-04 3.82522524e-04 1.53009010e-05 2.09491210e-04 5.07777557e-05 3.34303651e-05 4.02708014e-04 5.83425589e-04 9.95621960e-05 3.30738710e-04 8.35554509e-05 2.80547182e-05 6.21900650e-05 3.20373652e-05 8.74944402e-07 4.33605294e-09 1.00000000e-10
 1992 12 06 12 00 00  3.68998946e-03 2.23509532e-03 1.23258195e-03 8.85290309e-04 6.41507483e-04 3.58715887e-04 2.57274130e-04 2.17117619e-04 4.45817682e-04 1.27555624e-04 3.13059698e-03 4.67684306e-03 2.25434973e-04 6.54318772e-05 4.27429680e-05 1.28285945e-04 3.87314125e-05 6.57409371e-05 1.23334287e-04 7.13995891e-05 1.46775405e-04 1.80184051e-04 1.03474572e-04 7.27100247e-05 5.23438357e-06 8.91413656e-06 6.01150423e-06 2.56148684e-05 4.82600299e-06 1.73358605e-05 4.92209600e-05 3.87722859e-05 1.97490750e-05 4.98389166e-05 3.67057743e-05 1.39853961e-05 5.44199238e-05 6.73887977e-05 9.33577321e-06 4.56039220e-05 1.30007614e-04 2.66173505e-05 2.78019227e-04 3.82311723e-04 1.52924689e-05 2.08030296e-04 5.00774477e-05 3.33985605e-05 4.00076798e-04 5.80955212e-04 9.92052585e-05 3.30098025e-04 8.54072512e-05 2.87278010e-05 6.37432428e-05 3.30756718e-05 9.21908543e-07 5.97492900e-09 1.00000000e-10
 1992 12 07 12 00 00  3.70040103e-03 2.24283800e-03 1.23740619e-03 8.88780314e-04 6.44547648e-04 3.59946060e-04 2.58547142e-04 2.18541958e-04 4.49537647e-04 1.28735611e-04 3.16038711e-03 4.72996533e-03 2.27076963e-04 6.59410417e-05 4.30058987e-05 1.29447020e-04 3.90412781e-05 6.65321073e-05 1.24452497e-04 7.20404438e-05 1.48421958e-04 1.82285154e-04 1.04380802e-04 7.31452499e-05 5.25654832e-06 8.92465687e-06 6.02033542e-06 2.57339122e-05 4.84042466e-06 1.74230426e-05 4.96815304e-05 3.89003049e-05 2.00050083e-05 5.03033643e-05 3.75493226e-05 1.40277189e-05 5.53072405e-05 6.85781708e-05 9.34452473e-06 4.63070389e-05 1.32603738e-04 2.71608849e-05 2.82600634e-04 3.90071968e-04 1.56028787e-05 2.13802333e-04 5.17795328e-05 3.44530679e-05 4.09143552e-04 5.90370248e-04 1.01325398e-04 3.35485577e-04 8.58672305e-05 2.88949754e-05 6.41289271e-05 3.33325489e-05 9.33458904e-07 6.37481250e-09 1.00000000e-10
 1992 12 08 12 00 00  3.71752547e-03 2.25618188e-03 1.24567351e-03 8.94659192e-04 6.49613044e-04 3.61920125e-04 2.60627001e-04 2.20884254e-04 4.55655175e-04 1.30802866e-04 3.20933583e-03 4.81496081e-03 2.29877906e-04 6.68834172e-05 4.34659671e-05 1.31385355e-04 3.95399751e-05 6.78015349e-05 1.26497526e-04 7.32790912e-05 1.51063173e-04 1.85651514e-04 1.05852336e-04 7.39636929e-05 5.29219506e-06 9.05524576e-06 6.03448061e-06 2.59410427e-05 4.86827703e-06 1.75724699e-05 5.04547542e-05 3.91061447e-05 2.04170661e-05 5.11500162e-05 3.91785114e-05 1.40954653e-05 5.68021541e-05 7.05408612e-05 9.45316860e-06 4.76788327e-05 1.36915375e-04 2.82112451e-05 2.90696731e-04 4.05060486e-04 1.62024194e-05 2.23899932e-04 5.45125746e-05 3.64907435e-05 4.24663258e-04 6.06936046e-04 1.05176798e-04 3.47823466e-04 9.14814151e-05 3.09356044e-05 6.88378920e-05 3.64816003e-05 1.07597436e-06 1.33008285e-08 1.50789514e-10
 1992 12 09 12 00 00  3.73469295e-03 2.26960512e-03 1.25398692e-03 9.00566816e-04 6.54701087e-04 3.63895817e-04 2.62711748e-04 2.23233515e-04 4.61789621e-04 1.32885380e-04 3.25841111e-03 4.89995778e-03 2.32694329e-04 6.78378777e-05 4.39297264e-05 1.33332696e-04 4.00401215e-05 6.90727495e-05 1.28569153e-04 7.45374069e-05 1.53705206e-04 1.89020187e-04 1.07326483e-04 7.47576588e-05 5.32793310e-06 9.14539341e-06 6.04863271e-06 2.61467455e-05 4.89651247e-06 1.77230076e-05 5.12302362e-05 3.93124996e-05 2.08304089e-05 5.19762302e-05 4.08304768e-05 1.41632278e-05 5.82994426e-05 7.25080981e-05 9.52815171e-06 4.90075321e-05 1.41241015e-04 2.92777928e-05 2.98609410e-04 4.20260476e-04 1.68104190e-05 2.34046624e-04 5.72504825e-05 3.85595165e-05 4.40290900e-04 6.23498669e-04 1.09072880e-04 3.58987765e-04 9.54759682e-05 3.23872549e-05 7.21863606e-05 3.87047371e-05 1.17542439e-06 1.84135189e-08 6.12459239e-10
 1992 12 10 12 00 00  3.75362035e-03 2.28388541e-03 1.26286925e-03 9.06971622e-04 6.60269448e-04 3.66118012e-04 2.65024148e-04 2.25826800e-04 4.68556907e-04 1.35074842e-04 3.31258036e-03 4.99558002e-03 2.35715683e-04 6.88038813e-05 4.44181693e-05 1.35460990e-04 4.06051666e-05 7.05057755e-05 1.30689344e-04 7.57718342e-05 1.56681015e-04 1.92813738e-04 1.08969504e-04 7.56368888e-05 5.36828775e-06 9.27320143e-06 6.06456633e-06 2.63734984e-05 4.92414074e-06 1.78848165e-05 5.20795967e-05 3.95454757e-05 2.12975123e-05 5.28944657e-05 4.24473808e-05 1.42394885e-05 5.99376394e-05 7.46839538e-05 9.63446655e-06 5.04556999e-05 1.46003046e-04 3.03235021e-05 3.07514382e-04 4.35140056e-04 1.74056022e-05 2.44837474e-04 6.03385677e-05 4.05874947e-05 4.57077675e-04 6.41302924e-04 1.13075037e-04 3.72344334e-04 1.01088929e-04 3.44271612e-05 7.68922952e-05 4.18357604e-05 1.31596901e-06 2.56757922e-08 1.26919257e-09
 1992 12 11 12 00 00  3.77279883e-03 2.29587153e-03 1.27051278e-03 9.12923179e-04 6.65686162e-04 3.68576857e-04 2.67429824e-04 2.28463828e-04 4.75425518e-04 1.36780922e-04 3.36772790e-03 5.10182865e-03 2.38372233e-04 6.93620312e-05 4.48019018e-05 1.37516953e-04 4.12355788e-05 7.21012068e-05 1.32027810e-04 7.62799697e-05 1.59995070e-04 1.97032903e-04 1.10716648e-04 7.65960039e-05 5.41328918e-06 9.61231272e-06 6.08228402e-06 2.66052715e-05 4.93535808e-06 1.80270933e-05 5.29096044e-05 3.98052449e-05 2.18188026e-05 5.39003426e-05 4.31047694e-05 1.43242476e-05 6.15373127e-05 7.69149362e-05 9.91659326e-06 5.19343428e-05 1.50771576e-04 3.07526672e-05 3.17739810e-04 4.41194727e-04 1.76477891e-05 2.53859866e-04 6.37784309e-05 4.14189621e-05 4.71828932e-04 6.57248598e-04 1.15689830e-04 3.93113864e-04 1.15685121e-04 3.97325088e-05 8.91347412e-05 5.00203774e-05 1.68620879e-06 4.50249132e-08 3.02458396e-09
 1992 12 12 12 00 00  3.79015791e-03 2.30684628e-03 1.27749989e-03 9.18343433e-04 6.70609206e-04 3.70793206e-04 2.69605394e-04 2.30851983e-04 4.81643947e-04 1.38351852e-04 3.41764440e-03 5.19745424e-03 2.40798273e-04 6.98904181e-05 4.51552587e-05 1.39386530e-04 4.18059557e-05 7.35407695e-05 1.33285082e-04 7.67801830e-05 1.62976448e-04 2.00834922e-04 1.12294873e-04 7.73272548e-05 5.45397925e-06 9.72003472e-06 6.09824565e-06 2.68035790e-05 4.94637170e-06 1.81575865e-05 5.36592710e-05 4.00400924e-05 2.22906165e-05 5.46945070e-05 4.37504670e-05 1.44005651e-05 6.29714196e-05 7.89272852e-05 1.00061901e-05 5.30273533e-05 1.55083742e-04 3.11749027e-05 3.25988379e-04 4.47142565e-04 1.78857026e-05 2.62021084e-04 6.68843626e-05 4.22368612e-05 4.85341692e-04 6.71250422e-04 1.18140029e-04 4.05696506e-04 1.20496194e-04 4.14808010e-05 9.31670384e-05 5.26925780e-05 1.80538721e-06 5.11242078e-08 3.57462504e-09
 1992 12 13 12 00 00  3.80435830e-03 2.31681983e-03 1.28375981e-03 9.23001918e-04 6.74739480e-04 3.72524782e-04 2.71361817e-04 2.32804433e-04 4.86729344e-04 1.39843558e-04 3.45839248e-03 5.27182966e-03 2.42946869e-04 7.04945021e-05 4.54896253e-05 1.40961318e-04 4.22528683e-05 7.46644568e-05 1.34649807e-04 7.74917135e-05 1.65299408e-04 2.03797257e-04 1.13554187e-04 7.79491651e-05 5.48583448e-06 9.79310789e-06 6.11067662e-06 2.69707388e-05 4.96212378e-06 1.82738629e-05 5.42899751e-05 4.02239006e-05 2.26604825e-05 5.53576799e-05 4.46733873e-05 1.44599573e-05 6.41797295e-05 8.05715590e-05 1.00669538e-05 5.40102157e-05 1.58654563e-04 3.17762286e-05 3.32623899e-04 4.55641331e-04 1.82256532e-05 2.69540316e-04 6.93110691e-05 4.34021204e-05 4.97365603e-04 6.83825609e-04 1.20738074e-04 4.15340487e-04 1.23844184e-04 4.26972347e-05 9.59717072e-05 5.45402134e-05 1.88698833e-06 5.52386254e-08 3.94405575e-09
 1992 12 14 12 00 00  3.81102235e-03 2.31946121e-03 1.28558369e-03 9.24753150e-04 6.76502674e-04 3.73509035e-04 2.72238957e-04 2.33730348e-04 4.89127446e-04 1.40123729e-04 3.47774422e-03 5.31433299e-03 2.43623817e-04 7.04345306e-05 4.55556340e-05 1.41621883e-04 4.25133854e-05 7.53128552e-05 1.34629325e-04 7.72185915e-05 1.66629555e-04 2.05498183e-04 1.14213974e-04 7.80934684e-05 5.50436016e-06 9.71105765e-06 6.11780706e-06 2.70331437e-05 4.95575659e-06 1.83113616e-05 5.45553379e-05 4.03307262e-05 2.28763660e-05 5.55588189e-05 4.43023164e-05 1.44939535e-05 6.46706531e-05 8.13548884e-05 9.99863551e-06 5.41071234e-05 1.60269873e-04 3.15427576e-05 3.35273053e-04 4.52234705e-04 1.80893882e-05 2.71336073e-04 7.07149273e-05 4.29479987e-05 5.01208794e-04 6.87173507e-04 1.20786242e-04 4.16950970e-04 1.20708833e-04 4.15566768e-05 9.33352418e-05 5.27240551e-05 1.80096650e-06 5.04496739e-08 3.50209390e-09
 1992 12 15 12 00 00  3.81634638e-03 2.32211192e-03 1.28733659e-03 9.26274139e-04 6.77967197e-04 3.74250593e-04 2.72927048e-04 2.34469626e-04 4.91043282e-04 1.40459865e-04 3.49315740e-03 5.34621179e-03 2.44254140e-04 7.04810627e-05 4.56333232e-05 1.42174164e-04 4.27099876e-05 7.58006587e-05 1.34798819e-04 7.71662511e-05 1.67625606e-04 2.06775838e-04 1.14723501e-04 7.81400010e-05 5.51833145e-06 9.52395712e-06 6.12316144e-06 2.70780770e-05 4.95431996e-06 1.83463709e-05 5.47719981e-05 4.04112739e-05 2.30393518e-05 5.56580355e-05 4.42199118e-05 1.45194645e-05 6.50691208e-05 8.19729000e-05 9.84292128e-06 5.40836483e-05 1.61570802e-04 3.14962352e-05 3.36746930e-04 4.51484856e-04 1.80593943e-05 2.73149243e-04 7.17719086e-05 4.28563799e-05 5.04799787e-04 6.90097887e-04 1.21149322e-04 4.14283229e-04 1.13030790e-04 3.87650161e-05 8.68889892e-05 4.83637217e-05 1.60006068e-06 3.96722740e-08 2.51724490e-09
 1992 12 16 12 00 00  3.81630132e-03 2.32196033e-03 1.28725161e-03 9.26252013e-04 6.77970211e-04 3.74258671e-04 2.72928414e-04 2.34469388e-04 4.91034191e-04 1.40432828e-04 3.49308171e-03 5.34621552e-03 2.44231155e-04 7.04652473e-05 4.56283157e-05 1.42175221e-04 4.27192106e-05 7.58119568e-05 1.34776415e-04 7.71373336e-05 1.67634699e-04 2.06790498e-04 1.14726341e-04 7.80694788e-05 5.51891171e-06 9.42674815e-06 6.12320873e-06 2.70734079e-05 4.95349377e-06 1.83467870e-05 5.47723971e-05 4.04145045e-05 2.30474936e-05 5.55997911e-05 4.41726617e-05 1.45195634e-05 6.50595984e-05 8.19749449e-05 9.76200172e-06 5.39484933e-05 1.61578212e-04 3.14702542e-05 3.36279611e-04 4.51055821e-04 1.80422328e-05 2.73030303e-04 7.18027586e-05 4.28050524e-05 5.04792762e-04 6.89774280e-04 1.21105248e-04 4.11528776e-04 1.09166936e-04 3.73598474e-05 8.36427892e-05 4.61501981e-05 1.49680483e-06 3.40388979e-08 2.00011279e-09
 1992 12 17 12 00 00  3.81148646e-03 2.31745970e-03 1.28451759e-03 9.24449736e-04 6.76496971e-04 3.73769643e-04 2.72365325e-04 2.33817181e-04 4.89320781e-04 1.39698506e-04 3.47942796e-03 5.32497056e-03 2.43323031e-04 7.00757676e-05 4.54657627e-05 1.41607738e-04 4.26035200e-05 7.55056099e-05 1.33964160e-04 7.65682955e-05 1.66985844e-04 2.05963176e-04 1.14340100e-04 7.78320178e-05 5.51056582e-06 9.40758982e-06 6.11971918e-06 2.70151183e-05 4.94064370e-06 1.82997429e-05 5.45519668e-05 4.03661863e-05 2.29524027e-05 5.53610823e-05 4.34212910e-05 1.45027239e-05 6.46240224e-05 8.14386666e-05 9.74601789e-06 5.35134277e-05 1.60371448e-04 3.09872557e-05 3.34170149e-04 4.44144960e-04 1.77657984e-05 2.69640075e-04 7.11495231e-05 4.18677519e-05 4.99857307e-04 6.84462624e-04 1.19607239e-04 4.09129468e-04 1.08655982e-04 3.71733875e-05 8.32089128e-05 4.58177342e-05 1.47870487e-06 3.28607371e-08 1.88729210e-09
 1992 12 18 12 00 00  3.80134751e-03 2.31023613e-03 1.27999213e-03 9.21135251e-04 6.73587906e-04 3.72549253e-04 2.71121042e-04 2.32433326e-04 4.85701031e-04 1.38616484e-04 3.45042098e-03 5.27185239e-03 2.41777670e-04 6.96369601e-05 4.52244770e-05 1.40499225e-04 4.23023914e-05 7.47251557e-05 1.32989860e-04 7.60436174e-05 1.65350357e-04 2.03875975e-04 1.13450135e-04 7.74219232e-05 5.48895150e-06 9.39543388e-06 6.11093419e-06 2.69032023e-05 4.92877734e-06 1.82193435e-05 5.41163802e-05 4.02412319e-05 2.27041834e-05 5.49186780e-05 4.27276245e-05 1.44604972e-05 6.37788630e-05 8.02896576e-05 9.73586939e-06 5.28667976e-05 1.57883453e-04 3.05417692e-05 3.29723822e-04 4.37765445e-04 1.75106178e-05 2.64342896e-04 6.94766815e-05 4.10031585e-05 4.91443079e-04 6.75773876e-04 1.17750484e-04 4.04025816e-04 1.08380398e-04 3.70726353e-05 8.29735805e-05 4.56269348e-05 1.46765819e-06 3.21001245e-08 1.81360260e-09
 1992 12 19 12 00 00  3.79815023e-03 2.30912162e-03 1.27920045e-03 9.20351388e-04 6.72789609e-04 3.72069492e-04 2.70701310e-04 2.31995184e-04 4.84556870e-04 1.38516428e-04 3.44117310e-03 5.25060669e-03 2.41481393e-04 6.96980808e-05 4.52009523e-05 1.40202249e-04 4.21847595e-05 7.44164281e-05 1.33070621e-04 7.62294920e-05 1.64699039e-04 2.03045572e-04 1.13132579e-04 7.73048710e-05 5.48048338e-06 9.35262433e-06 6.10743373e-06 2.68723112e-05 4.93291773e-06 1.82051313e-05 5.39995402e-05 4.01922327e-05 2.26073811e-05 5.47817988e-05 4.29700362e-05 1.44436373e-05 6.35515177e-05 7.99242892e-05 9.70023757e-06 5.27379873e-05 1.57148014e-04 3.06990638e-05 3.28083820e-04 4.39996858e-04 1.75998743e-05 2.63643078e-04 6.88169559e-05 4.13080968e-05 4.89920834e-04 6.74273195e-04 1.17854964e-04 4.00957644e-04 1.06656694e-04 3.64458321e-05 8.15258240e-05 4.46429650e-05 1.42198667e-06 2.96252146e-08 1.58682258e-09
 1992 12 20 12 00 00  3.79988490e-03 2.30993941e-03 1.27974572e-03 9.20829540e-04 6.73252025e-04 3.72314448e-04 2.70925179e-04 2.32233783e-04 4.85177519e-04 1.38615268e-04 3.44618537e-03 5.26123121e-03 2.41677161e-04 6.97010124e-05 4.52230496e-05 1.40376198e-04 4.22481855e-05 7.45764468e-05 1.33095663e-04 7.61921750e-05 1.65030183e-04 2.03468101e-04 1.13299589e-04 7.73662938e-05 5.48500757e-06 9.36143479e-06 6.10920761e-06 2.68905210e-05 4.93213993e-06 1.82156141e-05 5.40709969e-05 4.02183476e-05 2.26598509e-05 5.48532040e-05 4.29241627e-05 1.44521182e-05 6.36852975e-05 8.01266109e-05 9.70758847e-06 5.28127783e-05 1.57568604e-04 3.06679314e-05 3.28914030e-04 4.39572882e-04 1.75829153e-05 2.64221410e-04 6.91622379e-05 4.12480236e-05 4.91003514e-04 6.75336926e-04 1.17929447e-04 4.02098186e-04 1.06885999e-04 3.65295315e-05 8.17206873e-05 4.47935108e-05 1.43025971e-06 3.01685823e-08 1.63895546e-09
 1992 12 21 12 00 00  3.80781367e-03 2.31532802e-03 1.28314148e-03 9.23364907e-04 6.75503349e-04 3.73291859e-04 2.71904884e-04 2.33316574e-04 4.88007705e-04 1.39407332e-04 3.46889866e-03 5.30372746e-03 2.42842084e-04 6.99972842e-05 4.53992258e-05 1.41232755e-04 4.24917147e-05 7.52040301e-05 1.33761901e-04 7.65204371e-05 1.66340683e-04 2.05142049e-04 1.14005051e-04 7.76482431e-05 5.50246441e-06 9.32839612e-06 6.11625001e-06 2.69745023e-05 4.93967855e-06 1.82764929e-05 5.44096789e-05 4.03192302e-05 2.28607430e-05 5.51681161e-05 4.33641690e-05 1.44859281e-05 6.43352876e-05 8.10270040e-05 9.68013774e-06 5.32346007e-05 1.59508117e-04 3.09475930e-05 3.32200121e-04 4.43615897e-04 1.77446359e-05 2.68129634e-04 7.05092971e-05 4.17913951e-05 4.97360187e-04 6.81720463e-04 1.19224747e-04 4.04779783e-04 1.05212045e-04 3.59216861e-05 8.03209396e-05 4.38917609e-05 1.39192575e-06 2.83516883e-08 1.47888937e-09
 1992 12 22 12 00 00  3.81567719e-03 2.32059569e-03 1.28646779e-03 9.25858461e-04 6.77722773e-04 3.74266181e-04 2.72877473e-04 2.34389587e-04 4.90814139e-04 1.40176665e-04 3.49142220e-03 5.34622185e-03 2.43984612e-04 7.02778278e-05 4.55705512e-05 1.42076480e-04 4.27323219e-05 7.58280337e-05 1.34396685e-04 7.68227386e-05 1.67647024e-04 2.06811334e-04 1.14706186e-04 7.79111007e-05 5.51973717e-06 9.27715082e-06 6.12327713e-06 2.70553851e-05 4.94662199e-06 1.83356511e-05 5.47408313e-05 4.04190941e-05 2.30590609e-05 5.54665899e-05 4.37694456e-05 1.45197060e-05 6.49725553e-05 8.19158357e-05 9.63753628e-06 5.36193283e-05 1.61417733e-04 3.12051532e-05 3.35354531e-04 4.47339754e-04 1.78935902e-05 2.71910526e-04 7.18465890e-05 4.22918209e-05 5.03556126e-04 6.87871201e-04 1.20459474e-04 4.06848541e-04 1.02770049e-04 3.50346401e-05 7.82767320e-05 4.25570519e-05 1.33385376e-06 2.54916859e-08 1.22389476e-09
 1992 12 23 12 00 00  3.82316062e-03 2.32507729e-03 1.28934187e-03 9.28109454e-04 6.79777065e-04 3.75237860e-04 2.73815153e-04 2.35410383e-04 4.93483324e-04 1.40797891e-04 3.51290075e-03 5.38871549e-03 2.44982897e-04 7.04496208e-05 4.57084089e-05 1.42854234e-04 4.29729291e-05 7.64520257e-05 1.34809240e-04 7.69438513e-05 1.68955070e-04 2.08480622e-04 1.15390935e-04 7.81930919e-05 5.53701066e-06 9.29771049e-06 6.13030352e-06 2.71339021e-05 4.94964661e-06 1.83869445e-05 5.50509901e-05 4.05189581e-05 2.32573773e-05 5.57805100e-05 4.39445052e-05 1.45534839e-05 6.55679687e-05 8.27670171e-05 9.65467771e-06 5.40186153e-05 1.63220189e-04 3.13103403e-05 3.38734601e-04 4.48940689e-04 1.79576276e-05 2.75101194e-04 7.31838867e-05 4.24974744e-05 5.08933114e-04 6.93314762e-04 1.21308286e-04 4.11134865e-04 1.03407228e-04 3.52668232e-05 7.88153563e-05 4.29506416e-05 1.35407579e-06 2.67319585e-08 1.34110367e-09
 1992 12 24 12 00 00  3.82613626e-03 2.32852810e-03 1.29139684e-03 9.29366475e-04 6.80745696e-04 3.75484252e-04 2.74145922e-04 2.35810297e-04 4.94538014e-04 1.41389476e-04 3.52126552e-03 5.39933741e-03 2.45652621e-04 7.08023469e-05 4.58384734e-05 1.43231045e-04 4.30285931e-05 7.66025332e-05 1.35524134e-04 7.74936751e-05 1.69274008e-04 2.08890814e-04 1.15607394e-04 7.82777306e-05 5.54104590e-06 9.19211452e-06 6.13203738e-06 2.71652675e-05 4.96211214e-06 1.84217567e-05 5.51937967e-05 4.05423518e-05 2.33029947e-05 5.58705176e-05 4.46730526e-05 1.45618804e-05 6.58467733e-05 8.30878157e-05 9.56684526e-06 5.42041533e-05 1.63974123e-04 3.17774335e-05 3.39402783e-04 4.55640077e-04 1.82256031e-05 2.77667144e-04 7.35032023e-05 4.34041634e-05 5.12581809e-04 6.96961827e-04 1.22617507e-04 4.08743579e-04 9.87271451e-05 3.35660490e-05 7.48922556e-05 4.03461177e-05 1.23757415e-06 2.07433789e-08 8.00361377e-10
 1992 12 25 12 00 00  3.81711920e-03 2.32093140e-03 1.28673039e-03 9.26134495e-04 6.78008636e-04 3.74491833e-04 2.73062634e-04 2.34574841e-04 4.91312635e-04 1.40181097e-04 3.49552667e-03 5.35683818e-03 2.44080909e-04 7.02013121e-05 4.55685214e-05 1.42180306e-04 4.27768187e-05 7.59648392e-05 1.34232274e-04 7.66588317e-05 1.67951449e-04 2.07203770e-04 1.14850749e-04 7.78645644e-05 5.52307029e-06 9.17733705e-06 6.12495205e-06 2.70558638e-05 4.94359629e-06 1.83372608e-05 5.47795732e-05 4.04385821e-05 2.30948237e-05 5.54427386e-05 4.35884023e-05 1.45279817e-05 6.50437889e-05 8.20563984e-05 9.55457726e-06 5.34874894e-05 1.61678570e-04 3.10716190e-05 3.35433575e-04 4.45653120e-04 1.78261248e-05 2.71882241e-04 7.21285527e-05 4.20362427e-05 5.03816101e-04 6.87692500e-04 1.20228098e-04 4.03937158e-04 9.79013488e-05 3.32663409e-05 7.42028410e-05 3.99108523e-05 1.21973513e-06 1.99515320e-08 7.32112859e-10
 1992 12 26 12 00 00  3.79418259e-03 2.30665097e-03 1.27761830e-03 9.19045769e-04 6.71560693e-04 3.71551159e-04 2.70187923e-04 2.31425658e-04 4.83102307e-04 1.38153883e-04 3.42960721e-03 5.22934422e-03 2.40914821e-04 6.95465081e-05 4.51125955e-05 1.39734069e-04 4.20307129e-05 7.40630610e-05 1.32663453e-04 7.60722440e-05 1.63996283e-04 2.02157290e-04 1.12762885e-04 7.69628031e-05 5.46972224e-06 9.10674644e-06 6.10374482e-06 2.68037513e-05 4.93059815e-06 1.81695421e-05 5.38073666e-05 4.01304918e-05 2.24784453e-05 5.44476945e-05 4.28269181e-05 1.44263817e-05 6.31773206e-05 7.94175834e-05 9.49586829e-06 5.21693208e-05 1.56042825e-04 3.05757800e-05 3.24955924e-04 4.38641291e-04 1.75456516e-05 2.61429655e-04 6.80354657e-05 4.10753419e-05 4.86366835e-04 6.69867829e-04 1.17158926e-04 3.89769355e-04 9.47355578e-05 3.21159563e-05 7.15497166e-05 3.81543471e-05 1.14152126e-06 1.59583418e-08 3.72254094e-10
 1992 12 27 12 00 00  3.76526469e-03 2.28826957e-03 1.26592453e-03 9.10031495e-04 6.63403831e-04 3.67875551e-04 2.66574025e-04 2.27458194e-04 4.72754893e-04 1.35520972e-04 3.34654664e-03 5.06997928e-03 2.36862848e-04 6.86596014e-05 4.45215321e-05 1.36637313e-04 4.11001500e-05 7.16883922e-05 1.30571024e-04 7.52235937e-05 1.59054537e-04 1.95852510e-04 1.10143498e-04 7.58057858e-05 5.40316869e-06 9.00602245e-06 6.07724724e-06 2.64838894e-05 4.91166611e-06 1.79551644e-05 5.25763959e-05 3.97461088e-05 2.17098001e-05 5.31792935e-05 4.17185744e-05 1.42994046e-05 6.08118140e-05 7.60944801e-05 9.41208855e-06 5.04534585e-05 1.48930698e-04 2.98573868e-05 3.11713675e-04 4.28439727e-04 1.71375891e-05 2.47946253e-04 6.29260379e-05 3.96824646e-05 4.64055190e-04 6.46973856e-04 1.13081011e-04 3.71670437e-04 9.02699147e-05 3.04931136e-05 6.78063947e-05 3.56693683e-05 1.03038086e-06 1.02464092e-08 1.00000000e-10
 1992 12 28 12 00 00  3.74543778e-03 2.27487386e-03 1.25747321e-03 9.03675126e-04 6.57733472e-04 3.65421507e-04 2.64115426e-04 2.24739590e-04 4.65661831e-04 1.33551450e-04 3.28967324e-03 4.96373475e-03 2.33954137e-04 6.79144047e-05 4.40800393e-05 1.34479748e-04 4.04799328e-05 7.01054640e-05 1.28868086e-04 7.44005141e-05 1.55762258e-04 1.91649541e-04 1.08373684e-04 7.50501971e-05 5.35880899e-06 9.02639804e-06 6.05958267e-06 2.62663513e-05 4.89333070e-06 1.78010067e-05 5.17234468e-05 3.94899078e-05 2.11975072e-05 5.23466913e-05 4.06450010e-05 1.42147546e-05 5.91723964e-05 7.38243935e-05 9.42905681e-06 4.93093674e-05 1.44034751e-04 2.91608478e-05 3.03129342e-04 4.18557365e-04 1.67422946e-05 2.38096452e-04 5.95202670e-05 3.83320992e-05 4.48013402e-04 6.30654622e-04 1.09815017e-04 3.62283256e-04 9.10267838e-05 3.07685010e-05 6.84432472e-05 3.61113815e-05 1.05154836e-06 1.14416370e-08 1.00000000e-10
 1992 12 29 12 00 00  3.73045440e-03 2.26598468e-03 1.25176105e-03 8.99144708e-04 6.53568547e-04 3.63464635e-04 2.62227491e-04 2.22682272e-04 4.60298388e-04 1.32318562e-04 3.24657631e-03 4.87874001e-03 2.31958600e-04 6.75632064e-05 4.38023833e-05 1.32902451e-04 3.99841490e-05 6.88395987e-05 1.27994341e-04 7.41517928e-05 1.53128177e-04 1.88287793e-04 1.06995874e-04 7.44910099e-05 5.32334598e-06 9.00113009e-06 6.04545312e-06 2.61057471e-05 4.88781552e-06 1.76957374e-05 5.10969843e-05 3.92850838e-05 2.07880177e-05 5.17192903e-05 4.03219223e-05 1.41470387e-05 5.79718048e-05 7.21015813e-05 9.40805476e-06 4.85231366e-05 1.40376172e-04 2.89505726e-05 2.96377094e-04 4.15582640e-04 1.66233056e-05 2.31661705e-04 5.67969575e-05 3.79245816e-05 4.37050275e-04 6.19596542e-04 1.08074845e-04 3.53565508e-04 8.98077604e-05 3.03257269e-05 6.74230272e-05 3.54470859e-05 1.02278077e-06 1.00355212e-08 1.00000000e-10
 1992 12 30 12 00 00  3.71136038e-03 2.25131686e-03 1.24265691e-03 8.92637201e-04 6.47942760e-04 3.61247888e-04 2.59903644e-04 2.20069940e-04 4.53474907e-04 1.30056871e-04 3.19198276e-03 4.78312038e-03 2.28868917e-04 6.65456108e-05 4.32979920e-05 1.30751205e-04 3.94263916e-05 6.74155017e-05 1.25774698e-04 7.28298153e-05 1.50164838e-04 1.84505835e-04 1.05349434e-04 7.36931932e-05 5.28344972e-06 9.00432351e-06 6.02955733e-06 2.58863530e-05 4.85821038e-06 1.75314981e-05 5.02470635e-05 3.90546542e-05 2.03273419e-05 5.08705121e-05 3.85894382e-05 1.40708595e-05 5.63310228e-05 6.99234445e-05 9.41071703e-06 4.72121277e-05 1.35599360e-04 2.78305553e-05 2.88113409e-04 3.99639830e-04 1.59855932e-05 2.20693579e-04 5.37332380e-05 3.57524055e-05 4.19968804e-04 6.01851822e-04 1.03899854e-04 3.44492607e-04 8.99010260e-05 3.03597311e-05 6.75020049e-05 3.55058502e-05 1.02586970e-06 1.02296365e-08 1.00000000e-10
 1992 12 31 12 00 00  3.69349305e-03 2.23920832e-03 1.23502150e-03 8.86903832e-04 6.42833232e-04 3.59039089e-04 2.57689449e-04 2.17621182e-04 4.47085068e-04 1.28275008e-04 3.14073840e-03 4.68750075e-03 2.26242890e-04 6.58705283e-05 4.28992397e-05 1.28806780e-04 3.88681481e-05 6.59908110e-05 1.24238062e-04 7.20810902e-05 1.47202814e-04 1.80723104e-04 1.03755596e-04 7.30412242e-05 5.24352326e-06 9.06417554e-06 6.01365864e-06 2.56929364e-05 4.84143166e-06 1.73923326e-05 4.94780453e-05 3.88240587e-05 1.98662383e-05 5.01451772e-05 3.76076350e-05 1.39946744e-05 5.48565607e-05 6.78801154e-05 9.46051805e-06 4.62329298e-05 1.31190656e-04 2.71961151e-05 2.80589107e-04 3.90605508e-04 1.56242203e-05 2.11818170e-04 5.06678887e-05 3.45219043e-05 4.05490019e-04 5.87248833e-04 1.00943721e-04 3.37410234e-04 9.24313887e-05 3.12795613e-05 6.96250986e-05 3.69314317e-05 1.09080470e-06 1.36571513e-08 1.72413639e-10
 1993 01 01 12 00 00  3.68871157e-03 2.23482053e-03 1.23235109e-03 8.85118663e-04 6.41358615e-04 3.58543685e-04 2.57125414e-04 2.16969443e-04 4.45379189e-04 1.27561029e-04 3.12714115e-03 4.66625318e-03 2.25352367e-04 6.54939815e-05 4.27407462e-05 1.28238784e-04 3.87451757e-05 6.56755408e-05 1.23445412e-04 7.15353235e-05 1.46542776e-04 1.79884218e-04 1.03367031e-04 7.27473755e-05 5.23471899e-06 8.96616839e-06 6.01013126e-06 2.56281769e-05 4.82919058e-06 1.73449459e-05 4.92518647e-05 3.87731910e-05 1.97647241e-05 4.98580984e-05 3.68914363e-05 1.39777563e-05 5.44117339e-05 6.73341775e-05 9.37897203e-06 4.56994358e-05 1.29963258e-04 2.67335738e-05 2.78055840e-04 3.84015461e-04 1.53606184e-05 2.08415328e-04 4.99903108e-05 3.36247525e-05 4.00559900e-04 5.81705413e-04 9.94815985e-05 3.32229084e-04 8.82738130e-05 2.97682445e-05 6.61369319e-05 3.45912085e-05 9.84348100e-07 8.04852682e-09 1.00000000e-10
