#START
 2015 01 01 12 00 00  3.73291890e-03 2.27070508e-03 1.25467924e-03 9.02941456e-04 6.57896487e-04 3.63760261e-04 2.62928569e-04 2.23750696e-04 4.62229553e-04 1.33552864e-04 3.25806020e-03 4.85785566e-03 2.33407530e-04 6.95338735e-05 4.46842955e-05 1.31827811e-04 3.89195426e-05 6.70942827e-05 1.32549529e-04 7.69351609e-05 1.49891797e-04 1.84038450e-04 1.05423386e-04 7.41984791e-05 5.26251315e-06 9.01797612e-06 6.03743902e-06 2.59975158e-05 4.91219689e-06 1.76342157e-05 4.93467280e-05 3.88970977e-05 1.96329624e-05 5.11639954e-05 4.19822143e-05 1.41282217e-05 5.62503727e-05 6.95576961e-05 9.43599443e-06 4.88502215e-05 1.37301763e-04 3.09948780e-05 2.92768111e-04 4.32076900e-04 1.72830760e-05 2.26065225e-04 5.01765520e-05 4.16890631e-05 4.24837386e-04 6.08873953e-04 1.10826037e-04 3.44048527e-04 1.03529663e-04 3.52913397e-05 7.87746259e-05 4.17785699e-05 1.21842132e-06 1.33720985e-08 1.00000000e-10
 2015 01 02 12 00 00  3.73993543e-03 2.27416577e-03 1.25696989e-03 9.04904908e-04 6.59774720e-04 3.64734972e-04 2.63829203e-04 2.24714775e-04 4.64741267e-04 1.33984351e-04 3.27830434e-03 4.90035266e-03 2.34225749e-04 6.95343809e-05 4.46757651e-05 1.31293394e-04 3.86763597e-05 6.66085281e-05 1.32221682e-04 7.68360216e-05 1.49016802e-04 1.82796230e-04 1.04967285e-04 7.41242515e-05 5.24660682e-06 8.98779399e-06 6.03986919e-06 2.59476673e-05 4.91003884e-06 1.75999882e-05 4.90174479e-05 3.88025772e-05 1.93962915e-05 5.10324764e-05 4.18555283e-05 1.41387660e-05 5.57544945e-05 6.88625927e-05 9.41223770e-06 4.88962112e-05 1.37132055e-04 3.09113937e-05 2.92759928e-04 4.30909120e-04 1.72363648e-05 2.23602031e-04 4.87610407e-05 4.15274786e-05 4.19423572e-04 6.03749718e-04 1.09971554e-04 3.43735434e-04 1.09027532e-04 3.72903234e-05 8.33905570e-05 4.49015234e-05 1.36236202e-06 2.10972416e-08 6.74822020e-10
 2015 01 03 12 00 00  3.74489716e-03 2.27891110e-03 1.25984562e-03 9.06804686e-04 6.61330748e-04 3.65234683e-04 2.64410912e-04 2.25391901e-04 4.66511877e-04 1.34765481e-04 3.29240783e-03 4.92160246e-03 2.35181752e-04 6.99195564e-05 4.47485990e-05 1.31980567e-04 3.88335146e-05 6.69265690e-05 1.33107060e-04 7.74609100e-05 1.49688600e-04 1.83644504e-04 1.05368593e-04 7.44172201e-05 5.25669166e-06 9.18951409e-06 6.05180758e-06 2.60186850e-05 4.92405707e-06 1.76561444e-05 4.93299433e-05 3.88638378e-05 1.95567292e-05 5.13791673e-05 4.26756975e-05 1.41906537e-05 5.62925974e-05 6.95595186e-05 9.57029770e-06 4.96859751e-05 1.38850888e-04 3.14410194e-05 2.98224908e-04 4.38455788e-04 1.75382315e-05 2.28353321e-04 4.97589936e-05 4.25547623e-05 4.25847346e-04 6.10557313e-04 1.11849485e-04 3.48844517e-04 1.11535881e-04 3.82025073e-05 8.54977350e-05 4.63367782e-05 1.42920088e-06 2.47355228e-08 1.00860591e-09
 2015 01 04 12 00 00  3.74250735e-03 2.27668289e-03 1.25849145e-03 9.05915309e-04 6.60605844e-04 3.64992714e-04 2.64132148e-04 2.25069206e-04 4.65662170e-04 1.34402575e-04 3.28563997e-03 4.91098203e-03 2.34732260e-04 6.97464784e-05 4.47167854e-05 1.33147912e-04 3.93466791e-05 6.79592311e-05 1.33234492e-04 7.71806808e-05 1.51722107e-04 1.86349891e-04 1.06378100e-04 7.47553790e-05 5.28989804e-06 9.34620693e-06 6.06483627e-06 2.61195675e-05 4.91773098e-06 1.77209757e-05 4.99958059e-05 3.90636153e-05 2.00699942e-05 5.18436788e-05 4.23058082e-05 1.42473204e-05 5.72990750e-05 7.10990642e-05 9.69305984e-06 5.02022060e-05 1.40815236e-04 3.12031829e-05 3.04131112e-04 4.35053595e-04 1.74021438e-05 2.33404331e-04 5.28997160e-05 4.20932338e-05 4.35727806e-04 6.20410241e-04 1.12809830e-04 3.58959590e-04 1.12350939e-04 3.84991023e-05 8.61838096e-05 4.68150125e-05 1.45224638e-06 2.60470493e-08 1.13032872e-09
 2015 01 05 12 00 00  3.74474207e-03 2.27849167e-03 1.25960671e-03 9.06713694e-04 6.61297276e-04 3.65248992e-04 2.64405473e-04 2.25379253e-04 4.66464603e-04 1.34688144e-04 3.29205931e-03 4.92160991e-03 2.35110895e-04 6.99132954e-05 4.48549197e-05 1.33648697e-04 3.95075302e-05 6.82846701e-05 1.33611243e-04 7.73673353e-05 1.52400179e-04 1.87217265e-04 1.06737207e-04 7.49074703e-05 5.30022371e-06 9.44029816e-06 6.06994399e-06 2.61657639e-05 4.92186591e-06 1.77554637e-05 5.02480379e-05 3.91263078e-05 2.02340656e-05 5.20536989e-05 4.25480946e-05 1.42695339e-05 5.77073526e-05 7.16685034e-05 9.76673618e-06 5.05205894e-05 1.41871740e-04 3.13609518e-05 3.06822664e-04 4.37284560e-04 1.74913824e-05 2.36148740e-04 5.39195898e-05 4.23989841e-05 4.40263378e-04 6.25343661e-04 1.13719376e-04 3.61747157e-04 1.11830103e-04 3.83100725e-05 8.57489867e-05 4.65404468e-05 1.44099054e-06 2.55471790e-08 1.08723821e-09
 2015 01 06 12 00 00  3.76317069e-03 2.29174598e-03 1.26790001e-03 9.12802801e-04 6.66650995e-04 3.67465580e-04 2.66672010e-04 2.27904843e-04 4.73054534e-04 1.36685081e-04 3.34485559e-03 5.01723178e-03 2.37945656e-04 7.07412928e-05 4.52996297e-05 1.35064595e-04 3.98770761e-05 6.90286688e-05 1.35158185e-04 7.83721276e-05 1.54025347e-04 1.89169338e-04 1.07659261e-04 7.53618748e-05 5.32412050e-06 9.44282438e-06 6.08364608e-06 2.63009645e-05 4.94436608e-06 1.78702704e-05 5.09031306e-05 3.92701826e-05 2.06043158e-05 5.26409100e-05 4.38647665e-05 1.43291385e-05 5.88127666e-05 7.31237821e-05 9.76865704e-06 5.14958084e-05 1.45837992e-04 3.22122243e-05 3.13566710e-04 4.49400888e-04 1.79760355e-05 2.44714752e-04 5.61883382e-05 4.40499338e-05 4.53116561e-04 6.39316229e-04 1.17011040e-04 3.66580020e-04 1.08530877e-04 3.71111639e-05 8.29837653e-05 4.47075629e-05 1.35921794e-06 2.13601361e-08 7.09591674e-10
 2015 01 07 12 00 00  3.76957024e-03 2.29668125e-03 1.27096050e-03 9.14993276e-04 6.68546377e-04 3.68209968e-04 2.67451691e-04 2.28781385e-04 4.75340768e-04 1.37447246e-04 3.36316676e-03 5.04910760e-03 2.38983664e-04 7.10993465e-05 4.55097466e-05 1.35986524e-04 4.01808968e-05 6.96402683e-05 1.35962838e-04 7.88174919e-05 1.55292632e-04 1.90773477e-04 1.08344871e-04 7.57094534e-05 5.34376995e-06 9.35459539e-06 6.08558985e-06 2.63822394e-05 4.95445565e-06 1.79381702e-05 5.13894000e-05 3.93884722e-05 2.09085920e-05 5.30225118e-05 4.44545061e-05 1.43375844e-05 5.95958667e-05 7.41763325e-05 9.69951288e-06 5.19419354e-05 1.47802673e-04 3.25905159e-05 3.15343925e-04 4.54824095e-04 1.81929638e-05 2.49699231e-04 5.80522115e-05 4.47842147e-05 4.61765573e-04 6.48851331e-04 1.18842852e-04 3.73635498e-04 1.10161967e-04 3.77044937e-05 8.43552039e-05 4.56513965e-05 1.40385940e-06 2.38408319e-08 9.38420097e-10
 2015 01 08 12 00 00  3.79365175e-03 2.31340204e-03 1.28146937e-03 9.22794487e-04 6.75450663e-04 3.71152176e-04 2.70423220e-04 2.32076148e-04 4.83945110e-04 1.39929549e-04 3.43216507e-03 5.17659821e-03 2.42585059e-04 7.20870921e-05 4.61066584e-05 1.36918396e-04 4.02994279e-05 6.98805612e-05 1.37422238e-04 7.99365749e-05 1.55986477e-04 1.91417790e-04 1.08798659e-04 7.61743950e-05 5.35135659e-06 9.49186797e-06 6.10187490e-06 2.64837300e-05 4.97977053e-06 1.80278741e-05 5.17322044e-05 3.94346891e-05 2.10303435e-05 5.35541258e-05 4.59343661e-05 1.44083999e-05 6.02461678e-05 7.49457834e-05 9.80711120e-06 5.31746135e-05 1.51561237e-04 3.35407356e-05 3.23044276e-04 4.68434032e-04 1.87373613e-05 2.56489277e-04 5.88131603e-05 4.66284138e-05 4.70010771e-04 6.59199085e-04 1.21690437e-04 3.80435083e-04 1.15711194e-04 3.97223010e-05 8.90153311e-05 4.88128418e-05 1.55018698e-06 3.17396989e-08 1.66145302e-09
 2015 01 09 12 00 00  3.82232522e-03 2.33134649e-03 1.29290842e-03 9.31643044e-04 6.83472273e-04 3.74816792e-04 2.74007888e-04 2.36002233e-04 4.94193981e-04 1.42477854e-04 3.51449478e-03 5.33595979e-03 2.46550062e-04 7.28822961e-05 4.66182982e-05 1.37805204e-04 4.04546154e-05 7.01951853e-05 1.38455933e-04 8.06736702e-05 1.56870168e-04 1.92261690e-04 1.09319885e-04 7.64765219e-05 5.36128937e-06 9.48146771e-06 6.11461146e-06 2.65755905e-05 4.99661692e-06 1.81076657e-05 5.20723327e-05 3.94952076e-05 2.11898019e-05 5.39892324e-05 4.69180959e-05 1.44637583e-05 6.08687082e-05 7.57349871e-05 9.79890247e-06 5.39680813e-05 1.55566966e-04 3.41680279e-05 3.28961916e-04 4.77475651e-04 1.90990261e-05 2.62156522e-04 5.98100480e-05 4.78467817e-05 4.77252591e-04 6.67766811e-04 1.23811411e-04 3.82001178e-04 1.13391789e-04 3.88798442e-05 8.70741766e-05 4.75488235e-05 1.49544243e-06 2.90634460e-08 1.42338008e-09
 2015 01 10 12 00 00  3.84140750e-03 2.34328006e-03 1.30051572e-03 9.37515622e-04 6.88789308e-04 3.77254166e-04 2.76390760e-04 2.38610713e-04 5.01008953e-04 1.44169984e-04 3.56925570e-03 5.44219837e-03 2.49184319e-04 7.34048183e-05 4.69591900e-05 1.37921391e-04 4.03553917e-05 6.99993805e-05 1.38943998e-04 8.11528007e-05 1.56671566e-04 1.91781138e-04 1.09263458e-04 7.65451554e-05 5.35468680e-06 9.38850499e-06 6.12175063e-06 2.65877785e-05 5.00775241e-06 1.81303801e-05 5.20286522e-05 3.94567440e-05 2.10975661e-05 5.40873462e-05 4.75672685e-05 1.44947640e-05 6.08634490e-05 7.56574990e-05 9.72599300e-06 5.43525425e-05 1.57458596e-04 3.45773267e-05 3.31516644e-04 4.83436474e-04 1.93374590e-05 2.63762516e-04 5.92805620e-05 4.86427249e-05 4.77819279e-04 6.69242339e-04 1.24632622e-04 3.79942356e-04 1.12610563e-04 3.85965877e-05 8.64239441e-05 4.71541758e-05 1.48048181e-06 2.85010046e-08 1.37796228e-09
 2015 01 11 12 00 00  3.85302220e-03 2.35080877e-03 1.30529040e-03 9.41140040e-04 6.92038949e-04 3.78714593e-04 2.77832914e-04 2.40195083e-04 5.05152628e-04 1.45253540e-04 3.60254361e-03 5.50593883e-03 2.50829215e-04 7.37745909e-05 4.72041212e-05 1.39550862e-04 4.09116183e-05 7.11178815e-05 1.39870744e-04 8.15187348e-05 1.58983616e-04 1.94704584e-04 1.10478467e-04 7.70920959e-05 5.39071734e-06 9.54336865e-06 6.14392775e-06 2.67394660e-05 5.01631439e-06 1.82436921e-05 5.28546748e-05 3.96732474e-05 2.16524248e-05 5.47944493e-05 4.80660470e-05 1.45912141e-05 6.21794272e-05 7.75482828e-05 9.84743165e-06 5.54796100e-05 1.61489554e-04 3.48903879e-05 3.41344942e-04 4.88014596e-04 1.95205838e-05 2.72386190e-04 6.26684458e-05 4.92518186e-05 4.91766770e-04 6.83970934e-04 1.27143928e-04 3.91501546e-04 1.14059641e-04 3.91240304e-05 8.76446602e-05 4.80126703e-05 1.52237623e-06 3.09226252e-08 1.60359086e-09
 2015 01 12 12 00 00  3.84695348e-03 2.34662206e-03 1.30265483e-03 9.39145905e-04 6.90252628e-04 3.77966153e-04 2.77076418e-04 2.39354193e-04 5.02970150e-04 1.44628648e-04 3.58508179e-03 5.47405966e-03 2.49918427e-04 7.35687078e-05 4.71896262e-05 1.39506014e-04 4.09376866e-05 7.11724046e-05 1.39524513e-04 8.12226499e-05 1.59065039e-04 1.94864817e-04 1.10488578e-04 7.71029899e-05 5.39230714e-06 9.66337320e-06 6.14669916e-06 2.67315841e-05 5.01007999e-06 1.82319231e-05 5.28611387e-05 3.96834803e-05 2.16822533e-05 5.47997900e-05 4.76987741e-05 1.46032282e-05 6.21598752e-05 7.75757484e-05 9.94163856e-06 5.55225900e-05 1.61009329e-04 3.46428074e-05 3.42422155e-04 4.84622119e-04 1.93848848e-05 2.71778901e-04 6.28696871e-05 4.87737532e-05 4.91199451e-04 6.83573022e-04 1.26626639e-04 3.94340160e-04 1.17215318e-04 4.02717067e-05 9.02962503e-05 4.98235759e-05 1.60705216e-06 3.55571274e-08 2.02939034e-09
 2015 01 13 12 00 00  3.83806564e-03 2.34214228e-03 1.29969875e-03 9.36604845e-04 6.87817189e-04 3.76734864e-04 2.75931213e-04 2.38123159e-04 4.99775363e-04 1.44057469e-04 3.55937903e-03 5.42093255e-03 2.48858920e-04 7.34665423e-05 4.70110233e-05 1.40834891e-04 4.15359973e-05 7.23767327e-05 1.40113167e-04 8.12980055e-05 1.61365155e-04 1.98022793e-04 1.11673920e-04 7.74335840e-05 5.43100723e-06 9.66695297e-06 6.14124438e-06 2.68458997e-05 5.01212817e-06 1.83101412e-05 5.36932062e-05 3.99164157e-05 2.22812858e-05 5.52414671e-05 4.78163944e-05 1.45794402e-05 6.34174315e-05 7.93575564e-05 9.94443399e-06 5.55815203e-05 1.62165828e-04 3.47096357e-05 3.42210280e-04 4.85692961e-04 1.94277185e-05 2.77802417e-04 6.65383122e-05 4.89052560e-05 5.04119354e-04 6.95954353e-04 1.28463694e-04 4.01615514e-04 1.11855738e-04 3.83242284e-05 8.58052093e-05 4.68552368e-05 1.47523878e-06 2.88552854e-08 1.42616212e-09
 2015 01 14 12 00 00  3.84159130e-03 2.34400246e-03 1.30091465e-03 9.37585597e-04 6.88725724e-04 3.77209295e-04 2.76374048e-04 2.38597421e-04 5.01024614e-04 1.44294872e-04 3.56946995e-03 5.44217527e-03 2.49283264e-04 7.35001403e-05 4.70753118e-05 1.39738907e-04 4.10761044e-05 7.14580528e-05 1.39656938e-04 8.12658516e-05 1.59619915e-04 1.95672846e-04 1.10779983e-04 7.69963992e-05 5.40092951e-06 9.61670812e-06 6.13008160e-06 2.67457695e-05 5.01181712e-06 1.82395947e-05 5.30794322e-05 3.97376716e-05 2.18335903e-05 5.47742779e-05 4.77956812e-05 1.45308062e-05 6.24743357e-05 7.79666581e-05 9.90499393e-06 5.49213538e-05 1.60437475e-04 3.46857792e-05 3.37261466e-04 4.85489279e-04 1.94195712e-05 2.72581646e-04 6.38599915e-05 4.88611520e-05 4.94444184e-04 6.86056557e-04 1.27069674e-04 3.88513649e-04 1.05285910e-04 3.59368318e-05 8.02989067e-05 4.32066296e-05 1.31254349e-06 2.05312222e-08 6.75550282e-10
 2015 01 15 12 00 00  3.83247104e-03 2.33627700e-03 1.29617200e-03 9.34280668e-04 6.85914363e-04 3.76202946e-04 2.75273665e-04 2.37340244e-04 4.97754248e-04 1.43060740e-04 3.54337972e-03 5.39966971e-03 2.47682574e-04 7.28599040e-05 4.67531444e-05 1.37107878e-04 4.01458994e-05 6.95949537e-05 1.37775211e-04 8.03983596e-05 1.55912665e-04 1.90865466e-04 1.08808813e-04 7.60247120e-05 5.34032479e-06 9.36201977e-06 6.10744391e-06 2.64894085e-05 4.99274538e-06 1.80512204e-05 5.17018630e-05 3.93759226e-05 2.09191188e-05 5.36252818e-05 4.66774392e-05 1.44322577e-05 6.02741734e-05 7.48925316e-05 9.70532492e-06 5.32535777e-05 1.55062917e-04 3.39537568e-05 3.25393576e-04 4.75187553e-04 1.90075021e-05 2.58566560e-04 5.83435409e-05 4.74433269e-05 4.70704987e-04 6.60870208e-04 1.22494875e-04 3.66338798e-04 9.85786393e-05 3.34994011e-05 7.46767761e-05 3.94762697e-05 1.14583838e-06 1.19739578e-08 1.00000000e-10
 2015 01 16 12 00 00  3.82235838e-03 2.32927158e-03 1.29176655e-03 9.30965959e-04 6.82955491e-04 3.74958474e-04 2.74016590e-04 2.35944011e-04 4.94125614e-04 1.42016022e-04 3.51431157e-03 5.34653924e-03 2.46164802e-04 7.23858641e-05 4.63798959e-05 1.35412228e-04 3.95597017e-05 6.84225233e-05 1.36644984e-04 7.99109577e-05 1.53543293e-04 1.87854277e-04 1.07558197e-04 7.54060519e-05 5.30205398e-06 9.19725499e-06 6.08854425e-06 2.63228376e-05 4.98215413e-06 1.79281709e-05 5.08461424e-05 3.91480222e-05 2.03458549e-05 5.28764914e-05 4.60556446e-05 1.43499812e-05 5.89006449e-05 7.29501387e-05 9.57620432e-06 5.20960107e-05 1.51125126e-04 3.35434859e-05 3.16233140e-04 4.69455307e-04 1.87782123e-05 2.49653804e-04 5.49006916e-05 4.66493599e-05 4.55899358e-04 6.44749452e-04 1.19722730e-04 3.52350326e-04 9.41792034e-05 3.19007731e-05 7.09900551e-05 3.70376983e-05 1.03741548e-06 7.05760002e-09 1.00000000e-10
 2015 01 17 12 00 00  3.79648116e-03 2.31165679e-03 1.28066368e-03 9.22635016e-04 6.75533790e-04 3.71766291e-04 2.70809798e-04 2.32394148e-04 4.84865185e-04 1.39417308e-04 3.44008490e-03 5.20842150e-03 2.42345089e-04 7.14069906e-05 4.58486964e-05 1.34012796e-04 3.92301357e-05 6.77655917e-05 1.34984421e-04 7.87912286e-05 1.52068482e-04 1.86185833e-04 1.06699093e-04 7.48371336e-05 5.28043311e-06 9.11521129e-06 6.07085494e-06 2.61715849e-05 4.95733948e-06 1.78047734e-05 5.02453511e-05 3.90199886e-05 2.00275899e-05 5.21926506e-05 4.46018879e-05 1.42729681e-05 5.78505955e-05 7.15962240e-05 9.51190159e-06 5.08076259e-05 1.46420950e-04 3.25969770e-05 3.07650761e-04 4.56069157e-04 1.82427663e-05 2.40871571e-04 5.30098565e-05 4.48150618e-05 4.43660180e-04 6.30840085e-04 1.16338494e-04 3.43861219e-04 9.10771958e-05 3.07739425e-05 6.83930784e-05 3.53398378e-05 9.63378093e-07 4.60168650e-09 1.00000000e-10
 2015 01 18 12 00 00  3.77840212e-03 2.29915198e-03 1.27279837e-03 9.16760990e-04 6.70315113e-04 3.69550260e-04 2.68572101e-04 2.29911717e-04 4.78393016e-04 1.37559490e-04 3.38822313e-03 5.11279926e-03 2.39642443e-04 7.06458629e-05 4.53634432e-05 1.33404534e-04 3.91390698e-05 6.75879011e-05 1.33867044e-04 7.79453199e-05 1.51601053e-04 1.85766904e-04 1.06382003e-04 7.46113787e-05 5.27427947e-06 9.13090553e-06 6.07033144e-06 2.60952103e-05 4.93863881e-06 1.77394219e-05 5.00157763e-05 3.89847730e-05 1.99465794e-05 5.19039536e-05 4.35060618e-05 1.42706151e-05 5.74087028e-05 7.11202918e-05 9.52413466e-06 5.03622020e-05 1.44023332e-04 3.18823033e-05 3.05845277e-04 4.45977337e-04 1.78390935e-05 2.36679320e-04 5.25643292e-05 4.34303045e-05 4.37939163e-04 6.23835731e-04 1.14328700e-04 3.43688685e-04 9.31100592e-05 3.15136920e-05 7.01042715e-05 3.65328797e-05 1.02088588e-06 6.77253311e-09 1.00000000e-10
 2015 01 19 12 00 00  3.75658853e-03 2.28446051e-03 1.26352608e-03 9.09762608e-04 6.64058579e-04 3.66842474e-04 2.65862684e-04 2.26916295e-04 4.70584992e-04 1.35400507e-04 3.32561068e-03 4.99592684e-03 2.36447942e-04 6.98221523e-05 4.48571475e-05 1.31965116e-04 3.87239124e-05 6.67593267e-05 1.32404775e-04 7.70493352e-05 1.49822206e-04 1.83653858e-04 1.05388850e-04 7.41347603e-05 5.24709176e-06 9.20236198e-06 6.06253234e-06 2.59478402e-05 4.91873834e-06 1.76199446e-05 4.93345981e-05 3.88234446e-05 1.95437999e-05 5.12990497e-05 4.23404999e-05 1.42365985e-05 5.62667768e-05 6.96200188e-05 9.58006785e-06 4.95597625e-05 1.39839705e-04 3.11245647e-05 3.00907241e-04 4.35246262e-04 1.74098505e-05 2.28516947e-04 5.01617789e-05 4.19616001e-05 4.25041460e-04 6.09602524e-04 1.11249074e-04 3.37834780e-04 9.55857537e-05 3.24145029e-05 7.21876050e-05 3.79804864e-05 1.09032550e-06 9.99479397e-09 1.00000000e-10
 2015 01 20 12 00 00  3.73528856e-03 2.27086986e-03 1.25488397e-03 9.03083793e-04 6.58005300e-04 3.64134222e-04 2.63196227e-04 2.23985870e-04 4.62953778e-04 1.33446853e-04 3.26437524e-03 4.87905219e-03 2.33449786e-04 6.92037574e-05 4.45551752e-05 1.30572097e-04 3.82992817e-05 6.59120211e-05 1.31220903e-04 7.63945864e-05 1.48014955e-04 1.81494330e-04 1.04400569e-04 7.36119220e-05 5.21927650e-06 9.16363861e-06 6.04899360e-06 2.58014482e-05 4.90439597e-06 1.75085617e-05 4.86739171e-05 3.86584463e-05 1.91321160e-05 5.06502577e-05 4.14992304e-05 1.41775905e-05 5.51648547e-05 6.81211830e-05 9.54967400e-06 4.85805654e-05 1.35581853e-04 3.05724912e-05 2.94068229e-04 4.27494479e-04 1.70997792e-05 2.20775183e-04 4.77075519e-05 4.08925989e-05 4.13120520e-04 5.96694415e-04 1.08619278e-04 3.28362487e-04 9.32794095e-05 3.15770549e-05 7.02592879e-05 3.67401261e-05 1.03773909e-06 7.70677815e-09 1.00000000e-10
 2015 01 21 12 00 00  3.72287153e-03 2.26190125e-03 1.24927408e-03 8.98925765e-04 6.54326566e-04 3.62635134e-04 2.61660158e-04 2.22270340e-04 4.58497071e-04 1.32087276e-04 3.22870293e-03 4.81529497e-03 2.31524807e-04 6.85969958e-05 4.41838121e-05 1.29832527e-04 3.81286838e-05 6.55746902e-05 1.30187520e-04 7.56822235e-05 1.47281167e-04 1.80660724e-04 1.03962645e-04 7.33031915e-05 5.20795656e-06 9.20710518e-06 6.04331872e-06 2.57220434e-05 4.88889782e-06 1.74398373e-05 4.83581545e-05 3.85922904e-05 1.89723185e-05 5.03134513e-05 4.05894622e-05 1.41527664e-05 5.46079766e-05 6.74299733e-05 9.58363962e-06 4.79740152e-05 1.33302290e-04 2.99727108e-05 2.90871896e-04 4.19108009e-04 1.67643204e-05 2.16115408e-04 4.67837119e-05 3.97317810e-05 4.06330391e-04 5.88743076e-04 1.06634592e-04 3.23922284e-04 9.14665479e-05 3.09191169e-05 6.87458758e-05 3.57851012e-05 9.98634550e-07 6.53158665e-09 1.00000000e-10
 2015 01 22 12 00 00  3.71706078e-03 2.25836916e-03 1.24701119e-03 8.97084110e-04 6.52607612e-04 3.61870411e-04 2.60916174e-04 2.21453259e-04 4.56394595e-04 1.31583019e-04 3.21185175e-03 4.78340648e-03 2.30725193e-04 6.83652564e-05 4.39160761e-05 1.29184108e-04 3.79147241e-05 6.51499256e-05 1.29773443e-04 7.55282701e-05 1.46417079e-04 1.79596413e-04 1.03513493e-04 7.30605892e-05 5.19383939e-06 9.16294157e-06 6.03165245e-06 2.56575846e-05 4.88606274e-06 1.73905957e-05 4.80644060e-05 3.85092426e-05 1.87688041e-05 5.00266961e-05 4.04197897e-05 1.41018580e-05 5.41276283e-05 6.67264560e-05 9.54888528e-06 4.74261650e-05 1.31510259e-04 2.98473460e-05 2.85947387e-04 4.17527044e-04 1.67010818e-05 2.12788375e-04 4.55906353e-05 3.94918694e-05 4.01050900e-04 5.82658485e-04 1.05670949e-04 3.18081906e-04 8.86207530e-05 2.98858018e-05 6.63665853e-05 3.42551237e-05 9.33804304e-07 4.47164012e-09 1.00000000e-10
 2015 01 23 12 00 00  3.70666608e-03 2.25087964e-03 1.24232465e-03 8.93580772e-04 6.49491279e-04 3.60608582e-04 2.59624224e-04 2.20009302e-04 4.52654793e-04 1.30445271e-04 3.18192848e-03 4.73026931e-03 2.29112142e-04 6.79304673e-05 4.38066444e-05 1.28545140e-04 3.77747638e-05 6.48739107e-05 1.28903241e-04 7.49252038e-05 1.45832908e-04 1.78920614e-04 1.03156116e-04 7.28267493e-05 5.18451779e-06 9.01937892e-06 6.01936008e-06 2.55806955e-05 4.87315992e-06 1.73315433e-05 4.78096246e-05 3.84549960e-05 1.86390374e-05 4.97191358e-05 3.96610383e-05 1.40482181e-05 5.36665601e-05 6.61325747e-05 9.43628183e-06 4.67227779e-05 1.29373283e-04 2.93413992e-05 2.80450277e-04 4.10525469e-04 1.64210187e-05 2.08467428e-04 4.48475126e-05 3.85138148e-05 3.95509223e-04 5.76965721e-04 1.03957714e-04 3.15627904e-04 8.86937310e-05 2.99134232e-05 6.64356630e-05 3.43640776e-05 9.43263890e-07 5.01146076e-09 1.00000000e-10
 2015 01 24 12 00 00  3.70413627e-03 2.24581612e-03 1.23941192e-03 8.91962231e-04 6.48346664e-04 3.60560380e-04 2.59378192e-04 2.19651100e-04 4.51736667e-04 1.29491199e-04 3.17484700e-03 4.73025367e-03 2.28179086e-04 6.72260776e-05 4.35619465e-05 1.28376557e-04 3.78622761e-05 6.50534814e-05 1.27585863e-04 7.37756898e-05 1.46210367e-04 1.79420228e-04 1.03245090e-04 7.27350662e-05 5.19001696e-06 8.97671198e-06 6.02460314e-06 2.55481412e-05 4.84802040e-06 1.72945670e-05 4.77914676e-05 3.84892133e-05 1.87328638e-05 4.96527237e-05 3.81861726e-05 1.40708813e-05 5.35542485e-05 6.61858162e-05 9.40273967e-06 4.64395133e-05 1.29149765e-04 2.83724803e-05 2.81192457e-04 3.96934069e-04 1.58773628e-05 2.05683506e-04 4.54530615e-05 3.66378663e-05 3.92409446e-04 5.73264850e-04 1.01830177e-04 3.18850905e-04 9.10973700e-05 3.07883298e-05 6.84606281e-05 3.57891675e-05 1.01287665e-06 7.67918422e-09 1.00000000e-10
 2015 01 25 12 00 00  3.71093678e-03 2.25459654e-03 1.24459635e-03 8.95000502e-04 6.50600607e-04 3.61043074e-04 2.60105621e-04 2.20553467e-04 4.54133652e-04 1.31024071e-04 3.19380756e-03 4.75148894e-03 2.29850634e-04 6.81745583e-05 4.38967920e-05 1.30151962e-04 3.83543345e-05 6.60451769e-05 1.29797785e-04 7.52869935e-05 1.48220525e-04 1.82030989e-04 1.04412294e-04 7.34109636e-05 5.22178671e-06 9.02695901e-06 6.03317712e-06 2.57143379e-05 4.88249134e-06 1.74368844e-05 4.86958570e-05 3.86808359e-05 1.92277599e-05 5.03967456e-05 4.01995319e-05 1.41080629e-05 5.50458910e-05 6.80896285e-05 9.44207495e-06 4.76502659e-05 1.32530244e-04 2.96580780e-05 2.86845433e-04 4.15441419e-04 1.66176568e-05 2.16910823e-04 4.84950375e-05 3.91344744e-05 4.10061842e-04 5.92246156e-04 1.06524754e-04 3.29363858e-04 9.20599612e-05 3.11391943e-05 6.92750799e-05 3.63901960e-05 1.04414524e-06 9.53592867e-09 1.00000000e-10
 2015 01 26 12 00 00  3.72318317e-03 2.26353078e-03 1.25017580e-03 8.99016756e-04 6.54086374e-04 3.62493766e-04 2.61596462e-04 2.22214515e-04 4.58493201e-04 1.32369824e-04 3.22875086e-03 4.81522307e-03 2.31745170e-04 6.87372691e-05 4.42182239e-05 1.31824621e-04 3.88657645e-05 6.70759298e-05 1.31058940e-04 7.59663584e-05 1.50382918e-04 1.84744723e-04 1.05575594e-04 7.41780018e-05 5.25480573e-06 9.23473635e-06 6.05897403e-06 2.58698457e-05 4.89818121e-06 1.75585499e-05 4.95207871e-05 3.88800079e-05 1.97421687e-05 5.12388118e-05 4.11147659e-05 1.42201781e-05 5.63862817e-05 6.99640288e-05 9.60482284e-06 4.92628047e-05 1.36754579e-04 3.02375935e-05 2.98148642e-04 4.23848396e-04 1.69539358e-05 2.26540942e-04 5.16571221e-05 4.02609061e-05 4.24688320e-04 6.08690518e-04 1.09622789e-04 3.48591294e-04 1.04678657e-04 3.57271761e-05 7.98689940e-05 4.35531471e-05 1.37397590e-06 2.72138664e-08 1.37055887e-09
 2015 01 27 12 00 00  3.73706729e-03 2.27304786e-03 1.25616765e-03 9.03455459e-04 6.58008665e-04 3.64192770e-04 2.63305856e-04 2.24105330e-04 4.63445008e-04 1.33771686e-04 3.26847055e-03 4.88958471e-03 2.33796687e-04 6.92699827e-05 4.45358604e-05 1.33535979e-04 3.94312083e-05 6.82143844e-05 1.32275695e-04 7.65629287e-05 1.52763964e-04 1.87732252e-04 1.06845050e-04 7.48623995e-05 5.29136778e-06 9.50944304e-06 6.07413567e-06 2.60401882e-05 4.91186656e-06 1.76811330e-05 5.03998667e-05 3.91001580e-05 2.03087955e-05 5.20710207e-05 4.19136108e-05 1.42860663e-05 5.78101540e-05 7.19299445e-05 9.82008496e-06 5.04928678e-05 1.40902436e-04 3.07457172e-05 3.06608984e-04 4.31189099e-04 1.72475639e-05 2.35870710e-04 5.51297388e-05 4.12480760e-05 4.39877100e-04 6.25404325e-04 1.12617519e-04 3.64386319e-04 1.11405312e-04 3.81729813e-05 8.55169116e-05 4.73768419e-05 1.55039551e-06 3.66956002e-08 2.23745360e-09
 2015 01 28 12 00 00  3.76081849e-03 2.28909539e-03 1.26629055e-03 9.11048678e-04 6.64770827e-04 3.67129691e-04 2.66246712e-04 2.27355424e-04 4.71933024e-04 1.36127991e-04 3.33655635e-03 5.01707345e-03 2.37276300e-04 7.01202087e-05 4.49781587e-05 1.36200120e-04 4.03023761e-05 6.99658587e-05 1.34222513e-04 7.75347231e-05 1.56421135e-04 1.92307368e-04 1.08804034e-04 7.58085577e-05 5.34781502e-06 9.74531504e-06 6.09975614e-06 2.62989269e-05 4.93381158e-06 1.78749286e-05 5.17450550e-05 3.94392351e-05 2.11772247e-05 5.32654537e-05 4.31967172e-05 1.43974932e-05 5.99914675e-05 7.49570673e-05 1.00048426e-05 5.22476598e-05 1.47582225e-04 3.15705605e-05 3.19610413e-04 4.42990702e-04 1.77196281e-05 2.50389026e-04 6.04292727e-05 4.28487576e-05 4.63340590e-04 6.50486258e-04 1.17335015e-04 3.83342456e-04 1.14666442e-04 3.93588223e-05 8.82557597e-05 4.92366011e-05 1.63659664e-06 4.13578618e-08 2.66444378e-09
 2015 01 29 12 00 00  3.77834493e-03 2.30326518e-03 1.27503321e-03 9.17184755e-04 6.70013028e-04 3.69107439e-04 2.68364032e-04 2.29753511e-04 4.78196360e-04 1.38350990e-04 3.38661501e-03 5.10207005e-03 2.40229209e-04 7.12441793e-05 4.56461014e-05 1.37136972e-04 4.03937680e-05 7.01510930e-05 1.36039735e-04 7.89640762e-05 1.56945733e-04 1.92803784e-04 1.09194465e-04 7.63054747e-05 5.35366671e-06 9.78871685e-06 6.11479554e-06 2.63928798e-05 4.96577632e-06 1.79692967e-05 5.20850683e-05 3.94748669e-05 2.12710380e-05 5.37603080e-05 4.50675318e-05 1.44629230e-05 6.06438041e-05 7.56862651e-05 1.00388301e-05 5.35388507e-05 1.50732551e-04 3.27811867e-05 3.26548981e-04 4.60207767e-04 1.84083107e-05 2.57699442e-04 6.10153016e-05 4.51964093e-05 4.72398037e-04 6.61948600e-04 1.20753280e-04 3.90635534e-04 1.21458618e-04 4.18278947e-05 9.39547142e-05 5.30631105e-05 1.81088408e-06 5.05567073e-08 3.50129241e-09
 2015 01 30 12 00 00  3.79241171e-03 2.31296261e-03 1.28113469e-03 9.21758878e-04 6.74086360e-04 3.70837685e-04 2.70108304e-04 2.31687986e-04 4.83234504e-04 1.39790922e-04 3.42699678e-03 5.17644659e-03 2.42327721e-04 7.18014639e-05 4.59433778e-05 1.38675216e-04 4.08855092e-05 7.11395172e-05 1.37274302e-04 7.96140521e-05 1.59009508e-04 1.95383905e-04 1.10308911e-04 7.67336292e-05 5.38553941e-06 9.82901765e-06 6.12808508e-06 2.65382225e-05 4.98014560e-06 1.80830138e-05 5.28483535e-05 3.96662537e-05 2.17608453e-05 5.43622143e-05 4.59095609e-05 1.45207770e-05 6.18866007e-05 7.74030613e-05 1.00704070e-05 5.43502458e-05 1.54550647e-04 3.33303178e-05 3.33238713e-04 4.67962326e-04 1.87184930e-05 2.66101152e-04 6.40023849e-05 4.62604250e-05 4.86085795e-04 6.76172558e-04 1.23622795e-04 3.96078687e-04 1.16164095e-04 3.99030829e-05 8.95112105e-05 5.00703864e-05 1.67391386e-06 4.32777512e-08 2.83784445e-09
 2015 01 31 12 00 00  3.80020869e-03 2.31793208e-03 1.28429531e-03 9.24227609e-04 6.76338204e-04 3.71834956e-04 2.71089848e-04 2.32767969e-04 4.86035922e-04 1.40508073e-04 3.44946939e-03 5.21895215e-03 2.43428378e-04 7.20587444e-05 4.61181893e-05 1.37489076e-04 4.03308106e-05 7.00277858e-05 1.37106479e-04 7.98625872e-05 1.56901885e-04 1.92509171e-04 1.09252282e-04 7.63138177e-05 5.34943320e-06 9.30830211e-06 6.11934884e-06 2.64091273e-05 4.98541376e-06 1.80156046e-05 5.21285645e-05 3.94505041e-05 2.12142113e-05 5.37920245e-05 4.62196767e-05 1.44828111e-05 6.07973908e-05 7.57910881e-05 9.66220687e-06 5.37358817e-05 1.53079496e-04 3.35384248e-05 3.27239838e-04 4.70825561e-04 1.88330224e-05 2.60792749e-04 6.06981921e-05 4.66624566e-05 4.75584150e-04 6.65796644e-04 1.22551047e-04 3.82611462e-04 1.11538542e-04 3.82215167e-05 8.56294409e-05 4.74582860e-05 1.55452807e-06 3.69456018e-08 2.26100418e-09
 2015 02 01 12 00 00  3.80594102e-03 2.32137798e-03 1.28650575e-03 9.26010797e-04 6.77993974e-04 3.72588080e-04 2.71819496e-04 2.33566628e-04 4.88100995e-04 1.40994168e-04 3.46604249e-03 5.25083430e-03 2.44206043e-04 7.21577130e-05 4.60854298e-05 1.37771525e-04 4.04200458e-05 7.02082820e-05 1.37354112e-04 7.99894391e-05 1.57303543e-04 1.92989733e-04 1.09472396e-04 7.62991367e-05 5.35516410e-06 9.44306012e-06 6.11937721e-06 2.64458882e-05 4.98790869e-06 1.80362470e-05 5.22640577e-05 3.94852803e-05 2.13051302e-05 5.38912839e-05 4.63677949e-05 1.44829697e-05 6.10329459e-05 7.61040248e-05 9.76784577e-06 5.37415307e-05 1.53963226e-04 3.36430356e-05 3.28193518e-04 4.72199709e-04 1.88879884e-05 2.62325728e-04 6.12628297e-05 4.68635088e-05 4.78034513e-04 6.67712272e-04 1.23086563e-04 3.79353027e-04 1.04748665e-04 3.57532143e-05 7.99319514e-05 4.36290816e-05 1.37985355e-06 2.77064061e-08 1.41998058e-09
 2015 02 02 12 00 00  3.81164677e-03 2.32478280e-03 1.28869224e-03 9.27775791e-04 6.79633268e-04 3.73338828e-04 2.72545430e-04 2.34360372e-04 4.90155168e-04 1.41472279e-04 3.48253074e-03 5.28271608e-03 2.44975290e-04 7.23581137e-05 4.63282449e-05 1.37974478e-04 4.04542312e-05 7.02783989e-05 1.37556308e-04 8.01063317e-05 1.57509452e-04 1.93184581e-04 1.09581365e-04 7.63531420e-05 5.35731415e-06 9.43922787e-06 6.12370204e-06 2.64626509e-05 4.99021298e-06 1.80527103e-05 5.23286278e-05 3.94986477e-05 2.13417283e-05 5.39762856e-05 4.65045683e-05 1.45018159e-05 6.11552994e-05 7.62758418e-05 9.76480806e-06 5.39259923e-05 1.54832713e-04 3.37394740e-05 3.30016277e-04 4.73468412e-04 1.89387365e-05 2.63464441e-04 6.14987919e-05 4.70488972e-05 4.79594871e-04 6.69905872e-04 1.23476569e-04 3.79755426e-04 1.04270961e-04 3.55793893e-05 7.95298993e-05 4.33492671e-05 1.36640007e-06 2.69429222e-08 1.34917233e-09
 2015 02 03 12 00 00  3.82870502e-03 2.33512791e-03 1.29531807e-03 9.33006275e-04 6.84430289e-04 3.75553566e-04 2.74694276e-04 2.36708554e-04 4.96267313e-04 1.42925183e-04 3.53162736e-03 5.37834130e-03 2.47287337e-04 7.27589274e-05 4.65441438e-05 1.39231368e-04 4.08793916e-05 7.11330271e-05 1.38386833e-04 8.04654090e-05 1.59341881e-04 1.95415799e-04 1.10551068e-04 7.68232526e-05 5.38486966e-06 9.51485636e-06 6.13074153e-06 2.65893449e-05 4.99806993e-06 1.81435640e-05 5.29680043e-05 3.96641204e-05 2.17652894e-05 5.45736706e-05 4.69654944e-05 1.45324637e-05 6.21998118e-05 7.77199219e-05 9.82410857e-06 5.46365372e-05 1.58356319e-04 3.40421742e-05 3.34608490e-04 4.77715825e-04 1.91086330e-05 2.69938196e-04 6.40822167e-05 4.76349785e-05 4.90421960e-04 6.81676390e-04 1.25496030e-04 3.89899737e-04 1.07130740e-04 3.66189424e-05 8.19292100e-05 4.49588579e-05 1.43961178e-06 3.07994043e-08 1.69981647e-09
 2015 02 04 12 00 00  3.84112646e-03 2.34424233e-03 1.30100590e-03 9.37149827e-04 6.88055729e-04 3.77033643e-04 2.76217574e-04 2.38409981e-04 5.00707032e-04 1.44308194e-04 3.56719698e-03 5.44208959e-03 2.49226667e-04 7.33448857e-05 4.68496073e-05 1.39835786e-04 4.09778440e-05 7.13320449e-05 1.39351985e-04 8.11935519e-05 1.59843007e-04 1.95944670e-04 1.10872811e-04 7.70856718e-05 5.39119828e-06 9.55791838e-06 6.13687153e-06 2.66532261e-05 5.01447066e-06 1.82002591e-05 5.32151162e-05 3.97024880e-05 2.18653819e-05 5.48777823e-05 4.79246752e-05 1.45591330e-05 6.26514772e-05 7.82523299e-05 9.85786028e-06 5.52552049e-05 1.60409184e-04 3.46598565e-05 3.37963269e-04 4.86539390e-04 1.94615756e-05 2.74219535e-04 6.47027395e-05 4.88334219e-05 4.96096677e-04 6.88367740e-04 1.27377227e-04 3.92932773e-04 1.08340631e-04 3.70588854e-05 8.29452809e-05 4.56483840e-05 1.47154210e-06 3.25241913e-08 1.85772588e-09
 2015 02 05 12 00 00  3.84999380e-03 2.34879351e-03 1.30399715e-03 9.39661229e-04 6.90433464e-04 3.78249687e-04 2.77349588e-04 2.39625033e-04 5.03876730e-04 1.44888873e-04 3.59274545e-03 5.49520925e-03 2.50287616e-04 7.34300556e-05 4.69968621e-05 1.40356444e-04 4.11713350e-05 7.17220479e-05 1.39432748e-04 8.11152218e-05 1.60701276e-04 1.96971835e-04 1.11304933e-04 7.71680096e-05 5.40368856e-06 9.33937699e-06 6.14262754e-06 2.66880623e-05 5.01293689e-06 1.82337400e-05 5.34769492e-05 3.97778378e-05 2.20600748e-05 5.50238897e-05 4.78335656e-05 1.45841361e-05 6.30541303e-05 7.88714726e-05 9.68649983e-06 5.53368970e-05 1.62098187e-04 3.45953187e-05 3.39726720e-04 4.85693902e-04 1.94277561e-05 2.76401383e-04 6.58999430e-05 4.87094221e-05 5.00110238e-04 6.92490225e-04 1.27808892e-04 3.93204853e-04 1.03802381e-04 3.54095619e-05 7.91403997e-05 4.31169570e-05 1.35791881e-06 2.66535338e-08 1.32685063e-09
 2015 02 06 12 00 00  3.85212328e-03 2.35051059e-03 1.30505523e-03 9.40378931e-04 6.91031457e-04 3.78486708e-04 2.77601465e-04 2.39908128e-04 5.04626602e-04 1.45154128e-04 3.59877206e-03 5.50582930e-03 2.50639578e-04 7.35491606e-05 4.70632478e-05 1.39781499e-04 4.09092347e-05 7.11985456e-05 1.39372267e-04 8.12698330e-05 1.59707080e-04 1.95633286e-04 1.10810947e-04 7.70093547e-05 5.38654349e-06 9.33822812e-06 6.13439188e-06 2.66389597e-05 5.01676150e-06 1.82001994e-05 5.31558061e-05 3.96759715e-05 2.18050453e-05 5.48201624e-05 4.80551302e-05 1.45482321e-05 6.25723650e-05 7.81158891e-05 9.68550885e-06 5.50834088e-05 1.61143553e-04 3.47293040e-05 3.36589637e-04 4.87721230e-04 1.95088492e-05 2.73982955e-04 6.43748557e-05 4.89711761e-05 4.95364611e-04 6.88013175e-04 1.27369875e-04 3.88414862e-04 1.03592630e-04 3.53338737e-05 7.89684434e-05 4.30337001e-05 1.35644084e-06 2.67499260e-08 1.34003368e-09
 2015 02 07 12 00 00  3.85174279e-03 2.34983121e-03 1.30466060e-03 9.40124539e-04 6.90825407e-04 3.78468175e-04 2.77556451e-04 2.39845184e-04 5.04476801e-04 1.45023546e-04 3.59763754e-03 5.50582111e-03 2.50506553e-04 7.34281797e-05 4.69836531e-05 1.39032886e-04 4.05980274e-05 7.05767423e-05 1.38879205e-04 8.11041100e-05 1.58504030e-04 1.94041543e-04 1.10181642e-04 7.68419381e-05 5.36619737e-06 9.44992644e-06 6.13817974e-06 2.65710094e-05 5.01349750e-06 1.81488378e-05 5.27278468e-05 3.95550131e-05 2.15018357e-05 5.45934315e-05 4.78614093e-05 1.45646234e-05 6.19064023e-05 7.71905121e-05 9.77298478e-06 5.50890247e-05 1.60063062e-04 3.45925975e-05 3.37063491e-04 4.85924225e-04 1.94369690e-05 2.70589988e-04 6.25596324e-05 4.87084151e-05 4.88250778e-04 6.80872934e-04 1.26195314e-04 3.86097763e-04 1.08072989e-04 3.69632009e-05 8.27322549e-05 4.55973774e-05 1.47583304e-06 3.32491226e-08 1.93629042e-09
 2015 02 08 12 00 00  3.85483397e-03 2.35082074e-03 1.30537591e-03 9.40827998e-04 6.91538469e-04 3.78934321e-04 2.77957219e-04 2.40258261e-04 5.05568995e-04 1.45097056e-04 3.60651357e-03 5.52706048e-03 2.50770843e-04 7.33607084e-05 4.70557313e-05 1.39864122e-04 4.09428088e-05 7.12717592e-05 1.38899730e-04 8.08754237e-05 1.59926796e-04 1.95872474e-04 1.10886260e-04 7.71106956e-05 5.38845052e-06 9.53003473e-06 6.15093231e-06 2.66408491e-05 5.00886017e-06 1.81962217e-05 5.31847424e-05 3.96892836e-05 2.18488654e-05 5.49516076e-05 4.75870445e-05 1.46200138e-05 6.25977405e-05 7.82596714e-05 9.83569771e-06 5.55726612e-05 1.61957685e-04 3.44028551e-05 3.42345768e-04 4.83383953e-04 1.93353581e-05 2.74247065e-04 6.46940316e-05 4.83429758e-05 4.94927247e-04 6.87886447e-04 1.26792068e-04 3.94020524e-04 1.10073476e-04 3.76911987e-05 8.44163918e-05 4.67731606e-05 1.53261994e-06 3.64899734e-08 2.23728698e-09
 2015 02 09 12 00 00  3.85300807e-03 2.34995283e-03 1.30479550e-03 9.40273269e-04 6.90979385e-04 3.78669680e-04 2.77711485e-04 2.39991873e-04 5.04895748e-04 1.44984481e-04 3.60113345e-03 5.51642627e-03 2.50552832e-04 7.33507783e-05 4.70677392e-05 1.39470795e-04 4.07754735e-05 7.09394924e-05 1.38733122e-04 8.08814948e-05 1.59281198e-04 1.95039526e-04 1.10557897e-04 7.69198286e-05 5.37741216e-06 9.63315688e-06 6.14821111e-06 2.66063859e-05 5.00957030e-06 1.81693340e-05 5.29734974e-05 3.96243355e-05 2.16896078e-05 5.47779625e-05 4.76250658e-05 1.46080769e-05 6.22674751e-05 7.77691647e-05 9.91645793e-06 5.53572396e-05 1.61099203e-04 3.44127446e-05 3.41343223e-04 4.83715423e-04 1.93486169e-05 2.72551244e-04 6.37599151e-05 4.83651878e-05 4.91634640e-04 6.84357668e-04 1.26350308e-04 3.87846445e-04 1.05624407e-04 3.60748956e-05 8.06906743e-05 4.43295071e-05 1.42548222e-06 3.11491029e-08 1.75935355e-09
 2015 02 10 12 00 00  3.84708481e-03 2.34615015e-03 1.30237807e-03 9.38363285e-04 6.89225120e-04 3.77909906e-04 2.76960606e-04 2.39162841e-04 5.02756458e-04 1.44430013e-04 3.58400321e-03 5.48454151e-03 2.49706194e-04 7.31603121e-05 4.69862875e-05 1.37030404e-04 3.97905998e-05 6.89676614e-05 1.37579174e-04 8.06673255e-05 1.55391108e-04 1.89958072e-04 1.08550244e-04 7.60940893e-05 5.31320948e-06 9.69794928e-06 6.13505108e-06 2.63836913e-05 5.00534588e-06 1.80078693e-05 5.16218436e-05 3.92413524e-05 2.07227844e-05 5.38007770e-05 4.73743159e-05 1.45507074e-05 6.01658845e-05 7.47384853e-05 9.96706440e-06 5.43570653e-05 1.56461245e-04 3.42360145e-05 3.34164066e-04 4.81389624e-04 1.92555850e-05 2.61063253e-04 5.79347310e-05 4.80254530e-05 4.70023142e-04 6.62133571e-04 1.23085656e-04 3.67032748e-04 1.01746596e-04 3.46664938e-05 7.74459740e-05 4.22223863e-05 1.33464717e-06 2.67421257e-08 1.36823779e-09
 2015 02 11 12 00 00  3.83677411e-03 2.33878706e-03 1.29776442e-03 9.34915272e-04 6.86158785e-04 3.76656947e-04 2.75680283e-04 2.37733648e-04 4.99048910e-04 1.43316278e-04 3.55434663e-03 5.43140769e-03 2.48117850e-04 7.26553641e-05 4.66595647e-05 1.33737505e-04 3.85565014e-05 6.64961583e-05 1.35757810e-04 8.00899346e-05 1.50480599e-04 1.83583062e-04 1.05992145e-04 7.49463167e-05 5.23279232e-06 9.19396771e-06 6.10289353e-06 2.60569094e-05 4.99303933e-06 1.77825403e-05 4.98789717e-05 3.87614331e-05 1.95100394e-05 5.23534272e-05 4.66503232e-05 1.44106598e-05 5.74090608e-05 7.07911235e-05 9.57181255e-06 5.23538494e-05 1.49679043e-04 3.37519974e-05 3.17574976e-04 4.74707340e-04 1.89882936e-05 2.44391974e-04 5.06214099e-05 4.70900384e-05 4.41124292e-04 6.31852432e-04 1.18224240e-04 3.39207295e-04 9.47236045e-05 3.21152744e-05 7.15659789e-05 3.83750875e-05 1.16665481e-06 1.84213150e-08 6.25079632e-10
 2015 02 12 12 00 00  3.83167948e-03 2.33391132e-03 1.29480756e-03 9.32912886e-04 6.84487310e-04 3.76135952e-04 2.75072517e-04 2.37022941e-04 4.97211207e-04 1.42506445e-04 3.53975665e-03 5.41014783e-03 2.47125145e-04 7.21832208e-05 4.64371456e-05 1.31619555e-04 3.77986551e-05 6.49800000e-05 1.34256123e-04 7.94173451e-05 1.47497081e-04 1.79685431e-04 1.04407993e-04 7.42087093e-05 5.18333545e-06 9.16729696e-06 6.08301780e-06 2.58609583e-05 4.97855253e-06 1.76312573e-05 4.87736855e-05 3.84667801e-05 1.87681377e-05 5.14992694e-05 4.57990216e-05 1.43240526e-05 5.56545610e-05 6.83127391e-05 9.55072246e-06 5.10957172e-05 1.45494643e-04 3.31869116e-05 3.08306405e-04 4.66854992e-04 1.86741997e-05 2.33236757e-04 4.61618212e-05 4.59971430e-05 4.22049201e-04 6.11938227e-04 1.14576157e-04 3.22748739e-04 9.12882155e-05 3.08682667e-05 6.86965530e-05 3.65523590e-05 1.09110300e-06 1.49965617e-08 3.27763772e-10
 2015 02 13 12 00 00  3.81079711e-03 2.32125921e-03 1.28670145e-03 9.26489602e-04 6.78583282e-04 3.73420818e-04 2.72436979e-04 2.34141186e-04 4.89718970e-04 1.40726976e-04 3.47960514e-03 5.29326871e-03 2.44291420e-04 7.16397554e-05 4.60573204e-05 1.31128452e-04 3.77186312e-05 6.48260058e-05 1.33602488e-04 7.89656595e-05 1.47056264e-04 1.79341127e-04 1.04140533e-04 7.39800722e-05 5.17782573e-06 9.10149683e-06 6.07548318e-06 2.57916951e-05 4.96899520e-06 1.75793580e-05 4.86187850e-05 3.84359271e-05 1.87008744e-05 5.11983945e-05 4.52363282e-05 1.42910983e-05 5.53383760e-05 6.79306820e-05 9.49888054e-06 5.05295047e-05 1.42807903e-04 3.28088499e-05 3.04289215e-04 4.61659108e-04 1.84663643e-05 2.30139574e-04 4.58138995e-05 4.52668726e-05 4.18393160e-04 6.07164986e-04 1.13402864e-04 3.19725299e-04 8.89003832e-05 3.00019219e-05 6.67050674e-05 3.53111017e-05 1.04145972e-06 1.28958529e-08 1.49801993e-10
 2015 02 14 12 00 00  3.80423711e-03 2.31327766e-03 1.28196401e-03 9.23568059e-04 6.76313989e-04 3.72897316e-04 2.71702821e-04 2.33240057e-04 4.87369313e-04 1.39336087e-04 3.46105474e-03 5.27201220e-03 2.42739989e-04 7.06409827e-05 4.54113005e-05 1.30064421e-04 3.75198113e-05 6.44331216e-05 1.31766347e-04 7.76021974e-05 1.46269736e-04 1.78372332e-04 1.03622984e-04 7.35190082e-05 5.16462133e-06 9.04441185e-06 6.06113172e-06 2.56830714e-05 4.93888547e-06 1.74771840e-05 4.81790210e-05 3.83588340e-05 1.85150871e-05 5.07389389e-05 4.34716814e-05 1.42285222e-05 5.45589150e-05 6.69965482e-05 9.45391876e-06 4.93723988e-05 1.40360700e-04 3.16571910e-05 2.97457450e-04 4.45406857e-04 1.78162743e-05 2.22540652e-04 4.47422033e-05 4.30355576e-05 4.07818678e-04 5.94598125e-04 1.09905399e-04 3.13377522e-04 8.54262793e-05 2.87406709e-05 6.38019312e-05 3.34559596e-05 9.63728797e-07 9.30312964e-09 1.00000000e-10
 2015 02 15 12 00 00  3.76053322e-03 2.28650956e-03 1.26484326e-03 9.10137978e-04 6.64040649e-04 3.67252921e-04 2.66210121e-04 2.27232487e-04 4.71717427e-04 1.35562318e-04 3.33536146e-03 5.02764508e-03 2.36776459e-04 6.95863421e-05 4.48789784e-05 1.29684330e-04 3.76258482e-05 6.46510918e-05 1.30626651e-04 7.66094425e-05 1.46368494e-04 1.78981888e-04 1.03572308e-04 7.32778116e-05 5.17126718e-06 9.00996311e-06 6.05333553e-06 2.56077584e-05 4.91706123e-06 1.74140916e-05 4.81851538e-05 3.84003128e-05 1.86294666e-05 5.03875738e-05 4.21920442e-05 1.41944751e-05 5.44116414e-05 6.69706085e-05 9.42676634e-06 4.85879419e-05 1.35987617e-04 3.08194692e-05 2.93043858e-04 4.33618283e-04 1.73447313e-05 2.18843296e-04 4.54835652e-05 4.14130365e-05 4.05541851e-04 5.90814401e-04 1.08087448e-04 3.14366713e-04 8.41855057e-05 2.82907671e-05 6.27690391e-05 3.28276483e-05 9.39797573e-07 8.39326013e-09 1.00000000e-10
 2015 02 16 12 00 00  3.74663100e-03 2.27713416e-03 1.25892535e-03 9.05665481e-04 6.60038708e-04 3.65528576e-04 2.64481855e-04 2.25320115e-04 4.66735257e-04 1.34182001e-04 3.29544203e-03 4.95327152e-03 2.34735028e-04 6.90668146e-05 4.45927907e-05 1.29586304e-04 3.77199787e-05 6.48443471e-05 1.29983236e-04 7.60234019e-05 1.46661473e-04 1.79520325e-04 1.03666738e-04 7.31857750e-05 5.17717817e-06 9.01444073e-06 6.04620582e-06 2.55850334e-05 4.90430830e-06 1.73877778e-05 4.82430284e-05 3.84371204e-05 1.87305632e-05 5.02891645e-05 4.14434733e-05 1.41633544e-05 5.44320682e-05 6.70843123e-05 9.43018531e-06 4.81341133e-05 1.34531937e-04 3.03260254e-05 2.90179807e-04 4.26717810e-04 1.70687124e-05 2.17189165e-04 4.61367948e-05 4.04580060e-05 4.04889094e-04 5.89408854e-04 1.07098016e-04 3.15360655e-04 8.31245083e-05 2.79058359e-05 6.18842668e-05 3.22771290e-05 9.17852833e-07 7.47090745e-09 1.00000000e-10
 2015 02 17 12 00 00  3.72828878e-03 2.26411205e-03 1.25076294e-03 8.99624015e-04 6.54699979e-04 3.63305484e-04 2.62217999e-04 2.22800320e-04 4.60168450e-04 1.32227009e-04 3.24283815e-03 4.85764593e-03 2.31937509e-04 6.82162535e-05 4.40329171e-05 1.29239130e-04 3.77902266e-05 6.49886962e-05 1.28866964e-04 7.50633655e-05 1.46810196e-04 1.79923574e-04 1.03657832e-04 7.30110724e-05 5.18158340e-06 9.03261534e-06 6.03611406e-06 2.55398494e-05 4.88303995e-06 1.73365659e-05 4.82103703e-05 3.84645973e-05 1.88062433e-05 5.00943680e-05 4.01974336e-05 1.41193843e-05 5.42831636e-05 6.70106392e-05 9.44441999e-06 4.74376133e-05 1.32294732e-04 2.95145612e-05 2.85826648e-04 4.15244095e-04 1.66097638e-05 2.13673150e-04 4.66269004e-05 3.88854620e-05 4.01760271e-04 5.84798341e-04 1.05216465e-04 3.16579732e-04 8.32041233e-05 2.79350554e-05 6.19530645e-05 3.23392564e-05 9.21827865e-07 7.76701512e-09 1.00000000e-10
 2015 02 18 12 00 00  3.72738987e-03 2.26510050e-03 1.25125147e-03 8.99664909e-04 6.54563434e-04 3.63057373e-04 2.62062735e-04 2.22666241e-04 4.59834271e-04 1.32464910e-04 3.24005479e-03 4.84701693e-03 2.32063161e-04 6.84849695e-05 4.41785372e-05 1.29789965e-04 3.79483565e-05 6.53081690e-05 1.29517520e-04 7.54965527e-05 1.47442086e-04 1.80771219e-04 1.04017337e-04 7.32326486e-05 5.19175555e-06 9.06695423e-06 6.03991975e-06 2.55877801e-05 4.89295126e-06 1.73786520e-05 4.84955728e-05 3.85262101e-05 1.89667073e-05 5.03237784e-05 4.07761661e-05 1.41358993e-05 5.47458890e-05 6.76133293e-05 9.47128501e-06 4.78514776e-05 1.33119515e-04 2.98833213e-05 2.87963688e-04 4.20562977e-04 1.68225191e-05 2.17116350e-04 4.76202869e-05 3.96017422e-05 4.07304350e-04 5.90958778e-04 1.06628337e-04 3.20982264e-04 8.48601399e-05 2.85369915e-05 6.33421459e-05 3.32687627e-05 9.63936156e-07 9.97227154e-09 1.00000000e-10
 2015 02 19 12 00 00  3.72157661e-03 2.26142440e-03 1.24891118e-03 8.97837695e-04 6.52897441e-04 3.62312538e-04 2.61331658e-04 2.21863090e-04 4.57748193e-04 1.31937207e-04 3.22331157e-03 4.81513888e-03 2.31248756e-04 6.82984809e-05 4.40437009e-05 1.29593636e-04 3.79097881e-05 6.52316434e-05 1.29264069e-04 7.53241766e-05 1.47246054e-04 1.80579893e-04 1.03902771e-04 7.31416079e-05 5.18920824e-06 9.02910106e-06 6.03793233e-06 2.55632140e-05 4.88923033e-06 1.73601151e-05 4.84205327e-05 3.85112391e-05 1.89301078e-05 5.02097849e-05 4.05575352e-05 1.41272350e-05 5.46048754e-05 6.74404004e-05 9.44160274e-06 4.76516017e-05 1.32291975e-04 2.97384278e-05 2.86707685e-04 4.18546619e-04 1.67418647e-05 2.15888745e-04 4.74061875e-05 3.93214665e-05 4.05661359e-04 5.88868942e-04 1.06148103e-04 3.19603407e-04 8.39675231e-05 2.82122335e-05 6.25912139e-05 3.27487543e-05 9.39115034e-07 8.57661284e-09 1.00000000e-10
 2015 02 20 12 00 00  3.71437215e-03 2.25760590e-03 1.24641390e-03 8.95751816e-04 6.50926949e-04 3.61331676e-04 2.60411003e-04 2.20870476e-04 4.55165878e-04 1.31437786e-04 3.20252635e-03 4.77263927e-03 2.30362984e-04 6.82437962e-05 4.40277349e-05 1.29821375e-04 3.80228536e-05 6.54585485e-05 1.29375797e-04 7.53399392e-05 1.47630910e-04 1.81169002e-04 1.04098501e-04 7.32094221e-05 5.19655550e-06 9.09907685e-06 6.03786684e-06 2.55826174e-05 4.88963597e-06 1.73722175e-05 4.85738616e-05 3.85552325e-05 1.90420469e-05 5.02821485e-05 4.05809347e-05 1.41269600e-05 5.48282769e-05 6.77612839e-05 9.49649839e-06 4.77103051e-05 1.32039288e-04 2.97522172e-05 2.87131491e-04 4.18760330e-04 1.67504132e-05 2.16966236e-04 4.80854214e-05 3.93484865e-05 4.08117230e-04 5.91335737e-04 1.06498236e-04 3.21937156e-04 8.43015225e-05 2.83332327e-05 6.28684777e-05 3.29111701e-05 9.44805652e-07 8.74832224e-09 1.00000000e-10
 2015 02 21 12 00 00  3.71465404e-03 2.25819639e-03 1.24675267e-03 8.95929320e-04 6.51044514e-04 3.61333162e-04 2.60435952e-04 2.20907775e-04 4.55265138e-04 1.31548413e-04 3.20329361e-03 4.77263927e-03 2.30469721e-04 6.82920290e-05 4.39734462e-05 1.30078464e-04 3.81118531e-05 6.56368036e-05 1.29605564e-04 7.54718320e-05 1.47971899e-04 1.81629011e-04 1.04288642e-04 7.32424481e-05 5.20235335e-06 8.96951387e-06 6.03998706e-06 2.55994406e-05 4.89259801e-06 1.73911685e-05 4.87099721e-05 3.85898427e-05 1.91295505e-05 5.03265193e-05 4.07542509e-05 1.41362252e-05 5.50394208e-05 6.80600306e-05 9.39501042e-06 4.77518127e-05 1.32501601e-04 2.98640312e-05 2.87555970e-04 4.20354907e-04 1.68141963e-05 2.18387801e-04 4.86133242e-05 3.95653857e-05 4.10532676e-04 5.93361596e-04 1.07039644e-04 3.21188941e-04 8.10423251e-05 2.71480595e-05 6.01309968e-05 3.10502660e-05 8.58404582e-07 5.05970874e-09 1.00000000e-10
 2015 02 22 12 00 00  3.71188187e-03 2.25517903e-03 1.24494561e-03 8.94798549e-04 6.50156545e-04 3.61087254e-04 2.60122360e-04 2.20533594e-04 4.54280058e-04 1.31037546e-04 3.19547609e-03 4.76201735e-03 2.29877062e-04 6.80121041e-05 4.39049934e-05 1.29602633e-04 3.79824894e-05 6.53770170e-05 1.28951649e-04 7.50156643e-05 1.47447445e-04 1.80952959e-04 1.03976379e-04 7.30863774e-05 5.19395689e-06 8.96316997e-06 6.03932895e-06 2.55519348e-05 4.88232217e-06 1.73512873e-05 4.84692907e-05 3.85395077e-05 1.90011415e-05 5.01394304e-05 4.01532801e-05 1.41334065e-05 5.46370309e-05 6.75597422e-05 9.39007296e-06 4.74917752e-05 1.31561479e-04 2.94770551e-05 2.86550076e-04 4.14826612e-04 1.65930645e-05 2.15339667e-04 4.78324597e-05 3.88145680e-05 4.05733155e-04 5.88394170e-04 1.05700099e-04 3.19916588e-04 8.27597032e-05 2.77719073e-05 6.15687298e-05 3.19898652e-05 8.99349831e-07 6.41661231e-09 1.00000000e-10
 2015 02 23 12 00 00  3.72187793e-03 2.26198288e-03 1.24923409e-03 8.98035505e-04 6.53050980e-04 3.62324751e-04 2.61365169e-04 2.21910276e-04 4.57862960e-04 1.32043580e-04 3.22419203e-03 4.81514409e-03 2.31355340e-04 6.83692591e-05 4.40443059e-05 1.29891260e-04 3.79954232e-05 6.54026575e-05 1.29504496e-04 7.54552020e-05 1.47573925e-04 1.81016867e-04 1.04082842e-04 7.32055670e-05 5.19481218e-06 8.97112550e-06 6.04759480e-06 2.55838509e-05 4.89194863e-06 1.73822987e-05 4.85481897e-05 3.85445252e-05 1.90133724e-05 5.02886849e-05 4.07179585e-05 1.41694356e-05 5.48090402e-05 6.77564311e-05 9.39635211e-06 4.79350712e-05 1.33011827e-04 2.98476487e-05 2.89778752e-04 4.20029795e-04 1.68011918e-05 2.17676344e-04 4.79037932e-05 3.95321549e-05 4.08122791e-04 5.91105559e-04 1.06725380e-04 3.20314346e-04 8.27978603e-05 2.77853111e-05 6.15974015e-05 3.19824434e-05 8.97094745e-07 6.24909333e-09 1.00000000e-10
 2015 02 24 12 00 00  3.73375049e-03 2.26988055e-03 1.25422764e-03 9.01844016e-04 6.56477350e-04 3.63810425e-04 2.62846666e-04 2.23547202e-04 4.62120727e-04 1.33201139e-04 3.25832587e-03 4.87889647e-03 2.33082003e-04 6.87927259e-05 4.42761552e-05 1.30099561e-04 3.79881763e-05 6.53865631e-05 1.30083049e-04 7.59246002e-05 1.47629364e-04 1.80961991e-04 1.04154620e-04 7.32882099e-05 5.19441455e-06 8.92757816e-06 6.04647648e-06 2.56131261e-05 4.90214807e-06 1.74099439e-05 4.85985987e-05 3.85416381e-05 1.90033796e-05 5.03990025e-05 4.13167349e-05 1.41646611e-05 5.49413509e-05 6.78555267e-05 9.36224824e-06 4.81107865e-05 1.34250681e-04 3.02427507e-05 2.90029850e-04 4.25549940e-04 1.70219976e-05 2.19383697e-04 4.78289614e-05 4.02967678e-05 4.10084767e-04 5.93667362e-04 1.07681881e-04 3.19237583e-04 8.14262041e-05 2.72862761e-05 6.04435492e-05 3.11840109e-05 8.59025937e-07 4.83017573e-09 1.00000000e-10
 2015 02 25 12 00 00  3.74185953e-03 2.27548190e-03 1.25775156e-03 9.04511850e-04 6.58867909e-04 3.64812491e-04 2.63857913e-04 2.24670745e-04 4.65034804e-04 1.34037228e-04 3.28166619e-03 4.92140353e-03 2.34298658e-04 6.91561555e-05 4.45290761e-05 1.29714369e-04 3.77433898e-05 6.48928049e-05 1.30360974e-04 7.63164484e-05 1.46712363e-04 1.79658643e-04 1.03719709e-04 7.31602463e-05 5.17862936e-06 8.85422269e-06 6.04576999e-06 2.55840939e-05 4.91056016e-06 1.73985839e-05 4.83091586e-05 3.84462939e-05 1.87564321e-05 5.02437525e-05 4.18112439e-05 1.41617042e-05 5.45389254e-05 6.72085594e-05 9.30479218e-06 4.80928286e-05 1.34267593e-04 3.05717345e-05 2.89441520e-04 4.30112078e-04 1.72044831e-05 2.18264135e-04 4.63073200e-05 4.09328932e-05 4.06691996e-04 5.90750898e-04 1.07800309e-04 3.13031801e-04 7.91411552e-05 2.64552912e-05 5.85239115e-05 2.98761472e-05 7.98094823e-07 2.62180038e-09 1.00000000e-10
 2015 02 26 12 00 00  3.75009593e-03 2.28132270e-03 1.26141361e-03 9.07262493e-04 6.61321513e-04 3.65819383e-04 2.64882940e-04 2.25813706e-04 4.67996536e-04 1.34918714e-04 3.30537557e-03 4.96391356e-03 2.35560437e-04 6.95414630e-05 4.47625431e-05 1.29261536e-04 3.75159056e-05 6.44332729e-05 1.30719549e-04 7.67631922e-05 1.45859392e-04 1.78439966e-04 1.03322374e-04 7.30864783e-05 5.16399195e-06 9.11239549e-06 6.02451000e-06 2.55803540e-05 4.92014515e-06 1.73831177e-05 4.80506215e-05 3.83576582e-05 1.85257100e-05 5.01813748e-05 4.23747260e-05 1.40693548e-05 5.42019541e-05 6.65424363e-05 9.50737594e-06 4.77711954e-05 1.33668469e-04 3.09467607e-05 2.83995467e-04 4.35310828e-04 1.74124331e-05 2.16558394e-04 4.48795967e-05 4.16580064e-05 4.03556582e-04 5.88554607e-04 1.07939694e-04 3.09296057e-04 7.97764205e-05 2.66859487e-05 5.90549730e-05 3.02170941e-05 8.12500869e-07 3.07751975e-09 1.00000000e-10
 2015 02 27 12 00 00  3.76195309e-03 2.28911249e-03 1.26634690e-03 9.11067268e-04 6.64767229e-04 3.67316829e-04 2.66369792e-04 2.27455164e-04 4.72255432e-04 1.36057227e-04 3.33952693e-03 5.02767228e-03 2.37271966e-04 6.99425987e-05 4.49638238e-05 1.29895650e-04 3.76236392e-05 6.46471395e-05 1.31378642e-04 7.72099767e-05 1.46363491e-04 1.78975654e-04 1.03619513e-04 7.33719514e-05 5.17110093e-06 8.95004632e-06 6.05261266e-06 2.56268283e-05 4.92973013e-06 1.74388951e-05 4.82544272e-05 3.83994746e-05 1.86281482e-05 5.04560034e-05 4.29382228e-05 1.41917553e-05 5.45663248e-05 6.70988528e-05 9.38020676e-06 4.88116263e-05 1.36334689e-04 3.13218130e-05 2.93033024e-04 4.40509757e-04 1.76203903e-05 2.20859107e-04 4.54799359e-05 4.23831720e-05 4.08188125e-04 5.93735563e-04 1.09361903e-04 3.14689883e-04 8.43582715e-05 2.83513518e-05 6.28980748e-05 3.27872414e-05 9.28826586e-07 7.14026669e-09 1.00000000e-10
 2015 02 28 12 00 00  3.77152632e-03 2.29494324e-03 1.27007933e-03 9.14045591e-04 6.67516076e-04 3.68565521e-04 2.67583059e-04 2.28783814e-04 4.75697745e-04 1.36882500e-04 3.36716160e-03 5.08080572e-03 2.38579864e-04 7.02188591e-05 4.51800224e-05 1.30757686e-04 3.79041769e-05 6.52082963e-05 1.31927726e-04 7.74354732e-05 1.47541239e-04 1.80417459e-04 1.04237890e-04 7.37266449e-05 5.18941342e-06 9.16350255e-06 6.06577705e-06 2.57197283e-05 4.93438602e-06 1.75023934e-05 4.86634982e-05 3.85085412e-05 1.89026177e-05 5.09001797e-05 4.32130968e-05 1.42491393e-05 5.52413679e-05 6.80594627e-05 9.54760908e-06 4.95829172e-05 1.38801509e-04 3.15095996e-05 2.99373726e-04 4.43051865e-04 1.77220746e-05 2.25473799e-04 4.71289299e-05 4.27452876e-05 4.15310603e-04 6.01726438e-04 1.10701539e-04 3.23323808e-04 8.90821650e-05 3.00685406e-05 6.68614362e-05 3.54467809e-05 1.04984505e-06 1.35046372e-08 2.09391526e-10
 2015 03 01 12 00 00  3.76677450e-03 2.29329779e-03 1.26890934e-03 9.12905016e-04 6.66362531e-04 3.67855694e-04 2.66963600e-04 2.28139150e-04 4.74005082e-04 1.36738972e-04 3.35346439e-03 5.04894145e-03 2.38145421e-04 7.03430318e-05 4.52082109e-05 1.32324733e-04 3.85269843e-05 6.64576830e-05 1.32833007e-04 7.77262612e-05 1.49946810e-04 1.83657851e-04 1.05489967e-04 7.42474317e-05 5.22989794e-06 9.30815877e-06 6.07505826e-06 2.58638313e-05 4.94065134e-06 1.76047722e-05 4.95440754e-05 3.87508335e-05 1.95184592e-05 5.15220952e-05 4.35812428e-05 1.42895864e-05 5.66091060e-05 7.00084489e-05 9.66099105e-06 5.03174571e-05 1.41052065e-04 3.17539205e-05 3.04777151e-04 4.46447521e-04 1.78579008e-05 2.33297968e-04 5.08620287e-05 4.32178174e-05 4.29821263e-04 6.16549632e-04 1.13127060e-04 3.36174702e-04 9.08586042e-05 3.07144239e-05 6.83527990e-05 3.64548634e-05 1.09624368e-06 1.59899592e-08 4.36410730e-10
 2015 03 02 12 00 00  3.79074652e-03 2.30690562e-03 1.27771140e-03 9.20031716e-04 6.72987488e-04 3.71042236e-04 2.70002251e-04 2.31435821e-04 4.82590175e-04 1.38585700e-04 3.42251004e-03 5.18706366e-03 2.41238223e-04 7.07556179e-05 4.55092577e-05 1.33560471e-04 3.89426626e-05 6.72925147e-05 1.33482207e-04 7.79393362e-05 1.51800451e-04 1.85831160e-04 1.06458469e-04 7.46877673e-05 5.25687356e-06 9.63650673e-06 6.08391456e-06 2.60070546e-05 4.94537926e-06 1.76946123e-05 5.01528849e-05 3.89125838e-05 1.99312315e-05 5.21786797e-05 4.38581948e-05 1.43281359e-05 5.76192039e-05 7.14124497e-05 9.91834604e-06 5.10802544e-05 1.45185370e-04 3.19340877e-05 3.11086911e-04 4.48997464e-04 1.79598986e-05 2.39505835e-04 5.33729442e-05 4.35670081e-05 4.39849927e-04 6.27636565e-04 1.14813582e-04 3.45181692e-04 9.25439956e-05 3.13272854e-05 6.97683034e-05 3.74163469e-05 1.14083101e-06 1.84031315e-08 6.57459864e-10
 2015 03 03 12 00 00  3.78439568e-03 2.30482766e-03 1.27621281e-03 9.18485237e-04 6.71386768e-04 3.70074188e-04 2.69161116e-04 2.30559474e-04 4.80310484e-04 1.38412548e-04 3.40408476e-03 5.14456704e-03 2.40668544e-04 7.09329276e-05 4.55680327e-05 1.32131919e-04 3.82978062e-05 6.59996003e-05 1.33379832e-04 7.83402822e-05 1.49208245e-04 1.82483768e-04 1.05167728e-04 7.42228394e-05 5.21492220e-06 9.48478191e-06 6.07515249e-06 2.58683537e-05 4.95448367e-06 1.76108273e-05 4.93316586e-05 3.86617467e-05 1.92948573e-05 5.15477333e-05 4.43902332e-05 1.42899997e-05 5.63646564e-05 6.95259385e-05 9.79934339e-06 5.05747497e-05 1.42146588e-04 3.22748238e-05 3.05919499e-04 4.53889325e-04 1.81555730e-05 2.33671910e-04 4.95217915e-05 4.42284916e-05 4.28070390e-04 6.15756861e-04 1.13809118e-04 3.31271004e-04 8.95156241e-05 3.02268212e-05 6.72302396e-05 3.57351392e-05 1.06590630e-06 1.45729613e-08 3.12163717e-10
 2015 03 04 12 00 00  3.78610010e-03 2.30564100e-03 1.27675280e-03 9.18936380e-04 6.71812091e-04 3.70310957e-04 2.69376549e-04 2.30787509e-04 4.80911953e-04 1.38508735e-04 3.40896444e-03 5.15518822e-03 2.40858004e-04 7.09276119e-05 4.55856463e-05 1.31473964e-04 3.80344572e-05 6.54726988e-05 1.33078604e-04 7.82936229e-05 1.48199529e-04 1.81128882e-04 1.04648909e-04 7.39959202e-05 5.19773821e-06 9.24404594e-06 6.06655958e-06 2.57981981e-05 4.95376044e-06 1.75683163e-05 4.89762804e-05 3.85593536e-05 1.90369727e-05 5.12441629e-05 4.43459052e-05 1.42525620e-05 5.58071222e-05 6.87095264e-05 9.61050391e-06 5.01103124e-05 1.41040428e-04 3.22379492e-05 3.01539172e-04 4.53471170e-04 1.81388468e-05 2.30360939e-04 4.79712500e-05 4.41586832e-05 4.22315384e-04 6.09973472e-04 1.12927239e-04 3.25018717e-04 8.75208716e-05 2.95024360e-05 6.55618689e-05 3.46574499e-05 1.01987586e-06 1.23737653e-08 1.17923715e-10
 2015 03 05 12 00 00  3.78743519e-03 2.30573846e-03 1.27688066e-03 9.19149991e-04 6.72063178e-04 3.70536837e-04 2.69554093e-04 2.30961485e-04 4.81377990e-04 1.38469800e-04 3.41279298e-03 5.16580567e-03 2.40914480e-04 7.08187059e-05 4.55583856e-05 1.31046428e-04 3.78575118e-05 6.51197683e-05 1.32658540e-04 7.80851347e-05 1.47538842e-04 1.80230647e-04 1.04292189e-04 7.39204053e-05 5.18614106e-06 9.48551897e-06 6.07279399e-06 2.57669632e-05 4.94950182e-06 1.75372319e-05 4.87234595e-05 3.84906074e-05 1.88656937e-05 5.11696297e-05 4.40942007e-05 1.42795980e-05 5.54157284e-05 6.81863693e-05 9.79966208e-06 5.02648014e-05 1.40671332e-04 3.20647116e-05 3.03764222e-04 4.51141789e-04 1.80456716e-05 2.28395122e-04 4.69515711e-05 4.38248680e-05 4.17879812e-04 6.05649324e-04 1.12049627e-04 3.24980752e-04 9.18034264e-05 3.10598800e-05 6.91598791e-05 3.71111498e-05 1.13435585e-06 1.86210023e-08 6.91443525e-10
 2015 03 06 12 00 00  3.79490000e-03 2.31028668e-03 1.27978985e-03 9.21378841e-04 6.74070927e-04 3.71492523e-04 2.70480395e-04 2.31969742e-04 4.84029351e-04 1.39101337e-04 3.43413519e-03 5.20829186e-03 2.41917439e-04 7.09833951e-05 4.56722140e-05 1.32254815e-04 3.83081759e-05 6.60266669e-05 1.33193479e-04 7.82147981e-05 1.49400499e-04 1.82606682e-04 1.05258194e-04 7.43004154e-05 5.21530164e-06 9.70176116e-06 6.08390401e-06 2.58859711e-05 4.95297463e-06 1.76172333e-05 4.93738951e-05 3.86660482e-05 1.93164684e-05 5.17056333e-05 4.42938908e-05 1.43278274e-05 5.64385413e-05 6.96522275e-05 9.96906529e-06 5.09236362e-05 1.43442047e-04 3.21792671e-05 3.09765669e-04 4.52961137e-04 1.81184455e-05 2.34458123e-04 4.97100526e-05 4.40500386e-05 4.28327948e-04 6.16478219e-04 1.13688535e-04 3.33194764e-04 9.14478067e-05 3.09313476e-05 6.88668205e-05 3.69568562e-05 1.13038113e-06 1.86412915e-08 6.99111968e-10
 2015 03 07 12 00 00  3.79112505e-03 2.30820191e-03 1.27843360e-03 9.20205675e-04 6.72941225e-04 3.70974384e-04 2.69987152e-04 2.31431475e-04 4.82654300e-04 1.38814028e-04 3.42311782e-03 5.18702827e-03 2.41427812e-04 7.09389355e-05 4.57093262e-05 1.31288973e-04 3.79068719e-05 6.52248680e-05 1.32753240e-04 7.81653041e-05 1.47825867e-04 1.80554461e-04 1.04445815e-04 7.40910492e-05 5.18906272e-06 1.01582031e-05 6.08019254e-06 2.58181478e-05 4.95251588e-06 1.75531138e-05 4.88441144e-05 3.85100662e-05 1.89255356e-05 5.14649636e-05 4.42630524e-05 1.43115147e-05 5.56283603e-05 6.84518280e-05 1.03267805e-05 5.08601556e-05 1.41530049e-04 3.21427069e-05 3.09142593e-04 4.52656532e-04 1.81062613e-05 2.30266077e-04 4.73699474e-05 4.39825613e-05 4.19888860e-04 6.08517359e-04 1.12464957e-04 3.29962609e-04 9.68185097e-05 3.28844695e-05 7.33786773e-05 4.00308589e-05 1.27359625e-06 2.64414858e-08 1.41482852e-09
 2015 03 08 12 00 00  3.79070673e-03 2.30751427e-03 1.27803219e-03 9.19920614e-04 6.72693505e-04 3.70945005e-04 2.69932281e-04 2.31356799e-04 4.82483702e-04 1.38680455e-04 3.42182301e-03 5.18701486e-03 2.41288367e-04 7.07975097e-05 4.55891924e-05 1.29187133e-04 3.70464957e-05 6.35021192e-05 1.31755328e-04 7.79935159e-05 1.44458739e-04 1.76113357e-04 1.02715509e-04 7.33113055e-05 5.13298473e-06 9.44844942e-06 6.06982030e-06 2.55865026e-05 4.94928718e-06 1.74159891e-05 4.76659052e-05 3.81754915e-05 1.80806004e-05 5.04487532e-05 4.40703210e-05 1.42662131e-05 5.37741097e-05 6.58200770e-05 9.77025920e-06 4.97150463e-05 1.37948658e-04 3.20022751e-05 3.00205259e-04 4.50863154e-04 1.80345261e-05 2.20124412e-04 4.22774523e-05 4.37134731e-05 4.01030756e-04 5.88644253e-04 1.09650909e-04 3.08439117e-04 8.89240673e-05 3.00157100e-05 6.67620950e-05 3.56458431e-05 1.07801195e-06 1.64307213e-08 5.12016518e-10
 2015 03 09 12 00 00  3.77505068e-03 2.29738790e-03 1.27160402e-03 9.14946941e-04 6.68181386e-04 3.68959688e-04 2.67968545e-04 2.29192916e-04 4.76862305e-04 1.37211504e-04 3.37675178e-03 5.10200858e-03 2.39055508e-04 7.03084870e-05 4.53629071e-05 1.27341107e-04 3.63971136e-05 6.22035877e-05 1.30498840e-04 7.74523476e-05 1.41812085e-04 1.72780564e-04 1.01311198e-04 7.26675148e-05 5.09057572e-06 9.30482711e-06 6.05530186e-06 2.53983007e-05 4.93776497e-06 1.72811539e-05 4.67220303e-05 3.79230420e-05 1.74460336e-05 4.96326888e-05 4.33923909e-05 1.42028788e-05 5.22491809e-05 6.36874872e-05 9.65752915e-06 4.86464884e-05 1.33426148e-04 3.15487181e-05 2.92241375e-04 4.44605517e-04 1.77842207e-05 2.10539975e-04 3.84689396e-05 4.28369909e-05 3.84920771e-04 5.71730971e-04 1.06622741e-04 2.95017422e-04 8.68348547e-05 2.92569821e-05 6.50144360e-05 3.45146212e-05 1.02952230e-06 1.41001504e-08 3.05784686e-10
 2015 03 10 12 00 00  3.77456402e-03 2.29654491e-03 1.27111355e-03 9.14619397e-04 6.67908806e-04 3.68932025e-04 2.67908652e-04 2.29110086e-04 4.76668270e-04 1.37048899e-04 3.37528035e-03 5.10199666e-03 2.38888423e-04 7.01712866e-05 4.53011335e-05 1.26449062e-04 3.60619248e-05 6.15348225e-05 1.29927348e-04 7.72451516e-05 1.40522595e-04 1.71076753e-04 1.00635303e-04 7.23724019e-05 5.06861616e-06 9.36079523e-06 6.04561101e-06 2.53194299e-05 4.93374828e-06 1.72185988e-05 4.62578964e-05 3.77927965e-05 1.71212028e-05 4.93015440e-05 4.31534863e-05 1.41605866e-05 5.15192929e-05 6.26295213e-05 9.70125984e-06 4.81508297e-05 1.31756254e-04 3.13783356e-05 2.88262295e-04 4.42387088e-04 1.76954835e-05 2.06040096e-04 3.65332118e-05 4.25098377e-05 3.77012307e-04 5.63646193e-04 1.05212149e-04 2.88243558e-04 8.58192807e-05 2.88882702e-05 6.41656702e-05 3.39714529e-05 1.00670325e-06 1.30405244e-08 2.13050910e-10
 2015 03 11 12 00 00  3.77227995e-03 2.29472934e-03 1.26998976e-03 9.13776379e-04 6.67156068e-04 3.68662523e-04 2.67621449e-04 2.28782548e-04 4.75833943e-04 1.36758933e-04 3.36864396e-03 5.09136133e-03 2.38499217e-04 7.00725372e-05 4.53673885e-05 1.27355218e-04 3.64547916e-05 6.23260858e-05 1.30017314e-04 7.70421990e-05 1.42090057e-04 1.73155544e-04 1.01413103e-04 7.27382456e-05 5.09400561e-06 9.71974659e-06 6.05574423e-06 2.54098172e-05 4.92970685e-06 1.72693983e-05 4.67838807e-05 3.79457721e-05 1.75153997e-05 4.97660958e-05 4.29138920e-05 1.42045756e-05 5.23190796e-05 6.38255658e-05 9.98258183e-06 4.87678254e-05 1.33257761e-04 3.12105491e-05 2.93906390e-04 4.40166198e-04 1.76066479e-05 2.10146176e-04 3.89515859e-05 4.21870849e-05 3.84773489e-04 5.72108392e-04 1.05978225e-04 3.00482237e-04 9.24611519e-05 3.13027889e-05 6.97391191e-05 3.77185223e-05 1.17771978e-06 2.20928971e-08 1.03723661e-09
 2015 03 12 12 00 00  3.77552642e-03 2.29603382e-03 1.27088648e-03 9.14579634e-04 6.67939003e-04 3.69130643e-04 2.68037069e-04 2.29217597e-04 4.76982988e-04 1.36891951e-04 3.37795228e-03 5.11260144e-03 2.38821824e-04 7.00212849e-05 4.53810831e-05 1.26967671e-04 3.62947409e-05 6.20061415e-05 1.29675234e-04 7.68867787e-05 1.41500482e-04 1.72335161e-04 1.01100356e-04 7.25720968e-05 5.08354824e-06 9.63940183e-06 6.05763780e-06 2.53690593e-05 4.92663239e-06 1.72429515e-05 4.65547479e-05 3.78835539e-05 1.73591703e-05 4.95916868e-05 4.27314691e-05 1.42127668e-05 5.19561618e-05 6.33379651e-05 9.91969209e-06 4.86074696e-05 1.32984306e-04 3.10822303e-05 2.93668841e-04 4.38474459e-04 1.75389784e-05 2.08166282e-04 3.80148093e-05 4.19403630e-05 3.80841762e-04 5.67978971e-04 1.05222379e-04 2.95893616e-04 9.02192189e-05 3.04876785e-05 6.78570969e-05 3.64473762e-05 1.11928462e-06 1.89681934e-08 7.51946772e-10
 2015 03 13 12 00 00  3.76206654e-03 2.28759781e-03 1.26550869e-03 9.10388189e-04 6.64121798e-04 3.67405409e-04 2.66347375e-04 2.27364147e-04 4.72159027e-04 1.35688376e-04 3.33923070e-03 5.03822528e-03 2.36951625e-04 6.95556332e-05 4.49392742e-05 1.26441468e-04 3.62219434e-05 6.18605933e-05 1.29133515e-04 7.65177130e-05 1.41089783e-04 1.71961904e-04 1.00863877e-04 7.23521037e-05 5.07879304e-06 9.22176187e-06 6.03609842e-06 2.52991783e-05 4.91858482e-06 1.71956651e-05 4.64010997e-05 3.78552533e-05 1.72880929e-05 4.92492287e-05 4.22592042e-05 1.41190365e-05 5.16500413e-05 6.29126113e-05 9.59233657e-06 4.76413303e-05 1.30531962e-04 3.07713461e-05 2.84220700e-04 4.34121601e-04 1.73648640e-05 2.04505544e-04 3.75885225e-05 4.13385831e-05 3.77069315e-04 5.62987993e-04 1.04091304e-04 2.92423406e-04 8.74662572e-05 2.94865518e-05 6.55445324e-05 3.48730979e-05 1.04603324e-06 1.49854028e-08 3.86668608e-10
 2015 03 14 12 00 00  3.74478464e-03 2.27674558e-03 1.25859305e-03 9.05020452e-04 6.59245385e-04 3.65195315e-04 2.64182254e-04 2.24989959e-04 4.65972027e-04 1.34141222e-04 3.28955626e-03 4.94260341e-03 2.34550508e-04 6.90139537e-05 4.45089953e-05 1.26362747e-04 3.63405736e-05 6.20985869e-05 1.28646452e-04 7.60473893e-05 1.41399185e-04 1.72579177e-04 1.00983529e-04 7.22262772e-05 5.08650446e-06 9.11492825e-06 6.02470427e-06 2.52793903e-05 4.90814273e-06 1.71738401e-05 4.64870720e-05 3.79014091e-05 1.74054061e-05 4.91000218e-05 4.16475901e-05 1.40694523e-05 5.17101442e-05 6.30597387e-05 9.50862741e-06 4.70169788e-05 1.28722915e-04 3.03736248e-05 2.79554360e-04 4.28490547e-04 1.71396219e-05 2.02987710e-04 3.82996863e-05 4.05677187e-05 3.77004928e-04 5.61539575e-04 1.03344883e-04 2.91476111e-04 8.34550767e-05 2.80279828e-05 6.21758360e-05 3.25862547e-05 9.40079511e-07 9.25798318e-09 1.00000000e-10
 2015 03 15 12 00 00  3.72661250e-03 2.26400564e-03 1.25059550e-03 8.99095146e-04 6.54007088e-04 3.62983564e-04 2.61940535e-04 2.22500508e-04 4.59474862e-04 1.32241121e-04 3.23747723e-03 4.84698303e-03 2.31810313e-04 6.82131619e-05 4.39757839e-05 1.26073487e-04 3.64000327e-05 6.22169464e-05 1.27615151e-04 7.51588028e-05 1.41467977e-04 1.72878445e-04 1.00941362e-04 7.20450922e-05 5.09041238e-06 9.41972248e-06 6.02730543e-06 2.52551111e-05 4.88819969e-06 1.71312336e-05 4.64319476e-05 3.79244972e-05 1.74625369e-05 4.89608536e-05 4.04807855e-05 1.40807737e-05 5.15442182e-05 6.29860292e-05 9.74756695e-06 4.67051730e-05 1.26924665e-04 2.96204234e-05 2.80290434e-04 4.17754770e-04 1.67101908e-05 2.00248679e-04 3.86376370e-05 3.91067122e-05 3.73919198e-04 5.56724724e-04 1.01629268e-04 2.91617245e-04 8.26424239e-05 2.77320803e-05 6.14904764e-05 3.20981047e-05 9.15835079e-07 7.82686449e-09 1.00000000e-10
 2015 03 16 12 00 00  3.71099483e-03 2.25374220e-03 1.24409707e-03 8.94171416e-04 6.49596447e-04 3.61029457e-04 2.60000875e-04 2.20364312e-04 4.53894650e-04 1.30752180e-04 3.19269140e-03 4.76199165e-03 2.29570651e-04 6.77278008e-05 4.37558685e-05 1.25638272e-04 3.63782456e-05 6.21712825e-05 1.26935241e-04 7.46097707e-05 1.41239139e-04 1.72743532e-04 1.00770706e-04 7.18797922e-05 5.08908852e-06 9.20685125e-06 6.01164866e-06 2.52005604e-05 4.87572906e-06 1.70875067e-05 4.63105988e-05 3.79159377e-05 1.74374451e-05 4.86969198e-05 3.97521304e-05 1.40126984e-05 5.12848756e-05 6.26729733e-05 9.58073506e-06 4.59484961e-05 1.24605970e-04 2.91538192e-05 2.73694950e-04 4.11055069e-04 1.64422027e-05 1.96720700e-04 3.84676212e-05 3.82008613e-05 3.70558132e-04 5.52890391e-04 1.00274866e-04 2.91380519e-04 8.32597514e-05 2.79558490e-05 6.20038369e-05 3.24060379e-05 9.27218963e-07 8.22861459e-09 1.00000000e-10
 2015 03 17 12 00 00  3.69360095e-03 2.24254651e-03 1.23698832e-03 8.88745531e-04 6.44715442e-04 3.58834503e-04 2.57836125e-04 2.17986414e-04 4.47681549e-04 1.29143383e-04 3.14280198e-03 4.66637760e-03 2.27116113e-04 6.72054754e-05 4.34587976e-05 1.25490752e-04 3.64729494e-05 6.23587111e-05 1.26371605e-04 7.40729738e-05 1.41442501e-04 1.73208134e-04 1.00824227e-04 7.17617408e-05 5.09536512e-06 8.96794299e-06 6.00164094e-06 2.51678246e-05 4.86343706e-06 1.70618252e-05 4.63433798e-05 3.79526726e-05 1.75264562e-05 4.85064127e-05 3.90344474e-05 1.39692245e-05 5.12581702e-05 6.27203982e-05 9.39348101e-06 4.53263715e-05 1.22730363e-04 2.86967843e-05 2.68961062e-04 4.04459424e-04 1.61783770e-05 1.94637690e-04 3.89838417e-05 3.73130490e-05 3.69678284e-04 5.51103392e-04 9.93052640e-05 2.91649536e-04 8.17090158e-05 2.73913656e-05 6.06972148e-05 3.14849731e-05 8.82123152e-07 6.07510273e-09 1.00000000e-10
 2015 03 18 12 00 00  3.69154532e-03 2.24095300e-03 1.23600126e-03 8.88075641e-04 6.44157333e-04 3.58603232e-04 2.57593377e-04 2.17715283e-04 4.46959108e-04 1.28901423e-04 3.13699984e-03 4.65576053e-03 2.26787504e-04 6.71021420e-05 4.33974309e-05 1.25352590e-04 3.64522595e-05 6.23137224e-05 1.26209390e-04 7.39439041e-05 1.41313913e-04 1.73062122e-04 1.00746949e-04 7.17126420e-05 5.09418387e-06 9.29019079e-06 5.99901432e-06 2.51777549e-05 4.86021017e-06 1.70516195e-05 4.62809998e-05 3.79444740e-05 1.74996792e-05 4.85104778e-05 3.88476736e-05 1.39579002e-05 5.11656823e-05 6.25847256e-05 9.64614010e-06 4.52732675e-05 1.22305226e-04 2.85846501e-05 2.69232254e-04 4.02751567e-04 1.61100627e-05 1.93777551e-04 3.87896784e-05 3.70938011e-05 3.68382651e-04 5.49600484e-04 9.89215113e-05 2.91254000e-04 8.20090538e-05 2.74995291e-05 6.09424583e-05 3.15977326e-05 8.83528278e-07 5.95313665e-09 1.00000000e-10
 2015 03 19 12 00 00  3.68161949e-03 2.23409088e-03 1.23168673e-03 8.84905986e-04 6.41371284e-04 3.57395816e-04 2.56376126e-04 2.16368719e-04 4.43425840e-04 1.27889526e-04 3.10864425e-03 4.60264795e-03 2.25314913e-04 6.67949361e-05 4.33663583e-05 1.25765891e-04 3.67412722e-05 6.28903508e-05 1.25964610e-04 7.35102454e-05 1.42349972e-04 1.74531096e-04 1.01231186e-04 7.17494838e-05 5.11311919e-06 8.94217810e-06 5.99215309e-06 2.51933578e-05 4.85005294e-06 1.70665576e-05 4.65899227e-05 3.80567741e-05 1.77797410e-05 4.85237697e-05 3.82560072e-05 1.39281736e-05 5.15812789e-05 6.32627897e-05 9.37341174e-06 4.48376778e-05 1.21987992e-04 2.82135588e-05 2.66115734e-04 3.97321195e-04 1.58928478e-05 1.94303746e-04 4.04585240e-05 3.63717380e-05 3.72247919e-04 5.53238081e-04 9.87311979e-05 2.94022293e-04 7.90114935e-05 2.64090182e-05 5.84212954e-05 2.98565322e-05 8.00743598e-07 2.87787003e-09 1.00000000e-10
 2015 03 20 12 00 00  3.67736387e-03 2.23066056e-03 1.22957146e-03 8.83469862e-04 6.40173703e-04 3.56923483e-04 2.55872481e-04 2.15801903e-04 4.41924299e-04 1.27358911e-04 3.09659935e-03 4.58140969e-03 2.24609862e-04 6.65479018e-05 4.32199638e-05 1.25885430e-04 3.68285138e-05 6.30619121e-05 1.25685173e-04 7.31950917e-05 1.42629245e-04 1.74947106e-04 1.01344534e-04 7.17734586e-05 5.11895196e-06 9.22594409e-06 6.00446074e-06 2.52142364e-05 4.84243865e-06 1.70683951e-05 4.66450056e-05 3.80905636e-05 1.78597678e-05 4.86061563e-05 3.78138735e-05 1.39818585e-05 5.16542790e-05 6.34621822e-05 9.59597164e-06 4.51324803e-05 1.22183267e-04 2.79419415e-05 2.70884520e-04 3.93270390e-04 1.57308156e-05 1.94600718e-04 4.09121596e-05 3.58420337e-05 3.72541520e-04 5.52980244e-04 9.83560982e-05 2.96579169e-04 8.07030574e-05 2.70231825e-05 5.98352230e-05 3.07629770e-05 8.38944953e-07 4.08144700e-09 1.00000000e-10
 2015 03 21 12 00 00  3.68766541e-03 2.23802446e-03 1.23418372e-03 8.86907258e-04 6.43225105e-04 3.58174539e-04 2.57149716e-04 2.17226711e-04 4.45623459e-04 1.28471570e-04 3.12621212e-03 4.63454239e-03 2.26195071e-04 6.70877691e-05 4.36491225e-05 1.26814337e-04 3.70861642e-05 6.35761477e-05 1.26630654e-04 7.37649214e-05 1.43715068e-04 1.76258729e-04 1.01944928e-04 7.21117402e-05 5.13582345e-06 9.06529094e-06 6.01532302e-06 2.52953159e-05 4.85478849e-06 1.71443370e-05 4.70652213e-05 3.81906866e-05 1.81097741e-05 4.89692804e-05 3.85390944e-05 1.40292410e-05 5.23536189e-05 6.44129079e-05 9.47010121e-06 4.57976250e-05 1.24710670e-04 2.84213253e-05 2.75360998e-04 3.99957286e-04 1.59982914e-05 1.99893864e-04 4.24036756e-05 3.67695786e-05 3.80792315e-04 5.62493811e-04 1.00338824e-04 3.02274172e-04 8.19432356e-05 2.74734971e-05 6.08721240e-05 3.14299735e-05 8.67224745e-07 4.98085413e-09 1.00000000e-10
 2015 03 22 12 00 00  3.70628245e-03 2.25156541e-03 1.24264517e-03 8.93126831e-04 6.48698585e-04 3.60407877e-04 2.59443058e-04 2.19788048e-04 4.52292486e-04 1.30524769e-04 3.17960993e-03 4.73017171e-03 2.29089966e-04 6.78684236e-05 4.38662163e-05 1.28386196e-04 3.75147007e-05 6.44344545e-05 1.28317038e-04 7.48429622e-05 1.45528353e-04 1.78473286e-04 1.02974914e-04 7.27716408e-05 5.16374421e-06 9.06535934e-06 6.03467925e-06 2.54493759e-05 4.87860234e-06 1.72725337e-05 4.77999873e-05 3.83573410e-05 1.85310375e-05 4.97010988e-05 3.99346958e-05 1.41135301e-05 5.35913413e-05 6.60623535e-05 9.47016379e-06 4.71712970e-05 1.29121043e-04 2.93319579e-05 2.83906852e-04 4.12810388e-04 1.65124155e-05 2.09513752e-04 4.49447660e-05 3.85339401e-05 3.94850297e-04 5.77555381e-04 1.03950957e-04 3.14627625e-04 8.76146665e-05 2.95351112e-05 6.56303740e-05 3.46221000e-05 1.01241958e-06 1.15396432e-08 3.08904013e-11
 2015 03 23 12 00 00  3.74000705e-03 2.27427126e-03 1.25697571e-03 9.03951683e-04 6.58380741e-04 3.64597115e-04 2.63633629e-04 2.24420873e-04 4.64365142e-04 1.33861693e-04 3.27642870e-03 4.91079465e-03 2.34027979e-04 6.91566217e-05 4.46887779e-05 1.30397219e-04 3.80204787e-05 6.54489326e-05 1.30468116e-04 7.62263138e-05 1.47807228e-04 1.81103317e-04 1.04261198e-04 7.35662636e-05 5.19662863e-06 9.11256357e-06 6.05770001e-06 2.56512811e-05 4.90934290e-06 1.74403172e-05 4.86933326e-05 3.85541003e-05 1.90309176e-05 5.06504228e-05 4.17350820e-05 1.42137389e-05 5.51231491e-05 6.80785442e-05 9.50709727e-06 4.88591824e-05 1.35514622e-04 3.05019988e-05 2.95107690e-04 4.29385557e-04 1.71754223e-05 2.21613961e-04 4.79736889e-05 4.08018735e-05 4.12480505e-04 5.97860781e-04 1.08465711e-04 3.27548795e-04 9.19046326e-05 3.10948377e-05 6.92316429e-05 3.70543988e-05 1.12422929e-06 1.75181576e-08 5.76729819e-10
 2015 03 24 12 00 00  3.77792185e-03 2.30017911e-03 1.27329440e-03 9.16183097e-04 6.69270133e-04 3.69271088e-04 2.68330867e-04 2.29621691e-04 4.77928786e-04 1.37689055e-04 3.38519112e-03 5.11266291e-03 2.39637817e-04 7.06800957e-05 4.56751401e-05 1.31488120e-04 3.80851910e-05 6.55793468e-05 1.32556519e-04 7.78850808e-05 1.48393645e-04 1.81446601e-04 1.04706665e-04 7.40886349e-05 5.20080612e-06 9.14468910e-06 6.07490292e-06 2.57739351e-05 4.94643791e-06 1.75574429e-05 4.90325939e-05 3.85793013e-05 1.90959909e-05 5.12565814e-05 4.39061580e-05 1.42885881e-05 5.58287293e-05 6.88344204e-05 9.53213457e-06 5.02974824e-05 1.40638778e-04 3.19069222e-05 3.03522100e-04 4.49366008e-04 1.79746403e-05 2.29998043e-04 4.83736367e-05 4.35263210e-05 4.22161759e-04 6.10600931e-04 1.12299304e-04 3.31845169e-04 9.53061559e-05 3.23318822e-05 7.20895058e-05 3.90037727e-05 1.21520948e-06 2.24852208e-08 1.03277902e-09
 2015 03 25 12 00 00  3.80086307e-03 2.31446540e-03 1.28240770e-03 9.23269929e-04 6.75714557e-04 3.72214308e-04 2.71205533e-04 2.32769588e-04 4.86135690e-04 1.39716015e-04 3.45112071e-03 5.24015725e-03 2.42801916e-04 7.12880618e-05 4.60255721e-05 1.31932879e-04 3.80734855e-05 6.55569835e-05 1.33251591e-04 7.84617965e-05 1.48553228e-04 1.81398001e-04 1.04842205e-04 7.43378637e-05 5.19999339e-06 9.23507832e-06 6.09603376e-06 2.58252207e-05 4.95949280e-06 1.76059248e-05 4.91160936e-05 3.85747931e-05 1.90864434e-05 5.15659494e-05 4.46692720e-05 1.43804937e-05 5.60437381e-05 6.90961052e-05 9.60283869e-06 5.12859165e-05 1.43733477e-04 3.23966902e-05 3.11545153e-04 4.56383837e-04 1.82553535e-05 2.33684572e-04 4.83259675e-05 4.44769248e-05 4.25064990e-04 6.14597468e-04 1.13647888e-04 3.34852815e-04 9.93160211e-05 3.37903422e-05 7.54597447e-05 4.13127721e-05 1.32369035e-06 2.84604106e-08 1.58267817e-09
 2015 03 26 12 00 00  3.81522093e-03 2.32486480e-03 1.28890751e-03 9.28014512e-04 6.79870538e-04 3.73933674e-04 2.72966500e-04 2.34732153e-04 4.91262559e-04 1.41284515e-04 3.49221619e-03 5.31452708e-03 2.45018469e-04 7.21187958e-05 4.68405317e-05 1.32406718e-04 3.80889949e-05 6.55900920e-05 1.34239924e-04 7.92546547e-05 1.48775193e-04 1.81500659e-04 1.05014259e-04 7.45112858e-05 5.20090725e-06 9.17878933e-06 6.09900308e-06 2.58702118e-05 4.97750661e-06 1.76574166e-05 4.92625688e-05 3.85809166e-05 1.91053958e-05 5.17703929e-05 4.57218324e-05 1.43933546e-05 5.63426445e-05 6.93897269e-05 9.55852956e-06 5.17318217e-05 1.45628850e-04 3.30705574e-05 3.13830416e-04 4.66061487e-04 1.86424595e-05 2.37200371e-04 4.84590884e-05 4.57851886e-05 4.29711417e-04 6.21552969e-04 1.15417429e-04 3.34288270e-04 9.76590762e-05 3.31888130e-05 7.40752223e-05 4.04288896e-05 1.28671937e-06 2.67568424e-08 1.43396921e-09
 2015 03 27 12 00 00  3.82632735e-03 2.33129540e-03 1.29305317e-03 9.31321904e-04 6.82920113e-04 3.75396381e-04 2.74366684e-04 2.36252370e-04 4.95230694e-04 1.42163001e-04 3.52414675e-03 5.37827201e-03 2.46467144e-04 7.21005302e-05 4.64133966e-05 1.32393860e-04 3.80501384e-05 6.55143347e-05 1.34321018e-04 7.93772051e-05 1.48704471e-04 1.81322682e-04 1.05007615e-04 7.45596561e-05 5.19827845e-06 9.22222753e-06 6.10043753e-06 2.58808315e-05 4.98052286e-06 1.76604587e-05 4.92436301e-05 3.85658903e-05 1.90709587e-05 5.18528448e-05 4.58966679e-05 1.43995276e-05 5.63436851e-05 6.93590265e-05 9.59248791e-06 5.18924230e-05 1.46581120e-04 3.31766380e-05 3.14259449e-04 4.67661616e-04 1.87064646e-05 2.37688421e-04 4.82704054e-05 4.59923554e-05 4.29182003e-04 6.19905846e-04 1.15600085e-04 3.34421427e-04 9.85828312e-05 3.35253608e-05 7.48556598e-05 4.09956980e-05 1.31561138e-06 2.85135243e-08 1.59964593e-09
 2015 03 28 12 00 00  3.82508560e-03 2.33157721e-03 1.29313464e-03 9.31142711e-04 6.82632327e-04 3.75145860e-04 2.74179540e-04 2.36070507e-04 4.94771363e-04 1.42267428e-04 3.52041763e-03 5.36764227e-03 2.46462322e-04 7.22089357e-05 4.63714458e-05 1.32618618e-04 3.80907557e-05 6.55990676e-05 1.34655457e-04 7.96452106e-05 1.48875610e-04 1.81569755e-04 1.05119809e-04 7.47362684e-05 5.20076610e-06 9.40731334e-06 6.10672214e-06 2.59052547e-05 4.98691988e-06 1.76779348e-05 4.93547558e-05 3.85818304e-05 1.91170067e-05 5.20236004e-05 4.62685828e-05 1.44267629e-05 5.65337473e-05 6.95956514e-05 9.73749338e-06 5.23687933e-05 1.46962103e-04 3.34069657e-05 3.17123444e-04 4.71071421e-04 1.88428568e-05 2.39593604e-04 4.85792145e-05 4.64411394e-05 4.31469460e-04 6.22479135e-04 1.16357545e-04 3.39426034e-04 1.03970898e-04 3.54846330e-05 7.93809210e-05 4.40693754e-05 1.45814142e-06 3.62270576e-08 2.30620021e-09
 2015 03 29 12 00 00  3.82238668e-03 2.32886076e-03 1.29149460e-03 9.30040681e-04 6.81717057e-04 3.74879237e-04 2.73858402e-04 2.35690718e-04 4.93793449e-04 1.41809117e-04 3.51267632e-03 5.35700917e-03 2.45911958e-04 7.19471868e-05 4.62885900e-05 1.32948975e-04 3.82924452e-05 6.60075049e-05 1.34332750e-04 7.92411272e-05 1.49686284e-04 1.82661433e-04 1.05496731e-04 7.48053783e-05 5.21369584e-06 9.56518270e-06 6.10753195e-06 2.59352568e-05 4.97832916e-06 1.76871804e-05 4.95896273e-05 3.86604603e-05 1.93234067e-05 5.21701463e-05 4.57630638e-05 1.44301521e-05 5.68646952e-05 7.01335153e-05 9.86114974e-06 5.23536199e-05 1.47299818e-04 3.30684095e-05 3.18218385e-04 4.66404823e-04 1.86561929e-05 2.40427785e-04 4.98654961e-05 4.57869668e-05 4.34105017e-04 6.24944517e-04 1.16104188e-04 3.42982004e-04 1.03664651e-04 3.53740033e-05 7.91289704e-05 4.39401765e-05 1.45512951e-06 3.62845803e-08 2.31691217e-09
 2015 03 30 12 00 00  3.81128401e-03 2.31984251e-03 1.28593193e-03 9.26094849e-04 6.78320642e-04 3.73620900e-04 2.72507795e-04 2.34156924e-04 4.89808004e-04 1.40385599e-04 3.48086131e-03 5.30387610e-03 2.44025050e-04 7.11731715e-05 4.57648519e-05 1.32137422e-04 3.81547579e-05 6.57353434e-05 1.33040822e-04 7.82969699e-05 1.49079791e-04 1.81989506e-04 1.05108875e-04 7.43991521e-05 5.20455615e-06 9.37834120e-06 6.09201343e-06 2.58436249e-05 4.95771455e-06 1.76093636e-05 4.92825239e-05 3.86070664e-05 1.91945801e-05 5.17365989e-05 4.45534330e-05 1.43624828e-05 5.62975132e-05 6.94408626e-05 9.71455811e-06 5.12568388e-05 1.44793618e-04 3.22728651e-05 3.10942775e-04 4.55256578e-04 1.82102631e-05 2.34656830e-04 4.91214625e-05 4.42468678e-05 4.26659939e-04 6.15698289e-04 1.13642662e-04 3.35755516e-04 9.74416318e-05 3.31126614e-05 7.39135424e-05 4.04860429e-05 1.30123177e-06 2.84203210e-08 1.60801576e-09
 2015 03 31 12 00 00  3.80343445e-03 2.31486396e-03 1.28276206e-03 9.23580650e-04 6.76006659e-04 3.72609109e-04 2.71511930e-04 2.33059313e-04 4.86974782e-04 1.39663993e-04 3.45816145e-03 5.26136346e-03 2.42914144e-04 7.09335472e-05 4.56603349e-05 1.32137733e-04 3.82401544e-05 6.59111829e-05 1.32767445e-04 7.80349481e-05 1.49388341e-04 1.82483744e-04 1.05243897e-04 7.42992969e-05 5.20989415e-06 9.23102925e-06 6.07871771e-06 2.58298335e-05 4.95252461e-06 1.75980444e-05 4.93784965e-05 3.86404863e-05 1.92872438e-05 5.16407001e-05 4.42455552e-05 1.43044585e-05 5.63978740e-05 6.95918967e-05 9.59893878e-06 5.06738200e-05 1.43798171e-04 3.20564752e-05 3.06056543e-04 4.52401672e-04 1.80960669e-05 2.33827977e-04 4.97246161e-05 4.38307790e-05 4.27319597e-04 6.15938825e-04 1.13276447e-04 3.33422728e-04 9.19482996e-05 3.11165984e-05 6.93105374e-05 3.74445473e-05 1.16623199e-06 2.15612712e-08 9.90763294e-10
 2015 04 01 12 00 00  3.79748626e-03 2.31109092e-03 1.28035931e-03 9.21647206e-04 6.74212357e-04 3.71836824e-04 2.70751359e-04 2.32219295e-04 4.84818290e-04 1.39113466e-04 3.44089750e-03 5.22947237e-03 2.42067310e-04 7.07538885e-05 4.56081283e-05 1.31986107e-04 3.82304570e-05 6.58962352e-05 1.32469522e-04 7.78230082e-05 1.49340951e-04 1.82482912e-04 1.05201223e-04 7.41811550e-05 5.20905160e-06 9.13917320e-06 6.07152833e-06 2.58034630e-05 4.94853484e-06 1.75794954e-05 4.93556911e-05 3.86369036e-05 1.92858250e-05 5.15153952e-05 4.40074364e-05 1.42729928e-05 5.63249088e-05 6.95029573e-05 9.52683258e-06 5.02789966e-05 1.42879676e-04 3.18831735e-05 3.03100361e-04 4.50186243e-04 1.80074497e-05 2.32611206e-04 4.97572357e-05 4.34986694e-05 4.26335476e-04 6.14701613e-04 1.12791665e-04 3.30681948e-04 8.82429331e-05 2.97704013e-05 6.62070692e-05 3.54046755e-05 1.07647797e-06 1.70619831e-08 5.87469362e-10
 2015 04 02 12 00 00  3.78193041e-03 2.30126749e-03 1.27410271e-03 9.16728711e-04 6.69709511e-04 3.69837660e-04 2.68788113e-04 2.30060321e-04 4.79223516e-04 1.37699676e-04 3.39602522e-03 5.14445826e-03 2.39883469e-04 7.02912766e-05 4.53671843e-05 1.32054434e-04 3.83674691e-05 6.61752652e-05 1.31974439e-04 7.73463980e-05 1.49786412e-04 1.83241768e-04 1.05385750e-04 7.41417799e-05 5.21776128e-06 9.19642771e-06 6.07066322e-06 2.57952407e-05 4.93862644e-06 1.75662777e-05 4.94916777e-05 3.86903819e-05 1.94288819e-05 5.14811162e-05 4.34228830e-05 1.42690522e-05 5.64653364e-05 6.97903384e-05 9.57164302e-06 5.00567536e-05 1.41699751e-04 3.14856996e-05 3.02568923e-04 4.44782558e-04 1.77913023e-05 2.32131484e-04 5.06625685e-05 4.27318359e-05 4.27204664e-04 6.14881977e-04 1.12193965e-04 3.32388751e-04 8.70521759e-05 2.93383160e-05 6.52135273e-05 3.47819333e-05 1.05130205e-06 1.59734803e-08 4.94525976e-10
 2015 04 03 12 00 00  3.77732650e-03 2.29752033e-03 1.27179084e-03 9.15026719e-04 6.68207504e-04 3.69303735e-04 2.68214731e-04 2.29405509e-04 4.77549221e-04 1.37099548e-04 3.38269119e-03 5.12319058e-03 2.39088523e-04 6.99286392e-05 4.50954083e-05 1.32060831e-04 3.84413055e-05 6.63273793e-05 1.31488206e-04 7.69224251e-05 1.50067959e-04 1.83669883e-04 1.05498160e-04 7.40850307e-05 5.22237351e-06 9.18246369e-06 6.07218426e-06 2.57853982e-05 4.92990330e-06 1.75540520e-05 4.95535521e-05 3.87192791e-05 1.95091285e-05 5.14510051e-05 4.29076608e-05 1.42754798e-05 5.65147083e-05 6.99403596e-05 9.56059012e-06 4.98900376e-05 1.41401568e-04 3.11328768e-05 3.02561992e-04 4.40016649e-04 1.76006659e-05 2.31537976e-04 5.11855062e-05 4.20516357e-05 4.26943821e-04 6.13737765e-04 1.11545811e-04 3.32286444e-04 8.49752034e-05 2.85841958e-05 6.34772811e-05 3.36674433e-05 1.00422639e-06 1.37666698e-08 3.00796721e-10
 2015 04 04 12 00 00  3.77315863e-03 2.29467923e-03 1.26999904e-03 9.13600198e-04 6.66890289e-04 3.68773231e-04 2.67680663e-04 2.28809169e-04 4.76029358e-04 1.36669355e-04 3.37055090e-03 5.10192290e-03 2.38457949e-04 6.97778567e-05 4.50941780e-05 1.31046087e-04 3.80356127e-05 6.55175361e-05 1.30834306e-04 7.67014513e-05 1.48479541e-04 1.81603166e-04 1.04664988e-04 7.37788084e-05 5.19581408e-06 9.25942077e-06 6.07192997e-06 2.56875386e-05 4.92571780e-06 1.74830149e-05 4.89951646e-05 3.85616237e-05 1.91152270e-05 5.10722411e-05 4.26580256e-05 1.42741730e-05 5.56318264e-05 6.87028178e-05 9.62077684e-06 4.96320223e-05 1.39476618e-04 3.09519732e-05 3.01294623e-04 4.37695014e-04 1.75078005e-05 2.26727414e-04 4.88343474e-05 4.17048170e-05 4.17723677e-04 6.04540804e-04 1.09975696e-04 3.26007330e-04 8.63586900e-05 2.90880798e-05 6.46449910e-05 3.45065758e-05 1.04640537e-06 1.62911984e-08 5.38011324e-10
 2015 04 05 12 00 00  3.77714349e-03 2.29766134e-03 1.27185431e-03 9.14855662e-04 6.67933355e-04 3.69225671e-04 2.68149632e-04 2.29329492e-04 4.77424527e-04 1.37113965e-04 3.38176400e-03 5.12315221e-03 2.39074657e-04 6.99452138e-05 4.51819036e-05 1.30121016e-04 3.75761301e-05 6.45995722e-05 1.30651250e-04 7.69127335e-05 1.46737103e-04 1.79254272e-04 1.03796554e-04 7.35115021e-05 5.16576692e-06 9.29733142e-06 6.07515212e-06 2.56022318e-05 4.93120060e-06 1.74295453e-05 4.84257048e-05 3.83830338e-05 1.86677586e-05 5.07427987e-05 4.29742795e-05 1.42879901e-05 5.47739707e-05 6.74366006e-05 9.65032305e-06 4.96102375e-05 1.38417159e-04 3.11371929e-05 3.01296201e-04 4.40581129e-04 1.76232451e-05 2.23243992e-04 4.61565331e-05 4.20680066e-05 4.09367468e-04 5.96332373e-04 1.09196367e-04 3.17784605e-04 8.62702746e-05 2.90568209e-05 6.45771370e-05 3.45115175e-05 1.05026008e-06 1.67681833e-08 5.88326987e-10
 2015 04 06 12 00 00  3.77602836e-03 2.29558717e-03 1.27065546e-03 9.14124907e-04 6.67368594e-04 3.69181404e-04 2.68026376e-04 2.29155784e-04 4.77001166e-04 1.36719236e-04 3.37851269e-03 5.12313433e-03 2.38679732e-04 6.96088296e-05 4.49873024e-05 1.28622162e-04 3.70524853e-05 6.35518227e-05 1.29569783e-04 7.64277938e-05 1.44691903e-04 1.76559667e-04 1.02713590e-04 7.29982973e-05 5.13160085e-06 9.15805213e-06 6.05548012e-06 2.54624932e-05 4.92109175e-06 1.73231546e-05 4.76653979e-05 3.81794351e-05 1.81548865e-05 5.01342498e-05 4.23780933e-05 1.42022167e-05 5.35611638e-05 6.57033642e-05 9.54096540e-06 4.85591840e-05 1.35531765e-04 3.07325507e-05 2.92613283e-04 4.35070833e-04 1.74028333e-05 2.15185293e-04 4.30724118e-05 4.12871945e-05 3.95977167e-04 5.82322189e-04 1.06589836e-04 3.06271176e-04 8.37259367e-05 2.81326783e-05 6.24478290e-05 3.31257826e-05 9.90303397e-07 1.38418304e-08 3.28134098e-10
 2015 04 07 12 00 00  3.77445977e-03 2.29533745e-03 1.27042835e-03 9.13726880e-04 6.66891044e-04 3.68905346e-04 2.67796516e-04 2.28916971e-04 4.76412661e-04 1.36721501e-04 3.37377144e-03 5.11249378e-03 2.38569468e-04 6.96517563e-05 4.49512954e-05 1.28419705e-04 3.69612884e-05 6.33704476e-05 1.29624861e-04 7.65724457e-05 1.44324495e-04 1.76102463e-04 1.02545058e-04 7.28724242e-05 5.12559855e-06 8.93684046e-06 6.04961715e-06 2.54327433e-05 4.92497420e-06 1.73120548e-05 4.75720631e-05 3.81440273e-05 1.80675561e-05 4.99719622e-05 4.26013110e-05 1.41765660e-05 5.34062364e-05 6.54451294e-05 9.36749420e-06 4.82555094e-05 1.34912263e-04 3.08604125e-05 2.89641196e-04 4.37104340e-04 1.74841736e-05 2.14412919e-04 4.25573700e-05 4.15385672e-05 3.94703796e-04 5.80689295e-04 1.06616029e-04 3.00956671e-04 7.86271363e-05 2.62798009e-05 5.81741782e-05 3.02920472e-05 8.63804635e-07 7.35898276e-09 1.00000000e-10
 2015 04 08 12 00 00  3.76657602e-03 2.29027880e-03 1.26721374e-03 9.11194128e-04 6.64568757e-04 3.67893801e-04 2.66798735e-04 2.27816576e-04 4.73570561e-04 1.35985671e-04 3.35098703e-03 5.06998077e-03 2.37446083e-04 6.93866606e-05 4.47968099e-05 1.27101828e-04 3.65332089e-05 6.25120942e-05 1.28882213e-04 7.62978802e-05 1.42575620e-04 1.73879598e-04 1.01629974e-04 7.24241006e-05 5.09775346e-06 9.09621449e-06 6.01846550e-06 2.53316103e-05 4.91936007e-06 1.72197197e-05 4.69566971e-05 3.79775040e-05 1.76449859e-05 4.94699043e-05 4.22694866e-05 1.40409189e-05 5.24282019e-05 6.39590210e-05 9.49238311e-06 4.71054510e-05 1.31432366e-04 3.06322181e-05 2.78947943e-04 4.34033707e-04 1.73613483e-05 2.07339545e-04 3.99994780e-05 4.10988199e-05 3.83994711e-04 5.69614792e-04 1.04624389e-04 2.90773915e-04 7.55889321e-05 2.51758238e-05 5.56283057e-05 2.86091866e-05 7.89062179e-07 4.54068356e-09 1.00000000e-10
 2015 04 09 12 00 00  3.76438564e-03 2.28865892e-03 1.26620272e-03 9.10411387e-04 6.63856917e-04 3.67624499e-04 2.66520078e-04 2.27501998e-04 4.72770476e-04 1.35732696e-04 3.34460807e-03 5.05934469e-03 2.37093003e-04 6.92923205e-05 4.48114329e-05 1.27116754e-04 3.65146261e-05 6.24750101e-05 1.28659436e-04 7.61410745e-05 1.42491943e-04 1.73784984e-04 1.01573046e-04 7.24215271e-05 5.09653655e-06 8.91927630e-06 6.03865265e-06 2.53091563e-05 4.91629326e-06 1.72183425e-05 4.69172953e-05 3.79702862e-05 1.76269532e-05 4.94218409e-05 4.20872995e-05 1.41286568e-05 5.23413723e-05 6.39490396e-05 9.35366843e-06 4.74953034e-05 1.31810997e-04 3.05030524e-05 2.84227481e-04 4.32342909e-04 1.72937164e-05 2.07596914e-04 3.98918812e-05 4.08506690e-05 3.83260254e-04 5.68721802e-04 1.04376369e-04 2.91371781e-04 7.69178720e-05 2.56592471e-05 5.67457214e-05 2.93783690e-05 8.25455066e-07 5.88477818e-09 1.00000000e-10
 2015 04 10 12 00 00  3.74816584e-03 2.27731153e-03 1.25907745e-03 9.05091556e-04 6.59130761e-04 3.65640288e-04 2.64510859e-04 2.25269462e-04 4.66959995e-04 1.34037198e-04 3.29803927e-03 4.97434065e-03 2.34645411e-04 6.85826338e-05 4.43635442e-05 1.27842938e-04 3.70040332e-05 6.34567172e-05 1.28105626e-04 7.53406028e-05 1.44280275e-04 1.76330557e-04 1.02417187e-04 7.26317292e-05 5.12835322e-06 9.04372791e-06 6.03689041e-06 2.53702315e-05 4.89857193e-06 1.72410888e-05 4.74680786e-05 3.81606718e-05 1.81107622e-05 4.96901936e-05 4.10490145e-05 1.41209472e-05 5.31049367e-05 6.51792456e-05 9.45119973e-06 4.73830435e-05 1.31644609e-04 2.98265601e-05 2.84430346e-04 4.22781808e-04 1.69112723e-05 2.09374826e-04 4.28240048e-05 3.95397568e-05 3.89646653e-04 5.74137697e-04 1.04029397e-04 3.02109325e-04 7.96521348e-05 2.66533114e-05 5.90407058e-05 3.09257854e-05 8.96400923e-07 9.36059159e-09 1.00000000e-10
 2015 04 11 12 00 00  3.75805965e-03 2.28121616e-03 1.26177565e-03 9.07638653e-04 6.61675584e-04 3.67092601e-04 2.65803114e-04 2.26629906e-04 4.70504545e-04 1.34443473e-04 3.32666183e-03 5.03808334e-03 2.35639547e-04 6.83839272e-05 4.42210881e-05 1.29312867e-04 3.76709766e-05 6.47943700e-05 1.28182454e-04 7.49087019e-05 1.46989806e-04 1.79797568e-04 1.03768610e-04 7.31692596e-05 5.17172011e-06 9.31058821e-06 6.04378365e-06 2.55231206e-05 4.88890109e-06 1.73274889e-05 4.83221962e-05 3.84201267e-05 1.87697486e-05 5.04120005e-05 4.04830615e-05 1.41509212e-05 5.44192698e-05 6.71351866e-05 9.66043808e-06 4.79634682e-05 1.35011670e-04 2.94606492e-05 2.89562733e-04 4.17573745e-04 1.67029498e-05 2.15395551e-04 4.68161306e-05 3.88301094e-05 4.01671404e-04 5.86295676e-04 1.05020909e-04 3.18689515e-04 8.57222747e-05 2.88597923e-05 6.41329780e-05 3.43380814e-05 1.05132905e-06 1.75004974e-08 6.72053524e-10
 2015 04 12 12 00 00  3.72593022e-03 2.26451867e-03 1.25082068e-03 8.98448227e-04 6.52975908e-04 3.62698360e-04 2.61697364e-04 2.22213759e-04 4.59000525e-04 1.32289873e-04 3.23401937e-03 4.84684370e-03 2.31750552e-04 6.81601568e-05 4.40397389e-05 1.30316064e-04 3.81191232e-05 6.56926364e-05 1.28783728e-04 7.50976789e-05 1.48470788e-04 1.82121134e-04 1.04532088e-04 7.35799950e-05 5.20088579e-06 9.63475031e-06 6.05886235e-06 2.56035621e-05 4.89302329e-06 1.73841303e-05 4.89427173e-05 3.85944353e-05 1.92115520e-05 5.07834934e-05 4.07249783e-05 1.42165329e-05 5.53326873e-05 6.84858342e-05 9.91457782e-06 4.87820261e-05 1.34267658e-04 2.96198443e-05 2.96004728e-04 4.19803411e-04 1.67921365e-05 2.20831411e-04 4.94875247e-05 3.91382753e-05 4.12021604e-04 5.96630637e-04 1.06772621e-04 3.32919708e-04 9.37987355e-05 3.17954191e-05 7.09073121e-05 3.88691375e-05 1.25644850e-06 2.82318254e-08 1.64591700e-09
 2015 04 13 12 00 00  3.72442996e-03 2.26413823e-03 1.25052866e-03 8.98124591e-04 6.52633108e-04 3.62462097e-04 2.61499440e-04 2.22012005e-04 4.58469825e-04 1.32274528e-04 3.22969058e-03 4.83622216e-03 2.31638629e-04 6.82010225e-05 4.39853632e-05 1.31766060e-04 3.87178268e-05 6.68926281e-05 1.29489670e-04 7.52395077e-05 1.50800845e-04 1.85224710e-04 1.05735630e-04 7.41314780e-05 5.23985254e-06 9.41988255e-06 6.06547255e-06 2.57217124e-05 4.89592858e-06 1.74775912e-05 4.97712222e-05 3.88273038e-05 1.98016802e-05 5.13456996e-05 4.08966240e-05 1.42453282e-05 5.66048450e-05 7.03251437e-05 9.74615687e-06 4.93757174e-05 1.36575627e-04 2.97377672e-05 2.99027122e-04 4.21391675e-04 1.68556670e-05 2.27653885e-04 5.30552876e-05 3.93655355e-05 4.25191894e-04 6.10180291e-04 1.08785359e-04 3.48283755e-04 9.97145380e-05 3.39454959e-05 7.58679394e-05 4.21758810e-05 1.40533551e-06 3.59599298e-08 2.34567459e-09
 2015 04 14 12 00 00  3.72530078e-03 2.26587759e-03 1.25152997e-03 8.98683562e-04 6.53030360e-04 3.62478672e-04 2.61584680e-04 2.22136282e-04 4.58787767e-04 1.32602753e-04 3.23213265e-03 4.83622774e-03 2.31960350e-04 6.84684997e-05 4.41296798e-05 1.32841459e-04 3.91005015e-05 6.76587457e-05 1.30319949e-04 7.56378402e-05 1.52300651e-04 1.87198579e-04 1.06534485e-04 7.45772189e-05 5.26480108e-06 9.33764968e-06 6.07375659e-06 2.58146659e-05 4.90455168e-06 1.75546043e-05 5.03409716e-05 3.89761117e-05 2.01772520e-05 5.17918293e-05 4.14030685e-05 1.42814228e-05 5.75066745e-05 7.15865797e-05 9.68171807e-06 5.00544434e-05 1.38508540e-04 3.00727872e-05 3.02821577e-04 4.26061631e-04 1.70424652e-05 2.33355298e-04 5.53176855e-05 4.00137098e-05 4.35118419e-04 6.20957170e-04 1.10745633e-04 3.59578663e-04 1.05415891e-04 3.60175540e-05 8.06481768e-05 4.53579253e-05 1.54828540e-06 4.33552799e-08 3.01466940e-09
 2015 04 15 12 00 00  3.73514197e-03 2.27232935e-03 1.25561775e-03 9.01826748e-04 6.55871676e-04 3.63719123e-04 2.62816495e-04 2.23495564e-04 4.62320159e-04 1.33543678e-04 3.26045066e-03 4.88935672e-03 2.33377574e-04 6.88094176e-05 4.43263518e-05 1.34482820e-04 3.96990363e-05 6.88578701e-05 1.31310092e-04 7.60026684e-05 1.54725308e-04 1.90295380e-04 1.07806196e-04 7.51461910e-05 5.30378202e-06 9.39079764e-06 6.08695736e-06 2.59708710e-05 4.91237479e-06 1.76695659e-05 5.12003922e-05 3.92088928e-05 2.07662422e-05 5.24888159e-05 4.18630458e-05 1.43389159e-05 5.88736611e-05 7.35267885e-05 9.72339913e-06 5.09508813e-05 1.42197980e-04 3.03790206e-05 3.09565991e-04 4.30305506e-04 1.72122203e-05 2.41653679e-04 5.88736497e-05 4.06058010e-05 4.49513616e-04 6.36121988e-04 1.13272134e-04 3.72424061e-04 1.07871844e-04 3.69098829e-05 8.27055948e-05 4.67134454e-05 1.60816371e-06 4.63753082e-08 3.28585941e-09
 2015 04 16 12 00 00  3.74327825e-03 2.27800667e-03 1.25918493e-03 9.04510438e-04 6.58267432e-04 3.64718281e-04 2.63828502e-04 2.24621153e-04 4.65242381e-04 1.34393764e-04 3.28385040e-03 4.93186228e-03 2.34606996e-04 6.91699568e-05 4.45495734e-05 1.34649155e-04 3.96516174e-05 6.87606225e-05 1.31781831e-04 7.64115714e-05 1.54588942e-04 1.90025375e-04 1.07772277e-04 7.52099000e-05 5.30079924e-06 9.48086454e-06 6.10147981e-06 2.59929347e-05 4.92118525e-06 1.76934241e-05 5.11846757e-05 3.91903566e-05 2.07155186e-05 5.25846788e-05 4.23807622e-05 1.44021702e-05 5.88989452e-05 7.35414518e-05 9.79403412e-06 5.15067608e-05 1.43467969e-04 3.07225855e-05 3.14871371e-04 4.35080773e-04 1.74032309e-05 2.43517795e-04 5.85468370e-05 4.12702822e-05 4.50566682e-04 6.37571131e-04 1.14088317e-04 3.71369029e-04 1.07596338e-04 3.68093719e-05 8.24718489e-05 4.65359122e-05 1.59859793e-06 4.57589266e-08 3.22696323e-09
 2015 04 17 12 00 00  3.75720208e-03 2.28735513e-03 1.26508785e-03 9.08999718e-04 6.62299717e-04 3.66455051e-04 2.65564720e-04 2.26541570e-04 4.70235796e-04 1.35769442e-04 3.32388346e-03 5.00624180e-03 2.36646111e-04 6.96835496e-05 4.48318012e-05 1.34563954e-04 3.94922652e-05 6.84384082e-05 1.32355262e-04 7.69873965e-05 1.54055000e-04 1.89168268e-04 1.07552252e-04 7.52258673e-05 5.29055978e-06 9.30766037e-06 6.10225943e-06 2.59900708e-05 4.93374864e-06 1.77064802e-05 5.10417980e-05 3.91282520e-05 2.05533346e-05 5.25704432e-05 4.31179913e-05 1.44056496e-05 5.87410337e-05 7.32176448e-05 9.65834188e-06 5.16907198e-05 1.44464439e-04 3.12076940e-05 3.14884203e-04 4.41875577e-04 1.76750231e-05 2.44114289e-04 5.75404672e-05 4.22093581e-05 4.49815123e-04 6.37554133e-04 1.14848810e-04 3.68234396e-04 1.07245222e-04 3.66812477e-05 8.21737465e-05 4.63077964e-05 1.58619875e-06 4.49530802e-08 3.14982103e-09
 2015 04 18 12 00 00  3.77963814e-03 2.30327467e-03 1.27506728e-03 9.16398495e-04 6.68844920e-04 3.69177237e-04 2.68336367e-04 2.29626983e-04 4.78271963e-04 1.38160310e-04 3.38825297e-03 5.12311943e-03 2.40068453e-04 7.06969314e-05 4.54421535e-05 1.35247052e-04 3.95076873e-05 6.84669241e-05 1.33816500e-04 7.81641109e-05 1.54283027e-04 1.89221727e-04 1.07773334e-04 7.55290809e-05 5.29167737e-06 9.34170530e-06 6.11830183e-06 2.60683747e-05 4.95972417e-06 1.77840391e-05 5.12238939e-05 3.91341484e-05 2.05641743e-05 5.29254810e-05 4.46403807e-05 1.44755337e-05 5.91455429e-05 7.36395445e-05 9.68513123e-06 5.27223079e-05 1.47691850e-04 3.22015316e-05 3.21791761e-04 4.55897042e-04 1.82358817e-05 2.49727519e-04 5.75839309e-05 4.41348326e-05 4.55861679e-04 6.45262174e-04 1.17481910e-04 3.69328128e-04 1.07988883e-04 3.69510759e-05 8.27940852e-05 4.66953692e-05 1.60177113e-06 4.56181951e-08 3.20635998e-09
 2015 04 19 12 00 00  3.79581668e-03 2.31453968e-03 1.28214647e-03 9.21694867e-04 6.73556203e-04 3.71159468e-04 2.70342004e-04 2.31854952e-04 4.84070595e-04 1.39841121e-04 3.43470896e-03 5.20812273e-03 2.42502764e-04 7.13695295e-05 4.58099141e-05 1.37501266e-04 4.02836886e-05 7.00220466e-05 1.35475256e-04 7.89525104e-05 1.57455345e-04 1.93241859e-04 1.09466163e-04 7.62927337e-05 5.34219434e-06 9.34361015e-06 6.13394513e-06 2.62824693e-05 4.97701876e-06 1.79484126e-05 5.23844574e-05 3.94359726e-05 2.13286447e-05 5.38602549e-05 4.56546608e-05 1.45436672e-05 6.10114493e-05 7.62313278e-05 9.68672684e-06 5.39304742e-05 1.52878818e-04 3.28664988e-05 3.30176916e-04 4.65242192e-04 1.86096877e-05 2.61590334e-04 6.22036052e-05 4.54225694e-05 4.76008537e-04 6.66622286e-04 1.21422957e-04 3.84370509e-04 1.08817195e-04 3.72516824e-05 8.34854984e-05 4.71310705e-05 1.61956493e-06 4.64027579e-08 3.27382210e-09
 2015 04 20 12 00 00  3.81760391e-03 2.32915432e-03 1.29137557e-03 9.28679405e-04 6.79810463e-04 3.73870169e-04 2.73051176e-04 2.34849196e-04 4.91872214e-04 1.41986319e-04 3.49726781e-03 5.32499701e-03 2.45685249e-04 7.21714928e-05 4.62785449e-05 1.39560575e-04 4.09432250e-05 7.13436690e-05 1.37142911e-04 7.98338733e-05 1.60219149e-04 1.96657470e-04 1.10959888e-04 7.69777982e-05 5.38513414e-06 9.29181042e-06 6.15034005e-06 2.64792926e-05 4.99650669e-06 1.81046841e-05 5.34034710e-05 3.96924879e-05 2.19781898e-05 5.47161594e-05 4.67966427e-05 1.46150633e-05 6.26737033e-05 7.85154284e-05 9.64626815e-06 5.51083360e-05 1.58236213e-04 3.36111581e-05 3.38502623e-04 4.75758928e-04 1.90303571e-05 2.72748524e-04 6.61278493e-05 4.68654500e-05 4.94214791e-04 6.86171351e-04 1.25241959e-04 3.96037097e-04 1.07922464e-04 3.69259249e-05 8.27311285e-05 4.65954413e-05 1.59307605e-06 4.48469919e-08 3.12829833e-09
 2015 04 21 12 00 00  3.84209684e-03 2.34386151e-03 1.30080883e-03 9.36135143e-04 6.86652058e-04 3.77057655e-04 2.76135475e-04 2.38214786e-04 5.00641670e-04 1.44039316e-04 3.56772725e-03 5.46311736e-03 2.48977305e-04 7.27748452e-05 4.67341158e-05 1.40724031e-04 4.12463793e-05 7.19502219e-05 1.37995242e-04 8.02957045e-05 1.61614819e-04 1.98217205e-04 1.11715259e-04 7.74054898e-05 5.40491565e-06 9.98145333e-06 6.17583937e-06 2.66316928e-05 5.00674942e-06 1.81982988e-05 5.38863190e-05 3.98103584e-05 2.22750663e-05 5.54053543e-05 4.73966415e-05 1.47260624e-05 6.35213420e-05 7.96894665e-05 1.01870413e-05 5.64450302e-05 1.62709071e-04 3.40016093e-05 3.51321363e-04 4.81283462e-04 1.92513385e-05 2.79654064e-04 6.79128629e-05 4.76221700e-05 5.03209497e-04 6.96420212e-04 1.27230885e-04 4.03486988e-04 1.10376471e-04 3.78174625e-05 8.47863174e-05 4.79447702e-05 1.65233456e-06 4.78088552e-08 3.39355282e-09
 2015 04 22 12 00 00  3.85613322e-03 2.35351913e-03 1.30688581e-03 9.40685569e-04 6.90701084e-04 3.78784980e-04 2.77874518e-04 2.40142014e-04 5.05664239e-04 1.45470697e-04 3.60800455e-03 5.53749204e-03 2.51065555e-04 7.33602098e-05 4.71264572e-05 1.39910030e-04 4.07505519e-05 7.09533284e-05 1.38330719e-04 8.09305173e-05 1.59764396e-04 1.95612877e-04 1.10826744e-04 7.71624291e-05 5.37279011e-06 9.69115063e-06 6.17928599e-06 2.65532770e-05 5.02095900e-06 1.81676965e-05 5.32994405e-05 3.96173651e-05 2.17807319e-05 5.50619472e-05 4.82281961e-05 1.47411221e-05 6.26776864e-05 7.83872620e-05 9.95952651e-06 5.64717632e-05 1.62633506e-04 3.45393782e-05 3.50780369e-04 4.88935844e-04 1.95574338e-05 2.77145916e-04 6.48959132e-05 4.86650883e-05 4.95824209e-04 6.89801087e-04 1.27195488e-04 3.92747304e-04 1.08049988e-04 3.69712365e-05 8.28306305e-05 4.66024228e-05 1.58909422e-06 4.43127902e-08 3.07149932e-09
 2015 04 23 12 00 00  3.84764858e-03 2.34702416e-03 1.30285263e-03 9.37792115e-04 6.88193542e-04 3.77796691e-04 2.76839894e-04 2.38979133e-04 5.02629782e-04 1.44469531e-04 3.58372778e-03 5.49499318e-03 2.49695156e-04 7.29020944e-05 4.68832849e-05 1.39607699e-04 4.07647487e-05 7.09804182e-05 1.37631354e-04 8.03467701e-05 1.59736832e-04 1.95671388e-04 1.10762527e-04 7.69481492e-05 5.37377855e-06 9.73262722e-06 6.16788093e-06 2.65281472e-05 5.00794449e-06 1.81339298e-05 5.32269654e-05 3.96228337e-05 2.17922425e-05 5.48795453e-05 4.74662433e-05 1.46915190e-05 6.25110996e-05 7.82108060e-05 9.99213880e-06 5.57987463e-05 1.61223470e-04 3.40452942e-05 3.46728427e-04 4.81922314e-04 1.92768926e-05 2.74376271e-04 6.49529393e-05 4.77071648e-05 4.93126920e-04 6.86119310e-04 1.25901689e-04 3.88994978e-04 1.02998504e-04 3.51345381e-05 7.85893422e-05 4.37318648e-05 1.45671037e-06 3.72021944e-08 2.42150264e-09
 2015 04 24 12 00 00  3.82150889e-03 2.32889013e-03 1.29145265e-03 9.29296638e-04 6.80656096e-04 3.74597071e-04 2.73607627e-04 2.35393267e-04 4.93277639e-04 1.41773962e-04 3.50876567e-03 5.35687283e-03 2.45781884e-04 7.18792777e-05 4.63872120e-05 1.36009532e-04 3.95502371e-05 6.85424602e-05 1.35061124e-04 7.91176164e-05 1.54732061e-04 1.89334954e-04 1.08091397e-04 7.56679143e-05 5.29490499e-06 9.41003454e-06 6.13390584e-06 2.61776249e-05 4.98053414e-06 1.78740443e-05 5.13889652e-05 3.91502836e-05 2.05884382e-05 5.32861645e-05 4.58615017e-05 1.45436847e-05 5.95464955e-05 7.40766187e-05 9.73928982e-06 5.34774470e-05 1.52687922e-04 3.30048759e-05 3.29492724e-04 4.67151403e-04 1.86860561e-05 2.54987874e-04 5.76412247e-05 4.56899783e-05 4.61305114e-04 6.52397722e-04 1.19640577e-04 3.62362412e-04 9.78294582e-05 3.32552183e-05 7.42502486e-05 4.08023071e-05 1.32211837e-06 3.00111836e-08 1.76510397e-09
 2015 04 25 12 00 00  3.79954342e-03 2.31384895e-03 1.28198028e-03 9.22204768e-04 6.74346538e-04 3.71893528e-04 2.70887516e-04 2.32380349e-04 4.85418564e-04 1.39549860e-04 3.44576421e-03 5.24000227e-03 2.42525801e-04 7.09688255e-05 4.57618260e-05 1.33377147e-04 3.87085282e-05 6.68534136e-05 1.33115744e-04 7.81434879e-05 1.51221837e-04 1.84949835e-04 1.06214289e-04 7.46978436e-05 5.24021561e-06 9.29397065e-06 6.10109128e-06 2.59311248e-05 4.95885070e-06 1.76798978e-05 5.00969398e-05 3.88228102e-05 1.97551868e-05 5.21263899e-05 4.45917831e-05 1.44009013e-05 5.74513868e-05 7.11366625e-05 9.64847495e-06 5.15459595e-05 1.46012172e-04 3.21806525e-05 3.14701523e-04 4.55462992e-04 1.82185197e-05 2.40590205e-04 5.25854295e-05 4.40921605e-05 4.38377714e-04 6.27291308e-04 1.14983745e-04 3.42072058e-04 9.17818046e-05 3.10563122e-05 6.91725482e-05 3.73655060e-05 1.16361020e-06 2.14966182e-08 9.86747395e-10
 2015 04 26 12 00 00  3.77534801e-03 2.29699986e-03 1.27139350e-03 9.14318668e-04 6.67351246e-04 3.68935054e-04 2.67895400e-04 2.29058999e-04 4.76759942e-04 1.37040586e-04 3.37636408e-03 5.11250459e-03 2.38892005e-04 6.99372293e-05 4.51137979e-05 1.31639585e-04 3.82718514e-05 6.59786630e-05 1.31309224e-04 7.69838924e-05 1.49306617e-04 1.82691577e-04 1.05133521e-04 7.40049561e-05 5.21177099e-06 9.09268056e-06 6.07298862e-06 2.57538638e-05 4.93302432e-06 1.75361230e-05 4.93343272e-05 3.86529806e-05 1.93256536e-05 5.12923663e-05 4.30795626e-05 1.42785779e-05 5.61491212e-05 6.93917151e-05 9.49060195e-06 4.98515226e-05 1.40678016e-04 3.11993819e-05 3.02059824e-04 4.41542630e-04 1.76617052e-05 2.29900300e-04 4.99930815e-05 4.21898236e-05 4.23287665e-04 6.10124440e-04 1.11115208e-04 3.30115728e-04 8.68937836e-05 2.92792389e-05 6.50698766e-05 3.45996747e-05 1.03683379e-06 1.47451040e-08 3.71014686e-10
 2015 04 27 12 00 00  3.75722800e-03 2.28444933e-03 1.26350153e-03 9.08416611e-04 6.62103050e-04 3.66712160e-04 2.65650656e-04 2.26568068e-04 4.70270848e-04 1.35173856e-04 3.32436029e-03 5.01687899e-03 2.36179375e-04 6.92088718e-05 4.47266072e-05 1.30545240e-04 3.80299549e-05 6.54944393e-05 1.30044702e-04 7.61290721e-05 1.48210703e-04 1.81444423e-04 1.04497506e-04 7.34738233e-05 5.19599816e-06 8.94325276e-06 6.05147834e-06 2.56395893e-05 4.91412757e-06 1.74419147e-05 4.88798785e-05 3.85589228e-05 1.90883409e-05 5.07038442e-05 4.19722375e-05 1.41849276e-05 5.53504523e-05 6.83363676e-05 9.37339792e-06 4.85173593e-05 1.36979771e-04 3.04771907e-05 2.92799904e-04 4.31344871e-04 1.72537949e-05 2.22785396e-04 4.85640136e-05 4.07905027e-05 4.13923837e-04 5.99196850e-04 1.08482665e-04 3.19396110e-04 7.87215580e-05 2.63082801e-05 5.82114550e-05 2.99823815e-05 8.25646120e-07 4.63591263e-09 1.00000000e-10
 2015 04 28 12 00 00  3.74962373e-03 2.27987545e-03 1.26056765e-03 9.06068969e-04 6.59933169e-04 3.65717505e-04 2.64686744e-04 2.25513900e-04 4.67537028e-04 1.34530707e-04 3.30241756e-03 4.97437380e-03 2.35150138e-04 6.89711649e-05 4.44849530e-05 1.29318695e-04 3.75943258e-05 6.46208355e-05 1.29434468e-04 7.59671151e-05 1.46426401e-04 1.79181052e-04 1.03575704e-04 7.30815111e-05 5.16766704e-06 8.88466457e-06 6.03332483e-06 2.55289088e-05 4.91084247e-06 1.73580729e-05 4.82678566e-05 3.83894600e-05 1.86581034e-05 5.01994871e-05 4.17778880e-05 1.41059019e-05 5.43797283e-05 6.69065843e-05 9.32757830e-06 4.77108159e-05 1.33991422e-04 3.03428067e-05 2.85172690e-04 4.29545493e-04 1.71818197e-05 2.16627157e-04 4.59586270e-05 4.05316765e-05 4.03649413e-04 5.88258807e-04 1.06797410e-04 3.10647012e-04 7.77624551e-05 2.59593542e-05 5.74047513e-05 2.94249646e-05 7.99124470e-07 3.64984203e-09 1.00000000e-10
 2015 04 29 12 00 00  3.73484958e-03 2.26875480e-03 1.25364773e-03 9.01043139e-04 6.55542680e-04 3.63974911e-04 2.62874394e-04 2.23480013e-04 4.62243051e-04 1.32822781e-04 3.26006223e-03 4.89999354e-03 2.32789939e-04 6.82268586e-05 4.41459465e-05 1.28025068e-04 3.72477691e-05 6.39256148e-05 1.27938755e-04 7.49945932e-05 1.44946943e-04 1.77377905e-04 1.02731887e-04 7.25745044e-05 5.14513958e-06 8.90433439e-06 6.02272521e-06 2.54032457e-05 4.88939768e-06 1.72517405e-05 4.76593662e-05 3.82546394e-05 1.83154145e-05 4.96258364e-05 4.05209255e-05 1.40597331e-05 5.33512726e-05 6.55660020e-05 9.34306445e-06 4.67396349e-05 1.30572485e-04 2.95216218e-05 2.79704493e-04 4.17967855e-04 1.67187142e-05 2.08758479e-04 4.38812829e-05 3.89408320e-05 3.91709519e-04 5.75115946e-04 1.03685141e-04 3.02316836e-04 7.55497344e-05 2.51548777e-05 5.55473473e-05 2.81712487e-05 7.41548092e-07 1.60043072e-09 1.00000000e-10
 2015 04 30 12 00 00  3.71935920e-03 2.25897965e-03 1.24742195e-03 8.96175735e-04 6.51101187e-04 3.61989010e-04 2.60925305e-04 2.21338664e-04 4.56681972e-04 1.31420180e-04 3.21544119e-03 4.81498614e-03 2.30621743e-04 6.77240034e-05 4.37707299e-05 1.25980036e-04 3.65644228e-05 6.25554472e-05 1.26742205e-04 7.45366269e-05 1.42126434e-04 1.73829782e-04 1.01253258e-04 7.19052405e-05 5.10068858e-06 9.14816410e-06 5.98816405e-06 2.52365671e-05 4.87962898e-06 1.71068595e-05 4.66691794e-05 3.79888254e-05 1.76409027e-05 4.88422860e-05 3.99462617e-05 1.39092765e-05 5.17760403e-05 6.32434387e-05 9.53405979e-06 4.53131533e-05 1.25259307e-04 2.91376491e-05 2.67020113e-04 4.12664063e-04 1.65065625e-05 1.98107400e-04 3.97985568e-05 3.81987193e-05 3.74630428e-04 5.57061717e-04 1.00568484e-04 2.88324504e-04 7.37607565e-05 2.45046871e-05 5.40472769e-05 2.71717467e-05 6.96577328e-07 4.21451318e-11 1.00000000e-10
 2015 05 01 12 00 00  3.72285059e-03 2.26086574e-03 1.24865072e-03 8.97127458e-04 6.51962440e-04 3.62447805e-04 2.61356448e-04 2.21800016e-04 4.57910961e-04 1.31661006e-04 3.22536207e-03 4.83622029e-03 2.31045302e-04 6.77683580e-05 4.38611431e-05 1.25117198e-04 3.61922459e-05 6.18095044e-05 1.26360860e-04 7.45090190e-05 1.40702049e-04 1.71900771e-04 1.00525061e-04 7.16231803e-05 5.07646437e-06 9.04291519e-06 5.98423576e-06 2.51549214e-05 4.87954057e-06 1.70537281e-05 4.61713122e-05 3.78440629e-05 1.72741056e-05 4.84957756e-05 3.99378187e-05 1.38920819e-05 5.10073899e-05 6.21271391e-05 9.45130159e-06 4.49743085e-05 1.24107544e-04 2.91186385e-05 2.64412231e-04 4.12569408e-04 1.65027763e-05 1.94098854e-04 3.75812437e-05 3.81646474e-05 3.66772088e-04 5.49318270e-04 9.94464871e-05 2.80484915e-04 7.23681613e-05 2.39988112e-05 5.28813816e-05 2.64093512e-05 6.63320455e-07 1.00000000e-10 1.00000000e-10
 2015 05 02 12 00 00  3.72502033e-03 2.26280096e-03 1.24983105e-03 8.97859852e-04 6.52531466e-04 3.62664001e-04 2.61599959e-04 2.22076771e-04 4.58663379e-04 1.31965061e-04 3.23139263e-03 4.84682992e-03 2.31428951e-04 6.79074946e-05 4.39231443e-05 1.24722531e-04 3.59866332e-05 6.13970216e-05 1.26392595e-04 7.47097423e-05 1.39911049e-04 1.70830759e-04 1.00141957e-04 7.15826915e-05 5.06309952e-06 9.04142362e-06 5.98375555e-06 2.51218624e-05 4.88458827e-06 1.70345686e-05 4.59322886e-05 3.77640710e-05 1.70707557e-05 4.83919420e-05 4.02298028e-05 1.38899093e-05 5.06520740e-05 6.15703258e-05 9.45019565e-06 4.50436141e-05 1.23656296e-04 2.92932673e-05 2.63885904e-04 4.15238677e-04 1.66095471e-05 1.92802824e-04 3.63483734e-05 3.85062362e-05 3.63405299e-04 5.46363970e-04 9.92929857e-05 2.79370022e-04 7.58780314e-05 2.52749792e-05 5.58282626e-05 2.84033955e-05 7.55250164e-07 2.22675709e-09 1.00000000e-10
 2015 05 03 12 00 00  3.72630349e-03 2.26288559e-03 1.24994947e-03 8.98033013e-04 6.52727930e-04 3.62874562e-04 2.61764333e-04 2.22235465e-04 4.59102672e-04 1.31922216e-04 3.23500355e-03 4.85743918e-03 2.31477479e-04 6.77951173e-05 4.38982909e-05 1.25735596e-04 3.63927509e-05 6.22127089e-05 1.26473372e-04 7.44962948e-05 1.41534408e-04 1.72954794e-04 1.00954697e-04 7.19330508e-05 5.08945159e-06 8.98161743e-06 6.00739004e-06 2.51972431e-05 4.88035985e-06 1.70950715e-05 4.64692359e-05 3.79221077e-05 1.74741494e-05 4.87944813e-05 3.99789424e-05 1.39926167e-05 5.14565633e-05 6.28495577e-05 9.40326208e-06 4.58225017e-05 1.25982894e-04 2.91169854e-05 2.72021691e-04 4.12912475e-04 1.65164990e-05 1.97563568e-04 3.88028420e-05 3.81672668e-05 3.71387990e-04 5.54378508e-04 1.00144079e-04 2.89745329e-04 7.98433068e-05 2.67167004e-05 5.91572840e-05 3.06543684e-05 8.58906867e-07 5.92921054e-09 1.00000000e-10
 2015 05 04 12 00 00  3.72862308e-03 2.26513522e-03 1.25131032e-03 8.98860124e-04 6.53359792e-04 3.63091351e-04 2.62021129e-04 2.22532181e-04 4.59908223e-04 1.32285272e-04 3.24144186e-03 4.86804806e-03 2.31918174e-04 6.79896229e-05 4.40066643e-05 1.26592312e-04 3.66912864e-05 6.28122594e-05 1.27038891e-04 7.47680431e-05 1.42735935e-04 1.74515408e-04 1.01594637e-04 7.23180297e-05 5.10882637e-06 9.11293901e-06 6.01654501e-06 2.52801661e-05 4.88698315e-06 1.71556398e-05 4.69280515e-05 3.80382757e-05 1.77705602e-05 4.92166571e-05 4.03632293e-05 1.40323435e-05 5.21821294e-05 6.38613551e-05 9.50615431e-06 4.65143989e-05 1.27734823e-04 2.93516699e-05 2.76612157e-04 4.16431576e-04 1.66572630e-05 2.02275716e-04 4.06057370e-05 3.86252475e-05 3.79130337e-04 5.62904429e-04 1.01624870e-04 2.99810327e-04 8.58641995e-05 2.89057003e-05 6.42112608e-05 3.40650966e-05 1.01549872e-06 1.38461541e-08 2.94981950e-10
 2015 05 05 12 00 00  3.73858810e-03 2.27214558e-03 1.25570858e-03 9.02049362e-04 6.56139790e-04 3.64288493e-04 2.63235976e-04 2.23878245e-04 4.63449754e-04 1.33323988e-04 3.26985193e-03 4.92115505e-03 2.33413867e-04 6.83568259e-05 4.41517137e-05 1.29414421e-04 3.77436663e-05 6.49246678e-05 1.28506276e-04 7.52339838e-05 1.46968252e-04 1.80004841e-04 1.03804552e-04 7.33370271e-05 5.17717526e-06 9.67853121e-06 6.04548768e-06 2.55629255e-05 4.89794729e-06 1.73460380e-05 4.84432751e-05 3.84477375e-05 1.88134785e-05 5.05167235e-05 4.10015869e-05 1.41581768e-05 5.45725514e-05 6.72757500e-05 9.94936272e-06 4.83477482e-05 1.33679338e-04 2.97508057e-05 2.91644605e-04 4.22288879e-04 1.68915551e-05 2.16818664e-04 4.69393301e-05 3.94021306e-05 4.03875037e-04 5.88637310e-04 1.05768972e-04 3.24680765e-04 9.30498736e-05 3.15182839e-05 7.02437366e-05 3.81423342e-05 1.20313143e-06 2.38944509e-08 1.21277974e-09
 2015 05 06 12 00 00  3.74532602e-03 2.27799814e-03 1.25929052e-03 9.04435684e-04 6.58104131e-04 3.65002186e-04 2.64026927e-04 2.24781100e-04 4.65836302e-04 1.34254594e-04 3.28891904e-03 4.95301448e-03 2.34605167e-04 6.87974099e-05 4.43149883e-05 1.30723430e-04 3.81718157e-05 6.57837896e-05 1.29634237e-04 7.58786104e-05 1.48705373e-04 1.82234957e-04 1.04754387e-04 7.39090749e-05 5.20499561e-06 9.33752890e-06 6.05522800e-06 2.56656008e-05 4.91284482e-06 1.74441805e-05 4.91299440e-05 3.86143132e-05 1.92372521e-05 5.10494505e-05 4.18705400e-05 1.42004690e-05 5.56625482e-05 6.87711615e-05 9.68190652e-06 4.91877307e-05 1.36487370e-04 3.03007691e-05 2.95302878e-04 4.30270358e-04 1.72108143e-05 2.24100710e-04 4.95102198e-05 4.04711755e-05 4.15992336e-04 6.01835494e-04 1.08405742e-04 3.37887990e-04 9.99646238e-05 3.40323297e-05 7.60485102e-05 4.20636282e-05 1.38344195e-06 3.35397438e-08 2.09349640e-09
 2015 05 07 12 00 00  3.74966850e-03 2.28158484e-03 1.26149790e-03 9.05932853e-04 6.59352361e-04 3.65477403e-04 2.64541208e-04 2.25363508e-04 4.67375138e-04 1.34816085e-04 3.30122539e-03 4.97425422e-03 2.35342704e-04 6.90988461e-05 4.45379478e-05 1.32368213e-04 3.88069311e-05 6.70582522e-05 1.30619896e-04 7.62386189e-05 1.51248783e-04 1.85543750e-04 1.06085227e-04 7.45313931e-05 5.24626157e-06 9.35456919e-06 6.05815185e-06 2.58188615e-05 4.92119252e-06 1.75561864e-05 5.00533081e-05 3.88614077e-05 1.98659836e-05 5.17558053e-05 4.23572899e-05 1.42131190e-05 5.71081489e-05 7.07836262e-05 9.69524845e-06 4.98876572e-05 1.39461100e-04 3.06081376e-05 2.98769988e-04 4.34740438e-04 1.73896175e-05 2.32199600e-04 5.33250743e-05 4.10687993e-05 4.31161563e-04 6.18248245e-04 1.10971964e-04 3.53363943e-04 1.04924171e-04 3.58355077e-05 8.02119383e-05 4.48762027e-05 1.51277443e-06 4.04583631e-08 2.72524616e-09
 2015 05 08 12 00 00  3.74852801e-03 2.28206126e-03 1.26169327e-03 9.05823154e-04 6.59118535e-04 3.65228544e-04 2.64365263e-04 2.25198446e-04 4.66957513e-04 1.34958447e-04 3.29779000e-03 4.96362522e-03 2.35376834e-04 6.92776961e-05 4.46027717e-05 1.33733061e-04 3.93261900e-05 6.81001693e-05 1.31454535e-04 7.65599485e-05 1.53281197e-04 1.88248231e-04 1.07152624e-04 7.50300588e-05 5.28000382e-06 9.29104353e-06 6.06818685e-06 2.59348721e-05 4.92852269e-06 1.76481220e-05 5.08075775e-05 3.90634290e-05 2.03799005e-05 5.22943429e-05 4.27854335e-05 1.42567384e-05 5.82792166e-05 7.24505937e-05 9.64546634e-06 5.06044707e-05 1.41724693e-04 3.08814895e-05 3.03408472e-04 4.38675992e-04 1.75470397e-05 2.39166572e-04 5.64426882e-05 4.15996503e-05 4.43697612e-04 6.31317357e-04 1.13179105e-04 3.65750768e-04 1.08611364e-04 3.71759168e-05 8.33060284e-05 4.69565351e-05 1.60773201e-06 4.54855780e-08 3.18297673e-09
 2015 05 09 12 00 00  3.76445008e-03 2.29291784e-03 1.26853433e-03 9.10945326e-04 6.63675568e-04 3.67190072e-04 2.66336328e-04 2.27380197e-04 4.72652118e-04 1.36560074e-04 3.34344307e-03 5.04861921e-03 2.37728323e-04 6.98772250e-05 4.49234652e-05 1.35650544e-04 3.99462675e-05 6.93440146e-05 1.32843602e-04 7.72493077e-05 1.55852581e-04 1.91473557e-04 1.08530585e-04 7.57228629e-05 5.32031518e-06 9.39963211e-06 6.09305316e-06 2.61169425e-05 4.94390624e-06 1.77891672e-05 5.17539812e-05 3.93046561e-05 2.09929029e-05 5.31388780e-05 4.36860166e-05 1.43649115e-05 5.98118624e-05 7.46076451e-05 9.73052156e-06 5.20138409e-05 1.46615389e-04 3.14650941e-05 3.14454494e-04 4.46965121e-04 1.78786048e-05 2.49699105e-04 6.01578213e-05 4.27312101e-05 4.60328328e-04 6.49064491e-04 1.16549510e-04 3.80003265e-04 1.12175037e-04 3.84713030e-05 8.62956193e-05 4.89599252e-05 1.69869792e-06 5.02653791e-08 3.61727039e-09
 2015 05 10 12 00 00  3.76679311e-03 2.29495907e-03 1.26978404e-03 9.11814326e-04 6.64414014e-04 3.67444974e-04 2.66619179e-04 2.27705325e-04 4.73495191e-04 1.36889892e-04 3.35015577e-03 5.05924672e-03 2.38150473e-04 7.00519734e-05 4.50025505e-05 1.37196471e-04 4.05407889e-05 7.05359620e-05 1.33672394e-04 7.74940534e-05 1.58204698e-04 1.94559230e-04 1.09753597e-04 7.62766140e-05 5.35899308e-06 9.38539524e-06 6.10607385e-06 2.62538968e-05 4.94919623e-06 1.78925271e-05 5.25938900e-05 3.95359064e-05 2.15795299e-05 5.37698976e-05 4.39967378e-05 1.44215912e-05 6.11223212e-05 7.64957165e-05 9.71932532e-06 5.28409545e-05 1.49538765e-04 3.16708640e-05 3.20495478e-04 4.49830595e-04 1.79932238e-05 2.57366435e-04 6.37075747e-05 4.31292749e-05 4.74084994e-04 6.63376581e-04 1.18816299e-04 3.93960204e-04 1.16221113e-04 3.99420802e-05 8.96901684e-05 5.12367875e-05 1.80223236e-06 5.57170367e-08 4.11289953e-09
 2015 05 11 12 00 00  3.78074031e-03 2.30438195e-03 1.27572947e-03 9.16317040e-04 6.68448296e-04 3.69177526e-04 2.68355299e-04 2.29626941e-04 4.78495422e-04 1.38279343e-04 3.39023281e-03 5.13362512e-03 2.40202082e-04 7.06218804e-05 4.54065424e-05 1.39204980e-04 4.12210444e-05 7.18997442e-05 1.35018833e-04 7.80877832e-05 1.60996955e-04 1.98089208e-04 1.11230490e-04 7.69677479e-05 5.40325273e-06 9.42581100e-06 6.12920485e-06 2.64393936e-05 4.96215289e-06 1.80370206e-05 5.36002447e-05 3.98005126e-05 2.22506438e-05 5.46118864e-05 4.47570317e-05 1.45222715e-05 6.27371271e-05 7.87893160e-05 9.75100338e-06 5.41403293e-05 1.54363942e-04 3.21710861e-05 3.30893016e-04 4.56837812e-04 1.82735125e-05 2.67952849e-04 6.77679898e-05 4.40976175e-05 4.91555821e-04 6.82140677e-04 1.22133155e-04 4.08475650e-04 1.18747166e-04 4.08602093e-05 9.18086736e-05 5.26514601e-05 1.86610823e-06 5.90462577e-08 4.41470362e-09
 2015 05 12 12 00 00  3.79253115e-03 2.31208529e-03 1.28061227e-03 9.20076449e-04 6.71849163e-04 3.70666172e-04 2.69831694e-04 2.31255299e-04 4.82727004e-04 1.39401003e-04 3.42416281e-03 5.19738011e-03 2.41895303e-04 7.10234598e-05 4.56371482e-05 1.39077658e-04 4.10505483e-05 7.15555856e-05 1.35407362e-04 7.85154640e-05 1.60405858e-04 1.97178570e-04 1.10967479e-04 7.69413014e-05 5.39227040e-06 9.44477288e-06 6.13778029e-06 2.64366559e-05 4.97135079e-06 1.80437968e-05 5.34208555e-05 3.97340918e-05 2.20781731e-05 5.45971106e-05 4.52976587e-05 1.45596496e-05 6.25176508e-05 7.84263827e-05 9.76582160e-06 5.44769670e-05 1.55327752e-04 3.25302943e-05 3.33825827e-04 4.61824955e-04 1.84729982e-05 2.68358531e-04 6.67029526e-05 4.47922677e-05 4.90014454e-04 6.81019126e-04 1.22604309e-04 4.04691355e-04 1.17831438e-04 4.05270726e-05 9.10385159e-05 5.21198246e-05 1.84084990e-06 5.76344917e-08 4.28427995e-09
 2015 05 13 12 00 00  3.79613623e-03 2.31385253e-03 1.28178446e-03 9.21137178e-04 6.72891748e-04 3.71178257e-04 2.70306110e-04 2.31766707e-04 4.84036435e-04 1.39627563e-04 3.43468457e-03 5.21864034e-03 2.42323801e-04 7.10814575e-05 4.57417373e-05 1.39707717e-04 4.12687601e-05 7.19913223e-05 1.35596940e-04 7.84880889e-05 1.61281794e-04 1.98291920e-04 1.11410166e-04 7.70690642e-05 5.40654837e-06 9.55793294e-06 6.15735116e-06 2.64943488e-05 4.97026813e-06 1.80860600e-05 5.36998696e-05 3.98188975e-05 2.22903240e-05 5.48267803e-05 4.52371489e-05 1.46449049e-05 6.29597101e-05 7.91402634e-05 9.85463194e-06 5.50323408e-05 1.57109627e-04 3.25032073e-05 3.41095751e-04 4.61283220e-04 1.84513288e-05 2.71546105e-04 6.79707329e-05 4.47372586e-05 4.94707035e-04 6.85567591e-04 1.23271455e-04 4.06684011e-04 1.15270438e-04 3.95956198e-05 8.88862302e-05 5.06468681e-05 1.77176091e-06 5.38372802e-08 3.93502191e-09
 2015 05 14 12 00 00  3.80594706e-03 2.32015674e-03 1.28578996e-03 9.24269222e-04 6.75750839e-04 3.72431257e-04 2.71542913e-04 2.33129846e-04 4.87566732e-04 1.40542504e-04 3.46298772e-03 5.27177528e-03 2.43720035e-04 7.14101602e-05 4.59409751e-05 1.39390306e-04 4.10785171e-05 7.16070412e-05 1.35862847e-04 7.88244244e-05 1.60588614e-04 1.97272887e-04 1.11087507e-04 7.68698800e-05 5.39430694e-06 9.38574158e-06 6.14931123e-06 2.64711261e-05 4.97726287e-06 1.80775881e-05 5.34709188e-05 3.97447788e-05 2.20973976e-05 5.46394389e-05 4.56498063e-05 1.46100268e-05 6.26465369e-05 7.86114569e-05 9.71966292e-06 5.46810503e-05 1.57181201e-04 3.27837246e-05 3.37966548e-04 4.65097748e-04 1.86039099e-05 2.70354770e-04 6.67769811e-05 4.52784618e-05 4.92049880e-04 6.82927807e-04 1.23375504e-04 3.97199063e-04 1.07221473e-04 3.66692740e-05 8.21298393e-05 4.60869580e-05 1.56238750e-06 4.26598959e-08 2.91497226e-09
 2015 05 15 12 00 00  3.80963061e-03 2.32208234e-03 1.28705310e-03 9.25379696e-04 6.76827997e-04 3.72944760e-04 2.72024783e-04 2.33652091e-04 4.88904170e-04 1.40798796e-04 3.47372741e-03 5.29303625e-03 2.44177416e-04 7.14585891e-05 4.59730913e-05 1.37833794e-04 4.04444145e-05 7.03321712e-05 1.35333882e-04 7.88322184e-05 1.58097370e-04 1.93942591e-04 1.09816201e-04 7.62878675e-05 5.35322069e-06 9.31564209e-06 6.13138473e-06 2.63406887e-05 4.97696965e-06 1.79823706e-05 5.25923827e-05 3.94979725e-05 2.14652609e-05 5.39868186e-05 4.56355076e-05 1.45321144e-05 6.13078607e-05 7.66260366e-05 9.66472944e-06 5.37460159e-05 1.54596622e-04 3.27864545e-05 3.30370134e-04 4.64981198e-04 1.85992479e-05 2.62839175e-04 6.29192509e-05 4.52812790e-05 4.78356188e-04 6.68805328e-04 1.21469205e-04 3.80264410e-04 1.00283657e-04 3.41469264e-05 7.63063101e-05 4.21578650e-05 1.38206653e-06 3.30400283e-08 2.03722585e-09
 2015 05 16 12 00 00  3.81470136e-03 2.32415032e-03 1.28847253e-03 9.26744721e-04 6.78203911e-04 3.73693363e-04 2.72694997e-04 2.34362131e-04 4.90734711e-04 1.41026397e-04 3.48849171e-03 5.32491878e-03 2.44705042e-04 7.13982422e-05 4.59496676e-05 1.36220543e-04 3.97946307e-05 6.90258341e-05 1.34556981e-04 7.86494813e-05 1.55559348e-04 1.90530619e-04 1.08504997e-04 7.57148523e-05 5.31111582e-06 9.21863393e-06 6.12042495e-06 2.62002585e-05 4.97256297e-06 1.78806534e-05 5.16711078e-05 3.92450602e-05 2.08176032e-05 5.33303398e-05 4.53795801e-05 1.44844846e-05 5.98923178e-05 7.45869314e-05 9.58867968e-06 5.29477736e-05 1.52247632e-04 3.26290377e-05 3.24634345e-04 4.62636146e-04 1.85054458e-05 2.54905858e-04 5.89673757e-05 4.49743267e-05 4.63550715e-04 6.53476328e-04 1.19160402e-04 3.64813473e-04 9.58283763e-05 3.25272817e-05 7.25676047e-05 3.96434262e-05 1.26724419e-06 2.69574102e-08 1.48330566e-09
 2015 05 17 12 00 00  3.80405252e-03 2.31586314e-03 1.28333689e-03 9.23108866e-04 6.75080714e-04 3.72469482e-04 2.71405181e-04 2.32910440e-04 4.86935107e-04 1.39745073e-04 3.45809282e-03 5.27180023e-03 2.42967235e-04 7.08533655e-05 4.57565828e-05 1.35063211e-04 3.94796924e-05 6.83918712e-05 1.33366898e-04 7.78874499e-05 1.54218926e-04 1.88868077e-04 1.07749724e-04 7.51793069e-05 5.29074568e-06 9.09764494e-06 6.10448114e-06 2.60877785e-05 4.95536442e-06 1.77894838e-05 5.11190611e-05 3.91224487e-05 2.05022399e-05 5.27489851e-05 4.43739467e-05 1.44151447e-05 5.89700342e-05 7.33530547e-05 9.49384048e-06 5.17995870e-05 1.49217468e-04 3.19823186e-05 3.17411398e-04 4.53386411e-04 1.81354564e-05 2.47724519e-04 5.70358476e-05 4.37193754e-05 4.53095335e-04 6.41913305e-04 1.16528158e-04 3.53027392e-04 8.82294893e-05 2.97649094e-05 6.61914429e-05 3.53595191e-05 1.07192992e-06 1.66341842e-08 5.43799406e-10
 2015 05 18 12 00 00  3.79363115e-03 2.30812047e-03 1.27851108e-03 9.19608424e-04 6.72025987e-04 3.71237007e-04 2.70129071e-04 2.31481887e-04 4.83207200e-04 1.38564052e-04 3.42825736e-03 5.21867797e-03 2.41322399e-04 7.02859485e-05 4.53538775e-05 1.33442931e-04 3.89615132e-05 6.73501403e-05 1.32110175e-04 7.72404775e-05 1.52066515e-04 1.86147378e-04 1.06597398e-04 7.45762307e-05 5.25716787e-06 9.09941518e-06 6.08617447e-06 2.59441092e-05 4.94097767e-06 1.76714157e-05 5.03130575e-05 3.89207649e-05 1.99857939e-05 5.20588635e-05 4.35314054e-05 1.43355006e-05 5.76690709e-05 7.15343297e-05 9.49522291e-06 5.06577301e-05 1.45433398e-04 3.14350211e-05 3.09230004e-04 4.45629882e-04 1.78251953e-05 2.38839153e-04 5.38847584e-05 4.26584797e-05 4.38670149e-04 6.26009963e-04 1.13554531e-04 3.40007607e-04 8.39615597e-05 2.82135883e-05 6.26114968e-05 3.29641354e-05 9.63425646e-07 1.09525168e-08 2.80629742e-11
 2015 05 19 12 00 00  3.77996202e-03 2.29925087e-03 1.27288441e-03 9.15284722e-04 6.68119743e-04 3.69509915e-04 2.68420417e-04 2.29600298e-04 4.78309101e-04 1.37279152e-04 3.38896202e-03 5.14430217e-03 2.39373519e-04 6.98399489e-05 4.50942777e-05 1.32186109e-04 3.85574182e-05 6.65377302e-05 1.31168920e-04 7.67744030e-05 1.50344351e-04 1.84025304e-04 1.05676956e-04 7.41028372e-05 5.23098352e-06 9.00132945e-06 6.07485599e-06 2.58209447e-05 4.93075931e-06 1.75792039e-05 4.96893162e-05 3.87634849e-05 1.95829882e-05 5.14748474e-05 4.29320993e-05 1.42862220e-05 5.66473033e-05 7.01211235e-05 9.41830222e-06 4.98072319e-05 1.42098575e-04 3.10419622e-05 3.03289789e-04 4.40107856e-04 1.76043142e-05 2.32045131e-04 5.14267653e-05 4.18973330e-05 4.27702562e-04 6.14012442e-04 1.11336732e-04 3.29903566e-04 8.06862070e-05 2.70232898e-05 5.98658215e-05 3.11405334e-05 8.81799491e-07 6.76984939e-09 1.00000000e-10
 2015 05 20 12 00 00  3.77623701e-03 2.29717561e-03 1.27153703e-03 9.14153641e-04 6.67047412e-04 3.69005814e-04 2.67940536e-04 2.29078248e-04 4.76963051e-04 1.36995953e-04 3.37815926e-03 5.12304604e-03 2.38893084e-04 6.97878349e-05 4.50913636e-05 1.30168732e-04 3.77439719e-05 6.49044348e-05 1.30382157e-04 7.67356541e-05 1.47099416e-04 1.79776859e-04 1.04016868e-04 7.34314562e-05 5.17817534e-06 8.90311348e-06 6.05771529e-06 2.56392160e-05 4.93023799e-06 1.74517092e-05 4.85765949e-05 3.84469662e-05 1.87759753e-05 5.06427212e-05 4.28994827e-05 1.42115969e-05 5.49217715e-05 6.75904646e-05 9.34127820e-06 4.88311415e-05 1.38210638e-04 3.10120027e-05 2.95046182e-04 4.39796579e-04 1.75918632e-05 2.22523305e-04 4.65213991e-05 4.18410578e-05 4.10157329e-04 5.96153241e-04 1.08845766e-04 3.12219494e-04 7.71095169e-05 2.57235128e-05 5.68677620e-05 2.91510473e-05 7.92874980e-07 3.71592179e-09 1.00000000e-10
 2015 05 21 12 00 00  3.75404252e-03 2.28176648e-03 1.26185061e-03 9.06907357e-04 6.60602402e-04 3.66283977e-04 2.65189988e-04 2.26024731e-04 4.69012307e-04 1.34700831e-04 3.31444468e-03 5.00616729e-03 2.35563196e-04 6.88508982e-05 4.45216222e-05 1.27230883e-04 3.68028705e-05 6.30154973e-05 1.28237349e-04 7.56743655e-05 1.43199434e-04 1.74869018e-04 1.01931570e-04 7.24218406e-05 5.11704820e-06 9.07706781e-06 6.01683714e-06 2.53853824e-05 4.90682360e-06 1.72369067e-05 4.71418079e-05 3.80808051e-05 1.78435206e-05 4.94602598e-05 4.15271090e-05 1.40336779e-05 5.26111590e-05 6.43021920e-05 9.47759545e-06 4.67694912e-05 1.30853158e-04 3.01157648e-05 2.78671514e-04 4.27156427e-04 1.70862571e-05 2.06506745e-04 4.08596243e-05 4.01047408e-05 3.84674693e-04 5.68950589e-04 1.03664790e-04 2.92151835e-04 7.39111963e-05 2.45613806e-05 5.41879071e-05 2.73810993e-05 7.14372450e-07 1.04844275e-09 1.00000000e-10
 2015 05 22 12 00 00  3.73271227e-03 2.26816812e-03 1.25320295e-03 9.00205185e-04 6.54517594e-04 3.63566725e-04 2.62515906e-04 2.23085501e-04 4.61365718e-04 1.32744915e-04 3.25308236e-03 4.88928929e-03 2.32560517e-04 6.81838887e-05 4.41003299e-05 1.25742385e-04 3.63615691e-05 6.21303625e-05 1.27019556e-04 7.50171603e-05 1.41281179e-04 1.72574487e-04 1.00893387e-04 7.18853013e-05 5.08835583e-06 9.01761159e-06 5.99928426e-06 2.52383138e-05 4.89249578e-06 1.71219600e-05 4.64466187e-05 3.79091303e-05 1.74074055e-05 4.87822456e-05 4.06862469e-05 1.39571959e-05 5.14526554e-05 6.27042891e-05 9.43091945e-06 4.56756649e-05 1.26374433e-04 2.95621809e-05 2.70401989e-04 4.19406122e-04 1.67762449e-05 1.98239508e-04 3.82172206e-05 3.90331727e-05 3.71990760e-04 5.54950170e-04 1.00912183e-04 2.82294415e-04 7.18343770e-05 2.38071764e-05 5.24507718e-05 2.62579185e-05 6.66319394e-07 1.00000000e-10 1.00000000e-10
 2015 05 23 12 00 00  3.71906041e-03 2.25940819e-03 1.24763698e-03 8.95885123e-04 6.50591617e-04 3.61828722e-04 2.60802009e-04 2.21199190e-04 4.56465828e-04 1.31479040e-04 3.21377493e-03 4.81490716e-03 2.30626308e-04 6.77384232e-05 4.38191842e-05 1.25182945e-04 3.62558756e-05 6.19195052e-05 1.26359002e-04 7.45710393e-05 1.40758511e-04 1.72037513e-04 1.00587491e-04 7.16762992e-05 5.08143021e-06 8.96822603e-06 5.98649312e-06 2.51789030e-05 4.88290752e-06 1.70716859e-05 4.62441719e-05 3.78680648e-05 1.73050226e-05 4.85083908e-05 4.01226542e-05 1.39014242e-05 5.10795429e-05 6.22071728e-05 9.39208694e-06 4.50324032e-05 1.24082682e-04 2.91875360e-05 2.65103255e-04 4.14207014e-04 1.65682805e-05 1.94628795e-04 3.76073527e-05 3.83087056e-05 3.67503613e-04 5.49738683e-04 9.95905083e-05 2.79737961e-04 7.11195029e-05 2.35480676e-05 5.18564202e-05 2.59024172e-05 6.53258542e-07 1.00000000e-10 1.00000000e-10
 2015 05 24 12 00 00  3.69787721e-03 2.24612318e-03 1.23916931e-03 8.89276042e-04 6.44567547e-04 3.59111155e-04 2.58140625e-04 2.18279338e-04 4.48871434e-04 1.29581975e-04 3.15281038e-03 4.69802804e-03 2.27680489e-04 6.71181806e-05 4.34213192e-05 1.24267797e-04 3.60401755e-05 6.14881574e-05 1.25430010e-04 7.39854877e-05 1.39740174e-04 1.70930131e-04 1.00014304e-04 7.13497855e-05 5.06734505e-06 8.93187535e-06 5.97238613e-06 2.50823881e-05 4.87015168e-06 1.69934059e-05 4.58696328e-05 3.77842080e-05 1.70941872e-05 4.80723584e-05 3.93740163e-05 1.38399337e-05 5.04197161e-05 6.13245943e-05 9.36350625e-06 4.42224235e-05 1.20587392e-04 2.86944007e-05 2.58736336e-04 4.07306406e-04 1.62922562e-05 1.89161164e-04 3.63416562e-05 3.73541930e-05 3.60004697e-04 5.41180193e-04 9.76572556e-05 2.75535545e-04 7.09596752e-05 2.34906018e-05 5.17268610e-05 2.58516947e-05 6.53554761e-07 1.00000000e-10 1.00000000e-10
 2015 05 25 12 00 00  3.68339092e-03 2.23562827e-03 1.23260824e-03 8.84430488e-04 6.40290388e-04 3.57366168e-04 2.56351847e-04 2.16281925e-04 4.43677743e-04 1.27991168e-04 3.11122134e-03 4.62364592e-03 2.25432641e-04 6.64149938e-05 4.29977660e-05 1.24135226e-04 3.61680693e-05 6.17469137e-05 1.24518711e-04 7.31542241e-05 1.40140200e-04 1.71619719e-04 1.00146418e-04 7.12264553e-05 5.07555560e-06 8.91676755e-06 5.96447462e-06 2.50581947e-05 4.85186356e-06 1.69608674e-05 4.59318470e-05 3.78340570e-05 1.72246306e-05 4.79538787e-05 3.83017876e-05 1.38053976e-05 5.04286409e-05 6.14616616e-05 9.35160206e-06 4.36347003e-05 1.19052238e-04 2.79928296e-05 2.55396696e-04 3.97429013e-04 1.58971605e-05 1.86849061e-04 3.71524540e-05 3.59952915e-05 3.58727081e-04 5.38688609e-04 9.62132350e-05 2.76576202e-04 6.94048193e-05 2.29259446e-05 5.04262816e-05 2.50104970e-05 6.17544902e-07 1.00000000e-10 1.00000000e-10
 2015 05 26 12 00 00  3.67615660e-03 2.23187411e-03 1.23014408e-03 8.82313187e-04 6.38260759e-04 3.56366133e-04 2.55416844e-04 2.15273218e-04 4.41071280e-04 1.27501148e-04 3.09025177e-03 4.58113700e-03 2.24549547e-04 6.63417785e-05 4.29324582e-05 1.24671505e-04 3.63994710e-05 6.22138148e-05 1.24726943e-04 7.31763896e-05 1.41009105e-04 1.72853379e-04 1.00592920e-04 7.13636718e-05 5.09047131e-06 9.03339824e-06 5.96888240e-06 2.51031342e-05 4.85272940e-06 1.69910243e-05 4.62583717e-05 3.79241916e-05 1.74583358e-05 4.81415706e-05 3.83501669e-05 1.38244664e-05 5.09162033e-05 6.21752610e-05 9.44304411e-06 4.38511901e-05 1.19381641e-04 2.80146633e-05 2.57665901e-04 3.97862347e-04 1.59144939e-05 1.89518449e-04 3.85937630e-05 3.60395818e-05 3.63875845e-04 5.43620097e-04 9.69634046e-05 2.80004082e-04 6.80810417e-05 2.24451376e-05 4.93185059e-05 2.42901152e-05 5.86416698e-07 1.00000000e-10 1.00000000e-10
 2015 05 27 12 00 00  3.67383450e-03 2.22997811e-03 1.22897486e-03 8.81447994e-04 6.37494664e-04 3.56095956e-04 2.55126623e-04 2.14941444e-04 4.40225361e-04 1.27196586e-04 3.08351430e-03 4.57050130e-03 2.24146901e-04 6.61553518e-05 4.27915154e-05 1.24133469e-04 3.62232153e-05 6.18627528e-05 1.24288431e-04 7.29590945e-05 1.40316237e-04 1.71964100e-04 1.00222252e-04 7.11927220e-05 5.07889490e-06 8.98816652e-06 5.96125319e-06 2.50503791e-05 4.84827360e-06 1.69502118e-05 4.60019119e-05 3.78557306e-05 1.72886241e-05 4.79281974e-05 3.80869169e-05 1.37911571e-05 5.04987181e-05 6.15841391e-05 9.40753380e-06 4.34660139e-05 1.18173063e-04 2.78339634e-05 2.54282960e-04 3.95426715e-04 1.58170686e-05 1.86583931e-04 3.75880569e-05 3.56912991e-05 3.59152548e-04 5.38573345e-04 9.59795668e-05 2.76843472e-04 6.80932633e-05 2.24500478e-05 4.93321117e-05 2.43259995e-05 5.89973610e-07 1.00000000e-10 1.00000000e-10
 2015 05 28 12 00 00  3.67897617e-03 2.23248510e-03 1.23063751e-03 8.82828970e-04 6.38793467e-04 3.56801390e-04 2.55776361e-04 2.15633121e-04 4.42049813e-04 1.27500412e-04 3.09823599e-03 4.60236184e-03 2.24733504e-04 6.61775571e-05 4.28884687e-05 1.23855401e-04 3.60976323e-05 6.16138102e-05 1.24046907e-04 7.28564686e-05 1.39898073e-04 1.71343581e-04 9.99998717e-05 7.10768548e-05 5.07059085e-06 8.90755982e-06 5.96085483e-06 2.50193798e-05 4.84638404e-06 1.69311390e-05 4.58339159e-05 3.78070050e-05 1.71698586e-05 4.78127368e-05 3.79738165e-05 1.37892945e-05 5.02375992e-05 6.12227367e-05 9.34427371e-06 4.33158576e-05 1.18154351e-04 2.77503976e-05 2.53587374e-04 3.94372887e-04 1.57749155e-05 1.85124924e-04 3.68954235e-05 3.55313881e-05 3.56313077e-04 5.35901427e-04 9.54352446e-05 2.73397395e-04 6.63748149e-05 2.18258480e-05 4.78937447e-05 2.33880844e-05 5.49256524e-07 1.00000000e-10 1.00000000e-10
 2015 05 29 12 00 00  3.67754691e-03 2.23247624e-03 1.23055057e-03 8.82524795e-04 6.38394185e-04 3.56533349e-04 2.55563698e-04 2.15418075e-04 4.41516888e-04 1.27549158e-04 3.09391660e-03 4.59172390e-03 2.24671029e-04 6.62744801e-05 4.29082010e-05 1.23934738e-04 3.61038401e-05 6.16292993e-05 1.24273224e-04 7.30603235e-05 1.39932230e-04 1.71409275e-04 1.00037409e-04 7.11088531e-05 5.07085206e-06 8.86118578e-06 5.95904203e-06 2.50210379e-05 4.85141318e-06 1.69380963e-05 4.58857023e-05 3.78095487e-05 1.71814958e-05 4.78304333e-05 3.82652797e-05 1.37812734e-05 5.03202240e-05 6.13007630e-05 9.30781898e-06 4.33407770e-05 1.18079769e-04 2.79269530e-05 2.52942273e-04 3.97040097e-04 1.58816039e-05 1.85895502e-04 3.69936839e-05 3.58762452e-05 3.57524301e-04 5.37232131e-04 9.59025483e-05 2.73259454e-04 6.57136921e-05 2.15860764e-05 4.73430347e-05 2.30502489e-05 5.36164163e-07 1.00000000e-10 1.00000000e-10
 2015 05 30 12 00 00  3.67854595e-03 2.23196922e-03 1.23032977e-03 8.82519409e-04 6.38471774e-04 3.56741556e-04 2.55702702e-04 2.15539147e-04 4.41856527e-04 1.27395598e-04 3.09675189e-03 4.60233316e-03 2.24612845e-04 6.60860347e-05 4.28641868e-05 1.24088673e-04 3.62080755e-05 6.18410821e-05 1.23935485e-04 7.27162231e-05 1.40381664e-04 1.71981156e-04 1.00237418e-04 7.11638911e-05 5.07750156e-06 8.90579613e-06 5.96175960e-06 2.50320044e-05 4.84421471e-06 1.69398297e-05 4.59973422e-05 3.78502154e-05 1.72894332e-05 4.79203232e-05 3.78409051e-05 1.37929543e-05 5.04686040e-05 6.15738487e-05 9.34269192e-06 4.33759779e-05 1.18507204e-04 2.76396080e-05 2.54054361e-04 3.93118602e-04 1.57247441e-05 1.86067443e-04 3.76725191e-05 3.53216485e-05 3.58367678e-04 5.38094960e-04 9.55054120e-05 2.76437983e-04 6.73769498e-05 2.21912406e-05 4.87424702e-05 2.40208778e-05 5.82600754e-07 1.00000000e-10 1.00000000e-10
 2015 05 31 12 00 00  3.68336908e-03 2.23664787e-03 1.23316127e-03 8.84311483e-04 6.39890080e-04 3.57206398e-04 2.56251808e-04 2.16177307e-04 4.43556133e-04 1.28160049e-04 3.11029858e-03 4.62356657e-03 2.25542147e-04 6.64966299e-05 4.30482045e-05 1.25311843e-04 3.66118184e-05 6.26532477e-05 1.24989616e-04 7.33160414e-05 1.42023051e-04 1.74106424e-04 1.01133661e-04 7.15848946e-05 5.10364116e-06 8.93790711e-06 5.96873761e-06 2.51450657e-05 4.85812998e-06 1.70296554e-05 4.66449651e-05 3.80073761e-05 1.76927177e-05 4.84222438e-05 3.86522297e-05 1.38231975e-05 5.15048562e-05 6.29765073e-05 9.36782744e-06 4.40542566e-05 1.20926806e-04 2.81517830e-05 2.58182559e-04 4.00569182e-04 1.60227673e-05 1.92934397e-04 4.01375961e-05 3.63175146e-05 3.69871627e-04 5.50273664e-04 9.79795821e-05 2.84074751e-04 6.72372049e-05 2.21408880e-05 4.86284368e-05 2.39699689e-05 5.82126378e-07 1.00000000e-10 1.00000000e-10
 2015 06 01 12 00 00  3.69295208e-03 2.24286903e-03 1.23710672e-03 8.87259603e-04 6.42507383e-04 3.58399613e-04 2.57431897e-04 2.17471997e-04 4.46962536e-04 1.29050840e-04 3.13765990e-03 4.67667244e-03 2.26894773e-04 6.67453421e-05 4.31261697e-05 1.25917299e-04 3.67841538e-05 6.30004040e-05 1.25468897e-04 7.36063172e-05 1.42790331e-04 1.75018950e-04 1.01558311e-04 7.18458836e-05 5.11477556e-06 8.99029255e-06 5.97712424e-06 2.52059344e-05 4.86514291e-06 1.70766513e-05 4.69381118e-05 3.80744837e-05 1.78657428e-05 4.87352933e-05 3.90594767e-05 1.38595860e-05 5.19889858e-05 6.36356571e-05 9.40890386e-06 4.46021619e-05 1.22865935e-04 2.84019567e-05 2.61977697e-04 4.04300338e-04 1.61720135e-05 1.96525011e-04 4.11996152e-05 3.68054025e-05 3.75028904e-04 5.55865921e-04 9.91491582e-05 2.89387217e-04 6.99002252e-05 2.31092082e-05 5.08647386e-05 2.54867181e-05 6.52302802e-07 1.00000000e-10 1.00000000e-10
 2015 06 02 12 00 00  3.70647964e-03 2.25170818e-03 1.24270795e-03 8.91467831e-04 6.46256818e-04 3.60086066e-04 2.59103513e-04 2.19309430e-04 4.51782342e-04 1.30324496e-04 3.17635405e-03 4.75102887e-03 2.28819472e-04 6.71809726e-05 4.34053036e-05 1.27520881e-04 3.73384421e-05 6.41134800e-05 1.26481322e-04 7.40491552e-05 1.45097036e-04 1.77915388e-04 1.02780511e-04 7.24078390e-05 5.15075299e-06 9.07731155e-06 5.99049890e-06 2.53600673e-05 4.87549551e-06 1.71912075e-05 4.77700607e-05 3.82901664e-05 1.84158955e-05 4.94421509e-05 3.96626187e-05 1.39177064e-05 5.33185966e-05 6.54974156e-05 9.47709923e-06 4.55405902e-05 1.26795603e-04 2.87807372e-05 2.68985467e-04 4.09836558e-04 1.63934623e-05 2.04914285e-04 4.45449376e-05 3.75423173e-05 3.89087840e-04 5.70946200e-04 1.01743377e-04 3.01123091e-04 7.17178958e-05 2.37701240e-05 5.23910127e-05 2.65208149e-05 7.00071269e-07 1.68835896e-09 1.00000000e-10
 2015 06 03 12 00 00  3.71903455e-03 2.26127235e-03 1.24864999e-03 8.95681592e-04 6.49879363e-04 3.61540218e-04 2.60623415e-04 2.21013571e-04 4.56253970e-04 1.31789053e-04 3.21215218e-03 4.81476411e-03 2.30830056e-04 6.78392810e-05 4.37748290e-05 1.29421045e-04 3.79174831e-05 6.52759336e-05 1.27975666e-04 7.48737890e-05 1.47487378e-04 1.80937587e-04 1.04077613e-04 7.31217434e-05 5.18835295e-06 8.94669647e-06 6.02230939e-06 2.55198881e-05 4.89431841e-06 1.73331129e-05 4.86881297e-05 3.85154708e-05 1.89900282e-05 5.02256746e-05 4.07619315e-05 1.40560165e-05 5.47957092e-05 6.75919678e-05 9.37472432e-06 4.71155362e-05 1.31542057e-04 2.94823403e-05 2.81111635e-04 4.19941319e-04 1.67976528e-05 2.15773126e-04 4.80330898e-05 3.89048859e-05 4.05678071e-04 5.88825444e-04 1.05342013e-04 3.15831093e-04 7.67844072e-05 2.56119960e-05 5.66428238e-05 2.93817839e-05 8.30821466e-07 6.31325108e-09 1.00000000e-10
 2015 06 04 12 00 00  3.73210531e-03 2.27186459e-03 1.25518397e-03 9.00226814e-04 6.53738250e-04 3.63004548e-04 2.62194062e-04 2.22791600e-04 4.60914286e-04 1.33447686e-04 3.24939974e-03 4.87850197e-03 2.33031016e-04 6.86701781e-05 4.42664524e-05 1.31164601e-04 3.84275336e-05 6.63000974e-05 1.29703279e-04 7.59341579e-05 1.49613715e-04 1.83602093e-04 1.05257270e-04 7.38503913e-05 5.22146183e-06 9.24803098e-06 6.03883491e-06 2.56989142e-05 4.91823557e-06 1.74693263e-05 4.95443372e-05 3.87139356e-05 1.94961482e-05 5.10723359e-05 4.21604840e-05 1.41278389e-05 5.62138348e-05 6.94757548e-05 9.61093465e-06 4.85597508e-05 1.35669511e-04 3.03821231e-05 2.90354159e-04 4.32805704e-04 1.73122282e-05 2.26134908e-04 5.11100225e-05 4.06508363e-05 4.21737383e-04 6.06895147e-04 1.09146972e-04 3.30894533e-04 8.39264663e-05 2.82083771e-05 6.26362013e-05 3.34128052e-05 1.01491442e-06 1.60103230e-08 5.47415180e-10
 2015 06 05 12 00 00  3.73699536e-03 2.27655512e-03 1.25802726e-03 9.02076278e-04 6.55234961e-04 3.63487982e-04 2.62761296e-04 2.23451973e-04 4.62653871e-04 1.34217745e-04 3.26323479e-03 4.89974394e-03 2.33973124e-04 6.90813633e-05 4.44218120e-05 1.32372375e-04 3.88102460e-05 6.70691952e-05 1.30780630e-04 7.65502686e-05 1.51166852e-04 1.85608191e-04 1.06106920e-04 7.43587761e-05 5.24627612e-06 9.16746867e-06 6.05131609e-06 2.58023777e-05 4.93205553e-06 1.75589712e-05 5.01601270e-05 3.88628803e-05 1.98770314e-05 5.15927413e-05 4.29690990e-05 1.41820681e-05 5.72053578e-05 7.08394840e-05 9.54771240e-06 4.94666722e-05 1.38222248e-04 3.09043011e-05 2.95650618e-04 4.40246032e-04 1.76098413e-05 2.33046428e-04 5.34312043e-05 4.16636787e-05 4.32856900e-04 6.18927823e-04 1.11626951e-04 3.42473542e-04 8.96929640e-05 3.03048915e-05 6.74766736e-05 3.66797175e-05 1.16492290e-06 2.40188562e-08 1.27828343e-09
 2015 06 06 12 00 00  3.75455522e-03 2.28803132e-03 1.26530002e-03 9.07615900e-04 6.60213262e-04 3.65692942e-04 2.64947334e-04 2.25859369e-04 4.68935300e-04 1.35881193e-04 3.31363352e-03 4.99536283e-03 2.36484715e-04 6.96547530e-05 4.47477398e-05 1.34075352e-04 3.93495953e-05 6.81532838e-05 1.32006934e-04 7.71594467e-05 1.53457059e-04 1.88437815e-04 1.07332151e-04 7.50135407e-05 5.28123528e-06 9.13366384e-06 6.07269249e-06 2.59562886e-05 4.94566739e-06 1.76839164e-05 5.09948188e-05 3.90727975e-05 2.04142110e-05 5.23527581e-05 4.37658571e-05 1.42749996e-05 5.85607293e-05 7.27472135e-05 9.52107439e-06 5.07257339e-05 1.42826949e-04 3.14201723e-05 3.04796018e-04 4.47578898e-04 1.79031559e-05 2.42339473e-04 5.67069626e-05 4.26640006e-05 4.47512863e-04 6.34895384e-04 1.14598834e-04 3.56609903e-04 9.49718316e-05 3.22243277e-05 7.19093076e-05 3.96832473e-05 1.30368633e-06 3.14905030e-08 1.96174224e-09
 2015 06 07 12 00 00  3.77421401e-03 2.30107438e-03 1.27354842e-03 9.13865043e-04 6.65811854e-04 3.68146688e-04 2.67390872e-04 2.28555168e-04 4.75967748e-04 1.37784266e-04 3.37004778e-03 5.10160699e-03 2.39328831e-04 7.03638579e-05 4.52074522e-05 1.35745277e-04 3.98546486e-05 6.91690017e-05 1.33366972e-04 7.79007620e-05 1.55637025e-04 1.91093693e-04 1.08510540e-04 7.56497747e-05 5.31394617e-06 9.20983439e-06 6.09021372e-06 2.61163214e-05 4.96224166e-06 1.78099885e-05 5.18026529e-05 3.92693852e-05 2.09182501e-05 5.31215767e-05 4.47359052e-05 1.43511541e-05 5.98916220e-05 7.45746420e-05 9.58070086e-06 5.19449993e-05 1.47433554e-04 3.20480060e-05 3.13343427e-04 4.56506386e-04 1.82602555e-05 2.51647281e-04 5.97856939e-05 4.38814866e-05 4.62108075e-04 6.51160143e-04 1.17733890e-04 3.69264239e-04 9.90071498e-05 3.36918882e-05 7.52998014e-05 4.19970652e-05 1.41175548e-06 3.73963900e-08 2.50413308e-09
 2015 06 08 12 00 00  3.78389455e-03 2.30728119e-03 1.27749219e-03 9.16896227e-04 6.68550198e-04 3.69373198e-04 2.68599743e-04 2.29883669e-04 4.79431911e-04 1.38676918e-04 3.39785212e-03 5.15472963e-03 2.40694226e-04 7.06815836e-05 4.54371162e-05 1.36365772e-04 4.00327874e-05 6.95288298e-05 1.33900214e-04 7.82013813e-05 1.56443566e-04 1.92047744e-04 1.08948208e-04 7.58456200e-05 5.32540944e-06 9.14388656e-06 6.09486706e-06 2.61708254e-05 4.96894609e-06 1.78571394e-05 5.20968829e-05 3.93387949e-05 2.10988801e-05 5.33748195e-05 4.51284228e-05 1.43713187e-05 6.03798246e-05 7.52386785e-05 9.52894479e-06 5.22824429e-05 1.49278326e-04 3.23024695e-05 3.15643758e-04 4.60119336e-04 1.84047734e-05 2.55047037e-04 6.09032111e-05 4.43748489e-05 4.67542467e-04 6.57239526e-04 1.18928081e-04 3.71852412e-04 9.77601783e-05 3.32394005e-05 7.42593457e-05 4.13448090e-05 1.38537793e-06 3.62552349e-08 2.40667148e-09
 2015 06 09 12 00 00  3.78575421e-03 2.30837257e-03 1.27819429e-03 9.17452687e-04 6.69061411e-04 3.69616819e-04 2.68833727e-04 2.30138010e-04 4.80096076e-04 1.38826956e-04 3.40319617e-03 5.16535342e-03 2.40939073e-04 7.06785851e-05 4.53605110e-05 1.36589369e-04 4.00938938e-05 6.96541392e-05 1.33980889e-04 7.82259682e-05 1.56716175e-04 1.92395638e-04 1.09092519e-04 7.58661200e-05 5.32925369e-06 9.27492001e-06 6.10481511e-06 2.61918659e-05 4.96954926e-06 1.78708248e-05 5.21911125e-05 3.93626804e-05 2.11642357e-05 5.34650550e-05 4.51633910e-05 1.44145117e-05 6.05343953e-05 7.54901127e-05 9.63160128e-06 5.25562290e-05 1.50018759e-04 3.23237356e-05 3.19338407e-04 4.60439433e-04 1.84175773e-05 2.56458745e-04 6.13242737e-05 4.44163685e-05 4.69158167e-04 6.58365072e-04 1.19245651e-04 3.71086818e-04 9.49925081e-05 3.22341984e-05 7.19435488e-05 3.98410158e-05 1.32055848e-06 3.31109874e-08 2.12763744e-09
 2015 06 10 12 00 00  3.79664716e-03 2.31433084e-03 1.28207087e-03 9.20630767e-04 6.72034660e-04 3.71081199e-04 2.70217739e-04 2.31633515e-04 4.83994408e-04 1.39618193e-04 3.43456850e-03 5.22909909e-03 2.42305789e-04 7.08722860e-05 4.56100758e-05 1.37785460e-04 4.05204133e-05 7.05127895e-05 1.34406724e-04 7.82502990e-05 1.58525153e-04 1.94648148e-04 1.10015140e-04 7.62548653e-05 5.35683685e-06 9.40045138e-06 6.12373624e-06 2.63006625e-05 4.97015244e-06 1.79493091e-05 5.27898786e-05 3.95287439e-05 2.15914828e-05 5.39936462e-05 4.51983680e-05 1.44967315e-05 6.14819770e-05 7.69026661e-05 9.72994167e-06 5.33747273e-05 1.53258629e-04 3.23448359e-05 3.27428408e-04 4.60759441e-04 1.84303776e-05 2.62323190e-04 6.39418373e-05 4.44575999e-05 4.78845719e-04 6.68822297e-04 1.20649258e-04 3.80268320e-04 9.65741030e-05 3.28099151e-05 7.32761828e-05 4.07804927e-05 1.36656126e-06 3.57810720e-08 2.37667024e-09
 2015 06 11 12 00 00  3.79501125e-03 2.31374835e-03 1.28165881e-03 9.20209631e-04 6.71599882e-04 3.70833341e-04 2.69999621e-04 2.31404252e-04 4.83403080e-04 1.39562217e-04 3.42979961e-03 5.21847233e-03 2.42149094e-04 7.08978115e-05 4.56018363e-05 1.37610314e-04 4.04329447e-05 7.03398022e-05 1.34422711e-04 7.83333613e-05 1.58187652e-04 1.94220436e-04 1.09848750e-04 7.62365376e-05 5.35103391e-06 9.47256485e-06 6.12313524e-06 2.62850265e-05 4.97215624e-06 1.79379501e-05 5.26927062e-05 3.94948176e-05 2.15095002e-05 5.39533356e-05 4.53147106e-05 1.44940161e-05 6.13375583e-05 7.66749083e-05 9.78642856e-06 5.34137517e-05 1.52816976e-04 3.24163877e-05 3.27243348e-04 4.61825447e-04 1.84730179e-05 2.61778008e-04 6.34676195e-05 4.45971295e-05 4.77508807e-04 6.67622596e-04 1.20601176e-04 3.80114039e-04 9.83108353e-05 3.34419881e-05 7.47386921e-05 4.18048267e-05 1.41626030e-06 3.86335245e-08 2.64197126e-09
 2015 06 12 12 00 00  3.79723351e-03 2.31566040e-03 1.28282944e-03 9.20987429e-04 6.72238650e-04 3.71070149e-04 2.70259927e-04 2.31700316e-04 4.84187348e-04 1.39864454e-04 3.43608031e-03 5.22909164e-03 2.42537337e-04 7.10952608e-05 4.58055204e-05 1.37276491e-04 4.02545498e-05 6.99840253e-05 1.34503766e-04 7.85351731e-05 1.57528675e-04 1.93315377e-04 1.09526582e-04 7.61433709e-05 5.33933853e-06 9.48606030e-06 6.11828727e-06 2.62564373e-05 4.97694928e-06 1.79210515e-05 5.24896840e-05 3.94255039e-05 2.13369058e-05 5.38355539e-05 4.55935136e-05 1.44728081e-05 6.10414547e-05 7.61916418e-05 9.79696269e-06 5.33017280e-05 1.52321674e-04 3.25896370e-05 3.25608143e-04 4.64382286e-04 1.85752914e-05 2.60555163e-04 6.24405802e-05 4.49345738e-05 4.74882228e-04 6.65613872e-04 1.20518237e-04 3.76601826e-04 9.77429285e-05 3.32362464e-05 7.42672391e-05 4.15285765e-05 1.40657445e-06 3.83406018e-08 2.62084754e-09
 2015 06 13 12 00 00  3.78503738e-03 2.30709359e-03 1.27745135e-03 9.16973362e-04 6.68672890e-04 3.69581810e-04 2.68748844e-04 2.30019329e-04 4.79813716e-04 1.38581096e-04 3.40105763e-03 5.16533852e-03 2.40688519e-04 7.05660579e-05 4.55079197e-05 1.36312489e-04 3.99819750e-05 6.94395858e-05 1.33492315e-04 7.79137539e-05 1.56375834e-04 1.91923127e-04 1.08881304e-04 7.57916955e-05 5.32150952e-06 9.65806612e-06 6.11002397e-06 2.61687996e-05 4.96340726e-06 1.78419037e-05 5.20401253e-05 3.93195689e-05 2.10716476e-05 5.34488041e-05 4.47987608e-05 1.44367485e-05 6.02910647e-05 7.51880319e-05 9.93172216e-06 5.26780708e-05 1.49647261e-04 3.20662453e-05 3.21974241e-04 4.57056762e-04 1.82822705e-05 2.55014954e-04 6.08541595e-05 4.39214782e-05 4.66233438e-04 6.56066988e-04 1.18399082e-04 3.71033153e-04 9.70879864e-05 3.29987892e-05 7.37221931e-05 4.11983626e-05 1.39410350e-06 3.78760291e-08 2.58348472e-09
 2015 06 14 12 00 00  3.76805454e-03 2.29417364e-03 1.26942116e-03 9.11165812e-04 6.63612891e-04 3.67591389e-04 2.66668984e-04 2.27681344e-04 4.73726947e-04 1.36589167e-04 3.35238581e-03 5.08033372e-03 2.37951917e-04 6.96277292e-05 4.49654979e-05 1.34710584e-04 3.95401090e-05 6.85558829e-05 1.31670612e-04 7.67503632e-05 1.54519936e-04 1.89653846e-04 1.07830644e-04 7.51736787e-05 5.29265963e-06 9.62784834e-06 6.09816743e-06 2.60079098e-05 4.93785192e-06 1.77095021e-05 5.12849976e-05 3.91477835e-05 2.06396158e-05 5.27393680e-05 4.33001987e-05 1.43850397e-05 5.90184034e-05 7.35293203e-05 9.90799963e-06 5.15185360e-05 1.45544043e-04 3.10847012e-05 3.15245222e-04 4.43250756e-04 1.77300302e-05 2.45450152e-04 5.82599314e-05 4.20204888e-05 4.51421372e-04 6.39454185e-04 1.14631596e-04 3.60759483e-04 9.44967444e-05 3.20573427e-05 7.15517144e-05 3.97705161e-05 1.33118879e-06 3.47151783e-08 2.29997550e-09
 2015 06 15 12 00 00  3.78329113e-03 2.30098554e-03 1.27401056e-03 9.15218715e-04 6.67542990e-04 3.69754841e-04 2.68630112e-04 2.29760387e-04 4.79164955e-04 1.37373599e-04 3.39629047e-03 5.17593995e-03 2.39603974e-04 6.94366657e-05 4.47717770e-05 1.33796639e-04 3.92024696e-05 6.78819197e-05 1.30809705e-04 7.62978802e-05 1.53347991e-04 1.87934213e-04 1.07202277e-04 7.49130124e-05 5.27055345e-06 9.42270708e-06 6.08832415e-06 2.59245563e-05 4.92830040e-06 1.76455943e-05 5.07915054e-05 3.90165776e-05 2.03118558e-05 5.24428750e-05 4.27376537e-05 1.43420562e-05 5.82510966e-05 7.24545653e-05 9.74699069e-06 5.09509283e-05 1.45196337e-04 3.07061535e-05 3.10312119e-04 4.38055498e-04 1.75222199e-05 2.40307420e-04 5.63038862e-05 4.12893976e-05 4.42198827e-04 6.29819880e-04 1.12688465e-04 3.55396073e-04 9.55804646e-05 3.24518121e-05 7.24647258e-05 4.04132218e-05 1.36259496e-06 3.65335040e-08 2.46946179e-09
 2015 06 16 12 00 00  3.74428423e-03 2.27855123e-03 1.25952581e-03 9.03509062e-04 6.56664708e-04 3.64586762e-04 2.63682752e-04 2.24381911e-04 4.65176689e-04 1.34301294e-04 3.28386537e-03 4.95281108e-03 2.34512955e-04 6.87512714e-05 4.44105568e-05 1.32607001e-04 3.88913119e-05 6.72609429e-05 1.29917464e-04 7.58325332e-05 1.51823106e-04 1.86350771e-04 1.06372456e-04 7.45069482e-05 5.25017604e-06 9.45551292e-06 6.07164111e-06 2.57922869e-05 4.91857463e-06 1.75457806e-05 5.03066116e-05 3.88956658e-05 2.00100199e-05 5.18445787e-05 4.21642500e-05 1.42692952e-05 5.73927583e-05 7.12685283e-05 9.77255841e-06 5.00533569e-05 1.39689512e-04 3.03176523e-05 3.02784577e-04 4.32756541e-04 1.73102617e-05 2.33854519e-04 5.45036746e-05 4.05396015e-05 4.33394204e-04 6.20166599e-04 1.10743794e-04 3.50327758e-04 9.64234328e-05 3.27588326e-05 7.31762346e-05 4.09246527e-05 1.38831093e-06 3.80732871e-08 2.61415938e-09
 2015 06 17 12 00 00  3.73411104e-03 2.27153343e-03 1.25510949e-03 9.00144179e-04 6.53637575e-04 3.63325093e-04 2.62409663e-04 2.22966407e-04 4.61513721e-04 1.33251681e-04 3.25453877e-03 4.89967242e-03 2.32984432e-04 6.83171909e-05 4.41624960e-05 1.30608180e-04 3.81782680e-05 6.58340403e-05 1.28652443e-04 7.53336237e-05 1.48964126e-04 1.82679468e-04 1.04867600e-04 7.38693554e-05 5.20365975e-06 9.37182776e-06 6.04995548e-06 2.56031725e-05 4.90804923e-06 1.74040843e-05 4.92852835e-05 3.86184169e-05 1.93113054e-05 5.10369636e-05 4.15443443e-05 1.41747412e-05 5.57650133e-05 6.89403922e-05 9.70680194e-06 4.88839966e-05 1.35213857e-04 2.99003237e-05 2.92835991e-04 4.27031370e-04 1.70812548e-05 2.23536728e-04 5.03002491e-05 3.97336436e-05 4.15959427e-04 6.02101872e-04 1.07571953e-04 3.37244339e-04 9.64023899e-05 3.27517822e-05 7.31628717e-05 4.09499144e-05 1.39192182e-06 3.84492857e-08 2.65305786e-09
 2015 06 18 12 00 00  3.74524604e-03 2.27818008e-03 1.25937534e-03 9.03456331e-04 6.56644603e-04 3.64763791e-04 2.63798346e-04 2.24476434e-04 4.65477463e-04 1.34167986e-04 3.28642327e-03 4.96340506e-03 2.34462551e-04 6.85237422e-05 4.42639159e-05 1.30444680e-04 3.80214944e-05 6.55227108e-05 1.28698872e-04 7.54994107e-05 1.48473731e-04 1.81898602e-04 1.04633884e-04 7.40010271e-05 5.19332098e-06 1.01492442e-05 6.06056565e-06 2.56318394e-05 4.91230639e-06 1.74002304e-05 4.91258516e-05 3.85575637e-05 1.91620158e-05 5.12686830e-05 4.17900766e-05 1.42207253e-05 5.55817855e-05 6.86241961e-05 1.03161256e-05 4.96474057e-05 1.36158847e-04 3.00452753e-05 2.99201373e-04 4.29275186e-04 1.71710074e-05 2.23859413e-04 4.94241889e-05 4.00176388e-05 4.13808082e-04 6.00845111e-04 1.07587524e-04 3.41871679e-04 1.06232272e-04 3.63255853e-05 8.14139907e-05 4.65170580e-05 1.64743171e-06 5.20813188e-08 3.89691053e-09
 2015 06 19 12 00 00  3.73627586e-03 2.27361078e-03 1.25636594e-03 9.00856367e-04 6.54145874e-04 3.63519180e-04 2.62638386e-04 2.23227078e-04 4.62246018e-04 1.33578639e-04 3.26043043e-03 4.91027199e-03 2.33381782e-04 6.84506520e-05 4.41949104e-05 1.27736060e-04 3.69386078e-05 6.33523159e-05 1.27771417e-04 7.55522342e-05 1.44145482e-04 1.76285848e-04 1.02429230e-04 7.30192554e-05 5.12283732e-06 9.30215101e-06 6.02931395e-06 2.53440830e-05 4.91398678e-06 1.72266067e-05 4.76652161e-05 3.81363701e-05 1.80947623e-05 4.99503513e-05 4.18853946e-05 1.40846038e-05 5.32861486e-05 6.52563464e-05 9.65201034e-06 4.78450229e-05 1.30353835e-04 3.00941465e-05 2.82611834e-04 4.30136346e-04 1.72054538e-05 2.10811269e-04 4.29724751e-05 4.01150493e-05 3.90959832e-04 5.77180853e-04 1.04474669e-04 3.14631075e-04 9.61274956e-05 3.26528900e-05 7.29396636e-05 4.08594091e-05 1.39206603e-06 3.87784326e-08 2.69113904e-09
 2015 06 20 12 00 00  3.72238678e-03 2.26434012e-03 1.25050765e-03 8.96388773e-04 6.50126654e-04 3.61781765e-04 2.60904832e-04 2.21310901e-04 4.57264610e-04 1.32217516e-04 3.22048865e-03 4.83589098e-03 2.31356554e-04 6.79624842e-05 4.39544852e-05 1.26853244e-04 3.66981752e-05 6.28724869e-05 1.26867548e-04 7.49940518e-05 1.43107675e-04 1.75062302e-04 1.01846773e-04 7.26865448e-05 5.10709142e-06 9.22055260e-06 6.01912980e-06 2.52488213e-05 4.90181847e-06 1.71531610e-05 4.72666442e-05 3.80429439e-05 1.78615286e-05 4.95321407e-05 4.11712506e-05 1.40401666e-05 5.26048605e-05 6.43505166e-05 9.58800229e-06 4.71257595e-05 1.27603871e-04 2.96239770e-05 2.77515888e-04 4.23554000e-04 1.69421600e-05 2.05575509e-04 4.15814284e-05 3.92049464e-05 3.83296468e-04 5.68791183e-04 1.02568394e-04 3.09320605e-04 9.49842151e-05 3.22377484e-05 7.19837066e-05 4.02439456e-05 1.36593110e-06 3.75420555e-08 2.58228141e-09
 2015 06 21 12 00 00  3.71154583e-03 2.25583524e-03 1.24524144e-03 8.92613520e-04 6.46855303e-04 3.60529234e-04 2.59580979e-04 2.19816086e-04 4.53377437e-04 1.30891517e-04 3.18941686e-03 4.78275903e-03 2.29566330e-04 6.73483741e-05 4.36750807e-05 1.27347987e-04 3.70418100e-05 6.35646749e-05 1.26168179e-04 7.41716474e-05 1.44399979e-04 1.76881470e-04 1.02432687e-04 7.27359213e-05 5.12929546e-06 9.79722681e-06 6.02672262e-06 2.53082807e-05 4.88372716e-06 1.71619919e-05 4.76262418e-05 3.81767459e-05 1.82064716e-05 4.97680225e-05 4.01105732e-05 1.40730917e-05 5.31009429e-05 6.52112720e-05 1.00400553e-05 4.72080789e-05 1.27737521e-04 2.89299147e-05 2.82169216e-04 4.13782948e-04 1.65513179e-05 2.06671952e-04 4.36983508e-05 3.78605968e-05 3.86961469e-04 5.71486448e-04 1.01858767e-04 3.14110481e-04 9.30877957e-05 3.15486646e-05 7.03946540e-05 3.91940211e-05 1.31933351e-06 3.51748781e-08 2.36926585e-09
 2015 06 22 12 00 00  3.69820411e-03 2.24770715e-03 1.24003852e-03 8.88490583e-04 6.43065286e-04 3.58795557e-04 2.57896199e-04 2.17972537e-04 4.48588711e-04 1.29744393e-04 3.15096838e-03 4.70837876e-03 2.27747593e-04 6.69538384e-05 4.33315852e-05 1.27648169e-04 3.72572860e-05 6.39993057e-05 1.25959323e-04 7.38677627e-05 1.45145558e-04 1.78028758e-04 1.02790204e-04 7.27768694e-05 5.14319036e-06 9.84717117e-06 6.02566033e-06 2.53267807e-05 4.87728976e-06 1.71679787e-05 4.78818427e-05 3.82606755e-05 1.84238510e-05 4.98307401e-05 3.97315889e-05 1.40683769e-05 5.34439853e-05 6.57610302e-05 1.00792015e-05 4.70871182e-05 1.27091081e-04 2.86754919e-05 2.81853019e-04 4.10283683e-04 1.64113473e-05 2.07550334e-04 4.50377906e-05 3.73691088e-05 3.90019790e-04 5.73542193e-04 1.01830287e-04 3.16929338e-04 9.15084969e-05 3.09748883e-05 6.90718899e-05 3.83245357e-05 1.28107281e-06 3.32566231e-08 2.19731557e-09
 2015 06 23 12 00 00  3.67565667e-03 2.23154987e-03 1.22992366e-03 8.81023925e-04 6.36477614e-04 3.56072657e-04 2.55115351e-04 2.14873603e-04 4.40515720e-04 1.27309601e-04 3.08630057e-03 4.59150150e-03 2.24283809e-04 6.59680394e-05 4.28570562e-05 1.25616846e-04 3.66867840e-05 6.28562644e-05 1.23960947e-04 7.26424740e-05 1.42727871e-04 1.75076064e-04 1.01444145e-04 7.18946895e-05 5.10603895e-06 9.06348505e-06 5.99957420e-06 2.50875783e-05 4.85010496e-06 1.70056940e-05 4.69278379e-05 3.80387966e-05 1.78622926e-05 4.87143550e-05 3.81391874e-05 1.39547905e-05 5.18217458e-05 6.36104038e-05 9.46482614e-06 4.50615229e-05 1.21476867e-04 2.76395003e-05 2.67225700e-04 3.95621845e-04 1.58248738e-05 1.95156549e-04 4.16466588e-05 3.53612355e-05 3.72023263e-04 5.53499731e-04 9.74624442e-05 2.98474306e-04 8.11793119e-05 2.72204665e-05 6.04081911e-05 3.25310862e-05 1.01890031e-06 1.95476421e-08 9.53415658e-10
 2015 06 24 12 00 00  3.65858108e-03 2.22120101e-03 1.22329475e-03 8.75779316e-04 6.31661424e-04 3.53852948e-04 2.52961979e-04 2.12520019e-04 4.34393981e-04 1.25855330e-04 3.03713041e-03 4.49587330e-03 2.21968803e-04 6.54781355e-05 4.24172900e-05 1.25017066e-04 3.65742628e-05 6.26319554e-05 1.23390252e-04 7.22805620e-05 1.42138891e-04 1.74506213e-04 1.01115605e-04 7.16332323e-05 5.09865822e-06 9.01309977e-06 5.98297265e-06 2.50251879e-05 4.84226475e-06 1.69525267e-05 4.67225682e-05 3.79950798e-05 1.77535941e-05 4.83911763e-05 3.76787444e-05 1.38825082e-05 5.14434936e-05 6.30840658e-05 9.42523984e-06 4.42766980e-05 1.18725434e-04 2.73350626e-05 2.60536160e-04 3.91376267e-04 1.56550507e-05 1.91472816e-04 4.10007080e-05 3.47722089e-05 3.67586693e-04 5.47733391e-04 9.62778565e-05 2.93794928e-04 7.77068743e-05 2.59584792e-05 5.74968356e-05 3.05937277e-05 9.31912291e-07 1.50509063e-08 5.46723999e-10
 2015 06 25 12 00 00  3.65058529e-03 2.21583446e-03 1.21990625e-03 8.73184512e-04 6.29320927e-04 3.52851262e-04 2.51961198e-04 2.11412334e-04 4.31521606e-04 1.25063701e-04 3.01410155e-03 4.45336625e-03 2.20795723e-04 6.53051586e-05 4.25786127e-05 1.25031857e-04 3.66181222e-05 6.27213158e-05 1.23025034e-04 7.19446456e-05 1.42272976e-04 1.74749513e-04 1.01146302e-04 7.14942260e-05 5.10144491e-06 9.78577664e-06 5.99068590e-06 2.50552657e-05 4.83501899e-06 1.69443051e-05 4.67360456e-05 3.80122045e-05 1.77994516e-05 4.84465706e-05 3.72530252e-05 1.39160038e-05 5.14519608e-05 6.31522326e-05 1.00308855e-05 4.43962994e-05 1.18282925e-04 2.70527555e-05 2.65848521e-04 3.87449803e-04 1.54979921e-05 1.91314483e-04 4.12912137e-05 3.42261541e-05 3.67396557e-04 5.47466937e-04 9.57509365e-05 2.90224781e-04 7.18441461e-05 2.38275324e-05 5.25795722e-05 2.73067316e-05 7.83251599e-07 7.28401908e-09 1.00000000e-10
 2015 06 26 12 00 00  3.63660254e-03 2.20636633e-03 1.21393504e-03 8.68658831e-04 6.25264097e-04 3.51113239e-04 2.50219592e-04 2.09484230e-04 4.26508162e-04 1.23665816e-04 2.97390685e-03 4.37898636e-03 2.18735388e-04 6.46717128e-05 4.20207924e-05 1.21804193e-04 3.54795193e-05 6.04373054e-05 1.21258682e-04 7.13441579e-05 1.37662001e-04 1.68826456e-04 9.87443494e-05 7.04559372e-05 5.02742732e-06 9.10939707e-06 5.94358462e-06 2.47371361e-05 4.82185278e-06 1.67222656e-05 4.51037005e-05 3.75692529e-05 1.66737416e-05 4.70362120e-05 3.64808191e-05 1.37110212e-05 4.88527253e-05 5.93861739e-05 9.50063404e-06 4.20943823e-05 1.10953369e-04 2.65463314e-05 2.44032099e-04 3.80334812e-04 1.52133925e-05 1.74453067e-04 3.44682107e-05 3.32454743e-05 3.39749822e-04 5.18280651e-04 9.09667842e-05 2.67379358e-04 6.94972710e-05 2.29746141e-05 5.06119522e-05 2.59977228e-05 7.24501371e-07 4.76646775e-09 1.00000000e-10
 2015 06 27 12 00 00  3.63301722e-03 2.20460092e-03 1.21276618e-03 8.67616969e-04 6.24247600e-04 3.50606197e-04 2.49750950e-04 2.08980314e-04 4.25212578e-04 1.23441120e-04 2.96347313e-03 4.35772836e-03 2.18311625e-04 6.46592711e-05 4.20188606e-05 1.21658307e-04 3.54046992e-05 6.02882297e-05 1.21222605e-04 7.13800429e-05 1.37344317e-04 1.68448427e-04 9.85861058e-05 7.03603404e-05 5.02251496e-06 9.15771016e-06 5.94837293e-06 2.47201454e-05 4.82288706e-06 1.67125545e-05 4.50101670e-05 3.75401898e-05 1.66016107e-05 4.69454065e-05 3.65399232e-05 1.37318086e-05 4.87027216e-05 5.91857757e-05 9.53849740e-06 4.21282725e-05 1.10535388e-04 2.65786395e-05 2.45370044e-04 3.80871307e-04 1.52348523e-05 1.74047127e-04 3.40403174e-05 3.33093514e-05 3.38484443e-04 5.16739823e-04 9.08756804e-05 2.64066782e-04 6.67850794e-05 2.19888660e-05 4.83375828e-05 2.44808685e-05 6.56149356e-07 2.39316478e-09 1.00000000e-10
 2015 06 28 12 00 00  3.63461131e-03 2.20524442e-03 1.21320912e-03 8.67997747e-04 6.24611234e-04 3.50831286e-04 2.49951778e-04 2.09190131e-04 4.25774001e-04 1.23505636e-04 2.96800852e-03 4.36834358e-03 2.18469359e-04 6.45813634e-05 4.18920768e-05 1.22889702e-04 3.58838413e-05 6.12513977e-05 1.21542656e-04 7.13029352e-05 1.39253719e-04 1.70963158e-04 9.95603024e-05 7.07128327e-05 5.05356838e-06 8.98643630e-06 5.97304206e-06 2.48089075e-05 4.82134637e-06 1.67883164e-05 4.56593236e-05 3.77266784e-05 1.70789848e-05 4.73719459e-05 3.64486303e-05 1.38390897e-05 4.96876483e-05 6.07190331e-05 9.40428581e-06 4.28956798e-05 1.13225567e-04 2.65148556e-05 2.53553848e-04 3.80025281e-04 1.52010112e-05 1.80029093e-04 3.69521527e-05 3.31866264e-05 3.48561761e-04 5.26266109e-04 9.22391094e-05 2.72690542e-04 6.64326339e-05 2.18608528e-05 4.80426355e-05 2.42889722e-05 6.47850430e-07 2.12118891e-09 1.00000000e-10
 2015 06 29 12 00 00  3.64838735e-03 2.21452564e-03 1.21906626e-03 8.72370120e-04 6.28493009e-04 3.52530893e-04 2.51652615e-04 2.11067911e-04 4.30689578e-04 1.24863708e-04 3.00744264e-03 4.44270596e-03 2.20479386e-04 6.50169577e-05 4.20270031e-05 1.24012835e-04 3.62315739e-05 6.19518803e-05 1.22497909e-04 7.18490395e-05 1.40753040e-04 1.72804498e-04 1.00382303e-04 7.11071549e-05 5.07603472e-06 9.00828891e-06 5.98036859e-06 2.49180292e-05 4.83383301e-06 1.68729742e-05 4.62262678e-05 3.78620782e-05 1.74281187e-05 4.78729334e-05 3.71777540e-05 1.38708900e-05 5.06179764e-05 6.19737698e-05 9.42136030e-06 4.35637812e-05 1.16251235e-04 2.69796525e-05 2.57713054e-04 3.86726550e-04 1.54690620e-05 1.86355498e-04 3.90952016e-05 3.40894185e-05 3.58615888e-04 5.36831742e-04 9.44520528e-05 2.79337733e-04 6.63162346e-05 2.18187467e-05 4.79464537e-05 2.42362256e-05 6.46298346e-07 2.10561595e-09 1.00000000e-10
 2015 06 30 12 00 00  3.67816442e-03 2.23482318e-03 1.23185557e-03 8.81913387e-04 6.36964750e-04 3.56193857e-04 2.55331773e-04 2.15137723e-04 4.41326525e-04 1.27853031e-04 3.09274775e-03 4.60206233e-03 2.24869191e-04 6.61365390e-05 4.26563450e-05 1.24456290e-04 3.61685292e-05 6.18283695e-05 1.23974600e-04 7.31171342e-05 1.40779483e-04 1.72509098e-04 1.00512829e-04 7.14088144e-05 5.07179757e-06 9.18935402e-06 5.97085964e-06 2.49959413e-05 4.86250829e-06 1.69353627e-05 4.63455706e-05 3.78376775e-05 1.73711509e-05 4.82509699e-05 3.88541172e-05 1.38294286e-05 5.09472101e-05 6.21471705e-05 9.56325894e-06 4.41025323e-05 1.19044345e-04 2.80563108e-05 2.57396318e-04 4.02143924e-04 1.60857569e-05 1.90601013e-04 3.87769542e-05 3.61789716e-05 3.63366945e-04 5.43881913e-04 9.69376540e-05 2.80531005e-04 6.86927071e-05 2.26828579e-05 4.99420191e-05 2.55888796e-05 7.08824626e-07 4.34971952e-09 1.00000000e-10
 2015 07 01 12 00 00  3.70009388e-03 2.24992860e-03 1.24136000e-03 8.88967425e-04 6.43206234e-04 3.58876829e-04 2.58035630e-04 2.18131932e-04 4.49156524e-04 1.30085878e-04 3.15553652e-03 4.71892208e-03 2.28126178e-04 6.70568797e-05 4.33119622e-05 1.25379598e-04 3.63117782e-05 6.21194369e-05 1.25289957e-04 7.40938645e-05 1.41571129e-04 1.73295125e-04 1.01000288e-04 7.18671515e-05 5.08093508e-06 9.23141488e-06 5.98410661e-06 2.50882703e-05 4.88467413e-06 1.70201879e-05 4.67057789e-05 3.78935656e-05 1.75195033e-05 4.87556869e-05 4.01494239e-05 1.38869742e-05 5.16071485e-05 6.29498149e-05 9.59618046e-06 4.51875451e-05 1.22538423e-04 2.88862473e-05 2.63775172e-04 4.14054375e-04 1.65621750e-05 1.96931018e-04 3.97100288e-05 3.77900986e-05 3.71586035e-04 5.54463330e-04 9.95424802e-05 2.88220478e-04 7.48041271e-05 2.49047604e-05 5.50719164e-05 2.90502750e-05 8.67701996e-07 1.21208613e-08 2.91783708e-10
 2015 07 02 12 00 00  3.71664566e-03 2.26219383e-03 1.24900572e-03 8.94475525e-04 6.47990696e-04 3.60828962e-04 2.60053925e-04 2.20387689e-04 4.55061411e-04 1.31949065e-04 3.20282971e-03 4.80390936e-03 2.30724871e-04 6.78376595e-05 4.36922272e-05 1.27216190e-04 3.68114735e-05 6.31263771e-05 1.26925489e-04 7.50883599e-05 1.43709535e-04 1.75944824e-04 1.02183922e-04 7.25480411e-05 5.11320504e-06 9.14316770e-06 6.01985303e-06 2.52414445e-05 4.90723323e-06 1.71606176e-05 4.75502871e-05 3.80881596e-05 1.80218194e-05 4.95256065e-05 4.14677954e-05 1.40423872e-05 5.29940598e-05 6.48990892e-05 9.52694318e-06 4.68956838e-05 1.27579924e-04 2.97311955e-05 2.77190212e-04 4.26177061e-04 1.70470824e-05 2.07997043e-04 4.27963212e-05 3.94303148e-05 3.87512497e-04 5.71594404e-04 1.03343666e-04 3.00716232e-04 7.84937061e-05 2.62464653e-05 5.81710859e-05 3.11586035e-05 9.65701656e-07 1.74417778e-08 7.79603493e-10
 2015 07 03 12 00 00  3.73971355e-03 2.27689357e-03 1.25835285e-03 9.01629937e-04 6.54436799e-04 3.63749747e-04 2.62926537e-04 2.23539265e-04 4.63299670e-04 1.34051075e-04 3.26898707e-03 4.93139252e-03 2.33954874e-04 6.85046982e-05 4.40822640e-05 1.29024356e-04 3.73825897e-05 6.42771774e-05 1.28233388e-04 7.57536269e-05 1.46194443e-04 1.78972582e-04 1.03517298e-04 7.31465503e-05 5.15008905e-06 9.08335933e-06 6.03556400e-06 2.54069764e-05 4.92250729e-06 1.72932649e-05 4.84492412e-05 3.83105536e-05 1.85958183e-05 5.02962329e-05 4.23593330e-05 1.41106080e-05 5.44557987e-05 6.69250129e-05 9.48004599e-06 4.79385042e-05 1.32634353e-04 3.02979402e-05 2.84787773e-04 4.34369162e-04 1.73747665e-05 2.17733847e-04 4.63225355e-05 4.05314524e-05 4.03221521e-04 5.88498558e-04 1.06513580e-04 3.11025814e-04 7.75621706e-05 2.59083764e-05 5.73933629e-05 3.06673901e-05 9.45554586e-07 1.65462133e-08 7.02377667e-10
 2015 07 04 12 00 00  3.75616044e-03 2.28896055e-03 1.26588375e-03 9.07069039e-04 6.59168551e-04 3.65698478e-04 2.64933455e-04 2.25778719e-04 4.69164422e-04 1.35876423e-04 3.31597650e-03 5.01637831e-03 2.36515641e-04 6.93620114e-05 4.47257289e-05 1.30327106e-04 3.77078279e-05 6.49347785e-05 1.29667232e-04 7.67005084e-05 1.47667469e-04 1.80721522e-04 1.04348564e-04 7.36529607e-05 5.17098852e-06 8.98775397e-06 6.04752677e-06 2.55205279e-05 4.94410087e-06 1.73983448e-05 4.90527701e-05 3.84373037e-05 1.89267666e-05 5.08617852e-05 4.36205562e-05 1.41625118e-05 5.54684263e-05 6.82500911e-05 9.40505925e-06 4.89257946e-05 1.36214714e-04 3.11033771e-05 2.90583070e-04 4.45962740e-04 1.78385096e-05 2.25600809e-04 4.83757904e-05 4.20955766e-05 4.15200294e-04 6.02629951e-04 1.09569513e-04 3.19306411e-04 7.98602894e-05 2.67446516e-05 5.93278294e-05 3.20160257e-05 1.01055743e-06 2.02465475e-08 1.04582938e-09
 2015 07 05 12 00 00  3.76554994e-03 2.29471793e-03 1.26956416e-03 9.09899274e-04 6.61724232e-04 3.66900054e-04 2.66101511e-04 2.27052614e-04 4.72507101e-04 1.36681052e-04 3.34285659e-03 5.06948978e-03 2.37787431e-04 6.95491113e-05 4.47828893e-05 1.31748849e-04 3.82144295e-05 6.59568119e-05 1.30327854e-04 7.68870115e-05 1.49789297e-04 1.83420770e-04 1.05451711e-04 7.41982488e-05 5.20364847e-06 9.12330288e-06 6.06643662e-06 2.56484852e-05 4.94873384e-06 1.74917094e-05 4.97991471e-05 3.86346364e-05 1.94381530e-05 5.15238277e-05 4.38888732e-05 1.42446093e-05 5.66471210e-05 6.99617251e-05 9.51128241e-06 4.99570295e-05 1.39672101e-04 3.12651624e-05 2.98833410e-04 4.48417223e-04 1.79366889e-05 2.32967594e-04 5.15283667e-05 4.24117519e-05 4.27287200e-04 6.15330599e-04 1.11568033e-04 3.33189956e-04 8.55281181e-05 2.88059720e-05 6.40903434e-05 3.52691471e-05 1.16270831e-06 2.85769545e-08 1.81126367e-09
 2015 07 06 12 00 00  3.78426681e-03 2.30597091e-03 1.27677915e-03 9.15534872e-04 6.66859685e-04 3.69322162e-04 2.68444443e-04 2.29605285e-04 4.79185917e-04 1.38244340e-04 3.39655549e-03 5.17572127e-03 2.40293686e-04 7.00317378e-05 4.52333621e-05 1.33290441e-04 3.86946136e-05 6.69256318e-05 1.31151435e-04 7.72123167e-05 1.51901993e-04 1.85980169e-04 1.06556299e-04 7.47947019e-05 5.23460149e-06 9.47422377e-06 6.09415656e-06 2.58001200e-05 4.95653730e-06 1.76001945e-05 5.05342700e-05 3.88216809e-05 1.99230228e-05 5.23047932e-05 4.43423458e-05 1.43650323e-05 5.78441860e-05 7.16882054e-05 9.78628377e-06 5.13685707e-05 1.44298119e-04 3.15450598e-05 3.11246627e-04 4.52573563e-04 1.81029425e-05 2.41334429e-04 5.45182265e-05 4.29573236e-05 4.39864845e-04 6.29578296e-04 1.13845497e-04 3.47093328e-04 9.18324666e-05 3.10987860e-05 6.93876995e-05 3.88875439e-05 1.33193958e-06 3.78422413e-08 2.66259192e-09
 2015 07 07 12 00 00  3.79401842e-03 2.31251240e-03 1.28090871e-03 9.18591037e-04 6.69557595e-04 3.70521789e-04 2.69642287e-04 2.30924836e-04 4.82653758e-04 1.39195418e-04 3.42440128e-03 5.22882976e-03 2.41705601e-04 7.03769574e-05 4.54634505e-05 1.34381429e-04 3.90615227e-05 6.76674186e-05 1.31898714e-04 7.75729597e-05 1.53479244e-04 1.87952487e-04 1.07395019e-04 7.51655614e-05 5.25818177e-06 9.33746996e-06 6.09894087e-06 2.58898684e-05 4.96513057e-06 1.76762430e-05 5.11122044e-05 3.89646622e-05 2.02962561e-05 5.27441544e-05 4.48420295e-05 1.43856494e-05 5.87632092e-05 7.29596051e-05 9.67902015e-06 5.18529134e-05 1.46873009e-04 3.18548846e-05 3.13908989e-04 4.57155267e-04 1.82862107e-05 2.47015146e-04 5.68332674e-05 4.35609254e-05 4.49732562e-04 6.40317925e-04 1.15727326e-04 3.54253386e-04 9.18045713e-05 3.10898680e-05 6.93730683e-05 3.89477191e-05 1.33971103e-06 3.86315364e-08 2.74399170e-09
 2015 07 08 12 00 00  3.79354020e-03 2.31170454e-03 1.28043876e-03 9.18269210e-04 6.69284931e-04 3.70490709e-04 2.69581861e-04 2.30842384e-04 4.82463059e-04 1.39039625e-04 3.42294059e-03 5.22881597e-03 2.41545020e-04 7.02681064e-05 4.54591916e-05 1.34280594e-04 3.90496076e-05 6.76490075e-05 1.31635764e-04 7.73773470e-05 1.53479827e-04 1.87950903e-04 1.07377442e-04 7.50842359e-05 5.25714859e-06 9.20245438e-06 6.09395174e-06 2.58670176e-05 4.96129542e-06 1.76624047e-05 5.10917437e-05 3.89602617e-05 2.02944211e-05 5.26608468e-05 4.46142309e-05 1.43637328e-05 5.87077984e-05 7.29002703e-05 9.57312222e-06 5.15544276e-05 1.46540650e-04 3.16936610e-05 3.11623766e-04 4.55041479e-04 1.82016591e-05 2.46074536e-04 5.68722957e-05 4.32511326e-05 4.48875341e-04 6.39410093e-04 1.15296272e-04 3.52331830e-04 8.91785650e-05 3.01363390e-05 6.71774025e-05 3.75347414e-05 1.27975766e-06 3.57991240e-08 2.49471785e-09
 2015 07 09 12 00 00  3.78342081e-03 2.30476884e-03 1.27607055e-03 9.14941364e-04 6.66291655e-04 3.69233839e-04 2.68316366e-04 2.29436989e-04 4.78822500e-04 1.38006070e-04 3.39378562e-03 5.17568029e-03 2.40033592e-04 6.98393071e-05 4.51950290e-05 1.34959786e-04 3.94502742e-05 6.84580416e-05 1.31383243e-04 7.68990663e-05 1.55012822e-04 1.90093740e-04 1.08120504e-04 7.51685310e-05 5.28294513e-06 9.09440932e-06 6.08847222e-06 2.59105321e-05 4.95114764e-06 1.76877439e-05 5.15849657e-05 3.91163601e-05 2.07001955e-05 5.28179867e-05 4.40169359e-05 1.43396974e-05 5.94019621e-05 7.39735991e-05 9.48833913e-06 5.12250831e-05 1.46635746e-04 3.12931079e-05 3.09908277e-04 4.49527019e-04 1.79810808e-05 2.48092554e-04 5.93803357e-05 4.24772676e-05 4.55216938e-04 6.44842555e-04 1.15413044e-04 3.55607742e-04 8.34806326e-05 2.80659874e-05 6.24033555e-05 3.43833964e-05 1.14011340e-06 2.87219919e-08 1.85831013e-09
 2015 07 10 12 00 00  3.76962702e-03 2.29576677e-03 1.27036391e-03 9.10526120e-04 6.62285754e-04 3.67486927e-04 2.66584777e-04 2.27526481e-04 4.73866406e-04 1.36693589e-04 3.35404638e-03 5.10129482e-03 2.38051527e-04 6.93484681e-05 4.48789940e-05 1.34933242e-04 3.95590585e-05 6.86807965e-05 1.30839590e-04 7.63947261e-05 1.55364477e-04 1.90709526e-04 1.08254387e-04 7.51952997e-05 5.28980418e-06 9.18529768e-06 6.08343544e-06 2.58990573e-05 4.94040542e-06 1.76677541e-05 5.16812373e-05 3.91588721e-05 2.08159632e-05 5.28183688e-05 4.33849258e-05 1.43175988e-05 5.94892219e-05 7.41666817e-05 9.55951400e-06 5.10159299e-05 1.45362934e-04 3.08703777e-05 3.08122249e-04 4.43693403e-04 1.77477361e-05 2.47073432e-04 6.01234264e-05 4.16603376e-05 4.55249170e-04 6.44417134e-04 1.14652994e-04 3.60818886e-04 8.77105258e-05 2.96043934e-05 6.59579377e-05 3.68139832e-05 1.25397513e-06 3.49693437e-08 2.43266918e-09
 2015 07 11 12 00 00  3.76103030e-03 2.28921245e-03 1.26629137e-03 9.07544665e-04 6.59666904e-04 3.66471831e-04 2.65524065e-04 2.26331955e-04 4.70773545e-04 1.35677622e-04 3.32932260e-03 5.05878255e-03 2.36657989e-04 6.88613105e-05 4.46039217e-05 1.34494483e-04 3.94898641e-05 6.85462670e-05 1.30021508e-04 7.57865084e-05 1.55055992e-04 1.90396551e-04 1.08044976e-04 7.49274396e-05 5.28510500e-06 9.17591387e-06 6.07900183e-06 2.58472591e-05 4.92728432e-06 1.76219457e-05 5.15156753e-05 3.91321402e-05 2.07552876e-05 5.25681879e-05 4.26140090e-05 1.42981386e-05 5.91728392e-05 7.38089967e-05 9.55210271e-06 5.04520406e-05 1.43887923e-04 3.03592155e-05 3.05640070e-04 4.36583203e-04 1.74633281e-05 2.43922517e-04 5.97946579e-05 4.06716077e-05 4.51102426e-04 6.39140077e-04 1.13175660e-04 3.55572135e-04 8.22919474e-05 2.76353434e-05 6.14164892e-05 3.38044969e-05 1.11976320e-06 2.81013811e-08 1.81332780e-09
 2015 07 12 12 00 00  3.74536600e-03 2.27908125e-03 1.25986144e-03 9.02567728e-04 6.55150918e-04 3.64483436e-04 2.63558936e-04 2.24167162e-04 4.65151180e-04 1.34208379e-04 3.28422248e-03 4.97377440e-03 2.34425390e-04 6.83646801e-05 4.43507182e-05 1.33228779e-04 3.90880305e-05 6.77437696e-05 1.28994209e-04 7.52503634e-05 1.53375201e-04 1.88345548e-04 1.07136628e-04 7.44243537e-05 5.25881478e-06 9.14500415e-06 6.06660942e-06 2.57184503e-05 4.91573264e-06 1.75236970e-05 5.09031612e-05 3.89759691e-05 2.03644842e-05 5.19777209e-05 4.19352233e-05 1.42440738e-05 5.81612467e-05 7.24175765e-05 9.52780028e-06 4.95419932e-05 1.40321888e-04 2.99087376e-05 2.99510242e-04 4.30322252e-04 1.72128901e-05 2.37007487e-04 5.74586506e-05 3.98003525e-05 4.40178911e-04 6.27216266e-04 1.10860271e-04 3.45020435e-04 7.79772045e-05 2.60673881e-05 5.78000106e-05 3.14065202e-05 1.01271735e-06 2.26154935e-08 1.31840876e-09
 2015 07 13 12 00 00  3.74092620e-03 2.27557931e-03 1.25769415e-03 9.00980958e-04 6.53756365e-04 3.63964350e-04 2.63009486e-04 2.23544410e-04 4.63547456e-04 1.33656836e-04 3.27141756e-03 4.95251343e-03 2.33683064e-04 6.80618054e-05 4.41378446e-05 1.31354857e-04 3.83761886e-05 6.63185609e-05 1.27911135e-04 7.48919614e-05 1.50557820e-04 1.84672651e-04 1.05668657e-04 7.37660219e-05 5.21241163e-06 9.07399881e-06 6.05254972e-06 2.55432368e-05 4.90812054e-06 1.73953192e-05 4.98971808e-05 3.86991538e-05 1.96656649e-05 5.12012320e-05 4.14872193e-05 1.41827593e-05 5.65794800e-05 7.01609202e-05 9.47207518e-06 4.85541090e-05 1.36694533e-04 2.96085112e-05 2.92187639e-04 4.26186419e-04 1.70474568e-05 2.27683474e-04 5.32480772e-05 3.92202783e-05 4.23461800e-04 6.09572020e-04 1.08036274e-04 3.29046328e-04 7.40096822e-05 2.46256392e-05 5.44747585e-05 2.92032249e-05 9.14476914e-07 1.75896972e-08 8.65227712e-10
 2015 07 14 12 00 00  3.72973297e-03 2.26916899e-03 1.25355241e-03 8.97595101e-04 6.50591341e-04 3.62472318e-04 2.61582417e-04 2.21991753e-04 4.59523205e-04 1.32776895e-04 3.23908289e-03 4.88875508e-03 2.32221438e-04 6.78032635e-05 4.38865765e-05 1.29704930e-04 3.77508870e-05 6.50663686e-05 1.27156259e-04 7.47530838e-05 1.48012061e-04 1.81443430e-04 1.04358879e-04 7.32009506e-05 5.17166118e-06 9.04900808e-06 6.03713306e-06 2.53890262e-05 4.90544699e-06 1.72833484e-05 4.90347904e-05 3.84559913e-05 1.90513339e-05 5.05017774e-05 4.13280679e-05 1.41155571e-05 5.52193258e-05 6.81832352e-05 9.45243155e-06 4.76751027e-05 1.32798582e-04 2.94944621e-05 2.84828650e-04 4.24707899e-04 1.69883160e-05 2.19797928e-04 4.95441782e-05 3.90013942e-05 4.09461669e-04 5.94649012e-04 1.05906395e-04 3.15266850e-04 7.08060763e-05 2.34615012e-05 5.17898578e-05 2.74250211e-05 8.35248576e-07 1.35410001e-08 5.00269604e-10
 2015 07 15 12 00 00  3.72243051e-03 2.26525928e-03 1.25099919e-03 8.95435680e-04 6.48537333e-04 3.61474017e-04 2.60642487e-04 2.20975034e-04 4.56893600e-04 1.32257869e-04 3.21793742e-03 4.84624691e-03 2.31310821e-04 6.77320395e-05 4.38732337e-05 1.27817234e-04 3.70355032e-05 6.36324461e-05 1.26486392e-04 7.47402781e-05 1.45145043e-04 1.77734319e-04 1.02892146e-04 7.25663421e-05 5.12510342e-06 9.13310796e-06 6.00344320e-06 2.52324109e-05 4.90552120e-06 1.71605000e-05 4.80643823e-05 3.81777354e-05 1.83460841e-05 4.97511177e-05 4.13301867e-05 1.39688840e-05 5.37139265e-05 6.58929280e-05 9.51826296e-06 4.63763765e-05 1.28370710e-04 2.94865924e-05 2.72449455e-04 4.24715825e-04 1.69886330e-05 2.10560213e-04 4.52798558e-05 3.89880384e-05 3.93995239e-04 5.79080063e-04 1.03658679e-04 2.98858904e-04 6.63062612e-05 2.18261344e-05 4.80171248e-05 2.49143579e-05 7.22511669e-07 7.71265238e-09 1.00000000e-10
 2015 07 16 12 00 00  3.71775558e-03 2.26121281e-03 1.24852075e-03 8.93705343e-04 6.47062971e-04 3.60961689e-04 2.60076912e-04 2.20325855e-04 4.55211972e-04 1.31605217e-04 3.20453368e-03 4.82499003e-03 2.30473325e-04 6.73690563e-05 4.36649193e-05 1.26243850e-04 3.64636217e-05 6.24862441e-05 1.25389477e-04 7.42621487e-05 1.42866238e-04 1.74770169e-04 1.01686918e-04 7.20389244e-05 5.08788034e-06 9.05410634e-06 5.99389605e-06 2.50831633e-05 4.89512422e-06 1.70497235e-05 4.72269961e-05 3.79553006e-05 1.77824550e-05 4.91091002e-05 4.07198531e-05 1.39272714e-05 5.23838327e-05 6.40342161e-05 9.45624051e-06 4.55810448e-05 1.25333820e-04 2.90840806e-05 2.66864894e-04 4.19089472e-04 1.67635789e-05 2.02424769e-04 4.18726326e-05 3.82090366e-05 3.79656352e-04 5.63991034e-04 1.00985188e-04 2.87565525e-04 6.53787978e-05 2.14893096e-05 4.72412641e-05 2.44119829e-05 7.00964316e-07 6.67595863e-09 1.00000000e-10
 2015 07 17 12 00 00  3.70393528e-03 2.25206337e-03 1.24273249e-03 8.89282905e-04 6.43080287e-04 3.59228263e-04 2.58351497e-04 2.18420787e-04 4.50256770e-04 1.30267149e-04 3.16479768e-03 4.75061126e-03 2.28471318e-04 6.69235527e-05 4.34961476e-05 1.24969825e-04 3.60432488e-05 6.16441946e-05 1.24362998e-04 7.37314171e-05 1.41113702e-04 1.72596654e-04 1.00740004e-04 7.15814175e-05 5.06049655e-06 9.02444153e-06 5.98594743e-06 2.49551312e-05 4.88354199e-06 1.69535947e-05 4.65837798e-05 3.77918128e-05 1.73690307e-05 4.85437230e-05 4.00401914e-05 1.38926101e-05 5.13313242e-05 6.25968270e-05 9.43290797e-06 4.48473031e-05 1.22036364e-04 2.86369352e-05 2.62204217e-04 4.12825298e-04 1.65130119e-05 1.95547046e-04 3.93778580e-05 3.73434304e-05 3.68362835e-04 5.52057802e-04 9.86367608e-05 2.78833811e-04 6.41605278e-05 2.10467836e-05 4.62214941e-05 2.37465239e-05 6.72038402e-07 5.25356185e-09 1.00000000e-10
 2015 07 18 12 00 00  3.69485217e-03 2.24718664e-03 1.23954911e-03 8.86619540e-04 6.40561427e-04 3.57993463e-04 2.57188188e-04 2.17163550e-04 4.46993843e-04 1.29621859e-04 3.13855538e-03 4.69748229e-03 2.27340368e-04 6.67715261e-05 4.33046932e-05 1.23735200e-04 3.55715485e-05 6.06989313e-05 1.23906197e-04 7.37213704e-05 1.39179826e-04 1.70153447e-04 9.97537153e-05 7.11747832e-05 5.02978692e-06 8.99025981e-06 5.97177022e-06 2.48411314e-05 4.88359983e-06 1.68716790e-05 4.59436481e-05 3.76083510e-05 1.69044157e-05 4.80213880e-05 4.00418648e-05 1.38308635e-05 5.03258012e-05 6.11093638e-05 9.40604878e-06 4.41659510e-05 1.18988393e-04 2.86307593e-05 2.55857820e-04 4.12831701e-04 1.65132680e-05 1.89755097e-04 3.65706073e-05 3.73329589e-05 3.58143067e-04 5.41204869e-04 9.72079778e-05 2.68763387e-04 6.21888305e-05 2.03303614e-05 4.45694777e-05 2.26558854e-05 6.23698963e-07 3.57920058e-09 1.00000000e-10
 2015 07 19 12 00 00  3.68850675e-03 2.24240721e-03 1.23657544e-03 8.84455857e-04 6.38668962e-04 3.57244104e-04 2.56408902e-04 2.16288792e-04 4.44718970e-04 1.28887169e-04 3.12035378e-03 4.66560349e-03 2.26325620e-04 6.64540238e-05 4.31680175e-05 1.22571539e-04 3.51409981e-05 5.98362356e-05 1.23015049e-04 7.33015477e-05 1.37447836e-04 1.67924534e-04 9.88287909e-05 7.08171860e-05 5.00175156e-06 9.25624045e-06 5.97329308e-06 2.47414394e-05 4.87435609e-06 1.67877964e-05 4.53052485e-05 3.74408934e-05 1.64805213e-05 4.76160061e-05 3.94999370e-05 1.38374453e-05 4.93173806e-05 5.97285025e-05 9.61452242e-06 4.39050890e-05 1.16728330e-04 2.82763824e-05 2.55539806e-04 4.07839722e-04 1.63135889e-05 1.83962721e-04 3.40103579e-05 3.66465043e-05 3.47248289e-04 5.29891865e-04 9.51296995e-05 2.62535299e-04 6.45713410e-05 2.11965420e-05 4.65692057e-05 2.40040998e-05 6.85502988e-07 6.09479365e-09 1.00000000e-10
 2015 07 20 12 00 00  3.67570351e-03 2.23254204e-03 1.23045433e-03 8.80064427e-04 6.34862838e-04 3.55755628e-04 2.54846886e-04 2.14531022e-04 4.40136849e-04 1.27361766e-04 3.08370209e-03 4.60185297e-03 2.24245479e-04 6.57541640e-05 4.28116733e-05 1.21964654e-04 3.50783172e-05 5.97120496e-05 1.21860736e-04 7.23969890e-05 1.37111084e-04 1.67615528e-04 9.85755501e-05 7.05040699e-05 4.99760390e-06 8.99061633e-06 5.96157952e-06 2.46626644e-05 4.85425735e-06 1.67249671e-05 4.50931652e-05 3.74165771e-05 1.64213619e-05 4.72471652e-05 3.83227831e-05 1.37864365e-05 4.88961243e-05 5.92609601e-05 9.40628161e-06 4.29733839e-05 1.14497231e-04 2.75113183e-05 2.49507209e-04 3.97002172e-04 1.58800869e-05 1.79129649e-04 3.36659403e-05 3.51635594e-05 3.41604379e-04 5.23024250e-04 9.29648302e-05 2.58386670e-04 6.08137965e-05 1.98306225e-05 4.34165439e-05 2.18880199e-05 5.89174591e-07 2.38403004e-09 1.00000000e-10
 2015 07 21 12 00 00  3.66045805e-03 2.22317173e-03 1.22446451e-03 8.75363129e-04 6.30564798e-04 3.53786845e-04 2.52929623e-04 2.12432917e-04 4.34674765e-04 1.26037578e-04 3.03983706e-03 4.51685265e-03 2.22158776e-04 6.52877744e-05 4.23891338e-05 1.20843120e-04 3.47186055e-05 5.89916192e-05 1.21083281e-04 7.20385869e-05 1.35564500e-04 1.65756893e-04 9.77570594e-05 7.00979982e-05 4.97416622e-06 8.88401919e-06 5.95115489e-06 2.45475530e-05 4.84639531e-06 1.66404380e-05 4.45524045e-05 3.72766895e-05 1.60677984e-05 4.67226969e-05 3.78617406e-05 1.37410403e-05 4.80070096e-05 5.80269322e-05 9.32269904e-06 4.22357206e-05 1.11245165e-04 2.72090343e-05 2.43785812e-04 3.92754267e-04 1.57101707e-05 1.73266915e-04 3.15334386e-05 3.45781766e-05 3.32078148e-04 5.12135983e-04 9.11358163e-05 2.50219002e-04 5.87776129e-05 1.90904190e-05 4.17079734e-05 2.07398891e-05 5.36813596e-07 5.36967093e-10 1.00000000e-10
 2015 07 22 12 00 00  3.64995651e-03 2.21530405e-03 1.21956652e-03 8.71809782e-04 6.27463247e-04 3.52546806e-04 2.51642737e-04 2.10990442e-04 4.30915933e-04 1.24832752e-04 3.00975009e-03 4.46372628e-03 2.20489504e-04 6.48175602e-05 4.22744408e-05 1.19794402e-04 3.43992433e-05 5.83519344e-05 1.19992042e-04 7.13650894e-05 1.34241299e-04 1.64105990e-04 9.70149935e-05 6.96906830e-05 4.95336062e-06 8.82840613e-06 5.94640369e-06 2.44385004e-05 4.83141739e-06 1.65568956e-05 4.40240178e-05 3.71524889e-05 1.57537695e-05 4.62426961e-05 3.69845628e-05 1.37203315e-05 4.71295479e-05 5.68779711e-05 9.27909496e-06 4.15639479e-05 1.08669549e-04 2.66392890e-05 2.40359764e-04 3.84678939e-04 1.53871576e-05 1.67124995e-04 2.96387414e-05 3.34737590e-05 3.22336052e-04 5.01847221e-04 8.87860113e-05 2.43038924e-04 5.72326740e-05 1.85287680e-05 4.04114184e-05 1.98671304e-05 4.96903593e-07 1.00000000e-10 1.00000000e-10
 2015 07 23 12 00 00  3.63666164e-03 2.20718479e-03 1.21437190e-03 8.67726484e-04 6.23727301e-04 3.50826272e-04 2.49970529e-04 2.09162195e-04 4.26154640e-04 1.23689498e-04 2.97150286e-03 4.38935235e-03 2.18679469e-04 6.44160245e-05 4.18933818e-05 1.19602130e-04 3.44117347e-05 5.83782210e-05 1.19628017e-04 7.10715889e-05 1.34177237e-04 1.64184495e-04 9.69592183e-05 6.96074379e-05 4.95411477e-06 8.87739225e-06 5.94193989e-06 2.44155327e-05 4.82491960e-06 1.65325951e-05 4.39986501e-05 3.71574017e-05 1.57683477e-05 4.61312885e-05 3.66038526e-05 1.37008799e-05 4.70463589e-05 5.68019045e-05 9.31752438e-06 4.12912928e-05 1.07178025e-04 2.63912400e-05 2.38359649e-04 3.81173181e-04 1.52469272e-05 1.65728103e-04 2.97383260e-05 3.29930859e-05 3.21021301e-04 4.99490161e-04 8.81780041e-05 2.43266237e-04 5.72693471e-05 1.85419750e-05 4.04412967e-05 1.98800636e-05 4.96980385e-07 1.00000000e-10 1.00000000e-10
 2015 07 24 12 00 00  3.63116714e-03 2.20414156e-03 1.21239611e-03 8.66104432e-04 6.22208357e-04 3.50088037e-04 2.49271047e-04 2.08404969e-04 4.24185523e-04 1.23281344e-04 2.95565714e-03 4.35747690e-03 2.17982497e-04 6.43201522e-05 4.17927655e-05 1.20166302e-04 3.46570130e-05 5.88715659e-05 1.19806684e-04 7.10446911e-05 1.35104093e-04 1.65474946e-04 9.74300206e-05 6.98022432e-05 4.96999819e-06 9.02130196e-06 5.94841877e-06 2.44665027e-05 4.82433024e-06 1.65646988e-05 4.43306274e-05 3.72528797e-05 1.60132360e-05 4.63687494e-05 3.65692889e-05 1.37290393e-05 4.75487903e-05 5.75504765e-05 9.43039995e-06 4.16281208e-05 1.07765976e-04 2.63685593e-05 2.41416351e-04 3.80854695e-04 1.52341878e-05 1.68465501e-04 3.12346499e-05 3.29491741e-05 3.26145776e-04 5.04473421e-04 8.88639734e-05 2.49321873e-04 5.92777793e-05 1.92718600e-05 4.21249298e-05 2.09982511e-05 5.47029080e-07 8.25384916e-10 1.00000000e-10
 2015 07 25 12 00 00  3.63075375e-03 2.20331017e-03 1.21191845e-03 8.65841352e-04 6.22024099e-04 3.50080379e-04 2.49231362e-04 2.08347253e-04 4.24036969e-04 1.23125060e-04 2.95450404e-03 4.35747430e-03 2.17830238e-04 6.42015932e-05 4.17411053e-05 1.21372767e-04 3.51862662e-05 5.99352003e-05 1.20052651e-04 7.08584383e-05 1.37202276e-04 1.68249827e-04 9.84849908e-05 7.01783907e-05 5.00431088e-06 9.02995598e-06 5.95621168e-06 2.45695815e-05 4.82019168e-06 1.66350950e-05 4.50302758e-05 3.74588533e-05 1.65400692e-05 4.68415090e-05 3.63269181e-05 1.37629191e-05 4.86096833e-05 5.91352997e-05 9.43724808e-06 4.20431889e-05 1.09826029e-04 2.62110319e-05 2.45284548e-04 3.78623282e-04 1.51449313e-05 1.73694583e-04 3.44458269e-05 3.26438312e-05 3.36609815e-04 5.14970687e-04 9.00206894e-05 2.60138768e-04 6.06971462e-05 1.97876301e-05 4.33144402e-05 2.17857196e-05 5.82090047e-07 2.02308073e-09 1.00000000e-10
 2015 07 26 12 00 00  3.63545872e-03 2.20757506e-03 1.21451750e-03 8.67575214e-04 6.23453838e-04 3.50569545e-04 2.49785266e-04 2.08985542e-04 4.25712526e-04 1.23815399e-04 2.96786383e-03 4.37872000e-03 2.18696293e-04 6.45489382e-05 4.18647477e-05 1.22167936e-04 3.54441057e-05 6.04546163e-05 1.20898054e-04 7.13757239e-05 1.38268081e-04 1.69615307e-04 9.90772383e-05 7.04926143e-05 5.02096846e-06 9.03732944e-06 5.95330857e-06 2.46471622e-05 4.83185286e-06 1.66954169e-05 4.54627751e-05 3.75592586e-05 1.67989710e-05 4.71935078e-05 3.70088295e-05 1.37502488e-05 4.93154565e-05 6.00423733e-05 9.44306594e-06 4.23928118e-05 1.11323369e-04 2.66499264e-05 2.45737929e-04 3.84895919e-04 1.53958368e-05 1.78203874e-04 3.60351347e-05 3.34954297e-05 3.44470518e-04 5.23514103e-04 9.18444855e-05 2.66267139e-04 6.21785184e-05 2.03260644e-05 4.45568743e-05 2.26159112e-05 6.19613292e-07 3.33122472e-09 1.00000000e-10
 2015 07 27 12 00 00  3.66043085e-03 2.22337333e-03 1.22457448e-03 8.75325120e-04 6.30464630e-04 3.53746189e-04 2.52904120e-04 2.12406644e-04 4.34642382e-04 1.26071266e-04 3.03955824e-03 4.51683253e-03 2.22180042e-04 6.52392234e-05 4.22234234e-05 1.23271986e-04 3.57344863e-05 6.10397488e-05 1.22012757e-04 7.20778713e-05 1.39641824e-04 1.71154876e-04 9.98467713e-05 7.09448086e-05 5.03972187e-06 9.02751635e-06 5.95808924e-06 2.47623035e-05 4.84765878e-06 1.67861876e-05 4.59771413e-05 3.76723357e-05 1.70908388e-05 4.77527230e-05 3.79332894e-05 1.37709954e-05 5.01996283e-05 6.11833178e-05 9.43537816e-06 4.31355743e-05 1.15175365e-04 2.72454810e-05 2.49409192e-04 3.93400416e-04 1.57360167e-05 1.84596933e-04 3.78282391e-05 3.46508954e-05 3.54106433e-04 5.34524749e-04 9.42091475e-05 2.73852665e-04 6.47042512e-05 2.12441511e-05 4.66756515e-05 2.40351087e-05 6.84007222e-07 5.79668225e-09 1.00000000e-10
 2015 07 28 12 00 00  3.67528049e-03 2.23482825e-03 1.23168084e-03 8.80381060e-04 6.34821915e-04 3.55462841e-04 2.54706945e-04 2.14433690e-04 4.39944055e-04 1.27838131e-04 3.08197683e-03 4.59119901e-03 2.24588248e-04 6.60584960e-05 4.26793405e-05 1.24469555e-04 3.60250240e-05 6.16255333e-05 1.23521295e-04 7.31139560e-05 1.40931826e-04 1.72699020e-04 1.00598109e-04 7.14156389e-05 5.05846947e-06 9.03893888e-06 5.96665959e-06 2.48779219e-05 4.87097095e-06 1.68864884e-05 4.65336306e-05 3.77854885e-05 1.73834822e-05 4.82924167e-05 3.92968068e-05 1.38082280e-05 5.11490017e-05 6.23871750e-05 9.44440399e-06 4.40590000e-05 1.18376526e-04 2.81241955e-05 2.54338221e-04 4.05944302e-04 1.62377721e-05 1.92155073e-04 3.96291522e-05 3.63556523e-05 3.65406497e-04 5.47383786e-04 9.73138777e-05 2.80870966e-04 6.62822174e-05 2.18177836e-05 4.79997482e-05 2.49250305e-05 7.24603376e-07 7.94404897e-09 1.00000000e-10
 2015 07 29 12 00 00  3.69706699e-03 2.24958633e-03 1.24098680e-03 8.87348242e-04 6.41019257e-04 3.58152745e-04 2.57402296e-04 2.17412885e-04 4.47727257e-04 1.30006489e-04 3.14441339e-03 4.70806323e-03 2.27784862e-04 6.68805827e-05 4.31851507e-05 1.25322443e-04 3.61601647e-05 6.19001396e-05 1.24729887e-04 7.40128395e-05 1.41677878e-04 1.73440747e-04 1.01060687e-04 7.17399053e-05 5.06708930e-06 9.02459869e-06 5.97815997e-06 2.49624236e-05 4.89135127e-06 1.69648819e-05 4.68659651e-05 3.78382130e-05 1.75234687e-05 4.87005354e-05 4.04879072e-05 1.38581687e-05 5.17572339e-05 6.31308579e-05 9.43312480e-06 4.48908725e-05 1.21704380e-04 2.88878247e-05 2.59711367e-04 4.16897058e-04 1.66758823e-05 1.97965784e-04 4.05097788e-05 3.78379627e-05 3.72944251e-04 5.56380126e-04 9.97166944e-05 2.83475319e-04 6.57734794e-05 2.16331418e-05 4.75749910e-05 2.46565541e-05 7.13576813e-07 7.45264437e-09 1.00000000e-10
 2015 07 30 12 00 00  3.71659885e-03 2.26242808e-03 1.24911658e-03 8.93508388e-04 6.46537646e-04 3.60597183e-04 2.59828247e-04 2.20084546e-04 4.54705283e-04 1.31869751e-04 3.20042732e-03 4.81430329e-03 2.30586314e-04 6.75318798e-05 4.35750219e-05 1.25189310e-04 3.59164143e-05 6.14143384e-05 1.25344465e-04 7.46991718e-05 1.40911983e-04 1.72207563e-04 1.00731931e-04 7.17683851e-05 5.05109492e-06 9.01978274e-06 5.98662882e-06 2.49572988e-05 4.90700040e-06 1.69765316e-05 4.66539034e-05 3.77435237e-05 1.72882093e-05 4.87344561e-05 4.14019974e-05 1.38949152e-05 5.15133529e-05 6.26759009e-05 9.42931947e-06 4.53849649e-05 1.23258426e-04 2.94716156e-05 2.62752509e-04 4.25299737e-04 1.70119895e-05 1.98936884e-04 3.91127774e-05 3.89716559e-05 3.71441510e-04 5.55985911e-04 1.00583026e-04 2.80013509e-04 6.65919397e-05 2.19310306e-05 4.82643397e-05 2.51403387e-05 7.37116022e-07 8.80839313e-09 8.10369993e-11
 2015 07 31 12 00 00  3.72587455e-03 2.26787877e-03 1.25262290e-03 8.96273369e-04 6.49070510e-04 3.61808536e-04 2.60992469e-04 2.21349756e-04 4.58014809e-04 1.32618243e-04 3.22705255e-03 4.86741960e-03 2.31807225e-04 6.77943090e-05 4.39107288e-05 1.25619210e-04 3.60163889e-05 6.16185542e-05 1.25587969e-04 7.48205988e-05 1.41429538e-04 1.72768034e-04 1.01002134e-04 7.18888814e-05 5.05742137e-06 9.05593042e-06 5.99749474e-06 2.49931890e-05 4.91002320e-06 1.70082228e-05 4.68259130e-05 3.77825752e-05 1.73937064e-05 4.89248587e-05 4.15770308e-05 1.39420750e-05 5.18024897e-05 6.31013222e-05 9.45765860e-06 4.57952282e-05 1.24941928e-04 2.95770064e-05 2.67105990e-04 4.26900761e-04 1.70760304e-05 2.01335003e-04 3.97857308e-05 3.91776528e-05 3.74713186e-04 5.60116603e-04 1.01230211e-04 2.81465276e-04 6.57404373e-05 2.16219993e-05 4.75535102e-05 2.46919526e-05 7.18769689e-07 7.99657247e-09 1.11435750e-11
 2015 08 01 12 00 00  3.72645813e-03 2.26920731e-03 1.25338092e-03 8.96628218e-04 6.49272106e-04 3.61796603e-04 2.61034039e-04 2.21415912e-04 4.58206689e-04 1.32864326e-04 3.22855345e-03 4.86741178e-03 2.32038514e-04 6.79244752e-05 4.38666576e-05 1.26061692e-04 3.61574697e-05 6.19055470e-05 1.26031369e-04 7.51058513e-05 1.42013842e-04 1.73545737e-04 1.01329605e-04 7.20666219e-05 5.06640608e-06 9.09297160e-06 5.99838895e-06 2.50326467e-05 4.91681749e-06 1.70394222e-05 4.70758636e-05 3.78376280e-05 1.75404028e-05 4.91236648e-05 4.19720978e-05 1.39458396e-05 5.22030491e-05 6.36256327e-05 9.48667584e-06 4.60619561e-05 1.25663762e-04 2.98220344e-05 2.68068657e-04 4.30523248e-04 1.72209299e-05 2.04027649e-04 4.07112064e-05 3.96550051e-05 3.79138701e-04 5.64623450e-04 1.02275960e-04 2.85061771e-04 6.66700067e-05 2.19605233e-05 4.83378359e-05 2.52534656e-05 7.46852450e-07 9.66772156e-09 1.67955427e-10
 2015 08 02 12 00 00  3.72537742e-03 2.26707011e-03 1.25214989e-03 8.95932379e-04 6.48771216e-04 3.61772845e-04 2.60926273e-04 2.21259618e-04 4.57809783e-04 1.32460546e-04 3.22550520e-03 4.86740395e-03 2.31641591e-04 6.76816712e-05 4.39138791e-05 1.26419206e-04 3.63584404e-05 6.23125467e-05 1.25615419e-04 7.46148638e-05 1.42845144e-04 1.74633785e-04 1.01705465e-04 7.21237532e-05 5.07928853e-06 9.13977638e-06 6.00549283e-06 2.50550153e-05 4.90624698e-06 1.70498249e-05 4.72978223e-05 3.79159785e-05 1.77461101e-05 4.92499474e-05 4.13509057e-05 1.39766445e-05 5.25080042e-05 6.41714778e-05 9.52332630e-06 4.61290772e-05 1.26341956e-04 2.94095691e-05 2.70752850e-04 4.24793286e-04 1.69917314e-05 2.04869544e-04 4.19934018e-05 3.88573011e-05 3.81576674e-04 5.67139043e-04 1.01878704e-04 2.88390416e-04 6.61120952e-05 2.17581015e-05 4.78725134e-05 2.49633238e-05 7.35239439e-07 9.17553731e-09 1.26235644e-10
 2015 08 03 12 00 00  3.73325536e-03 2.27244816e-03 1.25553650e-03 8.98425644e-04 6.50965299e-04 3.62735778e-04 2.61892529e-04 2.22326253e-04 4.60611197e-04 1.33248493e-04 3.24800184e-03 4.90989238e-03 2.32797521e-04 6.79460393e-05 4.40262223e-05 1.26514061e-04 3.63162777e-05 6.22318767e-05 1.25946304e-04 7.49336556e-05 1.42777489e-04 1.74457462e-04 1.01701416e-04 7.22248803e-05 5.07636396e-06 9.21825631e-06 6.00849780e-06 2.50685939e-05 4.91383980e-06 1.70630510e-05 4.73089622e-05 3.78997414e-05 1.77115071e-05 4.93639543e-05 4.17924515e-05 1.39896074e-05 5.25610770e-05 6.41879076e-05 9.58477685e-06 4.64482844e-05 1.27183070e-04 2.96834129e-05 2.72324185e-04 4.28841897e-04 1.71536759e-05 2.06118043e-04 4.18193813e-05 3.93907918e-05 3.82448925e-04 5.68569303e-04 1.02496696e-04 2.89838313e-04 6.86741376e-05 2.26897178e-05 5.00241154e-05 2.64233912e-05 8.02847970e-07 1.28272738e-08 4.60555905e-10
 2015 08 04 12 00 00  3.72905724e-03 2.26942273e-03 1.25364316e-03 8.96993416e-04 6.49681730e-04 3.62222736e-04 2.61367139e-04 2.21738062e-04 4.59095083e-04 1.32786655e-04 3.23587844e-03 4.88863289e-03 2.32142983e-04 6.77547496e-05 4.39549127e-05 1.26203251e-04 3.62159364e-05 6.20349718e-05 1.25541817e-04 7.46819947e-05 1.42389873e-04 1.73983731e-04 1.01478813e-04 7.21219176e-05 5.06963479e-06 9.14127158e-06 6.01057473e-06 2.50246963e-05 4.90859056e-06 1.70345997e-05 4.71556324e-05 3.78608907e-05 1.76202477e-05 4.92184882e-05 4.14828799e-05 1.39985117e-05 5.22957946e-05 6.38645159e-05 9.52441696e-06 4.63308816e-05 1.26410135e-04 2.94733967e-05 2.71993683e-04 4.25980767e-04 1.70392307e-05 2.04354455e-04 4.13063070e-05 3.89855210e-05 3.79478048e-04 5.65448885e-04 1.01736684e-04 2.88934217e-04 6.97235993e-05 2.30714262e-05 5.09061809e-05 2.70277579e-05 8.31245831e-07 1.43917116e-08 6.04538197e-10
 2015 08 05 12 00 00  3.72702879e-03 2.26812042e-03 1.25281483e-03 8.96314517e-04 6.49045017e-04 3.61957626e-04 2.61104769e-04 2.21446872e-04 4.58354055e-04 1.32593559e-04 3.22995743e-03 4.87799868e-03 2.31848680e-04 6.76820987e-05 4.39272096e-05 1.26910395e-04 3.65346204e-05 6.26786903e-05 1.25705644e-04 7.45969417e-05 1.43667525e-04 1.75690391e-04 1.02122757e-04 7.23816544e-05 5.09014280e-06 9.16400895e-06 6.00955427e-06 2.50836879e-05 4.90709572e-06 1.70736012e-05 4.75968225e-05 3.79850593e-05 1.79433686e-05 4.95186990e-05 4.13928676e-05 1.39939584e-05 5.29608505e-05 6.48257554e-05 9.54231582e-06 4.65052005e-05 1.27313682e-04 2.94047204e-05 2.72608564e-04 4.25139353e-04 1.70055741e-05 2.07405754e-04 4.33053210e-05 3.88544984e-05 3.86020664e-04 5.72303862e-04 1.02482936e-04 2.97041954e-04 7.24747530e-05 2.40717520e-05 5.32162039e-05 2.85921835e-05 9.03463047e-07 1.82757944e-08 9.59719948e-10
 2015 08 06 12 00 00  3.72435523e-03 2.26547823e-03 1.25121764e-03 8.95228382e-04 6.48135201e-04 3.61687244e-04 2.60784252e-04 2.21069289e-04 4.57384874e-04 1.32149259e-04 3.22227034e-03 4.86736484e-03 2.31311508e-04 6.74383972e-05 4.38647196e-05 1.27847394e-04 3.69327230e-05 6.34809316e-05 1.25585237e-04 7.42124452e-05 1.45252370e-04 1.77801683e-04 1.02895793e-04 7.26831720e-05 5.11585058e-06 9.01960811e-06 6.03485241e-06 2.51388914e-05 4.89888844e-06 1.71227076e-05 4.81025099e-05 3.81400896e-05 1.83436074e-05 4.98499515e-05 4.09101282e-05 1.41039272e-05 5.36981268e-05 6.60564591e-05 9.42921833e-06 4.72027103e-05 1.29231711e-04 2.90823082e-05 2.80626740e-04 4.20684138e-04 1.68273655e-05 2.11503171e-04 4.57646936e-05 3.82313301e-05 3.93225225e-04 5.79402786e-04 1.02985477e-04 3.07277089e-04 7.63250106e-05 2.54715450e-05 5.64478897e-05 3.07711247e-05 1.00335907e-06 2.35973417e-08 1.44507979e-09
 2015 08 07 12 00 00  3.71975689e-03 2.26162550e-03 1.24884911e-03 8.93542381e-04 6.46679751e-04 3.61170580e-04 2.60222293e-04 2.20426797e-04 4.55726012e-04 1.31532040e-04 3.20904799e-03 4.84610535e-03 2.30506291e-04 6.71145600e-05 4.37054568e-05 1.27950340e-04 3.70489521e-05 6.37172430e-05 1.25143194e-04 7.37741357e-05 1.45704145e-04 1.78441085e-04 1.03086848e-04 7.27484880e-05 5.12325751e-06 9.16927893e-06 6.03576191e-06 2.51475211e-05 4.88950354e-06 1.71167088e-05 4.82162471e-05 3.81854392e-05 1.84642457e-05 4.99389162e-05 4.03582730e-05 1.41077893e-05 5.38383137e-05 6.63259445e-05 9.54655625e-06 4.72156734e-05 1.29077112e-04 2.87145172e-05 2.81346674e-04 4.15592042e-04 1.66236817e-05 2.11296339e-04 4.65247605e-05 3.75203090e-05 3.93818165e-04 5.79863706e-04 1.02414087e-04 3.12353291e-04 8.02606810e-05 2.69023607e-05 5.97510465e-05 3.29965472e-05 1.10526381e-06 2.90167350e-08 1.93913419e-09
 2015 08 08 12 00 00  3.71382058e-03 2.25778178e-03 1.24640988e-03 8.91628656e-04 6.44929188e-04 3.60411665e-04 2.59472009e-04 2.19598690e-04 4.53586822e-04 1.30971021e-04 3.19189676e-03 4.81422022e-03 2.29655158e-04 6.68947026e-05 4.35484713e-05 1.27062999e-04 3.67279776e-05 6.30761730e-05 1.24579242e-04 7.35583773e-05 1.44414559e-04 1.76802181e-04 1.02409474e-04 7.24778372e-05 5.10226055e-06 9.09580995e-06 6.02844411e-06 2.50578811e-05 4.88503974e-06 1.70527038e-05 4.77626077e-05 3.80606914e-05 1.81519805e-05 4.95750234e-05 4.00947814e-05 1.40758391e-05 5.31110914e-05 6.52968660e-05 9.48891611e-06 4.67599940e-05 1.27027480e-04 2.85347603e-05 2.77394219e-04 4.13155515e-04 1.65262206e-05 2.06815966e-04 4.46576974e-05 3.71736300e-05 3.86081569e-04 5.71762826e-04 1.01033759e-04 3.07189776e-04 8.11333801e-05 2.72199406e-05 6.04857078e-05 3.35091861e-05 1.13000425e-06 3.04273712e-08 2.07011759e-09
 2015 08 09 12 00 00  3.69824172e-03 2.24784354e-03 1.24009116e-03 8.86706305e-04 6.40446535e-04 3.58420815e-04 2.57513493e-04 2.17444807e-04 4.47995308e-04 1.29538228e-04 3.14701988e-03 4.72921096e-03 2.27457830e-04 6.63987365e-05 4.32333209e-05 1.25931661e-04 3.63936997e-05 6.24085136e-05 1.23666514e-04 7.30692060e-05 1.42988817e-04 1.75095155e-04 1.01638690e-04 7.20105318e-05 5.08039338e-06 9.03447508e-06 6.01118554e-06 2.49440949e-05 4.87445795e-06 1.69637289e-05 4.72444560e-05 3.79307690e-05 1.78267408e-05 4.90301270e-05 3.94732691e-05 1.40006407e-05 5.22464274e-05 6.40916767e-05 9.44085477e-06 4.57544207e-05 1.23553010e-04 2.81234126e-05 2.69840258e-04 4.07424254e-04 1.62969702e-05 2.00458167e-04 4.27128893e-05 3.63778236e-05 3.76615409e-04 5.61136231e-04 9.89678751e-05 2.97110999e-04 7.58118795e-05 2.52861068e-05 5.60251982e-05 3.05499339e-05 9.97784844e-07 2.36423020e-08 1.45775365e-09
 2015 08 10 12 00 00  3.69247490e-03 2.24435464e-03 1.23785527e-03 8.84898807e-04 6.38766040e-04 3.57663032e-04 2.56778148e-04 2.16638911e-04 4.45915265e-04 1.29043547e-04 3.13032980e-03 4.69732583e-03 2.26670501e-04 6.62313913e-05 4.31061170e-05 1.24073673e-04 3.57068260e-05 6.10333402e-05 1.22868851e-04 7.29315158e-05 1.40256320e-04 1.71551457e-04 1.00232430e-04 7.13656440e-05 5.03561569e-06 9.04671761e-06 5.97765029e-06 2.47853219e-05 4.87177786e-06 1.68394265e-05 4.63008520e-05 3.76636744e-05 1.71524953e-05 4.82783236e-05 3.93139315e-05 1.38546209e-05 5.07744032e-05 6.18744687e-05 9.45036154e-06 4.43879686e-05 1.19312354e-04 2.80100852e-05 2.57151374e-04 4.05945108e-04 1.62378043e-05 1.91131144e-04 3.86506756e-05 3.61601647e-05 3.61183542e-04 5.45231855e-04 9.65504765e-05 2.80575047e-04 7.03709849e-05 2.33090655e-05 5.14659004e-05 2.75354966e-05 8.63852767e-07 1.68271967e-08 8.44184989e-10
 2015 08 11 12 00 00  3.68858845e-03 2.24199663e-03 1.23634438e-03 8.83661462e-04 6.37607156e-04 3.57149476e-04 2.56279016e-04 2.16090583e-04 4.44507354e-04 1.28706447e-04 3.11904369e-03 4.67606597e-03 2.26135598e-04 6.60991283e-05 4.29870803e-05 1.23195751e-04 3.53779295e-05 6.03766763e-05 1.22429207e-04 7.28280342e-05 1.38951424e-04 1.69874628e-04 9.95592963e-05 7.10361716e-05 5.01408977e-06 8.98875369e-06 5.96616737e-06 2.47012776e-05 4.86989265e-06 1.67786543e-05 4.58516373e-05 3.75358592e-05 1.68329396e-05 4.78932949e-05 3.92009591e-05 1.38045274e-05 5.00637427e-05 6.08334185e-05 9.40484824e-06 4.37851298e-05 1.17319995e-04 2.79259839e-05 2.52092732e-04 4.04891683e-04 1.61956673e-05 1.86794940e-04 3.67421278e-05 3.59993457e-05 3.53759951e-04 5.37296765e-04 9.53613157e-05 2.71864039e-04 6.65749118e-05 2.19300970e-05 4.82877712e-05 2.54570522e-05 7.73172397e-07 1.23416037e-08 4.43721015e-10
 2015 08 12 12 00 00  3.68368105e-03 2.23754650e-03 1.23363215e-03 8.81777022e-04 6.36005934e-04 3.56623228e-04 2.55685267e-04 2.15402914e-04 4.42735510e-04 1.27976589e-04 3.10494015e-03 4.65480238e-03 2.25219622e-04 6.57104295e-05 4.28443787e-05 1.21913514e-04 3.49294627e-05 5.94803598e-05 1.21327875e-04 7.22557772e-05 1.37181473e-04 1.67577939e-04 9.86037166e-05 7.05469767e-05 4.98478112e-06 9.01351668e-06 5.96044447e-06 2.45780994e-05 4.85755700e-06 1.66830910e-05 4.51764892e-05 3.73615330e-05 1.63955192e-05 4.73568692e-05 3.84761457e-05 1.37794690e-05 4.89780257e-05 5.93524610e-05 9.42395127e-06 4.30835277e-05 1.14806731e-04 2.74451246e-05 2.48442358e-04 3.98206399e-04 1.59282560e-05 1.79903070e-04 3.41209990e-05 3.50692892e-05 3.41845573e-04 5.24661165e-04 9.28810649e-05 2.61039747e-04 6.30887813e-05 2.06641516e-05 4.53722389e-05 2.35751958e-05 6.92903021e-07 8.51529620e-09 1.06013243e-10
 2015 08 13 12 00 00  3.68068296e-03 2.23707449e-03 1.23320271e-03 8.81097167e-04 6.35209098e-04 3.56110456e-04 2.55262552e-04 2.14969990e-04 4.41638289e-04 1.27992454e-04 3.09605286e-03 4.63353992e-03 2.25024202e-04 6.58476035e-05 4.28510839e-05 1.21486498e-04 3.47156194e-05 5.90543845e-05 1.21489843e-04 7.25730613e-05 1.36331133e-04 1.66498588e-04 9.82009389e-05 7.03775017e-05 4.97073852e-06 8.93820397e-06 5.95397178e-06 2.45338655e-05 4.86515928e-06 1.66599793e-05 4.49426143e-05 3.72784707e-05 1.61895427e-05 4.71408400e-05 3.89179506e-05 1.37511626e-05 4.86241337e-05 5.87718396e-05 9.36476208e-06 4.28396583e-05 1.13673864e-04 2.77180399e-05 2.45578372e-04 4.02256040e-04 1.60902416e-05 1.78515954e-04 3.29000293e-05 3.56012082e-05 3.38864672e-04 5.21519795e-04 9.29420072e-05 2.54342244e-04 5.89757801e-05 1.91701190e-05 4.19292405e-05 2.13272817e-05 5.95105539e-07 4.03926421e-09 1.00000000e-10
 2015 08 14 12 00 00  3.66431790e-03 2.22548598e-03 1.22593628e-03 8.75677504e-04 6.30396395e-04 3.54116827e-04 2.53234342e-04 2.12711273e-04 4.35767670e-04 1.26249869e-04 3.04903548e-03 4.54853140e-03 2.22527227e-04 6.51419245e-05 4.25024256e-05 1.20927821e-04 3.46553366e-05 5.89365140e-05 1.20372153e-04 7.17101095e-05 1.35988256e-04 1.66218575e-04 9.79472102e-05 7.01113884e-05 4.96667599e-06 8.97049904e-06 5.94894991e-06 2.44684045e-05 4.84630946e-06 1.65995605e-05 4.47488415e-05 3.72551469e-05 1.61354721e-05 4.68516937e-05 3.78119264e-05 1.37291776e-05 4.82352079e-05 5.83533817e-05 9.38994635e-06 4.22184467e-05 1.11386269e-04 2.69908574e-05 2.42730880e-04 3.92062984e-04 1.56825193e-05 1.74335171e-04 3.26001813e-05 3.41934036e-05 3.33667031e-04 5.15218504e-04 9.09316772e-05 2.51825967e-04 5.72351131e-05 1.85384449e-05 4.04765475e-05 2.04142024e-05 5.57995821e-07 2.93819866e-09 1.00000000e-10
 2015 08 15 12 00 00  3.65422387e-03 2.21858915e-03 1.22159164e-03 8.72369133e-04 6.27421709e-04 3.52861478e-04 2.51972737e-04 2.11311500e-04 4.32139709e-04 1.25224461e-04 3.01996330e-03 4.49539572e-03 2.21025124e-04 6.47311992e-05 4.22642630e-05 1.20524233e-04 3.45781882e-05 5.87851217e-05 1.19721954e-04 7.12458685e-05 1.35628420e-04 1.65854382e-04 9.77228682e-05 6.99102912e-05 4.96150242e-06 8.91206073e-06 5.94680387e-06 2.44161858e-05 4.83632866e-06 1.65591154e-05 4.45898909e-05 3.72252805e-05 1.60653144e-05 4.66237328e-05 3.72253387e-05 1.37196956e-05 4.79347036e-05 5.80056150e-05 9.34389027e-06 4.18157286e-05 1.09892815e-04 2.66009767e-05 2.40825151e-04 3.86651686e-04 1.54660674e-05 1.71657109e-04 3.22057749e-05 3.34394630e-05 3.30003886e-04 5.10710739e-04 8.97453907e-05 2.48557143e-04 5.46898638e-05 1.76142668e-05 3.83486005e-05 1.90463456e-05 5.00072696e-07 1.09957412e-09 1.00000000e-10
 2015 08 16 12 00 00  3.64499207e-03 2.21346752e-03 1.21826622e-03 8.69606482e-04 6.24817578e-04 3.51615554e-04 2.50790276e-04 2.10028633e-04 4.28818294e-04 1.24532169e-04 2.99326307e-03 4.44226190e-03 2.19845837e-04 6.45417353e-05 4.20565149e-05 1.20216570e-04 3.44907516e-05 5.86131646e-05 1.19534381e-04 7.11790577e-05 1.35226299e-04 1.65437346e-04 9.75144773e-05 6.97631619e-05 4.95565691e-06 8.79256695e-06 5.94119447e-06 2.43737737e-05 4.83522454e-06 1.65327514e-05 4.44717524e-05 3.71914124e-05 1.59850941e-05 4.64268271e-05 3.71583214e-05 1.36951523e-05 4.77213841e-05 5.77048796e-05 9.24995475e-06 4.14724722e-05 1.08490057e-04 2.65476207e-05 2.37856901e-04 3.86022461e-04 1.54408984e-05 1.70089768e-04 3.17509548e-05 3.33380507e-05 3.27848723e-04 5.07848334e-04 8.93531724e-05 2.44873307e-04 5.16536191e-05 1.65115405e-05 3.58082351e-05 1.73979709e-05 4.29113743e-07 1.00000000e-10 1.00000000e-10
 2015 08 17 12 00 00  3.63873056e-03 2.20891753e-03 1.21542285e-03 8.67491025e-04 6.22941319e-04 3.50858402e-04 2.50013590e-04 2.09160139e-04 4.26567890e-04 1.23839520e-04 2.97524757e-03 4.41037975e-03 2.18869186e-04 6.42348333e-05 4.18831974e-05 1.19457439e-04 3.42379382e-05 5.81087661e-05 1.18852690e-04 7.08085077e-05 1.34204781e-04 1.64152359e-04 9.69590849e-05 6.95042997e-05 4.93909320e-06 8.78600695e-06 5.93823279e-06 2.42962744e-05 4.82718642e-06 1.64736769e-05 4.40867233e-05 3.70931753e-05 1.57401097e-05 4.61116320e-05 3.66863067e-05 1.36821458e-05 4.70926504e-05 5.68591697e-05 9.24471315e-06 4.10900380e-05 1.06737918e-04 2.62358255e-05 2.35592881e-04 3.81670543e-04 1.52668217e-05 1.65993173e-04 3.02911241e-05 3.27347196e-05 3.20903008e-04 5.00380009e-04 8.78634602e-05 2.40334430e-04 5.17545644e-05 1.65489464e-05 3.58980269e-05 1.74989026e-05 4.36631743e-07 1.00000000e-10 1.00000000e-10
 2015 08 18 12 00 00  3.62938744e-03 2.20348903e-03 1.21192373e-03 8.64665952e-04 6.20318359e-04 3.49622744e-04 2.48828120e-04 2.07869764e-04 4.23215602e-04 1.23091384e-04 2.94830477e-03 4.35725152e-03 2.17639878e-04 6.40480422e-05 4.17633661e-05 1.18882223e-04 3.40567232e-05 5.77478146e-05 1.18523153e-04 7.06787105e-05 1.33435184e-04 1.63237820e-04 9.65516472e-05 6.93424712e-05 4.92719264e-06 8.81158485e-06 5.92687902e-06 2.42407762e-05 4.82446012e-06 1.64295879e-05 4.38296390e-05 3.70227906e-05 1.55655827e-05 4.58800678e-05 3.65256623e-05 1.36326475e-05 4.66714518e-05 5.62379488e-05 9.26470602e-06 4.06678694e-05 1.04774716e-04 2.61273468e-05 2.31229393e-04 3.80186427e-04 1.52074571e-05 1.62968616e-04 2.92566721e-05 3.25252942e-05 3.16438268e-04 4.95794482e-04 8.70277633e-05 2.38062761e-04 5.30466085e-05 1.70191976e-05 3.69862129e-05 1.82622851e-05 4.73754022e-07 6.04408257e-10 1.00000000e-10
 2015 08 19 12 00 00  3.63142752e-03 2.20500665e-03 1.21286940e-03 8.65332340e-04 6.20888545e-04 3.49859672e-04 2.49073783e-04 2.08143832e-04 4.23939249e-04 1.23320578e-04 2.95410171e-03 4.36787084e-03 2.17959074e-04 6.41612653e-05 4.18603920e-05 1.19023826e-04 3.40717321e-05 5.77802188e-05 1.18681433e-04 7.07979023e-05 1.33536240e-04 1.63341252e-04 9.66110810e-05 6.94575974e-05 4.92805993e-06 8.96071069e-06 5.93313998e-06 2.42571909e-05 4.82724790e-06 1.64407151e-05 4.38791095e-05 3.70287278e-05 1.55845963e-05 4.60062493e-05 3.66880617e-05 1.36598013e-05 4.67655552e-05 5.63639971e-05 9.38142693e-06 4.10319525e-05 1.05309237e-04 2.62293121e-05 2.33989424e-04 3.81677170e-04 1.52670868e-05 1.64084890e-04 2.93929654e-05 3.27236659e-05 3.17580080e-04 4.97477930e-04 8.73882324e-05 2.41514328e-04 5.71092754e-05 1.84963731e-05 4.03973184e-05 2.05712941e-05 5.80264066e-07 4.41699548e-09 1.00000000e-10
 2015 08 20 12 00 00  3.63774084e-03 2.20981371e-03 1.21585644e-03 8.67467192e-04 6.22733745e-04 3.50594293e-04 2.49841593e-04 2.09005630e-04 4.26193507e-04 1.24058698e-04 2.97213969e-03 4.39974219e-03 2.18972676e-04 6.44695367e-05 4.19753654e-05 1.20400362e-04 3.45064327e-05 5.86531707e-05 1.19574031e-04 7.12198438e-05 1.35304705e-04 1.65613174e-04 9.75535254e-05 6.99814892e-05 4.95627355e-06 8.99425286e-06 5.96445498e-06 2.43732233e-05 4.83672738e-06 1.65387355e-05 4.45377805e-05 3.71978735e-05 1.60161188e-05 4.65954234e-05 3.72426293e-05 1.37960218e-05 4.78176468e-05 5.79156155e-05 9.40772079e-06 4.23691185e-05 1.08747543e-04 2.65870447e-05 2.45544231e-04 3.86779385e-04 1.54711754e-05 1.71906807e-04 3.20172694e-05 3.34176264e-05 3.29148398e-04 5.09532725e-04 8.97244038e-05 2.53707319e-04 6.25354864e-05 2.04690356e-05 4.49511795e-05 2.36370394e-05 7.20482964e-07 1.18371668e-08 4.55445059e-10
 2015 08 21 12 00 00  3.64646512e-03 2.21681916e-03 1.22018233e-03 8.70510942e-04 6.25338433e-04 3.51582471e-04 2.50896679e-04 2.10199508e-04 4.29311704e-04 1.25155391e-04 2.99706188e-03 4.44224067e-03 2.20434907e-04 6.49812953e-05 4.22027161e-05 1.20333226e-04 3.43248801e-05 5.82885754e-05 1.20256780e-04 7.19176489e-05 1.34658008e-04 1.64664158e-04 9.72849522e-05 7.01448656e-05 4.94449050e-06 9.41718827e-06 5.97368125e-06 2.43958376e-05 4.85231067e-06 1.65528926e-05 4.43960928e-05 3.71272268e-05 1.58358700e-05 4.67627523e-05 3.81548132e-05 1.38361531e-05 4.76818061e-05 5.76001294e-05 9.73925053e-06 4.31561957e-05 1.09552245e-04 2.71778874e-05 2.50363668e-04 3.95174944e-04 1.58069978e-05 1.73412124e-04 3.09209514e-05 3.45632812e-05 3.28690713e-04 5.10196968e-04 9.07599446e-05 2.56625568e-04 7.06974351e-05 2.34360005e-05 5.17991190e-05 2.82324840e-05 9.29610752e-07 2.28611221e-08 1.45798147e-09
 2015 08 22 12 00 00  3.65716929e-03 2.22234662e-03 1.22381361e-03 8.73575440e-04 6.28248262e-04 3.53050451e-04 2.52267513e-04 2.11674187e-04 4.33149253e-04 1.25867156e-04 3.02795097e-03 4.50598858e-03 2.21727403e-04 6.51018498e-05 4.23830112e-05 1.20251547e-04 3.42579064e-05 5.81538246e-05 1.20142123e-04 7.18519557e-05 1.34493762e-04 1.64311227e-04 9.71927630e-05 7.01730654e-05 4.94015694e-06 9.46703221e-06 5.97791550e-06 2.43959027e-05 4.85070377e-06 1.65508676e-05 4.43004417e-05 3.71011614e-05 1.57689079e-05 4.68097377e-05 3.80616140e-05 1.38546427e-05 4.75574896e-05 5.74340239e-05 9.77833188e-06 4.33320746e-05 1.10439304e-04 2.71211058e-05 2.52075248e-04 3.94321575e-04 1.57728630e-05 1.72982340e-04 3.05113208e-05 3.44524364e-05 3.27154237e-04 5.09324796e-04 9.04579683e-05 2.57797621e-04 7.40030291e-05 2.46375225e-05 5.45718212e-05 3.00874345e-05 1.01361342e-06 2.72581730e-08 1.85706917e-09
 2015 08 23 12 00 00  3.66210422e-03 2.22701390e-03 1.22664596e-03 8.75462172e-04 6.29803385e-04 3.53552654e-04 2.52849120e-04 2.12350592e-04 4.34914503e-04 1.26634597e-04 3.04200086e-03 4.52723950e-03 2.22671913e-04 6.55435892e-05 4.26163810e-05 1.20436191e-04 3.42471874e-05 5.81313099e-05 1.20875685e-04 7.24645157e-05 1.34483890e-04 1.64244442e-04 9.72401883e-05 7.03751697e-05 4.93950647e-06 9.20312959e-06 5.97169310e-06 2.44079356e-05 4.86429672e-06 1.65771501e-05 4.43720996e-05 3.70969472e-05 1.57564951e-05 4.69083102e-05 3.88578221e-05 1.38275820e-05 4.77086286e-05 5.75277115e-05 9.57148368e-06 4.35165669e-05 1.10928088e-04 2.76390492e-05 2.49807029e-04 4.01652561e-04 1.60661025e-05 1.74702367e-04 3.04269488e-05 3.54562857e-05 3.29660591e-04 5.13042286e-04 9.16795685e-05 2.61887806e-04 7.95929318e-05 2.66693598e-05 5.92606528e-05 3.32248577e-05 1.15573523e-06 3.47005738e-08 2.53264165e-09
 2015 08 24 12 00 00  3.66970333e-03 2.23165786e-03 1.22961736e-03 8.77797962e-04 6.31940583e-04 3.54535365e-04 2.53805022e-04 2.13396080e-04 4.37637220e-04 1.27289028e-04 3.06386299e-03 4.56973910e-03 2.23707764e-04 6.57066397e-05 4.26577548e-05 1.20676730e-04 3.43052729e-05 5.82464214e-05 1.21138508e-04 7.26358208e-05 1.34760924e-04 1.64531070e-04 9.74006643e-05 7.04834670e-05 4.94334854e-06 9.17543730e-06 5.97395556e-06 2.44356654e-05 4.86802419e-06 1.65991856e-05 4.44731594e-05 3.71194852e-05 1.58113660e-05 4.70372930e-05 3.90766363e-05 1.38374613e-05 4.78898437e-05 5.77608565e-05 9.54982752e-06 4.37189549e-05 1.11989994e-04 2.77832907e-05 2.50910603e-04 4.03669591e-04 1.61467836e-05 1.76142121e-04 3.07466107e-05 3.57354525e-05 3.31595249e-04 5.15147258e-04 9.22083505e-05 2.63596847e-04 8.04902191e-05 2.69953260e-05 6.00119886e-05 3.37171276e-05 1.17727960e-06 3.57715670e-08 2.62839990e-09
 2015 08 25 12 00 00  3.67412993e-03 2.23526201e-03 1.23183986e-03 8.79364605e-04 6.33283280e-04 3.55034542e-04 2.54341504e-04 2.14005133e-04 4.39223491e-04 1.27857306e-04 3.07652791e-03 4.59099039e-03 2.24460097e-04 6.59954257e-05 4.28181036e-05 1.20772369e-04 3.42937332e-05 5.82214852e-05 1.21586033e-04 7.30112544e-05 1.34733929e-04 1.64451281e-04 9.74213850e-05 7.05019142e-05 4.94268352e-06 9.06833375e-06 5.96857317e-06 2.44479409e-05 4.87628349e-06 1.66153333e-05 4.45020858e-05 3.71149159e-05 1.57967021e-05 4.70517392e-05 3.95608717e-05 1.38140807e-05 4.79629931e-05 5.77845790e-05 9.46586733e-06 4.36681535e-05 1.12331566e-04 2.81001354e-05 2.49280130e-04 4.08130358e-04 1.63252143e-05 1.77047589e-04 3.06413305e-05 3.63491650e-05 3.32946351e-04 5.16845529e-04 9.29210348e-05 2.61404964e-04 7.77805553e-05 2.60102277e-05 5.77378136e-05 3.21850738e-05 1.10713318e-06 3.20417229e-08 2.28838744e-09
 2015 08 26 12 00 00  3.67546614e-03 2.23521570e-03 1.23189085e-03 8.79596156e-04 6.33592149e-04 3.55281218e-04 2.54533019e-04 2.14194428e-04 4.39708466e-04 1.27795258e-04 3.08048041e-03 4.60161790e-03 2.24502661e-04 6.58387922e-05 4.26813480e-05 1.20838330e-04 3.43600026e-05 5.83532557e-05 1.21376635e-04 7.27859850e-05 1.34995333e-04 1.64783290e-04 9.75371515e-05 7.05561279e-05 4.94704545e-06 9.39530582e-06 5.96848040e-06 2.44751116e-05 4.87112884e-06 1.66156419e-05 4.45583088e-05 3.71406466e-05 1.58601251e-05 4.71763533e-05 3.92599206e-05 1.38136835e-05 4.80522527e-05 5.79289351e-05 9.72217385e-06 4.37592750e-05 1.12584166e-04 2.79083761e-05 2.50561966e-04 4.05364419e-04 1.62145768e-05 1.77054757e-04 3.10151780e-05 3.59766884e-05 3.33151438e-04 5.16836844e-04 9.26153558e-05 2.64453408e-04 8.04454268e-05 2.69788426e-05 5.99729711e-05 3.36794843e-05 1.17474251e-06 3.55756661e-08 2.60900936e-09
 2015 08 27 12 00 00  3.67946869e-03 2.23795224e-03 1.23361467e-03 8.80892963e-04 6.34749364e-04 3.55775278e-04 2.55029934e-04 2.14745063e-04 4.41142456e-04 1.28200360e-04 3.09197322e-03 4.62286845e-03 2.25096260e-04 6.60499891e-05 4.29093608e-05 1.21671208e-04 3.46732209e-05 5.89811476e-05 1.21879242e-04 7.29648396e-05 1.36259076e-04 1.66408039e-04 9.81983487e-05 7.06545943e-05 4.96742723e-06 9.25109343e-06 5.97052203e-06 2.45448241e-05 4.87506113e-06 1.66734436e-05 4.50005430e-05 3.72624811e-05 1.61690346e-05 4.73858097e-05 3.94904899e-05 1.38225631e-05 4.87414844e-05 5.89084803e-05 9.60912439e-06 4.37877521e-05 1.14223630e-04 2.80593027e-05 2.51943623e-04 4.07488551e-04 1.62995420e-05 1.80968246e-04 3.28836555e-05 3.62690160e-05 3.40699017e-04 5.24390671e-04 9.38821255e-05 2.62784773e-04 7.03705424e-05 2.33164182e-05 5.15194504e-05 2.80016914e-05 9.16007588e-07 2.19101892e-08 1.36557619e-09
 2015 08 28 12 00 00  3.67716476e-03 2.23595324e-03 1.23239107e-03 8.80054160e-04 6.34044012e-04 3.55525959e-04 2.54754465e-04 2.14429609e-04 4.40319068e-04 1.27879719e-04 3.08540084e-03 4.61224243e-03 2.24685553e-04 6.58537992e-05 4.27513917e-05 1.22042024e-04 3.48814152e-05 5.93986479e-05 1.21781768e-04 7.27354723e-05 1.37053218e-04 1.67489615e-04 9.85869438e-05 7.07129247e-05 4.98096742e-06 9.31814357e-06 5.96958271e-06 2.45815032e-05 4.86993122e-06 1.66908041e-05 4.52481684e-05 3.73434683e-05 1.63746328e-05 4.75128586e-05 3.91902315e-05 1.38184623e-05 4.91035139e-05 5.94636995e-05 9.66173029e-06 4.37206496e-05 1.14609942e-04 2.78650317e-05 2.52219124e-04 4.04725344e-04 1.61890138e-05 1.82193464e-04 3.41285951e-05 3.58922727e-05 3.43905852e-04 5.27019379e-04 9.39688207e-05 2.64658536e-04 6.78513559e-05 2.24005537e-05 4.94050372e-05 2.65764309e-05 8.50691248e-07 1.84327021e-08 1.04845608e-09
 2015 08 29 12 00 00  3.67861937e-03 2.23621468e-03 1.23261696e-03 8.80354673e-04 6.34380717e-04 3.55764199e-04 2.54951013e-04 2.14628997e-04 4.40839677e-04 1.27874174e-04 3.08962729e-03 4.62286547e-03 2.24779738e-04 6.57873724e-05 4.27613110e-05 1.22056481e-04 3.49068810e-05 5.94498240e-05 1.21615021e-04 7.25759135e-05 1.37167982e-04 1.67623218e-04 9.86325706e-05 7.06150387e-05 4.98261725e-06 9.07942303e-06 5.96965183e-06 2.45691695e-05 4.86638419e-06 1.66889588e-05 4.52582298e-05 3.73533752e-05 1.63999939e-05 4.74235417e-05 3.89824796e-05 1.38187344e-05 4.91004747e-05 5.95027576e-05 9.47462540e-06 4.34752838e-05 1.14760428e-04 2.77300627e-05 2.51290973e-04 4.02812730e-04 1.61125092e-05 1.81808639e-04 3.42832675e-05 3.56306409e-05 3.43750201e-04 5.26485747e-04 9.37019101e-05 2.60993658e-04 6.23326920e-05 2.03946131e-05 4.47759839e-05 2.34791872e-05 7.10402509e-07 1.10872801e-08 3.81712262e-10
 2015 08 30 12 00 00  3.67312478e-03 2.23320673e-03 1.23066035e-03 8.78729090e-04 6.32848743e-04 3.55020670e-04 2.54248254e-04 2.13868371e-04 4.38866728e-04 1.27471892e-04 3.07375265e-03 4.59098667e-03 2.24086649e-04 6.57006348e-05 4.26785303e-05 1.21753814e-04 3.47894296e-05 5.92150202e-05 1.21474183e-04 7.25546852e-05 1.36659553e-04 1.67021000e-04 9.83731356e-05 7.04056883e-05 4.97494548e-06 9.32712210e-06 5.97082981e-06 2.45502001e-05 4.86601020e-06 1.66672905e-05 4.50926217e-05 3.73077200e-05 1.62853175e-05 4.72730108e-05 3.89599911e-05 1.38237810e-05 4.88406989e-05 5.91351176e-05 9.66869557e-06 4.33332978e-05 1.13845704e-04 2.77129177e-05 2.52012586e-04 4.02602466e-04 1.61040986e-05 1.80571990e-04 3.35954566e-05 3.55979340e-05 3.41203455e-04 5.23179934e-04 9.33436011e-05 2.54037700e-04 5.57980009e-05 1.80196097e-05 3.92964367e-05 1.98268307e-05 5.45975885e-07 3.19201376e-09 1.00000000e-10
 2015 08 31 12 00 00  3.67472611e-03 2.23385260e-03 1.23110465e-03 8.79114736e-04 6.33218825e-04 3.55248013e-04 2.54450744e-04 2.14079975e-04 4.39431148e-04 1.27536870e-04 3.07831716e-03 4.60160375e-03 2.24245150e-04 6.56711316e-05 4.26769034e-05 1.20979911e-04 3.45034845e-05 5.86428796e-05 1.21121330e-04 7.24769838e-05 1.35562065e-04 1.65549519e-04 9.78066540e-05 7.01588906e-05 4.95628883e-06 9.16862045e-06 5.95350357e-06 2.44787076e-05 4.86447279e-06 1.66161697e-05 4.47012563e-05 3.71965463e-05 1.60052470e-05 4.69570107e-05 3.88687768e-05 1.37483032e-05 4.82306060e-05 5.82096601e-05 9.54436327e-06 4.26661578e-05 1.12331645e-04 2.76487612e-05 2.45185364e-04 4.01756619e-04 1.60702647e-05 1.76482668e-04 3.19112296e-05 3.54745775e-05 3.34693365e-04 5.16746916e-04 9.22741927e-05 2.47833361e-04 5.44350500e-05 1.75246943e-05 3.81567368e-05 1.90925521e-05 5.14756616e-07 2.19482317e-09 1.00000000e-10
 2015 09 01 12 00 00  3.67415071e-03 2.23277445e-03 1.23048265e-03 8.78740583e-04 6.32933139e-04 3.55225578e-04 2.54388212e-04 2.13992026e-04 4.39215749e-04 1.27332453e-04 3.07664802e-03 4.60159443e-03 2.24041840e-04 6.55619649e-05 4.27366198e-05 1.20788168e-04 3.44590400e-05 5.85561211e-05 1.20784035e-04 7.22301134e-05 1.35413149e-04 1.65344711e-04 9.77056417e-05 7.00648183e-05 4.95328641e-06 8.97452992e-06 5.95013880e-06 2.44464348e-05 4.85919554e-06 1.65976556e-05 4.46168611e-05 3.71793576e-05 1.59656513e-05 4.68321519e-05 3.85584106e-05 1.37335490e-05 4.80742971e-05 5.80246026e-05 9.39222009e-06 4.23750773e-05 1.11909089e-04 2.74416845e-05 2.43120529e-04 3.98892488e-04 1.59556995e-05 1.74973270e-04 3.16931662e-05 3.50742950e-05 3.32824119e-04 5.15019610e-04 9.16245211e-05 2.46204266e-04 5.32677901e-05 1.71009054e-05 3.71811553e-05 1.84678788e-05 4.88487116e-07 1.37000598e-09 1.00000000e-10
 2015 09 02 12 00 00  3.67388319e-03 2.23232830e-03 1.23022331e-03 8.78560862e-04 6.32779645e-04 3.55206995e-04 2.54354012e-04 2.13945732e-04 4.39109385e-04 1.27246510e-04 3.07582706e-03 4.60158624e-03 2.23953209e-04 6.54967504e-05 4.27191694e-05 1.20436496e-04 3.43256135e-05 5.82912820e-05 1.20529244e-04 7.21235527e-05 1.34912001e-04 1.64681625e-04 9.74402211e-05 6.99385680e-05 4.94447995e-06 8.92611788e-06 5.94706471e-06 2.44088083e-05 4.85707969e-06 1.65716438e-05 4.44329649e-05 3.71275673e-05 1.58388430e-05 4.66830285e-05 3.84329440e-05 1.37200710e-05 4.77807154e-05 5.76112334e-05 9.35424687e-06 4.21588678e-05 1.11258112e-04 2.73536454e-05 2.41467591e-04 3.97729275e-04 1.59091710e-05 1.73149667e-04 3.09503142e-05 3.49049835e-05 3.29665394e-04 5.11791631e-04 9.10305662e-05 2.43272427e-04 5.24518346e-05 1.68046956e-05 3.64994309e-05 1.80332806e-05 4.70355279e-07 8.07882117e-10 1.00000000e-10
 2015 09 03 12 00 00  3.66779737e-03 2.22816986e-03 1.22760358e-03 8.76553056e-04 6.30967136e-04 3.54447505e-04 2.53590608e-04 2.13097947e-04 4.36917643e-04 1.26626547e-04 3.05826981e-03 4.56970185e-03 2.23045265e-04 6.52207416e-05 4.25125635e-05 1.19753317e-04 3.40905593e-05 5.78227104e-05 1.19955835e-04 7.18375377e-05 1.33957794e-04 1.63491261e-04 9.69296235e-05 6.96794276e-05 4.92906111e-06 8.89023140e-06 5.94547964e-06 2.43366070e-05 4.85103592e-06 1.65190185e-05 4.40846814e-05 3.70362512e-05 1.56117851e-05 4.63763814e-05 3.80770100e-05 1.37130715e-05 4.72110458e-05 5.68435788e-05 9.32614639e-06 4.18085163e-05 1.09663658e-04 2.71143042e-05 2.39578090e-04 3.94442289e-04 1.57776916e-05 1.69608041e-04 2.96009937e-05 3.44427011e-05 3.23470646e-04 5.04848915e-04 8.97815185e-05 2.37806200e-04 5.08051445e-05 1.62065571e-05 3.51210962e-05 1.71342691e-05 4.31309118e-07 1.00000000e-10 1.00000000e-10
 2015 09 04 12 00 00  3.66728441e-03 2.22724688e-03 1.22706964e-03 8.76215207e-04 6.30697713e-04 3.54421959e-04 2.53531261e-04 2.13015665e-04 4.36720996e-04 1.26450540e-04 3.05675065e-03 4.56969105e-03 2.22867920e-04 6.51171596e-05 4.25451418e-05 1.19371604e-04 3.39425897e-05 5.75288665e-05 1.19560139e-04 7.16225011e-05 1.33406605e-04 1.62754272e-04 9.66261076e-05 6.95747911e-05 4.91930259e-06 8.82546447e-06 5.94839803e-06 2.42906469e-05 4.84656703e-06 1.64893289e-05 4.38695714e-05 3.69788177e-05 1.54708847e-05 4.62279550e-05 3.78133846e-05 1.37256720e-05 4.68615708e-05 5.63908017e-05 9.27539804e-06 4.17424965e-05 1.09112894e-04 2.69349955e-05 2.39638982e-04 3.92005224e-04 1.56802089e-05 1.67582675e-04 2.87741743e-05 3.40967817e-05 3.19673939e-04 5.01226648e-04 8.89581449e-05 2.36633534e-04 5.27642450e-05 1.69189832e-05 3.67667313e-05 1.82540213e-05 4.83375037e-07 1.40269663e-09 1.00000000e-10
 2015 09 05 12 00 00  3.66173389e-03 2.22419262e-03 1.22508387e-03 8.74546294e-04 6.29114909e-04 3.53667886e-04 2.52816847e-04 2.12240398e-04 4.34719651e-04 1.26037808e-04 3.04066497e-03 4.53780778e-03 2.22160801e-04 6.49996869e-05 4.24106212e-05 1.19632964e-04 3.40907398e-05 5.78288862e-05 1.19621687e-04 7.15842238e-05 1.33959667e-04 1.63556236e-04 9.69083079e-05 6.96116263e-05 4.92879954e-06 8.75107871e-06 5.94175945e-06 2.43068475e-05 4.84604388e-06 1.65006956e-05 4.40743139e-05 3.70365684e-05 1.56225084e-05 4.62775483e-05 3.77807068e-05 1.36967079e-05 4.71546959e-05 5.68015623e-05 9.21709725e-06 4.15384212e-05 1.08877560e-04 2.69053213e-05 2.37451284e-04 3.91693857e-04 1.56677543e-05 1.68554704e-04 2.97191611e-05 3.40409984e-05 3.22588681e-04 5.03745969e-04 8.92731162e-05 2.37463165e-04 5.00120722e-05 1.59186981e-05 3.44588022e-05 1.67145499e-05 4.13986729e-07 1.00000000e-10 1.00000000e-10
 2015 09 06 12 00 00  3.65943472e-03 2.22233593e-03 1.22393789e-03 8.73697436e-04 6.28362994e-04 3.53398766e-04 2.52529623e-04 2.11912947e-04 4.33883840e-04 1.25741080e-04 3.03399814e-03 4.52717207e-03 2.21766532e-04 6.48073130e-05 4.22378186e-05 1.19276389e-04 3.39855469e-05 5.76200488e-05 1.19261430e-04 7.13785004e-05 1.33541212e-04 1.63033051e-04 9.66800815e-05 6.94872720e-05 4.92185827e-06 8.70973308e-06 5.93710683e-06 2.42701486e-05 4.84176999e-06 1.64716772e-05 4.39134280e-05 3.69957415e-05 1.55224639e-05 4.61285375e-05 3.75285599e-05 1.36764022e-05 4.68852500e-05 5.64338271e-05 9.18480946e-06 4.12571148e-05 1.08029789e-04 2.67337862e-05 2.35192677e-04 3.89362864e-04 1.55745146e-05 1.66530330e-04 2.91327480e-05 3.37100704e-05 3.19401229e-04 5.00085987e-04 8.85300311e-05 2.35335491e-04 4.96749058e-05 1.57960608e-05 3.41753861e-05 1.65201227e-05 4.04834233e-07 1.00000000e-10 1.00000000e-10
 2015 09 07 12 00 00  3.65330196e-03 2.21806103e-03 1.22125207e-03 8.71662303e-04 6.26538146e-04 3.52641598e-04 2.51763815e-04 2.11060876e-04 4.31677940e-04 1.25099792e-04 3.01632865e-03 4.49528880e-03 2.20839073e-04 6.45697301e-05 4.21615459e-05 1.19202659e-04 3.40280851e-05 5.77075931e-05 1.18913915e-04 7.10684748e-05 1.33680512e-04 1.63278564e-04 9.67221931e-05 6.94229580e-05 4.92452054e-06 8.68048955e-06 5.93041223e-06 2.42566504e-05 4.83511903e-06 1.64570219e-05 4.39355238e-05 3.70123831e-05 1.55685106e-05 4.60631095e-05 3.71375645e-05 1.36472067e-05 4.68825863e-05 5.64629189e-05 9.16196004e-06 4.09221689e-05 1.07252035e-04 2.64735310e-05 2.32742486e-04 3.85755467e-04 1.54302187e-05 1.65445604e-04 2.94319354e-05 3.32068856e-05 3.18919604e-04 4.99411526e-04 8.79647110e-05 2.35253176e-04 4.84822594e-05 1.53624371e-05 3.31741533e-05 1.58434932e-05 3.73702034e-07 1.00000000e-10 1.00000000e-10
 2015 09 08 12 00 00  3.65090168e-03 2.21597127e-03 1.21997280e-03 8.70751282e-04 6.25751064e-04 3.52375312e-04 2.51469498e-04 2.10721821e-04 4.30808189e-04 1.24759683e-04 3.00940306e-03 4.48465571e-03 2.20403811e-04 6.43744585e-05 4.20506369e-05 1.18739393e-04 3.38811311e-05 5.74145699e-05 1.18459669e-04 7.08108011e-05 1.33098501e-04 1.62533582e-04 9.64033004e-05 6.92589512e-05 4.91488463e-06 8.64135654e-06 5.92637771e-06 2.42095603e-05 4.82965661e-06 1.64207170e-05 4.37090649e-05 3.69552901e-05 1.54264286e-05 4.58686219e-05 3.68159905e-05 1.36296163e-05 4.65094548e-05 5.59576883e-05 9.13132753e-06 4.06110075e-05 1.06248985e-04 2.62577756e-05 2.30583707e-04 3.82786429e-04 1.53114571e-05 1.62826312e-04 2.85869406e-05 3.27900547e-05 3.14666953e-04 4.94827639e-04 8.69944863e-05 2.32370376e-04 4.82151549e-05 1.52649616e-05 3.29473299e-05 1.56695723e-05 3.64226585e-07 1.00000000e-10 1.00000000e-10
 2015 09 09 12 00 00  3.63919523e-03 2.20846002e-03 1.21520094e-03 8.67046242e-04 6.22383349e-04 3.50883774e-04 2.49999576e-04 2.09104354e-04 4.26607550e-04 1.23674452e-04 2.97569341e-03 4.42089960e-03 2.18745989e-04 6.39827931e-05 4.17803720e-05 1.18045615e-04 3.36910511e-05 5.70348231e-05 1.17812212e-04 7.04311242e-05 1.32262093e-04 1.61561879e-04 9.59433913e-05 6.90027382e-05 4.90245475e-06 8.64321555e-06 5.91767821e-06 2.41398362e-05 4.82142168e-06 1.63639303e-05 4.34010389e-05 3.68814130e-05 1.52413166e-05 4.55536824e-05 3.63324478e-05 1.35917406e-05 4.59863506e-05 5.52477047e-05 9.13282493e-06 4.00685873e-05 1.04003238e-04 2.59383145e-05 2.26576972e-04 3.78328170e-04 1.51331268e-05 1.58871880e-04 2.74791673e-05 3.21719097e-05 3.08780622e-04 4.88143410e-04 8.56102950e-05 2.28231558e-04 4.73926554e-05 1.49656512e-05 3.22549295e-05 1.51864464e-05 3.40911910e-07 1.00000000e-10 1.00000000e-10
 2015 09 10 12 00 00  3.62950332e-03 2.20231995e-03 1.21129341e-03 8.64000503e-04 6.19609054e-04 3.49643099e-04 2.48781607e-04 2.07766368e-04 4.23131284e-04 1.22792839e-04 2.94778633e-03 4.36776988e-03 2.17387252e-04 6.36810977e-05 4.15794883e-05 1.17839446e-04 3.36805009e-05 5.70151489e-05 1.17441280e-04 7.01430661e-05 1.32150189e-04 1.61523327e-04 9.58604980e-05 6.89274641e-05 4.90169950e-06 8.67868876e-06 5.91349199e-06 2.41157589e-05 4.81514107e-06 1.63404754e-05 4.33497337e-05 3.68773675e-05 1.52335764e-05 4.54524558e-05 3.59638507e-05 1.35734983e-05 4.58696953e-05 5.51191882e-05 9.16063000e-06 3.98232270e-05 1.02793265e-04 2.56956671e-05 2.24807498e-04 3.74930812e-04 1.49972325e-05 1.57373747e-04 2.74457969e-05 3.17022117e-05 3.07175526e-04 4.86062687e-04 8.49535526e-05 2.28610191e-04 4.81835762e-05 1.52528657e-05 3.29164070e-05 1.56134829e-05 3.59132895e-07 1.00000000e-10 1.00000000e-10
 2015 09 11 12 00 00  3.63013778e-03 2.20372785e-03 1.21209878e-03 8.64392435e-04 6.19844955e-04 3.49634647e-04 2.48830545e-04 2.07842861e-04 4.23346393e-04 1.23055004e-04 2.94945026e-03 4.36776318e-03 2.17636282e-04 6.38691398e-05 4.16489292e-05 1.18371662e-04 3.38325393e-05 5.73212805e-05 1.17937175e-04 7.04528298e-05 1.32762600e-04 1.62326899e-04 9.62006514e-05 6.92092681e-05 4.91152859e-06 8.82782406e-06 5.92418219e-06 2.41675571e-05 4.82228934e-06 1.63803838e-05 4.36103727e-05 3.69365676e-05 1.53859786e-05 4.57419489e-05 3.63808882e-05 1.36199989e-05 4.62955070e-05 5.57051930e-05 9.27763758e-06 4.04924342e-05 1.03926027e-04 2.59598601e-05 2.29420196e-04 3.78761682e-04 1.51504673e-05 1.60754982e-04 2.83800386e-05 3.22157110e-05 3.12016005e-04 4.91507683e-04 8.61214578e-05 2.36209727e-04 5.44520337e-05 1.75312526e-05 3.81737435e-05 1.91259553e-05 5.17858065e-07 2.37666455e-09 1.00000000e-10
 2015 09 12 12 00 00  3.62452391e-03 2.20048222e-03 1.21000551e-03 8.62690549e-04 6.18258788e-04 3.48888568e-04 2.48116103e-04 2.07065326e-04 4.21330274e-04 1.22607971e-04 2.93324057e-03 4.33588475e-03 2.16899452e-04 6.37469024e-05 4.15477712e-05 1.18376167e-04 3.38536425e-05 5.73642552e-05 1.17855404e-04 7.03780737e-05 1.32803569e-04 1.62443805e-04 9.62144516e-05 6.92692593e-05 4.91286992e-06 9.00171653e-06 5.92681135e-06 2.41716958e-05 4.82073556e-06 1.63768996e-05 4.36327509e-05 3.69448040e-05 1.54080160e-05 4.57933285e-05 3.62891995e-05 1.36314062e-05 4.63203867e-05 5.57561924e-05 9.41393155e-06 4.06591211e-05 1.03547746e-04 2.58975197e-05 2.30721560e-04 3.77914179e-04 1.51165672e-05 1.60836265e-04 2.85195216e-05 3.20954423e-05 3.12138716e-04 4.91616681e-04 8.60453175e-05 2.39718101e-04 5.86537706e-05 1.90584939e-05 4.16980317e-05 2.14830001e-05 6.24546482e-07 6.93753623e-09 1.38570933e-11
 2015 09 13 12 00 00  3.62234960e-03 2.19879144e-03 1.20895863e-03 8.61932058e-04 6.17597032e-04 3.48633566e-04 2.47849079e-04 2.06764508e-04 4.20550989e-04 1.22344949e-04 2.92699377e-03 4.32525575e-03 2.16543341e-04 6.36484478e-05 4.15457962e-05 1.18180806e-04 3.38063808e-05 5.72692603e-05 1.17627720e-04 7.02203310e-05 1.32602894e-04 1.62195862e-04 9.60961754e-05 6.92101730e-05 4.90980674e-06 8.94057594e-06 5.92314245e-06 2.41499962e-05 4.81717798e-06 1.63607112e-05 4.35454223e-05 3.69264075e-05 1.53609450e-05 4.57047995e-05 3.60811508e-05 1.36154500e-05 4.61701121e-05 5.55578748e-05 9.36602300e-06 4.04654171e-05 1.02985109e-04 2.57636624e-05 2.29072808e-04 3.76000445e-04 1.50400178e-05 1.59519688e-04 2.82324996e-05 3.18357022e-05 3.10393442e-04 4.89936363e-04 8.55507177e-05 2.39367034e-04 5.94371752e-05 1.93429821e-05 4.23532464e-05 2.19062183e-05 6.42621299e-07 7.80095668e-09 9.01133834e-11
 2015 09 14 12 00 00  3.63232102e-03 2.20562474e-03 1.21326182e-03 8.65146032e-04 6.20452132e-04 3.49858571e-04 2.49082326e-04 2.08130433e-04 4.24117128e-04 1.23354969e-04 2.95557782e-03 4.37837653e-03 2.18021605e-04 6.40261222e-05 4.17384914e-05 1.18745430e-04 3.39454360e-05 5.75477257e-05 1.18288724e-04 7.06626626e-05 1.33226300e-04 1.62913953e-04 9.64570869e-05 6.94057789e-05 4.91886894e-06 8.91311429e-06 5.92822871e-06 2.42068297e-05 4.82703581e-06 1.64092165e-05 4.37975197e-05 3.69804853e-05 1.54975569e-05 4.59501718e-05 3.66583496e-05 1.36375995e-05 4.66038115e-05 5.61175251e-05 9.34452255e-06 4.08695016e-05 1.04782554e-04 2.61380250e-05 2.31630207e-04 3.81313417e-04 1.52525367e-05 1.62979903e-04 2.90561235e-05 3.25614994e-05 3.15439634e-04 4.95492176e-04 8.69109207e-05 2.41454375e-04 5.86425680e-05 1.90537978e-05 4.16841582e-05 2.14380034e-05 6.19932587e-07 6.50075602e-09 1.00000000e-10
 2015 09 15 12 00 00  3.64078066e-03 2.21207745e-03 1.21727118e-03 8.68024335e-04 6.22947617e-04 3.50844532e-04 2.50114036e-04 2.09289735e-04 4.27143412e-04 1.24348463e-04 2.97977924e-03 4.42087427e-03 2.19384711e-04 6.44914349e-05 4.20087174e-05 1.19164010e-04 3.40098224e-05 5.76759921e-05 1.19050742e-04 7.12400593e-05 1.33542773e-04 1.63239087e-04 9.66698776e-05 6.96191532e-05 4.92309628e-06 9.03947148e-06 5.93052864e-06 2.42601124e-05 4.83983931e-06 1.64510849e-05 4.39660660e-05 3.70054913e-05 1.55595990e-05 4.61949091e-05 3.74083465e-05 1.36476097e-05 4.69227309e-05 5.64693492e-05 9.44363783e-06 4.13384993e-05 1.06145231e-04 2.66261603e-05 2.33848219e-04 3.88219173e-04 1.55287669e-05 1.66029227e-04 2.94240308e-05 3.35075165e-05 3.19518926e-04 5.00560730e-04 8.83268149e-05 2.44586514e-04 6.10819365e-05 1.99402572e-05 4.37287924e-05 2.27940109e-05 6.80484771e-07 9.60546096e-09 2.49367038e-10
 2015 09 16 12 00 00  3.65053279e-03 2.21840485e-03 1.22128538e-03 8.71104453e-04 6.25727868e-04 3.52075520e-04 2.51332104e-04 2.10630920e-04 4.30636893e-04 1.25264561e-04 3.00780366e-03 4.47399840e-03 2.20774541e-04 6.47934852e-05 4.21543958e-05 1.20001350e-04 3.42767453e-05 5.82102803e-05 1.19696534e-04 7.15713832e-05 1.34665028e-04 1.64614856e-04 9.72742476e-05 6.99823486e-05 4.94050291e-06 9.24713313e-06 5.93956938e-06 2.43536522e-05 4.84711127e-06 1.65147582e-05 4.43766254e-05 3.71092872e-05 1.58213952e-05 4.66403116e-05 3.78348312e-05 1.36869770e-05 4.76038270e-05 5.74018593e-05 9.60649486e-06 4.20505187e-05 1.08478270e-04 2.69056531e-05 2.38864174e-04 3.92148549e-04 1.56859420e-05 1.70700313e-04 3.10001808e-05 3.40487866e-05 3.26734244e-04 5.08523343e-04 8.98289951e-05 2.53068003e-04 6.58570176e-05 2.16757908e-05 4.77332254e-05 2.54661296e-05 8.00998171e-07 1.58761040e-08 8.17549228e-10
 2015 09 17 12 00 00  3.65683181e-03 2.22310303e-03 1.22421223e-03 8.73237961e-04 6.27595933e-04 3.52821941e-04 2.52105901e-04 2.11498307e-04 4.32894426e-04 1.25983886e-04 3.02586623e-03 4.50587645e-03 2.21773927e-04 6.51407817e-05 4.23922678e-05 1.20254733e-04 3.42932704e-05 5.82420558e-05 1.20207601e-04 7.19736214e-05 1.34772568e-04 1.64685719e-04 9.73637560e-05 7.00768347e-05 4.94164160e-06 9.29179587e-06 5.94518897e-06 2.43834644e-05 4.85596029e-06 1.65424813e-05 4.44508638e-05 3.71156581e-05 1.58352457e-05 4.67610490e-05 3.83536535e-05 1.37114534e-05 4.77588833e-05 5.75710135e-05 9.64155042e-06 4.23966575e-05 1.09500380e-04 2.72451260e-05 2.41425798e-04 3.96927890e-04 1.58771156e-05 1.72699808e-04 3.10715986e-05 3.47063266e-05 3.29037655e-04 5.11414399e-04 9.07561953e-05 2.53046230e-04 6.53386285e-05 2.14871899e-05 4.72971432e-05 2.51643115e-05 7.86603317e-07 1.50675202e-08 7.42754169e-10
 2015 09 18 12 00 00  3.65872898e-03 2.22420099e-03 1.22492097e-03 8.73826705e-04 6.28151250e-04 3.53075979e-04 2.52350064e-04 2.11765135e-04 4.33581062e-04 1.26137081e-04 3.03137222e-03 4.51650470e-03 2.22025989e-04 6.51805466e-05 4.24087316e-05 1.19459045e-04 3.39506776e-05 5.75532555e-05 1.19955054e-04 7.20074633e-05 1.33425975e-04 1.62886280e-04 9.66792878e-05 6.97985479e-05 4.91944411e-06 9.20191233e-06 5.94155026e-06 2.43110487e-05 4.85650999e-06 1.64948469e-05 4.39820361e-05 3.69823101e-05 1.54936919e-05 4.64235544e-05 3.83870967e-05 1.36956427e-05 4.70440699e-05 5.65311681e-05 9.57113807e-06 4.20720229e-05 1.08322544e-04 2.72720732e-05 2.38979133e-04 3.97242301e-04 1.58896920e-05 1.69052664e-04 2.89870775e-05 3.47574940e-05 3.21858551e-04 5.04026797e-04 8.98301009e-05 2.45012669e-04 6.30860875e-05 2.06682557e-05 4.54064659e-05 2.38893463e-05 7.28137567e-07 1.19519914e-08 4.58572114e-10
 2015 09 19 12 00 00  3.66874730e-03 2.23104479e-03 1.22923265e-03 8.77078455e-04 6.31057603e-04 3.54314531e-04 2.53595482e-04 2.13145479e-04 4.37172679e-04 1.27150783e-04 3.06015465e-03 4.56963219e-03 2.23512060e-04 6.55680750e-05 4.26127225e-05 1.19997330e-04 3.40820960e-05 5.78160048e-05 1.20627874e-04 7.24566984e-05 1.34018116e-04 1.63560310e-04 9.70225729e-05 7.00197804e-05 4.92802828e-06 9.14147604e-06 5.94481717e-06 2.43649358e-05 4.86632853e-06 1.65418596e-05 4.42218903e-05 3.70333990e-05 1.56220398e-05 4.66703971e-05 3.89631663e-05 1.37098832e-05 4.74612201e-05 5.70605396e-05 9.52378177e-06 4.24645501e-05 1.10038538e-04 2.76506791e-05 2.40844890e-04 4.02551153e-04 1.61020461e-05 1.72326968e-04 2.97570223e-05 3.54904914e-05 3.26727182e-04 5.09593759e-04 9.11679306e-05 2.48347624e-04 6.41933419e-05 2.10707053e-05 4.63350992e-05 2.45096219e-05 7.56156268e-07 1.34132346e-08 5.91061378e-10
 2015 09 20 12 00 00  3.68100257e-03 2.23976633e-03 1.23469824e-03 8.81125900e-04 6.34635604e-04 3.55798853e-04 2.55108827e-04 2.14830980e-04 4.41562984e-04 1.28462267e-04 3.09531254e-03 4.63338308e-03 2.25386165e-04 6.60856982e-05 4.28407152e-05 1.20964143e-04 3.43027001e-05 5.82579232e-05 1.21623633e-04 7.31090142e-05 1.34978401e-04 1.64701239e-04 9.75734891e-05 7.03896812e-05 4.94239757e-06 9.32402108e-06 5.97159815e-06 2.44614920e-05 4.88068508e-06 1.66217324e-05 4.46135738e-05 3.71191942e-05 1.58390481e-05 4.71316142e-05 3.98048287e-05 1.38264295e-05 4.81385979e-05 5.80070214e-05 9.66689040e-06 4.36758341e-05 1.13191665e-04 2.82012537e-05 2.51333810e-04 4.10304414e-04 1.64121766e-05 1.78647452e-04 3.10667936e-05 3.65569489e-05 3.34731987e-04 5.18177059e-04 9.33498462e-05 2.54378825e-04 6.66185915e-05 2.19523260e-05 4.83699982e-05 2.58759474e-05 8.18389631e-07 1.66979518e-08 8.89884078e-10
 2015 09 21 12 00 00  3.68576061e-03 2.24123652e-03 1.23577333e-03 8.82288996e-04 6.35860894e-04 3.56536951e-04 2.55746181e-04 2.15494442e-04 4.43277949e-04 1.28576867e-04 3.10917926e-03 4.66526151e-03 2.25802140e-04 6.59599545e-05 4.28352613e-05 1.20236208e-04 3.40793049e-05 5.78088919e-05 1.21061371e-04 7.27906940e-05 1.34137888e-04 1.63529146e-04 9.71155424e-05 7.01135747e-05 4.92791769e-06 9.11119932e-06 5.95035235e-06 2.43972790e-05 4.87333746e-06 1.65705732e-05 4.42603988e-05 3.70322494e-05 1.56165377e-05 4.68170433e-05 3.93761962e-05 1.37340176e-05 4.75800718e-05 5.71848125e-05 9.50005779e-06 4.27866790e-05 1.11941050e-04 2.79297557e-05 2.43231229e-04 4.06367113e-04 1.62546845e-05 1.74068222e-04 2.97098653e-05 3.60292441e-05 3.28255221e-04 5.11640456e-04 9.18948640e-05 2.47802077e-04 6.34869757e-05 2.08139662e-05 4.57426922e-05 2.41139644e-05 7.38286855e-07 1.24815237e-08 5.06589970e-10
 2015 09 22 12 00 00  3.69725524e-03 2.24838365e-03 1.24033419e-03 8.85853349e-04 6.39111787e-04 3.58015154e-04 2.57190099e-04 2.17076540e-04 4.47396148e-04 1.29592399e-04 3.14224831e-03 4.72901203e-03 2.27388965e-04 6.62899924e-05 4.30657282e-05 1.21318347e-04 3.44490254e-05 5.85503585e-05 1.21759379e-04 7.30855740e-05 1.35692038e-04 1.65450397e-04 9.79352973e-05 7.05117064e-05 4.95196145e-06 9.06148416e-06 5.95923266e-06 2.44976647e-05 4.87982652e-06 1.66489340e-05 4.48080051e-05 3.71760747e-05 1.59817340e-05 4.72887741e-05 3.97566619e-05 1.37726762e-05 4.84617791e-05 5.84251980e-05 9.46109649e-06 4.34143262e-05 1.14787945e-04 2.81786488e-05 2.47566575e-04 4.09871886e-04 1.63948754e-05 1.79608954e-04 3.19216459e-05 3.65113461e-05 3.37588377e-04 5.21847543e-04 9.36155527e-05 2.56514096e-04 6.59661042e-05 2.17151534e-05 4.78226629e-05 2.55094750e-05 8.01771904e-07 1.58264644e-08 8.10743561e-10
 2015 09 23 12 00 00  3.69784112e-03 2.24957063e-03 1.24101576e-03 8.86224981e-04 6.39369241e-04 3.58024859e-04 2.57245481e-04 2.17157345e-04 4.47605367e-04 1.29815242e-04 3.14387481e-03 4.72901501e-03 2.27605479e-04 6.64711774e-05 4.31726888e-05 1.22309254e-04 3.48180125e-05 5.92898868e-05 1.22402533e-04 7.33501220e-05 1.37141639e-04 1.67362702e-04 9.86987215e-05 7.08378700e-05 4.97597903e-06 9.18996157e-06 5.96640057e-06 2.45938232e-05 4.88574697e-06 1.67173937e-05 4.53439161e-05 3.73195886e-05 1.63453617e-05 4.76973223e-05 4.01031517e-05 1.38038784e-05 4.93060524e-05 5.96122600e-05 9.56183721e-06 4.39436301e-05 1.16538980e-04 2.84027425e-05 2.51678602e-04 4.13060457e-04 1.65224183e-05 1.84748081e-04 3.41196399e-05 3.69459391e-05 3.46652678e-04 5.31291604e-04 9.52530424e-05 2.63658190e-04 6.63949628e-05 2.18710801e-05 4.81826970e-05 2.57528402e-05 8.12973093e-07 1.64264456e-08 8.65548078e-10
 2015 09 24 12 00 00  3.69558619e-03 2.24765431e-03 1.23983949e-03 8.85417482e-04 6.38689656e-04 3.57779377e-04 2.56975955e-04 2.16849618e-04 4.46799779e-04 1.29510075e-04 3.13745063e-03 4.71839122e-03 2.27210133e-04 6.63411654e-05 4.31626084e-05 1.22789979e-04 3.50496353e-05 5.97539998e-05 1.22351281e-04 7.31370761e-05 1.38034396e-04 1.68561885e-04 9.91342866e-05 7.09549371e-05 4.99106063e-06 9.15322307e-06 5.97197541e-06 2.46304924e-05 4.88101941e-06 1.67430297e-05 4.56264010e-05 3.74096766e-05 1.65734178e-05 4.78522997e-05 3.98262084e-05 1.38281321e-05 4.97186489e-05 6.02670745e-05 9.53305134e-06 4.40708187e-05 1.17265394e-04 2.82226014e-05 2.53762081e-04 4.10510603e-04 1.64204241e-05 1.86575177e-04 3.54971475e-05 3.65968008e-05 3.50627243e-04 5.35166025e-04 9.54803482e-05 2.67396708e-04 6.58369239e-05 2.16682189e-05 4.77144485e-05 2.54381983e-05 7.98624825e-07 1.56678507e-08 7.96503574e-10
 2015 09 25 12 00 00  3.70271627e-03 2.25135119e-03 1.24226577e-03 8.87452635e-04 6.40615875e-04 3.58754870e-04 2.57886790e-04 2.17828898e-04 4.49351750e-04 1.29985877e-04 3.15800476e-03 4.76088859e-03 2.28071226e-04 6.64376669e-05 4.33294019e-05 1.23840710e-04 3.54103860e-05 6.04774046e-05 1.22627507e-04 7.30910222e-05 1.39525880e-04 1.70435830e-04 9.98884363e-05 7.13902392e-05 5.01452378e-06 8.99267907e-06 6.00295389e-06 2.47048794e-05 4.88004334e-06 1.68124981e-05 4.61191428e-05 3.75500036e-05 1.69296400e-05 4.82978509e-05 3.97687720e-05 1.39629323e-05 5.04811305e-05 6.14877471e-05 9.40717437e-06 4.51663843e-05 1.20312437e-04 2.81840446e-05 2.64041508e-04 4.09980287e-04 1.63992115e-05 1.91882869e-04 3.76540149e-05 3.65223183e-05 3.58557809e-04 5.43848083e-04 9.65995973e-05 2.80068292e-04 7.40488598e-05 2.46533358e-05 5.46041973e-05 3.00606842e-05 1.00891029e-06 2.67473212e-08 1.80394899e-09
 2015 09 26 12 00 00  3.69710295e-03 2.24803581e-03 1.24013424e-03 8.85757328e-04 6.39054941e-04 3.58019781e-04 2.57178810e-04 2.17057849e-04 4.47342512e-04 1.29527018e-04 3.14185392e-03 4.72901501e-03 2.27326218e-04 6.62913085e-05 4.31802598e-05 1.23240845e-04 3.51924275e-05 6.00393803e-05 1.22320375e-04 7.30031519e-05 1.38609753e-04 1.69293144e-04 9.94136715e-05 7.12190725e-05 5.00039241e-06 8.97913633e-06 5.99919695e-06 2.46486339e-05 4.87806865e-06 1.67713863e-05 4.58068150e-05 3.74651834e-05 1.67126898e-05 4.80555499e-05 3.96532298e-05 1.39465992e-05 4.99849876e-05 6.07810790e-05 9.39652164e-06 4.49227862e-05 1.18831011e-04 2.81095359e-05 2.61850379e-04 4.08917280e-04 1.63566912e-05 1.88986386e-04 3.63317115e-05 3.63777741e-05 3.53386195e-04 5.38291611e-04 9.57693736e-05 2.76878544e-04 7.52475027e-05 2.50890399e-05 5.56097453e-05 3.07345001e-05 1.03950376e-06 2.83547237e-08 1.94999448e-09
 2015 09 27 12 00 00  3.69830102e-03 2.25055392e-03 1.24157865e-03 8.86511248e-04 6.39551950e-04 3.58024883e-04 2.57284152e-04 2.17215704e-04 4.47763714e-04 1.29998653e-04 3.14510973e-03 4.72901314e-03 2.27780920e-04 6.66265233e-05 4.32832156e-05 1.23152973e-04 3.50622344e-05 5.97778999e-05 1.22872436e-04 7.35653390e-05 1.38098194e-04 1.68612457e-04 9.92029645e-05 7.13079729e-05 4.99194321e-06 9.38256999e-06 6.00095882e-06 2.46665582e-05 4.89071099e-06 1.67782774e-05 4.57116281e-05 3.74145195e-05 1.65834077e-05 4.81535505e-05 4.03927377e-05 1.39542506e-05 4.98933751e-05 6.05331744e-05 9.71277477e-06 4.53742064e-05 1.18791540e-04 2.85862712e-05 2.64072949e-04 4.15720681e-04 1.66288273e-05 1.89951563e-04 3.55452998e-05 3.73026385e-05 3.53225158e-04 5.38744271e-04 9.66100777e-05 2.78044134e-04 7.98210638e-05 2.67515757e-05 5.94469452e-05 3.33090926e-05 1.15663611e-06 3.45268695e-08 2.51123922e-09
 2015 09 28 12 00 00  3.70167567e-03 2.25202505e-03 1.24257505e-03 8.87407629e-04 6.40428826e-04 3.58508050e-04 2.57720853e-04 2.17678455e-04 4.48971224e-04 1.30165656e-04 3.15485187e-03 4.75026071e-03 2.28142294e-04 6.66123879e-05 4.33200375e-05 1.23935777e-04 3.53625219e-05 6.03802036e-05 1.23014566e-04 7.34586152e-05 1.39311768e-04 1.70173764e-04 9.98138292e-05 7.15370295e-05 5.01146787e-06 9.86382511e-06 6.01879001e-06 2.47578698e-05 4.88834812e-06 1.68273056e-05 4.61066671e-05 3.75313364e-05 1.68801635e-05 4.85538407e-05 4.02542995e-05 1.40318400e-05 5.05176212e-05 6.14875829e-05 1.00900194e-05 4.60801869e-05 1.20763042e-04 2.84960814e-05 2.72434734e-04 4.14445844e-04 1.65778338e-05 1.93872205e-04 3.73432878e-05 3.71278642e-05 3.59334699e-04 5.44830915e-04 9.73435063e-05 2.83892578e-04 8.03275530e-05 2.69355426e-05 5.98708316e-05 3.35850536e-05 1.16858344e-06 3.51105790e-08 2.56315538e-09
 2015 09 29 12 00 00  3.70030658e-03 2.25199328e-03 1.24247967e-03 8.87156637e-04 6.40110108e-04 3.58262459e-04 2.57527331e-04 2.17485835e-04 4.48476003e-04 1.30213358e-04 3.15081748e-03 4.73963320e-03 2.28086476e-04 6.67661619e-05 4.34706365e-05 1.25755093e-04 3.60933162e-05 6.18467282e-05 1.23911556e-04 7.36677495e-05 1.42184036e-04 1.73981562e-04 1.01296709e-04 7.21410529e-05 5.05894895e-06 9.98266914e-06 6.02819309e-06 2.49242791e-05 4.89309859e-06 1.69451781e-05 4.71310482e-05 3.78156576e-05 1.76037021e-05 4.92866483e-05 4.05318831e-05 1.40727701e-05 5.21028106e-05 6.37572795e-05 1.01831996e-05 4.68587727e-05 1.23701110e-04 2.86738155e-05 2.78268373e-04 4.16998116e-04 1.66799246e-05 2.02636578e-04 4.17338160e-05 3.74729192e-05 3.75892836e-04 5.62132442e-04 9.99023322e-05 2.99094131e-04 8.26000767e-05 2.77615138e-05 6.17766440e-05 3.48571939e-05 1.22598711e-06 3.80997093e-08 2.83405797e-09
 2015 09 30 12 00 00  3.68212999e-03 2.23928761e-03 1.23450053e-03 8.81224310e-04 6.34854047e-04 3.56044084e-04 2.55281218e-04 2.14991671e-04 4.41972726e-04 1.28318796e-04 3.09869105e-03 4.64401059e-03 2.25349497e-04 6.59916306e-05 4.30003712e-05 1.25235744e-04 3.60725069e-05 6.18051563e-05 1.22815134e-04 7.27844075e-05 1.41951018e-04 1.73875192e-04 1.01098522e-04 7.19212891e-05 5.05758799e-06 9.74099312e-06 6.02114815e-06 2.48510491e-05 4.87337311e-06 1.68872821e-05 4.69735355e-05 3.78075696e-05 1.75834371e-05 4.89703050e-05 3.93772207e-05 1.40421034e-05 5.17584925e-05 6.34167465e-05 9.99378535e-06 4.61521943e-05 1.21292422e-04 2.79258937e-05 2.73685438e-04 4.06370874e-04 1.62548350e-05 1.98406881e-04 4.16125520e-05 3.60226841e-05 3.71125022e-04 5.56051722e-04 9.79181779e-05 2.98803735e-04 8.31123854e-05 2.79477777e-05 6.22067245e-05 3.51478015e-05 1.23935553e-06 3.88152323e-08 2.89940303e-09
 2015 10 01 12 00 00  3.66116372e-03 2.22636580e-03 1.22624461e-03 8.74762354e-04 6.28955931e-04 3.53340818e-04 2.52647671e-04 2.12109888e-04 4.34466024e-04 1.26492077e-04 3.03839248e-03 4.52713706e-03 2.22476673e-04 6.54409047e-05 4.26541678e-05 1.23611206e-04 3.55635828e-05 6.07841183e-05 1.21747439e-04 7.22888100e-05 1.39763170e-04 1.71226227e-04 9.99367487e-05 7.12265190e-05 5.02451039e-06 9.43726191e-06 5.99640407e-06 2.46821871e-05 4.86233293e-06 1.67668392e-05 4.61977063e-05 3.76095762e-05 1.70800253e-05 4.81237092e-05 3.87307809e-05 1.39344207e-05 5.04794031e-05 6.16125723e-05 9.75565199e-06 4.46676424e-05 1.16408203e-04 2.75064871e-05 2.62168021e-04 4.00420305e-04 1.60168122e-05 1.89472887e-04 3.85600899e-05 3.52095958e-05 3.57664670e-04 5.41009649e-04 9.52701151e-05 2.82103140e-04 7.34087931e-05 2.44206844e-05 5.40673195e-05 2.97015397e-05 9.92648125e-07 2.58962437e-08 1.72670660e-09
 2015 10 02 12 00 00  3.64733416e-03 2.21714212e-03 1.22041611e-03 8.70341157e-04 6.24991704e-04 3.51614875e-04 2.50926734e-04 2.10209557e-04 4.29515195e-04 1.25141713e-04 2.99867721e-03 4.45276275e-03 2.20466191e-04 6.48999583e-05 4.22484492e-05 1.22228115e-04 3.51189141e-05 5.98921150e-05 1.20684432e-04 7.17487186e-05 1.37886436e-04 1.68912879e-04 9.89343065e-05 7.06275810e-05 4.99560410e-06 9.54679563e-06 5.98456099e-06 2.45577626e-05 4.85030796e-06 1.66634552e-05 4.55081032e-05 3.74365918e-05 1.66403639e-05 4.74903359e-05 3.80266574e-05 1.38828516e-05 4.93608333e-05 6.00660473e-05 9.84154976e-06 4.36975398e-05 1.12840861e-04 2.70494842e-05 2.56546639e-04 3.93938524e-04 1.57575410e-05 1.82073585e-04 3.58951278e-05 3.43236490e-05 3.45478073e-04 5.27024160e-04 9.27959467e-05 2.67722318e-04 6.52567533e-05 2.14576981e-05 4.72303986e-05 2.51350624e-05 7.86389765e-07 1.51405608e-08 7.51532614e-10
 2015 10 03 12 00 00  3.63686411e-03 2.20931651e-03 1.21554298e-03 8.66810029e-04 6.21912068e-04 3.50378580e-04 2.49644840e-04 2.08773542e-04 4.25770047e-04 1.23945272e-04 2.96869506e-03 4.39963825e-03 2.18806214e-04 6.43773865e-05 4.19827411e-05 1.20804544e-04 3.46873887e-05 5.90266078e-05 1.19498843e-04 7.10861234e-05 1.36102780e-04 1.66669382e-04 9.79641373e-05 7.00398014e-05 4.96754656e-06 9.05494453e-06 5.96260106e-06 2.44012766e-05 4.83551448e-06 1.65558148e-05 4.48219873e-05 3.72687209e-05 1.62139419e-05 4.67519401e-05 3.71606700e-05 1.37872805e-05 4.82240914e-05 5.85025852e-05 9.45600259e-06 4.23066836e-05 1.09242129e-04 2.64884933e-05 2.45621455e-04 3.85968104e-04 1.54387242e-05 1.73675956e-04 3.33116419e-05 3.32358846e-05 3.32998879e-04 5.13388583e-04 9.00305997e-05 2.54558289e-04 5.84678157e-05 1.89901546e-05 4.15366866e-05 2.13322402e-05 6.14630514e-07 6.18437550e-09 1.00000000e-10
 2015 10 04 12 00 00  3.62439715e-03 2.20012310e-03 1.20980866e-03 8.62634609e-04 6.18259527e-04 3.48896397e-04 2.48115749e-04 2.07063826e-04 4.21310899e-04 1.22546685e-04 2.93298648e-03 4.33588848e-03 2.16850446e-04 6.38006664e-05 4.17325658e-05 1.18453343e-04 3.39113176e-05 5.74695587e-05 1.17905256e-04 7.03358557e-05 1.32947863e-04 1.62629319e-04 9.62831614e-05 6.91752228e-05 4.91710853e-06 9.05365669e-06 5.92489559e-06 2.41948174e-05 4.81874449e-06 1.63872325e-05 4.36540468e-05 3.69667978e-05 1.54461799e-05 4.57622743e-05 3.61791172e-05 1.36232266e-05 4.63585001e-05 5.58188952e-05 9.45497231e-06 4.04560512e-05 1.03636602e-04 2.58531043e-05 2.30715507e-04 3.76934544e-04 1.50773818e-05 1.60752931e-04 2.86557566e-05 3.20037769e-05 3.12674051e-04 4.92066328e-04 8.60040181e-05 2.35239085e-04 5.19787818e-05 1.66316027e-05 3.60944050e-05 1.76966062e-05 4.50368910e-07 1.00000000e-10 1.00000000e-10
 2015 10 05 12 00 00  3.61093390e-03 2.19164960e-03 1.20441090e-03 8.58445543e-04 6.14454060e-04 3.47175137e-04 2.46428792e-04 2.05213492e-04 4.16490572e-04 1.21337134e-04 2.89428218e-03 4.26151454e-03 2.14976562e-04 6.33854548e-05 4.14227332e-05 1.17038819e-04 3.34301731e-05 5.65046270e-05 1.17014897e-04 6.99636119e-05 1.30936293e-04 1.60128993e-04 9.52236715e-05 6.86433320e-05 4.88581863e-06 8.71468292e-06 5.91047319e-06 2.40433124e-05 4.81046663e-06 1.62853006e-05 4.29415899e-05 3.67796281e-05 1.49709114e-05 4.50643906e-05 3.56943696e-05 1.35604743e-05 4.52001933e-05 5.41983476e-05 9.18921723e-06 3.94405039e-05 9.99702604e-05 2.55382125e-05 2.22610179e-04 3.72471942e-04 1.48988777e-05 1.53285923e-04 2.57773092e-05 3.13933851e-05 3.00519130e-04 4.78712197e-04 8.37700331e-05 2.23119414e-04 4.76909939e-05 1.50731836e-05 3.24986584e-05 1.52974978e-05 3.42189873e-07 1.00000000e-10 1.00000000e-10
 2015 10 06 12 00 00  3.60387045e-03 2.18814317e-03 1.20209257e-03 8.56447678e-04 6.12537387e-04 3.46192174e-04 2.45519214e-04 2.04238328e-04 4.13957038e-04 1.20896081e-04 2.87386799e-03 4.21901383e-03 2.14146595e-04 6.33203133e-05 4.12847955e-05 1.15718479e-04 3.29051225e-05 5.54511789e-05 1.16639143e-04 7.00500095e-05 1.28799899e-04 1.57395321e-04 9.41419328e-05 6.82248925e-05 4.85169694e-06 8.61678418e-06 5.89540687e-06 2.39214857e-05 4.81245079e-06 1.62013070e-05 4.22366153e-05 3.65753600e-05 1.44514226e-05 4.45080506e-05 3.58101563e-05 1.34949150e-05 4.41055750e-05 5.25660595e-05 9.11242896e-06 3.87486092e-05 9.69279567e-05 2.56118103e-05 2.15738898e-04 3.73535910e-04 1.49414364e-05 1.47208589e-04 2.26266857e-05 3.15363839e-05 2.89556334e-04 4.67282752e-04 8.23802721e-05 2.12353669e-04 4.61478800e-05 1.45124208e-05 3.12052505e-05 1.44397123e-05 3.03886128e-07 1.00000000e-10 1.00000000e-10
 2015 10 07 12 00 00  3.59538916e-03 2.18168385e-03 1.19807916e-03 8.53553916e-04 6.10021264e-04 3.45199493e-04 2.44482320e-04 2.03073328e-04 4.10921082e-04 1.19901103e-04 2.84957786e-03 4.17651236e-03 2.12780871e-04 6.28742136e-05 4.10645599e-05 1.15163023e-04 3.27857037e-05 5.52117475e-05 1.15832211e-04 6.94732531e-05 1.28264038e-04 1.56775463e-04 9.38159916e-05 6.79974620e-05 4.84392804e-06 8.62729867e-06 5.89123265e-06 2.38652032e-05 4.79964474e-06 1.61514357e-05 4.19921860e-05 3.65289074e-05 1.43335797e-05 4.42541726e-05 3.50600516e-05 1.34767484e-05 4.36760219e-05 5.20386607e-05 9.12065516e-06 3.82817589e-05 9.53079778e-05 2.51240737e-05 2.13390598e-04 3.66629728e-04 1.46651891e-05 1.43539023e-04 2.19135822e-05 3.05910362e-05 2.84298756e-04 4.61296651e-04 8.07915114e-05 2.09400031e-04 4.53726216e-05 1.42306594e-05 3.05551839e-05 1.40065116e-05 2.85190032e-07 1.00000000e-10 1.00000000e-10
 2015 10 08 12 00 00  3.58597671e-03 2.17606374e-03 1.19447157e-03 8.50689952e-04 6.07386674e-04 3.43970408e-04 2.43295019e-04 2.01778276e-04 4.07549478e-04 1.19118070e-04 2.82248434e-03 4.12338749e-03 2.11520262e-04 6.26126118e-05 4.08030975e-05 1.15018743e-04 3.27752263e-05 5.51908975e-05 1.15602001e-04 6.93037582e-05 1.28135633e-04 1.56722775e-04 9.37381587e-05 6.79249587e-05 4.84323937e-06 8.65724942e-06 5.89245428e-06 2.38466345e-05 4.79590599e-06 1.61352577e-05 4.19508927e-05 3.65248387e-05 1.43235200e-05 4.41610768e-05 3.48409434e-05 1.34820672e-05 4.35830670e-05 5.19474741e-05 9.14411357e-06 3.81865381e-05 9.43495982e-05 2.49809498e-05 2.13269574e-04 3.64611601e-04 1.45844641e-05 1.42695735e-04 2.18541056e-05 3.03137669e-05 2.83163625e-04 4.59327470e-04 8.04113258e-05 2.08712749e-04 4.47687190e-05 1.40111887e-05 3.00489017e-05 1.36699308e-05 2.71405577e-07 1.00000000e-10 1.00000000e-10
 2015 10 09 12 00 00  3.58782309e-03 2.17715139e-03 1.19517120e-03 8.51236542e-04 6.07884664e-04 3.44209998e-04 2.43525729e-04 2.02028937e-04 4.08207329e-04 1.19267155e-04 2.82777341e-03 4.13400941e-03 2.11763311e-04 6.26857807e-05 4.09241739e-05 1.15402615e-04 3.29230679e-05 5.54874074e-05 1.15765504e-04 6.93280133e-05 1.28739024e-04 1.57491268e-04 9.40463995e-05 6.80630034e-05 4.85285236e-06 8.63920941e-06 5.89498522e-06 2.38800736e-05 4.79651098e-06 1.61608601e-05 4.21574875e-05 3.65823507e-05 1.44695892e-05 4.43201928e-05 3.48759582e-05 1.34930771e-05 4.39038706e-05 5.24112520e-05 9.12996766e-06 3.83655177e-05 9.51644082e-05 2.50020064e-05 2.14609024e-04 3.64931878e-04 1.45972751e-05 1.44474093e-04 2.27389814e-05 3.03549343e-05 2.86508843e-04 4.63125092e-04 8.08930524e-05 2.12300112e-04 4.59415088e-05 1.44374991e-05 3.10327970e-05 1.43295303e-05 2.99270900e-07 1.00000000e-10 1.00000000e-10
 2015 10 10 12 00 00  3.58780815e-03 2.17714747e-03 1.19516846e-03 8.51225125e-04 6.07869309e-04 3.44205501e-04 2.43521986e-04 2.02024653e-04 4.08199890e-04 1.19266059e-04 2.82771088e-03 4.13400754e-03 2.11761155e-04 6.29017129e-05 4.14829592e-05 1.15420270e-04 3.29243572e-05 5.54898172e-05 1.15794145e-04 6.93271111e-05 1.28775886e-04 1.57495901e-04 9.40485445e-05 6.80641718e-05 4.85294549e-06 8.61841036e-06 5.88915718e-06 2.38793348e-05 4.79651608e-06 1.61632258e-05 4.21592163e-05 3.65828455e-05 1.44705264e-05 4.43129616e-05 3.48761154e-05 1.34677277e-05 4.39052667e-05 5.23904591e-05 9.11369279e-06 3.82250001e-05 9.50186048e-05 2.50014564e-05 2.13281691e-04 3.64932505e-04 1.45973002e-05 1.44164669e-04 2.27428973e-05 3.03540000e-05 2.86926247e-04 4.65245746e-04 8.08532091e-05 2.12545492e-04 4.62559258e-05 1.45517262e-05 3.12961121e-05 1.45023569e-05 3.06857194e-07 1.00000000e-10 1.00000000e-10
 2015 10 11 12 00 00  3.59781532e-03 2.18405948e-03 1.19951653e-03 8.54460780e-04 6.10737302e-04 3.45430298e-04 2.44757975e-04 2.03394746e-04 4.11777718e-04 1.20290628e-04 2.85638857e-03 4.18712795e-03 2.13253095e-04 6.32980551e-05 4.17020311e-05 1.16009475e-04 3.30860290e-05 5.58139174e-05 1.16494411e-04 6.97857642e-05 1.29493576e-04 1.58334602e-04 9.44575978e-05 6.83176612e-05 4.86346507e-06 8.76408376e-06 5.88808944e-06 2.39512596e-05 4.80677736e-06 1.62131538e-05 4.24474659e-05 3.66457301e-05 1.46299833e-05 4.46336443e-05 3.54766293e-05 1.34630842e-05 4.44027004e-05 5.30018180e-05 9.22793697e-06 3.86085242e-05 9.67020304e-05 2.53899547e-05 2.14767808e-04 3.70458852e-04 1.48183541e-05 1.47682605e-04 2.37074564e-05 3.11073964e-05 2.92468187e-04 4.71664162e-04 8.22721202e-05 2.16930573e-04 4.79777421e-05 1.51775154e-05 3.27399277e-05 1.54648656e-05 3.50198934e-07 1.00000000e-10 1.00000000e-10
 2015 10 12 12 00 00  3.60754872e-03 2.19038285e-03 1.20352738e-03 8.57525606e-04 6.13496783e-04 3.46655875e-04 2.45971133e-04 2.04730090e-04 4.15260842e-04 1.21205246e-04 2.88433341e-03 4.24025021e-03 2.14639741e-04 6.36535688e-05 4.19914837e-05 1.17524639e-04 3.36095633e-05 5.68638905e-05 1.17368061e-04 7.01140903e-05 1.31640784e-04 1.61055728e-04 9.55818906e-05 6.88472102e-05 4.89750819e-06 8.96216516e-06 5.90890268e-06 2.40973906e-05 4.81406714e-06 1.63195721e-05 4.32088167e-05 3.68493900e-05 1.51472064e-05 4.53071922e-05 3.59036203e-05 1.35536466e-05 4.56196422e-05 5.47528043e-05 9.38324956e-06 3.96978632e-05 1.00377589e-04 2.56675994e-05 2.24247913e-04 3.74390175e-04 1.49756070e-05 1.55617088e-04 2.68404838e-05 3.16455378e-05 3.05407771e-04 4.85572301e-04 8.45749699e-05 2.28914546e-04 5.10486165e-05 1.62936831e-05 3.53154701e-05 1.71856947e-05 4.27967717e-07 1.00000000e-10 1.00000000e-10
 2015 10 13 12 00 00  3.61546384e-03 2.19569554e-03 1.20688205e-03 8.60059474e-04 6.15762992e-04 3.47639407e-04 2.46954363e-04 2.05816634e-04 4.18093793e-04 1.21984733e-04 2.90705036e-03 4.28274833e-03 2.15795793e-04 6.37940772e-05 4.17745776e-05 1.19409400e-04 3.43341700e-05 5.83171670e-05 1.18380264e-04 7.04336213e-05 1.34534200e-04 1.64822134e-04 9.71008049e-05 6.95351424e-05 4.94462656e-06 9.12356263e-06 5.92380165e-06 2.42812818e-05 4.82115902e-06 1.64465950e-05 4.42418098e-05 3.71312723e-05 1.58631112e-05 4.61468269e-05 3.63190396e-05 1.36184870e-05 4.72477257e-05 5.70740344e-05 9.50977992e-06 4.07597209e-05 1.04353499e-04 2.59377935e-05 2.31875299e-04 3.78215023e-04 1.51286009e-05 1.65209142e-04 3.11771029e-05 3.21692205e-05 3.21999631e-04 5.01951075e-04 8.73808336e-05 2.45709384e-04 5.56407395e-05 1.79629082e-05 3.91678274e-05 1.97671287e-05 5.45171976e-07 3.25172778e-09 1.00000000e-10
 2015 10 14 12 00 00  3.63529726e-03 2.20909388e-03 1.21533460e-03 8.66419724e-04 6.21438401e-04 3.50095663e-04 2.49414352e-04 2.08536586e-04 4.25188924e-04 1.23954606e-04 2.96394916e-03 4.38899286e-03 2.18704904e-04 6.45451222e-05 4.22333634e-05 1.21675792e-04 3.50869988e-05 5.98275219e-05 1.20051053e-04 7.12550071e-05 1.37666523e-04 1.68740508e-04 9.87753652e-05 7.03569944e-05 4.99355665e-06 9.12155592e-06 5.94288867e-06 2.44945371e-05 4.83950389e-06 1.66132033e-05 4.53894033e-05 3.74241528e-05 1.66077647e-05 4.71276661e-05 3.73928779e-05 1.37015173e-05 4.91008877e-05 5.96471102e-05 9.50821341e-06 4.21458778e-05 1.09949624e-04 2.66332878e-05 2.41425054e-04 3.88098236e-04 1.55239294e-05 1.77314254e-04 3.56922741e-05 3.35178047e-05 3.42032676e-04 5.23663041e-04 9.13665025e-05 2.62612147e-04 5.94152953e-05 1.93350969e-05 4.23353791e-05 2.18981218e-05 6.42532825e-07 7.81741498e-09 9.21453580e-11
 2015 10 15 12 00 00  3.64936895e-03 2.21886303e-03 1.22147539e-03 8.70990830e-04 6.25491174e-04 3.51816676e-04 2.51153378e-04 2.10465832e-04 4.30222212e-04 1.25406704e-04 3.00429375e-03 4.46336493e-03 2.20812078e-04 6.50741064e-05 4.24444916e-05 1.23942219e-04 3.56892095e-05 6.10354706e-05 1.21388764e-04 7.19172764e-05 1.40146931e-04 1.71872512e-04 1.00106086e-04 7.10971796e-05 5.03270785e-06 9.04651752e-06 6.03796107e-06 2.46590392e-05 4.85429955e-06 1.67788694e-05 4.63075132e-05 3.76584212e-05 1.72030399e-05 4.79930832e-05 3.82589235e-05 1.41151468e-05 5.05775072e-05 6.20235029e-05 9.44933126e-06 4.51988642e-05 1.17030675e-04 2.71940895e-05 2.72945123e-04 3.96068969e-04 1.58427588e-05 1.91179618e-04 3.92996706e-05 3.46052460e-05 3.59103558e-04 5.40548622e-04 9.51059501e-05 2.76985137e-04 6.36006709e-05 2.08567593e-05 4.58485810e-05 2.42688084e-05 7.51357979e-07 1.36249824e-08 6.22092999e-10
 2015 10 16 12 00 00  3.66690998e-03 2.23026460e-03 1.22870642e-03 8.76522095e-04 6.30474578e-04 3.54026804e-04 2.53341000e-04 2.12874116e-04 4.36500790e-04 1.27056909e-04 3.05466961e-03 4.55898643e-03 2.23312662e-04 6.56298183e-05 4.27424245e-05 1.26370446e-04 3.67275992e-05 6.31186063e-05 1.23033954e-04 7.25120306e-05 1.44378853e-04 1.77275977e-04 1.02325024e-04 7.19911869e-05 5.10020363e-06 9.16084755e-06 5.99094419e-06 2.49280335e-05 4.86749886e-06 1.69457502e-05 4.78077435e-05 3.80623882e-05 1.82299540e-05 4.91091923e-05 3.90320667e-05 1.39105832e-05 5.29570568e-05 6.51213271e-05 9.53888593e-06 4.50031382e-05 1.21024082e-04 2.76969920e-05 2.63318001e-04 4.03187453e-04 1.61274981e-05 2.01870002e-04 4.55253146e-05 3.55799450e-05 3.83025890e-04 5.66596533e-04 9.89589886e-05 2.97694689e-04 6.55403295e-05 2.15621150e-05 4.74778906e-05 2.53775194e-05 8.02915264e-07 1.64259269e-08 8.78922624e-10
 2015 10 17 12 00 00  3.69082709e-03 2.24655884e-03 1.23897426e-03 8.84230631e-04 6.37344068e-04 3.56979415e-04 2.56305961e-04 2.16156154e-04 4.45058892e-04 1.29461772e-04 3.12328965e-03 4.68648262e-03 2.26844482e-04 6.65605238e-05 4.33006308e-05 1.28032036e-04 3.71868955e-05 6.40393177e-05 1.24706702e-04 7.35469919e-05 1.46383861e-04 1.79658212e-04 1.03442331e-04 7.26672857e-05 5.13009181e-06 9.45854117e-06 6.00572603e-06 2.51101314e-05 4.89056911e-06 1.70807947e-05 4.85859671e-05 3.82410450e-05 1.86828896e-05 4.99493566e-05 4.03827667e-05 1.39749012e-05 5.42783915e-05 6.68556814e-05 9.77222589e-06 4.63573496e-05 1.25890654e-04 2.85729504e-05 2.72179792e-04 4.15620340e-04 1.66248136e-05 2.11695571e-04 4.82647156e-05 3.72782204e-05 3.97803122e-04 5.83393715e-04 1.02540547e-04 3.10042517e-04 7.04096354e-05 2.33325509e-05 5.15660479e-05 2.81430580e-05 9.30357697e-07 2.32637980e-08 1.50380739e-09
 2015 10 18 12 00 00  3.72098174e-03 2.26746763e-03 1.25211952e-03 8.94029233e-04 6.46039065e-04 3.60671416e-04 2.60035072e-04 2.20293013e-04 4.55847780e-04 1.32569285e-04 3.20976818e-03 4.84585203e-03 2.31357253e-04 6.78202350e-05 4.40819212e-05 1.29953949e-04 3.76804936e-05 6.50283822e-05 1.26873838e-04 7.49622239e-05 1.48572578e-04 1.82214113e-04 1.04687247e-04 7.34111739e-05 5.16222972e-06 9.24921987e-06 6.02120745e-06 2.52924966e-05 4.92211839e-06 1.72426706e-05 4.94627771e-05 3.84330197e-05 1.91689527e-05 5.07890528e-05 4.22299025e-05 1.40423028e-05 5.57672614e-05 6.87927677e-05 9.60811230e-06 4.77358234e-05 1.31654215e-04 2.97707942e-05 2.79907413e-04 4.32622709e-04 1.73049083e-05 2.23166270e-04 5.12009894e-05 3.96005751e-05 4.15133169e-04 6.03237720e-04 1.07027905e-04 3.21280568e-04 7.27884111e-05 2.41975986e-05 5.35642518e-05 2.95031064e-05 9.93624661e-07 2.67025115e-08 1.81915638e-09
 2015 10 19 12 00 00  3.73837654e-03 2.27852119e-03 1.25915150e-03 8.99471070e-04 6.50974882e-04 3.62887560e-04 2.62213356e-04 2.22685291e-04 4.62077828e-04 1.34154754e-04 3.25977801e-03 4.94147725e-03 2.33796926e-04 6.83386982e-05 4.43881961e-05 1.30077815e-04 3.76020093e-05 6.48690097e-05 1.27443583e-04 7.54786481e-05 1.48395748e-04 1.81784464e-04 1.04644626e-04 7.35459671e-05 5.15721913e-06 9.12297983e-06 6.02539767e-06 2.53110376e-05 4.93353509e-06 1.72687373e-05 4.94302527e-05 3.84024053e-05 1.90878389e-05 5.09096308e-05 4.28989239e-05 1.40605873e-05 5.57826705e-05 6.87306348e-05 9.50918184e-06 4.81274623e-05 1.33367533e-04 3.02070956e-05 2.81489573e-04 4.38783900e-04 1.75513560e-05 2.24712852e-04 5.06916025e-05 4.04459628e-05 4.15919192e-04 6.05059833e-04 1.07916922e-04 3.22002715e-04 7.56249463e-05 2.52289173e-05 5.59455973e-05 3.11128811e-05 1.06772501e-06 3.06722420e-08 2.18178204e-09
 2015 10 20 12 00 00  3.75013070e-03 2.28618339e-03 1.26400870e-03 9.03201613e-04 6.54344410e-04 3.64371496e-04 2.63682876e-04 2.24304417e-04 4.66290339e-04 1.35267353e-04 3.29357693e-03 5.00522964e-03 2.35478785e-04 6.86987431e-05 4.45366937e-05 1.30488873e-04 3.76714976e-05 6.50068454e-05 1.28010241e-04 7.58900307e-05 1.48749955e-04 1.82128860e-04 1.04865791e-04 7.37118089e-05 5.16180917e-06 9.10083763e-06 6.03331973e-06 2.53554399e-05 4.94257947e-06 1.73082634e-05 4.95802110e-05 3.84293700e-05 1.91537256e-05 5.11119844e-05 4.34292218e-05 1.40951219e-05 5.60633184e-05 6.90847768e-05 9.49177920e-06 4.85854913e-05 1.35158701e-04 3.05542402e-05 2.84717345e-04 4.43669269e-04 1.77467708e-05 2.27506668e-04 5.10767743e-05 4.11183282e-05 4.19301955e-04 6.08823767e-04 1.09025732e-04 3.23524176e-04 7.58882385e-05 2.53248084e-05 5.61678088e-05 3.12724405e-05 1.07573692e-06 3.11512068e-08 2.22677468e-09
 2015 10 21 12 00 00  3.74500024e-03 2.28378636e-03 1.26240586e-03 9.01817471e-04 6.53016297e-04 3.63653768e-04 2.63025903e-04 2.23605243e-04 4.64458859e-04 1.34981881e-04 3.27881409e-03 4.97336276e-03 2.34904948e-04 6.87163883e-05 4.45267433e-05 1.30361888e-04 3.76013486e-05 6.48645044e-05 1.28088762e-04 7.60082505e-05 1.48415493e-04 1.81746070e-04 1.04702896e-04 7.37141619e-05 5.15732499e-06 9.22265972e-06 6.03828848e-06 2.53468846e-05 4.94512424e-06 1.73022905e-05 4.94941900e-05 3.84020095e-05 1.90814288e-05 5.10822586e-05 4.35787835e-05 1.41168057e-05 5.59347464e-05 6.88971163e-05 9.58722303e-06 4.87932298e-05 1.34656624e-04 3.06535541e-05 2.86459178e-04 4.45048790e-04 1.78019516e-05 2.27353850e-04 5.06237324e-05 4.13103931e-05 4.18335470e-04 6.07903649e-04 1.09099123e-04 3.24136821e-04 7.85259757e-05 2.62835421e-05 5.83800637e-05 3.27503996e-05 1.14251957e-06 3.46356920e-08 2.54274983e-09
 2015 10 22 12 00 00  3.74690227e-03 2.28488696e-03 1.26311557e-03 9.02408278e-04 6.53574130e-04 3.63909572e-04 2.63270916e-04 2.23872697e-04 4.65146255e-04 1.35135259e-04 3.28433714e-03 4.98399250e-03 2.35156933e-04 6.87246811e-05 4.44659066e-05 1.30569204e-04 3.76894255e-05 6.50401053e-05 1.28205255e-04 7.60394731e-05 1.48760933e-04 1.82192372e-04 1.04886072e-04 7.37098902e-05 5.16310138e-06 9.29198286e-06 6.03738918e-06 2.53738512e-05 4.94568885e-06 1.73168389e-05 4.96104348e-05 3.84362269e-05 1.91665516e-05 5.11454959e-05 4.36126546e-05 1.41129363e-05 5.61214036e-05 6.91545912e-05 9.64154460e-06 4.87511917e-05 1.35110633e-04 3.06788919e-05 2.86728738e-04 4.45364813e-04 1.78145925e-05 2.28324065e-04 5.11298073e-05 4.13588277e-05 4.20182317e-04 6.09277411e-04 1.09395627e-04 3.22391691e-04 7.40503205e-05 2.46565140e-05 5.46244153e-05 3.02258164e-05 1.02732371e-06 2.85400333e-08 1.98781205e-09
 2015 10 23 12 00 00  3.73532149e-03 2.27743988e-03 1.25838568e-03 8.98800249e-04 6.50329630e-04 3.62449274e-04 2.61830191e-04 2.22290094e-04 4.61009261e-04 1.34065676e-04 3.25112947e-03 4.92025092e-03 2.33523506e-04 6.83475289e-05 4.41921713e-05 1.29394412e-04 3.73077753e-05 6.42733765e-05 1.27430416e-04 7.56823341e-05 1.47145812e-04 1.80194328e-04 1.04029563e-04 7.32558595e-05 5.13834602e-06 9.00534360e-06 6.02277651e-06 2.52504639e-05 4.93757216e-06 1.72316102e-05 4.90290918e-05 3.82877071e-05 1.87871352e-05 5.05576148e-05 4.31384018e-05 1.40494056e-05 5.51726947e-05 6.78275343e-05 9.41691978e-06 4.78104716e-05 1.31973345e-04 3.03753332e-05 2.79180040e-04 4.41004477e-04 1.76401791e-05 2.21924353e-04 4.88195918e-05 4.07694693e-05 4.10118829e-04 5.98140659e-04 1.07457674e-04 3.12183807e-04 6.99745609e-05 2.31746280e-05 5.12026751e-05 2.79124450e-05 9.20814887e-07 2.28325476e-08 1.46640797e-09
 2015 10 24 12 00 00  3.72320274e-03 2.26888774e-03 1.25302131e-03 8.94851610e-04 6.46853075e-04 3.60982666e-04 2.60339868e-04 2.20634341e-04 4.56680834e-04 1.32788704e-04 3.21643903e-03 4.85650823e-03 2.31689028e-04 6.78309448e-05 4.38950920e-05 1.27896166e-04 3.68200330e-05 6.32935553e-05 1.26267843e-04 7.50778825e-05 1.45112138e-04 1.77641471e-04 1.02936094e-04 7.26786442e-05 5.10670470e-06 8.97872014e-06 6.00981148e-06 2.51100866e-05 4.92393228e-06 1.71212813e-05 4.82686655e-05 3.80979007e-05 1.83023440e-05 4.98892357e-05 4.23408463e-05 1.39930256e-05 5.39426315e-05 6.61310859e-05 9.39601596e-06 4.68142964e-05 1.28355602e-04 2.98623665e-05 2.72674537e-04 4.33668476e-04 1.73467391e-05 2.13738189e-04 4.58683120e-05 3.97740805e-05 3.96733179e-04 5.83511849e-04 1.04705192e-04 2.99808183e-04 6.57341947e-05 2.16328396e-05 4.76423560e-05 2.55023472e-05 8.09635685e-07 1.68586169e-08 9.20259602e-10
 2015 10 25 12 00 00  3.70912167e-03 2.25904598e-03 1.24684044e-03 8.90279717e-04 6.42815688e-04 3.59269518e-04 2.58604857e-04 2.18708865e-04 4.51649828e-04 1.31324093e-04 3.17611108e-03 4.78214100e-03 2.29572406e-04 6.72547534e-05 4.35770808e-05 1.25703542e-04 3.60796694e-05 6.18065882e-05 1.24795594e-04 7.44025863e-05 1.42067451e-04 1.73770042e-04 1.01318248e-04 7.19306356e-05 5.05866192e-06 9.25015120e-06 5.98430197e-06 2.49288463e-05 4.90871571e-06 1.69650395e-05 4.71552627e-05 3.78098048e-05 1.75670662e-05 4.90383075e-05 4.14509588e-05 1.38820847e-05 5.21751308e-05 6.36080130e-05 9.60879697e-06 4.54829878e-05 1.23184547e-04 2.92894576e-05 2.62663110e-04 4.25482599e-04 1.70193039e-05 2.02128606e-04 4.13951027e-05 3.86624743e-05 3.77519065e-04 5.63244887e-04 1.01005938e-04 2.84463707e-04 6.38125435e-05 2.09339233e-05 4.60273946e-05 2.43972038e-05 7.57805060e-07 1.40103943e-08 6.58297550e-10
 2015 10 26 12 00 00  3.70601006e-03 2.25531951e-03 1.24462672e-03 8.88935429e-04 6.41785989e-04 3.59021311e-04 2.58261097e-04 2.18289774e-04 4.50545521e-04 1.30680456e-04 3.16736792e-03 4.77151908e-03 2.28851741e-04 6.67277992e-05 4.30852278e-05 1.25219823e-04 3.59637168e-05 6.15724945e-05 1.23944922e-04 7.37889844e-05 1.41560233e-04 1.73150391e-04 1.01013638e-04 7.17263583e-05 5.05119424e-06 9.00345985e-06 5.99364212e-06 2.48653758e-05 4.89488120e-06 1.69216426e-05 4.69052536e-05 3.77646327e-05 1.74497167e-05 4.87793788e-05 4.06419247e-05 1.39227894e-05 5.17376674e-05 6.31397699e-05 9.41543694e-06 4.52811242e-05 1.22495783e-04 2.87688250e-05 2.63293739e-04 4.18040615e-04 1.67216246e-05 1.99034345e-04 4.06701671e-05 3.76522570e-05 3.72016573e-04 5.56031031e-04 9.94249845e-05 2.81715571e-04 6.33672200e-05 2.07715895e-05 4.56505101e-05 2.41183100e-05 7.43245207e-07 1.31019798e-08 5.72114445e-10
 2015 10 27 12 00 00  3.66690306e-03 2.22963108e-03 1.22835980e-03 8.76574947e-04 6.30693816e-04 3.54121023e-04 2.53396783e-04 2.12930597e-04 4.36560430e-04 1.26949996e-04 3.05514839e-03 4.55903336e-03 2.23239087e-04 6.55378220e-05 4.26240467e-05 1.24227230e-04 3.58549878e-05 6.13524520e-05 1.22171986e-04 7.24001380e-05 1.40806721e-04 1.72563398e-04 1.00489651e-04 7.13254479e-05 5.04421769e-06 9.34755881e-06 5.98882652e-06 2.47644017e-05 4.86367571e-06 1.68185822e-05 4.65407709e-05 3.77222517e-05 1.73386987e-05 4.83070146e-05 3.88164452e-05 1.39019146e-05 5.10260920e-05 6.23558110e-05 9.68525346e-06 4.44792969e-05 1.17707026e-04 2.75912957e-05 2.60687018e-04 4.01245466e-04 1.60498186e-05 1.91912447e-04 3.99795070e-05 3.53680080e-05 3.63161854e-04 5.45859862e-04 9.61140643e-05 2.81002905e-04 6.58792791e-05 2.16843247e-05 4.77550814e-05 2.55061496e-05 8.04642764e-07 1.62057532e-08 8.51013038e-10
 2015 10 28 12 00 00  3.66055996e-03 2.22474515e-03 1.22532885e-03 8.74424959e-04 6.28844855e-04 3.53388010e-04 2.52628167e-04 2.12067298e-04 4.34299489e-04 1.26197980e-04 3.03704488e-03 4.52716276e-03 2.22213625e-04 6.51602373e-05 4.23455130e-05 1.24036364e-04 3.58646445e-05 6.13694487e-05 1.21656845e-04 7.19658507e-05 1.40768377e-04 1.72587557e-04 1.00433598e-04 7.12621201e-05 5.04495656e-06 9.29778907e-06 5.98885417e-06 2.47420378e-05 4.85377022e-06 1.67965112e-05 4.64821352e-05 3.77259043e-05 1.73439519e-05 4.82119123e-05 3.82379047e-05 1.39021213e-05 5.08956934e-05 6.22513601e-05 9.64635328e-06 4.42858789e-05 1.16946423e-04 2.72218691e-05 2.59888323e-04 3.95927301e-04 1.58370920e-05 1.90224672e-04 3.99897079e-05 3.46505840e-05 3.61091528e-04 5.43030719e-04 9.51944010e-05 2.82207836e-04 6.76438041e-05 2.23252054e-05 4.92316120e-05 2.64657382e-05 8.46062824e-07 1.82195642e-08 1.02985460e-09
 2015 10 29 12 00 00  3.65077718e-03 2.21826723e-03 1.22123208e-03 8.71336825e-04 6.26087145e-04 3.52168778e-04 2.51415761e-04 2.10731488e-04 4.30807315e-04 1.25256235e-04 3.00901004e-03 4.47404422e-03 2.20804392e-04 6.48544184e-05 4.22143904e-05 1.23993549e-04 3.59305268e-05 6.14990073e-05 1.21294444e-04 7.16122624e-05 1.40926801e-04 1.72901617e-04 1.00480072e-04 7.12260372e-05 5.04936179e-06 9.20611783e-06 5.98831284e-06 2.47279926e-05 4.84563316e-06 1.67846508e-05 4.65072635e-05 3.77514254e-05 1.74043686e-05 4.81364304e-05 3.77630611e-05 1.38998585e-05 5.08901595e-05 6.23173535e-05 9.57462107e-06 4.40920616e-05 1.16096573e-04 2.69204902e-05 2.59014850e-04 3.91564771e-04 1.56625908e-05 1.89253947e-04 4.03320999e-05 3.40649334e-05 3.60672164e-04 5.42229958e-04 9.45976913e-05 2.83730454e-04 6.84237171e-05 2.26081162e-05 4.98816838e-05 2.68678260e-05 8.61904812e-07 1.88694052e-08 1.08425775e-09
 2015 10 30 12 00 00  3.64278813e-03 2.21272499e-03 1.21774875e-03 8.68765695e-04 6.23820025e-04 3.51195362e-04 2.50433169e-04 2.09643113e-04 4.27958273e-04 1.24435800e-04 2.98615426e-03 4.43155095e-03 2.19613281e-04 6.45511365e-05 4.20646515e-05 1.23244759e-04 3.56715434e-05 6.09772804e-05 1.20637525e-04 7.12501758e-05 1.39827724e-04 1.71530020e-04 9.98823883e-05 7.10438434e-05 5.03263000e-06 9.66422667e-06 5.99383529e-06 2.46784397e-05 4.83729709e-06 1.67292343e-05 4.60954942e-05 3.76505806e-05 1.71443055e-05 4.79439971e-05 3.72766342e-05 1.39239724e-05 5.02413476e-05 6.14499374e-05 9.93388530e-06 4.41501022e-05 1.14460466e-04 2.66118353e-05 2.61233369e-04 3.87095810e-04 1.54838324e-05 1.85554138e-04 3.87356267e-05 3.34651297e-05 3.53488233e-04 5.34754716e-04 9.31190939e-05 2.82780080e-04 7.38950837e-05 2.45962423e-05 5.44666054e-05 2.98999376e-05 9.96675647e-07 2.57313211e-08 1.70214953e-09
 2015 10 31 12 00 00  3.64154333e-03 2.21585302e-03 1.21925068e-03 8.69208663e-04 6.23833309e-04 3.50726387e-04 2.50135403e-04 2.09376553e-04 4.27531794e-04 1.25062846e-04 2.98230817e-03 4.41030636e-03 2.20104301e-04 6.52042205e-05 4.21206262e-05 1.22391772e-04 3.51993658e-05 6.00279367e-05 1.21419157e-04 7.25150574e-05 1.37911293e-04 1.69049877e-04 9.90281802e-05 7.08965455e-05 5.00203678e-06 9.40949030e-06 5.97155522e-06 2.46070114e-05 4.87344550e-06 1.67048479e-05 4.56296470e-05 3.74667958e-05 1.66735466e-05 4.75906394e-05 3.91262409e-05 1.38271280e-05 4.96216709e-05 6.02367196e-05 9.73434435e-06 4.38310411e-05 1.12424656e-04 2.76013394e-05 2.52472257e-04 4.03860870e-04 1.61544348e-05 1.83929857e-04 3.58625082e-05 3.54634074e-05 3.48445109e-04 5.29744390e-04 9.42218335e-05 2.72561605e-04 7.14368811e-05 2.37018979e-05 5.23987039e-05 2.84687350e-05 9.28417194e-07 2.18972225e-08 1.34749225e-09
 2015 11 01 12 00 00  3.63977501e-03 2.21193277e-03 1.21714386e-03 8.68103965e-04 6.23121722e-04 3.50726128e-04 2.50035568e-04 2.09235361e-04 4.26885665e-04 1.24397420e-04 2.97745907e-03 4.41030972e-03 2.19379653e-04 6.46756282e-05 4.20984120e-05 1.21042197e-04 3.47502064e-05 5.91253163e-05 1.20136913e-04 7.15117669e-05 1.36144059e-04 1.66695469e-04 9.80210461e-05 7.04760454e-05 4.97291367e-06 9.34813725e-06 5.97083781e-06 2.44753089e-05 4.84298616e-06 1.65972082e-05 4.48691527e-05 3.72919923e-05 1.62265322e-05 4.70787219e-05 3.76105978e-05 1.38240808e-05 4.83617343e-05 5.86328139e-05 9.68635068e-06 4.32315381e-05 1.10183210e-04 2.68320640e-05 2.50274933e-04 3.90174414e-04 1.56069765e-05 1.75529800e-04 3.31382937e-05 3.38913465e-05 3.34796483e-04 5.16481318e-04 9.09050442e-05 2.69437871e-04 7.88907017e-05 2.64107302e-05 5.86473578e-05 3.26208296e-05 1.11440751e-06 3.14781097e-08 2.21313261e-09
 2015 11 02 12 00 00  3.62503476e-03 2.20351722e-03 1.21170562e-03 8.63732761e-04 6.19074681e-04 3.48774932e-04 2.48172832e-04 2.07214737e-04 4.21614303e-04 1.23254726e-04 2.93505552e-03 4.32531685e-03 2.17473874e-04 6.43976808e-05 4.18527186e-05 1.20003426e-04 3.43701307e-05 5.83617890e-05 1.19628893e-04 7.13766378e-05 1.34505887e-04 1.64706225e-04 9.71717815e-05 7.00826398e-05 4.94825799e-06 9.24585620e-06 5.96814534e-06 2.43669308e-05 4.83979384e-06 1.65246310e-05 4.43194220e-05 3.71440838e-05 1.58487717e-05 4.65658268e-05 3.74248164e-05 1.38124320e-05 4.74770951e-05 5.74010370e-05 9.60626785e-06 4.27453485e-05 1.07275031e-04 2.67162075e-05 2.47186763e-04 3.88470138e-04 1.55388055e-05 1.70571076e-04 3.08386341e-05 3.36657773e-05 3.25952201e-04 5.06574557e-04 8.95256138e-05 2.60219319e-04 7.60067882e-05 2.53618522e-05 5.62238465e-05 3.09635203e-05 1.03676058e-06 2.72170745e-08 1.82137150e-09
 2015 11 03 12 00 00  3.63386503e-03 2.20791530e-03 1.21461310e-03 8.66232414e-04 6.21470102e-04 3.50000528e-04 2.49309157e-04 2.08433896e-04 4.24783348e-04 1.23809429e-04 2.96056831e-03 4.37844172e-03 2.18515086e-04 6.44198441e-05 4.18594574e-05 1.19608576e-04 3.42185900e-05 5.80571766e-05 1.19391506e-04 7.12779234e-05 1.33978837e-04 1.63911005e-04 9.68969115e-05 6.99302594e-05 4.93843581e-06 9.01175154e-06 5.95878664e-06 2.43295840e-05 4.83738513e-06 1.65005951e-05 4.40978060e-05 3.70851019e-05 1.56978102e-05 4.63911412e-05 3.72850627e-05 1.37717667e-05 4.71415649e-05 5.69058443e-05 9.42285042e-06 4.23077764e-05 1.07168014e-04 2.66309304e-05 2.43093138e-04 3.87190465e-04 1.54876186e-05 1.68237768e-04 2.99179286e-05 3.34993441e-05 3.22137176e-04 5.02668105e-04 8.88224557e-05 2.55624049e-04 7.36479078e-05 2.45039893e-05 5.42419844e-05 2.96116360e-05 9.73663697e-07 2.37721267e-08 1.50507002e-09
 2015 11 04 12 00 00  3.63663975e-03 2.21086137e-03 1.21638208e-03 8.67373605e-04 6.22388923e-04 3.50257509e-04 2.49630226e-04 2.08816273e-04 4.25778772e-04 1.24308869e-04 2.96845642e-03 4.38906886e-03 2.19101001e-04 6.47587998e-05 4.20868163e-05 1.19961000e-04 3.42737767e-05 5.81675326e-05 1.19990978e-04 7.17255461e-05 1.34214844e-04 1.64194245e-04 9.70554082e-05 7.00030451e-05 4.94204032e-06 9.46000582e-06 5.96580212e-06 2.43870383e-05 4.84721349e-06 1.65335863e-05 4.42294367e-05 3.71065573e-05 1.57517396e-05 4.65877303e-05 3.78614117e-05 1.38023664e-05 4.73958920e-05 5.72000770e-05 9.77445088e-06 4.27633947e-05 1.08066584e-04 2.70085526e-05 2.47725819e-04 3.92500437e-04 1.57000175e-05 1.70967249e-04 3.02416069e-05 3.42306681e-05 3.25528503e-04 5.06412118e-04 8.99742184e-05 2.54288960e-04 7.02961903e-05 2.32851753e-05 5.14268204e-05 2.76981638e-05 8.84838403e-07 1.89579772e-08 1.06392335e-09
 2015 11 05 12 00 00  3.63243819e-03 2.20765548e-03 1.21439178e-03 8.65959439e-04 6.21171581e-04 3.49769194e-04 2.49120949e-04 2.08245505e-04 4.24283221e-04 1.23817697e-04 2.95646733e-03 4.36782204e-03 2.18428018e-04 6.45174576e-05 4.19063967e-05 1.19629553e-04 3.42457060e-05 5.81111759e-05 1.19640525e-04 7.14512251e-05 1.34064860e-04 1.64047630e-04 9.69556954e-05 6.98574949e-05 4.94021770e-06 9.15162891e-06 5.94268822e-06 2.43482535e-05 4.84085249e-06 1.65039620e-05 4.41460022e-05 3.70956375e-05 1.57238886e-05 4.63799874e-05 3.74905299e-05 1.37018229e-05 4.72318979e-05 5.69441813e-05 9.53279668e-06 4.18957766e-05 1.06633255e-04 2.67743424e-05 2.38901114e-04 3.89094482e-04 1.55637793e-05 1.68221219e-04 3.00722983e-05 3.37752950e-05 3.23237832e-04 5.03706104e-04 8.91550410e-05 2.51791488e-04 6.77451408e-05 2.23576625e-05 4.92852082e-05 2.62509198e-05 8.18253571e-07 1.53934025e-08 7.38370876e-10
 2015 11 06 12 00 00  3.63872205e-03 2.21234983e-03 1.21731589e-03 8.68081298e-04 6.23023963e-04 3.50511116e-04 2.49890933e-04 2.09108500e-04 4.26533102e-04 1.24535902e-04 2.97446681e-03 4.39969711e-03 2.19425167e-04 6.48798205e-05 4.21859391e-05 1.21732917e-04 3.50035931e-05 5.96320780e-05 1.20809278e-04 7.18523108e-05 1.37109567e-04 1.67996767e-04 9.85437224e-05 7.05551650e-05 4.98945810e-06 9.08240254e-06 5.96990794e-06 2.45260638e-05 4.84970842e-06 1.66471594e-05 4.52347833e-05 3.73905030e-05 1.64742771e-05 4.72002508e-05 3.80095560e-05 1.38202624e-05 4.89387663e-05 5.94319754e-05 9.47853841e-06 4.31902574e-05 1.11086253e-04 2.71131081e-05 2.49919346e-04 3.93874719e-04 1.57549888e-05 1.78973956e-04 3.46259127e-05 3.44316417e-05 3.41551133e-04 5.22924707e-04 9.23200648e-05 2.67758076e-04 7.02886060e-05 2.32822592e-05 5.14193143e-05 2.76840045e-05 8.83538144e-07 1.88399568e-08 1.05193667e-09
 2015 11 07 12 00 00  3.65061034e-03 2.22035683e-03 1.22236985e-03 8.71892025e-04 6.26428636e-04 3.51985431e-04 2.51366759e-04 2.10740156e-04 4.30788135e-04 1.25712327e-04 3.00858140e-03 4.46344465e-03 2.21166159e-04 6.52987176e-05 4.23838941e-05 1.22307950e-04 3.51524097e-05 5.99304680e-05 1.21538818e-04 7.23412028e-05 1.37789709e-04 1.68769449e-04 9.89378783e-05 7.07811228e-05 4.99913913e-06 9.00855812e-06 5.96834725e-06 2.45860262e-05 4.86053978e-06 1.66971925e-05 4.55080778e-05 3.74483905e-05 1.66211670e-05 4.74650176e-05 3.86440952e-05 1.38134827e-05 4.94113291e-05 6.00133273e-05 9.42067127e-06 4.34739127e-05 1.12885623e-04 2.75263388e-05 2.50369265e-04 3.99717649e-04 1.59887060e-05 1.82379103e-04 3.55150085e-05 3.52324423e-05 3.46924425e-04 5.28999190e-04 9.37650999e-05 2.70661467e-04 7.03075673e-05 2.32892644e-05 5.14360319e-05 2.77016913e-05 8.84808054e-07 1.89419808e-08 1.06210365e-09
 2015 11 08 12 00 00  3.65418714e-03 2.22222395e-03 1.22359458e-03 8.72919285e-04 6.27401075e-04 3.52473519e-04 2.51824027e-04 2.11232653e-04 4.32070638e-04 1.25954310e-04 3.01889730e-03 4.48469333e-03 2.21601562e-04 6.53101063e-05 4.23602288e-05 1.22319186e-04 3.51952971e-05 6.00160507e-05 1.21561228e-04 7.23263773e-05 1.37980499e-04 1.68987734e-04 9.90377684e-05 7.07356583e-05 5.00194728e-06 9.11787502e-06 5.95211204e-06 2.46056679e-05 4.86012905e-06 1.66979391e-05 4.55606051e-05 3.74650524e-05 1.66627753e-05 4.74883248e-05 3.86205444e-05 1.37428637e-05 4.95019805e-05 6.00743221e-05 9.50638278e-06 4.30438955e-05 1.12784844e-04 2.75131315e-05 2.46029128e-04 3.99503490e-04 1.59801396e-05 1.81993454e-04 3.57632118e-05 3.52064148e-05 3.47462361e-04 5.29414409e-04 9.37391595e-05 2.68354582e-04 6.61664295e-05 2.17839873e-05 4.79621242e-05 2.53747535e-05 7.79223578e-07 1.33995078e-08 5.58652813e-10
 2015 11 09 12 00 00  3.65988041e-03 2.22573164e-03 1.22583638e-03 8.74664050e-04 6.28988286e-04 3.53204775e-04 2.52537047e-04 2.12012583e-04 4.34106967e-04 1.26449107e-04 3.03524776e-03 4.51656505e-03 2.22380555e-04 6.55113990e-05 4.25911773e-05 1.23735368e-04 3.57121229e-05 6.10528688e-05 1.22190192e-04 7.24589569e-05 1.40070098e-04 1.71677103e-04 1.00115022e-04 7.11486779e-05 5.03554111e-06 9.19744343e-06 5.97399339e-06 2.47312117e-05 4.86308672e-06 1.67926774e-05 4.62826187e-05 3.76661163e-05 1.71738851e-05 4.80419793e-05 3.87937180e-05 1.38380958e-05 5.06315612e-05 6.17513926e-05 9.56884469e-06 4.39268269e-05 1.16005697e-04 2.76253675e-05 2.55055200e-04 4.01097395e-04 1.60438958e-05 1.89074960e-04 3.88617598e-05 3.54240212e-05 3.59395352e-04 5.41820594e-04 9.56166986e-05 2.77181265e-04 6.52055494e-05 2.14347867e-05 4.71565920e-05 2.48394150e-05 7.55237636e-07 1.21634770e-08 4.46964865e-10
 2015 11 10 12 00 00  3.66495806e-03 2.22797706e-03 1.22735301e-03 8.76017918e-04 6.30308010e-04 3.53928741e-04 2.53192949e-04 2.12708231e-04 4.35923133e-04 1.26706736e-04 3.04989888e-03 4.54843491e-03 2.22929209e-04 6.54584296e-05 4.25537385e-05 1.24174244e-04 3.59224388e-05 6.14749326e-05 1.22193778e-04 7.23071280e-05 1.40941673e-04 1.72773166e-04 1.00550508e-04 7.12591962e-05 5.04920463e-06 9.23036641e-06 5.97093676e-06 2.47781452e-05 4.85974342e-06 1.68182967e-05 4.65499488e-05 3.77479388e-05 1.73821478e-05 4.82324754e-05 3.85976920e-05 1.38247953e-05 5.10422706e-05 6.23474346e-05 9.59462122e-06 4.38901403e-05 1.17053290e-04 2.74972001e-05 2.54905050e-04 3.99291748e-04 1.59716699e-05 1.90663093e-04 4.01257188e-05 3.51757568e-05 3.63059115e-04 5.45376161e-04 9.58629201e-05 2.79828120e-04 6.36201259e-05 2.08586483e-05 4.58277123e-05 2.39580284e-05 7.15874612e-07 1.01448304e-08 2.64813216e-10
 2015 11 11 12 00 00  3.67056378e-03 2.23132579e-03 1.22950236e-03 8.77703933e-04 6.31848167e-04 3.54656301e-04 2.53895778e-04 2.13473728e-04 4.37924804e-04 1.27170918e-04 3.06598980e-03 4.58030514e-03 2.23677003e-04 6.56670930e-05 4.28590340e-05 1.25150123e-04 3.62905004e-05 6.22138265e-05 1.22642480e-04 7.24001438e-05 1.42455578e-04 1.74693993e-04 1.01327380e-04 7.15539744e-05 5.07310542e-06 9.24953347e-06 5.97731232e-06 2.48667897e-05 4.86193640e-06 1.68837945e-05 4.70681541e-05 3.78911500e-05 1.77470545e-05 4.86214883e-05 3.87253851e-05 1.38525254e-05 5.18533080e-05 6.35134891e-05 9.60956895e-06 4.42955681e-05 1.19184437e-04 2.75769242e-05 2.58541330e-04 4.00463200e-04 1.60185280e-05 1.95260186e-04 4.23425401e-05 3.53309530e-05 3.71568173e-04 5.54781766e-04 9.71391013e-05 2.86234753e-04 6.30619468e-05 2.06560072e-05 4.53612854e-05 2.36601119e-05 7.03401986e-07 9.56917940e-09 2.14536344e-10
 2015 11 12 12 00 00  3.68186334e-03 2.23814826e-03 1.23387453e-03 8.81137425e-04 6.34987213e-04 3.56120818e-04 2.55314745e-04 2.15022103e-04 4.41965578e-04 1.28123941e-04 3.09846012e-03 4.64404933e-03 2.25199394e-04 6.59297619e-05 4.30250504e-05 1.25352614e-04 3.63103085e-05 6.22538384e-05 1.22926981e-04 7.26178114e-05 1.42632191e-04 1.74800204e-04 1.01439590e-04 7.16204835e-05 5.07437944e-06 9.13198382e-06 5.97906183e-06 2.48860443e-05 4.86688732e-06 1.69049411e-05 4.71318781e-05 3.78988712e-05 1.77671609e-05 4.87132907e-05 3.90145928e-05 1.38601361e-05 5.19820265e-05 6.36630201e-05 9.51736147e-06 4.44319194e-05 1.20463384e-04 2.77619576e-05 2.59226338e-04 4.03122215e-04 1.61248886e-05 1.96554570e-04 4.24670405e-05 3.56902106e-05 3.73096154e-04 5.56712620e-04 9.76721823e-05 2.85735654e-04 6.17762315e-05 2.01888610e-05 4.42841818e-05 2.29502537e-05 6.72029529e-07 7.98566919e-09 7.23095361e-11
 2015 11 13 12 00 00  3.70191192e-03 2.25201744e-03 1.24259632e-03 8.87630467e-04 6.40743993e-04 3.58575453e-04 2.57791811e-04 2.17768281e-04 4.49133580e-04 1.30181414e-04 3.15592756e-03 4.75029349e-03 2.28191750e-04 6.67224442e-05 4.34539075e-05 1.26087203e-04 3.64163890e-05 6.24669250e-05 1.24140201e-04 7.35415670e-05 1.43216509e-04 1.75355078e-04 1.01823982e-04 7.19203894e-05 5.08126286e-06 9.07257054e-06 5.98568913e-06 2.49635161e-05 4.88762016e-06 1.69773543e-05 4.74148539e-05 3.79401492e-05 1.78725400e-05 4.90676210e-05 4.02276113e-05 1.38889809e-05 5.25121828e-05 6.42754291e-05 9.47075969e-06 4.51208342e-05 1.23352523e-04 2.85449758e-05 2.62772341e-04 4.14283086e-04 1.65713235e-05 2.01722858e-04 4.31082735e-05 3.72090464e-05 3.79811966e-04 5.64697409e-04 9.99821793e-05 2.87833056e-04 6.15386602e-05 2.01026738e-05 4.40861029e-05 2.28272403e-05 6.67144241e-07 7.78191573e-09 5.51422907e-11
 2015 11 14 12 00 00  3.71817875e-03 2.26358541e-03 1.24984512e-03 8.92969331e-04 6.45446878e-04 3.60541064e-04 2.59794178e-04 2.19996030e-04 4.54949128e-04 1.31916113e-04 3.20252677e-03 4.83528785e-03 2.30671592e-04 6.74341814e-05 4.38524179e-05 1.26883033e-04 3.65729764e-05 6.27811125e-05 1.25303957e-04 7.43870158e-05 1.43968480e-04 1.76170601e-04 1.02284939e-04 7.22678844e-05 5.09143829e-06 9.04347398e-06 5.99128507e-06 2.50459361e-05 4.90657076e-06 1.70507247e-05 4.77542543e-05 3.80010664e-05 1.80275107e-05 4.94560374e-05 4.13364935e-05 1.39133204e-05 5.31183218e-05 6.50067301e-05 9.44788699e-06 4.58187518e-05 1.26007485e-04 2.92614102e-05 2.66120454e-04 4.24486710e-04 1.69794684e-05 2.07000027e-04 4.40483505e-05 3.85986001e-05 3.87201079e-04 5.73447996e-04 1.02258027e-04 2.92453307e-04 6.35068225e-05 2.08182900e-05 4.57385971e-05 2.39456790e-05 7.18724874e-07 1.05524592e-08 3.08405679e-10
 2015 11 15 12 00 00  3.73376970e-03 2.27373709e-03 1.25628114e-03 8.97881811e-04 6.49866933e-04 3.62503359e-04 2.61736612e-04 2.22134036e-04 4.60525949e-04 1.33385291e-04 3.24728503e-03 4.92028296e-03 2.32895004e-04 6.79411999e-05 4.41539292e-05 1.27197558e-04 3.65749584e-05 6.27844769e-05 1.25948896e-04 7.49146740e-05 1.44102535e-04 1.76174213e-04 1.02402955e-04 7.24092376e-05 5.09159545e-06 9.07854410e-06 5.99632731e-06 2.50876562e-05 4.91841965e-06 1.70876309e-05 4.78361925e-05 3.80018144e-05 1.80283678e-05 4.96474289e-05 4.20296739e-05 1.39352880e-05 5.33098025e-05 6.51929954e-05 9.47536028e-06 4.62494856e-05 1.27875821e-04 2.97087274e-05 2.68792468e-04 4.30864569e-04 1.72345827e-05 2.09523003e-04 4.40479780e-05 3.94663046e-05 3.89820428e-04 5.76906588e-04 1.03414536e-04 2.92535889e-04 6.33763324e-05 2.07708575e-05 4.56291244e-05 2.38722956e-05 7.15391104e-07 1.03771550e-08 2.92474245e-10
 2015 11 16 12 00 00  3.73923169e-03 2.27673605e-03 1.25823174e-03 8.99483119e-04 6.51366308e-04 3.63237019e-04 2.62431345e-04 2.22885600e-04 4.62483279e-04 1.33785245e-04 3.26302481e-03 4.95215729e-03 2.33583667e-04 6.79492079e-05 4.40376743e-05 1.27870846e-04 3.68384557e-05 6.33127231e-05 1.26204988e-04 7.49349187e-05 1.45173316e-04 1.77541303e-04 1.02958479e-04 7.26183056e-05 5.10874015e-06 9.13850090e-06 6.00360800e-06 2.51545265e-05 4.91879982e-06 1.71321003e-05 4.81970399e-05 3.81043094e-05 1.82882810e-05 4.99403916e-05 4.20523487e-05 1.39669894e-05 5.38783827e-05 6.60263155e-05 9.52234404e-06 4.66047714e-05 1.29575459e-04 2.97252671e-05 2.72109721e-04 4.31075504e-04 1.72430202e-05 2.12811196e-04 4.56203328e-05 3.94979928e-05 3.95403374e-04 5.82124658e-04 1.04241247e-04 2.97151975e-04 6.30923978e-05 2.06677219e-05 4.53914626e-05 2.37172954e-05 7.08660059e-07 1.00466739e-08 2.63036437e-10
 2015 11 17 12 00 00  3.73119775e-03 2.27114967e-03 1.25472121e-03 8.96877830e-04 6.49060899e-04 3.62256215e-04 2.61440031e-04 2.21786111e-04 4.59612110e-04 1.32955250e-04 3.24000555e-03 4.90965992e-03 2.32380478e-04 6.76231921e-05 4.38527481e-05 1.27255237e-04 3.66678723e-05 6.29700720e-05 1.25598404e-04 7.45578727e-05 1.44432453e-04 1.76648902e-04 1.02544855e-04 7.24155757e-05 5.09767160e-06 9.12781034e-06 5.99740415e-06 2.50945176e-05 4.91030187e-06 1.70828558e-05 4.79078989e-05 3.80379235e-05 1.81188036e-05 4.96785049e-05 4.15553834e-05 1.39400203e-05 5.33953609e-05 6.53809381e-05 9.51392722e-06 4.61821567e-05 1.27830264e-04 2.94053723e-05 2.69065164e-04 4.26504098e-04 1.70601639e-05 2.09193635e-04 4.45889542e-05 3.88772984e-05 3.89911215e-04 5.76146826e-04 1.02915260e-04 2.94521858e-04 6.39764587e-05 2.09891557e-05 4.61336791e-05 2.42192155e-05 7.31777507e-07 1.12861214e-08 3.76281761e-10
 2015 11 18 12 00 00  3.72128373e-03 2.26443377e-03 1.25048581e-03 8.93701182e-04 6.46231988e-04 3.61031626e-04 2.60212271e-04 2.20428439e-04 4.56067435e-04 1.31967529e-04 3.21158096e-03 4.85653952e-03 2.30924201e-04 6.72862499e-05 4.37261525e-05 1.27165404e-04 3.66611930e-05 6.29565096e-05 1.25094514e-04 7.41438707e-05 1.44327443e-04 1.76612299e-04 1.02450089e-04 7.23339551e-05 5.09724596e-06 8.97506543e-06 6.01860738e-06 2.50569985e-05 4.90102357e-06 1.70667072e-05 4.78363792e-05 3.80353216e-05 1.81118943e-05 4.95457086e-05 4.10124892e-05 1.40322882e-05 5.32335656e-05 6.53234818e-05 9.39415550e-06 4.64357266e-05 1.27445632e-04 2.90545693e-05 2.74303346e-04 4.21508493e-04 1.68603397e-05 2.08484281e-04 4.45455284e-05 3.81969090e-05 3.88170050e-04 5.73708764e-04 1.02158128e-04 2.94566098e-04 6.44029078e-05 2.11442179e-05 4.64917808e-05 2.44619790e-05 7.43001434e-07 1.18910808e-08 4.31634906e-10
 2015 11 19 12 00 00  3.71811774e-03 2.26343054e-03 1.24975729e-03 8.92933962e-04 6.45431850e-04 3.60544615e-04 2.59791316e-04 2.19990704e-04 4.54930936e-04 1.31887778e-04 3.20238289e-03 4.83528972e-03 2.30645754e-04 6.73682628e-05 4.37242307e-05 1.27685820e-04 3.68670735e-05 6.33699819e-05 1.25523649e-04 7.43550132e-05 1.45109549e-04 1.77688580e-04 1.02868634e-04 7.25153222e-05 5.11060753e-06 8.96495549e-06 6.01683969e-06 2.51031461e-05 4.90576276e-06 1.71019595e-05 4.81452871e-05 3.81154357e-05 1.83163138e-05 4.97390965e-05 4.12897469e-05 1.40245727e-05 5.37136222e-05 6.59732887e-05 9.38622034e-06 4.65835307e-05 1.27923446e-04 2.92335404e-05 2.74390163e-04 4.24059556e-04 1.69623822e-05 2.11181809e-04 4.57889109e-05 3.85440624e-05 3.93427111e-04 5.79109941e-04 1.03176041e-04 2.98657634e-04 6.46920265e-05 2.12496210e-05 4.67365478e-05 2.46437485e-05 7.52532856e-07 1.24885194e-08 4.88374230e-10
 2015 11 20 12 00 00  3.71837430e-03 2.26398031e-03 1.25007227e-03 8.93094316e-04 6.45534357e-04 3.60544170e-04 2.59812904e-04 2.20023485e-04 4.55019964e-04 1.31990507e-04 3.20307133e-03 4.83528860e-03 2.30744251e-04 6.74904272e-05 4.38745842e-05 1.26553182e-04 3.64022155e-05 6.24373031e-05 1.25262650e-04 7.44769583e-05 1.43288564e-04 1.75268369e-04 1.01944768e-04 7.22195608e-05 5.08039666e-06 9.20911771e-06 5.99737941e-06 2.50239942e-05 4.90853454e-06 1.70332549e-05 4.75328088e-05 3.79345845e-05 1.78563903e-05 4.93855311e-05 4.14516922e-05 1.39398762e-05 5.27925908e-05 6.45364554e-05 9.57760349e-06 4.60389102e-05 1.25667893e-04 2.93371908e-05 2.68222144e-04 4.25548463e-04 1.70219385e-05 2.05940339e-04 4.29996173e-05 3.87453038e-05 3.84049786e-04 5.70429411e-04 1.02000772e-04 2.91449286e-04 6.64442685e-05 2.18869541e-05 4.82093619e-05 2.56534121e-05 8.00012057e-07 1.51068722e-08 7.29419103e-10
 2015 11 21 12 00 00  3.71268987e-03 2.26054400e-03 1.24787037e-03 8.91351028e-04 6.43932900e-04 3.59804617e-04 2.59095974e-04 2.19240163e-04 4.52982272e-04 1.31508300e-04 3.18670335e-03 4.80341278e-03 2.29975166e-04 6.73343106e-05 4.37420387e-05 1.26865776e-04 3.65142885e-05 6.26623980e-05 1.25212250e-04 7.43595127e-05 1.43684794e-04 1.75854481e-04 1.02135547e-04 7.24040123e-05 5.08766934e-06 9.06833156e-06 6.01973697e-06 2.50279151e-05 4.90598504e-06 1.70494153e-05 4.76731250e-05 3.79781966e-05 1.79677052e-05 4.94985684e-05 4.13020054e-05 1.40371209e-05 5.29844760e-05 6.49293846e-05 9.46713990e-06 4.66921746e-05 1.26281414e-04 2.92383542e-05 2.74522963e-04 4.24168449e-04 1.69667380e-05 2.07714184e-04 4.36768780e-05 3.85540450e-05 3.86131774e-04 5.72360018e-04 1.02218850e-04 2.98721017e-04 7.35228537e-05 2.44605804e-05 5.41517732e-05 2.96684954e-05 9.84692895e-07 2.49902698e-08 1.63198521e-09
 2015 11 22 12 00 00  3.70697962e-03 2.25706750e-03 1.24564467e-03 8.89589422e-04 6.42314657e-04 3.59063099e-04 2.58375370e-04 2.18451796e-04 4.50933265e-04 1.31018089e-04 3.17025318e-03 4.77153622e-03 2.29197406e-04 6.71751713e-05 4.36181083e-05 1.27069720e-04 3.66201799e-05 6.28754613e-05 1.25138240e-04 7.42307282e-05 1.44056975e-04 1.76412466e-04 1.02314562e-04 7.24721497e-05 5.09452184e-06 9.24551350e-06 6.02654472e-06 2.50479096e-05 4.90325328e-06 1.70574604e-05 4.78015241e-05 3.80194193e-05 1.80735718e-05 4.95968088e-05 4.11412184e-05 1.40666874e-05 5.31672173e-05 6.52346564e-05 9.60584875e-06 4.69163502e-05 1.26313291e-04 2.91305070e-05 2.77303740e-04 4.22683974e-04 1.69073590e-05 2.08680711e-04 4.43244848e-05 3.83456907e-05 3.87838182e-04 5.73746508e-04 1.02293240e-04 3.01611568e-04 7.48124461e-05 2.49298615e-05 5.52373393e-05 3.04256165e-05 1.02120660e-06 2.70703424e-08 1.82508533e-09
 2015 11 23 12 00 00  3.68984057e-03 2.24652889e-03 1.23890837e-03 8.84310004e-04 6.37492271e-04 3.56851767e-04 2.56221549e-04 2.16095045e-04 4.44794768e-04 1.29529307e-04 3.12095587e-03 4.67591286e-03 2.26851778e-04 6.66750882e-05 4.32032019e-05 1.26872644e-04 3.66571272e-05 6.29505783e-05 1.24659994e-04 7.38288858e-05 1.44055173e-04 1.76615655e-04 1.02280392e-04 7.23430088e-05 5.09687707e-06 9.21394239e-06 6.02192813e-06 2.50168232e-05 4.89440172e-06 1.70295390e-05 4.77914855e-05 3.80338344e-05 1.81119089e-05 4.94308399e-05 4.06223349e-05 1.40465389e-05 5.30881219e-05 6.51915221e-05 9.58088203e-06 4.65177350e-05 1.24497224e-04 2.87912757e-05 2.74810241e-04 4.17904319e-04 1.67161728e-05 2.07007525e-04 4.45659680e-05 3.76885582e-05 3.86530405e-04 5.71146106e-04 1.01519537e-04 3.00618667e-04 7.26626764e-05 2.41490030e-05 5.34380240e-05 2.92529259e-05 9.70340727e-07 2.45776150e-08 1.60317200e-09
 2015 11 24 12 00 00  3.67613740e-03 2.23754709e-03 1.23321807e-03 8.79967662e-04 6.33585213e-04 3.55131040e-04 2.54513443e-04 2.14212325e-04 4.39887767e-04 1.28223920e-04 3.08159995e-03 4.60154042e-03 2.24884733e-04 6.62084088e-05 4.29225480e-05 1.26411736e-04 3.65979271e-05 6.28325215e-05 1.23997278e-04 7.33376772e-05 1.43709909e-04 1.76315359e-04 1.02060244e-04 7.20924333e-05 5.09299607e-06 9.00641826e-06 6.01053289e-06 2.49567159e-05 4.88358419e-06 1.69846594e-05 4.76381663e-05 3.80108337e-05 1.80546442e-05 4.91215780e-05 3.99881566e-05 1.39969023e-05 5.27826637e-05 6.48189001e-05 9.41802646e-06 4.57736508e-05 1.22384881e-04 2.83766189e-05 2.69401932e-04 4.12062688e-04 1.64825075e-05 2.03665827e-04 4.42252232e-05 3.68853332e-05 3.82805006e-04 5.66390270e-04 1.00237573e-04 2.96025398e-04 6.80972666e-05 2.24900616e-05 4.96121953e-05 2.67221330e-05 8.57802394e-07 1.88438126e-08 1.08676179e-09
 2015 11 25 12 00 00  3.67536409e-03 2.23593459e-03 1.23229186e-03 8.79477805e-04 6.33257139e-04 3.55126581e-04 2.54443971e-04 2.14108366e-04 4.39612478e-04 1.27921077e-04 3.07948619e-03 4.60154042e-03 2.24591393e-04 6.59891925e-05 4.28533450e-05 1.25282828e-04 3.62251856e-05 6.20847393e-05 1.23226210e-04 7.29725172e-05 1.42241055e-04 1.74375570e-04 1.01276994e-04 7.16853679e-05 5.06876786e-06 9.26503053e-06 5.98757288e-06 2.48786164e-05 4.87551370e-06 1.69052046e-05 4.70805260e-05 3.78658238e-05 1.76859947e-05 4.87257255e-05 3.95152339e-05 1.38969757e-05 5.19111480e-05 6.35251762e-05 9.62064660e-06 4.48592981e-05 1.20006603e-04 2.80681299e-05 2.61975715e-04 4.07707233e-04 1.63082893e-05 1.97422399e-04 4.19901859e-05 3.62876075e-05 3.72986547e-04 5.56305017e-04 9.82606781e-05 2.86602207e-04 6.47845854e-05 2.12862686e-05 4.68357424e-05 2.48821769e-05 7.75741236e-07 1.46440819e-08 7.08025238e-10
 2015 11 26 12 00 00  3.67287266e-03 2.23350873e-03 1.23082345e-03 8.78522191e-04 6.32483267e-04 3.54882126e-04 2.54154707e-04 2.13770435e-04 4.38724535e-04 1.27520597e-04 3.07242841e-03 4.59091887e-03 2.24104594e-04 6.57771377e-05 4.27857367e-05 1.24079030e-04 3.57707322e-05 6.11729745e-05 1.22432368e-04 7.26454135e-05 1.40435405e-04 1.72009943e-04 1.00323801e-04 7.12415024e-05 5.03923184e-06 9.13163749e-06 5.98294901e-06 2.47600957e-05 4.86821737e-06 1.68223787e-05 4.64151828e-05 3.76890239e-05 1.72364336e-05 4.81953605e-05 3.90880654e-05 1.38768359e-05 5.08591916e-05 6.20645682e-05 9.51594266e-06 4.42522354e-05 1.17831090e-04 2.77912302e-05 2.58302388e-04 4.03775440e-04 1.61510176e-05 1.91240958e-04 3.92640795e-05 3.57507408e-05 3.61888381e-04 5.44670624e-04 9.62602937e-05 2.75954099e-04 6.18312322e-05 2.02129301e-05 4.43595843e-05 2.32343001e-05 7.01742562e-07 1.08181615e-08 3.61986174e-10
 2015 11 27 12 00 00  3.66512417e-03 2.22847937e-03 1.22763319e-03 8.76099529e-04 6.30310431e-04 3.53909423e-04 2.53192251e-04 2.12712115e-04 4.35957058e-04 1.26795493e-04 3.05021806e-03 4.54842448e-03 2.23004224e-04 6.55275358e-05 4.26275311e-05 1.22425565e-04 3.51434661e-05 5.99141291e-05 1.21571063e-04 7.23927049e-05 1.37894865e-04 1.68740657e-04 9.90025101e-05 7.06431862e-05 4.99848138e-06 8.96238344e-06 5.97166836e-06 2.45996281e-05 4.86247700e-06 1.67108259e-05 4.55191090e-05 3.74449737e-05 1.66152458e-05 4.74567134e-05 3.87526496e-05 1.38277537e-05 4.94468572e-05 6.00572202e-05 9.38324738e-06 4.33620118e-05 1.14336300e-04 2.75764643e-05 2.51740349e-04 4.00691463e-04 1.60276585e-05 1.83035251e-04 3.54938529e-05 3.53337848e-05 3.47303653e-04 5.29226481e-04 9.38856535e-05 2.61198930e-04 5.76133010e-05 1.86796994e-05 4.08209665e-05 2.08617079e-05 5.93919913e-07 5.14560696e-09 1.00000000e-10
 2015 11 28 12 00 00  3.65969802e-03 2.22548847e-03 1.22568905e-03 8.74527040e-04 6.28850123e-04 3.53186143e-04 2.52506806e-04 2.11971534e-04 4.34019106e-04 1.26398337e-04 3.03462969e-03 4.51655574e-03 2.22321480e-04 6.54361353e-05 4.25184371e-05 1.21057283e-04 3.45990964e-05 5.88212104e-05 1.21066035e-04 7.23775651e-05 1.35693897e-04 1.65898646e-04 9.78768127e-05 7.01902336e-05 4.96313696e-06 8.85289119e-06 5.96042810e-06 2.44719706e-05 4.86206773e-06 1.66229837e-05 4.47701836e-05 3.72331619e-05 1.60753625e-05 4.68734992e-05 3.87291220e-05 1.37788855e-05 4.82825650e-05 5.83577244e-05 9.29742091e-06 4.26988709e-05 1.11463541e-04 2.75630591e-05 2.45942338e-04 4.00477259e-04 1.60190904e-05 1.76601028e-04 3.22131382e-05 3.53074167e-05 3.35519970e-04 5.16936477e-04 9.22451922e-05 2.49703642e-04 5.56626745e-05 1.79704280e-05 3.91829751e-05 1.97513336e-05 5.42586410e-07 3.07490353e-09 1.00000000e-10
 2015 11 29 12 00 00  3.65192363e-03 2.22038203e-03 1.22245566e-03 8.72091328e-04 6.26676175e-04 3.52216376e-04 2.51544324e-04 2.10912401e-04 4.31245972e-04 1.25659522e-04 3.01236845e-03 4.47406396e-03 2.21209394e-04 6.51887010e-05 4.23826502e-05 1.20877005e-04 3.46007029e-05 5.88235504e-05 1.20750721e-04 7.21112010e-05 1.35627286e-04 1.65897224e-04 9.78169777e-05 7.00988850e-05 4.96328284e-06 8.81262094e-06 5.95381352e-06 2.44513226e-05 4.85591008e-06 1.66034639e-05 4.47253887e-05 3.72337498e-05 1.60753407e-05 4.67573877e-05 3.83699575e-05 1.37501527e-05 4.81814302e-05 5.82440373e-05 9.26589637e-06 4.23518354e-05 1.10391842e-04 2.73357873e-05 2.43290914e-04 3.97178273e-04 1.58871309e-05 1.75073339e-04 3.22048843e-05 3.48656322e-05 3.34132803e-04 5.15140410e-04 9.16297871e-05 2.48967009e-04 5.48146952e-05 1.76619193e-05 3.84696604e-05 1.92578309e-05 5.19062598e-07 2.19839080e-09 1.00000000e-10
 2015 11 30 12 00 00  3.64755456e-03 2.21678928e-03 1.22024342e-03 8.70572736e-04 6.25398915e-04 3.51733488e-04 2.51023146e-04 2.10321833e-04 4.29692701e-04 1.25095939e-04 2.99994973e-03 4.45282012e-03 2.20467434e-04 6.49415838e-05 4.23076106e-05 1.20384197e-04 3.44625994e-05 5.85453003e-05 1.20201290e-04 7.17472984e-05 1.35043963e-04 1.65165405e-04 9.74829136e-05 6.99352722e-05 4.95436252e-06 8.86415291e-06 5.95068414e-06 2.44074806e-05 4.84758384e-06 1.65642111e-05 4.44798419e-05 3.71799717e-05 1.59365969e-05 4.65657045e-05 3.78838246e-05 1.37365889e-05 4.77772890e-05 5.77153456e-05 9.30635506e-06 4.20614143e-05 1.09221228e-04 2.70260178e-05 2.41742358e-04 3.92710432e-04 1.57084173e-05 1.72075291e-04 3.13528057e-05 3.42639309e-05 3.29461672e-04 5.10264833e-04 9.04363776e-05 2.47053516e-04 5.59120730e-05 1.80605597e-05 3.93884355e-05 1.98589876e-05 5.45312064e-07 3.07081365e-09 1.00000000e-10
 2015 12 01 12 00 00  3.63956410e-03 2.21121295e-03 1.21674078e-03 8.68002146e-04 6.23140486e-04 3.50765327e-04 2.50043040e-04 2.09235532e-04 4.26844821e-04 1.24269321e-04 2.97711368e-03 4.41033021e-03 2.19271312e-04 6.46040682e-05 4.20810399e-05 1.20259884e-04 3.44888307e-05 5.85966045e-05 1.19779832e-04 7.13759800e-05 1.35065962e-04 1.65287472e-04 9.74610128e-05 6.98370070e-05 4.95612912e-06 8.87634815e-06 5.95170422e-06 2.43913282e-05 4.83905278e-06 1.65464676e-05 4.44517540e-05 3.71901231e-05 1.59601594e-05 4.64677505e-05 3.73859191e-05 1.37410942e-05 4.76966823e-05 5.76775840e-05 9.31600443e-06 4.18649676e-05 1.08428436e-04 2.67096475e-05 2.41558174e-04 3.88135444e-04 1.55254178e-05 1.70831841e-04 3.14836856e-05 3.36492172e-05 3.28137926e-04 5.08103131e-04 8.97144004e-05 2.46233616e-04 5.44200388e-05 1.75178500e-05 3.81341813e-05 1.89979247e-05 5.04734358e-07 1.57934608e-09 1.00000000e-10
 2015 12 02 12 00 00  3.63363433e-03 2.20712318e-03 1.21416827e-03 8.66118387e-04 6.21488268e-04 3.50045268e-04 2.49317279e-04 2.08433179e-04 4.24735929e-04 1.23667662e-04 2.96019113e-03 4.37846482e-03 2.18394086e-04 6.43752038e-05 4.19382844e-05 1.20866623e-04 3.48211586e-05 5.92620578e-05 1.19775983e-04 7.11218454e-05 1.36312622e-04 1.67003134e-04 9.80739624e-05 7.00093060e-05 4.97778929e-06 8.89115836e-06 5.94731246e-06 2.44466121e-05 4.83307267e-06 1.65770998e-05 4.48567616e-05 3.73193558e-05 1.62865632e-05 4.66844067e-05 3.70377296e-05 1.37220515e-05 4.82931231e-05 5.85665998e-05 9.32769763e-06 4.17950050e-05 1.08798188e-04 2.64919392e-05 2.40877481e-04 3.84940605e-04 1.53976242e-05 1.72899910e-04 3.34511482e-05 3.32254684e-05 3.33741834e-04 5.13436429e-04 9.00626902e-05 2.52391107e-04 5.46993412e-05 1.76189366e-05 3.83653376e-05 1.91276758e-05 5.08814485e-07 1.63894711e-09 1.00000000e-10
 2015 12 03 12 00 00  3.62549985e-03 2.20123246e-03 1.21048602e-03 8.63459249e-04 6.19175597e-04 3.49077909e-04 2.48325729e-04 2.07329420e-04 4.21839608e-04 1.22782654e-04 2.93697416e-03 4.33597527e-03 2.17142596e-04 6.40189475e-05 4.17536926e-05 1.20456836e-04 3.47448018e-05 5.91074408e-05 1.19190974e-04 7.06830819e-05 1.35933837e-04 1.66589927e-04 9.78386639e-05 6.98391913e-05 4.97289366e-06 8.92345124e-06 5.94344419e-06 2.44074443e-05 4.82294454e-06 1.65399851e-05 4.46790965e-05 3.72895855e-05 1.62084369e-05 4.64923032e-05 3.64469161e-05 1.37052819e-05 4.79808630e-05 5.81870603e-05 9.35311255e-06 4.14272919e-05 1.07430209e-04 2.61177134e-05 2.38966456e-04 3.79513546e-04 1.51805418e-05 1.70106183e-04 3.29643430e-05 3.24980938e-05 3.29923056e-04 5.09006904e-04 8.88757640e-05 2.50524508e-04 5.43789515e-05 1.75019497e-05 3.80927841e-05 1.89149177e-05 4.96985406e-07 1.12407790e-09 1.00000000e-10
 2015 12 04 12 00 00  3.62798431e-03 2.20351613e-03 1.21187635e-03 8.64422457e-04 6.19992560e-04 3.49341691e-04 2.48626021e-04 2.07678323e-04 4.22738029e-04 1.23158968e-04 2.94411526e-03 4.34660651e-03 2.17612235e-04 6.42542627e-05 4.19086408e-05 1.20443912e-04 3.46953981e-05 5.90067008e-05 1.19526671e-04 7.09848944e-05 1.35747539e-04 1.66314963e-04 9.77675576e-05 6.98895374e-05 4.96975845e-06 9.01532476e-06 5.94015764e-06 2.44178199e-05 4.82939431e-06 1.65470931e-05 4.46466722e-05 3.72702954e-05 1.61566350e-05 4.65343501e-05 3.68262467e-05 1.36910487e-05 4.79626994e-05 5.80896871e-05 9.42523548e-06 4.15304206e-05 1.07506580e-04 2.63708615e-05 2.38576103e-04 3.83014110e-04 1.53205644e-05 1.70521585e-04 3.26354522e-05 3.29874252e-05 3.30189912e-04 5.09889576e-04 8.93422604e-05 2.51103381e-04 5.63715568e-05 1.82257548e-05 3.97607935e-05 2.00039210e-05 5.44361274e-07 2.69024270e-09 1.00000000e-10
 2015 12 05 12 00 00  3.63000652e-03 2.20485240e-03 1.21272276e-03 8.65092809e-04 6.20609443e-04 3.49599711e-04 2.48883514e-04 2.07964217e-04 4.23471861e-04 1.23357453e-04 2.94998132e-03 4.35723737e-03 2.17909399e-04 6.43260671e-05 4.19303289e-05 1.20942647e-04 3.49001610e-05 5.94163081e-05 1.19829214e-04 7.10747147e-05 1.36559374e-04 1.67367540e-04 9.81900161e-05 7.00884200e-05 4.98312402e-06 8.96741840e-06 5.93836157e-06 2.44650643e-05 4.83110962e-06 1.65811051e-05 4.49314843e-05 3.73499061e-05 1.63570046e-05 4.67474463e-05 3.69284680e-05 1.36833012e-05 4.84110812e-05 5.87119160e-05 9.38776138e-06 4.16704425e-05 1.08405701e-04 2.64445087e-05 2.38604681e-04 3.83964238e-04 1.53585695e-05 1.72812775e-04 3.38394282e-05 3.31286981e-05 3.34790451e-04 5.14792656e-04 9.00836404e-05 2.56446936e-04 5.85559839e-05 1.90193665e-05 4.15902891e-05 2.12056514e-05 5.97180374e-07 4.46229578e-09 1.00000000e-10
 2015 12 06 12 00 00  3.64163933e-03 2.21227502e-03 1.21744274e-03 8.68747070e-04 6.23925053e-04 3.51080199e-04 2.50341182e-04 2.09566570e-04 4.27641721e-04 1.24425309e-04 2.98343956e-03 4.42098863e-03 2.19547948e-04 6.46785188e-05 4.21283726e-05 1.21913549e-04 3.52069299e-05 6.00311905e-05 1.20552490e-04 7.14352005e-05 1.37859558e-04 1.68958007e-04 9.88877272e-05 7.04355148e-05 5.00308815e-06 8.99128136e-06 5.94980702e-06 2.45592137e-05 4.83895819e-06 1.66540761e-05 4.53994270e-05 3.74692288e-05 1.66594153e-05 4.71795964e-05 3.73891409e-05 1.37331430e-05 4.91788533e-05 5.97857813e-05 9.40650862e-06 4.23512801e-05 1.11149077e-04 2.67480704e-05 2.43831223e-04 3.88210621e-04 1.55284249e-05 1.78087832e-04 3.56679288e-05 3.37162433e-05 3.43079122e-04 5.23724872e-04 9.17826073e-05 2.63226447e-04 5.99775143e-05 1.95358026e-05 4.27807664e-05 2.19870011e-05 6.31476323e-07 6.09552355e-09 1.00000000e-10
 2015 12 07 12 00 00  3.64917055e-03 2.21676335e-03 1.22032515e-03 8.71041249e-04 6.26038648e-04 3.52064642e-04 2.51292288e-04 2.10604282e-04 4.30341767e-04 1.25050806e-04 3.00512757e-03 4.46348861e-03 2.20556479e-04 6.48107776e-05 4.21362025e-05 1.21943148e-04 3.51745111e-05 5.99660561e-05 1.20695954e-04 7.15721690e-05 1.37789165e-04 1.68788198e-04 9.88678857e-05 7.04466689e-05 5.00098613e-06 9.01129679e-06 5.95311212e-06 2.45679635e-05 4.84189222e-06 1.66613230e-05 4.53751355e-05 3.74566094e-05 1.66271711e-05 4.72201058e-05 3.75616219e-05 1.37475479e-05 4.91678815e-05 5.97528594e-05 9.42218467e-06 4.24947514e-05 1.11896433e-04 2.68630101e-05 2.45091439e-04 3.89802153e-04 1.55920861e-05 1.78582848e-04 3.54715332e-05 3.39384482e-05 3.43021548e-04 5.23591762e-04 9.20051983e-05 2.62133517e-04 5.92498869e-05 1.92711722e-05 4.21693572e-05 2.15693316e-05 6.11939112e-07 5.02565740e-09 1.00000000e-10
 2015 12 08 12 00 00  3.65542549e-03 2.22141654e-03 1.22322483e-03 8.73142365e-04 6.27871000e-04 3.52803698e-04 2.52057817e-04 2.11461323e-04 4.32578756e-04 1.25760738e-04 3.02303205e-03 4.49536219e-03 2.21544449e-04 6.52350646e-05 4.25924206e-05 1.22061990e-04 3.51075141e-05 5.98323822e-05 1.21128094e-04 7.19615724e-05 1.37601342e-04 1.68447589e-04 9.87971094e-05 7.05409321e-05 4.99659727e-06 9.12959149e-06 5.96423779e-06 2.45819153e-05 4.85056626e-06 1.66800121e-05 4.53444900e-05 3.74305760e-05 1.65622376e-05 4.73212751e-05 3.80695274e-05 1.37959534e-05 4.91646118e-05 5.97123696e-05 9.51488910e-06 4.30280081e-05 1.12833744e-04 2.71925383e-05 2.49567869e-04 3.94477527e-04 1.57791011e-05 1.80093544e-04 3.50845192e-05 3.45772947e-05 3.43908799e-04 5.25852233e-04 9.27291535e-05 2.63097808e-04 6.19829862e-05 2.02646953e-05 4.44625113e-05 2.31087116e-05 6.82029616e-07 8.72319283e-09 1.44712109e-10
 2015 12 09 12 00 00  3.67462580e-03 2.23351363e-03 1.23092994e-03 8.79100904e-04 6.33272422e-04 3.55252980e-04 2.54459366e-04 2.14094873e-04 4.39447757e-04 1.27486169e-04 3.07818587e-03 4.60160598e-03 2.24216282e-04 6.57268890e-05 4.27818031e-05 1.22752078e-04 3.52529256e-05 6.01256790e-05 1.21900221e-04 7.24897895e-05 1.38342946e-04 1.69221738e-04 9.92290912e-05 7.08357760e-05 5.00597416e-06 9.12178875e-06 5.97370017e-06 2.46539100e-05 4.86241188e-06 1.67400302e-05 4.56307370e-05 3.74872179e-05 1.67089194e-05 4.76857757e-05 3.87626264e-05 1.38370262e-05 4.96767431e-05 6.03745457e-05 9.50875765e-06 4.36940250e-05 1.15702712e-04 2.76402017e-05 2.53822667e-04 4.00855027e-04 1.60342011e-05 1.84460051e-04 3.59882804e-05 3.54455871e-05 3.49616730e-04 5.32253762e-04 9.43399369e-05 2.67482504e-04 6.39376769e-05 2.09753948e-05 4.61035614e-05 2.42183052e-05 7.33124148e-07 1.14618052e-08 3.94911837e-10
 2015 12 10 12 00 00  3.69425867e-03 2.24651623e-03 1.23915445e-03 8.85331903e-04 6.38854542e-04 3.57704757e-04 2.56899281e-04 2.16785722e-04 4.46469078e-04 1.29381224e-04 3.13451820e-03 4.70784940e-03 2.27051767e-04 6.64659680e-05 4.33347693e-05 1.23714681e-04 3.54769931e-05 6.05777313e-05 1.22999730e-04 7.32199987e-05 1.39421126e-04 1.70415632e-04 9.98416669e-05 7.11971488e-05 5.02041985e-06 9.08423826e-06 5.98043553e-06 2.47478012e-05 4.87880061e-06 1.68214206e-05 4.60539188e-05 3.75744945e-05 1.69351071e-05 4.81305236e-05 3.97214637e-05 1.38662945e-05 5.04108856e-05 6.13128426e-05 9.47929002e-06 4.43837268e-05 1.18917445e-04 2.82591529e-05 2.57827070e-04 4.09677293e-04 1.63870917e-05 1.90224634e-04 3.73826973e-05 3.66461871e-05 3.58194077e-04 5.42554197e-04 9.65915954e-05 2.72318539e-04 6.43859099e-05 2.11384953e-05 4.64807967e-05 2.44807738e-05 7.45738248e-07 1.21772693e-08 4.61257477e-10
 2015 12 11 12 00 00  3.70813214e-03 2.25588929e-03 1.24506755e-03 8.89776461e-04 6.42817809e-04 3.59421780e-04 2.58619025e-04 2.18686982e-04 4.51430707e-04 1.30758778e-04 3.17430810e-03 4.78221960e-03 2.29086125e-04 6.70010024e-05 4.36833242e-05 1.25453919e-04 3.60116013e-05 6.16529316e-05 1.24178672e-04 7.37930299e-05 1.41669134e-04 1.73227461e-04 1.01039522e-04 7.18053413e-05 5.05504177e-06 9.04559201e-06 6.01401443e-06 2.48939770e-05 4.89162921e-06 1.69470822e-05 4.68759879e-05 3.77825927e-05 1.74687302e-05 4.88506861e-05 4.04721883e-05 1.40123549e-05 5.17361303e-05 6.32389701e-05 9.44894928e-06 4.58554679e-05 1.23573773e-04 2.87446077e-05 2.70558967e-04 4.16585737e-04 1.66634295e-05 1.99912646e-04 4.06425854e-05 3.75876523e-05 3.72836540e-04 5.58233239e-04 9.95623911e-05 2.84848754e-04 6.75801091e-05 2.22997455e-05 4.91616212e-05 2.62867012e-05 8.28418413e-07 1.65731301e-08 8.61973604e-10
 2015 12 12 12 00 00  3.72205458e-03 2.26537864e-03 1.25104702e-03 8.94250780e-04 6.46796833e-04 3.61136933e-04 2.60341892e-04 2.20593531e-04 4.56408358e-04 1.32157897e-04 3.21422070e-03 4.85658869e-03 2.31140693e-04 6.75023899e-05 4.39110953e-05 1.26477932e-04 3.63175990e-05 6.22688211e-05 1.25175541e-04 7.43917073e-05 1.43003414e-04 1.74842043e-04 1.01777484e-04 7.22137072e-05 5.07483674e-06 9.19706727e-06 6.01695028e-06 2.50045142e-05 4.90505408e-06 1.70269981e-05 4.73889652e-05 3.79017205e-05 1.77750131e-05 4.93626628e-05 4.12576832e-05 1.40251330e-05 5.25958875e-05 6.43584661e-05 9.56767035e-06 4.65092535e-05 1.26341540e-04 2.92519690e-05 2.73905408e-04 4.23813472e-04 1.69525389e-05 2.05783639e-04 4.25178849e-05 3.85717256e-05 3.82203599e-04 5.68590068e-04 1.01732715e-04 2.92519048e-04 6.99229333e-05 2.31513784e-05 5.11271928e-05 2.76051004e-05 8.88370107e-07 1.97299840e-08 1.14897585e-09
 2015 12 13 12 00 00  3.73155826e-03 2.27126560e-03 1.25480545e-03 8.97164821e-04 6.49441827e-04 3.62355174e-04 2.61530329e-04 2.21893473e-04 4.59804086e-04 1.32989361e-04 3.24150191e-03 4.90970835e-03 2.32444256e-04 6.77936015e-05 4.41785966e-05 1.26259474e-04 3.61153361e-05 6.18642196e-05 1.25276993e-04 7.46161735e-05 1.42308004e-04 1.73802328e-04 1.01438909e-04 7.22152368e-05 5.06163487e-06 9.16850040e-06 6.03286317e-06 2.49792758e-05 4.91021201e-06 1.70220635e-05 4.71583055e-05 3.78230819e-05 1.75770940e-05 4.93292654e-05 4.15587419e-05 1.40943666e-05 5.22748476e-05 6.39113915e-05 9.54526404e-06 4.70175674e-05 1.27175763e-04 2.94432335e-05 2.78658086e-04 4.26579679e-04 1.70631871e-05 2.05632270e-04 4.13286325e-05 3.89433641e-05 3.79453529e-04 5.66632915e-04 1.01763450e-04 2.91774741e-04 7.37474915e-05 2.45417392e-05 5.43366647e-05 2.97639838e-05 9.86982730e-07 2.49559235e-08 1.62493254e-09
 2015 12 14 12 00 00  3.73503555e-03 2.27297204e-03 1.25593567e-03 8.98122571e-04 6.50352415e-04 3.62836358e-04 2.61974059e-04 2.22367320e-04 4.61044218e-04 1.33199664e-04 3.25150586e-03 4.93095405e-03 2.32845914e-04 6.77762197e-05 4.41431518e-05 1.26818544e-04 3.63531144e-05 6.23427331e-05 1.25412163e-04 7.45578844e-05 1.43285499e-04 1.75056206e-04 1.01935282e-04 7.24132285e-05 5.07701989e-06 8.99426959e-06 6.03439403e-06 2.50203172e-05 4.90905986e-06 1.70559976e-05 4.74826126e-05 3.79156525e-05 1.78149683e-05 4.95410097e-05 4.14903538e-05 1.41010285e-05 5.27677214e-05 6.46386182e-05 9.40866812e-06 4.71543009e-05 1.28383597e-04 2.93951074e-05 2.79181653e-04 4.25945484e-04 1.70378194e-05 2.08016812e-04 4.27844760e-05 3.88508401e-05 3.84258064e-04 5.71525749e-04 1.02329864e-04 2.97263634e-04 7.51751284e-05 2.50608527e-05 5.55355469e-05 3.05771566e-05 1.02460958e-06 2.69862468e-08 1.81076096e-09
 2015 12 15 12 00 00  3.72486120e-03 2.26577685e-03 1.25142309e-03 8.94774782e-04 6.47389756e-04 3.61600709e-04 2.60717060e-04 2.20968603e-04 4.57400111e-04 1.32120598e-04 3.22231852e-03 4.87782843e-03 2.31297943e-04 6.72660632e-05 4.37265643e-05 1.25927091e-04 3.61433602e-05 6.19232946e-05 1.24569380e-04 7.40313320e-05 1.42376173e-04 1.73979659e-04 1.01428686e-04 7.20659510e-05 5.06332181e-06 9.21117171e-06 6.00947787e-06 2.49553686e-05 4.89745216e-06 1.69831036e-05 4.71245116e-05 3.78341065e-05 1.76099958e-05 4.91972754e-05 4.08099731e-05 1.39926182e-05 5.21704896e-05 6.37705478e-05 9.57865559e-06 4.61534694e-05 1.25559643e-04 2.89505319e-05 2.70831056e-04 4.19678534e-04 1.67871413e-05 2.02576967e-04 4.15542454e-05 3.79895879e-05 3.76926826e-04 5.63010468e-04 1.00465956e-04 2.90821298e-04 7.18131285e-05 2.38389563e-05 5.27164510e-05 2.86985037e-05 9.40062739e-07 2.26008154e-08 1.41375107e-09
 2015 12 16 12 00 00  3.72134899e-03 2.26410038e-03 1.25030600e-03 8.93782686e-04 6.46423903e-04 3.61104690e-04 2.60260407e-04 2.20479352e-04 4.56134405e-04 1.31913167e-04 3.21213358e-03 4.85657565e-03 2.30893087e-04 6.72422274e-05 4.36683450e-05 1.25044477e-04 3.57514800e-05 6.11387251e-05 1.24274194e-04 7.40852323e-05 1.40816559e-04 1.71957966e-04 1.00635852e-04 7.18470633e-05 5.03777483e-06 9.42006809e-06 6.01262145e-06 2.48808679e-05 4.89887934e-06 1.69272150e-05 4.66087150e-05 3.76817188e-05 1.72253320e-05 4.89129164e-05 4.08921333e-05 1.40062606e-05 5.13832054e-05 6.26322788e-05 9.74239156e-06 4.61811697e-05 1.23966297e-04 2.89980118e-05 2.71313364e-04 4.20427532e-04 1.68171013e-05 1.99014239e-04 3.92367947e-05 3.80828395e-05 3.69043676e-04 5.55054419e-04 9.95201397e-05 2.86227476e-04 7.51877487e-05 2.50658019e-05 5.55487206e-05 3.06066406e-05 1.02743569e-06 2.72471830e-08 1.83732780e-09
 2015 12 17 12 00 00  3.70423679e-03 2.25360446e-03 1.24359386e-03 8.88519742e-04 6.41615326e-04 3.58896154e-04 2.58109924e-04 2.18126673e-04 4.50004968e-04 1.30432193e-04 3.16291835e-03 4.76095378e-03 2.28555020e-04 6.68324425e-05 4.34771179e-05 1.24835975e-04 3.58006568e-05 6.12388190e-05 1.23822971e-04 7.36899616e-05 1.40878999e-04 1.72229643e-04 1.00628566e-04 7.16886939e-05 5.04090422e-06 9.15641504e-06 5.99722371e-06 2.48390999e-05 4.89023805e-06 1.68984030e-05 4.66170913e-05 3.77009157e-05 1.72765649e-05 4.86821419e-05 4.03851620e-05 1.39392592e-05 5.13225219e-05 6.25850647e-05 9.53577182e-06 4.54230214e-05 1.21841863e-04 2.86648661e-05 2.64846415e-04 4.15755516e-04 1.66302207e-05 1.96834480e-04 3.95604700e-05 3.74378462e-05 3.68086723e-04 5.53481037e-04 9.87256813e-05 2.84254158e-04 7.13719079e-05 2.36787195e-05 5.23473588e-05 2.84595593e-05 9.29817622e-07 2.21081713e-08 1.37015093e-09
 2015 12 18 12 00 00  3.70015034e-03 2.25071062e-03 1.24177833e-03 8.87166255e-04 6.40413670e-04 3.58399698e-04 2.57603578e-04 2.17562291e-04 4.48537319e-04 1.29996662e-04 3.15118060e-03 4.73970212e-03 2.27930362e-04 6.66686449e-05 4.34284154e-05 1.24459482e-04 3.56840843e-05 6.10056857e-05 1.23445210e-04 7.34702277e-05 1.40395509e-04 1.71631009e-04 1.00360612e-04 7.15353402e-05 5.03329211e-06 9.17468060e-06 5.99521154e-06 2.48018593e-05 4.88554942e-06 1.68686320e-05 4.64312741e-05 3.76555981e-05 1.71625928e-05 4.85119209e-05 4.01093363e-05 1.39304961e-05 5.10132486e-05 6.21726630e-05 9.55011928e-06 4.51818659e-05 1.20879555e-04 2.84806214e-05 2.63667888e-04 4.13209872e-04 1.65283949e-05 1.94707179e-04 3.88761546e-05 3.70817375e-05 3.64664947e-04 5.49812127e-04 9.79246641e-05 2.81229420e-04 7.02237641e-05 2.32613368e-05 5.13839174e-05 2.78118974e-05 9.00263058e-07 2.05441246e-08 1.22775923e-09
 2015 12 19 12 00 00  3.69612758e-03 2.24793583e-03 1.24003178e-03 8.85854758e-04 6.39244466e-04 3.57905473e-04 2.57104252e-04 2.17007918e-04 4.47094194e-04 1.29583888e-04 3.13962790e-03 4.71845195e-03 2.27328592e-04 6.64951746e-05 4.33148460e-05 1.25112185e-04 3.59535770e-05 6.15462544e-05 1.23442693e-04 7.32792425e-05 1.41421771e-04 1.73032647e-04 1.00868451e-04 7.17355030e-05 5.05081334e-06 9.07778813e-06 6.01645625e-06 2.48412219e-05 4.88143851e-06 1.69053075e-05 4.67724997e-05 3.77604360e-05 1.74289889e-05 4.87242295e-05 3.98677425e-05 1.40229677e-05 5.15107700e-05 6.30110604e-05 9.47411536e-06 4.57564388e-05 1.22132040e-04 2.83201894e-05 2.70296404e-04 4.10981369e-04 1.64392548e-05 1.97804600e-04 4.04905586e-05 3.67714732e-05 3.69707965e-04 5.54438836e-04 9.84159740e-05 2.87586657e-04 7.22172443e-05 2.39859065e-05 5.30558563e-05 2.89290588e-05 9.50755265e-07 2.31795845e-08 1.46676866e-09
 2015 12 20 12 00 00  3.68841145e-03 2.24305540e-03 1.23692420e-03 8.83443829e-04 6.37054479e-04 3.56921073e-04 2.56137103e-04 2.15945858e-04 4.44328730e-04 1.28884802e-04 3.11743933e-03 4.67595197e-03 2.26249002e-04 6.62368632e-05 4.31028020e-05 1.25810030e-04 3.63136758e-05 6.22686988e-05 1.23470377e-04 7.30532513e-05 1.42767896e-04 1.74906975e-04 1.01538874e-04 7.18975485e-05 5.07421719e-06 9.26718349e-06 6.01675820e-06 2.49101108e-05 4.87653706e-06 1.69412528e-05 4.72274008e-05 3.79005243e-05 1.77851878e-05 4.89828774e-05 3.95799405e-05 1.40243108e-05 5.21827441e-05 6.40126213e-05 9.62260092e-06 4.58234284e-05 1.22607793e-04 2.81300425e-05 2.71731691e-04 4.08327816e-04 1.63331126e-05 2.00608588e-04 4.26504092e-05 3.64035426e-05 3.76123579e-04 5.60188151e-04 9.89452054e-05 2.92572081e-04 7.01157189e-05 2.32219014e-05 5.12921216e-05 2.77411718e-05 8.96388349e-07 2.02903799e-08 1.20342900e-09
 2015 12 21 12 00 00  3.69348130e-03 2.24523167e-03 1.23840132e-03 8.84794693e-04 6.38385989e-04 3.57654176e-04 2.56796672e-04 2.16644076e-04 4.46144343e-04 1.29129654e-04 3.13210884e-03 4.70782705e-03 2.26786744e-04 6.61914287e-05 4.31095215e-05 1.26648643e-04 3.66621971e-05 6.29678078e-05 1.23573908e-04 7.28819461e-05 1.44187161e-04 1.76719742e-04 1.02249158e-04 7.21966632e-05 5.09687452e-06 9.41525941e-06 6.02797445e-06 2.49922235e-05 4.87280922e-06 1.69925565e-05 4.76830844e-05 3.80361074e-05 1.81297204e-05 4.93785452e-05 3.93611292e-05 1.40731194e-05 5.28863022e-05 6.50786569e-05 9.73866408e-06 4.63423260e-05 1.24654187e-04 2.79858039e-05 2.76878927e-04 4.06310786e-04 1.62524314e-05 2.04365643e-04 4.47384315e-05 3.61243758e-05 3.82838850e-04 5.67109227e-04 9.96314506e-05 3.01339646e-04 7.33962474e-05 2.44144128e-05 5.40445139e-05 2.95882389e-05 9.80445458e-07 2.47214714e-08 1.60640248e-09
 2015 12 22 12 00 00  3.69852354e-03 2.25013538e-03 1.24136835e-03 8.86746397e-04 6.39979642e-04 3.58155767e-04 2.57386487e-04 2.17332932e-04 4.47944608e-04 1.29940740e-04 3.14644022e-03 4.72907797e-03 2.27772237e-04 6.66764532e-05 4.33895350e-05 1.27356944e-04 3.68325913e-05 6.33098884e-05 1.24523646e-04 7.35433365e-05 1.44902062e-04 1.77609259e-04 1.02670587e-04 7.25265928e-05 5.10793834e-06 9.42486295e-06 6.03506160e-06 2.50588316e-05 4.88760998e-06 1.70526863e-05 4.80118496e-05 3.81024089e-05 1.82986973e-05 4.97078808e-05 4.02273057e-05 1.41039665e-05 5.34441916e-05 6.57866348e-05 9.74617433e-06 4.70151104e-05 1.26292595e-04 2.85460585e-05 2.80387091e-04 4.14281878e-04 1.65712751e-05 2.08975921e-04 4.57652204e-05 3.72108858e-05 3.89670605e-04 5.75076710e-04 1.01566481e-04 3.07766188e-04 7.75306484e-05 2.59173865e-05 5.75138132e-05 3.19203918e-05 1.08686470e-06 3.03530143e-08 2.11909548e-09
 2015 12 23 12 00 00  3.70076613e-03 2.25197969e-03 1.24250411e-03 8.87549454e-04 6.40669451e-04 3.58408616e-04 2.57658990e-04 2.17642893e-04 4.48749469e-04 1.30233011e-04 3.15286709e-03 4.73970473e-03 2.28156981e-04 6.68294767e-05 4.34785960e-05 1.25990185e-04 3.62340477e-05 6.21095009e-05 1.24238737e-04 7.37402937e-05 1.42571146e-04 1.74498606e-04 1.01494201e-04 7.21955938e-05 5.06901561e-06 9.44902204e-06 6.02261243e-06 2.49435976e-05 4.89193444e-06 1.69713855e-05 4.72301417e-05 3.78695724e-05 1.77074253e-05 4.92424498e-05 4.04809078e-05 1.40497970e-05 5.22664992e-05 6.40070924e-05 9.76507508e-06 4.66012091e-05 1.24013283e-04 2.87122210e-05 2.75103299e-04 4.16618378e-04 1.66647351e-05 2.02972217e-04 4.21839533e-05 3.75326810e-05 3.77880807e-04 5.63832303e-04 1.00229358e-04 2.99827071e-04 8.15419817e-05 2.73756537e-05 6.08800647e-05 3.41850870e-05 1.19033580e-06 3.58383183e-08 2.61872195e-09
 2015 12 24 12 00 00  3.69908646e-03 2.25124601e-03 1.24200729e-03 8.87107118e-04 6.40238904e-04 3.58169296e-04 2.57442560e-04 2.17413731e-04 4.48149559e-04 1.30150072e-04 3.14802779e-03 4.72908244e-03 2.27977418e-04 6.68085478e-05 4.33865743e-05 1.25131940e-04 3.58634046e-05 6.13666838e-05 1.23972116e-04 7.37942522e-05 1.41098473e-04 1.72578056e-04 1.00747788e-04 7.19296082e-05 5.04488889e-06 9.40433092e-06 6.02117434e-06 2.48619597e-05 4.89311205e-06 1.69175848e-05 4.67350707e-05 3.77254095e-05 1.73422231e-05 4.88948972e-05 4.05500119e-05 1.40435193e-05 5.15065654e-05 6.29069091e-05 9.72991256e-06 4.63742898e-05 1.22490092e-04 2.87576782e-05 2.73232734e-04 4.17255259e-04 1.66902104e-05 1.99254218e-04 3.99767101e-05 3.76206852e-05 3.70282966e-04 5.55857531e-04 9.93042877e-05 2.92858668e-04 8.12450593e-05 2.72680236e-05 6.06331386e-05 3.40368692e-05 1.18484845e-06 3.56439195e-08 2.60344688e-09
 2015 12 25 12 00 00  3.68509367e-03 2.24159972e-03 1.23593831e-03 8.82590077e-04 6.36234885e-04 3.56454995e-04 2.55714447e-04 2.15499051e-04 4.43148780e-04 1.28721912e-04 3.10793246e-03 4.65471335e-03 2.25895535e-04 6.62433471e-05 4.30384898e-05 1.23528543e-04 3.53539333e-05 6.03454362e-05 1.22755798e-04 7.31624314e-05 1.38980612e-04 1.69935894e-04 9.96082409e-05 7.13273055e-05 5.01173417e-06 9.15397177e-06 6.00116618e-06 2.46988586e-05 4.87888574e-06 1.67975619e-05 4.59474294e-05 3.75272415e-05 1.68398590e-05 4.81438850e-05 3.97179741e-05 1.39564465e-05 5.02210864e-05 6.11223682e-05 9.53360941e-06 4.51204784e-05 1.18365036e-04 2.82217457e-05 2.63481596e-04 4.09601176e-04 1.63840470e-05 1.90306762e-04 3.69385991e-05 3.65808810e-05 3.56299920e-04 5.40627011e-04 9.64060819e-05 2.80294573e-04 7.71385941e-05 2.57756048e-05 5.71901470e-05 3.17452719e-05 1.08192141e-06 3.03206761e-08 2.12193836e-09
 2015 12 26 12 00 00  3.67158296e-03 2.23297674e-03 1.23045539e-03 8.78373861e-04 6.32425095e-04 3.54741749e-04 2.54027550e-04 2.13646265e-04 4.38314850e-04 1.27484810e-04 3.06913707e-03 4.58034426e-03 2.23996788e-04 6.58255462e-05 4.27673770e-05 1.21779183e-04 3.47260124e-05 5.90862182e-05 1.21697075e-04 7.27552280e-05 1.36394633e-04 1.66673490e-04 9.82503268e-05 7.06516434e-05 4.97089786e-06 9.08896618e-06 5.98865045e-06 2.45305462e-05 4.86981698e-06 1.66741472e-05 4.50296436e-05 3.72829818e-05 1.62197175e-05 4.73477771e-05 3.91869806e-05 1.39019627e-05 4.87560886e-05 5.90618072e-05 9.48259913e-06 4.40926729e-05 1.14216991e-04 2.78771622e-05 2.56603107e-04 4.04713165e-04 1.61885266e-05 1.81420477e-04 3.31832329e-05 3.59128637e-05 3.40980510e-04 5.23989709e-04 9.37012775e-05 2.63942037e-04 7.07793841e-05 2.34645579e-05 5.18590334e-05 2.82021436e-05 9.23157029e-07 2.21382674e-08 1.38254759e-09
 2015 12 27 12 00 00  3.66994456e-03 2.23232387e-03 1.23000453e-03 8.77956863e-04 6.32012250e-04 3.54503997e-04 2.53815109e-04 2.13422570e-04 4.37728779e-04 1.27416776e-04 3.06441339e-03 4.56972234e-03 2.23831422e-04 6.58505110e-05 4.27726557e-05 1.20633501e-04 3.42773361e-05 5.81864151e-05 1.21379173e-04 7.28247804e-05 1.34612712e-04 1.64342142e-04 9.73467988e-05 7.01974025e-05 4.94171909e-06 9.10710805e-06 5.96717691e-06 2.44371108e-05 4.87140205e-06 1.66021322e-05 4.44253846e-05 3.71084432e-05 1.57765651e-05 4.68544489e-05 3.92795482e-05 1.38085074e-05 4.78292097e-05 5.76399133e-05 9.49675014e-06 4.31991649e-05 1.11718937e-04 2.79363157e-05 2.48701922e-04 4.05564161e-04 1.62225664e-05 1.75882808e-04 3.04994872e-05 3.60277336e-05 3.31584543e-04 5.14240147e-04 9.24503937e-05 2.50266794e-04 6.33836753e-05 2.07766816e-05 4.56579324e-05 2.40723389e-05 7.37489071e-07 1.25221881e-08 5.12384135e-10
 2015 12 28 12 00 00  3.66032000e-03 2.22620021e-03 1.22610924e-03 8.74963731e-04 6.29309034e-04 3.53283140e-04 2.52614246e-04 2.12104474e-04 4.34287345e-04 1.26540251e-04 3.03678843e-03 4.51660231e-03 2.22483065e-04 6.55856259e-05 4.26513309e-05 1.20384637e-04 3.41918494e-05 5.80154068e-05 1.20964481e-04 7.25434977e-05 1.34203642e-04 1.63902633e-04 9.71081497e-05 7.01147973e-05 4.93613989e-06 9.66648295e-06 5.98390397e-06 2.44282966e-05 4.86508143e-06 1.65781430e-05 4.42685033e-05 3.70752066e-05 1.56929003e-05 4.68313556e-05 3.89098132e-05 1.38812582e-05 4.75744691e-05 5.73670894e-05 9.93521026e-06 4.36160313e-05 1.10983664e-04 2.76978302e-05 2.55269772e-04 4.02162460e-04 1.60864984e-05 1.74927094e-04 2.99967127e-05 3.55650962e-05 3.28746916e-04 5.10929986e-04 9.17310688e-05 2.50403753e-04 6.57820114e-05 2.16488941e-05 4.76729499e-05 2.54468749e-05 8.01645967e-07 1.60252071e-08 8.34021829e-10
 2015 12 29 12 00 00  3.65082456e-03 2.22035174e-03 1.22237165e-03 8.72051410e-04 6.26657889e-04 3.52062289e-04 2.51424385e-04 2.10803021e-04 4.30890856e-04 1.25715166e-04 3.00951160e-03 4.46348228e-03 2.21184091e-04 6.52824015e-05 4.23488305e-05 1.19440682e-04 3.39475751e-05 5.75258106e-05 1.20466458e-04 7.23232748e-05 1.33154235e-04 1.62636400e-04 9.65557299e-05 6.97770528e-05 4.92024083e-06 9.22670806e-06 5.94473604e-06 2.43312074e-05 4.86014687e-06 1.65082582e-05 4.39002470e-05 3.69802001e-05 1.54521331e-05 4.63463685e-05 3.86210595e-05 1.37108131e-05 4.69585937e-05 5.64007625e-05 9.59032841e-06 4.21835069e-05 1.07737008e-04 2.75112252e-05 2.40123787e-04 3.99505415e-04 1.59802166e-05 1.69157502e-04 2.85411195e-05 3.52031755e-05 3.21868767e-04 5.03368519e-04 9.03168918e-05 2.42999709e-04 6.19074704e-05 2.02408041e-05 4.44246976e-05 2.32871429e-05 7.04805069e-07 1.10292145e-08 3.82436927e-10
 2015 12 30 12 00 00  3.64268286e-03 2.21453104e-03 1.21872655e-03 8.69378197e-04 6.24309478e-04 3.51082498e-04 2.50424174e-04 2.09689693e-04 4.27981752e-04 1.24841212e-04 2.98620435e-03 4.42098640e-03 2.19938600e-04 6.49317274e-05 4.21729199e-05 1.19537534e-04 3.40946019e-05 5.78214764e-05 1.20076531e-04 7.18925381e-05 1.33671019e-04 1.63409380e-04 9.67803056e-05 6.97073646e-05 4.92976360e-06 9.04799963e-06 5.93730583e-06 2.43253417e-05 4.85046912e-06 1.65014915e-05 4.40349315e-05 3.70374240e-05 1.55988353e-05 4.62796458e-05 3.80549231e-05 1.36784744e-05 4.71136762e-05 5.66891574e-05 9.45015418e-06 4.17061126e-05 1.07050462e-04 2.71460332e-05 2.36948243e-04 3.94296635e-04 1.57718654e-05 1.68474747e-04 2.94370693e-05 3.44947533e-05 3.22860682e-04 5.03672289e-04 8.97686342e-05 2.42492973e-04 5.77148454e-05 1.87170641e-05 4.09094066e-05 2.09469419e-05 5.99660092e-07 5.58859288e-09 1.00000000e-10
 2015 12 31 12 00 00  3.63518370e-03 2.21005075e-03 1.21585006e-03 8.67109017e-04 6.22229627e-04 3.50107531e-04 2.49481209e-04 2.08661420e-04 4.25298243e-04 1.24218146e-04 2.96465045e-03 4.37849090e-03 2.18934980e-04 6.47162630e-05 4.19436537e-05 1.19620636e-04 3.41814011e-05 5.79972111e-05 1.19976647e-04 7.17586488e-05 1.33945902e-04 1.63878712e-04 9.69147603e-05 6.96753632e-05 4.93533043e-06 9.03497639e-06 5.93419136e-06 2.43270772e-05 4.84751836e-06 1.64998589e-05 4.41339054e-05 3.70712631e-05 1.56875816e-05 4.62578431e-05 3.78819503e-05 1.36648727e-05 4.72403177e-05 5.68925022e-05 9.43987470e-06 4.15157622e-05 1.06480483e-04 2.70329940e-05 2.35713940e-04 3.92703402e-04 1.57081361e-05 1.68579370e-04 2.99897394e-05 3.42757732e-05 3.23970798e-04 5.04082772e-04 8.97212091e-05 2.41967884e-04 5.47904783e-05 1.76544514e-05 3.84589292e-05 1.93271350e-05 5.27718026e-07 2.75592527e-09 1.00000000e-10
 2016 01 01 12 00 00  3.63382208e-03 2.20721646e-03 1.21422275e-03 8.66247839e-04 6.21652528e-04 3.50098190e-04 2.49358693e-04 2.08478685e-04 4.24814914e-04 1.23686272e-04 2.96092624e-03 4.37849090e-03 2.18420243e-04 6.43459625e-05 4.18550173e-05 1.20247122e-04 3.45246954e-05 5.86878916e-05 1.19522080e-04 7.11206812e-05 1.35322865e-04 1.65686944e-04 9.75541898e-05 6.98322513e-05 4.95755157e-06 8.99748775e-06 5.94291741e-06 2.43704855e-05 4.83332733e-06 1.65244492e-05 4.45191576e-05 3.72049020e-05 1.60306794e-05 4.64829849e-05 3.70509253e-05 1.37027906e-05 4.77863726e-05 5.78219050e-05 9.41043472e-06 4.16363640e-05 1.07623996e-04 2.64932809e-05 2.38775189e-04 3.85053080e-04 1.54021232e-05 1.70319993e-04 3.20878578e-05 3.32295545e-05 3.28527664e-04 5.08336790e-04 8.94032556e-05 2.48921419e-04 5.58052200e-05 1.80237987e-05 3.93137186e-05 1.99280097e-05 5.57021968e-07 3.87688459e-09 1.00000000e-10
