#START
 2023 01 01 12 00 00  3.83855951e-03 2.33215020e-03 1.29415139e-03 9.36797080e-04 6.90362084e-04 3.78322498e-04 2.76752674e-04 2.38844754e-04 5.00508051e-04 1.42214457e-04 3.56734071e-03 5.43223284e-03 2.47475832e-04 7.18802877e-05 4.61256603e-05 1.35642475e-04 3.99394485e-05 6.91904919e-05 1.35700349e-04 7.86603661e-05 1.55241402e-04 1.89898141e-04 1.08191873e-04 7.56888747e-05 5.32644772e-06 9.25743661e-06 6.04152956e-06 2.63656778e-05 4.95014901e-06 1.79104332e-05 5.11463885e-05 3.92960181e-05 2.07325662e-05 5.30931104e-05 4.42073215e-05 1.41399098e-05 5.93909215e-05 7.36755394e-05 9.62400736e-06 5.09899244e-05 1.51692566e-04 3.24508757e-05 3.01630437e-04 4.52574728e-04 1.81029891e-05 2.46595947e-04 5.73013909e-05 4.45092301e-05 4.57521615e-04 6.47622893e-04 1.17867061e-04 3.78322557e-04 1.19863274e-04 4.12126263e-05 9.23625714e-05 4.99707410e-05 1.52461989e-06 2.44889051e-08 8.52471871e-10
 2023 01 02 12 00 00  3.83866676e-03 2.33512253e-03 1.29578112e-03 9.37482379e-04 6.90688795e-04 3.78098878e-04 2.76697669e-04 2.38855018e-04 5.00539900e-04 1.42826205e-04 3.56739582e-03 5.42161316e-03 2.47967846e-04 7.23894347e-05 4.62786885e-05 1.34923614e-04 3.95026436e-05 6.83119812e-05 1.36356442e-04 7.95409956e-05 1.53486015e-04 1.87600528e-04 1.07377126e-04 7.54466028e-05 5.29816098e-06 9.14848497e-06 6.03987864e-06 2.63017155e-05 4.96989014e-06 1.78852471e-05 5.06652881e-05 3.91259906e-05 2.02965370e-05 5.27518003e-05 4.53624350e-05 1.41327808e-05 5.87022884e-05 7.25404031e-05 9.53874405e-06 5.09655055e-05 1.50444565e-04 3.31971358e-05 2.99989920e-04 4.63203715e-04 1.85281486e-05 2.45029299e-04 5.46375348e-05 4.59566392e-05 4.52214630e-04 6.42322845e-04 1.18484826e-04 3.66959002e-04 1.15119770e-04 3.94875551e-05 8.83773449e-05 4.72533721e-05 1.39786645e-06 1.75739817e-08 2.17707008e-10
 2023 01 03 12 00 00  3.87189742e-03 2.35406912e-03 1.30802858e-03 9.47373317e-04 6.99870747e-04 3.82507273e-04 2.80906449e-04 2.43422965e-04 5.12439137e-04 1.45402693e-04 3.66308544e-03 5.61285578e-03 2.52268184e-04 7.30209614e-05 4.68187483e-05 1.35245970e-04 3.94878472e-05 6.82791695e-05 1.36763669e-04 7.98603636e-05 1.53699061e-04 1.87489115e-04 1.07516265e-04 7.56461567e-05 5.29734607e-06 9.39100646e-06 6.04774432e-06 2.63686307e-05 4.97698347e-06 1.79266302e-05 5.06979203e-05 3.91201000e-05 2.02762356e-05 5.30882948e-05 4.57778806e-05 1.41670695e-05 5.88504987e-05 7.26771789e-05 9.72899288e-06 5.15760707e-05 1.53911903e-04 3.34672251e-05 3.04896171e-04 4.67028630e-04 1.86811452e-05 2.47224486e-04 5.44858922e-05 4.64801415e-05 4.53617319e-04 6.45408360e-04 1.19145726e-04 3.69116729e-04 1.18495066e-04 4.07140305e-05 9.12057600e-05 4.91235926e-05 1.48097391e-06 2.18039048e-08 5.98556671e-10
 2023 01 04 12 00 00  3.87279132e-03 2.35585109e-03 1.30905348e-03 9.47944996e-04 7.00276595e-04 3.82525720e-04 2.80993896e-04 2.43549821e-04 5.12763357e-04 1.45738361e-04 3.66559247e-03 5.61286137e-03 2.52596492e-04 7.32606212e-05 4.68857001e-05 1.36820191e-04 4.00870340e-05 6.94780960e-05 1.37776581e-04 8.02633469e-05 1.56028197e-04 1.90572812e-04 1.08745280e-04 7.61206307e-05 5.33643979e-06 9.34296695e-06 6.05817841e-06 2.65109113e-05 4.98582813e-06 1.80358680e-05 5.15540653e-05 3.93530732e-05 2.08631522e-05 5.36636457e-05 4.62965807e-05 1.42125413e-05 6.01884801e-05 7.45747022e-05 9.69150351e-06 5.22515292e-05 1.56675705e-04 3.38071579e-05 3.10064371e-04 4.71807613e-04 1.88723045e-05 2.55216827e-04 5.80155989e-05 4.71384701e-05 4.67992281e-04 6.59876383e-04 1.21721137e-04 3.78615998e-04 1.16511797e-04 3.99926836e-05 8.95388843e-05 4.79818988e-05 1.42735653e-06 1.88521980e-08 3.26947802e-10
 2023 01 05 12 00 00  3.89583008e-03 2.37026104e-03 1.31824163e-03 9.55104725e-04 7.06795936e-04 3.85480270e-04 2.83885172e-04 2.46719835e-04 5.21016894e-04 1.47791114e-04 3.73185685e-03 5.74036166e-03 2.55790818e-04 7.39262343e-05 4.73244119e-05 1.38339767e-04 4.05845582e-05 7.04716076e-05 1.38984304e-04 8.08802550e-05 1.58146220e-04 1.93111223e-04 1.09884979e-04 7.67113271e-05 5.36899497e-06 9.42073530e-06 6.06340909e-06 2.66758272e-05 4.99939561e-06 1.81548850e-05 5.23112868e-05 3.95464303e-05 2.13468564e-05 5.43947921e-05 4.70920524e-05 1.42353922e-05 6.14405949e-05 7.62558844e-05 9.75265721e-06 5.31017895e-05 1.61066542e-04 3.43277701e-05 3.14907346e-04 4.79135644e-04 1.91654258e-05 2.63198135e-04 6.09060633e-05 4.81468422e-05 4.81270301e-04 6.74779699e-04 1.24417400e-04 3.90369919e-04 1.20113597e-04 4.13015176e-05 9.25575048e-05 4.99811260e-05 1.51643270e-06 2.34041387e-08 7.37269534e-10
 2023 01 06 12 00 00  3.91455201e-03 2.38403715e-03 1.32683727e-03 9.61388156e-04 7.12306635e-04 3.87712110e-04 2.86186283e-04 2.49293300e-04 5.27720533e-04 1.49887868e-04 3.78552685e-03 5.83599024e-03 2.58726717e-04 7.48315687e-05 4.77960337e-05 1.40474299e-04 4.12586378e-05 7.18192023e-05 1.40952585e-04 8.20083951e-05 1.60915341e-04 1.96567263e-04 1.11401072e-04 7.76538541e-05 5.41303125e-06 9.61048499e-06 6.07811126e-06 2.68976807e-05 5.02440962e-06 1.83218452e-05 5.33822699e-05 3.98084667e-05 2.20049784e-05 5.54385618e-05 4.85574215e-05 1.42994802e-05 6.32039821e-05 7.86140105e-05 9.90159388e-06 5.47036281e-05 1.66260626e-04 3.52815056e-05 3.23884107e-04 4.92628315e-04 1.97051326e-05 2.75278630e-04 6.48530200e-05 4.99952061e-05 5.00677150e-04 6.96477929e-04 1.28759089e-04 4.11623245e-04 1.31944458e-04 4.56017127e-05 1.02480366e-04 5.66134876e-05 1.81634559e-06 3.90696378e-08 2.15826432e-09
 2023 01 07 12 00 00  3.91511646e-03 2.38504225e-03 1.32741889e-03 9.61760444e-04 7.12606277e-04 3.87741973e-04 2.86252472e-04 2.49384621e-04 5.27937499e-04 1.50079662e-04 3.78720687e-03 5.83600327e-03 2.58920387e-04 7.49739260e-05 4.78366906e-05 1.40701122e-04 4.13241360e-05 7.19455304e-05 1.41302355e-04 8.22422153e-05 1.61132973e-04 1.96852268e-04 1.11532090e-04 7.78348760e-05 5.41752670e-06 9.63434068e-06 6.08053379e-06 2.69266686e-05 5.02926596e-06 1.83441470e-05 5.34868580e-05 3.98337317e-05 2.20605580e-05 5.55818373e-05 4.88439400e-05 1.43101599e-05 6.33857074e-05 7.88396780e-05 9.92043642e-06 5.50297248e-05 1.66732901e-04 3.54764605e-05 3.25172420e-04 4.95276987e-04 1.98110795e-05 2.76764725e-04 6.51436450e-05 5.03712974e-05 5.02851274e-04 6.99113152e-04 1.29407522e-04 4.16888989e-04 1.37711956e-04 4.76976744e-05 1.07315092e-04 5.98240498e-05 1.96001483e-06 4.64592731e-08 2.82563377e-09
 2023 01 08 12 00 00  3.92259309e-03 2.38923720e-03 1.33013789e-03 9.64036847e-04 7.14761407e-04 3.88753343e-04 2.87215051e-04 2.50431733e-04 5.30636326e-04 1.50653629e-04 3.80889023e-03 5.87851703e-03 2.59887776e-04 7.51243238e-05 4.79586301e-05 1.41765162e-04 4.17526695e-05 7.28003448e-05 1.41805682e-04 8.23223847e-05 1.62844705e-04 1.99028390e-04 1.12412767e-04 7.82201443e-05 5.44561190e-06 9.85130318e-06 6.08429655e-06 2.70460407e-05 5.03054071e-06 1.84178329e-05 5.40627591e-05 4.00002376e-05 2.24754913e-05 5.60877700e-05 4.89217520e-05 1.43266909e-05 6.43028379e-05 8.01375554e-05 1.00906320e-05 5.55248902e-05 1.69129163e-04 3.55400785e-05 3.28908330e-04 4.96009777e-04 1.98403911e-05 2.81712405e-04 6.76144671e-05 5.04919328e-05 5.12041171e-04 7.08884037e-04 1.30756550e-04 4.26676141e-04 1.40633217e-04 4.87589123e-05 1.09761211e-04 6.14269426e-05 2.03018096e-06 4.99485012e-08 3.13764090e-09
 2023 01 09 12 00 00  3.91051117e-03 2.38051740e-03 1.32468426e-03 9.60134617e-04 7.11388868e-04 3.87324000e-04 2.85750391e-04 2.48803820e-04 5.26346059e-04 1.49350059e-04 3.77449762e-03 5.81479259e-03 2.58039553e-04 7.46035802e-05 4.76707592e-05 1.41084717e-04 4.15985967e-05 7.24853133e-05 1.40933494e-04 8.16934684e-05 1.62090113e-04 1.98161278e-04 1.11966483e-04 7.80166165e-05 5.43587630e-06 9.86334780e-06 6.08415539e-06 2.69813979e-05 5.01580107e-06 1.83613195e-05 5.37353897e-05 3.99400451e-05 2.23123570e-05 5.58000106e-05 4.80632239e-05 1.43262470e-05 6.37443715e-05 7.94552237e-05 1.01001518e-05 5.51883517e-05 1.67153743e-04 3.50018177e-05 3.27561087e-04 4.88130429e-04 1.95252172e-05 2.77394083e-04 6.65712229e-05 4.94445674e-05 5.05466136e-04 7.01530616e-04 1.28929459e-04 4.26190429e-04 1.44535052e-04 5.01764265e-05 1.13028788e-04 6.35710707e-05 2.12425771e-06 5.46438429e-08 3.55795784e-09
 2023 01 10 12 00 00  3.90460757e-03 2.37629247e-03 1.32203965e-03 9.58285573e-04 7.09816640e-04 3.86632762e-04 2.85044360e-04 2.48022846e-04 5.24266102e-04 1.48726881e-04 3.75779967e-03 5.78294136e-03 2.57150878e-04 7.43762190e-05 4.75480860e-05 1.44041167e-04 4.29312990e-05 7.51540007e-05 1.41809039e-04 8.14197003e-05 1.67244793e-04 2.05042428e-04 1.14572481e-04 7.89650967e-05 5.52273268e-06 9.82480560e-06 6.09061826e-06 2.72469853e-05 5.00894093e-06 1.85407034e-05 5.54806009e-05 4.04583028e-05 2.36214692e-05 5.69341444e-05 4.76662477e-05 1.43545491e-05 6.63970934e-05 8.33446609e-05 1.00700090e-05 5.59445969e-05 1.71489829e-04 3.47638357e-05 3.33108921e-04 4.84500689e-04 1.93800276e-05 2.90043693e-04 7.44629768e-05 4.89791739e-05 5.31931960e-04 7.28169531e-04 1.32075307e-04 4.53185961e-04 1.48425530e-04 5.15897182e-05 1.16286161e-04 6.57030025e-05 2.21739442e-06 5.92605844e-08 3.97039059e-09
 2023 01 11 12 00 00  3.89023777e-03 2.36834640e-03 1.31687940e-03 9.54176817e-04 7.06035206e-04 3.84729942e-04 2.83242488e-04 2.46080031e-04 5.19156788e-04 1.47678178e-04 3.71665205e-03 5.69797121e-03 2.55350738e-04 7.41818681e-05 4.73370767e-05 1.43381512e-04 4.26751474e-05 7.46345439e-05 1.41586096e-04 8.14057945e-05 1.66059988e-04 2.03648013e-04 1.13961259e-04 7.87849593e-05 5.50634504e-06 1.00085570e-05 6.09935596e-06 2.71897824e-05 5.00777933e-06 1.84974846e-05 5.50960554e-05 4.03584127e-05 2.33580227e-05 5.66651607e-05 4.76035289e-05 1.43927420e-05 6.57941305e-05 8.25259935e-05 1.02141079e-05 5.60635091e-05 1.69509969e-04 3.47450317e-05 3.35193663e-04 4.83950761e-04 1.93580304e-05 2.87336539e-04 7.28148210e-05 4.89382190e-05 5.26134717e-04 7.21657028e-04 1.31335499e-04 4.50596399e-04 1.51709981e-04 5.27823913e-05 1.19032772e-04 6.74738081e-05 2.29277576e-06 6.28417339e-08 4.28612026e-09
 2023 01 12 12 00 00  3.88781216e-03 2.36575504e-03 1.31532652e-03 9.53295731e-04 7.05404298e-04 3.84530107e-04 2.82987458e-04 2.45781130e-04 5.18327752e-04 1.47253868e-04 3.71002249e-03 5.68737164e-03 2.54857323e-04 7.39629504e-05 4.72490451e-05 1.45652377e-04 4.37002338e-05 7.66872836e-05 1.42128441e-04 8.10673810e-05 1.70048887e-04 2.08941360e-04 1.15963359e-04 7.95640065e-05 5.57315070e-06 1.01106169e-05 6.10887437e-06 2.73993972e-05 4.99930575e-06 1.86333374e-05 5.64194716e-05 4.07570478e-05 2.43650487e-05 5.76000803e-05 4.71131731e-05 1.44343212e-05 6.78123848e-05 8.55165282e-05 1.02941740e-05 5.68335091e-05 1.73150302e-04 3.44509172e-05 3.41370661e-04 4.79467115e-04 1.91786846e-05 2.96945125e-04 7.88859266e-05 4.83630894e-05 5.45982274e-04 7.41856470e-04 1.33515569e-04 4.74286011e-04 1.58706553e-04 5.53245140e-05 1.24894244e-04 7.13377456e-05 2.46361602e-06 7.14703617e-08 5.06126767e-09
 2023 01 13 12 00 00  3.89570753e-03 2.37070957e-03 1.31848557e-03 9.55849185e-04 7.07779556e-04 3.85560688e-04 2.83998211e-04 2.46895639e-04 5.21188408e-04 1.47973062e-04 3.73294307e-03 5.72989322e-03 2.55971372e-04 7.42184457e-05 4.73899594e-05 1.45804011e-04 4.36883332e-05 7.66586629e-05 1.42477773e-04 8.13282270e-05 1.70030057e-04 2.08827175e-04 1.15973400e-04 7.97145850e-05 5.57260028e-06 1.00899597e-05 6.11885480e-06 2.74190757e-05 5.00425485e-06 1.86539517e-05 5.64191303e-05 4.07522108e-05 2.43446717e-05 5.77225620e-05 4.74082626e-05 1.44778984e-05 6.78548938e-05 8.55685628e-05 1.02780359e-05 5.73258667e-05 1.74298628e-04 3.46645276e-05 3.44822135e-04 4.82211203e-04 1.92884481e-05 2.98247999e-04 7.87190394e-05 4.87726618e-05 5.46821093e-04 7.43299308e-04 1.34060890e-04 4.78169023e-04 1.64485566e-04 5.74240825e-05 1.29734467e-04 7.45187812e-05 2.60355265e-06 7.84830604e-08 5.68979175e-09
 2023 01 14 12 00 00  3.94835117e-03 2.40491162e-03 1.34018164e-03 9.72467704e-04 7.22764684e-04 3.92195327e-04 2.90568225e-04 2.54130697e-04 5.40043807e-04 1.52926132e-04 3.88417093e-03 6.01675883e-03 2.63480473e-04 7.59668178e-05 4.84631952e-05 1.47301726e-04 4.38707008e-05 7.70201907e-05 1.44887783e-04 8.31306155e-05 1.71162646e-04 2.09728476e-04 1.16714990e-04 8.04741033e-05 5.58465836e-06 1.00027173e-05 6.14035016e-06 2.75879282e-05 5.04374693e-06 1.88072291e-05 5.69222545e-05 4.08229738e-05 2.45171716e-05 5.85736614e-05 4.97246685e-05 1.45715661e-05 6.88558709e-05 8.67338018e-05 1.02097205e-05 5.91323450e-05 1.81418409e-04 3.61843617e-05 3.55027419e-04 5.03555191e-04 2.01422076e-05 3.08671263e-04 7.97252171e-05 5.17156383e-05 5.59387110e-04 7.59491820e-04 1.38512369e-04 4.88662646e-04 1.73643599e-04 6.07519956e-05 1.37409949e-04 7.96042294e-05 2.83028198e-06 9.00805105e-08 6.73550389e-09
 2023 01 15 12 00 00  3.96848451e-03 2.42139192e-03 1.35033673e-03 9.79666447e-04 7.28958884e-04 3.94472086e-04 2.93017783e-04 2.56915700e-04 5.47272912e-04 1.55535140e-04 3.94189068e-03 6.11240417e-03 2.66923765e-04 7.72433847e-05 4.90340414e-05 1.48618701e-04 4.40934382e-05 7.74628890e-05 1.47230778e-04 8.48811935e-05 1.72156652e-04 2.10841945e-04 1.17378898e-04 8.10919538e-05 5.59933032e-06 1.00050143e-05 6.15416793e-06 2.77274142e-05 5.08204866e-06 1.89355168e-05 5.74539192e-05 4.09094500e-05 2.47299438e-05 5.92064880e-05 5.19716297e-05 1.46318009e-05 6.98339599e-05 8.78776326e-05 1.02115941e-05 6.05488808e-05 1.85340288e-04 3.76600510e-05 3.62010245e-04 5.24261089e-04 2.09704436e-05 3.18168297e-04 8.09772871e-05 5.45728486e-05 5.72130440e-04 7.74250891e-04 1.42916360e-04 4.97201517e-04 1.79167309e-04 6.27588615e-05 1.42036724e-04 8.26479853e-05 2.96440012e-06 9.68188374e-08 7.33989651e-09
 2023 01 16 12 00 00  3.96608082e-03 2.42164721e-03 1.35034053e-03 9.79413149e-04 7.28601506e-04 3.94039703e-04 2.92695541e-04 2.56611336e-04 5.46441472e-04 1.55698319e-04 3.93504265e-03 6.09118007e-03 2.66896834e-04 7.75077156e-05 4.90728691e-05 1.48031688e-04 4.37991548e-05 7.68682163e-05 1.47613969e-04 8.53951962e-05 1.70928195e-04 2.09263168e-04 1.16795625e-04 8.09176765e-05 5.58040483e-06 9.70497422e-06 6.14529417e-06 2.76675170e-05 5.09273486e-06 1.89101858e-05 5.70972448e-05 4.07947780e-05 2.44311028e-05 5.88960742e-05 5.26020303e-05 1.45932936e-05 6.93112566e-05 8.70320993e-05 9.97642928e-06 6.02537548e-05 1.83950580e-04 3.80887126e-05 3.57462177e-04 5.30088616e-04 2.12035446e-05 3.16105785e-04 7.91262195e-05 5.53998456e-05 5.67851318e-04 7.69949346e-04 1.43085861e-04 4.90531931e-04 1.77549135e-04 6.21698291e-05 1.40673258e-04 8.16867421e-05 2.91732918e-06 9.40865874e-08 7.08506249e-09
 2023 01 17 12 00 00  3.96734543e-03 2.42119606e-03 1.35016734e-03 9.79625803e-04 7.28975436e-04 3.94323827e-04 2.92904350e-04 2.56815933e-04 5.46929535e-04 1.55566003e-04 3.93900749e-03 6.10182583e-03 2.66884748e-04 7.73672245e-05 4.90612631e-05 1.47832631e-04 4.37587936e-05 7.67832506e-05 1.47261785e-04 8.50974699e-05 1.70748739e-04 2.09009095e-04 1.16674976e-04 8.07338271e-05 5.57796920e-06 9.61540354e-06 6.14621094e-06 2.76479690e-05 5.08526791e-06 1.88941404e-05 5.69734245e-05 4.07789077e-05 2.43839357e-05 5.87412638e-05 5.21700014e-05 1.45973710e-05 6.91085725e-05 8.68100497e-05 9.90628905e-06 5.99556856e-05 1.83798291e-04 3.78298573e-05 3.57095238e-04 5.26138599e-04 2.10455440e-05 3.14452759e-04 7.88037083e-05 5.48936019e-05 5.65436214e-04 7.66950726e-04 1.42308402e-04 4.85331424e-04 1.71959162e-04 6.01371201e-05 1.35978309e-04 7.84968473e-05 2.76934172e-06 8.60726630e-08 6.35086792e-09
 2023 01 18 12 00 00  3.96351643e-03 2.41853174e-03 1.34849389e-03 9.78467627e-04 7.27998341e-04 3.93874160e-04 2.92449716e-04 2.56316322e-04 5.45588388e-04 1.55180630e-04 3.92822419e-03 6.08059689e-03 2.66324989e-04 7.72325385e-05 4.89662373e-05 1.47079607e-04 4.34657006e-05 7.61911448e-05 1.46855738e-04 8.49539007e-05 1.69524953e-04 2.07438606e-04 1.16034995e-04 8.04442797e-05 5.55911138e-06 9.65448562e-06 6.14904202e-06 2.75819302e-05 5.08138000e-06 1.88450985e-05 5.65294358e-05 4.06647101e-05 2.40866182e-05 5.84102152e-05 5.19466237e-05 1.46097809e-05 6.84189219e-05 8.58649159e-05 9.93705326e-06 5.97416270e-05 1.82400567e-04 3.77026561e-05 3.56950768e-04 5.24104555e-04 2.09641822e-05 3.10820563e-04 7.69636186e-05 5.46433614e-05 5.58365341e-04 7.59213875e-04 1.41163016e-04 4.78159739e-04 1.69918263e-04 5.93945941e-05 1.34261404e-04 7.73081596e-05 2.71262129e-06 8.28845941e-08 6.05591950e-09
 2023 01 19 12 00 00  3.97237228e-03 2.42560155e-03 1.35286270e-03 9.81614376e-04 7.30734525e-04 3.94894982e-04 2.93535795e-04 2.57547488e-04 5.48774773e-04 1.56293561e-04 3.95367538e-03 6.12311102e-03 2.67813222e-04 7.77729674e-05 4.92210141e-05 1.46797194e-04 4.31918714e-05 7.56368448e-05 1.47506546e-04 8.56775267e-05 1.68474311e-04 2.05959034e-04 1.15562176e-04 8.04700451e-05 5.54154540e-06 9.65087893e-06 6.15937024e-06 2.75658263e-05 5.09706224e-06 1.88491421e-05 5.62420420e-05 4.05579660e-05 2.38068140e-05 5.83619120e-05 5.28675388e-05 1.46548249e-05 6.80479626e-05 8.52419819e-05 9.93430876e-06 6.02890673e-05 1.82913891e-04 3.83114064e-05 3.60168508e-04 5.32595799e-04 2.13038320e-05 3.11154296e-04 7.52219697e-05 5.58212167e-05 5.55849483e-04 7.57475151e-04 1.41958936e-04 4.76149503e-04 1.74045218e-04 6.08941726e-05 1.37719532e-04 7.95935208e-05 2.81408527e-06 8.80417900e-08 6.52007444e-09
 2023 01 20 12 00 00  3.98601358e-03 2.43151842e-03 1.35687415e-03 9.85314604e-04 7.34397528e-04 3.96869106e-04 2.95319588e-04 2.59442160e-04 5.53681910e-04 1.56972706e-04 3.99324764e-03 6.20811842e-03 2.69282231e-04 7.77294434e-05 4.93607817e-05 1.46715088e-04 4.31875582e-05 7.56232184e-05 1.47052324e-04 8.52705678e-05 1.68543684e-04 2.05881782e-04 1.15561402e-04 8.03756692e-05 5.54149956e-06 9.68084132e-06 6.16014804e-06 2.75733488e-05 5.08749545e-06 1.88436036e-05 5.61626941e-05 4.05560771e-05 2.37935223e-05 5.83569583e-05 5.23104856e-05 1.46583305e-05 6.79325901e-05 8.51365370e-05 9.95792871e-06 6.01124176e-05 1.84002263e-04 3.79628676e-05 3.60784264e-04 5.27484271e-04 2.10993708e-05 3.09835139e-04 7.50958978e-05 5.51428646e-05 5.53764074e-04 7.55446151e-04 1.41038398e-04 4.73478164e-04 1.71104503e-04 5.98246548e-05 1.35248416e-04 7.79046472e-05 2.73502976e-06 8.37086077e-08 6.12180457e-09
 2023 01 21 12 00 00  3.97301366e-03 2.42378160e-03 1.35190545e-03 9.81439121e-04 7.30869488e-04 3.95185840e-04 2.93694985e-04 2.57674916e-04 5.49048418e-04 1.55905677e-04 3.95599289e-03 6.13376237e-03 2.67557118e-04 7.74458162e-05 4.91389437e-05 1.46211729e-04 4.30606451e-05 7.53634609e-05 1.46704858e-04 8.50745011e-05 1.67880142e-04 2.05164616e-04 1.15205922e-04 8.00743442e-05 5.53349237e-06 9.64773062e-06 6.15419049e-06 2.75258761e-05 5.08266894e-06 1.88060751e-05 5.59294236e-05 4.05064813e-05 2.36586668e-05 5.80306248e-05 5.20307338e-05 1.46325459e-05 6.75359045e-05 8.46005478e-05 9.93203139e-06 5.95635366e-05 1.82005959e-04 3.77931603e-05 3.57796783e-04 5.24923850e-04 2.09969540e-05 3.06973837e-04 7.42312404e-05 5.48114302e-05 5.49692287e-04 7.50117685e-04 1.40175909e-04 4.65302753e-04 1.63687480e-04 5.71279637e-05 1.29021780e-04 7.36966871e-05 2.54141680e-06 7.33427086e-08 5.17506322e-09
 2023 01 22 12 00 00  3.95155613e-03 2.40959038e-03 1.34292761e-03 9.74689485e-04 7.24852007e-04 3.92516674e-04 2.91039752e-04 2.54750182e-04 5.41392358e-04 1.53845581e-04 3.89454923e-03 6.01690859e-03 2.64470447e-04 7.67204806e-05 4.86998194e-05 1.45336156e-04 4.28962026e-05 7.50284933e-05 1.45634613e-04 8.43059621e-05 1.67004609e-04 2.04253020e-04 1.14688595e-04 7.96559859e-05 5.52304191e-06 9.80962577e-06 6.14283272e-06 2.74501564e-05 5.06501128e-06 1.87300505e-05 5.55636469e-05 4.04422899e-05 2.34868377e-05 5.75889110e-05 5.10001788e-05 1.45832571e-05 6.68912419e-05 8.37803021e-05 1.00590376e-05 5.86868131e-05 1.78651094e-04 3.71383387e-05 3.53093382e-04 5.15454762e-04 2.06181905e-05 3.01307699e-04 7.31431472e-05 5.35391096e-05 5.42075772e-04 7.40797331e-04 1.37954359e-04 4.58018930e-04 1.58660466e-04 5.53000427e-05 1.24800173e-04 7.08325344e-05 2.40883537e-06 6.61848134e-08 4.51983055e-09
 2023 01 23 12 00 00  3.75197056e-03 2.29789888e-03 1.27051767e-03 9.15867778e-04 6.70081886e-04 3.65892059e-04 2.65735819e-04 2.27343946e-04 4.69955450e-04 1.38820825e-04 3.31990238e-03 4.85885516e-03 2.39005782e-04 7.32948135e-05 4.54903007e-05 1.39504076e-04 4.28794126e-05 7.22239318e-05 1.42263096e-04 8.30698409e-05 1.56287065e-04 1.92246181e-04 1.09303804e-04 7.77047490e-05 5.50453042e-06 9.87037347e-06 6.05758141e-06 2.73861923e-05 5.03689662e-06 1.86208512e-05 5.47317769e-05 4.02906764e-05 2.33499974e-05 5.49340226e-05 4.93575702e-05 1.41629222e-05 6.32251344e-05 7.82778186e-05 1.01280370e-05 5.46564353e-05 1.56679533e-04 3.60874779e-05 3.23340380e-04 5.00352964e-04 2.00141185e-05 2.79574555e-04 6.62126229e-05 5.14987740e-05 5.16346081e-04 7.06365414e-04 1.32444067e-04 4.36179925e-04 1.49608511e-04 5.20089714e-05 1.17201365e-04 6.57001077e-05 2.17289075e-06 5.35677202e-08 3.36786279e-09
 2023 01 24 12 00 00  3.90846122e-03 2.37821529e-03 1.32332872e-03 9.60450988e-04 7.12417989e-04 3.87379932e-04 2.85766455e-04 2.48870363e-04 5.26013746e-04 1.49108460e-04 3.77130719e-03 5.79380915e-03 2.57795287e-04 7.47616992e-05 4.76792174e-05 1.44391639e-04 4.30514890e-05 7.53354107e-05 1.42877848e-04 8.18863802e-05 1.67218560e-04 2.05010353e-04 1.14578163e-04 7.89254984e-05 5.53335267e-06 9.85677470e-06 6.11549112e-06 2.73474951e-05 5.00996684e-06 1.86061161e-05 5.53809545e-05 4.05025057e-05 2.36320542e-05 5.69183139e-05 4.77842870e-05 1.44644247e-05 6.63764273e-05 8.34043361e-05 1.00960351e-05 5.64914787e-05 1.73121804e-04 3.50812858e-05 3.41944261e-04 4.85888897e-04 1.94355559e-05 2.91587663e-04 7.39814073e-05 4.95450979e-05 5.33239159e-04 7.28010040e-04 1.33011873e-04 4.48705730e-04 1.43665867e-04 4.98481753e-05 1.12211313e-04 6.23184740e-05 2.01663050e-06 4.51518616e-08 2.59798050e-09
 2023 01 25 12 00 00  3.86857744e-03 2.35080463e-03 1.30607714e-03 9.47611762e-04 7.01038088e-04 3.82489353e-04 2.80842290e-04 2.43417921e-04 5.11766403e-04 1.45057612e-04 3.65705102e-03 5.58133088e-03 2.51878677e-04 7.32183959e-05 4.68116097e-05 1.43638683e-04 4.31583874e-05 7.55457440e-05 1.40840020e-04 8.01211165e-05 1.67269334e-04 2.05521193e-04 1.14442761e-04 7.84543522e-05 5.54049511e-06 9.86265513e-06 6.09707131e-06 2.72598088e-05 4.97001129e-06 1.85093868e-05 5.52393584e-05 4.05439205e-05 2.37302927e-05 5.64109176e-05 4.54487192e-05 1.43844067e-05 6.59685317e-05 8.30937586e-05 1.01006779e-05 5.50020001e-05 1.68339793e-04 3.35821940e-05 3.33851696e-04 4.64410046e-04 1.85764019e-05 2.84321930e-04 7.45392579e-05 4.66355123e-05 5.26565619e-04 7.18443652e-04 1.29390363e-04 4.45579208e-04 1.37901210e-04 4.77519689e-05 1.07369796e-04 5.90301888e-05 1.86416315e-06 3.69015879e-08 1.84228774e-09
 2023 01 26 12 00 00  3.84377005e-03 2.33248140e-03 1.29465058e-03 9.39359552e-04 6.93858469e-04 3.79556247e-04 2.77813727e-04 2.40034062e-04 5.02913178e-04 1.42276260e-04 3.58614048e-03 5.45384735e-03 2.47992138e-04 7.20445064e-05 4.62146726e-05 1.39844834e-04 4.18659009e-05 7.29479245e-05 1.37924744e-04 7.86450051e-05 1.61935020e-04 1.98741286e-04 1.11584248e-04 7.69377998e-05 5.45671392e-06 9.78145472e-06 6.07715010e-06 2.69022843e-05 4.93657899e-06 1.82351603e-05 5.32380439e-05 4.00408841e-05 2.24431613e-05 5.46963014e-05 4.34946036e-05 1.42978563e-05 6.27523536e-05 7.86926929e-05 1.00370788e-05 5.27389002e-05 1.59991508e-04 3.23284854e-05 3.21414978e-04 4.46439909e-04 1.78575963e-05 2.63947910e-04 6.66911015e-05 4.42020711e-05 4.91921845e-04 6.80658424e-04 1.22448732e-04 4.10866567e-04 1.24120619e-04 4.27420337e-05 9.58039811e-05 5.12384968e-05 1.50740775e-06 1.79316576e-08 1.12976650e-10
 2023 01 27 12 00 00  3.74408570e-03 2.27820375e-03 1.25930867e-03 9.10329577e-04 6.66672290e-04 3.66137167e-04 2.65142208e-04 2.26346674e-04 4.67233939e-04 1.35085917e-04 3.29902071e-03 4.86951321e-03 2.35523239e-04 7.05948730e-05 4.46776593e-05 1.38125315e-04 4.30151849e-05 7.24726240e-05 1.36984954e-04 7.84886361e-05 1.56685603e-04 1.92783719e-04 1.09093891e-04 7.64063815e-05 5.51360827e-06 9.10866002e-06 6.05973037e-06 2.71981794e-05 4.93276420e-06 1.84448642e-05 5.42015082e-05 4.03421116e-05 2.34663079e-05 5.38676325e-05 4.32733155e-05 1.41721874e-05 6.20680447e-05 7.74948046e-05 9.49411551e-06 5.17085632e-05 1.54406729e-04 3.21934203e-05 3.17041653e-04 4.44413566e-04 1.77765426e-05 2.63682335e-04 6.67998334e-05 4.39384778e-05 4.97708181e-04 6.82439304e-04 1.22987636e-04 4.13321188e-04 1.18260644e-04 4.06114164e-05 9.08842238e-05 4.79115068e-05 1.35417169e-06 1.00084563e-08 1.00000000e-10
 2023 01 28 12 00 00  3.82285697e-03 2.31946381e-03 1.28634641e-03 9.32952679e-04 6.88060070e-04 3.76883808e-04 2.75204123e-04 2.37179593e-04 4.95448562e-04 1.40436239e-04 3.52615567e-03 5.33698946e-03 2.45117314e-04 7.14790608e-05 4.58265678e-05 1.37287869e-04 4.09859058e-05 7.11777480e-05 1.36543071e-04 7.81435170e-05 1.58243421e-04 1.94109192e-04 1.09653780e-04 7.59322852e-05 5.39973989e-06 9.22829931e-06 6.04393026e-06 2.66449653e-05 4.92482759e-06 1.80584944e-05 5.19333658e-05 3.96983320e-05 2.15641849e-05 5.34267911e-05 4.28100931e-05 1.41534547e-05 6.06575534e-05 7.57037796e-05 9.60352336e-06 5.07315807e-05 1.53457220e-04 3.18992941e-05 3.05151866e-04 4.40157601e-04 1.76063040e-05 2.50438414e-04 6.13184471e-05 4.33669426e-05 4.70198541e-04 6.57020163e-04 1.18646787e-04 3.85973533e-04 1.12917340e-04 3.86688580e-05 8.63996700e-05 4.48903103e-05 1.21583879e-06 5.10344620e-09 1.00000000e-10
 2023 01 29 12 00 00  3.82740703e-03 2.32330573e-03 1.28870625e-03 9.34599875e-04 6.89462895e-04 3.77386498e-04 2.75753579e-04 2.37807296e-04 4.97081329e-04 1.41049693e-04 3.53917400e-03 5.35824224e-03 2.45914562e-04 7.17860689e-05 4.59566054e-05 1.36849310e-04 4.07495419e-05 7.06992578e-05 1.36857826e-04 7.85749406e-05 1.57308451e-04 1.92831763e-04 1.09217366e-04 7.58115587e-05 5.38457898e-06 9.16841454e-06 6.03504559e-06 2.66171019e-05 4.93425177e-06 1.80438224e-05 5.16568282e-05 3.96061980e-05 2.13226158e-05 5.32583802e-05 4.33630950e-05 1.41149067e-05 6.02684839e-05 7.50366685e-05 9.55664655e-06 5.05381875e-05 1.52897171e-04 3.22628563e-05 3.01986368e-04 4.45253995e-04 1.78101598e-05 2.49000051e-04 5.98145532e-05 4.40707896e-05 4.66856223e-04 6.53951086e-04 1.18800935e-04 3.80280055e-04 1.11222771e-04 3.80526000e-05 8.49760409e-05 4.39199430e-05 1.17060054e-06 3.46245912e-09 1.00000000e-10
 2023 01 30 12 00 00  3.84858756e-03 2.33662496e-03 1.29719262e-03 9.41203966e-04 6.95472076e-04 3.80097863e-04 2.78411157e-04 2.40723257e-04 5.04671131e-04 1.42952508e-04 3.60009993e-03 5.47511838e-03 2.48864149e-04 7.24128789e-05 4.63645750e-05 1.37612773e-04 4.09381290e-05 7.10739638e-05 1.37763973e-04 7.91669881e-05 1.58201334e-04 1.93773202e-04 1.09728493e-04 7.61203042e-05 5.39700814e-06 9.16964345e-06 6.03554618e-06 2.67082825e-05 4.94721862e-06 1.81135563e-05 5.19904491e-05 3.96794057e-05 2.15025459e-05 5.36511819e-05 4.41236945e-05 1.41171739e-05 6.08630513e-05 7.57689998e-05 9.55768774e-06 5.10094534e-05 1.55823200e-04 3.27620393e-05 3.04013374e-04 4.52262555e-04 1.80905022e-05 2.53417990e-04 6.08722621e-05 4.50373715e-05 4.73502761e-04 6.61899758e-04 1.20557059e-04 3.84332217e-04 1.12023202e-04 3.83432154e-05 8.56450873e-05 4.43488339e-05 1.18867358e-06 4.03176443e-09 1.00000000e-10
 2023 01 31 12 00 00  3.85308031e-03 2.34031390e-03 1.29946540e-03 9.42817661e-04 6.96862187e-04 3.80605428e-04 2.78958457e-04 2.41346223e-04 5.06286498e-04 1.43537804e-04 3.61298883e-03 5.49637340e-03 2.49635625e-04 7.27031876e-05 4.64955378e-05 1.37872769e-04 4.09811619e-05 7.11569330e-05 1.38290478e-04 7.95648142e-05 1.58376065e-04 1.93960132e-04 1.09854107e-04 7.62579099e-05 5.39996290e-06 9.19700615e-06 6.03697299e-06 2.67421037e-05 4.95584536e-06 1.81416764e-05 5.20929118e-05 3.96960037e-05 2.15390115e-05 5.37898196e-05 4.46302351e-05 1.41234486e-05 6.10581242e-05 7.59808459e-05 9.57923112e-06 5.12977044e-05 1.56615801e-04 3.30967508e-05 3.05185732e-04 4.56932914e-04 1.82773166e-05 2.55338927e-04 6.10626070e-05 4.56850219e-05 4.76078329e-04 6.64950161e-04 1.21501336e-04 3.86265310e-04 1.13641234e-04 3.89310817e-05 8.70004160e-05 4.52406856e-05 1.22798942e-06 5.35634115e-09 1.00000000e-10
 2023 02 01 12 00 00  3.86450208e-03 2.34726754e-03 1.30391702e-03 9.46341390e-04 7.00099312e-04 3.82088896e-04 2.80399876e-04 2.42923116e-04 5.10384695e-04 1.44518283e-04 3.64589353e-03 5.56012727e-03 2.51191139e-04 7.30037413e-05 4.66986304e-05 1.38493011e-04 4.11813497e-05 7.15556671e-05 1.38796630e-04 7.98217545e-05 1.59236368e-04 1.94970297e-04 1.10318428e-04 7.64425044e-05 5.41310983e-06 9.17268044e-06 6.03857188e-06 2.68091625e-05 4.96131252e-06 1.81915447e-05 5.23914881e-05 3.97737604e-05 2.17317909e-05 5.40521511e-05 4.49519401e-05 1.41304656e-05 6.15562209e-05 7.66506470e-05 9.56025906e-06 5.15408627e-05 1.58557979e-04 3.33120639e-05 3.06829408e-04 4.59902535e-04 1.83961014e-05 2.58517183e-04 6.22051361e-05 4.61010903e-05 4.81403618e-04 6.70744823e-04 1.22591805e-04 3.88412545e-04 1.11674008e-04 3.82156379e-05 8.53475087e-05 4.41123637e-05 1.17526839e-06 3.43859057e-09 1.00000000e-10
 2023 02 02 12 00 00  3.87465535e-03 2.35438796e-03 1.30838743e-03 9.49678446e-04 7.03063765e-04 3.83329239e-04 2.81657755e-04 2.44321746e-04 5.14024105e-04 1.45583835e-04 3.67504810e-03 5.61325476e-03 2.52727403e-04 7.34352513e-05 4.69327350e-05 1.39749427e-04 4.16162948e-05 7.24257785e-05 1.39808246e-04 8.03323055e-05 1.61009309e-04 1.97206653e-04 1.11271801e-04 7.68731868e-05 5.44149698e-06 9.10749732e-06 6.04220659e-06 2.69306354e-05 4.97251458e-06 1.82857412e-05 5.30467371e-05 3.99428623e-05 2.21574883e-05 5.45662613e-05 4.56089183e-05 1.41463170e-05 6.26129245e-05 7.80889142e-05 9.50919930e-06 5.20960166e-05 1.61413930e-04 3.37427075e-05 3.09799824e-04 4.65955549e-04 1.86382220e-05 2.65083577e-04 6.47635316e-05 4.69350663e-05 4.92857707e-04 6.82989546e-04 1.24896814e-04 3.96451743e-04 1.11694749e-04 3.82229113e-05 8.53630027e-05 4.41075889e-05 1.17396001e-06 3.34237029e-09 1.00000000e-10
 2023 02 03 12 00 00  3.87964178e-03 2.35910371e-03 1.31124845e-03 9.51601376e-04 7.04659388e-04 3.83841444e-04 2.82249068e-04 2.45009710e-04 5.15811619e-04 1.46360996e-04 3.68928425e-03 5.63451014e-03 2.53683475e-04 7.38600011e-05 4.71066597e-05 1.39877050e-04 4.15654678e-05 7.23216392e-05 1.40513596e-04 8.09546094e-05 1.60824286e-04 1.96918219e-04 1.11234191e-04 7.69618279e-05 5.43829556e-06 9.10699746e-06 6.04321576e-06 2.69507532e-05 4.98629961e-06 1.83097207e-05 5.30574654e-05 3.99229990e-05 2.21032809e-05 5.46384374e-05 4.64165321e-05 1.41507408e-05 6.26799172e-05 7.80786920e-05 9.50885806e-06 5.23883103e-05 1.61998391e-04 3.42686981e-05 3.10606133e-04 4.73392295e-04 1.89356918e-05 2.66858088e-04 6.44150190e-05 4.79543785e-05 4.94552510e-04 6.85194085e-04 1.26064497e-04 3.95736389e-04 1.11872113e-04 3.82871731e-05 8.55102849e-05 4.41942304e-05 1.17702594e-06 3.40988038e-09 1.00000000e-10
 2023 02 04 12 00 00  3.89447239e-03 2.36760857e-03 1.31674124e-03 9.56040083e-04 7.08781755e-04 3.85807803e-04 2.84129109e-04 2.47052144e-04 5.21126237e-04 1.47522710e-04 3.73201567e-03 5.71951121e-03 2.55612888e-04 7.41527087e-05 4.73469832e-05 1.39692430e-04 4.14029928e-05 7.19935866e-05 1.40586303e-04 8.11174745e-05 1.60300701e-04 1.96049541e-04 1.10980948e-04 7.69908232e-05 5.42783346e-06 9.16655554e-06 6.05133137e-06 2.69462614e-05 4.98982808e-06 1.83088060e-05 5.28615755e-05 3.98597011e-05 2.19387803e-05 5.46707170e-05 4.66237398e-05 1.41860583e-05 6.24246481e-05 7.76947320e-05 9.55551222e-06 5.27478348e-05 1.63157782e-04 3.44057014e-05 3.13549404e-04 4.75302849e-04 1.90121140e-05 2.66519893e-04 6.33984746e-05 4.82194533e-05 4.92019778e-04 6.83476362e-04 1.25990855e-04 3.95741689e-04 1.15998762e-04 3.97873380e-05 8.89731527e-05 4.65226708e-05 1.28331976e-06 7.16424182e-09 1.00000000e-10
 2023 02 05 12 00 00  3.91420693e-03 2.38077511e-03 1.32506094e-03 9.62339114e-04 7.14423156e-04 3.88267761e-04 2.86582408e-04 2.49760754e-04 5.28187739e-04 1.49449277e-04 3.78866363e-03 5.82575761e-03 2.58480930e-04 7.48570363e-05 4.77567463e-05 1.41435701e-04 4.19486401e-05 7.30872096e-05 1.42006061e-04 8.18855537e-05 1.62605159e-04 1.98877741e-04 1.12229389e-04 7.76247065e-05 5.46334886e-06 9.14474367e-06 6.06748981e-06 2.71136169e-05 5.00699171e-06 1.84421303e-05 5.37162662e-05 4.00719320e-05 2.24765550e-05 5.54329723e-05 4.76283662e-05 1.42563847e-05 6.38234724e-05 7.96148430e-05 9.53839044e-06 5.38888610e-05 1.67864772e-04 3.50561284e-05 3.21414216e-04 4.84548867e-04 1.93819547e-05 2.76111409e-04 6.66494423e-05 4.94807085e-05 5.07324791e-04 7.00152718e-04 1.29252420e-04 4.07549579e-04 1.18139958e-04 4.05659917e-05 9.07718166e-05 4.77471600e-05 1.34029837e-06 9.22631358e-09 1.00000000e-10
 2023 02 06 12 00 00  3.92212343e-03 2.38609010e-03 1.32841606e-03 9.64871732e-04 7.16687319e-04 3.89252160e-04 2.87565474e-04 2.50846626e-04 5.31019045e-04 1.50228625e-04 3.81138295e-03 5.86825758e-03 2.59636106e-04 7.51474392e-05 4.79323529e-05 1.42947183e-04 4.24936763e-05 7.41797674e-05 1.42870568e-04 8.22010043e-05 1.64813908e-04 2.01704619e-04 1.13385204e-04 7.82466778e-05 5.49881588e-06 9.27216824e-06 6.08388837e-06 2.72579999e-05 5.01410686e-06 1.85473509e-05 5.45078751e-05 4.02839301e-05 2.30140344e-05 5.61397432e-05 4.80444549e-05 1.43277590e-05 6.50795544e-05 8.14064219e-05 9.63827988e-06 5.49693607e-05 1.71290753e-04 3.53238138e-05 3.29202021e-04 4.88376155e-04 1.95350462e-05 2.83931060e-04 6.99001364e-05 5.00001246e-05 5.20474643e-04 7.14387266e-04 1.31552252e-04 4.23641424e-04 1.26278107e-04 4.35246853e-05 9.76025189e-05 5.23527834e-05 1.55145395e-06 1.97509465e-08 2.65691202e-10
 2023 02 07 12 00 00  3.93214725e-03 2.39304165e-03 1.33278639e-03 9.68116894e-04 7.19559868e-04 3.90476591e-04 2.88802434e-04 2.52218230e-04 5.34601632e-04 1.51260342e-04 3.84010143e-03 5.92137724e-03 2.61134480e-04 7.55465444e-05 4.81492251e-05 1.46284695e-04 4.37470095e-05 7.66948739e-05 1.44546939e-04 8.26668984e-05 1.69845448e-04 2.08234863e-04 1.15994489e-04 7.96032309e-05 5.58024767e-06 9.74297000e-06 6.12052463e-06 2.75780224e-05 5.02457442e-06 1.87703566e-05 5.62948974e-05 4.07715532e-05 2.42548791e-05 5.77119924e-05 4.86568082e-05 1.44871665e-05 6.78926797e-05 8.54593751e-05 1.00073470e-05 5.73255367e-05 1.78256165e-04 3.57188168e-05 3.46934469e-04 4.94010075e-04 1.97604030e-05 3.00890355e-04 7.74295884e-05 5.07663877e-05 5.49563790e-04 7.45434871e-04 1.36308233e-04 4.60585682e-04 1.44821687e-04 5.02660110e-05 1.13164421e-04 6.28253594e-05 2.03015438e-06 4.51449168e-08 2.57910884e-09
 2023 02 08 12 00 00  3.93013263e-03 2.39160000e-03 1.33188368e-03 9.67464417e-04 7.18992157e-04 3.90236315e-04 2.88556948e-04 2.51945428e-04 5.33884665e-04 1.51044955e-04 3.83435522e-03 5.91075569e-03 2.60827532e-04 7.54618565e-05 4.81053031e-05 1.49865954e-04 4.52846667e-05 7.97809800e-05 1.45786911e-04 8.25636787e-05 1.75897147e-04 2.16251481e-04 1.19073881e-04 8.08709806e-05 5.68013202e-06 1.00434008e-05 6.13371667e-06 2.79117784e-05 5.02219191e-06 1.89904651e-05 5.83775994e-05 4.13698144e-05 2.57780368e-05 5.92384977e-05 4.85177938e-05 1.45445752e-05 7.10909194e-05 9.00973931e-05 1.02428596e-05 5.87152845e-05 1.84035555e-04 3.56307748e-05 3.56783292e-04 4.92733133e-04 1.97093253e-05 3.17114354e-04 8.66762130e-05 5.05952572e-05 5.81612892e-04 7.78480865e-04 1.40496289e-04 4.96589792e-04 1.55248195e-04 5.40566492e-05 1.21915782e-04 6.87255777e-05 2.30063279e-06 5.95517506e-08 3.89306152e-09
 2023 02 09 12 00 00  3.95665065e-03 2.40771634e-03 1.34220237e-03 9.75583950e-04 7.26424970e-04 3.93672511e-04 2.91892569e-04 2.55590125e-04 5.43379936e-04 1.53308209e-04 3.91063281e-03 6.05950132e-03 2.64424071e-04 7.61443917e-05 4.85949328e-05 1.50933606e-04 4.55491798e-05 8.03125848e-05 1.46729090e-04 8.31234851e-05 1.77182971e-04 2.17638506e-04 1.19778706e-04 8.13887444e-05 5.69727963e-06 1.01735117e-05 6.14829914e-06 2.80275189e-05 5.03459960e-06 1.90784308e-05 5.88339564e-05 4.14727605e-05 2.60413653e-05 5.98552191e-05 4.92446648e-05 1.46080070e-05 7.18898370e-05 9.11665280e-05 1.03447419e-05 5.98004966e-05 1.88237757e-04 3.61039914e-05 3.64043476e-04 4.99426074e-04 1.99770430e-05 3.23308510e-04 8.82814347e-05 5.15123364e-05 5.90232746e-04 7.89087288e-04 1.42536807e-04 5.07849444e-04 1.63569616e-04 5.70819881e-05 1.28900418e-04 7.34358991e-05 2.51665292e-06 7.10645651e-08 4.94323622e-09
 2023 02 10 12 00 00  3.98390689e-03 2.42810665e-03 1.35489797e-03 9.84787904e-04 7.34454774e-04 3.96891608e-04 2.95230867e-04 2.59330409e-04 5.53131068e-04 1.56427411e-04 3.98869928e-03 6.19762838e-03 2.68749143e-04 7.75003416e-05 4.92654580e-05 1.51437946e-04 4.53913992e-05 7.99973088e-05 1.48689423e-04 8.48551979e-05 1.76790671e-04 2.16831255e-04 1.19734451e-04 8.17195146e-05 5.68696523e-06 9.91715642e-06 6.16240941e-06 2.80753811e-05 5.07325894e-06 1.91554400e-05 5.88762406e-05 4.14114271e-05 2.58876011e-05 6.01323649e-05 5.15077438e-05 1.46693899e-05 7.21127102e-05 9.12343578e-05 1.01436155e-05 6.09358294e-05 1.91471626e-04 3.75701493e-05 3.69130981e-04 5.20255327e-04 2.08102131e-05 3.29149363e-04 8.73606827e-05 5.43551811e-05 5.95310508e-04 7.96243124e-04 1.45888499e-04 5.07665328e-04 1.66354940e-04 5.80947777e-05 1.31239411e-04 7.50221343e-05 2.59003306e-06 7.50228111e-08 5.30548938e-09
 2023 02 11 12 00 00  4.01584455e-03 2.44987931e-03 1.36861639e-03 9.95100263e-04 7.43652222e-04 4.00837261e-04 2.99193177e-04 2.63717406e-04 5.64563218e-04 1.59643443e-04 4.08036632e-03 6.36762753e-03 2.73469659e-04 7.87256924e-05 4.99524055e-05 1.52657445e-04 4.55876056e-05 8.03922594e-05 1.50566447e-04 8.62460001e-05 1.77838345e-04 2.17866909e-04 1.20396201e-04 8.21930071e-05 5.69965632e-06 9.97587485e-06 6.17437327e-06 2.82092783e-05 5.10420432e-06 1.92714650e-05 5.93507243e-05 4.14878217e-05 2.60840548e-05 6.07367955e-05 5.33198763e-05 1.47214407e-05 7.29983118e-05 9.22833186e-05 1.01895152e-05 6.20760311e-05 1.96184308e-04 3.87468201e-05 3.75839559e-04 5.36937419e-04 2.14774968e-05 3.37508800e-04 8.85638176e-05 5.66361647e-05 6.06287020e-04 8.09203444e-04 1.49492109e-04 5.11176557e-04 1.65495742e-04 5.77827021e-05 1.30520361e-04 7.45541647e-05 2.56978369e-06 7.40343637e-08 5.21759915e-09
 2023 02 12 12 00 00  3.99542754e-03 2.43512033e-03 1.35938686e-03 9.88384908e-04 7.37782505e-04 3.98399030e-04 2.96694054e-04 2.60932898e-04 5.57276103e-04 1.57421197e-04 4.02198944e-03 6.26139343e-03 2.70323545e-04 7.78177090e-05 4.94853749e-05 1.49185664e-04 4.43376251e-05 7.78827234e-05 1.48117508e-04 8.51267076e-05 1.72734485e-04 2.11341354e-04 1.17684904e-04 8.08956867e-05 5.61849592e-06 9.75974617e-06 6.16403195e-06 2.78686256e-05 5.07889017e-06 1.90249953e-05 5.74736882e-05 4.10014531e-05 2.48444208e-05 5.91866753e-05 5.18400513e-05 1.46764709e-05 7.00004444e-05 8.81717531e-05 1.00200421e-05 6.03509379e-05 1.88909142e-04 3.77964665e-05 3.66347062e-04 5.23327662e-04 2.09331065e-05 3.19517965e-04 8.10311525e-05 5.47917327e-05 5.74517415e-04 7.75069621e-04 1.43523071e-04 4.81892197e-04 1.57605094e-04 5.49146338e-05 1.23902015e-04 7.01285424e-05 2.36951653e-06 6.35629121e-08 4.26747278e-09
 2023 02 13 12 00 00  3.99728410e-03 2.43607122e-03 1.36001172e-03 9.88951082e-04 7.38339550e-04 3.98663316e-04 2.96939842e-04 2.61198927e-04 5.57951818e-04 1.57547268e-04 4.02743161e-03 6.27202690e-03 2.70551383e-04 7.78402459e-05 4.95037692e-05 1.48397525e-04 4.40105214e-05 7.72247673e-05 1.47834081e-04 8.51246878e-05 1.71444571e-04 2.09619932e-04 1.17026692e-04 8.05476131e-05 5.59731707e-06 9.64237988e-06 6.15793178e-06 2.77966468e-05 5.07865334e-06 1.89771068e-05 5.70172761e-05 4.08741209e-05 2.45177594e-05 5.88072789e-05 5.18273795e-05 1.46499617e-05 6.92997425e-05 8.71529945e-05 9.92799760e-06 5.98507304e-05 1.87671663e-04 3.77931778e-05 3.63048188e-04 5.23217202e-04 2.09286881e-05 3.15732510e-04 7.90347694e-05 5.47843461e-05 5.67459248e-04 7.67530442e-04 1.42544969e-04 4.70918370e-04 1.51030098e-04 5.25246647e-05 1.18386409e-04 6.64340847e-05 2.20188651e-06 5.47638820e-08 3.46822269e-09
 2023 02 14 12 00 00  3.96580106e-03 2.41503398e-03 1.34672083e-03 9.78944505e-04 7.29408833e-04 3.94753358e-04 2.93037468e-04 2.56891965e-04 5.46700939e-04 1.54472977e-04 3.93717660e-03 6.10204414e-03 2.65977772e-04 7.67215053e-05 4.88456509e-05 1.45466060e-04 4.30676417e-05 7.53310858e-05 1.45522337e-04 8.39071523e-05 1.67447650e-04 2.04689870e-04 1.14872794e-04 7.94211232e-05 5.53613063e-06 9.75692819e-06 6.13750599e-06 2.75225001e-05 5.05117605e-06 1.87577559e-05 5.55383725e-05 4.05072176e-05 2.35814121e-05 5.75038471e-05 5.02207142e-05 1.45611310e-05 6.68957400e-05 8.38621262e-05 1.00177502e-05 5.80524232e-05 1.80072001e-04 3.67598899e-05 3.52239548e-04 5.08439082e-04 2.03375633e-05 2.99875505e-04 7.33386027e-05 5.27792610e-05 5.41411085e-04 7.38837642e-04 1.37155606e-04 4.47620646e-04 1.43668136e-04 4.98484356e-05 1.12209159e-04 6.22847103e-05 2.01276953e-06 4.47730230e-08 2.55908574e-09
 2023 02 15 12 00 00  3.92208326e-03 2.38804902e-03 1.32948219e-03 9.65526246e-04 7.17201324e-04 3.89136263e-04 2.87561143e-04 2.50901365e-04 5.31066362e-04 1.50663039e-04 3.81159966e-03 5.85769080e-03 2.59989523e-04 7.55495536e-05 4.80436235e-05 1.43480564e-04 4.25339036e-05 7.42571021e-05 1.43782519e-04 8.28820572e-05 1.64938506e-04 2.01876812e-04 1.13496295e-04 7.86493971e-05 5.50158911e-06 9.71951013e-06 6.12027143e-06 2.73186953e-05 5.02804869e-06 1.85977900e-05 5.46354113e-05 4.02994396e-05 2.30477002e-05 5.65164288e-05 4.88683698e-05 1.44862104e-05 6.53558060e-05 8.18094001e-05 9.98844480e-06 5.66109465e-05 1.73001157e-04 3.58899881e-05 3.42748324e-04 4.95999971e-04 1.98399988e-05 2.88692278e-04 7.00734148e-05 5.10912563e-05 5.24695796e-04 7.19415278e-04 1.33331790e-04 4.34464819e-04 1.39851106e-04 4.84606919e-05 1.09005160e-04 6.01227383e-05 1.91353058e-06 3.94774005e-08 2.07586357e-09
 2023 02 16 12 00 00  3.91331235e-03 2.38082095e-03 1.32503262e-03 9.62466178e-04 7.14624027e-04 3.88166293e-04 2.86513545e-04 2.49713556e-04 5.27945841e-04 1.49527431e-04 3.78665240e-03 5.81520163e-03 2.58496273e-04 7.50112658e-05 4.77954423e-05 1.41482469e-04 4.18648298e-05 7.29106192e-05 1.42312304e-04 8.21438385e-05 1.62199940e-04 1.98348527e-04 1.12030311e-04 7.79058140e-05 5.45829826e-06 9.59601239e-06 6.09971503e-06 2.71365238e-05 5.01120921e-06 1.84561193e-05 5.35997589e-05 4.00389661e-05 2.23783412e-05 5.56465949e-05 4.78848378e-05 1.43968631e-05 6.36996654e-05 7.94965760e-05 9.89170076e-06 5.52415783e-05 1.68714406e-04 3.52620031e-05 3.33054999e-04 4.86959157e-04 1.94783663e-05 2.77702990e-04 6.59767538e-05 4.98717185e-05 5.06668406e-04 7.00222186e-04 1.29707535e-04 4.17995061e-04 1.34860211e-04 4.66460710e-05 1.04815090e-04 5.72896118e-05 1.78306999e-06 3.24847925e-08 1.43701691e-09
 2023 02 17 12 00 00  3.91803760e-03 2.38217779e-03 1.32604417e-03 9.63613389e-04 7.15852507e-04 3.88910771e-04 2.87152161e-04 2.50377097e-04 5.29654399e-04 1.49621822e-04 3.80046665e-03 5.84708303e-03 2.58895111e-04 7.48810106e-05 4.78052771e-05 1.41836481e-04 4.20962460e-05 7.33704306e-05 1.42131070e-04 8.18037253e-05 1.63126031e-04 1.99503883e-04 1.12470545e-04 7.81570034e-05 5.47354903e-06 1.01219739e-05 6.08790397e-06 2.72129770e-05 5.00324277e-06 1.84747954e-05 5.38569635e-05 4.01288038e-05 2.25991535e-05 5.60015494e-05 4.74207860e-05 1.43455982e-05 6.41080781e-05 8.00519232e-05 1.03041311e-05 5.52898529e-05 1.69434872e-04 3.49709531e-05 3.32285372e-04 4.82700013e-04 1.93080005e-05 2.78439951e-04 6.72748662e-05 4.93054045e-05 5.09588820e-04 7.03965738e-04 1.29508630e-04 4.28435890e-04 1.43714756e-04 4.98642919e-05 1.12240451e-04 6.22432846e-05 2.00639573e-06 4.40984415e-08 2.48915910e-09
 2023 02 18 12 00 00  3.91011142e-03 2.37668444e-03 1.32259134e-03 9.61089940e-04 7.13641906e-04 3.87950130e-04 2.86182742e-04 2.49304906e-04 5.26836271e-04 1.48812257e-04 3.77784897e-03 5.80459572e-03 2.57718600e-04 7.45821542e-05 4.76408850e-05 1.38217010e-04 4.06564708e-05 7.04754319e-05 1.40450779e-04 8.14575062e-05 1.57334366e-04 1.91938743e-04 1.09480908e-04 7.69010542e-05 5.38027452e-06 9.64719584e-06 6.07127076e-06 2.68657996e-05 4.99506386e-06 1.82422382e-05 5.18193608e-05 3.95684008e-05 2.11632694e-05 5.44128872e-05 4.69447550e-05 1.42733610e-05 6.09287443e-05 7.55233980e-05 9.93208087e-06 5.36456214e-05 1.62755191e-04 3.46741028e-05 3.20342109e-04 4.78333185e-04 1.91333274e-05 2.60946106e-04 5.85092814e-05 4.87274461e-05 4.77101560e-04 6.70086791e-04 1.24564472e-04 3.96358734e-04 1.36768559e-04 4.73388871e-05 1.06409813e-04 5.83088226e-05 1.82578721e-06 3.44601524e-08 1.60965499e-09
 2023 02 19 12 00 00  3.87724909e-03 2.35550513e-03 1.30914544e-03 9.50836908e-04 7.04423719e-04 3.83806958e-04 2.82094459e-04 2.44813427e-04 5.15098410e-04 1.45767466e-04 3.68360569e-03 5.62399402e-03 2.53076924e-04 7.35547170e-05 4.69856845e-05 1.36476254e-04 4.01888799e-05 6.95322116e-05 1.38799930e-04 8.04349722e-05 1.55168313e-04 1.89448575e-04 1.08279542e-04 7.62570468e-05 5.35012477e-06 9.48475135e-06 6.05928180e-06 2.66842179e-05 4.97167275e-06 1.81028552e-05 5.10033386e-05 3.93862691e-05 2.06914643e-05 5.35603814e-05 4.55789617e-05 1.42213146e-05 5.95436611e-05 7.37088513e-05 9.80486438e-06 5.24388770e-05 1.57119693e-04 3.38037178e-05 3.12595009e-04 4.65780568e-04 1.86312227e-05 2.50855406e-04 5.56016981e-05 4.70368104e-05 4.61835569e-04 6.52667293e-04 1.20948735e-04 3.86470415e-04 1.35869321e-04 4.70115281e-05 1.05651926e-04 5.77728456e-05 1.79942738e-06 3.29221308e-08 1.46602188e-09
 2023 02 20 12 00 00  3.86945981e-03 2.35025311e-03 1.30583243e-03 9.48404267e-04 7.02287068e-04 3.82853851e-04 2.81141365e-04 2.43763732e-04 5.12333405e-04 1.45004073e-04 3.66139791e-03 5.58150895e-03 2.51947259e-04 7.32931947e-05 4.68379968e-05 1.36638409e-04 4.03353479e-05 6.98217074e-05 1.38597135e-04 8.01455870e-05 1.55638829e-04 1.90162910e-04 1.08493580e-04 7.61978196e-05 5.35984946e-06 9.52466435e-06 6.05822352e-06 2.67009128e-05 4.96465436e-06 1.81065028e-05 5.11336113e-05 3.94430623e-05 2.08284357e-05 5.35471635e-05 4.51715809e-05 1.42168035e-05 5.97142326e-05 7.40119872e-05 9.83621649e-06 5.22124255e-05 1.56731489e-04 3.35540943e-05 3.12385009e-04 4.62049009e-04 1.84819604e-05 2.50899260e-04 5.63923735e-05 4.65498539e-05 4.63251030e-04 6.53258869e-04 1.20694418e-04 3.85257982e-04 1.31055403e-04 4.52611328e-05 1.01609577e-04 5.50328054e-05 1.67276827e-06 2.60971113e-08 8.41585113e-10
 2023 02 21 12 00 00  3.84551051e-03 2.33370185e-03 1.29542410e-03 9.40697146e-04 6.95477627e-04 3.79928404e-04 2.78191468e-04 2.40496803e-04 5.03787275e-04 1.42555812e-04 3.59284698e-03 5.45402616e-03 2.48384147e-04 7.23593974e-05 4.63133426e-05 1.36718131e-04 4.06143954e-05 7.03780504e-05 1.37559740e-04 7.90713297e-05 1.56508198e-04 1.91576923e-04 1.08838096e-04 7.61293521e-05 5.37814994e-06 9.69875473e-06 6.05484165e-06 2.67035948e-05 4.94007327e-06 1.80821513e-05 5.13337601e-05 3.95514769e-05 2.10981307e-05 5.35064971e-05 4.37363226e-05 1.42021556e-05 5.99162765e-05 7.44901547e-05 9.97269090e-06 5.17348559e-05 1.54897252e-04 3.26396199e-05 3.11216881e-04 4.48858213e-04 1.79543285e-05 2.49121389e-04 5.79958025e-05 4.47735511e-05 4.63732716e-04 6.52193824e-04 1.19134112e-04 3.89856182e-04 1.31090914e-04 4.52736505e-05 1.01636572e-04 5.50285249e-05 1.67096326e-06 2.58805070e-08 8.18809198e-10
 2023 02 22 12 00 00  3.83115886e-03 2.32323350e-03 1.28888708e-03 9.35964240e-04 6.91353926e-04 3.78221441e-04 2.76438546e-04 2.38542752e-04 4.98671058e-04 1.40976012e-04 3.55183415e-03 5.37966304e-03 2.46160708e-04 7.17067199e-05 4.59675165e-05 1.37060727e-04 4.09395347e-05 7.10283231e-05 1.36892774e-04 7.82675459e-05 1.57650542e-04 1.93246837e-04 1.09348829e-04 7.60771502e-05 5.39937791e-06 9.46524742e-06 6.05051828e-06 2.67132067e-05 4.92162653e-06 1.80823088e-05 5.16402323e-05 3.96778778e-05 2.14160522e-05 5.34773393e-05 4.26595769e-05 1.41833938e-05 6.02999088e-05 7.51962107e-05 9.78960888e-06 5.11760267e-05 1.54202538e-04 3.19549377e-05 3.08799200e-04 4.38964030e-04 1.75585612e-05 2.48807540e-04 5.99049206e-05 4.34433052e-05 4.66568533e-04 6.53678096e-04 1.18286116e-04 3.91366935e-04 1.25577220e-04 4.32691613e-05 9.70091161e-05 5.19118676e-05 1.52831808e-06 1.82997368e-08 1.27846622e-10
 2023 02 23 12 00 00  3.76263469e-03 2.28644618e-03 1.26487967e-03 9.16130241e-04 6.72724793e-04 3.68953827e-04 2.67716383e-04 2.29134550e-04 4.74146416e-04 1.36142667e-04 3.35442574e-03 4.97594140e-03 2.37677126e-04 7.08095944e-05 4.49506759e-05 1.40431543e-04 4.40441712e-05 7.45566038e-05 1.38004478e-04 7.83237803e-05 1.60492774e-04 1.97636374e-04 1.11020332e-04 7.72088090e-05 5.58369866e-06 9.22101244e-06 6.07951588e-06 2.75090249e-05 4.92254258e-06 1.86313319e-05 5.52669859e-05 4.07413929e-05 2.43393268e-05 5.48141649e-05 4.27153078e-05 1.42612800e-05 6.38454573e-05 8.01508846e-05 9.58749079e-06 5.27179623e-05 1.60234490e-04 3.19997373e-05 3.27855012e-04 4.39487854e-04 1.75795142e-05 2.72361250e-04 7.15725590e-05 4.35283902e-05 5.14840844e-04 6.99437585e-04 1.24921469e-04 4.32062552e-04 1.23786103e-04 4.26181545e-05 9.55069794e-05 5.09088290e-05 1.48303166e-06 1.59396421e-08 1.00000000e-10
 2023 02 24 12 00 00  3.84937305e-03 2.33313604e-03 1.29533906e-03 9.41319134e-04 6.96397412e-04 3.80683028e-04 2.78765364e-04 2.41060101e-04 5.05211414e-04 1.42294255e-04 3.60441268e-03 5.48591577e-03 2.48447861e-04 7.19935278e-05 4.62586625e-05 1.35455720e-04 4.01888537e-05 6.95197319e-05 1.36349237e-04 7.83238385e-05 1.54844164e-04 1.89311487e-04 1.07915823e-04 7.57117173e-05 5.35070794e-06 9.68160093e-06 6.05029854e-06 2.65943835e-05 4.92229374e-06 1.79914082e-05 5.06259399e-05 3.93857248e-05 2.06688870e-05 5.30363398e-05 4.27022955e-05 1.41824770e-05 5.88030918e-05 7.30051175e-05 9.95917580e-06 5.11031237e-05 1.53229989e-04 3.19977233e-05 3.08093474e-04 4.39376140e-04 1.75750456e-05 2.41727624e-04 5.53511374e-05 4.35231603e-05 4.51084127e-04 6.39248385e-04 1.16278699e-04 3.82561344e-04 1.32484725e-04 4.57803495e-05 1.02806221e-04 5.58153388e-05 1.70690574e-06 2.77854578e-08 9.92309346e-10
 2023 02 25 12 00 00  3.87329244e-03 2.34943031e-03 1.30560728e-03 9.49030108e-04 7.03270311e-04 3.83636115e-04 2.81731041e-04 2.44343132e-04 5.13771426e-04 1.44699378e-04 3.67304309e-03 5.61341196e-03 2.51980377e-04 7.29040909e-05 4.67623182e-05 1.36587348e-04 4.04257036e-05 6.99947646e-05 1.37828709e-04 7.93603947e-05 1.55979114e-04 1.90542823e-04 1.08588070e-04 7.63132967e-05 5.36610787e-06 9.65432118e-06 6.06242502e-06 2.67104325e-05 4.94535489e-06 1.80927095e-05 5.11071484e-05 3.94778646e-05 2.09029269e-05 5.36578783e-05 4.40527539e-05 1.42352437e-05 5.96590306e-05 7.40754138e-05 9.93771246e-06 5.23061375e-05 1.57212052e-04 3.28746682e-05 3.14124022e-04 4.51808267e-04 1.80723307e-05 2.49045460e-04 5.67690644e-05 4.52231208e-05 4.61145082e-04 6.51521132e-04 1.19229082e-04 3.94761142e-04 1.42626929e-04 4.94671387e-05 1.11315453e-04 6.15242951e-05 1.96661163e-06 4.14683853e-08 2.23647447e-09
 2023 02 26 12 00 00  3.87611468e-03 2.35246019e-03 1.30742346e-03 9.50199706e-04 7.04210695e-04 3.83896887e-04 2.82057307e-04 2.44731974e-04 5.14782051e-04 1.45213981e-04 3.68107039e-03 5.62404171e-03 2.52580582e-04 7.32050775e-05 4.68747463e-05 1.36229454e-04 4.02019301e-05 6.95458963e-05 1.38182530e-04 7.98208930e-05 1.55109640e-04 1.89378825e-04 1.08188331e-04 7.60603875e-05 5.35156069e-06 9.44734420e-06 6.05897221e-06 2.66715591e-05 4.95560525e-06 1.80806281e-05 5.08598943e-05 3.93908151e-05 2.06817014e-05 5.33945105e-05 4.46529652e-05 1.42202000e-05 5.93043289e-05 7.34924643e-05 9.77536911e-06 5.20146619e-05 1.56727514e-04 3.32643016e-05 3.11933355e-04 4.57333517e-04 1.82933407e-05 2.48130073e-04 5.54282509e-05 4.59784409e-05 4.58512882e-04 6.48454688e-04 1.19559614e-04 3.82975820e-04 1.32044100e-04 4.56201349e-05 1.02436242e-04 5.55646990e-05 1.69533004e-06 2.71624700e-08 9.35329680e-10
 2023 02 27 12 00 00  3.88088900e-03 2.35684587e-03 1.31009259e-03 9.51979753e-04 7.05678489e-04 3.84390060e-04 2.82619627e-04 2.45381831e-04 5.16484776e-04 1.45927485e-04 3.69463847e-03 5.64528890e-03 2.53470259e-04 7.35850944e-05 4.70422974e-05 1.37603252e-04 4.06826672e-05 7.05110549e-05 1.39262306e-04 8.03668867e-05 1.57041188e-04 1.91888618e-04 1.09225670e-04 7.65092269e-05 5.38277382e-06 9.32977782e-06 6.06571302e-06 2.67913353e-05 4.96784487e-06 1.81791974e-05 5.15922761e-05 3.95778654e-05 2.11584731e-05 5.39129898e-05 4.53691435e-05 1.42495061e-05 6.04663995e-05 7.50970043e-05 9.68313107e-06 5.26359327e-05 1.59376742e-04 3.37269885e-05 3.15576531e-04 4.63923565e-04 1.85569426e-05 2.55423973e-04 5.83254674e-05 4.68758488e-05 4.71275442e-04 6.61781674e-04 1.22120172e-04 3.91456495e-04 1.31266642e-04 4.53375938e-05 1.01784468e-04 5.51314430e-05 1.67591094e-06 2.61612225e-08 8.44842418e-10
 2023 02 28 12 00 00  3.89431155e-03 2.36531018e-03 1.31548294e-03 9.56136016e-04 7.09439482e-04 3.86099570e-04 2.84296025e-04 2.47219666e-04 5.21282964e-04 1.47133831e-04 3.73317067e-03 5.71965687e-03 2.55337352e-04 7.39717896e-05 4.72908695e-05 1.40199281e-04 4.16802010e-05 7.25134625e-05 1.40590600e-04 8.07331351e-05 1.61092223e-04 1.97092962e-04 1.11330320e-04 7.73625967e-05 5.44755603e-06 9.58800301e-06 6.07878355e-06 2.70454529e-05 4.97615692e-06 1.83535066e-05 5.30100814e-05 3.99659912e-05 2.21472044e-05 5.50312340e-05 4.58548573e-05 1.43063546e-05 6.26997683e-05 7.82617281e-05 9.88553147e-06 5.37937566e-05 1.64839106e-04 3.40381899e-05 3.24452503e-04 4.68389704e-04 1.87355882e-05 2.68096410e-04 6.43307983e-05 4.74799745e-05 4.94260624e-04 6.85803095e-04 1.25792362e-04 4.10923416e-04 1.32552359e-04 4.58051038e-05 1.02864172e-04 5.58638226e-05 1.70980227e-06 2.79901965e-08 1.01224726e-09
 2023 03 01 12 00 00  3.88659016e-03 2.36046292e-03 1.31239356e-03 9.53718497e-04 7.07232501e-04 3.85108106e-04 2.83324505e-04 2.46153152e-04 5.18512050e-04 1.46440348e-04 3.71093322e-03 5.67715392e-03 2.54261353e-04 7.37374142e-05 4.71329554e-05 1.42031467e-04 4.25213424e-05 7.42020318e-05 1.41053375e-04 8.05142161e-05 1.64344367e-04 2.01482484e-04 1.12973705e-04 7.79001633e-05 5.50217737e-06 9.51217808e-06 6.08129449e-06 2.71998547e-05 4.97146248e-06 1.84598885e-05 5.41241850e-05 4.02932725e-05 2.29811063e-05 5.56878767e-05 4.55789006e-05 1.43172554e-05 6.43724814e-05 8.07206436e-05 9.82608399e-06 5.41256809e-05 1.67135665e-04 3.38544400e-05 3.27030905e-04 4.65843567e-04 1.86337427e-05 2.75898758e-04 6.93966460e-05 4.71247127e-05 5.10944838e-04 7.02243097e-04 1.27708724e-04 4.25895296e-04 1.31919564e-04 4.55753363e-05 1.02335130e-04 5.55237642e-05 1.69540316e-06 2.73123327e-08 9.52658308e-10
 2023 03 02 12 00 00  3.90793213e-03 2.37434896e-03 1.32119718e-03 9.60399225e-04 7.13221844e-04 3.87787028e-04 2.85974962e-04 2.49067584e-04 5.26131719e-04 1.48443918e-04 3.77211097e-03 5.79401329e-03 2.57295774e-04 7.44261833e-05 4.75693897e-05 1.42811670e-04 4.26661369e-05 7.44932448e-05 1.42019383e-04 8.12132494e-05 1.65105421e-04 2.02244045e-04 1.13427542e-04 7.82779379e-05 5.51155463e-06 9.70708570e-06 6.09176168e-06 2.72931813e-05 4.98753507e-06 1.85313128e-05 5.44398810e-05 4.03496320e-05 2.31256345e-05 5.61578430e-05 4.65168734e-05 1.43627694e-05 6.49481937e-05 8.14286741e-05 9.97881580e-06 5.50225813e-05 1.70337910e-04 3.44501401e-05 3.32828908e-04 4.74461614e-04 1.89784646e-05 2.81078822e-04 7.02795514e-05 4.82822274e-05 5.17586385e-04 7.10471137e-04 1.29678610e-04 4.32077724e-04 1.36309415e-04 4.71716603e-05 1.06022281e-04 5.80303162e-05 1.81178677e-06 3.36221049e-08 1.53090660e-09
 2023 03 03 12 00 00  3.92942833e-03 2.38855103e-03 1.33018223e-03 9.67177584e-04 7.19277854e-04 3.90467882e-04 2.88639688e-04 2.52003027e-04 5.33806244e-04 1.50506787e-04 3.83371408e-03 5.91087379e-03 2.60387690e-04 7.51578344e-05 4.80203724e-05 1.45665402e-04 4.36875300e-05 7.65443721e-05 1.43845230e-04 8.19828943e-05 1.69327755e-04 2.07581980e-04 1.15656093e-04 7.93218174e-05 5.57784770e-06 9.87878229e-06 6.10570351e-06 2.75715248e-05 5.00518690e-06 1.87327647e-05 5.59602886e-05 4.07470798e-05 2.41395144e-05 5.74370766e-05 4.75472596e-05 1.44234000e-05 6.73752797e-05 8.47962078e-05 1.01134130e-05 5.65100885e-05 1.76863272e-04 3.51056457e-05 3.42345439e-04 4.83930165e-04 1.93572066e-05 2.95701474e-04 7.64451863e-05 4.95557149e-05 5.43072753e-04 7.37959886e-04 1.34289485e-04 4.55368128e-04 1.41923337e-04 4.92130121e-05 1.10736875e-04 6.12298152e-05 1.95995384e-06 4.16260832e-08 2.26370496e-09
 2023 03 04 12 00 00  3.95241612e-03 2.40305822e-03 1.33941903e-03 9.74282675e-04 7.25697877e-04 3.93392481e-04 2.91507289e-04 2.55145781e-04 5.42017518e-04 1.52572871e-04 3.89967196e-03 6.03835881e-03 2.63583755e-04 7.58197619e-05 4.84566064e-05 1.46897034e-04 4.40072676e-05 7.71876948e-05 1.44877594e-04 8.26036849e-05 1.70802362e-04 2.09266664e-04 1.16467237e-04 7.98139189e-05 5.59854197e-06 9.89720429e-06 6.12628719e-06 2.76897718e-05 5.01947688e-06 1.88310931e-05 5.65059455e-05 4.08715510e-05 2.44591531e-05 5.80356783e-05 4.83811251e-05 1.45129306e-05 6.82956681e-05 8.60625170e-05 1.01278594e-05 5.76518940e-05 1.81165711e-04 3.56348057e-05 3.51046103e-04 4.91591188e-04 1.96636475e-05 3.02926283e-04 7.84003059e-05 5.05840173e-05 5.53247002e-04 7.49596805e-04 1.36662908e-04 4.64328167e-04 1.45671024e-04 5.05759757e-05 1.13885782e-04 6.33793437e-05 2.06039144e-06 4.71179703e-08 2.76814873e-09
 2023 03 05 12 00 00  3.94604468e-03 2.40104502e-03 1.33795501e-03 9.72714100e-04 7.24050959e-04 3.92407568e-04 2.90654633e-04 2.54257068e-04 5.39720656e-04 1.52410032e-04 3.88110455e-03 5.99585325e-03 2.63019187e-04 7.59655743e-05 4.84244963e-05 1.46210003e-04 4.36451432e-05 7.64628698e-05 1.45026579e-04 8.30158009e-05 1.69327224e-04 2.07400426e-04 1.15751247e-04 7.96464883e-05 5.57492567e-06 9.70412875e-06 6.13268421e-06 2.76080016e-05 5.02901385e-06 1.87939985e-05 5.60790044e-05 4.07307409e-05 2.41040194e-05 5.77165198e-05 4.89373284e-05 1.45407234e-05 6.76439312e-05 8.50974661e-05 9.97645693e-06 5.77642251e-05 1.79680319e-04 3.59865109e-05 3.51151670e-04 4.96699582e-04 1.98679833e-05 3.00879082e-04 7.62623968e-05 5.12677419e-05 5.47650507e-04 7.43875683e-04 1.36585005e-04 4.59061508e-04 1.47232257e-04 5.11439635e-05 1.15198974e-04 6.42870156e-05 2.10359751e-06 4.95388491e-08 2.99193914e-09
 2023 03 06 12 00 00  3.97343669e-03 2.41911683e-03 1.34939115e-03 9.81370271e-04 7.31800680e-04 3.95830314e-04 2.94055934e-04 2.58004908e-04 5.49508849e-04 1.55036645e-04 3.95965927e-03 6.14459030e-03 2.66959505e-04 7.68909346e-05 4.89708629e-05 1.47698842e-04 4.40220261e-05 7.72208092e-05 1.46551848e-04 8.40013556e-05 1.71058378e-04 2.09382087e-04 1.16727248e-04 8.02375255e-05 5.59933651e-06 9.80451587e-06 6.14845121e-06 2.77617491e-05 5.05137614e-06 1.89171008e-05 5.67526223e-05 4.08774446e-05 2.44801107e-05 5.84493743e-05 5.02441661e-05 1.46092818e-05 6.87966160e-05 8.66081863e-05 1.00551079e-05 5.89997903e-05 1.84587412e-04 3.68239096e-05 3.59298831e-04 5.08716017e-04 2.03486407e-05 3.09847183e-04 7.85594108e-05 5.28933422e-05 5.60634510e-04 7.58704359e-04 1.39861689e-04 4.68580147e-04 1.50152633e-04 5.22060664e-05 1.17652865e-04 6.59630301e-05 2.18197479e-06 5.38292724e-08 3.38614186e-09
 2023 03 07 12 00 00  3.96312516e-03 2.41445175e-03 1.34625304e-03 9.78548275e-04 7.29038879e-04 3.94358823e-04 2.92716071e-04 2.56578017e-04 5.45804389e-04 1.54485372e-04 3.92980630e-03 6.08083904e-03 2.65819532e-04 7.68971413e-05 4.88650007e-05 1.49052498e-04 4.46018443e-05 7.83859927e-05 1.47338621e-04 8.42551817e-05 1.73255809e-04 2.12421156e-04 1.17875221e-04 8.05968082e-05 5.63693102e-06 9.55263167e-06 6.14603923e-06 2.78641185e-05 5.05735843e-06 1.90017021e-05 5.75771249e-05 4.11030953e-05 2.50571204e-05 5.88454687e-05 5.05924167e-05 1.45987506e-05 7.00411329e-05 8.83681090e-05 9.85753941e-06 5.91365938e-05 1.85732048e-04 3.70414258e-05 3.59090543e-04 5.11911214e-04 2.04764486e-05 3.16271668e-04 8.20756773e-05 5.33167680e-05 5.73947048e-04 7.71681530e-04 1.42027190e-04 4.76060420e-04 1.45604788e-04 5.05535092e-05 1.13841780e-04 6.34421574e-05 2.06989013e-06 4.81195485e-08 2.87192563e-09
 2023 03 08 12 00 00  3.97834398e-03 2.42385464e-03 1.35225748e-03 9.83220810e-04 7.33289057e-04 3.96315445e-04 2.94622330e-04 2.58662738e-04 5.51244245e-04 1.55812933e-04 3.97352362e-03 6.16583377e-03 2.67903842e-04 7.73051480e-05 4.91505341e-05 1.49343913e-04 4.46215068e-05 7.84257834e-05 1.47782648e-04 8.46082228e-05 1.73467433e-04 2.12527286e-04 1.18017072e-04 8.06905773e-05 5.63819340e-06 9.57134762e-06 6.15006938e-06 2.79009436e-05 5.06549841e-06 1.90329597e-05 5.76633826e-05 4.11107583e-05 2.50771962e-05 5.90068981e-05 5.10673155e-05 1.46162725e-05 7.02241698e-05 8.85688180e-05 9.87215899e-06 5.94309219e-05 1.87518620e-04 3.73424642e-05 3.61304924e-04 5.16273878e-04 2.06509551e-05 3.18326955e-04 8.22005328e-05 5.39018423e-05 5.76203562e-04 7.74621667e-04 1.42863563e-04 4.75011462e-04 1.43515930e-04 4.97950457e-05 1.12095380e-04 6.23194508e-05 2.02233946e-06 4.58800656e-08 2.67503175e-09
 2023 03 09 12 00 00  3.83447619e-03 2.34743502e-03 1.30229544e-03 9.41684964e-04 6.94149145e-04 3.76779331e-04 2.76274842e-04 2.38885301e-04 4.99722106e-04 1.45823551e-04 3.55882578e-03 5.31587973e-03 2.50210103e-04 7.55472941e-05 4.70909866e-05 1.48652366e-04 4.59360308e-05 7.95081782e-05 1.48002211e-04 8.49261996e-05 1.70929451e-04 2.10938267e-04 1.16997194e-04 8.07379314e-05 5.71980563e-06 9.74203576e-06 6.13556040e-06 2.83706760e-05 5.07284822e-06 1.92826034e-05 5.85073232e-05 4.15287446e-05 2.58967426e-05 5.84013481e-05 5.14960208e-05 1.45311496e-05 7.01899995e-05 8.82308760e-05 1.00213554e-05 5.88883815e-05 1.78141306e-04 3.76137585e-05 3.60974273e-04 5.20211582e-04 2.08084633e-05 3.18122491e-04 8.21605790e-05 5.44291979e-05 5.83031933e-04 7.72815451e-04 1.43638384e-04 4.78618007e-04 1.43447038e-04 4.97709359e-05 1.12044271e-04 6.23385249e-05 2.02704558e-06 4.64176367e-08 2.73125522e-09
 2023 03 10 12 00 00  3.98315001e-03 2.42839467e-03 1.35500961e-03 9.85005491e-04 7.34729028e-04 3.96798107e-04 2.95178335e-04 2.59305505e-04 5.52941783e-04 1.56551690e-04 3.98709985e-03 6.18707463e-03 2.68811002e-04 7.76808005e-05 4.92947423e-05 1.47349735e-04 4.36806702e-05 7.65392906e-05 1.47592536e-04 8.51686636e-05 1.69804870e-04 2.07641927e-04 1.16199590e-04 8.00675284e-05 5.57699350e-06 9.45628562e-06 6.14115925e-06 2.77217465e-05 5.07864715e-06 1.89213133e-05 5.64754288e-05 4.07447835e-05 2.41484784e-05 5.82128000e-05 5.18331188e-05 1.45774902e-05 6.84357383e-05 8.58700493e-05 9.78194876e-06 5.88910732e-05 1.84516547e-04 3.78222350e-05 3.55794690e-04 5.23301737e-04 2.09320695e-05 3.10350225e-04 7.65789300e-05 5.48354757e-05 5.58984397e-04 7.57434960e-04 1.41369639e-04 4.54976736e-04 1.39477628e-04 4.83291007e-05 1.08721755e-04 6.01715508e-05 1.93293728e-06 4.17966909e-08 2.31963071e-09
 2023 03 11 12 00 00  3.95717612e-03 2.41065398e-03 1.34383186e-03 9.76605211e-04 7.27237726e-04 3.93594226e-04 2.91955787e-04 2.55735158e-04 5.43638245e-04 1.53927553e-04 3.91254679e-03 6.04895204e-03 2.64962616e-04 7.66722856e-05 4.87387322e-05 1.43660793e-04 4.23948630e-05 7.39606447e-05 1.45027506e-04 8.40142427e-05 1.64533256e-04 2.00960358e-04 1.13402349e-04 7.86784613e-05 5.49337565e-06 9.33366391e-06 6.11437572e-06 2.73684032e-05 5.05328826e-06 1.86563627e-05 5.45602517e-05 4.02445992e-05 2.28784251e-05 5.65764239e-05 5.03460760e-05 1.44609279e-05 6.53604788e-05 8.15832903e-05 9.68574604e-06 5.66940707e-05 1.76012227e-04 3.68482579e-05 3.41292025e-04 5.09601848e-04 2.03840739e-05 2.91049818e-04 6.88870612e-05 5.29491284e-05 5.26193830e-04 7.22128306e-04 1.35139016e-04 4.23335388e-04 1.29102284e-04 4.45587099e-05 1.00025149e-04 5.44024580e-05 1.67521309e-06 2.85740953e-08 1.12634666e-09
 2023 03 12 12 00 00  3.94211005e-03 2.40168058e-03 1.33806682e-03 9.72009476e-04 7.22999743e-04 3.91625242e-04 2.90051640e-04 2.53656477e-04 5.38231526e-04 1.52675810e-04 3.86914756e-03 5.96395209e-03 2.62942784e-04 7.63036322e-05 4.84689178e-05 1.42533564e-04 4.20171360e-05 7.32057495e-05 1.44314776e-04 8.37314525e-05 1.62936597e-04 1.99026381e-04 1.12562039e-04 7.82068842e-05 5.46868796e-06 9.20535967e-06 6.10206916e-06 2.72496550e-05 5.04747368e-06 1.85725319e-05 5.40129135e-05 4.00977733e-05 2.25100754e-05 5.60065231e-05 5.00026101e-05 1.44073405e-05 6.44606763e-05 8.03149463e-05 9.58500095e-06 5.58407606e-05 1.72688746e-04 3.66129563e-05 3.35020299e-04 5.06424605e-04 2.02569842e-05 2.85230603e-04 6.66801876e-05 5.24955161e-05 5.16835646e-04 7.11600014e-04 1.33423235e-04 4.11743428e-04 1.22728868e-04 4.22430050e-05 9.46857532e-05 5.08827575e-05 1.51959912e-06 2.07149796e-08 4.20340918e-10
 2023 03 13 12 00 00  3.92365408e-03 2.38845972e-03 1.32978819e-03 9.65890079e-04 7.17595894e-04 3.89396471e-04 2.87773697e-04 2.51116828e-04 5.31617963e-04 1.50682107e-04 3.81619955e-03 5.86832426e-03 2.60105065e-04 7.54725997e-05 4.80327944e-05 1.41037720e-04 4.16091643e-05 7.23897072e-05 1.42707753e-04 8.27194366e-05 1.61200153e-04 1.96929866e-04 1.11583454e-04 7.75913118e-05 5.44205723e-06 9.13068943e-06 6.08624832e-06 2.70972378e-05 5.02526418e-06 1.84495112e-05 5.33206208e-05 3.99391603e-05 2.21109673e-05 5.53014754e-05 4.87001467e-05 1.43384575e-05 6.32888115e-05 7.87655854e-05 9.52629998e-06 5.45927292e-05 1.68500749e-04 3.57592973e-05 3.27152121e-04 4.94424469e-04 1.97769787e-05 2.76260488e-04 6.42825558e-05 5.08423254e-05 5.03420086e-04 6.96583525e-04 1.30042788e-04 4.00216287e-04 1.17560270e-04 4.03652606e-05 9.03571623e-05 4.80410681e-05 1.39481765e-06 1.44794843e-08 1.00000000e-10
 2023 03 14 12 00 00  3.89474509e-03 2.36741695e-03 1.31663946e-03 9.56253377e-04 7.09131231e-04 3.85936359e-04 2.84218311e-04 2.47146433e-04 5.21268582e-04 1.47493299e-04 3.73334190e-03 5.71957454e-03 2.55610215e-04 7.41237753e-05 4.73380635e-05 1.40008145e-04 4.15396207e-05 7.22527097e-05 1.40604271e-04 8.10474157e-05 1.60714332e-04 1.96595754e-04 1.11182752e-04 7.71057802e-05 5.43741771e-06 9.17964135e-06 6.06751237e-06 2.69860512e-05 4.98824629e-06 1.83378233e-05 5.29928686e-05 3.99122102e-05 2.20467657e-05 5.47786181e-05 4.65312682e-05 1.42568839e-05 6.26185900e-05 7.80390279e-05 9.56459771e-06 5.31979926e-05 1.64167500e-04 3.43462336e-05 3.19057967e-04 4.74452256e-04 1.89780902e-05 2.68076042e-04 6.39163889e-05 4.81040595e-05 4.93972927e-04 6.85043562e-04 1.26186763e-04 3.96338082e-04 1.14616975e-04 3.92962769e-05 8.78944462e-05 4.64421552e-05 1.32591929e-06 1.11390612e-08 1.00000000e-10
 2023 03 15 12 00 00  3.86375866e-03 2.34761930e-03 1.30405258e-03 9.46537197e-04 7.00330971e-04 3.82000203e-04 2.80341138e-04 2.42885002e-04 5.10168475e-04 1.44646366e-04 3.64427440e-03 5.54957688e-03 2.51244978e-04 7.31586744e-05 4.67378068e-05 1.38762833e-04 4.12653375e-05 7.17046962e-05 1.39163808e-04 8.00884794e-05 1.59389088e-04 1.95193005e-04 1.10418010e-04 7.65945621e-05 5.41948466e-06 9.10060262e-06 6.05236746e-06 2.68480607e-05 4.96721987e-06 1.82270862e-05 5.24840545e-05 3.98056029e-05 2.17795547e-05 5.41355116e-05 4.52980516e-05 1.41909404e-05 6.17060746e-05 7.68678293e-05 9.50260728e-06 5.20498059e-05 1.59340476e-04 3.35375022e-05 3.11357617e-04 4.63089628e-04 1.85235851e-05 2.60404551e-04 6.23168016e-05 4.65379620e-05 4.83491913e-04 6.72670640e-04 1.23296375e-04 3.88801411e-04 1.11510870e-04 3.81681215e-05 8.52952311e-05 4.47524062e-05 1.25294217e-06 8.40399679e-09 1.00000000e-10
 2023 03 16 12 00 00  3.85344837e-03 2.34018369e-03 1.29940041e-03 9.43098685e-04 6.97294351e-04 3.80757437e-04 2.79067903e-04 2.41463749e-04 5.06471014e-04 1.43521139e-04 3.61468010e-03 5.49644865e-03 2.49649984e-04 7.26797248e-05 4.64828618e-05 1.37619161e-04 4.09102533e-05 7.09944288e-05 1.38128107e-04 7.95039698e-05 1.57926052e-04 1.93368033e-04 1.09617293e-04 7.61886515e-05 5.39630673e-06 9.12859323e-06 6.04173583e-06 2.67387954e-05 4.95445820e-06 1.81382302e-05 5.19267146e-05 3.96675518e-05 2.14321451e-05 5.36573779e-05 4.45492362e-05 1.41446246e-05 6.07913914e-05 7.56192734e-05 9.52452174e-06 5.13026056e-05 1.56478533e-04 3.30450013e-05 3.06283537e-04 4.56188393e-04 1.82475357e-05 2.53996276e-04 6.02295389e-05 4.55845351e-05 4.73251731e-04 6.61638753e-04 1.21005912e-04 3.81492656e-04 1.10559311e-04 3.78229453e-05 8.45020760e-05 4.42617043e-05 1.23359998e-06 7.86106824e-09 1.00000000e-10
 2023 03 17 12 00 00  3.83756381e-03 2.32947672e-03 1.29264296e-03 9.37992975e-04 6.92726702e-04 3.78785569e-04 2.77093602e-04 2.39280119e-04 5.00781852e-04 1.41946007e-04 3.56907157e-03 5.41144870e-03 2.47320425e-04 7.20841230e-05 4.61376005e-05 1.36338785e-04 4.05060040e-05 7.01856450e-05 1.36956968e-04 7.88431847e-05 1.56222409e-04 1.91288664e-04 1.08685272e-04 7.57462004e-05 5.36992666e-06 9.32603944e-06 6.03744229e-06 2.66189473e-05 4.93990265e-06 1.80374664e-05 5.12893509e-05 3.95103765e-05 2.10363505e-05 5.31418951e-05 4.36959817e-05 1.41258803e-05 5.97460332e-05 7.42181361e-05 9.67929300e-06 5.07071328e-05 1.53108889e-04 3.24871682e-05 3.03402695e-04 4.48328703e-04 1.79331481e-05 2.47091726e-04 5.78501611e-05 4.45039477e-05 4.61678513e-04 6.48995385e-04 1.18460128e-04 3.74323794e-04 1.11040794e-04 3.79985528e-05 8.49102298e-05 4.45690264e-05 1.24998900e-06 8.54814317e-09 1.00000000e-10
 2023 03 18 12 00 00  3.73860710e-03 2.27403716e-03 1.25670534e-03 9.08791005e-04 6.65531067e-04 3.65587738e-04 2.64544346e-04 2.25684306e-04 4.65351542e-04 1.34480060e-04 3.28411346e-03 4.83773127e-03 2.34678368e-04 7.03625419e-05 4.45414214e-05 1.37703782e-04 4.30321903e-05 7.22466619e-05 1.36525421e-04 7.81926385e-05 1.55951563e-04 1.91845592e-04 1.08687994e-04 7.62284684e-05 5.51308367e-06 9.12411051e-06 6.05548485e-06 2.71928816e-05 4.92553663e-06 1.84357841e-05 5.41483837e-05 4.03363316e-05 2.34918261e-05 5.36942388e-05 4.28540137e-05 1.41489974e-05 6.17891642e-05 7.71152420e-05 9.50769609e-06 5.13991199e-05 1.53698712e-04 3.19376792e-05 3.15735162e-04 4.40574278e-04 1.76229711e-05 2.61924122e-04 6.64571999e-05 4.34393267e-05 4.95561116e-04 6.79958347e-04 1.22278690e-04 4.09516190e-04 1.13837913e-04 3.90158712e-05 8.72608427e-05 4.61768443e-05 1.32534245e-06 1.19758315e-08 1.00000000e-10
 2023 03 19 12 00 00  3.81239094e-03 2.31308364e-03 1.28224373e-03 9.30119488e-04 6.85677268e-04 3.75639398e-04 2.73970806e-04 2.35842850e-04 4.91784928e-04 1.39578359e-04 3.49695689e-03 5.27335145e-03 2.43732221e-04 7.12578021e-05 4.56324533e-05 1.37420652e-04 4.11922840e-05 7.15651782e-05 1.36504030e-04 7.79873168e-05 1.58734857e-04 1.94890298e-04 1.09885228e-04 7.60904222e-05 5.41440531e-06 9.28560476e-06 6.02878899e-06 2.66957944e-05 4.92101208e-06 1.80758069e-05 5.21053648e-05 3.97774827e-05 2.17200606e-05 5.34935192e-05 4.25887876e-05 1.40881573e-05 6.08894724e-05 7.59927573e-05 9.64753490e-06 5.04683229e-05 1.52560350e-04 3.17643338e-05 3.01099372e-04 4.38131213e-04 1.75252485e-05 2.50135252e-04 6.20203966e-05 4.31035238e-05 4.71990897e-04 6.58510714e-04 1.18527743e-04 3.90171388e-04 1.15601760e-04 3.96575955e-05 8.87446447e-05 4.72038368e-05 1.37432617e-06 1.47275074e-08 1.00000000e-10
 2023 03 20 12 00 00  3.81905459e-03 2.31860283e-03 1.28563952e-03 9.32476088e-04 6.87675282e-04 3.76379494e-04 2.74771477e-04 2.36752655e-04 4.94163873e-04 1.40450066e-04 3.51596474e-03 5.30522466e-03 2.44875461e-04 7.16813647e-05 4.58293733e-05 1.38946644e-04 4.16931900e-05 7.25724967e-05 1.37647731e-04 7.85675365e-05 1.60782253e-04 1.97523727e-04 1.10981221e-04 7.67381709e-05 5.44684954e-06 9.53505587e-06 6.04798515e-06 2.68428624e-05 4.93404659e-06 1.81849152e-05 5.28830073e-05 3.99724551e-05 2.22198578e-05 5.42299264e-05 4.33513254e-05 1.41715835e-05 6.21446514e-05 7.77454431e-05 9.84303988e-06 5.17571548e-05 1.55931374e-04 3.22562497e-05 3.10193732e-04 4.45146893e-04 1.78058757e-05 2.58709932e-04 6.50726841e-05 4.40577744e-05 4.85624326e-04 6.73350212e-04 1.21318786e-04 4.06152134e-04 1.24313751e-04 4.28249999e-05 9.60575999e-05 5.21394909e-05 1.60096025e-06 2.68269606e-08 1.02237170e-09
 2023 03 21 12 00 00  3.83638959e-03 2.32957278e-03 1.29262234e-03 9.37876216e-04 6.92570912e-04 3.78589049e-04 2.76940637e-04 2.39133058e-04 5.00368428e-04 1.42019031e-04 3.56577825e-03 5.40084690e-03 2.47297134e-04 7.22007567e-05 4.61689453e-05 1.38920076e-04 4.15503513e-05 7.22881232e-05 1.38136991e-04 7.90628139e-05 1.60386822e-04 1.96804479e-04 1.10823767e-04 7.67468893e-05 5.43746282e-06 9.21442261e-06 6.04936431e-06 2.68319992e-05 4.94508931e-06 1.81984523e-05 5.27705520e-05 3.99169803e-05 2.20825561e-05 5.42122153e-05 4.39978234e-05 1.41774784e-05 6.20275092e-05 7.75011566e-05 9.59159224e-06 5.18808133e-05 1.57303314e-04 3.26754642e-05 3.09889957e-04 4.51097731e-04 1.80439092e-05 2.59402675e-04 6.42602507e-05 4.48705425e-05 4.85187395e-04 6.73790618e-04 1.22003752e-04 4.02517496e-04 1.22556994e-04 4.21868877e-05 9.45871800e-05 5.11807822e-05 1.55934842e-06 2.47855603e-08 8.40578096e-10
 2023 03 22 12 00 00  3.84354151e-03 2.33607921e-03 1.29658591e-03 9.40544764e-04 6.94786902e-04 3.79336871e-04 2.77787983e-04 2.40111258e-04 5.02923952e-04 1.43076663e-04 3.58614612e-03 5.43272123e-03 2.48621819e-04 7.27520218e-05 4.63889018e-05 1.39374576e-04 4.15778952e-05 7.23460689e-05 1.39133258e-04 7.98673485e-05 1.60568910e-04 1.96977350e-04 1.10988780e-04 7.69755866e-05 5.43912611e-06 9.19086451e-06 6.05830246e-06 2.68721269e-05 4.96303510e-06 1.82446570e-05 5.29310463e-05 3.99278098e-05 2.21146576e-05 5.44296337e-05 4.50484455e-05 1.42162447e-05 6.23406572e-05 7.78442598e-05 9.57303564e-06 5.25439032e-05 1.58741726e-04 3.33564996e-05 3.13422781e-04 4.60768083e-04 1.84307233e-05 2.63248926e-04 6.44794141e-05 4.61909716e-05 4.89750613e-04 6.79152229e-04 1.23880015e-04 4.05065961e-04 1.24746393e-04 4.29829497e-05 9.64254707e-05 5.24252885e-05 1.61676624e-06 2.78713408e-08 1.12270069e-09
 2023 03 23 12 00 00  3.85296629e-03 2.34163638e-03 1.30015773e-03 9.43420044e-04 6.97452354e-04 3.80581349e-04 2.78983752e-04 2.41414146e-04 5.06303903e-04 1.43848289e-04 3.61334015e-03 5.48585355e-03 2.49873908e-04 7.29691665e-05 4.65603370e-05 1.38801249e-04 4.12881724e-05 7.17674498e-05 1.39068736e-04 8.00166046e-05 1.59532817e-04 1.95498409e-04 1.10470801e-04 7.67761368e-05 5.42017224e-06 9.09724913e-06 6.05323185e-06 2.68202799e-05 4.96639332e-06 1.82134568e-05 5.25688140e-05 3.98152100e-05 2.18328627e-05 5.42081169e-05 4.52448818e-05 1.41940633e-05 6.18108636e-05 7.70363315e-05 9.49953101e-06 5.22964487e-05 1.58468124e-04 3.34830838e-05 3.11040712e-04 4.62575251e-04 1.85030101e-05 2.60790748e-04 6.27948262e-05 4.64365585e-05 4.84518343e-04 6.74266201e-04 1.23377694e-04 3.98142935e-04 1.22316263e-04 4.20996344e-05 9.43870587e-05 5.10612394e-05 1.55496955e-06 2.46347703e-08 8.28893398e-10
 2023 03 24 12 00 00  3.87123228e-03 2.35457208e-03 1.30826811e-03 9.49405685e-04 7.02731660e-04 3.82793316e-04 2.81234036e-04 2.43916603e-04 5.12835407e-04 1.45785398e-04 3.66567669e-03 5.58147319e-03 2.52650273e-04 7.37469889e-05 4.69712581e-05 1.38808754e-04 4.10703593e-05 7.13333429e-05 1.40015759e-04 8.09514371e-05 1.58852893e-04 1.94396459e-04 1.10206111e-04 7.69501282e-05 5.40587971e-06 9.15017226e-06 6.06223693e-06 2.68315719e-05 4.98731170e-06 1.82385252e-05 5.24238612e-05 3.97305965e-05 2.16226414e-05 5.43517261e-05 4.64690878e-05 1.42331497e-05 6.16904247e-05 7.67153646e-05 9.54092247e-06 5.30555357e-05 1.60132741e-04 3.42749670e-05 3.14702234e-04 4.73841210e-04 1.89536484e-05 2.62914503e-04 6.15465106e-05 4.79722512e-05 4.84651285e-04 6.75970014e-04 1.24846532e-04 3.99205128e-04 1.28514010e-04 4.43524328e-05 9.95858922e-05 5.45410753e-05 1.71268543e-06 3.29000741e-08 1.57932405e-09
 2023 03 25 12 00 00  3.89459055e-03 2.36972208e-03 1.31787860e-03 9.56759350e-04 7.09357894e-04 3.85739034e-04 2.84147028e-04 2.47122029e-04 5.21193608e-04 1.47975271e-04 3.73275322e-03 5.70896789e-03 2.55973247e-04 7.45107272e-05 4.74496793e-05 1.38991760e-04 4.09392640e-05 7.10726250e-05 1.40859071e-04 8.17287364e-05 1.58555950e-04 1.93739370e-04 1.10124092e-04 7.70713862e-05 5.39725079e-06 9.20440652e-06 6.07105067e-06 2.68624183e-05 5.00467031e-06 1.82735382e-05 5.23708930e-05 3.96796939e-05 2.14971253e-05 5.45271400e-05 4.74851957e-05 1.42714416e-05 6.17098150e-05 7.66202779e-05 9.58342789e-06 5.36684204e-05 1.62496725e-04 3.49331152e-05 3.18661611e-04 4.83193256e-04 1.93277302e-05 2.65430467e-04 6.08064118e-05 4.92484134e-05 4.85917876e-04 6.78575734e-04 1.26216008e-04 3.97408426e-04 1.28811653e-04 4.44602247e-05 9.98327190e-05 5.46835421e-05 1.71750268e-06 3.30283534e-08 1.58780544e-09
 2023 03 26 12 00 00  3.89861395e-03 2.37249800e-03 1.31962531e-03 9.58070038e-04 7.10525853e-04 3.86233694e-04 2.84646234e-04 2.47675995e-04 5.22635770e-04 1.48387940e-04 3.74430628e-03 5.73021919e-03 2.56574506e-04 7.46740353e-05 4.75405360e-05 1.39579117e-04 4.11285873e-05 7.14535476e-05 1.41262676e-04 8.19174747e-05 1.59343490e-04 1.94736787e-04 1.10543005e-04 7.72508229e-05 5.40950532e-06 9.21228348e-06 6.08003975e-06 2.69136133e-05 5.00879323e-06 1.83152274e-05 5.26572859e-05 3.97533935e-05 2.16863715e-05 5.47593768e-05 4.77271125e-05 1.43105324e-05 6.21708507e-05 7.72834543e-05 9.58959572e-06 5.40760194e-05 1.63949403e-04 3.50921648e-05 3.22296174e-04 4.85422699e-04 1.94169079e-05 2.68631830e-04 6.19638537e-05 4.95563319e-05 4.90976372e-04 6.83829993e-04 1.27219906e-04 4.00762180e-04 1.28471566e-04 4.43360033e-05 9.95430939e-05 5.44550157e-05 1.70464576e-06 3.21652692e-08 1.50461865e-09
 2023 03 27 12 00 00  3.90576072e-03 2.37619743e-03 1.32205455e-03 9.60120137e-04 7.12472547e-04 3.87213728e-04 2.85561724e-04 2.48661094e-04 5.25198304e-04 1.48865215e-04 3.76493404e-03 5.77271804e-03 2.57439081e-04 7.47441860e-05 4.76302786e-05 1.40382309e-04 4.14558279e-05 7.21100485e-05 1.41515685e-04 8.18765257e-05 1.60695994e-04 1.96439827e-04 1.11230787e-04 7.74869426e-05 5.43077549e-06 9.32138355e-06 6.08301561e-06 2.69963383e-05 5.00778842e-06 1.83671211e-05 5.30975319e-05 3.98806995e-05 2.20100264e-05 5.51120651e-05 4.76688583e-05 1.43234967e-05 6.28628053e-05 7.82830133e-05 9.67528540e-06 5.43424857e-05 1.65876516e-04 3.50567454e-05 3.24886898e-04 4.84889472e-04 1.93955789e-05 2.72194868e-04 6.39261445e-05 4.94871754e-05 4.97760502e-04 6.90886651e-04 1.28069443e-04 4.06319625e-04 1.27873735e-04 4.41179673e-05 9.90363633e-05 5.40738451e-05 1.68434311e-06 3.08720253e-08 1.38135778e-09
 2023 03 28 12 00 00  3.90508294e-03 2.37477946e-03 1.32124130e-03 9.59693786e-04 7.12190047e-04 3.87209553e-04 2.85501648e-04 2.48571526e-04 5.24960162e-04 1.48599714e-04 3.76308775e-03 5.77271804e-03 2.57183087e-04 7.45568450e-05 4.75741583e-05 1.40778159e-04 4.16779483e-05 7.25562568e-05 1.41340585e-04 8.15613312e-05 1.61575433e-04 1.97602281e-04 1.11650557e-04 7.75951382e-05 5.44518480e-06 9.36391007e-06 6.08209157e-06 2.70327723e-05 5.00067108e-06 1.83845403e-05 5.33563666e-05 3.99671437e-05 2.22307790e-05 5.52746163e-05 4.72527259e-05 1.43195008e-05 6.32410399e-05 7.88743335e-05 9.70875626e-06 5.43164582e-05 1.66444046e-04 3.47892143e-05 3.25208736e-04 4.81061960e-04 1.92424784e-05 2.73318889e-04 6.52699382e-05 4.89680213e-05 5.01005612e-04 6.94071758e-04 1.28020402e-04 4.10805776e-04 1.28517613e-04 4.43513360e-05 9.95716438e-05 5.43936840e-05 1.69606710e-06 3.12764946e-08 1.41272967e-09
 2023 03 29 12 00 00  3.90904438e-03 2.37470078e-03 1.32142421e-03 9.60343283e-04 7.13038914e-04 3.87925440e-04 2.86057425e-04 2.49118072e-04 5.26381731e-04 1.48421634e-04 3.77468831e-03 5.80458790e-03 2.57310642e-04 7.42291568e-05 4.75335722e-05 1.40731040e-04 4.17392992e-05 7.26801809e-05 1.40599644e-04 8.08896089e-05 1.61869655e-04 1.97930987e-04 1.11741183e-04 7.74341069e-05 5.44913200e-06 9.48886372e-06 6.08465452e-06 2.70326326e-05 4.98568224e-06 1.83688716e-05 5.33479280e-05 3.99910467e-05 2.22930088e-05 5.52361695e-05 4.63752367e-05 1.43306635e-05 6.31965207e-05 7.89280032e-05 9.80679397e-06 5.40325515e-05 1.66821268e-04 3.42205545e-05 3.26333928e-04 4.72985423e-04 1.89194169e-05 2.71853606e-04 6.56550576e-05 4.78654343e-05 4.99378136e-04 6.91827908e-04 1.26788644e-04 4.07486130e-04 1.22747476e-04 4.22532259e-05 9.47261631e-05 5.11078262e-05 1.54407543e-06 2.30788686e-08 6.62522526e-10
 2023 03 30 12 00 00  3.89348937e-03 2.36466317e-03 1.31505235e-03 9.55449258e-04 7.08619160e-04 3.85957660e-04 2.84114550e-04 2.46980980e-04 5.20813060e-04 1.46972923e-04 3.72999607e-03 5.71958944e-03 2.55104901e-04 7.37268275e-05 4.72161979e-05 1.39787739e-04 4.14869166e-05 7.21750024e-05 1.39751527e-04 8.03842559e-05 1.60748112e-04 1.96630029e-04 1.11124280e-04 7.69469440e-05 5.43267452e-06 9.37976947e-06 6.06952308e-06 2.69343448e-05 4.97444889e-06 1.82923415e-05 5.29255770e-05 3.98929056e-05 2.20454531e-05 5.47076763e-05 4.57173970e-05 1.42648336e-05 6.24775275e-05 7.79514670e-05 9.72132912e-06 5.29940275e-05 1.63693289e-04 3.37931095e-05 3.19472231e-04 4.66929140e-04 1.86771656e-05 2.66266811e-04 6.41645049e-05 4.70368803e-05 4.91474267e-04 6.82401897e-04 1.24914968e-04 3.95779203e-04 1.13336071e-04 3.88315748e-05 8.68263740e-05 4.57781852e-05 1.29949885e-06 1.00360168e-08 1.00000000e-10
 2023 03 31 12 00 00  3.87146447e-03 2.34950116e-03 1.30551147e-03 9.48321768e-04 7.02286328e-04 3.83252432e-04 2.81389178e-04 2.43960789e-04 5.12934942e-04 1.44726710e-04 3.66683201e-03 5.60271889e-03 2.51828112e-04 7.28651368e-05 4.67461498e-05 1.38557663e-04 4.11937857e-05 7.15885486e-05 1.38282483e-04 7.93877174e-05 1.59425082e-04 1.95122399e-04 1.10356254e-04 7.64143113e-05 5.41354493e-06 9.15419369e-06 6.05697533e-06 2.67943243e-05 4.95215027e-06 1.81852664e-05 5.23808929e-05 3.97789379e-05 2.17584791e-05 5.40587494e-05 4.44123580e-05 1.42102464e-05 6.15249445e-05 7.67435932e-05 9.54456409e-06 5.18406144e-05 1.59702989e-04 3.29489558e-05 3.12238777e-04 4.54919287e-04 1.81967715e-05 2.58491884e-04 6.24394859e-05 4.53998160e-05 4.80502857e-04 6.69748775e-04 1.21904671e-04 3.87043667e-04 1.09136217e-04 3.73043327e-05 8.32987381e-05 4.33795336e-05 1.18808695e-06 6.01315833e-09 1.00000000e-10
 2023 04 01 12 00 00  3.85693467e-03 2.33881976e-03 1.29884656e-03 9.43458857e-04 6.98026852e-04 3.81521266e-04 2.79605418e-04 2.41966992e-04 5.07736768e-04 1.43103114e-04 3.62520247e-03 5.52834384e-03 2.49553641e-04 7.21748087e-05 4.63967871e-05 1.37312671e-04 4.08393913e-05 7.08796142e-05 1.36922631e-04 7.85220473e-05 1.57930345e-04 1.93300568e-04 1.09512935e-04 7.58996340e-05 5.39041357e-06 9.14588891e-06 6.04972556e-06 2.66675889e-05 4.93281950e-06 1.80827717e-05 5.17772187e-05 3.96411546e-05 2.14116793e-05 5.34823396e-05 4.32808039e-05 1.41787037e-05 6.05139251e-05 7.54299746e-05 9.53807248e-06 5.09553045e-05 1.56436919e-04 3.22159874e-05 3.07683432e-04 4.44504683e-04 1.77801873e-05 2.51120970e-04 6.03555585e-05 4.39785857e-05 4.69005916e-04 6.56896075e-04 1.19041327e-04 3.77739267e-04 1.05597838e-04 3.60178055e-05 8.03279800e-05 4.13697562e-05 1.09546197e-06 2.70132290e-09 1.00000000e-10
 2023 04 02 12 00 00  3.84825040e-03 2.33476813e-03 1.29613794e-03 9.41050324e-04 6.95681667e-04 3.80289236e-04 2.78478797e-04 2.40764668e-04 5.04618098e-04 1.42613328e-04 3.60005792e-03 5.47521487e-03 2.48574185e-04 7.21550595e-05 4.62867083e-05 1.37091020e-04 4.07583197e-05 7.07192637e-05 1.37050166e-04 7.87024503e-05 1.57548957e-04 1.92903843e-04 1.09334339e-04 7.58550168e-05 5.38503664e-06 9.00797531e-06 6.04102970e-06 2.66363058e-05 4.93699154e-06 1.80675273e-05 5.16971272e-05 3.96097108e-05 2.13356456e-05 5.33508029e-05 4.35241207e-05 1.41408542e-05 6.03787294e-05 7.51869085e-05 9.42998377e-06 5.07237201e-05 1.55115997e-04 3.23699263e-05 3.03992976e-04 4.46739544e-04 1.78695818e-05 2.50293788e-04 5.99154562e-05 4.42778284e-05 4.68034232e-04 6.55799588e-04 1.19161405e-04 3.76925382e-04 1.06254383e-04 3.62564226e-05 8.08785009e-05 4.17366488e-05 1.11197540e-06 3.27379155e-09 1.00000000e-10
 2023 04 03 12 00 00  3.87340065e-03 2.35099327e-03 1.30643821e-03 9.48907097e-04 7.02747034e-04 3.83458749e-04 2.81608470e-04 2.44204220e-04 5.13604981e-04 1.44948056e-04 3.67219392e-03 5.61332405e-03 2.52131353e-04 7.29454679e-05 4.67816079e-05 1.37269456e-04 4.06269886e-05 7.04577542e-05 1.37901477e-04 7.94967171e-05 1.57266318e-04 1.92242089e-04 1.09262717e-04 7.60503289e-05 5.37640772e-06 9.05023917e-06 6.04674133e-06 2.66697682e-05 4.95499662e-06 1.81034948e-05 5.16532757e-05 3.95587005e-05 2.12093320e-05 5.35735003e-05 4.45764308e-05 1.41656899e-05 6.04139629e-05 7.50917166e-05 9.46313303e-06 5.13673363e-05 1.57556269e-04 3.30446550e-05 3.07065978e-04 4.56416120e-04 1.82566448e-05 2.52777340e-04 5.91676624e-05 4.55875561e-05 4.69329043e-04 6.58815959e-04 1.20541464e-04 3.77866180e-04 1.10276155e-04 3.77187089e-05 8.42551272e-05 4.40211731e-05 1.21727437e-06 7.03932699e-09 1.00000000e-10
 2023 04 04 12 00 00  3.88688248e-03 2.35964613e-03 1.31193524e-03 9.53095267e-04 7.06510304e-04 3.85158561e-04 2.83284327e-04 2.46044149e-04 5.18418157e-04 1.46188650e-04 3.71083618e-03 5.68768755e-03 2.54028613e-04 7.33585616e-05 4.70469695e-05 1.36909823e-04 4.03681042e-05 6.99400320e-05 1.38164025e-04 7.99031579e-05 1.56378436e-04 1.90912856e-04 1.08846630e-04 7.60052791e-05 5.35950348e-06 9.05320339e-06 6.04697307e-06 2.66456616e-05 4.96431785e-06 1.80935580e-05 5.13741012e-05 3.94580566e-05 2.09562582e-05 5.35103564e-05 4.51205618e-05 1.41666722e-05 6.00376971e-05 7.44663665e-05 9.46546425e-06 5.15203580e-05 1.58080952e-04 3.33908218e-05 3.07174506e-04 4.61416337e-04 1.84566535e-05 2.51978420e-04 5.76483028e-05 4.62600758e-05 4.65977724e-04 6.56326497e-04 1.20698671e-04 3.74402470e-04 1.11715235e-04 3.82424771e-05 8.54671696e-05 4.48715711e-05 1.25863706e-06 8.61684271e-09 1.00000000e-10
 2023 04 05 12 00 00  3.91270120e-03 2.37451599e-03 1.32153278e-03 9.60753907e-04 7.13572643e-04 3.88557823e-04 2.86538087e-04 2.49575933e-04 5.27644988e-04 1.48214161e-04 3.78503373e-03 5.83641753e-03 2.57385249e-04 7.38581942e-05 4.74687034e-05 1.36539045e-04 4.00935329e-05 6.93908136e-05 1.38260767e-04 8.01736896e-05 1.55542762e-04 1.89501686e-04 1.08446306e-04 7.59477829e-05 5.34158098e-06 9.13551848e-06 6.04618981e-06 2.66333667e-05 4.97070068e-06 1.80847091e-05 5.10620278e-05 3.93513095e-05 2.06876241e-05 5.35055439e-05 4.54920548e-05 1.41632321e-05 5.96292022e-05 7.37952418e-05 9.52999617e-06 5.16415997e-05 1.59607433e-04 3.36226949e-05 3.07628698e-04 4.64824485e-04 1.85929794e-05 2.50813476e-04 5.60343149e-05 4.67114849e-05 4.61786214e-04 6.53399965e-04 1.20515251e-04 3.70039681e-04 1.12393653e-04 3.84898849e-05 8.60420571e-05 4.53027428e-05 1.28152200e-06 9.57197557e-09 1.00000000e-10
 2023 04 06 12 00 00  3.90815641e-03 2.37358692e-03 1.32076495e-03 9.59715062e-04 7.12400721e-04 3.87807048e-04 2.85910821e-04 2.48931360e-04 5.25994222e-04 1.48198762e-04 3.77167060e-03 5.80453202e-03 2.57059955e-04 7.40438141e-05 4.74805888e-05 1.36875443e-04 4.01626574e-05 6.95319439e-05 1.38807210e-04 8.06052703e-05 1.55788068e-04 1.89888491e-04 1.08612247e-04 7.60840708e-05 5.34595820e-06 9.19794620e-06 6.05360947e-06 2.66594829e-05 4.98086956e-06 1.81121951e-05 5.12289188e-05 3.93783062e-05 2.07604462e-05 5.36339859e-05 4.60840645e-05 1.41954573e-05 5.99001175e-05 7.41378345e-05 9.57890297e-06 5.20698729e-05 1.59890177e-04 3.39925173e-05 3.10491760e-04 4.70256111e-04 1.88102444e-05 2.53489453e-04 5.64983115e-05 4.74313856e-05 4.65427300e-04 6.57121367e-04 1.21700347e-04 3.71933448e-04 1.12857078e-04 3.86590869e-05 8.64362094e-05 4.56098416e-05 1.29856038e-06 1.04901979e-08 1.00000000e-10
 2023 04 07 12 00 00  3.90095952e-03 2.36998407e-03 1.31838446e-03 9.57612055e-04 7.10357148e-04 3.86797094e-04 2.84972101e-04 2.47919744e-04 5.23390961e-04 1.47734986e-04 3.75074165e-03 5.76201826e-03 2.56197763e-04 7.39658509e-05 4.73745264e-05 1.35760848e-04 3.97158321e-05 6.86385203e-05 1.38428352e-04 8.06520984e-05 1.53989390e-04 1.87596046e-04 1.07699496e-04 7.57443292e-05 5.31677506e-06 9.18948936e-06 6.04240595e-06 2.65550246e-05 4.98258560e-06 1.80389870e-05 5.06442167e-05 3.92046029e-05 2.03239426e-05 5.31847642e-05 4.61803662e-05 1.41466473e-05 5.89843921e-05 7.27738119e-05 9.57221346e-06 5.15587849e-05 1.57252091e-04 3.40377126e-05 3.05399297e-04 4.71120942e-04 1.88448377e-05 2.48471170e-04 5.38791763e-05 4.75225534e-05 4.56216489e-04 6.47642117e-04 1.20500530e-04 3.63543906e-04 1.12368300e-04 3.84821315e-05 8.60312956e-05 4.53794087e-05 1.29104308e-06 1.03178962e-08 1.00000000e-10
 2023 04 08 12 00 00  3.89421459e-03 2.36451951e-03 1.31501265e-03 9.55180445e-04 7.08240554e-04 3.86023379e-04 2.84143269e-04 2.46977036e-04 5.20957776e-04 1.46868415e-04 3.73132782e-03 5.73012903e-03 2.55047657e-04 7.35358624e-05 4.71808274e-05 1.35798204e-04 3.98294709e-05 6.88705652e-05 1.37800360e-04 8.00669368e-05 1.54421976e-04 1.88232217e-04 1.07868052e-04 7.57289085e-05 5.32396989e-06 9.16128411e-06 6.04318411e-06 2.65440500e-05 4.97007641e-06 1.80246604e-05 5.07363719e-05 3.92489834e-05 2.04437092e-05 5.31761916e-05 4.54446563e-05 1.41499433e-05 5.90682805e-05 7.30002824e-05 9.54999268e-06 5.13780818e-05 1.56818050e-04 3.35468649e-05 3.05174998e-04 4.64331780e-04 1.85732712e-05 2.47618373e-04 5.46424533e-05 4.65737394e-05 4.56142682e-04 6.47125146e-04 1.19617293e-04 3.66379137e-04 1.13337426e-04 3.88348997e-05 8.68478396e-05 4.59548010e-05 1.31920066e-06 1.19509998e-08 1.00000000e-10
 2023 04 09 12 00 00  3.86473277e-03 2.34797415e-03 1.30428992e-03 9.46405195e-04 7.00035398e-04 3.82079031e-04 2.80390579e-04 2.42906559e-04 5.10380131e-04 1.44629590e-04 3.64627944e-03 5.56012206e-03 2.51265285e-04 7.30011660e-05 4.67094508e-05 1.35465134e-04 3.97998374e-05 6.88150350e-05 1.37438503e-04 7.98350957e-05 1.54076875e-04 1.88121116e-04 1.07670604e-04 7.56282312e-05 5.32185950e-06 9.28306326e-06 6.04113229e-06 2.64960508e-05 4.96545690e-06 1.79860953e-05 5.06717800e-05 3.92376242e-05 2.04215001e-05 5.29764474e-05 4.51708242e-05 1.41409153e-05 5.88940497e-05 7.28006818e-05 9.64537976e-06 5.11841759e-05 1.53801495e-04 3.33551754e-05 3.03612670e-04 4.61793478e-04 1.84717391e-05 2.45927282e-04 5.45435876e-05 4.62049997e-05 4.54393019e-04 6.44237265e-04 1.19064067e-04 3.67669321e-04 1.15625984e-04 3.96671503e-05 8.87703371e-05 4.72639123e-05 1.38014007e-06 1.52663109e-08 1.00000000e-10
 2023 04 10 12 00 00  3.86031077e-03 2.34451064e-03 1.30214494e-03 9.44830270e-04 6.98648840e-04 3.81559637e-04 2.79842720e-04 2.42286370e-04 5.08783261e-04 1.44085418e-04 3.63352319e-03 5.53886071e-03 2.50530268e-04 7.27390488e-05 4.65877953e-05 1.36602802e-04 4.03336337e-05 6.98903867e-05 1.37476943e-04 7.94867170e-05 1.56181566e-04 1.90948222e-04 1.08715138e-04 7.59400926e-05 5.35634645e-06 9.20104721e-06 6.04726847e-06 2.65816545e-05 4.95803433e-06 1.80459325e-05 5.13650366e-05 3.94454837e-05 2.09575330e-05 5.33739446e-05 4.47341503e-05 1.41675031e-05 5.99192538e-05 7.43636714e-05 9.58099772e-06 5.14108762e-05 1.55381029e-04 3.30631621e-05 3.06342677e-04 4.57762955e-04 1.83105182e-05 2.50512577e-04 5.78342471e-05 4.56406589e-05 4.64325948e-04 6.53922328e-04 1.19901844e-04 3.77264452e-04 1.15159534e-04 3.94977382e-05 8.83800478e-05 4.70105090e-05 1.36922032e-06 1.47368354e-08 1.00000000e-10
 2023 04 11 12 00 00  3.87095535e-03 2.35279801e-03 1.30727993e-03 9.48461419e-04 7.01765436e-04 3.82782574e-04 2.81131147e-04 2.43736134e-04 5.12579208e-04 1.45366265e-04 3.66390166e-03 5.59197813e-03 2.52266726e-04 7.33104407e-05 4.68543186e-05 1.38178534e-04 4.08602791e-05 7.09497835e-05 1.38848915e-04 8.02456634e-05 1.58362511e-04 1.93720571e-04 1.09899056e-04 7.65416737e-05 5.39044195e-06 9.22361651e-06 6.05009845e-06 2.67323361e-05 4.97525107e-06 1.81620958e-05 5.22043740e-05 3.96504853e-05 2.14836022e-05 5.40681664e-05 4.57402872e-05 1.41797369e-05 6.12756778e-05 7.61767069e-05 9.59867539e-06 5.22161947e-05 1.58713206e-04 3.37079866e-05 3.09858901e-04 4.67014615e-04 1.86805846e-05 2.59121174e-04 6.10499817e-05 4.68924060e-05 4.79128585e-04 6.69997139e-04 1.23038051e-04 3.89699672e-04 1.18325845e-04 4.06487132e-05 9.10364990e-05 4.87923129e-05 1.45024414e-06 1.90032619e-08 3.13941584e-10
 2023 04 12 12 00 00  3.86249509e-03 2.34914893e-03 1.30480371e-03 9.46199227e-04 6.99536431e-04 3.81562192e-04 2.80030285e-04 2.42569250e-04 5.09545195e-04 1.44952934e-04 3.63941943e-03 5.53885438e-03 2.51363913e-04 7.33503110e-05 4.67711122e-05 1.39519390e-04 4.14031267e-05 7.20409327e-05 1.39642220e-04 8.05173127e-05 1.60438370e-04 1.96568724e-04 1.10982202e-04 7.70793903e-05 5.42562811e-06 9.29223534e-06 6.05670903e-06 2.68480760e-05 4.98137852e-06 1.82471756e-05 5.29866052e-05 3.98617645e-05 2.20242931e-05 5.46275761e-05 4.60985873e-05 1.42084347e-05 6.24796236e-05 7.78852823e-05 9.65247018e-06 5.29229680e-05 1.60242521e-04 3.39385006e-05 3.13692686e-04 4.70310333e-04 1.88124133e-05 2.65916256e-04 6.43472536e-05 4.73396998e-05 4.91885532e-04 6.83173042e-04 1.25201271e-04 4.05066038e-04 1.25329665e-04 4.31944814e-05 9.69112940e-05 5.27229948e-05 1.62827756e-06 2.83245605e-08 1.16002505e-09
 2023 04 13 12 00 00  3.87875600e-03 2.36071230e-03 1.31205118e-03 9.51537064e-04 7.04238500e-04 3.83525219e-04 2.82031930e-04 2.44796984e-04 5.15361517e-04 1.46687585e-04 3.68599968e-03 5.62384874e-03 2.53844637e-04 7.40576051e-05 4.71486727e-05 1.41336425e-04 4.19846387e-05 7.32087879e-05 1.41198724e-04 8.13690829e-05 1.62871810e-04 1.99608634e-04 1.12302746e-04 7.77669379e-05 5.46336705e-06 9.48657398e-06 6.06822214e-06 2.70319741e-05 5.00029346e-06 1.83836743e-05 5.39059111e-05 4.00880468e-05 2.26016709e-05 5.54687445e-05 4.72064334e-05 1.42584919e-05 6.39869244e-05 7.99211085e-05 9.80478289e-06 5.40907818e-05 1.64637083e-04 3.46588145e-05 3.21025812e-04 4.80510196e-04 1.92204078e-05 2.75996724e-04 6.78591081e-05 4.87358397e-05 5.08347106e-04 7.01146519e-04 1.28732553e-04 4.18909157e-04 1.29117046e-04 4.45712005e-05 1.00088663e-04 5.48531138e-05 1.72506194e-06 3.34149554e-08 1.62266272e-09
 2023 04 14 12 00 00  3.89226264e-03 2.36922604e-03 1.31747553e-03 9.55763129e-04 7.08086800e-04 3.85252590e-04 2.83728118e-04 2.46659916e-04 5.20207350e-04 1.47907006e-04 3.72486826e-03 5.69822490e-03 2.55732290e-04 7.44650075e-05 4.74036623e-05 1.43224009e-04 4.26596205e-05 7.45641359e-05 1.42306127e-04 8.17635620e-05 1.65658583e-04 2.03134849e-04 1.13758839e-04 7.85075140e-05 5.50718214e-06 9.57932789e-06 6.08514420e-06 2.72095224e-05 5.00868991e-06 1.85141794e-05 5.48862151e-05 4.03506914e-05 2.32714665e-05 5.63348338e-05 4.77005146e-05 1.43321071e-05 6.55541994e-05 8.21502645e-05 9.87748645e-06 5.52936925e-05 1.69104323e-04 3.49894137e-05 3.29456689e-04 4.85070766e-04 1.94028306e-05 2.85585582e-04 7.19311996e-05 4.93747066e-05 5.24725857e-04 7.18899743e-04 1.31589967e-04 4.37549211e-04 1.37272573e-04 4.75356808e-05 1.06930141e-04 5.94355894e-05 1.93297928e-06 4.43283035e-08 2.61395492e-09
 2023 04 15 12 00 00  3.90980658e-03 2.38052070e-03 1.32464931e-03 9.61309001e-04 7.13115033e-04 3.87479080e-04 2.85926653e-04 2.49080066e-04 5.26500680e-04 1.49539979e-04 3.77534517e-03 5.79385459e-03 2.58222504e-04 7.50384350e-05 4.77584760e-05 1.44672084e-04 4.31127497e-05 7.54740788e-05 1.43446793e-04 8.23449343e-05 1.67601885e-04 2.05502841e-04 1.14800917e-04 7.90883786e-05 5.53659265e-06 9.63458442e-06 6.09896670e-06 2.73502585e-05 5.02122166e-06 1.86226452e-05 5.55895042e-05 4.05270112e-05 2.37212429e-05 5.70193307e-05 4.84368502e-05 1.43922458e-05 6.67152514e-05 8.37524397e-05 9.92076384e-06 5.63374395e-05 1.73118765e-04 3.54779389e-05 3.36399344e-04 4.91862391e-04 1.96744957e-05 2.93454394e-04 7.46662961e-05 5.03195799e-05 5.37279032e-04 7.32915039e-04 1.34199762e-04 4.50331024e-04 1.42959822e-04 4.96028728e-05 1.11700419e-04 6.26258998e-05 2.07738029e-06 5.18812215e-08 3.29933343e-09
 2023 04 16 12 00 00  3.89727236e-03 2.37379909e-03 1.32026334e-03 9.57726382e-04 7.09771340e-04 3.85791108e-04 2.84340176e-04 2.47372177e-04 5.22030549e-04 1.48663271e-04 3.73933012e-03 5.71949333e-03 2.56680297e-04 7.48930198e-05 4.75798857e-05 1.44799084e-04 4.32008994e-05 7.56515423e-05 1.43578076e-04 8.23805924e-05 1.67838215e-04 2.05968347e-04 1.14922031e-04 7.90861515e-05 5.54229373e-06 9.65002109e-06 6.09686431e-06 2.73544549e-05 5.02151161e-06 1.86256852e-05 5.57004945e-05 4.05613333e-05 2.38095381e-05 5.70011431e-05 4.84569609e-05 1.43831130e-05 6.68687147e-05 8.39780980e-05 9.93272406e-06 5.62497004e-05 1.72198396e-04 3.55039461e-05 3.35591488e-04 4.92063745e-04 1.96825498e-05 2.94041454e-04 7.52072199e-05 5.03673335e-05 5.39149001e-04 7.34193101e-04 1.34515678e-04 4.50708901e-04 1.41215864e-04 4.89686909e-05 1.10235552e-04 6.16294934e-05 2.03107455e-06 4.93677220e-08 3.06891366e-09
 2023 04 17 12 00 00  3.89315460e-03 2.37064650e-03 1.31830733e-03 9.56377233e-04 7.08634072e-04 3.85321482e-04 2.83849598e-04 2.46824261e-04 5.20577782e-04 1.48184673e-04 3.72766829e-03 5.69825657e-03 2.56025653e-04 7.46973263e-05 4.74832319e-05 1.43135062e-04 4.25571343e-05 7.43585057e-05 1.42726747e-04 8.21262016e-05 1.65255971e-04 2.02601239e-04 1.13577996e-04 7.84634827e-05 5.50052173e-06 9.57826778e-06 6.08693663e-06 2.72013739e-05 5.01528484e-06 1.85152055e-05 5.47726170e-05 4.03108192e-05 2.31700644e-05 5.62780647e-05 4.80958202e-05 1.43399418e-05 6.54236251e-05 8.19251993e-05 9.87640451e-06 5.53933873e-05 1.69022507e-04 3.52840318e-05 3.29921986e-04 4.88757460e-04 1.95502984e-05 2.85776230e-04 7.13162008e-05 4.99380345e-05 5.24192682e-04 7.18423880e-04 1.32091004e-04 4.34770756e-04 1.35890015e-04 4.70325262e-05 1.05766011e-04 5.86212491e-05 1.89353858e-06 4.20695443e-08 2.40398599e-09
 2023 04 18 12 00 00  3.88652533e-03 2.36506138e-03 1.31487911e-03 9.54058681e-04 7.06704726e-04 3.84601106e-04 2.83065094e-04 2.45933401e-04 5.18228663e-04 1.47304264e-04 3.70886821e-03 5.66639341e-03 2.54882021e-04 7.42779825e-05 4.72881463e-05 1.42697410e-04 4.25009202e-05 7.42443954e-05 1.42003552e-04 8.15461739e-05 1.64967366e-04 2.02293918e-04 1.13378058e-04 7.81307570e-05 5.49693141e-06 9.39198289e-06 6.07723705e-06 2.71504393e-05 5.00175229e-06 1.84733466e-05 5.45937846e-05 4.02888953e-05 2.31120343e-05 5.59585912e-05 4.73072432e-05 1.42977718e-05 6.50954835e-05 8.15437566e-05 9.73034912e-06 5.45652868e-05 1.67580954e-04 3.47881200e-05 3.25313468e-04 4.81518129e-04 1.92607251e-05 2.82261688e-04 7.09521060e-05 4.89733822e-05 5.20070826e-04 7.13087891e-04 1.30621817e-04 4.26595654e-04 1.26601996e-04 4.36560695e-05 9.79721952e-05 5.33823026e-05 1.65449685e-06 2.94212256e-08 1.25252448e-09
 2023 04 19 12 00 00  3.87635923e-03 2.35762187e-03 1.31023366e-03 9.50740786e-04 7.03840028e-04 3.83405164e-04 2.81832743e-04 2.44560253e-04 5.14614230e-04 1.46184534e-04 3.67991399e-03 5.61328679e-03 2.53307496e-04 7.38190804e-05 4.70450708e-05 1.41771875e-04 4.22465120e-05 7.37326453e-05 1.41109243e-04 8.09786317e-05 1.63869245e-04 2.00954944e-04 1.12763149e-04 7.77355678e-05 5.48045900e-06 9.35952412e-06 6.06554095e-06 2.70625298e-05 4.98864392e-06 1.84000526e-05 5.41515069e-05 4.01898607e-05 2.28579476e-05 5.55165129e-05 4.65426041e-05 1.42469071e-05 6.43631092e-05 8.05613437e-05 9.70489127e-06 5.37451273e-05 1.65043083e-04 3.43039836e-05 3.19997095e-04 4.74494569e-04 1.89797827e-05 2.76672728e-04 6.93991780e-05 4.80323477e-05 5.11789076e-04 7.03799329e-04 1.28610161e-04 4.18666806e-04 1.22563342e-04 4.21878962e-05 9.45831904e-05 5.11037584e-05 1.55049722e-06 2.39157323e-08 7.51256302e-10
 2023 04 20 12 00 00  3.87783530e-03 2.35785003e-03 1.31044403e-03 9.51065360e-04 7.04218145e-04 3.83654200e-04 2.82038833e-04 2.44771177e-04 5.15153687e-04 1.46175159e-04 3.68426568e-03 5.62391505e-03 2.53402958e-04 7.37565352e-05 4.70547132e-05 1.40258988e-04 4.16166295e-05 7.24672165e-05 1.40384730e-04 8.08226352e-05 1.61391783e-04 1.97657396e-04 1.11482099e-04 7.72315027e-05 5.43960123e-06 9.35544740e-06 6.06394642e-06 2.69272151e-05 4.98482805e-06 1.83039655e-05 5.32642833e-05 3.99447395e-05 2.22317598e-05 5.49197093e-05 4.63212811e-05 1.42399891e-05 6.29990652e-05 7.86263078e-05 9.70164838e-06 5.32798051e-05 1.62785095e-04 3.41691572e-05 3.17513021e-04 4.72468226e-04 1.88987290e-05 2.69532564e-04 6.55864831e-05 4.77691559e-05 4.97750193e-04 6.89438288e-04 1.26487344e-04 4.05851879e-04 1.21088852e-04 4.16520576e-05 9.33471996e-05 5.02832509e-05 1.51379995e-06 2.20297071e-08 5.80965676e-10
 2023 04 21 12 00 00  3.88305257e-03 2.36033773e-03 1.31210104e-03 9.52511899e-04 7.05614273e-04 3.84386597e-04 2.82711700e-04 2.45489984e-04 5.17024113e-04 1.46479140e-04 3.69933796e-03 5.65578863e-03 2.53998739e-04 7.37727123e-05 4.71162601e-05 1.39727328e-04 4.14044393e-05 7.20403448e-05 1.40090697e-04 8.07273260e-05 1.60594461e-04 1.96540103e-04 1.11067091e-04 7.70270301e-05 5.42586458e-06 9.27459332e-06 6.05770256e-06 2.68820100e-05 4.98264744e-06 1.82711600e-05 5.29595565e-05 3.98621400e-05 2.20197544e-05 5.47002607e-05 4.61939722e-05 1.42128396e-05 6.25327534e-05 7.79489628e-05 9.63827188e-06 5.29132212e-05 1.62242533e-04 3.40880244e-05 3.14764943e-04 4.71298162e-04 1.88519265e-05 2.66729901e-04 6.42903091e-05 4.76115674e-05 4.92756064e-04 6.84420492e-04 1.25636494e-04 3.99832561e-04 1.18357412e-04 4.06595917e-05 9.10587076e-05 4.87730816e-05 1.44691437e-06 1.86425900e-08 2.76449974e-10
 2023 04 22 12 00 00  3.86234145e-03 2.34789451e-03 1.30412134e-03 9.46216159e-04 6.99843133e-04 3.81693016e-04 2.80105884e-04 2.42647314e-04 5.09613278e-04 1.44743261e-04 3.63977934e-03 5.53891957e-03 2.51216376e-04 7.32748696e-05 4.67536152e-05 1.37570400e-04 4.06324893e-05 7.04894308e-05 1.38926347e-04 8.03422008e-05 1.57355566e-04 1.92497973e-04 1.09377058e-04 7.63050685e-05 5.37579508e-06 9.20755410e-06 6.04092347e-06 2.66776009e-05 4.97394758e-06 1.81216558e-05 5.18391848e-05 3.95617273e-05 2.12521947e-05 5.37642522e-05 4.56853246e-05 1.41398428e-05 6.07456569e-05 7.54092704e-05 9.58570454e-06 5.17899256e-05 1.56770692e-04 3.37611185e-05 3.05924193e-04 4.66619878e-04 1.86647951e-05 2.55979869e-04 5.96161641e-05 4.69771621e-05 4.74233662e-04 6.64631907e-04 1.22519794e-04 3.84257187e-04 1.16821001e-04 4.01011248e-05 8.97698939e-05 4.79101611e-05 1.40778610e-06 1.65906339e-08 9.01114738e-11
 2023 04 23 12 00 00  3.85385381e-03 2.34139696e-03 1.30008746e-03 9.43322448e-04 6.97335587e-04 3.80703420e-04 2.79070958e-04 2.41484540e-04 5.06579419e-04 1.43742087e-04 3.61549358e-03 5.49641997e-03 2.49846523e-04 7.28276756e-05 4.65332377e-05 1.36909343e-04 4.04794060e-05 7.01800571e-05 1.38089130e-04 7.97619927e-05 1.56663739e-04 1.91676343e-04 1.08973171e-04 7.59787853e-05 5.36595107e-06 9.11383249e-06 6.03413609e-06 2.66103375e-05 4.96091307e-06 1.80664573e-05 5.15362443e-05 3.95020761e-05 2.10966813e-05 5.34117015e-05 4.49227868e-05 1.41103199e-05 6.02216982e-05 7.47460115e-05 9.51222100e-06 5.11092591e-05 1.54922173e-04 3.32691998e-05 3.02253620e-04 4.59604198e-04 1.83841679e-05 2.51665572e-04 5.86525828e-05 4.60229116e-05 4.68075559e-04 6.57433162e-04 1.20788185e-04 3.77503680e-04 1.11932210e-04 3.83239490e-05 8.56678455e-05 4.51549024e-05 1.28222092e-06 9.95804257e-09 1.00000000e-10
 2023 04 24 12 00 00  3.84740254e-03 2.33637993e-03 1.29697927e-03 9.41096793e-04 6.95408897e-04 3.79954737e-04 2.78284260e-04 2.40598642e-04 5.04272226e-04 1.42964066e-04 3.59702001e-03 5.46454303e-03 2.48791913e-04 7.24732227e-05 4.63606008e-05 1.36131214e-04 4.02505568e-05 6.97184703e-05 1.37325604e-04 7.92968785e-05 1.55690682e-04 1.90458136e-04 1.08435470e-04 7.56868091e-05 5.35119216e-06 9.11447351e-06 6.02823930e-06 2.65394837e-05 4.95044042e-06 1.80072723e-05 5.11492024e-05 3.94129369e-05 2.08658574e-05 5.30760837e-05 4.43103083e-05 1.40846751e-05 5.95851296e-05 7.38948371e-05 9.51273687e-06 5.05828802e-05 1.53080971e-04 3.28746741e-05 2.99181324e-04 4.53969786e-04 1.81587914e-05 2.47127913e-04 5.72305347e-05 4.52574721e-05 4.60869987e-04 6.49563030e-04 1.19093429e-04 3.72097657e-04 1.10708257e-04 3.78789444e-05 8.46403510e-05 4.44606875e-05 1.25029118e-06 8.79945787e-09 1.00000000e-10
 2023 04 25 12 00 00  3.84044208e-03 2.33026495e-03 1.29324190e-03 9.38552988e-04 6.93280593e-04 3.79208270e-04 2.77455266e-04 2.39648079e-04 5.01788408e-04 1.41980829e-04 3.57718484e-03 5.43266684e-03 2.47540649e-04 7.19776588e-05 4.61539918e-05 1.34836430e-04 3.98367178e-05 6.88862405e-05 1.36112262e-04 7.85871875e-05 1.53994674e-04 1.88282419e-04 1.07504370e-04 7.52220952e-05 5.32438753e-06 9.13344556e-06 6.02146793e-06 2.64206771e-05 4.93442931e-06 1.79102730e-05 5.04775497e-05 3.92518559e-05 2.04529322e-05 5.25428552e-05 4.33740846e-05 1.40552293e-05 5.84976862e-05 7.24346969e-05 9.52767514e-06 4.98441539e-05 1.50391560e-04 3.22724285e-05 2.95157202e-04 4.45358231e-04 1.78143293e-05 2.39789777e-04 5.47087402e-05 4.40888485e-05 4.48688271e-04 6.36572717e-04 1.16359285e-04 3.63530075e-04 1.09878806e-04 3.75772308e-05 8.39430120e-05 4.39814137e-05 1.22766709e-06 7.96619446e-09 1.00000000e-10
 2023 04 26 12 00 00  3.84459286e-03 2.33334775e-03 1.29516492e-03 9.39943290e-04 6.94491353e-04 3.79696371e-04 2.77962575e-04 2.40216514e-04 5.03274593e-04 1.42451081e-04 3.58905570e-03 5.45391440e-03 2.48196684e-04 7.21827588e-05 4.62541924e-05 1.33809843e-04 3.93544586e-05 6.79176941e-05 1.36011547e-04 7.88492500e-05 1.52122868e-04 1.85761095e-04 1.06571218e-04 7.49807151e-05 5.29309109e-06 9.10202507e-06 6.01673019e-06 2.63329456e-05 4.94011620e-06 1.78534996e-05 4.98574721e-05 3.90641944e-05 1.99740593e-05 5.21910692e-05 4.37079638e-05 1.40346325e-05 5.75737427e-05 7.10415606e-05 9.50304238e-06 4.96735445e-05 1.48999119e-04 3.24929511e-05 2.92469574e-04 4.48436521e-04 1.79374608e-05 2.35583127e-04 5.17958018e-05 4.45155631e-05 4.39658346e-04 6.27967295e-04 1.15524702e-04 3.57005117e-04 1.12993513e-04 3.87092552e-05 8.65547821e-05 4.57221687e-05 1.30602746e-06 1.10614749e-08 1.00000000e-10
 2023 04 27 12 00 00  3.85971008e-03 2.34247597e-03 1.30101619e-03 9.44563800e-04 6.98729544e-04 3.81659484e-04 2.79866428e-04 2.42296239e-04 5.08691417e-04 1.43730093e-04 3.63255271e-03 5.53891174e-03 2.50239434e-04 7.25618634e-05 4.65198535e-05 1.33556072e-04 3.91403039e-05 6.74875919e-05 1.36220643e-04 7.91577448e-05 1.51409571e-04 1.84641442e-04 1.06233815e-04 7.49696165e-05 5.27919292e-06 9.11035313e-06 6.02298933e-06 2.63188515e-05 4.94677552e-06 1.78500600e-05 4.96133984e-05 3.89808585e-05 1.97614063e-05 5.21746608e-05 4.40992037e-05 1.40618999e-05 5.72540106e-05 7.05393004e-05 9.50966059e-06 4.99746068e-05 1.49997302e-04 3.27522575e-05 2.94573282e-04 4.52044769e-04 1.80817908e-05 2.35150333e-04 5.05022355e-05 4.50171501e-05 4.36760183e-04 6.25876090e-04 1.15620225e-04 3.55025307e-04 1.15528300e-04 3.96304476e-05 8.86798214e-05 4.71348563e-05 1.36935465e-06 1.43272398e-08 1.00000000e-10
 2023 04 28 12 00 00  3.84904975e-03 2.33698842e-03 1.29741158e-03 9.41537155e-04 6.95863752e-04 3.80197640e-04 2.78505057e-04 2.40834526e-04 5.04880159e-04 1.43028284e-04 3.60183073e-03 5.47516644e-03 2.48961030e-04 7.24706998e-05 4.63789948e-05 1.33432870e-04 3.90695030e-05 6.73461764e-05 1.36268525e-04 7.92466453e-05 1.51044842e-04 1.84279801e-04 1.06050470e-04 7.50965625e-05 5.27456250e-06 9.35404751e-06 6.03526787e-06 2.63071254e-05 4.94849628e-06 1.78404050e-05 4.95297793e-05 3.89533408e-05 1.96925059e-05 5.22198330e-05 4.42015589e-05 1.41153359e-05 5.71261423e-05 7.03825994e-05 9.70067777e-06 5.05514946e-05 1.49236075e-04 3.28253373e-05 2.98763307e-04 4.52995345e-04 1.81198138e-05 2.35285270e-04 5.00901544e-05 4.51574655e-05 4.35776520e-04 6.25083473e-04 1.15701525e-04 3.61869142e-04 1.26443789e-04 4.35982327e-05 9.78371070e-05 5.32729238e-05 1.64817264e-06 2.89862776e-08 1.21039543e-09
 2023 04 29 12 00 00  3.86165680e-03 2.34368491e-03 1.30179095e-03 9.45189038e-04 6.99310810e-04 3.81910480e-04 2.80115254e-04 2.42571556e-04 5.09401012e-04 1.43905575e-04 3.63819414e-03 5.54953888e-03 2.50514862e-04 7.26338908e-05 4.65667514e-05 1.33687442e-04 3.91281297e-05 6.74647512e-05 1.36330292e-04 7.92290666e-05 1.51400375e-04 1.84595530e-04 1.06228796e-04 7.52004505e-05 5.27832781e-06 9.44217318e-06 6.04176494e-06 2.63386785e-05 4.94785272e-06 1.78600824e-05 4.96132703e-05 3.89761903e-05 1.97522386e-05 5.23948427e-05 4.41654585e-05 1.41436147e-05 5.72862269e-05 7.06247870e-05 9.76974698e-06 5.08456614e-05 1.50847899e-04 3.28083843e-05 3.01758899e-04 4.52671128e-04 1.81068451e-05 2.36512961e-04 5.04611293e-05 4.51232627e-05 4.37191945e-04 6.27088159e-04 1.15882689e-04 3.64102065e-04 1.27938509e-04 4.41415939e-05 9.90912831e-05 5.41153513e-05 1.68656597e-06 3.10144074e-08 1.39494487e-09
 2023 04 30 12 00 00  3.84484168e-03 2.33377813e-03 1.29541986e-03 9.40121246e-04 6.94644629e-04 3.79706709e-04 2.77994866e-04 2.40263435e-04 5.03384707e-04 1.42536989e-04 3.58981966e-03 5.45391813e-03 2.48288668e-04 7.22632657e-05 4.62776212e-05 1.34194102e-04 3.94403498e-05 6.80926081e-05 1.36294634e-04 7.89779006e-05 1.52492742e-04 1.86236788e-04 1.06763117e-04 7.53077529e-05 5.29855097e-06 9.37999794e-06 6.03753360e-06 2.63692985e-05 4.94210362e-06 1.78789252e-05 4.99958100e-05 3.90977191e-05 2.00637354e-05 5.25001406e-05 4.38297808e-05 1.41251978e-05 5.78216213e-05 7.14434517e-05 9.72094349e-06 5.06731225e-05 1.50140723e-04 3.25945613e-05 3.00315273e-04 4.49586122e-04 1.79834449e-05 2.38199225e-04 5.23633207e-05 4.47079132e-05 4.42454732e-04 6.31581604e-04 1.16208723e-04 3.68896441e-04 1.26666046e-04 4.36791965e-05 9.80248076e-05 5.34086789e-05 1.65505504e-06 2.94022037e-08 1.24956685e-09
 2023 05 01 12 00 00  3.87795278e-03 2.35252103e-03 1.30754974e-03 9.49933659e-04 7.03761359e-04 3.84106848e-04 2.82188955e-04 2.44811720e-04 5.15238390e-04 1.45074755e-04 3.68514694e-03 5.64515814e-03 2.52549859e-04 7.28710359e-05 4.68194748e-05 1.35638774e-04 3.99167475e-05 6.90494315e-05 1.37085352e-04 7.92522158e-05 1.54672262e-04 1.88728049e-04 1.07902954e-04 7.57568343e-05 5.32946506e-06 9.42745755e-06 6.04293127e-06 2.65227953e-05 4.94821579e-06 1.79863596e-05 5.06979548e-05 3.92830989e-05 2.05368822e-05 5.31824009e-05 4.41876444e-05 1.41486627e-05 5.89849148e-05 7.30520952e-05 9.75809380e-06 5.12730477e-05 1.55254750e-04 3.28267080e-05 3.05103424e-04 4.52880228e-04 1.81152091e-05 2.45149177e-04 5.52419049e-05 4.51579806e-05 4.54169375e-04 6.44832749e-04 1.18173669e-04 3.76008800e-04 1.24242840e-04 4.27985418e-05 9.59932297e-05 5.20574099e-05 1.59442921e-06 2.62718093e-08 9.66541602e-10
 2023 05 02 12 00 00  3.85863268e-03 2.34299303e-03 1.30124140e-03 9.44511551e-04 6.98567014e-04 3.81421399e-04 2.79705832e-04 2.42152026e-04 5.08314850e-04 1.43884370e-04 3.62937230e-03 5.52828833e-03 2.50292879e-04 7.27521647e-05 4.65599183e-05 1.36695747e-04 4.03674552e-05 6.99553173e-05 1.37765550e-04 7.95128930e-05 1.56280085e-04 1.91092073e-04 1.08747548e-04 7.61195689e-05 5.35868166e-06 9.31890318e-06 6.05044515e-06 2.65953388e-05 4.95415843e-06 1.80498737e-05 5.13446290e-05 3.94585135e-05 2.09856866e-05 5.35065897e-05 4.45347629e-05 1.41813114e-05 5.99488793e-05 7.44465069e-05 9.67291780e-06 5.17448594e-05 1.55452177e-04 3.30484356e-05 3.07756280e-04 4.56071127e-04 1.82428451e-05 2.50654082e-04 5.79782529e-05 4.55885485e-05 4.64816032e-04 6.54992638e-04 1.20057454e-04 3.86172248e-04 1.26542212e-04 4.36346647e-05 9.79243827e-05 5.33689828e-05 1.65524006e-06 2.95621732e-08 1.26792132e-09
 2023 05 03 12 00 00  3.92098873e-03 2.37792277e-03 1.32387943e-03 9.62925521e-04 7.15725139e-04 3.89748120e-04 2.87617276e-04 2.50721538e-04 5.30636612e-04 1.48587905e-04 3.80897993e-03 5.88952564e-03 2.58254981e-04 7.38303754e-05 4.75720719e-05 1.39826158e-04 4.14323120e-05 7.20946060e-05 1.39239443e-04 7.99063768e-05 1.61059036e-04 1.96666890e-04 1.11224429e-04 7.71985216e-05 5.42775415e-06 9.62259510e-06 6.07106995e-06 2.69266472e-05 4.96330613e-06 1.82755382e-05 5.28912721e-05 3.98729113e-05 2.20443122e-05 5.50490315e-05 4.50680091e-05 1.42709876e-05 6.24821837e-05 7.80086576e-05 9.91096167e-06 5.33996003e-05 1.66015661e-04 3.33845819e-05 3.21292799e-04 4.60967466e-04 1.84386987e-05 2.65762420e-04 6.44240470e-05 4.62422555e-05 4.90071493e-04 6.83571924e-04 1.24044798e-04 4.08127361e-04 1.29368221e-04 4.46622116e-05 1.00297298e-04 5.49763061e-05 1.72945938e-06 3.35555733e-08 1.63314038e-09
 2023 05 04 12 00 00  3.90696166e-03 2.37118273e-03 1.31939549e-03 9.58982176e-04 7.11904607e-04 3.87774834e-04 2.85800460e-04 2.48776524e-04 5.25593482e-04 1.47754402e-04 3.76836776e-03 5.80451936e-03 2.56637162e-04 7.37616852e-05 4.73956200e-05 1.39403389e-04 4.12494614e-05 7.17301038e-05 1.39300447e-04 8.01267568e-05 1.60229683e-04 1.95740937e-04 1.10821137e-04 7.71241150e-05 5.41575973e-06 9.77356904e-06 6.07149632e-06 2.68852650e-05 4.96873690e-06 1.82475054e-05 5.26833243e-05 3.98018776e-05 2.18676912e-05 5.48903443e-05 4.53827612e-05 1.42727571e-05 6.21501264e-05 7.74969245e-05 1.00292782e-05 5.34750004e-05 1.64173551e-04 3.35753895e-05 3.21071450e-04 4.63848029e-04 1.85539212e-05 2.64559730e-04 6.33744872e-05 4.66149184e-05 4.87249817e-04 6.80452153e-04 1.24026208e-04 4.07193477e-04 1.32370412e-04 4.57537812e-05 1.02817848e-04 5.66812148e-05 1.80801221e-06 3.77693162e-08 2.01819237e-09
 2023 05 05 12 00 00  3.90959990e-03 2.37403180e-03 1.32110183e-03 9.60015591e-04 7.12692911e-04 3.88003914e-04 2.86091563e-04 2.49121426e-04 5.26517387e-04 1.48230878e-04 3.77572769e-03 5.81513345e-03 2.57190297e-04 7.40222075e-05 4.74870282e-05 1.38460533e-04 4.07714397e-05 7.07726518e-05 1.39344586e-04 8.05341871e-05 1.58377967e-04 1.93270181e-04 1.09914184e-04 7.68673780e-05 5.38461682e-06 9.64118299e-06 6.07069851e-06 2.67938417e-05 4.97830079e-06 1.81974427e-05 5.21034453e-05 3.96159739e-05 2.13977037e-05 5.45169197e-05 4.59397503e-05 1.42691919e-05 6.12822763e-05 7.61800466e-05 9.92547502e-06 5.33723758e-05 1.62858387e-04 3.39242193e-05 3.19204532e-04 4.68959423e-04 1.87583769e-05 2.61167149e-04 6.05390931e-05 4.72937652e-05 4.79174230e-04 6.72569109e-04 1.23563270e-04 3.98749951e-04 1.32527172e-04 4.58107159e-05 1.02949032e-04 5.67665214e-05 1.81169854e-06 3.79488597e-08 2.03414601e-09
 2023 05 06 12 00 00  3.89175721e-03 2.36491386e-03 1.31510053e-03 9.54895910e-04 7.07804550e-04 3.85542706e-04 2.83797348e-04 2.46653452e-04 5.20109134e-04 1.47059995e-04 3.72415821e-03 5.70888035e-03 2.55045691e-04 7.38481517e-05 4.72439498e-05 1.37606468e-04 4.04418242e-05 7.01117679e-05 1.39149362e-04 8.06567143e-05 1.56916114e-04 1.91559048e-04 1.09182175e-04 7.65074754e-05 5.36317420e-06 9.33708507e-06 6.06687645e-06 2.66889934e-05 4.98156551e-06 1.81401928e-05 5.16692236e-05 3.94877599e-05 2.10724043e-05 5.40038919e-05 4.61275893e-05 1.42524936e-05 6.05677739e-05 7.51545512e-05 9.68712338e-06 5.28723747e-05 1.59918943e-04 3.40323313e-05 3.15175248e-04 4.70671265e-04 1.88268506e-05 2.57517170e-04 5.85703703e-05 4.75061883e-05 4.72626794e-04 6.64865079e-04 1.22877420e-04 3.88599052e-04 1.26910358e-04 4.37686283e-05 9.82342604e-05 5.35848915e-05 1.66563770e-06 3.01534556e-08 1.32278748e-09
 2023 05 07 12 00 00  3.88439685e-03 2.36088691e-03 1.31247938e-03 9.52698367e-04 7.05723227e-04 3.84543975e-04 2.82851724e-04 2.45628127e-04 5.17457363e-04 1.46518572e-04 3.70285070e-03 5.66637181e-03 2.54112786e-04 7.37180202e-05 4.71191416e-05 1.38579765e-04 4.08818916e-05 7.09953369e-05 1.39457190e-04 8.06146592e-05 1.58589307e-04 1.93857214e-04 1.10034973e-04 7.68695528e-05 5.39174325e-06 9.31481918e-06 6.07012043e-06 2.67693112e-05 4.98106419e-06 1.81973594e-05 5.22691848e-05 3.96589894e-05 2.15089560e-05 5.43845422e-05 4.60955198e-05 1.42665463e-05 6.14647534e-05 7.64635454e-05 9.66972802e-06 5.32200687e-05 1.60921756e-04 3.40003404e-05 3.17127523e-04 4.70362048e-04 1.88144819e-05 2.61944581e-04 6.12237549e-05 4.74464701e-05 4.81699610e-04 6.73996767e-04 1.24047836e-04 3.99774620e-04 1.31051663e-04 4.52735958e-05 1.01705648e-04 5.58889231e-05 1.76865442e-06 3.54454997e-08 1.80054833e-09
 2023 05 08 12 00 00  3.90015379e-03 2.37149582e-03 1.31917548e-03 9.57706976e-04 7.10175512e-04 3.86489821e-04 2.84799147e-04 2.47778698e-04 5.23083449e-04 1.48071804e-04 3.74797470e-03 5.75135797e-03 2.56412706e-04 7.42895318e-05 4.74556503e-05 1.39767374e-04 4.12182533e-05 7.16707786e-05 1.40513499e-04 8.12430168e-05 1.60052365e-04 1.95614726e-04 1.10841241e-04 7.73400529e-05 5.41357695e-06 9.64886349e-06 6.08505106e-06 2.69015409e-05 4.99531016e-06 1.82907740e-05 5.28277381e-05 3.97898752e-05 2.18427856e-05 5.50017078e-05 4.69281251e-05 1.43314683e-05 6.24048397e-05 7.77262270e-05 9.93167923e-06 5.42811272e-05 1.64410994e-04 3.45341454e-05 3.25147944e-04 4.78018281e-04 1.91207312e-05 2.68967210e-04 6.32535375e-05 4.84826567e-05 4.92030613e-04 6.85540721e-04 1.26433747e-04 4.08871151e-04 1.34658594e-04 4.65841731e-05 1.04727690e-04 5.78833648e-05 1.85700375e-06 3.99207252e-08 2.20292051e-09
 2023 05 09 12 00 00  3.92538260e-03 2.38777320e-03 1.32950911e-03 9.65624436e-04 7.17315022e-04 3.89676620e-04 2.87946149e-04 2.51239422e-04 5.32110072e-04 1.50418661e-04 3.82041600e-03 5.88947535e-03 2.59987210e-04 7.50966427e-05 4.79621171e-05 1.41118029e-04 4.15587332e-05 7.23541831e-05 1.41816693e-04 8.20558984e-05 1.61613354e-04 1.97390471e-04 1.11712240e-04 7.79117324e-05 5.43569076e-06 9.86957675e-06 6.10488132e-06 2.70468921e-05 5.01345603e-06 1.84018998e-05 5.34190355e-05 3.99223500e-05 2.21801602e-05 5.57123613e-05 4.79903742e-05 1.44177437e-05 6.34252904e-05 7.90892973e-05 1.01048645e-05 5.56017372e-05 1.69053001e-04 3.52223666e-05 3.34732003e-04 4.87795198e-04 1.95118079e-05 2.77099579e-04 6.53021736e-05 4.98170906e-05 5.03423772e-04 6.98740159e-04 1.29254962e-04 4.19764054e-04 1.40527129e-04 4.87166111e-05 1.09645376e-04 6.11350910e-05 2.00150308e-06 4.72754380e-08 2.86512005e-09
 2023 05 10 12 00 00  3.93212812e-03 2.39338029e-03 1.33295794e-03 9.68041184e-04 7.19378312e-04 3.90429594e-04 2.88761811e-04 2.52168162e-04 5.34527048e-04 1.51308666e-04 3.83971515e-03 5.92135377e-03 2.61152386e-04 7.55289256e-05 4.81423704e-05 1.40801295e-04 4.13532776e-05 7.19413161e-05 1.42369142e-04 8.26614967e-05 1.60847071e-04 1.96313659e-04 1.11376395e-04 7.78410627e-05 5.42236885e-06 9.57767188e-06 6.08926202e-06 2.70180196e-05 5.02684088e-06 1.83964202e-05 5.32207956e-05 3.98423872e-05 2.19757101e-05 5.55585561e-05 4.87747282e-05 1.43498153e-05 6.31633188e-05 7.85600740e-05 9.87618987e-06 5.52772066e-05 1.68655778e-04 3.57339828e-05 3.28836928e-04 4.95018724e-04 1.98007490e-05 2.76304271e-04 6.40563318e-05 5.08083904e-05 5.01637741e-04 6.97529775e-04 1.29855957e-04 4.14781770e-04 1.38669892e-04 4.80406516e-05 1.08081173e-04 6.00378298e-05 1.94814838e-06 4.42048645e-08 2.57933870e-09
 2023 05 11 12 00 00  3.93135584e-03 2.39165940e-03 1.33197409e-03 9.67565755e-04 7.19094998e-04 3.90440642e-04 2.88703052e-04 2.52076126e-04 5.34266902e-04 1.50988605e-04 3.83769671e-03 5.92136234e-03 2.60849030e-04 7.53124522e-05 4.80880680e-05 1.40099610e-04 4.11178858e-05 7.14681053e-05 1.41728963e-04 8.22852016e-05 1.59911195e-04 1.95077820e-04 1.10862450e-04 7.75404633e-05 5.40711517e-06 9.57642260e-06 6.08581431e-06 2.69544879e-05 5.01809045e-06 1.83448553e-05 5.28384104e-05 3.97507712e-05 2.17411201e-05 5.52492398e-05 4.82646545e-05 1.43348501e-05 6.25545023e-05 7.77428505e-05 9.87534513e-06 5.48207667e-05 1.67441792e-04 3.54124961e-05 3.26754691e-04 4.90335246e-04 1.96134098e-05 2.72284501e-04 6.26250461e-05 5.01831935e-05 4.94877269e-04 6.90277389e-04 1.28364074e-04 4.07926583e-04 1.35493202e-04 4.68852462e-05 1.05411297e-04 5.82094281e-05 1.86230047e-06 3.94802370e-08 2.14462439e-09
 2023 05 12 12 00 00  3.92984903e-03 2.39107259e-03 1.33156629e-03 9.67249573e-04 7.18810367e-04 3.90235944e-04 2.88521124e-04 2.51888675e-04 5.33746792e-04 1.50936571e-04 3.83349836e-03 5.91075718e-03 2.60708635e-04 7.53431723e-05 4.80679091e-05 1.40215908e-04 4.11774294e-05 7.15868315e-05 1.41901730e-04 8.23766866e-05 1.60116689e-04 1.95379752e-04 1.10976003e-04 7.74221076e-05 5.41101981e-06 9.37139193e-06 6.07928669e-06 2.69571570e-05 5.01979594e-06 1.83531341e-05 5.29164190e-05 3.97739088e-05 2.17987006e-05 5.51581948e-05 4.83665732e-05 1.43064797e-05 6.26699795e-05 7.78910028e-05 9.71468107e-06 5.44366241e-05 1.67297828e-04 3.54871649e-05 3.24062601e-04 4.91284121e-04 1.96513648e-05 2.72647926e-04 6.29675633e-05 5.03261923e-05 4.96365251e-04 6.91103819e-04 1.28674941e-04 4.01916583e-04 1.25905351e-04 4.33995974e-05 9.73644917e-05 5.27893062e-05 1.61419443e-06 2.62922843e-08 9.42521083e-10
 2023 05 13 12 00 00  3.90486888e-03 2.37516487e-03 1.32145006e-03 9.59505610e-04 7.11832692e-04 3.87072483e-04 2.85410376e-04 2.48476148e-04 5.24825879e-04 1.48662626e-04 3.76185873e-03 5.77265024e-03 2.57212750e-04 7.46013236e-05 4.75905189e-05 1.39509011e-04 4.10678535e-05 7.13672431e-05 1.40942983e-04 8.16597603e-05 1.59470897e-04 1.94812041e-04 1.10577895e-04 7.70545585e-05 5.40388646e-06 9.46195651e-06 6.07143193e-06 2.68814688e-05 5.00333044e-06 1.82841221e-05 5.26469586e-05 3.97312891e-05 2.16907458e-05 5.47529972e-05 4.74055327e-05 1.42723540e-05 6.21679816e-05 7.72909252e-05 9.78573880e-06 5.36760655e-05 1.63967388e-04 3.48763715e-05 3.20163972e-04 4.82453571e-04 1.92981428e-05 2.67964086e-04 6.23151485e-05 4.91394487e-05 4.90451017e-04 6.83446523e-04 1.26792876e-04 3.96216803e-04 1.21228666e-04 4.16991941e-05 9.34380507e-05 5.01330784e-05 1.49178325e-06 1.97239146e-08 3.42253603e-10
 2023 05 14 12 00 00  3.89030385e-03 2.36422918e-03 1.31464444e-03 9.54637895e-04 7.07624228e-04 3.85368400e-04 2.83640067e-04 2.46494722e-04 5.19634116e-04 1.46995002e-04 3.72027944e-03 5.69828860e-03 2.54904666e-04 7.38840329e-05 4.72251452e-05 1.38295555e-04 4.07501677e-05 7.07304687e-05 1.39578626e-04 8.07473261e-05 1.58107050e-04 1.93164963e-04 1.09795459e-04 7.65323942e-05 5.38321037e-06 9.21141182e-06 6.05922614e-06 2.67479778e-05 4.98253212e-06 1.81828789e-05 5.20748846e-05 3.96077201e-05 2.13775696e-05 5.41314861e-05 4.61906689e-05 1.42192715e-05 6.11974375e-05 7.60413194e-05 9.58934252e-06 5.25682928e-05 1.60626102e-04 3.41003091e-05 3.13187114e-04 4.71285849e-04 1.88514340e-05 2.60346601e-04 6.04215777e-05 4.76324174e-05 4.79331427e-04 6.70902254e-04 1.23885728e-04 3.86745044e-04 1.16685182e-04 4.00473853e-05 8.96245936e-05 4.75625546e-05 1.37398272e-06 1.34521727e-08 1.00000000e-10
 2023 05 15 12 00 00  3.86065411e-03 2.34420471e-03 1.30201224e-03 9.45175738e-04 6.99205278e-04 3.81704571e-04 2.79971824e-04 2.42441815e-04 5.09042929e-04 1.44057136e-04 3.63531758e-03 5.53893074e-03 2.50564764e-04 7.27964139e-05 4.65912712e-05 1.36374095e-04 4.02236532e-05 6.96742092e-05 1.37663186e-04 7.95432250e-05 1.55786139e-04 1.90425105e-04 1.08496489e-04 7.57979936e-05 5.34898718e-06 9.23572297e-06 6.04273991e-06 2.65572433e-05 4.95522399e-06 1.80260952e-05 5.11717751e-05 3.94028844e-05 2.08568672e-05 5.32508661e-05 4.45947604e-05 1.41475699e-05 5.96810949e-05 7.40393981e-05 9.60844263e-06 5.11832634e-05 1.54851166e-04 3.30773270e-05 3.04576775e-04 4.56610847e-04 1.82644339e-05 2.49086218e-04 5.72648132e-05 4.56466281e-05 4.62266062e-04 6.51738476e-04 1.19738785e-04 3.74891729e-04 1.14281652e-04 3.91733891e-05 8.76059818e-05 4.61916640e-05 1.31042763e-06 1.00576415e-08 1.00000000e-10
 2023 05 16 12 00 00  3.83117204e-03 2.32453513e-03 1.28958319e-03 9.35817975e-04 6.90853841e-04 3.78041436e-04 2.76317976e-04 2.38410389e-04 4.98509517e-04 1.41185444e-04 3.55080843e-03 5.37957326e-03 2.46288212e-04 7.17581652e-05 4.59806995e-05 1.34836778e-04 3.98489443e-05 6.89227483e-05 1.35971431e-04 7.84162432e-05 1.54066441e-04 1.88477980e-04 1.07511127e-04 7.52205650e-05 5.32461891e-06 9.25523927e-06 6.02700202e-06 2.64010740e-05 4.92970648e-06 1.78948536e-05 5.04885757e-05 3.92571237e-05 2.04867494e-05 5.25369210e-05 4.31031920e-05 1.40791235e-05 5.85067693e-05 7.25161657e-05 9.62384001e-06 4.99742468e-05 1.49703326e-04 3.21202009e-05 2.96721669e-04 4.42894122e-04 1.77157649e-05 2.39716421e-04 5.50232653e-05 4.37888870e-05 4.48773341e-04 6.36412065e-04 1.16188271e-04 3.67353710e-04 1.13886533e-04 3.90292213e-05 8.72706148e-05 4.59358788e-05 1.29657744e-06 9.46877492e-09 1.00000000e-10
 2023 05 17 12 00 00  3.82787488e-03 2.32315108e-03 1.28863907e-03 9.34978050e-04 6.90037188e-04 3.77569848e-04 2.75895093e-04 2.37965178e-04 4.97337605e-04 1.41036386e-04 3.54133822e-03 5.35833240e-03 2.45948013e-04 7.17913280e-05 4.59552435e-05 1.34709890e-04 3.97798314e-05 6.87836669e-05 1.36074131e-04 7.85476295e-05 1.53760043e-04 1.88113595e-04 1.07364119e-04 7.52251804e-05 5.32014674e-06 9.41440157e-06 6.02851833e-06 2.63966465e-05 4.93242296e-06 1.78886080e-05 5.04081513e-05 3.92302172e-05 2.04176205e-05 5.25258018e-05 4.32635628e-05 1.40857665e-05 5.83947128e-05 7.23341221e-05 9.74878931e-06 5.01199164e-05 1.49258681e-04 3.22296459e-05 2.97584716e-04 4.44377074e-04 1.77750830e-05 2.39519754e-04 5.46002469e-05 4.39999567e-05 4.47876757e-04 6.35575627e-04 1.16281121e-04 3.68070341e-04 1.16540414e-04 3.99931634e-05 8.94916833e-05 4.73820208e-05 1.35919908e-06 1.21774558e-08 1.00000000e-10
 2023 05 18 12 00 00  3.84748167e-03 2.33600780e-03 1.29678220e-03 9.41200473e-04 6.95640387e-04 3.80035533e-04 2.78340902e-04 2.40660780e-04 5.04358308e-04 1.42905712e-04 3.59767209e-03 5.46458215e-03 2.48762840e-04 7.24590134e-05 4.63593211e-05 1.37013451e-04 4.05724801e-05 7.03726953e-05 1.37638304e-04 7.92485138e-05 1.57039748e-04 1.92225842e-04 1.09102008e-04 7.61362991e-05 5.37172309e-06 9.82058700e-06 6.04716734e-06 2.66381559e-05 4.94798878e-06 1.80555705e-05 5.15916695e-05 3.95385345e-05 2.11994586e-05 5.36496442e-05 4.41752403e-05 1.41669429e-05 6.03129975e-05 7.49926969e-05 1.00674202e-05 5.16952999e-05 1.54912941e-04 3.28223745e-05 3.08667356e-04 4.52770708e-04 1.81108283e-05 2.51724252e-04 5.93297533e-05 4.51488158e-05 4.68090985e-04 6.57672144e-04 1.20107199e-04 3.89549213e-04 1.25653932e-04 4.33049447e-05 9.71301597e-05 5.24453755e-05 1.58511944e-06 2.37471092e-08 6.85401425e-10
 2023 05 19 12 00 00  3.86588735e-03 2.34922114e-03 1.30505209e-03 9.47275152e-04 7.00982889e-04 3.82250655e-04 2.80604872e-04 2.43182973e-04 5.10940165e-04 1.44895031e-04 3.65040100e-03 5.56020290e-03 2.51590164e-04 7.32740026e-05 4.67814182e-05 1.38062680e-04 4.07950603e-05 7.08177395e-05 1.39042730e-04 8.02453258e-05 1.58056356e-04 1.93367773e-04 1.09711854e-04 7.66774555e-05 5.38626082e-06 9.75460134e-06 6.06031172e-06 2.67421552e-05 4.97028632e-06 1.81500020e-05 5.20419974e-05 3.96250631e-05 2.14168947e-05 5.41914846e-05 4.54802241e-05 1.42241595e-05 6.11035224e-05 7.59876015e-05 1.00159079e-05 5.28243396e-05 1.58341834e-04 3.36666970e-05 3.14582487e-04 4.64780292e-04 1.85912117e-05 2.58628605e-04 6.06344081e-05 4.67861682e-05 4.77567899e-04 6.68961025e-04 1.22926050e-04 4.00285398e-04 1.34294713e-04 4.64451534e-05 1.04373981e-04 5.72597415e-05 1.80084867e-06 3.48655206e-08 1.69010352e-09
 2023 05 20 12 00 00  3.87169116e-03 2.35296593e-03 1.30742912e-03 9.49087589e-04 7.02612339e-04 3.82982193e-04 2.81326947e-04 2.43976394e-04 5.13013337e-04 1.45433749e-04 3.66704623e-03 5.59207425e-03 2.52410735e-04 7.34559716e-05 4.68963753e-05 1.39061436e-04 4.11877321e-05 7.16041948e-05 1.39607756e-04 8.04274401e-05 1.59643224e-04 1.95396875e-04 1.10539258e-04 7.71156896e-05 5.41184490e-06 1.00017300e-05 6.06019385e-06 2.68543453e-05 4.97444780e-06 1.82190576e-05 5.26052185e-05 3.97777738e-05 2.18028799e-05 5.47159721e-05 4.57232789e-05 1.42236677e-05 6.20002170e-05 7.72159617e-05 1.02098282e-05 5.33485946e-05 1.60384335e-04 3.38216836e-05 3.17151455e-04 4.67014257e-04 1.86805703e-05 2.63522928e-04 6.29626156e-05 4.70871921e-05 4.86622874e-04 6.78964833e-04 1.24398896e-04 4.12379202e-04 1.40904275e-04 4.88469555e-05 1.09913359e-04 6.09283590e-05 1.96429767e-06 4.32174765e-08 2.44295197e-09
 2023 05 21 12 00 00  3.86786572e-03 2.35062003e-03 1.30592914e-03 9.47901118e-04 7.01522746e-04 3.82485846e-04 2.80844019e-04 2.43447647e-04 5.11640432e-04 1.45101624e-04 3.65602083e-03 5.57082258e-03 2.51886849e-04 7.33517789e-05 4.68261313e-05 1.36759555e-04 4.02313424e-05 6.96835399e-05 1.38642863e-04 8.03362636e-05 1.55827822e-04 1.90397916e-04 1.08583265e-04 7.63406155e-05 5.34977371e-06 9.80187106e-06 6.05496789e-06 2.66351636e-05 4.97249202e-06 1.80734509e-05 5.12853375e-05 3.94056202e-05 2.08534038e-05 5.37395297e-05 4.56082809e-05 1.42009303e-05 5.99527101e-05 7.42885726e-05 1.00532430e-05 5.25351104e-05 1.56356375e-04 3.37451493e-05 3.11601957e-04 4.65953266e-04 1.86381306e-05 2.52899023e-04 5.71880373e-05 4.69392078e-05 4.65917010e-04 6.57512457e-04 1.21472043e-04 3.92253680e-04 1.37642958e-04 4.76608311e-05 1.07172785e-04 5.90549178e-05 1.87657336e-06 3.84069914e-08 2.00076080e-09
 2023 05 22 12 00 00  3.84657377e-03 2.33699221e-03 1.29726891e-03 9.41236457e-04 6.95497571e-04 3.79784331e-04 2.78183825e-04 2.40525055e-04 5.04021674e-04 1.43143159e-04 3.59485448e-03 5.45395166e-03 2.48888137e-04 7.26923342e-05 4.64095802e-05 1.35801802e-04 3.99917306e-05 6.92020287e-05 1.37630231e-04 7.96847453e-05 1.54694518e-04 1.89142065e-04 1.07945372e-04 7.59388392e-05 5.33423699e-06 9.57261727e-06 6.04858506e-06 2.65219703e-05 4.95788299e-06 1.79926700e-05 5.08548123e-05 3.93123657e-05 2.06149605e-05 5.32087733e-05 4.47534723e-05 1.41731594e-05 5.91981158e-05 7.33285538e-05 9.87357780e-06 5.17438399e-05 1.52990316e-04 3.31930001e-05 3.06691446e-04 4.58087754e-04 1.83235102e-05 2.47166939e-04 5.57350344e-05 4.58682742e-05 4.57585140e-04 6.47694327e-04 1.19363622e-04 3.85565804e-04 1.34910418e-04 4.66670363e-05 1.04876696e-04 5.74864596e-05 1.80321030e-06 3.43899039e-08 1.63164380e-09
 2023 05 23 12 00 00  3.84913273e-03 2.33953716e-03 1.29880694e-03 9.42238305e-04 6.96309737e-04 3.80031935e-04 2.78481354e-04 2.40874700e-04 5.04937349e-04 1.43566828e-04 3.60211573e-03 5.46457507e-03 2.49398990e-04 7.29345761e-05 4.65108391e-05 1.34682330e-04 3.94710514e-05 6.81565201e-05 1.37606099e-04 8.00431008e-05 1.52652764e-04 1.86422060e-04 1.06935716e-04 7.55674710e-05 5.30043799e-06 9.45851134e-06 6.03900007e-06 2.64228279e-05 4.96574357e-06 1.79311738e-05 5.01909725e-05 3.91097623e-05 2.00982991e-05 5.27409517e-05 4.52145061e-05 1.41314682e-05 5.82044416e-05 7.18111629e-05 9.78415992e-06 5.12943214e-05 1.51170674e-04 3.34952580e-05 3.02057413e-04 4.62335525e-04 1.84934210e-05 2.42554283e-04 5.25940268e-05 4.64536017e-05 4.48114586e-04 6.38237966e-04 1.18594507e-04 3.73592579e-04 1.31563583e-04 4.54497462e-05 1.02063831e-04 5.55601589e-05 1.71276805e-06 2.94125861e-08 1.17368346e-09
 2023 05 24 12 00 00  3.87417100e-03 2.35534815e-03 1.30887571e-03 9.50043997e-04 7.03396569e-04 3.83227154e-04 2.81617914e-04 2.44317316e-04 5.13905715e-04 1.45828156e-04 3.67409459e-03 5.60269691e-03 2.52894945e-04 7.36844579e-05 4.69959797e-05 1.34297177e-04 3.91099689e-05 6.74307405e-05 1.38186024e-04 8.07595905e-05 1.51438321e-04 1.84527625e-04 1.06378641e-04 7.56040367e-05 5.27703414e-06 9.48123707e-06 6.04611341e-06 2.64067039e-05 4.98146728e-06 1.79322326e-05 4.98070708e-05 3.89692344e-05 1.97386587e-05 5.27480135e-05 4.61366115e-05 1.41624550e-05 5.77185434e-05 7.09908883e-05 9.80209079e-06 5.18387142e-05 1.52781239e-04 3.40996252e-05 3.04735925e-04 4.70831247e-04 1.88332499e-05 2.42327383e-04 5.04008669e-05 4.76240239e-05 4.44046666e-04 6.35810534e-04 1.19143691e-04 3.71477355e-04 1.37445556e-04 4.75868739e-05 1.06991382e-04 5.88072679e-05 1.85624891e-06 3.66526436e-08 1.82391133e-09
 2023 05 25 12 00 00  3.87513702e-03 2.35724860e-03 1.30997094e-03 9.50667486e-04 7.03848642e-04 3.83249691e-04 2.81715246e-04 2.44458195e-04 5.14262116e-04 1.46187573e-04 3.67682762e-03 5.60270511e-03 2.53248971e-04 7.39508152e-05 4.70807458e-05 1.34278600e-04 3.90475849e-05 6.73035043e-05 1.38670559e-04 8.11979931e-05 1.51170541e-04 1.84180067e-04 1.06283447e-04 7.54901257e-05 5.27307675e-06 9.19158483e-06 6.04190391e-06 2.63960745e-05 4.99085254e-06 1.79412029e-05 4.97646290e-05 3.89448716e-05 1.96731882e-05 5.26114181e-05 4.66884841e-05 1.41442026e-05 5.76736709e-05 7.08610182e-05 9.57527664e-06 5.16158199e-05 1.52665910e-04 3.44674772e-05 3.02420040e-04 4.75923611e-04 1.90369445e-05 2.42779871e-04 4.99849208e-05 4.83351527e-05 4.44540696e-04 6.35982231e-04 1.19853999e-04 3.64395452e-04 1.29379529e-04 4.46534632e-05 1.00214488e-04 5.41842061e-05 1.64045020e-06 2.48686625e-08 7.41908579e-10
 2023 05 26 12 00 00  3.86393492e-03 2.35051463e-03 1.30565443e-03 9.47310235e-04 7.00797254e-04 3.81801779e-04 2.80316097e-04 2.42935248e-04 5.10271585e-04 1.45254457e-04 3.64471995e-03 5.53896837e-03 2.51752853e-04 7.36931952e-05 4.68735367e-05 1.33856032e-04 3.89652821e-05 6.71368151e-05 1.38390492e-04 8.10146623e-05 1.50732716e-04 1.83734428e-04 1.06041459e-04 7.53190434e-05 5.26780095e-06 9.20821185e-06 6.02682339e-06 2.63603085e-05 4.98620029e-06 1.79065705e-05 4.96076259e-05 3.89127817e-05 1.95889355e-05 5.23996264e-05 4.64196375e-05 1.40786578e-05 5.74048382e-05 7.04631390e-05 9.58845412e-06 5.10334540e-05 1.50704190e-04 3.43076361e-05 2.97038907e-04 4.73467114e-04 1.89386845e-05 2.40123016e-04 4.94597538e-05 4.80222749e-05 4.41528286e-04 6.32379588e-04 1.19117096e-04 3.61684431e-04 1.27956813e-04 4.41349597e-05 9.90112758e-05 5.33006171e-05 1.59476428e-06 2.20473481e-08 4.74867790e-10
 2023 05 27 12 00 00  3.86349378e-03 2.34942777e-03 1.30503713e-03 9.47051552e-04 7.00677036e-04 3.81822646e-04 2.80292502e-04 2.42893743e-04 5.10136848e-04 1.45055074e-04 3.64365397e-03 5.53898029e-03 2.51569786e-04 7.35668013e-05 4.68434364e-05 1.34122577e-04 3.90909408e-05 6.73876319e-05 1.38263261e-04 8.07887933e-05 1.51219155e-04 1.84374278e-04 1.06265302e-04 7.54311437e-05 5.27602861e-06 9.24848937e-06 6.03717854e-06 2.63813200e-05 4.98055306e-06 1.79193368e-05 4.97363753e-05 3.89616151e-05 1.97108922e-05 5.25255256e-05 4.60927724e-05 1.41237848e-05 5.75966732e-05 7.08193239e-05 9.62014456e-06 5.13364012e-05 1.51377725e-04 3.41113977e-05 3.00592640e-04 4.70478106e-04 1.88191242e-05 2.41085146e-04 5.01874601e-05 4.76385816e-05 4.43200881e-04 6.34069209e-04 1.19047777e-04 3.66718446e-04 1.31834095e-04 4.55432597e-05 1.02256188e-04 5.54131043e-05 1.68621902e-06 2.65153169e-08 8.72247696e-10
 2023 05 28 12 00 00  3.86494499e-03 2.34954407e-03 1.30518534e-03 9.47366915e-04 7.01067415e-04 3.82080325e-04 2.80501978e-04 2.43107308e-04 5.10674476e-04 1.45026123e-04 3.64798680e-03 5.54961264e-03 2.51649548e-04 7.34901867e-05 4.68406429e-05 1.35938199e-04 3.98835953e-05 6.89771259e-05 1.38780229e-04 8.06126161e-05 1.54347316e-04 1.88491572e-04 1.07846773e-04 7.59407729e-05 5.32758349e-06 9.17773796e-06 6.04421402e-06 2.65402688e-05 4.97610854e-06 1.80298126e-05 5.07777438e-05 3.92699527e-05 2.04935641e-05 5.31918340e-05 4.58357448e-05 1.41544602e-05 5.91873263e-05 7.31689790e-05 9.56476943e-06 5.17716083e-05 1.54521895e-04 3.39580060e-05 3.04817900e-04 4.68128889e-04 1.87251556e-05 2.48871444e-04 5.49261866e-05 4.73384542e-05 4.59096882e-04 6.49954532e-04 1.20934340e-04 3.79888232e-04 1.30082280e-04 4.49056130e-05 1.00780361e-04 5.43745176e-05 1.63548948e-06 2.35797224e-08 5.98655348e-10
 2023 05 29 12 00 00  3.85853364e-03 2.34446432e-03 1.30204588e-03 9.45181532e-04 6.99212029e-04 3.81353526e-04 2.79732386e-04 2.42240953e-04 5.08397692e-04 1.44239584e-04 3.62974120e-03 5.51774539e-03 2.50594314e-04 7.31364805e-05 4.66662156e-05 1.37083749e-04 4.04487015e-05 7.01092125e-05 1.38736430e-04 8.01440328e-05 1.56508459e-04 1.91414834e-04 1.08906620e-04 7.62936395e-05 5.36438965e-06 9.28516311e-06 6.05326677e-06 2.66418558e-05 4.96516004e-06 1.80903616e-05 5.14672835e-05 3.94897332e-05 2.10495637e-05 5.36420452e-05 4.51978412e-05 1.41939236e-05 6.02116569e-05 7.47574481e-05 9.64912906e-06 5.21362235e-05 1.56063688e-04 3.35572491e-05 3.09178685e-04 4.62273333e-04 1.84909333e-05 2.53288952e-04 5.82824927e-05 4.65588208e-05 4.68787105e-04 6.59329063e-04 1.21566464e-04 3.92194884e-04 1.33013985e-04 4.59704763e-05 1.03234011e-04 5.59725956e-05 1.70472715e-06 2.69664923e-08 8.99988706e-10
 2023 05 30 12 00 00  3.87486233e-03 2.35330602e-03 1.30781039e-03 9.49954590e-04 7.03701470e-04 3.83558953e-04 2.81815037e-04 2.44492144e-04 5.14254948e-04 1.45411542e-04 3.67683549e-03 5.61336763e-03 2.52635710e-04 7.33811989e-05 4.69228379e-05 1.38766719e-04 4.10950452e-05 7.14040478e-05 1.39384866e-04 8.01756920e-05 1.59187108e-04 1.94758153e-04 1.10277077e-04 7.68983152e-05 5.40648762e-06 9.58702076e-06 6.06730318e-06 2.68186322e-05 4.96547364e-06 1.82036355e-05 5.23492749e-05 3.97411088e-05 2.16854605e-05 5.44533095e-05 4.52186185e-05 1.42550736e-05 6.16164491e-05 7.67890832e-05 9.88587126e-06 5.30882557e-05 1.60422352e-04 3.35807999e-05 3.17371868e-04 4.62477194e-04 1.84990878e-05 2.61198206e-04 6.21209561e-05 4.66024096e-05 4.82751279e-04 6.74391077e-04 1.23521665e-04 4.07693251e-04 1.38033920e-04 4.77944901e-05 1.07440102e-04 5.87499255e-05 1.82786291e-06 3.32120301e-08 1.46174868e-09
 2023 05 31 12 00 00  3.86529745e-03 2.34726296e-03 1.30396404e-03 9.47006528e-04 7.01043516e-04 3.82343875e-04 2.80624020e-04 2.43187546e-04 5.10842527e-04 1.44551904e-04 3.64941237e-03 5.56025095e-03 2.51307035e-04 7.31082295e-05 4.67395768e-05 1.39916530e-04 4.16471448e-05 7.25098478e-05 1.39572258e-04 7.99220463e-05 1.61261293e-04 1.97611488e-04 1.11313507e-04 7.72275538e-05 5.44245886e-06 9.75029689e-06 6.07312249e-06 2.69247758e-05 4.95949062e-06 1.82678043e-05 5.30492805e-05 3.99558136e-05 2.22282310e-05 5.48854794e-05 4.48703620e-05 1.42804623e-05 6.26633325e-05 7.83610873e-05 1.00139710e-05 5.34077335e-05 1.61599464e-04 3.33633972e-05 3.20956946e-04 4.59282175e-04 1.83712870e-05 2.66018146e-04 6.53951603e-05 4.61791788e-05 4.93064318e-04 6.84242545e-04 1.24550257e-04 4.17942068e-04 1.38427203e-04 4.79367947e-05 1.07765335e-04 5.89303960e-05 1.83335870e-06 3.32967943e-08 1.46426418e-09
 2023 06 01 12 00 00  3.85148389e-03 2.33797177e-03 1.29809998e-03 9.42605721e-04 6.97123494e-04 3.80633047e-04 2.78913858e-04 2.41299118e-04 5.05908462e-04 1.43191072e-04 3.60982258e-03 5.48588447e-03 2.49291648e-04 7.26076456e-05 4.64431563e-05 1.38646368e-04 4.12502151e-05 7.17106333e-05 1.38559389e-04 7.93738116e-05 1.59559160e-04 1.95513754e-04 1.10393127e-04 7.68221222e-05 5.41679583e-06 9.64526698e-06 6.06279427e-06 2.68005491e-05 4.94701562e-06 1.81734063e-05 5.24172939e-05 3.98012722e-05 2.18303787e-05 5.43355258e-05 4.41415526e-05 1.42355988e-05 6.16294713e-05 7.69488507e-05 9.93175272e-06 5.26537034e-05 1.58277491e-04 3.28972848e-05 3.15255361e-04 4.52581802e-04 1.81032721e-05 2.58999951e-04 6.29564456e-05 4.52741486e-05 4.81784446e-04 6.72134899e-04 1.22174155e-04 4.11637725e-04 1.40230714e-04 4.85916991e-05 1.09273526e-04 5.99028261e-05 1.87475938e-06 3.52640328e-08 1.63771592e-09
 2023 06 02 12 00 00  3.84666064e-03 2.33627279e-03 1.29689766e-03 9.41413597e-04 6.95908705e-04 3.79907337e-04 2.78279669e-04 2.40637088e-04 5.04183411e-04 1.43036333e-04 3.59585625e-03 5.45401126e-03 2.48842639e-04 7.27046567e-05 4.64211448e-05 1.38488552e-04 4.11460031e-05 7.14984955e-05 1.38798196e-04 7.96530978e-05 1.59073116e-04 1.94937598e-04 1.10171464e-04 7.67709052e-05 5.41016670e-06 9.53967901e-06 6.06777212e-06 2.67796122e-05 4.95309869e-06 1.81697701e-05 5.22998288e-05 3.97605967e-05 2.17217399e-05 5.42202612e-05 4.44985926e-05 1.42573335e-05 6.14535753e-05 7.66814319e-05 9.84915750e-06 5.27689293e-05 1.57738970e-04 3.31324874e-05 3.16071499e-04 4.55872863e-04 1.82349145e-05 2.58919471e-04 6.22697291e-05 4.57294052e-05 4.80716538e-04 6.70815748e-04 1.22480686e-04 4.09159057e-04 1.39573901e-04 4.83522514e-05 1.08717512e-04 5.94902793e-05 1.85315031e-06 3.39110969e-08 1.50925938e-09
 2023 06 03 12 00 00  3.85342864e-03 2.34195500e-03 1.30038893e-03 9.43842050e-04 6.97971475e-04 3.80656082e-04 2.79094787e-04 2.41566275e-04 5.06605681e-04 1.43939923e-04 3.61519430e-03 5.48588894e-03 2.50019654e-04 7.31442835e-05 4.66003178e-05 1.38983366e-04 4.12466063e-05 7.16974318e-05 1.39635153e-04 8.02745228e-05 1.59492981e-04 1.95429429e-04 1.10444656e-04 7.69767280e-05 5.41684094e-06 9.53596100e-06 6.07080328e-06 2.68344500e-05 4.96688808e-06 1.82178266e-05 5.25154025e-05 3.97996133e-05 2.18160159e-05 5.44423607e-05 4.53063403e-05 1.42705918e-05 6.18373490e-05 7.71316698e-05 9.84641665e-06 5.31974686e-05 1.59102327e-04 3.36579309e-05 3.18011895e-04 4.63309966e-04 1.85323987e-05 2.62371969e-04 6.28149835e-05 4.67477832e-05 4.85576432e-04 6.76225904e-04 1.24077151e-04 4.11327833e-04 1.39943152e-04 4.84859269e-05 1.09023361e-04 5.96639578e-05 1.85878400e-06 3.40368466e-08 1.51635664e-09
 2023 06 04 12 00 00  3.88213323e-03 2.35983239e-03 1.31179487e-03 9.52726659e-04 7.06059086e-04 3.84339486e-04 2.82694927e-04 2.45510569e-04 5.16883123e-04 1.46479327e-04 3.69771952e-03 5.64525947e-03 2.53983914e-04 7.39587194e-05 4.71523241e-05 1.40521958e-04 4.16804687e-05 7.25660939e-05 1.40937857e-04 8.10120255e-05 1.61434513e-04 1.97668030e-04 1.11504419e-04 7.75496251e-05 5.44512404e-06 9.66937514e-06 6.08825540e-06 2.69979861e-05 4.98323570e-06 1.83415426e-05 5.32143742e-05 3.99683253e-05 2.22419389e-05 5.51911037e-05 4.62639873e-05 1.43465804e-05 6.30213000e-05 7.87364891e-05 9.95118389e-06 5.43809240e-05 1.64276782e-04 3.42813699e-05 3.26899813e-04 4.72127890e-04 1.88851156e-05 2.71022427e-04 6.53812836e-05 4.79559967e-05 4.98470877e-04 6.90833598e-04 1.26962875e-04 4.21187863e-04 1.42292816e-04 4.93394582e-05 1.10990439e-04 6.09495903e-05 1.91481578e-06 3.68038613e-08 1.76326367e-09
 2023 06 05 12 00 00  3.89847116e-03 2.37145089e-03 1.31907567e-03 9.58120092e-04 7.10827815e-04 3.86320147e-04 2.84712655e-04 2.47757161e-04 5.22734340e-04 1.48225575e-04 3.74459196e-03 5.73026128e-03 2.56479877e-04 7.46760711e-05 4.75358755e-05 1.42178341e-04 4.21915756e-05 7.35903159e-05 1.42445967e-04 8.18751287e-05 1.63569964e-04 2.00315326e-04 1.12673848e-04 7.81575681e-05 5.47839882e-06 9.63550847e-06 6.10113457e-06 2.71566857e-05 5.00233327e-06 1.84698717e-05 5.40301092e-05 4.01671161e-05 2.27453653e-05 5.59031831e-05 4.73829830e-05 1.44026839e-05 6.43612928e-05 8.05494936e-05 9.92475616e-06 5.54413554e-05 1.68467460e-04 3.50107031e-05 3.33548858e-04 4.82432526e-04 1.92973011e-05 2.80316101e-04 6.84230356e-05 4.93692583e-05 5.13394157e-04 7.07074936e-04 1.30307269e-04 4.32411272e-04 1.44463036e-04 5.01276587e-05 1.12806244e-04 6.21280156e-05 1.96555911e-06 3.92612037e-08 1.98122585e-09
 2023 06 06 12 00 00  3.91127923e-03 2.38408796e-03 1.32671191e-03 9.63132912e-04 7.14915382e-04 3.87581676e-04 2.86209612e-04 2.49511138e-04 5.27312701e-04 1.50325402e-04 3.78101038e-03 5.78339025e-03 2.59016015e-04 7.58365843e-05 4.79765339e-05 1.42874197e-04 4.21891949e-05 7.35845242e-05 1.44539538e-04 8.36188148e-05 1.63636452e-04 2.00291864e-04 1.12866946e-04 7.85433940e-05 5.47829113e-06 9.58642340e-06 6.10414936e-06 2.72338015e-05 5.04117124e-06 1.85544508e-05 5.42697004e-05 4.01661440e-05 2.27411860e-05 5.62459897e-05 4.96570778e-05 1.44158577e-05 6.48657812e-05 8.09789249e-05 9.88636093e-06 5.63764526e-05 1.70521032e-04 3.64862644e-05 3.36005774e-04 5.03366016e-04 2.01346406e-05 2.86870040e-04 6.83885242e-05 5.22298680e-05 5.21338687e-04 7.16585210e-04 1.34022033e-04 4.34796665e-04 1.47028171e-04 5.10596483e-05 1.14955063e-04 6.35433205e-05 2.02804584e-06 4.24102787e-08 2.26393766e-09
 2023 06 07 12 00 00  3.97029179e-03 2.42322602e-03 1.35146359e-03 9.81908526e-04 7.31749221e-04 3.94953690e-04 2.93549427e-04 2.57609168e-04 5.48428610e-04 1.56037306e-04 3.95040545e-03 6.10212833e-03 2.67553810e-04 7.79151809e-05 4.92227869e-05 1.43023401e-04 4.17376374e-05 7.26776023e-05 1.46867983e-04 8.58458749e-05 1.62346665e-04 1.97930637e-04 1.12412692e-04 7.87341837e-05 5.44898830e-06 9.65657673e-06 6.11048890e-06 2.72985007e-05 5.09087331e-06 1.86323030e-05 5.39856966e-05 3.99904297e-05 2.22927323e-05 5.65403030e-05 5.25666459e-05 1.44434918e-05 6.46952498e-05 8.03183826e-05 9.94140646e-06 5.74819950e-05 1.75599278e-04 3.83716746e-05 3.40754105e-04 5.30146018e-04 2.12058407e-05 2.91831771e-04 6.56602730e-05 5.58855478e-05 5.22592503e-04 7.21191129e-04 1.37530108e-04 4.25011064e-04 1.44080021e-04 4.99875516e-05 1.12478599e-04 6.18579945e-05 1.94966441e-06 3.81512990e-08 1.87339602e-09
 2023 06 08 12 00 00  3.97103893e-03 2.42192297e-03 1.35079421e-03 9.81771029e-04 7.31820262e-04 3.95200747e-04 2.93690833e-04 2.57722534e-04 5.48708258e-04 1.55740213e-04 3.95277215e-03 6.11275807e-03 2.67370610e-04 7.76341954e-05 4.91435152e-05 1.41622718e-04 4.12238645e-05 7.16465991e-05 1.45823081e-04 8.53406789e-05 1.60338609e-04 1.95253558e-04 1.11338802e-04 7.82843927e-05 5.41560839e-06 9.39403471e-06 6.10325878e-06 2.71579435e-05 5.07939112e-06 1.85344720e-05 5.32156742e-05 3.97905416e-05 2.17840512e-05 5.59575375e-05 5.18957677e-05 1.44120684e-05 6.34766873e-05 7.86410046e-05 9.73568167e-06 5.67652291e-05 1.73347575e-04 3.79422680e-05 3.35574835e-04 5.23977841e-04 2.09591137e-05 2.84289077e-04 6.25734392e-05 5.50518511e-05 5.09385069e-04 7.07683251e-04 1.34965193e-04 4.16043724e-04 1.44968176e-04 5.03102436e-05 1.13222600e-04 6.23478914e-05 1.97128476e-06 3.92401503e-08 1.97113010e-09
 2023 06 09 12 00 00  3.96334697e-03 2.41704711e-03 1.34769092e-03 9.79380489e-04 7.29658104e-04 3.94223128e-04 2.92730159e-04 2.56668337e-04 5.45956869e-04 1.55043118e-04 3.93068755e-03 6.07026108e-03 2.66295482e-04 7.74087363e-05 4.90061720e-05 1.41960776e-04 4.14322887e-05 7.20653043e-05 1.45735412e-04 8.51199497e-05 1.61097012e-04 1.96344599e-04 1.11705926e-04 7.83315368e-05 5.42912858e-06 9.43263294e-06 6.09991766e-06 2.71859001e-05 5.07445911e-06 1.85475941e-05 5.34645282e-05 3.98716482e-05 2.19912356e-05 5.60444679e-05 5.16070868e-05 1.43975529e-05 6.38293581e-05 7.91792725e-05 9.76600786e-06 5.66192507e-05 1.73161798e-04 3.77553515e-05 3.34887984e-04 5.21320975e-04 2.08528390e-05 2.85305457e-04 6.38348691e-05 5.46894094e-05 5.12676172e-04 7.10512899e-04 1.35062088e-04 4.18117729e-04 1.42652949e-04 4.94686943e-05 1.11280571e-04 6.10483969e-05 1.91241620e-06 3.61572333e-08 1.69127805e-09
 2023 06 10 12 00 00  3.94689687e-03 2.40505184e-03 1.34019797e-03 9.73929840e-04 7.24893870e-04 3.92263311e-04 2.90715466e-04 2.54420191e-04 5.40080741e-04 1.53229070e-04 3.88362390e-03 5.98527044e-03 2.63741014e-04 7.66456029e-05 4.86006708e-05 1.41939816e-04 4.16318391e-05 7.24663201e-05 1.44778970e-04 8.41802743e-05 1.61753122e-04 1.97390558e-04 1.11954767e-04 7.82068133e-05 5.44206741e-06 9.28209120e-06 6.09150375e-06 2.71638376e-05 5.05332137e-06 1.85197735e-05 5.35959160e-05 3.99493118e-05 2.21898270e-05 5.59137919e-05 5.03706862e-05 1.43609592e-05 6.39325956e-05 7.94824926e-05 9.64802384e-06 5.59241464e-05 1.71630323e-04 3.69584479e-05 3.30978184e-04 5.09946392e-04 2.03978557e-05 2.83120523e-04 6.50450878e-05 5.31433849e-05 5.12337674e-04 7.08900159e-04 1.33571136e-04 4.19444037e-04 1.39866162e-04 4.84557815e-05 1.08943280e-04 5.94867000e-05 1.84183526e-06 3.24734444e-08 1.35720093e-09
 2023 06 11 12 00 00  3.92542994e-03 2.39096466e-03 1.33127605e-03 9.67161868e-04 7.18826785e-04 3.89575569e-04 2.88047972e-04 2.51482342e-04 5.32407983e-04 1.51185860e-04 3.82205400e-03 5.86840734e-03 2.60664385e-04 7.59272984e-05 4.81658218e-05 1.41086512e-04 4.14419337e-05 7.20853102e-05 1.43695968e-04 8.34270730e-05 1.60821183e-04 1.96402057e-04 1.11409191e-04 7.77852586e-05 5.42972448e-06 9.34198033e-06 6.08887931e-06 2.70728988e-05 5.03632000e-06 1.84429184e-05 5.32174407e-05 3.98754288e-05 2.20019705e-05 5.54528087e-05 4.93765983e-05 1.43495563e-05 6.32634701e-05 7.86650065e-05 9.69504035e-06 5.52336536e-05 1.68507107e-04 3.63192084e-05 3.28423268e-04 5.00802819e-04 2.00321128e-05 2.77852039e-04 6.39059872e-05 5.19029330e-05 5.04679357e-04 6.99490087e-04 1.31419233e-04 4.11895851e-04 1.34723639e-04 4.65863352e-05 1.04628092e-04 5.65863338e-05 1.70951732e-06 2.54736303e-08 7.19998061e-10
 2023 06 12 12 00 00  3.90451963e-03 2.37521542e-03 1.32147766e-03 9.60132742e-04 7.12736959e-04 3.87127806e-04 2.85501371e-04 2.48628911e-04 5.24943722e-04 1.48777525e-04 3.76230015e-03 5.76216951e-03 2.57336980e-04 7.48826050e-05 4.76481237e-05 1.40387407e-04 4.14293841e-05 7.20594893e-05 1.42075601e-04 8.20864923e-05 1.60597363e-04 1.96329637e-04 1.11171620e-04 7.73739698e-05 5.42893904e-06 9.43799387e-06 6.07771617e-06 2.70013116e-05 5.00607748e-06 1.83635890e-05 5.29953785e-05 3.98705219e-05 2.19883892e-05 5.50632137e-05 4.76082001e-05 1.43010286e-05 6.28003444e-05 7.82062967e-05 9.77048840e-06 5.41712177e-05 1.65517042e-04 3.51815950e-05 3.23560526e-04 4.84536733e-04 1.93814693e-05 2.71863544e-04 6.38177327e-05 4.96954657e-05 4.97922122e-04 6.90836612e-04 1.28450038e-04 4.07181887e-04 1.29321548e-04 4.46221873e-05 1.00092651e-04 5.35184292e-05 1.56815635e-06 1.78900951e-08 2.69978706e-11
 2023 06 13 12 00 00  3.88508457e-03 2.36253831e-03 1.31344235e-03 9.54034751e-04 7.07269589e-04 3.84690596e-04 2.83087123e-04 2.45972592e-04 5.18001191e-04 1.46945177e-04 3.70657826e-03 5.65593280e-03 2.54566306e-04 7.42489485e-05 4.72573664e-05 1.40917924e-04 4.18221316e-05 7.28475279e-05 1.41633972e-04 8.14335595e-05 1.61978332e-04 1.98374865e-04 1.11815681e-04 7.74661475e-05 5.45446164e-06 9.45342181e-06 6.07372713e-06 2.70366985e-05 4.99122834e-06 1.83754897e-05 5.34249206e-05 4.00233199e-05 2.23770418e-05 5.51819011e-05 4.67406033e-05 1.42837191e-05 6.33811140e-05 7.91575313e-05 9.78270618e-06 5.38888778e-05 1.64683627e-04 3.46265326e-05 3.22372954e-04 4.76560224e-04 1.90624090e-05 2.72883984e-04 6.61751546e-05 4.86177654e-05 5.02949710e-04 6.94798636e-04 1.28135080e-04 4.13707612e-04 1.28674892e-04 4.43866629e-05 9.95468212e-05 5.31259713e-05 1.54841493e-06 1.67075122e-08 1.00000000e-10
 2023 06 14 12 00 00  3.87981982e-03 2.35428663e-03 1.30863308e-03 9.51335858e-04 7.05347009e-04 3.84432972e-04 2.82554052e-04 2.45269925e-04 5.16140249e-04 1.45454089e-04 3.69198404e-03 5.64531349e-03 2.53028773e-04 7.32580527e-05 4.69358375e-05 1.40368167e-04 4.18679760e-05 7.29378196e-05 1.39748876e-04 7.98106194e-05 1.62125947e-04 1.98594902e-04 1.11741822e-04 7.71644667e-05 5.45752082e-06 9.46181317e-06 6.06538597e-06 2.69826934e-05 4.95467175e-06 1.83063066e-05 5.32510033e-05 4.00410849e-05 2.24193282e-05 5.49332242e-05 4.46026505e-05 1.42474717e-05 6.30033768e-05 7.88642009e-05 9.78947937e-06 5.29410791e-05 1.63350191e-04 3.32497759e-05 3.18653897e-04 4.56893064e-04 1.82757226e-05 2.66964015e-04 6.64161402e-05 4.59465606e-05 4.96283400e-04 6.87059974e-04 1.24737458e-04 4.13059057e-04 1.27523999e-04 4.39678264e-05 9.85778202e-05 5.24486091e-05 1.51564151e-06 1.48329452e-08 1.00000000e-10
 2023 06 15 12 00 00  3.86867690e-03 2.35055076e-03 1.30595691e-03 9.48620273e-04 7.02554721e-04 3.82742565e-04 2.81083865e-04 2.43738434e-04 5.12150186e-04 1.45134682e-04 3.65969698e-03 5.57094738e-03 2.52019887e-04 7.34992090e-05 4.68676778e-05 1.40271134e-04 4.17769566e-05 7.27537437e-05 1.40484617e-04 8.05039366e-05 1.61643524e-04 1.98105064e-04 1.11556921e-04 7.72773556e-05 5.45167313e-06 9.57853699e-06 6.05708046e-06 2.69828523e-05 4.97003239e-06 1.83107278e-05 5.32149007e-05 4.00056073e-05 2.23266485e-05 5.49384611e-05 4.55025729e-05 1.42113844e-05 6.29767406e-05 7.86770254e-05 9.88107131e-06 5.31112175e-05 1.62000983e-04 3.38358019e-05 3.16387166e-04 4.65179641e-04 1.86071857e-05 2.67799662e-04 6.58408273e-05 4.70822328e-05 4.97187638e-04 6.88311224e-04 1.25887451e-04 4.15803974e-04 1.33287910e-04 4.60626934e-05 1.03411033e-04 5.56700823e-05 1.66066458e-06 2.23586230e-08 4.23036006e-10
 2023 06 16 12 00 00  3.86367567e-03 2.34842682e-03 1.30451149e-03 9.47319261e-04 7.01282246e-04 3.82024439e-04 2.80438418e-04 2.43056988e-04 5.10366014e-04 1.44900868e-04 3.64528612e-03 5.53907976e-03 2.51496495e-04 7.35397842e-05 4.68279748e-05 1.42171838e-04 4.25553299e-05 7.43143319e-05 1.41393478e-04 8.06873082e-05 1.64650644e-04 2.02145087e-04 1.13109062e-04 7.79091718e-05 5.50231234e-06 9.55591822e-06 6.07018810e-06 2.71468846e-05 4.97393848e-06 1.84323574e-05 5.42905355e-05 4.03083832e-05 2.30947073e-05 5.56615865e-05 4.57323826e-05 1.42684643e-05 6.46289251e-05 8.10757287e-05 9.86338709e-06 5.39435922e-05 1.64871009e-04 3.39895050e-05 3.22651035e-04 4.67300818e-04 1.86920327e-05 2.76945612e-04 7.04885169e-05 4.73792636e-05 5.14440415e-04 7.05731282e-04 1.28536826e-04 4.32198089e-04 1.36107544e-04 4.70873896e-05 1.05774762e-04 5.72405934e-05 1.73100477e-06 2.59812897e-08 7.50327267e-10
 2023 06 17 12 00 00  3.85766141e-03 2.34694819e-03 1.30336124e-03 9.45998343e-04 6.99864909e-04 3.81072874e-04 2.79637308e-04 2.42236645e-04 5.08219447e-04 1.44843054e-04 3.62786625e-03 5.49659096e-03 2.51044557e-04 7.37702517e-05 4.68173175e-05 1.42152148e-04 4.24913596e-05 7.41842960e-05 1.41993473e-04 8.12354672e-05 1.64320383e-04 2.01793548e-04 1.12988767e-04 7.79783346e-05 5.49823380e-06 9.47796143e-06 6.06741050e-06 2.71428621e-05 4.98591726e-06 1.84408660e-05 5.42685338e-05 4.02834237e-05 2.30283724e-05 5.56395096e-05 4.64351964e-05 1.42564488e-05 6.46182333e-05 8.09676093e-05 9.80236437e-06 5.40867594e-05 1.64219044e-04 3.44514672e-05 3.21460036e-04 4.73777764e-04 1.89511105e-05 2.77842685e-04 7.00708828e-05 4.82736301e-05 5.15370554e-04 7.06845291e-04 1.29489444e-04 4.32978192e-04 1.38627311e-04 4.80028806e-05 1.07885469e-04 5.86299209e-05 1.79228097e-06 2.90643982e-08 1.02698499e-09
 2023 06 18 12 00 00  3.87470777e-03 2.35721916e-03 1.30994642e-03 9.51227228e-04 7.04676400e-04 3.83294595e-04 2.81789806e-04 2.44588386e-04 5.14333710e-04 1.46283355e-04 3.67697136e-03 5.59221916e-03 2.53347277e-04 7.42058452e-05 4.71351341e-05 1.42064461e-04 4.23245365e-05 7.38477276e-05 1.42298449e-04 8.15831299e-05 1.63799464e-04 2.00904560e-04 1.12751937e-04 7.80420576e-05 5.48747958e-06 9.60259786e-06 6.07971742e-06 2.71504808e-05 4.99334310e-06 1.84505412e-05 5.40901355e-05 4.02184436e-05 2.28599529e-05 5.57245065e-05 4.68719780e-05 1.43100668e-05 6.44115202e-05 8.06358139e-05 9.90018743e-06 5.46507052e-05 1.65795759e-04 3.47430410e-05 3.26158305e-04 4.77808644e-04 1.91123458e-05 2.78399741e-04 6.90325047e-05 4.88372170e-05 5.13682310e-04 7.06135963e-04 1.29828216e-04 4.32954721e-04 1.42720430e-04 4.94903379e-05 1.11316464e-04 6.09070936e-05 1.89409319e-06 3.42943004e-08 1.49912900e-09
 2023 06 19 12 00 00  3.89614036e-03 2.37382107e-03 1.32024186e-03 9.58610707e-04 7.11074810e-04 3.85780765e-04 2.84405115e-04 2.47534652e-04 5.22009296e-04 1.48856885e-04 3.73834459e-03 5.69847375e-03 2.56846733e-04 7.53821582e-05 4.76954174e-05 1.42687068e-04 4.22641198e-05 7.37248163e-05 1.44134105e-04 8.31323909e-05 1.63716185e-04 2.00571261e-04 1.12848860e-04 7.84185240e-05 5.48363314e-06 9.54260104e-06 6.09506496e-06 2.72190148e-05 5.02759467e-06 1.85308044e-05 5.42240831e-05 4.01948666e-05 2.27970901e-05 5.60748408e-05 4.88790683e-05 1.43769212e-05 6.47623393e-05 8.09190879e-05 9.85322113e-06 5.58487484e-05 1.68795211e-04 3.60519567e-05 3.32388680e-04 4.96292621e-04 1.98517048e-05 2.84489650e-04 6.86357031e-05 5.13734005e-05 5.19761763e-04 7.14044342e-04 1.33044277e-04 4.35654014e-04 1.47291899e-04 5.11517472e-05 1.15149285e-04 6.34578291e-05 2.00863559e-06 4.02164574e-08 2.03476418e-09
 2023 06 20 12 00 00  3.95712043e-03 2.41140749e-03 1.34425824e-03 9.77404269e-04 7.28226521e-04 3.93639561e-04 2.92064016e-04 2.55916519e-04 5.43845571e-04 1.54171136e-04 3.91371182e-03 6.03846535e-03 2.65205001e-04 7.70402079e-05 4.88337384e-05 1.44749331e-04 4.27198363e-05 7.46372796e-05 1.46355936e-04 8.45830597e-05 1.66026939e-04 2.02923378e-04 1.14160596e-04 7.93039196e-05 5.51333760e-06 9.89404580e-06 6.11544092e-06 2.74658100e-05 5.05968346e-06 1.87136755e-05 5.50668905e-05 4.03720798e-05 2.32445920e-05 5.72491101e-05 5.07593504e-05 1.44656588e-05 6.62907578e-05 8.28603390e-05 1.01287682e-05 5.77367440e-05 1.77486150e-04 3.72777227e-05 3.44899044e-04 5.13608147e-04 2.05443259e-05 2.96891808e-04 7.13326735e-05 5.37485699e-05 5.36695861e-04 7.34768051e-04 1.37529045e-04 4.49538736e-04 1.54214325e-04 5.36678017e-05 1.20954902e-04 6.73350205e-05 2.18372700e-06 4.93443480e-08 2.86228818e-09
 2023 06 21 12 00 00  3.96612499e-03 2.41886170e-03 1.34884576e-03 9.80638330e-04 7.30999115e-04 3.94649935e-04 2.93156680e-04 2.57160765e-04 5.47077379e-04 1.55354808e-04 3.93950939e-03 6.08097315e-03 2.66758129e-04 7.76225817e-05 4.90876952e-05 1.42982768e-04 4.18418844e-05 7.28728482e-05 1.46565065e-04 8.53898935e-05 1.62611380e-04 1.98320079e-04 1.12488545e-04 7.88043499e-05 5.45641851e-06 9.58953970e-06 6.10419811e-06 2.73067449e-05 5.07736768e-06 1.86245649e-05 5.39746010e-05 4.00303892e-05 2.23706287e-05 5.65394282e-05 5.17965993e-05 1.44168298e-05 6.46770529e-05 8.03737171e-05 9.89013643e-06 5.72770642e-05 1.75117921e-04 3.79581150e-05 3.38480178e-04 5.23165352e-04 2.09266141e-05 2.90118306e-04 6.60054793e-05 5.50660945e-05 5.21657736e-04 7.20243094e-04 1.36681856e-04 4.32485102e-04 1.52834339e-04 5.31658721e-05 1.19795005e-04 6.65400481e-05 2.14635596e-06 4.72843439e-08 2.67266635e-09
 2023 06 22 12 00 00  3.96845291e-03 2.42075944e-03 1.35001607e-03 9.81507666e-04 7.31770697e-04 3.94921914e-04 2.93448295e-04 2.57494069e-04 5.47925911e-04 1.55659760e-04 3.94627023e-03 6.09160960e-03 2.67161470e-04 7.77794804e-05 4.91524075e-05 1.44935607e-04 4.26160899e-05 7.44240941e-05 1.47527213e-04 8.56070197e-05 1.65656001e-04 2.02327776e-04 1.14064126e-04 7.93674882e-05 5.50683180e-06 9.78147800e-06 6.11863579e-06 2.74933405e-05 5.08182384e-06 1.87533383e-05 5.50429069e-05 4.03315033e-05 2.31328144e-05 5.73033137e-05 5.20598725e-05 1.44797261e-05 6.63440819e-05 8.27794561e-05 1.00406156e-05 5.81185012e-05 1.78702337e-04 3.81387130e-05 3.46277360e-04 5.25601119e-04 2.10240447e-05 2.99598155e-04 7.06087507e-05 5.54142054e-05 5.38996649e-04 7.37621290e-04 1.39391497e-04 4.44721780e-04 1.50197717e-04 5.22073284e-05 1.17582142e-04 6.50494068e-05 2.07811354e-06 4.36563155e-08 2.34194992e-09
 2023 06 23 12 00 00  3.96618235e-03 2.41866138e-03 1.34874077e-03 9.80706872e-04 7.31141691e-04 3.94697966e-04 2.93191381e-04 2.57199290e-04 5.47132663e-04 1.55324154e-04 3.93992597e-03 6.08099699e-03 2.66744914e-04 7.76162996e-05 4.90848468e-05 1.44780617e-04 4.26032260e-05 7.43957527e-05 1.47245825e-04 8.53666570e-05 1.65566020e-04 2.02233010e-04 1.13995165e-04 7.92625575e-05 5.50611439e-06 9.55885625e-06 6.11589421e-06 2.74684126e-05 5.07601253e-06 1.87390167e-05 5.49752343e-05 4.03263897e-05 2.31155092e-05 5.71642299e-05 5.17224078e-05 1.44678736e-05 6.62155948e-05 8.26447354e-05 9.86608939e-06 5.78032751e-05 1.78229040e-04 3.79315228e-05 3.44252459e-04 5.22509441e-04 2.09003776e-05 2.98194681e-04 7.04807462e-05 5.50101162e-05 5.37417761e-04 7.35641874e-04 1.38801739e-04 4.42562364e-04 1.47899045e-04 5.13716146e-05 1.15652690e-04 6.37478124e-05 2.01839213e-06 4.04713006e-08 2.05136548e-09
 2023 06 24 12 00 00  3.97054463e-03 2.41919938e-03 1.34928390e-03 9.81630290e-04 7.32238971e-04 3.95449652e-04 2.93803106e-04 2.57819954e-04 5.48718647e-04 1.55266077e-04 3.95279816e-03 6.11288324e-03 2.66999222e-04 7.73831423e-05 4.90722375e-05 1.45110899e-04 4.28167055e-05 7.48221588e-05 1.46840101e-04 8.48451746e-05 1.66435500e-04 2.03323368e-04 1.14391592e-04 7.92228910e-05 5.52007841e-06 9.40995233e-06 6.11576179e-06 2.74928347e-05 5.06387987e-06 1.87512727e-05 5.51779076e-05 4.04093589e-05 2.33232509e-05 5.72132568e-05 5.10152080e-05 1.44673730e-05 6.64995709e-05 8.31525575e-05 9.74935829e-06 5.75007184e-05 1.79149896e-04 3.74859490e-05 3.44051904e-04 5.16016153e-04 2.06406461e-05 2.98434765e-04 7.17231480e-05 5.41435671e-05 5.39453607e-04 7.37164985e-04 1.38271769e-04 4.41492642e-04 1.41531934e-04 4.90571067e-05 1.10310694e-04 6.01634467e-05 1.85531118e-06 3.18772983e-08 1.26987976e-09
 2023 06 25 12 00 00  3.96314605e-03 2.41203723e-03 1.34494935e-03 9.78822589e-04 7.29974401e-04 3.94720476e-04 2.92947121e-04 2.56823447e-04 5.46093657e-04 1.54089145e-04 3.93187421e-03 6.08101860e-03 2.65567309e-04 7.67476507e-05 4.88060803e-05 1.44085258e-04 4.25605627e-05 7.43067882e-05 1.45509424e-04 8.39080894e-05 1.65361088e-04 2.01973830e-04 1.13756480e-04 7.87567051e-05 5.50350014e-06 9.39399179e-06 6.10664865e-06 2.73957174e-05 5.04247873e-06 1.86653778e-05 5.46825132e-05 4.03096463e-05 2.30671969e-05 5.67360870e-05 4.97653906e-05 1.44277947e-05 6.56685152e-05 8.20984862e-05 9.73680799e-06 5.65770269e-05 1.76792059e-04 3.66885855e-05 3.39431233e-04 5.04528423e-04 2.01811369e-05 2.91721624e-04 7.01570010e-05 5.25949581e-05 5.29510568e-04 7.26008982e-04 1.35485243e-04 4.32739435e-04 1.36601087e-04 4.72646905e-05 1.06173725e-04 5.73876450e-05 1.72901907e-06 2.52220566e-08 6.64695232e-10
 2023 06 26 12 00 00  3.90859569e-03 2.37640566e-03 1.32236896e-03 9.61652252e-04 7.14560325e-04 3.87873881e-04 2.86162666e-04 2.49355294e-04 5.26594179e-04 1.48930595e-04 3.77537935e-03 5.78354485e-03 2.57775822e-04 7.49503571e-05 4.77088787e-05 1.42277198e-04 4.22475161e-05 7.36778951e-05 1.42968158e-04 8.20437039e-05 1.63660048e-04 2.00334967e-04 1.12712376e-04 7.80407591e-05 5.48319404e-06 9.40566097e-06 6.09261697e-06 2.71948393e-05 5.00036404e-06 1.84936507e-05 5.39648860e-05 4.01878235e-05 2.27559853e-05 5.58143529e-05 4.73031279e-05 1.43667901e-05 6.43442459e-05 8.05188887e-05 9.74594805e-06 5.50289059e-05 1.69259311e-04 3.51060269e-05 3.30757890e-04 4.81881748e-04 1.92752699e-05 2.79830205e-04 6.82621030e-05 4.95238230e-05 5.13678227e-04 7.06913437e-04 1.30538824e-04 4.26742905e-04 1.37181736e-04 4.74757995e-05 1.06661144e-04 5.77167501e-05 1.74414060e-06 2.60300894e-08 7.38455475e-10
 2023 06 27 12 00 00  3.88045841e-03 2.35686417e-03 1.31008809e-03 9.52520159e-04 7.06469348e-04 3.84432442e-04 2.82687321e-04 2.45501162e-04 5.16536415e-04 1.46027443e-04 3.69472366e-03 5.63480146e-03 2.53565040e-04 7.38242402e-05 4.70937348e-05 1.40815245e-04 4.19447722e-05 7.30706553e-05 1.41116719e-04 8.07299220e-05 1.62236977e-04 1.98760821e-04 1.11863875e-04 7.74459616e-05 5.46350966e-06 9.37244695e-06 6.07117363e-06 2.70458523e-05 4.97071123e-06 1.83635777e-05 5.33533341e-05 4.00700490e-05 2.24567921e-05 5.51122583e-05 4.55692789e-05 1.42735094e-05 6.32671749e-05 7.91464662e-05 9.71983318e-06 5.35764684e-05 1.64213636e-04 3.39910330e-05 3.21094142e-04 4.65933878e-04 1.86373551e-05 2.70234584e-04 6.64492894e-05 4.73601598e-05 5.00777790e-04 6.92101793e-04 1.26752011e-04 4.18731600e-04 1.34458109e-04 4.64859080e-05 1.04377291e-04 5.61944128e-05 1.67560228e-06 2.24729718e-08 4.16379731e-10
 2023 06 28 12 00 00  3.86478828e-03 2.34655317e-03 1.30356098e-03 9.47558221e-04 7.02015240e-04 3.82468312e-04 2.80737431e-04 2.43352513e-04 5.10932130e-04 1.44528585e-04 3.64974520e-03 5.54980598e-03 2.51313073e-04 7.32856670e-05 4.67562817e-05 1.39620033e-04 4.16005176e-05 7.23796955e-05 1.40129051e-04 8.01687012e-05 1.60747142e-04 1.96965569e-04 1.11050634e-04 7.70652438e-05 5.44114991e-06 9.30258684e-06 6.05396963e-06 2.69294965e-05 4.95806380e-06 1.82708485e-05 5.27995220e-05 3.99361103e-05 2.21157068e-05 5.45988264e-05 4.48296400e-05 1.41986660e-05 6.23494096e-05 7.78754770e-05 9.66498264e-06 5.26789515e-05 1.60667232e-04 3.35148885e-05 3.13479245e-04 4.59130119e-04 1.83652048e-05 2.63402541e-04 6.43782609e-05 4.64363111e-05 4.90563698e-04 6.81084606e-04 1.24474057e-04 4.13269517e-04 1.35903963e-04 4.70117007e-05 1.05591856e-04 5.70213329e-05 1.71408645e-06 2.45659521e-08 6.08348394e-10
 2023 06 29 12 00 00  3.84616390e-03 2.33286874e-03 1.29502128e-03 9.41347366e-04 6.96586631e-04 3.80253898e-04 2.78455343e-04 2.40802734e-04 5.04274925e-04 1.42451342e-04 3.59643199e-03 5.45418635e-03 2.48401652e-04 7.24075447e-05 4.63113671e-05 1.39244892e-04 4.16706956e-05 7.25196267e-05 1.38861634e-04 7.90679827e-05 1.60869831e-04 1.97321442e-04 1.11010737e-04 7.69468696e-05 5.44575159e-06 9.44523272e-06 6.04890083e-06 2.68897990e-05 4.93338775e-06 1.82181889e-05 5.27341230e-05 3.99633747e-05 2.21835740e-05 5.44500859e-05 4.33857553e-05 1.41766228e-05 6.21488052e-05 7.77614254e-05 9.77676173e-06 5.21823977e-05 1.58530814e-04 3.25821107e-05 3.11237034e-04 4.45843997e-04 1.78337599e-05 2.59567592e-04 6.47819892e-05 4.46271297e-05 4.86741307e-04 6.76313877e-04 1.22285677e-04 4.17815979e-04 1.40870045e-04 4.88170963e-05 1.09759641e-04 5.98277771e-05 1.84248935e-06 3.13864966e-08 1.22993544e-09
 2023 06 30 12 00 00  3.82937306e-03 2.32300517e-03 1.28867401e-03 9.36292872e-04 6.91929789e-04 3.78052453e-04 2.76337397e-04 2.38497366e-04 4.98265121e-04 1.41090239e-04 3.54812770e-03 5.35856672e-03 2.46182041e-04 7.20382095e-05 4.60207527e-05 1.38832312e-04 4.15903545e-05 7.23571284e-05 1.38473462e-04 7.88208563e-05 1.60393212e-04 1.96888715e-04 1.10745131e-04 7.67826948e-05 5.44059221e-06 9.43865598e-06 6.04441484e-06 2.68437204e-05 4.92786312e-06 1.81818292e-05 5.25783819e-05 3.99320619e-05 2.21017079e-05 5.42159455e-05 4.30624001e-05 1.41571174e-05 6.18590031e-05 7.73876970e-05 9.77160962e-06 5.18316959e-05 1.56403795e-04 3.23728163e-05 3.08764460e-04 4.42868108e-04 1.77147243e-05 2.57192238e-04 6.42735045e-05 4.42212739e-05 4.83627287e-04 6.72300499e-04 1.21491279e-04 4.15683713e-04 1.40197357e-04 4.85726741e-05 1.09196038e-04 5.94558614e-05 1.82601740e-06 3.05523606e-08 1.15494352e-09
 2023 07 01 12 00 00  3.82618216e-03 2.32473211e-03 1.28943605e-03 9.36126328e-04 6.91391194e-04 3.77335226e-04 2.75846868e-04 2.38049972e-04 4.97112311e-04 1.41576684e-04 3.53859844e-03 5.32669313e-03 2.46350657e-04 7.25851401e-05 4.61293598e-05 1.38293208e-04 4.11994784e-05 7.15719943e-05 1.39358475e-04 7.98606896e-05 1.58799980e-04 1.94843895e-04 1.10025858e-04 7.67311788e-05 5.41523077e-06 9.51747497e-06 6.04869856e-06 2.68006414e-05 4.95115346e-06 1.81693884e-05 5.21892006e-05 3.97799566e-05 2.17133682e-05 5.40389665e-05 4.44253208e-05 1.41757570e-05 6.13250124e-05 7.64588636e-05 9.83338541e-06 5.22690843e-05 1.55307169e-04 3.32538271e-05 3.09814539e-04 4.55409888e-04 1.82163955e-05 2.57046031e-04 6.19102386e-05 4.59299306e-05 4.80111363e-04 6.69200778e-04 1.22629043e-04 4.10931527e-04 1.43081462e-04 4.96213424e-05 1.11617677e-04 6.10956808e-05 1.90170133e-06 3.46218791e-08 1.52705741e-09
 2023 07 02 12 00 00  3.87060514e-03 2.35310668e-03 1.30747377e-03 9.49995551e-04 7.03922696e-04 3.82969895e-04 2.81393413e-04 2.44141487e-04 5.13002700e-04 1.45648288e-04 3.66616471e-03 5.57105355e-03 2.52595095e-04 7.39549847e-05 4.70149535e-05 1.39717469e-04 4.14490903e-05 7.20729760e-05 1.41221347e-04 8.11975740e-05 1.60169227e-04 1.96145360e-04 1.10846989e-04 7.74085994e-05 5.43144452e-06 9.92392452e-06 6.06471367e-06 2.69805687e-05 4.98116933e-06 1.83029608e-05 5.27418325e-05 3.98770731e-05 2.19606445e-05 5.49182117e-05 4.61813499e-05 1.42454010e-05 6.23646049e-05 7.77110485e-05 1.01518985e-05 5.38528521e-05 1.61518115e-04 3.43871186e-05 3.19847984e-04 4.71566768e-04 1.88626707e-05 2.66445031e-04 6.34114724e-05 4.81282535e-05 4.92117528e-04 6.84299271e-04 1.26283243e-04 4.21190782e-04 1.50125032e-04 5.21822169e-05 1.17530556e-04 6.50897546e-05 2.08534009e-06 4.44438570e-08 2.42387337e-09
 2023 07 03 12 00 00  3.90606099e-03 2.37399847e-03 1.32091138e-03 9.60666289e-04 7.13738394e-04 3.87609901e-04 2.85860694e-04 2.49004539e-04 5.25687373e-04 1.48533480e-04 3.76812334e-03 5.77291325e-03 2.57289648e-04 7.47370828e-05 4.76217296e-05 1.41087965e-04 4.18212701e-05 7.28210027e-05 1.42223798e-04 8.17309716e-05 1.61958204e-04 1.98097390e-04 1.11811604e-04 7.78790851e-05 5.45557123e-06 9.77551244e-06 6.08030823e-06 2.71130221e-05 4.99323287e-06 1.84125280e-05 5.33440765e-05 4.00219258e-05 2.23312338e-05 5.55523104e-05 4.68865910e-05 1.43131954e-05 6.33870876e-05 7.91203077e-05 1.00354097e-05 5.47628698e-05 1.66950599e-04 3.48400092e-05 3.26918836e-04 4.78052758e-04 1.91221103e-05 2.73793997e-04 6.56708668e-05 4.90072242e-05 5.03005511e-04 6.96905100e-04 1.28579315e-04 4.27883160e-04 1.49583695e-04 5.19860294e-05 1.17080648e-04 6.48219386e-05 2.07560507e-06 4.41156743e-08 2.39871554e-09
 2023 07 04 12 00 00  3.91264442e-03 2.37942928e-03 1.32425426e-03 9.62965065e-04 7.15674440e-04 3.88337519e-04 2.86647025e-04 2.49896346e-04 5.28030041e-04 1.49387104e-04 3.78684951e-03 5.80477938e-03 2.58411597e-04 7.51406258e-05 4.78034446e-05 1.41155867e-04 4.17609263e-05 7.27007282e-05 1.42827939e-04 8.22874601e-05 1.61772974e-04 1.97791965e-04 1.11771419e-04 7.78377458e-05 5.45161238e-06 9.71945992e-06 6.07493967e-06 2.71249645e-05 5.00590832e-06 1.84299937e-05 5.33432270e-05 3.99984827e-05 2.22729708e-05 5.55431621e-05 4.76270332e-05 1.42897916e-05 6.34276054e-05 7.90622702e-05 9.99140248e-06 5.47045790e-05 1.67394085e-04 3.53132462e-05 3.25489751e-04 4.84859651e-04 1.93943861e-05 2.75008483e-04 6.53247815e-05 4.99261485e-05 5.04299982e-04 6.98361289e-04 1.29565053e-04 4.21915588e-04 1.42708154e-04 4.94872258e-05 1.11315865e-04 6.09841371e-05 1.90316812e-06 3.51927184e-08 1.59147628e-09
 2023 07 05 12 00 00  3.90097529e-03 2.37196188e-03 1.31950837e-03 9.59286368e-04 7.12334164e-04 3.86851522e-04 2.85183483e-04 2.48286858e-04 5.23845641e-04 1.48310660e-04 3.75326852e-03 5.74102588e-03 2.56763773e-04 7.47748524e-05 4.75836779e-05 1.39902631e-04 4.13319503e-05 7.18398253e-05 1.41983788e-04 8.19185108e-05 1.59978835e-04 1.95556056e-04 1.10824138e-04 7.72934150e-05 5.42374473e-06 9.57275988e-06 6.06491558e-06 2.69984822e-05 4.99786001e-06 1.83398601e-05 5.27009796e-05 3.98315809e-05 2.18481349e-05 5.49153577e-05 4.71547362e-05 1.42461358e-05 6.23849388e-05 7.76130639e-05 9.87631356e-06 5.38044808e-05 1.64236728e-04 3.50024289e-05 3.19782695e-04 4.80506569e-04 1.92202628e-05 2.68421350e-04 6.27461821e-05 4.93244792e-05 4.93363371e-04 6.86172523e-04 1.27507120e-04 4.08028615e-04 1.34786444e-04 4.66080315e-05 1.04672635e-04 5.65511104e-05 1.70323226e-06 2.47891570e-08 6.48801723e-10
 2023 07 06 12 00 00  3.90696651e-03 2.37617083e-03 1.32214953e-03 9.61209699e-04 7.14015439e-04 3.87573334e-04 2.85915553e-04 2.49098237e-04 5.25977145e-04 1.48934838e-04 3.77036631e-03 5.77289164e-03 2.57663198e-04 7.50142212e-05 4.77162233e-05 1.39030529e-04 4.08744061e-05 7.09216692e-05 1.41908299e-04 8.21998110e-05 1.58226994e-04 1.93172194e-04 1.09955885e-04 7.70769159e-05 5.39401663e-06 9.54833085e-06 6.07298825e-06 2.69187423e-05 5.00442802e-06 1.82944448e-05 5.21266319e-05 3.96535732e-05 2.13951629e-05 5.46118514e-05 4.75374458e-05 1.42812220e-05 6.15307587e-05 7.63625009e-05 9.85712468e-06 5.39604134e-05 1.63563147e-04 3.52429750e-05 3.21195680e-04 4.84019760e-04 1.93607904e-05 2.65324830e-04 5.99976105e-05 4.97924106e-05 4.85211220e-04 6.78313099e-04 1.26876279e-04 4.01234282e-04 1.36856786e-04 4.73607824e-05 1.06410803e-04 5.77266433e-05 1.75738228e-06 2.76929647e-08 9.14129217e-10
 2023 07 07 12 00 00  3.90173425e-03 2.37368073e-03 1.32048988e-03 9.59750005e-04 7.12601302e-04 3.86836845e-04 2.85238549e-04 2.48374291e-04 5.24097439e-04 1.48629562e-04 3.75522864e-03 5.74101619e-03 2.57064399e-04 7.49943400e-05 4.76528189e-05 1.38956266e-04 4.08507301e-05 7.08744046e-05 1.41981039e-04 8.22908827e-05 1.58087760e-04 1.93051668e-04 1.09893021e-04 7.70931546e-05 5.39246575e-06 9.52846967e-06 6.06989852e-06 2.69091842e-05 5.00663336e-06 1.82895683e-05 5.21091633e-05 3.96443676e-05 2.13721883e-05 5.45805216e-05 4.76654619e-05 1.42677498e-05 6.14968911e-05 7.62895493e-05 9.84149447e-06 5.39319710e-05 1.62927103e-04 3.53215117e-05 3.19968573e-04 4.85192510e-04 1.94077004e-05 2.65141704e-04 5.98605664e-05 4.99456015e-05 4.85051533e-04 6.78163732e-04 1.26984713e-04 4.02274934e-04 1.38791643e-04 4.80642086e-05 1.08034764e-04 5.88212176e-05 1.80753810e-06 3.03628404e-08 1.15759011e-09
 2023 07 08 12 00 00  3.90941433e-03 2.37855476e-03 1.32359113e-03 9.62130116e-04 7.14749187e-04 3.87811243e-04 2.86195959e-04 2.49424419e-04 5.26841430e-04 1.49325640e-04 3.77726177e-03 5.78351021e-03 2.58137111e-04 7.52214162e-05 4.78005482e-05 1.39713385e-04 4.11191722e-05 7.14134367e-05 1.42482063e-04 8.25081661e-05 1.59214993e-04 1.94454059e-04 1.10489328e-04 7.73733002e-05 5.40989095e-06 9.37219884e-06 6.07177317e-06 2.69739443e-05 5.01158574e-06 1.83439122e-05 5.25113272e-05 3.97488242e-05 2.16385699e-05 5.48888370e-05 4.79547336e-05 1.42758858e-05 6.21361834e-05 7.71761948e-05 9.71898407e-06 5.42349038e-05 1.64775751e-04 3.55063064e-05 3.21202763e-04 4.87851660e-04 1.95140664e-05 2.68903653e-04 6.14800607e-05 5.03044459e-05 4.91805306e-04 6.85552807e-04 1.28215847e-04 4.08391325e-04 1.40256888e-04 4.85968192e-05 1.09263950e-04 5.96447690e-05 1.84492092e-06 3.23262704e-08 1.33596609e-09
 2023 07 09 12 00 00  3.91349025e-03 2.38144893e-03 1.32540502e-03 9.63472170e-04 7.15934831e-04 3.88305354e-04 2.86698930e-04 2.49984141e-04 5.28300209e-04 1.49760027e-04 3.78895073e-03 5.80476075e-03 2.58758542e-04 7.53966518e-05 4.78908870e-05 1.39666285e-04 4.10237291e-05 7.12218345e-05 1.42659358e-04 8.27206182e-05 1.58878681e-04 1.93955968e-04 1.10333152e-04 7.75672698e-05 5.40369365e-06 9.60932957e-06 6.08411501e-06 2.69803428e-05 5.01631694e-06 1.83476602e-05 5.24209090e-05 3.97116877e-05 2.15439446e-05 5.50363465e-05 4.82317642e-05 1.43295794e-05 6.20326874e-05 7.70140804e-05 9.90488625e-06 5.49459310e-05 1.65361764e-04 3.56860837e-05 3.25989143e-04 4.90401872e-04 1.96160749e-05 2.69577010e-04 6.09052076e-05 5.06529701e-05 4.90975005e-04 6.85672366e-04 1.28483386e-04 4.15631050e-04 1.52321359e-04 5.29823428e-05 1.19385743e-04 6.64340560e-05 2.15365983e-06 4.85840971e-08 2.81404784e-09
 2023 07 10 12 00 00  3.91867494e-03 2.38382352e-03 1.32699857e-03 9.64902768e-04 7.17334007e-04 3.89044175e-04 2.87373061e-04 2.50703008e-04 5.30164183e-04 1.50043806e-04 3.80397053e-03 5.83663806e-03 2.59337176e-04 7.54022600e-05 4.79523097e-05 1.41349487e-04 4.17303789e-05 7.26402097e-05 1.43161930e-04 8.26033589e-05 1.61718928e-04 1.97641375e-04 1.11770853e-04 7.81873911e-05 5.44959075e-06 9.90446060e-06 6.09376511e-06 2.71476396e-05 5.01351860e-06 1.84519751e-05 5.33708664e-05 3.99866287e-05 2.22441391e-05 5.58215427e-05 4.80690767e-05 1.43715748e-05 6.35081277e-05 7.91645000e-05 1.01362377e-05 5.57540695e-05 1.68686697e-04 3.55853146e-05 3.32434684e-04 4.88910233e-04 1.95564093e-05 2.77182664e-04 6.51569397e-05 5.04566298e-05 5.05501402e-04 7.00969272e-04 1.30285419e-04 4.33548457e-04 1.58987518e-04 5.54056027e-05 1.24978947e-04 7.01894000e-05 2.32469462e-06 5.76104128e-08 3.63517927e-09
 2023 07 11 12 00 00  3.93164648e-03 2.39123792e-03 1.33178939e-03 9.68784600e-04 7.20944471e-04 3.90767336e-04 2.89019092e-04 2.52490842e-04 5.34813972e-04 1.51055419e-04 3.84135908e-03 5.91101423e-03 2.61021371e-04 7.56577405e-05 4.81682523e-05 1.44508957e-04 4.30260086e-05 7.52408756e-05 1.44495612e-04 8.27399082e-05 1.66955622e-04 2.04399546e-04 1.14453031e-04 7.94862090e-05 5.53373902e-06 1.01386948e-05 6.09956514e-06 2.74539504e-05 5.01645372e-06 1.86556911e-05 5.51702692e-05 4.04907361e-05 2.35281041e-05 5.73127221e-05 4.82415868e-05 1.43968180e-05 6.63184465e-05 8.31571663e-05 1.03198799e-05 5.71652209e-05 1.74859907e-04 3.56999895e-05 3.39807916e-04 4.90501720e-04 1.96200688e-05 2.91743982e-04 7.29542866e-05 5.06783836e-05 5.33601349e-04 7.31420953e-04 1.34256965e-04 4.70819481e-04 1.77016130e-04 6.19592996e-05 1.40105692e-04 8.03453002e-05 2.78721104e-06 8.20175245e-08 5.85546154e-09
 2023 07 12 12 00 00  3.90961161e-03 2.37877483e-03 1.32372268e-03 9.62272404e-04 7.14901064e-04 3.87841674e-04 2.86231064e-04 2.49468523e-04 5.26930453e-04 1.49370585e-04 3.77795449e-03 5.78352511e-03 2.58189765e-04 7.52543641e-05 4.77956306e-05 1.43720825e-04 4.27669962e-05 7.47217506e-05 1.44036487e-04 8.25668743e-05 1.65735837e-04 2.03057123e-04 1.13815842e-04 7.90265287e-05 5.51688026e-06 1.01745529e-05 6.10121642e-06 2.73669337e-05 5.01248760e-06 1.85945456e-05 5.47761105e-05 4.03899932e-05 2.32728446e-05 5.68171612e-05 4.80100542e-05 1.44040067e-05 6.56576853e-05 8.22771277e-05 1.03478786e-05 5.66596253e-05 1.71824544e-04 3.55526339e-05 3.38590513e-04 4.88373961e-04 1.95349585e-05 2.88020937e-04 7.14112422e-05 5.03921241e-05 5.27193872e-04 7.23008746e-04 1.33180094e-04 4.58010679e-04 1.66178951e-04 5.80201649e-05 1.31015407e-04 7.42625782e-05 2.51165832e-06 6.75869302e-08 4.54552342e-09
 2023 07 13 12 00 00  3.88392088e-03 2.36148062e-03 1.31280683e-03 9.54068061e-04 7.07585804e-04 3.84660096e-04 2.83047569e-04 2.45951016e-04 5.17745582e-04 1.46834011e-04 3.70429457e-03 5.64541295e-03 2.54434382e-04 7.43157247e-05 4.72536625e-05 1.43494758e-04 4.29095933e-05 7.50083767e-05 1.42899143e-04 8.15281237e-05 1.66087724e-04 2.03805312e-04 1.13898329e-04 7.88854006e-05 5.52612255e-06 1.00758232e-05 6.09606504e-06 2.73207225e-05 4.98919107e-06 1.85488833e-05 5.48151934e-05 4.04454913e-05 2.34148771e-05 5.66103158e-05 4.66469675e-05 1.43815865e-05 6.55967625e-05 8.23779596e-05 1.02704158e-05 5.60358263e-05 1.69304720e-04 3.46722925e-05 3.35307468e-04 4.75831643e-04 1.90332657e-05 2.84898146e-04 7.22774421e-05 4.86845936e-05 5.25176839e-04 7.19522432e-04 1.31339629e-04 4.61064561e-04 1.67195660e-04 5.83901099e-05 1.31871006e-04 7.48572846e-05 2.54019886e-06 6.92028067e-08 4.69529695e-09
 2023 07 14 12 00 00  3.87828256e-03 2.35805541e-03 1.31061331e-03 9.52361077e-04 7.06033460e-04 3.83934050e-04 2.82342419e-04 2.45181454e-04 5.15732041e-04 1.46355331e-04 3.68812008e-03 5.61354309e-03 2.53672551e-04 7.41803718e-05 4.71633460e-05 1.43122310e-04 4.28104540e-05 7.48098595e-05 1.42673133e-04 8.14158469e-05 1.65646519e-04 2.03293473e-04 1.13663912e-04 7.86066785e-05 5.51966077e-06 9.69098910e-06 6.08409173e-06 2.72661502e-05 4.98661175e-06 1.85202708e-05 5.46554745e-05 4.04069375e-05 2.33175015e-05 5.62851629e-05 4.64964513e-05 1.43294892e-05 6.53163387e-05 8.19826473e-05 9.96858507e-06 5.52852724e-05 1.67934446e-04 3.45766341e-05 3.29461651e-04 4.74448629e-04 1.89779452e-05 2.82518458e-04 7.16904702e-05 4.84987308e-05 5.22383214e-04 7.15894458e-04 1.30745671e-04 4.52064229e-04 1.57518703e-04 5.48728973e-05 1.23755403e-04 6.94385972e-05 2.29558098e-06 5.64569092e-08 3.53993670e-09
 2023 07 15 12 00 00  3.88138248e-03 2.36163881e-03 1.31274823e-03 9.53709004e-04 7.07100866e-04 3.84200249e-04 2.82695960e-04 2.45610013e-04 5.16844175e-04 1.46974422e-04 3.69692693e-03 5.62417433e-03 2.54375224e-04 7.45590728e-05 4.73024188e-05 1.42365738e-04 4.23947669e-05 7.39751791e-05 1.43014071e-04 8.20032088e-05 1.64019418e-04 2.01121992e-04 1.12886321e-04 7.83453189e-05 5.49267716e-06 9.55746218e-06 6.08079463e-06 2.71967004e-05 4.99960552e-06 1.84865185e-05 5.41660046e-05 4.02451900e-05 2.29050303e-05 5.59424834e-05 4.72577958e-05 1.43151658e-05 6.46047015e-05 8.08576549e-05 9.86382438e-06 5.51229647e-05 1.66858305e-04 3.50729359e-05 3.27161980e-04 4.81459832e-04 1.92583933e-05 2.80129942e-04 6.91829249e-05 4.94604232e-05 5.16257367e-04 7.09803175e-04 1.30802420e-04 4.41404219e-04 1.53223338e-04 5.33116538e-05 1.20152785e-04 6.70307752e-05 2.18671025e-06 5.07709757e-08 3.02419352e-09
 2023 07 16 12 00 00  3.90693703e-03 2.37848241e-03 1.32340938e-03 9.61841385e-04 7.14416695e-04 3.87406864e-04 2.85882235e-04 2.49124188e-04 5.25996123e-04 1.49429297e-04 3.77034781e-03 5.76229990e-03 2.58059124e-04 7.54428413e-05 4.78248937e-05 1.42861905e-04 4.23649122e-05 7.39146315e-05 1.44151354e-04 8.29458877e-05 1.64112447e-04 2.00959383e-04 1.13018871e-04 7.86026278e-05 5.49076758e-06 9.59386671e-06 6.09344970e-06 2.72592528e-05 5.02047733e-06 1.85472245e-05 5.42639504e-05 4.02335485e-05 2.28743098e-05 5.62558520e-05 4.84806893e-05 1.43702578e-05 6.48714205e-05 8.11026291e-05 9.89232867e-06 5.59911902e-05 1.69991763e-04 3.58696328e-05 3.32757758e-04 4.92720820e-04 1.97088328e-05 2.84415958e-04 6.89906650e-05 5.10042824e-05 5.20292507e-04 7.15374207e-04 1.32804887e-04 4.42488879e-04 1.55051041e-04 5.39760567e-05 1.21686315e-04 6.80604644e-05 2.23361077e-06 5.32464384e-08 3.24939649e-09
 2023 07 17 12 00 00  3.94548140e-03 2.40284988e-03 1.33892231e-03 9.73860431e-04 7.25324884e-04 3.92325790e-04 2.90709640e-04 2.54422001e-04 5.39797181e-04 1.52914950e-04 3.88114924e-03 5.97479790e-03 2.63442336e-04 7.65897285e-05 4.85580017e-05 1.44410997e-04 4.27359715e-05 7.46582693e-05 1.45844443e-04 8.40463617e-05 1.65898136e-04 2.02881985e-04 1.14031171e-04 7.92461042e-05 5.51492158e-06 9.88989414e-06 6.10468196e-06 2.74432909e-05 5.04490708e-06 1.86815432e-05 5.49359736e-05 4.03778715e-05 2.32399063e-05 5.71075218e-05 4.99116199e-05 1.44191770e-05 6.60650856e-05 8.26144709e-05 1.01243801e-05 5.72798888e-05 1.75804321e-04 3.68002075e-05 3.40824768e-04 5.05895452e-04 2.02358181e-05 2.93708902e-04 7.12002104e-05 5.28079167e-05 5.33554619e-04 7.31115475e-04 1.36254700e-04 4.52534268e-04 1.58971062e-04 5.54009384e-05 1.24974591e-04 7.02619258e-05 2.33342038e-06 5.84796041e-08 3.72459432e-09
 2023 07 18 12 00 00  3.94737187e-03 2.40391287e-03 1.33961073e-03 9.74445148e-04 7.25882684e-04 3.92583701e-04 2.90954865e-04 2.54689143e-04 5.40481723e-04 1.53061493e-04 3.88665229e-03 5.98542765e-03 2.63688316e-04 7.66297725e-05 4.85893568e-05 1.46099135e-04 4.34323912e-05 7.60546303e-05 1.46497663e-04 8.40694294e-05 1.68653254e-04 2.06497743e-04 1.15438269e-04 7.99014198e-05 5.56022351e-06 1.02822414e-05 6.11573269e-06 2.76163585e-05 5.04527015e-06 1.87889211e-05 5.58867707e-05 4.06487670e-05 2.39272791e-05 5.79142841e-05 4.99338086e-05 1.44672973e-05 6.75474222e-05 8.47525070e-05 1.04319552e-05 5.82274058e-05 1.78894329e-04 3.68184817e-05 3.48045459e-04 5.06104552e-04 2.02441821e-05 3.01707688e-04 7.53605855e-05 5.28425502e-05 5.48406148e-04 7.46733355e-04 1.38321435e-04 4.71395311e-04 1.67216492e-04 5.83982466e-05 1.31892545e-04 7.49041328e-05 2.54466045e-06 6.96137135e-08 4.73711737e-09
 2023 07 19 12 00 00  3.94945731e-03 2.40537164e-03 1.34052635e-03 9.75153146e-04 7.26525418e-04 3.92844723e-04 2.91218381e-04 2.54982981e-04 5.41235587e-04 1.53282270e-04 3.89269552e-03 5.99606037e-03 2.64006319e-04 7.67244162e-05 4.86420789e-05 1.44057622e-04 4.25371079e-05 7.42558506e-05 1.45845010e-04 8.41802801e-05 1.65122212e-04 2.01809006e-04 1.13644432e-04 7.92150874e-05 5.50215809e-06 9.78765820e-06 6.11280047e-06 2.74084658e-05 5.04760901e-06 1.86662586e-05 5.46745820e-05 4.03003593e-05 2.30369580e-05 5.69952850e-05 5.00715629e-05 1.44546109e-05 6.56808911e-05 8.20723337e-05 1.00443925e-05 5.75183538e-05 1.75801205e-04 3.69112153e-05 3.42582210e-04 5.07376837e-04 2.02950735e-05 2.92517227e-04 6.99381693e-05 5.30216377e-05 5.29944450e-04 7.27842186e-04 1.36004897e-04 4.52080842e-04 1.63495836e-04 5.70453431e-05 1.28767998e-04 7.27843224e-05 2.44653709e-06 6.43163588e-08 4.25220321e-09
 2023 07 20 12 00 00  3.95982385e-03 2.41292899e-03 1.34524655e-03 9.78622791e-04 7.29578939e-04 3.94088661e-04 2.92495629e-04 2.56409610e-04 5.44948376e-04 1.54429155e-04 3.92243540e-03 6.04918897e-03 2.65620560e-04 7.72095476e-05 4.88897555e-05 1.43843556e-04 4.23354009e-05 7.38488801e-05 1.46396249e-04 8.47832009e-05 1.64386904e-04 2.00733739e-04 1.13326502e-04 7.90729473e-05 5.48915632e-06 9.51696493e-06 6.11033392e-06 2.73875246e-05 5.06100951e-06 1.86704391e-05 5.44751821e-05 4.02217847e-05 2.28332559e-05 5.68328617e-05 5.08563651e-05 1.44439531e-05 6.54218798e-05 8.15987362e-05 9.83230057e-06 5.74047091e-05 1.76199123e-04 3.74211842e-05 3.40946821e-04 5.14602020e-04 2.05840808e-05 2.92475524e-04 6.86819607e-05 5.40101377e-05 5.28378173e-04 7.26421526e-04 1.36683758e-04 4.42766091e-04 1.55819768e-04 5.42549362e-05 1.22327254e-04 6.84584604e-05 2.24941306e-06 5.39052365e-08 3.30489378e-09
 2023 07 21 12 00 00  3.95071146e-03 2.40779962e-03 1.34192353e-03 9.75958844e-04 7.27116746e-04 3.92882742e-04 2.91347172e-04 2.55166320e-04 5.41694515e-04 1.53740226e-04 3.89626724e-03 5.99607415e-03 2.64456723e-04 7.70545371e-05 4.87437659e-05 1.43350903e-04 4.21672623e-05 7.35103793e-05 1.46172655e-04 8.47263320e-05 1.63628762e-04 1.99845662e-04 1.12934796e-04 7.87944529e-05 5.47828422e-06 9.42668412e-06 6.10680072e-06 2.73344294e-05 5.05960015e-06 1.86356499e-05 5.42238353e-05 4.01563273e-05 2.26648132e-05 5.65212845e-05 5.07747114e-05 1.44286198e-05 6.50099995e-05 8.10245906e-05 9.76152951e-06 5.69771915e-05 1.74574547e-04 3.73718765e-05 3.38561686e-04 5.13854902e-04 2.05541961e-05 2.90032516e-04 6.76498632e-05 5.39137982e-05 5.24375868e-04 7.21449413e-04 1.36056723e-04 4.34404102e-04 1.48811325e-04 5.17075674e-05 1.16449146e-04 6.45300182e-05 2.07180215e-06 4.46303964e-08 2.46364866e-09
 2023 07 22 12 00 00  3.94879947e-03 2.40652251e-03 1.34111621e-03 9.75374947e-04 7.26609008e-04 3.92651062e-04 2.91115275e-04 2.54911449e-04 5.41017941e-04 1.53556392e-04 3.89084105e-03 5.98545671e-03 2.64182326e-04 7.69935435e-05 4.87080481e-05 1.44565905e-04 4.26710089e-05 7.45209691e-05 1.46544184e-04 8.46603885e-05 1.65595487e-04 2.02467200e-04 1.13932253e-04 7.91704575e-05 5.51102639e-06 9.71434711e-06 6.12162694e-06 2.74522191e-05 5.05799471e-06 1.87100637e-05 5.48964851e-05 4.03522979e-05 2.31630242e-05 5.70362505e-05 5.06815733e-05 1.44931648e-05 6.60462729e-05 8.25688971e-05 9.98711694e-06 5.76701997e-05 1.76695384e-04 3.73149465e-05 3.45673295e-04 5.13001981e-04 2.05200792e-05 2.95806371e-04 7.06704275e-05 5.38027089e-05 5.34843937e-04 7.31853201e-04 1.37427863e-04 4.44533119e-04 1.50022708e-04 5.21480211e-05 1.17466231e-04 6.52183933e-05 2.10354823e-06 4.63355342e-08 2.61951865e-09
 2023 07 23 12 00 00  3.95385050e-03 2.40858712e-03 1.34253220e-03 9.76722802e-04 7.27961428e-04 3.93394225e-04 2.91780096e-04 2.55614822e-04 5.42836453e-04 1.53782310e-04 3.90551933e-03 6.01733699e-03 2.64706072e-04 7.69565379e-05 4.87543389e-05 1.44679636e-04 4.27314197e-05 7.46424426e-05 1.46389299e-04 8.44724360e-05 1.65884078e-04 2.02784518e-04 1.14061481e-04 7.91664727e-05 5.51494122e-06 9.63311322e-06 6.12259246e-06 2.74594303e-05 5.05361786e-06 1.87148527e-05 5.49519286e-05 4.03758138e-05 2.32232545e-05 5.70653683e-05 5.04264899e-05 1.44973892e-05 6.61283449e-05 8.27246751e-05 9.92346904e-06 5.76011660e-05 1.77331016e-04 3.71543196e-05 3.45878270e-04 5.10660063e-04 2.04264025e-05 2.95878537e-04 7.10380147e-05 5.34903025e-05 5.35330966e-04 7.32342667e-04 1.37206755e-04 4.44328304e-04 1.48311330e-04 5.15262427e-05 1.16032731e-04 6.42752015e-05 2.06197731e-06 4.42460802e-08 2.43208298e-09
 2023 07 24 12 00 00  3.95460125e-03 2.40731972e-03 1.34188263e-03 9.76585352e-04 7.28024436e-04 3.93636893e-04 2.91919324e-04 2.55726226e-04 5.43114923e-04 1.53491456e-04 3.90787378e-03 6.02796376e-03 2.64527682e-04 7.66855134e-05 4.86920104e-05 1.44377526e-04 4.26842831e-05 7.45482277e-05 1.45763870e-04 8.39746557e-05 1.65715658e-04 2.02543129e-04 1.13929813e-04 7.89745700e-05 5.51186022e-06 9.65734362e-06 6.11800278e-06 2.74332786e-05 5.04234195e-06 1.86854227e-05 5.48156716e-05 4.03574872e-05 2.31772807e-05 5.69195583e-05 4.97674046e-05 1.44774356e-05 6.58911394e-05 8.24526855e-05 9.94245493e-06 5.71628336e-05 1.76845601e-04 3.67315253e-05 3.44083361e-04 5.04599123e-04 2.01839649e-05 2.93396699e-04 7.07625411e-05 5.26696560e-05 5.32042046e-04 7.28584626e-04 1.35988375e-04 4.40289479e-04 1.44223339e-04 5.00406619e-05 1.12606132e-04 6.20016985e-05 1.96038384e-06 3.90316330e-08 1.96144399e-09
 2023 07 25 12 00 00  3.93260116e-03 2.39212823e-03 1.33232709e-03 9.69481029e-04 7.21731204e-04 3.90944180e-04 2.89203568e-04 2.52716882e-04 5.35253754e-04 1.51241273e-04 3.84484287e-03 5.91109917e-03 2.61250968e-04 7.58158239e-05 4.82005886e-05 1.43702505e-04 4.26213315e-05 7.44226272e-05 1.44502633e-04 8.29754979e-05 1.65292112e-04 2.02223072e-04 1.13619634e-04 7.86962858e-05 5.50773657e-06 9.70573819e-06 6.11071519e-06 2.73580632e-05 5.01981012e-06 1.86136143e-05 5.45813235e-05 4.03330283e-05 2.31162630e-05 5.65837796e-05 4.84497985e-05 1.44457343e-05 6.54283675e-05 8.19509159e-05 9.98029864e-06 5.64497262e-05 1.73872668e-04 3.58837104e-05 3.40264013e-04 4.92479258e-04 1.96991703e-05 2.88336601e-04 7.03988539e-05 5.10245620e-05 5.25888411e-04 7.21051680e-04 1.33643841e-04 4.39380277e-04 1.44958878e-04 5.03084144e-05 1.13225938e-04 6.24390419e-05 1.98182566e-06 4.02780387e-08 2.07773638e-09
 2023 07 26 12 00 00  3.91137502e-03 2.37851653e-03 1.32367889e-03 9.62867774e-04 7.15775435e-04 3.88262028e-04 2.86560093e-04 2.49813730e-04 5.27669020e-04 1.49287791e-04 3.78395245e-03 5.79423755e-03 2.58262399e-04 7.51684275e-05 4.78001840e-05 1.44629777e-04 4.31635417e-05 7.55107321e-05 1.44201015e-04 8.23305571e-05 1.67248811e-04 2.05048637e-04 1.14557607e-04 7.89341210e-05 5.54296312e-06 9.94377770e-06 6.11654177e-06 2.74354369e-05 5.00516217e-06 1.86502535e-05 5.52164846e-05 4.05439845e-05 2.36531545e-05 5.69018263e-05 4.75939072e-05 1.44711055e-05 6.63303054e-05 8.33889213e-05 1.01668564e-05 5.65890078e-05 1.73761058e-04 3.53356096e-05 3.43379951e-04 4.84609672e-04 1.93843869e-05 2.91502622e-04 7.36571033e-05 4.99604910e-05 5.34242329e-04 7.28368224e-04 1.33833166e-04 4.50003147e-04 1.46118844e-04 5.07303192e-05 1.14200905e-04 6.31072846e-05 2.01324017e-06 4.20097798e-08 2.23714380e-09
 2023 07 27 12 00 00  3.89937047e-03 2.37013102e-03 1.31841196e-03 9.58997362e-04 7.12372087e-04 3.86807212e-04 2.85086429e-04 2.48179668e-04 5.23387730e-04 1.48043322e-04 3.74963110e-03 5.73050044e-03 2.56462613e-04 7.46809448e-05 4.75203796e-05 1.44187358e-04 4.31168592e-05 7.54165754e-05 1.43483827e-04 8.17659951e-05 1.66959118e-04 2.04800097e-04 1.14357043e-04 7.87013735e-05 5.53995269e-06 1.00610559e-05 6.10683346e-06 2.73970300e-05 4.99228518e-06 1.86061189e-05 5.50615444e-05 4.05258004e-05 2.36060616e-05 5.66783289e-05 4.68417857e-05 1.44289006e-05 6.60390766e-05 8.30387185e-05 1.02587990e-05 5.59837109e-05 1.71873546e-04 3.48553614e-05 3.39836305e-04 4.77695945e-04 1.91078378e-05 2.88221291e-04 7.33669498e-05 4.90278588e-05 5.30390833e-04 7.23522855e-04 1.32430929e-04 4.46546459e-04 1.42901048e-04 4.95606395e-05 1.11501345e-04 6.12972124e-05 1.93097791e-06 3.76816722e-08 1.84374827e-09
 2023 07 28 12 00 00  3.90867016e-03 2.37544522e-03 1.32184570e-03 9.61796303e-04 7.14984061e-04 3.88046517e-04 2.86270033e-04 2.49466055e-04 5.26726109e-04 1.48770234e-04 3.77647304e-03 5.78363091e-03 2.57672225e-04 7.48702274e-05 4.76814543e-05 1.43407756e-04 4.27459832e-05 7.46725476e-05 1.43300848e-04 8.18694243e-05 1.65584020e-04 2.02870102e-04 1.13661326e-04 7.84970686e-05 5.51584526e-06 1.00277641e-05 6.10324205e-06 2.73321981e-05 4.99441921e-06 1.85627102e-05 5.45748477e-05 4.03815182e-05 2.32392718e-05 5.64217269e-05 4.69677732e-05 1.44132951e-05 6.53201522e-05 8.19676534e-05 1.02326936e-05 5.58102942e-05 1.71330255e-04 3.49414709e-05 3.37908586e-04 4.78861128e-04 1.91544451e-05 2.84794257e-04 7.11432484e-05 4.91939019e-05 5.23113043e-04 7.16734431e-04 1.31588915e-04 4.40702395e-04 1.44162698e-04 5.00194321e-05 1.12561080e-04 6.20179479e-05 1.96446549e-06 3.94988945e-08 2.01032577e-09
 2023 07 29 12 00 00  3.93880277e-03 2.39628025e-03 1.33494877e-03 9.71582050e-04 7.23677753e-04 3.91743180e-04 2.89999478e-04 2.53601904e-04 5.37508419e-04 1.51864028e-04 3.86291249e-03 5.94300330e-03 2.62172509e-04 7.60753891e-05 4.83464024e-05 1.44038896e-04 4.26965038e-05 7.45740137e-05 1.44962574e-04 8.32661288e-05 1.65648697e-04 2.02620694e-04 1.13819256e-04 7.89232087e-05 5.51259473e-06 9.75247385e-06 6.11354772e-06 2.73938180e-05 5.02557887e-06 1.86419105e-05 5.47209168e-05 4.03622980e-05 2.31916682e-05 5.67993158e-05 4.87919489e-05 1.44581412e-05 6.56871555e-05 8.22777837e-05 1.00168814e-05 5.68679676e-05 1.74953215e-04 3.61238286e-05 3.41999124e-04 4.95651441e-04 1.98260577e-05 2.90420028e-04 7.08613486e-05 5.14863466e-05 5.28892079e-04 7.24945331e-04 1.34499970e-04 4.45586992e-04 1.51300071e-04 5.26139765e-05 1.18549576e-04 6.60380787e-05 2.14751558e-06 4.91559746e-08 2.88875377e-09
 2023 07 30 12 00 00  3.93212151e-03 2.39349371e-03 1.33304496e-03 9.69831010e-04 7.21947721e-04 3.90775128e-04 2.89130898e-04 2.52684209e-04 5.35116132e-04 1.51558983e-04 3.84360262e-03 5.90050817e-03 2.61477097e-04 7.61271420e-05 4.82872830e-05 1.43996845e-04 4.26669867e-05 7.45151483e-05 1.45224002e-04 8.35139886e-05 1.65468809e-04 2.02470931e-04 1.13749891e-04 7.88835503e-05 5.51065968e-06 9.63808561e-06 6.11031573e-06 2.73813710e-05 5.03109914e-06 1.86414742e-05 5.47105783e-05 4.03508282e-05 2.31631086e-05 5.67134512e-05 4.91151703e-05 1.44440899e-05 6.56685760e-05 8.22123314e-05 9.92723217e-06 5.67654448e-05 1.74212637e-04 3.63335683e-05 3.40362209e-04 4.98626793e-04 1.99450717e-05 2.90616244e-04 7.06913939e-05 5.18929621e-05 5.29302502e-04 7.25069662e-04 1.34926333e-04 4.43401372e-04 1.48939664e-04 5.17557526e-05 1.16567826e-04 6.46974671e-05 2.08573673e-06 4.58412273e-08 2.58583217e-09
 2023 07 31 12 00 00  3.94600250e-03 2.40287192e-03 1.33895971e-03 9.74277663e-04 7.25913203e-04 3.92495202e-04 2.90851722e-04 2.54585894e-04 5.40077667e-04 1.52936688e-04 3.88341800e-03 5.97488023e-03 2.63510756e-04 7.66363351e-05 4.85787570e-05 1.44837673e-04 4.28925268e-05 7.49680446e-05 1.46105231e-04 8.40806344e-05 1.66476898e-04 2.03649334e-04 1.14316970e-04 7.92281096e-05 5.52530000e-06 9.68934473e-06 6.11588912e-06 2.74694880e-05 5.04396376e-06 1.87108345e-05 5.51073903e-05 4.04385879e-05 2.33869403e-05 5.71265251e-05 4.98669280e-05 1.44683334e-05 6.63416938e-05 8.30832936e-05 9.96741946e-06 5.73948703e-05 1.76768832e-04 3.68150970e-05 3.43920399e-04 5.05539042e-04 2.02215617e-05 2.95613652e-04 7.20523181e-05 5.28277596e-05 5.36853270e-04 7.33691029e-04 1.36805018e-04 4.49383785e-04 1.51135623e-04 5.25539703e-05 1.18409955e-04 6.59312842e-05 2.14171348e-06 4.87790615e-08 2.85267596e-09
 2023 08 01 12 00 00  3.94009798e-03 2.39903809e-03 1.33652646e-03 9.72386246e-04 7.24192352e-04 3.91746140e-04 2.90108956e-04 2.53765980e-04 5.37952322e-04 1.52377802e-04 3.86639558e-03 5.94300032e-03 2.62663316e-04 7.64313425e-05 4.84600555e-05 1.44431391e-04 4.27582709e-05 7.46982696e-05 1.45699714e-04 8.38634733e-05 1.65893892e-04 2.02945936e-04 1.14001772e-04 7.90464824e-05 5.51659323e-06 9.93112553e-06 6.11919750e-06 2.74403020e-05 5.03950723e-06 1.86797389e-05 5.48957033e-05 4.03863436e-05 2.32533828e-05 5.69706097e-05 4.96036664e-05 1.44827165e-05 6.59949262e-05 8.26259173e-05 1.01569887e-05 5.73096590e-05 1.75752957e-04 3.66344786e-05 3.45109120e-04 5.03103365e-04 2.01241346e-05 2.93624949e-04 7.12386798e-05 5.24796196e-05 5.33037774e-04 7.29261216e-04 1.35984165e-04 4.45248165e-04 1.49013631e-04 5.17825769e-05 1.16629422e-04 6.47350567e-05 2.08717826e-06 4.58969168e-08 2.59038195e-09
 2023 08 02 12 00 00  3.92140995e-03 2.38530703e-03 1.32795635e-03 9.66124247e-04 7.18702067e-04 3.89519327e-04 2.87812864e-04 2.51198399e-04 5.31260810e-04 1.50289335e-04 3.81283615e-03 5.84737435e-03 2.59735789e-04 7.55329424e-05 4.79974760e-05 1.44178934e-04 4.28823085e-05 7.49462924e-05 1.44434074e-04 8.27415031e-05 1.66222717e-04 2.03582405e-04 1.14070043e-04 7.88304542e-05 5.52469464e-06 9.91453489e-06 6.11553769e-06 2.74021690e-05 5.01470604e-06 1.86346113e-05 5.49002159e-05 4.04345599e-05 2.33745697e-05 5.67618930e-05 4.81502968e-05 1.44667923e-05 6.58868146e-05 8.26658845e-05 1.01440390e-05 5.66356709e-05 1.73828338e-04 3.56865901e-05 3.42769391e-04 4.89718737e-04 1.95887495e-05 2.90272323e-04 7.19659030e-05 5.06429875e-05 5.30275053e-04 7.24912724e-04 1.33910164e-04 4.44813667e-04 1.45921600e-04 5.06586326e-05 1.14035516e-04 6.29970467e-05 2.00827783e-06 4.17522784e-08 2.21382983e-09
 2023 08 03 12 00 00  3.93051021e-03 2.39317393e-03 1.33277264e-03 9.69393851e-04 7.21431697e-04 3.90499846e-04 2.88893880e-04 2.52433414e-04 5.34499709e-04 1.51544868e-04 3.83871856e-03 5.88986725e-03 2.61346211e-04 7.61559177e-05 4.82735861e-05 1.44451611e-04 4.28647298e-05 7.49103376e-05 1.45451592e-04 8.36190186e-05 1.66211924e-04 2.03483322e-04 1.14148386e-04 7.89304810e-05 5.52358433e-06 9.73280621e-06 6.10767820e-06 2.74322154e-05 5.03471383e-06 1.86733335e-05 5.50028735e-05 4.04276914e-05 2.33559316e-05 5.68487243e-05 4.93189145e-05 1.44325924e-05 6.61050412e-05 8.27980500e-05 1.00016048e-05 5.67220393e-05 1.74718765e-04 3.64329899e-05 3.40575585e-04 5.00461230e-04 2.00184492e-05 2.92919278e-04 7.18466006e-05 5.20924455e-05 5.33842412e-04 7.29192366e-04 1.35666868e-04 4.41869624e-04 1.42036369e-04 4.92463896e-05 1.10776382e-04 6.08148013e-05 1.90931859e-06 3.65621084e-08 1.74249557e-09
 2023 08 04 12 00 00  3.93441274e-03 2.39578731e-03 1.33442125e-03 9.70614502e-04 7.22509366e-04 3.90982120e-04 2.89373265e-04 2.52960570e-04 5.35884435e-04 1.51923839e-04 3.84986415e-03 5.91111258e-03 2.61908575e-04 7.62814224e-05 4.83453940e-05 1.43951725e-04 4.26280312e-05 7.44352466e-05 1.45388474e-04 8.37550149e-05 1.65312751e-04 2.02248950e-04 1.13702385e-04 7.88429474e-05 5.50821023e-06 9.85912411e-06 6.10370844e-06 2.73997502e-05 5.03814881e-06 1.86466652e-05 5.47095229e-05 4.03356011e-05 2.31214100e-05 5.67304150e-05 4.95175482e-05 1.44153033e-05 6.56728302e-05 8.21208460e-05 1.01006583e-05 5.66867057e-05 1.74161625e-04 3.65514337e-05 3.39411355e-04 5.02276637e-04 2.00910655e-05 2.90955975e-04 7.04226084e-05 5.23242110e-05 5.29469953e-04 7.25228121e-04 1.35263161e-04 4.39600249e-04 1.44804156e-04 5.02526967e-05 1.13099894e-04 6.23845024e-05 1.98150459e-06 4.04240851e-08 2.09514823e-09
 2023 08 05 12 00 00  3.94728666e-03 2.40311027e-03 1.33915618e-03 9.74423568e-04 7.26037443e-04 3.92687861e-04 2.91000229e-04 2.54724651e-04 5.40487673e-04 1.52915936e-04 3.88689527e-03 5.98548055e-03 2.63568229e-04 7.65201416e-05 4.85619415e-05 1.45886314e-04 4.33826644e-05 7.59497576e-05 1.46194109e-04 8.38639040e-05 1.68405292e-04 2.06182562e-04 1.15292492e-04 7.95261060e-05 5.55723309e-06 1.02053658e-05 6.11565702e-06 2.75982338e-05 5.04074706e-06 1.87746855e-05 5.57628720e-05 4.06292063e-05 2.38688124e-05 5.76356589e-05 4.96686378e-05 1.44672682e-05 6.73337686e-05 8.44954559e-05 1.03720900e-05 5.76740099e-05 1.78555503e-04 3.66450113e-05 3.47381269e-04 5.03661845e-04 2.01464738e-05 3.00196081e-04 7.49592786e-05 5.25065407e-05 5.46151098e-04 7.42977980e-04 1.37693980e-04 4.56767489e-04 1.49175543e-04 5.18419238e-05 1.16768783e-04 6.48566482e-05 2.09472990e-06 4.64472322e-08 2.64428639e-09
 2023 08 06 12 00 00  3.93927803e-03 2.39756610e-03 1.33566951e-03 9.71833805e-04 7.23744589e-04 3.91709408e-04 2.90011925e-04 2.53628885e-04 5.37625028e-04 1.52093658e-04 3.86395178e-03 5.94298467e-03 2.62372461e-04 7.62013683e-05 4.83865424e-05 1.43963560e-04 4.26542072e-05 7.44876743e-05 1.45099327e-04 8.34935869e-05 1.65465285e-04 2.02384213e-04 1.13756427e-04 7.88498410e-05 5.50991608e-06 9.89613036e-06 6.10562565e-06 2.74040724e-05 5.03245865e-06 1.86441541e-05 5.47143214e-05 4.03457816e-05 2.31471407e-05 5.67694307e-05 4.91835643e-05 1.44236197e-05 6.56733991e-05 8.21635547e-05 1.01296777e-05 5.66899171e-05 1.74667640e-04 3.63313069e-05 3.40248118e-04 4.99197945e-04 1.99679178e-05 2.90546703e-04 7.05778075e-05 5.18981600e-05 5.28920759e-04 7.24835597e-04 1.34791844e-04 4.40746213e-04 1.45829530e-04 5.06256190e-05 1.13961526e-04 6.29733780e-05 2.00906929e-06 4.19349377e-08 2.23401244e-09
 2023 08 07 12 00 00  3.92555168e-03 2.38843756e-03 1.32989819e-03 9.67487136e-04 7.19864662e-04 3.90003076e-04 2.88310895e-04 2.51752712e-04 5.32720914e-04 1.50762961e-04 3.82461308e-03 5.86861968e-03 2.60386124e-04 7.57232136e-05 4.81051947e-05 1.45974644e-04 4.36420320e-05 7.64698081e-05 1.45345295e-04 8.29768716e-05 1.69239591e-04 2.07529282e-04 1.15637010e-04 7.94143370e-05 5.57410458e-06 1.02235943e-05 6.10558054e-06 2.75946039e-05 5.02079529e-06 1.87533969e-05 5.59763977e-05 4.07300948e-05 2.41248286e-05 5.75479751e-05 4.85015829e-05 1.44234378e-05 6.75611814e-05 8.49579965e-05 1.03864244e-05 5.69859302e-05 1.76706509e-04 3.58927675e-05 3.43671616e-04 4.92925174e-04 1.97170069e-05 2.98631483e-04 7.65089237e-05 5.10471698e-05 5.47194067e-04 7.42536238e-04 1.36461731e-04 4.58229453e-04 1.45135821e-04 5.03732957e-05 1.13378412e-04 6.25734445e-05 1.99024887e-06 4.08960645e-08 2.13834994e-09
 2023 08 08 12 00 00  3.92361918e-03 2.38711743e-03 1.32906766e-03 9.66893629e-04 7.19352762e-04 3.89770005e-04 2.88077690e-04 2.51496575e-04 5.32040595e-04 1.50572003e-04 3.81913389e-03 5.85800037e-03 2.60106101e-04 7.56556840e-05 4.80542817e-05 1.44621122e-04 4.30810993e-05 7.53435888e-05 1.44780003e-04 8.29087396e-05 1.67003603e-04 2.04600272e-04 1.14488940e-04 7.88699982e-05 5.53768732e-06 9.66227599e-06 6.10224997e-06 2.74400720e-05 5.01895411e-06 1.86670285e-05 5.51918725e-05 4.05118364e-05 2.35684332e-05 5.68354861e-05 4.83957818e-05 1.44089892e-05 6.63298652e-05 8.32315567e-05 9.94644724e-06 5.62486340e-05 1.74342017e-04 3.58324411e-05 3.38510648e-04 4.91961702e-04 1.96784681e-05 2.92107423e-04 7.31274253e-05 5.09285019e-05 5.34970193e-04 7.29474306e-04 1.34715859e-04 4.42686517e-04 1.38155489e-04 4.78356647e-05 1.07520437e-04 5.86309771e-05 1.81001979e-06 3.13338674e-08 1.26718751e-09
 2023 08 09 12 00 00  3.91614620e-03 2.38257103e-03 1.32615736e-03 9.64653955e-04 7.17329632e-04 3.88812848e-04 2.87148326e-04 2.50483775e-04 5.29380351e-04 1.49939374e-04 3.79775019e-03 5.81551343e-03 2.59099724e-04 7.54802109e-05 4.79274898e-05 1.43152534e-04 4.25151695e-05 7.42079748e-05 1.44120945e-04 8.27700074e-05 1.64706261e-04 2.01652190e-04 1.13300738e-04 7.83127427e-05 5.50091463e-06 9.37662626e-06 6.09090239e-06 2.72900696e-05 5.01553441e-06 1.85691175e-05 5.43908996e-05 4.02916572e-05 2.30082369e-05 5.61321048e-05 4.81976167e-05 1.43596655e-05 6.50691348e-05 8.14320419e-05 9.72251000e-06 5.53739933e-05 1.71136441e-04 3.57123092e-05 3.31738518e-04 4.90148086e-04 1.96059234e-05 2.84864494e-04 6.97286450e-05 5.06938784e-05 5.22199287e-04 7.15868609e-04 1.32757519e-04 4.28152621e-04 1.32647067e-04 4.58333092e-05 1.02898970e-04 5.55307881e-05 1.66901934e-06 2.39073490e-08 5.91964167e-10
 2023 08 10 12 00 00  3.93160000e-03 2.39226976e-03 1.33233833e-03 9.69496090e-04 7.21752874e-04 3.90799357e-04 2.89093832e-04 2.52619316e-04 5.34926260e-04 1.51327039e-04 3.84226912e-03 5.90052232e-03 2.61252693e-04 7.59455389e-05 4.82365436e-05 1.43175431e-04 4.24013851e-05 7.39806390e-05 1.44579406e-04 8.32060585e-05 1.64402086e-04 2.01070361e-04 1.13180688e-04 7.84044056e-05 5.49347460e-06 9.48583911e-06 6.09553426e-06 2.73064071e-05 5.02493349e-06 1.85845433e-05 5.43033412e-05 4.02474281e-05 2.28974008e-05 5.62493331e-05 4.87498619e-05 1.43798505e-05 6.50044497e-05 8.12629516e-05 9.80805926e-06 5.57866904e-05 1.72528437e-04 3.60787235e-05 3.34159866e-04 4.95241749e-04 1.98096700e-05 2.85903668e-04 6.90652407e-05 5.14025625e-05 5.22054199e-04 7.16781209e-04 1.33408683e-04 4.28498257e-04 1.35667230e-04 4.69312863e-05 1.05433717e-04 5.72381962e-05 1.74718098e-06 2.80623539e-08 9.70708847e-10
 2023 08 11 12 00 00  3.93551586e-03 2.39467140e-03 1.33387386e-03 9.70751693e-04 7.22927922e-04 3.91316583e-04 2.89596914e-04 2.53172352e-04 5.36344266e-04 1.51672098e-04 3.85364797e-03 5.92178404e-03 2.61795397e-04 7.60579710e-05 4.82958907e-05 1.43010841e-04 4.22894722e-05 7.37564347e-05 1.44633634e-04 8.33157508e-05 1.63995690e-04 2.00491452e-04 1.12981121e-04 7.83095204e-05 5.48618518e-06 9.63112689e-06 6.10041898e-06 2.72994583e-05 5.02703006e-06 1.85776822e-05 5.41616911e-05 4.02039033e-05 2.27872923e-05 5.61972801e-05 4.88748075e-05 1.44011399e-05 6.48119001e-05 8.09815683e-05 9.92189816e-06 5.58882346e-05 1.72698304e-04 3.61686834e-05 3.36075526e-04 4.96402992e-04 1.98561197e-05 2.85518449e-04 6.84005790e-05 5.15751424e-05 5.20299853e-04 7.14892845e-04 1.33366192e-04 4.24452081e-04 1.32902539e-04 4.59264804e-05 1.03115511e-04 5.56936653e-05 1.67769425e-06 2.44598866e-08 6.44626619e-10
 2023 08 12 12 00 00  3.94173185e-03 2.39910552e-03 1.33665142e-03 9.72840586e-04 7.24792836e-04 3.92076516e-04 2.90371465e-04 2.54036818e-04 5.38580921e-04 1.52343494e-04 3.87155646e-03 5.95366806e-03 2.62752604e-04 7.63468151e-05 4.84545378e-05 1.41951254e-04 4.17741569e-05 7.27221952e-05 1.44613264e-04 8.36619176e-05 1.62013184e-04 1.97804861e-04 1.11997960e-04 7.79497420e-05 5.45271141e-06 9.39198944e-06 6.09507260e-06 2.71977119e-05 5.03446463e-06 1.85207801e-05 5.35039750e-05 4.00034129e-05 2.22768416e-05 5.57330000e-05 4.93118190e-05 1.43779107e-05 6.38317534e-05 7.95076895e-05 9.73436472e-06 5.55144312e-05 1.71379714e-04 3.64593347e-05 3.32375916e-04 5.00434678e-04 2.00173871e-05 2.81173126e-04 6.53017894e-05 5.21371549e-05 5.11009174e-04 7.05708759e-04 1.32620357e-04 4.12326799e-04 1.29185942e-04 4.45757181e-05 9.99991444e-05 5.36173835e-05 1.58428776e-06 1.96175407e-08 2.06320294e-10
 2023 08 13 12 00 00  3.95582018e-03 2.40600340e-03 1.34122350e-03 9.76816089e-04 7.28623517e-04 3.94047063e-04 2.92190450e-04 2.55985602e-04 5.43638816e-04 1.53204979e-04 3.91230830e-03 6.03867322e-03 2.64394630e-04 7.64300014e-05 4.86366331e-05 1.42010362e-04 4.17794916e-05 7.27326260e-05 1.44416075e-04 8.34671897e-05 1.62164611e-04 1.97829697e-04 1.12055416e-04 7.79764639e-05 5.45307048e-06 9.27710280e-06 6.09921299e-06 2.72028383e-05 5.02987932e-06 1.85258503e-05 5.34875108e-05 4.00054734e-05 2.22816365e-05 5.57919274e-05 4.90448554e-05 1.43959391e-05 6.38217872e-05 7.95354840e-05 9.64425417e-06 5.55800141e-05 1.72774055e-04 3.62924999e-05 3.33611276e-04 4.97985255e-04 1.99194102e-05 2.81014152e-04 6.53284427e-05 5.18124085e-05 5.10415427e-04 7.05629754e-04 1.32247132e-04 4.13007104e-04 1.30081125e-04 4.49014877e-05 1.00752798e-04 5.41438032e-05 1.60972976e-06 2.10707608e-08 3.41318440e-10
 2023 08 14 12 00 00  3.95953161e-03 2.40811387e-03 1.34258790e-03 9.77929353e-04 7.29662879e-04 3.94542629e-04 2.92662798e-04 2.56498491e-04 5.44970154e-04 1.53492643e-04 3.92301923e-03 6.05992526e-03 2.64875086e-04 7.64970687e-05 4.86861765e-05 1.42300125e-04 4.18761920e-05 7.29267194e-05 1.44550555e-04 8.35033949e-05 1.62579498e-04 1.98333900e-04 1.12269995e-04 7.80999935e-05 5.45935218e-06 9.41717299e-06 6.10441348e-06 2.72370071e-05 5.03066367e-06 1.85462129e-05 5.36268155e-05 4.00430989e-05 2.23774332e-05 5.59609833e-05 4.90909151e-05 1.44185673e-05 6.40517477e-05 7.98670549e-05 9.75394578e-06 5.58739228e-05 1.73668269e-04 3.63229570e-05 3.36224462e-04 4.98409947e-04 1.99363979e-05 2.82560692e-04 6.59100246e-05 5.18713321e-05 5.12715555e-04 7.08179020e-04 1.32631179e-04 4.16161994e-04 1.31921649e-04 4.55710502e-05 1.02300676e-04 5.52117948e-05 1.66043530e-06 2.39023400e-08 6.02847772e-10
 2023 08 15 12 00 00  3.95991491e-03 2.40890507e-03 1.34304106e-03 9.78169449e-04 7.29823858e-04 3.94547388e-04 2.92697439e-04 2.56549263e-04 5.45103789e-04 1.53640429e-04 3.92406990e-03 6.05992600e-03 2.65017339e-04 7.66011827e-05 4.87219766e-05 1.42545576e-04 4.19491495e-05 7.30720698e-05 1.44812820e-04 8.36753228e-05 1.62860232e-04 1.98702437e-04 1.12428869e-04 7.82451372e-05 5.46414158e-06 9.39488091e-06 6.10775751e-06 2.72587813e-05 5.03463634e-06 1.85661766e-05 5.37511298e-05 4.00714373e-05 2.24477553e-05 5.60830927e-05 4.93226224e-05 1.44331279e-05 6.42522528e-05 8.01352627e-05 9.73642382e-06 5.61436779e-05 1.74164279e-04 3.64696287e-05 3.37549612e-04 5.00538243e-04 2.00215297e-05 2.84089760e-04 6.63271290e-05 5.21564391e-05 5.15031420e-04 7.10830984e-04 1.33213629e-04 4.19956692e-04 1.35239124e-04 4.67774644e-05 1.05087455e-04 5.71089608e-05 1.74871562e-06 2.87026218e-08 1.04311040e-09
 2023 08 16 12 00 00  3.96916105e-03 2.41424465e-03 1.34648456e-03 9.80919431e-04 7.32360847e-04 3.95766443e-04 2.93863391e-04 2.57814719e-04 5.48406889e-04 1.54368776e-04 3.95065347e-03 6.11304604e-03 2.66220811e-04 7.67854643e-05 4.88873266e-05 1.42729437e-04 4.19721764e-05 7.31179840e-05 1.44947791e-04 8.37721978e-05 1.63032770e-04 1.98819103e-04 1.12526143e-04 7.83501394e-05 5.46565207e-06 9.34561467e-06 6.11423675e-06 2.72762197e-05 5.03705560e-06 1.85838711e-05 5.38049264e-05 4.00803838e-05 2.24700067e-05 5.61982816e-05 4.94626816e-05 1.44613121e-05 6.43553364e-05 8.02808921e-05 9.69775065e-06 5.64365193e-05 1.75386921e-04 3.65537737e-05 3.39866395e-04 5.01819080e-04 2.00727632e-05 2.85235017e-04 6.64593943e-05 5.23209455e-05 5.16146676e-04 7.12515874e-04 1.33524673e-04 4.21992860e-04 1.37399020e-04 4.75629575e-05 1.06902114e-04 5.83465773e-05 1.80646418e-06 3.18544700e-08 1.33247324e-09
 2023 08 17 12 00 00  3.96538058e-03 2.41198294e-03 1.34503140e-03 9.79758311e-04 7.31288469e-04 3.95273392e-04 2.93384762e-04 2.57291153e-04 5.47046690e-04 1.54051524e-04 3.93975425e-03 6.09179549e-03 2.65710276e-04 7.66863761e-05 4.88170044e-05 1.42211124e-04 4.17867355e-05 7.27448962e-05 1.44665810e-04 8.36915628e-05 1.62257240e-04 1.97842400e-04 1.12125659e-04 7.80914951e-05 5.45364819e-06 9.31416944e-06 6.10882053e-06 2.72287275e-05 5.03553529e-06 1.85491449e-05 5.35372455e-05 4.00081975e-05 2.22846822e-05 5.59270454e-05 4.93719708e-05 1.44377496e-05 6.39251982e-05 7.96624910e-05 9.67310407e-06 5.60153870e-05 1.74129899e-04 3.64878215e-05 3.37300351e-04 5.00975248e-04 2.00390099e-05 2.82631678e-04 6.53261610e-05 5.21945534e-05 5.11725181e-04 7.07461624e-04 1.32785868e-04 4.14152169e-04 1.31527593e-04 4.54289191e-05 1.01978044e-04 5.50589737e-05 1.65806057e-06 2.41225898e-08 6.31631059e-10
 2023 08 18 12 00 00  3.95772515e-03 2.40725760e-03 1.34201162e-03 9.77381969e-04 7.29112399e-04 3.94285427e-04 2.92420273e-04 2.56234086e-04 5.44298761e-04 1.53380681e-04 3.91770758e-03 6.04929440e-03 2.64656224e-04 7.64673516e-05 4.86659743e-05 1.41373406e-04 4.14816081e-05 7.21321499e-05 1.44139360e-04 8.34966428e-05 1.60983295e-04 1.96247824e-04 1.11459026e-04 7.77746684e-05 5.43384376e-06 9.20753810e-06 6.10665593e-06 2.71423066e-05 5.03144765e-06 1.84906218e-05 5.30929802e-05 3.98894626e-05 2.19818103e-05 5.55278098e-05 4.91310318e-05 1.44283229e-05 6.32075901e-05 7.86701544e-05 9.58953533e-06 5.56009037e-05 1.72151716e-04 3.63249681e-05 3.34829247e-04 4.98749119e-04 1.99499647e-05 2.78477910e-04 6.34843891e-05 5.18801680e-05 5.04302664e-04 6.99320639e-04 1.31495388e-04 4.06573400e-04 1.28997998e-04 4.45095744e-05 9.98570926e-05 5.36468579e-05 1.59460318e-06 2.08382051e-08 3.34481864e-10
 2023 08 19 12 00 00  3.93689633e-03 2.39461547e-03 1.33391501e-03 9.71004179e-04 7.23270440e-04 3.91585248e-04 2.89799147e-04 2.53369894e-04 5.36838062e-04 1.51605670e-04 3.85778643e-03 5.93242235e-03 2.61832546e-04 7.59297252e-05 4.82782777e-05 1.40436138e-04 4.12356632e-05 7.16379785e-05 1.43361244e-04 8.30572098e-05 1.59827045e-04 1.94959461e-04 1.10828842e-04 7.74613164e-05 5.41789341e-06 9.23740154e-06 6.09353519e-06 2.70509315e-05 5.02182011e-06 1.84153874e-05 5.26894912e-05 3.97937547e-05 2.17371780e-05 5.51017997e-05 4.85663360e-05 1.43712386e-05 6.25171092e-05 7.77186663e-05 9.61299229e-06 5.48947428e-05 1.68671878e-04 3.59544298e-05 3.29061615e-04 4.93545802e-04 1.97418321e-05 2.73231233e-04 6.19942031e-05 5.11626713e-05 4.96708739e-04 6.90695643e-04 1.29774462e-04 4.02267731e-04 1.29544847e-04 4.47084680e-05 1.00316660e-04 5.39612571e-05 1.60934202e-06 2.16476707e-08 4.08920098e-10
 2023 08 20 12 00 00  3.91181498e-03 2.37861753e-03 1.32374241e-03 9.63182121e-04 7.16202742e-04 3.88403864e-04 2.86667866e-04 2.49931337e-04 5.27866061e-04 1.49311657e-04 3.78577014e-03 5.79430759e-03 2.58310341e-04 7.51607303e-05 4.77829702e-05 1.39980012e-04 4.12436202e-05 7.16540148e-05 1.42444643e-04 8.23075417e-05 1.59642600e-04 1.95001714e-04 1.10665765e-04 7.72139801e-05 5.41840709e-06 9.20567618e-06 6.08483278e-06 2.69919674e-05 5.00504684e-06 1.83617029e-05 5.25829058e-05 3.97968513e-05 2.17451874e-05 5.47949339e-05 4.75847017e-05 1.43333615e-05 6.22530115e-05 7.74624485e-05 9.58807941e-06 5.41815376e-05 1.65718737e-04 3.53194191e-05 3.24761163e-04 4.84512107e-04 1.93804843e-05 2.69583092e-04 6.20434701e-05 4.99312009e-05 4.93100359e-04 6.85520680e-04 1.28143162e-04 4.00299506e-04 1.27023097e-04 4.37920367e-05 9.82027224e-05 5.25573048e-05 1.54650455e-06 1.84146991e-08 1.16921584e-10
 2023 08 21 12 00 00  3.90048107e-03 2.36891181e-03 1.31779225e-03 9.59112733e-04 7.12787099e-04 3.87173962e-04 2.85315800e-04 2.48387203e-04 5.23823007e-04 1.47764115e-04 3.75349215e-03 5.74118868e-03 2.56314702e-04 7.43927967e-05 4.74476905e-05 1.40133089e-04 4.15249611e-05 7.22192111e-05 1.41401136e-04 8.12268525e-05 1.60674101e-04 1.96474394e-04 1.11091873e-04 7.72085316e-05 5.43665701e-06 9.32366747e-06 6.07638831e-06 2.70036520e-05 4.98075133e-06 1.83436812e-05 5.28116748e-05 3.99063341e-05 2.20248461e-05 5.48461757e-05 4.61635063e-05 1.42966252e-05 6.25189873e-05 7.79988184e-05 9.68054519e-06 5.36632746e-05 1.64908210e-04 3.44030443e-05 3.22303993e-04 4.71436965e-04 1.88574786e-05 2.67986933e-04 6.37460849e-05 4.81534778e-05 4.93908744e-04 6.85585408e-04 1.26581889e-04 4.06191417e-04 1.28431851e-04 4.43043475e-05 9.93862028e-05 5.33636286e-05 1.58407066e-06 2.04607336e-08 3.04658343e-10
 2023 08 22 12 00 00  3.90913605e-03 2.37292121e-03 1.32047639e-03 9.61501655e-04 7.15114015e-04 3.88402726e-04 2.86438183e-04 2.49584143e-04 5.26930056e-04 1.48245787e-04 3.77854234e-03 5.79431579e-03 2.57285619e-04 7.44073016e-05 4.75573493e-05 1.41104262e-04 4.19407210e-05 7.30536296e-05 1.41561518e-04 8.10373458e-05 1.62396629e-04 1.98641744e-04 1.11953177e-04 7.75213501e-05 5.46366537e-06 9.39489910e-06 6.07979055e-06 2.70988641e-05 4.97638430e-06 1.84033565e-05 5.33541493e-05 4.00680932e-05 2.24366464e-05 5.52794181e-05 4.59086907e-05 1.43114419e-05 6.33612328e-05 7.92400989e-05 9.73634960e-06 5.39636803e-05 1.67250785e-04 3.42414656e-05 3.25122331e-04 4.69096032e-04 1.87638413e-05 2.71986052e-04 6.62458187e-05 4.78394621e-05 5.01932928e-04 6.94103707e-04 1.27369430e-04 4.14698125e-04 1.29666169e-04 4.47533243e-05 1.00423866e-04 5.40764191e-05 1.61769075e-06 2.23221996e-08 4.76203699e-10
 2023 08 23 12 00 00  3.89285405e-03 2.36401436e-03 1.31468146e-03 9.56779002e-04 7.10710329e-04 3.86220189e-04 2.84375437e-04 2.47356810e-04 5.21111721e-04 1.47066343e-04 3.73171243e-03 5.69870397e-03 2.55246955e-04 7.41749731e-05 4.73134451e-05 1.41109650e-04 4.19970980e-05 7.31668551e-05 1.41574357e-04 8.10117985e-05 1.62470155e-04 1.98936376e-04 1.11986829e-04 7.74608809e-05 5.46732481e-06 9.31157556e-06 6.07769944e-06 2.70843959e-05 4.97553847e-06 1.83967186e-05 5.34131750e-05 4.00900317e-05 2.24926102e-05 5.51703030e-05 4.58608934e-05 1.43023644e-05 6.34161841e-05 7.93424713e-05 9.67098604e-06 5.37688247e-05 1.65838188e-04 3.42175656e-05 3.23641714e-04 4.68665026e-04 1.87466011e-05 2.71906733e-04 6.65861240e-05 4.77916677e-05 5.02804124e-04 6.94101978e-04 1.27460620e-04 4.13624576e-04 1.26818783e-04 4.37187055e-05 9.80380541e-05 5.25006588e-05 1.54779962e-06 1.87751112e-08 1.57100288e-10
 2023 08 24 12 00 00  3.88809105e-03 2.36236514e-03 1.31350930e-03 9.55630856e-04 7.09546752e-04 3.85506785e-04 2.83753387e-04 2.46709402e-04 5.19414501e-04 1.46922096e-04 3.71797008e-03 5.66683859e-03 2.54811374e-04 7.42805556e-05 4.72927295e-05 1.40670424e-04 4.17932257e-05 7.27580453e-05 1.41749325e-04 8.13037157e-05 1.61619977e-04 1.97877594e-04 1.11577427e-04 7.73066140e-05 5.45406401e-06 9.22204126e-06 6.07059337e-06 2.70405947e-05 4.98179725e-06 1.83727974e-05 5.31689518e-05 4.00107238e-05 2.22913368e-05 5.49473951e-05 4.62288677e-05 1.42714620e-05 6.30499216e-05 7.87539390e-05 9.60072066e-06 5.35170654e-05 1.64532284e-04 3.44625820e-05 3.20487118e-04 4.72060100e-04 1.88824040e-05 2.70295685e-04 6.53676805e-05 4.82653879e-05 4.99700329e-04 6.90823519e-04 1.27465514e-04 4.08213339e-04 1.24419886e-04 4.28472129e-05 9.60291909e-05 5.11831455e-05 1.49004120e-06 1.58962536e-08 1.00000000e-10
 2023 08 25 12 00 00  3.90077370e-03 2.36915313e-03 1.31794103e-03 9.59331886e-04 7.13043215e-04 3.87231934e-04 2.85375650e-04 2.48460623e-04 5.23963853e-04 1.47816535e-04 3.75458848e-03 5.74121736e-03 2.56383227e-04 7.44453758e-05 4.74647277e-05 1.39763386e-04 4.14042792e-05 7.19777541e-05 1.41421238e-04 8.12996121e-05 1.60201336e-04 1.95853437e-04 1.10852487e-04 7.69652752e-05 5.42878297e-06 9.10676026e-06 6.05564383e-06 2.69675414e-05 4.98157242e-06 1.83197776e-05 5.26407908e-05 3.98594100e-05 2.19066555e-05 5.45930595e-05 4.62165044e-05 1.42064193e-05 6.22618266e-05 7.75614355e-05 9.51023831e-06 5.28558104e-05 1.63782301e-04 3.44579981e-05 3.14714991e-04 4.71950580e-04 1.88780232e-05 2.65720632e-04 6.30353868e-05 4.82557894e-05 4.91404942e-04 6.82741633e-04 1.26266633e-04 3.97272405e-04 1.19294427e-04 4.09847231e-05 9.17337233e-05 4.83391932e-05 1.36339540e-06 9.86193101e-09 1.00000000e-10
 2023 08 26 12 00 00  3.89950235e-03 2.36928547e-03 1.31794022e-03 9.59144611e-04 7.12777758e-04 3.86993603e-04 2.85194228e-04 2.48284029e-04 5.23505523e-04 1.47895329e-04 3.75085105e-03 5.73059358e-03 2.56358785e-04 7.45679639e-05 4.74856808e-05 1.38012551e-04 4.06221312e-05 7.04092265e-05 1.41017158e-04 8.15439911e-05 1.57113769e-04 1.91789587e-04 1.09295699e-04 7.64583010e-05 5.37791639e-06 9.14220363e-06 6.05104797e-06 2.68113374e-05 4.98711306e-06 1.82146482e-05 5.16154664e-05 3.95551557e-05 2.11341729e-05 5.39309901e-05 4.65403253e-05 1.41863973e-05 6.07042016e-05 7.52645244e-05 9.53782364e-06 5.24789434e-05 1.60801322e-04 3.46656074e-05 3.11168276e-04 4.74928260e-04 1.89971304e-05 2.58351869e-04 5.83574176e-05 4.86587873e-05 4.76054631e-04 6.67347198e-04 1.24571358e-04 3.83600590e-04 1.20082658e-04 4.12721949e-05 9.24018083e-05 4.88413927e-05 1.39012303e-06 1.11307244e-08 1.00000000e-10
 2023 08 27 12 00 00  3.87892929e-03 2.35719190e-03 1.31015838e-03 9.52927756e-04 7.07039241e-04 3.84292541e-04 2.82594751e-04 2.45452941e-04 5.16134599e-04 1.46223102e-04 3.69161722e-03 5.61372004e-03 2.53634011e-04 7.41086289e-05 4.71322373e-05 1.37875143e-04 4.06756415e-05 7.05185870e-05 1.40656526e-04 8.12284590e-05 1.57160978e-04 1.92090189e-04 1.09290144e-04 7.63985285e-05 5.38130043e-06 9.22905456e-06 6.04636989e-06 2.67884649e-05 4.98024528e-06 1.81905802e-05 5.16441021e-05 3.95760580e-05 2.11907391e-05 5.38237179e-05 4.61372314e-05 1.41659883e-05 6.06881147e-05 7.52916029e-05 9.60573234e-06 5.22170810e-05 1.58777557e-04 3.43999243e-05 3.09208634e-04 4.71212552e-04 1.88485021e-05 2.57168675e-04 5.87187300e-05 4.81445633e-05 4.75596381e-04 6.66018814e-04 1.24037232e-04 3.85159157e-04 1.20853421e-04 4.15533827e-05 9.30557120e-05 4.93378476e-05 1.41686061e-06 1.28528235e-08 1.00000000e-10
 2023 08 28 12 00 00  3.86678468e-03 2.34874110e-03 1.30484708e-03 9.48946391e-04 7.03493402e-04 3.82802814e-04 2.81087642e-04 2.43778479e-04 5.11779409e-04 1.44961620e-04 3.65672918e-03 5.54996580e-03 2.51806308e-04 7.36051926e-05 4.68632965e-05 1.39004873e-04 4.12864028e-05 7.17464834e-05 1.40461980e-04 8.06349155e-05 1.59487804e-04 1.95297409e-04 1.10425080e-04 7.67130099e-05 5.42087582e-06 9.12769974e-06 6.04544839e-06 2.68721975e-05 4.96728790e-06 1.82427874e-05 5.23987579e-05 3.98137752e-05 2.17995286e-05 5.41981270e-05 4.53769026e-05 1.41619224e-05 6.17757010e-05 7.69650234e-05 9.52610571e-06 5.21893228e-05 1.59557107e-04 3.38998216e-05 3.09493495e-04 4.64205111e-04 1.85682044e-05 2.61052777e-04 6.24335662e-05 4.71764302e-05 4.85753293e-04 6.75660818e-04 1.24502739e-04 3.96717107e-04 1.21383367e-04 4.17469439e-05 9.35069311e-05 4.96932676e-05 1.43681838e-06 1.41902689e-08 1.00000000e-10
 2023 08 29 12 00 00  3.86785347e-03 2.34828536e-03 1.30465810e-03 9.48993283e-04 7.03633563e-04 3.83026026e-04 2.81241398e-04 2.43917386e-04 5.12152659e-04 1.44819358e-04 3.65983040e-03 5.56058213e-03 2.51763389e-04 7.34322213e-05 4.68339969e-05 1.38785091e-04 4.12414724e-05 7.16584036e-05 1.40018617e-04 8.03057977e-05 1.59345243e-04 1.95086281e-04 1.10322647e-04 7.66298888e-05 5.41785885e-06 9.15861965e-06 6.04242814e-06 2.68519917e-05 4.96025132e-06 1.82214741e-05 5.23042060e-05 3.97963828e-05 2.17588284e-05 5.41290460e-05 4.49630577e-05 1.41487340e-05 6.16101169e-05 7.67654007e-05 9.55020369e-06 5.19716924e-05 1.59254956e-04 3.36237397e-05 3.08362472e-04 4.60386151e-04 1.84154460e-05 2.59400106e-04 6.22056483e-05 4.66427504e-05 4.83418781e-04 6.73286232e-04 1.23675509e-04 3.95891879e-04 1.21379091e-04 4.17461504e-05 9.35088152e-05 4.97381516e-05 1.44199823e-06 1.46999373e-08 1.00000000e-10
 2023 08 30 12 00 00  3.88273370e-03 2.35708434e-03 1.31031354e-03 9.53443480e-04 7.07705535e-04 3.84964494e-04 2.83108174e-04 2.45947817e-04 5.17463422e-04 1.46031959e-04 3.70254163e-03 5.64556904e-03 2.53732011e-04 7.37473410e-05 4.70727692e-05 1.38333739e-04 4.09659900e-05 7.11072644e-05 1.40029141e-04 8.05205316e-05 1.58404109e-04 1.93669437e-04 1.09864141e-04 7.64884503e-05 5.39988105e-06 9.14984921e-06 6.04386514e-06 2.68185589e-05 4.96546563e-06 1.82026601e-05 5.19767984e-05 3.96892778e-05 2.14891392e-05 5.40010831e-05 4.52657288e-05 1.41549230e-05 6.11468742e-05 7.60523319e-05 9.54321004e-06 5.19867535e-05 1.59801252e-04 3.38090264e-05 3.08630333e-04 4.63158358e-04 1.85263343e-05 2.57842342e-04 6.05845009e-05 4.70042432e-05 4.78867907e-04 6.69235809e-04 1.23384797e-04 3.89535449e-04 1.19418525e-04 4.10342562e-05 9.18695900e-05 4.86836619e-05 1.39728523e-06 1.25899447e-08 1.00000000e-10
 2023 08 31 12 00 00  3.86971933e-03 2.34962878e-03 1.30549606e-03 9.49526318e-04 7.04054725e-04 3.83235213e-04 2.81453335e-04 2.44148118e-04 5.12789594e-04 1.45010633e-04 3.66499351e-03 5.57118915e-03 2.52034674e-04 7.34807213e-05 4.68594916e-05 1.37406839e-04 4.06354346e-05 7.04451289e-05 1.39513598e-04 8.03638482e-05 1.56996647e-04 1.91960280e-04 1.09131798e-04 7.61817113e-05 5.37834785e-06 9.14695047e-06 6.03872868e-06 2.67259163e-05 4.96239882e-06 1.81363301e-05 5.15095498e-05 3.95607232e-05 2.11640392e-05 5.35910472e-05 4.50835360e-05 1.41325072e-05 6.03887855e-05 7.49807353e-05 9.54084026e-06 5.15643220e-05 1.57154452e-04 3.36799334e-05 3.05413048e-04 4.61467649e-04 1.84587060e-05 2.53396693e-04 5.86226874e-05 4.67562088e-05 4.71095333e-04 6.60784821e-04 1.22099687e-04 3.83091753e-04 1.18915700e-04 4.08523054e-05 9.14536693e-05 4.84520720e-05 1.39016342e-06 1.24722796e-08 1.00000000e-10
 2023 09 01 12 00 00  3.87482046e-03 2.35198837e-03 1.30707479e-03 9.50885205e-04 7.05355961e-04 3.83950882e-04 2.82104823e-04 2.44839199e-04 5.14603550e-04 1.45287364e-04 3.67965262e-03 5.60305491e-03 2.52597224e-04 7.34741468e-05 4.69275926e-05 1.36987021e-04 4.04521008e-05 7.00785313e-05 1.39175458e-04 8.02260009e-05 1.56334010e-04 1.91019427e-04 1.08782338e-04 7.60037179e-05 5.36637526e-06 9.28339723e-06 6.04078050e-06 2.66954473e-05 4.95971908e-06 1.81089460e-05 5.12521688e-05 3.94894538e-05 2.09848979e-05 5.34526334e-05 4.49241983e-05 1.41413766e-05 5.99959486e-05 7.44338186e-05 9.64774226e-06 5.14682608e-05 1.56985477e-04 3.35665100e-05 3.06124723e-04 4.59988324e-04 1.83995330e-05 2.51381951e-04 5.75475744e-05 4.65383870e-05 4.66799699e-04 6.56420680e-04 1.21317714e-04 3.77742007e-04 1.16212784e-04 3.98705613e-05 8.91916447e-05 4.69798892e-05 1.32646096e-06 9.70916290e-09 1.00000000e-10
 2023 09 02 12 00 00  3.86978426e-03 2.34996509e-03 1.30568095e-03 9.49542692e-04 7.04002022e-04 3.83207332e-04 2.81439909e-04 2.44135532e-04 5.12786110e-04 1.45068162e-04 3.66500314e-03 5.57117537e-03 2.52078371e-04 7.35037007e-05 4.68608745e-05 1.35601692e-04 3.98521050e-05 6.88754662e-05 1.38845976e-04 8.04161304e-05 1.53925985e-04 1.87903890e-04 1.07571938e-04 7.55341922e-05 5.32734666e-06 9.21664105e-06 6.03474764e-06 2.65652948e-05 4.96433095e-06 1.80241874e-05 5.04662962e-05 3.92560614e-05 2.03926291e-05 5.28592866e-05 4.51919273e-05 1.41150565e-05 5.87851462e-05 7.26484678e-05 9.59531899e-06 5.09807930e-05 1.54225231e-04 3.37305304e-05 3.02069884e-04 4.62440657e-04 1.84976263e-05 2.45487437e-04 5.39624947e-05 4.68583487e-05 4.54962804e-04 6.44050699e-04 1.20006631e-04 3.64105759e-04 1.12551437e-04 3.85407026e-05 8.61275282e-05 4.49857813e-05 1.24018104e-06 6.87959698e-09 1.00000000e-10
 2023 09 03 12 00 00  3.88174517e-03 2.35543177e-03 1.30934921e-03 9.52770984e-04 7.07128238e-04 3.84899795e-04 2.82980816e-04 2.45773315e-04 5.17061603e-04 1.45711276e-04 3.69950237e-03 5.64554036e-03 2.53398442e-04 7.34937785e-05 4.70063526e-05 1.34866801e-04 3.95364041e-05 6.82441751e-05 1.38204255e-04 8.01066810e-05 1.52816819e-04 1.86283586e-04 1.06977004e-04 7.52762777e-05 5.30672914e-06 9.51347683e-06 6.03698209e-06 2.65175422e-05 4.95767781e-06 1.79754964e-05 5.00104893e-05 3.91333277e-05 2.00841227e-05 5.26725616e-05 4.48008592e-05 1.41247001e-05 5.81001527e-05 7.16961549e-05 9.82787169e-06 5.08573874e-05 1.54157482e-04 3.34706332e-05 3.03215715e-04 4.58833126e-04 1.83533250e-05 2.41767393e-04 5.21108857e-05 4.63557721e-05 4.47224559e-04 6.36527084e-04 1.18498985e-04 3.57397132e-04 1.11311132e-04 3.80910740e-05 8.50957730e-05 4.43641824e-05 1.21698333e-06 6.29768948e-09 1.00000000e-10
 2023 09 04 12 00 00  3.87879810e-03 2.35493631e-03 1.30890982e-03 9.52135227e-04 7.06399392e-04 3.84407185e-04 2.82574482e-04 2.45359189e-04 5.15995339e-04 1.45725202e-04 3.69085845e-03 5.62428683e-03 2.53207338e-04 7.36331592e-05 4.70108165e-05 1.36056917e-04 3.99731798e-05 6.91241410e-05 1.38958431e-04 8.04247451e-05 1.54537088e-04 1.88597584e-04 1.07883533e-04 7.57115465e-05 5.33494458e-06 9.28710360e-06 6.04944580e-06 2.66010359e-05 4.96502689e-06 1.80535971e-05 5.06630111e-05 3.93034134e-05 2.05228484e-05 5.30993052e-05 4.52295353e-05 1.41788492e-05 5.91052974e-05 7.31474786e-05 9.65017389e-06 5.15353945e-05 1.56041834e-04 3.37419799e-05 3.07550424e-04 4.62770740e-04 1.85108296e-05 2.48010265e-04 5.48047828e-05 4.68832121e-05 4.58202171e-04 6.47828582e-04 1.20519296e-04 3.68036203e-04 1.14420909e-04 3.92231834e-05 8.77168814e-05 4.62187034e-05 1.30825108e-06 9.82435466e-09 1.00000000e-10
 2023 09 05 12 00 00  3.89925768e-03 2.36686585e-03 1.31659458e-03 9.58271672e-04 7.12061286e-04 3.87097283e-04 2.85156875e-04 2.48167487e-04 5.23316589e-04 1.47364679e-04 3.74972197e-03 5.74115478e-03 2.55896173e-04 7.40630252e-05 4.73540608e-05 1.37447843e-04 4.04586463e-05 7.01016746e-05 1.39735599e-04 8.06952303e-05 1.56662820e-04 1.91163765e-04 1.08992115e-04 7.62543948e-05 5.36632942e-06 9.42589686e-06 6.05437308e-06 2.67432645e-05 4.97116089e-06 1.81513055e-05 5.13848720e-05 3.94924282e-05 2.10095313e-05 5.37954609e-05 4.55880421e-05 1.42002245e-05 6.02782524e-05 7.47715729e-05 9.75874791e-06 5.22703736e-05 1.60007449e-04 3.39717837e-05 3.12086905e-04 4.66067263e-04 1.86426905e-05 2.54872002e-04 5.77884493e-05 4.73293097e-05 4.70093222e-04 6.61249568e-04 1.22522884e-04 3.80607125e-04 1.18960640e-04 4.08747586e-05 9.15352903e-05 4.88572860e-05 1.43380348e-06 1.66734942e-08 6.49936105e-11
 2023 09 06 12 00 00  3.90792506e-03 2.37371957e-03 1.32083356e-03 9.61280856e-04 7.14651623e-04 3.88090757e-04 2.86209620e-04 2.49356098e-04 5.26416220e-04 1.48433086e-04 3.77451368e-03 5.78365549e-03 2.57332027e-04 7.45604882e-05 4.75924433e-05 1.38611341e-04 4.08251974e-05 7.08407315e-05 1.40862703e-04 8.13568942e-05 1.58206121e-04 1.93111992e-04 1.09838061e-04 7.67116377e-05 5.38998102e-06 9.26799330e-06 6.05674759e-06 2.68428335e-05 4.98595946e-06 1.82382871e-05 5.19908167e-05 3.96351854e-05 2.13787513e-05 5.42788534e-05 4.64541488e-05 1.42104982e-05 6.12630735e-05 7.60814096e-05 9.63476850e-06 5.28705532e-05 1.62520018e-04 3.45322042e-05 3.14097629e-04 4.74037997e-04 1.89615199e-05 2.61350804e-04 6.00607018e-05 4.84160846e-05 4.81116617e-04 6.73380484e-04 1.25009599e-04 3.89683623e-04 1.21546030e-04 4.18158068e-05 9.37132601e-05 5.03891566e-05 1.50857041e-06 2.09960483e-08 4.67755701e-10
 2023 09 07 12 00 00  3.92811275e-03 2.38783157e-03 1.32969565e-03 9.67865357e-04 7.20483051e-04 3.90553813e-04 2.88703336e-04 2.52124920e-04 5.33637391e-04 1.50536784e-04 3.83239828e-03 5.88990301e-03 2.60371049e-04 7.53886462e-05 4.80358789e-05 1.39070361e-04 4.07746149e-05 7.07420870e-05 1.42012325e-04 8.23356851e-05 1.58202087e-04 1.92879989e-04 1.09921722e-04 7.70587048e-05 5.38655986e-06 9.39025995e-06 6.07222137e-06 2.68973411e-05 5.00786446e-06 1.82934844e-05 5.20812829e-05 3.96156305e-05 2.13338688e-05 5.46315786e-05 4.77361056e-05 1.42777892e-05 6.15135405e-05 7.63036260e-05 9.73051938e-06 5.39689044e-05 1.65213279e-04 3.53613461e-05 3.20644251e-04 4.85835301e-04 1.94334121e-05 2.65767199e-04 5.98145067e-05 5.00240596e-05 4.85067869e-04 6.79108798e-04 1.27083886e-04 3.95157798e-04 1.29538961e-04 4.47221646e-05 1.00425369e-04 5.49411196e-05 1.71914746e-06 3.23549692e-08 1.50730628e-09
 2023 09 08 12 00 00  3.93033372e-03 2.38960350e-03 1.33078938e-03 9.68654345e-04 7.21169648e-04 3.90811756e-04 2.88975932e-04 2.52433260e-04 5.34434280e-04 1.50815208e-04 3.83878517e-03 5.90053350e-03 2.60742651e-04 7.55221503e-05 4.81031577e-05 1.39169240e-04 4.07588755e-05 7.07121042e-05 1.42212534e-04 8.25113733e-05 1.58173134e-04 1.92815622e-04 1.09920185e-04 7.71396107e-05 5.38546155e-06 9.41018880e-06 6.08088412e-06 2.69028006e-05 5.01181567e-06 1.83035622e-05 5.20920388e-05 3.96095711e-05 2.13211897e-05 5.46992151e-05 4.79672075e-05 1.43154684e-05 6.15478580e-05 7.63529325e-05 9.74616632e-06 5.43315238e-05 1.65751250e-04 3.55103315e-05 3.23532858e-04 4.87961403e-04 1.95184561e-05 2.66809406e-04 5.97522012e-05 5.03130897e-05 4.85777422e-04 6.80120712e-04 1.27488236e-04 3.96998383e-04 1.32216281e-04 4.56958669e-05 1.02675010e-04 5.64774667e-05 1.79098174e-06 3.62863688e-08 1.86850180e-09
 2023 09 09 12 00 00  3.93610187e-03 2.39320053e-03 1.33308327e-03 9.70450184e-04 7.22809291e-04 3.91554512e-04 2.89701368e-04 2.53228372e-04 5.36501414e-04 1.51327397e-04 3.85539116e-03 5.93241081e-03 2.61540821e-04 7.56888966e-05 4.82176866e-05 1.39125065e-04 4.06831299e-05 7.05619110e-05 1.42336553e-04 8.26622068e-05 1.57940699e-04 1.92440788e-04 1.09813307e-04 7.71372798e-05 5.38045606e-06 9.42863626e-06 6.08624359e-06 2.68988988e-05 5.01516442e-06 1.83051723e-05 5.20176776e-05 3.95801821e-05 2.12494648e-05 5.47057447e-05 4.81633702e-05 1.43387661e-05 6.14571338e-05 7.62125807e-05 9.76062001e-06 5.45271042e-05 1.66273945e-04 3.56378820e-05 3.25328739e-04 4.89767453e-04 1.95906981e-05 2.67046377e-04 5.93334029e-05 5.05603093e-05 4.85107457e-04 6.79731047e-04 1.27650999e-04 3.95829770e-04 1.32315823e-04 4.57326230e-05 1.02762628e-04 5.65690270e-05 1.79750436e-06 3.68078915e-08 1.92043270e-09
 2023 09 10 12 00 00  3.93409993e-03 2.39179812e-03 1.33220216e-03 9.69803282e-04 7.22240687e-04 3.91312933e-04 2.89455671e-04 2.52955510e-04 5.35786260e-04 1.51118754e-04 3.84966820e-03 5.92178740e-03 2.61239260e-04 7.56044268e-05 4.81685644e-05 1.38866396e-04 4.05911851e-05 7.03788828e-05 1.42136765e-04 8.25641095e-05 1.57575760e-04 1.91978046e-04 1.09616187e-04 7.70756756e-05 5.37441265e-06 9.53707204e-06 6.08523878e-06 2.68782239e-05 5.01300019e-06 1.82852929e-05 5.18840787e-05 3.95444717e-05 2.11611245e-05 5.46344098e-05 4.80365270e-05 1.43343714e-05 6.12470772e-05 7.59188278e-05 9.84552244e-06 5.44744901e-05 1.65683793e-04 3.55550495e-05 3.25012613e-04 4.88599180e-04 1.95439672e-05 2.65754636e-04 5.88108785e-05 5.03998366e-05 4.82775219e-04 6.77365085e-04 1.27192090e-04 3.95276192e-04 1.33787100e-04 4.62680993e-05 1.04001701e-04 5.74377092e-05 1.83970950e-06 3.92343480e-08 2.14620854e-09
 2023 09 11 12 00 00  3.94207563e-03 2.39723244e-03 1.33562559e-03 9.72373063e-04 7.24530457e-04 3.92298591e-04 2.90444316e-04 2.54049386e-04 5.38638246e-04 1.51920384e-04 3.87255165e-03 5.96428700e-03 2.62415925e-04 7.59061654e-05 4.83387717e-05 1.40608634e-04 4.12101625e-05 7.16230483e-05 1.43100056e-04 8.29051307e-05 1.60103706e-04 1.95225698e-04 1.10935709e-04 7.77732562e-05 5.41453264e-06 9.88798929e-06 6.10775242e-06 2.70488031e-05 5.02071343e-06 1.84036296e-05 5.27900498e-05 3.97853786e-05 2.17776527e-05 5.54761468e-05 4.84874268e-05 1.44322912e-05 6.26902260e-05 7.79874635e-05 1.01203987e-05 5.58365937e-05 1.69611859e-04 3.58445977e-05 3.35768398e-04 4.92746073e-04 1.97098429e-05 2.74941533e-04 6.25707267e-05 5.09617908e-05 4.97855805e-04 6.93545671e-04 1.29827053e-04 4.13311440e-04 1.42455697e-04 4.94201528e-05 1.11281288e-04 6.23752067e-05 2.06817039e-06 5.15615653e-08 3.27446550e-09
 2023 09 12 12 00 00  3.92651833e-03 2.38716103e-03 1.32923418e-03 9.67478239e-04 7.20117481e-04 3.90336006e-04 2.88503559e-04 2.51913771e-04 5.33069520e-04 1.50465331e-04 3.82787439e-03 5.87929077e-03 2.60204676e-04 7.53967610e-05 4.80169414e-05 1.40511905e-04 4.13142581e-05 7.18331139e-05 1.42550051e-04 8.23890441e-05 1.60382252e-04 1.95780913e-04 1.11034969e-04 7.74569644e-05 5.42124035e-06 9.71398695e-06 6.09744966e-06 2.70213450e-05 5.00929455e-06 1.83798921e-05 5.28475529e-05 3.98259319e-05 2.18828282e-05 5.52088517e-05 4.78183385e-05 1.43874277e-05 6.27013544e-05 7.80872142e-05 9.98389587e-06 5.49540087e-05 1.67917240e-04 3.54085001e-05 3.31178631e-04 4.86584524e-04 1.94633809e-05 2.73175347e-04 6.32195675e-05 5.01167553e-05 4.97460678e-04 6.91288552e-04 1.28962035e-04 4.04053801e-04 1.27506360e-04 4.39867934e-05 9.87451494e-05 5.40142609e-05 1.69139923e-06 3.19807548e-08 1.50085704e-09
 2023 09 13 12 00 00  3.93179972e-03 2.38987676e-03 1.33101815e-03 9.68953374e-04 7.21502618e-04 3.91055590e-04 2.89173085e-04 2.52631049e-04 5.34949950e-04 1.50809401e-04 3.84304278e-03 5.91115877e-03 2.60833538e-04 7.54348823e-05 4.80873090e-05 1.37959614e-04 4.02600213e-05 6.97183888e-05 1.41540928e-04 8.23335140e-05 1.56279492e-04 1.90297424e-04 1.08937349e-04 7.65162238e-05 5.35270447e-06 9.27102446e-06 6.07449292e-06 2.67782207e-05 5.00837341e-06 1.82203982e-05 5.14095762e-05 3.94158036e-05 2.08406418e-05 5.40803493e-05 4.77624679e-05 1.42875011e-05 6.04800317e-05 7.48407713e-05 9.63660641e-06 5.34885598e-05 1.63777691e-04 3.53641226e-05 3.19277653e-04 4.86059983e-04 1.94423993e-05 2.60907011e-04 5.69033902e-05 5.00323891e-05 4.74828324e-04 6.68075971e-04 1.25738050e-04 3.76913707e-04 1.17012978e-04 4.01731570e-05 8.99470731e-05 4.81576254e-05 1.42829228e-06 1.83689082e-08 2.69500422e-10
 2023 09 14 12 00 00  3.92393718e-03 2.38475458e-03 1.32776917e-03 9.66441990e-04 7.19225307e-04 3.90061332e-04 2.88186704e-04 2.51542612e-04 5.32124099e-04 1.50063182e-04 3.82040057e-03 5.86865544e-03 2.59704546e-04 7.51628105e-05 4.79279688e-05 1.38057087e-04 4.03481623e-05 6.98966149e-05 1.41248720e-04 8.20455898e-05 1.56574813e-04 1.90771573e-04 1.09061580e-04 7.65867030e-05 5.35836734e-06 9.59368554e-06 6.08110095e-06 2.67937516e-05 5.00234019e-06 1.82174978e-05 5.14991032e-05 3.94501549e-05 2.09303587e-05 5.41838260e-05 4.74068511e-05 1.43161858e-05 6.05923280e-05 7.50606383e-05 9.88949469e-06 5.37308594e-05 1.63479684e-04 3.51236085e-05 3.22361664e-04 4.82774250e-04 1.93109700e-05 2.61188968e-04 5.74601581e-05 4.95681248e-05 4.75489632e-04 6.68515409e-04 1.25429670e-04 3.81513413e-04 1.21067375e-04 4.16476310e-05 9.33534398e-05 5.04810075e-05 1.53671845e-06 2.42877242e-08 8.12917378e-10
 2023 09 15 12 00 00  3.91817751e-03 2.38123450e-03 1.32551561e-03 9.64640862e-04 7.17561211e-04 3.89311499e-04 2.87455827e-04 2.50740922e-04 5.30048723e-04 1.49562873e-04 3.80376485e-03 5.83677441e-03 2.58913130e-04 7.49987961e-05 4.78212729e-05 1.37714110e-04 4.02459176e-05 6.96937728e-05 1.40955272e-04 8.18979577e-05 1.56139059e-04 1.90264534e-04 1.08827822e-04 7.63714948e-05 5.35161453e-06 9.46172222e-06 6.07630172e-06 2.67500421e-05 4.99946946e-06 1.81895610e-05 5.13462246e-05 3.94104747e-05 2.08333629e-05 5.39510555e-05 4.72361600e-05 1.42952282e-05 6.03253509e-05 7.46982948e-05 9.78593234e-06 5.33024721e-05 1.62337286e-04 3.50021350e-05 3.19683751e-04 4.81189569e-04 1.92475828e-05 2.59257976e-04 5.68928779e-05 4.93348285e-05 4.72694266e-04 6.65033071e-04 1.24817866e-04 3.75182957e-04 1.14948857e-04 3.94242334e-05 8.82253800e-05 4.70829858e-05 1.38519353e-06 1.65349160e-08 1.13810827e-10
 2023 09 16 12 00 00  3.90277260e-03 2.37158482e-03 1.31936293e-03 9.59831517e-04 7.13173650e-04 3.87334519e-04 2.85519078e-04 2.48615529e-04 5.24522304e-04 1.48184588e-04 3.75941923e-03 5.75177073e-03 2.56770662e-04 7.45392927e-05 4.75161291e-05 1.38506522e-04 4.06869891e-05 7.05820974e-05 1.40798291e-04 8.14688567e-05 1.57771704e-04 1.92598031e-04 1.09623302e-04 7.65763251e-05 5.38012137e-06 9.56613367e-06 6.07790025e-06 2.68109678e-05 4.99027883e-06 1.82225716e-05 5.18949200e-05 3.95822193e-05 2.12758678e-05 5.42154013e-05 4.66957688e-05 1.43020821e-05 6.11080431e-05 7.59087063e-05 9.86767845e-06 5.33530535e-05 1.62360957e-04 3.46420478e-05 3.21003091e-04 4.76203322e-04 1.90481329e-05 2.62160781e-04 5.96073107e-05 4.86386823e-05 4.80078943e-04 6.71682186e-04 1.25183414e-04 3.83274750e-04 1.14868024e-04 3.93956168e-05 8.81630689e-05 4.70851544e-05 1.38845511e-06 1.69454044e-08 1.57186530e-10
 2023 09 17 12 00 00  3.90069637e-03 2.37016692e-03 1.31846850e-03 9.59123387e-04 7.12521815e-04 3.87071717e-04 2.85253799e-04 2.48319203e-04 5.23765446e-04 1.47969979e-04 3.75337976e-03 5.74113801e-03 2.56456130e-04 7.44486539e-05 4.74771004e-05 1.38865036e-04 4.08610300e-05 7.09345972e-05 1.40801575e-04 8.13574879e-05 1.58470972e-04 1.93540591e-04 1.09969709e-04 7.67270659e-05 5.39127650e-06 9.33592091e-06 6.07685106e-06 2.68248220e-05 4.98819136e-06 1.82399539e-05 5.21329610e-05 3.96500662e-05 2.14540618e-05 5.43286011e-05 4.65711026e-05 1.42974270e-05 6.14497710e-05 7.64239638e-05 9.68711902e-06 5.33661637e-05 1.62724684e-04 3.45510576e-05 3.20133636e-04 4.75043109e-04 1.90017243e-05 2.63499755e-04 6.07182446e-05 4.84643562e-05 4.83402442e-04 6.75217100e-04 1.25458377e-04 3.88597334e-04 1.17538005e-04 4.03667744e-05 9.04074230e-05 4.86249382e-05 1.46094762e-06 2.09493642e-08 5.25939914e-10
 2023 09 18 12 00 00  3.90962549e-03 2.37490757e-03 1.32156687e-03 9.61668236e-04 7.14903861e-04 3.88278933e-04 2.86385829e-04 2.49536898e-04 5.26950938e-04 1.48585035e-04 3.77904834e-03 5.79425320e-03 2.57547385e-04 7.45426172e-05 4.75965775e-05 1.40009420e-04 4.13086877e-05 7.18363444e-05 1.41150215e-04 8.13187391e-05 1.60349986e-04 1.95910711e-04 1.10924765e-04 7.71921734e-05 5.42020061e-06 9.46275686e-06 6.08567316e-06 2.69328445e-05 4.98767040e-06 1.83121272e-05 5.27607927e-05 3.98243807e-05 2.19034671e-05 5.48919572e-05 4.65384859e-05 1.43357131e-05 6.24321822e-05 7.78516291e-05 9.78643511e-06 5.40338187e-05 1.65483698e-04 3.45210923e-05 3.25032297e-04 4.74731832e-04 1.89892733e-05 2.68847469e-04 6.34764845e-05 4.84080811e-05 4.93052382e-04 6.85791682e-04 1.26724368e-04 4.01889026e-04 1.24125451e-04 4.27620127e-05 9.59388233e-05 5.23726424e-05 1.63406766e-06 3.02691220e-08 1.37840734e-09
 2023 09 19 12 00 00  3.92709709e-03 2.38626218e-03 1.32876647e-03 9.67142589e-04 7.19817582e-04 3.90475268e-04 2.88557702e-04 2.51925067e-04 5.33190869e-04 1.50223426e-04 3.82915148e-03 5.88986725e-03 2.60030341e-04 7.51089983e-05 4.79617133e-05 1.41079004e-04 4.15959890e-05 7.24171638e-05 1.42096033e-04 8.18892091e-05 1.61673699e-04 1.97454752e-04 1.11650014e-04 7.77048430e-05 5.43866627e-06 9.59738754e-06 6.09817434e-06 2.70396348e-05 5.00076167e-06 1.83950835e-05 5.32622171e-05 3.99363431e-05 2.21956652e-05 5.54769300e-05 4.73026332e-05 1.43899917e-05 6.32782757e-05 7.89850846e-05 9.89181863e-06 5.50538252e-05 1.68865627e-04 3.50070331e-05 3.31380632e-04 4.81753601e-04 1.92701440e-05 2.75138758e-04 6.52886054e-05 4.93521802e-05 5.02299513e-04 6.96751638e-04 1.28870392e-04 4.13646061e-04 1.32284766e-04 4.57287701e-05 1.02789925e-04 5.70131042e-05 1.84832883e-06 4.17963342e-08 2.43260629e-09
 2023 09 20 12 00 00  3.92757808e-03 2.38735706e-03 1.32939086e-03 9.67434364e-04 7.19982869e-04 3.90465723e-04 2.88591858e-04 2.51979303e-04 5.33348310e-04 1.50426031e-04 3.83038796e-03 5.88986203e-03 2.60220503e-04 7.52458324e-05 4.80039632e-05 1.39415279e-04 4.08531894e-05 7.09303655e-05 1.41702249e-04 8.21227324e-05 1.58776960e-04 1.93626324e-04 1.10192364e-04 7.71126781e-05 5.39022658e-06 9.53736890e-06 6.08967857e-06 2.68856090e-05 5.00636452e-06 1.82939884e-05 5.22976856e-05 3.96475079e-05 2.14671454e-05 5.47780928e-05 4.76282148e-05 1.43529105e-05 6.18080708e-05 7.68071400e-05 9.84456565e-06 5.44224843e-05 1.66042412e-04 3.52079660e-05 3.26387705e-04 4.84737729e-04 1.93895092e-05 2.68010666e-04 6.09025825e-05 4.97438363e-05 4.87851378e-04 6.81929069e-04 1.27262195e-04 3.95749723e-04 1.26181355e-04 4.35108648e-05 9.76745563e-05 5.36237777e-05 1.69721231e-06 3.40660065e-08 1.73556849e-09
 2023 09 21 12 00 00  3.94276627e-03 2.39682319e-03 1.33542816e-03 9.72075865e-04 7.24174600e-04 3.92402752e-04 2.90483806e-04 2.54048172e-04 5.38764657e-04 1.51763031e-04 3.87391941e-03 5.97484559e-03 2.62307844e-04 7.56550386e-05 4.82882429e-05 1.39495569e-04 4.07690706e-05 7.07651605e-05 1.42056873e-04 8.24839459e-05 1.58612989e-04 1.93227666e-04 1.10140600e-04 7.72908144e-05 5.38459208e-06 9.65569416e-06 6.09555500e-06 2.69036182e-05 5.01495415e-06 1.83104856e-05 5.22642493e-05 3.96149349e-05 2.13903913e-05 5.49632221e-05 4.81277908e-05 1.43783589e-05 6.18127126e-05 7.67438187e-05 9.93714057e-06 5.49565649e-05 1.67549997e-04 3.55181313e-05 3.29263040e-04 4.89318851e-04 1.95727540e-05 2.69334944e-04 6.04696863e-05 5.03480260e-05 4.88181317e-04 6.83588281e-04 1.27868770e-04 3.99643153e-04 1.33099448e-04 4.60265581e-05 1.03485235e-04 5.75737402e-05 1.88060399e-06 4.40077272e-08 2.64663864e-09
 2023 09 22 12 00 00  3.92047108e-03 2.38409450e-03 1.32719964e-03 9.65369708e-04 7.17916769e-04 3.89434684e-04 2.87646609e-04 2.50963668e-04 5.30757050e-04 1.50021962e-04 3.80957703e-03 5.84733635e-03 2.59407083e-04 7.52010924e-05 4.79126222e-05 1.41493643e-04 4.16861643e-05 7.26098777e-05 1.42507657e-04 8.22290604e-05 1.62072159e-04 1.98054141e-04 1.11883232e-04 7.80575722e-05 5.44397153e-06 9.77760501e-06 6.11147698e-06 2.70624270e-05 5.00997121e-06 1.84198907e-05 5.34971652e-05 3.99719283e-05 2.23062743e-05 5.57662150e-05 4.78317612e-05 1.44474820e-05 6.36419965e-05 7.94789402e-05 1.00325822e-05 5.59244118e-05 1.69247581e-04 3.53081879e-05 3.36395496e-04 4.86571494e-04 1.94628598e-05 2.78456503e-04 6.60672027e-05 4.99446876e-05 5.06585341e-04 7.01893172e-04 1.30048200e-04 4.25035680e-04 1.44393395e-04 5.01332226e-05 1.12969431e-04 6.40059594e-05 2.17818490e-06 6.00614101e-08 4.11588630e-09
 2023 09 23 12 00 00  3.91995447e-03 2.38324519e-03 1.32670381e-03 9.65017593e-04 7.17610827e-04 3.89398449e-04 2.87578854e-04 2.50871429e-04 5.30546318e-04 1.49856965e-04 3.80797793e-03 5.84731996e-03 2.59234814e-04 7.50637629e-05 4.78606661e-05 1.41643150e-04 4.18026117e-05 7.28481275e-05 1.42322311e-04 8.20167304e-05 1.62566786e-04 1.98711205e-04 1.12119905e-04 7.80363953e-05 5.45132280e-06 9.64793144e-06 6.10130373e-06 2.70671178e-05 5.00598471e-06 1.84216070e-05 5.36484858e-05 4.00174264e-05 2.24298521e-05 5.57750620e-05 4.75937006e-05 1.44030739e-05 6.38453860e-05 7.97710027e-05 9.93081921e-06 5.55260749e-05 1.69177625e-04 3.51346447e-05 3.32903986e-04 4.84356245e-04 1.93742498e-05 2.78485998e-04 6.68587978e-05 4.96121647e-05 5.08194439e-04 7.03314110e-04 1.29896777e-04 4.24253578e-04 1.40194812e-04 4.86081775e-05 1.09455314e-04 6.17158516e-05 2.07886499e-06 5.51952667e-08 3.68271209e-09
 2023 09 24 12 00 00  3.90860274e-03 2.37659177e-03 1.32241860e-03 9.61519858e-04 7.14342679e-04 3.87893366e-04 2.86129029e-04 2.49287886e-04 5.26453398e-04 1.48928761e-04 3.77513595e-03 5.78355603e-03 2.57720983e-04 7.47868037e-05 4.76584758e-05 1.41806436e-04 4.19327349e-05 7.31141306e-05 1.42142051e-04 8.18111410e-05 1.63020106e-04 1.99442889e-04 1.12335597e-04 7.80139930e-05 5.45954790e-06 9.87202511e-06 6.09905655e-06 2.70813529e-05 5.00220631e-06 1.84206916e-05 5.38162773e-05 4.00682620e-05 2.25675234e-05 5.58134889e-05 4.73675347e-05 1.43931349e-05 6.40656677e-05 8.01091728e-05 1.01063539e-05 5.54019126e-05 1.68426359e-04 3.49672948e-05 3.32879714e-04 4.82248545e-04 1.92899418e-05 2.79009422e-04 6.77386997e-05 4.92919586e-05 5.10158180e-04 7.04594069e-04 1.29854745e-04 4.24223379e-04 1.36646105e-04 4.73194103e-05 1.06486757e-04 5.97942244e-05 1.99648416e-06 5.12349246e-08 3.33223937e-09
 2023 09 25 12 00 00  3.91230755e-03 2.37898514e-03 1.32393557e-03 9.62597780e-04 7.15267851e-04 3.88345179e-04 2.86573184e-04 2.49770741e-04 5.27748684e-04 1.49262731e-04 3.78558657e-03 5.80478571e-03 2.58230522e-04 7.48799007e-05 4.77373631e-05 1.42135067e-04 4.20403114e-05 7.33344874e-05 1.42297272e-04 8.18879518e-05 1.63514742e-04 2.00052783e-04 1.12598114e-04 7.80948199e-05 5.46632618e-06 9.70368565e-06 6.10064308e-06 2.70979071e-05 5.00474198e-06 1.84419663e-05 5.39996028e-05 4.01103025e-05 2.26821605e-05 5.59096353e-05 4.75109060e-05 1.43998972e-05 6.43434435e-05 8.05018652e-05 9.97428506e-06 5.54684342e-05 1.69262345e-04 3.50391172e-05 3.33202827e-04 4.83541785e-04 1.93416714e-05 2.80692230e-04 6.84752828e-05 4.94355569e-05 5.13123321e-04 7.07755595e-04 1.30372608e-04 4.24920892e-04 1.34542531e-04 4.65557829e-05 1.04729345e-04 5.86747601e-05 1.94984621e-06 4.91012642e-08 3.14643103e-09
 2023 09 26 12 00 00  3.92097390e-03 2.38328084e-03 1.32677548e-03 9.64966547e-04 7.17501331e-04 3.89535179e-04 2.87672194e-04 2.50943519e-04 5.30830243e-04 1.49792201e-04 3.81045385e-03 5.85789382e-03 2.59233887e-04 7.49045511e-05 4.78277775e-05 1.41974883e-04 4.19795979e-05 7.32162967e-05 1.42054339e-04 8.17431486e-05 1.63385589e-04 1.99776505e-04 1.12522266e-04 7.79887234e-05 5.46221054e-06 9.59669269e-06 6.09399358e-06 2.70814289e-05 5.00210299e-06 1.84299027e-05 5.39188290e-05 4.00868419e-05 2.26286473e-05 5.58386953e-05 4.73527558e-05 1.43708530e-05 6.42167062e-05 8.03127957e-05 9.89033215e-06 5.51425029e-05 1.69562960e-04 3.49214242e-05 3.30745858e-04 4.82067072e-04 1.92826829e-05 2.79515324e-04 6.81837788e-05 4.92104911e-05 5.11394061e-04 7.06143536e-04 1.29883119e-04 4.21067670e-04 1.30638268e-04 4.51372684e-05 1.01458880e-04 5.65218971e-05 1.85488334e-06 4.43223570e-08 2.71758065e-09
 2023 09 27 12 00 00  3.90701161e-03 2.37108456e-03 1.31931315e-03 9.59833253e-04 7.13173004e-04 3.88026825e-04 2.85998269e-04 2.49022081e-04 5.25827199e-04 1.47827420e-04 3.77056518e-03 5.79413697e-03 2.56724112e-04 7.39007346e-05 4.74142366e-05 1.40207622e-04 4.15020011e-05 7.22611323e-05 1.39887688e-04 8.03069968e-05 1.61428301e-04 1.97323816e-04 1.11392467e-04 7.72181909e-05 5.43102760e-06 9.48186207e-06 6.07874645e-06 2.69018030e-05 4.97042602e-06 1.82826532e-05 5.30759199e-05 3.99011653e-05 2.21616952e-05 5.50113452e-05 4.54960595e-05 1.43044250e-05 6.27938422e-05 7.84768859e-05 9.80027980e-06 5.36352318e-05 1.65378179e-04 3.37086822e-05 3.22555959e-04 4.64965795e-04 1.85986318e-05 2.68458837e-04 6.53799216e-05 4.68610466e-05 4.94698318e-04 6.87664206e-04 1.25414560e-04 4.06378779e-04 1.23074101e-04 4.23880161e-05 9.51154507e-05 5.22886871e-05 1.66394232e-06 3.43855007e-08 1.81716064e-09
 2023 09 28 12 00 00  3.90286826e-03 2.37368415e-03 1.32049662e-03 9.59672315e-04 7.12474342e-04 3.87062424e-04 2.85347771e-04 2.48433054e-04 5.24319764e-04 1.48529631e-04 3.75810804e-03 5.75163513e-03 2.56996521e-04 7.46617200e-05 4.75683888e-05 1.40100390e-04 4.12756228e-05 7.18088180e-05 1.41381333e-04 8.17503023e-05 1.60485480e-04 1.96165952e-04 1.11045071e-04 7.72086825e-05 5.41622612e-06 9.43646883e-06 6.06726680e-06 2.68972688e-05 5.00305505e-06 1.83025033e-05 5.29725522e-05 3.98131728e-05 2.19411348e-05 5.49190741e-05 4.74035827e-05 1.42544333e-05 6.27114043e-05 7.80769483e-05 9.76464944e-06 5.37308414e-05 1.64400644e-04 3.49340378e-05 3.18994087e-04 4.82509450e-04 1.93003780e-05 2.70591260e-04 6.40595099e-05 4.92391351e-05 4.96391306e-04 6.89688375e-04 1.27791134e-04 3.99014961e-04 1.17949607e-04 4.05253742e-05 9.08171998e-05 4.94141610e-05 1.53384121e-06 2.75810571e-08 1.19971402e-09
 2023 09 29 12 00 00  3.91925717e-03 2.38271997e-03 1.32636839e-03 9.64471865e-04 7.16957769e-04 3.89259790e-04 2.87428770e-04 2.50683683e-04 5.30186033e-04 1.49735234e-04 3.80530657e-03 5.84725365e-03 2.59065226e-04 7.49146836e-05 4.78129497e-05 1.40403278e-04 4.13334696e-05 7.19266769e-05 1.41525431e-04 8.18107044e-05 1.60877805e-04 1.96486975e-04 1.11250269e-04 7.73471806e-05 5.41990121e-06 9.48933739e-06 6.07319344e-06 2.69334542e-05 5.00444403e-06 1.83278111e-05 5.30748485e-05 3.98357544e-05 2.20016358e-05 5.51290556e-05 4.74846573e-05 1.42801946e-05 6.29085884e-05 7.83516341e-05 9.80600016e-06 5.40671318e-05 1.66381139e-04 3.49855109e-05 3.21865762e-04 4.83254329e-04 1.93301732e-05 2.72186021e-04 6.44429063e-05 4.93391533e-05 4.98222828e-04 6.92346482e-04 1.28139683e-04 4.01699423e-04 1.19974769e-04 4.12614900e-05 9.25159249e-05 5.05509046e-05 1.58534031e-06 3.02783150e-08 1.44456465e-09
 2023 09 30 12 00 00  3.92883239e-03 2.38865685e-03 1.33015884e-03 9.67441724e-04 7.19670473e-04 3.90493080e-04 2.88632890e-04 2.52003012e-04 5.33618543e-04 1.50578369e-04 3.83286431e-03 5.90038002e-03 2.60385376e-04 7.51852014e-05 4.79952548e-05 1.42283706e-04 4.20403085e-05 7.33463326e-05 1.42463008e-04 8.20543733e-05 1.63759058e-04 2.00183213e-04 1.12742024e-04 7.80269630e-05 5.46576921e-06 9.72354246e-06 6.08932423e-06 2.71151116e-05 5.00974020e-06 1.84532708e-05 5.40789375e-05 4.01108089e-05 2.27036391e-05 5.59789522e-05 4.77955618e-05 1.43503785e-05 6.44961674e-05 8.06281653e-05 9.98958640e-06 5.51633688e-05 1.70499111e-04 3.51906288e-05 3.30460359e-04 4.86120519e-04 1.94448208e-05 2.81516163e-04 6.87137712e-05 4.97361063e-05 5.14577614e-04 7.09676890e-04 1.30763094e-04 4.18835761e-04 1.25348043e-04 4.32145283e-05 9.70226371e-05 5.35631687e-05 1.72155463e-06 3.73933446e-08 2.08996056e-09
 2023 10 01 12 00 00  3.93562134e-03 2.39434306e-03 1.33365381e-03 9.69887867e-04 7.21757374e-04 3.91247707e-04 2.89453630e-04 2.52939026e-04 5.36053026e-04 1.51483689e-04 3.85229227e-03 5.93226030e-03 2.61566262e-04 7.56341954e-05 4.81899530e-05 1.42872652e-04 4.21352597e-05 7.35394133e-05 1.43316455e-04 8.26803735e-05 1.64206263e-04 2.00705910e-04 1.13024697e-04 7.82611965e-05 5.47181844e-06 9.73012357e-06 6.10535208e-06 2.71641774e-05 5.02350340e-06 1.85043582e-05 5.43023138e-05 4.01478639e-05 2.28022502e-05 5.62342516e-05 4.86025529e-05 1.44201098e-05 6.48969562e-05 8.11571971e-05 9.99461263e-06 5.59418189e-05 1.72311372e-04 3.57188721e-05 3.36352107e-04 4.93554801e-04 1.97421921e-05 2.85776750e-04 6.93353300e-05 5.07592456e-05 5.19839337e-04 7.15493808e-04 1.32496208e-04 4.21976109e-04 1.26750290e-04 4.37242215e-05 9.81988467e-05 5.43501546e-05 1.75720128e-06 3.92597897e-08 2.25937811e-09
 2023 10 02 12 00 00  3.96235310e-03 2.41085720e-03 1.34420285e-03 9.78148436e-04 7.29299643e-04 3.94692001e-04 2.92812998e-04 2.56617422e-04 5.45630393e-04 1.53822924e-04 3.92919388e-03 6.08100854e-03 2.65239137e-04 7.63776896e-05 4.87045658e-05 1.41466622e-04 4.13613976e-05 7.19880685e-05 1.43463178e-04 8.33352795e-05 1.61402016e-04 1.96691302e-04 1.11649539e-04 7.78377448e-05 5.42146445e-06 9.57044977e-06 6.10037387e-06 2.70479708e-05 5.03784468e-06 1.84387559e-05 5.33513245e-05 3.98468546e-05 2.20389702e-05 5.57436035e-05 4.94437933e-05 1.43984595e-05 6.35326764e-05 7.90551110e-05 9.86940577e-06 5.57048200e-05 1.72133944e-04 3.62710445e-05 3.33305295e-04 5.01306539e-04 2.00522616e-05 2.80465063e-04 6.47182111e-05 5.18284156e-05 5.06821095e-04 7.03610459e-04 1.31701724e-04 4.05707002e-04 1.23589802e-04 4.25752152e-05 9.55462370e-05 5.25626752e-05 1.67532511e-06 3.49036462e-08 1.86220639e-09
 2023 10 03 12 00 00  3.98044484e-03 2.42329580e-03 1.35203215e-03 9.84037820e-04 7.34555309e-04 3.96922646e-04 2.95060084e-04 2.59109624e-04 5.52115150e-04 1.55669766e-04 3.98116332e-03 6.17663860e-03 2.67935207e-04 7.70954655e-05 4.90911088e-05 1.41593949e-04 4.12369467e-05 7.17390096e-05 1.44384569e-04 8.41682951e-05 1.61065315e-04 1.96050407e-04 1.11552274e-04 7.79122971e-05 5.41334666e-06 9.31712784e-06 6.10121788e-06 2.70594577e-05 5.05612297e-06 1.84697612e-05 5.33008902e-05 3.97984579e-05 2.19169990e-05 5.57999896e-05 5.05157281e-05 1.44021542e-05 6.35394741e-05 7.89276908e-05 9.67082087e-06 5.59847179e-05 1.73762410e-04 3.69736808e-05 3.33429900e-04 5.11182723e-04 2.04473089e-05 2.82480134e-04 6.39843463e-05 5.31891303e-05 5.08184301e-04 7.05979182e-04 1.33138729e-04 4.02346277e-04 1.21710110e-04 4.18916314e-05 9.39670497e-05 5.14860541e-05 1.62511720e-06 3.21654568e-08 1.61087161e-09
 2023 10 04 12 00 00  3.97593208e-03 2.42215949e-03 1.35115464e-03 9.83048406e-04 7.33500283e-04 3.96212276e-04 2.94461234e-04 2.58496421e-04 5.50507273e-04 1.55621859e-04 3.96811153e-03 6.14477322e-03 2.67593139e-04 7.72731897e-05 4.90996100e-05 1.43090478e-04 4.18271229e-05 7.29237101e-05 1.45400340e-04 8.45754577e-05 1.63345620e-04 1.99129561e-04 1.12752499e-04 7.83922359e-05 5.45167422e-06 9.28910958e-06 6.10421921e-06 2.71906370e-05 5.06494289e-06 1.85691840e-05 5.41534904e-05 4.00280900e-05 2.25019830e-05 5.63509655e-05 5.10337122e-05 1.44152422e-05 6.48656955e-05 8.07840993e-05 9.64887149e-06 5.65059185e-05 1.75743264e-04 3.73161805e-05 3.36157085e-04 5.15958885e-04 2.06383554e-05 2.89993120e-04 6.75374642e-05 5.38518070e-05 5.22453261e-04 7.20462368e-04 1.35685671e-04 4.13279650e-04 1.21591960e-04 4.18484324e-05 9.38661256e-05 5.14040340e-05 1.62035680e-06 3.18369864e-08 1.57903557e-09
 2023 10 05 12 00 00  3.97234852e-03 2.42014857e-03 1.34985177e-03 9.82030889e-04 7.32574205e-04 3.95743125e-04 2.94015484e-04 2.58015927e-04 5.49237494e-04 1.55355951e-04 3.95788366e-03 6.12353384e-03 2.67141602e-04 7.72225301e-05 4.90434876e-05 1.43764331e-04 4.21194709e-05 7.35101174e-05 1.45662156e-04 8.45688221e-05 1.64463359e-04 2.00649957e-04 1.13320572e-04 7.86147059e-05 5.47068048e-06 9.33016854e-06 6.10842544e-06 2.72498058e-05 5.06448414e-06 1.86097275e-05 5.45435218e-05 4.01418220e-05 2.27909506e-05 5.66114178e-05 5.10087993e-05 1.44335791e-05 6.54617686e-05 8.16611851e-05 9.68108361e-06 5.67810482e-05 1.76601797e-04 3.73079936e-05 3.38354474e-04 5.15739577e-04 2.06295831e-05 2.93088996e-04 6.92885835e-05 5.38342982e-05 5.28564111e-04 7.26543450e-04 1.36518588e-04 4.19759457e-04 1.23097982e-04 4.23954851e-05 9.51267819e-05 5.22267857e-05 1.65612734e-06 3.35965666e-08 1.73586088e-09
 2023 10 06 12 00 00  3.98256383e-03 2.42738936e-03 1.35439105e-03 9.85406800e-04 7.35566544e-04 3.96985637e-04 2.95279554e-04 2.59423189e-04 5.52898593e-04 1.56443946e-04 3.98721315e-03 6.17666245e-03 2.68699589e-04 7.76626544e-05 4.92657833e-05 1.44451976e-04 4.23052465e-05 7.38825649e-05 1.46483761e-04 8.51044082e-05 1.65274589e-04 2.01614093e-04 1.13783643e-04 7.88712775e-05 5.48276657e-06 9.36800134e-06 6.10995339e-06 2.73235497e-05 5.07628720e-06 1.86673948e-05 5.48710596e-05 4.02140839e-05 2.29742494e-05 5.69288208e-05 5.17006672e-05 1.44402511e-05 6.60223442e-05 8.23697067e-05 9.71077243e-06 5.72022146e-05 1.78507659e-04 3.77601798e-05 3.40310993e-04 5.22112465e-04 2.08844986e-05 2.97197384e-04 7.03976897e-05 5.47102594e-05 5.34982093e-04 7.33695491e-04 1.38186898e-04 4.23389227e-04 1.23164556e-04 4.24194048e-05 9.51806294e-05 5.22469340e-05 1.65589473e-06 3.34975844e-08 1.72466166e-09
 2023 10 07 12 00 00  3.98526200e-03 2.42740751e-03 1.35455526e-03 9.85881402e-04 7.36175347e-04 3.97470342e-04 2.95659785e-04 2.59800135e-04 5.53872445e-04 1.56339668e-04 3.99514348e-03 6.19791225e-03 2.68801272e-04 7.74589735e-05 4.92463408e-05 1.44716141e-04 4.24615690e-05 7.41961936e-05 1.46124490e-04 8.46768729e-05 1.65923173e-04 2.02427768e-04 1.14075068e-04 7.89316208e-05 5.49292708e-06 9.43720879e-06 6.11570722e-06 2.73482173e-05 5.06659198e-06 1.86762954e-05 5.50242455e-05 4.02748992e-05 2.31288810e-05 5.70539590e-05 5.11340331e-05 1.44652789e-05 6.62401872e-05 8.27717433e-05 9.76504525e-06 5.72821883e-05 1.79337386e-04 3.73969553e-05 3.42633343e-04 5.16902029e-04 2.06760811e-05 2.97671818e-04 7.13352987e-05 5.40051784e-05 5.36436399e-04 7.35077279e-04 1.37754383e-04 4.26698876e-04 1.23948334e-04 4.27042063e-05 9.58374214e-05 5.26812701e-05 1.67519873e-06 3.44803681e-08 1.81315620e-09
 2023 10 08 12 00 00  3.97309039e-03 2.41880825e-03 1.34916220e-03 9.81893689e-04 7.32654049e-04 3.95993705e-04 2.94159002e-04 2.58131548e-04 5.49519166e-04 1.55052691e-04 3.96025837e-03 6.13416582e-03 2.66954156e-04 7.69399461e-05 4.89642488e-05 1.45021394e-04 4.27173305e-05 7.47099577e-05 1.45600946e-04 8.40591674e-05 1.66835501e-04 2.03766113e-04 1.14484523e-04 7.89705602e-05 5.50951991e-06 9.43116756e-06 6.11676660e-06 2.73634614e-05 5.05278040e-06 1.86777399e-05 5.52823342e-05 4.03744256e-05 2.33830389e-05 5.71149152e-05 5.03256742e-05 1.44698657e-05 6.65716322e-05 8.33700101e-05 9.76034498e-06 5.71115442e-05 1.78887224e-04 3.68737965e-05 3.42788855e-04 5.09462597e-04 2.03785039e-05 2.97889533e-04 7.28823186e-05 5.29906771e-05 5.38931678e-04 7.36768946e-04 1.37169751e-04 4.31159719e-04 1.23856649e-04 4.26708621e-05 9.57603814e-05 5.26286071e-05 1.67273303e-06 3.43451639e-08 1.80072792e-09
 2023 10 09 12 00 00  3.95091940e-03 2.40340418e-03 1.33947998e-03 9.74666468e-04 7.26234944e-04 3.93278627e-04 2.91414586e-04 2.55085309e-04 5.41581291e-04 1.52759417e-04 3.89664309e-03 6.01729006e-03 2.63628227e-04 7.60426536e-05 4.84892430e-05 1.44395019e-04 4.26711020e-05 7.46183388e-05 1.44266634e-04 8.30015575e-05 1.66483650e-04 2.03537915e-04 1.14206736e-04 7.87288673e-05 5.50646255e-06 9.59386962e-06 6.11417490e-06 2.72958267e-05 5.02934417e-06 1.86081473e-05 5.50713786e-05 4.03564918e-05 2.33393584e-05 5.68329563e-05 4.89526719e-05 1.44585356e-05 6.61406500e-05 8.29311209e-05 9.88789325e-06 5.65711898e-05 1.76108240e-04 3.59798141e-05 3.40905788e-04 4.96819983e-04 1.98727993e-05 2.93147376e-04 7.26277474e-05 5.12581842e-05 5.32998205e-04 7.29572419e-04 1.34782680e-04 4.31790486e-04 1.26252807e-04 4.35421995e-05 9.77729809e-05 5.39968297e-05 1.73626531e-06 3.77898218e-08 2.11641336e-09
 2023 10 10 12 00 00  3.94586451e-03 2.39860546e-03 1.33656844e-03 9.72691904e-04 7.24585231e-04 3.92757954e-04 2.90811243e-04 2.54381405e-04 5.39760559e-04 1.51964757e-04 3.88216856e-03 5.99603057e-03 2.62651289e-04 7.55952638e-05 4.82990624e-05 1.45591533e-04 4.32829111e-05 7.58482201e-05 1.44008390e-04 8.23513896e-05 1.68878037e-04 2.06749218e-04 1.15372613e-04 7.90609828e-05 5.54611179e-06 9.63878556e-06 6.12014337e-06 2.73952246e-05 5.01522409e-06 1.86665225e-05 5.58244535e-05 4.05946135e-05 2.39489571e-05 5.72864751e-05 4.81236668e-05 1.44844118e-05 6.72410398e-05 8.46432459e-05 9.92307614e-06 5.67611341e-05 1.77769432e-04 3.54326097e-05 3.44107948e-04 4.89177182e-04 1.95670873e-05 2.97441860e-04 7.63463613e-05 5.01992530e-05 5.43073467e-04 7.39262532e-04 1.35175836e-04 4.43427046e-04 1.26897796e-04 4.37771851e-05 9.83178965e-05 5.43925203e-05 1.75643054e-06 3.90156075e-08 2.23201386e-09
 2023 10 11 12 00 00  3.93029033e-03 2.38867146e-03 1.33025086e-03 9.67769686e-04 7.20102138e-04 3.90769262e-04 2.88853139e-04 2.52227199e-04 5.34167741e-04 1.50531937e-04 3.83730602e-03 5.91102205e-03 2.60452949e-04 7.50965595e-05 4.79862553e-05 1.44375600e-04 4.29008593e-05 7.50837382e-05 1.43036543e-04 8.18560075e-05 1.67257318e-04 2.04782807e-04 1.14501674e-04 7.86021199e-05 5.52118618e-06 9.57607335e-06 6.10837742e-06 2.72719633e-05 5.00467868e-06 1.85732966e-05 5.52419409e-05 4.04460647e-05 2.35746964e-05 5.67239485e-05 4.75031818e-05 1.44331134e-05 6.62755218e-05 8.33122809e-05 9.87387248e-06 5.59155071e-05 1.74316509e-04 3.50174436e-05 3.38100111e-04 4.83449772e-04 1.93379909e-05 2.90861301e-04 7.40954070e-05 4.93969710e-05 5.32613176e-04 7.27709305e-04 1.32990132e-04 4.34139288e-04 1.23909137e-04 4.26911982e-05 9.58134407e-05 5.27362257e-05 1.68280883e-06 3.52668934e-08 1.89444904e-09
 2023 10 12 12 00 00  3.92573869e-03 2.38497046e-03 1.32796757e-03 9.66107418e-04 7.18645923e-04 3.90244955e-04 2.88290308e-04 2.51585584e-04 5.32519159e-04 1.49941906e-04 3.82416644e-03 5.88975810e-03 2.59671112e-04 7.48046645e-05 4.78723502e-05 1.44082983e-04 4.28557862e-05 7.49960134e-05 1.42479356e-04 8.14473256e-05 1.67069528e-04 2.04577995e-04 1.14370286e-04 7.84578525e-05 5.51812918e-06 9.67320593e-06 6.10333955e-06 2.72452258e-05 4.99611524e-06 1.85434607e-05 5.51379822e-05 4.04286489e-05 2.35350177e-05 5.66023057e-05 4.69984516e-05 1.44110832e-05 6.60779370e-05 8.30737450e-05 9.95005321e-06 5.55681718e-05 1.73384418e-04 3.46760644e-05 3.36341292e-04 4.78786175e-04 1.91514470e-05 2.88749774e-04 7.38795439e-05 4.87380021e-05 5.29886730e-04 7.24596123e-04 1.31985020e-04 4.32012256e-04 1.22136702e-04 4.20472019e-05 9.43285362e-05 5.17571717e-05 1.63950677e-06 3.30787444e-08 1.69784915e-09
 2023 10 13 12 00 00  3.92198023e-03 2.38288861e-03 1.32661426e-03 9.64948272e-04 7.17535354e-04 3.89731375e-04 2.87801502e-04 2.51052745e-04 5.31153881e-04 1.49655975e-04 3.81322017e-03 5.86849824e-03 2.59184622e-04 7.47194303e-05 4.77970782e-05 1.41609447e-04 4.18473850e-05 7.29754742e-05 1.41503713e-04 8.14017782e-05 1.63086201e-04 1.99357342e-04 1.12333406e-04 7.76199225e-05 5.45246839e-06 9.26650682e-06 6.08354567e-06 2.70009723e-05 4.99563394e-06 1.83846477e-05 5.37727583e-05 4.00364515e-05 2.25421667e-05 5.55219323e-05 4.69669525e-05 1.43248530e-05 6.39514432e-05 7.99768945e-05 9.63122729e-06 5.43057976e-05 1.68695805e-04 3.46419285e-05 3.25338219e-04 4.78479152e-04 1.91391661e-05 2.77067545e-04 6.78826240e-05 4.86746401e-05 5.08339156e-04 7.02434504e-04 1.28953229e-04 4.09779645e-04 1.16963613e-04 4.01672269e-05 8.99919009e-05 4.88759179e-05 1.51046816e-06 2.64335323e-08 1.09749916e-09
 2023 10 14 12 00 00  3.90856757e-03 2.37460556e-03 1.32132186e-03 9.60779535e-04 7.13715801e-04 3.87998930e-04 2.86110750e-04 2.49199657e-04 5.26339004e-04 1.48479470e-04 3.77458210e-03 5.79411834e-03 2.57337200e-04 7.43434263e-05 4.75531831e-05 1.39446995e-04 4.10233915e-05 7.13252986e-05 1.40334364e-04 8.10598314e-05 1.59753225e-04 1.95101093e-04 1.10598795e-04 7.69013848e-05 5.39877365e-06 9.29913294e-06 6.07164038e-06 2.67973796e-05 4.98842273e-06 1.82357193e-05 5.26145361e-05 3.97160125e-05 2.17324763e-05 5.46330293e-05 4.65422083e-05 1.42729506e-05 6.21234838e-05 7.73745209e-05 9.65677973e-06 5.33685135e-05 1.63922521e-04 3.43559106e-05 3.18508130e-04 4.74556224e-04 1.89822490e-05 2.66615050e-04 6.30001130e-05 4.81222931e-05 4.89375459e-04 6.82554518e-04 1.25865155e-04 3.93575311e-04 1.15459309e-04 3.96207795e-05 8.87325405e-05 4.80528515e-05 1.47459825e-06 2.46623024e-08 9.39451805e-10
 2023 10 15 12 00 00  3.91009166e-03 2.37509510e-03 1.32167558e-03 9.61114501e-04 7.14049699e-04 3.88225685e-04 2.86305685e-04 2.49399848e-04 5.26873990e-04 1.48514600e-04 3.77892999e-03 5.80473430e-03 2.57466036e-04 7.42895408e-05 4.75421494e-05 1.39939469e-04 4.12495836e-05 7.17826420e-05 1.40385538e-04 8.09433404e-05 1.60688395e-04 1.96317409e-04 1.11067013e-04 7.70246665e-05 5.41330846e-06 9.20497478e-06 6.06946051e-06 2.68341487e-05 4.98611626e-06 1.82622982e-05 5.29204292e-05 3.98041593e-05 2.19626367e-05 5.48021816e-05 4.64053883e-05 1.42633755e-05 6.25815807e-05 7.80463212e-05 9.58294841e-06 5.33326511e-05 1.64756685e-04 3.42597254e-05 3.18089858e-04 4.73287476e-04 1.89314990e-05 2.68527586e-04 6.44280517e-05 4.79373412e-05 4.93775025e-04 6.86969406e-04 1.26269971e-04 3.96710218e-04 1.13863846e-04 3.90412566e-05 8.73971409e-05 4.71822660e-05 1.43681788e-06 2.28093853e-08 7.74457476e-10
 2023 10 16 12 00 00  3.91264586e-03 2.37774847e-03 1.32327069e-03 9.62098032e-04 7.14811661e-04 3.88456880e-04 2.86591335e-04 2.49735996e-04 5.27771565e-04 1.48955119e-04 3.78607862e-03 5.81534989e-03 2.57985872e-04 7.45327655e-05 4.76417630e-05 1.40075087e-04 4.12389345e-05 7.17650866e-05 1.40804037e-04 8.13106832e-05 1.60696074e-04 1.96303975e-04 1.11104757e-04 7.70832765e-05 5.41243717e-06 9.29203816e-06 6.06913127e-06 2.68500580e-05 4.99467096e-06 1.82770163e-05 5.29739324e-05 3.98001808e-05 2.19590205e-05 5.48824565e-05 4.69039573e-05 1.42618403e-05 6.26925263e-05 7.81334695e-05 9.65115833e-06 5.35100269e-05 1.65115918e-04 3.45736597e-05 3.18638305e-04 4.77864971e-04 1.91145988e-05 2.69942150e-04 6.44409563e-05 4.85479133e-05 4.95467724e-04 6.88999841e-04 1.27056194e-04 3.96278931e-04 1.13090114e-04 3.87605491e-05 8.67519310e-05 4.67808843e-05 1.42082406e-06 2.21376791e-08 7.17714288e-10
 2023 10 17 12 00 00  3.89422536e-03 2.36740972e-03 1.31657008e-03 9.56617043e-04 7.09688054e-04 3.85993502e-04 2.84247135e-04 2.47193201e-04 5.21162528e-04 1.47556187e-04 3.73294550e-03 5.70909679e-03 2.55622333e-04 7.41947831e-05 4.73386034e-05 1.38902697e-04 4.08283726e-05 7.09450105e-05 1.40228552e-04 8.11647391e-05 1.58943804e-04 1.94206830e-04 1.10197046e-04 7.66317868e-05 5.38558234e-06 9.12489850e-06 6.05702189e-06 2.67223950e-05 4.99178968e-06 1.81914037e-05 5.24007011e-05 3.96406074e-05 2.15594642e-05 5.42906913e-05 4.67329868e-05 1.42090445e-05 6.17555769e-05 7.67957510e-05 9.52008413e-06 5.27181468e-05 1.61432355e-04 3.44532105e-05 3.12124783e-04 4.76279215e-04 1.90511686e-05 2.64204434e-04 6.20513048e-05 4.83163662e-05 4.86039680e-04 6.78441165e-04 1.25548183e-04 3.85551129e-04 1.08581607e-04 3.71221875e-05 8.29730966e-05 4.42756354e-05 1.30901748e-06 1.64099593e-08 2.01033945e-10
 2023 10 18 12 00 00  3.89323201e-03 2.36550237e-03 1.31546989e-03 9.55972425e-04 7.09207480e-04 3.85962860e-04 2.84142918e-04 2.47044356e-04 5.20792249e-04 1.47194740e-04 3.73009819e-03 5.70908487e-03 2.55264211e-04 7.39328815e-05 4.72707954e-05 1.37924645e-04 4.04857885e-05 7.02610821e-05 1.39380631e-04 8.07240547e-05 1.57623696e-04 1.92460898e-04 1.09483091e-04 7.62657347e-05 5.36315711e-06 9.05306224e-06 6.04954948e-06 2.66258520e-05 4.98241825e-06 1.81188395e-05 5.18901425e-05 3.95074778e-05 2.12267216e-05 5.38792893e-05 4.61815100e-05 1.41764292e-05 6.09347100e-05 7.56658212e-05 9.46372384e-06 5.20970542e-05 1.59663043e-04 3.40839644e-05 3.08133170e-04 4.71188508e-04 1.88475403e-05 2.58827464e-04 6.00645668e-05 4.76028683e-05 4.76953610e-04 6.68991779e-04 1.23632238e-04 3.77506906e-04 1.06163801e-04 3.62437633e-05 8.09479681e-05 4.29440227e-05 1.25038838e-06 1.34679361e-08 1.00000000e-10
 2023 10 19 12 00 00  3.87749381e-03 2.35521560e-03 1.30894999e-03 9.50947315e-04 7.04658699e-04 3.83974810e-04 2.82171047e-04 2.44869102e-04 5.15142167e-04 1.45695890e-04 3.68479528e-03 5.62407747e-03 2.53002460e-04 7.33821343e-05 4.69307746e-05 1.35887686e-04 3.97590426e-05 6.88054657e-05 1.38010266e-04 8.01495044e-05 1.54648515e-04 1.88704777e-04 1.07912837e-04 7.55235805e-05 5.31580918e-06 9.05223133e-06 6.03802400e-06 2.64300389e-05 4.97009496e-06 1.79724885e-05 5.08286782e-05 3.92248447e-05 2.05122298e-05 5.29969556e-05 4.54570400e-05 1.41262048e-05 5.92319624e-05 7.32894216e-05 9.46306391e-06 5.10335254e-05 1.54925526e-04 3.36016819e-05 3.01303724e-04 4.64504343e-04 1.85801737e-05 2.48479645e-04 5.57542895e-05 4.66703990e-05 4.58911201e-04 6.49555239e-04 1.20318479e-04 3.60939670e-04 1.01902601e-04 3.46951336e-05 7.73754105e-05 4.05675097e-05 1.14374338e-06 8.29991507e-09 1.00000000e-10
 2023 10 20 12 00 00  3.85755659e-03 2.34172568e-03 1.30044047e-03 9.44507784e-04 6.98891847e-04 3.81499713e-04 2.79690056e-04 2.42122758e-04 5.07995465e-04 1.43705828e-04 3.62751082e-03 5.51782213e-03 2.50067009e-04 7.26265773e-05 4.65106456e-05 1.34434461e-04 3.93317256e-05 6.79499353e-05 1.36574477e-04 7.92965759e-05 1.52815232e-04 1.86500147e-04 1.06899238e-04 7.49556513e-05 5.28795208e-06 9.00746381e-06 6.02947730e-06 2.62799660e-05 4.95143613e-06 1.78557905e-05 5.01306058e-05 3.90586792e-05 2.00927636e-05 5.23189609e-05 4.43623896e-05 1.40889562e-05 5.80597821e-05 7.17403124e-05 9.42798360e-06 5.00679944e-05 1.50857009e-04 3.28827125e-05 2.95798206e-04 4.54416955e-04 1.81766782e-05 2.40227078e-04 5.32270584e-05 4.52783454e-05 4.45876596e-04 6.35001351e-04 1.17265142e-04 3.50625775e-04 9.88308142e-05 3.35787474e-05 7.47999176e-05 3.88532184e-05 1.06673960e-06 5.63760523e-09 1.00000000e-10
 2023 10 21 12 00 00  3.83952606e-03 2.32937278e-03 1.29266075e-03 9.38659139e-04 6.93674679e-04 3.79276522e-04 2.77451998e-04 2.39641856e-04 5.01534762e-04 1.41875380e-04 3.57574022e-03 5.42219691e-03 2.47388144e-04 7.19179761e-05 4.61226062e-05 1.33473631e-04 3.90995381e-05 6.74852578e-05 1.35359609e-04 7.84809527e-05 1.51760719e-04 1.85304196e-04 1.06287014e-04 7.45380206e-05 5.27280754e-06 8.96095080e-06 6.02434047e-06 2.61752721e-05 4.93355401e-06 1.77717920e-05 4.97006298e-05 3.89683992e-05 1.98651644e-05 5.18333319e-05 4.33136011e-05 1.40665798e-05 5.73051515e-05 7.07963201e-05 9.39166785e-06 4.93042104e-05 1.47800506e-04 3.21948581e-05 2.92031694e-04 4.44753454e-04 1.77901381e-05 2.34303345e-04 5.18574321e-05 4.39463387e-05 4.37136637e-04 6.24833234e-04 1.14854716e-04 3.43778578e-04 9.56287444e-05 3.24146893e-05 7.21128667e-05 3.70461429e-05 9.84225258e-07 2.72218017e-09 1.00000000e-10
 2023 10 22 12 00 00  3.82799641e-03 2.32218490e-03 1.28807453e-03 9.35067238e-04 6.90394226e-04 3.77794065e-04 2.76001626e-04 2.38051037e-04 4.97398395e-04 1.40850911e-04 3.54254718e-03 5.35844490e-03 2.45790238e-04 7.15812928e-05 4.58994021e-05 1.32332980e-04 3.86991858e-05 6.66832086e-05 1.34607124e-04 7.81700597e-05 1.50094935e-04 1.83233168e-04 1.05408325e-04 7.41352306e-05 5.24673160e-06 8.96411439e-06 6.01769170e-06 2.60644591e-05 4.92690851e-06 1.76891955e-05 4.91155567e-05 3.88126937e-05 1.94712586e-05 5.13362837e-05 4.29227512e-05 1.40376287e-05 5.63612265e-05 6.94785942e-05 9.39427191e-06 4.87212343e-05 1.44917104e-04 3.19340790e-05 2.88096534e-04 4.41146638e-04 1.76458655e-05 2.28541885e-04 4.94796084e-05 4.34422545e-05 4.27186695e-04 6.14071450e-04 1.13037479e-04 3.35259582e-04 9.41123351e-05 3.18635282e-05 7.08411057e-05 3.61968308e-05 9.45871886e-07 1.38668241e-09 1.00000000e-10
 2023 10 23 12 00 00  3.82552866e-03 2.31986998e-03 1.28666798e-03 9.34120614e-04 6.89607968e-04 3.77540508e-04 2.75708840e-04 2.37710456e-04 4.96512419e-04 1.40469973e-04 3.53550444e-03 5.34781776e-03 2.45319275e-04 7.13702330e-05 4.58088974e-05 1.31980213e-04 3.86122905e-05 6.65097905e-05 1.34155920e-04 7.78642192e-05 1.49744283e-04 1.82790874e-04 1.05201087e-04 7.40257628e-05 5.24104144e-06 9.04497138e-06 6.01209358e-06 2.60358016e-05 4.92023391e-06 1.76592019e-05 4.89601196e-05 3.87789303e-05 1.93869520e-05 5.12203223e-05 4.25310776e-05 1.40132717e-05 5.61002937e-05 6.91293059e-05 9.45772699e-06 4.84454702e-05 1.44050118e-04 3.16764053e-05 2.86126567e-04 4.37536778e-04 1.75014711e-05 2.26296678e-04 4.89766942e-05 4.29434353e-05 4.23922055e-04 6.10655801e-04 1.12113832e-04 3.34360535e-04 9.51255450e-05 3.22318640e-05 7.16913415e-05 3.67685398e-05 9.71970940e-07 2.30853772e-09 1.00000000e-10
 2023 10 24 12 00 00  3.81939835e-03 2.31549048e-03 1.28392507e-03 9.32096948e-04 6.87823239e-04 3.76800098e-04 2.74953198e-04 2.36868787e-04 4.94318185e-04 1.39811129e-04 3.51792922e-03 5.31594306e-03 2.44380058e-04 7.10963003e-05 4.56581999e-05 1.32922786e-04 3.90929665e-05 6.74746116e-05 1.34178960e-04 7.75357417e-05 1.51589917e-04 1.85297986e-04 1.06114564e-04 7.43004719e-05 5.27226039e-06 9.12288306e-06 6.00986095e-06 2.61215440e-05 4.91294486e-06 1.77084576e-05 4.95671430e-05 3.89659515e-05 1.98632726e-05 5.15815712e-05 4.21041244e-05 1.40035743e-05 5.69999833e-05 7.04684403e-05 9.51888724e-06 4.85005308e-05 1.44985627e-04 3.13986675e-05 2.86756433e-04 4.33605702e-04 1.73442281e-05 2.29845062e-04 5.18692192e-05 4.24051424e-05 4.32451879e-04 6.18955906e-04 1.12750329e-04 3.43426907e-04 9.55543377e-05 3.23876235e-05 7.20503077e-05 3.70031198e-05 9.82192307e-07 2.64721933e-09 1.00000000e-10
 2023 10 25 12 00 00  3.84049986e-03 2.32872244e-03 1.29235888e-03 9.38643214e-04 6.93770268e-04 3.79499471e-04 2.77596540e-04 2.39766681e-04 5.01871459e-04 1.41695867e-04 3.57857631e-03 5.43281361e-03 2.47308152e-04 7.17118103e-05 4.60755637e-05 1.33724133e-04 3.92817834e-05 6.78525015e-05 1.35049765e-04 7.81026552e-05 1.52509250e-04 1.86270549e-04 1.06635639e-04 7.46496752e-05 5.28457676e-06 9.13754120e-06 6.01585161e-06 2.62101163e-05 4.92555992e-06 1.77787644e-05 4.99104374e-05 3.90393689e-05 2.00483599e-05 5.20071423e-05 4.28428524e-05 1.40296921e-05 5.76072511e-05 7.12421911e-05 9.53047711e-06 4.91556742e-05 1.48098870e-04 3.18783073e-05 2.90498412e-04 4.40406237e-04 1.76162495e-05 2.34584685e-04 5.29829878e-05 4.33349371e-05 4.39241504e-04 6.27196091e-04 1.14517182e-04 3.49248584e-04 9.85450577e-05 3.34745328e-05 7.45577389e-05 3.86713364e-05 1.05707047e-06 5.23343431e-09 1.00000000e-10
 2023 10 26 12 00 00  3.84947299e-03 2.33613437e-03 1.29692149e-03 9.41855329e-04 6.96521279e-04 3.80506096e-04 2.78684270e-04 2.41004579e-04 5.05089833e-04 1.42871173e-04 3.60426949e-03 5.47531955e-03 2.48852081e-04 7.22896963e-05 4.63335443e-05 1.34462761e-04 3.94511153e-05 6.81906880e-05 1.36171462e-04 7.88988895e-05 1.53229866e-04 1.87135093e-04 1.07075679e-04 7.49509354e-05 5.29565405e-06 9.23006446e-06 6.01913416e-06 2.62926320e-05 4.94305714e-06 1.78453818e-05 5.02457255e-05 3.91051784e-05 2.02130861e-05 5.23564185e-05 4.38688352e-05 1.40440534e-05 5.81972394e-05 7.19543558e-05 9.60308244e-06 4.97528495e-05 1.50003738e-04 3.25501373e-05 2.93323925e-04 4.49858221e-04 1.79943288e-05 2.39487134e-04 5.39678615e-05 4.46361315e-05 4.46444736e-04 6.35270587e-04 1.16693850e-04 3.53263837e-04 9.95181679e-05 3.38276661e-05 7.53698456e-05 3.91817503e-05 1.07781218e-06 5.84871316e-09 1.00000000e-10
 2023 10 27 12 00 00  3.86335037e-03 2.34533263e-03 1.30273936e-03 9.46319466e-04 7.00552137e-04 3.82250922e-04 2.80421073e-04 2.42923434e-04 5.10071450e-04 1.44219513e-04 3.64421739e-03 5.54970466e-03 2.50867086e-04 7.27912753e-05 4.66264280e-05 1.33435927e-04 3.88885848e-05 6.70591951e-05 1.36354690e-04 7.94421241e-05 1.51107476e-04 1.84174961e-04 1.06039228e-04 7.46847564e-05 5.25922951e-06 9.29429661e-06 6.01990178e-06 2.62174804e-05 4.95481581e-06 1.77993414e-05 4.95489583e-05 3.88862099e-05 1.96513545e-05 5.20303401e-05 4.45594429e-05 1.40474993e-05 5.71985551e-05 7.04161591e-05 9.65354411e-06 4.98016768e-05 1.49532832e-04 3.30070150e-05 2.93037975e-04 4.56226408e-04 1.82490563e-05 2.35922138e-04 5.05350821e-05 4.55200556e-05 4.37069059e-04 6.26568058e-04 1.16252061e-04 3.43396466e-04 1.00124794e-04 3.40472367e-05 7.58720185e-05 3.94645002e-05 1.08677921e-06 5.98473662e-09 1.00000000e-10
 2023 10 28 12 00 00  3.89032846e-03 2.36228600e-03 1.31354370e-03 9.54745201e-04 7.08228604e-04 3.85707102e-04 2.83809713e-04 2.46642830e-04 5.19746350e-04 1.46643302e-04 3.72185415e-03 5.69845811e-03 2.54626327e-04 7.35908186e-05 4.71336471e-05 1.34315842e-04 3.90661095e-05 6.74125971e-05 1.37480624e-04 8.02052906e-05 1.52013202e-04 1.85068604e-04 1.06571164e-04 7.50285149e-05 5.27089760e-06 9.04603221e-06 6.02727268e-06 2.63045578e-05 4.97126312e-06 1.78814654e-05 4.98909369e-05 3.89551540e-05 1.98219554e-05 5.24297478e-05 4.55258647e-05 1.40796808e-05 5.78235005e-05 7.12031091e-05 9.45895154e-06 5.04508091e-05 1.53271626e-04 3.36482713e-05 2.96445987e-04 4.65140239e-04 1.86056096e-05 2.41221966e-04 5.15443215e-05 4.67603182e-05 4.44438684e-04 6.35417244e-04 1.18397853e-04 3.47168690e-04 1.00672583e-04 3.42453564e-05 7.63243860e-05 3.97103589e-05 1.09381785e-06 6.04145214e-09 1.00000000e-10
 2023 10 29 12 00 00  3.90940591e-03 2.37670215e-03 1.32251036e-03 9.61264583e-04 7.13928304e-04 3.87955940e-04 2.86152207e-04 2.49274066e-04 5.26588091e-04 1.48862600e-04 3.77657938e-03 5.79409376e-03 2.57686313e-04 7.45814737e-05 4.76115071e-05 1.34734268e-04 3.89704073e-05 6.72183465e-05 1.38969601e-04 8.14864179e-05 1.51768407e-04 1.84545724e-04 1.06560718e-04 7.52895245e-05 5.26478325e-06 9.15366618e-06 6.04069173e-06 2.63629455e-05 4.99936614e-06 1.79427055e-05 4.99334671e-05 3.89178225e-05 1.97232148e-05 5.27059299e-05 4.71740554e-05 1.41381548e-05 5.80200728e-05 7.12985948e-05 9.54340430e-06 5.14567652e-05 1.55732097e-04 3.47288267e-05 3.02351856e-04 4.80326125e-04 1.92130450e-05 2.45872553e-04 5.09250502e-05 4.88528633e-05 4.48468530e-04 6.40874807e-04 1.20926562e-04 3.47759037e-04 1.03431623e-04 3.52474943e-05 7.86334631e-05 4.12137911e-05 1.15891906e-06 8.17896222e-09 1.00000000e-10
 2023 10 30 12 00 00  3.91303318e-03 2.37850772e-03 1.32370561e-03 9.62341978e-04 7.14985612e-04 3.88468663e-04 2.86629623e-04 2.49790008e-04 5.27908168e-04 1.49097036e-04 3.78716980e-03 5.81535399e-03 2.58123507e-04 7.46284121e-05 4.76685691e-05 1.34689199e-04 3.89349007e-05 6.71460642e-05 1.38956810e-04 8.14722269e-05 1.51656597e-04 1.84349329e-04 1.06497687e-04 7.53605347e-05 5.26252516e-06 9.19239683e-06 6.04425804e-06 2.63624155e-05 4.99845482e-06 1.79413277e-05 4.98765801e-05 3.89039691e-05 1.96861860e-05 5.27537829e-05 4.71243868e-05 1.41537472e-05 5.79497228e-05 7.12095782e-05 9.57376105e-06 5.16645207e-05 1.56066144e-04 3.47118970e-05 3.03642400e-04 4.79888046e-04 1.91955218e-05 2.45684450e-04 5.06909157e-05 4.88169026e-05 4.47666378e-04 6.40541584e-04 1.20812578e-04 3.51146677e-04 1.08973157e-04 3.72614188e-05 8.32793473e-05 4.43035421e-05 1.29751551e-06 1.48402798e-08 3.38729933e-11
 2023 10 31 12 00 00  3.90749907e-03 2.37517342e-03 1.32156902e-03 9.60715412e-04 7.13526391e-04 3.87761451e-04 2.85945774e-04 2.49047345e-04 5.25947218e-04 1.48638648e-04 3.77138492e-03 5.78349382e-03 2.57388448e-04 7.45108218e-05 4.75714423e-05 1.35751835e-04 3.93935799e-05 6.80659199e-05 1.39287233e-04 8.13929189e-05 1.53412833e-04 1.86732784e-04 1.07383304e-04 7.57574995e-05 5.29235367e-06 9.28644513e-06 6.05580062e-06 2.64547556e-05 4.99618181e-06 1.80043039e-05 5.04807605e-05 3.90823989e-05 2.01392395e-05 5.31964896e-05 4.69944207e-05 1.42040415e-05 5.88710917e-05 7.25930299e-05 9.64756691e-06 5.22720829e-05 1.57570825e-04 3.46405955e-05 3.08691809e-04 4.78708042e-04 1.91483217e-05 2.50584097e-04 5.34347491e-05 4.86759964e-05 4.57004799e-04 6.49968351e-04 1.22004711e-04 3.63707897e-04 1.14616873e-04 3.93124345e-05 8.80105903e-05 4.74475718e-05 1.43836651e-06 2.20971621e-08 6.89570401e-10
 2023 11 01 12 00 00  3.92586950e-03 2.38546590e-03 1.32824144e-03 9.66159267e-04 7.18607799e-04 3.90215691e-04 2.88280157e-04 2.51578003e-04 5.32532546e-04 1.50027748e-04 3.82433452e-03 5.88974319e-03 2.59739635e-04 7.48384639e-05 4.78694110e-05 1.38156357e-04 4.03273181e-05 6.99390483e-05 1.40307538e-04 8.15253647e-05 1.57257494e-04 1.91590821e-04 1.09356428e-04 7.66979262e-05 5.35305044e-06 9.71557456e-06 6.07042348e-06 2.67039448e-05 4.99889211e-06 1.81643414e-05 5.17794266e-05 3.94456496e-05 2.10625192e-05 5.43802359e-05 4.71546169e-05 1.42677090e-05 6.09310610e-05 7.55349995e-05 9.98397591e-06 5.36223041e-05 1.63234675e-04 3.47506953e-05 3.18618673e-04 4.80190367e-04 1.92076147e-05 2.62014437e-04 5.90313866e-05 4.88881720e-05 4.77584711e-04 6.72342952e-04 1.24999649e-04 3.89044876e-04 1.25620832e-04 4.33123938e-05 9.72421976e-05 5.36362227e-05 1.71953719e-06 3.68840546e-08 2.03343458e-09
 2023 11 02 12 00 00  3.93965837e-03 2.39741488e-03 1.33555755e-03 9.71169824e-04 7.22818472e-04 3.91706495e-04 2.89927732e-04 2.53464518e-04 5.37460004e-04 1.51943221e-04 3.86365460e-03 5.95349222e-03 2.62195262e-04 7.58116777e-05 4.83018757e-05 1.38157859e-04 4.00744699e-05 6.94304879e-05 1.41731212e-04 8.28946300e-05 1.56351168e-04 1.90260660e-04 1.09019412e-04 7.67660481e-05 5.33667699e-06 9.59797180e-06 6.07438924e-06 2.67122167e-05 5.02946605e-06 1.81987816e-05 5.16255361e-05 3.93472234e-05 2.08100915e-05 5.43979516e-05 4.89443191e-05 1.42849807e-05 6.08050751e-05 7.51320158e-05 9.89175678e-06 5.41665352e-05 1.64343927e-04 3.59100290e-05 3.20109699e-04 4.96662464e-04 1.98664985e-05 2.64706686e-04 5.74890932e-05 5.11361228e-05 4.78618190e-04 6.74446247e-04 1.27219652e-04 3.83207770e-04 1.23487884e-04 4.25372604e-05 9.54542078e-05 5.24488371e-05 1.66639973e-06 3.41506762e-08 1.78657231e-09
 2023 11 03 12 00 00  3.96049836e-03 2.41013132e-03 1.34369462e-03 9.77548189e-04 7.28644547e-04 3.94399640e-04 2.92544940e-04 2.56324698e-04 5.44917668e-04 1.53730704e-04 3.92356310e-03 6.07035980e-03 2.65027881e-04 7.63467889e-05 4.86725671e-05 1.40131357e-04 4.07769956e-05 7.08398991e-05 1.42911740e-04 8.33443599e-05 1.59296835e-04 1.93916976e-04 1.10567057e-04 7.74291464e-05 5.38233908e-06 9.45638676e-06 6.08515365e-06 2.68946166e-05 5.03953015e-06 1.83392817e-05 5.26523006e-05 3.96205345e-05 2.15049498e-05 5.52202839e-05 4.95333108e-05 1.43318000e-05 6.24446941e-05 7.74368000e-05 9.78073294e-06 5.50520782e-05 1.69390415e-04 3.62909952e-05 3.26125311e-04 5.02082761e-04 2.00833104e-05 2.74493728e-04 6.17021287e-05 5.18749293e-05 4.95759402e-04 6.92851239e-04 1.30216754e-04 3.96684846e-04 1.24053920e-04 4.27433921e-05 9.59317862e-05 5.27907028e-05 1.68349428e-06 3.51677357e-08 1.88200318e-09
 2023 11 04 12 00 00  3.96161824e-03 2.40968611e-03 1.34351479e-03 9.77637283e-04 7.28842108e-04 3.94637340e-04 2.92712172e-04 2.56479813e-04 5.45319801e-04 1.53592568e-04 3.92688205e-03 6.08098395e-03 2.64993994e-04 7.61812920e-05 4.86439588e-05 1.40616604e-04 4.10393346e-05 7.13661604e-05 1.42761227e-04 8.30248231e-05 1.60343186e-04 1.95281912e-04 1.11073846e-04 7.75082366e-05 5.39939247e-06 9.33442934e-06 6.08256996e-06 2.69327012e-05 5.03243791e-06 1.83632767e-05 5.29634974e-05 3.97225929e-05 2.17643581e-05 5.53598337e-05 4.91178944e-05 1.43205281e-05 6.28972845e-05 7.81373913e-05 9.68506429e-06 5.48786229e-05 1.70202973e-04 3.60208011e-05 3.25461672e-04 4.98257980e-04 1.99303192e-05 2.75874679e-04 6.32746145e-05 5.13512467e-05 4.99795001e-04 6.96669782e-04 1.30253224e-04 3.98944123e-04 1.20743230e-04 4.15403714e-05 9.31573562e-05 5.09548982e-05 1.60182283e-06 3.10037017e-08 1.50689683e-09
 2023 11 05 12 00 00  3.93847593e-03 2.39504321e-03 1.33419292e-03 9.70412637e-04 7.22283764e-04 3.91685139e-04 2.89813012e-04 2.53297060e-04 5.37030177e-04 1.51496140e-04 3.86034727e-03 5.95348626e-03 2.61757856e-04 7.54818207e-05 4.81906076e-05 1.39999201e-04 4.09493805e-05 7.11862522e-05 1.41842117e-04 8.23539915e-05 1.59795065e-04 1.94819869e-04 1.10733150e-04 7.72498959e-05 5.39351895e-06 9.36147480e-06 6.07770598e-06 2.68614141e-05 5.01769246e-06 1.83020580e-05 5.27428329e-05 3.96876218e-05 2.16763932e-05 5.50280505e-05 4.82532865e-05 1.42992954e-05 6.24670396e-05 7.76353251e-05 9.70613037e-06 5.43180966e-05 1.67255886e-04 3.54547490e-05 3.22411091e-04 4.90292755e-04 1.96117102e-05 2.71826850e-04 6.27463683e-05 5.02549054e-05 4.94603463e-04 6.90110638e-04 1.28545522e-04 3.96617713e-04 1.20098317e-04 4.13066835e-05 9.26216171e-05 5.06380532e-05 1.59047284e-06 3.06368626e-08 1.47940122e-09
 2023 11 06 12 00 00  3.90355233e-03 2.37262647e-03 1.31995135e-03 9.59445631e-04 7.12364533e-04 3.87257177e-04 2.85446966e-04 2.48496759e-04 5.24524134e-04 1.48267284e-04 3.75998434e-03 5.76223880e-03 2.56823402e-04 7.43792278e-05 4.75045843e-05 1.38950923e-04 4.07841871e-05 7.08554348e-05 1.40324363e-04 8.12497805e-05 1.58849522e-04 1.93966595e-04 1.10150869e-04 7.67410734e-05 5.38275417e-06 9.34075942e-06 6.06751564e-06 2.67410370e-05 4.99328416e-06 1.82004554e-05 5.23515907e-05 3.96233809e-05 2.15140710e-05 5.44276315e-05 4.68229817e-05 1.42548844e-05 6.17199290e-05 7.67495752e-05 9.68980748e-06 5.32209619e-05 1.62553044e-04 3.45218723e-05 3.16527965e-04 4.77120495e-04 1.90848198e-05 2.64877765e-04 6.17675483e-05 4.84473654e-05 4.85685241e-04 6.78801692e-04 1.25668984e-04 3.89215442e-04 1.14656674e-04 3.93290484e-05 8.80593801e-05 4.76031692e-05 1.45428176e-06 2.36024768e-08 8.43351700e-10
 2023 11 07 12 00 00  3.88689024e-03 2.36037471e-03 1.31230520e-03 9.53841888e-04 7.07441568e-04 3.85268543e-04 2.83396071e-04 2.46202182e-04 5.18552153e-04 1.46400990e-04 3.71219049e-03 5.67723364e-03 2.54208709e-04 7.35687459e-05 4.70844420e-05 1.37395628e-04 4.03664773e-05 7.00160803e-05 1.38708267e-04 8.02388298e-05 1.57058958e-04 1.91777735e-04 1.09146839e-04 7.61708579e-05 5.35566833e-06 9.24604319e-06 6.04671950e-06 2.65914733e-05 4.97106921e-06 1.80766008e-05 5.16378703e-05 3.94608185e-05 2.10984712e-05 5.37391365e-05 4.55203379e-05 1.41643555e-05 6.05178552e-05 7.51315672e-05 9.61573605e-06 5.19177534e-05 1.58324518e-04 3.36688710e-05 3.07141799e-04 4.65119687e-04 1.86047875e-05 2.55480864e-04 5.92353288e-05 4.67952836e-05 4.71795164e-04 6.63613416e-04 1.22192317e-04 3.79815706e-04 1.12890622e-04 3.86871394e-05 8.65781702e-05 4.66133618e-05 1.40953894e-06 2.12666084e-08 6.31499208e-10
 2023 11 08 12 00 00  3.87727213e-03 2.35442916e-03 1.30850710e-03 9.50836390e-04 7.04680365e-04 3.84023052e-04 2.82180591e-04 2.44869168e-04 5.15095291e-04 1.45554382e-04 3.68444951e-03 5.62410206e-03 2.52880926e-04 7.32930002e-05 4.69045155e-05 1.35908037e-04 3.97855591e-05 6.88503380e-05 1.37863813e-04 7.99869595e-05 1.54686694e-04 1.88751066e-04 1.07914003e-04 7.56599496e-05 5.31792466e-06 9.21861065e-06 6.04731395e-06 2.64467148e-05 4.96582034e-06 1.79758229e-05 5.08137190e-05 3.92348069e-05 2.05233548e-05 5.31022098e-05 4.52107808e-05 1.41668730e-05 5.92123456e-05 7.33122971e-05 9.59418685e-06 5.14406067e-05 1.55248049e-04 3.34587210e-05 3.04873950e-04 4.62258557e-04 1.84903423e-05 2.48460851e-04 5.57456049e-05 4.63897886e-05 4.58375954e-04 6.49324107e-04 1.20029728e-04 3.67829584e-04 1.11256700e-04 3.80935166e-05 8.52096387e-05 4.57136489e-05 1.36993768e-06 1.92803299e-08 4.53429694e-10
 2023 11 09 12 00 00  3.87338541e-03 2.35203594e-03 1.30697697e-03 9.49602153e-04 7.03533932e-04 3.83514769e-04 2.81684611e-04 2.44324047e-04 5.13690822e-04 1.45211362e-04 3.67319054e-03 5.60284369e-03 2.52341984e-04 7.31771454e-05 4.68341595e-05 1.34049307e-04 3.90454195e-05 6.73652627e-05 1.37055916e-04 7.98773603e-05 1.51737664e-04 1.84896762e-04 1.06399488e-04 7.50411304e-05 5.26982694e-06 9.19820377e-06 6.03262270e-06 2.62810443e-05 4.96372268e-06 1.78559389e-05 4.97946370e-05 3.89468594e-05 1.97909249e-05 5.23515983e-05 4.50858148e-05 1.41028941e-05 5.76291119e-05 7.10035410e-05 9.57814191e-06 5.05682854e-05 1.51661686e-04 3.33688135e-05 2.97799584e-04 4.61097090e-04 1.84438836e-05 2.39635053e-04 5.13029285e-05 4.62172990e-05 4.42098732e-04 6.32581526e-04 1.17621211e-04 3.52043758e-04 1.08368904e-04 3.70438725e-05 8.27875028e-05 4.40941754e-05 1.29666682e-06 1.54501919e-08 1.05928066e-10
 2023 11 10 12 00 00  3.87626943e-03 2.35255508e-03 1.30742445e-03 9.50180741e-04 7.04176582e-04 3.83984420e-04 2.82070698e-04 2.44714071e-04 5.14716148e-04 1.45198083e-04 3.68153416e-03 5.62408641e-03 2.52525156e-04 7.30296211e-05 4.68299675e-05 1.33582793e-04 3.88936809e-05 6.70615118e-05 1.36525197e-04 7.95505824e-05 1.51180658e-04 1.84114419e-04 1.06085189e-04 7.49299017e-05 5.25993273e-06 9.26663997e-06 6.02856962e-06 2.62441320e-05 4.95667264e-06 1.78207797e-05 4.95530744e-05 3.88878514e-05 1.96420573e-05 5.22279648e-05 4.46715887e-05 1.40851960e-05 5.72446248e-05 7.04788819e-05 9.63168932e-06 5.03498480e-05 1.51112964e-04 3.30941722e-05 2.96266464e-04 4.57276787e-04 1.82910715e-05 2.36864743e-04 5.04064548e-05 4.56860638e-05 4.37453649e-04 6.28125193e-04 1.16479255e-04 3.51281807e-04 1.11205194e-04 3.80749998e-05 8.51679019e-05 4.56974275e-05 1.37004719e-06 1.93500490e-08 4.61390348e-10
 2023 11 11 12 00 00  3.87173794e-03 2.34875100e-03 1.30508698e-03 9.48546909e-04 7.02783946e-04 3.83481441e-04 2.81523230e-04 2.44089603e-04 5.13091644e-04 1.44592158e-04 3.66856849e-03 5.60283288e-03 2.51735791e-04 7.27291894e-05 4.67002013e-05 1.32954339e-04 3.87123175e-05 6.66980573e-05 1.35853558e-04 7.91309867e-05 1.50436429e-04 1.83174845e-04 1.05667171e-04 7.46902579e-05 5.24812640e-06 9.23138577e-06 6.02240216e-06 2.61826484e-05 4.94742671e-06 1.77708324e-05 4.92493242e-05 3.88173125e-05 1.94633889e-05 5.19529384e-05 4.41296259e-05 1.40583215e-05 5.67398143e-05 6.98070645e-05 9.60406323e-06 4.98683394e-05 1.49639617e-04 3.27399292e-05 2.93204021e-04 4.52284674e-04 1.80913870e-05 2.33095563e-04 4.93267551e-05 4.49998421e-05 4.31640148e-04 6.21848573e-04 1.15040133e-04 3.47004858e-04 1.10090072e-04 3.76697104e-05 8.42328209e-05 4.50739915e-05 1.34196864e-06 1.78919807e-08 3.29350502e-10
 2023 11 12 12 00 00  3.86580133e-03 2.34480153e-03 1.30259013e-03 9.46643143e-04 7.01071526e-04 3.82738389e-04 2.80782566e-04 2.43271377e-04 5.10963304e-04 1.44013438e-04 3.65150150e-03 5.57095632e-03 2.50872748e-04 7.25164988e-05 4.65798923e-05 1.31832657e-04 3.83056409e-05 6.58826379e-05 1.35203250e-04 7.88975158e-05 1.48788338e-04 1.81063348e-04 1.04804756e-04 7.42658694e-05 5.22167174e-06 9.26212961e-06 6.01119609e-06 2.60823763e-05 4.94232008e-06 1.76931047e-05 4.86623853e-05 3.86591186e-05 1.90619830e-05 5.14737027e-05 4.38300456e-05 1.40095159e-05 5.58118764e-05 6.84767501e-05 9.62812555e-06 4.91767073e-05 1.47124182e-04 3.25431349e-05 2.88236676e-04 4.49523930e-04 1.79809572e-05 2.27392627e-04 4.68971732e-05 4.46188205e-05 4.21857176e-04 6.11433295e-04 1.13332656e-04 3.36532976e-04 1.06108532e-04 3.62225655e-05 8.08936461e-05 4.28441117e-05 1.24127865e-06 1.26435442e-08 1.00000000e-10
 2023 11 13 12 00 00  3.83791444e-03 2.32581166e-03 1.29062341e-03 9.37662554e-04 6.93070474e-04 3.79295510e-04 2.77326349e-04 2.39446290e-04 5.00987185e-04 1.41212111e-04 3.57150186e-03 5.42221218e-03 2.46757572e-04 7.14528330e-05 4.59742770e-05 1.31647410e-04 3.85162683e-05 6.63062150e-05 1.33927704e-04 7.76976754e-05 1.49392765e-04 1.82170678e-04 1.05003701e-04 7.40834017e-05 5.23531489e-06 9.14639168e-06 5.99809173e-06 2.60406033e-05 4.91548453e-06 1.76451336e-05 4.87709733e-05 3.87411070e-05 1.92721433e-05 5.12522808e-05 4.22594516e-05 1.39524665e-05 5.58404328e-05 6.87064960e-05 9.53735143e-06 4.82412137e-05 1.44292206e-04 3.15268757e-05 2.82446492e-04 4.35069893e-04 1.74027957e-05 2.23922980e-04 4.81806230e-05 4.26480576e-05 4.20423440e-04 6.08264098e-04 1.11290161e-04 3.38641398e-04 1.04196791e-04 3.55278500e-05 7.92912915e-05 4.17817150e-05 1.19385866e-06 1.02137822e-08 1.00000000e-10
 2023 11 14 12 00 00  3.81024823e-03 2.30725890e-03 1.27890770e-03 9.28822475e-04 6.85169449e-04 3.75858043e-04 2.73891864e-04 2.35652381e-04 4.91090388e-04 1.38492896e-04 3.49212287e-03 5.27346879e-03 2.42722479e-04 7.04440892e-05 4.53781883e-05 1.31034807e-04 3.85152118e-05 6.63039624e-05 1.32577718e-04 7.65945588e-05 1.49151951e-04 1.82163782e-04 1.04781122e-04 7.37134578e-05 5.23525196e-06 9.22574618e-06 5.99033483e-06 2.59702342e-05 4.89082231e-06 1.75736762e-05 4.85998977e-05 3.87406908e-05 1.92708671e-05 5.08680548e-05 4.08159598e-05 1.39186959e-05 5.54529114e-05 6.83353710e-05 9.59954195e-06 4.73467303e-05 1.40937449e-04 3.05926165e-05 2.78482788e-04 4.21785203e-04 1.68714081e-05 2.18950356e-04 4.81717434e-05 4.08363674e-05 4.14994850e-04 6.00720791e-04 1.08885878e-04 3.34371907e-04 9.89646765e-05 3.36258448e-05 7.49010082e-05 3.88315375e-05 1.05931586e-06 5.08035782e-09 1.00000000e-10
 2023 11 15 12 00 00  3.78298265e-03 2.28956876e-03 1.26768648e-03 9.20233122e-04 6.77427927e-04 3.72418946e-04 2.70490806e-04 2.31909571e-04 4.81332942e-04 1.35935006e-04 3.41381665e-03 5.12472391e-03 2.38842136e-04 6.95546911e-05 4.48296210e-05 1.29027940e-04 3.78926867e-05 6.50541391e-05 1.30906578e-04 7.56842375e-05 1.46459685e-04 1.78913807e-04 1.03323592e-04 7.29292639e-05 5.19483292e-06 9.21657847e-06 5.97780599e-06 2.57721081e-05 4.87050856e-06 1.74197870e-05 4.76100550e-05 3.84984683e-05 1.86534846e-05 4.99327807e-05 3.96267569e-05 1.38641641e-05 5.38191475e-05 6.61278696e-05 9.59231766e-06 4.60772752e-05 1.35303866e-04 2.98219617e-05 2.70967315e-04 4.10839611e-04 1.64335844e-05 2.08000927e-04 4.44201287e-05 3.93421273e-05 3.97297988e-04 5.80906269e-04 1.05111453e-04 3.18687881e-04 9.37106122e-05 3.17159491e-05 7.04929385e-05 3.58744468e-05 9.24820006e-07 3.52621043e-10 1.00000000e-10
 2023 11 16 12 00 00  3.78085356e-03 2.28792548e-03 1.26666716e-03 9.19505207e-04 6.76799004e-04 3.72172168e-04 2.70231735e-04 2.31618161e-04 4.80572053e-04 1.35681172e-04 3.40772790e-03 5.11410013e-03 2.38496349e-04 6.94402503e-05 4.47738513e-05 1.27906174e-04 3.74589988e-05 6.41838298e-05 1.30342755e-04 7.55345798e-05 1.44733898e-04 1.76653984e-04 1.02428007e-04 7.25637916e-05 5.16665532e-06 9.15881537e-06 5.96861901e-06 2.56694729e-05 4.86715217e-06 1.73456434e-05 4.69980608e-05 3.83297302e-05 1.82240881e-05 4.94780589e-05 3.94303817e-05 1.38241623e-05 5.28647450e-05 6.47527357e-05 9.54697171e-06 4.55187360e-05 1.33157853e-04 2.96951330e-05 2.66400173e-04 4.09032666e-04 1.63613066e-05 2.02458970e-04 4.18144045e-05 3.90961301e-05 3.87346149e-04 5.70694051e-04 1.03513836e-04 3.09992386e-04 9.28151690e-05 3.13907050e-05 6.97435301e-05 3.53865184e-05 9.03692268e-07 1.00000000e-10 1.00000000e-10
 2023 11 17 12 00 00  3.77727353e-03 2.28602083e-03 1.26542252e-03 9.18480564e-04 6.75838645e-04 3.71688069e-04 2.69777262e-04 2.31128877e-04 4.79293377e-04 1.35433243e-04 3.39743005e-03 5.09285331e-03 2.38057347e-04 6.93997515e-05 4.47241096e-05 1.27656893e-04 3.73666669e-05 6.39979087e-05 1.30274569e-04 7.55464949e-05 1.44332106e-04 1.76165799e-04 1.02223292e-04 7.24941481e-05 5.16068649e-06 9.10931121e-06 5.96617319e-06 2.56437765e-05 4.86733188e-06 1.73292815e-05 4.68694895e-05 3.82937840e-05 1.81315059e-05 4.93625706e-05 3.94414179e-05 1.38135307e-05 5.26601064e-05 6.44540817e-05 9.50822141e-06 4.53960028e-05 1.32410126e-04 2.97045044e-05 2.65045460e-04 4.09137037e-04 1.63654815e-05 2.01294487e-04 4.12467169e-05 3.91138397e-05 3.85349895e-04 5.68578553e-04 1.03257425e-04 3.08603894e-04 9.32784244e-05 3.15590791e-05 7.01320270e-05 3.56458193e-05 9.15391161e-07 6.58133104e-11 1.00000000e-10
 2023 11 18 12 00 00  3.76997849e-03 2.28193644e-03 1.26277458e-03 9.16344254e-04 6.73857141e-04 3.70718459e-04 2.68855452e-04 2.30131152e-04 4.76686358e-04 1.34885340e-04 3.37645878e-03 5.05035929e-03 2.37128276e-04 6.92788702e-05 4.46103813e-05 1.28339303e-04 3.76451935e-05 6.45553228e-05 1.30467495e-04 7.55056157e-05 1.45353629e-04 1.77600419e-04 1.02739969e-04 7.27648372e-05 5.17885455e-06 9.48945381e-06 5.98422157e-06 2.57148357e-05 4.86632562e-06 1.73701903e-05 4.72365850e-05 3.84020852e-05 1.84045275e-05 4.97004795e-05 3.93831288e-05 1.38920819e-05 5.32223530e-05 6.53233538e-05 9.80624391e-06 4.61534289e-05 1.33347741e-04 2.96691229e-05 2.72652253e-04 4.08603496e-04 1.63441399e-05 2.04916122e-04 4.28896514e-05 3.90447472e-05 3.91123819e-04 5.74200901e-04 1.04059771e-04 3.17403872e-04 9.83760065e-05 3.34119548e-05 7.44078196e-05 3.85062241e-05 1.04491796e-06 4.59258160e-09 1.00000000e-10
 2023 11 19 12 00 00  3.79178027e-03 2.29662606e-03 1.27204484e-03 9.23332280e-04 6.80099464e-04 3.73423053e-04 2.71561623e-04 2.33122531e-04 4.84487005e-04 1.37043309e-04 3.43901990e-03 5.16723022e-03 2.40320382e-04 7.00841833e-05 4.50754895e-05 1.31205316e-04 3.86300759e-05 6.65300875e-05 1.32428968e-04 7.63981545e-05 1.49407359e-04 1.82714111e-04 1.04891736e-04 7.38746390e-05 5.24292045e-06 9.58274322e-06 6.00928179e-06 2.59885541e-05 4.88624646e-06 1.75773433e-05 4.87106546e-05 3.87851906e-05 1.93766580e-05 5.09916972e-05 4.05492727e-05 1.40011369e-05 5.55898149e-05 6.86337127e-05 9.87941094e-06 4.80070909e-05 1.40208483e-04 3.04247485e-05 2.85257189e-04 4.19336810e-04 1.67734724e-05 2.20042000e-04 4.87737620e-05 4.05098690e-05 4.16364285e-04 6.01557276e-04 1.08876114e-04 3.42932462e-04 1.08097907e-04 3.69457828e-05 8.25631530e-05 4.39677448e-05 1.29264811e-06 1.53692032e-08 1.01878683e-10
 2023 11 20 12 00 00  3.82813874e-03 2.32210714e-03 1.28804227e-03 9.35196553e-04 6.90595007e-04 3.77850203e-04 2.76049232e-04 2.38106871e-04 4.97491369e-04 1.40844856e-04 3.54324171e-03 5.35847172e-03 2.45804196e-04 7.15928380e-05 4.58917273e-05 1.32843179e-04 3.89336172e-05 6.71369897e-05 1.34864260e-04 7.81815266e-05 1.50887299e-04 1.84271117e-04 1.05810624e-04 7.46790484e-05 5.26274707e-06 9.61251862e-06 6.02492000e-06 2.61666071e-05 4.92609724e-06 1.77317503e-05 4.93864637e-05 3.89031891e-05 1.96731344e-05 5.18656814e-05 4.28818341e-05 1.40692064e-05 5.68168716e-05 7.01066036e-05 9.90275948e-06 4.97060798e-05 1.46037841e-04 3.19349609e-05 2.93844240e-04 4.40804333e-04 1.76321733e-05 2.31134824e-04 5.05524338e-05 4.34383226e-05 4.31291543e-04 6.19558796e-04 1.13606738e-04 3.55856470e-04 1.17372500e-04 4.03169373e-05 9.03426717e-05 4.91728481e-05 1.52840595e-06 2.77128855e-08 1.22230359e-09
 2023 11 21 12 00 00  3.89125730e-03 2.36421475e-03 1.31465151e-03 9.55333770e-04 7.08624852e-04 3.85713931e-04 2.83893817e-04 2.46768209e-04 5.20077226e-04 1.47005519e-04 3.72439927e-03 5.69845885e-03 2.54977344e-04 7.38513527e-05 4.72131219e-05 1.37037715e-04 4.01209312e-05 6.95172464e-05 1.38927349e-04 8.06411612e-05 1.56080787e-04 1.90431438e-04 1.08688377e-04 7.63758831e-05 5.34000064e-06 9.69431421e-06 6.05889909e-06 2.65916447e-05 4.98091067e-06 1.80699328e-05 5.13692119e-05 3.93650291e-05 2.08443467e-05 5.38646042e-05 4.60911368e-05 1.42170931e-05 6.01499976e-05 7.45287670e-05 9.96692543e-06 5.28001573e-05 1.58486355e-04 3.40166152e-05 3.12501958e-04 4.70345661e-04 1.88138264e-05 2.55296985e-04 5.76378428e-05 4.74740868e-05 4.68381596e-04 6.61517317e-04 1.22379318e-04 3.87435725e-04 1.29579355e-04 4.47537974e-05 1.00580909e-04 5.60161883e-05 1.83787224e-06 4.38783971e-08 2.68867915e-09
 2023 11 22 12 00 00  3.94171758e-03 2.39947281e-03 1.33679529e-03 9.71792187e-04 7.23204161e-04 3.91871108e-04 2.90128004e-04 2.53690467e-04 5.38129930e-04 1.52261393e-04 3.86909168e-03 5.96407689e-03 2.62572734e-04 7.59337113e-05 4.83504869e-05 1.40779857e-04 4.11474321e-05 7.15752481e-05 1.42814825e-04 8.30888050e-05 1.60530292e-04 1.95758819e-04 1.11183795e-04 7.79298893e-05 5.40678338e-06 9.81279736e-06 6.09319504e-06 2.69682481e-05 5.03554475e-06 1.83748894e-05 5.31284611e-05 3.97643133e-05 2.18571644e-05 5.56468290e-05 4.92894033e-05 1.43663638e-05 6.31145813e-05 7.84359081e-05 1.00598154e-05 5.57845073e-05 1.69181396e-04 3.60888545e-05 3.30407460e-04 4.99782573e-04 1.99913029e-05 2.77526810e-04 6.37662190e-05 5.14920685e-05 5.01950394e-04 6.99401626e-04 1.30681667e-04 4.16515822e-04 1.42379457e-04 4.94062348e-05 1.11316334e-04 6.31888221e-05 2.16201090e-06 6.07937139e-08 4.22264428e-09
 2023 11 23 12 00 00  3.97766714e-03 2.42405327e-03 1.35227753e-03 9.83403550e-04 7.33545621e-04 3.96302535e-04 2.94583503e-04 2.58625020e-04 5.50995335e-04 1.55895214e-04 3.97223614e-03 6.15532175e-03 2.67897043e-04 7.73268665e-05 4.91342827e-05 1.41743275e-04 4.11840942e-05 7.16467795e-05 1.44785645e-04 8.46744573e-05 1.60956639e-04 1.95927376e-04 1.11546934e-04 7.83918372e-05 5.40926194e-06 9.90787230e-06 6.11072683e-06 2.70859428e-05 5.07082768e-06 1.84830240e-05 5.34074108e-05 3.97784897e-05 2.18897607e-05 5.62015363e-05 5.13555075e-05 1.44426871e-05 6.37222586e-05 7.90650821e-05 1.01343277e-05 5.71622523e-05 1.73976658e-04 3.74303840e-05 3.38823217e-04 5.18802643e-04 2.07521057e-05 2.85262567e-04 6.39453821e-05 5.40926470e-05 5.10402752e-04 7.10190184e-04 1.34258091e-04 4.19450401e-04 1.44866885e-04 5.03100431e-05 1.13400413e-04 6.45643253e-05 2.22294852e-06 6.38808999e-08 4.50022881e-09
 2023 11 24 12 00 00  3.98233500e-03 2.42809911e-03 1.35475472e-03 9.85127058e-04 7.35010570e-04 3.96813034e-04 2.95146996e-04 2.59271494e-04 5.52671958e-04 1.56547189e-04 3.98560778e-03 6.17657788e-03 2.68732836e-04 7.76602124e-05 4.92714970e-05 1.40590212e-04 4.06215986e-05 7.05168699e-05 1.44866819e-04 8.51495366e-05 1.58759958e-04 1.92984048e-04 1.10469107e-04 7.79588471e-05 5.37276901e-06 9.65255022e-06 6.10322495e-06 2.69771136e-05 5.08124176e-06 1.84229744e-05 5.26988190e-05 3.95595969e-05 2.13308012e-05 5.56647163e-05 5.19663328e-05 1.44100719e-05 6.26657689e-05 7.74549813e-05 9.93413269e-06 5.66788482e-05 1.72315205e-04 3.78310273e-05 3.34266666e-04 5.24430786e-04 2.09772315e-05 2.80697561e-04 6.05432026e-05 5.48684737e-05 5.00591448e-04 7.00196023e-04 1.33629478e-04 4.04037456e-04 1.37897918e-04 4.77765983e-05 1.07552383e-04 6.06317442e-05 2.04340065e-06 5.43720631e-08 3.63436072e-09
 2023 11 25 12 00 00  3.99630498e-03 2.43759990e-03 1.36074287e-03 9.89638756e-04 7.39040133e-04 3.98542147e-04 2.96881998e-04 2.61192203e-04 5.57674450e-04 1.57949925e-04 4.02572026e-03 6.25095367e-03 2.70794837e-04 7.82004517e-05 4.95879990e-05 1.41462975e-04 4.08588472e-05 7.09929038e-05 1.45817793e-04 8.57533771e-05 1.59809236e-04 1.94219510e-04 1.11060481e-04 7.82282279e-05 5.38818604e-06 9.53483759e-06 6.10722782e-06 2.70596638e-05 5.09463644e-06 1.84950421e-05 5.31073502e-05 3.96518968e-05 2.15655775e-05 5.60076526e-05 5.27509721e-05 1.44274847e-05 6.33548273e-05 7.83528171e-05 9.84177532e-06 5.71201901e-05 1.74870688e-04 3.83415609e-05 3.36720051e-04 5.31655297e-04 2.12662119e-05 2.85731396e-04 6.19672472e-05 5.58579399e-05 5.08517060e-04 7.08906601e-04 1.35606802e-04 4.06407295e-04 1.34930588e-04 4.66979986e-05 1.05063206e-04 5.89648440e-05 1.96779613e-06 5.04056686e-08 3.27413261e-09
 2023 11 26 12 00 00  4.00799278e-03 2.44517741e-03 1.36554972e-03 9.93321999e-04 7.42361854e-04 4.00017683e-04 2.98340622e-04 2.62797288e-04 5.61857610e-04 1.59045476e-04 4.05929411e-03 6.31470233e-03 2.72457454e-04 7.85796010e-05 4.98195164e-05 1.42983528e-04 4.14074777e-05 7.20938435e-05 1.46780174e-04 8.61420820e-05 1.62070093e-04 1.97077952e-04 1.12251402e-04 7.87455184e-05 5.42383241e-06 9.41459657e-06 6.11463620e-06 2.71968698e-05 5.10331556e-06 1.86023020e-05 5.39128484e-05 3.98653501e-05 2.21087277e-05 5.66250753e-05 5.32590202e-05 1.44597085e-05 6.46340129e-05 8.01460768e-05 9.74746217e-06 5.77907936e-05 1.78365616e-04 3.86706728e-05 3.40921890e-04 5.36331298e-04 2.14532519e-05 2.93350056e-04 6.52630115e-05 5.64960763e-05 5.22031653e-04 7.23289383e-04 1.38023186e-04 4.17304128e-04 1.35836266e-04 4.70272984e-05 1.05823612e-04 5.94793913e-05 1.99151855e-06 5.16793037e-08 3.39054509e-09
 2023 11 27 12 00 00  4.00167482e-03 2.44036963e-03 1.36256191e-03 9.91182958e-04 7.40510879e-04 3.99281738e-04 2.97571498e-04 2.61933877e-04 5.59600438e-04 1.58306953e-04 4.04123580e-03 6.28283098e-03 2.71442912e-04 7.82504166e-05 4.96530288e-05 1.43749484e-04 4.17967560e-05 7.28752930e-05 1.46613788e-04 8.57188250e-05 1.63556556e-04 1.99109257e-04 1.12971684e-04 7.89569308e-05 5.44911163e-06 9.61266560e-06 6.12383883e-06 2.72664451e-05 5.09384299e-06 1.86391934e-05 5.43819856e-05 4.00168123e-05 2.24946285e-05 5.69331664e-05 5.27046563e-05 1.44997350e-05 6.53217312e-05 8.12367976e-05 9.90272456e-06 5.80829028e-05 1.79312689e-04 3.83121311e-05 3.45165121e-04 5.31229755e-04 2.12491902e-05 2.96274874e-04 6.76071970e-05 5.58007509e-05 5.28376264e-04 7.29194308e-04 1.38279816e-04 4.25133753e-04 1.36906608e-04 4.74162685e-05 1.06720834e-04 6.00750733e-05 2.01816524e-06 5.30491491e-08 3.51423921e-09
 2023 11 28 12 00 00  4.01819767e-03 2.44968286e-03 1.36859228e-03 9.96065648e-04 7.45049353e-04 4.01480855e-04 2.99664417e-04 2.64201876e-04 5.65512642e-04 1.59564178e-04 4.08880007e-03 6.37844950e-03 2.73561011e-04 7.85394813e-05 4.99114062e-05 1.45112160e-04 4.22843295e-05 7.38545670e-05 1.47202715e-04 8.58380401e-05 1.65634611e-04 2.01659014e-04 1.14044144e-04 7.94435612e-05 5.48075077e-06 9.80216064e-06 6.13834127e-06 2.74040908e-05 5.09663041e-06 1.87328475e-05 5.50760258e-05 4.02065431e-05 2.29788842e-05 5.75860154e-05 5.28670324e-05 1.45628277e-05 6.64343581e-05 8.28396883e-05 1.00513338e-05 5.89451080e-05 1.83177341e-04 3.84140993e-05 3.52591007e-04 5.32720229e-04 2.13088092e-05 3.02982978e-04 7.05534127e-05 5.59991284e-05 5.39588135e-04 7.41392032e-04 1.40007805e-04 4.36696513e-04 1.40286933e-04 4.86447318e-05 1.09554629e-04 6.19582434e-05 2.10253307e-06 5.73961330e-08 3.90701729e-09
 2023 11 29 12 00 00  4.00044965e-03 2.43781386e-03 1.36109371e-03 9.90406438e-04 7.39990752e-04 3.99275039e-04 2.97461438e-04 2.61769020e-04 5.59163822e-04 1.57826849e-04 4.03788713e-03 6.28283173e-03 2.70977725e-04 7.79062282e-05 4.95534238e-05 1.43594298e-04 4.18320473e-05 7.29476975e-05 1.45945701e-04 8.51389428e-05 1.63706168e-04 1.99310447e-04 1.12995637e-04 7.87845514e-05 5.45133153e-06 9.58781093e-06 6.11804862e-06 2.72484604e-05 5.08105477e-06 1.86158950e-05 5.43529807e-05 4.00306075e-05 2.25324198e-05 5.68160356e-05 5.19550696e-05 1.44745412e-05 6.52338168e-05 8.11912413e-05 9.88345491e-06 5.75760263e-05 1.78863371e-04 3.78224649e-05 3.42921114e-04 5.24325565e-04 2.09730226e-05 2.94278694e-04 6.78508426e-05 5.48521348e-05 5.26495143e-04 7.26708934e-04 1.37120591e-04 4.21985768e-04 1.31917476e-04 4.56017733e-05 1.02528541e-04 5.72109513e-05 1.88417241e-06 4.57102885e-08 2.83984836e-09
 2023 11 30 12 00 00  3.96741246e-03 2.41646051e-03 1.34753998e-03 9.80019213e-04 7.30622343e-04 3.95104069e-04 2.93339185e-04 2.57233831e-04 5.47338464e-04 1.54744047e-04 3.94300689e-03 6.10221475e-03 2.66287819e-04 7.68354186e-05 4.88831542e-05 1.42194162e-04 4.15418734e-05 7.23661098e-05 1.44344491e-04 8.40543711e-05 1.62284304e-04 1.97806483e-04 1.12171160e-04 7.81751937e-05 5.43244387e-06 9.41835824e-06 6.09421986e-06 2.70963717e-05 5.05702956e-06 1.84925313e-05 5.37942568e-05 3.99177428e-05 2.22464427e-05 5.60665326e-05 5.05475269e-05 1.43708559e-05 6.42299113e-05 7.98858777e-05 9.75076182e-06 5.60473503e-05 1.73416697e-04 3.69057670e-05 3.31967822e-04 5.11364599e-04 2.04545840e-05 2.85371518e-04 6.61221158e-05 5.30756661e-05 5.14844822e-04 7.12838480e-04 1.33843339e-04 4.12140340e-04 1.26267608e-04 4.35475898e-05 9.77854710e-05 5.40057520e-05 1.73671034e-06 3.78162127e-08 2.11888782e-09
 2023 12 01 12 00 00  3.94633405e-03 2.40053525e-03 1.33763469e-03 9.72865272e-04 7.24395692e-04 3.92629571e-04 2.90761243e-04 2.54340676e-04 5.39794603e-04 1.52298651e-04 3.88265075e-03 5.99596500e-03 2.62915261e-04 7.57559912e-05 4.83587539e-05 1.40309783e-04 4.10244043e-05 7.13289483e-05 1.42191503e-04 8.26602860e-05 1.60089854e-04 1.95124205e-04 1.10922329e-04 7.74598087e-05 5.39876346e-06 9.63570128e-06 6.08166411e-06 2.69217943e-05 5.02610310e-06 1.83375246e-05 5.28946983e-05 3.97164724e-05 2.17364155e-05 5.52815474e-05 4.87359182e-05 1.43161844e-05 6.27247041e-05 7.79209170e-05 9.92117202e-06 5.47978256e-05 1.68540989e-04 3.57270765e-05 3.25586604e-04 4.94684343e-04 1.97873737e-05 2.74115914e-04 6.30388036e-05 5.07912482e-05 4.97341907e-04 6.93569758e-04 1.29351699e-04 4.00986526e-04 1.24601590e-04 4.29417783e-05 9.63862693e-05 5.30556149e-05 1.69266817e-06 3.54339697e-08 1.90070715e-09
 2023 12 02 12 00 00  3.89660325e-03 2.36681432e-03 1.31637123e-03 9.56862565e-04 7.10113627e-04 3.86476009e-04 2.84590374e-04 2.47512887e-04 5.21994894e-04 1.47329784e-04 3.73993478e-03 5.73034696e-03 2.55595291e-04 7.38714616e-05 4.72771720e-05 1.37560961e-04 4.03506972e-05 6.99781231e-05 1.39005043e-04 8.05491116e-05 1.57024879e-04 1.91626306e-04 1.09165920e-04 7.62790797e-05 5.35493855e-06 9.46684813e-06 6.05782734e-06 2.66304450e-05 4.97920737e-06 1.81028425e-05 5.16647318e-05 3.94544099e-05 2.10714483e-05 5.38964130e-05 4.59892879e-05 1.42124132e-05 6.05903020e-05 7.51874233e-05 9.78879980e-06 5.24546759e-05 1.59699583e-04 3.39415943e-05 3.12042874e-04 4.69396921e-04 1.87758768e-05 2.57253975e-04 5.90140000e-05 4.73304855e-05 4.72833559e-04 6.65120617e-04 1.22817608e-04 3.80698281e-04 1.14815630e-04 3.93844806e-05 8.81758750e-05 4.75467259e-05 1.44203310e-06 2.22266433e-08 6.99728941e-10
 2023 12 03 12 00 00  3.86586676e-03 2.34475716e-03 1.30256454e-03 9.46689380e-04 7.01148503e-04 3.82770751e-04 2.80803073e-04 2.43291783e-04 5.10992337e-04 1.44005340e-04 3.65181361e-03 5.57097271e-03 2.50869265e-04 7.24979710e-05 4.65635794e-05 1.34596990e-04 3.94773553e-05 6.82265672e-05 1.36182256e-04 7.88705715e-05 1.53340754e-04 1.87086979e-04 1.07131522e-04 7.51430381e-05 5.29814788e-06 9.25743734e-06 6.02925247e-06 2.63344140e-05 4.94197920e-06 1.78705542e-05 5.02345085e-05 3.91146692e-05 2.02086259e-05 5.25404383e-05 4.38084709e-05 1.40880220e-05 5.82148525e-05 7.19943248e-05 9.62459671e-06 5.02387916e-05 1.51949452e-04 3.25224741e-05 2.97366857e-04 4.49316979e-04 1.79726792e-05 2.40068117e-04 5.37875574e-05 4.45801357e-05 4.46218385e-04 6.35940164e-04 1.16610797e-04 3.59537543e-04 1.08627560e-04 3.71352164e-05 8.29852737e-05 4.40732937e-05 1.28467161e-06 1.39847778e-08 1.00000000e-10
 2023 12 04 12 00 00  3.83816990e-03 2.32626945e-03 1.29088185e-03 9.37816135e-04 6.93185796e-04 3.79314118e-04 2.77353795e-04 2.39481002e-04 5.01069837e-04 1.41295340e-04 3.57224487e-03 5.42222038e-03 2.46836202e-04 7.14915818e-05 4.59753665e-05 1.32761926e-04 3.89807625e-05 6.72320428e-05 1.34383609e-04 7.77717447e-05 1.51168726e-04 1.84521628e-04 1.05922005e-04 7.44742791e-05 5.26578951e-06 9.15862620e-06 6.00640997e-06 2.61479551e-05 4.91778846e-06 1.77212301e-05 4.94052696e-05 3.89215536e-05 1.97206129e-05 5.17005718e-05 4.23902908e-05 1.39885538e-05 5.68089187e-05 7.01040822e-05 9.54707939e-06 4.87680244e-05 1.46303094e-04 3.15949612e-05 2.86578517e-04 4.36253210e-04 1.74501284e-05 2.29275524e-04 5.08445548e-05 4.27835097e-05 4.30314197e-04 6.18303211e-04 1.12742979e-04 3.49022811e-04 1.07117177e-04 3.65864826e-05 8.17202758e-05 4.32422022e-05 1.24813146e-06 1.21552038e-08 1.00000000e-10
 2023 12 05 12 00 00  3.82244136e-03 2.31594915e-03 1.28434447e-03 9.32802827e-04 6.88661323e-04 3.77334069e-04 2.75387803e-04 2.37312349e-04 4.95429313e-04 1.39791429e-04 3.52701252e-03 5.33721671e-03 2.44572391e-04 7.09522124e-05 4.56660907e-05 1.30636105e-04 3.81878548e-05 6.56427059e-05 1.32960972e-04 7.71938008e-05 1.47930571e-04 1.80410388e-04 1.04213645e-04 7.37989664e-05 5.21418660e-06 9.42971965e-06 6.00600542e-06 2.59544554e-05 4.90523707e-06 1.75705556e-05 4.82527694e-05 3.86131433e-05 1.89389059e-05 5.08841552e-05 4.16533905e-05 1.39867188e-05 5.49806381e-05 6.75735712e-05 9.75954026e-06 4.81631267e-05 1.41728025e-04 3.11085489e-05 2.84088079e-04 4.29459570e-04 1.71783828e-05 2.18925445e-04 4.61178017e-05 4.18422191e-05 4.10996174e-04 5.97942043e-04 1.09303063e-04 3.35900497e-04 1.09228851e-04 3.73544528e-05 8.34944937e-05 4.44528536e-05 1.30466521e-06 1.52439259e-08 7.12595316e-11
 2023 12 06 12 00 00  3.82446984e-03 2.31750019e-03 1.28530733e-03 9.33455552e-04 6.89204620e-04 3.77562534e-04 2.75627032e-04 2.37579089e-04 4.96142041e-04 1.40025509e-04 3.53273069e-03 5.34783229e-03 2.44893172e-04 7.10403891e-05 4.56987144e-05 1.28720004e-04 3.73730669e-05 6.40093698e-05 1.32372346e-04 7.73154548e-05 1.44746709e-04 1.76184006e-04 1.02601255e-04 7.31134037e-05 5.16116706e-06 9.23193365e-06 5.98975021e-06 2.57773899e-05 4.90825914e-06 1.74528387e-05 4.71677335e-05 3.82962142e-05 1.81353476e-05 5.00643982e-05 4.18283831e-05 1.39159325e-05 5.33160485e-05 6.51110601e-05 9.60456091e-06 4.71957359e-05 1.38463886e-04 3.12140764e-05 2.75939584e-04 4.31060370e-04 1.72424148e-05 2.10158775e-04 4.12574969e-05 4.20484517e-05 3.94298146e-04 5.80812386e-04 1.07181926e-04 3.15783515e-04 1.02123224e-04 3.47718402e-05 7.75354518e-05 4.04749151e-05 1.12514822e-06 6.98428124e-09 1.00000000e-10
 2023 12 07 12 00 00  3.82638024e-03 2.31881401e-03 1.28613373e-03 9.34032872e-04 6.89694818e-04 3.77788872e-04 2.75854854e-04 2.37829210e-04 4.96812038e-04 1.40214915e-04 3.53811884e-03 5.35844751e-03 2.45170310e-04 7.11035754e-05 4.57402997e-05 1.28042004e-04 3.70759430e-05 6.34145283e-05 1.32178544e-04 7.73833657e-05 1.43605840e-04 1.74651371e-04 1.02025200e-04 7.29481469e-05 5.14179665e-06 9.13964614e-06 5.98399820e-06 2.57133644e-05 4.91010142e-06 1.74118377e-05 4.67847213e-05 3.81806807e-05 1.78437345e-05 4.98176370e-05 4.19342221e-05 1.38908494e-05 5.27305202e-05 6.42349745e-05 9.53221024e-06 4.69632742e-05 1.37413973e-04 3.12742690e-05 2.73031548e-04 4.32024020e-04 1.72809608e-05 2.07138699e-04 3.95007897e-05 4.21668869e-05 3.88390303e-04 5.75173945e-04 1.06466751e-04 3.11750148e-04 1.03925809e-04 3.54273920e-05 7.90499240e-05 4.15079008e-05 1.17335585e-06 8.73522055e-09 1.00000000e-10
 2023 12 08 12 00 00  3.82889816e-03 2.32135342e-03 1.28766464e-03 9.34997429e-04 6.90455759e-04 3.78025524e-04 2.76140808e-04 2.38164228e-04 4.97700990e-04 1.40634903e-04 3.54519965e-03 5.36906570e-03 2.45672271e-04 7.13312175e-05 4.58285715e-05 1.29301874e-04 3.75377451e-05 6.43423060e-05 1.32988456e-04 7.77278270e-05 1.45450120e-04 1.77069251e-04 1.03000877e-04 7.33417641e-05 5.17175104e-06 9.28051741e-06 5.99299892e-06 2.58333361e-05 4.91804240e-06 1.74982287e-05 4.74674001e-05 3.83603881e-05 1.83028693e-05 5.03313632e-05 4.23975318e-05 1.39299562e-05 5.38066219e-05 6.57455937e-05 9.64260907e-06 4.76041418e-05 1.39776415e-04 3.15679878e-05 2.78095186e-04 4.36280254e-04 1.74512102e-05 2.13736892e-04 4.22965619e-05 4.27377265e-05 3.99882740e-04 5.86941017e-04 1.08566112e-04 3.19661887e-04 1.02896781e-04 3.50535891e-05 7.81884424e-05 4.09447859e-05 1.14880806e-06 7.92130805e-09 1.00000000e-10
 2023 12 09 12 00 00  3.82630971e-03 2.31883382e-03 1.28614022e-03 9.33972218e-04 6.89604293e-04 3.77763256e-04 2.75833231e-04 2.37804017e-04 4.96769616e-04 1.40215233e-04 3.53779127e-03 5.35843484e-03 2.45162331e-04 7.11015904e-05 4.57514122e-05 1.28971220e-04 3.74815863e-05 6.42308092e-05 1.32513001e-04 7.73781561e-05 1.45221356e-04 1.76789841e-04 1.02852966e-04 7.31740975e-05 5.16804575e-06 9.24911292e-06 5.98136357e-06 2.58027264e-05 4.91037936e-06 1.74681893e-05 4.73455281e-05 3.83385894e-05 1.82494434e-05 5.01697728e-05 4.19480813e-05 1.38792850e-05 5.35886088e-05 6.54508651e-05 9.61796759e-06 4.70512789e-05 1.38774037e-04 3.12731223e-05 2.73888865e-04 4.32138869e-04 1.72855547e-05 2.11270372e-04 4.19833261e-05 4.21667472e-05 3.97008844e-04 5.83760115e-04 1.07596803e-04 3.16325757e-04 9.98539548e-05 3.39477032e-05 7.56370425e-05 3.92449982e-05 1.07234539e-06 5.27254826e-09 1.00000000e-10
 2023 12 10 12 00 00  3.80306341e-03 2.30395492e-03 1.27668426e-03 9.26685699e-04 6.83011633e-04 3.74812578e-04 2.72926820e-04 2.34610016e-04 4.88447151e-04 1.38075462e-04 3.47099051e-03 5.23093678e-03 2.41885940e-04 7.03752629e-05 4.52917537e-05 1.28433212e-04 3.74396652e-05 6.41475199e-05 1.31587222e-04 7.66596291e-05 1.44863974e-04 1.76580656e-04 1.02604975e-04 7.29188431e-05 5.16528271e-06 9.11643147e-06 5.97379767e-06 2.57303519e-05 4.89441991e-06 1.74104298e-05 4.71811495e-05 3.83223174e-05 1.82094605e-05 4.98270734e-05 4.10133158e-05 1.38463278e-05 5.32367002e-05 6.50701532e-05 9.51395850e-06 4.63551087e-05 1.35872134e-04 3.06654489e-05 2.69477073e-04 4.23532732e-04 1.69413093e-05 2.07322959e-04 4.17483679e-05 4.09889122e-05 3.92579005e-04 5.77914579e-04 1.05906779e-04 3.14162831e-04 9.82368299e-05 3.33599373e-05 7.42808295e-05 3.83394414e-05 1.03146313e-06 3.84950027e-09 1.00000000e-10
 2023 12 11 12 00 00  3.77776179e-03 2.28755471e-03 1.26627985e-03 9.18720759e-04 6.75832538e-04 3.71620470e-04 2.69770846e-04 2.31137393e-04 4.79393095e-04 1.35705326e-04 3.39832810e-03 5.09281792e-03 2.38287966e-04 6.95511308e-05 4.47783837e-05 1.28219908e-04 3.75434145e-05 6.43556647e-05 1.30647027e-04 7.58202863e-05 1.45056708e-04 1.77120618e-04 1.02626750e-04 7.27686762e-05 5.17202570e-06 9.04068729e-06 5.97432045e-06 2.56857423e-05 4.87568141e-06 1.73706090e-05 4.71942302e-05 3.83626786e-05 1.83120763e-05 4.96155452e-05 3.99164099e-05 1.38485935e-05 5.31482036e-05 6.51188613e-05 9.45468128e-06 4.59143571e-05 1.33530942e-04 2.99548177e-05 2.68053117e-04 4.13436881e-04 1.65374753e-05 2.04817538e-04 4.23705322e-05 3.96110059e-05 3.90704474e-04 5.74474264e-04 1.04414690e-04 3.15630040e-04 9.80244811e-05 3.32824846e-05 7.41007884e-05 3.82036273e-05 1.02420442e-06 3.54456660e-09 1.00000000e-10
 2023 12 12 12 00 00  3.78034816e-03 2.28733870e-03 1.26630889e-03 9.19122963e-04 6.76392076e-04 3.72105286e-04 2.70140864e-04 2.31498690e-04 4.80325543e-04 1.35556632e-04 3.40595169e-03 5.11406846e-03 2.38346088e-04 6.93082294e-05 4.47351899e-05 1.28897542e-04 3.78880766e-05 6.50463044e-05 1.30379258e-04 7.53362197e-05 1.46437645e-04 1.78905298e-04 1.03288773e-04 7.29379424e-05 5.19446658e-06 9.10690578e-06 5.98095176e-06 2.57486248e-05 4.86482204e-06 1.74047182e-05 4.75936379e-05 3.84967308e-05 1.86514750e-05 4.98901141e-05 3.92810442e-05 1.38774572e-05 5.37376102e-05 6.60667883e-05 9.50677786e-06 4.60637858e-05 1.35028778e-04 2.95445469e-05 2.71161651e-04 4.07590728e-04 1.63036291e-05 2.07042379e-04 4.44207923e-05 3.88152257e-05 3.95814151e-04 5.79410346e-04 1.04386669e-04 3.21681635e-04 9.79265376e-05 3.32463298e-05 7.40146518e-05 3.81142161e-05 1.01786255e-06 3.21692681e-09 1.00000000e-10
 2023 12 13 12 00 00  3.80277844e-03 2.30332854e-03 1.27632575e-03 9.26509036e-04 6.82903444e-04 3.74815481e-04 2.72904277e-04 2.34575074e-04 4.88349867e-04 1.37958696e-04 3.47023803e-03 5.23093902e-03 2.41774735e-04 7.02925376e-05 4.52641176e-05 1.29820157e-04 3.80220008e-05 6.53130235e-05 1.31938679e-04 7.65214267e-05 1.47134040e-04 1.79580832e-04 1.03752339e-04 7.34107961e-05 5.20326321e-06 9.24134001e-06 5.99185660e-06 2.58576483e-05 4.89124504e-06 1.74967538e-05 4.79468622e-05 3.85487510e-05 1.87804006e-05 5.04166947e-05 4.08280350e-05 1.39249358e-05 5.44073831e-05 6.68348647e-05 9.61230617e-06 4.71844507e-05 1.38513329e-04 3.05477035e-05 2.77220401e-04 4.21830337e-04 1.68732135e-05 2.13729647e-04 4.51846689e-05 4.07601357e-05 4.04277701e-04 5.89803996e-04 1.07338694e-04 3.28767430e-04 1.03784549e-04 3.53750080e-05 7.89239766e-05 4.13641041e-05 1.16254958e-06 8.15901871e-09 1.00000000e-10
 2023 12 14 12 00 00  3.81241550e-03 2.30934901e-03 1.28016570e-03 9.29522684e-04 6.85659188e-04 3.76055837e-04 2.74118137e-04 2.35907106e-04 4.91809406e-04 1.38818547e-04 3.49800160e-03 5.28406948e-03 2.43113441e-04 7.05791362e-05 4.54549981e-05 1.32190410e-04 3.89131135e-05 6.70981943e-05 1.33068894e-04 7.67873775e-05 1.50709295e-04 1.84190197e-04 1.05599936e-04 7.43722743e-05 5.26130425e-06 9.95128285e-06 6.02075634e-06 2.61102160e-05 4.89690938e-06 1.76566642e-05 4.91958156e-05 3.88953165e-05 1.96571025e-05 5.16155539e-05 4.11612797e-05 1.40507356e-05 5.63929090e-05 6.96959145e-05 1.01690384e-05 4.90175088e-05 1.43763553e-04 3.07706126e-05 2.92283648e-04 4.24906298e-04 1.69962519e-05 2.25800049e-04 5.04766242e-05 4.11909015e-05 4.24555471e-04 6.11505011e-04 1.10571369e-04 3.55261480e-04 1.17533438e-04 4.03718617e-05 9.04520261e-05 4.90413731e-05 1.50769168e-06 2.55098161e-08 9.93796778e-10
 2023 12 15 12 00 00  3.80560140e-03 2.30621497e-03 1.27806509e-03 9.27695920e-04 6.83900628e-04 3.75097030e-04 2.73244344e-04 2.34978935e-04 4.89378889e-04 1.38450142e-04 3.47838768e-03 5.24157882e-03 2.42360785e-04 7.05828934e-05 4.53639164e-05 1.33308920e-04 3.93896073e-05 6.80508441e-05 1.33698463e-04 7.69643579e-05 1.52486062e-04 1.86633845e-04 1.06526521e-04 7.46404833e-05 5.29242971e-06 9.73335555e-06 6.02391447e-06 2.61991572e-05 4.90060447e-06 1.77295662e-05 4.98464426e-05 3.90805450e-05 2.01224218e-05 5.19260818e-05 4.13791684e-05 1.40645498e-05 5.73793433e-05 7.11190965e-05 9.99842232e-06 4.92018852e-05 1.45005235e-04 3.09183379e-05 2.93684702e-04 4.26919880e-04 1.70767952e-05 2.31072624e-04 5.32678328e-05 4.14759881e-05 4.35128916e-04 6.21537517e-04 1.12271827e-04 3.60403368e-04 1.12819098e-04 3.86569993e-05 8.64884472e-05 4.63160142e-05 1.37895576e-06 1.83682584e-08 3.35326611e-10
 2023 12 16 12 00 00  3.84227435e-03 2.32945225e-03 1.29285450e-03 9.39153607e-04 6.94299369e-04 3.79774029e-04 2.77838215e-04 2.40022676e-04 5.02514273e-04 1.41779067e-04 3.58382565e-03 5.44345342e-03 2.47493797e-04 7.16965015e-05 4.60863925e-05 1.35126517e-04 3.98779928e-05 6.90265442e-05 1.35461067e-04 7.80347327e-05 1.54688047e-04 1.89130490e-04 1.07750215e-04 7.53268717e-05 5.32436607e-06 9.52161136e-06 6.04085835e-06 2.63786197e-05 4.92421459e-06 1.78818023e-05 5.06593421e-05 3.92703747e-05 2.05980396e-05 5.27450641e-05 4.27630352e-05 1.41383600e-05 5.87631614e-05 7.29639187e-05 9.83264035e-06 5.04719056e-05 1.51241395e-04 3.18222126e-05 3.01767396e-04 4.39666104e-04 1.75866442e-05 2.41387518e-04 5.61140885e-05 4.32270754e-05 4.50610906e-04 6.39235591e-04 1.15992498e-04 3.71171524e-04 1.15067354e-04 3.94731142e-05 8.83664696e-05 4.75102041e-05 1.42854768e-06 2.06239534e-08 5.31379163e-10
 2023 12 17 12 00 00  3.86672883e-03 2.34677996e-03 1.30371820e-03 9.47210207e-04 7.01427610e-04 3.82743117e-04 2.80859329e-04 2.43384876e-04 5.11272038e-04 1.44379616e-04 3.65398428e-03 5.57095557e-03 2.51219246e-04 7.27516823e-05 4.66381967e-05 1.37288629e-04 4.05134517e-05 7.02963618e-05 1.37575820e-04 7.93073792e-05 1.57345125e-04 1.92382160e-04 1.09225734e-04 7.61485576e-05 5.36590669e-06 9.57052471e-06 6.06115136e-06 2.65970209e-05 4.95236673e-06 1.80559656e-05 5.16924110e-05 3.95173731e-05 2.12174084e-05 5.37127012e-05 4.44126315e-05 1.42267396e-05 6.04822665e-05 7.52659904e-05 9.87126477e-06 5.20447392e-05 1.57068715e-04 3.28975555e-05 3.12028977e-04 4.54857184e-04 1.81942874e-05 2.53901867e-04 5.98232727e-05 4.53107757e-05 4.69955527e-04 6.60421100e-04 1.20568695e-04 3.85781397e-04 1.18836053e-04 4.08419741e-05 9.15204910e-05 4.95633359e-05 1.51741899e-06 2.49646266e-08 9.17408016e-10
 2023 12 18 12 00 00  3.89163272e-03 2.36501580e-03 1.31510429e-03 9.55554181e-04 7.08756944e-04 3.85719252e-04 2.83923473e-04 2.46810186e-04 5.20192678e-04 1.47151264e-04 3.72539475e-03 5.69845997e-03 2.55111818e-04 7.39393436e-05 4.72487938e-05 1.40321960e-04 4.14689945e-05 7.22099910e-05 1.40229886e-04 8.07870470e-05 1.61278690e-04 1.97318074e-04 1.11370097e-04 7.72705301e-05 5.42817288e-06 9.62807317e-06 6.08949922e-06 2.68898185e-05 4.98503359e-06 1.82881474e-05 5.31930499e-05 3.98889679e-05 2.21563896e-05 5.50276659e-05 4.63271630e-05 1.43501806e-05 6.29350995e-05 7.86183077e-05 9.91656489e-06 5.41107407e-05 1.64467003e-04 3.41473002e-05 3.25941940e-04 4.72490210e-04 1.88996084e-05 2.70911972e-04 6.54855743e-05 4.77320631e-05 4.97184119e-04 6.89808811e-04 1.26553251e-04 4.07616665e-04 1.24198772e-04 4.27901214e-05 9.60107871e-05 5.25043122e-05 1.64605515e-06 3.13532588e-08 1.48846002e-09
 2023 12 19 12 00 00  3.95461434e-03 2.40677594e-03 1.34151605e-03 9.75611203e-04 7.26751992e-04 3.93591306e-04 2.91761512e-04 2.55459207e-04 5.42736827e-04 1.53248104e-04 3.90622847e-03 6.03845119e-03 2.64226452e-04 7.61558910e-05 4.85584514e-05 1.42741539e-04 4.19211894e-05 7.31134904e-05 1.43561747e-04 8.31729674e-05 1.63562515e-04 1.99630826e-04 1.12753704e-04 7.84118382e-05 5.45773764e-06 9.64964493e-06 6.11596770e-06 2.71554132e-05 5.03803822e-06 1.85149010e-05 5.41588263e-05 4.00647317e-05 2.25969459e-05 5.63273881e-05 4.94315696e-05 1.44654390e-05 6.47032375e-05 8.07814417e-05 9.93359354e-06 5.65818852e-05 1.73959670e-04 3.61651910e-05 3.39759840e-04 5.01071336e-04 2.00428534e-05 2.86788101e-04 6.81229634e-05 5.16433327e-05 5.18283834e-04 7.15530148e-04 1.33040749e-04 4.25393543e-04 1.36187332e-04 4.71470828e-05 1.06061952e-04 5.91908058e-05 1.94613270e-06 4.68540520e-08 2.89008248e-09
 2023 12 20 12 00 00  3.98905086e-03 2.42813323e-03 1.35515146e-03 9.86276443e-04 7.36483884e-04 3.98022135e-04 2.96088215e-04 2.60199263e-04 5.55076683e-04 1.56279592e-04 4.00529783e-03 6.22970127e-03 2.68972858e-04 7.71247852e-05 4.92111559e-05 1.44147769e-04 4.22605866e-05 7.37904862e-05 1.44963851e-04 8.40454188e-05 1.65168174e-04 2.01354367e-04 1.13651377e-04 7.90919694e-05 5.47998061e-06 9.74911309e-06 6.13533120e-06 2.73110297e-05 5.05708158e-06 1.86364859e-05 5.47454909e-05 4.01966012e-05 2.29255806e-05 5.71149085e-05 5.05490112e-05 1.45497892e-05 6.57397842e-05 8.21508485e-05 1.00117468e-05 5.80208219e-05 1.79466203e-04 3.69002693e-05 3.49169076e-04 5.11370152e-04 2.04548061e-05 2.95113538e-04 7.00799574e-05 5.30663354e-05 5.29754760e-04 7.29520973e-04 1.35942046e-04 4.39619597e-04 1.46879062e-04 5.10321908e-05 1.15021902e-04 6.51198261e-05 2.20992763e-06 6.03055653e-08 4.10187653e-09
 2023 12 21 12 00 00  4.00252666e-03 2.44211318e-03 1.36356054e-03 9.91717039e-04 7.40872783e-04 3.99294904e-04 2.97649701e-04 2.62047717e-04 5.59898022e-04 1.58632657e-04 4.04358175e-03 6.28283471e-03 2.71756798e-04 7.84793446e-05 4.97319283e-05 1.45184607e-04 4.23543301e-05 7.39746261e-05 1.47516297e-04 8.60964006e-05 1.65588439e-04 2.01798856e-04 1.14053887e-04 7.95868180e-05 5.48625903e-06 9.63549101e-06 6.14162709e-06 2.74194117e-05 5.10258651e-06 1.87509151e-05 5.51457999e-05 4.02329053e-05 2.30111560e-05 5.75673205e-05 5.32145437e-05 1.45772676e-05 6.65100510e-05 8.29272575e-05 9.92275673e-06 5.91762709e-05 1.82169201e-04 3.86344007e-05 3.52947809e-04 5.35912606e-04 2.14365042e-05 3.03789305e-04 7.05627666e-05 5.64272748e-05 5.41012333e-04 7.42479579e-04 1.40573668e-04 4.43129855e-04 1.48659976e-04 5.16784206e-05 1.16507825e-04 6.60509118e-05 2.24754816e-06 6.19303279e-08 4.24055422e-09
 2023 12 22 12 00 00  4.02219013e-03 2.45227833e-03 1.37023768e-03 9.97365381e-04 7.46243012e-04 4.01993756e-04 3.00171072e-04 2.64761513e-04 5.66953221e-04 1.59944650e-04 4.10035955e-03 6.39970899e-03 2.74135931e-04 7.86805362e-05 4.99931198e-05 1.44577170e-04 4.20653494e-05 7.33910478e-05 1.47169968e-04 8.59872729e-05 1.64595448e-04 2.00252737e-04 1.13538763e-04 7.93284231e-05 5.46765659e-06 9.65736835e-06 6.13977099e-06 2.73838781e-05 5.09974088e-06 1.87201029e-05 5.47271610e-05 4.01203171e-05 2.27183933e-05 5.73725437e-05 5.30504796e-05 1.45692698e-05 6.59045791e-05 8.20529500e-05 9.94004149e-06 5.89061805e-05 1.82834141e-04 3.85386229e-05 3.52268263e-04 5.34415773e-04 2.13766309e-05 3.00643813e-04 6.87527587e-05 5.62394038e-05 5.34376911e-04 7.36114555e-04 1.39483111e-04 4.34211759e-04 1.44121546e-04 5.00276557e-05 1.12692933e-04 6.34341106e-05 2.12438283e-06 5.51300076e-08 3.61432271e-09
 2023 12 23 12 00 00  4.00975597e-03 2.44582817e-03 1.36600438e-03 9.93836873e-04 7.42914614e-04 4.00298056e-04 2.98587319e-04 2.63059747e-04 5.62508838e-04 1.59116750e-04 4.06456386e-03 6.32534549e-03 2.72636693e-04 7.85648835e-05 4.98269667e-05 1.42772927e-04 4.13487869e-05 7.19495350e-05 1.46627670e-04 8.60737229e-05 1.61622072e-04 1.96479972e-04 1.12029615e-04 7.86428857e-05 5.42126727e-06 9.40704995e-06 6.12560834e-06 2.72097674e-05 5.10147584e-06 1.86065065e-05 5.37394785e-05 3.98413773e-05 2.20025046e-05 5.65073653e-05 5.31532627e-05 1.45077065e-05 6.43592654e-05 7.97980286e-05 9.74393115e-06 5.79103373e-05 1.78612635e-04 3.86102038e-05 3.44306938e-04 5.35367961e-04 2.14147184e-05 2.92295045e-04 6.43762003e-05 5.63771755e-05 5.19175049e-04 7.19740935e-04 1.37526116e-04 4.15020831e-04 1.36239267e-04 4.71615840e-05 1.06074112e-04 5.89483096e-05 1.91707289e-06 4.39626405e-08 2.59268162e-09
 2023 12 24 12 00 00  4.02363466e-03 2.45236148e-03 1.37036578e-03 9.97674658e-04 7.46632697e-04 4.02255715e-04 3.00381145e-04 2.64974390e-04 5.67486623e-04 1.59908834e-04 4.10468573e-03 6.41034395e-03 2.74208614e-04 7.85948140e-05 4.99869997e-05 1.42828426e-04 4.13762493e-05 7.20015028e-05 1.46343633e-04 8.57965264e-05 1.61837196e-04 1.96588442e-04 1.12113910e-04 7.87356867e-05 5.42319940e-06 9.64261053e-06 6.12803997e-06 2.72392315e-05 5.09513193e-06 1.86114602e-05 5.37375036e-05 3.98519274e-05 2.20239948e-05 5.66761095e-05 5.27828583e-05 1.45183454e-05 6.43784088e-05 7.98495488e-05 9.92873174e-06 5.81004954e-05 1.79976193e-04 3.83742212e-05 3.46475241e-04 5.31963843e-04 2.12785537e-05 2.92062811e-04 6.44778891e-05 5.59187960e-05 5.18485166e-04 7.19787120e-04 1.36999193e-04 4.19031284e-04 1.41339596e-04 4.90150798e-05 1.10349486e-04 6.17867348e-05 2.04403916e-06 5.04893109e-08 3.18201536e-09
 2023 12 25 12 00 00  3.97568109e-03 2.42216620e-03 1.35113095e-03 9.82811013e-04 7.33164905e-04 3.96141182e-04 2.94385856e-04 2.58400770e-04 5.50334094e-04 1.55604665e-04 3.96696908e-03 6.14473894e-03 2.67539933e-04 7.71991211e-05 4.90707879e-05 1.42324365e-04 4.15209070e-05 7.22890953e-05 1.44851000e-04 8.44853115e-05 1.61965228e-04 1.97312420e-04 1.12061532e-04 7.82997758e-05 5.43272472e-06 9.43495397e-06 6.11793948e-06 2.71524900e-05 5.06571268e-06 1.85364660e-05 5.37135173e-05 3.99080920e-05 2.21623137e-05 5.61501156e-05 5.10616053e-05 1.44744292e-05 6.41493831e-05 7.97730449e-05 9.76604060e-06 5.68583328e-05 1.75061465e-04 3.72628710e-05 3.40161832e-04 5.16126255e-04 2.06450502e-05 2.87019353e-04 6.52925693e-05 5.37631277e-05 5.14805741e-04 7.12774542e-04 1.34519822e-04 4.14113053e-04 1.31897898e-04 4.55826368e-05 1.02425861e-04 5.64537212e-05 1.80021650e-06 3.75512293e-08 2.00324664e-09
 2023 12 26 12 00 00  3.95506754e-03 2.40718637e-03 1.34176989e-03 9.75955058e-04 7.27145777e-04 3.93672554e-04 2.91852065e-04 2.55572903e-04 5.42959443e-04 1.53337634e-04 3.90790448e-03 6.03849068e-03 2.64341777e-04 7.62476708e-05 4.85783637e-05 1.42238396e-04 4.17733449e-05 7.27946172e-05 1.43641538e-04 8.33093072e-05 1.62779080e-04 1.98616192e-04 1.12373550e-04 7.80500825e-05 5.44917566e-06 9.26400244e-06 6.09764793e-06 2.71281741e-05 5.03948468e-06 1.84987575e-05 5.38763870e-05 4.00062621e-05 2.24103424e-05 5.59306994e-05 4.95260989e-05 1.43861384e-05 6.42715010e-05 8.01029996e-05 9.63200000e-06 5.56342112e-05 1.72802235e-04 3.62674124e-05 3.32382264e-04 5.01992673e-04 2.00797069e-05 2.83747443e-04 6.67880639e-05 5.18331013e-05 5.14222941e-04 7.10382374e-04 1.32577089e-04 4.11821200e-04 1.23138751e-04 4.23987036e-05 9.50777367e-05 5.15295257e-05 1.57662489e-06 2.58023150e-08 9.35730515e-10
 2023 12 27 12 00 00  3.93876778e-03 2.39564820e-03 1.33453453e-03 9.70584097e-04 7.22390792e-04 3.91692582e-04 2.89837447e-04 2.53330667e-04 5.37120088e-04 1.51606019e-04 3.86113390e-03 5.95348850e-03 2.61859360e-04 7.55477691e-05 4.82205391e-05 1.40147590e-04 4.11055982e-05 7.14536523e-05 1.42004556e-04 8.24608607e-05 1.60004385e-04 1.95126313e-04 1.10880977e-04 7.72503551e-05 5.40583605e-06 9.26629946e-06 6.07327747e-06 2.69376216e-05 5.02079965e-06 1.83447660e-05 5.28409371e-05 3.97464290e-05 2.17474822e-05 5.50159197e-05 4.84307209e-05 1.42800782e-05 6.25911039e-05 7.77556718e-05 9.63376588e-06 5.41100624e-05 1.67646751e-04 3.55511904e-05 3.21659642e-04 4.91902689e-04 1.96761076e-05 2.72195260e-04 6.27569680e-05 5.04457159e-05 4.95797013e-04 6.90483457e-04 1.28722452e-04 3.94528851e-04 1.16839229e-04 4.01089057e-05 8.97934757e-05 4.79921128e-05 1.41627028e-06 1.73965244e-08 1.72488868e-10
 2023 12 28 12 00 00  3.92404053e-03 2.38464393e-03 1.32768065e-03 9.65585547e-04 7.18012610e-04 3.89947664e-04 2.88027497e-04 2.51301058e-04 5.31840222e-04 1.49919396e-04 3.81889101e-03 5.87910712e-03 2.59518664e-04 7.47982876e-05 4.78369288e-05 1.38688642e-04 4.07029496e-05 7.06458988e-05 1.40481496e-04 8.15123029e-05 1.58301916e-04 1.93031074e-04 1.09926842e-04 7.67213833e-05 5.37966407e-06 9.22801482e-06 6.05597452e-06 2.67977521e-05 4.99996095e-06 1.82281786e-05 5.21614554e-05 3.95897863e-05 2.13492865e-05 5.43868541e-05 4.72087821e-05 1.42047487e-05 6.14526653e-05 7.62276360e-05 9.60373654e-06 5.29675368e-05 1.63805857e-04 3.47508874e-05 3.13721432e-04 4.80645148e-04 1.92258059e-05 2.63470007e-04 6.03429100e-05 4.88957332e-05 4.82650291e-04 6.76168683e-04 1.25458236e-04 3.85950646e-04 1.15675279e-04 3.96859377e-05 8.88179269e-05 4.73455536e-05 1.38742990e-06 1.59201939e-08 3.93428401e-11
 2023 12 29 12 00 00  3.88398643e-03 2.35716353e-03 1.31037941e-03 9.52608329e-04 7.06453100e-04 3.85013993e-04 2.83061447e-04 2.45797649e-04 5.17499773e-04 1.45848870e-04 3.70393560e-03 5.66660836e-03 2.53567811e-04 7.32275164e-05 4.69673408e-05 1.37057326e-04 4.04134771e-05 7.00656907e-05 1.38012722e-04 7.97086570e-05 1.56834582e-04 1.91530381e-04 1.09013556e-04 7.60218772e-05 5.36082371e-06 9.24214764e-06 6.04247107e-06 2.66214657e-05 4.95997920e-06 1.80738772e-05 5.15051629e-05 3.94771923e-05 2.10639409e-05 5.35677835e-05 4.48665582e-05 1.41459459e-05 6.02455874e-05 7.47876662e-05 9.61487458e-06 5.14620479e-05 1.57762142e-04 3.32261727e-05 3.05904386e-04 4.59078359e-04 1.83631344e-05 2.52508842e-04 5.86176990e-05 4.59408417e-05 4.67854943e-04 6.58560817e-04 1.20722220e-04 3.77874046e-04 1.12728522e-04 3.86145910e-05 8.63443987e-05 4.56762947e-05 1.31079328e-06 1.18296487e-08 1.00000000e-10
 2023 12 30 12 00 00  3.84922118e-03 2.33509924e-03 1.29633922e-03 9.41738519e-04 6.96591656e-04 3.80584009e-04 2.78707439e-04 2.41016098e-04 5.05046723e-04 1.42685474e-04 3.60398661e-03 5.47535904e-03 2.48695257e-04 7.21681292e-05 4.62908637e-05 1.36428972e-04 4.04302788e-05 7.00987759e-05 1.36739957e-04 7.86806515e-05 1.56595630e-04 1.91610922e-04 1.08800143e-04 7.56933890e-05 5.36194530e-06 9.30141541e-06 6.02879445e-06 2.65483528e-05 4.93736625e-06 1.80007195e-05 5.13710902e-05 3.94837029e-05 2.10794227e-05 5.31739698e-05 4.35407303e-05 1.40864067e-05 5.98999507e-05 7.44429982e-05 9.66155567e-06 5.04848185e-05 1.53643415e-04 3.23585904e-05 2.99923332e-04 4.46864735e-04 1.78745894e-05 2.47528111e-04 5.87058428e-05 4.42604010e-05 4.62985897e-04 6.51607496e-04 1.18481510e-04 3.75611389e-04 1.09770225e-04 3.75389169e-05 8.38602204e-05 4.39921250e-05 1.23291999e-06 8.37018064e-09 1.00000000e-10
 2023 12 31 12 00 00  3.83793405e-03 2.32561615e-03 1.29051278e-03 9.37685576e-04 6.93148839e-04 3.79335912e-04 2.77347932e-04 2.39465963e-04 5.01006116e-04 1.41176865e-04 3.57173409e-03 5.42223155e-03 2.46730700e-04 7.14205479e-05 4.59602581e-05 1.37834673e-04 4.12355002e-05 7.17147952e-05 1.36189558e-04 7.76405330e-05 1.59688389e-04 1.95808129e-04 1.10285233e-04 7.61366114e-05 5.41425543e-06 1.00975594e-05 6.02578293e-06 2.67112504e-05 4.91432547e-06 1.80623545e-05 5.23242342e-05 3.97969881e-05 2.18769128e-05 5.38794916e-05 4.21908597e-05 1.40732824e-05 6.13019429e-05 7.65798909e-05 1.02858001e-05 5.06657880e-05 1.54938883e-04 3.14794568e-05 3.03513977e-04 4.34434847e-04 1.73773939e-05 2.52051754e-04 6.35464501e-05 4.25567297e-05 4.75058354e-04 6.63321800e-04 1.18507471e-04 3.93828360e-04 1.14822346e-04 3.93748425e-05 8.80948244e-05 4.68005891e-05 1.35833569e-06 1.40626334e-08 1.00000000e-10
 2024 01 01 12 00 00  3.82928470e-03 2.32160892e-03 1.28782979e-03 9.35300183e-04 6.90826523e-04 3.78108957e-04 2.76226774e-04 2.38270285e-04 4.97901102e-04 1.40695542e-04 3.54670614e-03 5.36910556e-03 2.45760255e-04 7.14109958e-05 4.58644993e-05 1.35130009e-04 4.00765217e-05 6.93886017e-05 1.35369564e-04 7.78290792e-05 1.55033233e-04 1.89764700e-04 1.07925973e-04 7.52110338e-05 5.33897437e-06 9.36431825e-06 6.01945503e-06 2.64222062e-05 4.91869869e-06 1.78950401e-05 5.07674576e-05 3.93460563e-05 2.07286881e-05 5.25982005e-05 4.24458471e-05 1.40457531e-05 5.88769868e-05 7.30961267e-05 9.71111804e-06 4.96151345e-05 1.49812148e-04 3.16404446e-05 2.94861795e-04 4.36776452e-04 1.74710581e-05 2.39976114e-04 5.65750699e-05 4.28697473e-05 4.51359792e-04 6.38606586e-04 1.15609818e-04 3.68314353e-04 1.09114069e-04 3.72992243e-05 8.33012816e-05 4.35498710e-05 1.20796407e-06 7.27013258e-09 1.00000000e-10
