#START
 2006 01 01 12 00 00  3.62256888e-03 2.20114809e-03 1.21012344e-03 8.58088014e-04 6.11515198e-04 3.47689512e-04 2.46903040e-04 2.05475489e-04 4.19026077e-04 1.22233393e-04 2.91784929e-03 4.36682403e-03 2.16094030e-04 6.23958443e-05 4.12409054e-05 1.16640911e-04 3.27022513e-05 5.59648674e-05 1.12990993e-04 6.85600273e-05 1.31912575e-04 1.61271334e-04 9.57242997e-05 6.86614057e-05 4.83944241e-06 8.76174818e-06 5.93833356e-06 2.36710907e-05 4.82504220e-06 1.60826505e-05 4.30239477e-05 3.65485088e-05 1.45301223e-05 4.51621669e-05 3.62642226e-05 1.36939358e-05 4.53006410e-05 5.43629348e-05 9.21495230e-06 4.00013873e-05 9.93970002e-05 2.47295364e-05 2.27569220e-04 3.76241783e-04 1.50496713e-05 1.53479958e-04 2.60534609e-05 3.00678221e-05 2.93463094e-04 4.73387453e-04 8.08136329e-05 2.13051704e-04 3.70548604e-05 1.12515392e-05 2.38957707e-05 1.20851486e-05 3.80145424e-07 7.87818699e-09 4.49699122e-10
 2006 01 02 12 00 00  3.61079156e-03 2.19337612e-03 1.20520461e-03 8.54347705e-04 6.08156915e-04 3.46215094e-04 2.45436925e-04 2.03858622e-04 4.14810685e-04 1.21101162e-04 2.88403570e-03 4.30307686e-03 2.14395845e-04 6.19836430e-05 4.09868039e-05 1.15363972e-04 3.23270157e-05 5.50113036e-05 1.12036571e-04 6.81252219e-05 1.29932003e-04 1.58744631e-04 9.46659290e-05 6.81795810e-05 4.81263160e-06 8.72023520e-06 5.92771867e-06 2.35384357e-05 4.81538846e-06 1.59921588e-05 4.25158017e-05 3.63936997e-05 1.42200064e-05 4.46380164e-05 3.56987672e-05 1.36431132e-05 4.43246560e-05 5.30071272e-05 9.18041405e-06 3.92702173e-05 9.64800696e-05 2.43618488e-05 2.22173211e-04 3.71035690e-04 1.48414276e-05 1.47727153e-04 2.39996181e-05 2.93551624e-05 2.84063415e-04 4.63694329e-04 7.89739008e-05 2.05741626e-04 3.52664804e-05 1.06015122e-05 2.23958069e-05 1.10825615e-05 3.34807125e-07 5.50988268e-09 2.34870345e-10
 2006 01 03 12 00 00  3.60482676e-03 2.18934985e-03 1.20266424e-03 8.52427976e-04 6.06439297e-04 3.45474507e-04 2.44695405e-04 2.03038391e-04 4.12674402e-04 1.20508442e-04 2.86690635e-03 4.27120142e-03 2.13520218e-04 6.17580639e-05 4.08537745e-05 1.14710098e-04 3.21362400e-05 5.45306539e-05 1.11518720e-04 6.78758777e-05 1.28938254e-04 1.57476261e-04 9.41318294e-05 6.79461175e-05 4.79902665e-06 8.71969969e-06 5.92239485e-06 2.34712207e-05 4.80987655e-06 1.59449123e-05 4.22549340e-05 3.63151892e-05 1.40621632e-05 4.43817308e-05 3.53757932e-05 1.36176677e-05 4.38265010e-05 5.23180640e-05 9.17997240e-06 3.89155337e-05 9.49909941e-05 2.41511982e-05 2.19534252e-04 3.68061256e-04 1.47224502e-05 1.44729876e-04 2.29621408e-05 2.89470016e-05 2.79174148e-04 4.58702405e-04 7.79801762e-05 2.02671781e-04 3.52299317e-05 1.05882597e-05 2.23653802e-05 1.10640485e-05 3.34101674e-07 5.48302967e-09 2.32690223e-10
 2006 01 04 12 00 00  3.59810642e-03 2.18374824e-03 1.19921991e-03 8.50031647e-04 6.04403747e-04 3.44728756e-04 2.43886296e-04 2.02117448e-04 4.10271230e-04 1.19620427e-04 2.84771372e-03 4.23932597e-03 2.12359317e-04 6.13220423e-05 4.06558304e-05 1.13928830e-04 3.19454703e-05 5.40500099e-05 1.10582000e-04 6.72743074e-05 1.27943918e-04 1.56207896e-04 9.35651839e-05 6.76393749e-05 4.78542279e-06 8.70729200e-06 5.91707139e-06 2.33894494e-05 4.79646878e-06 1.58821915e-05 4.19445134e-05 3.62366816e-05 1.39043215e-05 4.40633893e-05 3.45907785e-05 1.35922193e-05 4.32280566e-05 5.15468014e-05 9.16964927e-06 3.83869545e-05 9.32765516e-05 2.36420514e-05 2.16555393e-04 3.60835379e-04 1.44334152e-05 1.40458441e-04 2.19246707e-05 2.79598986e-05 2.72680694e-04 4.51847119e-04 7.62369898e-05 1.99115552e-04 3.46960166e-05 1.03941942e-05 2.19175605e-05 1.07646408e-05 3.20556212e-07 4.77502127e-09 1.68455438e-10
 2006 01 05 12 00 00  3.57817159e-03 2.17015212e-03 1.19065315e-03 8.43605371e-04 5.98679699e-04 3.42270021e-04 2.41415862e-04 1.99382365e-04 4.03138082e-04 1.17613008e-04 2.79052633e-03 4.13307957e-03 2.09412981e-04 6.05495244e-05 4.02059421e-05 1.11749747e-04 3.13208846e-05 5.24617266e-05 1.08822401e-04 6.64062914e-05 1.24645344e-04 1.51997991e-04 9.17884635e-05 6.68520117e-05 4.74078843e-06 8.69630094e-06 5.89938390e-06 2.31667903e-05 4.77715184e-06 1.57252225e-05 4.10800163e-05 3.59789556e-05 1.33881738e-05 4.32031212e-05 3.34596145e-05 1.35075214e-05 4.15679939e-05 4.92580564e-05 9.16050485e-06 3.71806810e-05 8.83321902e-05 2.29076526e-05 2.07749015e-04 3.50422230e-04 1.40168892e-05 1.30398095e-04 1.85042882e-05 2.65362381e-05 2.56372683e-04 4.35141027e-04 7.28672954e-05 1.88747675e-04 3.42200578e-05 1.02212024e-05 2.15184036e-05 1.04981729e-05 3.08530171e-07 4.14864521e-09 1.11683485e-10
 2006 01 06 12 00 00  3.57205651e-03 2.16581008e-03 1.18793208e-03 8.41591992e-04 5.96900933e-04 3.41528423e-04 2.40661261e-04 1.98542731e-04 4.00949911e-04 1.16961399e-04 2.77298958e-03 4.10120450e-03 2.08480926e-04 6.02832467e-05 4.00603261e-05 1.11071290e-04 3.11301090e-05 5.19810768e-05 1.08225938e-04 6.60884951e-05 1.23651022e-04 1.50729622e-04 9.12479008e-05 6.65911846e-05 4.72718420e-06 8.67586132e-06 5.89405972e-06 2.30955810e-05 4.77004978e-06 1.56749321e-05 4.08081377e-05 3.59004422e-05 1.32303307e-05 4.29239803e-05 3.30438983e-05 1.34820773e-05 4.10478792e-05 4.85518497e-05 9.14350458e-06 3.67682164e-05 8.67970635e-05 2.26385251e-05 2.04952977e-04 3.46596286e-04 1.38638514e-05 1.27136119e-04 1.74668166e-05 2.60143715e-05 2.51169220e-04 4.29728086e-04 7.17280864e-05 1.85010603e-04 3.33128608e-05 9.89152372e-06 2.07579628e-05 9.99349054e-06 2.85967823e-07 2.98980902e-09 7.07029990e-12
 2006 01 07 12 00 00  3.56377433e-03 2.15974597e-03 1.18414641e-03 8.38826716e-04 5.94477137e-04 3.40539764e-04 2.39644156e-04 1.97406577e-04 3.97987373e-04 1.16041169e-04 2.74926037e-03 4.05870453e-03 2.07188748e-04 5.98916118e-05 3.98548824e-05 1.10145812e-04 3.08768766e-05 5.13415958e-05 1.07358146e-04 6.56033168e-05 1.22326222e-04 1.49040257e-04 9.05221835e-05 6.62214095e-05 4.70911618e-06 8.63329115e-06 5.88696748e-06 2.29975711e-05 4.75919696e-06 1.56053951e-05 4.04377215e-05 3.57961602e-05 1.30208733e-05 4.25333770e-05 3.24087276e-05 1.34481612e-05 4.03367436e-05 4.75969526e-05 9.10809613e-06 3.61707596e-05 8.47140488e-05 2.22275645e-05 2.01105172e-04 3.40750893e-04 1.36300357e-05 1.22563164e-04 1.60872965e-05 2.52174155e-05 2.43967346e-04 4.22159024e-04 7.00804571e-05 1.79517145e-04 3.14225682e-05 9.20458651e-06 1.91734746e-05 8.94203260e-06 2.38969997e-07 1.05564695e-09 1.00000000e-10
 2006 01 08 12 00 00  3.56759901e-03 2.16216168e-03 1.18568463e-03 8.40006267e-04 5.95540998e-04 3.41025116e-04 2.40120525e-04 1.97928674e-04 3.99353070e-04 1.16385072e-04 2.76022661e-03 4.07995135e-03 2.07720673e-04 6.00036412e-05 3.99318188e-05 1.10549228e-04 3.09959665e-05 5.16521104e-05 1.07620616e-04 6.57071767e-05 1.22977980e-04 1.49872982e-04 9.08675179e-05 6.63473740e-05 4.71767635e-06 8.61316803e-06 5.89047413e-06 2.30361429e-05 4.76157584e-06 1.56326381e-05 4.05950594e-05 3.58456688e-05 1.31189619e-05 4.26779790e-05 3.25476343e-05 1.34650356e-05 4.06409045e-05 4.80286460e-05 9.09137088e-06 3.63481292e-05 8.56341303e-05 2.23160023e-05 2.02664444e-04 3.42027410e-04 1.36810964e-05 1.24275556e-04 1.67518941e-05 2.53892154e-05 2.46831144e-04 4.24987530e-04 7.05950757e-05 1.80698388e-04 3.04413246e-05 8.84820060e-06 1.83524119e-05 8.40866428e-06 2.15964864e-07 3.04685699e-10 1.00000000e-10
 2006 01 09 12 00 00  3.56236440e-03 2.15967025e-03 1.18402454e-03 8.38545722e-04 5.94125840e-04 3.40287741e-04 2.39443148e-04 1.97204503e-04 3.97473164e-04 1.16079732e-04 2.74508119e-03 4.04807478e-03 2.07121983e-04 5.99820390e-05 3.98617338e-05 1.10016591e-04 3.08032526e-05 5.11690800e-05 1.07506284e-04 6.57997909e-05 1.21981801e-04 1.48601520e-04 9.03638717e-05 6.61687777e-05 4.70394989e-06 8.60326036e-06 5.88514085e-06 2.29810998e-05 4.76377281e-06 1.56000636e-05 4.03801644e-05 3.57664772e-05 1.29594046e-05 4.24679960e-05 3.26754118e-05 1.34395697e-05 4.02360941e-05 4.74154426e-05 9.08314905e-06 3.61330942e-05 8.43545428e-05 2.23954819e-05 2.00238926e-04 3.43199309e-04 1.37279724e-05 1.22491254e-04 1.57079194e-05 2.55440013e-05 2.43473206e-04 4.21710268e-04 7.03252561e-05 1.77322579e-04 2.98693267e-05 8.64063727e-06 1.78751183e-05 8.10925126e-06 2.03840995e-07 1.00000000e-10 1.00000000e-10
 2006 01 10 12 00 00  3.56424100e-03 2.16083465e-03 1.18476797e-03 8.39110363e-04 5.94631948e-04 3.40525338e-04 2.39675351e-04 1.97458037e-04 3.98140584e-04 1.16243023e-04 2.75044172e-03 4.05869596e-03 2.07378192e-04 6.00310624e-05 3.98980953e-05 1.10207969e-04 3.08574585e-05 5.13178005e-05 1.07620387e-04 6.58411358e-05 1.22301305e-04 1.49009403e-04 9.05322412e-05 6.62366703e-05 4.70789382e-06 8.60617729e-06 5.88686707e-06 2.29991905e-05 4.76477471e-06 1.56122090e-05 4.04527027e-05 3.57893645e-05 1.30037384e-05 4.25437545e-05 3.27336020e-05 1.34479502e-05 4.03809159e-05 4.76213614e-05 9.08559668e-06 3.62311030e-05 8.47883952e-05 2.24311443e-05 2.01045177e-04 3.43732357e-04 1.37492943e-05 1.23284598e-04 1.60223688e-05 2.56135681e-05 2.44782414e-04 4.23034996e-04 7.05500743e-05 1.78190595e-04 2.98474438e-05 8.63303112e-06 1.78592619e-05 8.11858076e-06 2.05701655e-07 7.87920840e-11 1.00000000e-10
 2006 01 11 12 00 00  3.56210796e-03 2.15922636e-03 1.18376715e-03 8.38375129e-04 5.93984780e-04 3.40272327e-04 2.39411871e-04 1.97161716e-04 3.97373025e-04 1.15994675e-04 2.74430729e-03 4.04806808e-03 2.07035292e-04 5.99174407e-05 3.98419782e-05 1.09960206e-04 3.07882030e-05 5.11506340e-05 1.07364915e-04 6.56952325e-05 1.21962732e-04 1.48577599e-04 9.03450330e-05 6.61409418e-05 4.70300292e-06 8.60096479e-06 5.88506264e-06 2.29722761e-05 4.76164532e-06 1.55926694e-05 4.03523740e-05 3.57612123e-05 1.29461230e-05 4.24423346e-05 3.25496047e-05 1.34394053e-05 4.01913308e-05 4.73684974e-05 9.08128641e-06 3.60746863e-05 8.42302196e-05 2.23086681e-05 2.00059319e-04 3.42034730e-04 1.36813892e-05 1.22026609e-04 1.56575930e-05 2.53767619e-05 2.42790345e-04 4.20950402e-04 7.00744885e-05 1.76779886e-04 2.94357839e-05 8.48384548e-06 1.75171574e-05 7.91518635e-06 1.98328347e-07 1.00000000e-10 1.00000000e-10
 2006 01 12 12 00 00  3.56176052e-03 2.15855070e-03 1.18337818e-03 8.38151640e-04 5.93821301e-04 3.40262466e-04 2.39376380e-04 1.97110959e-04 3.97245608e-04 1.15867141e-04 2.74331936e-03 4.04806435e-03 2.06909805e-04 5.98249135e-05 3.98135175e-05 1.09894744e-04 3.07799492e-05 5.11405175e-05 1.07174803e-04 6.55421754e-05 1.21951978e-04 1.48564488e-04 9.03257963e-05 6.61017169e-05 4.70248306e-06 8.59113497e-06 5.88501971e-06 2.29631254e-05 4.75830857e-06 1.55843932e-05 4.03231362e-05 3.57583223e-05 1.29388412e-05 4.24081068e-05 3.23537824e-05 1.34393165e-05 4.01387025e-05 4.73200245e-05 9.07313442e-06 3.59880095e-05 8.41000409e-05 2.21797454e-05 1.99840625e-04 3.40229800e-04 1.36091920e-05 1.21419678e-04 1.56299997e-05 2.51272140e-05 2.41978904e-04 4.20008982e-04 6.97333893e-05 1.76174664e-04 2.88257384e-05 8.26255032e-06 1.70086511e-05 7.60049379e-06 1.85916591e-07 1.00000000e-10 1.00000000e-10
 2006 01 13 12 00 00  3.56327094e-03 2.15896628e-03 1.18369105e-03 8.38482829e-04 5.94166606e-04 3.40495772e-04 2.39574325e-04 1.97313835e-04 3.97781034e-04 1.15889467e-04 2.74766728e-03 4.05868441e-03 2.07028708e-04 5.97714772e-05 3.98183301e-05 1.10021802e-04 3.08322138e-05 5.12868573e-05 1.07080334e-04 6.54128671e-05 1.22268825e-04 1.48969277e-04 9.04773734e-05 6.61357480e-05 4.70630475e-06 8.59147185e-06 5.88673574e-06 2.29737919e-05 4.75557972e-06 1.55887239e-05 4.03710583e-05 3.57805315e-05 1.29814609e-05 4.24546721e-05 3.21930682e-05 1.34476766e-05 4.02340317e-05 4.74836674e-05 9.07344656e-06 3.60053404e-05 8.44182410e-05 2.20715752e-05 2.00489378e-04 3.38745572e-04 1.35498229e-05 1.21592798e-04 1.59379459e-05 2.49183038e-05 2.42487112e-04 4.20416499e-04 6.95912664e-05 1.76828894e-04 2.86255578e-05 8.19029628e-06 1.68443877e-05 7.51969881e-06 1.84356698e-07 1.00000000e-10 1.00000000e-10
 2006 01 14 12 00 00  3.56709781e-03 2.16141721e-03 1.18524880e-03 8.39661398e-04 5.95220995e-04 3.40976297e-04 2.40048170e-04 1.97833590e-04 3.99144916e-04 1.16239509e-04 2.75861512e-03 4.07992862e-03 2.07565271e-04 5.98873225e-05 3.98964867e-05 1.10421431e-04 3.09459632e-05 5.15908177e-05 1.07347852e-04 6.55241660e-05 1.22914784e-04 1.49793503e-04 9.08200436e-05 6.62859398e-05 4.71452913e-06 8.60656874e-06 5.89021511e-06 2.30133231e-05 4.75816487e-06 1.56152732e-05 4.05252878e-05 3.58281686e-05 1.30748347e-05 4.26190653e-05 3.23437649e-05 1.34644943e-05 4.05382122e-05 4.79106778e-05 9.08603251e-06 3.62294253e-05 8.53255533e-05 2.21666312e-05 2.02202282e-04 3.40129325e-04 1.36051730e-05 1.23320812e-04 1.65846737e-05 2.51031452e-05 2.45309718e-04 4.23318313e-04 7.01117499e-05 1.79014014e-04 2.90863449e-05 8.35822643e-06 1.72340693e-05 7.80576576e-06 1.99141155e-07 2.01050909e-10 1.00000000e-10
 2006 01 15 12 00 00  3.57109195e-03 2.16422305e-03 1.18700957e-03 8.40943812e-04 5.96342138e-04 3.41457498e-04 2.40536263e-04 1.98374589e-04 4.00566106e-04 1.16655648e-04 2.77001416e-03 4.10117209e-03 2.08164966e-04 6.00485499e-05 3.99886861e-05 1.10847915e-04 3.10592266e-05 5.18941903e-05 1.07702425e-04 6.57119614e-05 1.23561208e-04 1.50616952e-04 9.11696588e-05 6.64786956e-05 4.72272186e-06 8.66094488e-06 5.89369192e-06 2.30582833e-05 4.76254208e-06 1.56451408e-05 4.06920296e-05 3.58756341e-05 1.31677807e-05 4.28190380e-05 3.25988658e-05 1.34813075e-05 4.08683127e-05 4.83570171e-05 9.13130061e-06 3.65401809e-05 8.62841368e-05 2.23271563e-05 2.04174951e-04 3.42471355e-04 1.36988542e-05 1.25353823e-04 1.72297761e-05 2.54153740e-05 2.48477140e-04 4.26737094e-04 7.07938970e-05 1.82463277e-04 3.12288789e-05 9.13745093e-06 1.90344558e-05 9.03616428e-06 2.56731075e-07 2.52943213e-09 1.00000000e-10
 2006 01 16 12 00 00  3.57339694e-03 2.16629343e-03 1.18827182e-03 8.41775899e-04 5.97021844e-04 3.41696662e-04 2.40805372e-04 1.98683350e-04 4.01381887e-04 1.16988076e-04 2.77653261e-03 4.11179289e-03 2.08583386e-04 6.02156258e-05 4.00615232e-05 1.11108992e-04 3.11119773e-05 5.20411180e-05 1.08046378e-04 6.59517886e-05 1.23880285e-04 1.51022516e-04 9.13557155e-05 6.66177630e-05 4.72657448e-06 8.71202938e-06 5.89541050e-06 2.30868682e-05 4.76810856e-06 1.56657975e-05 4.07938891e-05 3.58980091e-05 1.32108267e-05 4.29543241e-05 3.29234172e-05 1.34896705e-05 4.10735685e-05 4.86096301e-05 9.17382422e-06 3.67912501e-05 8.68443006e-05 2.25319673e-05 2.05378062e-04 3.45451677e-04 1.38180671e-05 1.26893216e-04 1.75393492e-05 2.58136221e-05 2.50674390e-04 4.29227329e-04 7.14380375e-05 1.84899057e-04 3.32599383e-05 9.87608596e-06 2.07408325e-05 1.01996264e-05 3.10998030e-07 5.48966499e-09 2.64322764e-10
 2006 01 17 12 00 00  3.56721856e-03 2.16463860e-03 1.18701528e-03 8.40334572e-04 5.95473818e-04 3.40719272e-04 2.39974220e-04 1.97825071e-04 3.99159084e-04 1.16893641e-04 2.75852943e-03 4.06929106e-03 2.08087529e-04 6.04103728e-05 4.00370095e-05 1.10534526e-04 3.08553485e-05 5.13974752e-05 1.08340354e-04 6.64492138e-05 1.22552813e-04 1.49327749e-04 9.07188719e-05 6.64499955e-05 4.70829254e-06 8.70037693e-06 5.88830007e-06 2.30283125e-05 4.77938665e-06 1.56388351e-05 4.05595167e-05 3.57925339e-05 1.29983702e-05 4.27339602e-05 3.35825724e-05 1.34557180e-05 4.06391801e-05 4.78791174e-05 9.16414574e-06 3.66753609e-05 8.53774439e-05 2.29545505e-05 2.02449254e-04 3.51512930e-04 1.40605172e-05 1.25858962e-04 1.61484655e-05 2.66339164e-05 2.47903397e-04 4.26807283e-04 7.18746084e-05 1.80638450e-04 3.26464164e-05 9.65335030e-06 2.02281409e-05 9.87200299e-06 2.97269999e-07 4.85511240e-09 2.08873452e-10
 2006 01 18 12 00 00  3.56437434e-03 2.16153497e-03 1.18515687e-03 8.39152217e-04 5.94532301e-04 3.40463182e-04 2.39648317e-04 1.97435254e-04 3.98141955e-04 1.16365322e-04 2.75046313e-03 4.05866466e-03 2.07474879e-04 6.00981173e-05 3.99195947e-05 1.10168781e-04 3.07880342e-05 5.12327068e-05 1.07692460e-04 6.59702811e-05 1.22217705e-04 1.48899055e-04 9.05020356e-05 6.63292891e-05 4.70352352e-06 8.74454126e-06 5.88650655e-06 2.29921794e-05 4.76874629e-06 1.56050152e-05 4.04156153e-05 3.57650657e-05 1.29424734e-05 4.26116243e-05 3.29593779e-05 1.34471964e-05 4.03629078e-05 4.75544582e-05 9.20090752e-06 3.64351108e-05 8.46191122e-05 2.25494892e-05 2.01460948e-04 3.45775423e-04 1.38310169e-05 1.23446139e-04 1.57902061e-05 2.58487824e-05 2.44420607e-04 4.23176537e-04 7.06941364e-05 1.80751875e-04 3.44123760e-05 1.02955509e-05 2.17116132e-05 1.08820218e-05 3.44276656e-07 7.41169721e-09 4.43367032e-10
 2006 01 19 12 00 00  3.56580960e-03 2.16175719e-03 1.18536010e-03 8.39440147e-04 5.94860105e-04 3.40701267e-04 2.39842990e-04 1.97631834e-04 3.98655284e-04 1.16352320e-04 2.75463623e-03 4.06928696e-03 2.07561686e-04 6.00218407e-05 3.99172775e-05 1.10288729e-04 3.08461225e-05 5.13861654e-05 1.07559536e-04 6.58011646e-05 1.22543144e-04 1.49313090e-04 9.06533917e-05 6.63949086e-05 4.70771192e-06 8.79559375e-06 5.88825242e-06 2.30063637e-05 4.76500609e-06 1.56086565e-05 4.04640593e-05 3.57893063e-05 1.29902313e-05 4.26857988e-05 3.27401969e-05 1.34556161e-05 4.04578256e-05 4.77200260e-05 9.24339183e-06 3.65041250e-05 8.49385751e-05 2.24065909e-05 2.02368007e-04 3.43756938e-04 1.37502775e-05 1.23540126e-04 1.61176213e-05 2.55718944e-05 2.44825898e-04 4.23615675e-04 7.04783492e-05 1.83180325e-04 3.65295750e-05 1.10652882e-05 2.34887553e-05 1.20809585e-05 3.99294129e-07 1.03463332e-08 7.11120540e-10
 2006 01 20 12 00 00  3.56644411e-03 2.16309440e-03 1.18612707e-03 8.39839147e-04 5.95122112e-04 3.40703404e-04 2.39898464e-04 1.97715129e-04 3.98878056e-04 1.16602725e-04 2.75635743e-03 4.06928621e-03 2.07802943e-04 6.01998607e-05 3.99722123e-05 1.10393714e-04 3.08436924e-05 5.13831910e-05 1.07912444e-04 6.60996418e-05 1.22541330e-04 1.49309236e-04 9.06794749e-05 6.64763187e-05 4.70755949e-06 8.83417597e-06 5.88824005e-06 2.30198211e-05 4.77172289e-06 1.56213123e-05 4.05046658e-05 3.57884594e-05 1.29880893e-05 4.27543830e-05 3.31330724e-05 1.34555899e-05 4.05432669e-05 4.77874436e-05 9.27550063e-06 3.66875512e-05 8.51228483e-05 2.26597462e-05 2.02787199e-04 3.47371253e-04 1.38948501e-05 1.24623833e-04 1.61095071e-05 2.60630419e-05 2.46151578e-04 4.25249415e-04 7.11089092e-05 1.84430929e-04 3.81244471e-05 1.16451393e-05 2.48275565e-05 1.29849040e-05 4.40827205e-07 1.25656243e-08 9.13704490e-10
 2006 01 21 12 00 00  3.57784131e-03 2.17011455e-03 1.19061281e-03 8.43334576e-04 5.98304086e-04 3.42169480e-04 2.41326651e-04 1.99276983e-04 4.02953756e-04 1.17592889e-04 2.78909849e-03 4.13303114e-03 2.09361450e-04 6.05076577e-05 4.01942149e-05 1.11600153e-04 3.12126183e-05 5.23290189e-05 1.08650806e-04 6.63615938e-05 1.24513917e-04 1.51825918e-04 9.17181921e-05 6.69259984e-05 4.73397340e-06 8.87815768e-06 5.89882256e-06 2.31439763e-05 4.77765861e-06 1.57030799e-05 4.09842453e-05 3.59410595e-05 1.32926361e-05 4.32500303e-05 3.34799814e-05 1.35063470e-05 4.14653089e-05 4.90941968e-05 9.31210307e-06 3.73421089e-05 8.79065966e-05 2.28822450e-05 2.08024561e-04 3.50561369e-04 1.40224548e-05 1.29726728e-04 1.81422554e-05 2.64949253e-05 2.54680247e-04 4.33971544e-04 7.25688004e-05 1.91623922e-04 3.99388267e-05 1.23048066e-05 2.63506881e-05 1.40138258e-05 4.88139651e-07 1.50965054e-08 1.14480105e-09
 2006 01 22 12 00 00  3.59373227e-03 2.18093041e-03 1.19742921e-03 8.48433396e-04 6.02837410e-04 3.44127683e-04 2.43292508e-04 2.01451692e-04 4.08633381e-04 1.19186007e-04 2.83464588e-03 4.21802402e-03 2.11703001e-04 6.11130873e-05 4.05503715e-05 1.13325171e-04 3.17030703e-05 5.35883475e-05 1.10023514e-04 6.70373964e-05 1.27140929e-04 1.55179183e-04 9.31323355e-05 6.75421061e-05 4.76910063e-06 8.87685237e-06 5.91292410e-06 2.33179352e-05 4.79287228e-06 1.58261503e-05 4.16655977e-05 3.61440121e-05 1.36974151e-05 4.39248573e-05 3.43697990e-05 1.35740047e-05 4.27783383e-05 5.09067837e-05 9.31102477e-06 3.82822920e-05 9.18146503e-05 2.34554653e-05 2.14951956e-04 3.58747090e-04 1.43498836e-05 1.37652645e-04 2.08477140e-05 2.76070525e-05 2.67517199e-04 4.47086890e-04 7.52075004e-05 1.99428462e-04 3.98203528e-05 1.22618913e-05 2.62523730e-05 1.39565138e-05 4.86154551e-07 1.50388558e-08 1.14074901e-09
 2006 01 23 12 00 00  3.60514286e-03 2.18798926e-03 1.20193656e-03 8.51935599e-04 6.06020244e-04 3.45592507e-04 2.44720809e-04 2.03014026e-04 4.12711967e-04 1.20183028e-04 2.86741453e-03 4.28176746e-03 2.13267344e-04 6.14244236e-05 4.07735065e-05 1.14532039e-04 3.20705323e-05 5.45323768e-05 1.10765325e-04 6.73058617e-05 1.29110392e-04 1.57693532e-04 9.41708719e-05 6.79570390e-05 4.79542250e-06 8.87099886e-06 5.92349825e-06 2.34386633e-05 4.79901792e-06 1.59079615e-05 4.21439538e-05 3.62961029e-05 1.40006756e-05 4.43907082e-05 3.47286114e-05 1.36247429e-05 4.36959978e-05 5.22105433e-05 9.30616661e-06 3.88743198e-05 9.45928072e-05 2.36840264e-05 2.19933656e-04 3.62044688e-04 1.44817875e-05 1.42741694e-04 2.28755714e-05 2.80510256e-05 2.76057400e-04 4.55670527e-04 7.66784128e-05 2.05023903e-04 3.94978199e-05 1.21448251e-05 2.59830469e-05 1.37860036e-05 4.79130443e-07 1.47240584e-08 1.11352634e-09
 2006 01 24 12 00 00  3.61248180e-03 2.19215550e-03 1.20463095e-03 8.54098774e-04 6.08021463e-04 3.46564564e-04 2.45647166e-04 2.04017751e-04 4.15333674e-04 1.20745970e-04 2.88851200e-03 4.32426259e-03 2.14210756e-04 6.15578176e-05 4.08994385e-05 1.15288344e-04 3.23126005e-05 5.51581674e-05 1.11107987e-04 6.73616363e-05 1.30419474e-04 1.59365143e-04 9.48501654e-05 6.82060576e-05 4.81278767e-06 8.86170383e-06 5.93053301e-06 2.35130988e-05 4.80043382e-06 1.59565739e-05 4.24435395e-05 3.63964733e-05 1.42002769e-05 4.46773249e-05 3.48104542e-05 1.36585368e-05 4.42700665e-05 5.30467160e-05 9.29844828e-06 3.92053958e-05 9.63552548e-05 2.37326589e-05 2.23114250e-04 3.62792500e-04 1.45117000e-05 1.45674764e-04 2.42177426e-05 2.81462329e-05 2.81151482e-04 4.60698882e-04 7.73912846e-05 2.08460468e-04 3.89908460e-05 1.19608055e-05 2.55596355e-05 1.35173823e-05 4.68021889e-07 1.42226444e-08 1.07005969e-09
 2006 01 25 12 00 00  3.60524496e-03 2.18829577e-03 1.20210876e-03 8.51988716e-04 6.06026158e-04 3.45579937e-04 2.44721006e-04 2.03017818e-04 4.12735914e-04 1.20237961e-04 2.86761535e-03 4.28176112e-03 2.13314950e-04 6.14566896e-05 4.07836896e-05 1.14534722e-04 3.20559717e-05 5.45145303e-05 1.10810752e-04 6.73641218e-05 1.29091129e-04 1.57670388e-04 9.41677141e-05 6.79341120e-05 4.79450573e-06 8.83151370e-06 5.92342330e-06 2.34339752e-05 4.80066810e-06 1.59079006e-05 4.21402354e-05 3.62910039e-05 1.39878233e-05 4.43685847e-05 3.48230387e-05 1.36245842e-05 4.36951081e-05 5.22008424e-05 9.27334986e-06 3.88429569e-05 9.45720640e-05 2.37362401e-05 2.19700036e-04 3.62902580e-04 1.45161032e-05 1.42853648e-04 2.28268735e-05 2.81541143e-05 2.76128624e-04 4.55656497e-04 7.67746194e-05 2.03430295e-04 3.75625516e-05 1.14419601e-05 2.43638471e-05 1.27353580e-05 4.33903085e-07 1.25349338e-08 9.19384924e-10
 2006 01 26 12 00 00  3.60670938e-03 2.18863110e-03 1.20237493e-03 8.52289042e-04 6.06345946e-04 3.45810712e-04 2.44913353e-04 2.03212930e-04 4.13253102e-04 1.20244831e-04 2.87182475e-03 4.29238006e-03 2.13418015e-04 6.13911041e-05 4.07847961e-05 1.14651621e-04 3.21058033e-05 5.46578900e-05 1.10688664e-04 6.72151917e-05 1.29403685e-04 1.58071307e-04 9.43160494e-05 6.79297213e-05 4.79817463e-06 8.78386709e-06 5.92512661e-06 2.34400191e-05 4.79755545e-06 1.59109314e-05 4.21821903e-05 3.63123574e-05 1.40282966e-05 4.43820841e-05 3.46395536e-05 1.36329167e-05 4.37777153e-05 5.23539936e-05 9.23373300e-06 3.87883023e-05 9.48643354e-05 2.36119085e-05 2.20075405e-04 3.61206946e-04 1.44482778e-05 1.42912699e-04 2.31266924e-05 2.79141590e-05 2.76515032e-04 4.55783184e-04 7.65861128e-05 2.02557821e-04 3.53488072e-05 1.06377043e-05 2.25098442e-05 1.15178989e-05 3.80419797e-07 9.86046942e-09 6.79835299e-10
 2006 01 27 12 00 00  3.60288561e-03 2.18632230e-03 1.20089455e-03 8.51098763e-04 6.05242699e-04 3.45309915e-04 2.44427240e-04 2.02680528e-04 4.11875545e-04 1.19918541e-04 2.86077477e-03 4.27112579e-03 2.12897488e-04 6.12857039e-05 4.07101224e-05 1.14232645e-04 3.19697225e-05 5.43265371e-05 1.10421523e-04 6.71268324e-05 1.28728802e-04 1.57211585e-04 9.39619469e-05 6.77499686e-05 4.78854490e-06 8.73450772e-06 5.92153119e-06 2.33923739e-05 4.79583177e-06 1.58812502e-05 4.20110703e-05 3.62569059e-05 1.39152151e-05 4.41892206e-05 3.45370965e-05 1.36158575e-05 4.34542823e-05 5.18971952e-05 9.19268932e-06 3.85189488e-05 9.38834798e-05 2.35391548e-05 2.18080127e-04 3.60255945e-04 1.44102378e-05 1.41117875e-04 2.24052797e-05 2.77744082e-05 2.73491301e-04 4.52587941e-04 7.60723740e-05 1.98762933e-04 3.30761820e-05 9.81201169e-06 2.06062036e-05 1.02652443e-05 3.25199173e-07 7.08419492e-09 4.30767599e-10
 2006 01 28 12 00 00  3.59060589e-03 2.17755929e-03 1.19540531e-03 8.47035900e-04 6.01652130e-04 3.43823675e-04 2.42910978e-04 2.00991252e-04 4.07476541e-04 1.18599337e-04 2.82554348e-03 4.20737378e-03 2.11015780e-04 6.07374705e-05 4.04141713e-05 1.12862746e-04 3.15852580e-05 5.33616694e-05 1.09187731e-04 6.64666237e-05 1.26736072e-04 1.54670208e-04 9.28771503e-05 6.72124117e-05 4.76115310e-06 8.67804993e-06 5.91086828e-06 2.32471294e-05 4.78127295e-06 1.57791483e-05 4.14632025e-05 3.60988692e-05 1.35969574e-05 4.36163596e-05 3.36837256e-05 1.35649330e-05 4.24042792e-05 5.04746592e-05 9.14573247e-06 3.76628702e-05 9.07866184e-05 2.29816680e-05 2.12377023e-04 3.52395806e-04 1.40958322e-05 1.34493086e-04 2.03205796e-05 2.66944058e-05 2.62938975e-04 4.41554669e-04 7.37356296e-05 1.90714007e-04 3.05459802e-05 8.89258326e-06 1.84857119e-05 8.86113467e-06 2.62659664e-07 3.88993850e-09 1.42872814e-10
 2006 01 29 12 00 00  3.58444457e-03 2.17317434e-03 1.19265689e-03 8.44985580e-04 5.99830983e-04 3.43074662e-04 2.42146924e-04 2.00139266e-04 4.05263729e-04 1.17937885e-04 2.80783462e-03 4.17549536e-03 2.10070605e-04 6.04585873e-05 4.02648382e-05 1.12167600e-04 3.13867175e-05 5.28715027e-05 1.08552588e-04 6.61305094e-05 1.25732187e-04 1.53389503e-04 9.23305539e-05 6.69516262e-05 4.74705957e-06 8.66500632e-06 5.90550408e-06 2.31733740e-05 4.77402828e-06 1.57267122e-05 4.11845928e-05 3.60176404e-05 1.34322618e-05 4.33352718e-05 3.32580355e-05 1.35394032e-05 4.18737400e-05 4.97537135e-05 9.13489494e-06 3.72504809e-05 8.92126029e-05 2.26992415e-05 2.09564085e-04 3.48469453e-04 1.39387781e-05 1.31140403e-04 1.92571373e-05 2.61481502e-05 2.57552262e-04 4.35974053e-04 7.25423999e-05 1.87058670e-04 2.98879265e-05 8.65362517e-06 1.79354106e-05 8.50628921e-06 2.47550267e-07 3.17181614e-09 7.95510657e-11
 2006 01 30 12 00 00  3.57506278e-03 2.16766784e-03 1.18911255e-03 8.42134928e-04 5.97189579e-04 3.41838713e-04 2.40957608e-04 1.98843077e-04 4.01896525e-04 1.17174815e-04 2.78078288e-03 4.12236676e-03 2.08826379e-04 6.02406424e-05 4.00919419e-05 1.11166560e-04 3.10627744e-05 5.20630798e-05 1.07997566e-04 6.59810088e-05 1.24068384e-04 1.51266026e-04 9.14613901e-05 6.66024081e-05 4.72400898e-06 8.65445691e-06 5.89659976e-06 2.30693229e-05 4.77091999e-06 1.56585621e-05 4.07818768e-05 3.58846970e-05 1.31639055e-05 4.29408384e-05 3.30746610e-05 1.34969276e-05 4.11115863e-05 4.86575862e-05 9.12613032e-06 3.67640076e-05 8.68767835e-05 2.25745593e-05 2.05294290e-04 3.46774311e-04 1.38709725e-05 1.27063148e-04 1.75079826e-05 2.59076100e-05 2.50534194e-04 4.28924177e-04 7.14409920e-05 1.81604631e-04 2.93501524e-05 8.45835502e-06 1.74857730e-05 8.21699939e-06 2.35280448e-07 2.59254151e-09 2.85817148e-11
 2006 01 31 12 00 00  3.56493936e-03 2.16058912e-03 1.18466669e-03 8.38818790e-04 5.94245292e-04 3.40601664e-04 2.39704301e-04 1.97450407e-04 3.98269881e-04 1.16117511e-04 2.75172680e-03 4.06924039e-03 2.07299126e-04 5.98139172e-05 3.98546046e-05 1.10044153e-04 3.07431997e-05 5.12600061e-05 1.07030241e-04 6.54810865e-05 1.22409564e-04 1.49149502e-04 9.05625370e-05 6.61843529e-05 4.70123305e-06 8.63573950e-06 5.88771873e-06 2.29523480e-05 4.75990346e-06 1.55758373e-05 4.03339254e-05 3.57532816e-05 1.28994056e-05 4.24888569e-05 3.24289111e-05 1.34545000e-05 4.02545141e-05 4.74864421e-05 9.11056923e-06 3.61108207e-05 8.43338114e-05 2.21524970e-05 2.00730413e-04 3.40826250e-04 1.36330500e-05 1.21746762e-04 1.57734423e-05 2.50900048e-05 2.41980667e-04 4.20089968e-04 6.96021618e-05 1.75830076e-04 2.84657481e-05 8.13708239e-06 1.67453194e-05 7.73262122e-06 2.14137643e-07 1.57151145e-09 1.00000000e-10
 2006 02 01 12 00 00  3.55329356e-03 2.15312699e-03 1.17992502e-03 8.35158998e-04 5.90930669e-04 3.39122429e-04 2.38246844e-04 1.95848122e-04 3.94098229e-04 1.15042908e-04 2.71824485e-03 4.00549024e-03 2.05655197e-04 5.94424486e-05 3.96131060e-05 1.08784677e-04 3.03616514e-05 5.02987183e-05 1.06154523e-04 6.51156064e-05 1.20422141e-04 1.46612767e-04 8.95065756e-05 6.57406928e-05 4.67402460e-06 8.63380410e-06 5.87707109e-06 2.28230579e-05 4.75183551e-06 1.54871768e-05 3.98302835e-05 3.55962635e-05 1.25837207e-05 4.19962505e-05 3.19560495e-05 1.34036076e-05 3.92952057e-05 4.61389563e-05 9.10897288e-06 3.54591527e-05 8.14400014e-05 2.18438159e-05 1.95553235e-04 3.36471130e-04 1.34588452e-05 1.16227336e-04 1.36984934e-05 2.44919560e-05 2.32807444e-04 4.10789995e-04 6.78982291e-05 1.69656204e-04 2.82862104e-05 8.07205197e-06 1.65963639e-05 7.64604517e-06 2.11160192e-07 1.51104409e-09 1.00000000e-10
 2006 02 02 12 00 00  3.55292578e-03 2.15241145e-03 1.17951317e-03 8.34922506e-04 5.90757786e-04 3.39111992e-04 2.38209301e-04 1.95794447e-04 3.93963435e-04 1.14907875e-04 2.71719934e-03 4.00548652e-03 2.05522382e-04 5.93446126e-05 3.95830108e-05 1.08715443e-04 3.03529145e-05 5.02880081e-05 1.05953797e-04 6.49537309e-05 1.20410986e-04 1.46598879e-04 8.94862104e-05 6.57057447e-05 4.67347454e-06 8.63146051e-06 5.87702561e-06 2.28139172e-05 4.74830085e-06 1.54784184e-05 3.97995457e-05 3.55932076e-05 1.25760096e-05 4.19653593e-05 3.17486614e-05 1.34035115e-05 3.92403635e-05 4.60881077e-05 9.10703238e-06 3.53793217e-05 8.13030995e-05 2.17074194e-05 1.95362034e-04 3.34559747e-04 1.33823899e-05 1.15590576e-04 1.36692746e-05 2.42279057e-05 2.31948843e-04 4.09823579e-04 6.75374593e-05 1.69369580e-04 2.81179859e-05 8.01106585e-06 1.64564070e-05 7.56158345e-06 2.07996699e-07 1.43104835e-09 1.00000000e-10
 2006 02 03 12 00 00  3.54913631e-03 2.15014416e-03 1.17805809e-03 8.33758127e-04 5.89681695e-04 3.38615429e-04 2.37729217e-04 1.95270042e-04 3.92602582e-04 1.14590356e-04 2.70626858e-03 3.98423374e-03 2.05012329e-04 5.92485214e-05 3.95111181e-05 1.08307196e-04 3.02211993e-05 4.99620102e-05 1.05713266e-04 6.48794230e-05 1.19743375e-04 1.45746092e-04 8.91358543e-05 6.55792636e-05 4.66411984e-06 8.65077527e-06 5.87345312e-06 2.27726122e-05 4.74674489e-06 1.54501101e-05 3.96350098e-05 3.55392782e-05 1.24667815e-05 4.18184850e-05 3.16569203e-05 1.33864989e-05 3.89315466e-05 4.56441954e-05 9.12311152e-06 3.52078928e-05 8.03533756e-05 2.16453511e-05 1.93749693e-04 3.33712109e-04 1.33484844e-05 1.13908998e-04 1.29624648e-05 2.41080968e-05 2.29045363e-04 4.06971424e-04 6.70620497e-05 1.67880744e-04 2.88811097e-05 8.28860298e-06 1.70976273e-05 7.99949419e-06 2.28472000e-07 2.46669165e-09 2.30421904e-11
 2006 02 04 12 00 00  3.54907441e-03 2.15005909e-03 1.17800845e-03 8.33715928e-04 5.89641074e-04 3.38607980e-04 2.37719819e-04 1.95258108e-04 3.92577258e-04 1.14573817e-04 2.70606543e-03 3.98423076e-03 2.04994572e-04 5.92362122e-05 3.95073739e-05 1.08290893e-04 3.02134344e-05 4.99524933e-05 1.05685076e-04 6.48602436e-05 1.19733154e-04 1.45733755e-04 8.91291776e-05 6.55594880e-05 4.66363126e-06 8.63266323e-06 5.87341274e-06 2.27683129e-05 4.74635890e-06 1.54477776e-05 3.96240238e-05 3.55365628e-05 1.24599275e-05 4.18007601e-05 3.16340680e-05 1.33864130e-05 3.89157565e-05 4.56268954e-05 9.10804956e-06 3.51716610e-05 8.03091979e-05 2.16294633e-05 1.93595897e-04 3.33500435e-04 1.33400174e-05 1.13776977e-04 1.29364969e-05 2.40775218e-05 2.28848429e-04 4.06707434e-04 6.70068459e-05 1.67172402e-04 2.80618134e-05 7.99090303e-06 1.64111210e-05 7.54590001e-06 2.08340549e-07 1.49179069e-09 1.00000000e-10
 2006 02 05 12 00 00  3.55348206e-03 2.15369448e-03 1.18024669e-03 8.35263586e-04 5.90949746e-04 3.39096447e-04 2.38248085e-04 1.95857853e-04 3.94149203e-04 1.15146451e-04 2.71862104e-03 4.00547683e-03 2.05747539e-04 5.95119830e-05 3.96348068e-05 1.08792363e-04 3.03315523e-05 5.02618204e-05 1.06274552e-04 6.52381452e-05 1.20383998e-04 1.46564929e-04 8.94991363e-05 6.57376433e-05 4.67213067e-06 8.61473600e-06 5.87691538e-06 2.28174633e-05 4.75485140e-06 1.54868495e-05 3.98182298e-05 3.55857308e-05 1.25571576e-05 4.19893408e-05 3.21308675e-05 1.34032802e-05 3.92958038e-05 4.61205725e-05 9.09313239e-06 3.54756287e-05 8.13999399e-05 2.19498805e-05 1.95376238e-04 3.38071147e-04 1.35228459e-05 1.16466659e-04 1.35978422e-05 2.46990967e-05 2.32945021e-04 4.10953101e-04 6.81028380e-05 1.68600215e-04 2.73045025e-05 7.71560594e-06 1.57756894e-05 7.11915050e-06 1.88896353e-07 8.06706169e-10 1.00000000e-10
 2006 02 06 12 00 00  3.55449156e-03 2.15581845e-03 1.18146515e-03 8.35899021e-04 5.91368243e-04 3.39100268e-04 2.38336704e-04 1.95990825e-04 3.94504306e-04 1.15544336e-04 2.72136300e-03 4.00547534e-03 2.06131160e-04 5.97953572e-05 3.97222352e-05 1.08960034e-04 3.03281529e-05 5.02576528e-05 1.06836838e-04 6.57130673e-05 1.20379617e-04 1.46559528e-04 8.95408733e-05 6.58096544e-05 4.67191676e-06 8.59493302e-06 5.87689756e-06 2.28337243e-05 4.76551540e-06 1.55070614e-05 3.98805431e-05 3.55845434e-05 1.25541585e-05 4.20498494e-05 3.27547343e-05 1.34032438e-05 3.94235463e-05 4.62243754e-05 9.07665381e-06 3.56619073e-05 8.16872607e-05 2.23524868e-05 1.95631617e-04 3.43811206e-04 1.37524482e-05 1.18138510e-04 1.35864771e-05 2.54800572e-05 2.35059934e-04 4.13308277e-04 6.91070553e-05 1.68105477e-04 2.64767114e-05 7.41466665e-06 1.50809698e-05 6.65137850e-06 1.67496513e-07 4.87439422e-11 1.00000000e-10
 2006 02 07 12 00 00  3.54942892e-03 2.15087498e-03 1.17847525e-03 8.33934183e-04 5.89764983e-04 3.38598102e-04 2.37744808e-04 1.95298994e-04 3.92696553e-04 1.14725754e-04 2.70697373e-03 3.98422405e-03 2.05138297e-04 5.93437355e-05 3.95406242e-05 1.08340493e-04 3.01998400e-05 4.99358284e-05 1.05892732e-04 6.50426839e-05 1.19714916e-04 1.45712144e-04 8.91374334e-05 6.55503778e-05 4.66277561e-06 8.57991254e-06 5.87334289e-06 2.27678822e-05 4.75051856e-06 1.54531791e-05 3.96342495e-05 3.55318043e-05 1.24479309e-05 4.17911331e-05 3.18770355e-05 1.33862661e-05 3.89466211e-05 4.56456050e-05 9.06415153e-06 3.51791330e-05 8.03675126e-05 2.17846493e-05 1.93389943e-04 3.35733885e-04 1.34293554e-05 1.14308253e-04 1.28910338e-05 2.43788731e-05 2.29487141e-04 4.07304558e-04 6.73698300e-05 1.65447128e-04 2.58729772e-05 7.19512386e-06 1.45738692e-05 6.30657562e-06 1.51481540e-07 1.00000000e-10 1.00000000e-10
 2006 02 08 12 00 00  3.55330227e-03 2.15337207e-03 1.18006066e-03 8.35146217e-04 5.90856421e-04 3.39086866e-04 2.38227353e-04 1.95829413e-04 3.94081400e-04 1.15085271e-04 2.71808877e-03 4.00547236e-03 2.05686255e-04 5.94675755e-05 3.96211738e-05 1.08754958e-04 3.03223322e-05 5.02505223e-05 1.06181309e-04 6.51655719e-05 1.20371442e-04 1.46550271e-04 8.94866230e-05 6.56946976e-05 4.67154969e-06 8.57683772e-06 5.87686700e-06 2.28093686e-05 4.75328488e-06 1.54818961e-05 3.97979046e-05 3.55825032e-05 1.25490187e-05 4.19513881e-05 3.20388353e-05 1.34031783e-05 3.92614971e-05 4.60877839e-05 9.06157584e-06 3.53911086e-05 8.13145552e-05 2.18888774e-05 1.95069697e-04 3.37222345e-04 1.34888938e-05 1.16121435e-04 1.35669965e-05 2.45810981e-05 2.32484661e-04 4.10338726e-04 6.79312825e-05 1.67395370e-04 2.58615395e-05 7.19068084e-06 1.45622279e-05 6.28244908e-06 1.49210465e-07 1.00000000e-10 1.00000000e-10
 2006 02 09 12 00 00  3.55691471e-03 2.15531796e-03 1.18133024e-03 8.36194975e-04 5.91841505e-04 3.39574740e-04 2.38687316e-04 1.96325998e-04 3.95375427e-04 1.15341776e-04 2.72849774e-03 4.02672105e-03 2.06135255e-04 5.95190276e-05 3.96793685e-05 1.09126744e-04 3.04457877e-05 5.05663804e-05 1.06328323e-04 6.51668641e-05 1.21029431e-04 1.47389931e-04 8.98250781e-05 6.58266541e-05 4.68038525e-06 8.58759740e-06 5.88039729e-06 2.28472827e-05 4.75327724e-06 1.55054287e-05 3.99453226e-05 3.56335397e-05 1.26509622e-05 4.21014738e-05 3.20386142e-05 1.34201022e-05 3.95442238e-05 4.65037749e-05 9.07050926e-06 3.55665040e-05 8.21887778e-05 2.18896705e-05 1.96728009e-04 3.37221494e-04 1.34888598e-05 1.17508928e-04 1.42461970e-05 2.45824398e-05 2.34940195e-04 4.12796271e-04 6.82359268e-05 1.69754566e-04 2.64442534e-05 7.40220050e-06 1.50489490e-05 6.59167343e-06 1.62031396e-07 1.00000000e-10 1.00000000e-10
 2006 02 10 12 00 00  3.55128166e-03 2.15196231e-03 1.17917591e-03 8.34487878e-04 5.90272920e-04 3.38839088e-04 2.37977608e-04 1.95552557e-04 3.93359918e-04 1.14875555e-04 2.71229282e-03 3.99484709e-03 2.05383375e-04 5.93862094e-05 3.95748724e-05 1.08532442e-04 3.02579283e-05 5.00893046e-05 1.06001275e-04 6.50716014e-05 1.20039672e-04 1.46126191e-04 8.93067923e-05 6.56279641e-05 4.66696365e-06 8.59423890e-06 5.87508875e-06 2.27874416e-05 4.75109664e-06 1.54654404e-05 3.97075250e-05 3.55560478e-05 1.24956903e-05 4.18752527e-05 3.19112878e-05 1.33946887e-05 3.90922106e-05 4.58547868e-05 9.07601789e-06 3.52919757e-05 8.08088261e-05 2.18085726e-05 1.94261573e-04 3.36051341e-04 1.34420536e-05 1.15079698e-04 1.32184621e-05 2.44249095e-05 2.30789128e-04 4.08664494e-04 6.75757668e-05 1.67105856e-04 2.68570589e-05 7.55194546e-06 1.53930370e-05 6.80455887e-06 1.70423377e-07 1.00000000e-10 1.00000000e-10
 2006 02 11 12 00 00  3.54958691e-03 2.15122470e-03 1.17867632e-03 8.34034089e-04 5.89826978e-04 3.38595268e-04 2.37757414e-04 1.95319092e-04 3.92752548e-04 1.14791512e-04 2.70739104e-03 3.98422256e-03 2.05201649e-04 5.93925712e-05 3.95556643e-05 1.08365168e-04 3.01954715e-05 4.99304791e-05 1.05992714e-04 6.51246402e-05 1.19710325e-04 1.45705209e-04 8.91419967e-05 6.55858219e-05 4.66250058e-06 8.60742002e-06 5.87331961e-06 2.27715899e-05 4.75227971e-06 1.54558736e-05 3.96407714e-05 3.55302764e-05 1.24440776e-05 4.18200601e-05 3.19805578e-05 1.33862195e-05 3.89668535e-05 4.56589875e-05 9.08696529e-06 3.52540031e-05 8.04046825e-05 2.18534668e-05 1.93563355e-04 3.36688872e-04 1.34675549e-05 1.14584336e-04 1.28764310e-05 2.45119503e-05 2.29794333e-04 4.07766777e-04 6.75363792e-05 1.66660613e-04 2.75443788e-05 7.80148557e-06 1.59674881e-05 7.17238145e-06 1.85891171e-07 4.51331417e-10 1.00000000e-10
 2006 02 12 12 00 00  3.54604170e-03 2.14943337e-03 1.17749555e-03 8.33027622e-04 5.88866612e-04 3.38105228e-04 2.37302347e-04 1.94830659e-04 3.91482053e-04 1.14564034e-04 2.69715515e-03 3.96297276e-03 2.04780433e-04 5.93627693e-05 3.95041421e-05 1.08003209e-04 3.00690968e-05 4.96110355e-05 1.05889886e-04 6.51598093e-05 1.19049056e-04 1.44860908e-04 8.88049370e-05 6.54690434e-05 4.65348239e-06 8.60882283e-06 5.86977476e-06 2.27350210e-05 4.75307024e-06 1.54333491e-05 3.94951786e-05 3.54782183e-05 1.23395599e-05 4.16822696e-05 3.20267864e-05 1.33692636e-05 3.86919790e-05 4.52474115e-05 9.08812290e-06 3.51111192e-05 7.95431068e-05 2.18832880e-05 1.91975887e-04 3.37114213e-04 1.34845685e-05 1.13312577e-04 1.21874778e-05 2.45698029e-05 2.27461471e-04 4.05500226e-04 6.73040595e-05 1.64812151e-04 2.76821228e-05 7.85136972e-06 1.60817115e-05 7.23829387e-06 1.88118445e-07 4.94158314e-10 1.00000000e-10
 2006 02 13 12 00 00  3.55360585e-03 2.15403473e-03 1.18044143e-03 8.35338052e-04 5.90977581e-04 3.39083285e-04 2.38252283e-04 1.95868462e-04 3.94188844e-04 1.15209759e-04 2.71889719e-03 4.00546938e-03 2.05806236e-04 5.95590691e-05 3.96493642e-05 1.08803283e-04 3.03160195e-05 5.02427807e-05 1.06367233e-04 6.53190364e-05 1.20364686e-04 1.46540239e-04 8.94964629e-05 6.57484038e-05 4.67115206e-06 8.61286608e-06 5.87683498e-06 2.28158286e-05 4.75661873e-06 1.54873321e-05 3.98121143e-05 3.55802942e-05 1.25434497e-05 4.19956730e-05 3.22345673e-05 1.34031114e-05 3.93001557e-05 4.61149816e-05 9.09148002e-06 3.55080198e-05 8.13900383e-05 2.20180460e-05 1.95330361e-04 3.39026805e-04 1.35610722e-05 1.16643559e-04 1.35458919e-05 2.48310622e-05 2.33088287e-04 4.11169362e-04 6.82464943e-05 1.68880943e-04 2.79001181e-05 7.93050199e-06 1.62638096e-05 7.35408885e-06 1.92927383e-07 6.42135944e-10 1.00000000e-10
 2006 02 14 12 00 00  3.55208904e-03 2.15365324e-03 1.18014668e-03 8.34998099e-04 5.90612125e-04 3.38842877e-04 2.38049400e-04 1.95660187e-04 3.93646025e-04 1.15192812e-04 2.71449361e-03 3.99484634e-03 2.05690106e-04 5.96140563e-05 3.96451247e-05 1.08668229e-04 3.02559871e-05 5.00869297e-05 1.06457825e-04 6.54528267e-05 1.20038478e-04 1.46123111e-04 8.93405891e-05 6.57228160e-05 4.66684141e-06 8.62807501e-06 5.87507857e-06 2.28039913e-05 4.75957058e-06 1.54817604e-05 3.97586750e-05 3.55553726e-05 1.24939776e-05 4.19551106e-05 3.24075634e-05 1.33946683e-05 3.92000295e-05 4.59415506e-05 9.10412709e-06 3.55089045e-05 8.10465561e-05 2.21310285e-05 1.94720739e-04 3.40620172e-04 1.36248069e-05 1.16452834e-04 1.32119734e-05 2.50499492e-05 2.32494297e-04 4.10725494e-04 6.83835257e-05 1.68494488e-04 2.85903210e-05 8.18128929e-06 1.68421084e-05 7.73589741e-06 2.09851710e-07 1.21674137e-09 1.00000000e-10
 2006 02 15 12 00 00  3.55258342e-03 2.15467783e-03 1.18073483e-03 8.35310575e-04 5.90822464e-04 3.38847144e-04 2.38094193e-04 1.95726690e-04 3.93821349e-04 1.15385013e-04 2.71584857e-03 3.99484672e-03 2.05876116e-04 5.97513936e-05 3.96874708e-05 1.08752491e-04 3.02569621e-05 5.00881171e-05 1.06732329e-04 6.56824443e-05 1.20040405e-04 1.46124656e-04 8.93623913e-05 6.57798498e-05 4.66690290e-06 8.64829199e-06 5.87508330e-06 2.28145881e-05 4.76469904e-06 1.54920259e-05 3.97921279e-05 3.55557102e-05 1.24948347e-05 4.20035749e-05 3.27077694e-05 1.33946785e-05 3.92676343e-05 4.59972008e-05 9.12094911e-06 3.56389653e-05 8.11982862e-05 2.23254567e-05 1.95011265e-04 3.43383223e-04 1.37353289e-05 1.17296837e-04 1.32152243e-05 2.54269515e-05 2.33553198e-04 4.11991831e-04 6.88739318e-05 1.69222415e-04 2.94534308e-05 8.49502462e-06 1.75661562e-05 8.22091617e-06 2.31861466e-07 2.14097788e-09 1.00000000e-10
 2006 02 16 12 00 00  3.55836672e-03 2.15834594e-03 1.18306963e-03 8.37115142e-04 5.92458004e-04 3.39582982e-04 2.38817818e-04 1.96521357e-04 3.95892713e-04 1.15910533e-04 2.73246707e-03 4.02671993e-03 2.06686281e-04 5.99297879e-05 3.98059508e-05 1.09373404e-04 3.04438465e-05 5.05639997e-05 1.07156499e-04 6.58532721e-05 1.21029338e-04 1.47386834e-04 8.98866655e-05 6.60006231e-05 4.68026228e-06 8.65416296e-06 5.88038711e-06 2.28778796e-05 4.76843015e-06 1.55350483e-05 4.00376574e-05 3.56328557e-05 1.26492479e-05 4.22488373e-05 3.29266681e-05 1.34200818e-05 3.97395363e-05 4.66621471e-05 9.12583782e-06 3.59626854e-05 8.26222192e-05 2.24694028e-05 1.97590766e-04 3.45400611e-04 1.38160244e-05 1.19985636e-04 1.42396952e-05 2.57056236e-05 2.38028129e-04 4.16535768e-04 6.96935088e-05 1.72353370e-04 2.96727252e-05 8.57481186e-06 1.77506525e-05 8.34877526e-06 2.37971119e-07 2.48499905e-09 1.24824373e-11
 2006 02 17 12 00 00  3.57055171e-03 2.16698287e-03 1.18848426e-03 8.41110940e-04 5.95982133e-04 3.41057984e-04 2.40318991e-04 1.98191071e-04 4.00250343e-04 1.17204538e-04 2.76738146e-03 4.09046635e-03 2.08539946e-04 6.04564266e-05 4.00953824e-05 1.10716827e-04 3.08166520e-05 5.15145890e-05 1.08335896e-04 6.64802443e-05 1.23006183e-04 1.49909681e-04 9.09613418e-05 6.64935656e-05 4.70692066e-06 8.66346454e-06 5.89098927e-06 2.30152143e-05 4.78243601e-06 1.56335376e-05 4.05696866e-05 3.57868150e-05 1.29572218e-05 4.27821011e-05 3.37465171e-05 1.34708782e-05 4.07638406e-05 4.80572375e-05 9.13358599e-06 3.67365764e-05 8.56493199e-05 2.30003105e-05 2.02961924e-04 3.52946159e-04 1.41178464e-05 1.26394773e-04 1.62854223e-05 2.67350901e-05 2.48270139e-04 4.27091112e-04 7.19375563e-05 1.78625260e-04 3.00119617e-05 8.69825999e-06 1.80362212e-05 8.54795633e-06 2.47577949e-07 3.03233936e-09 6.32955022e-11
 2006 02 18 12 00 00  3.58268609e-03 2.17273361e-03 1.19231806e-03 8.44456784e-04 5.99210437e-04 3.42763100e-04 2.41882630e-04 1.99859579e-04 4.04595879e-04 1.17902637e-04 2.80241806e-03 4.16483693e-03 2.09917206e-04 6.04897461e-05 4.02538883e-05 1.11930445e-04 3.12499818e-05 5.26216289e-05 1.08549419e-04 6.62400853e-05 1.25309217e-04 1.52850447e-04 9.21246100e-05 6.68765769e-05 4.73792097e-06 8.65557522e-06 5.90335003e-06 2.31357306e-05 4.77711947e-06 1.57055209e-05 4.10542357e-05 3.59658676e-05 1.33150970e-05 4.32408620e-05 3.34350130e-05 1.35301249e-05 4.16831751e-05 4.94568707e-05 9.12702963e-06 3.71785842e-05 8.85554779e-05 2.27973491e-05 2.08355636e-04 3.50077641e-04 1.40031056e-05 1.30366960e-04 1.86667021e-05 2.63417867e-05 2.55776203e-04 4.34293078e-04 7.24848980e-05 1.85006668e-04 2.96117951e-05 8.55295189e-06 1.77016093e-05 8.33243948e-06 2.38419696e-07 2.59855373e-09 2.50875765e-11
 2006 02 19 12 00 00  3.57843357e-03 2.17229018e-03 1.19183310e-03 8.43615617e-04 5.98208362e-04 3.42032434e-04 2.41293064e-04 1.99266259e-04 4.03062716e-04 1.17981159e-04 2.78995421e-03 4.13296074e-03 2.09689305e-04 6.07415626e-05 4.02681406e-05 1.11563312e-04 3.10572650e-05 5.21385926e-05 1.08978688e-04 6.67903863e-05 1.24312829e-04 1.51578984e-04 9.16632723e-05 6.67661203e-05 4.72419451e-06 8.62244051e-06 5.89801675e-06 2.30970936e-05 4.78958245e-06 1.56930587e-05 4.09026762e-05 3.58866790e-05 1.31555396e-05 4.30884353e-05 3.41634790e-05 1.35046575e-05 4.14047276e-05 4.89485864e-05 9.09947121e-06 3.71398044e-05 8.75653053e-05 2.32647319e-05 2.06174713e-04 3.56776671e-04 1.42710668e-05 1.30213569e-04 1.76227273e-05 2.72489735e-05 2.54502997e-04 4.33320260e-04 7.31888947e-05 1.81111355e-04 2.81296666e-05 8.01436754e-06 1.64594318e-05 7.50954805e-06 2.01740951e-07 1.03215889e-09 1.00000000e-10
 2006 02 20 12 00 00  3.58777957e-03 2.17786105e-03 1.19540960e-03 8.46428451e-04 6.00781694e-04 3.43247825e-04 2.42466134e-04 2.00543756e-04 4.06400894e-04 1.18752997e-04 2.81679353e-03 4.18607891e-03 2.10934455e-04 6.09575308e-05 4.04407318e-05 1.12537416e-04 3.13588796e-05 5.29196404e-05 1.09506029e-04 6.69424771e-05 1.25948238e-04 1.53666962e-04 9.25193154e-05 6.70975627e-05 4.74583940e-06 8.61812077e-06 5.90680465e-06 2.31935426e-05 4.79317277e-06 1.57572359e-05 4.12874554e-05 3.60118080e-05 1.34041897e-05 4.34636718e-05 3.43724678e-05 1.35468916e-05 4.21448585e-05 5.00116427e-05 9.09588853e-06 3.76000814e-05 8.98174444e-05 2.33951185e-05 2.10245946e-04 3.58693897e-04 1.43477559e-05 1.34171689e-04 1.92972031e-05 2.75028171e-05 2.61230705e-04 4.40042592e-04 7.42535511e-05 1.85698081e-04 2.78673230e-05 7.91919265e-06 1.62406874e-05 7.37363616e-06 1.96338350e-07 8.78103990e-10 1.00000000e-10
 2006 02 21 12 00 00  3.58792797e-03 2.17544090e-03 1.19409495e-03 8.45899734e-04 6.00551878e-04 3.43471369e-04 2.42541823e-04 2.00564537e-04 4.06454443e-04 1.18243587e-04 2.81741872e-03 4.19669896e-03 2.10539312e-04 6.05244511e-05 4.03284638e-05 1.12434080e-04 3.14106583e-05 5.30653808e-05 1.08654560e-04 6.61780126e-05 1.26263873e-04 1.54070977e-04 9.26119616e-05 6.70122805e-05 4.74963053e-06 8.61383014e-06 5.90851814e-06 2.31789286e-05 4.77623726e-06 1.57335866e-05 4.12465077e-05 3.60338425e-05 1.34463786e-05 4.34087479e-05 3.33802542e-05 1.35552444e-05 4.20609332e-05 5.00273499e-05 9.09232840e-06 3.73273170e-05 8.97293532e-05 2.27489552e-05 2.10364416e-04 3.49557444e-04 1.39822977e-05 1.32058277e-04 1.96035238e-05 2.62506102e-05 2.58840560e-04 4.37141919e-04 7.27589860e-05 1.86097470e-04 2.76184783e-05 7.82889524e-06 1.60330561e-05 7.24349838e-06 1.91077401e-07 7.23458626e-10 1.00000000e-10
 2006 02 22 12 00 00  3.58216700e-03 2.17188316e-03 1.19182176e-03 8.44103370e-04 5.98902827e-04 3.42725977e-04 2.41814377e-04 1.99766921e-04 4.04384536e-04 1.17737533e-04 2.80080933e-03 4.16482054e-03 2.09744887e-04 6.03574856e-05 4.02136153e-05 1.11807829e-04 3.12130869e-05 5.25764073e-05 1.08244867e-04 6.60287449e-05 1.25261690e-04 1.52791803e-04 9.20831186e-05 6.67954287e-05 4.73559849e-06 8.61383887e-06 5.90315904e-06 2.31136219e-05 4.77312678e-06 1.56895130e-05 4.09946301e-05 3.59529513e-05 1.32825371e-05 4.31651525e-05 3.31968156e-05 1.35297247e-05 4.15848376e-05 4.93516152e-05 9.09234732e-06 3.70161715e-05 8.82787967e-05 2.26244170e-05 2.07770466e-04 3.47861989e-04 1.39144796e-05 1.29387757e-04 1.85433193e-05 2.60103057e-05 2.54316383e-04 4.32582250e-04 7.19652584e-05 1.82947160e-04 2.75414958e-05 7.80109685e-06 1.59697994e-05 7.21166789e-06 1.90392520e-07 7.34493355e-10 1.00000000e-10
 2006 02 23 12 00 00  3.57461571e-03 2.16739013e-03 1.18893569e-03 8.41793350e-04 5.96767823e-04 3.41735673e-04 2.40858138e-04 1.98723199e-04 4.01673937e-04 1.17110502e-04 2.77903704e-03 4.12231684e-03 2.08733170e-04 6.01712046e-05 4.00716303e-05 1.10998226e-04 3.09525669e-05 5.19279973e-05 1.07776464e-04 6.58894482e-05 1.23928924e-04 1.51090860e-04 9.13851092e-05 6.65119534e-05 4.71707208e-06 8.60555811e-06 5.89602860e-06 2.30292056e-05 4.77020658e-06 1.56338673e-05 4.06683639e-05 3.58461228e-05 1.30666522e-05 4.28459617e-05 3.30247218e-05 1.34957299e-05 4.09681101e-05 4.84680666e-05 9.08546863e-06 3.66176437e-05 8.63923168e-05 2.25080512e-05 2.04331711e-04 3.46271912e-04 1.38508765e-05 1.26046354e-04 1.71394466e-05 2.57856795e-05 2.48593041e-04 4.26821649e-04 7.10396883e-05 1.78557086e-04 2.71065860e-05 7.64320289e-06 1.56063501e-05 6.97929088e-06 1.80646169e-07 4.29760405e-10 1.00000000e-10
 2006 02 24 12 00 00  3.57445764e-03 2.16714505e-03 1.18879216e-03 8.41684450e-04 5.96669166e-04 3.41722229e-04 2.40836084e-04 1.98693695e-04 4.01608190e-04 1.17062568e-04 2.77853593e-03 4.12231088e-03 2.08682299e-04 6.01321185e-05 4.00597562e-05 1.10958901e-04 3.09389725e-05 5.19113324e-05 1.07684573e-04 6.58275967e-05 1.23912141e-04 1.51069250e-04 9.13712516e-05 6.65049313e-05 4.71621643e-06 8.61785811e-06 5.89595802e-06 2.30234924e-05 4.76907553e-06 1.56286595e-05 4.06491857e-05 3.58413643e-05 1.30546570e-05 4.28374217e-05 3.29569302e-05 1.34955815e-05 4.09390784e-05 4.84343158e-05 9.09571099e-06 3.66014777e-05 8.63029683e-05 2.24577452e-05 2.04268928e-04 3.45639978e-04 1.38255991e-05 1.25759695e-04 1.70939835e-05 2.56894506e-05 2.48127248e-04 4.26360771e-04 7.08823667e-05 1.78707017e-04 2.75640520e-05 7.80965024e-06 1.59912654e-05 7.24635192e-06 1.93429135e-07 9.08388742e-10 1.00000000e-10
 2006 02 25 12 00 00  3.56492308e-03 2.16132313e-03 1.18506670e-03 8.38737014e-04 5.93962173e-04 3.40484799e-04 2.39632797e-04 1.97376800e-04 3.98186573e-04 1.16240283e-04 2.75106455e-03 4.06918228e-03 2.07380679e-04 5.98717048e-05 3.98737716e-05 1.09931603e-04 3.06145463e-05 5.11023158e-05 1.07044482e-04 6.56071701e-05 1.22248034e-04 1.48945015e-04 9.04952564e-05 6.61523180e-05 4.69313491e-06 8.62058150e-06 5.88705152e-06 2.29173932e-05 4.76438981e-06 1.55573071e-05 4.02366489e-05 3.57082521e-05 1.27858730e-05 4.24399034e-05 3.26812034e-05 1.34531016e-05 4.01579735e-05 4.73217540e-05 9.09798327e-06 3.61008779e-05 8.39215013e-05 2.22730683e-05 2.00007592e-04 3.43094625e-04 1.37237850e-05 1.21434187e-04 1.53432135e-05 2.53326114e-05 2.40779782e-04 4.18979904e-04 6.96291190e-05 1.73675110e-04 2.76366550e-05 7.83614482e-06 1.60529163e-05 7.29360028e-06 1.96001866e-07 1.01832693e-09 1.00000000e-10
 2006 02 26 12 00 00  3.56107787e-03 2.15897365e-03 1.18356319e-03 8.37533690e-04 5.92849554e-04 3.39982989e-04 2.39144537e-04 1.96841520e-04 3.96801893e-04 1.15906498e-04 2.73995390e-03 4.04792763e-03 2.06853009e-04 5.97617883e-05 3.97976918e-05 1.09508823e-04 3.04774905e-05 5.07697812e-05 1.06770160e-04 6.55111915e-05 1.21573446e-04 1.48083745e-04 9.01397385e-05 6.60128685e-05 4.68344406e-06 8.62908928e-06 5.88345101e-06 2.28729380e-05 4.76246132e-06 1.55270784e-05 4.00646921e-05 3.56524572e-05 1.26719329e-05 4.22808670e-05 3.25669855e-05 1.34360307e-05 3.98370262e-05 4.68644952e-05 9.10506496e-06 3.59046175e-05 8.29371192e-05 2.21935770e-05 1.98293103e-04 3.42036454e-04 1.36814582e-05 1.19640605e-04 1.46185514e-05 2.51796126e-05 2.37705905e-04 4.15914850e-04 6.90974686e-05 1.71803272e-04 2.79808723e-05 7.96131117e-06 1.63419979e-05 7.48983305e-06 2.05092943e-07 1.34552813e-09 1.00000000e-10
 2006 02 27 12 00 00  3.56106311e-03 2.15900653e-03 1.18357981e-03 8.37517283e-04 5.92818903e-04 3.39973621e-04 2.39137225e-04 1.96833130e-04 3.96789066e-04 1.15911118e-04 2.73986112e-03 4.04792354e-03 2.06853986e-04 5.97611832e-05 3.97976476e-05 1.09496709e-04 3.04673013e-05 5.07572899e-05 1.06757971e-04 6.55129144e-05 1.21560909e-04 1.48067550e-04 9.01338167e-05 6.60164152e-05 4.68280232e-06 8.63763635e-06 5.88339790e-06 2.28705022e-05 4.76269961e-06 1.55252932e-05 4.00571603e-05 3.56488890e-05 1.26629384e-05 4.22817737e-05 3.25797097e-05 1.34359187e-05 3.98288349e-05 4.68503689e-05 9.11217503e-06 3.59139864e-05 8.29008594e-05 2.21966911e-05 1.98280692e-04 3.42147161e-04 1.36858864e-05 1.19599192e-04 1.45844693e-05 2.51867081e-05 2.37576121e-04 4.15819359e-04 6.90818278e-05 1.71957506e-04 2.83582051e-05 8.09843978e-06 1.66583238e-05 7.70003940e-06 2.14510047e-07 1.70547487e-09 1.00000000e-10
 2006 02 28 12 00 00  3.55724857e-03 2.15669823e-03 1.18210096e-03 8.36336303e-04 5.91728547e-04 3.39475127e-04 2.38653922e-04 1.96304442e-04 3.95418454e-04 1.15585749e-04 2.72885347e-03 4.02667038e-03 2.06335877e-04 5.96593078e-05 3.97239850e-05 1.09082746e-04 3.03336448e-05 5.04289172e-05 1.06504794e-04 6.54292875e-05 1.20890463e-04 1.47211684e-04 8.97813828e-05 6.58764935e-05 4.67332575e-06 8.64069880e-06 5.87981522e-06 2.28271951e-05 4.76094792e-06 1.54962054e-05 3.98889623e-05 3.55942844e-05 1.25519975e-05 4.21230653e-05 3.24764726e-05 1.34188842e-05 3.95136448e-05 4.64005517e-05 9.11471579e-06 3.57173023e-05 8.19362746e-05 2.21268419e-05 1.96566129e-04 3.41193271e-04 1.36477309e-05 1.17861222e-04 1.38711723e-05 2.50518817e-05 2.34602943e-04 4.12845535e-04 6.85829866e-05 1.70007276e-04 2.85337273e-05 8.16213446e-06 1.68048011e-05 7.79205495e-06 2.18245776e-07 1.86833109e-09 1.00000000e-10
 2006 03 01 12 00 00  3.54999102e-03 2.15276198e-03 1.17953652e-03 8.34218047e-04 5.89738884e-04 3.38494798e-04 2.37729236e-04 1.95305615e-04 3.92818580e-04 1.15064518e-04 2.70792910e-03 3.98417115e-03 2.05429554e-04 5.95522509e-05 3.96063009e-05 1.08331203e-04 3.00818705e-05 4.97912348e-05 1.06204555e-04 6.54201198e-05 1.19568962e-04 1.45524640e-04 8.91005664e-05 6.56249909e-05 4.65534977e-06 8.63875903e-06 5.87273025e-06 2.27509268e-05 4.76075293e-06 1.54478586e-05 3.95876720e-05 3.54905118e-05 1.23438251e-05 4.18324873e-05 3.24649765e-05 1.33849840e-05 3.89422168e-05 4.55602737e-05 9.11308889e-06 3.53895099e-05 8.01659266e-05 2.21191571e-05 1.93310461e-04 3.41087154e-04 1.36434862e-05 1.15036068e-04 1.24965300e-05 2.50370300e-05 2.29589365e-04 4.07897269e-04 6.79509241e-05 1.66100947e-04 2.85466045e-05 8.16658776e-06 1.68139693e-05 7.78515969e-06 2.16993759e-07 1.73156067e-09 1.00000000e-10
 2006 03 02 12 00 00  3.55151385e-03 2.15314345e-03 1.17983229e-03 8.34564533e-04 5.90113436e-04 3.38736598e-04 2.37934054e-04 1.95516542e-04 3.93366405e-04 1.15082131e-04 2.71236127e-03 3.99479531e-03 2.05547489e-04 5.95001653e-05 3.96113744e-05 1.08469763e-04 3.01433582e-05 4.99488669e-05 1.06125064e-04 6.52902818e-05 1.19897081e-04 1.45944088e-04 8.92574683e-05 6.56535402e-05 4.65975208e-06 8.62535016e-06 5.87449358e-06 2.27634757e-05 4.75777888e-06 1.54538144e-05 3.96416626e-05 3.55159456e-05 1.23945851e-05 4.18759013e-05 3.22913431e-05 1.33934431e-05 3.90441725e-05 4.57365241e-05 9.10191302e-06 3.53939730e-05 8.05168502e-05 2.20086091e-05 1.93937341e-04 3.39491481e-04 1.35796592e-05 1.15242476e-04 1.28353218e-05 2.48222816e-05 2.30217448e-04 4.08387434e-04 6.78253099e-05 1.66696208e-04 2.81109865e-05 8.00791768e-06 1.64462023e-05 7.52015210e-06 2.03624484e-07 1.16285879e-09 1.00000000e-10
 2006 03 03 12 00 00  3.55138934e-03 2.15283262e-03 1.17965612e-03 8.34492541e-04 5.90081811e-04 3.38742838e-04 2.37927853e-04 1.95505483e-04 3.93329471e-04 1.15025355e-04 2.71206422e-03 3.99479903e-03 2.05495778e-04 5.94639907e-05 3.96000798e-05 1.08456874e-04 3.01511231e-05 4.99583897e-05 1.06064025e-04 6.52272953e-05 1.19906484e-04 1.45956445e-04 8.92561384e-05 6.56359984e-05 4.66024139e-06 8.61285735e-06 5.87453469e-06 2.27625368e-05 4.75615634e-06 1.54524272e-05 3.96377787e-05 3.55186639e-05 1.24014390e-05 4.18625662e-05 3.21976928e-05 1.33935289e-05 3.90318804e-05 4.57324996e-05 9.09149167e-06 3.53525349e-05 8.05042479e-05 2.19534923e-05 1.93864837e-04 3.38636522e-04 1.35454609e-05 1.15043403e-04 1.28613057e-05 2.47142627e-05 2.30032959e-04 4.08125184e-04 6.77061744e-05 1.66514916e-04 2.77638010e-05 7.88127477e-06 1.61517746e-05 7.29756471e-06 1.91696854e-07 6.60565647e-10 1.00000000e-10
 2006 03 04 12 00 00  3.54788378e-03 2.15104772e-03 1.17848226e-03 8.33520705e-04 5.89168868e-04 3.38263698e-04 2.37483667e-04 1.95030516e-04 3.92083302e-04 1.14801259e-04 2.70200062e-03 3.97355445e-03 2.05082447e-04 5.94427682e-05 3.95510032e-05 1.08113613e-04 3.00364016e-05 4.96532302e-05 1.05994277e-04 6.52732619e-05 1.19259569e-04 1.45130655e-04 8.89268355e-05 6.55171667e-05 4.65195590e-06 8.60350628e-06 5.87104987e-06 2.27291853e-05 4.75688394e-06 1.54324534e-05 3.95014373e-05 3.54706892e-05 1.23072052e-05 4.17255209e-05 3.22421140e-05 1.33766996e-05 3.87690686e-05 4.53396674e-05 9.08368165e-06 3.52039412e-05 7.96914911e-05 2.19899361e-05 1.92293792e-04 3.39054946e-04 1.35621978e-05 1.13857356e-04 1.22113139e-05 2.47833552e-05 2.27903249e-04 4.06031473e-04 6.75191000e-05 1.64571117e-04 2.75725582e-05 7.81126455e-06 1.59877952e-05 7.15937953e-06 1.83384654e-07 2.75080581e-10 1.00000000e-10
 2006 03 05 12 00 00  3.54814046e-03 2.15148972e-03 1.17873950e-03 8.33693730e-04 5.89313627e-04 3.38278722e-04 2.37515510e-04 1.95074455e-04 3.92185919e-04 1.14886577e-04 2.70277925e-03 3.97356078e-03 2.05170266e-04 5.95102602e-05 3.95715898e-05 1.08171304e-04 3.00509651e-05 4.96710767e-05 1.06146506e-04 6.53820287e-05 1.19277562e-04 1.45153799e-04 8.89454507e-05 6.55317624e-05 4.65287267e-06 8.58864296e-06 5.87112554e-06 2.27368594e-05 4.75898669e-06 1.54398578e-05 3.95269605e-05 3.54757853e-05 1.23200574e-05 4.17406807e-05 3.23672255e-05 1.33768568e-05 3.88113101e-05 4.53853388e-05 9.07128415e-06 3.52388787e-05 7.98135877e-05 2.20793299e-05 1.92383689e-04 3.40216905e-04 1.36086762e-05 1.14310607e-04 1.22600148e-05 2.49549688e-05 2.28593070e-04 4.06741766e-04 6.77782446e-05 1.64479426e-04 2.71551591e-05 7.65902564e-06 1.56339398e-05 6.89275500e-06 1.69154139e-07 1.00000000e-10 1.00000000e-10
 2006 03 06 12 00 00  3.55143297e-03 2.15265922e-03 1.17956739e-03 8.34552706e-04 5.90205848e-04 3.38780319e-04 2.37957116e-04 1.95539377e-04 3.93379955e-04 1.15000177e-04 2.71240444e-03 3.99481729e-03 2.05487185e-04 5.94664909e-05 3.96001698e-05 1.08505602e-04 3.01919034e-05 5.00083843e-05 1.06122686e-04 6.52192568e-05 1.19956782e-04 1.46021260e-04 8.92791889e-05 6.56233638e-05 4.66280799e-06 8.57725172e-06 5.87474569e-06 2.27721737e-05 4.75496090e-06 1.54593765e-05 3.96646399e-05 3.55329423e-05 1.24374274e-05 4.18599769e-05 3.21339990e-05 1.33939713e-05 3.90620750e-05 4.57879240e-05 9.06177593e-06 3.53171709e-05 8.06468926e-05 2.19382826e-05 1.93896864e-04 3.38082900e-04 1.35233160e-05 1.15185620e-04 1.29976790e-05 2.46794109e-05 2.30537644e-04 4.08508665e-04 6.77669300e-05 1.66372744e-04 2.68910646e-05 7.56250013e-06 1.54086003e-05 6.71152643e-06 1.58748843e-07 1.00000000e-10 1.00000000e-10
 2006 03 07 12 00 00  3.54778522e-03 2.15052650e-03 1.17819521e-03 8.33495628e-04 5.89251082e-04 3.38308127e-04 2.37504833e-04 1.95050084e-04 3.92088389e-04 1.14711777e-04 2.70199339e-03 3.97357643e-03 2.05014086e-04 5.94010162e-05 3.95373634e-05 1.08145552e-04 3.00859218e-05 4.97139292e-05 1.05970978e-04 6.51892682e-05 1.19321264e-04 1.45209364e-04 8.89482784e-05 6.55078457e-05 4.65507292e-06 8.58776984e-06 5.87130635e-06 2.27397918e-05 4.75389279e-06 1.54377141e-05 3.95263570e-05 3.54880205e-05 1.23509046e-05 4.17271308e-05 3.20739346e-05 1.33772381e-05 3.87890599e-05 4.53917093e-05 9.07049834e-06 3.51637504e-05 7.98211812e-05 2.19095993e-05 1.92417997e-04 3.37542868e-04 1.35017147e-05 1.13792862e-04 1.23769074e-05 2.46216863e-05 2.28183453e-04 4.06200193e-04 6.74345891e-05 1.65136635e-04 2.75453570e-05 7.79984362e-06 1.59539711e-05 7.04889098e-06 1.72043700e-07 1.00000000e-10 1.00000000e-10
 2006 03 08 12 00 00  3.54192497e-03 2.14659107e-03 1.17571188e-03 8.31656840e-04 5.87627364e-04 3.37586380e-04 2.36784747e-04 1.94256986e-04 3.90005180e-04 1.14139415e-04 2.68525540e-03 3.94171029e-03 2.04165434e-04 5.91988935e-05 3.94112577e-05 1.07528887e-04 2.99150503e-05 4.92576801e-05 1.05523842e-04 6.49735040e-05 1.18351719e-04 1.43972634e-04 8.84290096e-05 6.52647650e-05 4.64272198e-06 8.55605613e-06 5.86608621e-06 2.26778436e-05 4.74868430e-06 1.53955382e-05 3.92840753e-05 3.54164775e-05 1.22106270e-05 4.14667013e-05 3.17714352e-05 1.33520080e-05 3.83151951e-05 4.47378607e-05 9.04408589e-06 3.47898124e-05 7.84246873e-05 2.17236739e-05 1.89756110e-04 3.34771287e-04 1.33908515e-05 1.10994637e-04 1.14060007e-05 2.42591152e-05 2.23713306e-04 4.01545156e-04 6.65501820e-05 1.61478695e-04 2.63659231e-05 7.37071070e-06 1.49615856e-05 6.36034661e-06 1.39085606e-07 1.00000000e-10 1.00000000e-10
 2006 03 09 12 00 00  3.54021812e-03 2.14574274e-03 1.17515230e-03 8.31206153e-04 5.87210729e-04 3.37354430e-04 2.36571699e-04 1.94031061e-04 3.89405055e-04 1.14037034e-04 2.68039182e-03 3.93109135e-03 2.03971138e-04 5.91990372e-05 3.93899066e-05 1.07373026e-04 2.98657018e-05 4.91149200e-05 1.05520676e-04 6.50121248e-05 1.18038399e-04 1.43572475e-04 8.82704979e-05 6.52127945e-05 4.63908291e-06 8.55457693e-06 5.86438582e-06 2.26643892e-05 4.74920562e-06 1.53876767e-05 3.92239727e-05 3.53952928e-05 1.21705787e-05 4.14062050e-05 3.18040693e-05 1.33436799e-05 3.81956695e-05 4.45568314e-05 9.04283661e-06 3.47287866e-05 7.80582155e-05 2.17535518e-05 1.89043096e-04 3.35082542e-04 1.34033017e-05 1.10498533e-04 1.11077941e-05 2.43152506e-05 2.22826275e-04 4.00691657e-04 6.65051830e-05 1.60734677e-04 2.64372892e-05 7.39633160e-06 1.50191564e-05 6.38057858e-06 1.38683073e-07 1.00000000e-10 1.00000000e-10
 2006 03 10 12 00 00  3.53837135e-03 2.14461701e-03 1.17443317e-03 8.30665868e-04 5.86730021e-04 3.37119327e-04 2.36344825e-04 1.93785155e-04 3.88754077e-04 1.13882380e-04 2.67513489e-03 3.92047204e-03 2.03725660e-04 5.91613888e-05 3.93569243e-05 1.07191523e-04 2.98139261e-05 4.89691854e-05 1.05440437e-04 6.49880269e-05 1.17721885e-04 1.43168474e-04 8.81046987e-05 6.51453309e-05 4.63529250e-06 8.54882746e-06 5.86267233e-06 2.26474681e-05 4.74835142e-06 1.53766069e-05 3.91528099e-05 3.53732583e-05 1.21283912e-05 4.13322049e-05 3.17560334e-05 1.33353271e-05 3.80555944e-05 4.43574137e-05 9.03803448e-06 3.46329803e-05 7.76421447e-05 2.17305409e-05 1.88244579e-04 3.34650618e-04 1.33860247e-05 1.09759810e-04 1.08014843e-05 2.42689654e-05 2.21620178e-04 3.99466974e-04 6.63222233e-05 1.59795921e-04 2.63143630e-05 7.35135729e-06 1.49139447e-05 6.29340582e-06 1.33524692e-07 1.00000000e-10 1.00000000e-10
 2006 03 11 12 00 00  3.53993829e-03 2.14504301e-03 1.17475600e-03 8.31045076e-04 5.87140863e-04 3.37368477e-04 2.36557990e-04 1.94006577e-04 3.89322750e-04 1.13909389e-04 2.67972605e-03 3.93109918e-03 2.03855136e-04 5.91184227e-05 3.93647144e-05 1.07344525e-04 2.98831757e-05 4.91363346e-05 1.05386737e-04 6.48715184e-05 1.18060747e-04 1.43600250e-04 8.82675209e-05 6.52069559e-05 4.64018376e-06 8.57506457e-06 5.86447641e-06 2.26654607e-05 4.74554836e-06 1.53845826e-05 3.92163411e-05 3.54014104e-05 1.21860015e-05 4.14050969e-05 3.15931829e-05 1.33438705e-05 3.81730015e-05 4.45502579e-05 9.05985071e-06 3.46974965e-05 7.80345331e-05 2.16302287e-05 1.89128262e-04 3.33158264e-04 1.33263305e-05 1.10083200e-04 1.11662339e-05 2.40733920e-05 2.22414841e-04 4.00250112e-04 6.62395976e-05 1.61718663e-04 2.75373131e-05 7.79564866e-06 1.59381002e-05 6.96544422e-06 1.63011626e-07 1.00000000e-10 1.00000000e-10
 2006 03 12 12 00 00  3.53894103e-03 2.14572540e-03 1.17507300e-03 8.31036330e-04 5.87003197e-04 3.37133868e-04 2.36403587e-04 1.93870085e-04 3.88967189e-04 1.14092707e-04 2.67675812e-03 3.92047726e-03 2.03934066e-04 5.93191238e-05 3.94053380e-05 1.07300573e-04 2.98255763e-05 4.89834580e-05 1.05773868e-04 6.52480114e-05 1.17737192e-04 1.43186990e-04 8.81353013e-05 6.52096374e-05 4.63602555e-06 8.56703628e-06 5.86273272e-06 2.26623123e-05 4.75380111e-06 1.53900560e-05 3.91966413e-05 3.53773386e-05 1.21386736e-05 4.13893604e-05 3.20772408e-05 1.33354522e-05 3.81399743e-05 4.44350159e-05 9.05316119e-06 3.47768636e-05 7.78515780e-05 2.19477282e-05 1.88603843e-04 3.37618358e-04 1.35047343e-05 1.10753668e-04 1.08404449e-05 2.46882148e-05 2.22955011e-04 4.01019388e-04 6.68978954e-05 1.60728594e-04 2.72606533e-05 7.69492658e-06 1.57048863e-05 6.80021292e-06 1.54864701e-07 1.00000000e-10 1.00000000e-10
 2006 03 13 12 00 00  3.54080093e-03 2.14678113e-03 1.17575589e-03 8.31596889e-04 5.87528310e-04 3.37382784e-04 2.36640977e-04 1.94128073e-04 3.89635684e-04 1.14236918e-04 2.68213248e-03 3.93110365e-03 2.04175234e-04 5.93568067e-05 3.94380811e-05 1.07499519e-04 2.98924017e-05 4.91476385e-05 1.05873823e-04 6.52676681e-05 1.18072150e-04 1.43614907e-04 8.83094752e-05 6.52689902e-05 4.64076402e-06 8.55562394e-06 5.86452370e-06 2.26824647e-05 4.75418492e-06 1.54036284e-05 3.92774255e-05 3.54046409e-05 1.21941412e-05 4.14595729e-05 3.21000000e-05 1.33439709e-05 3.82903721e-05 4.46543360e-05 9.04365734e-06 3.48531908e-05 7.83189564e-05 2.19639056e-05 1.89392889e-04 3.37829652e-04 1.35131861e-05 1.11537064e-04 1.11970796e-05 2.47192889e-05 2.24340794e-04 4.02363800e-04 6.71001427e-05 1.61448345e-04 2.68374926e-05 7.54095788e-06 1.53488109e-05 6.55296661e-06 1.43016563e-07 1.00000000e-10 1.00000000e-10
 2006 03 14 12 00 00  3.54477176e-03 2.14944044e-03 1.17743563e-03 8.32874495e-04 5.88675882e-04 3.37878383e-04 2.37136030e-04 1.94675416e-04 3.91059354e-04 1.14627704e-04 2.69354699e-03 3.95235494e-03 2.04755459e-04 5.95047880e-05 3.95260012e-05 1.07936408e-04 3.00216867e-05 4.94706561e-05 1.06216469e-04 6.54293341e-05 1.18737659e-04 1.44463840e-04 8.86663877e-05 6.54348141e-05 4.64996629e-06 8.57022897e-06 5.86808419e-06 2.27286629e-05 4.75771994e-06 1.54353128e-05 3.94528649e-05 3.54577147e-05 1.23012273e-05 4.16393888e-05 3.23074055e-05 1.33609588e-05 3.86247246e-05 4.51165014e-05 9.05580309e-06 3.51071951e-05 7.93180536e-05 2.21001683e-05 1.91232918e-04 3.39740968e-04 1.35896387e-05 1.13539802e-04 1.18957731e-05 2.49831064e-05 2.27608149e-04 4.05740873e-04 6.77568896e-05 1.63990452e-04 2.74982586e-05 7.78105377e-06 1.59024784e-05 6.91877211e-06 1.59250459e-07 1.00000000e-10 1.00000000e-10
 2006 03 15 12 00 00  3.54469382e-03 2.14924622e-03 1.17732552e-03 8.32829338e-04 5.88655879e-04 3.37882279e-04 2.37132113e-04 1.94668434e-04 3.91036111e-04 1.14592200e-04 2.69336099e-03 3.95235680e-03 2.04723081e-04 5.94820571e-05 3.95189057e-05 1.07928271e-04 3.00265441e-05 4.94766049e-05 1.06177998e-04 6.53897936e-05 1.18743903e-04 1.44471551e-04 8.86655485e-05 6.54342469e-05 4.65027115e-06 8.57786799e-06 5.86810893e-06 2.27290649e-05 4.75670677e-06 1.54344407e-05 3.94509252e-05 3.54594144e-05 1.23055113e-05 4.16400133e-05 3.22489039e-05 1.33610098e-05 3.86186230e-05 4.51147037e-05 9.06215864e-06 3.51004361e-05 7.93114320e-05 2.20656133e-05 1.91266765e-04 3.39206711e-04 1.35682684e-05 1.13425093e-04 1.19120028e-05 2.49154167e-05 2.27492232e-04 4.05620593e-04 6.76820430e-05 1.64283353e-04 2.78309069e-05 7.90195431e-06 1.61814216e-05 7.10473981e-06 1.67625592e-07 1.00000000e-10 1.00000000e-10
 2006 03 16 12 00 00  3.55032182e-03 2.15256417e-03 1.17945963e-03 8.34537247e-04 5.90234042e-04 3.38621450e-04 2.37844072e-04 1.95444366e-04 3.93054150e-04 1.15052293e-04 2.70957552e-03 3.98423262e-03 2.05470907e-04 5.96134598e-05 3.96228754e-05 1.08526254e-04 3.02182889e-05 4.99584421e-05 1.06509265e-04 6.54812495e-05 1.19738182e-04 1.45741464e-04 8.91856382e-05 6.56233531e-05 4.66393685e-06 8.55694525e-06 5.87343784e-06 2.27889892e-05 4.75866073e-06 1.54749284e-05 3.96898664e-05 3.55382625e-05 1.24642102e-05 4.18590201e-05 3.23638465e-05 1.33864669e-05 3.90710447e-05 4.57675185e-05 9.04475310e-06 3.53558733e-05 8.07015948e-05 2.21423252e-05 1.93676933e-04 3.40267434e-04 1.36106974e-05 1.15845635e-04 1.29527252e-05 2.50636978e-05 2.31675608e-04 4.09738238e-04 6.83416708e-05 1.66607447e-04 2.69155495e-05 7.56927980e-06 1.54139220e-05 6.59363202e-06 1.44649388e-07 1.00000000e-10 1.00000000e-10
 2006 03 17 12 00 00  3.55264820e-03 2.15460287e-03 1.18070650e-03 8.35391426e-04 5.90952145e-04 3.38871807e-04 2.38122287e-04 1.95763716e-04 3.93886734e-04 1.15380668e-04 2.71621540e-03 3.99485826e-03 2.05889630e-04 5.97824712e-05 3.96961374e-05 1.08802504e-04 3.02831730e-05 5.01202419e-05 1.06870132e-04 6.57210185e-05 1.20070953e-04 1.46166316e-04 8.93789109e-05 6.57238722e-05 4.66855272e-06 8.54877508e-06 5.87521936e-06 2.28173578e-05 4.76397945e-06 1.54977927e-05 3.97993792e-05 3.55648808e-05 1.25179678e-05 4.19641157e-05 3.26754147e-05 1.33949623e-05 3.92814086e-05 4.60349255e-05 9.03796681e-06 3.55330634e-05 8.13016443e-05 2.23450479e-05 1.94645931e-04 3.43136154e-04 1.37254461e-05 1.17408473e-04 1.33028836e-05 2.54565937e-05 2.34036131e-04 4.12202206e-04 6.90087114e-05 1.67374298e-04 2.64890208e-05 7.41442386e-06 1.50574425e-05 6.36542985e-06 1.35056921e-07 1.00000000e-10 1.00000000e-10
 2006 03 18 12 00 00  3.56342370e-03 2.16032339e-03 1.18444670e-03 8.38495378e-04 5.93874210e-04 3.40334082e-04 2.39495241e-04 1.97243168e-04 3.97743519e-04 1.16127369e-04 2.74726208e-03 4.05860320e-03 2.07213206e-04 5.99172550e-05 3.98647594e-05 1.09904784e-04 3.06525850e-05 5.10666694e-05 1.07265116e-04 6.56931719e-05 1.22043200e-04 1.48683762e-04 9.03910980e-05 6.61006965e-05 4.69499755e-06 8.56572588e-06 5.88580406e-06 2.29285460e-05 4.76339592e-06 1.55669074e-05 4.02378350e-05 3.57176556e-05 1.28229440e-05 4.23983209e-05 3.26409790e-05 1.34457223e-05 4.01194179e-05 4.72738002e-05 9.05208435e-06 3.60214580e-05 8.38999830e-05 2.23217765e-05 1.99518325e-04 3.42818071e-04 1.37127228e-05 1.21452741e-04 1.53372457e-05 2.54116690e-05 2.41250895e-04 4.19341514e-04 6.98529420e-05 1.73597524e-04 2.71167203e-05 7.64281722e-06 1.55856458e-05 6.73233354e-06 1.52648521e-07 1.00000000e-10 1.00000000e-10
 2006 03 19 12 00 00  3.56720475e-03 2.16265861e-03 1.18593860e-03 8.39646864e-04 5.94916495e-04 3.40817374e-04 2.39966819e-04 1.97758668e-04 3.99093198e-04 1.16456098e-04 2.75810105e-03 4.07984890e-03 2.07730131e-04 6.00186313e-05 3.99384204e-05 1.10299550e-04 3.07697337e-05 5.13748033e-05 1.07506586e-04 6.57794822e-05 1.22694065e-04 1.49513392e-04 9.07335534e-05 6.62660518e-05 4.70343548e-06 8.60612781e-06 5.88930125e-06 2.29697891e-05 4.76537971e-06 1.55929976e-05 4.03924265e-05 3.57664831e-05 1.29193169e-05 4.25759547e-05 3.27567715e-05 1.34625792e-05 4.04227310e-05 4.77014506e-05 9.08571383e-06 3.62695178e-05 8.48068261e-05 2.23953248e-05 2.01359626e-04 3.43881950e-04 1.37552780e-05 1.23128179e-04 1.59953401e-05 2.55545805e-05 2.44006753e-04 4.22240666e-04 7.03266423e-05 1.76673354e-04 2.87353888e-05 8.23144615e-06 1.69453298e-05 7.65760449e-06 1.95677928e-07 2.30066988e-10 1.00000000e-10
 2006 03 20 12 00 00  3.56928241e-03 2.16425526e-03 1.18692950e-03 8.40336711e-04 5.95501996e-04 3.41054569e-04 2.40215768e-04 1.98037603e-04 3.99829873e-04 1.16700028e-04 2.76400021e-03 4.09046896e-03 2.08063451e-04 6.01240207e-05 3.99922006e-05 1.10522785e-04 3.08219984e-05 5.15211374e-05 1.07730142e-04 6.59157813e-05 1.23011668e-04 1.49918180e-04 9.09095758e-05 6.63638391e-05 4.70725754e-06 8.62671222e-06 5.89101692e-06 2.29921723e-05 4.76856549e-06 1.56089702e-05 4.04774822e-05 3.57886864e-05 1.29619351e-05 4.26764702e-05 3.29423667e-05 1.34709378e-05 4.05944714e-05 4.79275006e-05 9.10285598e-06 3.64334398e-05 8.52957089e-05 2.25119031e-05 2.02320482e-04 3.45585554e-04 1.38234222e-05 1.24266099e-04 1.63032906e-05 2.57813721e-05 2.45722887e-04 4.24089994e-04 7.07497683e-05 1.78133867e-04 2.95032098e-05 8.51080877e-06 1.75913349e-05 8.10546528e-06 2.17090646e-07 1.03075415e-09 1.00000000e-10
 2006 03 21 12 00 00  3.56765645e-03 2.16370960e-03 1.18653836e-03 8.39920893e-04 5.95066350e-04 3.40804148e-04 2.39997157e-04 1.97808405e-04 3.99240972e-04 1.16650795e-04 2.75924605e-03 4.07984108e-03 2.07912685e-04 6.01522203e-05 3.99798379e-05 1.10359778e-04 3.07517679e-05 5.13527892e-05 1.07756737e-04 6.60074526e-05 1.22672952e-04 1.49484844e-04 9.07437129e-05 6.63358381e-05 4.70230443e-06 8.65485927e-06 5.88920811e-06 2.29764466e-05 4.77076719e-06 1.55996826e-05 4.04103979e-05 3.57601966e-05 1.29034655e-05 4.26320809e-05 3.30702896e-05 1.34623828e-05 4.04741606e-05 4.77299095e-05 9.12629039e-06 3.64280087e-05 8.48882161e-05 2.25907977e-05 2.01686673e-04 3.46757991e-04 1.38703196e-05 1.23878192e-04 1.59352741e-05 2.59351713e-05 2.44799128e-04 4.23330810e-04 7.07778758e-05 1.77903140e-04 3.05936623e-05 8.90744645e-06 1.85079944e-05 8.73465488e-06 2.46733766e-07 2.28330306e-09 1.00000000e-10
 2006 03 22 12 00 00  3.56733979e-03 2.16311178e-03 1.18619336e-03 8.39714874e-04 5.94910036e-04 3.40792723e-04 2.39963075e-04 1.97760182e-04 3.99122303e-04 1.16537384e-04 2.75833085e-03 4.07983623e-03 2.07799923e-04 6.00683099e-05 3.99540770e-05 1.10297262e-04 3.07415758e-05 5.13402862e-05 1.07580142e-04 6.58695295e-05 1.22659464e-04 1.49468634e-04 9.07247910e-05 6.62904561e-05 4.70166306e-06 8.63210298e-06 5.88915536e-06 2.29664816e-05 4.76783898e-06 1.55917373e-05 4.03818472e-05 3.57566285e-05 1.28944681e-05 4.25919228e-05 3.28979600e-05 1.34622722e-05 4.04229879e-05 4.76816291e-05 9.10736780e-06 3.63321451e-05 8.47596311e-05 2.24752759e-05 2.01403572e-04 3.45167019e-04 1.38066808e-05 1.23310267e-04 1.59011790e-05 2.57119711e-05 2.44031718e-04 4.22408230e-04 7.04652007e-05 1.76953306e-04 2.95430395e-05 8.52573926e-06 1.76279961e-05 8.15595574e-06 2.21249918e-07 1.26269306e-09 1.00000000e-10
 2006 03 23 12 00 00  3.56207353e-03 2.16057849e-03 1.18450841e-03 8.38231618e-04 5.93472229e-04 3.40051598e-04 2.39280580e-04 1.97029343e-04 3.97228282e-04 1.16223612e-04 2.74307891e-03 4.04795855e-03 2.07191749e-04 6.00392046e-05 3.98817332e-05 1.09755603e-04 3.05449765e-05 5.08525060e-05 1.07446711e-04 6.59506186e-05 1.21658664e-04 1.48191010e-04 9.02177678e-05 6.61154677e-05 4.68769213e-06 8.63103996e-06 5.88380135e-06 2.29104095e-05 4.76985369e-06 1.55579485e-05 4.01625789e-05 3.56760807e-05 1.27314866e-05 4.23840420e-05 3.30146373e-05 1.34367627e-05 4.00122544e-05 4.70605435e-05 9.10649178e-06 3.61233570e-05 8.34590944e-05 2.25456257e-05 1.98991722e-04 3.46234323e-04 1.38493729e-05 1.21470420e-04 1.48442254e-05 2.58494576e-05 2.40568922e-04 4.19051718e-04 7.01635140e-05 1.73868920e-04 2.94341751e-05 8.48631908e-06 1.75377566e-05 8.10415193e-06 2.19521903e-07 1.23086075e-09 1.00000000e-10
 2006 03 24 12 00 00  3.55732843e-03 2.15633958e-03 1.18192129e-03 8.36462395e-04 5.91986345e-04 3.39545417e-04 2.38713105e-04 1.96375565e-04 3.95527644e-04 1.15536073e-04 2.72952180e-03 4.02670428e-03 2.06323162e-04 5.96784008e-05 3.97282293e-05 1.09183204e-04 3.04098648e-05 5.05223463e-05 1.06676088e-04 6.54340605e-05 1.20985776e-04 1.47332821e-04 8.98244843e-05 6.58882514e-05 4.67812315e-06 8.62462402e-06 5.88021030e-06 2.28490970e-05 4.75843699e-06 1.55095822e-05 3.99326364e-05 3.56209610e-05 1.26192579e-05 4.21512197e-05 3.23456334e-05 1.34197137e-05 3.95730616e-05 4.65078325e-05 9.10115850e-06 3.57184946e-05 8.22125574e-05 2.21092385e-05 1.96878028e-04 3.40073177e-04 1.36029271e-05 1.18163010e-04 1.41260505e-05 2.50039244e-05 2.35604872e-04 4.13782341e-04 6.87407258e-05 1.71397678e-04 2.91270731e-05 8.37476796e-06 1.72807005e-05 7.93648555e-06 2.12239534e-07 9.90685045e-10 1.00000000e-10
 2006 03 25 12 00 00  3.54994952e-03 2.15220080e-03 1.17923904e-03 8.34262348e-04 5.89926721e-04 3.38556754e-04 2.37772865e-04 1.95355633e-04 3.92879261e-04 1.14975767e-04 2.70822476e-03 3.98420170e-03 2.05376454e-04 5.95408806e-05 3.96012528e-05 1.08403729e-04 3.01498338e-05 4.98745358e-05 1.06307314e-04 6.53759751e-05 1.19653772e-04 1.45632664e-04 8.91341616e-05 6.56216463e-05 4.65962803e-06 8.61870794e-06 5.87308277e-06 2.27681563e-05 4.75728339e-06 1.54575630e-05 3.96175045e-05 3.55143042e-05 1.24038037e-05 4.18464979e-05 3.22771928e-05 1.33857233e-05 3.89794066e-05 4.56437456e-05 9.09623996e-06 3.53598373e-05 8.03794195e-05 2.20612375e-05 1.93516889e-04 3.39438646e-04 1.35775458e-05 1.15113565e-04 1.27238134e-05 2.49116070e-05 2.30256016e-04 4.08456181e-04 6.79890041e-05 1.67163541e-04 2.88572340e-05 8.27672388e-06 1.70546331e-05 7.78740593e-06 2.05644227e-07 7.67374075e-10 1.00000000e-10
 2006 03 26 12 00 00  3.54984584e-03 2.15203704e-03 1.17914357e-03 8.34191960e-04 5.89864088e-04 3.38548119e-04 2.37758793e-04 1.95336892e-04 3.92837243e-04 1.14944028e-04 2.70789933e-03 3.98419797e-03 2.05343227e-04 5.95161086e-05 3.95937067e-05 1.08378710e-04 3.01410968e-05 4.98638314e-05 1.06250674e-04 6.53365394e-05 1.19642059e-04 1.45618779e-04 8.91251731e-05 6.55910649e-05 4.65907797e-06 8.59012434e-06 5.87303803e-06 2.27621096e-05 4.75651832e-06 1.54541995e-05 3.96034530e-05 3.55112425e-05 1.23960912e-05 4.18190905e-05 3.22316773e-05 1.33856287e-05 3.89565356e-05 4.56200818e-05 9.07245558e-06 3.53017044e-05 8.03183756e-05 2.20287999e-05 1.93289524e-04 3.39016036e-04 1.35606414e-05 1.14902162e-04 1.26945932e-05 2.48493190e-05 2.29956113e-04 4.08047124e-04 6.78886912e-05 1.66146326e-04 2.76459717e-05 7.83641572e-06 1.60383714e-05 7.10540825e-06 1.74606969e-07 1.00000000e-10 1.00000000e-10
 2006 03 27 12 00 00  3.54611998e-03 2.14988857e-03 1.17775745e-03 8.33070008e-04 5.88821065e-04 3.38053780e-04 2.37285827e-04 1.94822684e-04 3.91501257e-04 1.14649304e-04 2.69715495e-03 3.96294668e-03 2.04856204e-04 5.94379790e-05 3.95273062e-05 1.07983617e-04 3.00113257e-05 4.95402259e-05 1.06049850e-04 6.52915041e-05 1.18976648e-04 1.44769087e-04 8.87785766e-05 6.54629708e-05 4.64984550e-06 8.59861611e-06 5.86947535e-06 2.27218259e-05 4.75553679e-06 1.54275044e-05 3.94435846e-05 3.54579970e-05 1.22885802e-05 4.16713122e-05 3.21740925e-05 1.33686379e-05 3.86562024e-05 4.51850843e-05 9.07951835e-06 3.51300419e-05 7.93931924e-05 2.19908732e-05 1.91654649e-04 3.38485250e-04 1.35394100e-05 1.13324983e-04 1.19942888e-05 2.47759046e-05 2.27210355e-04 4.05338379e-04 6.74793839e-05 1.64407435e-04 2.80248741e-05 7.97410576e-06 1.63559472e-05 7.31591282e-06 1.83998779e-07 1.00000000e-10 1.00000000e-10
 2006 03 28 12 00 00  3.54418195e-03 2.14863875e-03 1.17696441e-03 8.32463951e-04 5.88275472e-04 3.37808739e-04 2.37044425e-04 1.94557562e-04 3.90809218e-04 1.14469550e-04 2.69159327e-03 3.95232216e-03 2.04582531e-04 5.93772878e-05 3.94873852e-05 1.07776353e-04 2.99493520e-05 4.93819884e-05 1.05910760e-04 6.52319228e-05 1.18649044e-04 1.44348863e-04 8.86035507e-05 6.54342349e-05 4.64541263e-06 8.66058690e-06 5.86770911e-06 2.27048720e-05 4.75414308e-06 1.54130499e-05 3.93622861e-05 3.54323944e-05 1.22373938e-05 4.16278929e-05 3.20928928e-05 1.33601730e-05 3.85042327e-05 4.49661234e-05 9.13107724e-06 3.51039476e-05 7.89231092e-05 2.19399008e-05 1.91117509e-04 3.37739923e-04 1.35095969e-05 1.12455136e-04 1.16538708e-05 2.46767333e-05 2.25707316e-04 4.04008458e-04 6.72014244e-05 1.65389744e-04 3.06845258e-05 8.94084037e-06 1.85868411e-05 8.80841026e-06 2.51588980e-07 2.65229430e-09 1.37455825e-11
 2006 03 29 12 00 00  3.54946650e-03 2.15124570e-03 1.17869100e-03 8.33956199e-04 5.89709183e-04 3.38544286e-04 2.37725436e-04 1.95287874e-04 3.92706917e-04 1.14796662e-04 2.70686726e-03 3.98419760e-03 2.05202163e-04 5.94155258e-05 3.95625875e-05 1.08316349e-04 3.01396416e-05 4.98620444e-05 1.06060061e-04 6.51672541e-05 1.19643480e-04 1.45616472e-04 8.91081080e-05 6.56520756e-05 4.65898665e-06 8.72081800e-06 5.87303075e-06 2.27635287e-05 4.75253000e-06 1.54463486e-05 3.95793098e-05 3.55107361e-05 1.23948092e-05 4.18711431e-05 3.19995190e-05 1.33856127e-05 3.89188693e-05 4.55843102e-05 9.18118312e-06 3.53948018e-05 8.02150112e-05 2.18837507e-05 1.93805708e-04 3.36885972e-04 1.34754389e-05 1.14351579e-04 1.26897299e-05 2.45669682e-05 2.29155818e-04 4.07547165e-04 6.75263707e-05 1.70257566e-04 3.33003236e-05 9.89156247e-06 2.07804275e-05 1.02717724e-05 3.17558455e-07 6.08268760e-09 3.24517102e-10
 2006 03 30 12 00 00  3.55839137e-03 2.15861144e-03 1.18322575e-03 8.37133106e-04 5.92420738e-04 3.39542224e-04 2.38803947e-04 1.96514420e-04 3.95903079e-04 1.15962335e-04 2.73238550e-03 4.02669907e-03 2.06734272e-04 5.99868653e-05 3.98233265e-05 1.09356877e-04 3.03982117e-05 5.05080679e-05 1.07296697e-04 6.59510726e-05 1.20975125e-04 1.47314305e-04 8.98642963e-05 6.60756300e-05 4.67738973e-06 8.76072518e-06 5.88015027e-06 2.28746227e-05 4.76985115e-06 1.55298983e-05 3.99937320e-05 3.56168865e-05 1.26089755e-05 4.23089167e-05 3.30145587e-05 1.34195870e-05 3.97173775e-05 4.66154996e-05 9.21437677e-06 3.61230415e-05 8.25065986e-05 2.25459007e-05 1.97903417e-04 3.46234055e-04 1.38493622e-05 1.20012653e-04 1.40870907e-05 2.58499233e-05 2.37784459e-04 4.16718242e-04 6.98198424e-05 1.75831883e-04 3.50747985e-05 1.05364057e-05 2.22677939e-05 1.12584705e-05 3.61638999e-07 8.34436023e-09 5.28626565e-10
 2006 03 31 12 00 00  3.56820211e-03 2.16502189e-03 1.18728885e-03 8.40254165e-04 5.95240163e-04 3.40779352e-04 2.40030867e-04 1.97867208e-04 3.99421612e-04 1.16894872e-04 2.76060140e-03 4.07982655e-03 2.08142027e-04 6.03261669e-05 4.00336516e-05 1.10429187e-04 3.07202135e-05 5.13141043e-05 1.08093952e-04 6.63038576e-05 1.22637279e-04 1.49434686e-04 9.07509351e-05 6.64786905e-05 4.70031846e-06 8.79565632e-06 5.88904404e-06 2.29876193e-05 4.77749636e-06 1.56065861e-05 4.04231616e-05 3.57491459e-05 1.28756175e-05 4.27488028e-05 3.34635144e-05 1.34620408e-05 4.05367781e-05 4.77568160e-05 9.24342894e-06 3.67315785e-05 8.49662011e-05 2.28426841e-05 2.02446077e-04 3.50373627e-04 1.40149451e-05 1.24821095e-04 1.58297451e-05 2.64241564e-05 2.45699577e-04 4.24869351e-04 7.13502850e-05 1.82090872e-04 3.66400355e-05 1.11051838e-05 2.35795794e-05 1.21271138e-05 4.00330757e-07 1.03207361e-08 7.06759362e-10
 2006 04 01 12 00 00  3.57776851e-03 2.17092089e-03 1.19105842e-03 8.43221015e-04 5.97957149e-04 3.42015245e-04 2.41236077e-04 1.99187499e-04 4.02853735e-04 1.17731493e-04 2.78815155e-03 4.13295403e-03 2.09457109e-04 6.05968118e-05 4.02228059e-05 1.11460471e-04 3.10427044e-05 5.21207403e-05 1.08754021e-04 6.65417290e-05 1.24299606e-04 1.51555839e-04 9.16272997e-05 6.68513568e-05 4.72327738e-06 8.81722954e-06 5.89794108e-06 2.30954000e-05 4.78257680e-06 1.56783278e-05 4.08368453e-05 3.58815800e-05 1.31426874e-05 4.31629582e-05 3.37623613e-05 1.35044989e-05 4.13231600e-05 4.88716541e-05 9.26136781e-06 3.72713617e-05 8.73534527e-05 2.30421807e-05 2.06832900e-04 3.53131573e-04 1.41252629e-05 1.29212174e-04 1.75740264e-05 2.68097647e-05 2.53098827e-04 4.32390680e-04 7.26370703e-05 1.87900197e-04 3.76418594e-05 1.14691488e-05 2.44186118e-05 1.26781451e-05 4.24542736e-07 1.15318624e-08 8.15249468e-10
 2006 04 02 12 00 00  3.57822601e-03 2.17179524e-03 1.19156303e-03 8.43518579e-04 5.98180304e-04 3.42029864e-04 2.41284491e-04 1.99256557e-04 4.03024991e-04 1.17897365e-04 2.78946649e-03 4.13295999e-03 2.09621766e-04 6.07200986e-05 4.02606518e-05 1.11549668e-04 3.10553238e-05 5.21362177e-05 1.09014086e-04 6.67446293e-05 1.24317255e-04 1.51575903e-04 9.16535559e-05 6.69387776e-05 4.72407228e-06 8.88153372e-06 5.89800657e-06 2.31113337e-05 4.78686670e-06 1.56895394e-05 4.08769299e-05 3.58860008e-05 1.31538283e-05 4.32393839e-05 3.40149680e-05 1.35046372e-05 4.13987192e-05 4.89404227e-05 9.31485847e-06 3.74509359e-05 8.75358473e-05 2.32119841e-05 2.07391389e-04 3.55464178e-04 1.42185671e-05 1.30049359e-04 1.76162372e-05 2.71377445e-05 2.54192880e-04 4.33807765e-04 7.30927377e-05 1.90205608e-04 4.04539654e-05 1.24911736e-05 2.67764930e-05 1.42485039e-05 4.95147174e-07 1.51889168e-08 1.14618626e-09
 2006 04 03 12 00 00  3.58930720e-03 2.17803892e-03 1.19560773e-03 8.46828583e-04 6.01275526e-04 3.43510587e-04 2.42695609e-04 2.00788512e-04 4.07004029e-04 1.18745055e-04 2.82144239e-03 4.19671312e-03 2.11049399e-04 6.09346336e-05 4.04536036e-05 1.12720969e-04 3.14426987e-05 5.31046593e-05 1.09590333e-04 6.68452005e-05 1.26315904e-04 1.54121909e-04 9.26882342e-05 6.74496251e-05 4.75164743e-06 9.04431799e-06 5.90868403e-06 2.32424707e-05 4.78876864e-06 1.57675497e-05 4.13513251e-05 3.60450533e-05 1.34746544e-05 4.37904207e-05 3.41284205e-05 1.35555936e-05 4.23046243e-05 5.02426821e-05 9.45028805e-06 3.81943896e-05 9.02965248e-05 2.32942941e-05 2.13206873e-04 3.56519483e-04 1.42607793e-05 1.34742461e-04 1.97106769e-05 2.72955309e-05 2.62233369e-04 4.42302193e-04 7.42443740e-05 2.01418062e-04 4.74641314e-05 1.50391845e-05 3.26561581e-05 1.81788436e-05 6.72905736e-07 2.44761544e-08 1.98867660e-09
 2006 04 04 12 00 00  3.58421720e-03 2.17571841e-03 1.19405030e-03 8.45473586e-04 5.99971056e-04 3.42793193e-04 2.42043403e-04 2.00096707e-04 4.05190665e-04 1.18474891e-04 2.80679895e-03 4.16484624e-03 2.10491802e-04 6.09459634e-05 4.03933889e-05 1.12232331e-04 3.12708580e-05 5.26472228e-05 1.09563989e-04 6.69873669e-05 1.25346057e-04 1.52883637e-04 9.22016377e-05 6.72898897e-05 4.73923465e-06 9.03722685e-06 5.90345844e-06 2.31958557e-05 4.79167174e-06 1.57409675e-05 4.11600320e-05 3.59731755e-05 1.33335212e-05 4.36001333e-05 3.43000254e-05 1.35303519e-05 4.19338095e-05 4.96718859e-05 9.44437197e-06 3.80136971e-05 8.91272634e-05 2.34124163e-05 2.10951027e-04 3.58107612e-04 1.43243045e-05 1.33248653e-04 1.87365222e-05 2.75231432e-05 2.59383267e-04 4.39569582e-04 7.41195276e-05 1.98602507e-04 4.72772861e-05 1.49709917e-05 3.24974393e-05 1.80567358e-05 6.66227425e-07 2.40395224e-08 1.94682492e-09
 2006 04 05 12 00 00  3.57693805e-03 2.17163571e-03 1.19140509e-03 8.43352311e-04 5.98010295e-04 3.41827715e-04 2.41126213e-04 1.99104938e-04 4.02594601e-04 1.17928478e-04 2.78589857e-03 4.12235484e-03 2.09566464e-04 6.08263297e-05 4.02716205e-05 1.11492163e-04 3.10355914e-05 5.20297559e-05 1.09254748e-04 6.69529720e-05 1.24045213e-04 1.51222818e-04 9.15284385e-05 6.70389746e-05 4.72229767e-06 9.03557375e-06 5.89645933e-06 2.31235883e-05 4.79062837e-06 1.56945542e-05 4.08688632e-05 3.58751800e-05 1.31399138e-05 4.33132248e-05 3.42406740e-05 1.34966307e-05 4.13712780e-05 4.88502069e-05 9.44298445e-06 3.76797804e-05 8.74031179e-05 2.33810206e-05 2.07770700e-04 3.57570198e-04 1.43028079e-05 1.30423254e-04 1.74170724e-05 2.74608115e-05 2.54479494e-04 4.34706396e-04 7.34649308e-05 1.94892874e-04 4.72926877e-05 1.49763856e-05 3.25088909e-05 1.80526937e-05 6.65200167e-07 2.39217620e-08 1.93450376e-09
 2006 04 06 12 00 00  3.57844513e-03 2.17190786e-03 1.19164037e-03 8.43696239e-04 5.98406079e-04 3.42080863e-04 2.41336624e-04 1.99320996e-04 4.03144899e-04 1.17927167e-04 2.79034923e-03 4.13298495e-03 2.09669931e-04 6.07641575e-05 4.02734386e-05 1.11639113e-04 3.11097014e-05 5.22028655e-05 1.09166105e-04 6.68032560e-05 1.24389359e-04 1.51662334e-04 9.16911928e-05 6.70742616e-05 4.72749452e-06 9.03149412e-06 5.89828851e-06 2.31397687e-05 4.78702495e-06 1.57019835e-05 4.09312441e-05 3.59050347e-05 1.32018118e-05 4.33647189e-05 3.40313010e-05 1.35052265e-05 4.14811498e-05 4.90411345e-05 9.43957930e-06 3.76910458e-05 8.77901291e-05 2.32520950e-05 2.08502265e-04 3.55651562e-04 1.42260625e-05 1.30636202e-04 1.77980764e-05 2.72094447e-05 2.55190229e-04 4.35286778e-04 7.33207386e-05 1.95883759e-04 4.71910610e-05 1.49392725e-05 3.24223984e-05 1.79848681e-05 6.61410084e-07 2.36689090e-08 1.91016429e-09
 2006 04 07 12 00 00  3.56927737e-03 2.16669285e-03 1.18826874e-03 8.40997779e-04 5.95914072e-04 3.40868906e-04 2.40181005e-04 1.98068931e-04 3.99871772e-04 1.17222481e-04 2.76400983e-03 4.07986715e-03 2.08490591e-04 6.05972720e-05 4.01159456e-05 1.10697525e-04 3.08105140e-05 5.14247920e-05 1.08739137e-04 6.67325687e-05 1.22755521e-04 1.49578209e-04 9.08440891e-05 6.67157337e-05 4.70600244e-06 8.97631980e-06 5.88951261e-06 2.30433477e-05 4.78519833e-06 1.56418178e-05 4.05577494e-05 3.57807556e-05 1.29553038e-05 4.29671950e-05 3.39259306e-05 1.34630216e-05 4.07598064e-05 4.79974228e-05 9.39366364e-06 3.71897057e-05 8.55932261e-05 2.31901999e-05 2.04206107e-04 3.54689725e-04 1.41875890e-05 1.26942790e-04 1.61317133e-05 2.70881195e-05 2.48865497e-04 4.28831506e-04 7.24339400e-05 1.89466416e-04 4.49025943e-05 1.41072678e-05 3.05015013e-05 1.66889818e-05 6.01946172e-07 2.04972807e-08 1.62079257e-09
 2006 04 08 12 00 00  3.56719248e-03 2.16509401e-03 1.18727653e-03 8.40302884e-04 5.95321810e-04 3.40629477e-04 2.39930350e-04 1.97788129e-04 3.99131951e-04 1.16978072e-04 2.75808128e-03 4.06924635e-03 2.08156433e-04 6.04918655e-05 4.00621659e-05 1.10471533e-04 3.07558221e-05 5.12754777e-05 1.08514865e-04 6.65965665e-05 1.22433132e-04 1.49169564e-04 9.06665060e-05 6.65683376e-05 4.70202795e-06 8.88830837e-06 5.88778457e-06 2.30158269e-05 4.78201109e-06 1.56253777e-05 4.04679334e-05 3.57577024e-05 1.29105450e-05 4.28246017e-05 3.37403006e-05 1.34546353e-05 4.05781745e-05 4.77641780e-05 9.32042894e-06 3.69356631e-05 8.50885366e-05 2.30738078e-05 2.02887338e-04 3.52985987e-04 1.41194395e-05 1.25743145e-04 1.58156530e-05 2.68616423e-05 2.47115529e-04 4.26737537e-04 7.20070064e-05 1.85811545e-04 4.12101273e-05 1.27649239e-05 2.74028523e-05 1.46044551e-05 5.06716256e-07 1.54495822e-08 1.16104317e-09
 2006 04 09 12 00 00  3.57245615e-03 2.16766173e-03 1.18898023e-03 8.41780971e-04 5.96744427e-04 3.41364428e-04 2.40609004e-04 1.98515005e-04 4.01021260e-04 1.17297586e-04 2.77329430e-03 4.10112105e-03 2.08768309e-04 6.05238177e-05 4.01354534e-05 1.11007136e-04 3.09456256e-05 5.17549459e-05 1.08649028e-04 6.65216940e-05 1.23424735e-04 1.50436399e-04 9.11699049e-05 6.67227193e-05 4.71557105e-06 8.86258931e-06 5.89310293e-06 2.30683345e-05 4.78020920e-06 1.56581593e-05 4.06810013e-05 3.58358695e-05 1.30675311e-05 4.30140148e-05 3.36356286e-05 1.34800706e-05 4.09808023e-05 4.83750735e-05 9.29902671e-06 3.71092576e-05 8.63644351e-05 2.30093341e-05 2.05128157e-04 3.52026792e-04 1.40810717e-05 1.27546297e-04 1.68498882e-05 2.67359399e-05 2.50512287e-04 4.29950653e-04 7.23092155e-05 1.87945481e-04 4.01450089e-05 1.23776807e-05 2.65087829e-05 1.40010707e-05 4.79013099e-07 1.39707918e-08 1.02609228e-09
 2006 04 10 12 00 00  3.56879422e-03 2.16559829e-03 1.18764405e-03 8.40703393e-04 5.95745079e-04 3.40877993e-04 2.40146082e-04 1.98013613e-04 3.99712271e-04 1.17019616e-04 2.76276283e-03 4.07987349e-03 2.08299651e-04 6.04589684e-05 4.00730738e-05 1.10629525e-04 3.08241084e-05 5.14414569e-05 1.08479691e-04 6.64971478e-05 1.22768891e-04 1.49599822e-04 9.08303273e-05 6.65794686e-05 4.70685845e-06 8.84046312e-06 5.88958355e-06 2.30293563e-05 4.77960639e-06 1.56339252e-05 4.05307851e-05 3.57855170e-05 1.29673004e-05 4.28547352e-05 3.36006691e-05 1.34631700e-05 4.06916599e-05 4.79557793e-05 9.28061272e-06 3.69099202e-05 8.54812193e-05 2.29881000e-05 2.03402222e-04 3.51706784e-04 1.40682714e-05 1.26073396e-04 1.61771764e-05 2.66944786e-05 2.47974817e-04 4.27364376e-04 7.19589169e-05 1.85355335e-04 3.92273371e-05 1.20440483e-05 2.57385046e-05 1.34814153e-05 4.55167407e-07 1.26989011e-08 9.10046971e-10
 2006 04 11 12 00 00  3.56634399e-03 2.16605635e-03 1.18775477e-03 8.40390328e-04 5.95257047e-04 3.40400714e-04 2.39791964e-04 1.97674080e-04 3.98831475e-04 1.17214304e-04 2.75554381e-03 4.05862629e-03 2.08287746e-04 6.07307687e-05 4.01145344e-05 1.10456799e-04 3.07035603e-05 5.11291611e-05 1.08980013e-04 6.70359819e-05 1.22114194e-04 1.48764790e-04 9.05434582e-05 6.65255789e-05 4.69820661e-06 8.79773797e-06 5.88606854e-06 2.30113781e-05 4.79163900e-06 1.56346366e-05 4.04597690e-05 3.57354962e-05 1.28679283e-05 4.27712435e-05 3.43050080e-05 1.34462782e-05 4.05599631e-05 4.76675068e-05 9.24506166e-06 3.69374297e-05 8.49587117e-05 2.34443287e-05 2.02024531e-04 3.58189371e-04 1.43275748e-05 1.26619702e-04 1.55077170e-05 2.75791099e-05 2.48017356e-04 4.27649449e-04 7.28090977e-05 1.82311729e-04 3.74251998e-05 1.13889299e-05 2.42263509e-05 1.24654887e-05 4.08851059e-07 1.02510523e-08 6.87275392e-10
 2006 04 12 12 00 00  3.57175918e-03 2.16894022e-03 1.18963942e-03 8.41962853e-04 5.96741871e-04 3.41137100e-04 2.40483980e-04 1.98420645e-04 4.00773082e-04 1.17592768e-04 2.77116941e-03 4.09050137e-03 2.08956140e-04 6.08032633e-05 4.02003561e-05 1.11017429e-04 3.08938441e-05 5.16092055e-05 1.09191682e-04 6.70292822e-05 1.23105274e-04 1.50032369e-04 9.10536204e-05 6.66606316e-05 4.71177991e-06 8.72659366e-06 5.89138981e-06 2.30637539e-05 4.79142946e-06 1.56705502e-05 4.06824639e-05 3.58138350e-05 1.30253393e-05 4.29441087e-05 3.42931075e-05 1.34717178e-05 4.09782506e-05 4.82929517e-05 9.18586375e-06 3.70831328e-05 8.62763701e-05 2.34381587e-05 2.04092902e-04 3.58081754e-04 1.43232702e-05 1.28647384e-04 1.65435529e-05 2.75668252e-05 2.51734283e-04 4.31085322e-04 7.32570658e-05 1.83043348e-04 3.44267612e-05 1.02989225e-05 2.17103514e-05 1.07748062e-05 3.31748666e-07 6.17435587e-09 3.16221671e-10
 2006 04 13 12 00 00  3.57854979e-03 2.17192783e-03 1.19165897e-03 8.43784615e-04 5.98526580e-04 3.42110300e-04 2.41364683e-04 1.99355073e-04 4.03205926e-04 1.17935799e-04 2.79079883e-03 4.13299873e-03 2.09689264e-04 6.07828725e-05 4.02787610e-05 1.11686839e-04 3.11412557e-05 5.22415445e-05 1.09235771e-04 6.68259687e-05 1.24420432e-04 1.51712491e-04 9.17120683e-05 6.68515900e-05 4.72948086e-06 8.69982614e-06 5.89845185e-06 2.31285230e-05 4.78689326e-06 1.57087295e-05 4.09489861e-05 3.59160797e-05 1.32296598e-05 4.31825912e-05 3.40275525e-05 1.35055700e-05 4.14822761e-05 4.90759352e-05 9.16358840e-06 3.72771522e-05 8.78919712e-05 2.32660474e-05 2.07007252e-04 3.55637547e-04 1.42255019e-05 1.30662078e-04 1.79036040e-05 2.72331235e-05 2.55718881e-04 4.34787189e-04 7.34289222e-05 1.86011066e-04 3.33138355e-05 9.89430946e-06 2.07762306e-05 1.01450084e-05 3.02876823e-07 4.63647414e-09 1.75960468e-10
 2006 04 14 12 00 00  3.57927382e-03 2.17345958e-03 1.19253796e-03 8.44240773e-04 5.98825256e-04 3.42111311e-04 2.41427656e-04 1.99450173e-04 4.03460979e-04 1.18222907e-04 2.79275978e-03 4.13299687e-03 2.09966126e-04 6.09885441e-05 4.03421994e-05 1.11806415e-04 3.11368873e-05 5.22361835e-05 1.09645657e-04 6.71706744e-05 1.24414868e-04 1.51705540e-04 9.17410101e-05 6.69029238e-05 4.72920583e-06 8.68529896e-06 5.89842930e-06 2.31397281e-05 4.79458504e-06 1.57229941e-05 4.09914382e-05 3.59145488e-05 1.32258036e-05 4.32256258e-05 3.44778469e-05 1.35055248e-05 4.15722700e-05 4.91480809e-05 9.15149431e-06 3.74111384e-05 8.80925066e-05 2.35578627e-05 2.07178488e-04 3.59782112e-04 1.43912845e-05 1.31857463e-04 1.78889866e-05 2.77989311e-05 2.57224458e-04 4.36468315e-04 7.41544218e-05 1.85661672e-04 3.27570895e-05 9.69178454e-06 2.03081036e-05 9.82278225e-06 2.87632049e-07 3.78903589e-09 9.77825709e-11
 2006 04 15 12 00 00  3.58837966e-03 2.17848340e-03 1.19580231e-03 8.46907652e-04 6.01315832e-04 3.43331684e-04 2.42583667e-04 2.00700500e-04 4.06720266e-04 1.18893418e-04 2.81898200e-03 4.18611839e-03 2.11116061e-04 6.11355802e-05 4.04934130e-05 1.12747206e-04 3.14457749e-05 5.30261605e-05 1.10044685e-04 6.72053138e-05 1.26059183e-04 1.53805083e-04 9.25904839e-05 6.72115621e-05 4.75130946e-06 8.67531417e-06 5.90725576e-06 2.32334097e-05 4.79537775e-06 1.57833257e-05 4.13650819e-05 3.60422215e-05 1.34808754e-05 4.35828670e-05 3.45241366e-05 1.35478360e-05 4.22854287e-05 5.01942761e-05 9.14317643e-06 3.78143574e-05 9.02965082e-05 2.35873493e-05 2.11167207e-04 3.60207543e-04 1.44083017e-05 1.35425991e-04 1.95878049e-05 2.78562075e-05 2.63514576e-04 4.42661680e-04 7.49830175e-05 1.90230387e-04 3.24014676e-05 9.56234999e-06 2.00085735e-05 9.61250651e-06 2.77396316e-07 3.19919309e-09 4.28672209e-11
 2006 04 16 12 00 00  3.59011441e-03 2.17933497e-03 1.19636669e-03 8.47384321e-04 6.01768255e-04 3.43570959e-04 2.42804729e-04 2.00936670e-04 4.07339188e-04 1.18998373e-04 2.82396899e-03 4.19674069e-03 2.11316700e-04 6.11435595e-05 4.05170867e-05 1.12917069e-04 3.15028999e-05 5.31784492e-05 1.10078827e-04 6.71773159e-05 1.26381505e-04 1.54217598e-04 9.27542509e-05 6.72461456e-05 4.75543675e-06 8.64643953e-06 5.90899617e-06 2.32476185e-05 4.79479495e-06 1.57929745e-05 4.14297062e-05 3.60661303e-05 1.35277805e-05 4.36305799e-05 3.44897591e-05 1.35562455e-05 4.24105163e-05 5.03870021e-05 9.11914394e-06 3.78425666e-05 9.06946423e-05 2.35640007e-05 2.11772702e-04 3.59889818e-04 1.43955927e-05 1.35967358e-04 1.99119939e-05 2.78111576e-05 2.64548495e-04 4.43573880e-04 7.50657589e-05 1.90254318e-04 3.12210404e-05 9.13314730e-06 1.90174424e-05 8.94145526e-06 2.46431704e-07 1.66256324e-09 1.00000000e-10
 2006 04 17 12 00 00  3.58061512e-03 2.17351836e-03 1.19264734e-03 8.44468252e-04 5.99104299e-04 3.42343075e-04 2.41611241e-04 1.99632022e-04 4.03939816e-04 1.18179168e-04 2.79665157e-03 4.14361656e-03 2.10022380e-04 6.08915515e-05 4.03334951e-05 1.11906692e-04 3.11886630e-05 5.23819239e-05 1.09471062e-04 6.69676112e-05 1.24730022e-04 1.52109556e-04 9.18850694e-05 6.68938497e-05 4.73299697e-06 8.64293979e-06 5.90014242e-06 2.31445784e-05 4.79004775e-06 1.57238858e-05 4.10249962e-05 3.59365833e-05 1.32679925e-05 4.32357053e-05 3.42122716e-05 1.35138762e-05 4.16402581e-05 4.92911124e-05 9.11622628e-06 3.73410254e-05 8.83565817e-05 2.33859057e-05 2.07542106e-04 3.57337860e-04 1.42935144e-05 1.31720057e-04 1.81953073e-05 2.74654885e-05 2.57382993e-04 4.36357700e-04 7.38549063e-05 1.85219718e-04 3.11142955e-05 9.09424439e-06 1.89271679e-05 8.87516894e-06 2.43004894e-07 1.52314676e-09 1.00000000e-10
 2006 04 18 12 00 00  3.58418275e-03 2.17538298e-03 1.19387036e-03 8.45488557e-04 6.00067373e-04 3.42828457e-04 2.42066237e-04 2.00121910e-04 4.05217782e-04 1.18420461e-04 2.80692963e-03 4.16486412e-03 2.10456441e-04 6.09328607e-05 4.03885585e-05 1.12269615e-04 3.13096971e-05 5.26948250e-05 1.09598275e-04 6.69521396e-05 1.25384195e-04 1.52945361e-04 9.22203491e-05 6.70003855e-05 4.74168010e-06 8.62499874e-06 5.90365999e-06 2.31792049e-05 4.78963993e-06 1.57461909e-05 4.11661884e-05 3.59867699e-05 1.33677939e-05 4.33643096e-05 3.41887848e-05 1.35307753e-05 4.19121593e-05 4.96978210e-05 9.10129456e-06 3.74687460e-05 8.92075143e-05 2.33722953e-05 2.09025886e-04 3.57123768e-04 1.42849507e-05 1.33008441e-04 1.88663937e-05 2.74387683e-05 2.59726304e-04 4.38600074e-04 7.41195059e-05 1.86565239e-04 3.03755938e-05 8.82566583e-06 1.83070183e-05 8.45603665e-06 2.23717629e-07 8.34856806e-10 1.00000000e-10
 2006 04 19 12 00 00  3.57210023e-03 2.16697836e-03 1.18858924e-03 8.41557283e-04 5.96581802e-04 3.41350670e-04 2.40572773e-04 1.98464826e-04 4.00896173e-04 1.17170106e-04 2.77228138e-03 4.10111547e-03 2.08644662e-04 6.04387438e-05 4.01091427e-05 1.10941517e-04 3.09330033e-05 5.17394743e-05 1.08485306e-04 6.63798710e-05 1.23402899e-04 1.50416337e-04 9.11480874e-05 6.65259603e-05 4.71477688e-06 8.63058885e-06 5.89303745e-06 2.30437782e-05 4.77680769e-06 1.56493100e-05 4.06372503e-05 3.58314515e-05 1.30563931e-05 4.28465616e-05 3.34379642e-05 1.34799353e-05 4.08997311e-05 4.83098215e-05 9.10594390e-06 3.67360563e-05 8.62006741e-05 2.28873163e-05 2.03748718e-04 3.50215078e-04 1.40086031e-05 1.26773166e-04 1.68076775e-05 2.64981092e-05 2.49675407e-04 4.28315916e-04 7.19848769e-05 1.80707078e-04 3.06347707e-05 8.91982627e-06 1.85240864e-05 8.59865170e-06 2.29988153e-07 1.04533626e-09 1.00000000e-10
 2006 04 20 12 00 00  3.56238771e-03 2.16072802e-03 1.18462037e-03 8.38504995e-04 5.93823257e-04 3.40119996e-04 2.39359122e-04 1.97130434e-04 3.97419612e-04 1.16269182e-04 2.74437260e-03 4.04799096e-03 2.07270588e-04 6.01270946e-05 3.99071972e-05 1.09893327e-04 3.06173140e-05 5.09411679e-05 1.07755992e-04 6.60709513e-05 1.21750694e-04 1.48305989e-04 9.02689672e-05 6.61879141e-05 4.69224542e-06 8.67285562e-06 5.88417643e-06 2.29394133e-05 4.76990244e-06 1.55756218e-05 4.02194810e-05 3.57014011e-05 1.27953215e-05 4.24632607e-05 3.30337847e-05 1.34375499e-05 4.01054107e-05 4.71913045e-05 9.14110569e-06 3.62498265e-05 8.37986355e-05 2.26256918e-05 1.99665346e-04 3.46495295e-04 1.38598118e-05 1.22195396e-04 1.50861277e-05 2.59907771e-05 2.42040054e-04 4.20710598e-04 7.05600643e-05 1.77054336e-04 3.24646834e-05 9.58492838e-06 2.00587308e-05 9.62318907e-06 2.76230240e-07 3.01309679e-09 2.27853292e-11
 2006 04 21 12 00 00  3.55670399e-03 2.15729125e-03 1.18241853e-03 8.36763027e-04 5.92223740e-04 3.39380471e-04 2.38642546e-04 1.96347703e-04 3.95383123e-04 1.15787116e-04 2.72800871e-03 4.01611552e-03 2.06502008e-04 5.99813219e-05 3.97987686e-05 1.09286702e-04 3.04255693e-05 5.04593365e-05 1.07398684e-04 6.59550948e-05 1.20756298e-04 1.47036088e-04 8.97464840e-05 6.59909969e-05 4.67858044e-06 8.68963398e-06 5.87884751e-06 2.28782508e-05 4.76734349e-06 1.55340246e-05 3.99761478e-05 3.56225501e-05 1.26366212e-05 4.22378907e-05 3.28838418e-05 1.34120928e-05 3.96450724e-05 4.65323589e-05 9.15506171e-06 3.59773525e-05 8.23919598e-05 2.25278345e-05 1.97213111e-04 3.45114363e-04 1.38045745e-05 1.19678973e-04 1.40454154e-05 2.58011802e-05 2.37743107e-04 4.16450383e-04 6.98486971e-05 1.74595069e-04 3.32080986e-05 9.85509150e-06 2.06819063e-05 1.00369362e-05 2.94739142e-07 3.96465696e-09 1.08710663e-10
 2006 04 22 12 00 00  3.56204935e-03 2.16008838e-03 1.18425213e-03 8.38286926e-04 5.93659184e-04 3.40107136e-04 2.39323090e-04 1.97079860e-04 3.97295003e-04 1.16148410e-04 2.74339705e-03 4.04798575e-03 2.07151285e-04 6.00403581e-05 3.98805197e-05 1.09827542e-04 3.06056580e-05 5.09268779e-05 1.07579061e-04 6.59279001e-05 1.21738199e-04 1.48287457e-04 9.02483681e-05 6.62191523e-05 4.69151164e-06 8.75920814e-06 5.88411604e-06 2.29359102e-05 4.76675632e-06 1.55670970e-05 4.01904154e-05 3.56973178e-05 1.27850377e-05 4.24879238e-05 3.28493130e-05 1.34374219e-05 4.00614599e-05 4.71446283e-05 9.21294632e-06 3.62940506e-05 8.36701836e-05 2.25049691e-05 1.99921046e-04 3.44795945e-04 1.37918378e-05 1.21661420e-04 1.50471533e-05 2.57569453e-05 2.41223822e-04 4.20078822e-04 7.02340804e-05 1.79619942e-04 3.61891734e-05 1.09386688e-05 2.31824909e-05 1.17105229e-05 3.70578115e-07 7.93813761e-09 4.69449812e-10
 2006 04 23 12 00 00  3.55872477e-03 2.15876816e-03 1.18334143e-03 8.37418627e-04 5.92787714e-04 3.39616859e-04 2.38886736e-04 1.96619816e-04 3.96101399e-04 1.16009051e-04 2.73375484e-03 4.02673483e-03 2.06814698e-04 6.00730412e-05 3.98482879e-05 1.09501190e-04 3.04773450e-05 5.06050652e-05 1.07599792e-04 6.60680700e-05 1.21076014e-04 1.47440087e-04 8.99198134e-05 6.61603389e-05 4.68237158e-06 8.81613523e-06 5.88056064e-06 2.29064769e-05 4.76991881e-06 1.55488185e-05 4.00593371e-05 3.56445846e-05 1.26788102e-05 4.23989679e-05 3.30342591e-05 1.34204456e-05 3.98198778e-05 4.67572285e-05 9.26030916e-06 3.62697585e-05 8.28730987e-05 2.26239223e-05 1.98688440e-04 3.46497064e-04 1.38598826e-05 1.20791716e-04 1.43517245e-05 2.59877706e-05 2.39342151e-04 4.18501060e-04 7.02215429e-05 1.79482931e-04 3.86242607e-05 1.18237979e-05 2.52251589e-05 1.30781938e-05 4.32594493e-07 1.11904384e-08 7.64792940e-10
 2006 04 24 12 00 00  3.56282321e-03 2.16173734e-03 1.18519774e-03 8.38772583e-04 5.93973136e-04 3.40106716e-04 2.39389201e-04 1.97180065e-04 3.97565615e-04 1.16457054e-04 2.74548262e-03 4.04798277e-03 2.07448053e-04 6.02599995e-05 3.99483065e-05 1.09953306e-04 3.05993482e-05 5.09191421e-05 1.08014788e-04 6.62966631e-05 1.21734633e-04 1.48277426e-04 9.02784507e-05 6.63970445e-05 4.69111474e-06 8.91635718e-06 5.88408329e-06 2.29586742e-05 4.77505419e-06 1.55820837e-05 4.02403047e-05 3.56951088e-05 1.27794672e-05 4.26375183e-05 3.33346572e-05 1.34373549e-05 4.01746802e-05 4.72283026e-05 9.34369818e-06 3.66631333e-05 8.38949607e-05 2.28177247e-05 2.00975497e-04 3.49260898e-04 1.39704359e-05 1.23049313e-04 1.50260486e-05 2.63637223e-05 2.42814021e-04 4.22393320e-04 7.10070198e-05 1.84619339e-04 4.28814415e-05 1.33713093e-05 2.87967960e-05 1.54736462e-05 5.41507796e-07 1.69242885e-08 1.28605100e-09
 2006 04 25 12 00 00  3.57090624e-03 2.16740467e-03 1.18875548e-03 8.41411113e-04 5.96307273e-04 3.41090942e-04 2.40386886e-04 1.98288222e-04 4.00456607e-04 1.17302728e-04 2.76865333e-03 4.09048125e-03 2.08667541e-04 6.05986133e-05 4.01374140e-05 1.10842831e-04 3.08491813e-05 5.15544554e-05 1.08776407e-04 6.66936452e-05 1.23055660e-04 1.49961388e-04 9.09938304e-05 6.67647411e-05 4.70896885e-06 8.98141225e-06 5.89115807e-06 2.30536511e-05 4.78393376e-06 1.56470830e-05 4.05954400e-05 3.57982004e-05 1.29859269e-05 4.30260796e-05 3.38543323e-05 1.34712318e-05 4.08594577e-05 4.81585738e-05 9.39782622e-06 3.72478680e-05 8.59104135e-05 2.31539700e-05 2.04847399e-04 3.54043419e-04 1.41617367e-05 1.27296010e-04 1.63942008e-05 2.70157820e-05 2.49565533e-04 4.29524333e-04 7.24607077e-05 1.90685693e-04 4.56426416e-05 1.43750281e-05 3.11133917e-05 1.70276520e-05 6.12184530e-07 2.06467355e-08 1.62449521e-09
 2006 04 26 12 00 00  3.59640332e-03 2.18423512e-03 1.19940622e-03 8.49497465e-04 6.03560744e-04 3.44280867e-04 2.43558323e-04 2.01784884e-04 4.09577671e-04 1.19753123e-04 2.84183185e-03 4.22859937e-03 2.12342044e-04 6.14863652e-05 4.06864204e-05 1.13600556e-04 3.16572608e-05 5.36144595e-05 1.10825173e-04 6.76284835e-05 1.27340147e-04 1.55428082e-04 9.32835256e-05 6.77901638e-05 4.76674868e-06 9.04912886e-06 5.91413154e-06 2.33378664e-05 4.80485105e-06 1.58419736e-05 4.16918243e-05 3.61318933e-05 1.36534887e-05 4.41448682e-05 3.50784976e-05 1.35812967e-05 4.29657975e-05 5.10864147e-05 9.45416978e-06 3.87986303e-05 9.22059476e-05 2.39458444e-05 2.16394272e-04 3.65309064e-04 1.46123625e-05 1.39700039e-04 2.08276993e-05 2.85514514e-05 2.69834824e-04 4.50357952e-04 7.64218721e-05 2.05723820e-04 4.85221297e-05 1.54217328e-05 3.35291385e-05 1.86474477e-05 6.85801319e-07 2.45201107e-08 1.97656256e-09
 2006 04 27 12 00 00  3.60758135e-03 2.19355399e-03 1.20513630e-03 8.53474777e-04 6.06933702e-04 3.45518952e-04 2.44902169e-04 2.03314200e-04 4.13572392e-04 1.21229471e-04 2.87373464e-03 4.28172201e-03 2.14272050e-04 6.22098364e-05 4.10153675e-05 1.14894799e-04 3.19700339e-05 5.44091978e-05 1.12377119e-04 6.86267333e-05 1.28991114e-04 1.57533800e-04 9.42242968e-05 6.83050004e-05 4.78909678e-06 9.07868161e-06 5.92297729e-06 2.34729889e-05 4.82713949e-06 1.59453300e-05 4.22038572e-05 3.62609280e-05 1.39119918e-05 4.46777020e-05 3.63832485e-05 1.36236515e-05 4.39573729e-05 5.23633927e-05 9.47875669e-06 3.96870902e-05 9.50413508e-05 2.47910444e-05 2.21369974e-04 3.77317774e-04 1.50927110e-05 1.46776343e-04 2.25395081e-05 3.01902968e-05 2.80564729e-04 4.61717764e-04 7.93082170e-05 2.11861372e-04 4.97843532e-05 1.58805425e-05 3.45879825e-05 1.93566580e-05 7.17978850e-07 2.62089976e-08 2.12996714e-09
 2006 04 28 12 00 00  3.62291494e-03 2.20315508e-03 1.21125713e-03 8.58227001e-04 6.11251498e-04 3.47481277e-04 2.46822973e-04 2.05419541e-04 4.19060558e-04 1.22595945e-04 2.91780167e-03 4.36671861e-03 2.16397222e-04 6.26559527e-05 4.13222882e-05 1.16533391e-04 3.24692170e-05 5.56792249e-05 1.13440048e-04 6.90338202e-05 1.31629046e-04 1.60900939e-04 9.56189417e-05 6.88801584e-05 4.82477371e-06 9.08462753e-06 5.93712466e-06 2.36395524e-05 4.83620897e-06 1.60582244e-05 4.28555626e-05 3.64669395e-05 1.43244790e-05 4.53192602e-05 3.69142741e-05 1.36914037e-05 4.52043892e-05 5.41271893e-05 9.48370362e-06 4.05196126e-05 9.88123032e-05 2.51355552e-05 2.28171229e-04 3.82205874e-04 1.52882350e-05 1.53791749e-04 2.52741767e-05 3.08581948e-05 2.92298065e-04 4.73580301e-04 8.13915858e-05 2.19965133e-04 5.00464723e-05 1.59758010e-05 3.48077288e-05 1.95027344e-05 7.24526660e-07 2.65466305e-08 2.16048122e-09
 2006 04 29 12 00 00  3.63473383e-03 2.21100778e-03 1.21622198e-03 8.61993005e-04 6.14628023e-04 3.48957281e-04 2.48293180e-04 2.07042046e-04 4.23290134e-04 1.23743117e-04 2.95173245e-03 4.43046726e-03 2.18109735e-04 6.30776762e-05 4.15793494e-05 1.17817723e-04 3.28459108e-05 5.66345698e-05 1.14411446e-04 6.94846327e-05 1.33610777e-04 1.63429962e-04 9.66798510e-05 6.93467505e-05 4.85167657e-06 9.09955561e-06 5.94774683e-06 2.37715540e-05 4.84626762e-06 1.61497352e-05 4.33674002e-05 3.66222579e-05 1.46358783e-05 4.58305272e-05 3.75031057e-05 1.37422408e-05 4.61842658e-05 5.54878536e-05 9.49612295e-06 4.12242723e-05 1.01743195e-04 2.55171821e-05 2.33454922e-04 3.87625679e-04 1.55050272e-05 1.59599161e-04 2.73328915e-05 3.15981306e-05 3.01793552e-04 4.83296430e-04 8.32679196e-05 2.26451312e-04 5.06905529e-05 1.62099052e-05 3.53479206e-05 1.98636661e-05 7.40838556e-07 2.73979516e-08 2.23768541e-09
 2006 04 30 12 00 00  3.63664464e-03 2.21217993e-03 1.21697160e-03 8.62585200e-04 6.15171490e-04 3.49204800e-04 2.48534262e-04 2.07306074e-04 4.23976095e-04 1.23909086e-04 2.95723822e-03 4.44109254e-03 2.18371618e-04 6.31310871e-05 4.16169484e-05 1.18023991e-04 3.29107977e-05 5.67963754e-05 1.14542325e-04 6.95308612e-05 1.33942784e-04 1.63854814e-04 9.68552231e-05 6.93947214e-05 4.85629280e-06 9.06698406e-06 5.94952835e-06 2.37907673e-05 4.84724151e-06 1.61640930e-05 4.34490759e-05 3.66488792e-05 1.46896360e-05 4.58910081e-05 3.75604955e-05 1.37507392e-05 4.63376187e-05 5.57091947e-05 9.46902001e-06 4.12833254e-05 1.02217776e-04 2.55558494e-05 2.34145531e-04 3.88155772e-04 1.55262309e-05 1.60449784e-04 2.76830484e-05 3.16727965e-05 3.03272371e-04 4.84683778e-04 8.35231770e-05 2.26455347e-04 4.93205915e-05 1.57118828e-05 3.41983334e-05 1.90907947e-05 7.05564952e-07 2.55308457e-08 2.06769286e-09
 2006 05 01 12 00 00  3.62500660e-03 2.20464905e-03 1.21219292e-03 8.58938340e-04 6.11890828e-04 3.47738409e-04 2.47085246e-04 2.05712787e-04 4.19815924e-04 1.22823289e-04 2.92384560e-03 4.37734872e-03 2.16721051e-04 6.27552181e-05 4.13739408e-05 1.16778016e-04 3.25433328e-05 5.58523403e-05 1.13668639e-04 6.91547233e-05 1.31970362e-04 1.61340465e-04 9.58068787e-05 6.88804962e-05 4.82997057e-06 8.96159545e-06 5.93895420e-06 2.36585774e-05 4.83873846e-06 1.60775885e-05 4.29531460e-05 3.64967913e-05 1.43863770e-05 4.53410197e-05 3.70633759e-05 1.37000010e-05 4.53786222e-05 5.43751158e-05 9.38132871e-06 4.04973070e-05 9.93612825e-05 2.52365047e-05 2.28513891e-04 3.83583650e-04 1.53433460e-05 1.54905231e-04 2.56551895e-05 3.10530391e-05 2.94244220e-04 4.75197613e-04 8.18230008e-05 2.17289408e-04 4.48681899e-05 1.40933492e-05 3.04624969e-05 1.65818911e-05 5.91254258e-07 1.94947901e-08 1.51850319e-09
 2006 05 02 12 00 00  3.61695162e-03 2.19898803e-03 1.20864025e-03 8.56322236e-04 6.09587096e-04 3.46762311e-04 2.46094799e-04 2.04613171e-04 4.16940004e-04 1.21979788e-04 2.90079300e-03 4.33485433e-03 2.15506145e-04 6.24200759e-05 4.11858151e-05 1.15900612e-04 3.23022367e-05 5.52277430e-05 1.12920498e-04 6.87615771e-05 1.30660069e-04 1.59670402e-04 9.50972304e-05 6.85102104e-05 4.81266688e-06 8.88744689e-06 5.93192417e-06 2.35658050e-05 4.82983633e-06 1.60143966e-05 4.26061179e-05 3.63967585e-05 1.41876313e-05 4.49516899e-05 3.65430518e-05 1.36662173e-05 4.47028907e-05 5.34584281e-05 9.31962859e-06 3.99058816e-05 9.73808792e-05 2.49026169e-05 2.24649395e-04 3.78798667e-04 1.51519467e-05 1.50718170e-04 2.43162707e-05 3.04049783e-05 2.87631005e-04 4.68176067e-04 8.03938675e-05 2.11074941e-04 4.17595818e-05 1.29632526e-05 2.78537696e-05 1.48266288e-05 5.11043746e-07 1.52414870e-08 1.13106520e-09
 2006 05 03 12 00 00  3.61117103e-03 2.19528393e-03 1.20628663e-03 8.54524939e-04 6.07969893e-04 3.46032227e-04 2.45375471e-04 2.03823454e-04 4.14875499e-04 1.21448772e-04 2.88421708e-03 4.30298336e-03 2.14693283e-04 6.22414395e-05 4.10671405e-05 1.15286868e-04 3.21216561e-05 5.47595788e-05 1.12505146e-04 6.85883278e-05 1.29678743e-04 1.58418217e-04 9.45763432e-05 6.82829563e-05 4.79970404e-06 8.87088318e-06 5.92665383e-06 2.35036033e-05 4.82587202e-06 1.59723824e-05 4.23640603e-05 3.63218191e-05 1.40387827e-05 4.47024291e-05 3.63115716e-05 1.36408795e-05 4.42345001e-05 5.28013669e-05 9.30583847e-06 3.95683540e-05 9.59774373e-05 2.47551361e-05 2.22047182e-04 3.76671266e-04 1.50668506e-05 1.48041278e-04 2.33128711e-05 3.01185064e-05 2.83227709e-04 4.63665275e-04 7.95812487e-05 2.07703956e-04 4.11116142e-05 1.27275789e-05 2.73091920e-05 1.44537749e-05 4.93543570e-07 1.42788231e-08 1.04250120e-09
 2006 05 04 12 00 00  3.60185381e-03 2.18698484e-03 1.20122039e-03 8.51113338e-04 6.05137438e-04 3.45048388e-04 2.44272703e-04 2.02556233e-04 4.11554552e-04 1.20110936e-04 2.85772242e-03 4.26048972e-03 2.13001164e-04 6.15544520e-05 4.07704752e-05 1.14197599e-04 3.18815320e-05 5.41361747e-05 1.11058911e-04 6.76059863e-05 1.28371788e-04 1.56749704e-04 9.38128141e-05 6.78766771e-05 4.78246184e-06 8.89742005e-06 5.91962926e-06 2.33946366e-05 4.80373892e-06 1.58834798e-05 4.19385067e-05 3.62221239e-05 1.38408956e-05 4.42826785e-05 3.50172108e-05 1.36071088e-05 4.34045221e-05 5.17546944e-05 9.32790936e-06 3.88443909e-05 9.36348521e-05 2.39217610e-05 2.18233094e-04 3.64764531e-04 1.45905812e-05 1.41807432e-04 2.19772017e-05 2.85015441e-05 2.73944057e-04 4.53914418e-04 7.69003084e-05 2.04492575e-04 4.23117907e-05 1.31636767e-05 2.83148495e-05 1.51182672e-05 5.23037164e-07 1.57772813e-08 1.17734764e-09
 2006 05 05 12 00 00  3.59326190e-03 2.18298901e-03 1.19854764e-03 8.48775885e-04 6.02880400e-04 3.43837712e-04 2.43166824e-04 2.01378985e-04 4.08482432e-04 1.19634282e-04 2.83293997e-03 4.20737118e-03 2.12041052e-04 6.15487562e-05 4.06627466e-05 1.13350228e-04 3.15794343e-05 5.33545332e-05 1.10949166e-04 6.78059470e-05 1.26734572e-04 1.54660953e-04 9.29890070e-05 6.75686365e-05 4.76078640e-06 8.84390320e-06 5.91083844e-06 2.33080475e-05 4.80804629e-06 1.58346782e-05 4.16007109e-05 3.60968261e-05 1.35918162e-05 4.39271941e-05 3.52703035e-05 1.35648690e-05 4.27568350e-05 5.07695498e-05 9.28336667e-06 3.84667172e-05 9.15996668e-05 2.40897600e-05 2.14143724e-04 3.67099039e-04 1.46839615e-05 1.39073867e-04 2.03011019e-05 2.88264593e-05 2.68812980e-04 4.48832395e-04 7.65838200e-05 1.98216121e-04 4.01391375e-05 1.23736628e-05 2.64903379e-05 1.38808119e-05 4.65782907e-07 1.26882362e-08 8.94627306e-10
 2006 05 06 12 00 00  3.58628532e-03 2.17676676e-03 1.19474993e-03 8.46226799e-04 6.00769186e-04 3.43103005e-04 2.42342796e-04 2.00432282e-04 4.05998375e-04 1.18631836e-04 2.81311778e-03 4.17550281e-03 2.10774081e-04 6.10356115e-05 4.04408423e-05 1.12538478e-04 3.14027391e-05 5.28911361e-05 1.09872306e-04 6.70717680e-05 1.25757589e-04 1.53414969e-04 9.24186113e-05 6.72368226e-05 4.74806802e-06 8.82331296e-06 5.90558739e-06 2.32248094e-05 4.79143164e-06 1.57687304e-05 4.12832816e-05 3.60232487e-05 1.34464004e-05 4.35900593e-05 3.42990883e-05 1.35395749e-05 4.21339824e-05 4.99880818e-05 9.26621578e-06 3.78734164e-05 8.98533430e-05 2.34663079e-05 2.11097593e-04 3.58167230e-04 1.43266892e-05 1.34398334e-04 1.93107146e-05 2.76164123e-05 2.61907571e-04 4.41452742e-04 7.45850421e-05 1.94630473e-04 3.93905472e-05 1.21012444e-05 2.58601323e-05 1.34408843e-05 4.44539205e-07 1.14761029e-08 7.82055132e-10
 2006 05 07 12 00 00  3.58594585e-03 2.17598679e-03 1.19430478e-03 8.46020320e-04 6.00653489e-04 3.43111287e-04 2.42319152e-04 2.00394151e-04 4.05886739e-04 1.18487292e-04 2.81224973e-03 4.17550802e-03 2.10638272e-04 6.09366069e-05 4.04101547e-05 1.12491961e-04 3.14143981e-05 5.29054261e-05 1.09687014e-04 6.69030356e-05 1.25772009e-04 1.53433498e-04 9.24100264e-05 6.72079713e-05 4.74880144e-06 8.82033346e-06 5.90564814e-06 2.32215350e-05 4.78744078e-06 1.57634590e-05 4.12691414e-05 3.60273261e-05 1.34566842e-05 4.35676617e-05 3.40668455e-05 1.35397029e-05 4.20974424e-05 4.99661023e-05 9.26371795e-06 3.77983502e-05 8.97896243e-05 2.33215993e-05 2.11013900e-04 3.56036852e-04 1.42414741e-05 1.33853037e-04 1.93496904e-05 2.73346435e-05 2.61297388e-04 4.40724608e-04 7.42480624e-05 1.94722563e-04 3.93967378e-05 1.21031778e-05 2.58630482e-05 1.34246623e-05 4.42493791e-07 1.12696796e-08 7.60784147e-10
 2006 05 08 12 00 00  3.58641698e-03 2.17689997e-03 1.19483111e-03 8.46324943e-04 6.00877977e-04 3.43124654e-04 2.42367760e-04 2.00463825e-04 4.06061164e-04 1.18660071e-04 2.81359312e-03 4.17551287e-03 2.10808894e-04 6.10636727e-05 4.04491992e-05 1.12581738e-04 3.14255594e-05 5.29191049e-05 1.09951105e-04 6.71128102e-05 1.25785580e-04 1.53451241e-04 9.24361113e-05 6.72337187e-05 4.74950466e-06 8.79661457e-06 5.90570562e-06 2.32315697e-05 4.79193914e-06 1.57747236e-05 4.13067778e-05 3.60312348e-05 1.34665359e-05 4.35914608e-05 3.43313266e-05 1.35398252e-05 4.21646415e-05 5.00300135e-05 9.24396518e-06 3.78660482e-05 8.99630860e-05 2.34976789e-05 2.11122032e-04 3.58477051e-04 1.43390821e-05 1.34651696e-04 1.93870233e-05 2.76750827e-05 2.62404190e-04 4.41888000e-04 7.47155142e-05 1.94276629e-04 3.85123317e-05 1.17813959e-05 2.51189472e-05 1.29087449e-05 4.17823762e-07 9.87932918e-09 6.32065511e-10
 2006 05 09 12 00 00  3.59007323e-03 2.17885564e-03 1.19610860e-03 8.47409039e-04 6.01910945e-04 3.43625166e-04 2.42839095e-04 2.00973881e-04 4.07379048e-04 1.18920012e-04 2.82418748e-03 4.19676751e-03 2.11265200e-04 6.11208975e-05 4.05090276e-05 1.12972613e-04 3.15626152e-05 5.32516453e-05 1.10120149e-04 6.71206217e-05 1.26459207e-04 1.54312508e-04 9.27834915e-05 6.73322972e-05 4.75919587e-06 8.75266196e-06 5.90930576e-06 2.32702772e-05 4.79189439e-06 1.58010804e-05 4.14654181e-05 3.60870297e-05 1.35804759e-05 4.37157077e-05 3.43300402e-05 1.35568960e-05 4.24571544e-05 5.04651108e-05 9.20737730e-06 3.79773981e-05 9.08881820e-05 2.35024709e-05 2.12585615e-04 3.58472283e-04 1.43388913e-05 1.36105458e-04 2.01116869e-05 2.76832172e-05 2.65076614e-04 4.44389766e-04 7.50595407e-05 1.95088810e-04 3.67757041e-05 1.11498092e-05 2.36597352e-05 1.19122183e-05 3.71230618e-07 7.32941814e-09 3.97795530e-10
 2006 05 10 12 00 00  3.58984398e-03 2.17831115e-03 1.19579847e-03 8.47271656e-04 6.01839753e-04 3.43633314e-04 2.42824812e-04 2.00949952e-04 4.07305865e-04 1.18819527e-04 2.82361586e-03 4.19677198e-03 2.11171715e-04 6.10531868e-05 4.04879976e-05 1.12943921e-04 3.15732905e-05 5.32647362e-05 1.09996003e-04 6.70044567e-05 1.26470582e-04 1.54329478e-04 9.27791471e-05 6.72611282e-05 4.75986781e-06 8.67746712e-06 5.90936143e-06 2.32640537e-05 4.78908914e-06 1.57979328e-05 4.14554919e-05 3.60907667e-05 1.35898998e-05 4.36573993e-05 3.41671403e-05 1.35570124e-05 4.24267835e-05 5.04501668e-05 9.14479242e-06 3.78309884e-05 9.08474550e-05 2.34023755e-05 2.12170148e-04 3.56979794e-04 1.42791917e-05 1.35695166e-04 2.01473944e-05 2.74880178e-05 2.64692172e-04 4.43696679e-04 7.48326074e-05 1.92917935e-04 3.37165284e-05 1.00374570e-05 2.10908701e-05 1.01708363e-05 2.90726368e-07 2.99083034e-09 8.32711677e-13
 2006 05 11 12 00 00  3.58392661e-03 2.17429488e-03 1.19326664e-03 8.45390925e-04 6.00175149e-04 3.42906274e-04 2.42095764e-04 2.00144660e-04 4.05196148e-04 1.18230612e-04 2.80668851e-03 4.16490361e-03 2.10304346e-04 6.08347541e-05 4.03569936e-05 1.12311124e-04 3.13970842e-05 5.28019387e-05 1.09505660e-04 6.67634711e-05 1.25494373e-04 1.53084255e-04 9.22546379e-05 6.70139827e-05 4.74718036e-06 8.64769318e-06 5.90411291e-06 2.31996690e-05 4.78352922e-06 1.57537467e-05 4.12071841e-05 3.60173552e-05 1.34449103e-05 4.33919489e-05 3.38427984e-05 1.35317241e-05 4.19422135e-05 4.97832579e-05 9.11999523e-06 3.74481256e-05 8.94162489e-05 2.31968559e-05 2.09471201e-04 3.54000300e-04 1.41600120e-05 1.32790104e-04 1.91586223e-05 2.70885677e-05 2.60039825e-04 4.38854449e-04 7.38841117e-05 1.89247334e-04 3.26209993e-05 9.63882062e-06 2.01688531e-05 9.52927758e-06 2.59889523e-07 1.52452913e-09 1.00000000e-10
 2006 05 12 12 00 00  3.57892156e-03 2.17220468e-03 1.19183972e-03 8.44084210e-04 5.98886844e-04 3.42181529e-04 2.41446259e-04 1.99459086e-04 4.03407050e-04 1.18002488e-04 2.79223415e-03 4.13303301e-03 2.09784667e-04 6.08735251e-05 4.03053465e-05 1.11829057e-04 3.12165066e-05 5.23337803e-05 1.09526002e-04 6.69536996e-05 1.24513365e-04 1.51832097e-04 9.17671787e-05 6.68533632e-05 4.73421787e-06 8.63072564e-06 5.89884257e-06 2.31516587e-05 4.78764414e-06 1.57276566e-05 4.10148727e-05 3.59424186e-05 1.32960646e-05 4.31992819e-05 3.40845058e-05 1.35063878e-05 4.15752778e-05 4.92100983e-05 9.10585804e-06 3.72735268e-05 8.82435829e-05 2.33568280e-05 2.07153006e-04 3.56229183e-04 1.42491673e-05 1.31413435e-04 1.81552459e-05 2.73980491e-05 2.57289024e-04 4.36226248e-04 7.38450738e-05 1.86045040e-04 3.20350430e-05 9.42549987e-06 1.96749407e-05 9.17956136e-06 2.42661195e-07 8.58065974e-10 1.00000000e-10
 2006 05 13 12 00 00  3.57377995e-03 2.16703260e-03 1.18872041e-03 8.42075513e-04 5.97273375e-04 3.41688523e-04 2.40853132e-04 1.98762678e-04 4.01577883e-04 1.17142293e-04 2.77768058e-03 4.11178730e-03 2.08754696e-04 6.03947667e-05 4.01152540e-05 1.11205344e-04 3.10988689e-05 5.20250585e-05 1.08536230e-04 6.62354520e-05 1.23861548e-04 1.51001694e-04 9.13658614e-05 6.65758938e-05 4.72574939e-06 8.59699285e-06 5.89534284e-06 2.30859585e-05 4.77143440e-06 1.56736683e-05 4.07708023e-05 3.58934223e-05 1.31992623e-05 4.29269064e-05 3.31366726e-05 1.34895294e-05 4.10937512e-05 4.86353381e-05 9.07777576e-06 3.67491172e-05 8.69324346e-05 2.27472643e-05 2.04839663e-04 3.47510997e-04 1.39004399e-05 1.27461389e-04 1.74955276e-05 2.62151996e-05 2.51645509e-04 4.30060445e-04 7.20260458e-05 1.82965837e-04 3.07063784e-05 8.94227310e-06 1.85584472e-05 8.41647507e-06 2.06939634e-07 1.00000000e-10 1.00000000e-10
 2006 05 14 12 00 00  3.57167384e-03 2.16539461e-03 1.18770526e-03 8.41366070e-04 5.96669477e-04 3.41448483e-04 2.40600026e-04 1.98478283e-04 4.00829339e-04 1.16890246e-04 2.77168962e-03 4.10116538e-03 2.08412645e-04 6.02827899e-05 4.00594732e-05 1.10974762e-04 3.10436881e-05 5.18751505e-05 1.08296928e-04 6.60888152e-05 1.23540073e-04 1.50592262e-04 9.11871055e-05 6.64695948e-05 4.72174397e-06 8.56887564e-06 5.89361152e-06 2.30617939e-05 4.76806090e-06 1.56566998e-05 4.06815651e-05 3.58701946e-05 1.31540713e-05 4.28187422e-05 3.29398055e-05 1.34811387e-05 4.09154106e-05 4.84021461e-05 9.05437337e-06 3.65692616e-05 8.64251582e-05 2.26222910e-05 2.03815736e-04 3.45702305e-04 1.38280922e-05 1.26264655e-04 1.71778258e-05 2.59723485e-05 2.49842343e-04 4.28094068e-04 7.15754399e-05 1.81194405e-04 2.95719099e-05 8.52974354e-06 1.76056365e-05 7.76923398e-06 1.76921579e-07 1.00000000e-10 1.00000000e-10
 2006 05 15 12 00 00  3.56561791e-03 2.16113669e-03 1.18503329e-03 8.39393101e-04 5.94928983e-04 3.40713446e-04 2.39854201e-04 1.97649937e-04 3.98665453e-04 1.16255013e-04 2.75434537e-03 4.06929329e-03 2.07498095e-04 6.00290085e-05 3.99176601e-05 1.10311637e-04 3.08597169e-05 5.14028303e-05 1.07729287e-04 6.57905883e-05 1.22554634e-04 1.49334699e-04 9.06526023e-05 6.62246142e-05 4.70856758e-06 8.56151892e-06 5.88832299e-06 2.29942733e-05 4.76134264e-06 1.56085626e-05 4.04193634e-05 3.57940648e-05 1.30022279e-05 4.25539172e-05 3.25468805e-05 1.34557646e-05 4.04094367e-05 4.77115158e-05 9.04824847e-06 3.61861288e-05 8.49300578e-05 2.23692899e-05 2.01141869e-04 3.42087789e-04 1.36835116e-05 1.23124894e-04 1.61630844e-05 2.54814659e-05 2.44823202e-04 4.22917720e-04 7.04905139e-05 1.78005438e-04 2.92832226e-05 8.42474697e-06 1.73630299e-05 7.60325846e-06 1.69140574e-07 1.00000000e-10 1.00000000e-10
 2006 05 16 12 00 00  3.55932894e-03 2.15640484e-03 1.18208896e-03 8.37271834e-04 5.93085856e-04 3.39975058e-04 2.39086408e-04 1.96789335e-04 3.96417879e-04 1.15530666e-04 2.73635466e-03 4.03742045e-03 2.06496815e-04 5.97110394e-05 3.97560755e-05 1.09607421e-04 3.06737988e-05 5.09281352e-05 1.07031970e-04 6.53854280e-05 1.21566785e-04 1.48074056e-04 9.01070528e-05 6.59622471e-05 4.69526894e-06 8.55831822e-06 5.88302428e-06 2.29222541e-05 4.75226152e-06 1.55553705e-05 4.01407728e-05 3.57172568e-05 1.28486703e-05 4.22740142e-05 3.20155290e-05 1.34303715e-05 3.98719691e-05 4.69934535e-05 9.04558547e-06 3.57596431e-05 8.33599409e-05 2.20259637e-05 1.98393439e-04 3.37198435e-04 1.34879374e-05 1.19592971e-04 1.51418528e-05 2.48155789e-05 2.39290715e-04 4.17174013e-04 6.91743989e-05 1.74876134e-04 2.91561149e-05 8.37852158e-06 1.72562385e-05 7.53043345e-06 1.65742924e-07 1.00000000e-10 1.00000000e-10
 2006 05 17 12 00 00  3.54600188e-03 2.14817346e-03 1.17683102e-03 8.33171859e-04 5.89351822e-04 3.38261331e-04 2.37415333e-04 1.94960739e-04 3.91649170e-04 1.14367119e-04 2.69805497e-03 3.96304987e-03 2.04669144e-04 5.93442057e-05 3.94947427e-05 1.08191284e-04 3.02399887e-05 4.98205074e-05 1.06150972e-04 6.50679052e-05 1.19262664e-04 1.45132533e-04 8.88921429e-05 6.54759247e-05 4.66423880e-06 8.56535116e-06 5.87066097e-06 2.27797235e-05 4.74515800e-06 1.54588456e-05 3.95789968e-05 3.55380354e-05 1.24903672e-05 4.17274685e-05 3.15997866e-05 1.33711204e-05 3.87960392e-05 4.54641906e-05 9.05143606e-06 3.50657734e-05 8.00975098e-05 2.17570065e-05 1.92552612e-04 3.33372423e-04 1.33348969e-05 1.13619437e-04 1.27589563e-05 2.42939990e-05 2.29241386e-04 4.07072939e-04 6.74393308e-05 1.68225911e-04 2.94550412e-05 8.48718209e-06 1.75070243e-05 7.69859902e-06 1.73386471e-07 1.00000000e-10 1.00000000e-10
 2006 05 18 12 00 00  3.53656836e-03 2.14247889e-03 1.17318128e-03 8.30296779e-04 5.86718459e-04 3.37036941e-04 2.36228819e-04 1.93665434e-04 3.88272545e-04 1.13570544e-04 2.67092751e-03 3.90992761e-03 2.03396694e-04 5.91064239e-05 3.93155665e-05 1.07193316e-04 2.99291511e-05 4.90281498e-05 1.05569059e-04 6.48819492e-05 1.17616114e-04 1.43029894e-04 8.80275416e-05 6.51479709e-05 4.64201366e-06 8.58749336e-06 5.86182541e-06 2.26803380e-05 4.74101798e-06 1.53915160e-05 3.91831728e-05 3.54096817e-05 1.22335783e-05 4.13533277e-05 3.13573779e-05 1.33287875e-05 3.80398739e-05 4.43807545e-05 9.06986097e-06 3.46105862e-05 7.77911407e-05 2.15996668e-05 1.88494737e-04 3.31140943e-04 1.32456377e-05 1.09505643e-04 1.10536355e-05 2.39889792e-05 2.22236180e-04 4.00110030e-04 6.62850751e-05 1.64008634e-04 3.03862889e-05 8.82571885e-06 1.82884707e-05 8.22398670e-06 1.97366195e-07 1.00000000e-10 1.00000000e-10
 2006 05 19 12 00 00  3.54048347e-03 2.14505622e-03 1.17481262e-03 8.31535130e-04 5.87829087e-04 3.37527296e-04 2.36715623e-04 1.94201774e-04 3.89672113e-04 1.13945051e-04 2.68216152e-03 3.93117629e-03 2.03959211e-04 5.92403475e-05 3.93992332e-05 1.07615511e-04 3.00530985e-05 4.93446132e-05 1.05877279e-04 6.50216243e-05 1.18275415e-04 1.43870328e-04 8.83792790e-05 6.53223948e-05 4.65087942e-06 8.62227607e-06 5.86535753e-06 2.27253843e-05 4.74418339e-06 1.54212709e-05 3.93522039e-05 3.54608870e-05 1.23359510e-05 4.15393469e-05 3.15423880e-05 1.33457172e-05 3.83653176e-05 4.48310667e-05 9.09880400e-06 3.48793312e-05 7.87582395e-05 2.17183115e-05 1.90390839e-04 3.32842241e-04 1.33136896e-05 1.11416310e-04 1.17344614e-05 2.42192807e-05 2.25332041e-04 4.03365901e-04 6.68848578e-05 1.67068910e-04 3.18466302e-05 9.35660350e-06 1.95139447e-05 9.04824071e-06 2.35011056e-07 5.11952791e-10 1.00000000e-10
 2006 05 20 12 00 00  3.54310490e-03 2.14772442e-03 1.17641987e-03 8.32573062e-04 5.88664843e-04 3.37777882e-04 2.37018767e-04 1.94558675e-04 3.90606413e-04 1.14390860e-04 2.68959478e-03 3.94180119e-03 2.04490317e-04 5.94911799e-05 3.94977871e-05 1.07939013e-04 3.01160413e-05 4.95040440e-05 1.06396811e-04 6.53991709e-05 1.18606569e-04 1.44292099e-04 8.85842504e-05 6.54675263e-05 4.65537305e-06 8.64074609e-06 5.86712849e-06 2.27603204e-05 4.75267916e-06 1.54498674e-05 3.94810021e-05 3.54868302e-05 1.23879960e-05 4.16814443e-05 3.20392835e-05 1.33541922e-05 3.86159646e-05 4.51291582e-05 9.11417301e-06 3.51541643e-05 7.94418239e-05 2.20385147e-05 1.91594899e-04 3.37413512e-04 1.34965405e-05 1.13486913e-04 1.20781318e-05 2.48404976e-05 2.28295986e-04 4.06607500e-04 6.78412142e-05 1.68748110e-04 3.26224906e-05 9.63865400e-06 2.01650150e-05 9.48609265e-06 2.55004149e-07 1.21835484e-09 1.00000000e-10
 2006 05 21 12 00 00  3.55497365e-03 2.15569423e-03 1.18145129e-03 8.36368703e-04 5.92056843e-04 3.39252457e-04 2.38492144e-04 1.96186339e-04 3.94851632e-04 1.15559573e-04 2.72365032e-03 4.00554836e-03 2.06222781e-04 5.99269986e-05 3.97592286e-05 1.09229600e-04 3.04907910e-05 5.04570082e-05 1.07393157e-04 6.58742036e-05 1.20586086e-04 1.46818029e-04 8.96462960e-05 6.59438872e-05 4.68215367e-06 8.66381088e-06 5.87774121e-06 2.28932223e-05 4.76334208e-06 1.55421037e-05 3.99952819e-05 3.56414675e-05 1.26976811e-05 4.22005073e-05 3.26631154e-05 1.34050104e-05 3.96019308e-05 4.64930984e-05 9.13336480e-06 3.58799673e-05 8.23818493e-05 2.24411880e-05 1.96929070e-04 3.43153370e-04 1.37261348e-05 1.19378840e-04 1.41303477e-05 2.56215775e-05 2.37876633e-04 4.16450333e-04 6.97653774e-05 1.75461785e-04 3.35955472e-05 9.99238218e-06 2.09814929e-05 1.00346130e-05 2.80009658e-07 2.09998028e-09 1.00000000e-10
 2006 05 22 12 00 00  3.57307776e-03 2.16827848e-03 1.18935980e-03 8.42252228e-04 5.97271287e-04 3.41465936e-04 2.40729014e-04 1.98667950e-04 4.01325999e-04 1.17430705e-04 2.77555470e-03 4.10116948e-03 2.08935588e-04 6.06652548e-05 4.01774641e-05 1.11216125e-04 3.10524338e-05 5.18858666e-05 1.09056754e-04 6.67282380e-05 1.23555648e-04 1.50606162e-04 9.12520857e-05 6.67054602e-05 4.72229403e-06 8.72846649e-06 5.89365700e-06 2.30999166e-05 4.78249167e-06 1.56865674e-05 4.07865970e-05 3.58732592e-05 1.31617853e-05 4.30189727e-05 3.37835838e-05 1.34812319e-05 4.11230649e-05 4.85724623e-05 9.18716614e-06 3.70709259e-05 8.68826471e-05 2.31649465e-05 2.05192299e-04 3.53463424e-04 1.41385370e-05 1.28740147e-04 1.72070606e-05 2.70253717e-05 2.52884248e-04 4.32032810e-04 7.29517724e-05 1.86496014e-04 3.63011638e-05 1.09759882e-05 2.32521187e-05 1.15630752e-05 3.49905420e-07 5.79521631e-09 2.47881626e-10
 2006 05 23 12 00 00  3.59456341e-03 2.18233484e-03 1.19826593e-03 8.49038396e-04 6.03371239e-04 3.44164400e-04 2.43404532e-04 2.01614765e-04 4.09012379e-04 1.19469475e-04 2.83723148e-03 4.21803854e-03 2.12011293e-04 6.13917487e-05 4.06343934e-05 1.13534519e-04 3.17360798e-05 5.36288135e-05 1.10741286e-04 6.74779702e-05 1.27181035e-04 1.55231649e-04 9.31856339e-05 6.75717978e-05 4.77117792e-06 8.79516738e-06 5.91309545e-06 2.33393616e-05 4.79926457e-06 1.58496390e-05 4.17086830e-05 3.61555693e-05 1.37265466e-05 4.39646115e-05 3.47652473e-05 1.35743627e-05 4.28945701e-05 5.10405732e-05 9.24267370e-06 3.83761276e-05 9.21837092e-05 2.38000022e-05 2.14977479e-04 3.62497410e-04 1.44998964e-05 1.39092617e-04 2.09581063e-05 2.82569206e-05 2.69845523e-04 4.49472429e-04 7.62154731e-05 1.99451410e-04 3.90705276e-05 1.19828218e-05 2.55766212e-05 1.31308469e-05 4.21816836e-07 9.62862643e-09 5.97579586e-10
 2006 05 24 12 00 00  3.60024564e-03 2.18580655e-03 1.20048669e-03 8.50775708e-04 6.04956239e-04 3.44898188e-04 2.44117482e-04 2.02393695e-04 4.11044346e-04 1.19957304e-04 2.85356048e-03 4.24991101e-03 2.12783548e-04 6.15399719e-05 4.07436507e-05 1.14135384e-04 3.19215062e-05 5.41029032e-05 1.11098158e-04 6.75994204e-05 1.28167601e-04 1.56491518e-04 9.37047843e-05 6.77697220e-05 4.78444636e-06 8.78163919e-06 5.91839125e-06 2.33990442e-05 4.80203889e-06 1.58903071e-05 4.19474074e-05 3.62322084e-05 1.38796750e-05 4.41897879e-05 3.49272595e-05 1.35997499e-05 4.33505084e-05 5.16915341e-05 9.23142725e-06 3.86528062e-05 9.35702060e-05 2.39033485e-05 2.17414555e-04 3.63986518e-04 1.45594607e-05 1.41594958e-04 2.19777125e-05 2.84576352e-05 2.74081250e-04 4.53686732e-04 7.69268758e-05 2.01902416e-04 3.84186499e-05 1.17460450e-05 2.50310430e-05 1.27755060e-05 4.06421248e-07 8.87553568e-09 5.30573940e-10
 2006 05 25 12 00 00  3.60622558e-03 2.18990735e-03 1.20306823e-03 8.52700080e-04 6.06663578e-04 3.45632699e-04 2.44856304e-04 2.03211556e-04 4.13180699e-04 1.20562913e-04 2.87069579e-03 4.28178385e-03 2.13669217e-04 6.17719093e-05 4.08787429e-05 1.14785262e-04 3.21054889e-05 5.45752293e-05 1.11620752e-04 6.78612851e-05 1.29152572e-04 1.57749095e-04 9.42360124e-05 6.79957583e-05 4.79762275e-06 8.77212879e-06 5.92367978e-06 2.34640420e-05 4.80797426e-06 1.59368693e-05 4.22044919e-05 3.63083353e-05 1.40315213e-05 4.44385637e-05 3.52741656e-05 1.36251227e-05 4.38448234e-05 5.23730241e-05 9.22352847e-06 3.89971926e-05 9.50408816e-05 2.41257978e-05 2.19974978e-04 3.67176567e-04 1.46870627e-05 1.44595723e-04 2.29924699e-05 2.88894342e-05 2.78936234e-04 4.58621664e-04 7.79343441e-05 2.04498682e-04 3.79234942e-05 1.15662705e-05 2.46171882e-05 1.25104233e-05 3.95267199e-07 8.35613960e-09 4.85077001e-10
 2006 05 26 12 00 00  3.60737919e-03 2.19234550e-03 1.20446623e-03 8.53424348e-04 6.07136743e-04 3.45635726e-04 2.44956444e-04 2.03362114e-04 4.13584475e-04 1.21019204e-04 2.87381914e-03 4.28178124e-03 2.14108318e-04 6.20953707e-05 4.09785827e-05 1.14974916e-04 3.21001426e-05 5.45686751e-05 1.12259014e-04 6.84040249e-05 1.29145648e-04 1.57740595e-04 9.42829432e-05 6.80754284e-05 4.79728697e-06 8.74700927e-06 5.92365250e-06 2.34820215e-05 4.82023206e-06 1.59597295e-05 4.22750937e-05 3.63064697e-05 1.40268065e-05 4.45052121e-05 3.59908532e-05 1.36250645e-05 4.39896010e-05 5.24895401e-05 9.20264210e-06 3.92057465e-05 9.53638698e-05 2.45864823e-05 2.20247752e-04 3.73768360e-04 1.49507344e-05 1.46500758e-04 2.29745987e-05 2.97834340e-05 2.81335319e-04 4.61285027e-04 7.90790755e-05 2.03749991e-04 3.67550329e-05 1.11417702e-05 2.36386276e-05 1.18680080e-05 3.67058172e-07 6.94650915e-09 3.58843621e-10
 2006 05 27 12 00 00  3.61510276e-03 2.19730035e-03 1.20761376e-03 8.55831934e-04 6.09305310e-04 3.46612189e-04 2.45918497e-04 2.04418583e-04 4.16343942e-04 1.21730391e-04 2.89597822e-03 4.32427675e-03 2.15195804e-04 6.23356800e-05 4.11374548e-05 1.15798211e-04 3.23441549e-05 5.51968522e-05 1.12817939e-04 6.86380954e-05 1.30458314e-04 1.59415301e-04 9.49798199e-05 6.83855500e-05 4.81477400e-06 8.77679922e-06 5.93069708e-06 2.35665606e-05 4.82558426e-06 1.60165140e-05 4.26019407e-05 3.64075240e-05 1.42281264e-05 4.48440510e-05 3.63033527e-05 1.36588817e-05 4.46194688e-05 5.33717355e-05 9.22744512e-06 3.96683314e-05 9.72504914e-05 2.47857039e-05 2.23779105e-04 3.76640550e-04 1.50656220e-05 1.50108580e-04 2.43232731e-05 3.01703869e-05 2.87266660e-04 4.67382781e-04 8.01750698e-05 2.08489846e-04 3.78956643e-05 1.15566952e-05 2.45977191e-05 1.25283452e-05 3.98310772e-07 8.68463630e-09 5.19209653e-10
 2006 05 28 12 00 00  3.61212176e-03 2.19391983e-03 1.20559635e-03 8.54562717e-04 6.08303484e-04 3.46353849e-04 2.45579633e-04 2.04009851e-04 4.15277851e-04 1.21150064e-04 2.88753200e-03 4.31364924e-03 2.14532572e-04 6.19862557e-05 4.10085849e-05 1.15408303e-04 3.22753855e-05 5.50302968e-05 1.12095262e-04 6.80972298e-05 1.30120813e-04 1.58984285e-04 9.47563382e-05 6.82386059e-05 4.80991257e-06 8.80171283e-06 5.92889555e-06 2.35262946e-05 4.81356328e-06 1.59796937e-05 4.24473343e-05 3.63795407e-05 1.41709417e-05 4.46994622e-05 3.55993514e-05 1.36503426e-05 4.43221392e-05 5.30294791e-05 9.24820342e-06 3.93735267e-05 9.64451699e-05 2.43282222e-05 2.22635325e-04 3.70159217e-04 1.48063687e-05 1.47450535e-04 2.39601344e-05 2.92836281e-05 2.83481205e-04 4.63348065e-04 7.88601064e-05 2.07896907e-04 3.87599966e-05 1.18713488e-05 2.53261950e-05 1.30434823e-05 4.23643243e-07 1.01625556e-08 6.57225918e-10
 2006 05 29 12 00 00  3.61005770e-03 2.19243267e-03 1.20466556e-03 8.53872910e-04 6.07693237e-04 3.46104828e-04 2.45324361e-04 2.03724750e-04 4.14536751e-04 1.20924805e-04 2.88160377e-03 4.30302359e-03 2.14212997e-04 6.18897110e-05 4.09577008e-05 1.15175326e-04 3.22100124e-05 5.48678916e-05 1.11875921e-04 6.79791148e-05 1.29785977e-04 1.58558660e-04 9.45741102e-05 6.81171715e-05 4.80526614e-06 8.75139158e-06 5.92711185e-06 2.34987037e-05 4.81101815e-06 1.59621095e-05 4.23531541e-05 3.63527477e-05 1.41167562e-05 4.45769201e-05 3.54497781e-05 1.36418399e-05 4.41397085e-05 5.27866601e-05 9.20635939e-06 3.91720957e-05 9.59154628e-05 2.42289738e-05 2.21464677e-04 3.68779651e-04 1.47511860e-05 1.46286541e-04 2.36083491e-05 2.90916709e-05 2.81669781e-04 4.61320013e-04 7.84508909e-05 2.05131741e-04 3.64410226e-05 1.10288216e-05 2.33837648e-05 1.17655622e-05 3.67327945e-07 7.33272927e-09 4.03393496e-10
 2006 05 30 12 00 00  3.60212421e-03 2.18708191e-03 1.20128852e-03 8.51326265e-04 6.05417678e-04 3.45121583e-04 2.44339290e-04 2.02635222e-04 4.11696060e-04 1.20137839e-04 2.85883527e-03 4.26052548e-03 2.13049271e-04 6.15903044e-05 4.07807474e-05 1.14309436e-04 3.19601822e-05 5.42325783e-05 1.11187412e-04 6.76484487e-05 1.28466083e-04 1.56874712e-04 9.38651571e-05 6.77921486e-05 4.78741240e-06 8.72922537e-06 5.92003707e-06 2.34091309e-05 4.80374183e-06 1.59001025e-05 4.20103001e-05 3.62496561e-05 1.39102980e-05 4.42242206e-05 3.50232032e-05 1.36079601e-05 4.34792986e-05 5.18744285e-05 9.18793958e-06 3.86731074e-05 9.39473098e-05 2.39498928e-05 2.17867873e-04 3.64850051e-04 1.45940021e-05 1.42317301e-04 2.22402101e-05 2.85510992e-05 2.75225462e-04 4.54667365e-04 7.71379874e-05 2.00313781e-04 3.53380362e-05 1.06282652e-05 2.24611645e-05 1.11688941e-05 3.41790052e-07 6.10834725e-09 2.95133229e-10
 2006 05 31 12 00 00  3.59487260e-03 2.18314894e-03 1.19872532e-03 8.49210545e-04 6.03431043e-04 3.44143450e-04 2.43415646e-04 2.01637136e-04 4.09097057e-04 1.19616832e-04 2.83793231e-03 4.21802737e-03 2.12142834e-04 6.14811194e-05 4.06624490e-05 1.13559274e-04 3.17108323e-05 5.35978645e-05 1.10878926e-04 6.76359283e-05 1.27146942e-04 1.55191523e-04 9.31858336e-05 6.75227725e-05 4.76958885e-06 8.70291915e-06 5.91296412e-06 2.33318777e-05 4.80356612e-06 1.58521462e-05 4.17118005e-05 3.61467333e-05 1.37042676e-05 4.39188234e-05 3.50122689e-05 1.35740876e-05 4.29081260e-05 5.10362935e-05 9.16607314e-06 3.83117402e-05 9.21829195e-05 2.39401459e-05 2.14504375e-04 3.64746061e-04 1.45898424e-05 1.39489484e-04 2.08736834e-05 2.85327493e-05 2.70235573e-04 4.49657001e-04 7.65029727e-05 1.95486140e-04 3.40693420e-05 1.01674482e-05 2.13993666e-05 1.04774723e-05 3.11843704e-07 4.64430512e-09 1.64893510e-10
 2006 06 01 12 00 00  3.57655821e-03 2.17009799e-03 1.19054875e-03 8.43194716e-04 5.98135267e-04 3.41933758e-04 2.41162198e-04 1.99129128e-04 4.02548841e-04 1.17658107e-04 2.78547436e-03 4.12240811e-03 2.09345892e-04 6.06785061e-05 4.02243792e-05 1.11540327e-04 3.11550160e-05 5.21761365e-05 1.09085601e-04 6.66737033e-05 1.24185683e-04 1.51412633e-04 9.15739782e-05 6.67746174e-05 4.72981519e-06 8.68225907e-06 5.89707852e-06 2.31255968e-05 4.78206202e-06 1.57041160e-05 4.09140285e-05 3.59169819e-05 1.32453046e-05 4.31123462e-05 3.37535865e-05 1.34979287e-05 4.13686097e-05 4.89434594e-05 9.14890334e-06 3.71317457e-05 8.76409101e-05 2.31252940e-05 2.06418068e-04 3.53161953e-04 1.41264781e-05 1.29815895e-04 1.78164395e-05 2.69526441e-05 2.54821957e-04 4.33729991e-04 7.30968988e-05 1.85738887e-04 3.30567706e-05 9.79969559e-06 2.05521679e-05 9.92775422e-06 2.88179938e-07 3.49892075e-09 6.33156638e-11
 2006 06 02 12 00 00  3.57116379e-03 2.16721982e-03 1.18866795e-03 8.41637655e-04 5.96671229e-04 3.41203660e-04 2.40475295e-04 1.98388344e-04 4.00617188e-04 1.17281130e-04 2.76993471e-03 4.09053639e-03 2.08680339e-04 6.06070931e-05 4.01388556e-05 1.10988079e-04 3.09715251e-05 5.17044216e-05 1.08877443e-04 6.66810898e-05 1.23200491e-04 1.50155843e-04 9.10682164e-05 6.65694766e-05 4.71666972e-06 8.65208422e-06 5.89179217e-06 2.30686993e-05 4.78226757e-06 1.56695491e-05 4.06954183e-05 3.58410238e-05 1.30938890e-05 4.28812410e-05 3.37653648e-05 1.34725633e-05 4.09475003e-05 4.83235398e-05 9.12381147e-06 3.68559606e-05 8.63408521e-05 2.31318787e-05 2.03876173e-04 3.53269100e-04 1.41307640e-05 1.27769791e-04 1.68033250e-05 2.69656302e-05 2.51204847e-04 4.30074225e-04 7.26629182e-05 1.81843721e-04 3.16682507e-05 9.29521480e-06 1.93890776e-05 9.16230024e-06 2.54428966e-07 1.84945357e-09 1.00000000e-10
 2006 06 03 12 00 00  3.56277603e-03 2.16088758e-03 1.18472904e-03 8.38808575e-04 5.94218057e-04 3.40222179e-04 2.39452866e-04 1.97241851e-04 3.97620483e-04 1.16311113e-04 2.74595398e-03 4.04804088e-03 2.07341766e-04 6.01797358e-05 3.99223512e-05 1.10050912e-04 3.07270326e-05 5.10756567e-05 1.07941283e-04 6.61347120e-05 1.21887832e-04 1.48480380e-04 9.03424611e-05 6.62262335e-05 4.69915176e-06 8.65746115e-06 5.88474577e-06 2.29740882e-05 4.77003014e-06 1.55990264e-05 4.03271800e-05 3.57398036e-05 1.28921442e-05 4.25141488e-05 3.30492679e-05 1.34387417e-05 4.02341301e-05 4.73704878e-05 9.12829855e-06 3.62978556e-05 8.42577450e-05 2.26689604e-05 2.00277554e-04 3.46679455e-04 1.38671782e-05 1.23069393e-04 1.54530397e-05 2.60678353e-05 2.43849293e-04 4.22458279e-04 7.09012071e-05 1.77930906e-04 3.17967884e-05 9.34217796e-06 1.94986297e-05 9.24944961e-06 2.59375264e-07 2.13614815e-09 1.00000000e-10
 2006 06 04 12 00 00  3.56673792e-03 2.16354602e-03 1.18640724e-03 8.40077667e-04 5.95353881e-04 3.40715488e-04 2.39945309e-04 1.97785823e-04 3.99037903e-04 1.16701049e-04 2.75732870e-03 4.06929068e-03 2.07919861e-04 6.03248713e-05 4.00094559e-05 1.10483218e-04 3.08538903e-05 5.13956882e-05 1.08272868e-04 6.62926119e-05 1.22549832e-04 1.49325444e-04 9.06977190e-05 6.63782325e-05 4.70820123e-06 8.65531620e-06 5.88829316e-06 2.30183152e-05 4.77358735e-06 1.56301401e-05 4.05005143e-05 3.57920304e-05 1.29970882e-05 4.26817690e-05 3.32572759e-05 1.34557020e-05 4.05639724e-05 4.78275906e-05 9.12652904e-06 3.65268665e-05 8.52442700e-05 2.28029094e-05 2.02018008e-04 3.48592920e-04 1.39437168e-05 1.25039940e-04 1.61436052e-05 2.63277267e-05 2.47069232e-04 4.25731025e-04 7.15451773e-05 1.79812197e-04 3.16079857e-05 9.27378078e-06 1.93419065e-05 9.15771968e-06 2.56167431e-07 2.03995807e-09 1.00000000e-10
 2006 06 05 12 00 00  3.57643036e-03 2.16975792e-03 1.19035338e-03 8.43115718e-04 5.98101066e-04 3.41945998e-04 2.41156662e-04 1.99116673e-04 4.02505704e-04 1.17594347e-04 2.78517899e-03 4.12241518e-03 2.09285930e-04 6.06293126e-05 4.02092188e-05 1.11526974e-04 3.11695796e-05 5.21939946e-05 1.08984897e-04 6.65899366e-05 1.24203821e-04 1.51435789e-04 9.15759663e-05 6.67645506e-05 4.73073196e-06 8.68321513e-06 5.89715419e-06 2.31268175e-05 4.78031106e-06 1.57033717e-05 4.09199538e-05 3.59220809e-05 1.32581597e-05 4.31056144e-05 3.36503610e-05 1.34980874e-05 4.13632269e-05 4.89473292e-05 9.14975317e-06 3.71002337e-05 8.76462283e-05 2.30553604e-05 2.06451840e-04 3.52208064e-04 1.40883226e-05 1.29629787e-04 1.78651535e-05 2.68176722e-05 2.54655220e-04 4.33497120e-04 7.29451026e-05 1.85630001e-04 3.27094286e-05 9.67436226e-06 2.02674167e-05 9.78989324e-06 2.85733731e-07 3.65867505e-09 8.51596904e-11
 2006 06 06 12 00 00  3.56889197e-03 2.16519850e-03 1.18743144e-03 8.40821517e-04 5.96003710e-04 3.40970307e-04 2.40209926e-04 1.98082914e-04 3.99808049e-04 1.16956411e-04 2.76351550e-03 4.07991931e-03 2.08267818e-04 6.04376345e-05 4.00654316e-05 1.10732424e-04 3.09250900e-05 5.15652297e-05 1.08515822e-04 6.64382998e-05 1.22891734e-04 1.49760326e-04 9.08868001e-05 6.65012567e-05 4.71321473e-06 8.69793148e-06 5.89010742e-06 2.30482802e-05 4.77696667e-06 1.56502201e-05 4.06077971e-05 3.58208577e-05 1.30564149e-05 4.28059215e-05 3.34543322e-05 1.34642658e-05 4.07623310e-05 4.80864314e-05 9.16200370e-06 3.67329370e-05 8.58158413e-05 2.29273093e-05 2.03214841e-04 3.50402507e-04 1.40161003e-05 1.26359014e-04 1.65148696e-05 2.65696028e-05 2.49099325e-04 4.27961717e-04 7.20231576e-05 1.82182469e-04 3.32873813e-05 9.88456409e-06 2.07531089e-05 1.01220968e-05 3.01302423e-07 4.51337190e-09 1.63748992e-10
 2006 06 07 12 00 00  3.56772851e-03 2.16556491e-03 1.18756511e-03 8.40702421e-04 5.95781632e-04 3.40730970e-04 2.40037472e-04 1.97920271e-04 3.99387893e-04 1.17079162e-04 2.76006666e-03 4.06929515e-03 2.08285761e-04 6.05905243e-05 4.00914347e-05 1.10654919e-04 3.08636023e-05 5.14075917e-05 1.08797955e-04 6.67366490e-05 1.22565341e-04 1.49340877e-04 9.07453864e-05 6.65477584e-05 4.70881278e-06 8.77246712e-06 5.88834337e-06 2.30463162e-05 4.78368456e-06 1.56516445e-05 4.05786989e-05 3.57954268e-05 1.30056549e-05 4.28259880e-05 3.38472251e-05 1.34558068e-05 4.07138259e-05 4.79521839e-05 9.22402687e-06 3.68848536e-05 8.55776186e-05 2.31803788e-05 2.03031415e-04 3.54016844e-04 1.41606738e-05 1.26795897e-04 1.61760763e-05 2.70606048e-05 2.49237232e-04 4.28536616e-04 7.25074265e-05 1.83633447e-04 3.64106319e-05 1.10199875e-05 2.33741509e-05 1.18858619e-05 3.81917030e-07 8.78927047e-09 5.53274759e-10
 2006 06 08 12 00 00  3.57508486e-03 2.16973474e-03 1.19026259e-03 8.42879891e-04 5.97802270e-04 3.41708009e-04 2.40968405e-04 1.98929471e-04 4.02019311e-04 1.17643492e-04 2.78123820e-03 4.11179289e-03 2.09232187e-04 6.07265129e-05 4.02181032e-05 1.11418942e-04 3.11110110e-05 5.20399306e-05 1.09150704e-04 6.67954504e-05 1.23881003e-04 1.51020984e-04 9.14281994e-05 6.67957075e-05 4.72651336e-06 8.75788173e-06 5.89540614e-06 2.31221445e-05 4.78508300e-06 1.57013779e-05 4.08830613e-05 3.58976686e-05 1.32099725e-05 4.31125608e-05 3.39285558e-05 1.34896603e-05 4.12934487e-05 4.87967607e-05 9.21189712e-06 3.72128104e-05 8.73617929e-05 2.32308754e-05 2.06217624e-04 3.54762641e-04 1.41905057e-05 1.29766355e-04 1.75361129e-05 2.71589670e-05 2.54418096e-04 4.33636999e-04 7.32368178e-05 1.87028108e-04 3.57563142e-05 1.07822221e-05 2.28257967e-05 1.15228556e-05 3.65755297e-07 7.96431330e-09 4.78935736e-10
 2006 06 09 12 00 00  3.56940298e-03 2.16629957e-03 1.18806118e-03 8.41138073e-04 5.96202697e-04 3.40969331e-04 2.40252013e-04 1.98146645e-04 3.99982360e-04 1.17161422e-04 2.76487982e-03 4.07991707e-03 2.08463235e-04 6.05791863e-05 4.01092220e-05 1.10812406e-04 3.09202354e-05 5.15592750e-05 1.08786852e-04 6.66772481e-05 1.22885896e-04 1.49752602e-04 9.09062807e-05 6.65460392e-05 4.71290914e-06 8.70084041e-06 5.89008196e-06 2.30563800e-05 4.78253824e-06 1.56599109e-05 4.06392005e-05 3.58191581e-05 1.30521279e-05 4.28425182e-05 3.37790116e-05 1.34642149e-05 4.08265341e-05 4.81353364e-05 9.16444114e-06 3.68432057e-05 8.59512292e-05 2.31315731e-05 2.03395842e-04 3.53383232e-04 1.41353293e-05 1.27205654e-04 1.64986239e-05 2.69669195e-05 2.50127200e-04 4.29150451e-04 7.25220339e-05 1.82211703e-04 3.33006068e-05 9.88963575e-06 2.07660992e-05 1.01459222e-05 3.03473065e-07 4.70974051e-09 1.83683557e-10
 2006 06 10 12 00 00  3.57325657e-03 2.16879314e-03 1.18964308e-03 8.42333072e-04 5.97270869e-04 3.41452656e-04 2.40729189e-04 1.98670465e-04 4.01355298e-04 1.17519259e-04 2.77590975e-03 4.10116278e-03 2.09007350e-04 6.06989881e-05 4.01886217e-05 1.11217681e-04 3.10368952e-05 5.18668210e-05 1.09059754e-04 6.67950895e-05 1.23534871e-04 1.50581470e-04 9.12515994e-05 6.66810263e-05 4.72131615e-06 8.68937568e-06 5.89357696e-06 2.30953601e-05 4.78533293e-06 1.56873615e-05 4.07976832e-05 3.58678168e-05 1.31480760e-05 4.29938385e-05 3.39416059e-05 1.34810645e-05 4.11338882e-05 4.85674453e-05 9.15490527e-06 3.70391928e-05 8.68726111e-05 2.32327031e-05 2.04997702e-04 3.54874467e-04 1.41949787e-05 1.28966858e-04 1.71551088e-05 2.71638739e-05 2.53024287e-04 4.32053709e-04 7.30616435e-05 1.83712965e-04 3.27855584e-05 9.70247906e-06 2.03344711e-05 9.86027483e-06 2.90761972e-07 4.06141565e-09 1.25274424e-10
 2006 06 11 12 00 00  3.57323383e-03 2.16878901e-03 1.18963907e-03 8.42313612e-04 5.97244299e-04 3.41446309e-04 2.40723037e-04 1.98662940e-04 4.01341772e-04 1.17517355e-04 2.77581151e-03 4.10115942e-03 2.09003025e-04 6.06945991e-05 4.01873727e-05 1.11207174e-04 3.10300995e-05 5.18584915e-05 1.09042432e-04 6.67896937e-05 1.23525229e-04 1.50570665e-04 9.12470927e-05 6.66469537e-05 4.72088832e-06 8.64602116e-06 5.89354131e-06 2.30902788e-05 4.78536422e-06 1.56858957e-05 4.07905378e-05 3.58654390e-05 1.31420791e-05 4.29636335e-05 3.39424994e-05 1.34809889e-05 4.11216354e-05 4.85540987e-05 9.11883835e-06 3.69779906e-05 8.68398582e-05 2.32293867e-05 2.04735240e-04 3.54877825e-04 1.41951130e-05 1.28884921e-04 1.71323773e-05 2.71582423e-05 2.52908724e-04 4.31803115e-04 7.30372194e-05 1.82236985e-04 3.09072456e-05 9.01978892e-06 1.87592567e-05 8.80882478e-06 2.43317623e-07 1.68740897e-09 1.00000000e-10
 2006 06 12 12 00 00  3.55729325e-03 2.15796356e-03 1.18281391e-03 8.37173190e-04 5.92654299e-04 3.39474077e-04 2.38743944e-04 1.96472218e-04 3.95633548e-04 1.15920195e-04 2.73005146e-03 4.01616022e-03 2.06652468e-04 6.00806844e-05 3.98288047e-05 1.09459679e-04 3.05246067e-05 5.05807286e-05 1.07636719e-04 6.61036815e-05 1.20879048e-04 1.47193498e-04 8.98230146e-05 6.60156988e-05 4.68481412e-06 8.63579044e-06 5.87936156e-06 2.29106331e-05 4.77020985e-06 1.55596243e-05 4.00954260e-05 3.56572127e-05 1.27240201e-05 4.22731497e-05 3.30543990e-05 1.34131697e-05 3.97902828e-05 4.67164036e-05 9.11033057e-06 3.60129821e-05 8.28677237e-05 2.26499076e-05 1.97656865e-04 3.46698642e-04 1.38679457e-05 1.20835062e-04 1.43766054e-05 2.60354922e-05 2.39821820e-04 4.18401080e-04 7.03483220e-05 1.73807898e-04 3.04376888e-05 8.84918518e-06 1.83659139e-05 8.54980774e-06 2.31885824e-07 1.30162352e-09 1.00000000e-10
 2006 06 13 12 00 00  3.55304632e-03 2.15475104e-03 1.18081573e-03 8.35718464e-04 5.91381313e-04 3.38973493e-04 2.38222007e-04 1.95885603e-04 3.94109188e-04 1.15425042e-04 2.71786397e-03 3.99490781e-03 2.05970014e-04 5.98563568e-05 3.97173979e-05 1.08972637e-04 3.03919252e-05 5.02535549e-05 1.07137629e-04 6.58153207e-05 1.20210710e-04 1.46339178e-04 8.94524429e-05 6.58681266e-05 4.67539867e-06 8.68041752e-06 5.87578361e-06 2.28623280e-05 4.76393107e-06 1.55217735e-05 3.99018496e-05 3.56029544e-05 1.26139377e-05 4.21079105e-05 3.26858426e-05 1.33961468e-05 3.94236442e-05 4.62230411e-05 9.14746925e-06 3.57790311e-05 8.17810514e-05 2.24070711e-05 1.95999661e-04 3.43301351e-04 1.37320541e-05 1.18401079e-04 1.36665592e-05 2.55654770e-05 2.35932882e-04 4.14508929e-04 6.94154763e-05 1.73043555e-04 3.22932377e-05 9.52378500e-06 1.99233489e-05 9.59985216e-06 2.80023059e-07 3.57922567e-09 8.35492897e-11
 2006 06 14 12 00 00  3.54313998e-03 2.14810763e-03 1.17662017e-03 8.32540963e-04 5.88534706e-04 3.37740568e-04 2.36989719e-04 1.94523511e-04 3.90561033e-04 1.14449683e-04 2.68941519e-03 3.94178294e-03 2.04522775e-04 5.94887285e-05 3.94982578e-05 1.07889338e-04 3.00752639e-05 4.94540553e-05 1.06290307e-04 6.54136413e-05 1.18555896e-04 1.44227279e-04 8.85644537e-05 6.54767897e-05 4.65280646e-06 8.67212366e-06 5.86691713e-06 2.27507617e-05 4.75507841e-06 1.54439086e-05 3.94705152e-05 3.54725547e-05 1.23520076e-05 4.16789873e-05 3.21669329e-05 1.33537484e-05 3.85982424e-05 4.50795635e-05 9.14057455e-06 3.51850346e-05 7.93127413e-05 2.20679387e-05 1.91583483e-04 3.38521674e-04 1.35408670e-05 1.13461882e-04 1.19417586e-05 2.49085191e-05 2.27866928e-04 4.06256480e-04 6.77911455e-05 1.67691323e-04 3.18862458e-05 9.37597142e-06 1.95828336e-05 9.37895825e-06 2.70518322e-07 3.11949901e-09 4.27877067e-11
 2006 06 15 12 00 00  3.53967402e-03 2.14647580e-03 1.17553055e-03 8.31583765e-04 5.87608132e-04 3.37252370e-04 2.36542061e-04 1.94045636e-04 3.89317831e-04 1.14251877e-04 2.67939884e-03 3.92053351e-03 2.04130055e-04 5.94787640e-05 3.94528784e-05 1.07540997e-04 2.99503445e-05 4.91364044e-05 1.06224834e-04 6.54821342e-05 1.17896501e-04 1.43385301e-04 8.82315509e-05 6.53674303e-05 4.64387922e-06 8.67506315e-06 5.86337992e-06 2.27160397e-05 4.75666930e-06 1.54231693e-05 3.93319802e-05 3.54210089e-05 1.22487778e-05 4.15476388e-05 3.22596839e-05 1.33368099e-05 3.83351231e-05 4.46782719e-05 9.14302873e-06 3.50592061e-05 7.84787328e-05 2.21264418e-05 1.90041425e-04 3.39373364e-04 1.35749346e-05 1.12326010e-04 1.12576803e-05 2.50222802e-05 2.25709094e-04 4.04186590e-04 6.76322464e-05 1.65823237e-04 3.19592482e-05 9.40263208e-06 1.96449698e-05 9.42773509e-06 2.73247070e-07 3.30173742e-09 6.03336492e-11
 2006 06 16 12 00 00  3.54512099e-03 2.14947208e-03 1.17747846e-03 8.33172150e-04 5.89089856e-04 3.37981932e-04 2.37232724e-04 1.94792184e-04 3.91266093e-04 1.14650547e-04 2.69507399e-03 3.95240486e-03 2.04815777e-04 5.95639823e-05 3.95427051e-05 1.08100433e-04 3.01328662e-05 4.96069260e-05 1.06456493e-04 6.54984673e-05 1.18879380e-04 1.44640540e-04 8.87390667e-05 6.55460657e-05 4.65696394e-06 8.66336777e-06 5.86866081e-06 2.27708364e-05 4.75707093e-06 1.54586388e-05 3.95526851e-05 3.54966265e-05 1.23993348e-05 4.17561909e-05 3.22829757e-05 1.33621652e-05 3.87581631e-05 4.53003500e-05 9.13330514e-06 3.52895064e-05 7.97867992e-05 2.21405775e-05 1.92385960e-04 3.39586516e-04 1.35834606e-05 1.14429495e-04 1.22675468e-05 2.50498852e-05 2.29423566e-04 4.07820105e-04 6.81146847e-05 1.68271727e-04 3.13997446e-05 9.19939926e-06 1.91766399e-05 9.12221542e-06 2.59973667e-07 2.64957007e-09 2.22881713e-12
 2006 06 17 12 00 00  3.55057724e-03 2.15247080e-03 1.17942814e-03 8.34767726e-04 5.90581270e-04 3.38714193e-04 2.37925724e-04 1.95541441e-04 3.93219116e-04 1.15049930e-04 2.71078818e-03 3.98427770e-03 2.05502925e-04 5.96500939e-05 3.96327819e-05 1.08663735e-04 3.03182955e-05 5.00810333e-05 1.06691478e-04 6.55157026e-05 1.19865458e-04 1.45900423e-04 8.92484901e-05 6.57130852e-05 4.67023237e-06 8.63352616e-06 5.87395698e-06 2.28253717e-05 4.75746820e-06 1.54947017e-05 3.97757583e-05 3.55732685e-05 1.25524661e-05 4.19553333e-05 3.23061511e-05 1.33875539e-05 3.91826575e-05 4.59261662e-05 9.10848248e-06 3.54978238e-05 8.11050418e-05 2.21552764e-05 1.94656017e-04 3.39799444e-04 1.35919778e-05 1.16542631e-04 1.32871661e-05 2.50784506e-05 2.33182948e-04 4.11442173e-04 6.86044786e-05 1.70201360e-04 3.00902372e-05 8.72348546e-06 1.80787263e-05 8.39160241e-06 2.27168433e-07 1.24985551e-09 1.00000000e-10
 2006 06 18 12 00 00  3.55840664e-03 2.15762458e-03 1.18269066e-03 8.37244635e-04 5.92802885e-04 3.39694479e-04 2.38899308e-04 1.96614270e-04 3.96018723e-04 1.15798978e-04 2.73325389e-03 4.02677506e-03 2.06628239e-04 5.99189164e-05 3.98003981e-05 1.09508209e-04 3.05657071e-05 5.07133722e-05 1.07310945e-04 6.57965196e-05 1.21181441e-04 1.47580530e-04 8.99516865e-05 6.60054733e-05 4.68793332e-06 8.62453671e-06 5.88101902e-06 2.29102380e-05 4.76379173e-06 1.55541538e-05 4.01105072e-05 3.56755132e-05 1.27567837e-05 4.22797894e-05 3.26759473e-05 1.34214060e-05 3.98247174e-05 4.68222014e-05 9.10101007e-06 3.59322131e-05 8.30305306e-05 2.23934738e-05 1.98045418e-04 3.43201324e-04 1.37280530e-05 1.20309900e-04 1.46472041e-05 2.55405903e-05 2.39372634e-04 4.17707819e-04 6.98063977e-05 1.73837899e-04 2.96617345e-05 8.56783345e-06 1.77200256e-05 8.15741191e-06 2.16979947e-07 9.13028586e-10 1.00000000e-10
 2006 06 19 12 00 00  3.56210761e-03 2.15976734e-03 1.18407227e-03 8.38346740e-04 5.93819034e-04 3.40181607e-04 2.39365862e-04 1.97120929e-04 3.97341391e-04 1.16091774e-04 2.74389343e-03 4.04802263e-03 2.07111209e-04 5.99940375e-05 3.98659490e-05 1.09892580e-04 3.06877075e-05 5.10274491e-05 1.07500111e-04 6.58382545e-05 1.21837328e-04 1.48417871e-04 9.02931926e-05 6.61363335e-05 4.69667648e-06 8.62496818e-06 5.88454132e-06 2.29486179e-05 4.76479181e-06 1.55792454e-05 4.02631564e-05 3.57260375e-05 1.28574407e-05 4.24286958e-05 3.27340793e-05 1.34383154e-05 4.01170873e-05 4.72451688e-05 9.10138042e-06 3.61107053e-05 8.39246530e-05 2.24293719e-05 1.99678110e-04 3.43734148e-04 1.37493659e-05 1.21834646e-04 1.53215267e-05 2.56105617e-05 2.41995840e-04 4.20321447e-04 7.01941280e-05 1.75717953e-04 2.96045281e-05 8.54721925e-06 1.76733284e-05 8.13643755e-06 2.16770620e-07 9.39942169e-10 1.00000000e-10
 2006 06 20 12 00 00  3.56475596e-03 2.16254702e-03 1.18574188e-03 8.39396380e-04 5.94646049e-04 3.40424004e-04 2.39666349e-04 1.97476218e-04 3.98279483e-04 1.16557379e-04 2.75135566e-03 4.05864343e-03 2.07658722e-04 6.02566902e-05 3.99682469e-05 1.10212646e-04 3.07414273e-05 5.11755759e-05 1.08035428e-04 6.62377279e-05 1.22156319e-04 1.48824978e-04 9.04945499e-05 6.62650817e-05 4.70059058e-06 8.61991939e-06 5.88626463e-06 2.29800820e-05 4.77390458e-06 1.56070843e-05 4.03861938e-05 3.57487530e-05 1.29013453e-05 4.25554838e-05 3.32663389e-05 1.34466885e-05 4.03621364e-05 4.75333082e-05 9.09719311e-06 3.63605484e-05 8.45847986e-05 2.27691984e-05 2.00726959e-04 3.48626726e-04 1.39450690e-05 1.23914775e-04 1.56343522e-05 2.62705056e-05 2.44932690e-04 4.23478334e-04 7.11798163e-05 1.76484874e-04 2.92916839e-05 8.43373418e-06 1.74125504e-05 7.97500825e-06 2.10400281e-07 7.60742935e-10 1.00000000e-10
 2006 06 21 12 00 00  3.56235885e-03 2.16038878e-03 1.18442490e-03 8.38493222e-04 5.93885832e-04 3.40169603e-04 2.39378991e-04 1.97144082e-04 3.97417235e-04 1.16205562e-04 2.74449808e-03 4.04801592e-03 2.07215349e-04 6.00676178e-05 3.98888928e-05 1.09919699e-04 3.06726550e-05 5.10090089e-05 1.07626612e-04 6.59659214e-05 1.21818332e-04 1.48393950e-04 9.02962061e-05 6.61490185e-05 4.69572915e-06 8.61698500e-06 5.88446383e-06 2.29485668e-05 4.76802670e-06 1.55821584e-05 4.02700079e-05 3.57207697e-05 1.28441592e-05 4.24364182e-05 3.29210714e-05 1.34381509e-05 4.01387917e-05 4.72525415e-05 9.09476657e-06 3.61524582e-05 8.39494674e-05 2.25406460e-05 1.99657476e-04 3.45442834e-04 1.38177133e-05 1.22216444e-04 1.52712033e-05 2.58283515e-05 2.42377450e-04 4.20761971e-04 7.04370331e-05 1.75171167e-04 2.90601014e-05 8.34980779e-06 1.72200950e-05 7.86057365e-06 2.06250809e-07 6.63452937e-10 1.00000000e-10
 2006 06 22 12 00 00  3.56775584e-03 2.16334052e-03 1.18634479e-03 8.40042609e-04 5.95322524e-04 3.40890409e-04 2.40059438e-04 1.97877587e-04 3.99339856e-04 1.16594214e-04 2.75998657e-03 4.07988355e-03 2.07887816e-04 6.01410268e-05 3.99752329e-05 1.10461301e-04 3.08459537e-05 5.14682382e-05 1.07822483e-04 6.59652578e-05 1.22789694e-04 1.49634544e-04 9.07967792e-05 6.63231915e-05 4.70823361e-06 8.60713553e-06 5.88969669e-06 2.30000550e-05 4.76827918e-06 1.56152310e-05 4.04818776e-05 3.57931596e-05 1.29865788e-05 4.26391871e-05 3.29342030e-05 1.34634072e-05 4.05491206e-05 4.78574640e-05 9.08658767e-06 3.63751337e-05 8.52128462e-05 2.25422962e-05 2.01947853e-04 3.45555130e-04 1.38222052e-05 1.24216530e-04 1.62502343e-05 2.58329615e-05 2.45892226e-04 4.24195331e-04 7.08657023e-05 1.77519827e-04 2.85276143e-05 8.15651829e-06 1.67753131e-05 7.57789405e-06 1.94522801e-07 3.03156256e-10 1.00000000e-10
 2006 06 23 12 00 00  3.56404393e-03 2.16126748e-03 1.18499971e-03 8.38922833e-04 5.94265688e-04 3.40389948e-04 2.39583128e-04 1.97359934e-04 3.98001754e-04 1.16312114e-04 2.74924047e-03 4.05862927e-03 2.07409923e-04 6.00672379e-05 3.99103123e-05 1.10060920e-04 3.07093869e-05 5.11362974e-05 1.07618667e-04 6.59298501e-05 1.22115396e-04 1.48774048e-04 9.04472457e-05 6.61849487e-05 4.69857296e-06 8.60118816e-06 5.88609873e-06 2.29571834e-05 4.76773821e-06 1.55877789e-05 4.03189202e-05 3.57375335e-05 1.28730680e-05 4.24811114e-05 3.29010072e-05 1.34463407e-05 4.02445807e-05 4.74144103e-05 9.08164220e-06 3.61877542e-05 8.42679310e-05 2.25143856e-05 2.00211680e-04 3.45241592e-04 1.38096637e-05 1.22637462e-04 1.55271962e-05 2.57801614e-05 2.43102514e-04 4.21407998e-04 7.04637479e-05 1.75217954e-04 2.82554012e-05 8.05761433e-06 1.65472721e-05 7.42762929e-06 1.87883680e-07 7.87657939e-11 1.00000000e-10
 2006 06 24 12 00 00  3.56591707e-03 2.16246840e-03 1.18576193e-03 8.39479071e-04 5.94751753e-04 3.40621738e-04 2.39810710e-04 1.97607989e-04 3.98661223e-04 1.16480791e-04 2.75455460e-03 4.06924710e-03 2.07668402e-04 6.01155662e-05 3.99465911e-05 1.10244507e-04 3.07572802e-05 5.12772705e-05 1.07720516e-04 6.59722951e-05 1.22427691e-04 1.49171886e-04 9.06121819e-05 6.62715089e-05 4.70211962e-06 8.63122477e-06 5.88779185e-06 2.29752184e-05 4.76898313e-06 1.55988823e-05 4.03888780e-05 3.57582117e-05 1.29118314e-05 4.25708679e-05 3.29720497e-05 1.34546513e-05 4.03876669e-05 4.76131539e-05 9.10664821e-06 3.63216572e-05 8.46823970e-05 2.25527750e-05 2.01123797e-04 3.45885883e-04 1.38354353e-05 1.23428781e-04 1.58205308e-05 2.58561719e-05 2.44335552e-04 4.22748329e-04 7.06786634e-05 1.76894908e-04 2.94314677e-05 8.48536024e-06 1.75356658e-05 8.10419972e-06 2.19628347e-07 1.23940342e-09 1.00000000e-10
 2006 06 25 12 00 00  3.56936389e-03 2.16413345e-03 1.18686748e-03 8.40414766e-04 5.95640556e-04 3.41099609e-04 2.40249572e-04 1.98075381e-04 3.99887603e-04 1.16682702e-04 2.76445667e-03 4.09049094e-03 2.08060617e-04 6.01223949e-05 3.99912027e-05 1.10578004e-04 3.08710267e-05 5.15812426e-05 1.07764174e-04 6.59020210e-05 1.23073432e-04 1.49996112e-04 9.09384547e-05 6.63872846e-05 4.71034400e-06 8.64229369e-06 5.89127121e-06 2.30074377e-05 4.76765126e-06 1.56175576e-05 4.05199591e-05 3.58058489e-05 1.30052053e-05 4.27051836e-05 3.28926079e-05 1.34714704e-05 4.06420955e-05 4.79986902e-05 9.11586321e-06 3.64620435e-05 8.54755037e-05 2.24952382e-05 2.02675747e-04 3.45147072e-04 1.38058829e-05 1.24516438e-04 1.64672587e-05 2.57458596e-05 2.46337960e-04 4.24709934e-04 7.08124089e-05 1.78996426e-04 2.98616966e-05 8.64184617e-06 1.78973004e-05 8.35221231e-06 2.31298190e-07 1.66754717e-09 1.00000000e-10
 2006 06 26 12 00 00  3.56199564e-03 2.15999889e-03 1.18418732e-03 8.38221297e-04 5.93589499e-04 3.40114499e-04 2.39311657e-04 1.97057753e-04 3.97242868e-04 1.16123014e-04 2.74320176e-03 4.04798985e-03 2.07114673e-04 5.99835991e-05 3.98638542e-05 1.09802102e-04 3.06148839e-05 5.09381876e-05 1.07391048e-04 6.58416131e-05 1.21747426e-04 1.48302117e-04 9.02505873e-05 6.61540141e-05 4.69209263e-06 8.68058414e-06 5.88416369e-06 2.29304937e-05 4.76651039e-06 1.55662395e-05 4.02110288e-05 3.57005483e-05 1.27931751e-05 4.24287772e-05 3.28245544e-05 1.34375208e-05 4.00576220e-05 4.71426860e-05 9.14772318e-06 3.61630877e-05 8.36610459e-05 2.24458126e-05 1.99563528e-04 3.44514041e-04 1.37805616e-05 1.21521742e-04 1.50779990e-05 2.56511179e-05 2.41037123e-04 4.19567838e-04 7.00626947e-05 1.76206711e-04 3.14806260e-05 9.23035527e-06 1.92556584e-05 9.26427872e-06 2.72841092e-07 3.81079039e-09 1.20069388e-10
 2006 06 27 12 00 00  3.56978156e-03 2.16510904e-03 1.18742291e-03 8.40665098e-04 5.95774193e-04 3.41087856e-04 2.40276866e-04 1.98119849e-04 4.00021007e-04 1.16862605e-04 2.76550976e-03 4.09048386e-03 2.08228099e-04 6.02421856e-05 4.00284263e-05 1.10631959e-04 3.08550108e-05 5.15616033e-05 1.07981239e-04 6.61074417e-05 1.23055507e-04 1.49970645e-04 9.09481319e-05 6.64761390e-05 4.70933519e-06 8.71939483e-06 5.89118827e-06 2.30157163e-05 4.77267167e-06 1.56237245e-05 4.05398702e-05 3.58002435e-05 1.29910681e-05 4.27766833e-05 3.31838208e-05 1.34712958e-05 4.06939883e-05 4.80271373e-05 9.18001824e-06 3.66521347e-05 8.55545191e-05 2.26727512e-05 2.03144196e-04 3.47813408e-04 1.39125363e-05 1.25231774e-04 1.64136829e-05 2.60923436e-05 2.47061570e-04 4.25813456e-04 7.12188332e-05 1.81278230e-04 3.31191412e-05 9.82598986e-06 2.06304931e-05 1.01877454e-05 3.14927522e-07 6.03397989e-09 3.22367666e-10
 2006 06 28 12 00 00  3.57258916e-03 2.16820536e-03 1.18927478e-03 8.41816865e-04 5.96674089e-04 3.41333546e-04 2.40593027e-04 1.98497910e-04 4.01017175e-04 1.17387943e-04 2.77341922e-03 4.10110578e-03 2.08834166e-04 6.05483822e-05 4.01441230e-05 1.10981182e-04 3.09111550e-05 5.17126929e-05 1.08606668e-04 6.65791275e-05 1.23379836e-04 1.50381611e-04 9.11576066e-05 6.66811974e-05 4.71340172e-06 8.80094449e-06 5.89292395e-06 2.30563918e-05 4.78335423e-06 1.56551778e-05 4.06775071e-05 3.58238060e-05 1.30371132e-05 4.29683900e-05 3.38082114e-05 1.34796966e-05 4.09707002e-05 4.83399655e-05 9.24787455e-06 3.70491946e-05 8.62778134e-05 2.30733654e-05 2.04704428e-04 3.53555392e-04 1.41422157e-05 1.27641520e-04 1.67346196e-05 2.68699310e-05 2.50360010e-04 4.29647449e-04 7.23627932e-05 1.84870561e-04 3.65503387e-05 1.10733302e-05 2.35097212e-05 1.21233019e-05 4.03254268e-07 1.07084446e-08 7.47937623e-10
 2006 06 29 12 00 00  3.57662200e-03 2.17105717e-03 1.19106187e-03 8.43124663e-04 5.97821033e-04 3.41821131e-04 2.41087400e-04 1.99046315e-04 4.02453177e-04 1.17812739e-04 2.78494929e-03 4.12235260e-03 2.09443064e-04 6.07142576e-05 4.02377526e-05 1.11418148e-04 3.10312200e-05 5.20243950e-05 1.08969614e-04 6.67739718e-05 1.24034789e-04 1.51215869e-04 9.15123891e-05 6.68784953e-05 4.72202264e-06 8.85433692e-06 5.89643678e-06 2.31036680e-05 4.78793881e-06 1.56867180e-05 4.08533346e-05 3.58736521e-05 1.31360590e-05 4.31725457e-05 3.40751430e-05 1.34965856e-05 4.13111099e-05 4.87987967e-05 9.29230591e-06 3.73670514e-05 8.72683211e-05 2.32402730e-05 2.06720358e-04 3.56004658e-04 1.42401863e-05 1.29752578e-04 1.74024535e-05 2.71947967e-05 2.53659314e-04 4.33202372e-04 7.30723002e-05 1.88464626e-04 3.87723378e-05 1.18811504e-05 2.53746941e-05 1.33804119e-05 4.60863833e-07 1.37755514e-08 1.02763256e-09
 2006 06 30 12 00 00  3.58855037e-03 2.17918143e-03 1.19618093e-03 8.46954669e-04 6.01226678e-04 3.43291706e-04 2.42563297e-04 2.00678938e-04 4.06715965e-04 1.19009697e-04 2.81914324e-03 4.18609828e-03 2.11201202e-04 6.11684626e-05 4.05049342e-05 1.12714288e-04 3.14011151e-05 5.29714220e-05 1.09997363e-04 6.72810653e-05 1.26007833e-04 1.53734103e-04 9.25744938e-05 6.73472004e-05 4.74849767e-06 8.86090129e-06 5.90702366e-06 2.32352826e-05 4.79941009e-06 1.57794729e-05 4.13676810e-05 3.60265869e-05 1.34414615e-05 4.36842745e-05 3.47457273e-05 1.35473500e-05 4.22997301e-05 5.01621638e-05 9.29777452e-06 3.80837708e-05 9.02089585e-05 2.36708467e-05 2.11968842e-04 3.62171827e-04 1.44868731e-05 1.35722796e-04 1.94384542e-05 2.80304666e-05 2.63320176e-04 4.43095460e-04 7.50554649e-05 1.94572781e-04 3.89937592e-05 1.19617758e-05 2.55614450e-05 1.35135263e-05 4.67481811e-07 1.41666732e-08 1.06427267e-09
 2006 07 01 12 00 00  3.59058162e-03 2.18062761e-03 1.19708672e-03 8.47619499e-04 6.01811003e-04 3.43536941e-04 2.42812860e-04 2.00956372e-04 4.07440944e-04 1.19226287e-04 2.82495772e-03 4.19672206e-03 2.11510452e-04 6.12556426e-05 4.05530238e-05 1.12937042e-04 3.14626028e-05 5.31290600e-05 1.10189950e-04 6.73850067e-05 1.26336238e-04 1.54153553e-04 9.27532828e-05 6.74220910e-05 4.75290035e-06 8.85271947e-06 5.90878735e-06 2.32573258e-05 4.80178933e-06 1.57957749e-05 4.14561266e-05 3.60520236e-05 1.34922215e-05 4.37667722e-05 3.48846312e-05 1.35558104e-05 4.24691329e-05 5.03933053e-05 9.29097732e-06 3.81995841e-05 9.07102214e-05 2.37593355e-05 2.12811933e-04 3.63448456e-04 1.45379382e-05 1.36783259e-04 1.97772461e-05 2.82023509e-05 2.65017859e-04 4.44814007e-04 7.54269398e-05 1.95265104e-04 3.85849092e-05 1.18133033e-05 2.52194864e-05 1.32925777e-05 4.58040307e-07 1.37152391e-08 1.02439088e-09
 2006 07 02 12 00 00  3.59804825e-03 2.18503291e-03 1.19991922e-03 8.49866228e-04 6.03876341e-04 3.44513842e-04 2.43753189e-04 2.01979839e-04 4.10110931e-04 1.19834690e-04 2.84642608e-03 4.23921905e-03 2.12499265e-04 6.14230476e-05 4.06893852e-05 1.13718970e-04 3.17090395e-05 5.37601998e-05 1.10605201e-04 6.74965500e-05 1.27651660e-04 1.55832096e-04 9.34403402e-05 6.77057325e-05 4.77054018e-06 8.87524584e-06 5.91584467e-06 2.33373390e-05 4.80437266e-06 1.58476372e-05 4.17679558e-05 3.61539278e-05 1.36956791e-05 4.40834542e-05 3.50352842e-05 1.35896509e-05 4.30663659e-05 5.12504520e-05 9.30972892e-06 3.85991546e-05 9.25275648e-05 2.38545457e-05 2.16223106e-04 3.64832029e-04 1.45932812e-05 1.39961123e-04 2.11340201e-05 2.83874571e-05 2.70425038e-04 4.50288778e-04 7.62667504e-05 1.99812869e-04 3.94810092e-05 1.21391860e-05 2.59723265e-05 1.38058190e-05 4.81974371e-07 1.50204691e-08 1.14419461e-09
 2006 07 03 12 00 00  3.59423612e-03 2.18269057e-03 1.19842165e-03 8.48689786e-04 6.02800253e-04 3.44021522e-04 2.43273568e-04 2.01454851e-04 4.08744501e-04 1.19503522e-04 2.83545598e-03 4.21796888e-03 2.11977223e-04 6.13177980e-05 4.06146290e-05 1.13310729e-04 3.15821788e-05 5.34401624e-05 1.10348857e-04 6.74059382e-05 1.26989282e-04 1.54987035e-04 9.30915212e-05 6.75545233e-05 4.76149107e-06 8.86145499e-06 5.91229691e-06 2.32947134e-05 4.80241288e-06 1.58195381e-05 4.16048360e-05 3.61017010e-05 1.35907365e-05 4.39163557e-05 3.49201757e-05 1.35726892e-05 4.27546992e-05 5.08085076e-05 9.29825765e-06 3.83792552e-05 9.15832176e-05 2.37783519e-05 2.14458057e-04 3.63770523e-04 1.45508209e-05 1.38229999e-04 2.04434531e-05 2.82400550e-05 2.67515433e-04 4.47316089e-04 7.57657101e-05 1.97355085e-04 3.88615519e-05 1.19140900e-05 2.54531999e-05 1.34622517e-05 4.66684776e-07 1.42405440e-08 1.07392708e-09
 2006 07 04 12 00 00  3.59202744e-03 2.18088959e-03 1.19731122e-03 8.47910112e-04 6.02133831e-04 3.43773287e-04 2.43006508e-04 2.01151705e-04 4.07953792e-04 1.19219739e-04 2.82914267e-03 4.20734398e-03 2.11601784e-04 6.11803133e-05 4.05510909e-05 1.13055210e-04 3.15187499e-05 5.32801496e-05 1.10051237e-04 6.72187598e-05 1.26660026e-04 1.54564503e-04 9.29040719e-05 6.75100106e-05 4.75696615e-06 8.93413380e-06 5.91052340e-06 2.32730484e-05 4.79827977e-06 1.57992742e-05 4.15062886e-05 3.60755890e-05 1.35382652e-05 4.38589018e-05 3.46779678e-05 1.35642098e-05 4.25676178e-05 5.05588324e-05 9.35872959e-06 3.83102627e-05 9.10284072e-05 2.36202570e-05 2.13868783e-04 3.61539826e-04 1.44615931e-05 1.36909716e-04 2.00981740e-05 2.79337546e-05 2.65415691e-04 4.45343539e-04 7.52132361e-05 1.98594234e-04 4.19510321e-05 1.30371296e-05 2.80451352e-05 1.52003224e-05 5.45687004e-07 1.83980237e-08 1.45183678e-09
 2006 07 05 12 00 00  3.58635677e-03 2.17745671e-03 1.19511184e-03 8.46177564e-04 6.00546860e-04 3.43037786e-04 2.42293064e-04 2.00372437e-04 4.05923197e-04 1.18738583e-04 2.81283228e-03 4.17547040e-03 2.10834823e-04 6.10347677e-05 4.04427171e-05 1.12453669e-04 3.13313736e-05 5.28036617e-05 1.09694285e-04 6.71026704e-05 1.25669121e-04 1.53301540e-04 9.23844031e-05 6.72598948e-05 4.74357585e-06 8.87414790e-06 5.90521740e-06 2.32082029e-05 4.79572336e-06 1.57585263e-05 4.12654331e-05 3.59982689e-05 1.33834212e-05 4.35890713e-05 3.45280889e-05 1.35388007e-05 4.21042804e-05 4.99027979e-05 9.30881797e-06 3.79391383e-05 8.96317772e-05 2.35222586e-05 2.11052799e-04 3.60159230e-04 1.44063692e-05 1.34373286e-04 1.90720632e-05 2.77439220e-05 2.61180703e-04 4.40904448e-04 7.45093816e-05 1.93755973e-04 3.94079762e-05 1.21127013e-05 2.59115071e-05 1.37686353e-05 4.80543238e-07 1.49647168e-08 1.13962342e-09
 2006 07 06 12 00 00  3.59296899e-03 2.18008845e-03 1.19692656e-03 8.47884898e-04 6.02250214e-04 3.44007541e-04 2.43156300e-04 2.01281419e-04 4.08290932e-04 1.19014470e-04 2.83196148e-03 4.21796627e-03 2.11502128e-04 6.09652866e-05 4.05060183e-05 1.13090548e-04 3.15763522e-05 5.34330262e-05 1.09637409e-04 6.68179360e-05 1.26981044e-04 1.54977777e-04 9.30339032e-05 6.74321673e-05 4.76112436e-06 8.84336914e-06 5.91226672e-06 2.32687925e-05 4.78942347e-06 1.57926932e-05 4.15187407e-05 3.60996579e-05 1.35855968e-05 4.38112431e-05 3.41589388e-05 1.35726266e-05 4.25828367e-05 5.06631898e-05 9.28321024e-06 3.80904352e-05 9.11861526e-05 2.32816572e-05 2.13869028e-04 3.56759791e-04 1.42703916e-05 1.36081053e-04 2.04239739e-05 2.72776932e-05 2.64762210e-04 4.44139773e-04 7.45033444e-05 1.96514261e-04 3.80898400e-05 1.16335761e-05 2.48058179e-05 1.30285344e-05 4.46999178e-07 1.32067481e-08 9.80011094e-10
 2006 07 07 12 00 00  3.59638120e-03 2.18163843e-03 1.19796812e-03 8.48804781e-04 6.03142520e-04 3.44490948e-04 2.43596291e-04 2.01749062e-04 4.09511489e-04 1.19196198e-04 2.84180582e-03 4.23921347e-03 2.11877651e-04 6.09619420e-05 4.05473610e-05 1.13425232e-04 3.16964171e-05 5.37447282e-05 1.09670495e-04 6.67284708e-05 1.27632359e-04 1.55812033e-04 9.33619684e-05 6.74813281e-05 4.76974528e-06 8.76397607e-06 5.91577918e-06 2.32962419e-05 4.78745715e-06 1.58116240e-05 4.16481923e-05 3.61495069e-05 1.36845396e-05 4.38907842e-05 3.40436527e-05 1.35895141e-05 4.28274653e-05 5.10486073e-05 9.21715036e-06 3.81049513e-05 9.19814789e-05 2.32061677e-05 2.14978145e-04 3.55697680e-04 1.42279072e-05 1.37065398e-04 2.10918079e-05 2.71314901e-05 2.66758924e-04 4.45799238e-04 7.46084200e-05 1.95881596e-04 3.47285333e-05 1.04116937e-05 2.19856005e-05 1.11355275e-05 3.60820948e-07 8.66154579e-09 5.66602054e-10
 2006 07 08 12 00 00  3.57560262e-03 2.16907615e-03 1.18991881e-03 8.42462881e-04 5.97333120e-04 3.41794231e-04 2.40982228e-04 1.98894699e-04 4.02072985e-04 1.17437143e-04 2.78204368e-03 4.12234291e-03 2.09071271e-04 6.04341992e-05 4.01517669e-05 1.11223265e-04 3.10093717e-05 5.19976194e-05 1.08379357e-04 6.63121464e-05 1.24003353e-04 1.51181146e-04 9.14571236e-05 6.66854492e-05 4.72064748e-06 8.71189986e-06 5.89632327e-06 2.30697654e-05 4.77819267e-06 1.56625589e-05 4.07699493e-05 3.58660007e-05 1.31167792e-05 4.30042949e-05 3.35011515e-05 1.34963469e-05 4.11476930e-05 4.86533204e-05 9.17381622e-06 3.69672857e-05 8.68809716e-05 2.28539357e-05 2.05512056e-04 3.50703575e-04 1.40281430e-05 1.27900335e-04 1.73293971e-05 2.64486793e-05 2.51268809e-04 4.30087468e-04 7.20477733e-05 1.83435999e-04 3.25532658e-05 9.62088211e-06 2.01599885e-05 9.90607166e-06 3.04558999e-07 5.67219622e-09 2.94148772e-10
 2006 07 09 12 00 00  3.56735587e-03 2.16309111e-03 1.18617803e-03 8.39718505e-04 5.94921097e-04 3.40805360e-04 2.39967664e-04 1.97762361e-04 3.99121436e-04 1.16531378e-04 2.75840619e-03 4.07984294e-03 2.07792471e-04 6.00514888e-05 3.99491072e-05 1.10302582e-04 3.07556533e-05 5.13575447e-05 1.07526256e-04 6.58423407e-05 1.22677614e-04 1.49491021e-04 9.07326757e-05 6.63089711e-05 4.70254963e-06 8.65465408e-06 5.88922849e-06 2.29712844e-05 4.76774767e-06 1.55936450e-05 4.04016905e-05 3.57615529e-05 1.29068940e-05 4.26074752e-05 3.28894443e-05 1.34624250e-05 4.04395215e-05 4.77008450e-05 9.12617979e-06 3.63592557e-05 8.48052780e-05 2.24565243e-05 2.01599893e-04 3.45072051e-04 1.38028820e-05 1.23375910e-04 1.59482661e-05 2.56783387e-05 2.44132782e-04 4.22553718e-04 7.04317944e-05 1.77571136e-04 3.01617647e-05 8.75146093e-06 1.81529073e-05 8.55445337e-06 2.42710058e-07 2.38625244e-09 1.00000000e-10
 2006 07 10 12 00 00  3.56183425e-03 2.16000698e-03 1.18417816e-03 8.38077608e-04 5.93384704e-04 3.40064723e-04 2.39264280e-04 1.96999926e-04 3.97140821e-04 1.16115162e-04 2.74247364e-03 4.04796563e-03 2.07086817e-04 5.99521379e-05 3.98550160e-05 1.09721268e-04 3.05614813e-05 5.08727273e-05 1.07259224e-04 6.58047386e-05 1.21679274e-04 1.48217237e-04 9.02159180e-05 6.60992579e-05 4.68873113e-06 8.63456225e-06 5.88388684e-06 2.29100428e-05 4.76697205e-06 1.55550291e-05 4.01659733e-05 3.56818549e-05 1.27460502e-05 4.23708943e-05 3.28436523e-05 1.34369431e-05 3.99948293e-05 4.70544943e-05 9.10945746e-06 3.60727966e-05 8.34356899e-05 2.24252144e-05 1.99007820e-04 3.44648523e-04 1.37859409e-05 1.21101881e-04 1.48994150e-05 2.56179657e-05 2.40158525e-04 4.18552257e-04 6.98823615e-05 1.73949553e-04 2.93395843e-05 8.45251866e-06 1.74625882e-05 8.08718100e-06 2.21156517e-07 1.39907819e-09 1.00000000e-10
 2006 07 11 12 00 00  3.55320650e-03 2.15319841e-03 1.17996562e-03 8.35095656e-04 5.90822905e-04 3.39077666e-04 2.38218309e-04 1.95819545e-04 3.94057705e-04 1.15055602e-04 2.71781915e-03 4.00546789e-03 2.05660871e-04 5.94610184e-05 3.96188662e-05 1.08740536e-04 3.03126231e-05 5.02386130e-05 1.06194625e-04 6.51523471e-05 1.20360252e-04 1.46534837e-04 8.94775721e-05 6.57123349e-05 4.67093851e-06 8.60751024e-06 5.87681679e-06 2.28078522e-05 4.75236775e-06 1.54790002e-05 3.97773887e-05 3.55791039e-05 1.25404506e-05 4.19660663e-05 3.19889892e-05 1.34030735e-05 3.92433598e-05 4.60685173e-05 9.08694565e-06 3.54237939e-05 8.12650386e-05 2.18725414e-05 1.95132678e-04 3.36783571e-04 1.34713428e-05 1.15969207e-04 1.35345254e-05 2.45461328e-05 2.32257864e-04 4.10229616e-04 6.78870387e-05 1.69027091e-04 2.82235940e-05 8.04677043e-06 1.65257408e-05 7.45431496e-06 1.92055963e-07 3.61594843e-10 1.00000000e-10
 2006 07 12 12 00 00  3.54936002e-03 2.15074244e-03 1.17840425e-03 8.33902021e-04 5.89748224e-04 3.38591292e-04 2.37739536e-04 1.95294124e-04 3.92683968e-04 1.14704101e-04 2.70678947e-03 3.98422107e-03 2.05121417e-04 5.93436072e-05 3.95402693e-05 1.08332758e-04 3.01925582e-05 4.99269110e-05 1.05920850e-04 6.50396280e-05 1.19706161e-04 1.45700579e-04 8.91307985e-05 6.55532343e-05 4.66231759e-06 8.58486092e-06 5.87330469e-06 2.27658377e-05 4.74979097e-06 1.54511796e-05 3.96164691e-05 3.55292548e-05 1.24415077e-05 4.17934843e-05 3.18385311e-05 1.33861875e-05 3.89310915e-05 4.56310713e-05 9.06809510e-06 3.51850767e-05 8.03314525e-05 2.17766094e-05 1.93343121e-04 3.35400646e-04 1.34160259e-05 1.14189655e-04 1.28666929e-05 2.43598042e-05 2.29339884e-04 4.07205755e-04 6.73517967e-05 1.66422877e-04 2.73027011e-05 7.71192131e-06 1.57524338e-05 6.93003176e-06 1.67813000e-07 1.00000000e-10 1.00000000e-10
 2006 07 13 12 00 00  3.55295786e-03 2.15261495e-03 1.17963282e-03 8.34945350e-04 5.90742302e-04 3.39085664e-04 2.38202072e-04 1.95792659e-04 3.93976946e-04 1.14947629e-04 2.71719285e-03 4.00547311e-03 2.05559877e-04 5.93872089e-05 3.95959728e-05 1.08708123e-04 3.03232984e-05 5.02517039e-05 1.06057154e-04 6.50261878e-05 1.20372663e-04 1.46551805e-04 8.94723883e-05 6.56685105e-05 4.67161080e-06 8.57329433e-06 5.87687246e-06 2.28039123e-05 4.74937260e-06 1.54754357e-05 3.97678005e-05 3.55828408e-05 1.25498744e-05 4.19308239e-05 3.18147358e-05 1.34031885e-05 3.92148184e-05 4.60534691e-05 9.05846391e-06 3.53263949e-05 8.12220480e-05 2.17642446e-05 1.94919125e-04 3.35185457e-04 1.34074183e-05 1.15553102e-04 1.35702343e-05 2.43352071e-05 2.31829332e-04 4.09611972e-04 6.76387180e-05 1.68098667e-04 2.68482522e-05 7.54663820e-06 1.53705332e-05 6.66883914e-06 1.55573635e-07 1.00000000e-10 1.00000000e-10
 2006 07 14 12 00 00  3.55688962e-03 2.15515957e-03 1.18124789e-03 8.36201977e-04 5.91886134e-04 3.39585859e-04 2.38696752e-04 1.96338132e-04 3.95390757e-04 1.15317703e-04 2.72852824e-03 4.02672626e-03 2.06121904e-04 5.95224171e-05 3.96798800e-05 1.09143428e-04 3.04579269e-05 5.05812583e-05 1.06380060e-04 6.51650538e-05 1.21044807e-04 1.47409220e-04 8.98303846e-05 6.58306701e-05 4.68114886e-06 8.58634085e-06 5.88046059e-06 2.28507224e-05 4.75229390e-06 1.55070946e-05 3.99442569e-05 3.56377859e-05 1.26616738e-05 4.21085862e-05 3.19868792e-05 1.34202361e-05 3.95476462e-05 4.65181308e-05 9.06931164e-06 3.55696985e-05 8.22265207e-05 2.18803427e-05 1.96763122e-04 3.36775646e-04 1.34710258e-05 1.17501045e-04 1.42867822e-05 2.45593779e-05 2.35065073e-04 4.12935434e-04 6.82570674e-05 1.70659135e-04 2.74551706e-05 7.76713055e-06 1.58788122e-05 7.00251358e-06 1.70225080e-07 1.00000000e-10 1.00000000e-10
 2006 07 15 12 00 00  3.55876831e-03 2.15621974e-03 1.18193421e-03 8.36777338e-04 5.92431254e-04 3.39840200e-04 2.38938926e-04 1.96601736e-04 3.96069165e-04 1.15463362e-04 2.73398103e-03 4.03735563e-03 2.06366080e-04 5.95622566e-05 3.97132339e-05 1.09350371e-04 3.05305817e-05 5.07525867e-05 1.06488443e-04 6.51870447e-05 1.21387105e-04 1.47846425e-04 9.00083834e-05 6.58930498e-05 4.68625440e-06 8.57564664e-06 5.88228140e-06 2.28727785e-05 4.75266388e-06 1.55218669e-05 4.00307185e-05 3.56671313e-05 1.27222855e-05 4.21823061e-05 3.20092746e-05 1.34288173e-05 3.97047963e-05 4.67468336e-05 9.06040441e-06 3.56502636e-05 8.27178278e-05 2.18979592e-05 1.97591771e-04 3.36985619e-04 1.34794247e-05 1.18328505e-04 1.46629245e-05 2.45928939e-05 2.36542389e-04 4.14372622e-04 6.84751987e-05 1.71480908e-04 2.70718408e-05 7.62761797e-06 1.55559948e-05 6.77629707e-06 1.59241380e-07 1.00000000e-10 1.00000000e-10
 2006 07 16 12 00 00  3.55762120e-03 2.15658908e-03 1.18207082e-03 8.36672296e-04 5.92228364e-04 3.39605398e-04 2.38770909e-04 1.96444532e-04 3.95658786e-04 1.15587504e-04 2.73060295e-03 4.02673371e-03 2.06387171e-04 5.97184044e-05 3.97401631e-05 1.09280442e-04 3.04739486e-05 5.06008975e-05 1.06782595e-04 6.54894335e-05 1.21065114e-04 1.47434686e-04 8.98701919e-05 6.58949094e-05 4.68215767e-06 8.58414642e-06 5.88054354e-06 2.28681288e-05 4.75935885e-06 1.55243434e-05 4.00037614e-05 3.56433942e-05 1.26758110e-05 4.21655369e-05 3.24015302e-05 1.34204107e-05 3.96549008e-05 4.66172553e-05 9.06746936e-06 3.57194881e-05 8.24941195e-05 2.21535156e-05 1.97101627e-04 3.40597740e-04 1.36239096e-05 1.18760152e-04 1.43403595e-05 2.50881189e-05 2.36763445e-04 4.14827967e-04 6.89773123e-05 1.70984149e-04 2.74800321e-05 7.77588511e-06 1.58976437e-05 6.99897565e-06 1.68900932e-07 1.00000000e-10 1.00000000e-10
 2006 07 17 12 00 00  3.55574365e-03 2.15545900e-03 1.18134633e-03 8.36104275e-04 5.91709588e-04 3.39362085e-04 2.38535411e-04 1.96187759e-04 3.94987992e-04 1.15430102e-04 2.72521100e-03 4.01611030e-03 2.06135109e-04 5.96728741e-05 3.97049294e-05 1.09083983e-04 3.04134301e-05 5.04444528e-05 1.06672083e-04 6.54551841e-05 1.20737832e-04 1.47016783e-04 8.96985258e-05 6.58291438e-05 4.67781610e-06 8.58689455e-06 5.87878494e-06 2.28487534e-05 4.75856286e-06 1.55113069e-05 3.99262351e-05 3.56182980e-05 1.26259096e-05 4.20908998e-05 3.23551358e-05 1.34119618e-05 3.95058546e-05 4.64035830e-05 9.06975547e-06 3.56280251e-05 8.20407320e-05 2.21242619e-05 1.96293045e-04 3.40171727e-04 1.36068691e-05 1.17955354e-04 1.40048156e-05 2.50312296e-05 2.35398026e-04 4.13466706e-04 6.87558510e-05 1.70111001e-04 2.75973059e-05 7.81851418e-06 1.59960250e-05 7.06488565e-06 1.71892437e-07 1.00000000e-10 1.00000000e-10
 2006 07 18 12 00 00  3.55980930e-03 2.15835034e-03 1.18315832e-03 8.37438682e-04 5.92884971e-04 3.39853059e-04 2.39035848e-04 1.96744637e-04 3.96441889e-04 1.15863763e-04 2.73685762e-03 4.03735861e-03 2.06755170e-04 5.98503264e-05 3.98019950e-05 1.09532042e-04 3.05368943e-05 5.07603225e-05 1.07069255e-04 6.56674325e-05 1.21395823e-04 1.47856455e-04 9.00565106e-05 6.59949103e-05 4.68665130e-06 8.59143620e-06 5.88231451e-06 2.28945082e-05 4.76329624e-06 1.55441162e-05 4.01030788e-05 3.56693345e-05 1.27278545e-05 4.22697644e-05 3.26322246e-05 1.34288857e-05 3.98473418e-05 4.68681533e-05 9.07353315e-06 3.58892013e-05 8.30487293e-05 2.23039198e-05 1.98087956e-04 3.42722208e-04 1.37088883e-05 1.20097936e-04 1.46840292e-05 2.53795501e-05 2.38814899e-04 4.16995948e-04 6.95093385e-05 1.72265448e-04 2.78082280e-05 7.89514229e-06 1.61726723e-05 7.18089998e-06 1.76990125e-07 1.00000000e-10 1.00000000e-10
 2006 07 19 12 00 00  3.55613293e-03 2.15628400e-03 1.18181954e-03 8.36348985e-04 5.91869117e-04 3.39362553e-04 2.38569076e-04 1.96238582e-04 3.95124565e-04 1.15584606e-04 2.72626376e-03 4.01610918e-03 2.06283880e-04 5.97829929e-05 3.97389078e-05 1.09147885e-04 3.04110057e-05 5.04414726e-05 1.06890481e-04 6.56399061e-05 1.20735003e-04 1.47012929e-04 8.97140445e-05 6.58638867e-05 4.67766331e-06 8.58912026e-06 5.87877184e-06 2.28553899e-05 4.76271016e-06 1.55189516e-05 3.99495681e-05 3.56174540e-05 1.26237675e-05 4.21199708e-05 3.25977453e-05 1.34119357e-05 3.95553030e-05 4.64427356e-05 9.07160502e-06 3.57130975e-05 8.21490460e-05 2.22808463e-05 1.96436003e-04 3.42403968e-04 1.36961587e-05 1.18604323e-04 1.39967015e-05 2.53349688e-05 2.36204714e-04 4.14398640e-04 6.91444074e-05 1.70230214e-04 2.77146066e-05 7.86109886e-06 1.60940453e-05 7.12751478e-06 1.74516006e-07 1.00000000e-10 1.00000000e-10
 2006 07 20 12 00 00  3.56169222e-03 2.15951767e-03 1.18390304e-03 8.38006719e-04 5.93395396e-04 3.40092851e-04 2.39269312e-04 1.96999284e-04 3.97110920e-04 1.16027367e-04 2.74224191e-03 4.04798053e-03 2.07011598e-04 5.98979766e-05 3.98379538e-05 1.09725268e-04 3.05935246e-05 5.09120058e-05 1.07178299e-04 6.57064957e-05 1.21718710e-04 1.48268166e-04 9.02263887e-05 6.60740687e-05 4.69074803e-06 8.60727741e-06 5.88405310e-06 2.29141284e-05 4.76431196e-06 1.55566783e-05 4.01793185e-05 3.56930715e-05 1.27743260e-05 4.23547443e-05 3.26908135e-05 1.34372895e-05 3.99964344e-05 4.70783498e-05 9.08671063e-06 3.60067349e-05 8.34927429e-05 2.23381794e-05 1.98974076e-04 3.43256845e-04 1.37302738e-05 1.20915483e-04 1.50065694e-05 2.54467450e-05 2.40151294e-04 4.18392480e-04 6.97335699e-05 1.73689487e-04 2.84979948e-05 8.14583696e-06 1.67510758e-05 7.56651646e-06 1.94356473e-07 3.13470849e-10 1.00000000e-10
 2006 07 21 12 00 00  3.56189770e-03 2.15998648e-03 1.18417046e-03 8.38131423e-04 5.93465821e-04 3.40088503e-04 2.39283824e-04 1.97022423e-04 3.97178251e-04 1.16114162e-04 2.74276922e-03 4.04797718e-03 2.07093090e-04 5.99568766e-05 3.98562211e-05 1.09753622e-04 3.05872119e-05 5.09042700e-05 1.07287647e-04 6.58069213e-05 1.21711089e-04 1.48258135e-04 9.02319627e-05 6.60964946e-05 4.69035040e-06 8.61523222e-06 5.88402036e-06 2.29166856e-05 4.76671121e-06 1.55599537e-05 4.01889674e-05 3.56908597e-05 1.27687570e-05 4.23723642e-05 3.28302791e-05 1.34372211e-05 4.00198363e-05 4.70928621e-05 9.09333103e-06 3.60607854e-05 8.35340369e-05 2.24245057e-05 1.99059529e-04 3.44535421e-04 1.37814168e-05 1.21251034e-04 1.49854619e-05 2.56149564e-05 2.40524485e-04 4.18857600e-04 6.99352268e-05 1.73886755e-04 2.88242898e-05 8.26447476e-06 1.70250254e-05 7.75183912e-06 2.02896795e-07 6.18802432e-10 1.00000000e-10
 2006 07 22 12 00 00  3.56940269e-03 2.16450537e-03 1.18706740e-03 8.40399625e-04 5.95535710e-04 3.41060400e-04 2.40224578e-04 1.98048051e-04 3.99858832e-04 1.16743326e-04 2.76431594e-03 4.09047157e-03 2.08100481e-04 6.01382982e-05 3.99969573e-05 1.10537379e-04 3.08278250e-05 5.15282794e-05 1.07727285e-04 6.59430982e-05 1.23019047e-04 1.49927437e-04 9.09176669e-05 6.63771652e-05 4.70762388e-06 8.62991656e-06 5.89104748e-06 2.29953899e-05 4.76989626e-06 1.56117915e-05 4.04984584e-05 3.57907265e-05 1.29670763e-05 4.26855798e-05 3.30158684e-05 1.34710004e-05 4.06170185e-05 4.79464809e-05 9.10555173e-06 3.64592141e-05 8.53438902e-05 2.25410040e-05 2.02415633e-04 3.46238868e-04 1.38495547e-05 1.24475822e-04 1.63227698e-05 2.58416141e-05 2.45962425e-04 4.24358195e-04 7.08165957e-05 1.78152863e-04 2.94250650e-05 8.48291465e-06 1.75294496e-05 8.09329304e-06 2.18647701e-07 1.18262840e-09 1.00000000e-10
 2006 07 23 12 00 00  3.56676921e-03 2.16187113e-03 1.18547736e-03 8.39346934e-04 5.94671463e-04 3.40801326e-04 2.39914707e-04 1.97683337e-04 3.98912629e-04 1.16302300e-04 2.75680021e-03 4.07984294e-03 2.07570552e-04 5.98865550e-05 3.98982719e-05 1.10202669e-04 3.07556533e-05 5.13575447e-05 1.07194885e-04 6.55667158e-05 1.22678027e-04 1.49491021e-04 9.07073902e-05 6.62764714e-05 4.70254963e-06 8.67689741e-06 5.88922849e-06 2.29620044e-05 4.76164350e-06 1.55815855e-05 4.03650552e-05 3.57615529e-05 1.29068940e-05 4.25790618e-05 3.25318048e-05 1.34624250e-05 4.03652700e-05 4.76385918e-05 9.14464472e-06 3.62683540e-05 8.46329432e-05 2.22235743e-05 2.01495037e-04 3.41778796e-04 1.36711518e-05 1.22407751e-04 1.59482661e-05 2.52269063e-05 2.42880760e-04 4.21208302e-04 6.98451320e-05 1.78401442e-04 3.14074097e-05 9.20354155e-06 1.91928018e-05 9.21070764e-06 2.69584147e-07 3.57732644e-09 9.72723124e-11
 2006 07 24 12 00 00  3.57065477e-03 2.16444180e-03 1.18710340e-03 8.40561594e-04 5.95749958e-04 3.41283112e-04 2.40393866e-04 1.98210652e-04 4.00296288e-04 1.16674511e-04 2.76790952e-03 4.10108715e-03 2.08128224e-04 6.00167745e-05 3.99808895e-05 1.10612054e-04 3.08703777e-05 5.16627042e-05 1.07488543e-04 6.57022872e-05 1.23325368e-04 1.50316792e-04 9.10530829e-05 6.64358663e-05 4.71083440e-06 8.69608193e-06 5.89271258e-06 2.30030846e-05 4.76483292e-06 1.56094328e-05 4.05247941e-05 3.58095305e-05 1.30011264e-05 4.27507896e-05 3.27175076e-05 1.34792543e-05 4.06785475e-05 4.80733088e-05 9.16060817e-06 3.65115686e-05 8.55607489e-05 2.23397044e-05 2.03254872e-04 3.43482780e-04 1.37393112e-05 1.24238927e-04 1.65982463e-05 2.54529441e-05 2.45830549e-04 4.24271670e-04 7.04189020e-05 1.80856744e-04 3.22055022e-05 9.49369314e-06 1.98626640e-05 9.66227637e-06 2.90281000e-07 4.67942654e-09 1.97780103e-10
 2006 07 25 12 00 00  3.57492963e-03 2.16780366e-03 1.18918358e-03 8.42022884e-04 5.96998559e-04 3.41771062e-04 2.40909609e-04 1.98791395e-04 4.01818611e-04 1.17195165e-04 2.78009758e-03 4.12233323e-03 2.08829951e-04 6.02524046e-05 4.00960117e-05 1.11089645e-04 3.09889845e-05 5.19726309e-05 1.07992089e-04 6.60137390e-05 1.23976780e-04 1.51148743e-04 9.14175539e-05 6.66031390e-05 4.71936401e-06 8.67866111e-06 5.89621777e-06 2.30498485e-05 4.77197173e-06 1.56457715e-05 4.07123012e-05 3.58588703e-05 1.30987872e-05 4.29296421e-05 3.31342657e-05 1.34961243e-05 4.10420058e-05 4.85530237e-05 9.14611664e-06 3.67879477e-05 8.66125737e-05 2.26049291e-05 2.04992001e-04 3.47312620e-04 1.38925048e-05 1.26706408e-04 1.72612170e-05 2.59681925e-05 2.49637412e-04 4.28188310e-04 7.13740054e-05 1.82267239e-04 3.14477592e-05 9.21829128e-06 1.92272469e-05 9.23854163e-06 2.71190157e-07 3.68757980e-09 1.07947562e-10
 2006 07 26 12 00 00  3.57511325e-03 2.16819694e-03 1.18940865e-03 8.42136999e-04 5.97071115e-04 3.41770975e-04 2.40924962e-04 1.98814587e-04 4.01881657e-04 1.17268488e-04 2.78058986e-03 4.12233286e-03 2.08900023e-04 6.03033684e-05 4.01117673e-05 1.11118788e-04 3.09875264e-05 5.19708381e-05 1.08090252e-04 6.60996360e-05 1.23974374e-04 1.51146423e-04 9.14247020e-05 6.66008059e-05 4.71927233e-06 8.65383481e-06 5.89621013e-06 2.30511566e-05 4.77395843e-06 1.56493003e-05 4.07228779e-05 3.58583580e-05 1.30974993e-05 4.29273031e-05 3.32501280e-05 1.34961098e-05 4.10625318e-05 4.85696695e-05 9.12546457e-06 3.67937387e-05 8.66598155e-05 2.26782213e-05 2.04926609e-04 3.48376768e-04 1.39350707e-05 1.26994152e-04 1.72563407e-05 2.61106674e-05 2.50010317e-04 4.28538642e-04 7.15539087e-05 1.81475063e-04 3.03630363e-05 8.82405989e-06 1.83177156e-05 8.63265802e-06 2.43939574e-07 2.27536487e-09 1.00000000e-10
 2006 07 27 12 00 00  3.58460658e-03 2.17401198e-03 1.19312690e-03 8.45048438e-04 5.99728828e-04 3.42997062e-04 2.42116935e-04 2.00117490e-04 4.05278005e-04 1.18087244e-04 2.80788217e-03 4.17545587e-03 2.10193455e-04 6.05548959e-05 4.02952244e-05 1.12126650e-04 3.12998163e-05 5.27649827e-05 1.08695996e-04 6.63088926e-05 1.25623183e-04 1.53251380e-04 9.22926197e-05 6.69454760e-05 4.74158951e-06 8.64768954e-06 5.90505333e-06 2.31529613e-05 4.77870817e-06 1.57179978e-05 4.11253237e-05 3.59872240e-05 1.33555746e-05 4.33154242e-05 3.35277000e-05 1.35384573e-05 4.18295573e-05 4.96620022e-05 9.12035539e-06 3.72817666e-05 8.89891689e-05 2.28560413e-05 2.09096058e-04 3.50928995e-04 1.40371598e-05 1.31220934e-04 1.89665356e-05 2.64558708e-05 2.57146446e-04 4.35696484e-04 7.27601984e-05 1.86193205e-04 3.00745194e-05 8.71924781e-06 1.80761319e-05 8.47439528e-06 2.37014795e-07 1.93125329e-09 1.00000000e-10
 2006 07 28 12 00 00  3.57898607e-03 2.17066068e-03 1.19097494e-03 8.43349693e-04 5.98171273e-04 3.42265423e-04 2.41410088e-04 1.99347058e-04 4.03267451e-04 1.17621817e-04 2.79172738e-03 4.14358415e-03 2.09442796e-04 6.04214308e-05 4.01905339e-05 1.11536877e-04 3.11163254e-05 5.22932562e-05 1.08366435e-04 6.62121514e-05 1.24638234e-04 1.51994578e-04 9.17771215e-05 6.67303387e-05 4.72844404e-06 8.63022215e-06 5.89976735e-06 2.30928143e-05 4.77653666e-06 1.56788265e-05 4.08919101e-05 3.59112630e-05 1.32041576e-05 4.30759249e-05 3.34006239e-05 1.35130904e-05 4.13800392e-05 4.90184085e-05 9.10582821e-06 3.69759105e-05 8.76235756e-05 2.27740355e-05 2.06534702e-04 3.49759805e-04 1.39903922e-05 1.28804910e-04 1.79534050e-05 2.62967922e-05 2.53053184e-04 4.31539799e-04 7.21047943e-05 1.82709011e-04 2.92880331e-05 8.43346188e-06 1.74170596e-05 8.03846415e-06 2.17633376e-07 1.21506218e-09 1.00000000e-10
 2006 07 29 12 00 00  3.58650772e-03 2.17514849e-03 1.19385573e-03 8.45634165e-04 6.00271392e-04 3.43247552e-04 2.42358284e-04 2.00380876e-04 4.05960200e-04 1.18246333e-04 2.81337184e-03 4.18608338e-03 2.10448749e-04 6.06016685e-05 4.03308004e-05 1.12332694e-04 3.13680997e-05 5.29309502e-05 1.08811360e-04 6.63439161e-05 1.25959607e-04 1.53681622e-04 9.24693159e-05 6.69981574e-05 4.74641965e-06 8.62281377e-06 5.90685231e-06 2.31732806e-05 4.77949907e-06 1.57325728e-05 4.12103382e-05 3.60150385e-05 1.34123286e-05 4.33801529e-05 3.35739256e-05 1.35469905e-05 4.19851886e-05 4.98867278e-05 9.09966984e-06 3.73473303e-05 8.94713723e-05 2.28857680e-05 2.09840301e-04 3.51354202e-04 1.40541681e-05 1.32066606e-04 1.93280488e-05 2.65135575e-05 2.58625947e-04 4.37097716e-04 7.29976626e-05 1.86400331e-04 2.89287937e-05 8.30298250e-06 1.71164323e-05 7.84293343e-06 2.09181828e-07 9.38305789e-10 1.00000000e-10
 2006 07 30 12 00 00  3.58296788e-03 2.17335937e-03 1.19267599e-03 8.44630791e-04 5.99315017e-04 3.42759296e-04 2.41904324e-04 1.99893509e-04 4.04691346e-04 1.18019142e-04 2.80315667e-03 4.16483432e-03 2.10027843e-04 6.05710422e-05 4.02790354e-05 1.11972409e-04 3.12436692e-05 5.26138931e-05 1.08705539e-04 6.63776649e-05 1.25300974e-04 1.52840414e-04 9.21334809e-05 6.68875889e-05 4.73752334e-06 8.63283421e-06 5.90331729e-06 2.31378062e-05 4.78029797e-06 1.57103931e-05 4.10674866e-05 3.59636586e-05 1.33095280e-05 4.32478889e-05 3.36203899e-05 1.35300565e-05 4.17134557e-05 4.94784403e-05 9.10801537e-06 3.72152480e-05 8.86176779e-05 2.29147176e-05 2.08309349e-04 3.51780417e-04 1.40712167e-05 1.30812673e-04 1.86455960e-05 2.65699229e-05 2.56316268e-04 4.34875727e-04 7.27657718e-05 1.84750106e-04 2.93038122e-05 8.43942521e-06 1.74319304e-05 8.06147000e-06 2.19616998e-07 1.32792692e-09 1.00000000e-10
 2006 07 31 12 00 00  3.57943082e-03 2.17157115e-03 1.19149679e-03 8.43629331e-04 5.98361233e-04 3.42271934e-04 2.41451027e-04 1.99406839e-04 4.03423677e-04 1.17792130e-04 2.79295284e-03 4.14358564e-03 2.09607234e-04 6.05403411e-05 4.02272503e-05 1.11613173e-04 3.11202079e-05 5.22980175e-05 1.08599299e-04 6.64111867e-05 1.24643041e-04 1.52000755e-04 9.17982717e-05 6.67628864e-05 4.72868815e-06 8.62267552e-06 5.89978736e-06 2.31013029e-05 4.78109687e-06 1.56883971e-05 4.09251369e-05 3.59126250e-05 1.32075846e-05 4.31037893e-05 3.36668803e-05 1.35131326e-05 4.14407271e-05 4.90706217e-05 9.09957234e-06 3.70569970e-05 8.77658554e-05 2.29435143e-05 2.06681733e-04 3.52206631e-04 1.40882652e-05 1.29551993e-04 1.79663970e-05 2.66260322e-05 2.54019747e-04 4.32603173e-04 7.25351445e-05 1.82463218e-04 2.88027393e-05 8.25744814e-06 1.70127392e-05 7.78984297e-06 2.07951914e-07 9.49599865e-10 1.00000000e-10
 2006 08 01 12 00 00  3.57550474e-03 2.16899297e-03 1.18986359e-03 8.42380246e-04 5.97235765e-04 3.41778814e-04 2.40960958e-04 1.98866223e-04 4.02016152e-04 1.17416560e-04 2.78166940e-03 4.12233546e-03 2.09041970e-04 6.04025628e-05 4.01424815e-05 1.11185199e-04 3.09933472e-05 5.19779802e-05 1.08276532e-04 6.62663660e-05 1.23980843e-04 1.51155679e-04 9.14445376e-05 6.66085297e-05 4.71963940e-06 8.61870649e-06 5.89624033e-06 2.30571966e-05 4.77796093e-06 1.56579426e-05 4.07553143e-05 3.58603982e-05 1.31026420e-05 4.29339734e-05 3.34827142e-05 1.34961723e-05 4.11152429e-05 4.86167677e-05 9.09628507e-06 3.68252901e-05 8.67882282e-05 2.28217090e-05 2.04925150e-04 3.50508490e-04 1.40203396e-05 1.27635968e-04 1.72758198e-05 2.63903668e-05 2.50864922e-04 4.29379514e-04 7.19186394e-05 1.80239974e-04 2.85254874e-05 8.15692551e-06 1.67819990e-05 7.64996962e-06 2.02663026e-07 8.13068013e-10 1.00000000e-10
 2006 08 02 12 00 00  3.56783287e-03 2.16419253e-03 1.18680237e-03 8.39998588e-04 5.95069088e-04 3.40796490e-04 2.39998916e-04 1.97811296e-04 3.99267793e-04 1.16732762e-04 2.75961183e-03 4.07983661e-03 2.07977827e-04 6.01769852e-05 3.99882974e-05 1.10362907e-04 3.07425478e-05 5.13414794e-05 1.07735372e-04 6.60593680e-05 1.22660207e-04 1.49470181e-04 9.07463563e-05 6.63162734e-05 4.70172417e-06 8.61069493e-06 5.88916009e-06 2.29730942e-05 4.77344656e-06 1.56011715e-05 4.04289514e-05 3.57569632e-05 1.28953252e-05 4.26088365e-05 3.32177646e-05 1.34622824e-05 4.04898669e-05 4.77323513e-05 9.08963411e-06 3.64004548e-05 8.48962315e-05 2.26473305e-05 2.01491879e-04 3.48066522e-04 1.39226609e-05 1.24112898e-04 1.59044284e-05 2.60528177e-05 2.44969360e-04 4.23399986e-04 7.08671048e-05 1.75942044e-04 2.80846948e-05 7.99693494e-06 1.64139130e-05 7.41685976e-06 1.93054407e-07 5.21048094e-10 1.00000000e-10
 2006 08 03 12 00 00  3.55953032e-03 2.15809035e-03 1.18299401e-03 8.37218367e-04 5.92632915e-04 3.39807663e-04 2.38979332e-04 1.96671280e-04 3.96295850e-04 1.15804843e-04 2.73582181e-03 4.03733701e-03 2.06677392e-04 5.97775433e-05 3.97804938e-05 1.09432615e-04 3.04893154e-05 5.07020042e-05 1.06847650e-04 6.55617274e-05 1.21336182e-04 1.47780832e-04 9.00197524e-05 6.59663401e-05 4.68365688e-06 8.59801512e-06 5.88206785e-06 2.28765758e-05 4.76241803e-06 1.55311572e-05 4.00592580e-05 3.56526842e-05 1.26858693e-05 4.22345281e-05 3.25716625e-05 1.34283691e-05 3.97795002e-05 4.67765910e-05 9.07909343e-06 3.58378821e-05 8.28091930e-05 2.22266724e-05 1.97789219e-04 3.42117184e-04 1.36846873e-05 1.19524859e-04 1.45249229e-05 2.52375961e-05 2.37715355e-04 4.15865691e-04 6.91927036e-05 1.71391330e-04 2.74742949e-05 7.77522218e-06 1.59030382e-05 7.08405013e-06 1.78629759e-07 4.67856864e-11 1.00000000e-10
 2006 08 04 12 00 00  3.55184464e-03 2.15328659e-03 1.17993025e-03 8.34825771e-04 5.90451501e-04 3.38821276e-04 2.38013752e-04 1.95612216e-04 3.93540233e-04 1.15119992e-04 2.71370606e-03 3.99483629e-03 2.05611078e-04 5.95504970e-05 3.96258985e-05 1.08604437e-04 3.02341417e-05 5.00601425e-05 1.06300571e-04 6.53531868e-05 1.20009632e-04 1.46088386e-04 8.93187136e-05 6.56601869e-05 4.66546662e-06 8.57276900e-06 5.87496470e-06 2.27899704e-05 4.75791167e-06 1.54734916e-05 3.97280913e-05 3.55477212e-05 1.24746977e-05 4.18968621e-05 3.23069806e-05 1.33944297e-05 3.91473337e-05 4.58843414e-05 9.05809648e-06 3.53885448e-05 8.08978378e-05 2.20513510e-05 1.94241032e-04 3.39676245e-04 1.35870498e-05 1.15958100e-04 1.31389155e-05 2.48984405e-05 2.31751901e-04 4.09767320e-04 6.81297206e-05 1.66530262e-04 2.63456468e-05 7.36508582e-06 1.49571044e-05 6.45732814e-06 1.50689078e-07 1.00000000e-10 1.00000000e-10
 2006 08 05 12 00 00  3.54309436e-03 2.14627457e-03 1.17559959e-03 8.31761931e-04 5.87819712e-04 3.37825449e-04 2.36952116e-04 1.94410749e-04 3.90408763e-04 1.14021342e-04 2.68867529e-03 3.95233408e-03 2.04144909e-04 5.90296974e-05 3.93806778e-05 1.07595714e-04 2.99765379e-05 4.94153122e-05 1.05170587e-04 6.46530592e-05 1.18680021e-04 1.44392070e-04 8.85705621e-05 6.52730932e-05 4.64712357e-06 8.56249608e-06 5.86784954e-06 2.26843539e-05 4.74234184e-06 1.53937244e-05 3.93254318e-05 3.54419084e-05 1.22613827e-05 4.14905182e-05 3.13951605e-05 1.33604670e-05 3.83752220e-05 4.48749611e-05 9.04955232e-06 3.47362599e-05 7.86648164e-05 2.14590837e-05 1.90362754e-04 3.31282029e-04 1.32512812e-05 1.10612559e-04 1.17447809e-05 2.37503671e-05 2.23512798e-04 4.01130265e-04 6.60164450e-05 1.61964694e-04 2.58792477e-05 7.19561892e-06 1.45663264e-05 6.19934880e-06 1.39255418e-07 1.00000000e-10 1.00000000e-10
 2006 08 06 12 00 00  3.53542791e-03 2.14147464e-03 1.17253929e-03 8.29385433e-04 5.85660175e-04 3.36844493e-04 2.35991652e-04 1.93357870e-04 3.87664197e-04 1.13338066e-04 2.66664208e-03 3.90983634e-03 2.03082075e-04 5.88058861e-05 3.92270025e-05 1.06776207e-04 2.97271879e-05 4.87805955e-05 1.04636280e-04 6.44484069e-05 1.17361438e-04 1.42708895e-04 8.78733752e-05 6.49876921e-05 4.62930111e-06 8.56241604e-06 5.86077731e-06 2.26012998e-05 4.73781365e-06 1.53372969e-05 3.90002489e-05 3.53389914e-05 1.20553559e-05 4.11714708e-05 3.11298412e-05 1.33265945e-05 3.77523335e-05 4.39934885e-05 9.04948756e-06 3.43237869e-05 7.67802097e-05 2.12861487e-05 1.86978378e-04 3.28838718e-04 1.31535487e-05 1.07107525e-04 1.03782688e-05 2.34152641e-05 2.17645970e-04 3.95207526e-04 6.49727614e-05 1.58006277e-04 2.58710889e-05 7.19266463e-06 1.45595637e-05 6.19546435e-06 1.39125670e-07 1.00000000e-10 1.00000000e-10
 2006 08 07 12 00 00  3.53364035e-03 2.14054049e-03 1.17192700e-03 8.28873351e-04 5.85176216e-04 3.36600476e-04 2.35763427e-04 1.93112305e-04 3.87024342e-04 1.13217237e-04 2.66148888e-03 3.89921218e-03 2.02864957e-04 5.87861662e-05 3.91997433e-05 1.06593705e-04 2.96652172e-05 4.86223667e-05 1.04576157e-04 6.44576619e-05 1.17032419e-04 1.42288685e-04 8.77048306e-05 6.49307137e-05 4.62486823e-06 8.56705592e-06 5.85901143e-06 2.25833083e-05 4.73800828e-06 1.53258978e-05 3.89275091e-05 3.53133888e-05 1.20041703e-05 4.11040538e-05 3.11413110e-05 1.33181296e-05 3.76142049e-05 4.37877876e-05 9.05334891e-06 3.42537170e-05 7.63490994e-05 2.12938859e-05 1.86205458e-04 3.28944656e-04 1.31577862e-05 1.06451485e-04 1.00378616e-05 2.34302031e-05 2.16458468e-04 3.94057866e-04 6.48411466e-05 1.57181861e-04 2.60586816e-05 7.26087860e-06 1.47171101e-05 6.30243122e-06 1.44082749e-07 1.00000000e-10 1.00000000e-10
 2006 08 08 12 00 00  3.55165578e-03 2.15292800e-03 1.17972347e-03 8.34703201e-04 5.90359136e-04 3.38814701e-04 2.37993624e-04 1.95583697e-04 3.93469809e-04 1.15052055e-04 2.71316177e-03 3.99483368e-03 2.05543683e-04 5.95005061e-05 3.96105433e-05 1.08567487e-04 3.02283152e-05 5.00530121e-05 1.06196249e-04 6.52708986e-05 1.20002740e-04 1.46079129e-04 8.93075590e-05 6.56563057e-05 4.66509991e-06 8.59155698e-06 5.87493487e-06 2.27862128e-05 4.75615270e-06 1.54687938e-05 3.97121282e-05 3.55456839e-05 1.24695565e-05 4.18925923e-05 3.22035048e-05 1.33943686e-05 3.91203565e-05 4.58575184e-05 9.07373542e-06 3.53737742e-05 8.08250194e-05 2.19823254e-05 1.94238123e-04 3.38721416e-04 1.35488566e-05 1.15641335e-04 1.31194363e-05 2.47650169e-05 2.31297223e-04 4.09320519e-04 6.79436935e-05 1.66987383e-04 2.70978143e-05 7.63861358e-06 1.55889374e-05 6.88737423e-06 1.70693976e-07 1.00000000e-10 1.00000000e-10
 2006 08 09 12 00 00  3.54842924e-03 2.15173585e-03 1.17888808e-03 8.33903310e-04 5.89555668e-04 3.38336959e-04 2.37572927e-04 1.95143582e-04 3.92317894e-04 1.14938007e-04 2.70384838e-03 3.97358835e-03 2.05235004e-04 5.95533888e-05 3.95844254e-05 1.08268349e-04 3.01131076e-05 4.97472472e-05 1.06265572e-04 6.54421223e-05 1.19356651e-04 1.45252567e-04 8.89900034e-05 6.55985607e-05 4.65678422e-06 8.63566238e-06 5.87144787e-06 2.27611252e-05 4.75988090e-06 1.54543569e-05 3.95972221e-05 3.54975346e-05 1.23748949e-05 4.18066822e-05 3.24223423e-05 1.33775320e-05 3.88998468e-05 4.54964973e-05 9.11043462e-06 3.53514395e-05 8.00969010e-05 2.21265131e-05 1.93042100e-04 3.40738580e-04 1.36295432e-05 1.14955296e-04 1.24678190e-05 2.50440964e-05 2.29739420e-04 4.08039560e-04 6.80216899e-05 1.66601031e-04 2.89644261e-05 8.31715506e-06 1.71550824e-05 7.93871470e-06 2.18563020e-07 1.49933115e-09 1.00000000e-10
 2006 08 10 12 00 00  3.55649514e-03 2.15732863e-03 1.18240431e-03 8.36535160e-04 5.91897254e-04 3.39326814e-04 2.38572715e-04 1.96253290e-04 3.95207281e-04 1.15770583e-04 2.72700412e-03 4.01609018e-03 2.06443900e-04 5.98847821e-05 3.97712267e-05 1.09160767e-04 3.03692563e-05 5.03903080e-05 1.07019368e-04 6.58253965e-05 1.20686532e-04 1.46946575e-04 8.97079196e-05 6.59919671e-05 4.67503523e-06 8.73759636e-06 5.87855575e-06 2.28598702e-05 4.76834284e-06 1.55199154e-05 3.99567335e-05 3.56028409e-05 1.25869265e-05 4.22182196e-05 3.29182541e-05 1.34114802e-05 3.95907096e-05 4.64347910e-05 9.19524828e-06 3.59800709e-05 8.21308291e-05 2.24502292e-05 1.97126790e-04 3.45305956e-04 1.38122382e-05 1.19211377e-04 1.38570889e-05 2.56712694e-05 2.36514357e-04 4.15295943e-04 6.94581340e-05 1.73891649e-04 3.32810054e-05 9.88628994e-06 2.07767806e-05 1.03695654e-05 3.29216888e-07 7.24094562e-09 4.43628068e-10
 2006 08 11 12 00 00  3.56026956e-03 2.15955676e-03 1.18383745e-03 8.37691413e-04 5.92970660e-04 3.39824165e-04 2.39052252e-04 1.96776695e-04 3.96564311e-04 1.16081108e-04 2.73790047e-03 4.03734259e-03 2.06947830e-04 5.99770800e-05 3.98419162e-05 1.09567876e-04 3.05019406e-05 5.07174816e-05 1.07256009e-04 6.58928999e-05 1.21358193e-04 1.47800896e-04 9.00581309e-05 6.61963589e-05 4.68445105e-06 8.82942695e-06 5.88213370e-06 2.29084337e-05 4.76969035e-06 1.55480758e-05 4.01238753e-05 3.56571021e-05 1.26970088e-05 4.24314234e-05 3.29981442e-05 1.34285045e-05 3.99097422e-05 4.68839673e-05 9.27165529e-06 3.62932786e-05 8.30897042e-05 2.25060649e-05 1.99304275e-04 3.46046402e-04 1.38418561e-05 1.20943371e-04 1.45671351e-05 2.57786975e-05 2.39398292e-04 4.18466452e-04 6.99209928e-05 1.78841166e-04 3.71810036e-05 1.13039655e-05 2.40487665e-05 1.25641497e-05 4.29004865e-07 1.24949487e-08 9.21278165e-10
 2006 08 12 12 00 00  3.56219727e-03 2.16073293e-03 1.18459014e-03 8.38296882e-04 5.93532068e-04 3.40076633e-04 2.39297637e-04 1.97045745e-04 3.97259072e-04 1.16248359e-04 2.74347692e-03 4.04797047e-03 2.07212340e-04 6.00322589e-05 3.98800178e-05 1.09781321e-04 3.05721624e-05 5.08858240e-05 1.07394111e-04 6.59409794e-05 1.21697736e-04 1.48234219e-04 9.02369867e-05 6.62705437e-05 4.68940343e-06 8.83038592e-06 5.88394178e-06 2.29315238e-05 4.77065405e-06 1.55635247e-05 4.02118210e-05 3.56855919e-05 1.27554769e-05 4.25149152e-05 3.30552313e-05 1.34370566e-05 4.00727153e-05 4.71155184e-05 9.27245201e-06 3.63991269e-05 8.35891137e-05 2.25458673e-05 2.00198482e-04 3.46575331e-04 1.38630132e-05 1.21855727e-04 1.49351370e-05 2.58552842e-05 2.40959884e-04 4.20039418e-04 7.01901390e-05 1.79963971e-04 3.72332570e-05 1.13229326e-05 2.40924084e-05 1.25918425e-05 4.30150556e-07 1.25467004e-08 9.25765598e-10
 2006 08 13 12 00 00  3.56227959e-03 2.16085616e-03 1.18466253e-03 8.38354111e-04 5.93585151e-04 3.40084262e-04 2.39309539e-04 1.97061563e-04 3.97293858e-04 1.16272607e-04 2.74374148e-03 4.04797420e-03 2.07238391e-04 6.00524101e-05 3.98861248e-05 1.09802466e-04 3.05799331e-05 5.08953468e-05 1.07442563e-04 6.59726502e-05 1.21707909e-04 1.48246570e-04 9.02445608e-05 6.62900311e-05 4.68989238e-06 8.84619003e-06 5.88398289e-06 2.29361299e-05 4.77121612e-06 1.55663374e-05 4.02229147e-05 3.56883131e-05 1.27623323e-05 4.25329364e-05 3.30890238e-05 1.34371439e-05 4.00906301e-05 4.71350880e-05 9.28559894e-06 3.64363273e-05 8.36398984e-05 2.25714757e-05 2.00347751e-04 3.46891018e-04 1.38756407e-05 1.22021120e-04 1.49611180e-05 2.59041786e-05 2.41209219e-04 4.20353620e-04 7.02722226e-05 1.80575241e-04 3.79153415e-05 1.15708483e-05 2.46644685e-05 1.29740325e-05 4.47420678e-07 1.34478420e-08 1.00748281e-09
 2006 08 14 12 00 00  3.57773704e-03 2.17069626e-03 1.19092089e-03 8.43185965e-04 5.97961636e-04 3.42050507e-04 2.41243141e-04 1.99185081e-04 4.02827400e-04 1.17684159e-04 2.78816257e-03 4.13297191e-03 2.09407923e-04 6.05309549e-05 4.02030254e-05 1.11464580e-04 3.10825126e-05 5.21695416e-05 1.08571800e-04 6.64333871e-05 1.24350262e-04 1.51619111e-04 9.16463016e-05 6.68796523e-05 4.72578358e-06 8.85676855e-06 5.89814699e-06 2.31061268e-05 4.78146503e-06 1.56822387e-05 4.08855868e-05 3.58955149e-05 1.31778172e-05 4.31872291e-05 3.36892117e-05 1.35049311e-05 4.13568857e-05 4.89167442e-05 9.29439993e-06 3.73004660e-05 8.74586276e-05 2.29612560e-05 2.07235446e-04 3.52416291e-04 1.40966516e-05 1.29254381e-04 1.77071503e-05 2.66597635e-05 2.53234660e-04 4.32555114e-04 7.24760460e-05 1.88883487e-04 3.83730371e-05 1.17372037e-05 2.50483175e-05 1.32303369e-05 4.58992082e-07 1.40508440e-08 1.06214424e-09
 2006 08 15 12 00 00  3.57030381e-03 2.16633465e-03 1.18811369e-03 8.40961662e-04 5.95918301e-04 3.41078207e-04 2.40308005e-04 1.98168016e-04 4.00170683e-04 1.17084140e-04 2.76680501e-03 4.09047753e-03 2.08428061e-04 6.03691296e-05 4.00683675e-05 1.10691525e-04 3.08409246e-05 5.15443331e-05 1.08168512e-04 6.63304818e-05 1.23041203e-04 1.49948260e-04 9.09631790e-05 6.66076688e-05 4.70844861e-06 8.84591936e-06 5.89111514e-06 2.30286900e-05 4.77907961e-06 1.56317088e-05 4.05806255e-05 3.57953075e-05 1.29786422e-05 4.28810499e-05 3.35501361e-05 1.34711430e-05 4.07689313e-05 4.80697656e-05 9.28537338e-06 3.69219574e-05 8.56670313e-05 2.28734061e-05 2.03920904e-04 3.51139080e-04 1.40455632e-05 1.26150002e-04 1.63665929e-05 2.64889561e-05 2.47936693e-04 4.27227743e-04 7.16635279e-05 1.84720218e-04 3.79126088e-05 1.15698344e-05 2.46620260e-05 1.29711987e-05 4.47205804e-07 1.34300329e-08 1.00569899e-09
 2006 08 16 12 00 00  3.58242538e-03 2.17481724e-03 1.19344022e-03 8.44919091e-04 5.99423127e-04 3.42556305e-04 2.41805461e-04 1.99831148e-04 4.04507701e-04 1.18349520e-04 2.80156396e-03 4.15422618e-03 2.10254982e-04 6.08756676e-05 4.03515722e-05 1.12027224e-04 3.12176242e-05 5.24997013e-05 1.09311585e-04 6.69230707e-05 1.25028542e-04 1.52477313e-04 9.20371396e-05 6.72522995e-05 4.73535256e-06 9.07369540e-06 5.90173804e-06 2.31801183e-05 4.79229202e-06 1.57294333e-05 4.11183269e-05 3.59506317e-05 1.32900474e-05 4.35430162e-05 3.43236461e-05 1.35219845e-05 4.18107092e-05 4.94739300e-05 9.47489170e-06 3.79687558e-05 8.87077021e-05 2.33749830e-05 2.10400148e-04 3.58258952e-04 1.43303581e-05 1.32605576e-04 1.84253353e-05 2.74614111e-05 2.58076943e-04 4.38338637e-04 7.38416387e-05 1.97932817e-04 4.75808217e-05 1.50843071e-05 3.27734684e-05 1.84124191e-05 6.94670399e-07 2.64633648e-08 2.19067982e-09
 2006 08 17 12 00 00  3.57806414e-03 2.17129680e-03 1.19126779e-03 8.43400005e-04 5.98128748e-04 3.42065085e-04 2.41279853e-04 1.99236315e-04 4.02951291e-04 1.17798333e-04 2.78912148e-03 4.13297862e-03 2.09522205e-04 6.06156271e-05 4.02289975e-05 1.11531432e-04 3.10961070e-05 5.21862064e-05 1.08751324e-04 6.65719679e-05 1.24367616e-04 1.51640720e-04 9.16674322e-05 6.69153614e-05 4.72663887e-06 8.86463167e-06 5.89821757e-06 2.31161702e-05 4.78438851e-06 1.56908653e-05 4.09171566e-05 3.59002763e-05 1.31898152e-05 4.32198201e-05 3.38614132e-05 1.35050796e-05 4.14103728e-05 4.89696163e-05 9.30094102e-06 3.73778421e-05 8.75994060e-05 2.30771780e-05 2.07464043e-04 3.54006703e-04 1.41602681e-05 1.29836912e-04 1.77526119e-05 2.68836331e-05 2.54053039e-04 4.33478826e-04 7.27964219e-05 1.89351407e-04 3.87162743e-05 1.18619510e-05 2.53361252e-05 1.34221029e-05 4.67620237e-07 1.44982252e-08 1.10264118e-09
 2006 08 18 12 00 00  3.58192304e-03 2.17375572e-03 1.19283142e-03 8.44603447e-04 5.99216727e-04 3.42555070e-04 2.41761810e-04 1.99765469e-04 4.04331606e-04 1.18150785e-04 2.80020353e-03 4.15422730e-03 2.10063637e-04 6.07344482e-05 4.03079919e-05 1.11944516e-04 3.12200544e-05 5.25026757e-05 1.09030656e-04 6.66861946e-05 1.25026719e-04 1.52481168e-04 9.20167545e-05 6.70796932e-05 4.73550499e-06 8.89211951e-06 5.90175005e-06 2.31597383e-05 4.78695692e-06 1.57194843e-05 4.10820049e-05 3.59514815e-05 1.32921879e-05 4.33974256e-05 3.40116181e-05 1.35220092e-05 4.17276023e-05 4.94135395e-05 9.32381517e-06 3.76252499e-05 8.85493500e-05 2.31740400e-05 2.09302098e-04 3.55388598e-04 1.42155439e-05 1.31648698e-04 1.84334494e-05 2.70715391e-05 2.57031876e-04 4.36578467e-04 7.33421548e-05 1.92172633e-04 3.98649879e-05 1.22795605e-05 2.63001830e-05 1.40712716e-05 4.97321855e-07 1.60759448e-08 1.24642643e-09
 2006 08 19 12 00 00  3.58166983e-03 2.17324191e-03 1.19253625e-03 8.44442492e-04 5.99105189e-04 3.42551143e-04 2.41737877e-04 1.99730435e-04 4.04240833e-04 1.18054228e-04 2.79950045e-03 4.15422618e-03 2.09969709e-04 6.06652191e-05 4.02866596e-05 1.11899833e-04 3.12176242e-05 5.24997013e-05 1.08891313e-04 6.65708387e-05 1.25023632e-04 1.52477313e-04 9.20045877e-05 6.70588595e-05 4.73535256e-06 8.89408329e-06 5.90173804e-06 2.31546145e-05 4.78439506e-06 1.57139581e-05 4.10636934e-05 3.59506317e-05 1.32900474e-05 4.33794362e-05 3.38616082e-05 1.35219845e-05 4.16928332e-05 4.93832317e-05 9.32545299e-06 3.75747750e-05 8.84667301e-05 2.30764912e-05 2.09206462e-04 3.54007464e-04 1.41602986e-05 1.31220347e-04 1.84253353e-05 2.68824660e-05 2.56472741e-04 4.35952852e-04 7.30921745e-05 1.92147720e-04 3.99241445e-05 1.23011224e-05 2.63502295e-05 1.41081631e-05 4.99238502e-07 1.61949178e-08 1.25770043e-09
 2006 08 20 12 00 00  3.57789737e-03 2.17097827e-03 1.19108416e-03 8.43291951e-04 5.98047874e-04 3.42059541e-04 2.41262244e-04 1.99211308e-04 4.02889303e-04 1.17738031e-04 2.78864244e-03 4.13297638e-03 2.09462488e-04 6.05713763e-05 4.02154042e-05 1.11499079e-04 3.10912495e-05 5.21802576e-05 1.08659219e-04 6.64990454e-05 1.24361670e-04 1.51633011e-04 9.16577335e-05 6.69056346e-05 4.72633328e-06 8.87274582e-06 5.89819283e-06 2.31123706e-05 4.78282345e-06 1.56867580e-05 4.09029868e-05 3.58985737e-05 1.31855311e-05 4.32108632e-05 3.37694073e-05 1.35050286e-05 4.13858475e-05 4.89458505e-05 9.30770475e-06 3.73531960e-05 8.75351963e-05 2.30159596e-05 2.07419989e-04 3.53157811e-04 1.41263125e-05 1.29552038e-04 1.77363836e-05 2.67652620e-05 2.53654280e-04 4.33058760e-04 7.26321457e-05 1.89458148e-04 3.89748276e-05 1.19561423e-05 2.55545201e-05 1.35803675e-05 4.75664197e-07 1.49857456e-08 1.14858594e-09
 2006 08 21 12 00 00  3.57769247e-03 2.17058127e-03 1.19085533e-03 8.43159460e-04 5.97950239e-04 3.42053721e-04 2.41241099e-04 1.99181002e-04 4.02813414e-04 1.17662909e-04 2.78805799e-03 4.13297340e-03 2.09388294e-04 6.05161095e-05 4.01984194e-05 1.11460024e-04 3.10863950e-05 5.21742972e-05 1.08544067e-04 6.64078048e-05 1.24355008e-04 1.51625285e-04 9.16463864e-05 6.68734996e-05 4.72602769e-06 8.85388872e-06 5.89816736e-06 2.31061019e-05 4.78086804e-06 1.56818592e-05 4.08857466e-05 3.58968769e-05 1.31812470e-05 4.31828313e-05 3.36544239e-05 1.35049733e-05 4.13535667e-05 4.89165746e-05 9.29202361e-06 3.72854140e-05 8.74570394e-05 2.29393889e-05 2.07224523e-04 3.52096954e-04 1.40838782e-05 1.29185421e-04 1.77201393e-05 2.66172196e-05 2.53172930e-04 4.32461697e-04 7.24288382e-05 1.88725195e-04 3.81071665e-05 1.16409016e-05 2.48277260e-05 1.31020448e-05 4.54573419e-07 1.39249973e-08 1.05341282e-09
 2006 08 22 12 00 00  3.57405696e-03 2.16582507e-03 1.18804820e-03 8.41476989e-04 5.96675052e-04 3.41793076e-04 2.40844460e-04 1.98685428e-04 4.01515777e-04 1.16824543e-04 2.77783154e-03 4.12234776e-03 2.08475794e-04 5.99814533e-05 4.00124345e-05 1.10960689e-04 3.10200528e-05 5.20107104e-05 1.07449984e-04 6.55568554e-05 1.24017516e-04 1.51198127e-04 9.13959500e-05 6.65935259e-05 4.72132015e-06 8.76993872e-06 5.89637821e-06 2.30473657e-05 4.76194873e-06 1.56319260e-05 4.06879848e-05 3.58697464e-05 1.31262044e-05 4.29255879e-05 3.25464469e-05 1.34964619e-05 4.09610471e-05 4.85010566e-05 9.22219115e-06 3.67112365e-05 8.64544196e-05 2.22195682e-05 2.05296540e-04 3.41896666e-04 1.36758666e-05 1.25363109e-04 1.73651191e-05 2.52219208e-05 2.48012407e-04 4.26520732e-04 7.04584068e-05 1.84698109e-04 3.44316795e-05 1.03051007e-05 2.17459882e-05 1.10501583e-05 3.62359779e-07 9.15176983e-09 6.21550544e-10
 2006 08 23 12 00 00  3.57657425e-03 2.16832976e-03 1.18955988e-03 8.42443758e-04 5.97447108e-04 3.42035003e-04 2.41133330e-04 1.99023260e-04 4.02407367e-04 1.17238525e-04 2.78493685e-03 4.13296856e-03 2.08973383e-04 6.02068935e-05 4.01032592e-05 1.11258763e-04 3.10742587e-05 5.21594193e-05 1.07910192e-04 6.58940757e-05 1.24335928e-04 1.51605997e-04 9.15919071e-05 6.66797816e-05 4.72526372e-06 8.72144519e-06 5.89810443e-06 2.30737050e-05 4.76968380e-06 1.56571359e-05 4.08017839e-05 3.58926249e-05 1.31705354e-05 4.30164988e-05 3.29979608e-05 1.35048438e-05 4.11847697e-05 4.87733949e-05 9.18186342e-06 3.68761377e-05 8.70729370e-05 2.25067852e-05 2.06078527e-04 3.46045731e-04 1.38418292e-05 1.27195638e-04 1.76795540e-05 2.57799169e-05 2.50673435e-04 4.29225931e-04 7.13124820e-05 1.84048773e-04 3.22258535e-05 9.50361832e-06 1.98978756e-05 9.83063474e-06 3.08349867e-07 6.41691162e-09 3.75681619e-10
 2006 08 24 12 00 00  3.58273839e-03 2.17285874e-03 1.19238580e-03 8.44479931e-04 5.99215706e-04 3.42764163e-04 2.41884559e-04 1.99861442e-04 4.04604040e-04 1.17923472e-04 2.80253930e-03 4.16483767e-03 2.09933470e-04 6.04933324e-05 4.02552494e-05 1.11933265e-04 3.12509539e-05 5.26228163e-05 1.08534806e-04 6.62489154e-05 1.25311807e-04 1.52851994e-04 9.21272970e-05 6.69194281e-05 4.73798173e-06 8.71083030e-06 5.90335549e-06 2.31400652e-05 4.77781359e-06 1.57064307e-05 4.10655711e-05 3.59662081e-05 1.33159556e-05 4.32755808e-05 3.34725890e-05 1.35301350e-05 4.16978882e-05 4.94654915e-05 9.17305297e-06 3.72579200e-05 8.85750237e-05 2.28089368e-05 2.08665579e-04 3.50407522e-04 1.40163009e-05 1.30488525e-04 1.86699530e-05 2.63668800e-05 2.55852082e-04 4.34541576e-04 7.25040754e-05 1.86506210e-04 3.16224344e-05 9.28463628e-06 1.93942435e-05 9.51373647e-06 2.95443918e-07 5.85088991e-09 3.27103078e-10
 2006 08 25 12 00 00  3.57882355e-03 2.17035340e-03 1.19079301e-03 8.43233246e-04 5.98077074e-04 3.42263639e-04 2.41390977e-04 1.99317697e-04 4.03195420e-04 1.17560575e-04 2.79124682e-03 4.14358377e-03 2.09378038e-04 6.03625699e-05 4.01727318e-05 1.11500077e-04 3.11158452e-05 5.22926683e-05 1.08219218e-04 6.61177444e-05 1.24638959e-04 1.51993818e-04 9.17697821e-05 6.67554233e-05 4.72841348e-06 8.69403375e-06 5.89976444e-06 2.30931602e-05 4.77509529e-06 1.56750359e-05 4.08899983e-05 3.59110913e-05 1.32037298e-05 4.30962397e-05 3.33121658e-05 1.35130860e-05 4.13665827e-05 4.90017845e-05 9.15909768e-06 3.70123183e-05 8.75734332e-05 2.26996199e-05 2.06807003e-04 3.48924211e-04 1.39569685e-05 1.28565018e-04 1.79517927e-05 2.61560286e-05 2.52645827e-04 4.31238063e-04 7.19011342e-05 1.83752551e-04 3.07597044e-05 8.97138566e-06 1.86730030e-05 9.05044817e-06 2.75850311e-07 4.93038792e-09 2.46238230e-10
 2006 08 26 12 00 00  3.57722588e-03 2.16988446e-03 1.19044533e-03 8.42833625e-04 5.97646969e-04 3.42010758e-04 2.41173290e-04 1.99090618e-04 4.02614688e-04 1.17525361e-04 2.78655595e-03 4.13295403e-03 2.09239948e-04 6.04000113e-05 4.01632501e-05 1.11339311e-04 3.10427044e-05 5.21207403e-05 1.08261652e-04 6.62255683e-05 1.24296271e-04 1.51555838e-04 9.16036268e-05 6.67204202e-05 4.72327738e-06 8.71004231e-06 5.89794108e-06 2.30763883e-05 4.77770045e-06 1.56659150e-05 4.08222514e-05 3.58815800e-05 1.31426874e-05 4.30455127e-05 3.34634300e-05 1.35044989e-05 4.12466068e-05 4.88029414e-05 9.17244179e-06 3.69967131e-05 8.71639522e-05 2.27925426e-05 2.06107655e-04 3.50310113e-04 1.40124045e-05 1.28210200e-04 1.75740264e-05 2.63372465e-05 2.51755553e-04 4.30484422e-04 7.19581269e-05 1.83068484e-04 3.12790864e-05 9.16056852e-06 1.91115033e-05 9.36654089e-06 2.91804569e-07 5.88979230e-09 3.36488015e-10
 2006 08 27 12 00 00  3.58251618e-03 2.17260087e-03 1.19223078e-03 8.44317475e-04 5.99044144e-04 3.42732617e-04 2.41845461e-04 1.99811346e-04 4.04501511e-04 1.17870293e-04 2.80176417e-03 4.16482277e-03 2.09871003e-04 6.04434304e-05 4.02403018e-05 1.11865025e-04 3.12179414e-05 5.25823561e-05 1.08401049e-04 6.61740836e-05 1.25270705e-04 1.52799526e-04 9.21006195e-05 6.69044760e-05 4.73590408e-06 8.72674354e-06 5.90318377e-06 2.31281953e-05 4.77675640e-06 1.56970971e-05 4.10290633e-05 3.59546510e-05 1.32868241e-05 4.32571609e-05 3.34068958e-05 1.35297771e-05 4.16470332e-05 4.94001830e-05 9.18635706e-06 3.72312984e-05 8.84044794e-05 2.27506505e-05 2.08503435e-04 3.49783155e-04 1.39913262e-05 1.30053375e-04 1.85595622e-05 2.62571062e-05 2.55064286e-04 4.33759581e-04 7.22823912e-05 1.86235735e-04 3.18434274e-05 9.36605675e-06 1.95874573e-05 9.70562319e-06 3.08650846e-07 6.88459245e-09 4.29662217e-10
 2006 08 28 12 00 00  3.57689132e-03 2.16931891e-03 1.19011642e-03 8.42608530e-04 5.97456333e-04 3.41989055e-04 2.41131043e-04 1.99032970e-04 4.02481355e-04 1.17416321e-04 2.78553391e-03 4.13294435e-03 2.09127584e-04 6.03149544e-05 4.01372915e-05 1.11263227e-04 3.10213392e-05 5.20945643e-05 1.08070701e-04 6.60887163e-05 1.24268893e-04 1.51521889e-04 9.15781437e-05 6.66746318e-05 4.72193278e-06 8.69277646e-06 5.89783049e-06 2.30634435e-05 4.77501490e-06 1.56559773e-05 4.07851643e-05 3.58741061e-05 1.31238368e-05 4.30031237e-05 3.33039527e-05 1.35042661e-05 4.11857422e-05 4.87387100e-05 9.15811761e-06 3.69033846e-05 8.69945322e-05 2.26797361e-05 2.05791750e-04 3.48830408e-04 1.39532163e-05 1.27590702e-04 1.75025954e-05 2.61204696e-05 2.50842240e-04 4.29433051e-04 7.16265741e-05 1.81996997e-04 3.02508302e-05 8.78749584e-06 1.82538897e-05 8.83172729e-06 2.70393528e-07 4.98191639e-09 2.59518984e-10
 2006 08 29 12 00 00  3.56566370e-03 2.16272435e-03 1.18587249e-03 8.39212408e-04 5.94318559e-04 3.40513538e-04 2.39711307e-04 1.97486608e-04 3.98457286e-04 1.16504276e-04 2.75319696e-03 4.06919420e-03 2.07640715e-04 6.00588373e-05 3.99313806e-05 1.10074659e-04 3.06407659e-05 5.11344464e-05 1.07423424e-04 6.59162819e-05 1.22281671e-04 1.48986689e-04 9.05406941e-05 6.62346169e-05 4.69478546e-06 8.64557078e-06 5.88718758e-06 2.29390558e-05 4.77129361e-06 1.55760016e-05 4.03084597e-05 3.57174256e-05 1.28090091e-05 4.25136856e-05 3.30853363e-05 1.34533853e-05 4.02773029e-05 4.74352619e-05 9.11885509e-06 3.62798547e-05 8.42234670e-05 2.25348034e-05 2.00543795e-04 3.46814139e-04 1.38725656e-05 1.22744073e-04 1.54308873e-05 2.58401298e-05 2.42562972e-04 4.21007973e-04 7.03351116e-05 1.74469704e-04 2.81390475e-05 8.02010427e-06 1.64839998e-05 7.65927628e-06 2.18135932e-07 2.31002293e-09 1.86310967e-11
 2006 08 30 12 00 00  3.55774605e-03 2.15744583e-03 1.18253649e-03 8.36673650e-04 5.92037579e-04 3.39523835e-04 2.38724309e-04 1.96396213e-04 3.95619840e-04 1.15730538e-04 2.73044137e-03 4.02669311e-03 2.06488461e-04 5.97693557e-05 3.97575146e-05 1.09206515e-04 3.03836481e-05 5.04902098e-05 1.06753632e-04 6.56033168e-05 1.20953559e-04 1.47291160e-04 8.98286651e-05 6.59347720e-05 4.67647369e-06 8.65782931e-06 5.88007424e-06 2.28502037e-05 4.76441201e-06 1.55133450e-05 3.99612032e-05 3.56117875e-05 1.25961247e-05 4.21813319e-05 3.26818321e-05 1.34194299e-05 3.96170626e-05 4.65175002e-05 9.12906908e-06 3.58309077e-05 8.22410200e-05 2.22706978e-05 1.97090963e-04 3.43096975e-04 1.37238790e-05 1.18809453e-04 1.40383898e-05 2.53285922e-05 2.36094541e-04 4.14453930e-04 6.90464786e-05 1.70700414e-04 2.85651560e-05 8.17522382e-06 1.68431157e-05 7.91309099e-06 2.30608500e-07 3.03705208e-09 8.65106653e-11
 2006 08 31 12 00 00  3.54957220e-03 2.15165254e-03 1.17890475e-03 8.33971954e-04 5.89642481e-04 3.38529302e-04 2.37712711e-04 1.95270071e-04 3.92690441e-04 1.14860045e-04 2.70697148e-03 3.98418978e-03 2.05241962e-04 5.94107031e-05 3.95623342e-05 1.08292622e-04 3.01231339e-05 4.98418172e-05 1.05944871e-04 6.51752052e-05 1.19621650e-04 1.45590230e-04 8.91038454e-05 6.56278090e-05 4.65794692e-06 8.69141222e-06 5.87294489e-06 2.27572054e-05 4.75496745e-06 1.54449772e-05 3.95951134e-05 3.55049560e-05 1.23802427e-05 4.18424158e-05 3.21282627e-05 1.33854322e-05 3.89229630e-05 4.55689281e-05 9.15701967e-06 3.53568557e-05 8.01740145e-05 2.19091715e-05 1.93634791e-04 3.37998298e-04 1.35199319e-05 1.14452677e-04 1.26345272e-05 2.46281910e-05 2.29053695e-04 4.07323132e-04 6.75065467e-05 1.67538272e-04 2.99201358e-05 8.66793807e-06 1.79811263e-05 8.68612963e-06 2.66460314e-07 4.97768067e-09 2.64280264e-10
 2006 09 01 12 00 00  3.54130313e-03 2.14562777e-03 1.17514076e-03 8.31212528e-04 5.87218171e-04 3.37539391e-04 2.36695488e-04 1.94133988e-04 3.89729990e-04 1.13946598e-04 2.68326714e-03 3.94168943e-03 2.03955286e-04 5.90218100e-05 3.93577892e-05 1.07367063e-04 2.98684463e-05 4.92005493e-05 1.05078228e-04 6.46953995e-05 1.18296144e-04 1.43898560e-04 8.83779321e-05 6.52898611e-05 4.63978795e-06 8.69163632e-06 5.86584429e-06 2.26617825e-05 4.74433218e-06 1.53754567e-05 3.92266308e-05 3.54001677e-05 1.21694990e-05 4.14780665e-05 3.15052195e-05 1.33515015e-05 3.82172182e-05 4.46156506e-05 9.15721466e-06 3.48186277e-05 7.80937169e-05 2.15035747e-05 1.90002703e-04 3.32261395e-04 1.32904558e-05 1.09926390e-04 1.12501453e-05 2.38421460e-05 2.21859678e-04 3.99901331e-04 6.58674211e-05 1.63398070e-04 2.98803018e-05 8.65357665e-06 1.79485540e-05 8.67104759e-06 2.66261222e-07 5.00393647e-09 2.67599276e-10
 2006 09 02 12 00 00  3.52633197e-03 2.13681056e-03 1.16946912e-03 8.26686579e-04 5.83043069e-04 3.35575138e-04 2.34804571e-04 1.92074441e-04 3.84367242e-04 1.12726605e-04 2.64016712e-03 3.85669060e-03 2.01970359e-04 5.86793424e-05 3.90828799e-05 1.05785655e-04 2.93644087e-05 4.79245704e-05 1.04218394e-04 6.44628017e-05 1.15651926e-04 1.40523699e-04 8.69963874e-05 6.47356841e-05 4.60380543e-06 8.67286071e-06 5.85167181e-06 2.24997347e-05 4.73922046e-06 1.52693090e-05 3.85943332e-05 3.51924537e-05 1.17527263e-05 4.08535876e-05 3.12054908e-05 1.32836954e-05 3.70128100e-05 4.28842498e-05 9.14159973e-06 3.40455202e-05 7.44139309e-05 2.13073101e-05 1.83246093e-04 3.29500114e-04 1.31800045e-05 1.03499616e-04 8.49923817e-06 2.34620311e-05 2.10853318e-04 3.88837076e-04 6.41462670e-05 1.54863301e-04 2.90374490e-05 8.34730236e-06 1.72422056e-05 8.20351420e-06 2.45450569e-07 3.94205104e-09 1.71919745e-10
 2006 09 03 12 00 00  3.54108185e-03 2.14526154e-03 1.17492810e-03 8.31064358e-04 5.87091189e-04 3.37523345e-04 2.36667067e-04 1.94095758e-04 3.89642479e-04 1.13876181e-04 2.68258685e-03 3.94168198e-03 2.03882761e-04 5.89682392e-05 3.93414241e-05 1.07316276e-04 2.98524217e-05 4.91809158e-05 1.04959659e-04 6.46093104e-05 1.18275776e-04 1.43873092e-04 8.83601103e-05 6.52623208e-05 4.63877950e-06 8.68365241e-06 5.86576134e-06 2.26530380e-05 4.74259505e-06 1.53686679e-05 3.91998924e-05 3.53945565e-05 1.21553610e-05 4.14522003e-05 3.14023840e-05 1.33513269e-05 3.81757590e-05 4.45711605e-05 9.15058263e-06 3.47628556e-05 7.79767824e-05 2.14322106e-05 1.89800816e-04 3.31308984e-04 1.32523593e-05 1.09515965e-04 1.11965681e-05 2.37047556e-05 2.21245923e-04 3.99213346e-04 6.56542310e-05 1.62859447e-04 2.94583661e-05 8.50039837e-06 1.75959852e-05 8.44592055e-06 2.56841096e-07 4.56958524e-09 2.29675323e-10
 2006 09 04 12 00 00  3.55114572e-03 2.15229189e-03 1.17934402e-03 8.34335646e-04 5.89982823e-04 3.38748527e-04 2.37908084e-04 1.95473336e-04 3.93240193e-04 1.14922899e-04 2.71141885e-03 3.99480239e-03 2.05396048e-04 5.93842294e-05 3.95755884e-05 1.08417700e-04 3.01593769e-05 4.99685004e-05 1.05895364e-04 6.50942093e-05 1.19919307e-04 1.45969554e-04 8.92498600e-05 6.56885347e-05 4.66076017e-06 8.72430464e-06 5.87457725e-06 2.27670321e-05 4.75344968e-06 1.54483798e-05 3.96353520e-05 3.55215539e-05 1.24087223e-05 4.19090174e-05 3.20376130e-05 1.33936177e-05 3.90182172e-05 4.57210137e-05 9.18440783e-06 3.54327656e-05 8.04640856e-05 2.18429981e-05 1.94392045e-04 3.37154645e-04 1.34861858e-05 1.14719652e-04 1.28888976e-05 2.45014176e-05 2.29557435e-04 4.07867282e-04 6.74373965e-05 1.69089556e-04 3.11756095e-05 9.12464966e-06 1.90368603e-05 9.41360345e-06 3.00932393e-07 6.89790891e-09 4.41520687e-10
 2006 09 05 12 00 00  3.56729226e-03 2.16362117e-03 1.18645589e-03 8.39598313e-04 5.94631768e-04 3.40711134e-04 2.39898702e-04 1.97684274e-04 3.99012889e-04 1.16612855e-04 2.75768061e-03 4.07979637e-03 2.07832396e-04 6.00604588e-05 3.99535277e-05 1.10188958e-04 3.06527363e-05 5.12313854e-05 1.07413693e-04 6.58875622e-05 1.22550774e-04 1.49327432e-04 9.06765248e-05 6.63470073e-05 4.69607039e-06 8.75059486e-06 5.88869443e-06 2.29482652e-05 4.77121175e-06 1.55771266e-05 4.03358163e-05 3.57255281e-05 1.28160682e-05 4.26203106e-05 3.30770650e-05 1.34613074e-05 4.03696199e-05 4.75663784e-05 9.20628372e-06 3.64629747e-05 8.44601772e-05 2.25151103e-05 2.01568377e-04 3.46720044e-04 1.38688018e-05 1.23098958e-04 1.56040856e-05 2.58048938e-05 2.42967713e-04 4.21715789e-04 7.03317980e-05 1.77879920e-04 3.22868335e-05 9.52859973e-06 1.99692370e-05 1.00396935e-05 3.29453124e-07 8.40352534e-09 5.78498938e-10
 2006 09 06 12 00 00  3.58587816e-03 2.17722569e-03 1.19495016e-03 8.45785900e-04 6.00045454e-04 3.42924864e-04 2.42177485e-04 2.00229354e-04 4.05657566e-04 1.18675397e-04 2.81088947e-03 4.17541601e-03 2.10729976e-04 6.09366622e-05 4.04142947e-05 1.12255189e-04 3.12109769e-05 5.26560936e-05 1.09353691e-04 6.69726345e-05 1.25516068e-04 1.53110177e-04 9.23013296e-05 6.71435941e-05 4.73599721e-06 8.80686202e-06 5.90459240e-06 2.31624073e-05 4.79548180e-06 1.57310373e-05 4.11545953e-05 3.59561265e-05 1.32771733e-05 4.34682147e-05 3.44975124e-05 1.35374925e-05 4.19502981e-05 4.96932748e-05 9.25309942e-06 3.77449830e-05 8.90933106e-05 2.34341729e-05 2.09949332e-04 3.59792298e-04 1.43916919e-05 1.33255758e-04 1.86694437e-05 2.75871775e-05 2.58976231e-04 4.38421071e-04 7.40037136e-05 1.88725928e-04 3.46888575e-05 1.04017218e-05 2.19842522e-05 1.13895086e-05 3.90707388e-07 1.16194549e-08 8.70630856e-10
 2006 09 07 12 00 00  3.59633940e-03 2.18227776e-03 1.19830739e-03 8.48693405e-04 6.02840745e-04 3.44386755e-04 2.43523611e-04 2.01668383e-04 4.09405268e-04 1.19297214e-04 2.84108904e-03 4.23916206e-03 2.11933754e-04 6.09836964e-05 4.05558104e-05 1.13306602e-04 3.15823301e-05 5.36048843e-05 1.09577587e-04 6.67972607e-05 1.27491780e-04 1.55630704e-04 9.33009847e-05 6.75259611e-05 4.76256391e-06 8.86786293e-06 5.91518765e-06 2.32712886e-05 4.79152950e-06 1.57940099e-05 4.15749963e-05 3.61095765e-05 1.35838622e-05 4.39073343e-05 3.42663901e-05 1.35882743e-05 4.27530592e-05 5.09029905e-05 9.30384849e-06 3.82262927e-05 9.16089600e-05 2.32853854e-05 2.14938560e-04 3.57666219e-04 1.43066487e-05 1.36807182e-04 2.07102930e-05 2.72984907e-05 2.65544351e-04 4.44960425e-04 7.45378048e-05 1.96404448e-04 3.73166888e-05 1.13568671e-05 2.41882901e-05 1.28627097e-05 4.57327911e-07 1.50994989e-08 1.18630616e-09
 2006 09 08 12 00 00  3.59373603e-03 2.18241910e-03 1.19823685e-03 8.48284742e-04 6.02288961e-04 3.43907586e-04 2.43155747e-04 2.01308738e-04 4.08471422e-04 1.19432828e-04 2.83345141e-03 4.21791412e-03 2.11865117e-04 6.12148766e-05 4.05847114e-05 1.13108246e-04 3.14608100e-05 5.32913895e-05 1.10000184e-04 6.72678696e-05 1.26837231e-04 1.54794126e-04 9.30070248e-05 6.74984213e-05 4.75385095e-06 8.88011855e-06 5.91166754e-06 2.32539221e-05 4.80196977e-06 1.57914917e-05 4.14941337e-05 3.60592181e-05 1.34836329e-05 4.38461487e-05 3.48779489e-05 1.35713708e-05 4.26061528e-05 5.05998964e-05 9.31403411e-06 3.82946180e-05 9.10436701e-05 2.36832813e-05 2.13778543e-04 3.63297116e-04 1.45318846e-05 1.37131898e-04 2.00375813e-05 2.80696549e-05 2.65259473e-04 4.45047637e-04 7.52412158e-05 1.95106770e-04 3.79199480e-05 1.15759579e-05 2.46929854e-05 1.31898817e-05 4.71388728e-07 1.57782470e-08 1.24645005e-09
 2006 09 09 12 00 00  3.59964884e-03 2.18632827e-03 1.20071026e-03 8.50172548e-04 6.03987921e-04 3.44649136e-04 2.43893435e-04 2.02122869e-04 4.10590283e-04 1.20003780e-04 2.85044596e-03 4.24978957e-03 2.12720151e-04 6.14253312e-05 4.07130607e-05 1.13754634e-04 3.16530379e-05 5.37738262e-05 1.10488844e-04 6.74915442e-05 1.27831752e-04 1.56064801e-04 9.35396340e-05 6.76990449e-05 4.76754649e-06 8.83990579e-06 5.91699863e-06 2.33179246e-05 4.80688468e-06 1.58378807e-05 4.17514651e-05 3.61382350e-05 1.36427581e-05 4.40747635e-05 3.51661583e-05 1.35968337e-05 4.30943021e-05 5.12831589e-05 9.28056106e-06 3.85857752e-05 9.25182380e-05 2.38720124e-05 2.16197597e-04 3.65952303e-04 1.46380921e-05 1.40018550e-04 2.10799204e-05 2.84351816e-05 2.70051819e-04 4.49802223e-04 7.61830636e-05 1.96972479e-04 3.63164178e-05 1.09928146e-05 2.33458807e-05 1.22720698e-05 4.28628172e-07 1.34492623e-08 1.03275024e-09
 2006 09 10 12 00 00  3.59805344e-03 2.18575311e-03 1.20030531e-03 8.49786001e-04 6.03600376e-04 3.44412613e-04 2.43686259e-04 2.01906980e-04 4.10022933e-04 1.19951163e-04 2.84585159e-03 4.23916876e-03 2.12571095e-04 6.14563661e-05 4.07013724e-05 1.13610676e-04 3.15978628e-05 5.36239299e-05 1.10536362e-04 6.75840594e-05 1.27511843e-04 1.55655395e-04 9.33828914e-05 6.76741385e-05 4.76354144e-06 8.86409980e-06 5.91526805e-06 2.33065274e-05 4.80883245e-06 1.58313937e-05 4.16966286e-05 3.61150102e-05 1.35975715e-05 4.40355817e-05 3.52809089e-05 1.35884417e-05 4.29882785e-05 5.11078533e-05 9.30067763e-06 3.85819151e-05 9.21677314e-05 2.39493645e-05 2.15628455e-04 3.67012153e-04 1.46804861e-05 1.39712543e-04 2.07622448e-05 2.85845454e-05 2.69336163e-04 4.49237699e-04 7.62414168e-05 1.96954222e-04 3.74417247e-05 1.14016373e-05 2.42883017e-05 1.28907777e-05 4.55797343e-07 1.48070267e-08 1.15434169e-09
 2006 09 11 12 00 00  3.59749142e-03 2.18453739e-03 1.19960900e-03 8.49435724e-04 6.03379871e-04 3.44415389e-04 2.43640017e-04 2.01836215e-04 4.09829028e-04 1.19724176e-04 2.84435219e-03 4.23917212e-03 2.12353981e-04 6.12964937e-05 4.06519820e-05 1.13522260e-04 3.16051475e-05 5.36328531e-05 1.10224009e-04 6.73147442e-05 1.27519705e-04 1.55666974e-04 9.33624489e-05 6.75977820e-05 4.76400055e-06 8.82259046e-06 5.91530552e-06 2.32954890e-05 4.80269191e-06 1.58209182e-05 4.16641128e-05 3.61175596e-05 1.36039976e-05 4.39721136e-05 3.49222304e-05 1.35885231e-05 4.29155055e-05 5.10542813e-05 9.26612774e-06 3.84097013e-05 9.20201850e-05 2.37202898e-05 2.15245075e-04 3.63715136e-04 1.45486055e-05 1.38759000e-04 2.07866018e-05 2.81396991e-05 2.68209712e-04 4.47811285e-04 7.56820861e-05 1.95711231e-04 3.57628373e-05 1.07911495e-05 2.28783220e-05 1.19335757e-05 4.11445779e-07 1.24093717e-08 9.34782030e-10
 2006 09 12 12 00 00  3.59164312e-03 2.18067747e-03 1.19716641e-03 8.47597072e-04 6.01739452e-04 3.43687052e-04 2.42915967e-04 2.01038838e-04 4.07742101e-04 1.19164245e-04 2.82760314e-03 4.20730226e-03 2.11513901e-04 6.10978483e-05 4.05271110e-05 1.12899183e-04 3.14269942e-05 5.31676749e-05 1.09770865e-04 6.71074376e-05 1.26541618e-04 1.54418659e-04 9.28399036e-05 6.73712057e-05 4.75119050e-06 8.81443702e-06 5.91004755e-06 2.32332397e-05 4.79793089e-06 1.57778603e-05 4.14196907e-05 3.60434729e-05 1.34572925e-05 4.37238068e-05 3.46443499e-05 1.35632115e-05 4.24408713e-05 5.03934020e-05 9.25933346e-06 3.80689120e-05 9.06051094e-05 2.35436702e-05 2.12672617e-04 3.61161768e-04 1.44464707e-05 1.35979394e-04 1.97913265e-05 2.77965388e-05 2.63684738e-04 4.43182899e-04 7.48015479e-05 1.92638549e-04 3.54928847e-05 1.06928378e-05 2.26505306e-05 1.17703351e-05 4.03270988e-07 1.19221699e-08 8.89049012e-10
 2006 09 13 12 00 00  3.58775950e-03 2.17814218e-03 1.19555989e-03 8.46380872e-04 6.00650680e-04 3.43200441e-04 2.42434138e-04 2.00508933e-04 4.06356131e-04 1.18798108e-04 2.81647411e-03 4.18605581e-03 2.10960650e-04 6.09709616e-05 4.04455704e-05 1.12485708e-04 3.13069322e-05 5.28559671e-05 1.09480089e-04 6.69786008e-05 1.25887424e-04 1.53584401e-04 9.24915323e-05 6.72063971e-05 4.74256958e-06 8.78818391e-06 5.90653544e-06 2.31903502e-05 4.79495066e-06 1.57493034e-05 4.12557837e-05 3.59936268e-05 1.33583497e-05 4.35465473e-05 3.44705390e-05 1.35463255e-05 4.21232382e-05 4.99518429e-05 9.23748012e-06 3.78179246e-05 8.96604955e-05 2.34337291e-05 2.10850642e-04 3.59565333e-04 1.43826133e-05 1.34135547e-04 1.91234925e-05 2.75828148e-05 2.60691498e-04 4.40062453e-04 7.42321243e-05 1.89930537e-04 3.44387216e-05 1.03094969e-05 2.17650748e-05 1.11681164e-05 3.75289036e-07 1.04036538e-08 7.49850937e-10
 2006 09 14 12 00 00  3.58149608e-03 2.17345079e-03 1.19263933e-03 8.44277437e-04 5.98823619e-04 3.42463993e-04 2.41669886e-04 1.99653160e-04 4.04119425e-04 1.18081728e-04 2.79856406e-03 4.15418372e-03 2.09967871e-04 6.06598123e-05 4.02860508e-05 1.11787877e-04 3.11229582e-05 5.23836527e-05 1.08799265e-04 6.65842264e-05 1.24902045e-04 1.52326839e-04 9.19480922e-05 6.69474509e-05 4.72939319e-06 8.78577484e-06 5.90124691e-06 2.31193917e-05 4.78605652e-06 1.56969279e-05 4.09800037e-05 3.59174941e-05 1.32065034e-05 4.32698878e-05 3.39504215e-05 1.35209542e-05 4.15905411e-05 4.92391101e-05 9.23546468e-06 3.73983445e-05 8.81044669e-05 2.30990860e-05 2.08124833e-04 3.54781089e-04 1.41912435e-05 1.30651601e-04 1.81087482e-05 2.69334705e-05 2.55233571e-04 4.34403582e-04 7.29426910e-05 1.86905825e-04 3.44152064e-05 1.03007604e-05 2.17439928e-05 1.11431833e-05 3.73378737e-07 1.02444496e-08 7.33890104e-10
 2006 09 15 12 00 00  3.56756247e-03 2.16395750e-03 1.18665771e-03 8.39795790e-04 5.94834907e-04 3.40745270e-04 2.39944493e-04 1.97743969e-04 3.99137404e-04 1.16681912e-04 2.75860713e-03 4.07981239e-03 2.07912247e-04 6.01259760e-05 3.99731806e-05 1.10269595e-04 3.06881731e-05 5.12748316e-05 1.07588114e-04 6.59869867e-05 1.22595593e-04 1.49383768e-04 9.07065565e-05 6.63843600e-05 4.69830156e-06 8.75793703e-06 5.88887815e-06 2.29633373e-05 4.77262329e-06 1.55878849e-05 4.03761912e-05 3.57379322e-05 1.28473446e-05 4.26583855e-05 3.31646908e-05 1.34616916e-05 4.04305627e-05 4.76415076e-05 9.21229221e-06 3.65325704e-05 8.46563030e-05 2.25926036e-05 2.01876574e-04 3.47552503e-04 1.39021001e-05 1.23637108e-04 1.57226037e-05 2.59508903e-05 2.43893793e-04 4.22729043e-04 7.06108310e-05 1.79109713e-04 3.33081292e-05 9.89815107e-06 2.08138981e-05 1.05090563e-05 3.43804254e-07 8.63139213e-09 5.85825966e-10
 2006 09 16 12 00 00  3.56393321e-03 2.16197039e-03 1.18536566e-03 8.38739359e-04 5.93848083e-04 3.40257323e-04 2.39483946e-04 1.97246736e-04 3.97840496e-04 1.16418458e-04 2.74815960e-03 4.05856371e-03 2.07457706e-04 6.00728249e-05 3.99143884e-05 1.09896904e-04 3.05647147e-05 5.09589619e-05 1.07444019e-04 6.59819867e-05 1.21937005e-04 1.48544092e-04 9.03673909e-05 6.62346531e-05 4.68946600e-06 8.72300807e-06 5.88534858e-06 2.29236864e-05 4.77240392e-06 1.55640922e-05 4.02254003e-05 3.56868957e-05 1.27453968e-05 4.24935838e-05 3.31525021e-05 1.34447677e-05 4.01427473e-05 4.72228104e-05 9.18321966e-06 3.63241107e-05 8.37761225e-05 2.25874799e-05 2.00087189e-04 3.47443812e-04 1.38977525e-05 1.22207113e-04 1.50433916e-05 2.59403838e-05 2.41415019e-04 4.20175488e-04 7.02986972e-05 1.76135790e-04 3.18946459e-05 9.38417293e-06 1.96268248e-05 9.70328672e-06 3.06476782e-07 6.61402133e-09 4.01103817e-10
 2006 09 17 12 00 00  3.57099148e-03 2.16550820e-03 1.18770205e-03 8.40732722e-04 5.95750941e-04 3.41232823e-04 2.40389623e-04 1.98218450e-04 4.00370743e-04 1.16865330e-04 2.76852831e-03 4.10106108e-03 2.08292254e-04 6.01292603e-05 4.00164211e-05 1.10613481e-04 3.08126066e-05 5.15918888e-05 1.07646725e-04 6.59064448e-05 1.23252672e-04 1.50224960e-04 9.10376334e-05 6.64434271e-05 4.70719751e-06 8.68874995e-06 5.89241317e-06 2.29930876e-05 4.77060530e-06 1.56078943e-05 4.05081762e-05 3.57893063e-05 1.29501408e-05 4.27476921e-05 3.30479234e-05 1.34786256e-05 4.06811001e-05 4.80351708e-05 9.15470446e-06 3.65650269e-05 8.54729754e-05 2.25225958e-05 2.03063898e-04 3.46484885e-04 1.38593954e-05 1.24667676e-04 1.64050420e-05 2.58139829e-05 2.45982870e-04 4.24517772e-04 7.07436441e-05 1.78954894e-04 3.05140097e-05 8.88212485e-06 1.84672370e-05 8.91535335e-06 2.69917369e-07 4.63384824e-09 2.19681140e-10
 2006 09 18 12 00 00  3.56913389e-03 2.16441680e-03 1.18700028e-03 8.40178607e-04 5.95242961e-04 3.40989663e-04 2.40156336e-04 1.97965063e-04 3.99708382e-04 1.16715532e-04 2.76319430e-03 4.09043729e-03 2.08048076e-04 6.00906335e-05 3.99832826e-05 1.10421252e-04 3.07520851e-05 5.14354440e-05 1.07552472e-04 6.58833538e-05 1.22924027e-04 1.49807059e-04 9.08668320e-05 6.63411394e-05 4.70285668e-06 8.63713722e-06 5.89065457e-06 2.29706005e-05 4.76999376e-06 1.55953046e-05 4.04296050e-05 3.57642159e-05 1.29002423e-05 4.26422580e-05 3.30127252e-05 1.34701768e-05 4.05288213e-05 4.78210663e-05 9.11174429e-06 3.64078220e-05 8.50210753e-05 2.25022566e-05 2.01984959e-04 3.46163959e-04 1.38465584e-05 1.23861145e-04 1.60695010e-05 2.57740379e-05 2.44665426e-04 4.23045902e-04 7.05461188e-05 1.76467780e-04 2.84443734e-05 8.12950548e-06 1.67287725e-05 7.73258196e-06 2.14931541e-07 1.64777978e-09 1.00000000e-10
 2006 09 19 12 00 00  3.57823893e-03 2.16940452e-03 1.19024527e-03 8.42849060e-04 5.97746718e-04 3.42214918e-04 2.41315548e-04 1.99218872e-04 4.02971809e-04 1.17380189e-04 2.78944282e-03 4.14356180e-03 2.09194352e-04 6.02359963e-05 4.01338968e-05 1.11367217e-04 3.10663250e-05 5.22319751e-05 1.07954769e-04 6.59136334e-05 1.24574683e-04 1.51915114e-04 9.17190469e-05 6.66403449e-05 4.72529609e-06 8.61247099e-06 5.89950796e-06 2.30647637e-05 4.77056419e-06 1.56564066e-05 4.08061217e-05 3.58937628e-05 1.31600304e-05 4.29925679e-05 3.30467417e-05 1.35125490e-05 4.12440449e-05 4.88732938e-05 9.09119990e-06 3.67917936e-05 8.72408203e-05 2.25270109e-05 2.05924567e-04 3.46480497e-04 1.38592199e-05 1.27430527e-04 1.77861977e-05 2.58214772e-05 2.51006984e-04 4.29241380e-04 7.13756205e-05 1.80694426e-04 2.75389373e-05 7.80003384e-06 1.59666999e-05 7.20198070e-06 1.89404679e-07 6.74582878e-10 1.00000000e-10
 2006 09 20 12 00 00  3.57115465e-03 2.16578799e-03 1.18786560e-03 8.40844430e-04 5.95845486e-04 3.41241943e-04 2.40410227e-04 1.98247195e-04 4.00437776e-04 1.16919806e-04 2.76902592e-03 4.10106517e-03 2.08348967e-04 6.01744393e-05 4.00301653e-05 1.10651028e-04 3.08213435e-05 5.16026048e-05 1.07751209e-04 6.59789192e-05 1.23260875e-04 1.50238861e-04 9.10492144e-05 6.63803841e-05 4.70774830e-06 8.57628038e-06 5.89245865e-06 2.29912262e-05 4.77192516e-06 1.56125853e-05 4.05198695e-05 3.57923709e-05 1.29578562e-05 4.26960774e-05 3.31270130e-05 1.34787217e-05 4.06965869e-05 4.80586196e-05 9.06106943e-06 3.64550468e-05 8.55403976e-05 2.25814874e-05 2.02592123e-04 3.47222376e-04 1.38888950e-05 1.24887995e-04 1.64342753e-05 2.59266002e-05 2.46425146e-04 4.24662904e-04 7.09147863e-05 1.75846250e-04 2.61321043e-05 7.28832965e-06 1.47841737e-05 6.39100975e-06 1.51247159e-07 1.00000000e-10 1.00000000e-10
 2006 09 21 12 00 00  3.58027421e-03 2.17081369e-03 1.19113234e-03 8.43523675e-04 5.98352986e-04 3.42465972e-04 2.41570079e-04 1.99502364e-04 4.03705894e-04 1.17591536e-04 2.79530810e-03 4.15418893e-03 2.09501843e-04 6.03249933e-05 4.01823859e-05 1.11598481e-04 3.11341253e-05 5.23973489e-05 1.08163838e-04 6.60180871e-05 1.24910260e-04 1.52344594e-04 9.19013006e-05 6.66958845e-05 4.73009604e-06 8.57310370e-06 5.90130439e-06 2.30866922e-05 4.77269205e-06 1.56737909e-05 4.08966553e-05 3.59214057e-05 1.32163594e-05 4.30600318e-05 3.31725576e-05 1.35210750e-05 4.14148457e-05 4.91116959e-05 9.05840861e-06 3.68702812e-05 8.77619933e-05 2.26137592e-05 2.06639180e-04 3.47645031e-04 1.39058012e-05 1.28492917e-04 1.81460957e-05 2.59886030e-05 2.52786150e-04 4.30950197e-04 7.17605341e-05 1.80724460e-04 2.61272194e-05 7.28624264e-06 1.47778426e-05 6.36895734e-06 1.48963253e-07 1.00000000e-10 1.00000000e-10
 2006 09 22 12 00 00  3.57301556e-03 2.16684125e-03 1.18854843e-03 8.41408739e-04 5.96376183e-04 3.41490483e-04 2.40648520e-04 1.98506906e-04 4.01109924e-04 1.17064408e-04 2.77440906e-03 4.11169119e-03 2.08591752e-04 6.02160887e-05 4.00640517e-05 1.10851979e-04 3.08876828e-05 5.17661916e-05 1.07866475e-04 6.60043093e-05 1.23595844e-04 1.50666021e-04 9.12232019e-05 6.64565357e-05 4.71245585e-06 8.58690910e-06 5.89424708e-06 2.30128763e-05 4.77227404e-06 1.56262067e-05 4.05992079e-05 3.58194986e-05 1.30128974e-05 4.27807880e-05 3.31488118e-05 1.34872331e-05 4.08486490e-05 4.82789317e-05 9.06987480e-06 3.65627857e-05 8.60100518e-05 2.26011922e-05 2.03489345e-04 3.47430021e-04 1.38972008e-05 1.25688334e-04 1.67892969e-05 2.59636523e-05 2.47823058e-04 4.26096623e-04 7.11288224e-05 1.77412190e-04 2.68556080e-05 7.55067717e-06 1.53865006e-05 6.75773291e-06 1.65240650e-07 1.00000000e-10 1.00000000e-10
 2006 09 23 12 00 00  3.56895922e-03 2.16395043e-03 1.18673801e-03 8.40083754e-04 5.95213877e-04 3.41001818e-04 2.40150928e-04 1.97953808e-04 3.99663084e-04 1.16631695e-04 2.76280540e-03 4.09044363e-03 2.07974170e-04 6.00422658e-05 3.99680276e-05 1.10408997e-04 3.07666487e-05 5.14532963e-05 1.07482973e-04 6.57969387e-05 1.22940236e-04 1.49830201e-04 9.08668900e-05 6.62735054e-05 4.70377345e-06 8.55556573e-06 5.89072988e-06 2.29662874e-05 4.76751375e-06 1.55939958e-05 4.04228382e-05 3.57693149e-05 1.29130931e-05 4.25879580e-05 3.28709488e-05 1.34703354e-05 4.05070796e-05 4.78173260e-05 9.04377739e-06 3.62697848e-05 8.50109602e-05 2.24245392e-05 2.01572221e-04 3.44876764e-04 1.37950706e-05 1.23550177e-04 1.61182004e-05 2.56204337e-05 2.44457293e-04 4.22540658e-04 7.03905715e-05 1.74557528e-04 2.56545665e-05 7.11377918e-06 1.43766291e-05 6.06257820e-06 1.32350203e-07 1.00000000e-10 1.00000000e-10
 2006 09 24 12 00 00  3.55386906e-03 2.15482458e-03 1.18089128e-03 8.35489178e-04 5.91011534e-04 3.39045585e-04 2.38254998e-04 1.95884390e-04 3.94265335e-04 1.15355249e-04 2.71942992e-03 4.00545001e-03 2.05937950e-04 5.96630516e-05 3.96816561e-05 1.08816539e-04 3.02723260e-05 5.01892180e-05 1.06560139e-04 6.55002834e-05 1.20308295e-04 1.46470789e-04 8.94852509e-05 6.57146727e-05 4.66840174e-06 8.54148166e-06 5.87660797e-06 2.28049779e-05 4.76078640e-06 1.54868135e-05 3.97895765e-05 3.55650001e-05 1.25048915e-05 4.19611958e-05 3.24777444e-05 1.34026370e-05 3.92944408e-05 4.60856902e-05 9.03204345e-06 3.54782219e-05 8.13274529e-05 2.21725029e-05 1.94842773e-04 3.41261150e-04 1.36504460e-05 1.16948422e-04 1.33997761e-05 2.51311838e-05 2.33290801e-04 4.11289762e-04 6.85514967e-05 1.66376710e-04 2.51564355e-05 6.93246636e-06 1.39569961e-05 5.76742408e-06 1.17944039e-07 1.00000000e-10 1.00000000e-10
 2006 09 25 12 00 00  3.56092841e-03 2.15836314e-03 1.18322789e-03 8.37482764e-04 5.92914602e-04 3.40021525e-04 2.39160819e-04 1.96856133e-04 3.96795502e-04 1.15802136e-04 2.73980207e-03 4.04794738e-03 2.06772373e-04 5.97188245e-05 3.97834957e-05 1.09533238e-04 3.05207039e-05 5.08227502e-05 1.06760653e-04 6.54237345e-05 1.21625514e-04 1.48152431e-04 9.01557842e-05 6.59498332e-05 4.68616454e-06 8.54367754e-06 5.88367548e-06 2.28768751e-05 4.75899360e-06 1.55306856e-05 4.00742693e-05 3.56675824e-05 1.27100662e-05 4.22375072e-05 3.23733344e-05 1.34364993e-05 3.98372073e-05 4.69005653e-05 9.03385808e-06 3.57671978e-05 8.30292906e-05 2.21070004e-05 1.98007980e-04 3.40302829e-04 1.36121131e-05 1.19435690e-04 1.47630533e-05 2.50037381e-05 2.37862295e-04 4.15749203e-04 6.89951155e-05 1.70360397e-04 2.53418281e-05 6.99963737e-06 1.41109538e-05 5.85807043e-06 1.21158028e-07 1.00000000e-10 1.00000000e-10
 2006 09 26 12 00 00  3.54622137e-03 2.15002715e-03 1.17783423e-03 8.33129731e-04 5.88875440e-04 3.38069653e-04 2.37299834e-04 1.94838199e-04 3.91532974e-04 1.14673653e-04 2.69747895e-03 3.96295413e-03 2.04879177e-04 5.94441542e-05 3.95293802e-05 1.08006234e-04 3.00283195e-05 4.95610526e-05 1.06044823e-04 6.53019699e-05 1.18996654e-04 1.44796100e-04 8.87916479e-05 6.54384451e-05 4.65091543e-06 8.54970640e-06 5.86956303e-06 2.27243195e-05 4.75622110e-06 1.54315908e-05 3.94686634e-05 3.54639487e-05 1.23035774e-05 4.16510212e-05 3.22113832e-05 1.33688198e-05 3.86784693e-05 4.52136532e-05 9.03886539e-06 3.50817191e-05 7.94670249e-05 2.20034650e-05 1.91532756e-04 3.38813988e-04 1.35525595e-05 1.13493046e-04 1.20511162e-05 2.48027005e-05 2.27521749e-04 4.05496080e-04 6.75316457e-05 1.62871386e-04 2.56672945e-05 7.11778052e-06 1.43828189e-05 6.03090654e-06 1.28332748e-07 1.00000000e-10 1.00000000e-10
 2006 09 27 12 00 00  3.54199657e-03 2.14678394e-03 1.17582083e-03 8.31696796e-04 5.87640334e-04 3.37580682e-04 2.36787001e-04 1.94261986e-04 3.90024881e-04 1.14174404e-04 2.68541432e-03 3.94170731e-03 2.04196712e-04 5.92207003e-05 3.94180909e-05 1.07534226e-04 2.99082545e-05 4.92493447e-05 1.05558897e-04 6.50119619e-05 1.18343542e-04 1.43961828e-04 8.84285681e-05 6.52784584e-05 4.64229415e-06 8.57113992e-06 5.86605092e-06 2.26782501e-05 4.74970293e-06 1.53960023e-05 3.92848099e-05 3.54140997e-05 1.22046280e-05 4.14774958e-05 3.18300998e-05 1.33519337e-05 3.83213242e-05 4.47375144e-05 9.05669222e-06 3.48214100e-05 7.84249790e-05 2.17575667e-05 1.89827881e-04 3.35306059e-04 1.34122424e-05 1.11108411e-04 1.13832670e-05 2.43256800e-05 2.23797706e-04 4.01691656e-04 6.66190737e-05 1.61593543e-04 2.66192890e-05 7.46373703e-06 1.51807991e-05 6.56041068e-06 1.51998159e-07 1.00000000e-10 1.00000000e-10
 2006 09 28 12 00 00  3.53390983e-03 2.14388756e-03 1.17377676e-03 8.29671518e-04 5.85576367e-04 3.36367244e-04 2.35721755e-04 1.93146823e-04 3.87124255e-04 1.13902353e-04 2.66197208e-03 3.88858616e-03 2.03431224e-04 5.93562570e-05 3.93540734e-05 1.06764447e-04 2.95993610e-05 4.84593766e-05 1.05719515e-04 6.54506963e-05 1.16699797e-04 1.41862286e-04 8.76229926e-05 6.50625836e-05 4.62019016e-06 8.58760031e-06 5.85722519e-06 2.26035421e-05 4.75958332e-06 1.53565083e-05 3.89784140e-05 3.52864241e-05 1.19495548e-05 4.11983479e-05 3.24079214e-05 1.33096226e-05 3.77426554e-05 4.38016433e-05 9.07038338e-06 3.46412703e-05 7.65237306e-05 2.21297218e-05 1.86248847e-04 3.40621583e-04 1.36248633e-05 1.09252087e-04 9.68445092e-06 2.50477315e-05 2.19666113e-04 3.97980290e-04 6.67974977e-05 1.57459964e-04 2.73477271e-05 7.72845892e-06 1.57914324e-05 6.96594774e-06 1.70148273e-07 1.00000000e-10 1.00000000e-10
 2006 09 29 12 00 00  3.55004063e-03 2.15237343e-03 1.17933327e-03 8.34309235e-04 5.89955268e-04 3.38564611e-04 2.37780717e-04 1.95364103e-04 3.92900481e-04 1.15005082e-04 2.70847508e-03 3.98420542e-03 2.05401094e-04 5.95468967e-05 3.96034106e-05 1.08416160e-04 3.01580934e-05 4.98846581e-05 1.06292328e-04 6.53886178e-05 1.19664523e-04 1.45645790e-04 8.91422612e-05 6.56421010e-05 4.66014753e-06 8.63457753e-06 5.87312570e-06 2.27723526e-05 4.75820343e-06 1.54601598e-05 3.96382194e-05 3.55171913e-05 1.24110898e-05 4.18621874e-05 3.23271292e-05 1.33858135e-05 3.90010750e-05 4.56633865e-05 9.10946692e-06 3.53963397e-05 8.04282123e-05 2.20772199e-05 1.93677310e-04 3.39877756e-04 1.35951102e-05 1.15288446e-04 1.27514228e-05 2.49459612e-05 2.30459996e-04 4.08718628e-04 6.80292950e-05 1.67642252e-04 2.93659667e-05 8.46204725e-06 1.74842809e-05 8.09820683e-06 2.21404328e-07 1.39611416e-09 1.00000000e-10
 2006 09 30 12 00 00  3.55273886e-03 2.15519801e-03 1.18103099e-03 8.35397455e-04 5.90826658e-04 3.38815755e-04 2.38091303e-04 1.95732235e-04 3.93863824e-04 1.15480687e-04 2.71612251e-03 3.99482995e-03 2.05961701e-04 5.98209862e-05 3.97090886e-05 1.08753810e-04 3.02210334e-05 5.00440772e-05 1.06862313e-04 6.58045465e-05 1.19996099e-04 1.46067548e-04 8.93505523e-05 6.58048944e-05 4.66464116e-06 8.66843111e-06 5.87489703e-06 2.28097741e-05 4.76747009e-06 1.54903824e-05 3.97715047e-05 3.55431344e-05 1.24631304e-05 4.20195695e-05 3.28696944e-05 1.33942885e-05 3.92631542e-05 4.59707226e-05 9.13763070e-06 3.57078589e-05 8.11367231e-05 2.24292104e-05 1.94987427e-04 3.44872108e-04 1.37948843e-05 1.17498760e-04 1.30950779e-05 2.56283674e-05 2.33594805e-04 4.12202965e-04 6.90675741e-05 1.69842840e-04 3.08282862e-05 8.99355105e-06 1.87107021e-05 8.91742218e-06 2.58411747e-07 3.15238826e-09 6.27836116e-11
 2006 10 01 12 00 00  3.56422411e-03 2.16237826e-03 1.18560933e-03 8.38950869e-04 5.94054461e-04 3.40285953e-04 2.39529558e-04 1.97308115e-04 3.97973219e-04 1.16501374e-04 2.74912346e-03 4.05857712e-03 2.07550909e-04 6.01516842e-05 3.99381090e-05 1.09978577e-04 3.05938389e-05 5.09946665e-05 1.07649513e-04 6.61038735e-05 1.21972730e-04 1.48590395e-04 9.03950780e-05 6.62393752e-05 4.69129991e-06 8.67912604e-06 5.88549883e-06 2.29344013e-05 4.77418216e-06 1.55745109e-05 4.02586029e-05 3.56970937e-05 1.27711042e-05 4.25029488e-05 3.32624331e-05 1.34450864e-05 4.01960594e-05 4.72902546e-05 9.14652555e-06 3.63376665e-05 8.39559605e-05 2.26828852e-05 2.00106768e-04 3.48485908e-04 1.39394363e-05 1.22736006e-04 1.51408050e-05 2.61203881e-05 2.42346806e-04 4.21069322e-04 7.06143167e-05 1.76110426e-04 3.13102303e-05 9.16867480e-06 1.91145635e-05 9.18450228e-06 2.70282722e-07 3.75679301e-09 1.17207855e-10
 2006 10 02 12 00 00  3.57391511e-03 2.16862337e-03 1.18957425e-03 8.41986283e-04 5.96790198e-04 3.41510318e-04 2.40737731e-04 1.98636123e-04 4.01438558e-04 1.17400654e-04 2.77694242e-03 4.11169827e-03 2.08921621e-04 6.04611164e-05 4.01394292e-05 1.11017645e-04 3.09027353e-05 5.17846376e-05 1.08370409e-04 6.64104940e-05 1.23617317e-04 1.50689939e-04 9.12697562e-05 6.65996328e-05 4.71340281e-06 8.67142298e-06 5.89432530e-06 2.30388774e-05 4.78110087e-06 1.56468107e-05 4.06707199e-05 3.58247664e-05 1.30261775e-05 4.29038484e-05 3.36669764e-05 1.34873975e-05 4.09862355e-05 4.83996975e-05 9.14011252e-06 3.68660897e-05 8.63336114e-05 2.29430880e-05 2.04323880e-04 3.52206944e-04 1.40882778e-05 1.27286431e-04 1.68396233e-05 2.66253075e-05 2.49876858e-04 4.28680425e-04 7.20215331e-05 1.80809606e-04 3.10078318e-05 9.05869160e-06 1.88604348e-05 9.01066112e-06 2.62134037e-07 3.30932255e-09 7.60601027e-11
 2006 10 03 12 00 00  3.57798886e-03 2.17151784e-03 1.19138783e-03 8.43325599e-04 5.97971972e-04 3.42003958e-04 2.41239909e-04 1.99194712e-04 4.02895167e-04 1.17834771e-04 2.78862006e-03 4.13294807e-03 2.09542246e-04 6.06375849e-05 4.02362058e-05 1.11468364e-04 3.10291129e-05 5.21040813e-05 1.08763735e-04 6.66209555e-05 1.24278302e-04 1.51534240e-04 9.16295853e-05 6.67484066e-05 4.72242173e-06 8.65057518e-06 5.89787051e-06 2.30838085e-05 4.78584370e-06 1.56801445e-05 4.08504539e-05 3.58768215e-05 1.31306952e-05 4.30684790e-05 3.39443563e-05 1.35043520e-05 4.13284683e-05 4.88673600e-05 9.12276591e-06 3.70951270e-05 8.73501592e-05 2.31216458e-05 2.06007539e-04 3.54758455e-04 1.41903382e-05 1.29431236e-04 1.75285779e-05 2.69717595e-05 2.53329616e-04 4.32164928e-04 7.27764361e-05 1.82191007e-04 3.01271496e-05 8.73854615e-06 1.81214863e-05 8.51439124e-06 2.39522308e-07 2.11528448e-09 1.00000000e-10
 2006 10 04 12 00 00  3.58600385e-03 2.17702957e-03 1.19485654e-03 8.45922309e-04 6.00282165e-04 3.42989914e-04 2.42232740e-04 2.00294987e-04 4.05763299e-04 1.18651483e-04 2.81161604e-03 4.17544767e-03 2.10734338e-04 6.09557803e-05 4.04189976e-05 1.12348295e-04 3.12813703e-05 5.27423690e-05 1.09485372e-04 6.69832982e-05 1.25600591e-04 1.53222060e-04 9.23432902e-05 6.70619422e-05 4.74042827e-06 8.64763715e-06 5.90495838e-06 2.31737302e-05 4.79392984e-06 1.57440858e-05 4.12010715e-05 3.59807658e-05 1.33392939e-05 4.34116220e-05 3.44177388e-05 1.35382579e-05 4.19989987e-05 4.97898760e-05 9.12032410e-06 3.75761080e-05 8.93466507e-05 2.34284045e-05 2.09520383e-04 3.59115522e-04 1.43646209e-05 1.33524057e-04 1.89048427e-05 2.75665428e-05 2.59957495e-04 4.38937715e-04 7.41609319e-05 1.86128450e-04 2.99873559e-05 8.68776688e-06 1.80044633e-05 8.43796317e-06 2.36195496e-07 1.95132390e-09 1.00000000e-10
 2006 10 05 12 00 00  3.59098449e-03 2.17900775e-03 1.19622142e-03 8.47220625e-04 6.01583903e-04 3.43723337e-04 2.42885846e-04 2.00983559e-04 4.07551271e-04 1.18860133e-04 2.82605466e-03 4.20732237e-03 2.11238621e-04 6.09071005e-05 4.04674482e-05 1.12835570e-04 3.14716570e-05 5.32224192e-05 1.09456282e-04 6.67738088e-05 1.26593573e-04 1.54489653e-04 9.28347349e-05 6.72168695e-05 4.75400193e-06 8.65688417e-06 5.91027856e-06 2.32234099e-05 4.78918155e-06 1.57710956e-05 4.13979685e-05 3.60591046e-05 1.34967078e-05 4.36013086e-05 3.41402076e-05 1.35636976e-05 4.23687476e-05 5.03724254e-05 9.12802207e-06 3.77354480e-05 9.05426885e-05 2.32504448e-05 2.11837683e-04 3.56563497e-04 1.42625399e-05 1.34876410e-04 1.99406932e-05 2.72211095e-05 2.62751244e-04 4.41570261e-04 7.41774225e-05 1.89277580e-04 3.03477785e-05 8.81886021e-06 1.83074007e-05 8.64556882e-06 2.45953281e-07 2.48908769e-09 2.29563035e-12
 2006 10 06 12 00 00  3.59359902e-03 2.18163804e-03 1.19780807e-03 8.48257694e-04 6.02426952e-04 3.43976979e-04 2.43190728e-04 2.01342297e-04 4.08486856e-04 1.19299641e-04 2.83348937e-03 4.21794876e-03 2.11765255e-04 6.11559972e-05 4.05653286e-05 1.13161861e-04 3.15379992e-05 5.33860060e-05 1.09977998e-04 6.71468675e-05 1.26928490e-04 1.54916811e-04 9.30411746e-05 6.73484487e-05 4.75871020e-06 8.65690308e-06 5.91206808e-06 2.32579699e-05 4.79745431e-06 1.58000773e-05 4.15274177e-05 3.60862352e-05 1.35517490e-05 4.37329298e-05 3.46248213e-05 1.35722090e-05 4.26187702e-05 5.06732499e-05 9.12804171e-06 3.79841067e-05 9.12337971e-05 2.35658357e-05 2.12961867e-04 3.61025629e-04 1.44410252e-05 1.36931050e-04 2.02957133e-05 2.78323423e-05 2.65738166e-04 4.44770968e-04 7.51308186e-05 1.90399526e-04 3.03160110e-05 8.80738990e-06 1.82813076e-05 8.63252715e-06 2.45681166e-07 2.49898529e-09 3.80997456e-12
 2006 10 07 12 00 00  3.59123306e-03 2.17948527e-03 1.19649656e-03 8.47381249e-04 6.01703236e-04 3.43731199e-04 2.42911808e-04 2.01020508e-04 4.07643248e-04 1.18950443e-04 2.82676640e-03 4.20732573e-03 2.11327858e-04 6.09731149e-05 4.04877385e-05 1.12883333e-04 3.14784527e-05 5.32307546e-05 1.09593039e-04 6.68827386e-05 1.26601860e-04 1.54500458e-04 9.28489599e-05 6.72303221e-05 4.75442976e-06 8.64514441e-06 5.91031421e-06 2.32289509e-05 4.79153168e-06 1.57771500e-05 4.14187932e-05 3.60614853e-05 1.35027061e-05 4.36140374e-05 3.42782907e-05 1.35637732e-05 4.24049636e-05 5.04072194e-05 9.11826428e-06 3.77706162e-05 9.06367783e-05 2.33419909e-05 2.11904042e-04 3.57836968e-04 1.43134787e-05 1.35299539e-04 1.99634247e-05 2.73981859e-05 2.63340932e-04 4.42186153e-04 7.44219430e-05 1.88972292e-04 2.97732511e-05 8.61019689e-06 1.78266915e-05 8.33354550e-06 2.32513669e-07 1.83794500e-09 1.00000000e-10
 2006 10 08 12 00 00  3.58704740e-03 2.17635662e-03 1.19454783e-03 8.45969409e-04 6.00472000e-04 3.43237640e-04 2.42399378e-04 2.00446207e-04 4.06145115e-04 1.18471908e-04 2.81478139e-03 4.18607630e-03 2.10663630e-04 6.07625219e-05 4.03804886e-05 1.12412959e-04 3.13530531e-05 5.29125100e-05 1.09126812e-04 6.66156469e-05 1.25940906e-04 1.53657704e-04 9.24847986e-05 6.70403663e-05 4.74547232e-06 8.62177840e-06 5.90677482e-06 2.31792392e-05 4.78562615e-06 1.57415892e-05 4.12324645e-05 3.60097649e-05 1.33990470e-05 4.34142876e-05 3.39322287e-05 1.35468275e-05 4.20444521e-05 4.99262206e-05 9.09883092e-06 3.74594881e-05 8.95850145e-05 2.31163314e-05 2.09959601e-04 3.54650032e-04 1.41860013e-05 1.32938877e-04 1.92777210e-05 2.69609358e-05 2.59648912e-04 4.38288933e-04 7.35480412e-05 1.86159532e-04 2.87303413e-05 8.23121309e-06 1.69525882e-05 7.75419721e-06 2.06669201e-07 9.20091203e-10 1.00000000e-10
 2006 10 09 12 00 00  3.58692055e-03 2.17608313e-03 1.19439069e-03 8.45889241e-04 6.00420548e-04 3.43238519e-04 2.42388698e-04 2.00429704e-04 4.06100197e-04 1.18420540e-04 2.81444130e-03 4.18607742e-03 2.10614071e-04 6.07249950e-05 4.03689265e-05 1.12392416e-04 3.13549972e-05 5.29148849e-05 1.09050873e-04 6.65527477e-05 1.25943203e-04 1.53660798e-04 9.24803311e-05 6.70272061e-05 4.74559492e-06 8.61830704e-06 5.90678465e-06 2.31771516e-05 4.78425172e-06 1.57392306e-05 4.12262101e-05 3.60104488e-05 1.34007641e-05 4.34032592e-05 3.38515965e-05 1.35468494e-05 4.20290284e-05 4.99146742e-05 9.09594601e-06 3.74277816e-05 8.95526852e-05 2.30633232e-05 2.09905159e-04 3.53906944e-04 1.41562778e-05 1.32727587e-04 1.92842243e-05 2.68583128e-05 2.59391931e-04 4.37980414e-04 7.34176843e-05 1.86032901e-04 2.85559498e-05 8.16788506e-06 1.68067423e-05 7.66006856e-06 2.02654872e-07 7.91263943e-10 1.00000000e-10
 2006 10 10 12 00 00  3.57341192e-03 2.16749535e-03 1.18892732e-03 8.41671989e-04 5.96601268e-04 3.41520451e-04 2.40699263e-04 1.98574559e-04 4.01264412e-04 1.17189564e-04 2.77562718e-03 4.11170535e-03 2.08719937e-04 6.03083594e-05 4.00922898e-05 1.10942201e-04 3.09177849e-05 5.18030953e-05 1.08066193e-04 6.61529135e-05 1.23634617e-04 1.50713873e-04 9.12558348e-05 6.65209748e-05 4.71435087e-06 8.62096203e-06 5.89440315e-06 2.30300824e-05 4.77538924e-06 1.56384818e-05 4.06503868e-05 3.58300371e-05 1.30394619e-05 4.28393122e-05 3.33323813e-05 1.34875605e-05 4.09264675e-05 4.83611742e-05 9.09817463e-06 3.66891920e-05 8.62247864e-05 2.27253287e-05 2.03958872e-04 3.49126102e-04 1.39650441e-05 1.26438930e-04 1.68899627e-05 2.62032816e-05 2.48922679e-04 4.27391727e-04 7.15009871e-05 1.79080819e-04 2.85418406e-05 8.16306001e-06 1.67970833e-05 7.67096992e-06 2.04400941e-07 9.10183040e-10 1.00000000e-10
 2006 10 11 12 00 00  3.56545812e-03 2.16210283e-03 1.18552715e-03 8.39114507e-04 5.94319616e-04 3.40536227e-04 2.39712639e-04 1.97483142e-04 3.98418572e-04 1.16395325e-04 2.75280485e-03 4.06920649e-03 2.07549906e-04 6.00063138e-05 3.99144688e-05 1.10073709e-04 3.06669826e-05 5.11665887e-05 1.07377203e-04 6.58173289e-05 1.22313443e-04 1.49028363e-04 9.05455162e-05 6.61927317e-05 4.69643564e-06 8.59560969e-06 5.88732364e-06 2.29398055e-05 4.76789282e-06 1.55759944e-05 4.03040777e-05 3.57266050e-05 1.28321451e-05 4.24839398e-05 3.28935770e-05 1.34536705e-05 4.02620700e-05 4.74456539e-05 9.07707508e-06 3.61838815e-05 8.42483601e-05 2.24411662e-05 2.00331867e-04 3.45087498e-04 1.38034999e-05 1.22432997e-04 1.55185611e-05 2.56522675e-05 2.42437122e-04 4.20689952e-04 7.01761302e-05 1.74287120e-04 2.74883387e-05 7.78004937e-06 1.59128273e-05 7.07469992e-06 1.77059523e-07 1.00000000e-10 1.00000000e-10
 2006 10 12 12 00 00  3.55954079e-03 2.15815721e-03 1.18303376e-03 8.37226795e-04 5.92629032e-04 3.39798613e-04 2.38977087e-04 1.96671096e-04 3.96301265e-04 1.15818174e-04 2.73582024e-03 4.03733253e-03 2.06690331e-04 5.97929934e-05 3.97851751e-05 1.09430612e-04 3.04791174e-05 5.06895070e-05 1.06886972e-04 6.55877113e-05 1.21323273e-04 1.47764625e-04 9.00149741e-05 6.59612856e-05 4.68301514e-06 8.59101492e-06 5.88201474e-06 2.28739810e-05 4.76276437e-06 1.55301452e-05 4.00481218e-05 3.56491160e-05 1.26768718e-05 4.22298297e-05 3.25933681e-05 1.34282556e-05 3.97717758e-05 4.67652520e-05 9.07324356e-06 3.58342675e-05 8.27824281e-05 2.22467352e-05 1.97703797e-04 3.42324515e-04 1.36929806e-05 1.19519198e-04 1.44908263e-05 2.52752623e-05 2.37676924e-04 4.15827770e-04 6.92298989e-05 1.71188215e-04 2.73545877e-05 7.73128327e-06 1.57995608e-05 6.99032364e-06 1.72618169e-07 1.00000000e-10 1.00000000e-10
 2006 10 13 12 00 00  3.55193565e-03 2.15347479e-03 1.18004190e-03 8.34891692e-04 5.90501346e-04 3.38819002e-04 2.38023325e-04 1.95628113e-04 3.93581242e-04 1.15157605e-04 2.71396452e-03 3.99483480e-03 2.05650585e-04 5.95880082e-05 3.96372403e-05 1.08623713e-04 3.02307424e-05 5.00559807e-05 1.06395646e-04 6.54136995e-05 1.20005768e-04 1.46082982e-04 8.93209430e-05 6.56769102e-05 4.66525235e-06 8.58433850e-06 5.87494724e-06 2.27919724e-05 4.75880297e-06 1.54751742e-05 3.97262930e-05 3.55465338e-05 1.24716986e-05 4.19121541e-05 3.23619868e-05 1.33943933e-05 3.91566504e-05 4.58915111e-05 9.06767818e-06 3.54268255e-05 8.09193556e-05 2.20987815e-05 1.94312341e-04 3.40197294e-04 1.36078917e-05 1.16115691e-04 1.31275490e-05 2.49879842e-05 2.31958351e-04 4.10052889e-04 6.82535425e-05 1.67105630e-04 2.71476115e-05 7.65586301e-06 1.56245996e-05 6.86249076e-06 1.66051372e-07 1.00000000e-10 1.00000000e-10
 2006 10 14 12 00 00  3.54964178e-03 2.15147749e-03 1.17882007e-03 8.34061648e-04 5.89807949e-04 3.38572417e-04 2.37750601e-04 1.95316060e-04 3.92764018e-04 1.14837832e-04 2.70743534e-03 3.98421064e-03 2.05241876e-04 5.94276552e-05 3.95665716e-05 1.08357222e-04 3.01697408e-05 4.98989422e-05 1.06058121e-04 6.51871029e-05 1.19677280e-04 1.45664308e-04 8.91310908e-05 6.55630080e-05 4.66088095e-06 8.56950865e-06 5.87318646e-06 2.27637703e-05 4.75365741e-06 1.54535671e-05 3.96202843e-05 3.55212716e-05 1.24213693e-05 4.17967988e-05 3.20612860e-05 1.33859387e-05 3.89507122e-05 4.56314635e-05 9.05533234e-06 3.52256308e-05 8.03395830e-05 2.19062073e-05 1.93257375e-04 3.37432497e-04 1.34972999e-05 1.14600807e-04 1.27903826e-05 2.46141251e-05 2.29708268e-04 4.07632153e-04 6.76220234e-05 1.65646297e-04 2.65676950e-05 7.44493998e-06 1.51372091e-05 6.52875252e-06 1.50384410e-07 1.00000000e-10 1.00000000e-10
 2006 10 15 12 00 00  3.55291920e-03 2.15271525e-03 1.17968372e-03 8.34900337e-04 5.90655981e-04 3.39059331e-04 2.38181532e-04 1.95769040e-04 3.93941090e-04 1.14961882e-04 2.71693795e-03 4.00546007e-03 2.05563521e-04 5.93855427e-05 3.95958790e-05 1.08674063e-04 3.02946573e-05 5.02165931e-05 1.06020797e-04 6.50313101e-05 1.20336116e-04 1.46506287e-04 8.94558722e-05 6.56425330e-05 4.66980819e-06 8.54762984e-06 5.87672366e-06 2.27938332e-05 4.75008783e-06 1.54704570e-05 3.97457269e-05 3.55728174e-05 1.25246006e-05 4.19030255e-05 3.18529026e-05 1.34028785e-05 3.91870588e-05 4.60114652e-05 9.03712207e-06 3.52870085e-05 8.11160127e-05 2.17735564e-05 1.94633224e-04 3.35517465e-04 1.34206986e-05 1.15408229e-04 1.34744594e-05 2.43564326e-05 2.31467606e-04 4.09188793e-04 6.75952565e-05 1.66880500e-04 2.56777816e-05 7.12135673e-06 1.43899241e-05 6.02215314e-06 1.26962227e-07 1.00000000e-10 1.00000000e-10
 2006 10 16 12 00 00  3.54390556e-03 2.14785152e-03 1.17651264e-03 8.32295761e-04 5.88217324e-04 3.37844013e-04 2.37036873e-04 1.94534499e-04 3.90718839e-04 1.14322332e-04 2.69099439e-03 3.95234078e-03 2.04445485e-04 5.92633265e-05 3.94522296e-05 1.07753930e-04 2.99906183e-05 4.94325708e-05 1.05677938e-04 6.50366885e-05 1.18697016e-04 1.44414452e-04 8.86128905e-05 6.53176083e-05 4.64800978e-06 8.52191151e-06 5.86792266e-06 2.27008497e-05 4.75005691e-06 1.54127428e-05 3.93798442e-05 3.54468415e-05 1.22738100e-05 4.15329704e-05 3.18520149e-05 1.33606198e-05 3.84855742e-05 4.49797106e-05 9.01571620e-06 3.48570689e-05 7.89520396e-05 2.17768553e-05 1.90519977e-04 3.35514151e-04 1.34205661e-05 1.11981856e-04 1.17918695e-05 2.43620321e-05 2.25423489e-04 4.03156471e-04 6.68610930e-05 1.61353074e-04 2.46380731e-05 6.74329003e-06 1.35167372e-05 5.42929978e-06 1.01069531e-07 1.00000000e-10 1.00000000e-10
 2006 10 17 12 00 00  3.55043923e-03 2.15305913e-03 1.17973133e-03 8.34575512e-04 5.90177030e-04 3.38588949e-04 2.37829838e-04 1.95431330e-04 3.93057328e-04 1.15136783e-04 2.70968192e-03 3.98421623e-03 2.05535823e-04 5.96480440e-05 3.96343188e-05 1.08504739e-04 3.01818771e-05 4.99138143e-05 1.06514811e-04 6.55520067e-05 1.19691444e-04 1.45683596e-04 8.91717558e-05 6.55959178e-05 4.66164493e-06 8.51654040e-06 5.87324976e-06 2.27782281e-05 4.76147979e-06 1.54717352e-05 3.96774536e-05 3.55255179e-05 1.24320795e-05 4.18274477e-05 3.25212226e-05 1.33860725e-05 3.90579217e-05 4.57306261e-05 9.01124004e-06 3.53236934e-05 8.06113434e-05 2.22124872e-05 1.93341223e-04 3.41676082e-04 1.36670433e-05 1.15930176e-04 1.28309679e-05 2.52062833e-05 2.31528874e-04 4.09514722e-04 6.84217922e-05 1.64363374e-04 2.44648913e-05 6.68020598e-06 1.33705003e-05 5.32369614e-06 9.62350072e-08 1.00000000e-10 1.00000000e-10
 2006 10 18 12 00 00  3.54431714e-03 2.14864572e-03 1.17697066e-03 8.32562531e-04 5.88415107e-04 3.37856104e-04 2.37079711e-04 1.94595832e-04 3.90871914e-04 1.14472765e-04 2.69217123e-03 3.95234525e-03 2.04594338e-04 5.93745230e-05 3.94863853e-05 1.07833004e-04 3.00008134e-05 4.94450680e-05 1.05910381e-04 6.52200426e-05 1.18709758e-04 1.44430664e-04 8.86359114e-05 6.53492340e-05 4.64865188e-06 8.51375007e-06 5.86797541e-06 2.27105712e-05 4.75396300e-06 1.54226576e-05 3.94132133e-05 3.54504096e-05 1.22828074e-05 4.15616120e-05 3.20818479e-05 1.33607304e-05 3.85458608e-05 4.50367799e-05 9.00890882e-06 3.49328212e-05 7.91063027e-05 2.19305497e-05 1.90680380e-04 3.37635530e-04 1.35054212e-05 1.12688978e-04 1.18259675e-05 2.46590556e-05 2.26396073e-04 4.04217743e-04 6.72705561e-05 1.61378242e-04 2.44182150e-05 6.66306689e-06 1.33301078e-05 5.28676879e-06 9.41103679e-08 1.00000000e-10 1.00000000e-10
 2006 10 19 12 00 00  3.55249821e-03 2.15451028e-03 1.18064201e-03 8.35264200e-04 5.90793900e-04 3.38841895e-04 2.38086930e-04 1.95717995e-04 3.93798901e-04 1.15355708e-04 2.71561638e-03 3.99484448e-03 2.05850406e-04 5.97407158e-05 3.96839701e-05 1.08740369e-04 3.02516215e-05 5.00815746e-05 1.06728670e-04 6.56627526e-05 1.20030360e-04 1.46116172e-04 8.93560244e-05 6.56786671e-05 4.66656711e-06 8.51203440e-06 5.87505601e-06 2.28032853e-05 4.76381974e-06 1.54898231e-05 3.97730862e-05 3.55538388e-05 1.24901228e-05 4.19178755e-05 3.26590060e-05 1.33946203e-05 3.92371575e-05 4.59756205e-05 9.00745799e-06 3.54521994e-05 8.11481707e-05 2.23051495e-05 1.94252457e-04 3.42948523e-04 1.37179409e-05 1.17058734e-04 1.31973691e-05 2.53852544e-05 2.33367698e-04 4.11394915e-04 6.88234582e-05 1.65493018e-04 2.45044503e-05 6.69403403e-06 1.33997257e-05 5.31167049e-06 9.38306300e-08 1.00000000e-10 1.00000000e-10
 2006 10 20 12 00 00  3.55005708e-03 2.15219947e-03 1.17924011e-03 8.34341124e-04 5.90039894e-04 3.38595605e-04 2.37801516e-04 1.95386586e-04 3.92929522e-04 1.14977074e-04 2.70869002e-03 3.98422070e-03 2.05384860e-04 5.95376591e-05 3.96001388e-05 1.08449658e-04 3.01920751e-05 4.99263173e-05 1.06305427e-04 6.53646362e-05 1.19704538e-04 1.45699803e-04 8.91605766e-05 6.55775835e-05 4.66228630e-06 8.53195816e-06 5.87330251e-06 2.27750098e-05 4.75710040e-06 1.54653786e-05 3.96601717e-05 3.55290889e-05 1.24410770e-05 4.18132824e-05 3.22660489e-05 1.33861817e-05 3.90167730e-05 4.57031965e-05 9.02402098e-06 3.52659748e-05 8.05322071e-05 2.20522197e-05 1.93327206e-04 3.39333805e-04 1.35733522e-05 1.15323055e-04 1.28650659e-05 2.48944911e-05 2.30814103e-04 4.08735275e-04 6.80423711e-05 1.65158720e-04 2.54528974e-05 7.03855599e-06 1.41936904e-05 5.83018286e-06 1.14499400e-07 1.00000000e-10 1.00000000e-10
 2006 10 21 12 00 00  3.54862817e-03 2.15201377e-03 1.17905719e-03 8.34055059e-04 5.89706409e-04 3.38354032e-04 2.37605290e-04 1.95188692e-04 3.92416078e-04 1.14996474e-04 2.70451562e-03 3.97359617e-03 2.05303109e-04 5.96175976e-05 3.96036260e-05 1.08327468e-04 3.01301014e-05 4.97680798e-05 1.06443502e-04 6.55407726e-05 1.19376990e-04 1.45279580e-04 8.90074786e-05 6.55888470e-05 4.65785342e-06 8.58817148e-06 5.87153627e-06 2.27669264e-05 4.76104833e-06 1.54613189e-05 3.96125051e-05 3.55034834e-05 1.23898906e-05 4.18033791e-05 3.24970722e-05 1.33777183e-05 3.89311390e-05 4.55388555e-05 9.07078138e-06 3.53395997e-05 8.02123560e-05 2.22014802e-05 1.92949080e-04 3.41459616e-04 1.36583846e-05 1.15302536e-04 1.25246472e-05 2.51839869e-05 2.30387142e-04 4.08615274e-04 6.82658008e-05 1.66080612e-04 2.79238854e-05 7.93657628e-06 1.62653418e-05 7.20822657e-06 1.75726884e-07 1.00000000e-10 1.00000000e-10
 2006 10 22 12 00 00  3.55076694e-03 2.15369452e-03 1.18009749e-03 8.34787207e-04 5.90332838e-04 3.38598248e-04 2.37863594e-04 1.95479692e-04 3.93178453e-04 1.15256961e-04 2.71061586e-03 3.98421958e-03 2.05654437e-04 5.97362383e-05 3.96614245e-05 1.08567068e-04 3.01896478e-05 4.99233371e-05 1.06698807e-04 6.56976597e-05 1.19704149e-04 1.45695948e-04 8.91898985e-05 6.57044185e-05 4.66213387e-06 8.62340457e-06 5.87328977e-06 2.27932950e-05 4.76461137e-06 1.54795648e-05 3.97075414e-05 3.55282362e-05 1.24389364e-05 4.19198578e-05 3.27052694e-05 1.33861555e-05 3.91177488e-05 4.57814574e-05 9.10008675e-06 3.55363007e-05 8.07437735e-05 2.23348034e-05 1.94042527e-04 3.43373909e-04 1.37349564e-05 1.16568345e-04 1.28569518e-05 2.54428160e-05 2.32297923e-04 4.10720044e-04 6.87463502e-05 1.68221522e-04 2.94797237e-05 8.50199153e-06 1.75696229e-05 8.07487665e-06 2.14546772e-07 8.88283225e-10 1.00000000e-10
 2006 10 23 12 00 00  3.55579822e-03 2.15582462e-03 1.18154825e-03 8.36113184e-04 5.91639237e-04 3.39324971e-04 2.38517012e-04 1.96170712e-04 3.94979666e-04 1.15493197e-04 2.72515542e-03 4.01609167e-03 2.06183145e-04 5.97054377e-05 3.97154710e-05 1.09056260e-04 3.03721667e-05 5.03938703e-05 1.06699203e-04 6.55198703e-05 1.20687245e-04 1.46951202e-04 8.96795097e-05 6.58574778e-05 4.67521895e-06 8.62493398e-06 5.87856994e-06 2.28413733e-05 4.76067289e-06 1.55065139e-05 3.99017292e-05 3.56038567e-05 1.25894963e-05 4.21065082e-05 3.24745168e-05 1.34115122e-05 3.94877510e-05 4.63593312e-05 9.10135350e-06 3.56977891e-05 8.19297007e-05 2.21845272e-05 1.96300229e-04 3.41249084e-04 1.36499633e-05 1.17984098e-04 1.38668285e-05 2.51516001e-05 2.35128831e-04 4.13392193e-04 6.88157181e-05 1.71096572e-04 2.95841201e-05 8.53984589e-06 1.76565316e-05 8.12776912e-06 2.16563345e-07 9.41262712e-10 1.00000000e-10
 2006 10 24 12 00 00  3.54618516e-03 2.14977369e-03 1.17769341e-03 8.33122837e-04 5.88923405e-04 3.38096706e-04 2.37312731e-04 1.94849652e-04 3.91537485e-04 1.14629400e-04 2.69752265e-03 3.96296792e-03 2.04844772e-04 5.94186903e-05 3.95212312e-05 1.08025292e-04 3.00584157e-05 4.95979504e-05 1.06016387e-04 6.52527146e-05 1.19035765e-04 1.44843935e-04 8.88056598e-05 6.54799466e-05 4.65280937e-06 8.59955398e-06 5.86971910e-06 2.27348393e-05 4.75476772e-06 1.54350837e-05 3.94908070e-05 3.54744814e-05 1.23301361e-05 4.16897879e-05 3.21284751e-05 1.33691487e-05 3.87010260e-05 4.52504077e-05 9.08023285e-06 3.51433774e-05 7.95563262e-05 2.19588328e-05 1.91919391e-04 3.38062281e-04 1.35224913e-05 1.13531613e-04 1.21517689e-05 2.47142889e-05 2.27714392e-04 4.05824032e-04 6.74831808e-05 1.65348674e-04 2.85323773e-05 8.15746826e-06 1.67737010e-05 7.53205727e-06 1.89218629e-07 1.00000000e-10 1.00000000e-10
 2006 10 25 12 00 00  3.54775205e-03 2.15027211e-03 1.17805480e-03 8.33492981e-04 5.89305127e-04 3.38335675e-04 2.37518924e-04 1.95063337e-04 3.92096456e-04 1.14667952e-04 2.70205298e-03 3.97359021e-03 2.04981059e-04 5.93782565e-05 3.95299900e-05 1.08166899e-04 3.01165070e-05 4.97514149e-05 1.05952499e-04 6.51438197e-05 1.19359810e-04 1.45257967e-04 8.89626828e-05 6.55168012e-05 4.65699777e-06 8.59434585e-06 5.87146496e-06 2.27477223e-05 4.75241723e-06 1.54413974e-05 3.95465657e-05 3.54987249e-05 1.23778940e-05 4.17394469e-05 3.19903833e-05 1.33775698e-05 3.88074303e-05 4.54272826e-05 9.07590293e-06 3.51664365e-05 7.99093677e-05 2.18673042e-05 1.92588830e-04 3.36788698e-04 1.34715479e-05 1.13808779e-04 1.24791841e-05 2.45372416e-05 2.28395720e-04 4.06403699e-04 6.73954279e-05 1.66042271e-04 2.82782309e-05 8.06516287e-06 1.65610452e-05 7.39393595e-06 1.83262843e-07 1.00000000e-10 1.00000000e-10
 2006 10 26 12 00 00  3.53445044e-03 2.14211652e-03 1.17283981e-03 8.29407157e-04 5.85573920e-04 3.36618610e-04 2.35848096e-04 1.93236118e-04 3.87334671e-04 1.13518229e-04 2.66380500e-03 3.89921814e-03 2.03165729e-04 5.90206296e-05 3.92715346e-05 1.06751909e-04 2.96788116e-05 4.86390229e-05 1.05086858e-04 6.48425485e-05 1.17049386e-04 1.42310282e-04 8.77468645e-05 6.49915773e-05 4.62572389e-06 8.54510654e-06 5.85908201e-06 2.26009750e-05 4.74571643e-06 1.53448517e-05 3.89817188e-05 3.53181444e-05 1.20161647e-05 4.11594766e-05 3.15979560e-05 1.33182766e-05 3.77260964e-05 4.38930411e-05 9.03494220e-06 3.44042154e-05 7.66370751e-05 2.16124303e-05 1.86451799e-04 3.33176017e-04 1.33270407e-05 1.07832385e-04 1.00833087e-05 2.40431837e-05 2.18366302e-04 3.96158174e-04 6.56876756e-05 1.57547650e-04 2.61423961e-05 7.28887962e-06 1.47699083e-05 6.19871034e-06 1.29356437e-07 1.00000000e-10 1.00000000e-10
 2006 10 27 12 00 00  3.53100960e-03 2.14052552e-03 1.17177390e-03 8.28466771e-04 5.84661892e-04 3.36132354e-04 2.35403711e-04 1.92762617e-04 3.86101409e-04 1.13328276e-04 2.65386647e-03 3.87796983e-03 2.02781123e-04 5.90166187e-05 3.92279705e-05 1.06409389e-04 2.95558391e-05 4.83237585e-05 1.05034543e-04 6.49205816e-05 1.16392396e-04 1.41471396e-04 8.74160505e-05 6.48834893e-05 4.61691852e-06 8.54638129e-06 5.85555499e-06 2.25671072e-05 4.74749977e-06 1.53248977e-05 3.88462555e-05 3.52672767e-05 1.19146491e-05 4.10295151e-05 3.17021215e-05 1.33013586e-05 3.74675036e-05 4.34968168e-05 9.03600885e-06 3.42812651e-05 7.58164559e-05 2.16788423e-05 1.84920209e-04 3.34133421e-04 1.33653368e-05 1.06741528e-04 9.40573373e-06 2.41721762e-05 2.16278922e-04 3.94158808e-04 6.55527087e-05 1.55657364e-04 2.61487510e-05 7.29130411e-06 1.47760612e-05 6.20937859e-06 1.30312172e-07 1.00000000e-10 1.00000000e-10
 2006 10 28 12 00 00  3.54261493e-03 2.14797838e-03 1.17650824e-03 8.32094284e-04 5.87932806e-04 3.37599854e-04 2.36850747e-04 1.94352619e-04 3.90251405e-04 1.14399749e-04 2.68717798e-03 3.94171476e-03 2.04418461e-04 5.93831584e-05 3.94680736e-05 1.07651417e-04 2.99247622e-05 4.92695777e-05 1.05891317e-04 6.52806310e-05 1.18364934e-04 1.43988069e-04 8.84637414e-05 6.53477654e-05 4.64333316e-06 8.58581479e-06 5.86613642e-06 2.26947953e-05 4.75559973e-06 1.54109520e-05 3.93388742e-05 3.54198739e-05 1.22191952e-05 4.15376729e-05 3.21758882e-05 1.33521127e-05 3.84162698e-05 4.48258950e-05 9.06882633e-06 3.49736130e-05 7.86618641e-05 2.19841924e-05 1.90211210e-04 3.38491943e-04 1.35396777e-05 1.12190777e-04 1.14384704e-05 2.47645628e-05 2.25252834e-04 4.03373659e-04 6.72214370e-05 1.62743800e-04 2.77744502e-05 7.88237362e-06 1.61408154e-05 7.13145598e-06 1.72721860e-07 1.00000000e-10 1.00000000e-10
 2006 10 29 12 00 00  3.54068067e-03 2.14676571e-03 1.17573520e-03 8.31486782e-04 5.87376812e-04 3.37350856e-04 2.36606859e-04 1.94084800e-04 3.89556568e-04 1.14226071e-04 2.68160208e-03 3.93108800e-03 2.04148824e-04 5.93242028e-05 3.94287720e-05 1.07440124e-04 2.98584171e-05 4.91059851e-05 1.05748439e-04 6.52253744e-05 1.18029881e-04 1.43560893e-04 8.82866090e-05 6.52638543e-05 4.63862489e-06 8.57165505e-06 5.86434726e-06 2.26717316e-05 4.75442939e-06 1.53959164e-05 3.92530282e-05 3.53927462e-05 1.21641533e-05 4.14466934e-05 3.21069878e-05 1.33436013e-05 3.82538510e-05 4.45978313e-05 9.05705238e-06 3.48481555e-05 7.81714506e-05 2.19379304e-05 1.89266968e-04 3.37855734e-04 1.35142293e-05 1.11266896e-04 1.10834357e-05 2.46751937e-05 2.23712240e-04 4.01772539e-04 6.69442773e-05 1.61215055e-04 2.71127877e-05 7.64199926e-06 1.55867365e-05 6.76808514e-06 1.56793733e-07 1.00000000e-10 1.00000000e-10
 2006 10 30 12 00 00  3.55571648e-03 2.15580859e-03 1.18153368e-03 8.36044639e-04 5.91545874e-04 3.39301890e-04 2.38495209e-04 1.96144323e-04 3.94932511e-04 1.15486502e-04 2.72480513e-03 4.01608050e-03 2.06168275e-04 5.96914271e-05 3.97114890e-05 1.09019246e-04 3.03474109e-05 5.03635209e-05 1.06644722e-04 6.55030017e-05 1.20655596e-04 1.46911848e-04 8.96631520e-05 6.58299297e-05 4.67366008e-06 8.60333457e-06 5.87844224e-06 2.28318293e-05 4.76077039e-06 1.55012447e-05 3.98789890e-05 3.55951895e-05 1.25676481e-05 4.20787409e-05 3.24772962e-05 1.34112444e-05 3.94572711e-05 4.63178199e-05 9.08342263e-06 3.56522538e-05 8.18238438e-05 2.21741691e-05 1.96039025e-04 3.41259449e-04 1.36503780e-05 1.17777865e-04 1.37840310e-05 2.51340156e-05 2.34717225e-04 4.12907684e-04 6.87329515e-05 1.69895473e-04 2.83829628e-05 8.10389606e-06 1.66536665e-05 7.49400074e-06 1.90542539e-07 1.55668545e-10 1.00000000e-10
 2006 10 31 12 00 00  3.55532805e-03 2.15505511e-03 1.18109907e-03 8.35792780e-04 5.91360043e-04 3.39291264e-04 2.38455071e-04 1.96086617e-04 3.94787954e-04 1.15343741e-04 2.72369744e-03 4.01607603e-03 2.06027037e-04 5.95854662e-05 3.96789465e-05 1.08944984e-04 3.03386652e-05 5.03528106e-05 1.06423215e-04 6.53282274e-05 1.20646288e-04 1.46897949e-04 8.96418782e-05 6.58452739e-05 4.67311002e-06 8.67384078e-06 5.87839677e-06 2.28269601e-05 4.75706220e-06 1.54919964e-05 3.98503795e-05 3.55921278e-05 1.25599312e-05 4.20899056e-05 3.22590524e-05 1.34111469e-05 3.94076862e-05 4.62682055e-05 9.14210104e-06 3.56630851e-05 8.16866736e-05 2.20278002e-05 1.96211857e-04 3.39244524e-04 1.35697809e-05 1.17153845e-04 1.37547962e-05 2.48512311e-05 2.33804885e-04 4.12106309e-04 6.83444030e-05 1.71869052e-04 3.12754159e-05 9.15556607e-06 1.90820999e-05 9.13675560e-06 2.66242935e-07 3.40302129e-09 8.14669443e-11
 2006 11 01 12 00 00  3.56979424e-03 2.16572202e-03 1.18775252e-03 8.40604761e-04 5.95550481e-04 3.41003938e-04 2.40222389e-04 1.98061029e-04 3.99951947e-04 1.16962395e-04 2.76505816e-03 4.09044251e-03 2.08291122e-04 6.02731266e-05 4.00393669e-05 1.10544146e-04 3.07627692e-05 5.14485349e-05 1.07933273e-04 6.61852828e-05 1.22941139e-04 1.49824039e-04 9.09008324e-05 6.64963088e-05 4.70352898e-06 8.76330087e-06 5.89070987e-06 2.29939652e-05 4.77644317e-06 1.56104469e-05 4.04826233e-05 3.57679528e-05 1.29096676e-05 4.27741158e-05 3.33920500e-05 1.34702932e-05 4.06361857e-05 4.79130010e-05 9.21655228e-06 3.67221084e-05 8.52650300e-05 2.27554730e-05 2.02917759e-04 3.49664568e-04 1.39865827e-05 1.25078960e-04 1.61052230e-05 2.62634829e-05 2.46179955e-04 4.25175436e-04 7.12090860e-05 1.81527069e-04 3.49580485e-05 1.04945061e-05 2.21737245e-05 1.12263437e-05 3.62406186e-07 8.55294964e-09 5.51856782e-10
 2006 11 02 12 00 00  3.58285526e-03 2.17343882e-03 1.19271316e-03 8.44531032e-04 5.99155295e-04 3.42710516e-04 2.41865662e-04 1.99849502e-04 4.04620427e-04 1.18028128e-04 2.80259666e-03 4.16481011e-03 2.10021576e-04 6.05660334e-05 4.02780239e-05 1.11908728e-04 3.11907526e-05 5.25490264e-05 1.08657350e-04 6.63811457e-05 1.25239412e-04 1.52756306e-04 9.21012489e-05 6.70020573e-05 4.73419241e-06 8.81737797e-06 5.90304335e-06 2.31339780e-05 4.78102265e-06 1.57006218e-05 4.10259640e-05 3.59451369e-05 1.32628295e-05 4.33357073e-05 3.36588331e-05 1.35294831e-05 4.16797587e-05 4.94089926e-05 9.26156572e-06 3.74395024e-05 8.84346638e-05 2.29230136e-05 2.08943609e-04 3.52113409e-04 1.40845364e-05 1.30633136e-04 1.84686345e-05 2.65894283e-05 2.55600411e-04 4.34761020e-04 7.26740135e-05 1.89889660e-04 3.71263589e-05 1.12830087e-05 2.39950764e-05 1.24655370e-05 4.20017011e-07 1.16817166e-08 8.38720027e-10
 2006 11 03 12 00 00  3.58331333e-03 2.17445729e-03 1.19329499e-03 8.44812061e-04 5.99322608e-04 3.42704797e-04 2.41900554e-04 1.99903788e-04 4.04773710e-04 1.18217253e-04 2.80379489e-03 4.16480601e-03 2.10200470e-04 6.06957484e-05 4.03182001e-05 1.11976007e-04 3.11810436e-05 5.25371346e-05 1.08902171e-04 6.66012289e-05 1.25227271e-04 1.52740885e-04 9.21159494e-05 6.70355519e-05 4.73358159e-06 8.81198357e-06 5.90299278e-06 2.31393229e-05 4.78620641e-06 1.57085584e-05 4.10497618e-05 3.59417376e-05 1.32542627e-05 4.33620572e-05 3.39606224e-05 1.35293754e-05 4.17325752e-05 4.94456975e-05 9.25709246e-06 3.75282879e-05 8.85384640e-05 2.31115817e-05 2.09038531e-04 3.54882392e-04 1.41952957e-05 1.31375372e-04 1.84361779e-05 2.69564887e-05 2.56474262e-04 4.35759675e-04 7.31237178e-05 1.89584197e-04 3.67764506e-05 1.11561038e-05 2.37035871e-05 1.22865707e-05 4.13069472e-07 1.14057585e-08 8.15911427e-10
 2006 11 04 12 00 00  3.58870469e-03 2.17737337e-03 1.19519470e-03 8.46359423e-04 6.00764644e-04 3.43429516e-04 2.42582578e-04 2.00638468e-04 4.06696013e-04 1.18599468e-04 2.81928663e-03 4.19667512e-03 2.10867608e-04 6.07645505e-05 4.04030965e-05 1.12519786e-04 3.13587079e-05 5.30017074e-05 1.09090066e-04 6.65921252e-05 1.26203559e-04 1.53988416e-04 9.26185363e-05 6.71950723e-05 4.74636072e-06 8.78132341e-06 5.90824857e-06 2.31904552e-05 4.78625916e-06 1.57421080e-05 4.12643904e-05 3.60156613e-05 1.34005386e-05 4.35529865e-05 3.39621271e-05 1.35546812e-05 4.21432760e-05 5.00543857e-05 9.23159896e-06 3.77219827e-05 8.98116941e-05 2.31059967e-05 2.11242886e-04 3.54887989e-04 1.41955196e-05 1.33361356e-04 1.94298133e-05 2.69470096e-05 2.60012878e-04 4.39145380e-04 7.35425037e-05 1.91330042e-04 3.53609139e-05 1.06418173e-05 2.25179389e-05 1.15068714e-05 3.78734333e-07 9.68234595e-09 6.61374067e-10
 2006 11 05 12 00 00  3.58701632e-03 2.17670930e-03 1.19473484e-03 8.45902116e-04 6.00297162e-04 3.43177314e-04 2.42357164e-04 2.00399408e-04 4.06082768e-04 1.18527511e-04 2.81435175e-03 4.18604612e-03 2.10693925e-04 6.07747062e-05 4.03852162e-05 1.12344125e-04 3.12870281e-05 5.28315722e-05 1.09076218e-04 6.66543376e-05 1.25861864e-04 1.53552759e-04 9.24492208e-05 6.71302501e-05 4.74131666e-06 8.76540071e-06 5.90643140e-06 2.31702825e-05 4.78788570e-06 1.57312981e-05 4.11915780e-05 3.59866593e-05 1.33407826e-05 4.34768625e-05 3.40558967e-05 1.35461087e-05 4.20093307e-05 4.98458867e-05 9.21836254e-06 3.76461142e-05 8.93765298e-05 2.31606376e-05 2.10354618e-04 3.55743418e-04 1.42297367e-05 1.32836303e-04 1.90569233e-05 2.70542107e-05 2.58937758e-04 4.38081915e-04 7.35049979e-05 1.89704975e-04 3.46051535e-05 1.03672835e-05 2.18852418e-05 1.10933999e-05 3.60717297e-07 8.79286866e-09 5.82010928e-10
 2006 11 06 12 00 00  3.57765022e-03 2.17120624e-03 1.19119330e-03 8.43064165e-04 5.97672974e-04 3.41945889e-04 2.41171934e-04 1.99108063e-04 4.02724141e-04 1.17765669e-04 2.78736666e-03 4.13292050e-03 2.09452333e-04 6.05588838e-05 4.02129208e-05 1.11349947e-04 3.09679337e-05 5.20291040e-05 1.08529413e-04 6.65072585e-05 1.24203977e-04 1.51437008e-04 9.15832484e-05 6.67782141e-05 4.71857129e-06 8.74778707e-06 5.89755291e-06 2.30673344e-05 4.78476322e-06 1.56641588e-05 4.07932245e-05 3.58554098e-05 1.30767119e-05 4.30808553e-05 3.38721118e-05 1.35036869e-05 4.12519852e-05 4.87572340e-05 9.20371531e-06 3.71534205e-05 8.70601023e-05 2.30374382e-05 2.06078644e-04 3.54046687e-04 1.41618675e-05 1.28791109e-04 1.73240085e-05 2.68161792e-05 2.51997421e-04 4.31087926e-04 7.24178471e-05 1.84113049e-04 3.37990321e-05 1.00743924e-05 2.12099280e-05 1.06484093e-05 3.41055923e-07 7.80087426e-09 4.92923302e-10
 2006 11 07 12 00 00  3.56985409e-03 2.16616523e-03 1.18799428e-03 8.40604217e-04 5.95449757e-04 3.40959217e-04 2.40197366e-04 1.98035634e-04 3.99931899e-04 1.17036929e-04 2.76495682e-03 4.09041978e-03 2.08344547e-04 6.03028680e-05 4.00493318e-05 1.10504871e-04 3.07132461e-05 5.13878302e-05 1.07930122e-04 6.62495324e-05 1.22879936e-04 1.49745321e-04 9.08777125e-05 6.65168850e-05 4.70041159e-06 8.79826184e-06 5.89045267e-06 2.29838695e-05 4.77905160e-06 1.56043582e-05 4.04564556e-05 3.57506215e-05 1.28659667e-05 4.27815290e-05 3.35374905e-05 1.34697548e-05 4.06133561e-05 4.78576873e-05 9.24571505e-06 3.67805423e-05 8.51252995e-05 2.28195844e-05 2.02876816e-04 3.50965509e-04 1.40386204e-05 1.25091291e-04 1.59396150e-05 2.63939874e-05 2.45812418e-04 4.24971798e-04 7.12514176e-05 1.81649392e-04 3.59232800e-05 1.08466171e-05 2.29924436e-05 1.18466336e-05 3.95730444e-07 1.06940082e-08 7.56308971e-10
 2006 11 08 12 00 00  3.56633676e-03 2.16444949e-03 1.18685683e-03 8.39614668e-04 5.94496106e-04 3.40466316e-04 2.39743335e-04 1.97549714e-04 3.98670519e-04 1.16823554e-04 2.75478392e-03 4.06916812e-03 2.07936487e-04 6.02837285e-05 4.00011003e-05 1.10145536e-04 3.05834779e-05 5.10642305e-05 1.07848675e-04 6.63029612e-05 1.22214490e-04 1.48895630e-04 9.05401060e-05 6.64034113e-05 4.69117949e-06 8.80236112e-06 5.88689036e-06 2.29471399e-05 4.78023248e-06 1.55819592e-05 4.03095276e-05 3.56973731e-05 1.27584542e-05 4.26463545e-05 3.36067111e-05 1.34527625e-05 4.03397546e-05 4.74450582e-05 9.24912383e-06 3.66467782e-05 8.42619160e-05 2.28647274e-05 2.01296473e-04 3.51603018e-04 1.40641207e-05 1.23860881e-04 1.52393099e-05 2.64814589e-05 2.43513144e-04 4.22757098e-04 7.10517471e-05 1.79798505e-04 3.61059782e-05 1.09130084e-05 2.31455730e-05 1.19481602e-05 4.00261888e-07 1.09261826e-08 7.77253550e-10
 2006 11 09 12 00 00  3.57044837e-03 2.16742093e-03 1.18871545e-03 8.40980015e-04 5.95697122e-04 3.40959809e-04 2.40249395e-04 1.98114381e-04 4.00142732e-04 1.17272672e-04 2.76656888e-03 4.09041829e-03 2.08572416e-04 6.04734106e-05 4.01018975e-05 1.10603801e-04 3.07093665e-05 5.13830746e-05 1.08273640e-04 6.65349595e-05 1.22876300e-04 1.49739158e-04 9.09013317e-05 6.65947248e-05 4.70016748e-06 8.83646353e-06 5.89043229e-06 2.29963247e-05 4.78534748e-06 1.56160701e-05 4.04917491e-05 3.57492594e-05 1.28625412e-05 4.28473261e-05 3.39065416e-05 1.34697126e-05 4.06920396e-05 4.79192089e-05 9.27749279e-06 3.69563178e-05 8.52942021e-05 2.30606136e-05 2.03270670e-04 3.54364658e-04 1.41745863e-05 1.26105544e-04 1.59266376e-05 2.68609379e-05 2.47052129e-04 4.26512017e-04 7.18518696e-05 1.82937692e-04 3.75978599e-05 1.14552133e-05 2.43964726e-05 1.27811944e-05 4.37710713e-07 1.28655159e-08 9.52739310e-10
 2006 11 10 12 00 00  3.57251611e-03 2.16890993e-03 1.18964695e-03 8.41671535e-04 5.96309501e-04 3.41210149e-04 2.40505340e-04 1.98400014e-04 4.00884511e-04 1.17498078e-04 2.77251030e-03 4.10104468e-03 2.08891991e-04 6.05688524e-05 4.01524605e-05 1.10837718e-04 3.07761919e-05 5.15472610e-05 1.08488674e-04 6.66513224e-05 1.23212368e-04 1.50167093e-04 9.10844567e-05 6.67003261e-05 4.70490595e-06 8.86497655e-06 5.89222436e-06 2.30228650e-05 4.78790316e-06 1.56338946e-05 4.05873106e-05 3.57765617e-05 1.29180116e-05 4.29566828e-05 3.40563856e-05 1.34782313e-05 4.08738603e-05 4.81629733e-05 9.30121168e-06 3.71282727e-05 8.58269011e-05 2.31587794e-05 2.04339961e-04 3.55745231e-04 1.42298093e-05 1.27263406e-04 1.62832846e-05 2.70510616e-05 2.48878600e-04 4.28481573e-04 7.22598832e-05 1.84928731e-04 3.88486484e-05 1.19097879e-05 2.54451626e-05 1.34791124e-05 4.69052361e-07 1.44860543e-08 1.09931291e-09
 2006 11 11 12 00 00  3.58201569e-03 2.17472473e-03 1.19336618e-03 8.44589904e-04 5.98976926e-04 3.42437642e-04 2.41699361e-04 1.99705756e-04 4.04286243e-04 1.18317526e-04 2.79983229e-03 4.15416881e-03 2.10187393e-04 6.08236265e-05 4.03368493e-05 1.11849314e-04 3.10899457e-05 5.23431925e-05 1.09107637e-04 6.68650377e-05 1.24865450e-04 1.52274373e-04 9.19534151e-05 6.71135883e-05 4.72731481e-06 8.95312041e-06 5.90107520e-06 2.31314193e-05 4.79262744e-06 1.57029889e-05 4.09929396e-05 3.59059428e-05 1.31773719e-05 4.34033547e-05 3.43332125e-05 1.35205948e-05 4.16523550e-05 4.92628147e-05 9.37454097e-06 3.77420197e-05 8.81723620e-05 2.33393337e-05 2.08997957e-04 3.58294593e-04 1.43317837e-05 1.31567200e-04 1.79983574e-05 2.74009013e-05 2.56050452e-04 4.35971919e-04 7.34786861e-05 1.92701474e-04 4.26600772e-05 1.32951052e-05 2.86416740e-05 1.56137598e-05 5.65444839e-07 1.95106878e-08 1.55482720e-09
 2006 11 12 12 00 00  3.59336325e-03 2.18159200e-03 1.19776612e-03 8.48059980e-04 6.02157586e-04 3.43910442e-04 2.43127832e-04 2.01266171e-04 4.08350761e-04 1.19280348e-04 2.83247928e-03 4.21791673e-03 2.11722338e-04 6.11154666e-05 4.05538065e-05 1.13055065e-04 3.14666337e-05 5.32985374e-05 1.09823602e-04 6.70980487e-05 1.26847158e-04 1.54803382e-04 9.29940265e-05 6.75443193e-05 4.75421766e-06 8.97394784e-06 5.91169810e-06 2.32552746e-05 4.79773662e-06 1.57848863e-05 4.14735568e-05 3.60612554e-05 1.34887727e-05 4.38844117e-05 3.46328918e-05 1.35714348e-05 4.25709044e-05 5.05730223e-05 9.39185920e-06 3.83564316e-05 9.09644788e-05 2.35358501e-05 2.14136654e-04 3.61055830e-04 1.44422332e-05 1.36589407e-04 2.00570619e-05 2.77814572e-05 2.64551090e-04 4.44575596e-04 7.48917937e-05 1.99356229e-04 4.36300561e-05 1.36474951e-05 2.94539916e-05 1.61468933e-05 5.88844523e-07 2.06791590e-08 1.65944236e-09
 2006 11 13 12 00 00  3.59730952e-03 2.18421003e-03 1.19942217e-03 8.49321849e-04 6.03292140e-04 3.44404131e-04 2.43619892e-04 2.01809610e-04 4.09765448e-04 1.19663379e-04 2.84381944e-03 4.23916727e-03 2.12294844e-04 6.12583929e-05 4.06401653e-05 1.13486701e-04 3.15939775e-05 5.36191685e-05 1.10156097e-04 6.72514550e-05 1.27508956e-04 1.55649219e-04 9.33488770e-05 6.76724970e-05 4.76329733e-06 8.93890610e-06 5.91524804e-06 2.32973190e-05 4.80107119e-06 1.58158167e-05 4.16440150e-05 3.61136539e-05 1.35941445e-05 4.40321544e-05 3.48286441e-05 1.35884009e-05 4.28953346e-05 5.10276689e-05 9.36268916e-06 3.85410275e-05 9.19459076e-05 2.36649823e-05 2.15704684e-04 3.62860402e-04 1.45144161e-05 1.38514457e-04 2.07492529e-05 2.80313630e-05 2.67752215e-04 4.47729075e-04 7.55274254e-05 2.00348418e-04 4.22321660e-05 1.31391362e-05 2.82796516e-05 1.53468689e-05 5.51577133e-07 1.86497690e-08 1.47324215e-09
 2006 11 14 12 00 00  3.59188818e-03 2.18125386e-03 1.19749795e-03 8.47751585e-04 6.01826939e-04 3.43676516e-04 2.42932843e-04 2.01068025e-04 4.07828321e-04 1.19272686e-04 2.82822583e-03 4.20729592e-03 2.11617727e-04 6.11802591e-05 4.05524828e-05 1.12933821e-04 3.14133998e-05 5.31510101e-05 1.09941731e-04 6.72462862e-05 1.26527786e-04 1.54397046e-04 9.28434733e-05 6.74764218e-05 4.75033485e-06 8.92249009e-06 5.90997661e-06 2.32417058e-05 4.80085291e-06 1.57811724e-05 4.14251152e-05 3.60387086e-05 1.34452959e-05 4.38093113e-05 3.48164816e-05 1.35630646e-05 4.24740027e-05 5.04094731e-05 9.34901618e-06 3.82794978e-05 9.06493227e-05 2.36597567e-05 2.13235728e-04 3.62751777e-04 1.45100711e-05 1.36439990e-04 1.97458634e-05 2.80206790e-05 2.64113505e-04 4.44090790e-04 7.50725118e-05 1.97073534e-04 4.16373160e-05 1.29226592e-05 2.77788334e-05 1.49969505e-05 5.34658341e-07 1.76828749e-08 1.38340992e-09
 2006 11 15 12 00 00  3.59393177e-03 2.18270136e-03 1.19840585e-03 8.48428118e-04 6.02427381e-04 3.43924962e-04 2.43186002e-04 2.01350081e-04 4.08561811e-04 1.19490429e-04 2.83409569e-03 4.21792269e-03 2.11929875e-04 6.12712479e-05 4.06016598e-05 1.13162873e-04 3.14782897e-05 5.33128215e-05 1.10149200e-04 6.73552393e-05 1.26861218e-04 1.54821912e-04 9.30245723e-05 6.75736953e-05 4.75495108e-06 8.94223122e-06 5.91175849e-06 2.32667886e-05 4.80320268e-06 1.57982661e-05 4.15167027e-05 3.60653357e-05 1.34990551e-05 4.39114624e-05 3.49545560e-05 1.35715614e-05 4.26501781e-05 5.06478881e-05 9.36542565e-06 3.84358422e-05 9.11684830e-05 2.37513203e-05 2.14241129e-04 3.64025226e-04 1.45610091e-05 1.37548110e-04 2.00960363e-05 2.81977875e-05 2.65876695e-04 4.45967399e-04 7.54613091e-05 1.98810639e-04 4.25798341e-05 1.32650228e-05 2.85677915e-05 1.55118524e-05 5.57044484e-07 1.87840545e-08 1.48155390e-09
 2006 11 16 12 00 00  3.59590256e-03 2.18399215e-03 1.19922382e-03 8.49058932e-04 6.02998625e-04 3.44173759e-04 2.43433050e-04 2.01622777e-04 4.09269784e-04 1.19678824e-04 2.83977006e-03 4.22854796e-03 2.12213797e-04 6.13411588e-05 4.06443335e-05 1.13380259e-04 3.15441430e-05 5.34758088e-05 1.10314366e-04 6.74288021e-05 1.27194730e-04 1.55248285e-04 9.32030199e-05 6.76349063e-05 4.75962843e-06 8.91988821e-06 5.91354474e-06 2.32880405e-05 4.80476410e-06 1.58139965e-05 4.16031913e-05 3.60923004e-05 1.35536669e-05 4.39831736e-05 3.50464514e-05 1.35800685e-05 4.28131593e-05 5.08775032e-05 9.34681811e-06 3.85218602e-05 9.16650667e-05 2.38129331e-05 2.15010139e-04 3.64873670e-04 1.45949468e-05 1.38508486e-04 2.04494208e-05 2.83168280e-05 2.67492732e-04 4.47544115e-04 7.57765612e-05 1.99238183e-04 4.17529516e-05 1.29641532e-05 2.78719672e-05 1.50284414e-05 5.33861635e-07 1.74726893e-08 1.36003342e-09
 2006 11 17 12 00 00  3.58624741e-03 2.17782583e-03 1.19530383e-03 8.46045322e-04 6.00275971e-04 3.42949202e-04 2.42227652e-04 2.00298995e-04 4.05816263e-04 1.18794112e-04 2.81204582e-03 4.17542681e-03 2.10856806e-04 6.10414051e-05 4.04460165e-05 1.12346464e-04 3.12347634e-05 5.26852440e-05 1.09610424e-04 6.71386428e-05 1.25547386e-04 1.53147981e-04 9.23296368e-05 6.72173119e-05 4.73749496e-06 8.84208566e-06 5.90471645e-06 2.31785058e-05 4.79824739e-06 1.57423468e-05 4.11907840e-05 3.59644560e-05 1.32981673e-05 4.35333770e-05 3.46652087e-05 1.35377515e-05 4.20184994e-05 4.97670042e-05 9.28206937e-06 3.78902405e-05 8.92885308e-05 2.35669475e-05 2.10368080e-04 3.61365965e-04 1.44546386e-05 1.33960750e-04 1.87489873e-05 2.78396590e-05 2.60032128e-04 4.39752186e-04 7.44033836e-05 1.91944163e-04 3.85492082e-05 1.17993308e-05 2.51823945e-05 1.32107306e-05 4.50220062e-07 1.29940773e-08 9.50979118e-10
 2006 11 18 12 00 00  3.57868344e-03 2.17322421e-03 1.19235788e-03 8.43735246e-04 5.98165523e-04 3.41971152e-04 2.41277806e-04 1.99261344e-04 4.03109771e-04 1.18148399e-04 2.79030473e-03 4.13292944e-03 2.09831126e-04 6.08453955e-05 4.03008769e-05 1.11546590e-04 3.09878436e-05 5.20534988e-05 1.09134080e-04 6.69798406e-05 1.24231324e-04 1.51468647e-04 9.16381186e-05 6.69257975e-05 4.71982385e-06 8.81993255e-06 5.89765623e-06 2.30965455e-05 4.79469527e-06 1.56883741e-05 4.08732036e-05 3.58623773e-05 1.30942790e-05 4.32095199e-05 3.44573142e-05 1.35039038e-05 4.14084524e-05 4.88986076e-05 9.26362554e-06 3.74709948e-05 8.74401892e-05 2.34324412e-05 2.06920712e-04 3.59452746e-04 1.43781098e-05 1.30618499e-04 1.73905777e-05 2.75788130e-05 2.54406680e-04 4.34032861e-04 7.34618748e-05 1.87405087e-04 3.76947178e-05 1.14885112e-05 2.44640210e-05 1.27170847e-05 4.26923592e-07 1.17032883e-08 8.32002911e-10
 2006 11 19 12 00 00  3.58114999e-03 2.17280443e-03 1.19226929e-03 8.44058882e-04 5.98659780e-04 3.42447677e-04 2.41633115e-04 1.99602952e-04 4.03996574e-04 1.17960977e-04 2.79756552e-03 4.15417627e-03 2.09850078e-04 6.05794088e-05 4.02612017e-05 1.11721756e-04 3.11074196e-05 5.23646188e-05 1.08645425e-04 6.64507330e-05 1.24882188e-04 1.52302145e-04 9.19251988e-05 6.69077738e-05 4.72841530e-06 8.75959304e-06 5.90116579e-06 2.31078891e-05 4.78285510e-06 1.56878833e-05 4.09410454e-05 3.59120575e-05 1.31927954e-05 4.32320477e-05 3.37643869e-05 1.35207854e-05 4.15307196e-05 4.91823213e-05 9.21340761e-06 3.73130194e-05 8.79553218e-05 2.29842364e-05 2.07774221e-04 3.53075985e-04 1.41230394e-05 1.30029932e-04 1.80567964e-05 2.67096126e-05 2.54393373e-04 4.33466167e-04 7.26306710e-05 1.87271542e-04 3.52148722e-05 1.05868728e-05 2.23820815e-05 1.13093513e-05 3.62098190e-07 8.22855242e-09 5.14546894e-10
 2006 11 20 12 00 00  3.57413990e-03 2.16657535e-03 1.18846559e-03 8.41482018e-04 5.96510791e-04 3.41703467e-04 2.40800224e-04 1.98645587e-04 4.01493515e-04 1.16955820e-04 2.77760057e-03 4.12230268e-03 2.08577158e-04 6.00608950e-05 4.00377731e-05 1.10895004e-04 3.09205323e-05 5.18887246e-05 1.07547260e-04 6.57101744e-05 1.23891003e-04 1.51039940e-04 9.13480744e-05 6.65324934e-05 4.71505518e-06 8.68471834e-06 5.89586271e-06 2.30177842e-05 4.76627720e-06 1.56197799e-05 4.06127299e-05 3.58349091e-05 1.30383778e-05 4.28562905e-05 3.27942253e-05 1.34953822e-05 4.08905594e-05 4.83815317e-05 9.15109995e-06 3.66421356e-05 8.61614279e-05 2.23568655e-05 2.04389130e-04 3.44148116e-04 1.37659246e-05 1.25240116e-04 1.70323052e-05 2.54929182e-05 2.47320323e-04 4.25749898e-04 7.05990626e-05 1.81806469e-04 3.20998660e-05 9.45439224e-06 1.97675685e-05 9.54686470e-06 2.81318719e-07 3.92713728e-09 1.22274291e-10
 2006 11 21 12 00 00  3.55433697e-03 2.15321830e-03 1.18003765e-03 8.35143746e-04 5.90857105e-04 3.39250516e-04 2.38345090e-04 1.95932071e-04 3.94412117e-04 1.14994316e-04 2.72080356e-03 4.01605926e-03 2.05677468e-04 5.93244059e-05 3.95988915e-05 1.08743948e-04 3.03012843e-05 5.03069838e-05 1.05867326e-04 6.49007037e-05 1.20598075e-04 1.46838533e-04 8.95798133e-05 6.57264449e-05 4.67075661e-06 8.63031892e-06 5.87820286e-06 2.27961832e-05 4.74811168e-06 1.54663207e-05 3.97584813e-05 3.55790457e-05 1.25269449e-05 4.19814543e-05 3.17314232e-05 1.34107424e-05 3.92468396e-05 4.61117539e-05 9.10583040e-06 3.54067674e-05 8.12697868e-05 2.16707398e-05 1.95436296e-04 3.34369162e-04 1.33747665e-05 1.15384291e-04 1.36297880e-05 2.41620393e-05 2.31348604e-04 4.09280415e-04 6.73641969e-05 1.70208950e-04 2.98461826e-05 8.63502769e-06 1.78758220e-05 8.27028068e-06 2.22714556e-07 1.14227099e-09 1.00000000e-10
 2006 11 22 12 00 00  3.54632380e-03 2.14767307e-03 1.17655019e-03 8.32550464e-04 5.88559538e-04 3.38270716e-04 2.37355647e-04 1.94834984e-04 3.91547145e-04 1.14171706e-04 2.69784129e-03 3.97356302e-03 2.04481030e-04 5.90018817e-05 3.94147321e-05 1.07869125e-04 3.00558226e-05 4.96770313e-05 1.05138799e-04 6.45300024e-05 1.19283654e-04 1.45161522e-04 8.88696977e-05 6.53961244e-05 4.65317826e-06 8.60776636e-06 5.87115028e-06 2.27063494e-05 4.73982545e-06 1.54033351e-05 3.94131029e-05 3.54774849e-05 1.23243430e-05 4.16249066e-05 3.12464312e-05 1.33769106e-05 3.85790117e-05 4.51965920e-05 9.08705842e-06 3.48922217e-05 7.92923922e-05 2.13568099e-05 1.91828452e-04 3.29905664e-04 1.31962266e-05 1.11291774e-04 1.22762547e-05 2.35532789e-05 2.24779790e-04 4.02481024e-04 6.59744883e-05 1.65574099e-04 2.89346401e-05 8.30356571e-06 1.71102710e-05 7.75047365e-06 1.98622916e-07 2.74726375e-10 1.00000000e-10
 2006 11 23 12 00 00  3.54007442e-03 2.14582644e-03 1.17518484e-03 8.31068424e-04 5.86997396e-04 3.37299454e-04 2.36522124e-04 1.93971316e-04 3.89303738e-04 1.14042181e-04 2.67967916e-03 3.93106490e-03 2.03953398e-04 5.91733876e-05 3.93829727e-05 1.07288941e-04 2.98064697e-05 4.90423117e-05 1.05392481e-04 6.49868452e-05 1.17965652e-04 1.43478336e-04 8.82335611e-05 6.52338681e-05 4.63535471e-06 8.60982836e-06 5.86407805e-06 2.26493142e-05 4.75009656e-06 1.53759493e-05 3.91799253e-05 3.53745621e-05 1.21183126e-05 4.14102455e-05 3.18472390e-05 1.33430382e-05 3.81420298e-05 4.44683282e-05 9.08877337e-06 3.47797882e-05 7.78288443e-05 2.17441891e-05 1.88978801e-04 3.35433176e-04 1.34173270e-05 1.10163450e-04 1.09097266e-05 2.43047776e-05 2.21924256e-04 3.99993986e-04 6.63383556e-05 1.61912385e-04 2.90269520e-05 8.33711019e-06 1.71876365e-05 7.80171567e-06 2.00906228e-07 3.52810758e-10 1.00000000e-10
 2006 11 24 12 00 00  3.53705342e-03 2.14233217e-03 1.17310269e-03 8.29776192e-04 5.85988824e-04 3.37045674e-04 2.36182351e-04 1.93559801e-04 3.88225928e-04 1.13440943e-04 2.67114755e-03 3.92044000e-03 2.03271206e-04 5.88094539e-05 3.92495935e-05 1.06896341e-04 2.97430466e-05 4.88823047e-05 1.04643326e-04 6.44206943e-05 1.17634480e-04 1.43055815e-04 8.80111179e-05 6.50745956e-05 4.63083052e-06 8.61964581e-06 5.86230490e-06 2.26087198e-05 4.73747750e-06 1.53390424e-05 3.90266829e-05 3.53484502e-05 1.20658420e-05 4.12556681e-05 3.11084092e-05 1.33345573e-05 3.78418935e-05 4.41277203e-05 9.09694427e-06 3.44579257e-05 7.70269947e-05 2.12650222e-05 1.87769270e-04 3.28632394e-04 1.31452958e-05 1.07439988e-04 1.05644569e-05 2.33757906e-05 2.18099013e-04 3.95860647e-04 6.49795225e-05 1.61033351e-04 2.94265232e-05 8.48239838e-06 1.75231634e-05 8.02914174e-06 2.11418676e-07 7.30095451e-10 1.00000000e-10
 2006 11 25 12 00 00  3.54692239e-03 2.14896851e-03 1.17729160e-03 8.32922164e-04 5.88792420e-04 3.38268163e-04 2.37404633e-04 1.94909722e-04 3.91752232e-04 1.14413208e-04 2.69943633e-03 3.97355966e-03 2.04711499e-04 5.91702607e-05 3.94667902e-05 1.07962618e-04 3.00485350e-05 4.96681081e-05 1.05464314e-04 6.48140500e-05 1.19275478e-04 1.45149942e-04 8.88917049e-05 6.54666801e-05 4.65271951e-06 8.63626483e-06 5.87111281e-06 2.27171410e-05 4.74637782e-06 1.54145120e-05 3.94485126e-05 3.54749325e-05 1.23179154e-05 4.16830382e-05 3.16286780e-05 1.33768306e-05 3.86554683e-05 4.52533259e-05 9.11077659e-06 3.50553866e-05 7.94490159e-05 2.15990382e-05 1.92159352e-04 3.33417064e-04 1.33366825e-05 1.12297544e-04 1.22518977e-05 2.40240668e-05 2.25976874e-04 4.03949577e-04 6.65649326e-05 1.66442812e-04 3.01013113e-05 8.72776245e-06 1.80898234e-05 8.41345754e-06 2.29199123e-07 1.36894833e-09 1.00000000e-10
 2006 11 26 12 00 00  3.55671096e-03 2.15544656e-03 1.18138929e-03 8.36016186e-04 5.91558350e-04 3.39488787e-04 2.38618821e-04 1.96247909e-04 3.95248884e-04 1.15355533e-04 2.72749764e-03 4.02667895e-03 2.06122302e-04 5.95089742e-05 3.96772000e-05 1.09013835e-04 3.03525798e-05 5.04521304e-05 1.06239189e-04 6.51708513e-05 1.20914167e-04 1.47241777e-04 8.97680763e-05 6.58384962e-05 4.67451719e-06 8.63445239e-06 5.87991381e-06 2.28224961e-05 4.75449560e-06 1.54881168e-05 3.98636727e-05 3.56009114e-05 1.25687046e-05 4.20929302e-05 3.21029685e-05 1.34190908e-05 3.94555709e-05 4.63674508e-05 9.10927338e-06 3.56119804e-05 8.18407252e-05 2.19023932e-05 1.96418735e-04 3.37777556e-04 1.35111023e-05 1.17004803e-04 1.39344862e-05 2.46130716e-05 2.33669081e-04 4.11773501e-04 6.80698035e-05 1.71242312e-04 2.99927560e-05 8.68837756e-06 1.79992901e-05 8.35706171e-06 2.26945956e-07 1.30410189e-09 1.00000000e-10
 2006 11 27 12 00 00  3.57323486e-03 2.16756557e-03 1.18895327e-03 8.41514344e-04 5.96362051e-04 3.41454365e-04 2.40642572e-04 1.98507888e-04 4.01152204e-04 1.17192848e-04 2.77478497e-03 4.11167294e-03 2.08700030e-04 6.02872408e-05 4.00866807e-05 1.10847287e-04 3.08464165e-05 5.17156092e-05 1.07955013e-04 6.61356957e-05 1.23547227e-04 1.50600428e-04 9.12112292e-05 6.65529965e-05 4.70985869e-06 8.69346986e-06 5.89403317e-06 2.30127555e-05 4.77623362e-06 1.56245801e-05 4.05915698e-05 3.58050573e-05 1.29764812e-05 4.28511134e-05 3.33742268e-05 1.34867849e-05 4.08606177e-05 4.82555855e-05 9.15837809e-06 3.67639402e-05 8.59523550e-05 2.27209122e-05 2.03904403e-04 3.49471744e-04 1.39788698e-05 1.26038215e-04 1.66512968e-05 2.62012036e-05 2.47873069e-04 4.26627395e-04 7.13296123e-05 1.81121483e-04 3.24899955e-05 9.59616273e-06 2.00945585e-05 9.76365284e-06 2.90993999e-07 4.42281163e-09 1.66988157e-10
 2006 11 28 12 00 00  3.57732400e-03 2.17053436e-03 1.19080805e-03 8.42858775e-04 5.97534236e-04 3.41941927e-04 2.41142166e-04 1.99064317e-04 4.02609311e-04 1.17639899e-04 2.78647011e-03 4.13291976e-03 2.09330873e-04 6.04704665e-05 4.01856326e-05 1.11294272e-04 3.09659983e-05 5.20267233e-05 1.08355346e-04 6.63592713e-05 1.24201632e-04 1.51433925e-04 9.15681972e-05 6.67557973e-05 4.71844905e-06 8.74772813e-06 5.89754272e-06 2.30610536e-05 4.78139700e-06 1.56572449e-05 4.07699461e-05 3.58547346e-05 1.30749992e-05 4.30600955e-05 3.36754398e-05 1.35036666e-05 4.12079437e-05 4.87200664e-05 9.20352468e-06 3.70952356e-05 8.69586782e-05 2.29116282e-05 2.05942530e-04 3.52238556e-04 1.40895422e-05 1.28243625e-04 1.73175213e-05 2.65719107e-05 2.51293455e-04 4.30324784e-04 7.20995456e-05 1.84775912e-04 3.47879217e-05 1.04314893e-05 2.20225621e-05 1.10576792e-05 3.49896659e-07 7.52889875e-09 4.49488535e-10
 2006 11 29 12 00 00  3.57995785e-03 2.17327596e-03 1.19245589e-03 8.43899766e-04 5.98357680e-04 3.42185537e-04 2.41442040e-04 1.99418297e-04 4.03542801e-04 1.18098442e-04 2.79389890e-03 4.14354131e-03 2.09871843e-04 6.07280405e-05 4.02863549e-05 1.11612919e-04 3.10211733e-05 5.21766255e-05 1.08880980e-04 6.67500077e-05 1.24522577e-04 1.51843343e-04 9.17696831e-05 6.68875020e-05 4.72245410e-06 8.74746038e-06 5.89927367e-06 2.30929419e-05 4.79031260e-06 1.56849835e-05 4.08934737e-05 3.58779565e-05 1.31201872e-05 4.31893969e-05 3.41961510e-05 1.35120586e-05 4.14527288e-05 4.90087234e-05 9.20330349e-06 3.73490237e-05 8.76195296e-05 2.32440390e-05 2.07017242e-04 3.57024994e-04 1.42809998e-05 1.30305953e-04 1.76352070e-05 2.72174628e-05 2.54211349e-04 4.33474702e-04 7.30693416e-05 1.85774376e-04 3.47672871e-05 1.04240108e-05 2.20054098e-05 1.10474417e-05 3.49522261e-07 7.51606795e-09 4.48496618e-10
 2006 11 30 12 00 00  3.57094778e-03 2.16571534e-03 1.18780982e-03 8.40670840e-04 5.95616642e-04 3.41189646e-04 2.40357508e-04 1.98182046e-04 4.00318367e-04 1.16896590e-04 2.76816242e-03 4.10103947e-03 2.08305643e-04 6.01316583e-05 4.00178594e-05 1.10560561e-04 3.07655107e-05 5.15341701e-05 1.07597161e-04 6.59235928e-05 1.23195325e-04 1.50150111e-04 9.10113256e-05 6.64794251e-05 4.70423329e-06 8.73817989e-06 5.89216870e-06 2.29830658e-05 4.77199646e-06 1.56001044e-05 4.04765897e-05 3.57728248e-05 1.29085849e-05 4.27650777e-05 3.31231306e-05 1.34781149e-05 4.06483898e-05 4.79735881e-05 9.19558224e-06 3.66434921e-05 8.53147908e-05 2.25454554e-05 2.03058062e-04 3.47144669e-04 1.38857868e-05 1.24529019e-04 1.62475626e-05 2.58636341e-05 2.45428670e-04 4.24218970e-04 7.06906832e-05 1.81240770e-04 3.43695718e-05 1.02794473e-05 2.16717998e-05 1.08241746e-05 3.39405729e-07 6.98608851e-09 4.00383060e-10
 2006 12 01 12 00 00  3.57018415e-03 2.16417536e-03 1.18692378e-03 8.40182132e-04 5.95273673e-04 3.41177338e-04 2.40284111e-04 1.98074468e-04 4.00041110e-04 1.16606315e-04 2.76603287e-03 4.10103612e-03 2.08021882e-04 5.99199615e-05 3.99527134e-05 1.10423385e-04 3.07577458e-05 5.15246473e-05 1.07163719e-04 6.55718381e-05 1.23185149e-04 1.50137772e-04 9.09743932e-05 6.64082879e-05 4.70374471e-06 8.73154204e-06 5.89212832e-06 2.29665569e-05 4.76434579e-06 1.55832869e-05 4.04223757e-05 3.57701065e-05 1.29017310e-05 4.27028866e-05 3.26740061e-05 1.34780305e-05 4.05423895e-05 4.78807583e-05 9.19005906e-06 3.64755828e-05 8.50620088e-05 2.22493109e-05 2.02703885e-04 3.43004448e-04 1.37201779e-05 1.23227292e-04 1.62215933e-05 2.52904749e-05 2.43725379e-04 4.22279112e-04 6.99272976e-05 1.80825260e-04 3.40975694e-05 1.01805488e-05 2.14434276e-05 1.06696485e-05 3.32282106e-07 6.60367245e-09 3.65430708e-10
 2006 12 02 12 00 00  3.57628691e-03 2.16858520e-03 1.18968103e-03 8.42178678e-04 5.97013152e-04 3.41904747e-04 2.41029028e-04 1.98903610e-04 4.02215121e-04 1.17268736e-04 2.78346031e-03 4.13290486e-03 2.08959752e-04 6.01899176e-05 4.00996325e-05 1.11086237e-04 3.09329829e-05 5.19862573e-05 1.07754669e-04 6.58994541e-05 1.24160605e-04 1.51381447e-04 9.15063832e-05 6.66823239e-05 4.71637104e-06 8.77524071e-06 5.89737137e-06 2.30349751e-05 4.77188805e-06 1.56311160e-05 4.06828074e-05 3.58431775e-05 1.30458662e-05 4.29904673e-05 3.31141200e-05 1.35033071e-05 4.10521685e-05 4.85671922e-05 9.22641411e-06 3.69175164e-05 8.65464460e-05 2.25285781e-05 2.05536621e-04 3.47047865e-04 1.38819146e-05 1.26450557e-04 1.72071144e-05 2.58331769e-05 2.48760076e-04 4.27609094e-04 7.10582110e-05 1.85089070e-04 3.59705246e-05 1.08613399e-05 2.30144885e-05 1.17210414e-05 3.79920095e-07 9.09913531e-09 5.91973759e-10
 2006 12 03 12 00 00  3.56715812e-03 2.16359274e-03 1.18643185e-03 8.39488493e-04 5.94482553e-04 3.40672726e-04 2.39863513e-04 1.97642233e-04 3.98938225e-04 1.16602168e-04 2.75711029e-03 4.07977737e-03 2.07809264e-04 6.00407679e-05 3.99479434e-05 1.10129612e-04 3.06114700e-05 5.11808030e-05 1.07337491e-04 6.58646924e-05 1.22500335e-04 1.49261840e-04 9.06493750e-05 6.63660351e-05 4.69347287e-06 8.77892671e-06 5.88848015e-06 2.29370959e-05 4.77134417e-06 1.55684771e-05 4.02990892e-05 3.57110839e-05 1.27796520e-05 4.26240236e-05 3.30808572e-05 1.34608592e-05 4.03265324e-05 4.75021685e-05 9.22947947e-06 3.65035070e-05 8.42946462e-05 2.25010706e-05 2.01444548e-04 3.46734305e-04 1.38693722e-05 1.22812088e-04 1.54660855e-05 2.57810665e-05 2.42299131e-04 4.21235936e-04 7.02054303e-05 1.80230610e-04 3.61445202e-05 1.09245469e-05 2.31601678e-05 1.18163674e-05 3.84083077e-07 9.30537727e-09 6.10395068e-10
 2006 12 04 12 00 00  3.56610168e-03 2.16422930e-03 1.18671915e-03 8.39432261e-04 5.94288255e-04 3.40427066e-04 2.39696302e-04 1.97489368e-04 3.98550852e-04 1.16774595e-04 2.75391545e-03 4.06914987e-03 2.07872827e-04 6.02269145e-05 3.99842933e-05 1.10063312e-04 3.05422087e-05 5.10136422e-05 1.07679463e-04 6.62205799e-05 1.22165576e-04 1.48830037e-04 9.05085497e-05 6.64575527e-05 4.68858161e-06 8.90461088e-06 5.88667608e-06 2.29383825e-05 4.77946742e-06 1.55709862e-05 4.02729123e-05 3.56829289e-05 1.27220381e-05 4.26806438e-05 3.35552730e-05 1.34523143e-05 4.02918828e-05 4.73722755e-05 9.33405026e-06 3.67463695e-05 8.40683693e-05 2.28038509e-05 2.01522188e-04 3.51095089e-04 1.40438035e-05 1.23445681e-04 1.51013097e-05 2.63690919e-05 2.42592523e-04 4.22167804e-04 7.07974848e-05 1.83257362e-04 4.14997167e-05 1.28711547e-05 2.76527216e-05 1.48272116e-05 5.20813870e-07 1.64914528e-08 1.26336248e-09
 2006 12 05 12 00 00  3.57370925e-03 2.16894688e-03 1.18973059e-03 8.41766685e-04 5.96406912e-04 3.41401875e-04 2.40647623e-04 1.98530134e-04 4.01269339e-04 1.17441331e-04 2.77575422e-03 4.11164537e-03 2.08917313e-04 6.04359339e-05 4.01335085e-05 1.10866580e-04 3.07852490e-05 5.16406319e-05 1.08177293e-04 6.64023217e-05 1.23479199e-04 1.50503207e-04 9.11999311e-05 6.68189610e-05 4.70600753e-06 9.01891908e-06 5.89371593e-06 2.30261078e-05 4.78363145e-06 1.56252724e-05 4.05937772e-05 3.57836456e-05 1.29225009e-05 4.30624944e-05 3.37983831e-05 1.34861199e-05 4.09146718e-05 4.82451028e-05 9.42915431e-06 3.72971262e-05 8.59257001e-05 2.29586120e-05 2.05435116e-04 3.53329233e-04 1.41331693e-05 1.26913539e-04 1.64467448e-05 2.66697345e-05 2.48271025e-04 4.28248049e-04 7.17804118e-05 1.90745893e-04 4.63930939e-05 1.46498368e-05 3.17574564e-05 1.75750220e-05 6.45374809e-07 2.30209295e-08 1.85623570e-09
 2006 12 06 12 00 00  3.58051097e-03 2.17474316e-03 1.19328561e-03 8.44211347e-04 5.98466859e-04 3.42144647e-04 2.41461637e-04 1.99459315e-04 4.03698034e-04 1.18365162e-04 2.79514840e-03 4.14351895e-03 2.10111369e-04 6.08956568e-05 4.03388251e-05 1.11657708e-04 3.09721392e-05 5.21165261e-05 1.09156477e-04 6.70447072e-05 1.24469305e-04 1.51765413e-04 9.17680743e-05 6.71486840e-05 4.71936801e-06 9.05361012e-06 5.89901974e-06 2.31097784e-05 4.79804512e-06 1.56890873e-05 4.09077574e-05 3.58607940e-05 1.30769185e-05 4.33992530e-05 3.46416899e-05 1.35115246e-05 4.15234768e-05 4.90213583e-05 9.45800421e-06 3.78733154e-05 8.76539117e-05 2.35030864e-05 2.08537932e-04 3.61088628e-04 1.44435451e-05 1.31327820e-04 1.74712404e-05 2.77258427e-05 2.54898544e-04 4.35338219e-04 7.36030120e-05 1.95037503e-04 4.79663166e-05 1.52214748e-05 3.30756302e-05 1.84454615e-05 6.83969080e-07 2.49786531e-08 2.03232986e-09
 2006 12 07 12 00 00  3.58231390e-03 2.17568100e-03 1.19390069e-03 8.44735420e-04 5.98967035e-04 3.42393168e-04 2.41693767e-04 1.99709422e-04 4.04345839e-04 1.18487147e-04 2.80036600e-03 4.15414572e-03 2.10330863e-04 6.09169171e-05 4.03665173e-05 1.11846696e-04 3.10389674e-05 5.22807124e-05 1.09221998e-04 6.70370297e-05 1.24802415e-04 1.52193346e-04 9.19397916e-05 6.71521324e-05 4.72410647e-06 8.97050704e-06 5.90081072e-06 2.31241958e-05 4.79784139e-06 1.57014766e-05 4.09829508e-05 3.58880992e-05 1.31323861e-05 4.34220151e-05 3.46299435e-05 1.35200404e-05 4.16589767e-05 4.92308652e-05 9.38884623e-06 3.78441051e-05 8.80975604e-05 2.34963154e-05 2.08940889e-04 3.60981570e-04 1.44392628e-05 1.31968116e-04 1.78278860e-05 2.77125422e-05 2.56161020e-04 4.36320928e-04 7.37470432e-05 1.93521096e-04 4.45339721e-05 1.39735632e-05 3.01943309e-05 1.64996424e-05 5.94537417e-07 2.01978274e-08 1.59586797e-09
 2006 12 08 12 00 00  3.58236722e-03 2.17576341e-03 1.19394874e-03 8.44771658e-04 5.98999718e-04 3.42397941e-04 2.41701149e-04 1.99719170e-04 4.04367515e-04 1.18503125e-04 2.80053448e-03 4.15414795e-03 2.10347657e-04 6.09293152e-05 4.03702943e-05 1.11859763e-04 3.10438249e-05 5.22866671e-05 1.09249853e-04 6.70566922e-05 1.24807386e-04 1.52201070e-04 9.19446040e-05 6.71259507e-05 4.72441207e-06 8.92555327e-06 5.90083619e-06 2.31235151e-05 4.79822447e-06 1.57032523e-05 4.09887584e-05 3.58897960e-05 1.31366731e-05 4.34005018e-05 3.46527289e-05 1.35200942e-05 4.16648150e-05 4.92405057e-05 9.35142671e-06 3.77969413e-05 8.81246164e-05 2.35125044e-05 2.08755385e-04 3.61193021e-04 1.44477208e-05 1.32038422e-04 1.78441289e-05 2.77436367e-05 2.56317822e-04 4.36351988e-04 7.37979813e-05 1.92257283e-04 4.27360284e-05 1.33197325e-05 2.86839978e-05 1.54713958e-05 5.46686627e-07 1.75956430e-08 1.35719942e-09
 2006 12 09 12 00 00  3.59836148e-03 2.18393668e-03 1.19932699e-03 8.49326648e-04 6.03332235e-04 3.44598349e-04 2.43750567e-04 2.01921184e-04 4.10099128e-04 1.19548013e-04 2.84668807e-03 4.24976908e-03 2.12263274e-04 6.10807801e-05 4.06074751e-05 1.13492797e-04 3.16069199e-05 5.37172949e-05 1.09749311e-04 6.69277739e-05 1.27774870e-04 1.55991500e-04 9.34602509e-05 6.76207396e-05 4.76464375e-06 8.86872367e-06 5.91675926e-06 2.32842590e-05 4.79524388e-06 1.58047530e-05 4.16393105e-05 3.61220940e-05 1.36020579e-05 4.39934588e-05 3.44789121e-05 1.35963317e-05 4.28975201e-05 5.10878805e-05 9.30412280e-06 3.83880183e-05 9.19931722e-05 2.34025138e-05 2.15625822e-04 3.59596519e-04 1.43838608e-05 1.37787383e-04 2.09256934e-05 2.75298313e-05 2.66865494e-04 4.46480180e-04 7.48958684e-05 1.99287176e-04 4.04517198e-05 1.24890614e-05 2.67653099e-05 1.41668000e-05 4.86093489e-07 1.43092088e-08 1.05598623e-09
 2006 12 10 12 00 00  3.59862875e-03 2.18445370e-03 1.19962471e-03 8.49498894e-04 6.03459078e-04 3.44606345e-04 2.43778139e-04 2.01960520e-04 4.10197502e-04 1.19645669e-04 2.84745025e-03 4.24977243e-03 2.12359525e-04 6.11518054e-05 4.06293147e-05 1.13543585e-04 3.16137157e-05 5.37256245e-05 1.09895319e-04 6.70451438e-05 1.27782378e-04 1.56002303e-04 9.34752838e-05 6.76140079e-05 4.76507157e-06 8.82468958e-06 5.91679491e-06 2.32880516e-05 4.79779410e-06 1.58111851e-05 4.16605387e-05 3.61244718e-05 1.36080562e-05 4.39887006e-05 3.46285960e-05 1.35964045e-05 4.29329130e-05 5.11231276e-05 9.26746579e-06 3.83869367e-05 9.20899658e-05 2.35013009e-05 2.15533672e-04 3.60976466e-04 1.44390586e-05 1.38221114e-04 2.09484249e-05 2.77210027e-05 2.67494085e-04 4.47047497e-04 7.51583277e-05 1.98127239e-04 3.87173831e-05 1.18582945e-05 2.53079233e-05 1.31707066e-05 4.39463153e-07 1.17530497e-08 8.21039325e-10
 2006 12 11 12 00 00  3.60195879e-03 2.18577449e-03 1.20053636e-03 8.50372201e-04 6.04337445e-04 3.45098009e-04 2.44216030e-04 2.02422538e-04 4.11394783e-04 1.19785535e-04 2.85711642e-03 4.27102409e-03 2.12697359e-04 6.11207361e-05 4.06620090e-05 1.13872627e-04 3.17434868e-05 5.40492416e-05 1.09881463e-04 6.69070927e-05 1.28448540e-04 1.56852008e-04 9.38048353e-05 6.77328665e-05 4.77430403e-06 8.84972615e-06 5.92035758e-06 2.33233612e-05 4.79461924e-06 1.58298024e-05 4.17951090e-05 3.61777144e-05 1.37155715e-05 4.41286151e-05 3.44433211e-05 1.36133982e-05 4.31847640e-05 5.15172161e-05 9.28828085e-06 3.85209556e-05 9.29012885e-05 2.33836487e-05 2.17191892e-04 3.59274228e-04 1.43709691e-05 1.39157771e-04 2.16487417e-05 2.74923892e-05 2.69403788e-04 4.48912732e-04 7.51782270e-05 2.00960888e-04 3.98996909e-05 1.22877867e-05 2.62978023e-05 1.38183424e-05 4.67738795e-07 1.31533007e-08 9.46092982e-10
 2006 12 12 12 00 00  3.59068490e-03 2.17899395e-03 1.19618810e-03 8.46955105e-04 6.01212263e-04 3.43635826e-04 2.42800306e-04 2.00878286e-04 4.07363288e-04 1.18840321e-04 2.82472500e-03 4.20728028e-03 2.11182727e-04 6.08442947e-05 4.04496760e-05 1.12689005e-04 3.13779601e-05 5.31075697e-05 1.09207095e-04 6.66972424e-05 1.26485949e-04 1.54340725e-04 9.27731788e-05 6.74526588e-05 4.74810404e-06 9.02681059e-06 5.90979325e-06 2.32167137e-05 4.78987313e-06 1.57510033e-05 4.13334934e-05 3.60263075e-05 1.34140224e-05 4.37764929e-05 3.41658451e-05 1.35626804e-05 4.23046983e-05 5.02391384e-05 9.43560808e-06 3.81817436e-05 9.01849219e-05 2.32054706e-05 2.13142662e-04 3.56722337e-04 1.42688935e-05 1.34414640e-04 1.96273584e-05 2.71465746e-05 2.61162105e-04 4.41197931e-04 7.38353729e-05 2.00803375e-04 4.75115250e-05 1.50545213e-05 3.26823459e-05 1.80880825e-05 6.60985341e-07 2.32601870e-08 1.86320470e-09
 2006 12 13 12 00 00  3.58672726e-03 2.17630317e-03 1.19449162e-03 8.45690570e-04 6.00090465e-04 3.43149553e-04 2.42311695e-04 2.00337865e-04 4.05949470e-04 1.18444575e-04 2.81339283e-03 4.18603346e-03 2.10600277e-04 6.06941147e-05 4.03609953e-05 1.12262443e-04 3.12588701e-05 5.27970551e-05 1.08865217e-04 6.65298488e-05 1.25830735e-04 1.53508003e-04 9.24221048e-05 6.72206249e-05 4.73954387e-06 8.91471936e-06 5.90628551e-06 2.31670408e-05 4.78612237e-06 1.57210048e-05 4.11640759e-05 3.59768019e-05 1.33159352e-05 4.35420153e-05 3.39463877e-05 1.35458031e-05 4.19693918e-05 4.97862853e-05 9.34233103e-06 3.78029181e-05 8.92126584e-05 2.30636346e-05 2.10861532e-04 3.54702867e-04 1.41881147e-05 1.32391374e-04 1.89627608e-05 2.68714939e-05 2.58011297e-04 4.37631160e-04 7.31854340e-05 1.95421242e-04 4.28458879e-05 1.33583040e-05 2.87663854e-05 1.54485897e-05 5.40033329e-07 1.68213528e-08 1.27605118e-09
 2006 12 14 12 00 00  3.58225390e-03 2.17254721e-03 1.19218390e-03 8.44100407e-04 5.98748864e-04 3.42658002e-04 2.41776136e-04 1.99728035e-04 4.04353107e-04 1.17849132e-04 2.80064505e-03 4.16478664e-03 2.09824652e-04 6.04020006e-05 4.02285360e-05 1.11747762e-04 3.11378390e-05 5.24841656e-05 1.08241732e-04 6.61251019e-05 1.25175150e-04 1.52672198e-04 9.20478175e-05 6.70066357e-05 4.73086184e-06 8.89038856e-06 5.90276868e-06 2.31132065e-05 4.77703979e-06 1.56801908e-05 4.09618838e-05 3.59266123e-05 1.32161324e-05 4.33226035e-05 3.34149925e-05 1.35289069e-05 4.15741625e-05 4.92797873e-05 9.32207477e-06 3.74309913e-05 8.80895938e-05 2.27205630e-05 2.08826715e-04 3.49813445e-04 1.39925378e-05 1.29557899e-04 1.82916760e-05 2.62060406e-05 2.53751117e-04 4.33077462e-04 7.20269219e-05 1.92678839e-04 4.18869575e-05 1.30095488e-05 2.79605926e-05 1.48979423e-05 5.14262388e-07 1.54091410e-08 1.14626086e-09
 2006 12 15 12 00 00  3.56667590e-03 2.16239946e-03 1.18575026e-03 8.39197129e-04 5.94341064e-04 3.40699727e-04 2.39836788e-04 1.97593404e-04 3.98782014e-04 1.16380833e-04 2.75593953e-03 4.07979228e-03 2.07602773e-04 5.98843781e-05 3.98995019e-05 1.10073095e-04 3.06449656e-05 5.12218685e-05 1.07039916e-04 6.55969779e-05 1.22542828e-04 1.49315080e-04 9.06458989e-05 6.63505551e-05 4.69558145e-06 8.79878717e-06 5.88865441e-06 2.29382371e-05 4.76519344e-06 1.55631712e-05 4.02965767e-05 3.57228069e-05 1.28092128e-05 4.26135046e-05 3.27218848e-05 1.34612230e-05 4.02907470e-05 4.74931955e-05 9.24585329e-06 3.64348499e-05 8.42579529e-05 2.22729679e-05 2.01530193e-04 3.43435923e-04 1.37374369e-05 1.22089644e-04 1.55781032e-05 2.53378617e-05 2.41554404e-04 4.20408120e-04 6.96978232e-05 1.81963960e-04 3.80465372e-05 1.16134109e-05 2.47377359e-05 1.27294923e-05 4.15172161e-07 1.01548430e-08 6.67644517e-10
 2006 12 16 12 00 00  3.55186694e-03 2.15386611e-03 1.18024235e-03 8.34777034e-04 5.90251794e-04 3.38745374e-04 2.37965097e-04 1.95559891e-04 3.93480538e-04 1.15214683e-04 2.71332448e-03 3.99479866e-03 2.05671948e-04 5.95805471e-05 3.96364575e-05 1.08526132e-04 3.01506399e-05 4.99578018e-05 1.06259933e-04 6.54273434e-05 1.19908862e-04 1.45955666e-04 8.92763560e-05 6.57567297e-05 4.66021047e-06 8.70248405e-06 5.87453214e-06 2.27765610e-05 4.76145578e-06 1.54616656e-05 3.96806977e-05 3.55184980e-05 1.24010097e-05 4.19567086e-05 3.25027941e-05 1.33935231e-05 3.91067479e-05 4.57874847e-05 9.16572390e-06 3.55935065e-05 8.06491361e-05 2.21297581e-05 1.94487393e-04 3.41417841e-04 1.36567136e-05 1.15903558e-04 1.28596788e-05 2.50604469e-05 2.30972688e-04 4.09565807e-04 6.81286268e-05 1.71174542e-04 3.39673114e-05 1.01305597e-05 2.13152016e-05 1.04324675e-05 3.10620850e-07 4.64208805e-09 1.66269132e-10
 2006 12 17 12 00 00  3.54140833e-03 2.14604404e-03 1.17537136e-03 8.31253958e-04 5.87182912e-04 3.37512654e-04 2.36685919e-04 1.94126826e-04 3.89740357e-04 1.14019007e-04 2.68338915e-03 3.94167602e-03 2.04013288e-04 5.90573706e-05 3.93692816e-05 1.07353709e-04 2.98383471e-05 4.91636572e-05 1.05107347e-04 6.47642068e-05 1.18259007e-04 1.43850723e-04 8.83668348e-05 6.53101128e-05 4.63789329e-06 8.68190546e-06 5.86568822e-06 2.26552827e-05 4.74666558e-06 1.53731176e-05 3.92160634e-05 3.53896292e-05 1.21429373e-05 4.14817454e-05 3.16368969e-05 1.33511741e-05 3.82107576e-05 4.45892920e-05 9.14860284e-06 3.48676060e-05 7.80297146e-05 2.15684195e-05 1.89825812e-04 3.33447690e-04 1.33379076e-05 1.10040092e-04 1.11494948e-05 2.39720990e-05 2.21775356e-04 3.99977824e-04 6.59562266e-05 1.65438530e-04 3.30874015e-05 9.81072053e-06 2.05770835e-05 9.93821279e-06 2.88205764e-07 3.46632589e-09 5.94910787e-11
 2006 12 18 12 00 00  3.53312134e-03 2.13994546e-03 1.17156583e-03 8.28486153e-04 5.84763586e-04 3.36528334e-04 2.35670344e-04 1.92991544e-04 3.86776769e-04 1.13092302e-04 2.65966471e-03 3.89917791e-03 2.02715392e-04 5.86598445e-05 3.91620221e-05 1.06430135e-04 2.95899692e-05 4.85301280e-05 1.04226363e-04 6.42686791e-05 1.16938879e-04 1.42169081e-04 8.76434102e-05 6.49015774e-05 4.62013122e-06 8.58378771e-06 5.85862072e-06 2.25547508e-05 4.73562468e-06 1.53041064e-05 3.88484611e-05 3.52870498e-05 1.19377648e-05 4.10585831e-05 3.09904543e-05 1.33173118e-05 3.74970128e-05 4.36370268e-05 9.06696368e-06 3.41965427e-05 7.59547268e-05 2.11490624e-05 1.85717731e-04 3.27497233e-04 1.30998893e-05 1.05432162e-04 9.78621829e-06 2.31590922e-05 2.14598074e-04 3.92256308e-04 6.42954157e-05 1.58317669e-04 2.89221935e-05 8.29663554e-06 1.70825648e-05 7.59412694e-06 1.81602284e-07 1.00000000e-10 1.00000000e-10
 2006 12 19 12 00 00  3.52566427e-03 2.13557885e-03 1.16875436e-03 8.26242274e-04 5.82693614e-04 3.35549247e-04 2.34728943e-04 1.91966971e-04 3.84106687e-04 1.12490370e-04 2.63820601e-03 3.85667942e-03 2.01731372e-04 5.84943775e-05 3.90263277e-05 1.05646506e-04 2.93411053e-05 4.78960021e-05 1.03808780e-04 6.41615014e-05 1.15620190e-04 1.40486652e-04 8.69554912e-05 6.46126305e-05 4.60233859e-06 8.55355102e-06 5.85155140e-06 2.24736867e-05 4.73326436e-06 1.52520445e-05 3.85362369e-05 3.51842958e-05 1.17321622e-05 4.07366946e-05 3.08520772e-05 1.32834422e-05 3.68987339e-05 4.27772728e-05 9.04180706e-06 3.37884184e-05 7.41310885e-05 2.10585873e-05 1.82259597e-04 3.26222530e-04 1.30489012e-05 1.02259341e-04 8.42130466e-06 2.29838275e-05 2.09181307e-04 3.86751038e-04 6.34600705e-05 1.53448920e-04 2.76317352e-05 7.82756083e-06 1.60000152e-05 6.86890260e-06 1.48688318e-07 1.00000000e-10 1.00000000e-10
 2006 12 20 12 00 00  3.52915250e-03 2.13725238e-03 1.16986735e-03 8.27212330e-04 5.83629148e-04 3.36038891e-04 2.35178771e-04 1.92447553e-04 3.85356570e-04 1.12695644e-04 2.64828492e-03 3.87792960e-03 2.02130947e-04 5.85078414e-05 3.90728219e-05 1.05998556e-04 2.94674828e-05 4.82154486e-05 1.03877903e-04 6.40991144e-05 1.16280925e-04 1.41330954e-04 8.72900953e-05 6.47103849e-05 4.61135678e-06 8.53160018e-06 5.85509661e-06 2.25078664e-05 4.73188702e-06 1.52733880e-05 3.86777678e-05 3.52363480e-05 1.18366777e-05 4.08581374e-05 3.07713461e-05 1.33003981e-05 3.71640829e-05 4.31816468e-05 9.02354150e-06 3.38932844e-05 7.49737516e-05 2.10058890e-05 1.83721070e-04 3.25479039e-04 1.30191615e-05 1.03422111e-04 9.11025563e-06 2.28817313e-05 2.11391213e-04 3.88816937e-04 6.36344206e-05 1.54706224e-04 2.67072193e-05 7.49147443e-06 1.52242410e-05 6.34751943e-06 1.25488572e-07 1.00000000e-10 1.00000000e-10
 2006 12 21 12 00 00  3.52959826e-03 2.13816200e-03 1.17038929e-03 8.27494073e-04 5.83822151e-04 3.36045434e-04 2.35220254e-04 1.92508253e-04 3.85514665e-04 1.12866171e-04 2.64951700e-03 3.87793183e-03 2.02296166e-04 5.86284889e-05 3.91100376e-05 1.06075971e-04 2.94713653e-05 4.82202129e-05 1.04117547e-04 6.43006293e-05 1.16286238e-04 1.41337134e-04 8.73113003e-05 6.47570748e-05 4.61160198e-06 8.54245955e-06 5.85511661e-06 2.25176551e-05 4.73643340e-06 1.52830212e-05 3.87108809e-05 3.52377101e-05 1.18401047e-05 4.08979811e-05 3.10371863e-05 1.33004403e-05 3.72266881e-05 4.32350919e-05 9.03257678e-06 3.40004238e-05 7.51187430e-05 2.11769002e-05 1.83960980e-04 3.27924298e-04 1.31169719e-05 1.04184117e-04 9.12324613e-06 2.32135673e-05 2.12366056e-04 3.89952033e-04 6.40702673e-05 1.55162198e-04 2.71676844e-05 7.65885807e-06 1.56105699e-05 6.60673536e-06 1.36698573e-07 1.00000000e-10 1.00000000e-10
 2006 12 22 12 00 00  3.53343851e-03 2.14058285e-03 1.17193044e-03 8.28684308e-04 5.84900187e-04 3.36535702e-04 2.35700256e-04 1.93034244e-04 3.86886887e-04 1.13211092e-04 2.66054593e-03 3.89918089e-03 2.02829773e-04 5.87401421e-05 3.91868586e-05 1.06485191e-04 2.95957958e-05 4.85372700e-05 1.04379039e-04 6.44032727e-05 1.16945507e-04 1.42178338e-04 8.76600570e-05 6.49081215e-05 4.62049793e-06 8.55333128e-06 5.85865091e-06 2.25598537e-05 4.73881992e-06 1.53112783e-05 3.88753118e-05 3.52890871e-05 1.19429053e-05 4.10640552e-05 3.11762968e-05 1.33173759e-05 3.75403319e-05 4.36766198e-05 9.04162589e-06 3.42220201e-05 7.60625045e-05 2.12645828e-05 1.85710415e-04 3.29201598e-04 1.31680639e-05 1.05954147e-04 9.80569748e-06 2.33840867e-05 2.15302443e-04 3.92951276e-04 6.45919894e-05 1.57462578e-04 2.76103124e-05 7.81980193e-06 1.59822496e-05 6.85864587e-06 1.48341296e-07 1.00000000e-10 1.00000000e-10
 2006 12 23 12 00 00  3.53954523e-03 2.14492355e-03 1.17465007e-03 8.30690399e-04 5.86668972e-04 3.37275021e-04 2.36452571e-04 1.93871045e-04 3.89069894e-04 1.13861985e-04 2.67804643e-03 3.93105447e-03 2.03760157e-04 5.90045713e-05 3.93319445e-05 1.07159716e-04 2.97841412e-05 4.90149367e-05 1.04968178e-04 6.47187408e-05 1.17936156e-04 1.43442836e-04 8.81989977e-05 6.51506124e-05 4.63394899e-06 8.54993050e-06 5.86396236e-06 2.26286865e-05 4.74593544e-06 1.53610353e-05 3.91444917e-05 3.53667449e-05 1.20986057e-05 4.13272018e-05 3.15924000e-05 1.33427937e-05 3.80551924e-05 4.43775841e-05 9.03879700e-06 3.46013114e-05 7.75849869e-05 2.15322827e-05 1.88370340e-04 3.33029020e-04 1.33211608e-05 1.09180877e-04 1.08350447e-05 2.39035333e-05 2.20463309e-04 3.98246222e-04 6.57216024e-05 1.60385814e-04 2.74597474e-05 7.76508518e-06 1.58560361e-05 6.77483316e-06 1.44590886e-07 1.00000000e-10 1.00000000e-10
 2006 12 24 12 00 00  3.54899477e-03 2.15065822e-03 1.17832197e-03 8.33573437e-04 5.89304664e-04 3.38499044e-04 2.37639663e-04 1.95167203e-04 3.92449940e-04 1.14665534e-04 2.70521065e-03 3.98417674e-03 2.05038466e-04 5.92451704e-05 3.95120417e-05 1.08158743e-04 3.00944899e-05 4.98067006e-05 1.05551412e-04 6.49100577e-05 1.19582663e-04 1.45544701e-04 8.90640235e-05 6.54955687e-05 4.65614430e-06 8.54974714e-06 5.87279610e-06 2.27295882e-05 4.75029265e-06 1.54285702e-05 3.95426519e-05 3.54949298e-05 1.23549646e-05 4.17152683e-05 3.18469189e-05 1.33851223e-05 3.88156593e-05 4.54630721e-05 9.03864566e-06 3.50883564e-05 7.98958978e-05 2.16949731e-05 1.92544100e-04 3.35368856e-04 1.34147542e-05 1.13334214e-04 1.25387392e-05 2.42194379e-05 2.27490214e-04 4.05303275e-04 6.68861135e-05 1.65272263e-04 2.74389230e-05 7.75754638e-06 1.58387871e-05 6.76504354e-06 1.44273746e-07 1.00000000e-10 1.00000000e-10
 2006 12 25 12 00 00  3.55667571e-03 2.15549790e-03 1.18140422e-03 8.35956775e-04 5.91465008e-04 3.39479181e-04 2.38600338e-04 1.96220520e-04 3.95197197e-04 1.15355686e-04 2.72727467e-03 4.02667448e-03 2.06106957e-04 5.94716898e-05 3.96666084e-05 1.08978699e-04 3.03428707e-05 5.04402211e-05 1.06086697e-04 6.51199953e-05 1.20900807e-04 1.47226342e-04 8.97613239e-05 6.58034597e-05 4.67390601e-06 8.57993000e-06 5.87986360e-06 2.28145364e-05 4.75503839e-06 1.54851063e-05 3.98699165e-05 3.55975149e-05 1.25601378e-05 4.20528541e-05 3.21243744e-05 1.34189846e-05 3.94431428e-05 4.63462420e-05 9.06376445e-06 3.55428898e-05 8.17838501e-05 2.18732050e-05 1.96082968e-04 3.37920613e-04 1.35168245e-05 1.16880626e-04 1.39020165e-05 2.45653413e-05 2.33371527e-04 4.11337638e-04 6.79389702e-05 1.70133837e-04 2.86818316e-05 8.20944524e-06 1.68822201e-05 7.47022630e-06 1.76722133e-07 1.00000000e-10 1.00000000e-10
 2006 12 26 12 00 00  3.56810689e-03 2.16259659e-03 1.18593452e-03 8.39472254e-04 5.94657643e-04 3.40944585e-04 2.40030763e-04 1.97785895e-04 3.99283384e-04 1.16360236e-04 2.76010171e-03 4.09041867e-03 2.07678736e-04 5.97885669e-05 3.98914459e-05 1.10189481e-04 3.07108217e-05 5.13848616e-05 1.06839966e-04 6.53976109e-05 1.22870643e-04 1.49741468e-04 9.08009963e-05 6.62133541e-05 4.70025916e-06 8.56445695e-06 5.89044066e-06 2.29351410e-05 4.76138048e-06 1.55674082e-05 4.03496506e-05 3.57497687e-05 1.28638261e-05 4.25145426e-05 3.24947090e-05 1.34697286e-05 4.03628293e-05 4.76523497e-05 9.05090128e-06 3.61265880e-05 8.45687683e-05 2.21094437e-05 2.01025680e-04 3.41324530e-04 1.36529812e-05 1.21998793e-04 1.59315008e-05 2.50241574e-05 2.41959981e-04 4.19945200e-04 6.94302695e-05 1.75437571e-04 2.79528900e-05 7.94464218e-06 1.62718919e-05 7.07070533e-06 1.59263581e-07 1.00000000e-10 1.00000000e-10
 2006 12 27 12 00 00  3.55823687e-03 2.15603155e-03 1.18178387e-03 8.36317423e-04 5.91825390e-04 3.39711479e-04 2.38801483e-04 1.96428407e-04 3.95747830e-04 1.15399526e-04 2.73174976e-03 4.03729379e-03 2.06245539e-04 5.94313387e-05 3.96755164e-05 1.09111930e-04 3.03936744e-05 5.05847740e-05 1.06012983e-04 6.50134403e-05 1.21214771e-04 1.47628810e-04 8.99143224e-05 6.58119481e-05 4.67763639e-06 8.53822348e-06 5.88157127e-06 2.28229369e-05 4.75292291e-06 1.54902199e-05 3.99197251e-05 3.56192060e-05 1.26014682e-05 4.20771264e-05 3.19989107e-05 1.34273272e-05 3.95399275e-05 4.65112624e-05 9.02908796e-06 3.55162913e-05 8.21080154e-05 2.17851688e-05 1.96529410e-04 3.36757378e-04 1.34702951e-05 1.17107353e-04 1.42050863e-05 2.43960283e-05 2.33966927e-04 4.11719542e-04 6.78422874e-05 1.69487130e-04 2.67379492e-05 7.50324380e-06 1.52543228e-05 6.40201550e-06 1.29852080e-07 1.00000000e-10 1.00000000e-10
 2006 12 28 12 00 00  3.56190117e-03 2.15813171e-03 1.18313979e-03 8.37392457e-04 5.92812886e-04 3.40193498e-04 2.39261552e-04 1.96926685e-04 3.97053336e-04 1.15683470e-04 2.74226130e-03 4.05853949e-03 2.06718034e-04 5.94978424e-05 3.97384912e-05 1.09484919e-04 3.05103400e-05 5.08923084e-05 1.06178978e-04 6.50422357e-05 1.21864994e-04 1.48457678e-04 9.02514812e-05 6.59673756e-05 4.68604339e-06 8.57862178e-06 5.88506628e-06 2.28618141e-05 4.75375018e-06 1.55137774e-05 4.00677478e-05 3.56678647e-05 1.26974162e-05 4.22457122e-05 3.20461899e-05 1.34441783e-05 3.98279593e-05 4.69254716e-05 9.06271453e-06 3.57397647e-05 8.29777366e-05 2.18110741e-05 1.98325825e-04 3.37186637e-04 1.34874655e-05 1.18585223e-04 1.48615698e-05 2.44472321e-05 2.36459718e-04 4.14321247e-04 6.81923562e-05 1.72533800e-04 2.83520335e-05 8.09021749e-06 1.66102353e-05 7.32536231e-06 1.72837439e-07 1.00000000e-10 1.00000000e-10
 2006 12 29 12 00 00  3.55635122e-03 2.15500773e-03 1.18111574e-03 8.35729916e-04 5.91255066e-04 3.39450430e-04 2.38553564e-04 1.96157841e-04 3.95058735e-04 1.15258888e-04 2.72623359e-03 4.02666107e-03 2.06002663e-04 5.93893779e-05 3.96416781e-05 1.08895198e-04 3.03137378e-05 5.04045223e-05 1.05887198e-04 6.49906171e-05 1.20865059e-04 1.47180039e-04 8.97322298e-05 6.57955010e-05 4.67207319e-06 8.61611261e-06 5.87971190e-06 2.28030634e-05 4.75280649e-06 1.54741682e-05 3.98313561e-05 3.55873170e-05 1.25344304e-05 4.20403939e-05 3.19896702e-05 1.34186674e-05 3.93841184e-05 4.62756549e-05 9.09392111e-06 3.55217596e-05 8.15964119e-05 2.17691006e-05 1.96005552e-04 3.36659723e-04 1.34663889e-05 1.16295267e-04 1.38046031e-05 2.43669478e-05 2.32393171e-04 4.10396388e-04 6.76082316e-05 1.70599435e-04 2.98576010e-05 8.63770838e-06 1.78748508e-05 8.18542853e-06 2.12798420e-07 5.14944531e-10 1.00000000e-10
 2006 12 30 12 00 00  3.55346081e-03 2.15463050e-03 1.18074416e-03 8.35129922e-04 5.90550029e-04 3.38958214e-04 2.38152305e-04 1.95751264e-04 3.94012469e-04 1.15294963e-04 2.71774452e-03 4.00540829e-03 2.05832958e-04 5.95429067e-05 3.96468434e-05 1.08635761e-04 3.01800814e-05 5.00761496e-05 1.06138207e-04 6.53350668e-05 1.20195925e-04 1.46324172e-04 8.94195979e-05 6.57615721e-05 4.66259589e-06 8.65732436e-06 5.87612922e-06 2.27790072e-05 4.76074820e-06 1.54639520e-05 3.97255230e-05 3.55327124e-05 1.24234895e-05 4.19711856e-05 3.24530061e-05 1.34016344e-05 3.91943158e-05 4.59273585e-05 9.12822288e-06 3.55675061e-05 8.09088461e-05 2.20628091e-05 1.94828105e-04 3.40916136e-04 1.36366454e-05 1.16130375e-04 1.30913060e-05 2.49377743e-05 2.31373822e-04 4.09762615e-04 6.80199471e-05 1.69902366e-04 3.15332698e-05 9.24700371e-06 1.92819690e-05 9.13942749e-06 2.56911959e-07 2.19815224e-09 1.00000000e-10
 2006 12 31 12 00 00  3.56084571e-03 2.16168340e-03 1.18501863e-03 8.37937390e-04 5.92839071e-04 3.39699219e-04 2.39014563e-04 1.96753849e-04 3.96641737e-04 1.16453220e-04 2.73869727e-03 4.03727889e-03 2.07251068e-04 6.01665735e-05 3.99028285e-05 1.09518819e-04 3.03606619e-05 5.05443080e-05 1.07435617e-04 6.62537292e-05 1.21179154e-04 1.47576343e-04 9.00095871e-05 6.61629284e-05 4.67555838e-06 8.72477758e-06 5.88140065e-06 2.28737186e-05 4.78151051e-06 1.55387739e-05 4.00745426e-05 3.56076518e-05 1.25723367e-05 4.23674517e-05 3.36668571e-05 1.34269692e-05 3.98785992e-05 4.67600990e-05 9.18435690e-06 3.63078370e-05 8.27925493e-05 2.28427001e-05 1.98283200e-04 3.52080186e-04 1.40832074e-05 1.21529104e-04 1.40946955e-05 2.64513044e-05 2.39175795e-04 4.18301954e-04 7.04183697e-05 1.75113016e-04 3.43291643e-05 1.02634946e-05 2.16288245e-05 1.07229314e-05 3.29591920e-07 6.07604829e-09 3.07671222e-10
 2007 01 01 12 00 00  3.55985500e-03 2.16244054e-03 1.18537545e-03 8.37923927e-04 5.92678037e-04 3.39456646e-04 2.38854709e-04 1.96611168e-04 3.96278950e-04 1.16648481e-04 2.73569507e-03 4.02665213e-03 2.07337382e-04 6.03692510e-05 3.99442575e-05 1.09465854e-04 3.02943168e-05 5.03807154e-05 1.07811375e-04 6.66367298e-05 1.20846311e-04 1.47149171e-04 8.98731001e-05 6.62116719e-05 4.67085010e-06 8.78302380e-06 5.87961149e-06 2.28725399e-05 4.79022274e-06 1.55430314e-05 4.00529540e-05 3.55805154e-05 1.25172941e-05 4.23885274e-05 3.41758365e-05 1.34184578e-05 3.98476240e-05 4.66374937e-05 9.23283078e-06 3.64747172e-05 8.25884877e-05 2.31683051e-05 1.98056976e-04 3.56759657e-04 1.42703863e-05 1.22234110e-04 1.37396593e-05 2.70834949e-05 2.39633696e-04 4.19201016e-04 7.10735469e-05 1.75985707e-04 3.67138139e-05 1.11305433e-05 2.36310037e-05 1.20780209e-05 3.92084942e-07 9.43261149e-09 6.14501472e-10
